{"t": 1784486304.5106688, "x": -1.3904904672045768e-11, "y": -1.3620052700861212e-13, "zone": null, "min_dist": 1.6401219466940427}
{"t": 1784486304.6708667, "x": -1.3904904672045768e-11, "y": -1.3620052700861212e-13, "zone": null, "min_dist": 1.6401219466940427}
{"t": 1784486304.9301353, "x": -1.3904904672045768e-11, "y": -1.3620052700861212e-13, "zone": null, "min_dist": 1.6401219466940427}
{"t": 1784486305.087915, "x": -1.3904904672045768e-11, "y": -1.3620052700861212e-13, "zone": null, "min_dist": 1.6401219466940427}
{"t": 1784486305.2480047, "x": -1.3904904672045768e-11, "y": -1.3620052700861212e-13, "zone": null, "min_dist": 1.6401219466940427}
{"t": 1784486305.4084582, "x": -1.3904904672045768e-11, "y": -1.3620052700861212e-13, "zone": null, "min_dist": 1.6401219466940427}
{"t": 1784486305.5692787, "x": -1.3904904672045768e-11, "y": -1.3620052700861212e-13, "zone": null, "min_dist": 1.6401219466940427}
{"t": 1784486305.7303877, "x": -1.3904904672045768e-11, "y": -1.3620052700861212e-13, "zone": null, "min_dist": 1.6401219466940427}
{"t": 1784486305.8907921, "x": -1.3904904672045768e-11, "y": -1.3620052700861212e-13, "zone": null, "min_dist": 1.6401219466940427}
{"t": 1784486306.0503528, "x": -1.3904904672045768e-11, "y": -1.3620052700861212e-13, "zone": null, "min_dist": 1.6401219466940427}
{"t": 1784486306.2102854, "x": -1.3904904672045768e-11, "y": -1.3620052700861212e-13, "zone": null, "min_dist": 1.6401219466940427}
{"t": 1784486306.3703833, "x": -1.3904904672045768e-11, "y": -1.3620052700861212e-13, "zone": null, "min_dist": 1.6401219466940427}
{"t": 1784486306.5304515, "x": -1.3904904672045768e-11, "y": -1.3620052700861212e-13, "zone": null, "min_dist": 1.6401219466940427}
{"t": 1784486306.6902192, "x": -1.3904904672045768e-11, "y": -1.3620052700861212e-13, "zone": null, "min_dist": 1.6401219466940427}
{"t": 1784486306.8428276, "x": -1.3904904672045768e-11, "y": -1.3620052700861212e-13, "zone": null, "min_dist": 1.6401219466940427}
{"t": 1784486306.99497, "x": -1.3904904672045768e-11, "y": -1.3620052700861212e-13, "zone": null, "min_dist": 1.6401219466940427}
{"t": 1784486307.1551971, "x": -1.3904904672045768e-11, "y": -1.3620052700861212e-13, "zone": null, "min_dist": 1.6401219466940427}
{"t": 1784486307.3156793, "x": -1.3904904672045768e-11, "y": -1.3620052700861212e-13, "zone": null, "min_dist": 1.6401219466940427}
{"t": 1784486307.4679866, "x": -1.3904904672045768e-11, "y": -1.3620052700861212e-13, "zone": null, "min_dist": 1.6401219466940427}
{"t": 1784486307.6203268, "x": -1.3904904672045768e-11, "y": -1.3620052700861212e-13, "zone": null, "min_dist": 1.6401219466940427}
{"t": 1784486307.780487, "x": -1.3904904672045768e-11, "y": -1.3620052700861212e-13, "zone": null, "min_dist": 1.6401219466940427}
{"t": 1784486307.933095, "x": -1.3904904672045768e-11, "y": -1.3620052700861212e-13, "zone": null, "min_dist": 1.6401219466940427}
{"t": 1784486308.1093323, "x": -1.3904904672045768e-11, "y": -1.3620052700861212e-13, "zone": null, "min_dist": 1.6401219466940427}
{"t": 1784486308.26134, "x": -1.3904904672045768e-11, "y": -1.3620052700861212e-13, "zone": null, "min_dist": 1.6401219466940427}
{"t": 1784486308.413515, "x": -1.3904904672045768e-11, "y": -1.3620052700861212e-13, "zone": null, "min_dist": 1.6401219466940427}
{"t": 1784486308.5902154, "x": -1.3904904672045768e-11, "y": -1.3620052700861212e-13, "zone": null, "min_dist": 1.6401219466940427}
{"t": 1784486308.7503014, "x": 0.0049912532354958105, "y": 4.385150258441496e-10, "zone": null, "min_dist": 1.6370835058107849}
{"t": 1784486308.9028196, "x": 0.0266548369629356, "y": 5.0750496411619135e-09, "zone": null, "min_dist": 1.6240076333602993}
{"t": 1784486309.0548253, "x": 0.05215086468726634, "y": 1.1532106048365974e-08, "zone": null, "min_dist": 1.6088561008771485}
{"t": 1784486309.2070312, "x": 0.08128005362788376, "y": 1.9870942998684993e-08, "zone": null, "min_dist": 1.5918688037013393}
{"t": 1784486309.35938, "x": 0.11280669849748295, "y": 2.9647698875246647e-08, "zone": null, "min_dist": 1.5738843277531294}
{"t": 1784486309.5371757, "x": 0.15035114910660136, "y": 4.1657132248696625e-08, "zone": null, "min_dist": 1.5530302835154022}
{"t": 1784486309.6959767, "x": 0.18408762845911017, "y": 5.2336741754689515e-08, "zone": null, "min_dist": 1.5348331707250638}
{"t": 1784486309.8485317, "x": 0.21462407745234774, "y": 6.153650036234106e-08, "zone": null, "min_dist": 1.5188203250294878}
{"t": 1784486310.0005336, "x": 0.24676723819512458, "y": 7.171990896131984e-08, "zone": null, "min_dist": 1.5024511329771901}
{"t": 1784486310.1607854, "x": 0.2807949685153182, "y": 8.255737037588656e-08, "zone": null, "min_dist": 1.4856835674744897}
{"t": 1784486310.3206046, "x": 0.3137751171445542, "y": 9.27223592753602e-08, "zone": null, "min_dist": 1.4700014791733527}
{"t": 1784486310.4816897, "x": 0.3464574023604032, "y": 1.0279745264803243e-07, "zone": null, "min_dist": 1.4550318414578238}
{"t": 1784486310.6416216, "x": 0.37930618881726896, "y": 1.1289841662543938e-07, "zone": null, "min_dist": 1.4405764518777453}
{"t": 1784486310.801721, "x": 0.4122829066885925, "y": 1.230465427295466e-07, "zone": null, "min_dist": 1.4266783315973555}
{"t": 1784486310.9621344, "x": 0.4453037181143273, "y": 1.3331893062184393e-07, "zone": null, "min_dist": 1.4133957756087245}
{"t": 1784486311.1142225, "x": 0.4759713278807403, "y": 1.4254221629398732e-07, "zone": null, "min_dist": 1.4016439200429376}
{"t": 1784486311.290992, "x": 0.5125506961366066, "y": 1.5395052185821866e-07, "zone": null, "min_dist": 1.3883826646733868}
{"t": 1784486311.4426641, "x": 0.5447512379650964, "y": 1.6421044688405135e-07, "zone": null, "min_dist": 1.3774073502007957}
{"t": 1784486311.5955083, "x": 0.5759713586464581, "y": 1.7380533686745921e-07, "zone": null, "min_dist": 1.3674062442428312}
{"t": 1784486311.7479324, "x": 0.6077439870015884, "y": 1.837490917081106e-07, "zone": null, "min_dist": 1.3578896501504847}
{"t": 1784486311.8999639, "x": 0.6403975504023341, "y": 1.9429471775866842e-07, "zone": null, "min_dist": 1.3488192675782822}
{"t": 1784486312.0527916, "x": 0.671582364860678, "y": 2.0386998218408302e-07, "zone": null, "min_dist": 1.340842128294227}
{"t": 1784486312.2288556, "x": 0.7091620641753965, "y": 2.1586300656554812e-07, "zone": null, "min_dist": 1.3321359328803295}
{"t": 1784486312.405172, "x": 0.7474156275570547, "y": 2.2834775236358964e-07, "zone": null, "min_dist": 1.324310489084147}
{"t": 1784486312.5577211, "x": 0.7808269058577667, "y": 2.393146733981801e-07, "zone": null, "min_dist": 1.318346017924652}
{"t": 1784486312.7095485, "x": 0.8137870611443508, "y": 2.500747795835043e-07, "zone": null, "min_dist": 1.3132686733501617}
{"t": 1784486312.861776, "x": 0.8444161388590081, "y": 2.593291772197173e-07, "zone": null, "min_dist": 1.3092767711953597}
{"t": 1784486313.0223262, "x": 0.877520801195227, "y": 2.695475672603871e-07, "zone": null, "min_dist": 1.3057566593038143}
{"t": 1784486313.174503, "x": 0.9099098536686555, "y": 2.798873337991062e-07, "zone": null, "min_dist": 1.303117610486104}
{"t": 1784486313.3266304, "x": 0.9423276277393908, "y": 2.902760836267015e-07, "zone": null, "min_dist": 1.301278351393134}
{"t": 1784486313.4870644, "x": 0.9755823646997742, "y": 3.006402025139599e-07, "zone": null, "min_dist": 1.3002289949271315}
{"t": 1784486313.6396263, "x": 1.0075049809855865, "y": 3.1072401746302615e-07, "zone": null, "min_dist": 1.2999996892759826}
{"t": 1784486313.8155007, "x": 1.045365853602696, "y": 3.2287073902353636e-07, "zone": null, "min_dist": 1.299999677129261}
{"t": 1784486313.9753935, "x": 1.0782973121869672, "y": 3.330680867115686e-07, "zone": null, "min_dist": 1.2999996669319134}
{"t": 1784486314.1277418, "x": 1.109232981264091, "y": 3.4253003177392425e-07, "zone": null, "min_dist": 1.2999996574699684}
{"t": 1784486314.3043017, "x": 1.1466594173792812, "y": 3.54438164662287e-07, "zone": null, "min_dist": 1.2999996455618354}
{"t": 1784486314.4645243, "x": 1.1810896430209656, "y": 3.6550933496300945e-07, "zone": null, "min_dist": 1.299999634490665}
{"t": 1784486314.6244807, "x": 1.2152386956029106, "y": 3.7642886151272475e-07, "zone": null, "min_dist": 1.2999996235711386}
{"t": 1784486314.801228, "x": 1.252409524713294, "y": -4.6900775107777153e-07, "zone": null, "min_dist": 1.299999530992249}
{"t": 1784486314.9613147, "x": 1.2863372097257173, "y": -0.00021652844350437993, "zone": null, "min_dist": 1.2997834715564958}
{"t": 1784486315.114288, "x": 1.3187926410937123, "y": -0.0009980140021445892, "zone": null, "min_dist": 1.2990019859978554}
{"t": 1784486315.266246, "x": 1.3506124264677395, "y": -0.002444369210247193, "zone": null, "min_dist": 1.297555630789753}
{"t": 1784486315.4265335, "x": 1.3827730099418047, "y": -0.0041119888141619935, "zone": null, "min_dist": 1.295888011185838}
{"t": 1784486315.5789015, "x": 1.4150413407237878, "y": -0.005752087905874216, "zone": null, "min_dist": 1.294247912094126}
{"t": 1784486315.7392192, "x": 1.4490300962966296, "y": -0.006921519213999868, "zone": null, "min_dist": 1.293078480786}
{"t": 1784486315.891337, "x": 1.4798982673324605, "y": -0.0072806023014661365, "zone": null, "min_dist": 1.2927193976985338}
{"t": 1784486316.0435812, "x": 1.5125132449922125, "y": -0.0069396297000670435, "zone": null, "min_dist": 1.293060370299933}
{"t": 1784486316.1958287, "x": 1.543241801101263, "y": -0.005938006882248684, "zone": null, "min_dist": 1.2940619931177513}
{"t": 1784486316.372497, "x": 1.580858058309718, "y": -0.003860884855544329, "zone": null, "min_dist": 1.2961391151444557}
{"t": 1784486316.5324767, "x": 1.614742287731315, "y": -0.0015959427898051286, "zone": null, "min_dist": 1.298404057210195}
{"t": 1784486316.692857, "x": 1.6465803811602802, "y": 8.659406635876965e-05, "zone": null, "min_dist": 1.2999134059336412}
{"t": 1784486316.8532333, "x": 1.680412452557581, "y": 0.0010725080022172756, "zone": null, "min_dist": 1.2989274919977827}
{"t": 1784486317.0134134, "x": 1.714610525684749, "y": 0.0012832993586542026, "zone": null, "min_dist": 1.2987167006413458}
{"t": 1784486317.165389, "x": 1.7452134343742562, "y": 0.0007796606131436158, "zone": null, "min_dist": 1.2992203393868564}
{"t": 1784486317.3251555, "x": 1.777628577145437, "y": -0.000525689432158307, "zone": null, "min_dist": 1.2994743105678417}
{"t": 1784486317.5017369, "x": 1.8144146432866806, "y": -0.0028511080300502455, "zone": null, "min_dist": 1.2971488919699499}
{"t": 1784486317.6543376, "x": 1.8435299324151189, "y": -0.004856277298991934, "zone": null, "min_dist": 1.295143722701008}
{"t": 1784486317.806422, "x": 1.8617914265837092, "y": -0.006111650115103077, "zone": null, "min_dist": 1.293888349884897}
{"t": 1784486317.9665956, "x": 1.8685634381774268, "y": -0.006577187722369955, "zone": null, "min_dist": 1.2934228122776301}
{"t": 1784486318.1434798, "x": 1.8685668299122367, "y": -0.006577420885287346, "zone": null, "min_dist": 1.2934225791147127}
{"t": 1784486318.2951531, "x": 1.8685668299122367, "y": -0.006577420885287346, "zone": null, "min_dist": 1.2934225791147127}
{"t": 1784486318.4553998, "x": 1.8685668299122367, "y": -0.006577420885287346, "zone": null, "min_dist": 1.2934225791147127}
{"t": 1784486318.6153736, "x": 1.8685668299122367, "y": -0.006577420885287346, "zone": null, "min_dist": 1.2934225791147127}
{"t": 1784486318.7675786, "x": 1.8685668299122367, "y": -0.006577420885287346, "zone": null, "min_dist": 1.2934225791147127}
{"t": 1784486318.920153, "x": 1.8685668299122367, "y": -0.006577420885287346, "zone": null, "min_dist": 1.2934225791147127}
{"t": 1784486319.0962832, "x": 1.8685668299122367, "y": -0.006577420885287346, "zone": null, "min_dist": 1.2934225791147127}
{"t": 1784486319.272988, "x": 1.8685668299122367, "y": -0.006577420885287346, "zone": null, "min_dist": 1.2934225791147127}
{"t": 1784486319.4331756, "x": 1.8685668299122367, "y": -0.006577420885287346, "zone": null, "min_dist": 1.2934225791147127}
{"t": 1784486319.5853982, "x": 1.8685668299122367, "y": -0.006577420885287346, "zone": null, "min_dist": 1.2934225791147127}
{"t": 1784486319.7378802, "x": 1.8685668299122367, "y": -0.006577420885287346, "zone": null, "min_dist": 1.2934225791147127}
{"t": 1784486319.913991, "x": 1.8685668299122367, "y": -0.006577420885287346, "zone": null, "min_dist": 1.2934225791147127}
{"t": 1784486320.0744855, "x": 1.8685668299122367, "y": -0.006577420885287346, "zone": null, "min_dist": 1.2934225791147127}
{"t": 1784486320.2344, "x": 1.8685668299122367, "y": -0.006577420885287346, "zone": null, "min_dist": 1.2934225791147127}
{"t": 1784486320.3941262, "x": 1.8685668299122367, "y": -0.006577420885287346, "zone": null, "min_dist": 1.2934225791147127}
{"t": 1784486320.5545175, "x": 1.8685668299122367, "y": -0.006577420885287346, "zone": null, "min_dist": 1.2934225791147127}
{"t": 1784486320.7149913, "x": 1.8685668299122367, "y": -0.006577420885287346, "zone": null, "min_dist": 1.2934225791147127}
{"t": 1784486320.867408, "x": 1.8685668299122367, "y": -0.006577420885287346, "zone": null, "min_dist": 1.2934225791147127}
{"t": 1784486321.019915, "x": 1.8685668299122367, "y": -0.006577420885287346, "zone": null, "min_dist": 1.2934225791147127}
{"t": 1784486321.1803143, "x": 1.8685668299122367, "y": -0.006577420885287346, "zone": null, "min_dist": 1.2934225791147127}
{"t": 1784486321.3402448, "x": 1.8685668299122367, "y": -0.006577420885287346, "zone": null, "min_dist": 1.2934225791147127}
{"t": 1784486321.4925535, "x": 1.8685668299122367, "y": -0.006577420885287346, "zone": null, "min_dist": 1.2934225791147127}
{"t": 1784486321.6529183, "x": 1.8685668299122367, "y": -0.006577420885287346, "zone": null, "min_dist": 1.2934225791147127}
{"t": 1784486321.8133252, "x": 1.8685668299122367, "y": -0.006577420885287346, "zone": null, "min_dist": 1.2934225791147127}
{"t": 1784486321.9738405, "x": 1.8685668299122367, "y": -0.006577420885287346, "zone": null, "min_dist": 1.2934225791147127}
{"t": 1784486322.1343544, "x": 1.8685668299122367, "y": -0.006577420885287346, "zone": null, "min_dist": 1.2934225791147127}
{"t": 1784486322.3105137, "x": 1.8685668299122367, "y": -0.006577420885287346, "zone": null, "min_dist": 1.2934225791147127}
{"t": 1784486322.4708965, "x": 1.8685668299122367, "y": -0.006577420885287346, "zone": null, "min_dist": 1.2934225791147127}
{"t": 1784486322.6311462, "x": 1.8685668299122367, "y": -0.006577420885287346, "zone": null, "min_dist": 1.2934225791147127}
{"t": 1784486322.8072503, "x": 1.8685668299122367, "y": -0.006577420885287346, "zone": null, "min_dist": 1.2934225791147127}
{"t": 1784486322.967432, "x": 1.8685668299122367, "y": -0.006577420885287346, "zone": null, "min_dist": 1.2934225791147127}
{"t": 1784486323.127997, "x": 1.8685668299122367, "y": -0.006577420885287346, "zone": null, "min_dist": 1.2934225791147127}
{"t": 1784486323.2881048, "x": 1.8685668299122367, "y": -0.006577420885287346, "zone": null, "min_dist": 1.2934225791147127}
{"t": 1784486323.4485812, "x": 1.8685668299122367, "y": -0.006577420885287346, "zone": null, "min_dist": 1.2934225791147127}
{"t": 1784486323.608967, "x": 1.8685668299122367, "y": -0.006577420885287346, "zone": null, "min_dist": 1.2934225791147127}
{"t": 1784486323.7852378, "x": 1.8685668299122367, "y": -0.006577420885287346, "zone": null, "min_dist": 1.2934225791147127}
{"t": 1784486323.945235, "x": 1.8685668299122367, "y": -0.006577420885287346, "zone": null, "min_dist": 1.2934225791147127}
{"t": 1784486324.1055832, "x": 1.8685668299122367, "y": -0.006577420885287346, "zone": null, "min_dist": 1.2934225791147127}
{"t": 1784486324.2658854, "x": 1.8685668299122367, "y": -0.006577420885287346, "zone": null, "min_dist": 1.2934225791147127}
{"t": 1784486324.426029, "x": 1.8685668299122367, "y": -0.006577420885287346, "zone": null, "min_dist": 1.2934225791147127}
{"t": 1784486324.5785065, "x": 1.8685668299122367, "y": -0.006577420885287346, "zone": null, "min_dist": 1.2934225791147127}
{"t": 1784486324.738196, "x": 1.8685668299122367, "y": -0.006577420885287346, "zone": null, "min_dist": 1.2934225791147127}
{"t": 1784486324.8980873, "x": 1.8685668299122367, "y": -0.006577420885287346, "zone": null, "min_dist": 1.2934225791147127}
{"t": 1784486325.0583913, "x": 1.8685668299122367, "y": -0.006577420885287346, "zone": null, "min_dist": 1.2934225791147127}
{"t": 1784486325.2108188, "x": 1.8685668299122367, "y": -0.006577420885287346, "zone": null, "min_dist": 1.2934225791147127}
{"t": 1784486325.371474, "x": 1.8685668299122367, "y": -0.006577420885287346, "zone": null, "min_dist": 1.2934225791147127}
{"t": 1784486325.547807, "x": 1.8685668299122367, "y": -0.006577420885287346, "zone": null, "min_dist": 1.2934225791147127}
{"t": 1784486325.7075088, "x": 1.8685668299122367, "y": -0.006577420885287346, "zone": null, "min_dist": 1.2934225791147127}
{"t": 1784486325.860054, "x": 1.8685668299122367, "y": -0.006577420885287346, "zone": null, "min_dist": 1.2934225791147127}
{"t": 1784486326.0124316, "x": 1.8685668299122367, "y": -0.006577420885287346, "zone": null, "min_dist": 1.2934225791147127}
{"t": 1784486326.1729045, "x": 1.8685668299122367, "y": -0.006577420885287346, "zone": null, "min_dist": 1.2934225791147127}
{"t": 1784486326.333444, "x": 1.8685668299122367, "y": -0.006577420885287346, "zone": null, "min_dist": 1.2934225791147127}
{"t": 1784486326.4933546, "x": 1.8685668299122367, "y": -0.006577420885287346, "zone": null, "min_dist": 1.2934225791147127}
{"t": 1784486326.6458595, "x": 1.8685668299122367, "y": -0.006577420885287346, "zone": null, "min_dist": 1.2934225791147127}
{"t": 1784486326.7984276, "x": 1.8685668299122367, "y": -0.006577420885287346, "zone": null, "min_dist": 1.2934225791147127}
{"t": 1784486326.950203, "x": 1.8685668299122367, "y": -0.006577420885287346, "zone": null, "min_dist": 1.2934225791147127}
{"t": 1784486327.1105654, "x": 1.8685668299122367, "y": -0.006577420885287346, "zone": null, "min_dist": 1.2934225791147127}
{"t": 1784486327.2711053, "x": 1.8685668299122367, "y": -0.006577420885287346, "zone": null, "min_dist": 1.2934225791147127}
{"t": 1784486327.4233296, "x": 1.8685668299122367, "y": -0.006577420885287346, "zone": null, "min_dist": 1.2934225791147127}
{"t": 1784486327.58353, "x": 1.8685668299122367, "y": -0.006577420885287346, "zone": null, "min_dist": 1.2934225791147127}
{"t": 1784486327.7357996, "x": 1.8685668299122367, "y": -0.006577420885287346, "zone": null, "min_dist": 1.2934225791147127}
{"t": 1784486327.89615, "x": 1.8685668299122367, "y": -0.006577420885287346, "zone": null, "min_dist": 1.2934225791147127}
{"t": 1784486328.0728967, "x": 1.8685668299122367, "y": -0.006577420885287346, "zone": null, "min_dist": 1.2934225791147127}
{"t": 1784486328.2323616, "x": 1.8685668299122367, "y": -0.006577420885287346, "zone": null, "min_dist": 1.2934225791147127}
{"t": 1784486328.3845236, "x": 1.8685668299122367, "y": -0.006577420885287346, "zone": null, "min_dist": 1.2934225791147127}
{"t": 1784486328.537066, "x": 1.8685668299122367, "y": -0.006577420885287346, "zone": null, "min_dist": 1.2934225791147127}
{"t": 1784486328.6893694, "x": 1.8685668299122367, "y": -0.006577420885287346, "zone": null, "min_dist": 1.2934225791147127}
{"t": 1784486328.8655345, "x": 1.8685668299122367, "y": -0.006577420885287346, "zone": null, "min_dist": 1.2934225791147127}
{"t": 1784486329.0178683, "x": 1.8685668299122367, "y": -0.006577420885287346, "zone": null, "min_dist": 1.2934225791147127}
{"t": 1784486329.1703253, "x": 1.8685668299122367, "y": -0.006577420885287346, "zone": null, "min_dist": 1.2934225791147127}
{"t": 1784486329.3225207, "x": 1.8685668299122367, "y": -0.006577420885287346, "zone": null, "min_dist": 1.2934225791147127}
{"t": 1784486329.475122, "x": 1.8685668299122367, "y": -0.006577420885287346, "zone": null, "min_dist": 1.2934225791147127}
{"t": 1784486329.6274402, "x": 1.8685668299122367, "y": -0.006577420885287346, "zone": null, "min_dist": 1.2934225791147127}
{"t": 1784486329.7797022, "x": 1.8685668299122367, "y": -0.006577420885287346, "zone": null, "min_dist": 1.2934225791147127}
{"t": 1784486329.9316607, "x": 1.8685668299122367, "y": -0.006577420885287346, "zone": null, "min_dist": 1.2934225791147127}
{"t": 1784486330.091976, "x": 1.8685668299122367, "y": -0.006577420885287346, "zone": null, "min_dist": 1.2934225791147127}
{"t": 1784486330.244254, "x": 1.8685668299122367, "y": -0.006577420885287346, "zone": null, "min_dist": 1.2934225791147127}
{"t": 1784486330.396566, "x": 1.8685668299122367, "y": -0.006577420885287346, "zone": null, "min_dist": 1.2934225791147127}
{"t": 1784486330.5730047, "x": 1.8685668299122367, "y": -0.006577420885287346, "zone": null, "min_dist": 1.2934225791147127}
{"t": 1784486330.7251565, "x": 1.8685668299122367, "y": -0.006577420885287346, "zone": null, "min_dist": 1.2934225791147127}
{"t": 1784486330.87746, "x": 1.8685668299122367, "y": -0.006577420885287346, "zone": null, "min_dist": 1.2934225791147127}
{"t": 1784486331.0375035, "x": 1.8685668299122367, "y": -0.006577420885287346, "zone": null, "min_dist": 1.2934225791147127}
{"t": 1784486331.18974, "x": 1.8685668299122367, "y": -0.006577420885287346, "zone": null, "min_dist": 1.2934225791147127}
{"t": 1784486331.3422923, "x": 1.8685668299122367, "y": -0.006577420885287346, "zone": null, "min_dist": 1.2934225791147127}
{"t": 1784486331.5022063, "x": 1.8685668299122367, "y": -0.006577420885287346, "zone": null, "min_dist": 1.2934225791147127}
{"t": 1784486331.6623628, "x": 1.8685668299122367, "y": -0.006577420885287346, "zone": null, "min_dist": 1.2934225791147127}
{"t": 1784486331.8229787, "x": 1.8685668299122367, "y": -0.006577420885287346, "zone": null, "min_dist": 1.2934225791147127}
{"t": 1784486331.9753983, "x": 1.8685668299122367, "y": -0.006577420885287346, "zone": null, "min_dist": 1.2934225791147127}
{"t": 1784486332.1354907, "x": 1.8685668299122367, "y": -0.006577420885287346, "zone": null, "min_dist": 1.2934225791147127}
{"t": 1784486332.295631, "x": 1.8685668299122367, "y": -0.006577420885287346, "zone": null, "min_dist": 1.2934225791147127}
{"t": 1784486332.4477124, "x": 1.8685668299122367, "y": -0.006577420885287346, "zone": null, "min_dist": 1.2934225791147127}
{"t": 1784486332.5998666, "x": 1.8685668299122367, "y": -0.006577420885287346, "zone": null, "min_dist": 1.2934225791147127}
{"t": 1784486332.7523704, "x": 1.8685668299122367, "y": -0.006577420885287346, "zone": null, "min_dist": 1.2934225791147127}
{"t": 1784486332.904539, "x": 1.8685668299122367, "y": -0.006577420885287346, "zone": null, "min_dist": 1.2934225791147127}
{"t": 1784486333.0570238, "x": 1.8685668299122367, "y": -0.006577420885287346, "zone": null, "min_dist": 1.2934225791147127}
{"t": 1784486333.2094305, "x": 1.8685668299122367, "y": -0.006577420885287346, "zone": null, "min_dist": 1.2934225791147127}
{"t": 1784486333.361456, "x": 1.8685668299122367, "y": -0.006577420885287346, "zone": null, "min_dist": 1.2934225791147127}
{"t": 1784486333.5136466, "x": 1.8685668299122367, "y": -0.006577420885287346, "zone": null, "min_dist": 1.2934225791147127}
{"t": 1784486333.6658518, "x": 1.8685668299122367, "y": -0.006577420885287346, "zone": null, "min_dist": 1.2934225791147127}
{"t": 1784486333.8183022, "x": 1.8685668299122367, "y": -0.006577420885287346, "zone": null, "min_dist": 1.2934225791147127}
{"t": 1784486333.9787762, "x": 1.8685668299122367, "y": -0.006577420885287346, "zone": null, "min_dist": 1.2934225791147127}
{"t": 1784486334.1311538, "x": 1.8685668299122367, "y": -0.006577420885287346, "zone": null, "min_dist": 1.2934225791147127}
{"t": 1784486334.2832904, "x": 1.8685668299122367, "y": -0.006577420885287346, "zone": null, "min_dist": 1.2934225791147127}
{"t": 1784486334.4355805, "x": 1.8685668299122367, "y": -0.006577420885287346, "zone": null, "min_dist": 1.2934225791147127}
{"t": 1784486334.5957537, "x": 1.8685668299122367, "y": -0.006577420885287346, "zone": null, "min_dist": 1.2934225791147127}
{"t": 1784486334.7485156, "x": 1.8685668299122367, "y": -0.006577420885287346, "zone": null, "min_dist": 1.2934225791147127}
{"t": 1784486334.9004252, "x": 1.8685668299122367, "y": -0.006577420885287346, "zone": null, "min_dist": 1.2934225791147127}
{"t": 1784486335.0771718, "x": 1.8685668299122367, "y": -0.006577420885287346, "zone": null, "min_dist": 1.2934225791147127}
{"t": 1784486335.2291791, "x": 1.8685668299122367, "y": -0.006577420885287346, "zone": null, "min_dist": 1.2934225791147127}
{"t": 1784486335.389647, "x": 1.8685668299122367, "y": -0.006577420885287346, "zone": null, "min_dist": 1.2934225791147127}
{"t": 1784486335.5498304, "x": 1.8685668299122367, "y": -0.006577420885287346, "zone": null, "min_dist": 1.2934225791147127}
{"t": 1784486335.7103672, "x": 1.8685668299122367, "y": -0.006577420885287346, "zone": null, "min_dist": 1.2934225791147127}
{"t": 1784486335.8707633, "x": 1.8685668299122367, "y": -0.006577420885287346, "zone": null, "min_dist": 1.2934225791147127}
{"t": 1784486336.0309663, "x": 1.8685668299122367, "y": -0.006577420885287346, "zone": null, "min_dist": 1.2934225791147127}
{"t": 1784486336.1834087, "x": 1.8685668299122367, "y": -0.006577420885287346, "zone": null, "min_dist": 1.2934225791147127}
{"t": 1784486336.3592417, "x": 1.8685668299122367, "y": -0.006577420885287346, "zone": null, "min_dist": 1.2934225791147127}
{"t": 1784486336.5194712, "x": 1.8685668299122367, "y": -0.006577420885287346, "zone": null, "min_dist": 1.2934225791147127}
{"t": 1784486336.6716003, "x": 1.8685668299122367, "y": -0.006577420885287346, "zone": null, "min_dist": 1.2934225791147127}
{"t": 1784486336.8238306, "x": 1.8685668299122367, "y": -0.006577420885287346, "zone": null, "min_dist": 1.2934225791147127}
{"t": 1784486336.9762, "x": 1.8685668299122367, "y": -0.006577420885287346, "zone": null, "min_dist": 1.2934225791147127}
{"t": 1784486337.128189, "x": 1.8685668299122367, "y": -0.006577420885287346, "zone": null, "min_dist": 1.2934225791147127}
{"t": 1784486337.3045378, "x": 1.8685668299122367, "y": -0.006577420885287346, "zone": null, "min_dist": 1.2934225791147127}
{"t": 1784486337.4649367, "x": 1.8685668299122367, "y": -0.006577420885287346, "zone": null, "min_dist": 1.2934225791147127}
{"t": 1784486337.6252797, "x": 1.8685668299122367, "y": -0.006577420885287346, "zone": null, "min_dist": 1.2934225791147127}
{"t": 1784486337.7855096, "x": 1.8685668299122367, "y": -0.006577420885287346, "zone": null, "min_dist": 1.2934225791147127}
{"t": 1784486337.9454606, "x": 1.8685668299122367, "y": -0.006577420885287346, "zone": null, "min_dist": 1.2934225791147127}
{"t": 1784486338.1217926, "x": 1.8685668299122367, "y": -0.006577420885287346, "zone": null, "min_dist": 1.2934225791147127}
{"t": 1784486338.274043, "x": 1.8685668299122367, "y": -0.006577420885287346, "zone": null, "min_dist": 1.2934225791147127}
{"t": 1784486338.434231, "x": 1.8685668299122367, "y": -0.006577420885287346, "zone": null, "min_dist": 1.2934225791147127}
{"t": 1784486338.586765, "x": 1.8685668299122367, "y": -0.006577420885287346, "zone": null, "min_dist": 1.2934225791147127}
{"t": 1784486338.7394726, "x": 1.8685668299122367, "y": -0.006577420885287346, "zone": null, "min_dist": 1.2934225791147127}
{"t": 1784486338.8991678, "x": 1.8685668299122367, "y": -0.006577420885287346, "zone": null, "min_dist": 1.2934225791147127}
{"t": 1784486339.059076, "x": 1.8685668299122367, "y": -0.006577420885287346, "zone": null, "min_dist": 1.2934225791147127}
{"t": 1784486339.211675, "x": 1.8685668299122367, "y": -0.006577420885287346, "zone": null, "min_dist": 1.2934225791147127}
{"t": 1784486339.3887432, "x": 1.8685668299122367, "y": -0.006577420885287346, "zone": null, "min_dist": 1.2934225791147127}
{"t": 1784486339.5482757, "x": 1.8685668299122367, "y": -0.006577420885287346, "zone": null, "min_dist": 1.2934225791147127}
{"t": 1784486339.7087579, "x": 1.8685668299122367, "y": -0.006577420885287346, "zone": null, "min_dist": 1.2934225791147127}
{"t": 1784486339.8687732, "x": 1.8685668299122367, "y": -0.006577420885287346, "zone": null, "min_dist": 1.2934225791147127}
{"t": 1784486340.0293257, "x": 1.8685668299122367, "y": -0.006577420885287346, "zone": null, "min_dist": 1.2934225791147127}
{"t": 1784486340.205472, "x": 1.8685668299122367, "y": -0.006577420885287346, "zone": null, "min_dist": 1.2934225791147127}
{"t": 1784486340.3653715, "x": 1.8685668299122367, "y": -0.006577420885287346, "zone": null, "min_dist": 1.2934225791147127}
{"t": 1784486340.51768, "x": 1.8685668299122367, "y": -0.006577420885287346, "zone": null, "min_dist": 1.2934225791147127}
{"t": 1784486340.6781113, "x": 1.8685668299122367, "y": -0.006577420885287346, "zone": null, "min_dist": 1.2934225791147127}
{"t": 1784486340.8380568, "x": 1.8685668299122367, "y": -0.006577420885287346, "zone": null, "min_dist": 1.2934225791147127}
{"t": 1784486340.9987283, "x": 1.8685668299122367, "y": -0.006577420885287346, "zone": null, "min_dist": 1.2934225791147127}
{"t": 1784486341.1751544, "x": 1.8685668299122367, "y": -0.006577420885287346, "zone": null, "min_dist": 1.2934225791147127}
{"t": 1784486341.3354564, "x": 1.8685668299122367, "y": -0.006577420885287346, "zone": null, "min_dist": 1.2934225791147127}
{"t": 1784486341.495599, "x": 1.8685668299122367, "y": -0.006577420885287346, "zone": null, "min_dist": 1.2934225791147127}
{"t": 1784486341.6722817, "x": 1.8685668299122367, "y": -0.006577420885287346, "zone": null, "min_dist": 1.2934225791147127}
{"t": 1784486341.832404, "x": 1.8685668299122367, "y": -0.006577420885287346, "zone": null, "min_dist": 1.2934225791147127}
{"t": 1784486341.9924715, "x": 1.8685668299122367, "y": -0.006577420885287346, "zone": null, "min_dist": 1.2934225791147127}
{"t": 1784486342.1448543, "x": 1.8685668299122367, "y": -0.006577420885287346, "zone": null, "min_dist": 1.2934225791147127}
{"t": 1784486342.2976277, "x": 1.8685668299122367, "y": -0.006577420885287346, "zone": null, "min_dist": 1.2934225791147127}
{"t": 1784486342.4737692, "x": 1.8685668299122367, "y": -0.006577420885287346, "zone": null, "min_dist": 1.2934225791147127}
{"t": 1784486342.6338534, "x": 1.8685668299122367, "y": -0.006577420885287346, "zone": null, "min_dist": 1.2934225791147127}
{"t": 1784486342.7860901, "x": 1.8685668299122367, "y": -0.006577420885287346, "zone": null, "min_dist": 1.2934225791147127}
{"t": 1784486342.9624286, "x": 1.8685668299122367, "y": -0.006577420885287346, "zone": null, "min_dist": 1.2934225791147127}
{"t": 1784486343.1227202, "x": 1.8685668299122367, "y": -0.006577420885287346, "zone": null, "min_dist": 1.2934225791147127}
{"t": 1784486343.283022, "x": 1.8685668299122367, "y": -0.006577420885287346, "zone": null, "min_dist": 1.2934225791147127}
{"t": 1784486343.435264, "x": 1.8685668299122367, "y": -0.006577420885287346, "zone": null, "min_dist": 1.2934225791147127}
{"t": 1784486343.5871282, "x": 1.8685668299122367, "y": -0.006577420885287346, "zone": null, "min_dist": 1.2934225791147127}
{"t": 1784486343.7471755, "x": 1.8685668299122367, "y": -0.006577420885287346, "zone": null, "min_dist": 1.2934225791147127}
{"t": 1784486343.907387, "x": 1.8685668299122367, "y": -0.006577420885287346, "zone": null, "min_dist": 1.2934225791147127}
{"t": 1784486344.0598056, "x": 1.8685668299122367, "y": -0.006577420885287346, "zone": null, "min_dist": 1.2934225791147127}
{"t": 1784486344.2122211, "x": 1.8685668299122367, "y": -0.006577420885287346, "zone": null, "min_dist": 1.2934225791147127}
{"t": 1784486344.3723292, "x": 1.8685668299122367, "y": -0.006577420885287346, "zone": null, "min_dist": 1.2934225791147127}
{"t": 1784486344.548789, "x": 1.8685668299122367, "y": -0.006577420885287346, "zone": null, "min_dist": 1.2934225791147127}
{"t": 1784486344.7091985, "x": 1.8685668299122367, "y": -0.006577420885287346, "zone": null, "min_dist": 1.2934225791147127}
{"t": 1784486344.8690398, "x": 1.8685668299122367, "y": -0.006577420885287346, "zone": null, "min_dist": 1.2934225791147127}
{"t": 1784486345.0291057, "x": 1.8685668299122367, "y": -0.006577420885287346, "zone": null, "min_dist": 1.2934225791147127}
{"t": 1784486345.1893458, "x": 1.8685668299122367, "y": -0.006577420885287346, "zone": null, "min_dist": 1.2934225791147127}
{"t": 1784486345.3498228, "x": 1.8685668299122367, "y": -0.006577420885287346, "zone": null, "min_dist": 1.2934225791147127}
{"t": 1784486345.5103967, "x": 1.8685668299122367, "y": -0.006577420885287346, "zone": null, "min_dist": 1.2934225791147127}
{"t": 1784486345.670356, "x": 1.8685668299122367, "y": -0.006577420885287346, "zone": null, "min_dist": 1.2934225791147127}
{"t": 1784486345.83026, "x": 1.8685668299122367, "y": -0.006577420885287346, "zone": null, "min_dist": 1.2934225791147127}
{"t": 1784486345.990189, "x": 1.8685668299122367, "y": -0.006577420885287346, "zone": null, "min_dist": 1.2934225791147127}
{"t": 1784486346.150593, "x": 1.8685668299122367, "y": -0.006577420885287346, "zone": null, "min_dist": 1.2934225791147127}
{"t": 1784486346.3112009, "x": 1.8685668299122367, "y": -0.006577420885287346, "zone": null, "min_dist": 1.2934225791147127}
{"t": 1784486346.4877157, "x": 1.8685668299122367, "y": -0.006577420885287346, "zone": null, "min_dist": 1.2934225791147127}
{"t": 1784486346.640527, "x": 1.8685668299122367, "y": -0.006577420885287346, "zone": null, "min_dist": 1.2934225791147127}
{"t": 1784486346.800377, "x": 1.8685668299122367, "y": -0.006577420885287346, "zone": null, "min_dist": 1.2934225791147127}
{"t": 1784486346.9607823, "x": 1.8685668299122367, "y": -0.006577420885287346, "zone": null, "min_dist": 1.2934225791147127}
{"t": 1784486347.1213973, "x": 1.8685668299122367, "y": -0.006577420885287346, "zone": null, "min_dist": 1.2934225791147127}
{"t": 1784486347.2733316, "x": 1.8685668299122367, "y": -0.006577420885287346, "zone": null, "min_dist": 1.2934225791147127}
{"t": 1784486347.4331686, "x": 1.8685668299122367, "y": -0.006577420885287346, "zone": null, "min_dist": 1.2934225791147127}
{"t": 1784486347.593804, "x": 1.8685668299122367, "y": -0.006577420885287346, "zone": null, "min_dist": 1.2934225791147127}
{"t": 1784486347.7540138, "x": 1.8685668299122367, "y": -0.006577420885287346, "zone": null, "min_dist": 1.2934225791147127}
{"t": 1784486347.914564, "x": 1.8685668299122367, "y": -0.006577420885287346, "zone": null, "min_dist": 1.2934225791147127}
{"t": 1784486348.0661435, "x": 1.8685668299122367, "y": -0.006577420885287346, "zone": null, "min_dist": 1.2934225791147127}
{"t": 1784486348.2266827, "x": 1.8685668299122367, "y": -0.006577420885287346, "zone": null, "min_dist": 1.2934225791147127}
{"t": 1784486348.3875067, "x": 1.8685668299122367, "y": -0.006577420885287346, "zone": null, "min_dist": 1.2934225791147127}
{"t": 1784486348.5475752, "x": 1.8685668299122367, "y": -0.006577420885287346, "zone": null, "min_dist": 1.2934225791147127}
{"t": 1784486348.699643, "x": 1.8685668299122367, "y": -0.006577420885287346, "zone": null, "min_dist": 1.2934225791147127}
{"t": 1784486348.859779, "x": 1.8685668299122367, "y": -0.006577420885287346, "zone": null, "min_dist": 1.2934225791147127}
{"t": 1784486349.0124366, "x": 1.8685668299122367, "y": -0.006577420885287346, "zone": null, "min_dist": 1.2934225791147127}
{"t": 1784486349.1645641, "x": 1.8685668299122367, "y": -0.006577420885287346, "zone": null, "min_dist": 1.2934225791147127}
{"t": 1784486349.3169434, "x": 1.8685668299122367, "y": -0.006577420885287346, "zone": null, "min_dist": 1.2934225791147127}
{"t": 1784486349.468933, "x": 1.8685668299122367, "y": -0.006577420885287346, "zone": null, "min_dist": 1.2934225791147127}
{"t": 1784486349.6292431, "x": 1.8685668299122367, "y": -0.006577420885287346, "zone": null, "min_dist": 1.2934225791147127}
{"t": 1784486349.7811546, "x": 1.8685668299122367, "y": -0.006577420885287346, "zone": null, "min_dist": 1.2934225791147127}
{"t": 1784486349.9578497, "x": 1.8685668299122367, "y": -0.006577420885287346, "zone": null, "min_dist": 1.2934225791147127}
{"t": 1784486350.109948, "x": 1.8685668299122367, "y": -0.006577420885287346, "zone": null, "min_dist": 1.2934225791147127}
{"t": 1784486350.2626061, "x": 1.8685668299122367, "y": -0.006577420885287346, "zone": null, "min_dist": 1.2934225791147127}
{"t": 1784486350.4227178, "x": 1.8685668299122367, "y": -0.006577420885287346, "zone": null, "min_dist": 1.2934225791147127}
{"t": 1784486350.5752976, "x": 1.8685668299122367, "y": -0.006577420885287346, "zone": null, "min_dist": 1.2934225791147127}
{"t": 1784486350.7274652, "x": 1.8685668299122367, "y": -0.006577420885287346, "zone": null, "min_dist": 1.2934225791147127}
{"t": 1784486350.8798246, "x": 1.8685668299122367, "y": -0.006577420885287346, "zone": null, "min_dist": 1.2934225791147127}
{"t": 1784486351.031779, "x": 1.8685668299122367, "y": -0.006577420885287346, "zone": null, "min_dist": 1.2934225791147127}
{"t": 1784486351.208519, "x": 1.8685668299122367, "y": -0.006577420885287346, "zone": null, "min_dist": 1.2934225791147127}
{"t": 1784486351.368644, "x": 1.8685668299122367, "y": -0.006577420885287346, "zone": null, "min_dist": 1.2934225791147127}
{"t": 1784486351.5205657, "x": 1.8685668299122367, "y": -0.006577420885287346, "zone": null, "min_dist": 1.2934225791147127}
{"t": 1784486351.6968925, "x": 1.8685668299122367, "y": -0.006577420885287346, "zone": null, "min_dist": 1.2934225791147127}
{"t": 1784486351.849203, "x": 1.8685668299122367, "y": -0.006577420885287346, "zone": null, "min_dist": 1.2934225791147127}
{"t": 1784486352.009312, "x": 1.8685668299122367, "y": -0.006577420885287346, "zone": null, "min_dist": 1.2934225791147127}
{"t": 1784486352.1692176, "x": 1.8685668299122367, "y": -0.006577420885287346, "zone": null, "min_dist": 1.2934225791147127}
{"t": 1784486352.3216622, "x": 1.8685668299122367, "y": -0.006577420885287346, "zone": null, "min_dist": 1.2934225791147127}
{"t": 1784486352.4824347, "x": 1.8685668299122367, "y": -0.006577420885287346, "zone": null, "min_dist": 1.2934225791147127}
{"t": 1784486352.6343207, "x": 1.8685668299122367, "y": -0.006577420885287346, "zone": null, "min_dist": 1.2934225791147127}
{"t": 1784486352.7943537, "x": 1.8685668299122367, "y": -0.006577420885287346, "zone": null, "min_dist": 1.2934225791147127}
{"t": 1784486352.955018, "x": 1.8685668299122367, "y": -0.006577420885287346, "zone": null, "min_dist": 1.2934225791147127}
{"t": 1784486353.1154053, "x": 1.8685668299122367, "y": -0.006577420885287346, "zone": null, "min_dist": 1.2934225791147127}
{"t": 1784486353.2676566, "x": 1.8685668299122367, "y": -0.006577420885287346, "zone": null, "min_dist": 1.2934225791147127}
{"t": 1784486353.420138, "x": 1.8685668299122367, "y": -0.006577420885287346, "zone": null, "min_dist": 1.2934225791147127}
{"t": 1784486353.572483, "x": 1.8685668299122367, "y": -0.006577420885287346, "zone": null, "min_dist": 1.2934225791147127}
{"t": 1784486353.7248085, "x": 1.8685668299122367, "y": -0.006577420885287346, "zone": null, "min_dist": 1.2934225791147127}
{"t": 1784486353.8853827, "x": 1.8685668299122367, "y": -0.006577420885287346, "zone": null, "min_dist": 1.2934225791147127}
{"t": 1784486354.0453007, "x": 1.8685668299122367, "y": -0.006577420885287346, "zone": null, "min_dist": 1.2934225791147127}
{"t": 1784486354.2052526, "x": 1.8685668299122367, "y": -0.006577420885287346, "zone": null, "min_dist": 1.2934225791147127}
{"t": 1784486354.3657184, "x": 1.8685668299122367, "y": -0.006577420885287346, "zone": null, "min_dist": 1.2934225791147127}
{"t": 1784486354.5257478, "x": 1.8685668299122367, "y": -0.006577420885287346, "zone": null, "min_dist": 1.2934225791147127}
{"t": 1784486354.6779387, "x": 1.8685668299122367, "y": -0.006577420885287346, "zone": null, "min_dist": 1.2934225791147127}
{"t": 1784486354.8302739, "x": 1.8685668299122367, "y": -0.006577420885287346, "zone": null, "min_dist": 1.2934225791147127}
{"t": 1784486354.9903963, "x": 1.8685668299122367, "y": -0.006577420885287346, "zone": null, "min_dist": 1.2934225791147127}
{"t": 1784486355.1427982, "x": 1.8685668299122367, "y": -0.006577420885287346, "zone": null, "min_dist": 1.2934225791147127}
{"t": 1784486355.2953482, "x": 1.8685668299122367, "y": -0.006577420885287346, "zone": null, "min_dist": 1.2934225791147127}
{"t": 1784486355.447671, "x": 1.8685668299122367, "y": -0.006577420885287346, "zone": null, "min_dist": 1.2934225791147127}
{"t": 1784486355.599895, "x": 1.8685668299122367, "y": -0.006577420885287346, "zone": null, "min_dist": 1.2934225791147127}
{"t": 1784486355.7768211, "x": 1.8685668299122367, "y": -0.006577420885287346, "zone": null, "min_dist": 1.2934225791147127}
{"t": 1784486355.9526165, "x": 1.8685668299122367, "y": -0.006577420885287346, "zone": null, "min_dist": 1.2934225791147127}
{"t": 1784486356.1127856, "x": 1.8685668299122367, "y": -0.006577420885287346, "zone": null, "min_dist": 1.2934225791147127}
{"t": 1784486356.2651813, "x": 1.8685668299122367, "y": -0.006577420885287346, "zone": null, "min_dist": 1.2934225791147127}
{"t": 1784486356.4174845, "x": 1.8685668299122367, "y": -0.006577420885287346, "zone": null, "min_dist": 1.2934225791147127}
{"t": 1784486356.5696216, "x": 1.8685668299122367, "y": -0.006577420885287346, "zone": null, "min_dist": 1.2934225791147127}
{"t": 1784486356.7299058, "x": 1.8685668299122367, "y": -0.006577420885287346, "zone": null, "min_dist": 1.2934225791147127}
{"t": 1784486356.890427, "x": 1.8685668299122367, "y": -0.006577420885287346, "zone": null, "min_dist": 1.2934225791147127}
{"t": 1784486357.0428183, "x": 1.8685668299122367, "y": -0.006577420885287346, "zone": null, "min_dist": 1.2934225791147127}
{"t": 1784486357.2029443, "x": 1.8685668299122367, "y": -0.006577420885287346, "zone": null, "min_dist": 1.2934225791147127}
{"t": 1784486357.3554006, "x": 1.8685668299122367, "y": -0.006577420885287346, "zone": null, "min_dist": 1.2934225791147127}
{"t": 1784486357.5153534, "x": 1.8685668299122367, "y": -0.006577420885287346, "zone": null, "min_dist": 1.2934225791147127}
{"t": 1784486357.6755533, "x": 1.8685668299122367, "y": -0.006577420885287346, "zone": null, "min_dist": 1.2934225791147127}
{"t": 1784486357.8356802, "x": 1.8685668299122367, "y": -0.006577420885287346, "zone": null, "min_dist": 1.2934225791147127}
{"t": 1784486357.996189, "x": 1.8685668299122367, "y": -0.006577420885287346, "zone": null, "min_dist": 1.2934225791147127}
{"t": 1784486358.156397, "x": 1.8685668299122367, "y": -0.006577420885287346, "zone": null, "min_dist": 1.2934225791147127}
{"t": 1784486358.3328843, "x": 1.8685668299122367, "y": -0.006577420885287346, "zone": null, "min_dist": 1.2934225791147127}
{"t": 1784486358.4929838, "x": 1.8685668299122367, "y": -0.006577420885287346, "zone": null, "min_dist": 1.2934225791147127}
{"t": 1784486358.6453993, "x": 1.8685668299122367, "y": -0.006577420885287346, "zone": null, "min_dist": 1.2934225791147127}
{"t": 1784486358.7977247, "x": 1.8685668299122367, "y": -0.006577420885287346, "zone": null, "min_dist": 1.2934225791147127}
{"t": 1784486358.9742723, "x": 1.8685668299122367, "y": -0.006577420885287346, "zone": null, "min_dist": 1.2934225791147127}
{"t": 1784486359.1266372, "x": 1.8685668299122367, "y": -0.006577420885287346, "zone": null, "min_dist": 1.2934225791147127}
{"t": 1784486359.2784998, "x": 1.8685668299122367, "y": -0.006577420885287346, "zone": null, "min_dist": 1.2934225791147127}
{"t": 1784486359.4305167, "x": 1.8685668299122367, "y": -0.006577420885287346, "zone": null, "min_dist": 1.2934225791147127}
{"t": 1784486359.5830624, "x": 1.8685668299122367, "y": -0.006577420885287346, "zone": null, "min_dist": 1.2934225791147127}
{"t": 1784486359.7596056, "x": 1.8685668299122367, "y": -0.006577420885287346, "zone": null, "min_dist": 1.2934225791147127}
{"t": 1784486359.9197075, "x": 1.8685668299122367, "y": -0.006577420885287346, "zone": null, "min_dist": 1.2934225791147127}
{"t": 1784486360.0719886, "x": 1.8685668299122367, "y": -0.006577420885287346, "zone": null, "min_dist": 1.2934225791147127}
{"t": 1784486360.2242746, "x": 1.8685668299122367, "y": -0.006577420885287346, "zone": null, "min_dist": 1.2934225791147127}
{"t": 1784486360.3766663, "x": 1.8685668299122367, "y": -0.006577420885287346, "zone": null, "min_dist": 1.2934225791147127}
{"t": 1784486360.5285933, "x": 1.8685668299122367, "y": -0.006577420885287346, "zone": null, "min_dist": 1.2934225791147127}
{"t": 1784486360.6810906, "x": 1.8685668299122367, "y": -0.006577420885287346, "zone": null, "min_dist": 1.2934225791147127}
{"t": 1784486360.8413432, "x": 1.8685668299122367, "y": -0.006577420885287346, "zone": null, "min_dist": 1.2934225791147127}
{"t": 1784486360.993915, "x": 1.8685668299122367, "y": -0.006577420885287346, "zone": null, "min_dist": 1.2934225791147127}
{"t": 1784486361.1536934, "x": 1.8685668299122367, "y": -0.006577420885287346, "zone": null, "min_dist": 1.2934225791147127}
{"t": 1784486361.3139334, "x": 1.8685668299122367, "y": -0.006577420885287346, "zone": null, "min_dist": 1.2934225791147127}
{"t": 1784486361.490248, "x": 1.8685668299122367, "y": -0.006577420885287346, "zone": null, "min_dist": 1.2934225791147127}
{"t": 1784486361.6504352, "x": 1.8685668299122367, "y": -0.006577420885287346, "zone": null, "min_dist": 1.2934225791147127}
{"t": 1784486361.8025844, "x": 1.8685668299122367, "y": -0.006577420885287346, "zone": null, "min_dist": 1.2934225791147127}
{"t": 1784486361.963313, "x": 1.8685668299122367, "y": -0.006577420885287346, "zone": null, "min_dist": 1.2934225791147127}
{"t": 1784486362.1232762, "x": 1.8685668299122367, "y": -0.006577420885287346, "zone": null, "min_dist": 1.2934225791147127}
{"t": 1784486362.2757113, "x": 1.8685668299122367, "y": -0.006577420885287346, "zone": null, "min_dist": 1.2934225791147127}
{"t": 1784486362.4362783, "x": 1.8685668299122367, "y": -0.006577420885287346, "zone": null, "min_dist": 1.2934225791147127}
{"t": 1784486362.5968761, "x": 1.8685668299122367, "y": -0.006577420885287346, "zone": null, "min_dist": 1.2934225791147127}
{"t": 1784486362.7567031, "x": 1.8685668299122367, "y": -0.006577420885287346, "zone": null, "min_dist": 1.2934225791147127}
{"t": 1784486362.9169948, "x": 1.8685668299122367, "y": -0.006577420885287346, "zone": null, "min_dist": 1.2934225791147127}
{"t": 1784486363.0774667, "x": 1.8685668299122367, "y": -0.006577420885287346, "zone": null, "min_dist": 1.2934225791147127}
{"t": 1784486363.2297382, "x": 1.8685668299122367, "y": -0.006577420885287346, "zone": null, "min_dist": 1.2934225791147127}
{"t": 1784486363.3816066, "x": 1.8685668299122367, "y": -0.006577420885287346, "zone": null, "min_dist": 1.2934225791147127}
{"t": 1784486363.5340025, "x": 1.8685668299122367, "y": -0.006577420885287346, "zone": null, "min_dist": 1.2934225791147127}
{"t": 1784486363.6860678, "x": 1.8685668299122367, "y": -0.006577420885287346, "zone": null, "min_dist": 1.2934225791147127}
{"t": 1784486363.8465228, "x": 1.8685668299122367, "y": -0.006577420885287346, "zone": null, "min_dist": 1.2934225791147127}
{"t": 1784486364.006239, "x": 1.8685668299122367, "y": -0.006577420885287346, "zone": null, "min_dist": 1.2934225791147127}
{"t": 1784486364.1666465, "x": 1.8685668299122367, "y": -0.006577420885287346, "zone": null, "min_dist": 1.2934225791147127}
{"t": 1784486364.3190212, "x": 1.8685668299122367, "y": -0.006577420885287346, "zone": null, "min_dist": 1.2934225791147127}
{"t": 1784486364.4795365, "x": 1.8685668299122367, "y": -0.006577420885287346, "zone": null, "min_dist": 1.2934225791147127}
{"t": 1784486364.639686, "x": 1.8685668299122367, "y": -0.006577420885287346, "zone": null, "min_dist": 1.2934225791147127}
{"t": 1784486364.7997983, "x": 1.8685668299122367, "y": -0.006577420885287346, "zone": null, "min_dist": 1.2934225791147127}
{"t": 1784486364.9523149, "x": 1.8685668299122367, "y": -0.006577420885287346, "zone": null, "min_dist": 1.2934225791147127}
{"t": 1784486365.1046085, "x": 1.8685668299122367, "y": -0.006577420885287346, "zone": null, "min_dist": 1.2934225791147127}
{"t": 1784486365.2648575, "x": 1.8685668299122367, "y": -0.006577420885287346, "zone": null, "min_dist": 1.2934225791147127}
{"t": 1784486365.4250813, "x": 1.8685668299122367, "y": -0.006577420885287346, "zone": null, "min_dist": 1.2934225791147127}
{"t": 1784486365.585494, "x": 1.8685668299122367, "y": -0.006577420885287346, "zone": null, "min_dist": 1.2934225791147127}
{"t": 1784486365.7380679, "x": 1.8685668299122367, "y": -0.006577420885287346, "zone": null, "min_dist": 1.2934225791147127}
{"t": 1784486365.8903706, "x": 1.8685668299122367, "y": -0.006577420885287346, "zone": null, "min_dist": 1.2934225791147127}
{"t": 1784486366.0428357, "x": 1.8685668299122367, "y": -0.006577420885287346, "zone": null, "min_dist": 1.2934225791147127}
{"t": 1784486366.1949232, "x": 1.8685668299122367, "y": -0.006577420885287346, "zone": null, "min_dist": 1.2934225791147127}
{"t": 1784486366.3472505, "x": 1.8685668299122367, "y": -0.006577420885287346, "zone": null, "min_dist": 1.2934225791147127}
{"t": 1784486366.5073693, "x": 1.8685668299122367, "y": -0.006577420885287346, "zone": null, "min_dist": 1.2934225791147127}
{"t": 1784486366.6673455, "x": 1.8685668299122367, "y": -0.006577420885287346, "zone": null, "min_dist": 1.2934225791147127}
{"t": 1784486366.8284857, "x": 1.8685668299122367, "y": -0.006577420885287346, "zone": null, "min_dist": 1.2934225791147127}
{"t": 1784486366.9799023, "x": 1.8685668299122367, "y": -0.006577420885287346, "zone": null, "min_dist": 1.2934225791147127}
{"t": 1784486367.1327178, "x": 1.8685668299122367, "y": -0.006577420885287346, "zone": null, "min_dist": 1.2934225791147127}
{"t": 1784486367.2926476, "x": 1.8685668299122367, "y": -0.006577420885287346, "zone": null, "min_dist": 1.2934225791147127}
{"t": 1784486367.4528666, "x": 1.8685668299122367, "y": -0.006577420885287346, "zone": null, "min_dist": 1.2934225791147127}
{"t": 1784486367.6056774, "x": 1.8685668299122367, "y": -0.006577420885287346, "zone": null, "min_dist": 1.2934225791147127}
{"t": 1784486367.765377, "x": 1.8685668299122367, "y": -0.006577420885287346, "zone": null, "min_dist": 1.2934225791147127}
{"t": 1784486367.9174812, "x": 1.8685668299122367, "y": -0.006577420885287346, "zone": null, "min_dist": 1.2934225791147127}
{"t": 1784486368.069946, "x": 1.8685668299122367, "y": -0.006577420885287346, "zone": null, "min_dist": 1.2934225791147127}
{"t": 1784486368.246287, "x": 1.8685668299122367, "y": -0.006577420885287346, "zone": null, "min_dist": 1.2934225791147127}
{"t": 1784486368.406462, "x": 1.8685668299122367, "y": -0.006577420885287346, "zone": null, "min_dist": 1.2934225791147127}
{"t": 1784486368.582859, "x": 1.8685668299122367, "y": -0.006577420885287346, "zone": null, "min_dist": 1.2934225791147127}
{"t": 1784486368.7432106, "x": 1.8685668299122367, "y": -0.006577420885287346, "zone": null, "min_dist": 1.2934225791147127}
{"t": 1784486368.9032063, "x": 1.8685668299122367, "y": -0.006577420885287346, "zone": null, "min_dist": 1.2934225791147127}
{"t": 1784486369.0633278, "x": 1.8685668299122367, "y": -0.006577420885287346, "zone": null, "min_dist": 1.2934225791147127}
{"t": 1784486369.2238777, "x": 1.8685668299122367, "y": -0.006577420885287346, "zone": null, "min_dist": 1.2934225791147127}
{"t": 1784486369.3842955, "x": 1.8685668299122367, "y": -0.006577420885287346, "zone": null, "min_dist": 1.2934225791147127}
{"t": 1784486369.544579, "x": 1.8685668299122367, "y": -0.006577420885287346, "zone": null, "min_dist": 1.2934225791147127}
{"t": 1784486369.6968186, "x": 1.8685668299122367, "y": -0.006577420885287346, "zone": null, "min_dist": 1.2934225791147127}
{"t": 1784486369.953243, "x": 1.8685668299122367, "y": -0.006577420885287346, "zone": null, "min_dist": 1.2934225791147127}
{"t": 1784486370.1055775, "x": 1.8685668299122367, "y": -0.006577420885287346, "zone": null, "min_dist": 1.2934225791147127}
{"t": 1784486370.2655673, "x": 1.8685668299122367, "y": -0.006577420885287346, "zone": null, "min_dist": 1.2934225791147127}
{"t": 1784486370.4176743, "x": 1.8685668299122367, "y": -0.006577420885287346, "zone": null, "min_dist": 1.2934225791147127}
{"t": 1784486370.578188, "x": 1.8685668299122367, "y": -0.006577420885287346, "zone": null, "min_dist": 1.2934225791147127}
{"t": 1784486370.738593, "x": 1.8685668299122367, "y": -0.006577420885287346, "zone": null, "min_dist": 1.2934225791147127}
{"t": 1784486370.8988407, "x": 1.8685668299122367, "y": -0.006577420885287346, "zone": null, "min_dist": 1.2934225791147127}
{"t": 1784486371.05929, "x": 1.8685668299122367, "y": -0.006577420885287346, "zone": null, "min_dist": 1.2934225791147127}
{"t": 1784486371.219514, "x": 1.8685668299122367, "y": -0.006577420885287346, "zone": null, "min_dist": 1.2934225791147127}
{"t": 1784486371.379587, "x": 1.8685668299122367, "y": -0.006577420885287346, "zone": null, "min_dist": 1.2934225791147127}
{"t": 1784486371.5316367, "x": 1.8685668299122367, "y": -0.006577420885287346, "zone": null, "min_dist": 1.2934225791147127}
{"t": 1784486371.692281, "x": 1.8685668299122367, "y": -0.006577420885287346, "zone": null, "min_dist": 1.2934225791147127}
{"t": 1784486371.9541595, "x": 1.8685668299122367, "y": -0.006577420885287346, "zone": null, "min_dist": 1.2934225791147127}
{"t": 1784486372.1091452, "x": 1.8685668299122367, "y": -0.006577420885287346, "zone": null, "min_dist": 1.2934225791147127}
{"t": 1784486372.2611485, "x": 1.8685668299122367, "y": -0.006577420885287346, "zone": null, "min_dist": 1.2934225791147127}
{"t": 1784486372.4214032, "x": 1.8685668299122367, "y": -0.006577420885287346, "zone": null, "min_dist": 1.2934225791147127}
{"t": 1784486372.58212, "x": 1.8685668299122367, "y": -0.006577420885287346, "zone": null, "min_dist": 1.2934225791147127}
{"t": 1784486372.7341185, "x": 1.8685668299122367, "y": -0.006577420885287346, "zone": null, "min_dist": 1.2934225791147127}
{"t": 1784486372.894321, "x": 1.8685668299122367, "y": -0.006577420885287346, "zone": null, "min_dist": 1.2934225791147127}
{"t": 1784486373.054668, "x": 1.8685668299122367, "y": -0.006577420885287346, "zone": null, "min_dist": 1.2934225791147127}
{"t": 1784486373.2146578, "x": 1.8685668299122367, "y": -0.006577420885287346, "zone": null, "min_dist": 1.2934225791147127}
{"t": 1784486373.3749568, "x": 1.8685668299122367, "y": -0.006577420885287346, "zone": null, "min_dist": 1.2934225791147127}
{"t": 1784486373.527317, "x": 1.8685668299122367, "y": -0.006577420885287346, "zone": null, "min_dist": 1.2934225791147127}
{"t": 1784486373.687587, "x": 1.8685668299122367, "y": -0.006577420885287346, "zone": null, "min_dist": 1.2934225791147127}
{"t": 1784486373.840362, "x": 1.8685668299122367, "y": -0.006577420885287346, "zone": null, "min_dist": 1.2934225791147127}
{"t": 1784486373.9924986, "x": 1.8685668299122367, "y": -0.006577420885287346, "zone": null, "min_dist": 1.2934225791147127}
{"t": 1784486374.152937, "x": 1.8685668299122367, "y": -0.006577420885287346, "zone": null, "min_dist": 1.2934225791147127}
{"t": 1784486374.312841, "x": 1.8685668299122367, "y": -0.006577420885287346, "zone": null, "min_dist": 1.2934225791147127}
{"t": 1784486374.4733486, "x": 1.8685668299122367, "y": -0.006577420885287346, "zone": null, "min_dist": 1.2934225791147127}
{"t": 1784486374.633617, "x": 1.8685668299122367, "y": -0.006577420885287346, "zone": null, "min_dist": 1.2934225791147127}
{"t": 1784486374.7935457, "x": 1.8685668299122367, "y": -0.006577420885287346, "zone": null, "min_dist": 1.2934225791147127}
{"t": 1784486374.9539776, "x": 1.8685668299122367, "y": -0.006577420885287346, "zone": null, "min_dist": 1.2934225791147127}
{"t": 1784486375.114111, "x": 1.8685668299122367, "y": -0.006577420885287346, "zone": null, "min_dist": 1.2934225791147127}
{"t": 1784486375.2662077, "x": 1.8685668299122367, "y": -0.006577420885287346, "zone": null, "min_dist": 1.2934225791147127}
{"t": 1784486375.4185696, "x": 1.8685668299122367, "y": -0.006577420885287346, "zone": null, "min_dist": 1.2934225791147127}
{"t": 1784486375.5708458, "x": 1.8685668299122367, "y": -0.006577420885287346, "zone": null, "min_dist": 1.2934225791147127}
{"t": 1784486375.7311924, "x": 1.8685668299122367, "y": -0.006577420885287346, "zone": null, "min_dist": 1.2934225791147127}
{"t": 1784486375.89127, "x": 1.8685668299122367, "y": -0.006577420885287346, "zone": null, "min_dist": 1.2934225791147127}
{"t": 1784486376.0434444, "x": 1.8685668299122367, "y": -0.006577420885287346, "zone": null, "min_dist": 1.2934225791147127}
{"t": 1784486376.2037132, "x": 1.8685668299122367, "y": -0.006577420885287346, "zone": null, "min_dist": 1.2934225791147127}
{"t": 1784486376.3561661, "x": 1.8685668299122367, "y": -0.006577420885287346, "zone": null, "min_dist": 1.2934225791147127}
{"t": 1784486376.5084283, "x": 1.8685668299122367, "y": -0.006577420885287346, "zone": null, "min_dist": 1.2934225791147127}
{"t": 1784486376.6606987, "x": 1.8685668299122367, "y": -0.006577420885287346, "zone": null, "min_dist": 1.2934225791147127}
{"t": 1784486376.8130496, "x": 1.8685668299122367, "y": -0.006577420885287346, "zone": null, "min_dist": 1.2934225791147127}
{"t": 1784486376.9894373, "x": 1.8685668299122367, "y": -0.006577420885287346, "zone": null, "min_dist": 1.2934225791147127}
{"t": 1784486377.1496596, "x": 1.8685668299122367, "y": -0.006577420885287346, "zone": null, "min_dist": 1.2934225791147127}
{"t": 1784486377.3100564, "x": 1.8685668299122367, "y": -0.006577420885287346, "zone": null, "min_dist": 1.2934225791147127}
{"t": 1784486377.4625802, "x": 1.8685668299122367, "y": -0.006577420885287346, "zone": null, "min_dist": 1.2934225791147127}
{"t": 1784486377.6387105, "x": 1.8685668299122367, "y": -0.006577420885287346, "zone": null, "min_dist": 1.2934225791147127}
{"t": 1784486377.7992468, "x": 1.8685668299122367, "y": -0.006577420885287346, "zone": null, "min_dist": 1.2934225791147127}
{"t": 1784486377.9598591, "x": 1.8685668299122367, "y": -0.006577420885287346, "zone": null, "min_dist": 1.2934225791147127}
{"t": 1784486378.1196227, "x": 1.8685668299122367, "y": -0.006577420885287346, "zone": null, "min_dist": 1.2934225791147127}
{"t": 1784486378.2797735, "x": 1.8685668299122367, "y": -0.006577420885287346, "zone": null, "min_dist": 1.2934225791147127}
{"t": 1784486378.4563575, "x": 1.8685668299122367, "y": -0.006577420885287346, "zone": null, "min_dist": 1.2934225791147127}
{"t": 1784486378.6165721, "x": 1.8685668299122367, "y": -0.006577420885287346, "zone": null, "min_dist": 1.2934225791147127}
{"t": 1784486378.7762816, "x": 1.8685668299122367, "y": -0.006577420885287346, "zone": null, "min_dist": 1.2934225791147127}
{"t": 1784486378.9367595, "x": 1.8685668299122367, "y": -0.006577420885287346, "zone": null, "min_dist": 1.2934225791147127}
{"t": 1784486379.0975788, "x": 1.8685668299122367, "y": -0.006577420885287346, "zone": null, "min_dist": 1.2934225791147127}
{"t": 1784486379.25747, "x": 1.8685668299122367, "y": -0.006577420885287346, "zone": null, "min_dist": 1.2934225791147127}
{"t": 1784486379.4172919, "x": 1.8685668299122367, "y": -0.006577420885287346, "zone": null, "min_dist": 1.2934225791147127}
{"t": 1784486379.569803, "x": 1.8685668299122367, "y": -0.006577420885287346, "zone": null, "min_dist": 1.2934225791147127}
{"t": 1784486379.7299213, "x": 1.8685668299122367, "y": -0.006577420885287346, "zone": null, "min_dist": 1.2934225791147127}
{"t": 1784486379.8822858, "x": 1.8685668299122367, "y": -0.006577420885287346, "zone": null, "min_dist": 1.2934225791147127}
{"t": 1784486380.0583234, "x": 1.8685668299122367, "y": -0.006577420885287346, "zone": null, "min_dist": 1.2934225791147127}
{"t": 1784486380.218398, "x": 1.8685668299122367, "y": -0.006577420885287346, "zone": null, "min_dist": 1.2934225791147127}
{"t": 1784486380.378435, "x": 1.8685668299122367, "y": -0.006577420885287346, "zone": null, "min_dist": 1.2934225791147127}
{"t": 1784486380.5307302, "x": 1.8685668299122367, "y": -0.006577420885287346, "zone": null, "min_dist": 1.2934225791147127}
{"t": 1784486380.691262, "x": 1.8685668299122367, "y": -0.006577420885287346, "zone": null, "min_dist": 1.2934225791147127}
{"t": 1784486380.851673, "x": 1.8685668299122367, "y": -0.006577420885287346, "zone": null, "min_dist": 1.2934225791147127}
{"t": 1784486381.0288186, "x": 1.8685668299122367, "y": -0.006577420885287346, "zone": null, "min_dist": 1.2934225791147127}
{"t": 1784486381.1886756, "x": 1.8685668299122367, "y": -0.006577420885287346, "zone": null, "min_dist": 1.2934225791147127}
{"t": 1784486381.3407946, "x": 1.8685668299122367, "y": -0.006577420885287346, "zone": null, "min_dist": 1.2934225791147127}
{"t": 1784486381.4931502, "x": 1.8685668299122367, "y": -0.006577420885287346, "zone": null, "min_dist": 1.2934225791147127}
{"t": 1784486381.6455932, "x": 1.8685668299122367, "y": -0.006577420885287346, "zone": null, "min_dist": 1.2934225791147127}
{"t": 1784486381.8057008, "x": 1.8685668299122367, "y": -0.006577420885287346, "zone": null, "min_dist": 1.2934225791147127}
{"t": 1784486381.958133, "x": 1.8685668299122367, "y": -0.006577420885287346, "zone": null, "min_dist": 1.2934225791147127}
{"t": 1784486382.1102066, "x": 1.8685668299122367, "y": -0.006577420885287346, "zone": null, "min_dist": 1.2934225791147127}
{"t": 1784486382.2625804, "x": 1.8685668299122367, "y": -0.006577420885287346, "zone": null, "min_dist": 1.2934225791147127}
{"t": 1784486382.423019, "x": 1.8685668299122367, "y": -0.006577420885287346, "zone": null, "min_dist": 1.2934225791147127}
{"t": 1784486382.5834079, "x": 1.8685668299122367, "y": -0.006577420885287346, "zone": null, "min_dist": 1.2934225791147127}
{"t": 1784486382.7433527, "x": 1.8685668299122367, "y": -0.006577420885287346, "zone": null, "min_dist": 1.2934225791147127}
{"t": 1784486382.896018, "x": 1.8685668299122367, "y": -0.006577420885287346, "zone": null, "min_dist": 1.2934225791147127}
{"t": 1784486383.0560305, "x": 1.8685668299122367, "y": -0.006577420885287346, "zone": null, "min_dist": 1.2934225791147127}
{"t": 1784486383.2166018, "x": 1.8685668299122367, "y": -0.006577420885287346, "zone": null, "min_dist": 1.2934225791147127}
{"t": 1784486383.368609, "x": 1.8685668299122367, "y": -0.006577420885287346, "zone": null, "min_dist": 1.2934225791147127}
{"t": 1784486383.5210967, "x": 1.8685668299122367, "y": -0.006577420885287346, "zone": null, "min_dist": 1.2934225791147127}
{"t": 1784486383.6735978, "x": 1.8685668299122367, "y": -0.006577420885287346, "zone": null, "min_dist": 1.2934225791147127}
{"t": 1784486383.825579, "x": 1.8685668299122367, "y": -0.006577420885287346, "zone": null, "min_dist": 1.2934225791147127}
{"t": 1784486383.9859946, "x": 1.8685668299122367, "y": -0.006577420885287346, "zone": null, "min_dist": 1.2934225791147127}
{"t": 1784486384.1460154, "x": 1.8685668299122367, "y": -0.006577420885287346, "zone": null, "min_dist": 1.2934225791147127}
{"t": 1784486384.3062994, "x": 1.8685668299122367, "y": -0.006577420885287346, "zone": null, "min_dist": 1.2934225791147127}
{"t": 1784486384.4666722, "x": 1.8685668299122367, "y": -0.006577420885287346, "zone": null, "min_dist": 1.2934225791147127}
{"t": 1784486384.6263747, "x": 1.8685668299122367, "y": -0.006577420885287346, "zone": null, "min_dist": 1.2934225791147127}
{"t": 1784486384.7871463, "x": 1.8685668299122367, "y": -0.006577420885287346, "zone": null, "min_dist": 1.2934225791147127}
{"t": 1784486384.9394183, "x": 1.8685668299122367, "y": -0.006577420885287346, "zone": null, "min_dist": 1.2934225791147127}
{"t": 1784486385.0915015, "x": 1.8685668299122367, "y": -0.006577420885287346, "zone": null, "min_dist": 1.2934225791147127}
{"t": 1784486385.2516859, "x": 1.8685668299122367, "y": -0.006577420885287346, "zone": null, "min_dist": 1.2934225791147127}
{"t": 1784486385.403913, "x": 1.8685668299122367, "y": -0.006577420885287346, "zone": null, "min_dist": 1.2934225791147127}
{"t": 1784486385.5561569, "x": 1.8685668299122367, "y": -0.006577420885287346, "zone": null, "min_dist": 1.2934225791147127}
{"t": 1784486385.7088213, "x": 1.8685668299122367, "y": -0.006577420885287346, "zone": null, "min_dist": 1.2934225791147127}
{"t": 1784486385.9658422, "x": 1.8685668299122367, "y": -0.006577420885287346, "zone": null, "min_dist": 1.2934225791147127}
{"t": 1784486386.1413147, "x": 1.8685668299122367, "y": -0.006577420885287346, "zone": null, "min_dist": 1.2934225791147127}
{"t": 1784486386.3182144, "x": 1.8685668299122367, "y": -0.006577420885287346, "zone": null, "min_dist": 1.2934225791147127}
{"t": 1784486386.478323, "x": 1.8685668299122367, "y": -0.006577420885287346, "zone": null, "min_dist": 1.2934225791147127}
{"t": 1784486386.6384783, "x": 1.8685668299122367, "y": -0.006577420885287346, "zone": null, "min_dist": 1.2934225791147127}
{"t": 1784486386.7912328, "x": 1.8685668299122367, "y": -0.006577420885287346, "zone": null, "min_dist": 1.2934225791147127}
{"t": 1784486386.9435995, "x": 1.8685668299122367, "y": -0.006577420885287346, "zone": null, "min_dist": 1.2934225791147127}
{"t": 1784486387.103631, "x": 1.8685668299122367, "y": -0.006577420885287346, "zone": null, "min_dist": 1.2934225791147127}
{"t": 1784486387.25647, "x": 1.8685668299122367, "y": -0.006577420885287346, "zone": null, "min_dist": 1.2934225791147127}
{"t": 1784486387.4166913, "x": 1.8685668299122367, "y": -0.006577420885287346, "zone": null, "min_dist": 1.2934225791147127}
{"t": 1784486387.576472, "x": 1.8685668299122367, "y": -0.006577420885287346, "zone": null, "min_dist": 1.2934225791147127}
{"t": 1784486387.7287393, "x": 1.8685668299122367, "y": -0.006577420885287346, "zone": null, "min_dist": 1.2934225791147127}
{"t": 1784486387.8809547, "x": 1.8685668299122367, "y": -0.006577420885287346, "zone": null, "min_dist": 1.2934225791147127}
{"t": 1784486388.0333724, "x": 1.8685668299122367, "y": -0.006577420885287346, "zone": null, "min_dist": 1.2934225791147127}
{"t": 1784486388.1856365, "x": 1.8685668299122367, "y": -0.006577420885287346, "zone": null, "min_dist": 1.2934225791147127}
{"t": 1784486388.3458376, "x": 1.8685668299122367, "y": -0.006577420885287346, "zone": null, "min_dist": 1.2934225791147127}
{"t": 1784486388.497983, "x": 1.8685668299122367, "y": -0.006577420885287346, "zone": null, "min_dist": 1.2934225791147127}
{"t": 1784486388.6744466, "x": 1.8685668299122367, "y": -0.006577420885287346, "zone": null, "min_dist": 1.2934225791147127}
{"t": 1784486388.826489, "x": 1.8685668299122367, "y": -0.006577420885287346, "zone": null, "min_dist": 1.2934225791147127}
{"t": 1784486388.9792526, "x": 1.8685668299122367, "y": -0.006577420885287346, "zone": null, "min_dist": 1.2934225791147127}
{"t": 1784486389.1310782, "x": 1.8685668299122367, "y": -0.006577420885287346, "zone": null, "min_dist": 1.2934225791147127}
{"t": 1784486389.2914872, "x": 1.8685668299122367, "y": -0.006577420885287346, "zone": null, "min_dist": 1.2934225791147127}
{"t": 1784486389.4434285, "x": 1.8685668299122367, "y": -0.006577420885287346, "zone": null, "min_dist": 1.2934225791147127}
{"t": 1784486389.6038132, "x": 1.8685668299122367, "y": -0.006577420885287346, "zone": null, "min_dist": 1.2934225791147127}
{"t": 1784486389.7809196, "x": 1.8685668299122367, "y": -0.006577420885287346, "zone": null, "min_dist": 1.2934225791147127}
{"t": 1784486389.9406295, "x": 1.8685668299122367, "y": -0.006577420885287346, "zone": null, "min_dist": 1.2934225791147127}
{"t": 1784486390.1010594, "x": 1.8685668299122367, "y": -0.006577420885287346, "zone": null, "min_dist": 1.2934225791147127}
{"t": 1784486390.2617676, "x": 1.8685668299122367, "y": -0.006577420885287346, "zone": null, "min_dist": 1.2934225791147127}
{"t": 1784486390.4136577, "x": 1.8685668299122367, "y": -0.006577420885287346, "zone": null, "min_dist": 1.2934225791147127}
{"t": 1784486390.5732825, "x": 1.8685668299122367, "y": -0.006577420885287346, "zone": null, "min_dist": 1.2934225791147127}
{"t": 1784486390.7339003, "x": 1.8685668299122367, "y": -0.006577420885287346, "zone": null, "min_dist": 1.2934225791147127}
{"t": 1784486390.8959675, "x": 1.8685668299122367, "y": -0.006577420885287346, "zone": null, "min_dist": 1.2934225791147127}
{"t": 1784486391.054519, "x": 1.8685668299122367, "y": -0.006577420885287346, "zone": null, "min_dist": 1.2934225791147127}
{"t": 1784486391.214899, "x": 1.8685668299122367, "y": -0.006577420885287346, "zone": null, "min_dist": 1.2934225791147127}
{"t": 1784486391.3670332, "x": 1.8685668299122367, "y": -0.006577420885287346, "zone": null, "min_dist": 1.2934225791147127}
{"t": 1784486391.519418, "x": 1.8685668299122367, "y": -0.006577420885287346, "zone": null, "min_dist": 1.2934225791147127}
{"t": 1784486391.6957128, "x": 1.8685668299122367, "y": -0.006577420885287346, "zone": null, "min_dist": 1.2934225791147127}
{"t": 1784486391.8479233, "x": 1.8685668299122367, "y": -0.006577420885287346, "zone": null, "min_dist": 1.2934225791147127}
{"t": 1784486392.0081828, "x": 1.8685668299122367, "y": -0.006577420885287346, "zone": null, "min_dist": 1.2934225791147127}
{"t": 1784486392.1689923, "x": 1.8685668299122367, "y": -0.006577420885287346, "zone": null, "min_dist": 1.2934225791147127}
{"t": 1784486392.3213391, "x": 1.8685668299122367, "y": -0.006577420885287346, "zone": null, "min_dist": 1.2934225791147127}
{"t": 1784486392.4815094, "x": 1.8685668299122367, "y": -0.006577420885287346, "zone": null, "min_dist": 1.2934225791147127}
{"t": 1784486392.6413262, "x": 1.8685668299122367, "y": -0.006577420885287346, "zone": null, "min_dist": 1.2934225791147127}
{"t": 1784486392.7939613, "x": 1.8685668299122367, "y": -0.006577420885287346, "zone": null, "min_dist": 1.2934225791147127}
{"t": 1784486392.946221, "x": 1.8685668299122367, "y": -0.006577420885287346, "zone": null, "min_dist": 1.2934225791147127}
{"t": 1784486393.1064734, "x": 1.8685668299122367, "y": -0.006577420885287346, "zone": null, "min_dist": 1.2934225791147127}
{"t": 1784486393.25897, "x": 1.8685668299122367, "y": -0.006577420885287346, "zone": null, "min_dist": 1.2934225791147127}
{"t": 1784486393.419573, "x": 1.8685668299122367, "y": -0.006577420885287346, "zone": null, "min_dist": 1.2934225791147127}
{"t": 1784486393.579517, "x": 1.8685668299122367, "y": -0.006577420885287346, "zone": null, "min_dist": 1.2934225791147127}
{"t": 1784486393.739328, "x": 1.8685668299122367, "y": -0.006577420885287346, "zone": null, "min_dist": 1.2934225791147127}
{"t": 1784486393.891984, "x": 1.8685668299122367, "y": -0.006577420885287346, "zone": null, "min_dist": 1.2934225791147127}
{"t": 1784486394.0521111, "x": 1.8685668299122367, "y": -0.006577420885287346, "zone": null, "min_dist": 1.2934225791147127}
{"t": 1784486394.2124019, "x": 1.8685668299122367, "y": -0.006577420885287346, "zone": null, "min_dist": 1.2934225791147127}
{"t": 1784486394.3644857, "x": 1.8685668299122367, "y": -0.006577420885287346, "zone": null, "min_dist": 1.2934225791147127}
{"t": 1784486394.5414798, "x": 1.8685668299122367, "y": -0.006577420885287346, "zone": null, "min_dist": 1.2934225791147127}
{"t": 1784486394.6936054, "x": 1.8685668299122367, "y": -0.006577420885287346, "zone": null, "min_dist": 1.2934225791147127}
{"t": 1784486394.8456042, "x": 1.8685668299122367, "y": -0.006577420885287346, "zone": null, "min_dist": 1.2934225791147127}
{"t": 1784486395.022591, "x": 1.8685668299122367, "y": -0.006577420885287346, "zone": null, "min_dist": 1.2934225791147127}
{"t": 1784486395.1740875, "x": 1.8685668299122367, "y": -0.006577420885287346, "zone": null, "min_dist": 1.2934225791147127}
{"t": 1784486395.326241, "x": 1.8685668299122367, "y": -0.006577420885287346, "zone": null, "min_dist": 1.2934225791147127}
{"t": 1784486395.4786675, "x": 1.8685668299122367, "y": -0.006577420885287346, "zone": null, "min_dist": 1.2934225791147127}
{"t": 1784486395.6310554, "x": 1.8685668299122367, "y": -0.006577420885287346, "zone": null, "min_dist": 1.2934225791147127}
{"t": 1784486395.7833345, "x": 1.8685668299122367, "y": -0.006577420885287346, "zone": null, "min_dist": 1.2934225791147127}
{"t": 1784486395.9355092, "x": 1.8685668299122367, "y": -0.006577420885287346, "zone": null, "min_dist": 1.2934225791147127}
{"t": 1784486396.0878198, "x": 1.8685668299122367, "y": -0.006577420885287346, "zone": null, "min_dist": 1.2934225791147127}
{"t": 1784486396.2480028, "x": 1.8685668299122367, "y": -0.006577420885287346, "zone": null, "min_dist": 1.2934225791147127}
{"t": 1784486396.4085855, "x": 1.8685668299122367, "y": -0.006577420885287346, "zone": null, "min_dist": 1.2934225791147127}
{"t": 1784486396.5686495, "x": 1.8685668299122367, "y": -0.006577420885287346, "zone": null, "min_dist": 1.2934225791147127}
{"t": 1784486396.7449944, "x": 1.8685668299122367, "y": -0.006577420885287346, "zone": null, "min_dist": 1.2934225791147127}
{"t": 1784486396.9052944, "x": 1.8685668299122367, "y": -0.006577420885287346, "zone": null, "min_dist": 1.2934225791147127}
{"t": 1784486397.065571, "x": 1.8685668299122367, "y": -0.006577420885287346, "zone": null, "min_dist": 1.2934225791147127}
{"t": 1784486397.2420506, "x": 1.8685668299122367, "y": -0.006577420885287346, "zone": null, "min_dist": 1.2934225791147127}
{"t": 1784486397.4185781, "x": 1.8685668299122367, "y": -0.006577420885287346, "zone": null, "min_dist": 1.2934225791147127}
{"t": 1784486397.5787034, "x": 1.8685668299122367, "y": -0.006577420885287346, "zone": null, "min_dist": 1.2934225791147127}
{"t": 1784486397.7388783, "x": 1.8685668299122367, "y": -0.006577420885287346, "zone": null, "min_dist": 1.2934225791147127}
{"t": 1784486397.8913152, "x": 1.8685668299122367, "y": -0.006577420885287346, "zone": null, "min_dist": 1.2934225791147127}
{"t": 1784486398.0675714, "x": 1.8685668299122367, "y": -0.006577420885287346, "zone": null, "min_dist": 1.2934225791147127}
{"t": 1784486398.228001, "x": 1.8685668299122367, "y": -0.006577420885287346, "zone": null, "min_dist": 1.2934225791147127}
{"t": 1784486398.379942, "x": 1.8685668299122367, "y": -0.006577420885287346, "zone": null, "min_dist": 1.2934225791147127}
{"t": 1784486398.5325255, "x": 1.8685668299122367, "y": -0.006577420885287346, "zone": null, "min_dist": 1.2934225791147127}
{"t": 1784486398.6842682, "x": 1.8685668299122367, "y": -0.006577420885287346, "zone": null, "min_dist": 1.2934225791147127}
{"t": 1784486398.8444445, "x": 1.8685668299122367, "y": -0.006577420885287346, "zone": null, "min_dist": 1.2934225791147127}
{"t": 1784486399.004524, "x": 1.8685668299122367, "y": -0.006577420885287346, "zone": null, "min_dist": 1.2934225791147127}
{"t": 1784486399.1650457, "x": 1.8685668299122367, "y": -0.006577420885287346, "zone": null, "min_dist": 1.2934225791147127}
{"t": 1784486399.3252041, "x": 1.8685668299122367, "y": -0.006577420885287346, "zone": null, "min_dist": 1.2934225791147127}
{"t": 1784486399.5017228, "x": 1.8685668299122367, "y": -0.006577420885287346, "zone": null, "min_dist": 1.2934225791147127}
{"t": 1784486399.6617987, "x": 1.8685668299122367, "y": -0.006577420885287346, "zone": null, "min_dist": 1.2934225791147127}
{"t": 1784486399.814079, "x": 1.8685668299122367, "y": -0.006577420885287346, "zone": null, "min_dist": 1.2934225791147127}
{"t": 1784486399.9664197, "x": 1.8685668299122367, "y": -0.006577420885287346, "zone": null, "min_dist": 1.2934225791147127}
{"t": 1784486400.1186898, "x": 1.8685668299122367, "y": -0.006577420885287346, "zone": null, "min_dist": 1.2934225791147127}
{"t": 1784486400.2789917, "x": 1.8685668299122367, "y": -0.006577420885287346, "zone": null, "min_dist": 1.2934225791147127}
{"t": 1784486400.439483, "x": 1.8685668299122367, "y": -0.006577420885287346, "zone": null, "min_dist": 1.2934225791147127}
{"t": 1784486400.5915244, "x": 1.8685668299122367, "y": -0.006577420885287346, "zone": null, "min_dist": 1.2934225791147127}
{"t": 1784486400.7438848, "x": 1.8685668299122367, "y": -0.006577420885287346, "zone": null, "min_dist": 1.2934225791147127}
{"t": 1784486400.8961475, "x": 1.8685668299122367, "y": -0.006577420885287346, "zone": null, "min_dist": 1.2934225791147127}
{"t": 1784486401.0486827, "x": 1.8685668299122367, "y": -0.006577420885287346, "zone": null, "min_dist": 1.2934225791147127}
{"t": 1784486401.2005484, "x": 1.8685668299122367, "y": -0.006577420885287346, "zone": null, "min_dist": 1.2934225791147127}
{"t": 1784486401.3529456, "x": 1.8685668299122367, "y": -0.006577420885287346, "zone": null, "min_dist": 1.2934225791147127}
{"t": 1784486401.505038, "x": 1.8685668299122367, "y": -0.006577420885287346, "zone": null, "min_dist": 1.2934225791147127}
{"t": 1784486401.6575704, "x": 1.8685668299122367, "y": -0.006577420885287346, "zone": null, "min_dist": 1.2934225791147127}
{"t": 1784486401.8178267, "x": 1.8685668299122367, "y": -0.006577420885287346, "zone": null, "min_dist": 1.2934225791147127}
{"t": 1784486401.9784207, "x": 1.8685668299122367, "y": -0.006577420885287346, "zone": null, "min_dist": 1.2934225791147127}
{"t": 1784486402.138572, "x": 1.8685668299122367, "y": -0.006577420885287346, "zone": null, "min_dist": 1.2934225791147127}
{"t": 1784486402.2908287, "x": 1.8685668299122367, "y": -0.006577420885287346, "zone": null, "min_dist": 1.2934225791147127}
{"t": 1784486402.4433358, "x": 1.8685668299122367, "y": -0.006577420885287346, "zone": null, "min_dist": 1.2934225791147127}
{"t": 1784486402.6033742, "x": 1.8685668299122367, "y": -0.006577420885287346, "zone": null, "min_dist": 1.2934225791147127}
{"t": 1784486402.7792957, "x": 1.8685668299122367, "y": -0.006577420885287346, "zone": null, "min_dist": 1.2934225791147127}
{"t": 1784486402.939136, "x": 1.8685668299122367, "y": -0.006577420885287346, "zone": null, "min_dist": 1.2934225791147127}
{"t": 1784486403.1156964, "x": 1.8685668299122367, "y": -0.006577420885287346, "zone": null, "min_dist": 1.2934225791147127}
{"t": 1784486403.2752066, "x": 1.8685668299122367, "y": -0.006577420885287346, "zone": null, "min_dist": 1.2934225791147127}
{"t": 1784486403.4280126, "x": 1.8685668299122367, "y": -0.006577420885287346, "zone": null, "min_dist": 1.2934225791147127}
{"t": 1784486403.5802917, "x": 1.8685668299122367, "y": -0.006577420885287346, "zone": null, "min_dist": 1.2934225791147127}
{"t": 1784486403.7401836, "x": 1.8685668299122367, "y": -0.006577420885287346, "zone": null, "min_dist": 1.2934225791147127}
{"t": 1784486403.9005764, "x": 1.8685668299122367, "y": -0.006577420885287346, "zone": null, "min_dist": 1.2934225791147127}
{"t": 1784486404.0610418, "x": 1.8685668299122367, "y": -0.006577420885287346, "zone": null, "min_dist": 1.2934225791147127}
{"t": 1784486404.2214785, "x": 1.8685668299122367, "y": -0.006577420885287346, "zone": null, "min_dist": 1.2934225791147127}
{"t": 1784486404.3732483, "x": 1.8685668299122367, "y": -0.006577420885287346, "zone": null, "min_dist": 1.2934225791147127}
{"t": 1784486404.5332727, "x": 1.8685668299122367, "y": -0.006577420885287346, "zone": null, "min_dist": 1.2934225791147127}
{"t": 1784486404.6861403, "x": 1.8685668299122367, "y": -0.006577420885287346, "zone": null, "min_dist": 1.2934225791147127}
{"t": 1784486404.8384602, "x": 1.8685668299122367, "y": -0.006577420885287346, "zone": null, "min_dist": 1.2934225791147127}
{"t": 1784486404.9986632, "x": 1.8685668299122367, "y": -0.006577420885287346, "zone": null, "min_dist": 1.2934225791147127}
{"t": 1784486405.1592271, "x": 1.8685668299122367, "y": -0.006577420885287346, "zone": null, "min_dist": 1.2934225791147127}
{"t": 1784486405.3112988, "x": 1.8685668299122367, "y": -0.006577420885287346, "zone": null, "min_dist": 1.2934225791147127}
{"t": 1784486405.4641314, "x": 1.8685668299122367, "y": -0.006577420885287346, "zone": null, "min_dist": 1.2934225791147127}
{"t": 1784486405.6407528, "x": 1.8685668299122367, "y": -0.006577420885287346, "zone": null, "min_dist": 1.2934225791147127}
{"t": 1784486405.8005383, "x": 1.8685668299122367, "y": -0.006577420885287346, "zone": null, "min_dist": 1.2934225791147127}
{"t": 1784486405.9528294, "x": 1.8685668299122367, "y": -0.006577420885287346, "zone": null, "min_dist": 1.2934225791147127}
{"t": 1784486406.113158, "x": 1.8685668299122367, "y": -0.006577420885287346, "zone": null, "min_dist": 1.2934225791147127}
{"t": 1784486406.2652395, "x": 1.8685668299122367, "y": -0.006577420885287346, "zone": null, "min_dist": 1.2934225791147127}
{"t": 1784486406.4177678, "x": 1.8685668299122367, "y": -0.006577420885287346, "zone": null, "min_dist": 1.2934225791147127}
{"t": 1784486406.5783522, "x": 1.8685668299122367, "y": -0.006577420885287346, "zone": null, "min_dist": 1.2934225791147127}
{"t": 1784486406.738216, "x": 1.8685668299122367, "y": -0.006577420885287346, "zone": null, "min_dist": 1.2934225791147127}
{"t": 1784486406.8986197, "x": 1.8685668299122367, "y": -0.006577420885287346, "zone": null, "min_dist": 1.2934225791147127}
{"t": 1784486407.0509293, "x": 1.8685668299122367, "y": -0.006577420885287346, "zone": null, "min_dist": 1.2934225791147127}
{"t": 1784486407.2117898, "x": 1.8685668299122367, "y": -0.006577420885287346, "zone": null, "min_dist": 1.2934225791147127}
{"t": 1784486407.363803, "x": 1.8685668299122367, "y": -0.006577420885287346, "zone": null, "min_dist": 1.2934225791147127}
{"t": 1784486407.5236838, "x": 1.8685668299122367, "y": -0.006577420885287346, "zone": null, "min_dist": 1.2934225791147127}
{"t": 1784486407.684346, "x": 1.8685668299122367, "y": -0.006577420885287346, "zone": null, "min_dist": 1.2934225791147127}
{"t": 1784486407.8446147, "x": 1.8685668299122367, "y": -0.006577420885287346, "zone": null, "min_dist": 1.2934225791147127}
{"t": 1784486407.9963243, "x": 1.8685668299122367, "y": -0.006577420885287346, "zone": null, "min_dist": 1.2934225791147127}
{"t": 1784486408.1729233, "x": 1.8685668299122367, "y": -0.006577420885287346, "zone": null, "min_dist": 1.2934225791147127}
{"t": 1784486408.3331423, "x": 1.8685668299122367, "y": -0.006577420885287346, "zone": null, "min_dist": 1.2934225791147127}
{"t": 1784486408.493212, "x": 1.8685668299122367, "y": -0.006577420885287346, "zone": null, "min_dist": 1.2934225791147127}
{"t": 1784486408.6535568, "x": 1.8685668299122367, "y": -0.006577420885287346, "zone": null, "min_dist": 1.2934225791147127}
{"t": 1784486408.8132675, "x": 1.8685668299122367, "y": -0.006577420885287346, "zone": null, "min_dist": 1.2934225791147127}
{"t": 1784486408.973445, "x": 1.8685668299122367, "y": -0.006577420885287346, "zone": null, "min_dist": 1.2934225791147127}
{"t": 1784486409.134266, "x": 1.8685668299122367, "y": -0.006577420885287346, "zone": null, "min_dist": 1.2934225791147127}
{"t": 1784486409.286391, "x": 1.8685668299122367, "y": -0.006577420885287346, "zone": null, "min_dist": 1.2934225791147127}
{"t": 1784486409.4470086, "x": 1.8685668299122367, "y": -0.006577420885287346, "zone": null, "min_dist": 1.2934225791147127}
{"t": 1784486409.6070552, "x": 1.8685668299122367, "y": -0.006577420885287346, "zone": null, "min_dist": 1.2934225791147127}
{"t": 1784486409.7672586, "x": 1.8685668299122367, "y": -0.006577420885287346, "zone": null, "min_dist": 1.2934225791147127}
{"t": 1784486409.9275022, "x": 1.8685668299122367, "y": -0.006577420885287346, "zone": null, "min_dist": 1.2934225791147127}
{"t": 1784486410.0880604, "x": 1.8685668299122367, "y": -0.006577420885287346, "zone": null, "min_dist": 1.2934225791147127}
{"t": 1784486410.2402267, "x": 1.8685668299122367, "y": -0.006577420885287346, "zone": null, "min_dist": 1.2934225791147127}
{"t": 1784486410.392554, "x": 1.8685668299122367, "y": -0.006577420885287346, "zone": null, "min_dist": 1.2934225791147127}
{"t": 1784486410.5531583, "x": 1.8685668299122367, "y": -0.006577420885287346, "zone": null, "min_dist": 1.2934225791147127}
{"t": 1784486410.7131236, "x": 1.8685668299122367, "y": -0.006577420885287346, "zone": null, "min_dist": 1.2934225791147127}
{"t": 1784486410.9694467, "x": 1.8685668299122367, "y": -0.006577420885287346, "zone": null, "min_dist": 1.2934225791147127}
{"t": 1784486411.1294217, "x": 1.8685668299122367, "y": -0.006577420885287346, "zone": null, "min_dist": 1.2934225791147127}
{"t": 1784486411.3062494, "x": 1.8685668299122367, "y": -0.006577420885287346, "zone": null, "min_dist": 1.2934225791147127}
{"t": 1784486411.4664447, "x": 1.8685668299122367, "y": -0.006577420885287346, "zone": null, "min_dist": 1.2934225791147127}
{"t": 1784486411.6272185, "x": 1.8685668299122367, "y": -0.006577420885287346, "zone": null, "min_dist": 1.2934225791147127}
{"t": 1784486411.7874405, "x": 1.8685668299122367, "y": -0.006577420885287346, "zone": null, "min_dist": 1.2934225791147127}
{"t": 1784486411.9474845, "x": 1.8685668299122367, "y": -0.006577420885287346, "zone": null, "min_dist": 1.2934225791147127}
{"t": 1784486412.1000307, "x": 1.8685668299122367, "y": -0.006577420885287346, "zone": null, "min_dist": 1.2934225791147127}
{"t": 1784486412.2525315, "x": 1.8685668299122367, "y": -0.006577420885287346, "zone": null, "min_dist": 1.2934225791147127}
{"t": 1784486412.4123404, "x": 1.8685668299122367, "y": -0.006577420885287346, "zone": null, "min_dist": 1.2934225791147127}
{"t": 1784486412.5723498, "x": 1.8685668299122367, "y": -0.006577420885287346, "zone": null, "min_dist": 1.2934225791147127}
{"t": 1784486412.7247717, "x": 1.8685668299122367, "y": -0.006577420885287346, "zone": null, "min_dist": 1.2934225791147127}
{"t": 1784486412.8847306, "x": 1.8685668299122367, "y": -0.006577420885287346, "zone": null, "min_dist": 1.2934225791147127}
{"t": 1784486413.037063, "x": 1.8685668299122367, "y": -0.006577420885287346, "zone": null, "min_dist": 1.2934225791147127}
{"t": 1784486413.1975026, "x": 1.8685668299122367, "y": -0.006577420885287346, "zone": null, "min_dist": 1.2934225791147127}
{"t": 1784486413.357751, "x": 1.8685668299122367, "y": -0.006577420885287346, "zone": null, "min_dist": 1.2934225791147127}
{"t": 1784486413.5101438, "x": 1.8685668299122367, "y": -0.006577420885287346, "zone": null, "min_dist": 1.2934225791147127}
{"t": 1784486413.6709168, "x": 1.8685668299122367, "y": -0.006577420885287346, "zone": null, "min_dist": 1.2934225791147127}
{"t": 1784486413.8313048, "x": 1.8685668299122367, "y": -0.006577420885287346, "zone": null, "min_dist": 1.2934225791147127}
{"t": 1784486413.9915893, "x": 1.8685668299122367, "y": -0.006577420885287346, "zone": null, "min_dist": 1.2934225791147127}
{"t": 1784486414.1516564, "x": 1.8685668299122367, "y": -0.006577420885287346, "zone": null, "min_dist": 1.2934225791147127}
{"t": 1784486414.3120384, "x": 1.8685668299122367, "y": -0.006577420885287346, "zone": null, "min_dist": 1.2934225791147127}
{"t": 1784486414.4644647, "x": 1.8685668299122367, "y": -0.006577420885287346, "zone": null, "min_dist": 1.2934225791147127}
{"t": 1784486414.6248262, "x": 1.8685668299122367, "y": -0.006577420885287346, "zone": null, "min_dist": 1.2934225791147127}
{"t": 1784486414.7847884, "x": 1.8685668299122367, "y": -0.006577420885287346, "zone": null, "min_dist": 1.2934225791147127}
{"t": 1784486414.9448857, "x": 1.8685668299122367, "y": -0.006577420885287346, "zone": null, "min_dist": 1.2934225791147127}
{"t": 1784486415.105309, "x": 1.8685668299122367, "y": -0.006577420885287346, "zone": null, "min_dist": 1.2934225791147127}
{"t": 1784486415.2654955, "x": 1.8685668299122367, "y": -0.006577420885287346, "zone": null, "min_dist": 1.2934225791147127}
{"t": 1784486415.425961, "x": 1.8685668299122367, "y": -0.006577420885287346, "zone": null, "min_dist": 1.2934225791147127}
{"t": 1784486415.5781944, "x": 1.8685668299122367, "y": -0.006577420885287346, "zone": null, "min_dist": 1.2934225791147127}
{"t": 1784486415.738511, "x": 1.8685668299122367, "y": -0.006577420885287346, "zone": null, "min_dist": 1.2934225791147127}
{"t": 1784486415.9144423, "x": 1.8685668299122367, "y": -0.006577420885287346, "zone": null, "min_dist": 1.2934225791147127}
{"t": 1784486416.0752301, "x": 1.8685668299122367, "y": -0.006577420885287346, "zone": null, "min_dist": 1.2934225791147127}
{"t": 1784486416.2356899, "x": 1.8685668299122367, "y": -0.006577420885287346, "zone": null, "min_dist": 1.2934225791147127}
{"t": 1784486416.3956065, "x": 1.8685668299122367, "y": -0.006577420885287346, "zone": null, "min_dist": 1.2934225791147127}
{"t": 1784486416.5559108, "x": 1.8685668299122367, "y": -0.006577420885287346, "zone": null, "min_dist": 1.2934225791147127}
{"t": 1784486416.7163749, "x": 1.8685668299122367, "y": -0.006577420885287346, "zone": null, "min_dist": 1.2934225791147127}
{"t": 1784486416.9712036, "x": 1.8685668299122367, "y": -0.006577420885287346, "zone": null, "min_dist": 1.2934225791147127}
{"t": 1784486417.1250181, "x": 1.8685668299122367, "y": -0.006577420885287346, "zone": null, "min_dist": 1.2934225791147127}
{"t": 1784486417.277644, "x": 1.8685668299122367, "y": -0.006577420885287346, "zone": null, "min_dist": 1.2934225791147127}
{"t": 1784486417.4376671, "x": 1.8685668299122367, "y": -0.006577420885287346, "zone": null, "min_dist": 1.2934225791147127}
{"t": 1784486417.5975158, "x": 1.8685668299122367, "y": -0.006577420885287346, "zone": null, "min_dist": 1.2934225791147127}
{"t": 1784486417.7578802, "x": 1.8685668299122367, "y": -0.006577420885287346, "zone": null, "min_dist": 1.2934225791147127}
{"t": 1784486417.9184487, "x": 1.8685668299122367, "y": -0.006577420885287346, "zone": null, "min_dist": 1.2934225791147127}
{"t": 1784486418.078963, "x": 1.8685668299122367, "y": -0.006577420885287346, "zone": null, "min_dist": 1.2934225791147127}
{"t": 1784486418.2316067, "x": 1.8685668299122367, "y": -0.006577420885287346, "zone": null, "min_dist": 1.2934225791147127}
{"t": 1784486418.3836358, "x": 1.8685668299122367, "y": -0.006577420885287346, "zone": null, "min_dist": 1.2934225791147127}
{"t": 1784486418.543558, "x": 1.8685668299122367, "y": -0.006577420885287346, "zone": null, "min_dist": 1.2934225791147127}
{"t": 1784486418.7037852, "x": 1.8685668299122367, "y": -0.006577420885287346, "zone": null, "min_dist": 1.2934225791147127}
{"t": 1784486418.8642797, "x": 1.8685668299122367, "y": -0.006577420885287346, "zone": null, "min_dist": 1.2934225791147127}
{"t": 1784486419.0244222, "x": 1.8685668299122367, "y": -0.006577420885287346, "zone": null, "min_dist": 1.2934225791147127}
{"t": 1784486419.1846793, "x": 1.8685668299122367, "y": -0.006577420885287346, "zone": null, "min_dist": 1.2934225791147127}
{"t": 1784486419.345224, "x": 1.8685668299122367, "y": -0.006577420885287346, "zone": null, "min_dist": 1.2934225791147127}
{"t": 1784486419.5051198, "x": 1.8685668299122367, "y": -0.006577420885287346, "zone": null, "min_dist": 1.2934225791147127}
{"t": 1784486419.6655307, "x": 1.8685668299122367, "y": -0.006577420885287346, "zone": null, "min_dist": 1.2934225791147127}
{"t": 1784486419.8179662, "x": 1.8685668299122367, "y": -0.006577420885287346, "zone": null, "min_dist": 1.2934225791147127}
{"t": 1784486419.9703429, "x": 1.8685668299122367, "y": -0.006577420885287346, "zone": null, "min_dist": 1.2934225791147127}
{"t": 1784486420.1308749, "x": 1.8685668299122367, "y": -0.006577420885287346, "zone": null, "min_dist": 1.2934225791147127}
{"t": 1784486420.2908688, "x": 1.8685668299122367, "y": -0.006577420885287346, "zone": null, "min_dist": 1.2934225791147127}
{"t": 1784486420.4432657, "x": 1.8685668299122367, "y": -0.006577420885287346, "zone": null, "min_dist": 1.2934225791147127}
{"t": 1784486420.6037612, "x": 1.8685668299122367, "y": -0.006577420885287346, "zone": null, "min_dist": 1.2934225791147127}
{"t": 1784486420.7636096, "x": 1.8685668299122367, "y": -0.006577420885287346, "zone": null, "min_dist": 1.2934225791147127}
{"t": 1784486420.9158921, "x": 1.8685668299122367, "y": -0.006577420885287346, "zone": null, "min_dist": 1.2934225791147127}
{"t": 1784486421.0762455, "x": 1.8685668299122367, "y": -0.006577420885287346, "zone": null, "min_dist": 1.2934225791147127}
{"t": 1784486421.2283726, "x": 1.8685668299122367, "y": -0.006577420885287346, "zone": null, "min_dist": 1.2934225791147127}
{"t": 1784486421.4041924, "x": 1.8685668299122367, "y": -0.006577420885287346, "zone": null, "min_dist": 1.2934225791147127}
{"t": 1784486421.5642905, "x": 1.8685668299122367, "y": -0.006577420885287346, "zone": null, "min_dist": 1.2934225791147127}
{"t": 1784486421.7247896, "x": 1.8685668299122367, "y": -0.006577420885287346, "zone": null, "min_dist": 1.2934225791147127}
{"t": 1784486421.8852024, "x": 1.8685668299122367, "y": -0.006577420885287346, "zone": null, "min_dist": 1.2934225791147127}
{"t": 1784486422.0373907, "x": 1.8685668299122367, "y": -0.006577420885287346, "zone": null, "min_dist": 1.2934225791147127}
{"t": 1784486422.189539, "x": 1.8685668299122367, "y": -0.006577420885287346, "zone": null, "min_dist": 1.2934225791147127}
{"t": 1784486422.366202, "x": 1.8685668299122367, "y": -0.006577420885287346, "zone": null, "min_dist": 1.2934225791147127}
{"t": 1784486422.526179, "x": 1.8685668299122367, "y": -0.006577420885287346, "zone": null, "min_dist": 1.2934225791147127}
{"t": 1784486422.6867461, "x": 1.8685668299122367, "y": -0.006577420885287346, "zone": null, "min_dist": 1.2934225791147127}
{"t": 1784486422.862693, "x": 1.8685668299122367, "y": -0.006577420885287346, "zone": null, "min_dist": 1.2934225791147127}
{"t": 1784486423.0230992, "x": 1.8685668299122367, "y": -0.006577420885287346, "zone": null, "min_dist": 1.2934225791147127}
{"t": 1784486423.1757982, "x": 1.8685668299122367, "y": -0.006577420885287346, "zone": null, "min_dist": 1.2934225791147127}
{"t": 1784486423.3359892, "x": 1.8685668299122367, "y": -0.006577420885287346, "zone": null, "min_dist": 1.2934225791147127}
{"t": 1784486423.4962764, "x": 1.8685668299122367, "y": -0.006577420885287346, "zone": null, "min_dist": 1.2934225791147127}
{"t": 1784486423.6566083, "x": 1.8685668299122367, "y": -0.006577420885287346, "zone": null, "min_dist": 1.2934225791147127}
{"t": 1784486423.8165562, "x": 1.8685668299122367, "y": -0.006577420885287346, "zone": null, "min_dist": 1.2934225791147127}
{"t": 1784486423.9769478, "x": 1.8685668299122367, "y": -0.006577420885287346, "zone": null, "min_dist": 1.2934225791147127}
{"t": 1784486424.1373744, "x": 1.8685668299122367, "y": -0.006577420885287346, "zone": null, "min_dist": 1.2934225791147127}
{"t": 1784486424.3137286, "x": 1.8685668299122367, "y": -0.006577420885287346, "zone": null, "min_dist": 1.2934225791147127}
{"t": 1784486424.4658422, "x": 1.8685668299122367, "y": -0.006577420885287346, "zone": null, "min_dist": 1.2934225791147127}
{"t": 1784486424.6257615, "x": 1.8685668299122367, "y": -0.006577420885287346, "zone": null, "min_dist": 1.2934225791147127}
{"t": 1784486424.7782211, "x": 1.8685668299122367, "y": -0.006577420885287346, "zone": null, "min_dist": 1.2934225791147127}
{"t": 1784486424.9385104, "x": 1.8685668299122367, "y": -0.006577420885287346, "zone": null, "min_dist": 1.2934225791147127}
{"t": 1784486425.0907123, "x": 1.8685668299122367, "y": -0.006577420885287346, "zone": null, "min_dist": 1.2934225791147127}
{"t": 1784486425.2429683, "x": 1.8685668299122367, "y": -0.006577420885287346, "zone": null, "min_dist": 1.2934225791147127}
{"t": 1784486425.3953414, "x": 1.8685668299122367, "y": -0.006577420885287346, "zone": null, "min_dist": 1.2934225791147127}
{"t": 1784486425.5471435, "x": 1.8685668299122367, "y": -0.006577420885287346, "zone": null, "min_dist": 1.2934225791147127}
{"t": 1784486425.6995983, "x": 1.8685668299122367, "y": -0.006577420885287346, "zone": null, "min_dist": 1.2934225791147127}
{"t": 1784486425.8522143, "x": 1.8685668299122367, "y": -0.006577420885287346, "zone": null, "min_dist": 1.2934225791147127}
{"t": 1784486426.028268, "x": 1.8685668299122367, "y": -0.006577420885287346, "zone": null, "min_dist": 1.2934225791147127}
{"t": 1784486426.2042894, "x": 1.8685668299122367, "y": -0.006577420885287346, "zone": null, "min_dist": 1.2934225791147127}
{"t": 1784486426.3564792, "x": 1.8685668299122367, "y": -0.006577420885287346, "zone": null, "min_dist": 1.2934225791147127}
{"t": 1784486426.5168338, "x": 1.8685668299122367, "y": -0.006577420885287346, "zone": null, "min_dist": 1.2934225791147127}
{"t": 1784486426.6934903, "x": 1.8685668299122367, "y": -0.006577420885287346, "zone": null, "min_dist": 1.2934225791147127}
{"t": 1784486426.8453636, "x": 1.8685668299122367, "y": -0.006577420885287346, "zone": null, "min_dist": 1.2934225791147127}
{"t": 1784486427.0054815, "x": 1.8685668299122367, "y": -0.006577420885287346, "zone": null, "min_dist": 1.2934225791147127}
{"t": 1784486427.1659708, "x": 1.8685668299122367, "y": -0.006577420885287346, "zone": null, "min_dist": 1.2934225791147127}
{"t": 1784486427.3186116, "x": 1.8685668299122367, "y": -0.006577420885287346, "zone": null, "min_dist": 1.2934225791147127}
{"t": 1784486427.4941552, "x": 1.8685668299122367, "y": -0.006577420885287346, "zone": null, "min_dist": 1.2934225791147127}
{"t": 1784486427.6472082, "x": 1.8685668299122367, "y": -0.006577420885287346, "zone": null, "min_dist": 1.2934225791147127}
{"t": 1784486427.7988176, "x": 1.8685668299122367, "y": -0.006577420885287346, "zone": null, "min_dist": 1.2934225791147127}
{"t": 1784486427.9510543, "x": 1.8685668299122367, "y": -0.006577420885287346, "zone": null, "min_dist": 1.2934225791147127}
{"t": 1784486428.1112454, "x": 1.8685668299122367, "y": -0.006577420885287346, "zone": null, "min_dist": 1.2934225791147127}
{"t": 1784486428.263401, "x": 1.8685668299122367, "y": -0.006577420885287346, "zone": null, "min_dist": 1.2934225791147127}
{"t": 1784486428.4162033, "x": 1.8685668299122367, "y": -0.006577420885287346, "zone": null, "min_dist": 1.2934225791147127}
{"t": 1784486428.5680447, "x": 1.8685668299122367, "y": -0.006577420885287346, "zone": null, "min_dist": 1.2934225791147127}
{"t": 1784486428.7446785, "x": 1.8685668299122367, "y": -0.006577420885287346, "zone": null, "min_dist": 1.2934225791147127}
{"t": 1784486428.8968937, "x": 1.8685668299122367, "y": -0.006577420885287346, "zone": null, "min_dist": 1.2934225791147127}
{"t": 1784486429.0492702, "x": 1.8685668299122367, "y": -0.006577420885287346, "zone": null, "min_dist": 1.2934225791147127}
{"t": 1784486429.2012372, "x": 1.8685668299122367, "y": -0.006577420885287346, "zone": null, "min_dist": 1.2934225791147127}
{"t": 1784486429.3613036, "x": 1.8685668299122367, "y": -0.006577420885287346, "zone": null, "min_dist": 1.2934225791147127}
{"t": 1784486429.5216377, "x": 1.8685668299122367, "y": -0.006577420885287346, "zone": null, "min_dist": 1.2934225791147127}
{"t": 1784486429.6813679, "x": 1.8685668299122367, "y": -0.006577420885287346, "zone": null, "min_dist": 1.2934225791147127}
{"t": 1784486429.833831, "x": 1.8685668299122367, "y": -0.006577420885287346, "zone": null, "min_dist": 1.2934225791147127}
{"t": 1784486429.994336, "x": 1.8685668299122367, "y": -0.006577420885287346, "zone": null, "min_dist": 1.2934225791147127}
{"t": 1784486430.1545448, "x": 1.8685668299122367, "y": -0.006577420885287346, "zone": null, "min_dist": 1.2934225791147127}
{"t": 1784486430.3307283, "x": 1.8685668299122367, "y": -0.006577420885287346, "zone": null, "min_dist": 1.2934225791147127}
{"t": 1784486430.4831011, "x": 1.8685668299122367, "y": -0.006577420885287346, "zone": null, "min_dist": 1.2934225791147127}
{"t": 1784486430.6432424, "x": 1.8685668299122367, "y": -0.006577420885287346, "zone": null, "min_dist": 1.2934225791147127}
{"t": 1784486430.8035538, "x": 1.8685668299122367, "y": -0.006577420885287346, "zone": null, "min_dist": 1.2934225791147127}
{"t": 1784486430.9632754, "x": 1.8685668299122367, "y": -0.006577420885287346, "zone": null, "min_dist": 1.2934225791147127}
{"t": 1784486431.1158917, "x": 1.8685668299122367, "y": -0.006577420885287346, "zone": null, "min_dist": 1.2934225791147127}
{"t": 1784486431.2685344, "x": 1.8685668299122367, "y": -0.006577420885287346, "zone": null, "min_dist": 1.2934225791147127}
{"t": 1784486431.4210913, "x": 1.8685668299122367, "y": -0.006577420885287346, "zone": null, "min_dist": 1.2934225791147127}
{"t": 1784486431.5811985, "x": 1.8685668299122367, "y": -0.006577420885287346, "zone": null, "min_dist": 1.2934225791147127}
{"t": 1784486431.7415333, "x": 1.8685668299122367, "y": -0.006577420885287346, "zone": null, "min_dist": 1.2934225791147127}
{"t": 1784486431.8941789, "x": 1.8685668299122367, "y": -0.006577420885287346, "zone": null, "min_dist": 1.2934225791147127}
{"t": 1784486432.046202, "x": 1.8685668299122367, "y": -0.006577420885287346, "zone": null, "min_dist": 1.2934225791147127}
{"t": 1784486432.198568, "x": 1.8685668299122367, "y": -0.006577420885287346, "zone": null, "min_dist": 1.2934225791147127}
{"t": 1784486432.3509042, "x": 1.8685668299122367, "y": -0.006577420885287346, "zone": null, "min_dist": 1.2934225791147127}
{"t": 1784486432.5032487, "x": 1.8685668299122367, "y": -0.006577420885287346, "zone": null, "min_dist": 1.2934225791147127}
{"t": 1784486432.6798763, "x": 1.8685668299122367, "y": -0.006577420885287346, "zone": null, "min_dist": 1.2934225791147127}
{"t": 1784486432.831706, "x": 1.8685668299122367, "y": -0.006577420885287346, "zone": null, "min_dist": 1.2934225791147127}
{"t": 1784486432.9918973, "x": 1.8685668299122367, "y": -0.006577420885287346, "zone": null, "min_dist": 1.2934225791147127}
{"t": 1784486433.144284, "x": 1.8685668299122367, "y": -0.006577420885287346, "zone": null, "min_dist": 1.2934225791147127}
{"t": 1784486433.2965264, "x": 1.8685668299122367, "y": -0.006577420885287346, "zone": null, "min_dist": 1.2934225791147127}
{"t": 1784486433.4571297, "x": 1.8685668299122367, "y": -0.006577420885287346, "zone": null, "min_dist": 1.2934225791147127}
{"t": 1784486433.6093125, "x": 1.8685668299122367, "y": -0.006577420885287346, "zone": null, "min_dist": 1.2934225791147127}
{"t": 1784486433.769256, "x": 1.8685668299122367, "y": -0.006577420885287346, "zone": null, "min_dist": 1.2934225791147127}
{"t": 1784486433.929677, "x": 1.8685668299122367, "y": -0.006577420885287346, "zone": null, "min_dist": 1.2934225791147127}
{"t": 1784486434.0896246, "x": 1.8685668299122367, "y": -0.006577420885287346, "zone": null, "min_dist": 1.2934225791147127}
{"t": 1784486434.242094, "x": 1.8685668299122367, "y": -0.006577420885287346, "zone": null, "min_dist": 1.2934225791147127}
{"t": 1784486434.402299, "x": 1.8685668299122367, "y": -0.006577420885287346, "zone": null, "min_dist": 1.2934225791147127}
{"t": 1784486434.5545468, "x": 1.8685668299122367, "y": -0.006577420885287346, "zone": null, "min_dist": 1.2934225791147127}
{"t": 1784486434.7151482, "x": 1.8685668299122367, "y": -0.006577420885287346, "zone": null, "min_dist": 1.2934225791147127}
{"t": 1784486434.8751636, "x": 1.8685668299122367, "y": -0.006577420885287346, "zone": null, "min_dist": 1.2934225791147127}
{"t": 1784486435.0276775, "x": 1.8685668299122367, "y": -0.006577420885287346, "zone": null, "min_dist": 1.2934225791147127}
{"t": 1784486435.1878057, "x": 1.8685668299122367, "y": -0.006577420885287346, "zone": null, "min_dist": 1.2934225791147127}
{"t": 1784486435.3643148, "x": 1.8685668299122367, "y": -0.006577420885287346, "zone": null, "min_dist": 1.2934225791147127}
{"t": 1784486435.5164418, "x": 1.8685668299122367, "y": -0.006577420885287346, "zone": null, "min_dist": 1.2934225791147127}
{"t": 1784486435.6687648, "x": 1.8685668299122367, "y": -0.006577420885287346, "zone": null, "min_dist": 1.2934225791147127}
{"t": 1784486435.8448002, "x": 1.8685668299122367, "y": -0.006577420885287346, "zone": null, "min_dist": 1.2934225791147127}
{"t": 1784486436.0051923, "x": 1.8685668299122367, "y": -0.006577420885287346, "zone": null, "min_dist": 1.2934225791147127}
{"t": 1784486436.157378, "x": 1.8685668299122367, "y": -0.006577420885287346, "zone": null, "min_dist": 1.2934225791147127}
{"t": 1784486436.3175962, "x": 1.8685668299122367, "y": -0.006577420885287346, "zone": null, "min_dist": 1.2934225791147127}
{"t": 1784486436.4938138, "x": 1.8685668299122367, "y": -0.006577420885287346, "zone": null, "min_dist": 1.2934225791147127}
{"t": 1784486436.6541862, "x": 1.8685668299122367, "y": -0.006577420885287346, "zone": null, "min_dist": 1.2934225791147127}
{"t": 1784486436.8145058, "x": 1.8685668299122367, "y": -0.006577420885287346, "zone": null, "min_dist": 1.2934225791147127}
{"t": 1784486436.9672647, "x": 1.8685668299122367, "y": -0.006577420885287346, "zone": null, "min_dist": 1.2934225791147127}
{"t": 1784486437.1269827, "x": 1.8685668299122367, "y": -0.006577420885287346, "zone": null, "min_dist": 1.2934225791147127}
{"t": 1784486437.287542, "x": 1.8685668299122367, "y": -0.006577420885287346, "zone": null, "min_dist": 1.2934225791147127}
{"t": 1784486437.4635959, "x": 1.8685668299122367, "y": -0.006577420885287346, "zone": null, "min_dist": 1.2934225791147127}
{"t": 1784486437.615831, "x": 1.8685668299122367, "y": -0.006577420885287346, "zone": null, "min_dist": 1.2934225791147127}
{"t": 1784486437.7680721, "x": 1.8685668299122367, "y": -0.006577420885287346, "zone": null, "min_dist": 1.2934225791147127}
{"t": 1784486437.9282851, "x": 1.8685668299122367, "y": -0.006577420885287346, "zone": null, "min_dist": 1.2934225791147127}
{"t": 1784486438.080349, "x": 1.8685668299122367, "y": -0.006577420885287346, "zone": null, "min_dist": 1.2934225791147127}
{"t": 1784486438.2329347, "x": 1.8685668299122367, "y": -0.006577420885287346, "zone": null, "min_dist": 1.2934225791147127}
{"t": 1784486438.3852105, "x": 1.8685668299122367, "y": -0.006577420885287346, "zone": null, "min_dist": 1.2934225791147127}
{"t": 1784486438.545453, "x": 1.8685668299122367, "y": -0.006577420885287346, "zone": null, "min_dist": 1.2934225791147127}
{"t": 1784486438.7058284, "x": 1.8685668299122367, "y": -0.006577420885287346, "zone": null, "min_dist": 1.2934225791147127}
{"t": 1784486438.8664567, "x": 1.8685668299122367, "y": -0.006577420885287346, "zone": null, "min_dist": 1.2934225791147127}
{"t": 1784486439.0264964, "x": 1.8685668299122367, "y": -0.006577420885287346, "zone": null, "min_dist": 1.2934225791147127}
{"t": 1784486439.1864183, "x": 1.8685668299122367, "y": -0.006577420885287346, "zone": null, "min_dist": 1.2934225791147127}
{"t": 1784486439.346776, "x": 1.8685668299122367, "y": -0.006577420885287346, "zone": null, "min_dist": 1.2934225791147127}
{"t": 1784486439.5234828, "x": 1.8685668299122367, "y": -0.006577420885287346, "zone": null, "min_dist": 1.2934225791147127}
{"t": 1784486439.6835246, "x": 1.8685668299122367, "y": -0.006577420885287346, "zone": null, "min_dist": 1.2934225791147127}
{"t": 1784486439.8356347, "x": 1.8685668299122367, "y": -0.006577420885287346, "zone": null, "min_dist": 1.2934225791147127}
{"t": 1784486439.9960694, "x": 1.8685668299122367, "y": -0.006577420885287346, "zone": null, "min_dist": 1.2934225791147127}
{"t": 1784486440.1564214, "x": 1.8685668299122367, "y": -0.006577420885287346, "zone": null, "min_dist": 1.2934225791147127}
{"t": 1784486440.3168013, "x": 1.8685668299122367, "y": -0.006577420885287346, "zone": null, "min_dist": 1.2934225791147127}
{"t": 1784486440.4688208, "x": 1.8685668299122367, "y": -0.006577420885287346, "zone": null, "min_dist": 1.2934225791147127}
{"t": 1784486440.6289065, "x": 1.8685668299122367, "y": -0.006577420885287346, "zone": null, "min_dist": 1.2934225791147127}
{"t": 1784486440.7893946, "x": 1.8685668299122367, "y": -0.006577420885287346, "zone": null, "min_dist": 1.2934225791147127}
{"t": 1784486440.9492133, "x": 1.8685668299122367, "y": -0.006577420885287346, "zone": null, "min_dist": 1.2934225791147127}
{"t": 1784486441.1097062, "x": 1.8685668299122367, "y": -0.006577420885287346, "zone": null, "min_dist": 1.2934225791147127}
{"t": 1784486441.2706394, "x": 1.8685668299122367, "y": -0.006577420885287346, "zone": null, "min_dist": 1.2934225791147127}
{"t": 1784486441.430509, "x": 1.8685668299122367, "y": -0.006577420885287346, "zone": null, "min_dist": 1.2934225791147127}
{"t": 1784486441.590435, "x": 1.8685668299122367, "y": -0.006577420885287346, "zone": null, "min_dist": 1.2934225791147127}
{"t": 1784486441.7508516, "x": 1.8685668299122367, "y": -0.006577420885287346, "zone": null, "min_dist": 1.2934225791147127}
{"t": 1784486441.9033015, "x": 1.8685668299122367, "y": -0.006577420885287346, "zone": null, "min_dist": 1.2934225791147127}
{"t": 1784486442.0637124, "x": 1.8685668299122367, "y": -0.006577420885287346, "zone": null, "min_dist": 1.2934225791147127}
{"t": 1784486442.215528, "x": 1.8685668299122367, "y": -0.006577420885287346, "zone": null, "min_dist": 1.2934225791147127}
{"t": 1784486442.3680563, "x": 1.8685668299122367, "y": -0.006577420885287346, "zone": null, "min_dist": 1.2934225791147127}
{"t": 1784486442.5205138, "x": 1.8685668299122367, "y": -0.006577420885287346, "zone": null, "min_dist": 1.2934225791147127}
{"t": 1784486442.672931, "x": 1.8685668299122367, "y": -0.006577420885287346, "zone": null, "min_dist": 1.2934225791147127}
{"t": 1784486442.824984, "x": 1.8685668299122367, "y": -0.006577420885287346, "zone": null, "min_dist": 1.2934225791147127}
{"t": 1784486442.985496, "x": 1.8685668299122367, "y": -0.006577420885287346, "zone": null, "min_dist": 1.2934225791147127}
{"t": 1784486443.145612, "x": 1.8685668299122367, "y": -0.006577420885287346, "zone": null, "min_dist": 1.2934225791147127}
{"t": 1784486443.322066, "x": 1.8685668299122367, "y": -0.006577420885287346, "zone": null, "min_dist": 1.2934225791147127}
{"t": 1784486443.4827466, "x": 1.8685668299122367, "y": -0.006577420885287346, "zone": null, "min_dist": 1.2934225791147127}
{"t": 1784486443.642795, "x": 1.8685668299122367, "y": -0.006577420885287346, "zone": null, "min_dist": 1.2934225791147127}
{"t": 1784486443.8029583, "x": 1.8685668299122367, "y": -0.006577420885287346, "zone": null, "min_dist": 1.2934225791147127}
{"t": 1784486443.9629238, "x": 1.8685668299122367, "y": -0.006577420885287346, "zone": null, "min_dist": 1.2934225791147127}
{"t": 1784486444.123619, "x": 1.8685668299122367, "y": -0.006577420885287346, "zone": null, "min_dist": 1.2934225791147127}
{"t": 1784486444.2757967, "x": 1.8685668299122367, "y": -0.006577420885287346, "zone": null, "min_dist": 1.2934225791147127}
{"t": 1784486444.4521995, "x": 1.8685668299122367, "y": -0.006577420885287346, "zone": null, "min_dist": 1.2934225791147127}
{"t": 1784486444.6125035, "x": 1.8685668299122367, "y": -0.006577420885287346, "zone": null, "min_dist": 1.2934225791147127}
{"t": 1784486444.7885015, "x": 1.8685668299122367, "y": -0.006577420885287346, "zone": null, "min_dist": 1.2934225791147127}
{"t": 1784486444.9486065, "x": 1.8685668299122367, "y": -0.006577420885287346, "zone": null, "min_dist": 1.2934225791147127}
{"t": 1784486445.1089537, "x": 1.8685668299122367, "y": -0.006577420885287346, "zone": null, "min_dist": 1.2934225791147127}
{"t": 1784486445.2623904, "x": 1.8685668299122367, "y": -0.006577420885287346, "zone": null, "min_dist": 1.2934225791147127}
{"t": 1784486445.4215, "x": 1.8685668299122367, "y": -0.006577420885287346, "zone": null, "min_dist": 1.2934225791147127}
{"t": 1784486445.5982718, "x": 1.8685668299122367, "y": -0.006577420885287346, "zone": null, "min_dist": 1.2934225791147127}
{"t": 1784486445.7580671, "x": 1.8685668299122367, "y": -0.006577420885287346, "zone": null, "min_dist": 1.2934225791147127}
{"t": 1784486445.918493, "x": 1.8685668299122367, "y": -0.006577420885287346, "zone": null, "min_dist": 1.2934225791147127}
{"t": 1784486446.0786736, "x": 1.8685668299122367, "y": -0.006577420885287346, "zone": null, "min_dist": 1.2934225791147127}
{"t": 1784486446.2309904, "x": 1.8685668299122367, "y": -0.006577420885287346, "zone": null, "min_dist": 1.2934225791147127}
{"t": 1784486446.3912017, "x": 1.8685668299122367, "y": -0.006577420885287346, "zone": null, "min_dist": 1.2934225791147127}
{"t": 1784486446.5431077, "x": 1.8685668299122367, "y": -0.006577420885287346, "zone": null, "min_dist": 1.2934225791147127}
{"t": 1784486446.704068, "x": 1.8685668299122367, "y": -0.006577420885287346, "zone": null, "min_dist": 1.2934225791147127}
{"t": 1784486446.8562539, "x": 1.8685668299122367, "y": -0.006577420885287346, "zone": null, "min_dist": 1.2934225791147127}
{"t": 1784486447.0084126, "x": 1.8685668299122367, "y": -0.006577420885287346, "zone": null, "min_dist": 1.2934225791147127}
{"t": 1784486447.1850812, "x": 1.8685668299122367, "y": -0.006577420885287346, "zone": null, "min_dist": 1.2934225791147127}
{"t": 1784486447.3370378, "x": 1.8685668299122367, "y": -0.006577420885287346, "zone": null, "min_dist": 1.2934225791147127}
{"t": 1784486447.4975293, "x": 1.8685668299122367, "y": -0.006577420885287346, "zone": null, "min_dist": 1.2934225791147127}
{"t": 1784486447.6575909, "x": 1.8685668299122367, "y": -0.006577420885287346, "zone": null, "min_dist": 1.2934225791147127}
{"t": 1784486447.8180401, "x": 1.8685668299122367, "y": -0.006577420885287346, "zone": null, "min_dist": 1.2934225791147127}
{"t": 1784486447.9704192, "x": 1.8685668299122367, "y": -0.006577420885287346, "zone": null, "min_dist": 1.2934225791147127}
{"t": 1784486448.1305823, "x": 1.8685668299122367, "y": -0.006577420885287346, "zone": null, "min_dist": 1.2934225791147127}
{"t": 1784486448.2908309, "x": 1.8685668299122367, "y": -0.006577420885287346, "zone": null, "min_dist": 1.2934225791147127}
{"t": 1784486448.4509907, "x": 1.8685668299122367, "y": -0.006577420885287346, "zone": null, "min_dist": 1.2934225791147127}
{"t": 1784486448.6273975, "x": 1.8685668299122367, "y": -0.006577420885287346, "zone": null, "min_dist": 1.2934225791147127}
{"t": 1784486448.7878456, "x": 1.8685668299122367, "y": -0.006577420885287346, "zone": null, "min_dist": 1.2934225791147127}
{"t": 1784486448.9400134, "x": 1.8685668299122367, "y": -0.006577420885287346, "zone": null, "min_dist": 1.2934225791147127}
{"t": 1784486449.1001942, "x": 1.8685668299122367, "y": -0.006577420885287346, "zone": null, "min_dist": 1.2934225791147127}
{"t": 1784486449.2521846, "x": 1.8685668299122367, "y": -0.006577420885287346, "zone": null, "min_dist": 1.2934225791147127}
{"t": 1784486449.412686, "x": 1.8685668299122367, "y": -0.006577420885287346, "zone": null, "min_dist": 1.2934225791147127}
{"t": 1784486449.5727181, "x": 1.8685668299122367, "y": -0.006577420885287346, "zone": null, "min_dist": 1.2934225791147127}
{"t": 1784486449.733136, "x": 1.8685668299122367, "y": -0.006577420885287346, "zone": null, "min_dist": 1.2934225791147127}
{"t": 1784486449.885831, "x": 1.8685668299122367, "y": -0.006577420885287346, "zone": null, "min_dist": 1.2934225791147127}
{"t": 1784486450.0454707, "x": 1.8685668299122367, "y": -0.006577420885287346, "zone": null, "min_dist": 1.2934225791147127}
{"t": 1784486450.2057636, "x": 1.8685668299122367, "y": -0.006577420885287346, "zone": null, "min_dist": 1.2934225791147127}
{"t": 1784486450.3662643, "x": 1.8685668299122367, "y": -0.006577420885287346, "zone": null, "min_dist": 1.2934225791147127}
{"t": 1784486450.5263941, "x": 1.8685668299122367, "y": -0.006577420885287346, "zone": null, "min_dist": 1.2934225791147127}
{"t": 1784486450.6872053, "x": 1.8685668299122367, "y": -0.006577420885287346, "zone": null, "min_dist": 1.2934225791147127}
{"t": 1784486450.839364, "x": 1.8685668299122367, "y": -0.006577420885287346, "zone": null, "min_dist": 1.2934225791147127}
{"t": 1784486450.999867, "x": 1.8685668299122367, "y": -0.006577420885287346, "zone": null, "min_dist": 1.2934225791147127}
{"t": 1784486451.1597064, "x": 1.8685668299122367, "y": -0.006577420885287346, "zone": null, "min_dist": 1.2934225791147127}
{"t": 1784486451.32083, "x": 1.8685668299122367, "y": -0.006577420885287346, "zone": null, "min_dist": 1.2934225791147127}
{"t": 1784486451.4890954, "x": 1.8685668299122367, "y": -0.006577420885287346, "zone": null, "min_dist": 1.2934225791147127}
{"t": 1784486451.64894, "x": 1.8685668299122367, "y": -0.006577420885287346, "zone": null, "min_dist": 1.2934225791147127}
{"t": 1784486451.809131, "x": 1.8685668299122367, "y": -0.006577420885287346, "zone": null, "min_dist": 1.2934225791147127}
{"t": 1784486451.9692492, "x": 1.8685668299122367, "y": -0.006577420885287346, "zone": null, "min_dist": 1.2934225791147127}
{"t": 1784486452.1218996, "x": 1.8685668299122367, "y": -0.006577420885287346, "zone": null, "min_dist": 1.2934225791147127}
{"t": 1784486452.2821145, "x": 1.8685668299122367, "y": -0.006577420885287346, "zone": null, "min_dist": 1.2934225791147127}
{"t": 1784486452.434386, "x": 1.8685668299122367, "y": -0.006577420885287346, "zone": null, "min_dist": 1.2934225791147127}
{"t": 1784486452.5868278, "x": 1.8685668299122367, "y": -0.006577420885287346, "zone": null, "min_dist": 1.2934225791147127}
{"t": 1784486452.7391317, "x": 1.8685668299122367, "y": -0.006577420885287346, "zone": null, "min_dist": 1.2934225791147127}
{"t": 1784486452.8995366, "x": 1.8685668299122367, "y": -0.006577420885287346, "zone": null, "min_dist": 1.2934225791147127}
{"t": 1784486453.0597496, "x": 1.8685668299122367, "y": -0.006577420885287346, "zone": null, "min_dist": 1.2934225791147127}
{"t": 1784486453.2198498, "x": 1.8685668299122367, "y": -0.006577420885287346, "zone": null, "min_dist": 1.2934225791147127}
{"t": 1784486453.372398, "x": 1.8685668299122367, "y": -0.006577420885287346, "zone": null, "min_dist": 1.2934225791147127}
{"t": 1784486453.5324855, "x": 1.8685668299122367, "y": -0.006577420885287346, "zone": null, "min_dist": 1.2934225791147127}
{"t": 1784486453.6929033, "x": 1.8685668299122367, "y": -0.006577420885287346, "zone": null, "min_dist": 1.2934225791147127}
{"t": 1784486453.8452594, "x": 1.8685668299122367, "y": -0.006577420885287346, "zone": null, "min_dist": 1.2934225791147127}
{"t": 1784486453.997394, "x": 1.8685668299122367, "y": -0.006577420885287346, "zone": null, "min_dist": 1.2934225791147127}
{"t": 1784486454.1573699, "x": 1.8685668299122367, "y": -0.006577420885287346, "zone": null, "min_dist": 1.2934225791147127}
{"t": 1784486454.3176556, "x": 1.8685668299122367, "y": -0.006577420885287346, "zone": null, "min_dist": 1.2934225791147127}
{"t": 1784486454.4777565, "x": 1.8685668299122367, "y": -0.006577420885287346, "zone": null, "min_dist": 1.2934225791147127}
{"t": 1784486454.638078, "x": 1.8685668299122367, "y": -0.006577420885287346, "zone": null, "min_dist": 1.2934225791147127}
{"t": 1784486454.7983673, "x": 1.8685668299122367, "y": -0.006577420885287346, "zone": null, "min_dist": 1.2934225791147127}
{"t": 1784486454.9581666, "x": 1.8685668299122367, "y": -0.006577420885287346, "zone": null, "min_dist": 1.2934225791147127}
{"t": 1784486455.1102982, "x": 1.8685668299122367, "y": -0.006577420885287346, "zone": null, "min_dist": 1.2934225791147127}
{"t": 1784486455.2710562, "x": 1.8685668299122367, "y": -0.006577420885287346, "zone": null, "min_dist": 1.2934225791147127}
{"t": 1784486455.4310386, "x": 1.8685668299122367, "y": -0.006577420885287346, "zone": null, "min_dist": 1.2934225791147127}
{"t": 1784486455.5913348, "x": 1.8685668299122367, "y": -0.006577420885287346, "zone": null, "min_dist": 1.2934225791147127}
{"t": 1784486455.751876, "x": 1.8685668299122367, "y": -0.006577420885287346, "zone": null, "min_dist": 1.2934225791147127}
{"t": 1784486455.9043937, "x": 1.8685668299122367, "y": -0.006577420885287346, "zone": null, "min_dist": 1.2934225791147127}
{"t": 1784486456.0563602, "x": 1.8685668299122367, "y": -0.006577420885287346, "zone": null, "min_dist": 1.2934225791147127}
{"t": 1784486456.2165582, "x": 1.8685668299122367, "y": -0.006577420885287346, "zone": null, "min_dist": 1.2934225791147127}
{"t": 1784486456.3692243, "x": 1.8685668299122367, "y": -0.006577420885287346, "zone": null, "min_dist": 1.2934225791147127}
{"t": 1784486456.529449, "x": 1.8685668299122367, "y": -0.006577420885287346, "zone": null, "min_dist": 1.2934225791147127}
{"t": 1784486456.6894715, "x": 1.8685668299122367, "y": -0.006577420885287346, "zone": null, "min_dist": 1.2934225791147127}
{"t": 1784486456.8497667, "x": 1.8685668299122367, "y": -0.006577420885287346, "zone": null, "min_dist": 1.2934225791147127}
{"t": 1784486457.0102282, "x": 1.8685668299122367, "y": -0.006577420885287346, "zone": null, "min_dist": 1.2934225791147127}
{"t": 1784486457.1625679, "x": 1.8685668299122367, "y": -0.006577420885287346, "zone": null, "min_dist": 1.2934225791147127}
{"t": 1784486457.3226829, "x": 1.8685668299122367, "y": -0.006577420885287346, "zone": null, "min_dist": 1.2934225791147127}
{"t": 1784486457.4828367, "x": 1.8685668299122367, "y": -0.006577420885287346, "zone": null, "min_dist": 1.2934225791147127}
{"t": 1784486457.6433008, "x": 1.8685668299122367, "y": -0.006577420885287346, "zone": null, "min_dist": 1.2934225791147127}
{"t": 1784486457.8036804, "x": 1.8685668299122367, "y": -0.006577420885287346, "zone": null, "min_dist": 1.2934225791147127}
{"t": 1784486457.9798622, "x": 1.8685668299122367, "y": -0.006577420885287346, "zone": null, "min_dist": 1.2934225791147127}
{"t": 1784486458.1322737, "x": 1.8685668299122367, "y": -0.006577420885287346, "zone": null, "min_dist": 1.2934225791147127}
{"t": 1784486458.2922142, "x": 1.8685668299122367, "y": -0.006577420885287346, "zone": null, "min_dist": 1.2934225791147127}
{"t": 1784486458.4523447, "x": 1.8685668299122367, "y": -0.006577420885287346, "zone": null, "min_dist": 1.2934225791147127}
{"t": 1784486458.6125526, "x": 1.8685668299122367, "y": -0.006577420885287346, "zone": null, "min_dist": 1.2934225791147127}
{"t": 1784486458.7888277, "x": 1.8685668299122367, "y": -0.006577420885287346, "zone": null, "min_dist": 1.2934225791147127}
{"t": 1784486458.9495704, "x": 1.8685668299122367, "y": -0.006577420885287346, "zone": null, "min_dist": 1.2934225791147127}
{"t": 1784486459.1093793, "x": 1.8685668299122367, "y": -0.006577420885287346, "zone": null, "min_dist": 1.2934225791147127}
{"t": 1784486459.2619016, "x": 1.8685668299122367, "y": -0.006577420885287346, "zone": null, "min_dist": 1.2934225791147127}
{"t": 1784486459.4223416, "x": 1.8685668299122367, "y": -0.006577420885287346, "zone": null, "min_dist": 1.2934225791147127}
{"t": 1784486459.5826952, "x": 1.8685668299122367, "y": -0.006577420885287346, "zone": null, "min_dist": 1.2934225791147127}
{"t": 1784486459.7428062, "x": 1.8685668299122367, "y": -0.006577420885287346, "zone": null, "min_dist": 1.2934225791147127}
{"t": 1784486459.9033635, "x": 1.8685668299122367, "y": -0.006577420885287346, "zone": null, "min_dist": 1.2934225791147127}
{"t": 1784486460.0633872, "x": 1.8685668299122367, "y": -0.006577420885287346, "zone": null, "min_dist": 1.2934225791147127}
{"t": 1784486460.2233405, "x": 1.8685668299122367, "y": -0.006577420885287346, "zone": null, "min_dist": 1.2934225791147127}
{"t": 1784486460.383783, "x": 1.8685668299122367, "y": -0.006577420885287346, "zone": null, "min_dist": 1.2934225791147127}
{"t": 1784486460.543985, "x": 1.8685668299122367, "y": -0.006577420885287346, "zone": null, "min_dist": 1.2934225791147127}
{"t": 1784486460.7203698, "x": 1.8685668299122367, "y": -0.006577420885287346, "zone": null, "min_dist": 1.2934225791147127}
{"t": 1784486460.8805978, "x": 1.8685668299122367, "y": -0.006577420885287346, "zone": null, "min_dist": 1.2934225791147127}
{"t": 1784486461.040999, "x": 1.8685668299122367, "y": -0.006577420885287346, "zone": null, "min_dist": 1.2934225791147127}
{"t": 1784486461.2014394, "x": 1.8685668299122367, "y": -0.006577420885287346, "zone": null, "min_dist": 1.2934225791147127}
{"t": 1784486461.3615289, "x": 1.8685668299122367, "y": -0.006577420885287346, "zone": null, "min_dist": 1.2934225791147127}
{"t": 1784486461.521532, "x": 1.8685668299122367, "y": -0.006577420885287346, "zone": null, "min_dist": 1.2934225791147127}
{"t": 1784486461.6743004, "x": 1.8685668299122367, "y": -0.006577420885287346, "zone": null, "min_dist": 1.2934225791147127}
{"t": 1784486461.8343308, "x": 1.8685668299122367, "y": -0.006577420885287346, "zone": null, "min_dist": 1.2934225791147127}
{"t": 1784486461.9866111, "x": 1.8685668299122367, "y": -0.006577420885287346, "zone": null, "min_dist": 1.2934225791147127}
{"t": 1784486462.1468055, "x": 1.8685668299122367, "y": -0.006577420885287346, "zone": null, "min_dist": 1.2934225791147127}
{"t": 1784486462.3076, "x": 1.8685668299122367, "y": -0.006577420885287346, "zone": null, "min_dist": 1.2934225791147127}
{"t": 1784486462.4593084, "x": 1.8685668299122367, "y": -0.006577420885287346, "zone": null, "min_dist": 1.2934225791147127}
{"t": 1784486462.6354003, "x": 1.8685668299122367, "y": -0.006577420885287346, "zone": null, "min_dist": 1.2934225791147127}
{"t": 1784486462.7958868, "x": 1.8685668299122367, "y": -0.006577420885287346, "zone": null, "min_dist": 1.2934225791147127}
{"t": 1784486462.95636, "x": 1.8685668299122367, "y": -0.006577420885287346, "zone": null, "min_dist": 1.2934225791147127}
{"t": 1784486463.1164339, "x": 1.8685668299122367, "y": -0.006577420885287346, "zone": null, "min_dist": 1.2934225791147127}
{"t": 1784486463.2682915, "x": 1.8685668299122367, "y": -0.006577420885287346, "zone": null, "min_dist": 1.2934225791147127}
{"t": 1784486463.4286203, "x": 1.8685668299122367, "y": -0.006577420885287346, "zone": null, "min_dist": 1.2934225791147127}
{"t": 1784486463.5812042, "x": 1.8685668299122367, "y": -0.006577420885287346, "zone": null, "min_dist": 1.2934225791147127}
{"t": 1784486463.741462, "x": 1.8685668299122367, "y": -0.006577420885287346, "zone": null, "min_dist": 1.2934225791147127}
{"t": 1784486463.9020119, "x": 1.8685668299122367, "y": -0.006577420885287346, "zone": null, "min_dist": 1.2934225791147127}
{"t": 1784486464.0624251, "x": 1.8685668299122367, "y": -0.006577420885287346, "zone": null, "min_dist": 1.2934225791147127}
{"t": 1784486464.2225385, "x": 1.8685668299122367, "y": -0.006577420885287346, "zone": null, "min_dist": 1.2934225791147127}
{"t": 1784486464.3825676, "x": 1.8685668299122367, "y": -0.006577420885287346, "zone": null, "min_dist": 1.2934225791147127}
{"t": 1784486464.5427766, "x": 1.8685668299122367, "y": -0.006577420885287346, "zone": null, "min_dist": 1.2934225791147127}
{"t": 1784486464.7048318, "x": 1.8685668299122367, "y": -0.006577420885287346, "zone": null, "min_dist": 1.2934225791147127}
{"t": 1784486464.8640847, "x": 1.8685668299122367, "y": -0.006577420885287346, "zone": null, "min_dist": 1.2934225791147127}
{"t": 1784486465.0240982, "x": 1.8685668299122367, "y": -0.006577420885287346, "zone": null, "min_dist": 1.2934225791147127}
{"t": 1784486465.1763086, "x": 1.8685668299122367, "y": -0.006577420885287346, "zone": null, "min_dist": 1.2934225791147127}
{"t": 1784486465.3288515, "x": 1.8685668299122367, "y": -0.006577420885287346, "zone": null, "min_dist": 1.2934225791147127}
{"t": 1784486465.4812183, "x": 1.8685668299122367, "y": -0.006577420885287346, "zone": null, "min_dist": 1.2934225791147127}
{"t": 1784486465.641377, "x": 1.8685668299122367, "y": -0.006577420885287346, "zone": null, "min_dist": 1.2934225791147127}
{"t": 1784486465.7937088, "x": 1.8685668299122367, "y": -0.006577420885287346, "zone": null, "min_dist": 1.2934225791147127}
{"t": 1784486465.9540756, "x": 1.8685668299122367, "y": -0.006577420885287346, "zone": null, "min_dist": 1.2934225791147127}
{"t": 1784486466.114598, "x": 1.8685668299122367, "y": -0.006577420885287346, "zone": null, "min_dist": 1.2934225791147127}
{"t": 1784486466.2745042, "x": 1.8685668299122367, "y": -0.006577420885287346, "zone": null, "min_dist": 1.2934225791147127}
{"t": 1784486466.426897, "x": 1.8685668299122367, "y": -0.006577420885287346, "zone": null, "min_dist": 1.2934225791147127}
{"t": 1784486466.5870738, "x": 1.8685668299122367, "y": -0.006577420885287346, "zone": null, "min_dist": 1.2934225791147127}
{"t": 1784486466.7393086, "x": 1.8685668299122367, "y": -0.006577420885287346, "zone": null, "min_dist": 1.2934225791147127}
{"t": 1784486466.8915613, "x": 1.8685668299122367, "y": -0.006577420885287346, "zone": null, "min_dist": 1.2934225791147127}
{"t": 1784486467.0518398, "x": 1.8685668299122367, "y": -0.006577420885287346, "zone": null, "min_dist": 1.2934225791147127}
{"t": 1784486467.2039115, "x": 1.8685668299122367, "y": -0.006577420885287346, "zone": null, "min_dist": 1.2934225791147127}
{"t": 1784486467.3563275, "x": 1.8685668299122367, "y": -0.006577420885287346, "zone": null, "min_dist": 1.2934225791147127}
{"t": 1784486467.5167754, "x": 1.8685668299122367, "y": -0.006577420885287346, "zone": null, "min_dist": 1.2934225791147127}
{"t": 1784486467.6767664, "x": 1.8685668299122367, "y": -0.006577420885287346, "zone": null, "min_dist": 1.2934225791147127}
{"t": 1784486467.8371313, "x": 1.8685668299122367, "y": -0.006577420885287346, "zone": null, "min_dist": 1.2934225791147127}
{"t": 1784486467.9896016, "x": 1.8685668299122367, "y": -0.006577420885287346, "zone": null, "min_dist": 1.2934225791147127}
{"t": 1784486468.1492636, "x": 1.8685668299122367, "y": -0.006577420885287346, "zone": null, "min_dist": 1.2934225791147127}
{"t": 1784486468.3096437, "x": 1.8685668299122367, "y": -0.006577420885287346, "zone": null, "min_dist": 1.2934225791147127}
{"t": 1784486468.486647, "x": 1.8685668299122367, "y": -0.006577420885287346, "zone": null, "min_dist": 1.2934225791147127}
{"t": 1784486468.6462815, "x": 1.8685668299122367, "y": -0.006577420885287346, "zone": null, "min_dist": 1.2934225791147127}
{"t": 1784486468.8064475, "x": 1.8685668299122367, "y": -0.006577420885287346, "zone": null, "min_dist": 1.2934225791147127}
{"t": 1784486468.9588647, "x": 1.8685668299122367, "y": -0.006577420885287346, "zone": null, "min_dist": 1.2934225791147127}
{"t": 1784486469.1111462, "x": 1.8685668299122367, "y": -0.006577420885287346, "zone": null, "min_dist": 1.2934225791147127}
{"t": 1784486469.263232, "x": 1.8685668299122367, "y": -0.006577420885287346, "zone": null, "min_dist": 1.2934225791147127}
{"t": 1784486469.4152987, "x": 1.8685668299122367, "y": -0.006577420885287346, "zone": null, "min_dist": 1.2934225791147127}
{"t": 1784486469.5676575, "x": 1.8685668299122367, "y": -0.006577420885287346, "zone": null, "min_dist": 1.2934225791147127}
{"t": 1784486469.7280865, "x": 1.8685668299122367, "y": -0.006577420885287346, "zone": null, "min_dist": 1.2934225791147127}
{"t": 1784486469.880568, "x": 1.8685668299122367, "y": -0.006577420885287346, "zone": null, "min_dist": 1.2934225791147127}
{"t": 1784486470.0329719, "x": 1.8685668299122367, "y": -0.006577420885287346, "zone": null, "min_dist": 1.2934225791147127}
{"t": 1784486470.1929328, "x": 1.8685668299122367, "y": -0.006577420885287346, "zone": null, "min_dist": 1.2934225791147127}
{"t": 1784486470.34512, "x": 1.8685668299122367, "y": -0.006577420885287346, "zone": null, "min_dist": 1.2934225791147127}
{"t": 1784486470.4973905, "x": 1.8685668299122367, "y": -0.006577420885287346, "zone": null, "min_dist": 1.2934225791147127}
{"t": 1784486470.6584973, "x": 1.8685668299122367, "y": -0.006577420885287346, "zone": null, "min_dist": 1.2934225791147127}
{"t": 1784486470.8181646, "x": 1.8685668299122367, "y": -0.006577420885287346, "zone": null, "min_dist": 1.2934225791147127}
{"t": 1784486470.9785118, "x": 1.8685668299122367, "y": -0.006577420885287346, "zone": null, "min_dist": 1.2934225791147127}
{"t": 1784486471.1386657, "x": 1.8685668299122367, "y": -0.006577420885287346, "zone": null, "min_dist": 1.2934225791147127}
{"t": 1784486471.2987223, "x": 1.8685668299122367, "y": -0.006577420885287346, "zone": null, "min_dist": 1.2934225791147127}
{"t": 1784486471.4592047, "x": 1.8685668299122367, "y": -0.006577420885287346, "zone": null, "min_dist": 1.2934225791147127}
{"t": 1784486471.6195254, "x": 1.8685668299122367, "y": -0.006577420885287346, "zone": null, "min_dist": 1.2934225791147127}
{"t": 1784486471.7796512, "x": 1.8685668299122367, "y": -0.006577420885287346, "zone": null, "min_dist": 1.2934225791147127}
{"t": 1784486471.9395912, "x": 1.8685668299122367, "y": -0.006577420885287346, "zone": null, "min_dist": 1.2934225791147127}
{"t": 1784486472.0923228, "x": 1.8685668299122367, "y": -0.006577420885287346, "zone": null, "min_dist": 1.2934225791147127}
{"t": 1784486472.2522967, "x": 1.8685668299122367, "y": -0.006577420885287346, "zone": null, "min_dist": 1.2934225791147127}
{"t": 1784486472.404499, "x": 1.8685668299122367, "y": -0.006577420885287346, "zone": null, "min_dist": 1.2934225791147127}
{"t": 1784486472.565095, "x": 1.8685668299122367, "y": -0.006577420885287346, "zone": null, "min_dist": 1.2934225791147127}
{"t": 1784486472.7253237, "x": 1.8685668299122367, "y": -0.006577420885287346, "zone": null, "min_dist": 1.2934225791147127}
{"t": 1784486472.8776183, "x": 1.8685668299122367, "y": -0.006577420885287346, "zone": null, "min_dist": 1.2934225791147127}
{"t": 1784486473.0300152, "x": 1.8685668299122367, "y": -0.006577420885287346, "zone": null, "min_dist": 1.2934225791147127}
{"t": 1784486473.1903439, "x": 1.8685668299122367, "y": -0.006577420885287346, "zone": null, "min_dist": 1.2934225791147127}
{"t": 1784486473.3504188, "x": 1.8685668299122367, "y": -0.006577420885287346, "zone": null, "min_dist": 1.2934225791147127}
{"t": 1784486473.5107846, "x": 1.8685668299122367, "y": -0.006577420885287346, "zone": null, "min_dist": 1.2934225791147127}
{"t": 1784486473.671166, "x": 1.8685668299122367, "y": -0.006577420885287346, "zone": null, "min_dist": 1.2934225791147127}
{"t": 1784486473.8317618, "x": 1.8685668299122367, "y": -0.006577420885287346, "zone": null, "min_dist": 1.2934225791147127}
{"t": 1784486473.992241, "x": 1.8685668299122367, "y": -0.006577420885287346, "zone": null, "min_dist": 1.2934225791147127}
{"t": 1784486474.152046, "x": 1.8685668299122367, "y": -0.006577420885287346, "zone": null, "min_dist": 1.2934225791147127}
{"t": 1784486474.3122902, "x": 1.8685668299122367, "y": -0.006577420885287346, "zone": null, "min_dist": 1.2934225791147127}
{"t": 1784486474.4645102, "x": 1.8685668299122367, "y": -0.006577420885287346, "zone": null, "min_dist": 1.2934225791147127}
{"t": 1784486474.624714, "x": 1.8685668299122367, "y": -0.006577420885287346, "zone": null, "min_dist": 1.2934225791147127}
{"t": 1784486474.7774136, "x": 1.8685668299122367, "y": -0.006577420885287346, "zone": null, "min_dist": 1.2934225791147127}
{"t": 1784486474.9534907, "x": 1.8685668299122367, "y": -0.006577420885287346, "zone": null, "min_dist": 1.2934225791147127}
{"t": 1784486475.105404, "x": 1.8685668299122367, "y": -0.006577420885287346, "zone": null, "min_dist": 1.2934225791147127}
{"t": 1784486475.2818558, "x": 1.8685668299122367, "y": -0.006577420885287346, "zone": null, "min_dist": 1.2934225791147127}
{"t": 1784486475.4422112, "x": 1.8685668299122367, "y": -0.006577420885287346, "zone": null, "min_dist": 1.2934225791147127}
{"t": 1784486475.5942907, "x": 1.8685668299122367, "y": -0.006577420885287346, "zone": null, "min_dist": 1.2934225791147127}
{"t": 1784486475.7707655, "x": 1.8685668299122367, "y": -0.006577420885287346, "zone": null, "min_dist": 1.2934225791147127}
{"t": 1784486475.931203, "x": 1.8685668299122367, "y": -0.006577420885287346, "zone": null, "min_dist": 1.2934225791147127}
{"t": 1784486476.083279, "x": 1.8685668299122367, "y": -0.006577420885287346, "zone": null, "min_dist": 1.2934225791147127}
{"t": 1784486476.2440019, "x": 1.8685668299122367, "y": -0.006577420885287346, "zone": null, "min_dist": 1.2934225791147127}
{"t": 1784486476.3960843, "x": 1.8685668299122367, "y": -0.006577420885287346, "zone": null, "min_dist": 1.2934225791147127}
{"t": 1784486476.5564022, "x": 1.8685668299122367, "y": -0.006577420885287346, "zone": null, "min_dist": 1.2934225791147127}
{"t": 1784486476.7163093, "x": 1.8685668299122367, "y": -0.006577420885287346, "zone": null, "min_dist": 1.2934225791147127}
{"t": 1784486476.8688343, "x": 1.8685668299122367, "y": -0.006577420885287346, "zone": null, "min_dist": 1.2934225791147127}
{"t": 1784486477.0212076, "x": 1.8685668299122367, "y": -0.006577420885287346, "zone": null, "min_dist": 1.2934225791147127}
{"t": 1784486477.1732213, "x": 1.8685668299122367, "y": -0.006577420885287346, "zone": null, "min_dist": 1.2934225791147127}
{"t": 1784486477.349934, "x": 1.8685668299122367, "y": -0.006577420885287346, "zone": null, "min_dist": 1.2934225791147127}
{"t": 1784486477.5097938, "x": 1.8685668299122367, "y": -0.006577420885287346, "zone": null, "min_dist": 1.2934225791147127}
{"t": 1784486477.6707191, "x": 1.8685668299122367, "y": -0.006577420885287346, "zone": null, "min_dist": 1.2934225791147127}
{"t": 1784486477.8225067, "x": 1.8685668299122367, "y": -0.006577420885287346, "zone": null, "min_dist": 1.2934225791147127}
{"t": 1784486477.9830425, "x": 1.8685668299122367, "y": -0.006577420885287346, "zone": null, "min_dist": 1.2934225791147127}
{"t": 1784486478.1434152, "x": 1.8685668299122367, "y": -0.006577420885287346, "zone": null, "min_dist": 1.2934225791147127}
{"t": 1784486478.303626, "x": 1.8685668299122367, "y": -0.006577420885287346, "zone": null, "min_dist": 1.2934225791147127}
{"t": 1784486478.4633448, "x": 1.8685668299122367, "y": -0.006577420885287346, "zone": null, "min_dist": 1.2934225791147127}
{"t": 1784486478.6238139, "x": 1.8685668299122367, "y": -0.006577420885287346, "zone": null, "min_dist": 1.2934225791147127}
{"t": 1784486478.8005762, "x": 1.8685668299122367, "y": -0.006577420885287346, "zone": null, "min_dist": 1.2934225791147127}
{"t": 1784486478.9609056, "x": 1.8685668299122367, "y": -0.006577420885287346, "zone": null, "min_dist": 1.2934225791147127}
{"t": 1784486479.137207, "x": 1.8685668299122367, "y": -0.006577420885287346, "zone": null, "min_dist": 1.2934225791147127}
{"t": 1784486479.2892296, "x": 1.8685668299122367, "y": -0.006577420885287346, "zone": null, "min_dist": 1.2934225791147127}
{"t": 1784486479.4656162, "x": 1.8685668299122367, "y": -0.006577420885287346, "zone": null, "min_dist": 1.2934225791147127}
{"t": 1784486479.6183586, "x": 1.8685668299122367, "y": -0.006577420885287346, "zone": null, "min_dist": 1.2934225791147127}
{"t": 1784486479.7702603, "x": 1.8685668299122367, "y": -0.006577420885287346, "zone": null, "min_dist": 1.2934225791147127}
{"t": 1784486479.9465773, "x": 1.8685668299122367, "y": -0.006577420885287346, "zone": null, "min_dist": 1.2934225791147127}
{"t": 1784486480.0989146, "x": 1.8685668299122367, "y": -0.006577420885287346, "zone": null, "min_dist": 1.2934225791147127}
{"t": 1784486480.2593665, "x": 1.8685668299122367, "y": -0.006577420885287346, "zone": null, "min_dist": 1.2934225791147127}
{"t": 1784486480.4192007, "x": 1.8685668299122367, "y": -0.006577420885287346, "zone": null, "min_dist": 1.2934225791147127}
{"t": 1784486480.580503, "x": 1.8685668299122367, "y": -0.006577420885287346, "zone": null, "min_dist": 1.2934225791147127}
{"t": 1784486480.739538, "x": 1.8685668299122367, "y": -0.006577420885287346, "zone": null, "min_dist": 1.2934225791147127}
{"t": 1784486480.891972, "x": 1.8685668299122367, "y": -0.006577420885287346, "zone": null, "min_dist": 1.2934225791147127}
{"t": 1784486481.0524316, "x": 1.8685668299122367, "y": -0.006577420885287346, "zone": null, "min_dist": 1.2934225791147127}
{"t": 1784486481.2128103, "x": 1.8685668299122367, "y": -0.006577420885287346, "zone": null, "min_dist": 1.2934225791147127}
{"t": 1784486481.364906, "x": 1.8685668299122367, "y": -0.006577420885287346, "zone": null, "min_dist": 1.2934225791147127}
{"t": 1784486481.5252905, "x": 1.8685668299122367, "y": -0.006577420885287346, "zone": null, "min_dist": 1.2934225791147127}
{"t": 1784486481.678119, "x": 1.8685668299122367, "y": -0.006577420885287346, "zone": null, "min_dist": 1.2934225791147127}
{"t": 1784486481.8386755, "x": 1.8685668299122367, "y": -0.006577420885287346, "zone": null, "min_dist": 1.2934225791147127}
{"t": 1784486481.9984477, "x": 1.8685668299122367, "y": -0.006577420885287346, "zone": null, "min_dist": 1.2934225791147127}
{"t": 1784486482.1585748, "x": 1.8685668299122367, "y": -0.006577420885287346, "zone": null, "min_dist": 1.2934225791147127}
{"t": 1784486482.311162, "x": 1.8685668299122367, "y": -0.006577420885287346, "zone": null, "min_dist": 1.2934225791147127}
{"t": 1784486482.4711053, "x": 1.8685668299122367, "y": -0.006577420885287346, "zone": null, "min_dist": 1.2934225791147127}
{"t": 1784486482.6314995, "x": 1.8685668299122367, "y": -0.006577420885287346, "zone": null, "min_dist": 1.2934225791147127}
{"t": 1784486482.7919881, "x": 1.8685668299122367, "y": -0.006577420885287346, "zone": null, "min_dist": 1.2934225791147127}
{"t": 1784486482.9525485, "x": 1.8685668299122367, "y": -0.006577420885287346, "zone": null, "min_dist": 1.2934225791147127}
{"t": 1784486483.1126, "x": 1.8685668299122367, "y": -0.006577420885287346, "zone": null, "min_dist": 1.2934225791147127}
{"t": 1784486483.2726605, "x": 1.8685668299122367, "y": -0.006577420885287346, "zone": null, "min_dist": 1.2934225791147127}
{"t": 1784486483.4329536, "x": 1.8685668299122367, "y": -0.006577420885287346, "zone": null, "min_dist": 1.2934225791147127}
{"t": 1784486483.5933588, "x": 1.8685668299122367, "y": -0.006577420885287346, "zone": null, "min_dist": 1.2934225791147127}
{"t": 1784486483.753665, "x": 1.8685668299122367, "y": -0.006577420885287346, "zone": null, "min_dist": 1.2934225791147127}
{"t": 1784486483.9058356, "x": 1.8685668299122367, "y": -0.006577420885287346, "zone": null, "min_dist": 1.2934225791147127}
{"t": 1784486484.0662274, "x": 1.8685668299122367, "y": -0.006577420885287346, "zone": null, "min_dist": 1.2934225791147127}
{"t": 1784486484.2185304, "x": 1.8685668299122367, "y": -0.006577420885287346, "zone": null, "min_dist": 1.2934225791147127}
{"t": 1784486484.3784854, "x": 1.8685668299122367, "y": -0.006577420885287346, "zone": null, "min_dist": 1.2934225791147127}
{"t": 1784486484.5551116, "x": 1.8685668299122367, "y": -0.006577420885287346, "zone": null, "min_dist": 1.2934225791147127}
{"t": 1784486484.707457, "x": 1.8685668299122367, "y": -0.006577420885287346, "zone": null, "min_dist": 1.2934225791147127}
{"t": 1784486484.867639, "x": 1.8685668299122367, "y": -0.006577420885287346, "zone": null, "min_dist": 1.2934225791147127}
{"t": 1784486485.0281186, "x": 1.8685668299122367, "y": -0.006577420885287346, "zone": null, "min_dist": 1.2934225791147127}
{"t": 1784486485.1804495, "x": 1.8685668299122367, "y": -0.006577420885287346, "zone": null, "min_dist": 1.2934225791147127}
{"t": 1784486485.3564787, "x": 1.8685668299122367, "y": -0.006577420885287346, "zone": null, "min_dist": 1.2934225791147127}
