[INFO] [1784377607.370247916] [cmd_vel_guard]: Zones loaded: 2
[INFO] [1784377607.370451209] [cmd_vel_guard]: CBF margin: 0.1m (real-time control)
[INFO] [1784377607.370588559] [cmd_vel_guard]: SSM base margin: 0.05m (velocity-dependent)
[INFO] [1784377607.374348908] [cmd_vel_guard]: Spoof detection ON [cusum]: amcl=/amcl_pose, offset_thresh=0.95m, jump_thresh=0.45m, enforce_pose=amcl
[INFO] [1784377607.374887805] [cmd_vel_guard]: DEBUG subscriptions:
[INFO] [1784377607.375136916] [cmd_vel_guard]:   cmd_sub topic: /cmd_vel_nav
[INFO] [1784377607.375376488] [cmd_vel_guard]:   odom_sub topic: /odom_spoofed
[INFO] [1784377607.375616912] [cmd_vel_guard]:   nav_state_sub topic: /geofence/nav_state
[INFO] [1784377607.376135441] [cmd_vel_guard]: ============================================================
[INFO] [1784377607.376398518] [cmd_vel_guard]: Cmd Vel Guard node initialized
[INFO] [1784377607.376658278] [cmd_vel_guard]: Safety method: geofence
[INFO] [1784377607.376928969] [cmd_vel_guard]: Input: /cmd_vel_nav -> Output: /cmd_vel
[INFO] [1784377607.377199720] [cmd_vel_guard]: Simulated comm latency: 50ms
[INFO] [1784377607.377292105] [cmd_vel_guard]:   Mode: Forward Simulation
[INFO] [1784377607.377390200] [cmd_vel_guard]:   Horizon: 1.0s, Steps: 10
[INFO] [1784377607.377499336] [cmd_vel_guard]:   Margin: 0.562m
[INFO] [1784377607.377884283] [cmd_vel_guard]: ============================================================
[INFO] [1784377609.936477173] [cmd_vel_guard]: [HEARTBEAT #1] cmds=0, odom=yes, nav_approved=False, pos=(-0.00,0.00)
[INFO] [1784377614.871441392] [cmd_vel_guard]: [HEARTBEAT #2] cmds=0, odom=yes, nav_approved=False, pos=(-0.00,0.00)
[INFO] [1784377617.784714332] [cmd_vel_guard]: Guard status: cmds=1, nav_approved=False, odom=yes, pos=(-0.00,0.00), passed=0, blocked=0
[INFO] [1784377619.879164663] [cmd_vel_guard]: [HEARTBEAT #3] cmds=1, odom=yes, nav_approved=False, pos=(-0.00,0.00)
[INFO] [1784377624.886383197] [cmd_vel_guard]: [HEARTBEAT #4] cmds=2, odom=yes, nav_approved=False, pos=(-0.00,0.00)
[INFO] [1784377629.993564185] [cmd_vel_guard]: [HEARTBEAT #5] cmds=2, odom=yes, nav_approved=False, pos=(-0.00,0.00)
[INFO] [1784377635.000393276] [cmd_vel_guard]: [HEARTBEAT #6] cmds=2, odom=yes, nav_approved=False, pos=(-0.00,0.00)
[INFO] [1784377640.007384738] [cmd_vel_guard]: [HEARTBEAT #7] cmds=2, odom=yes, nav_approved=False, pos=(-0.00,0.00)
[INFO] [1784377645.015430125] [cmd_vel_guard]: [HEARTBEAT #8] cmds=2, odom=yes, nav_approved=False, pos=(-0.00,0.00)
[INFO] [1784377650.022771175] [cmd_vel_guard]: [HEARTBEAT #9] cmds=2, odom=yes, nav_approved=False, pos=(-0.00,0.00)
[INFO] [1784377655.030598316] [cmd_vel_guard]: [HEARTBEAT #10] cmds=2, odom=yes, nav_approved=False, pos=(-0.00,0.00)
[INFO] [1784377657.971833516] [cmd_vel_guard]: Navigation authorized
[INFO] [1784377660.092794459] [cmd_vel_guard]: [HEARTBEAT #11] cmds=43, odom=yes, nav_approved=True, pos=(0.28,-0.15)
[INFO] [1784377660.457054858] [cmd_vel_guard]: [spoofmon] d_abs=0.118 jump=0.067 max_jump=0.067 c=(0.09,0.03)
[INFO] [1784377660.457413115] [cmd_vel_guard]: Guard status: cmds=51, nav_approved=True, odom=yes, pos=(0.35,-0.18), passed=50, blocked=0
[INFO] [1784377663.003490216] [cmd_vel_guard]: Guard status: cmds=101, nav_approved=True, odom=yes, pos=(0.87,-0.12), passed=100, blocked=0
[INFO] [1784377664.640005760] [cmd_vel_guard]: [spoofmon] d_abs=0.331 jump=0.043 max_jump=0.067 c=(0.29,0.12)
[INFO] [1784377665.100536205] [cmd_vel_guard]: [HEARTBEAT #12] cmds=141, odom=yes, nav_approved=True, pos=(1.29,-0.15)
[INFO] [1784377665.564175540] [cmd_vel_guard]: Guard status: cmds=151, nav_approved=True, odom=yes, pos=(1.31,-0.15), passed=150, blocked=0
[WARN] [1784377665.666529790] [cmd_vel_guard]: Odometry data is stale (0.51s old)
[INFO] [1784377668.116533382] [cmd_vel_guard]: Guard status: cmds=201, nav_approved=True, odom=yes, pos=(2.16,0.26), passed=200, blocked=0
[INFO] [1784377670.108645347] [cmd_vel_guard]: [HEARTBEAT #13] cmds=239, odom=yes, nav_approved=True, pos=(2.26,0.26)
[INFO] [1784377670.466459552] [cmd_vel_guard]: [spoofmon] d_abs=0.056 jump=0.006 max_jump=0.258 c=(0.02,-0.01)
[INFO] [1784377670.671844701] [cmd_vel_guard]: Guard status: cmds=251, nav_approved=True, odom=yes, pos=(2.26,0.25), passed=250, blocked=0
[INFO] [1784377673.224609283] [cmd_vel_guard]: Guard status: cmds=301, nav_approved=True, odom=yes, pos=(2.56,-0.03), passed=300, blocked=0
[INFO] [1784377673.275353862] [cmd_vel_guard]: [spoofmon] d_abs=0.044 jump=0.049 max_jump=0.258 c=(0.02,0.03)
[INFO] [1784377675.163328335] [cmd_vel_guard]: [HEARTBEAT #14] cmds=338, odom=yes, nav_approved=True, pos=(2.89,0.25)
[INFO] [1784377675.774891098] [cmd_vel_guard]: Guard status: cmds=351, nav_approved=True, odom=yes, pos=(2.99,0.34), passed=350, blocked=0
[INFO] [1784377678.323605534] [cmd_vel_guard]: Guard status: cmds=401, nav_approved=True, odom=yes, pos=(3.57,0.48), passed=400, blocked=0
[INFO] [1784377678.579038591] [cmd_vel_guard]: [spoofmon] d_abs=0.148 jump=0.005 max_jump=0.258 c=(0.12,-0.00)
[INFO] [1784377680.162915771] [cmd_vel_guard]: [HEARTBEAT #15] cmds=436, odom=yes, nav_approved=True, pos=(3.82,0.47)
[INFO] [1784377680.879098199] [cmd_vel_guard]: Guard status: cmds=451, nav_approved=True, odom=yes, pos=(4.00,0.44), passed=450, blocked=0
[INFO] [1784377683.432089251] [cmd_vel_guard]: Guard status: cmds=501, nav_approved=True, odom=yes, pos=(4.28,0.31), passed=500, blocked=0
[INFO] [1784377685.168666184] [cmd_vel_guard]: [HEARTBEAT #16] cmds=534, odom=yes, nav_approved=True, pos=(4.38,0.32)
[INFO] [1784377685.577068763] [cmd_vel_guard]: [spoofmon] d_abs=0.075 jump=0.059 max_jump=0.258 c=(0.04,-0.01)
[INFO] [1784377685.987102051] [cmd_vel_guard]: Guard status: cmds=551, nav_approved=True, odom=yes, pos=(4.42,0.31), passed=550, blocked=0
[INFO] [1784377688.542018039] [cmd_vel_guard]: Guard status: cmds=601, nav_approved=True, odom=yes, pos=(4.58,0.21), passed=600, blocked=0
[INFO] [1784377689.922377454] [cmd_vel_guard]: [spoofmon] d_abs=0.023 jump=0.042 max_jump=0.258 c=(-0.00,0.02)
[INFO] [1784377690.178873031] [cmd_vel_guard]: [HEARTBEAT #17] cmds=632, odom=yes, nav_approved=True, pos=(4.38,0.55)
[INFO] [1784377691.096301332] [cmd_vel_guard]: Guard status: cmds=651, nav_approved=True, odom=yes, pos=(4.42,0.56), passed=650, blocked=0
[INFO] [1784377693.652300115] [cmd_vel_guard]: Guard status: cmds=701, nav_approved=True, odom=yes, pos=(6.45,1.05), passed=700, blocked=0
[INFO] [1784377694.724817094] [cmd_vel_guard]: [spoofmon] d_abs=0.190 jump=0.068 max_jump=0.562 c=(0.16,0.00)
[INFO] [1784377695.186051962] [cmd_vel_guard]: [HEARTBEAT #18] cmds=730, odom=yes, nav_approved=True, pos=(6.88,1.07)
[INFO] [1784377696.209494366] [cmd_vel_guard]: Guard status: cmds=751, nav_approved=True, odom=yes, pos=(7.72,1.43), passed=750, blocked=0
[INFO] [1784377696.516307951] [cmd_vel_guard]: [spoofmon] d_abs=0.135 jump=0.065 max_jump=0.562 c=(0.11,-0.00)
[INFO] [1784377698.765339018] [cmd_vel_guard]: Guard status: cmds=801, nav_approved=True, odom=yes, pos=(8.16,1.48), passed=800, blocked=0
[INFO] [1784377700.093763647] [cmd_vel_guard]: [spoofmon] d_abs=0.125 jump=0.072 max_jump=0.562 c=(-0.03,-0.11)
[INFO] [1784377700.196403833] [cmd_vel_guard]: [HEARTBEAT #19] cmds=828, odom=yes, nav_approved=True, pos=(8.05,1.28)
[INFO] [1784377701.321016215] [cmd_vel_guard]: Guard status: cmds=851, nav_approved=True, odom=yes, pos=(8.02,1.18), passed=850, blocked=0
[INFO] [1784377703.876591089] [cmd_vel_guard]: Guard status: cmds=901, nav_approved=True, odom=yes, pos=(7.81,0.85), passed=900, blocked=0
[INFO] [1784377705.102795635] [cmd_vel_guard]: [spoofmon] d_abs=0.097 jump=0.014 max_jump=0.562 c=(-0.09,-0.05)
[INFO] [1784377705.205573792] [cmd_vel_guard]: [HEARTBEAT #20] cmds=926, odom=yes, nav_approved=True, pos=(7.61,0.71)
[INFO] [1784377706.433146464] [cmd_vel_guard]: Guard status: cmds=951, nav_approved=True, odom=yes, pos=(7.44,0.60), passed=950, blocked=0
[INFO] [1784377708.985531495] [cmd_vel_guard]: Guard status: cmds=1001, nav_approved=True, odom=yes, pos=(7.11,0.35), passed=1000, blocked=0
[INFO] [1784377710.210626797] [cmd_vel_guard]: [HEARTBEAT #21] cmds=1024, odom=yes, nav_approved=True, pos=(6.92,0.23)
[INFO] [1784377711.131257383] [cmd_vel_guard]: [spoofmon] d_abs=0.115 jump=0.004 max_jump=0.562 c=(-0.11,-0.06)
[INFO] [1784377711.541060383] [cmd_vel_guard]: Guard status: cmds=1051, nav_approved=True, odom=yes, pos=(6.59,0.04), passed=1050, blocked=0
[INFO] [1784377713.841703082] [cmd_vel_guard]: [spoofmon] d_abs=0.015 jump=0.017 max_jump=0.562 c=(-0.01,0.03)
[INFO] [1784377714.098206965] [cmd_vel_guard]: Guard status: cmds=1101, nav_approved=True, odom=yes, pos=(6.42,-0.06), passed=1100, blocked=0
[INFO] [1784377715.216704936] [cmd_vel_guard]: [HEARTBEAT #22] cmds=1122, odom=yes, nav_approved=True, pos=(6.39,-0.02)
[INFO] [1784377716.649120107] [cmd_vel_guard]: Guard status: cmds=1151, nav_approved=True, odom=yes, pos=(6.37,0.01), passed=1150, blocked=0
[INFO] [1784377717.160280436] [cmd_vel_guard]: [spoofmon] d_abs=0.012 jump=0.042 max_jump=0.562 c=(-0.01,0.03)
[INFO] [1784377719.153290652] [cmd_vel_guard]: [spoofmon] d_abs=0.073 jump=0.021 max_jump=0.562 c=(-0.04,-0.05)
[INFO] [1784377719.204889709] [cmd_vel_guard]: Guard status: cmds=1201, nav_approved=True, odom=yes, pos=(6.37,-0.05), passed=1200, blocked=0
[INFO] [1784377720.224909959] [cmd_vel_guard]: [HEARTBEAT #23] cmds=1220, odom=yes, nav_approved=True, pos=(6.24,-0.20)
[INFO] [1784377721.756636394] [cmd_vel_guard]: Guard status: cmds=1251, nav_approved=True, odom=yes, pos=(5.94,-0.30), passed=1250, blocked=0
[INFO] [1784377721.959187820] [cmd_vel_guard]: [spoofmon] d_abs=0.080 jump=0.015 max_jump=0.562 c=(-0.10,0.03)
[INFO] [1784377724.300232781] [cmd_vel_guard]: Guard status: cmds=1301, nav_approved=True, odom=yes, pos=(5.53,-0.25), passed=1300, blocked=0
[INFO] [1784377725.220636288] [cmd_vel_guard]: [HEARTBEAT #24] cmds=1318, odom=yes, nav_approved=True, pos=(5.33,-0.26)
[INFO] [1784377726.854703690] [cmd_vel_guard]: Guard status: cmds=1351, nav_approved=True, odom=yes, pos=(4.99,-0.45), passed=1350, blocked=0
[INFO] [1784377727.161276075] [cmd_vel_guard]: [spoofmon] d_abs=0.089 jump=0.031 max_jump=0.562 c=(-0.10,-0.02)
[INFO] [1784377729.410417686] [cmd_vel_guard]: Guard status: cmds=1401, nav_approved=True, odom=yes, pos=(4.38,0.90), passed=1400, blocked=0
[INFO] [1784377729.666133968] [cmd_vel_guard]: [spoofmon] d_abs=0.260 jump=0.153 max_jump=0.562 c=(-0.10,0.27)
[INFO] [1784377730.229892331] [cmd_vel_guard]: [HEARTBEAT #25] cmds=1416, odom=yes, nav_approved=True, pos=(4.24,1.39)
[INFO] [1784377731.969486717] [cmd_vel_guard]: Guard status: cmds=1451, nav_approved=True, odom=yes, pos=(4.01,1.25), passed=1450, blocked=0
[INFO] [1784377732.478550730] [cmd_vel_guard]: [spoofmon] d_abs=0.110 jump=0.034 max_jump=0.562 c=(0.02,-0.08)
[INFO] [1784377734.518101808] [cmd_vel_guard]: Guard status: cmds=1501, nav_approved=True, odom=yes, pos=(4.08,0.96), passed=1500, blocked=0
[INFO] [1784377735.233453689] [cmd_vel_guard]: [HEARTBEAT #26] cmds=1514, odom=yes, nav_approved=True, pos=(4.12,0.85)
[INFO] [1784377737.072098381] [cmd_vel_guard]: Guard status: cmds=1551, nav_approved=True, odom=yes, pos=(4.34,0.43), passed=1550, blocked=0
[INFO] [1784377738.901196523] [cmd_vel_guard]: [spoofmon] d_abs=0.210 jump=0.054 max_jump=0.562 c=(0.09,-0.16)
[INFO] [1784377739.612774542] [cmd_vel_guard]: Guard status: cmds=1601, nav_approved=True, odom=yes, pos=(4.68,-0.09), passed=1600, blocked=0
[INFO] [1784377740.272797927] [cmd_vel_guard]: [HEARTBEAT #27] cmds=1613, odom=yes, nav_approved=True, pos=(4.71,-0.14)
[INFO] [1784377742.164217331] [cmd_vel_guard]: Guard status: cmds=1651, nav_approved=True, odom=yes, pos=(5.15,-0.47), passed=1650, blocked=0
[INFO] [1784377743.796575947] [cmd_vel_guard]: [spoofmon] d_abs=0.062 jump=0.148 max_jump=0.562 c=(0.01,-0.03)
[INFO] [1784377744.714812389] [cmd_vel_guard]: Guard status: cmds=1701, nav_approved=True, odom=yes, pos=(5.25,-0.83), passed=1700, blocked=0
[INFO] [1784377745.277569834] [cmd_vel_guard]: [HEARTBEAT #28] cmds=1711, odom=yes, nav_approved=True, pos=(5.19,-0.92)
[WARN] [1784377745.993378417] [cmd_vel_guard]: BLOCKED (geofence): violation at t=0.00s, min_dist=0.474m
[WARN] [1784377746.044860735] [cmd_vel_guard]: BLOCKED (geofence): violation at t=0.00s, min_dist=0.475m
[WARN] [1784377746.096348563] [cmd_vel_guard]: BLOCKED (geofence): violation at t=0.00s, min_dist=0.474m
[WARN] [1784377746.147621225] [cmd_vel_guard]: BLOCKED (geofence): violation at t=0.00s, min_dist=0.475m
[WARN] [1784377746.198790662] [cmd_vel_guard]: BLOCKED (geofence): violation at t=0.00s, min_dist=0.431m
[WARN] [1784377746.250176117] [cmd_vel_guard]: BLOCKED (geofence): violation at t=0.00s, min_dist=0.431m
[WARN] [1784377746.301367886] [cmd_vel_guard]: BLOCKED (geofence): violation at t=0.00s, min_dist=0.432m
[WARN] [1784377746.352526904] [cmd_vel_guard]: BLOCKED (geofence): violation at t=0.00s, min_dist=0.433m
[INFO] [1784377746.403258764] [cmd_vel_guard]: [spoofmon] d_abs=0.068 jump=0.008 max_jump=0.562 c=(-0.08,-0.02)
[WARN] [1784377746.404109321] [cmd_vel_guard]: BLOCKED (geofence): violation at t=0.00s, min_dist=0.402m
[WARN] [1784377746.455490006] [cmd_vel_guard]: BLOCKED (geofence): violation at t=0.00s, min_dist=0.403m
[WARN] [1784377746.506816069] [cmd_vel_guard]: BLOCKED (geofence): violation at t=0.00s, min_dist=0.404m
[WARN] [1784377746.558017647] [cmd_vel_guard]: BLOCKED (geofence): violation at t=0.00s, min_dist=0.405m
[WARN] [1784377746.609179159] [cmd_vel_guard]: BLOCKED (geofence): violation at t=0.00s, min_dist=0.405m
[WARN] [1784377746.660337786] [cmd_vel_guard]: BLOCKED (geofence): violation at t=0.00s, min_dist=0.406m
[WARN] [1784377746.711546858] [cmd_vel_guard]: BLOCKED (geofence): violation at t=0.00s, min_dist=0.407m
[WARN] [1784377746.762752854] [cmd_vel_guard]: BLOCKED (geofence): violation at t=0.00s, min_dist=0.407m
[WARN] [1784377746.813873709] [cmd_vel_guard]: BLOCKED (geofence): violation at t=0.00s, min_dist=0.407m
[WARN] [1784377746.865170767] [cmd_vel_guard]: BLOCKED (geofence): violation at t=0.00s, min_dist=0.407m
[WARN] [1784377746.916341466] [cmd_vel_guard]: BLOCKED (geofence): violation at t=0.00s, min_dist=0.408m
[WARN] [1784377746.967659253] [cmd_vel_guard]: BLOCKED (geofence): violation at t=0.00s, min_dist=0.407m
[WARN] [1784377747.018906107] [cmd_vel_guard]: BLOCKED (geofence): violation at t=0.00s, min_dist=0.407m
[WARN] [1784377747.070032583] [cmd_vel_guard]: BLOCKED (geofence): violation at t=0.00s, min_dist=0.408m
[WARN] [1784377747.121230103] [cmd_vel_guard]: BLOCKED (geofence): violation at t=0.00s, min_dist=0.408m
[WARN] [1784377747.172574741] [cmd_vel_guard]: BLOCKED (geofence): violation at t=0.00s, min_dist=0.408m
[WARN] [1784377747.223878512] [cmd_vel_guard]: BLOCKED (geofence): violation at t=0.00s, min_dist=0.407m
[INFO] [1784377747.275045243] [cmd_vel_guard]: Guard status: cmds=1751, nav_approved=True, odom=yes, pos=(4.90,-1.08), passed=1725, blocked=25
[WARN] [1784377747.275554164] [cmd_vel_guard]: BLOCKED (geofence): violation at t=0.00s, min_dist=0.408m
[WARN] [1784377747.327117095] [cmd_vel_guard]: BLOCKED (geofence): violation at t=0.00s, min_dist=0.408m
[WARN] [1784377747.378307291] [cmd_vel_guard]: BLOCKED (geofence): violation at t=0.00s, min_dist=0.408m
[WARN] [1784377747.429794849] [cmd_vel_guard]: BLOCKED (geofence): violation at t=0.00s, min_dist=0.408m
[WARN] [1784377747.481153874] [cmd_vel_guard]: BLOCKED (geofence): violation at t=0.00s, min_dist=0.408m
[WARN] [1784377747.532784842] [cmd_vel_guard]: BLOCKED (geofence): violation at t=0.00s, min_dist=0.408m
[WARN] [1784377747.584002621] [cmd_vel_guard]: BLOCKED (geofence): violation at t=0.00s, min_dist=0.408m
[WARN] [1784377747.635206072] [cmd_vel_guard]: BLOCKED (geofence): violation at t=0.00s, min_dist=0.407m
[WARN] [1784377747.686400637] [cmd_vel_guard]: BLOCKED (geofence): violation at t=0.00s, min_dist=0.408m
[WARN] [1784377747.737570344] [cmd_vel_guard]: BLOCKED (geofence): violation at t=0.00s, min_dist=0.408m
[WARN] [1784377747.789404186] [cmd_vel_guard]: BLOCKED (geofence): violation at t=0.00s, min_dist=0.408m
[WARN] [1784377747.840644166] [cmd_vel_guard]: BLOCKED (geofence): violation at t=0.00s, min_dist=0.408m
[WARN] [1784377747.891992241] [cmd_vel_guard]: BLOCKED (geofence): violation at t=0.00s, min_dist=0.408m
[WARN] [1784377747.943417971] [cmd_vel_guard]: BLOCKED (geofence): violation at t=0.00s, min_dist=0.408m
[WARN] [1784377747.994611043] [cmd_vel_guard]: BLOCKED (geofence): violation at t=0.00s, min_dist=0.408m
[WARN] [1784377748.045944410] [cmd_vel_guard]: BLOCKED (geofence): violation at t=0.00s, min_dist=0.408m
[WARN] [1784377748.097189199] [cmd_vel_guard]: BLOCKED (geofence): violation at t=0.00s, min_dist=0.408m
[WARN] [1784377748.148337777] [cmd_vel_guard]: BLOCKED (geofence): violation at t=0.00s, min_dist=0.408m
[WARN] [1784377748.199821969] [cmd_vel_guard]: BLOCKED (geofence): violation at t=0.00s, min_dist=0.408m
[WARN] [1784377748.251158862] [cmd_vel_guard]: BLOCKED (geofence): violation at t=0.00s, min_dist=0.408m
[WARN] [1784377748.302522917] [cmd_vel_guard]: BLOCKED (geofence): violation at t=0.00s, min_dist=0.408m
[WARN] [1784377748.353731788] [cmd_vel_guard]: BLOCKED (geofence): violation at t=0.00s, min_dist=0.408m
[WARN] [1784377748.405086726] [cmd_vel_guard]: BLOCKED (geofence): violation at t=0.00s, min_dist=0.408m
[WARN] [1784377748.456582439] [cmd_vel_guard]: BLOCKED (geofence): violation at t=0.00s, min_dist=0.408m
[WARN] [1784377748.507777004] [cmd_vel_guard]: BLOCKED (geofence): violation at t=0.00s, min_dist=0.407m
[WARN] [1784377748.558924630] [cmd_vel_guard]: BLOCKED (geofence): violation at t=0.00s, min_dist=0.407m
[WARN] [1784377748.610099507] [cmd_vel_guard]: BLOCKED (geofence): violation at t=0.00s, min_dist=0.407m
[WARN] [1784377748.661233638] [cmd_vel_guard]: BLOCKED (geofence): violation at t=0.00s, min_dist=0.407m
[WARN] [1784377748.712769827] [cmd_vel_guard]: BLOCKED (geofence): violation at t=0.00s, min_dist=0.408m
[WARN] [1784377748.763945326] [cmd_vel_guard]: BLOCKED (geofence): violation at t=0.00s, min_dist=0.407m
[WARN] [1784377748.815383681] [cmd_vel_guard]: BLOCKED (geofence): violation at t=0.00s, min_dist=0.408m
[WARN] [1784377748.866501531] [cmd_vel_guard]: BLOCKED (geofence): violation at t=0.00s, min_dist=0.407m
[WARN] [1784377748.918123663] [cmd_vel_guard]: BLOCKED (geofence): violation at t=0.00s, min_dist=0.408m
[WARN] [1784377748.969417274] [cmd_vel_guard]: BLOCKED (geofence): violation at t=0.00s, min_dist=0.408m
[WARN] [1784377749.020597552] [cmd_vel_guard]: BLOCKED (geofence): violation at t=0.00s, min_dist=0.408m
[WARN] [1784377749.071802146] [cmd_vel_guard]: BLOCKED (geofence): violation at t=0.00s, min_dist=0.407m
[WARN] [1784377749.123016538] [cmd_vel_guard]: BLOCKED (geofence): violation at t=0.00s, min_dist=0.408m
[WARN] [1784377749.174146521] [cmd_vel_guard]: BLOCKED (geofence): violation at t=0.00s, min_dist=0.408m
[WARN] [1784377749.225297994] [cmd_vel_guard]: BLOCKED (geofence): violation at t=0.00s, min_dist=0.408m
[WARN] [1784377749.276676796] [cmd_vel_guard]: BLOCKED (geofence): violation at t=0.00s, min_dist=0.407m
[WARN] [1784377749.328029810] [cmd_vel_guard]: BLOCKED (geofence): violation at t=0.00s, min_dist=0.408m
[WARN] [1784377749.379265853] [cmd_vel_guard]: BLOCKED (geofence): violation at t=0.00s, min_dist=0.408m
[WARN] [1784377749.430467361] [cmd_vel_guard]: BLOCKED (geofence): violation at t=0.00s, min_dist=0.408m
[WARN] [1784377749.481614897] [cmd_vel_guard]: BLOCKED (geofence): violation at t=0.00s, min_dist=0.408m
[WARN] [1784377749.532850519] [cmd_vel_guard]: BLOCKED (geofence): violation at t=0.00s, min_dist=0.408m
[WARN] [1784377749.584190078] [cmd_vel_guard]: BLOCKED (geofence): violation at t=0.00s, min_dist=0.408m
[WARN] [1784377749.635549965] [cmd_vel_guard]: BLOCKED (geofence): violation at t=0.00s, min_dist=0.408m
[WARN] [1784377749.686738839] [cmd_vel_guard]: BLOCKED (geofence): violation at t=0.00s, min_dist=0.408m
[WARN] [1784377749.737943793] [cmd_vel_guard]: BLOCKED (geofence): violation at t=0.00s, min_dist=0.408m
[WARN] [1784377749.789334548] [cmd_vel_guard]: BLOCKED (geofence): violation at t=0.00s, min_dist=0.408m
[INFO] [1784377749.840392655] [cmd_vel_guard]: Guard status: cmds=1801, nav_approved=True, odom=yes, pos=(4.90,-1.08), passed=1725, blocked=75
[WARN] [1784377749.840906004] [cmd_vel_guard]: BLOCKED (geofence): violation at t=0.00s, min_dist=0.408m
[WARN] [1784377749.892121168] [cmd_vel_guard]: BLOCKED (geofence): violation at t=0.00s, min_dist=0.408m
[WARN] [1784377749.943270497] [cmd_vel_guard]: BLOCKED (geofence): violation at t=0.00s, min_dist=0.408m
[WARN] [1784377749.994686741] [cmd_vel_guard]: BLOCKED (geofence): violation at t=0.00s, min_dist=0.408m
[WARN] [1784377750.046182294] [cmd_vel_guard]: BLOCKED (geofence): violation at t=0.00s, min_dist=0.408m
[WARN] [1784377750.097436721] [cmd_vel_guard]: BLOCKED (geofence): violation at t=0.00s, min_dist=0.408m
[WARN] [1784377750.149028767] [cmd_vel_guard]: BLOCKED (geofence): violation at t=0.00s, min_dist=0.408m
[WARN] [1784377750.200369648] [cmd_vel_guard]: BLOCKED (geofence): violation at t=0.00s, min_dist=0.408m
[INFO] [1784377750.251474563] [cmd_vel_guard]: [HEARTBEAT #29] cmds=1808, odom=yes, nav_approved=True, pos=(4.90,-1.08)
[WARN] [1784377750.252002540] [cmd_vel_guard]: BLOCKED (geofence): violation at t=0.00s, min_dist=0.408m
[WARN] [1784377750.303850248] [cmd_vel_guard]: BLOCKED (geofence): violation at t=0.00s, min_dist=0.408m
[WARN] [1784377750.355093695] [cmd_vel_guard]: BLOCKED (geofence): violation at t=0.00s, min_dist=0.408m
[WARN] [1784377750.406296576] [cmd_vel_guard]: BLOCKED (geofence): violation at t=0.00s, min_dist=0.408m
[WARN] [1784377750.457839318] [cmd_vel_guard]: BLOCKED (geofence): violation at t=0.00s, min_dist=0.407m
[WARN] [1784377750.508997494] [cmd_vel_guard]: BLOCKED (geofence): violation at t=0.00s, min_dist=0.408m
[WARN] [1784377750.560111306] [cmd_vel_guard]: BLOCKED (geofence): violation at t=0.00s, min_dist=0.407m
[WARN] [1784377750.611406140] [cmd_vel_guard]: BLOCKED (geofence): violation at t=0.00s, min_dist=0.408m
[WARN] [1784377750.662811994] [cmd_vel_guard]: BLOCKED (geofence): violation at t=0.00s, min_dist=0.407m
[WARN] [1784377750.714378862] [cmd_vel_guard]: BLOCKED (geofence): violation at t=0.00s, min_dist=0.408m
[WARN] [1784377750.765812678] [cmd_vel_guard]: BLOCKED (geofence): violation at t=0.00s, min_dist=0.407m
[WARN] [1784377750.816977006] [cmd_vel_guard]: BLOCKED (geofence): violation at t=0.00s, min_dist=0.408m
[WARN] [1784377750.868135122] [cmd_vel_guard]: BLOCKED (geofence): violation at t=0.00s, min_dist=0.407m
[WARN] [1784377750.919317444] [cmd_vel_guard]: BLOCKED (geofence): violation at t=0.00s, min_dist=0.408m
[WARN] [1784377750.970512018] [cmd_vel_guard]: BLOCKED (geofence): violation at t=0.00s, min_dist=0.407m
[WARN] [1784377751.021686505] [cmd_vel_guard]: BLOCKED (geofence): violation at t=0.00s, min_dist=0.407m
[WARN] [1784377751.072850522] [cmd_vel_guard]: BLOCKED (geofence): violation at t=0.00s, min_dist=0.408m
[WARN] [1784377751.124120870] [cmd_vel_guard]: BLOCKED (geofence): violation at t=0.00s, min_dist=0.408m
[WARN] [1784377751.175357114] [cmd_vel_guard]: BLOCKED (geofence): violation at t=0.00s, min_dist=0.408m
[WARN] [1784377751.226569192] [cmd_vel_guard]: BLOCKED (geofence): violation at t=0.00s, min_dist=0.408m
[WARN] [1784377751.277816817] [cmd_vel_guard]: BLOCKED (geofence): violation at t=0.00s, min_dist=0.408m
[WARN] [1784377751.328939827] [cmd_vel_guard]: BLOCKED (geofence): violation at t=0.00s, min_dist=0.408m
[WARN] [1784377751.380354527] [cmd_vel_guard]: BLOCKED (geofence): violation at t=0.00s, min_dist=0.408m
[WARN] [1784377751.431528423] [cmd_vel_guard]: BLOCKED (geofence): violation at t=0.00s, min_dist=0.408m
[WARN] [1784377751.482781088] [cmd_vel_guard]: BLOCKED (geofence): violation at t=0.00s, min_dist=0.408m
[WARN] [1784377751.534228841] [cmd_vel_guard]: BLOCKED (geofence): violation at t=0.00s, min_dist=0.408m
[WARN] [1784377751.585962914] [cmd_vel_guard]: BLOCKED (geofence): violation at t=0.00s, min_dist=0.408m
[WARN] [1784377751.637125218] [cmd_vel_guard]: BLOCKED (geofence): violation at t=0.00s, min_dist=0.408m
[WARN] [1784377751.688329822] [cmd_vel_guard]: BLOCKED (geofence): violation at t=0.00s, min_dist=0.408m
[WARN] [1784377751.739955440] [cmd_vel_guard]: BLOCKED (geofence): violation at t=0.00s, min_dist=0.408m
[WARN] [1784377751.791147601] [cmd_vel_guard]: BLOCKED (geofence): violation at t=0.00s, min_dist=0.408m
[WARN] [1784377751.842360671] [cmd_vel_guard]: BLOCKED (geofence): violation at t=0.00s, min_dist=0.408m
[WARN] [1784377751.893595902] [cmd_vel_guard]: BLOCKED (geofence): violation at t=0.00s, min_dist=0.408m
[WARN] [1784377751.944762795] [cmd_vel_guard]: BLOCKED (geofence): violation at t=0.00s, min_dist=0.408m
[WARN] [1784377751.996102905] [cmd_vel_guard]: BLOCKED (geofence): violation at t=0.00s, min_dist=0.408m
[WARN] [1784377752.047382610] [cmd_vel_guard]: BLOCKED (geofence): violation at t=0.00s, min_dist=0.408m
[WARN] [1784377752.098566425] [cmd_vel_guard]: BLOCKED (geofence): violation at t=0.00s, min_dist=0.408m
[WARN] [1784377752.149921002] [cmd_vel_guard]: BLOCKED (geofence): violation at t=0.00s, min_dist=0.408m
[WARN] [1784377752.201478632] [cmd_vel_guard]: BLOCKED (geofence): violation at t=0.00s, min_dist=0.408m
[WARN] [1784377752.252849951] [cmd_vel_guard]: BLOCKED (geofence): violation at t=0.00s, min_dist=0.408m
[WARN] [1784377752.304267818] [cmd_vel_guard]: BLOCKED (geofence): violation at t=0.00s, min_dist=0.408m
[WARN] [1784377752.355533487] [cmd_vel_guard]: BLOCKED (geofence): violation at t=0.00s, min_dist=0.408m
[INFO] [1784377752.406504379] [cmd_vel_guard]: Guard status: cmds=1851, nav_approved=True, odom=yes, pos=(4.90,-1.08), passed=1725, blocked=125
[WARN] [1784377752.407076399] [cmd_vel_guard]: BLOCKED (geofence): violation at t=0.00s, min_dist=0.408m
[WARN] [1784377752.458170875] [cmd_vel_guard]: BLOCKED (geofence): violation at t=0.00s, min_dist=0.408m
[WARN] [1784377752.509429120] [cmd_vel_guard]: BLOCKED (geofence): violation at t=0.00s, min_dist=0.408m
[WARN] [1784377752.560561047] [cmd_vel_guard]: BLOCKED (geofence): violation at t=0.00s, min_dist=0.408m
[WARN] [1784377752.611771041] [cmd_vel_guard]: BLOCKED (geofence): violation at t=0.00s, min_dist=0.408m
[WARN] [1784377752.662923757] [cmd_vel_guard]: BLOCKED (geofence): violation at t=0.00s, min_dist=0.408m
[WARN] [1784377752.714102552] [cmd_vel_guard]: BLOCKED (geofence): violation at t=0.00s, min_dist=0.408m
[WARN] [1784377752.765301535] [cmd_vel_guard]: BLOCKED (geofence): violation at t=0.00s, min_dist=0.408m
[WARN] [1784377752.816506570] [cmd_vel_guard]: BLOCKED (geofence): violation at t=0.00s, min_dist=0.408m
[WARN] [1784377752.867685265] [cmd_vel_guard]: BLOCKED (geofence): violation at t=0.00s, min_dist=0.408m
[WARN] [1784377752.918938922] [cmd_vel_guard]: BLOCKED (geofence): violation at t=0.00s, min_dist=0.408m
[WARN] [1784377752.970078272] [cmd_vel_guard]: BLOCKED (geofence): violation at t=0.00s, min_dist=0.408m
[WARN] [1784377753.021211541] [cmd_vel_guard]: BLOCKED (geofence): violation at t=0.00s, min_dist=0.408m
[WARN] [1784377753.072328600] [cmd_vel_guard]: BLOCKED (geofence): violation at t=0.00s, min_dist=0.408m
[WARN] [1784377753.123627482] [cmd_vel_guard]: BLOCKED (geofence): violation at t=0.00s, min_dist=0.408m
[WARN] [1784377753.174957363] [cmd_vel_guard]: BLOCKED (geofence): violation at t=0.00s, min_dist=0.408m
[WARN] [1784377753.226098106] [cmd_vel_guard]: BLOCKED (geofence): violation at t=0.00s, min_dist=0.408m
[WARN] [1784377753.277897583] [cmd_vel_guard]: BLOCKED (geofence): violation at t=0.00s, min_dist=0.408m
[WARN] [1784377753.329359323] [cmd_vel_guard]: BLOCKED (geofence): violation at t=0.00s, min_dist=0.408m
[WARN] [1784377753.380762632] [cmd_vel_guard]: BLOCKED (geofence): violation at t=0.00s, min_dist=0.408m
[WARN] [1784377753.432304302] [cmd_vel_guard]: BLOCKED (geofence): violation at t=0.00s, min_dist=0.408m
[WARN] [1784377753.483475373] [cmd_vel_guard]: BLOCKED (geofence): violation at t=0.00s, min_dist=0.408m
[WARN] [1784377753.534614273] [cmd_vel_guard]: BLOCKED (geofence): violation at t=0.00s, min_dist=0.408m
[WARN] [1784377753.585795452] [cmd_vel_guard]: BLOCKED (geofence): violation at t=0.00s, min_dist=0.408m
[WARN] [1784377753.637034862] [cmd_vel_guard]: BLOCKED (geofence): violation at t=0.00s, min_dist=0.408m
[WARN] [1784377753.688249815] [cmd_vel_guard]: BLOCKED (geofence): violation at t=0.00s, min_dist=0.408m
[WARN] [1784377753.739426337] [cmd_vel_guard]: BLOCKED (geofence): violation at t=0.00s, min_dist=0.408m
[WARN] [1784377753.790781595] [cmd_vel_guard]: BLOCKED (geofence): violation at t=0.00s, min_dist=0.408m
[WARN] [1784377753.841990627] [cmd_vel_guard]: BLOCKED (geofence): violation at t=0.00s, min_dist=0.408m
[WARN] [1784377753.893329094] [cmd_vel_guard]: BLOCKED (geofence): violation at t=0.00s, min_dist=0.408m
[WARN] [1784377753.944534900] [cmd_vel_guard]: BLOCKED (geofence): violation at t=0.00s, min_dist=0.408m
[WARN] [1784377753.995717382] [cmd_vel_guard]: BLOCKED (geofence): violation at t=0.00s, min_dist=0.408m
[WARN] [1784377754.046926986] [cmd_vel_guard]: BLOCKED (geofence): violation at t=0.00s, min_dist=0.408m
[WARN] [1784377754.098123715] [cmd_vel_guard]: BLOCKED (geofence): violation at t=0.00s, min_dist=0.408m
[WARN] [1784377754.149415393] [cmd_vel_guard]: BLOCKED (geofence): violation at t=0.00s, min_dist=0.408m
[WARN] [1784377754.200748831] [cmd_vel_guard]: BLOCKED (geofence): violation at t=0.00s, min_dist=0.408m
[WARN] [1784377754.252078130] [cmd_vel_guard]: BLOCKED (geofence): violation at t=0.00s, min_dist=0.408m
[WARN] [1784377754.303672049] [cmd_vel_guard]: BLOCKED (geofence): violation at t=0.00s, min_dist=0.408m
[WARN] [1784377754.355065450] [cmd_vel_guard]: BLOCKED (geofence): violation at t=0.00s, min_dist=0.408m
[WARN] [1784377754.406285333] [cmd_vel_guard]: BLOCKED (geofence): violation at t=0.00s, min_dist=0.408m
[WARN] [1784377754.457381802] [cmd_vel_guard]: BLOCKED (geofence): violation at t=0.00s, min_dist=0.408m
[WARN] [1784377754.508770734] [cmd_vel_guard]: BLOCKED (geofence): violation at t=0.00s, min_dist=0.408m
[WARN] [1784377754.560161731] [cmd_vel_guard]: BLOCKED (geofence): violation at t=0.00s, min_dist=0.408m
[WARN] [1784377754.611410137] [cmd_vel_guard]: BLOCKED (geofence): violation at t=0.00s, min_dist=0.408m
[WARN] [1784377754.662539078] [cmd_vel_guard]: BLOCKED (geofence): violation at t=0.00s, min_dist=0.408m
[WARN] [1784377754.713806411] [cmd_vel_guard]: BLOCKED (geofence): violation at t=0.00s, min_dist=0.408m
[WARN] [1784377754.764929942] [cmd_vel_guard]: BLOCKED (geofence): violation at t=0.00s, min_dist=0.408m
[WARN] [1784377754.816143743] [cmd_vel_guard]: BLOCKED (geofence): violation at t=0.00s, min_dist=0.408m
[WARN] [1784377754.867307771] [cmd_vel_guard]: BLOCKED (geofence): violation at t=0.00s, min_dist=0.408m
[WARN] [1784377754.918442192] [cmd_vel_guard]: BLOCKED (geofence): violation at t=0.00s, min_dist=0.408m
[INFO] [1784377754.969432572] [cmd_vel_guard]: Guard status: cmds=1901, nav_approved=True, odom=yes, pos=(4.90,-1.08), passed=1725, blocked=175
[WARN] [1784377754.969859157] [cmd_vel_guard]: BLOCKED (geofence): violation at t=0.00s, min_dist=0.408m
[WARN] [1784377755.021038333] [cmd_vel_guard]: BLOCKED (geofence): violation at t=0.00s, min_dist=0.408m
[WARN] [1784377755.072492318] [cmd_vel_guard]: BLOCKED (geofence): violation at t=0.00s, min_dist=0.408m
[WARN] [1784377755.123650835] [cmd_vel_guard]: BLOCKED (geofence): violation at t=0.00s, min_dist=0.408m
[WARN] [1784377755.175134456] [cmd_vel_guard]: BLOCKED (geofence): violation at t=0.00s, min_dist=0.408m
[WARN] [1784377755.226290468] [cmd_vel_guard]: BLOCKED (geofence): violation at t=0.00s, min_dist=0.408m
[INFO] [1784377755.277403159] [cmd_vel_guard]: [HEARTBEAT #30] cmds=1906, odom=yes, nav_approved=True, pos=(4.90,-1.08)
[WARN] [1784377755.278029682] [cmd_vel_guard]: BLOCKED (geofence): violation at t=0.00s, min_dist=0.408m
[WARN] [1784377755.329265675] [cmd_vel_guard]: BLOCKED (geofence): violation at t=0.00s, min_dist=0.408m
[WARN] [1784377755.380373687] [cmd_vel_guard]: BLOCKED (geofence): violation at t=0.00s, min_dist=0.408m
[WARN] [1784377755.431673190] [cmd_vel_guard]: BLOCKED (geofence): violation at t=0.00s, min_dist=0.408m
[WARN] [1784377755.482563020] [cmd_vel_guard]: BLOCKED (geofence): violation at t=0.00s, min_dist=0.408m
[WARN] [1784377755.533280094] [cmd_vel_guard]: BLOCKED (geofence): violation at t=0.00s, min_dist=0.408m
[WARN] [1784377755.583979894] [cmd_vel_guard]: BLOCKED (geofence): violation at t=0.00s, min_dist=0.408m
[WARN] [1784377755.634692099] [cmd_vel_guard]: BLOCKED (geofence): violation at t=0.00s, min_dist=0.408m
[WARN] [1784377755.685507999] [cmd_vel_guard]: BLOCKED (geofence): violation at t=0.00s, min_dist=0.408m
[WARN] [1784377755.736474704] [cmd_vel_guard]: BLOCKED (geofence): violation at t=0.00s, min_dist=0.408m
[WARN] [1784377755.787574380] [cmd_vel_guard]: BLOCKED (geofence): violation at t=0.00s, min_dist=0.408m
[WARN] [1784377755.838772782] [cmd_vel_guard]: BLOCKED (geofence): violation at t=0.00s, min_dist=0.408m
[WARN] [1784377755.890012152] [cmd_vel_guard]: BLOCKED (geofence): violation at t=0.00s, min_dist=0.408m
[WARN] [1784377755.941353725] [cmd_vel_guard]: BLOCKED (geofence): violation at t=0.00s, min_dist=0.408m
[WARN] [1784377755.992507843] [cmd_vel_guard]: BLOCKED (geofence): violation at t=0.00s, min_dist=0.408m
[WARN] [1784377756.043726624] [cmd_vel_guard]: BLOCKED (geofence): violation at t=0.00s, min_dist=0.408m
[WARN] [1784377756.094888698] [cmd_vel_guard]: BLOCKED (geofence): violation at t=0.00s, min_dist=0.408m
[WARN] [1784377756.146218789] [cmd_vel_guard]: BLOCKED (geofence): violation at t=0.00s, min_dist=0.408m
[WARN] [1784377756.197431459] [cmd_vel_guard]: BLOCKED (geofence): violation at t=0.00s, min_dist=0.408m
[WARN] [1784377756.248791617] [cmd_vel_guard]: BLOCKED (geofence): violation at t=0.00s, min_dist=0.408m
[WARN] [1784377756.300079698] [cmd_vel_guard]: BLOCKED (geofence): violation at t=0.00s, min_dist=0.408m
[WARN] [1784377756.351246551] [cmd_vel_guard]: BLOCKED (geofence): violation at t=0.00s, min_dist=0.408m
[WARN] [1784377756.402595798] [cmd_vel_guard]: BLOCKED (geofence): violation at t=0.00s, min_dist=0.408m
[WARN] [1784377756.453777419] [cmd_vel_guard]: BLOCKED (geofence): violation at t=0.00s, min_dist=0.408m
[WARN] [1784377756.504965733] [cmd_vel_guard]: BLOCKED (geofence): violation at t=0.00s, min_dist=0.408m
[WARN] [1784377756.556225311] [cmd_vel_guard]: BLOCKED (geofence): violation at t=0.00s, min_dist=0.408m
[WARN] [1784377756.607519314] [cmd_vel_guard]: BLOCKED (geofence): violation at t=0.00s, min_dist=0.408m
[WARN] [1784377756.658742323] [cmd_vel_guard]: BLOCKED (geofence): violation at t=0.00s, min_dist=0.408m
[WARN] [1784377756.710181209] [cmd_vel_guard]: BLOCKED (geofence): violation at t=0.00s, min_dist=0.408m
[WARN] [1784377756.761349695] [cmd_vel_guard]: BLOCKED (geofence): violation at t=0.00s, min_dist=0.408m
[WARN] [1784377756.812578525] [cmd_vel_guard]: BLOCKED (geofence): violation at t=0.00s, min_dist=0.408m
[WARN] [1784377756.863985982] [cmd_vel_guard]: BLOCKED (geofence): violation at t=0.00s, min_dist=0.408m
[WARN] [1784377756.915392327] [cmd_vel_guard]: BLOCKED (geofence): violation at t=0.00s, min_dist=0.408m
[WARN] [1784377756.966617701] [cmd_vel_guard]: BLOCKED (geofence): violation at t=0.00s, min_dist=0.408m
[WARN] [1784377757.017944896] [cmd_vel_guard]: BLOCKED (geofence): violation at t=0.00s, min_dist=0.408m
[WARN] [1784377757.069093405] [cmd_vel_guard]: BLOCKED (geofence): violation at t=0.00s, min_dist=0.408m
[WARN] [1784377757.120298770] [cmd_vel_guard]: BLOCKED (geofence): violation at t=0.00s, min_dist=0.408m
[WARN] [1784377757.171500720] [cmd_vel_guard]: BLOCKED (geofence): violation at t=0.00s, min_dist=0.408m
[WARN] [1784377757.222647555] [cmd_vel_guard]: BLOCKED (geofence): violation at t=0.00s, min_dist=0.408m
[WARN] [1784377757.273976754] [cmd_vel_guard]: BLOCKED (geofence): violation at t=0.00s, min_dist=0.408m
[WARN] [1784377757.325212157] [cmd_vel_guard]: BLOCKED (geofence): violation at t=0.00s, min_dist=0.408m
[WARN] [1784377757.376346198] [cmd_vel_guard]: BLOCKED (geofence): violation at t=0.00s, min_dist=0.408m
[WARN] [1784377757.427669846] [cmd_vel_guard]: BLOCKED (geofence): violation at t=0.00s, min_dist=0.408m
[WARN] [1784377757.478917322] [cmd_vel_guard]: BLOCKED (geofence): violation at t=0.00s, min_dist=0.408m
[INFO] [1784377757.529816349] [cmd_vel_guard]: Guard status: cmds=1951, nav_approved=True, odom=yes, pos=(4.90,-1.08), passed=1725, blocked=225
[WARN] [1784377757.530222676] [cmd_vel_guard]: BLOCKED (geofence): violation at t=0.00s, min_dist=0.408m
[WARN] [1784377757.581607902] [cmd_vel_guard]: BLOCKED (geofence): violation at t=0.00s, min_dist=0.408m
[WARN] [1784377757.632830369] [cmd_vel_guard]: BLOCKED (geofence): violation at t=0.00s, min_dist=0.408m
[WARN] [1784377757.684282862] [cmd_vel_guard]: BLOCKED (geofence): violation at t=0.00s, min_dist=0.408m
[WARN] [1784377757.735562898] [cmd_vel_guard]: BLOCKED (geofence): violation at t=0.00s, min_dist=0.408m
[WARN] [1784377757.786869235] [cmd_vel_guard]: BLOCKED (geofence): violation at t=0.00s, min_dist=0.408m
[WARN] [1784377757.838060193] [cmd_vel_guard]: BLOCKED (geofence): violation at t=0.00s, min_dist=0.408m
[WARN] [1784377757.889230974] [cmd_vel_guard]: BLOCKED (geofence): violation at t=0.00s, min_dist=0.408m
[WARN] [1784377757.940421511] [cmd_vel_guard]: BLOCKED (geofence): violation at t=0.00s, min_dist=0.408m
[WARN] [1784377757.991806346] [cmd_vel_guard]: BLOCKED (geofence): violation at t=0.00s, min_dist=0.408m
[WARN] [1784377758.042978369] [cmd_vel_guard]: BLOCKED (geofence): violation at t=0.00s, min_dist=0.408m
[WARN] [1784377758.094164408] [cmd_vel_guard]: BLOCKED (geofence): violation at t=0.00s, min_dist=0.408m
[WARN] [1784377758.145292087] [cmd_vel_guard]: BLOCKED (geofence): violation at t=0.00s, min_dist=0.408m
[WARN] [1784377758.196638559] [cmd_vel_guard]: BLOCKED (geofence): violation at t=0.00s, min_dist=0.408m
[WARN] [1784377758.248003035] [cmd_vel_guard]: BLOCKED (geofence): violation at t=0.00s, min_dist=0.408m
[WARN] [1784377758.299541720] [cmd_vel_guard]: BLOCKED (geofence): violation at t=0.00s, min_dist=0.408m
[WARN] [1784377758.351006726] [cmd_vel_guard]: BLOCKED (geofence): violation at t=0.00s, min_dist=0.408m
[WARN] [1784377758.402496189] [cmd_vel_guard]: BLOCKED (geofence): violation at t=0.00s, min_dist=0.408m
[WARN] [1784377758.453727884] [cmd_vel_guard]: BLOCKED (geofence): violation at t=0.00s, min_dist=0.408m
[WARN] [1784377758.504990358] [cmd_vel_guard]: BLOCKED (geofence): violation at t=0.00s, min_dist=0.408m
[WARN] [1784377758.556221672] [cmd_vel_guard]: BLOCKED (geofence): violation at t=0.00s, min_dist=0.408m
[WARN] [1784377758.607548217] [cmd_vel_guard]: BLOCKED (geofence): violation at t=0.00s, min_dist=0.408m
[WARN] [1784377758.658723225] [cmd_vel_guard]: BLOCKED (geofence): violation at t=0.00s, min_dist=0.408m
[WARN] [1784377758.710039000] [cmd_vel_guard]: BLOCKED (geofence): violation at t=0.00s, min_dist=0.408m
[WARN] [1784377758.761369862] [cmd_vel_guard]: BLOCKED (geofence): violation at t=0.00s, min_dist=0.408m
[WARN] [1784377758.812144555] [cmd_vel_guard]: BLOCKED (geofence): violation at t=0.00s, min_dist=0.408m
[WARN] [1784377758.862831031] [cmd_vel_guard]: BLOCKED (geofence): violation at t=0.00s, min_dist=0.408m
[WARN] [1784377758.913662971] [cmd_vel_guard]: BLOCKED (geofence): violation at t=0.00s, min_dist=0.408m
[WARN] [1784377758.964360779] [cmd_vel_guard]: BLOCKED (geofence): violation at t=0.00s, min_dist=0.408m
[WARN] [1784377759.015307276] [cmd_vel_guard]: BLOCKED (geofence): violation at t=0.00s, min_dist=0.408m
[WARN] [1784377759.066380903] [cmd_vel_guard]: BLOCKED (geofence): violation at t=0.00s, min_dist=0.408m
[WARN] [1784377759.117789061] [cmd_vel_guard]: BLOCKED (geofence): violation at t=0.00s, min_dist=0.408m
[WARN] [1784377759.169020166] [cmd_vel_guard]: BLOCKED (geofence): violation at t=0.00s, min_dist=0.408m
[WARN] [1784377759.220179685] [cmd_vel_guard]: BLOCKED (geofence): violation at t=0.00s, min_dist=0.408m
[WARN] [1784377759.271480812] [cmd_vel_guard]: BLOCKED (geofence): violation at t=0.00s, min_dist=0.408m
[WARN] [1784377759.322787289] [cmd_vel_guard]: BLOCKED (geofence): violation at t=0.00s, min_dist=0.408m
[WARN] [1784377759.374191760] [cmd_vel_guard]: BLOCKED (geofence): violation at t=0.00s, min_dist=0.408m
[WARN] [1784377759.425395203] [cmd_vel_guard]: BLOCKED (geofence): violation at t=0.00s, min_dist=0.408m
[WARN] [1784377759.476599256] [cmd_vel_guard]: BLOCKED (geofence): violation at t=0.00s, min_dist=0.408m
[WARN] [1784377759.527829749] [cmd_vel_guard]: BLOCKED (geofence): violation at t=0.00s, min_dist=0.408m
[WARN] [1784377759.579043030] [cmd_vel_guard]: BLOCKED (geofence): violation at t=0.00s, min_dist=0.408m
[WARN] [1784377759.630256832] [cmd_vel_guard]: BLOCKED (geofence): violation at t=0.00s, min_dist=0.408m
[WARN] [1784377759.681566044] [cmd_vel_guard]: BLOCKED (geofence): violation at t=0.00s, min_dist=0.408m
[WARN] [1784377759.732994140] [cmd_vel_guard]: BLOCKED (geofence): violation at t=0.00s, min_dist=0.408m
[WARN] [1784377759.784139082] [cmd_vel_guard]: BLOCKED (geofence): violation at t=0.00s, min_dist=0.408m
[WARN] [1784377759.835300474] [cmd_vel_guard]: BLOCKED (geofence): violation at t=0.00s, min_dist=0.408m
[WARN] [1784377759.886699606] [cmd_vel_guard]: BLOCKED (geofence): violation at t=0.00s, min_dist=0.408m
[WARN] [1784377759.937861941] [cmd_vel_guard]: BLOCKED (geofence): violation at t=0.00s, min_dist=0.408m
[WARN] [1784377759.989316607] [cmd_vel_guard]: BLOCKED (geofence): violation at t=0.00s, min_dist=0.408m
[WARN] [1784377760.040762347] [cmd_vel_guard]: BLOCKED (geofence): violation at t=0.00s, min_dist=0.408m
[INFO] [1784377760.091869918] [cmd_vel_guard]: Guard status: cmds=2001, nav_approved=True, odom=yes, pos=(4.90,-1.08), passed=1725, blocked=275
[WARN] [1784377760.092319577] [cmd_vel_guard]: BLOCKED (geofence): violation at t=0.00s, min_dist=0.408m
[WARN] [1784377760.143499786] [cmd_vel_guard]: BLOCKED (geofence): violation at t=0.00s, min_dist=0.408m
[WARN] [1784377760.194685164] [cmd_vel_guard]: BLOCKED (geofence): violation at t=0.00s, min_dist=0.408m
[WARN] [1784377760.245818975] [cmd_vel_guard]: BLOCKED (geofence): violation at t=0.00s, min_dist=0.408m
[INFO] [1784377760.296852977] [cmd_vel_guard]: [HEARTBEAT #31] cmds=2004, odom=yes, nav_approved=True, pos=(4.90,-1.08)
[WARN] [1784377760.297720946] [cmd_vel_guard]: BLOCKED (geofence): violation at t=0.00s, min_dist=0.408m
[WARN] [1784377760.348871638] [cmd_vel_guard]: BLOCKED (geofence): violation at t=0.00s, min_dist=0.408m
[WARN] [1784377760.400400866] [cmd_vel_guard]: BLOCKED (geofence): violation at t=0.00s, min_dist=0.408m
[WARN] [1784377760.451564653] [cmd_vel_guard]: BLOCKED (geofence): violation at t=0.00s, min_dist=0.408m
[WARN] [1784377760.502868716] [cmd_vel_guard]: BLOCKED (geofence): violation at t=0.00s, min_dist=0.408m
[WARN] [1784377760.554230226] [cmd_vel_guard]: BLOCKED (geofence): violation at t=0.00s, min_dist=0.408m
[WARN] [1784377760.605495435] [cmd_vel_guard]: BLOCKED (geofence): violation at t=0.00s, min_dist=0.408m
[WARN] [1784377760.656643563] [cmd_vel_guard]: BLOCKED (geofence): violation at t=0.00s, min_dist=0.408m
[WARN] [1784377760.707895286] [cmd_vel_guard]: BLOCKED (geofence): violation at t=0.00s, min_dist=0.408m
[WARN] [1784377760.759104810] [cmd_vel_guard]: BLOCKED (geofence): violation at t=0.00s, min_dist=0.408m
[WARN] [1784377760.810602298] [cmd_vel_guard]: BLOCKED (geofence): violation at t=0.00s, min_dist=0.408m
[WARN] [1784377760.861740466] [cmd_vel_guard]: BLOCKED (geofence): violation at t=0.00s, min_dist=0.408m
[WARN] [1784377760.913073393] [cmd_vel_guard]: BLOCKED (geofence): violation at t=0.00s, min_dist=0.408m
[WARN] [1784377760.964433421] [cmd_vel_guard]: BLOCKED (geofence): violation at t=0.00s, min_dist=0.408m
[WARN] [1784377761.015211540] [cmd_vel_guard]: BLOCKED (geofence): violation at t=0.00s, min_dist=0.408m
[WARN] [1784377761.065921521] [cmd_vel_guard]: BLOCKED (geofence): violation at t=0.00s, min_dist=0.408m
[WARN] [1784377761.116723576] [cmd_vel_guard]: BLOCKED (geofence): violation at t=0.00s, min_dist=0.408m
[WARN] [1784377761.167398931] [cmd_vel_guard]: BLOCKED (geofence): violation at t=0.00s, min_dist=0.408m
[WARN] [1784377761.218109993] [cmd_vel_guard]: BLOCKED (geofence): violation at t=0.00s, min_dist=0.408m
[WARN] [1784377761.269414937] [cmd_vel_guard]: BLOCKED (geofence): violation at t=0.00s, min_dist=0.408m
[WARN] [1784377761.320685396] [cmd_vel_guard]: BLOCKED (geofence): violation at t=0.00s, min_dist=0.408m
[WARN] [1784377761.372013394] [cmd_vel_guard]: BLOCKED (geofence): violation at t=0.00s, min_dist=0.408m
[WARN] [1784377761.423481636] [cmd_vel_guard]: BLOCKED (geofence): violation at t=0.00s, min_dist=0.408m
[WARN] [1784377761.474694556] [cmd_vel_guard]: BLOCKED (geofence): violation at t=0.00s, min_dist=0.408m
[WARN] [1784377761.525854196] [cmd_vel_guard]: BLOCKED (geofence): violation at t=0.00s, min_dist=0.408m
[WARN] [1784377761.577043552] [cmd_vel_guard]: BLOCKED (geofence): violation at t=0.00s, min_dist=0.408m
[WARN] [1784377761.628295886] [cmd_vel_guard]: BLOCKED (geofence): violation at t=0.00s, min_dist=0.408m
[WARN] [1784377761.679637479] [cmd_vel_guard]: BLOCKED (geofence): violation at t=0.00s, min_dist=0.408m
[WARN] [1784377761.730854006] [cmd_vel_guard]: BLOCKED (geofence): violation at t=0.00s, min_dist=0.408m
[WARN] [1784377761.782070523] [cmd_vel_guard]: BLOCKED (geofence): violation at t=0.00s, min_dist=0.408m
[WARN] [1784377761.833209995] [cmd_vel_guard]: BLOCKED (geofence): violation at t=0.00s, min_dist=0.408m
[WARN] [1784377761.884477578] [cmd_vel_guard]: BLOCKED (geofence): violation at t=0.00s, min_dist=0.408m
[WARN] [1784377761.935687693] [cmd_vel_guard]: BLOCKED (geofence): violation at t=0.00s, min_dist=0.408m
[WARN] [1784377761.986853775] [cmd_vel_guard]: BLOCKED (geofence): violation at t=0.00s, min_dist=0.408m
[WARN] [1784377762.037984640] [cmd_vel_guard]: BLOCKED (geofence): violation at t=0.00s, min_dist=0.408m
[WARN] [1784377762.089110707] [cmd_vel_guard]: BLOCKED (geofence): violation at t=0.00s, min_dist=0.408m
[WARN] [1784377762.140280365] [cmd_vel_guard]: BLOCKED (geofence): violation at t=0.00s, min_dist=0.408m
[WARN] [1784377762.191524905] [cmd_vel_guard]: BLOCKED (geofence): violation at t=0.00s, min_dist=0.408m
[WARN] [1784377762.242663615] [cmd_vel_guard]: BLOCKED (geofence): violation at t=0.00s, min_dist=0.408m
[WARN] [1784377762.294097924] [cmd_vel_guard]: BLOCKED (geofence): violation at t=0.00s, min_dist=0.408m
[WARN] [1784377762.345396686] [cmd_vel_guard]: BLOCKED (geofence): violation at t=0.00s, min_dist=0.408m
[WARN] [1784377762.396736456] [cmd_vel_guard]: BLOCKED (geofence): violation at t=0.00s, min_dist=0.408m
[WARN] [1784377762.447878903] [cmd_vel_guard]: BLOCKED (geofence): violation at t=0.00s, min_dist=0.408m
[WARN] [1784377762.499058430] [cmd_vel_guard]: BLOCKED (geofence): violation at t=0.00s, min_dist=0.408m
[WARN] [1784377762.550278404] [cmd_vel_guard]: BLOCKED (geofence): violation at t=0.00s, min_dist=0.408m
[WARN] [1784377762.601580122] [cmd_vel_guard]: BLOCKED (geofence): violation at t=0.00s, min_dist=0.408m
[INFO] [1784377762.652713462] [cmd_vel_guard]: Guard status: cmds=2051, nav_approved=True, odom=yes, pos=(4.90,-1.08), passed=1725, blocked=325
[WARN] [1784377762.653206683] [cmd_vel_guard]: BLOCKED (geofence): violation at t=0.00s, min_dist=0.408m
[WARN] [1784377762.704109178] [cmd_vel_guard]: BLOCKED (geofence): violation at t=0.00s, min_dist=0.408m
[WARN] [1784377762.755148811] [cmd_vel_guard]: BLOCKED (geofence): violation at t=0.00s, min_dist=0.408m
[WARN] [1784377762.806500373] [cmd_vel_guard]: BLOCKED (geofence): violation at t=0.00s, min_dist=0.408m
[WARN] [1784377762.857638973] [cmd_vel_guard]: BLOCKED (geofence): violation at t=0.00s, min_dist=0.408m
[WARN] [1784377762.909277206] [cmd_vel_guard]: BLOCKED (geofence): violation at t=0.00s, min_dist=0.408m
[WARN] [1784377762.960419363] [cmd_vel_guard]: BLOCKED (geofence): violation at t=0.00s, min_dist=0.408m
[WARN] [1784377763.011575796] [cmd_vel_guard]: BLOCKED (geofence): violation at t=0.00s, min_dist=0.408m
[WARN] [1784377763.062737460] [cmd_vel_guard]: BLOCKED (geofence): violation at t=0.00s, min_dist=0.408m
[WARN] [1784377763.113928289] [cmd_vel_guard]: BLOCKED (geofence): violation at t=0.00s, min_dist=0.408m
[WARN] [1784377763.165121472] [cmd_vel_guard]: BLOCKED (geofence): violation at t=0.00s, min_dist=0.408m
[WARN] [1784377763.216317771] [cmd_vel_guard]: BLOCKED (geofence): violation at t=0.00s, min_dist=0.408m
[WARN] [1784377763.268074418] [cmd_vel_guard]: BLOCKED (geofence): violation at t=0.00s, min_dist=0.408m
[WARN] [1784377763.319396975] [cmd_vel_guard]: BLOCKED (geofence): violation at t=0.00s, min_dist=0.408m
[WARN] [1784377763.370615376] [cmd_vel_guard]: BLOCKED (geofence): violation at t=0.00s, min_dist=0.408m
[WARN] [1784377763.422285920] [cmd_vel_guard]: BLOCKED (geofence): violation at t=0.00s, min_dist=0.408m
[WARN] [1784377763.473630690] [cmd_vel_guard]: BLOCKED (geofence): violation at t=0.00s, min_dist=0.408m
[WARN] [1784377763.525169495] [cmd_vel_guard]: BLOCKED (geofence): violation at t=0.00s, min_dist=0.408m
[WARN] [1784377763.576363460] [cmd_vel_guard]: BLOCKED (geofence): violation at t=0.00s, min_dist=0.408m
[WARN] [1784377763.627740771] [cmd_vel_guard]: BLOCKED (geofence): violation at t=0.00s, min_dist=0.408m
[WARN] [1784377763.679165311] [cmd_vel_guard]: BLOCKED (geofence): violation at t=0.00s, min_dist=0.408m
[WARN] [1784377763.730076491] [cmd_vel_guard]: BLOCKED (geofence): violation at t=0.00s, min_dist=0.408m
[WARN] [1784377763.780781312] [cmd_vel_guard]: BLOCKED (geofence): violation at t=0.00s, min_dist=0.408m
[WARN] [1784377763.831873004] [cmd_vel_guard]: BLOCKED (geofence): violation at t=0.00s, min_dist=0.408m
[WARN] [1784377763.883294017] [cmd_vel_guard]: BLOCKED (geofence): violation at t=0.00s, min_dist=0.408m
[WARN] [1784377763.934629569] [cmd_vel_guard]: BLOCKED (geofence): violation at t=0.00s, min_dist=0.408m
[WARN] [1784377763.986007661] [cmd_vel_guard]: BLOCKED (geofence): violation at t=0.00s, min_dist=0.408m
[WARN] [1784377764.037171689] [cmd_vel_guard]: BLOCKED (geofence): violation at t=0.00s, min_dist=0.408m
[WARN] [1784377764.088464831] [cmd_vel_guard]: BLOCKED (geofence): violation at t=0.00s, min_dist=0.408m
[WARN] [1784377764.139798700] [cmd_vel_guard]: BLOCKED (geofence): violation at t=0.00s, min_dist=0.408m
[WARN] [1784377764.190920599] [cmd_vel_guard]: BLOCKED (geofence): violation at t=0.00s, min_dist=0.408m
[WARN] [1784377764.242133709] [cmd_vel_guard]: BLOCKED (geofence): violation at t=0.00s, min_dist=0.408m
[WARN] [1784377764.293481915] [cmd_vel_guard]: BLOCKED (geofence): violation at t=0.00s, min_dist=0.408m
[WARN] [1784377764.344702991] [cmd_vel_guard]: BLOCKED (geofence): violation at t=0.00s, min_dist=0.408m
[WARN] [1784377764.396178828] [cmd_vel_guard]: BLOCKED (geofence): violation at t=0.00s, min_dist=0.408m
[WARN] [1784377764.447360569] [cmd_vel_guard]: BLOCKED (geofence): violation at t=0.00s, min_dist=0.408m
[WARN] [1784377764.498541640] [cmd_vel_guard]: BLOCKED (geofence): violation at t=0.00s, min_dist=0.408m
[WARN] [1784377764.550058053] [cmd_vel_guard]: BLOCKED (geofence): violation at t=0.00s, min_dist=0.408m
[WARN] [1784377764.601518451] [cmd_vel_guard]: BLOCKED (geofence): violation at t=0.00s, min_dist=0.408m
[WARN] [1784377764.652895541] [cmd_vel_guard]: BLOCKED (geofence): violation at t=0.00s, min_dist=0.408m
[WARN] [1784377764.704225763] [cmd_vel_guard]: BLOCKED (geofence): violation at t=0.00s, min_dist=0.408m
[WARN] [1784377764.755368010] [cmd_vel_guard]: BLOCKED (geofence): violation at t=0.00s, min_dist=0.408m
[WARN] [1784377764.806966739] [cmd_vel_guard]: BLOCKED (geofence): violation at t=0.00s, min_dist=0.408m
[WARN] [1784377764.858236036] [cmd_vel_guard]: BLOCKED (geofence): violation at t=0.00s, min_dist=0.408m
[WARN] [1784377764.909398942] [cmd_vel_guard]: BLOCKED (geofence): violation at t=0.00s, min_dist=0.408m
[WARN] [1784377764.960622523] [cmd_vel_guard]: BLOCKED (geofence): violation at t=0.00s, min_dist=0.408m
[WARN] [1784377765.011819613] [cmd_vel_guard]: BLOCKED (geofence): violation at t=0.00s, min_dist=0.408m
[WARN] [1784377765.063092186] [cmd_vel_guard]: BLOCKED (geofence): violation at t=0.00s, min_dist=0.408m
[WARN] [1784377765.114412871] [cmd_vel_guard]: BLOCKED (geofence): violation at t=0.00s, min_dist=0.408m
[WARN] [1784377765.165762529] [cmd_vel_guard]: BLOCKED (geofence): violation at t=0.00s, min_dist=0.408m
[INFO] [1784377765.216858018] [cmd_vel_guard]: Guard status: cmds=2101, nav_approved=True, odom=yes, pos=(4.90,-1.08), passed=1725, blocked=375
[WARN] [1784377765.217306064] [cmd_vel_guard]: BLOCKED (geofence): violation at t=0.00s, min_dist=0.408m
[WARN] [1784377765.268354323] [cmd_vel_guard]: BLOCKED (geofence): violation at t=0.00s, min_dist=0.408m
[INFO] [1784377765.319622849] [cmd_vel_guard]: [HEARTBEAT #32] cmds=2102, odom=yes, nav_approved=True, pos=(4.90,-1.08)
[WARN] [1784377765.320115319] [cmd_vel_guard]: BLOCKED (geofence): violation at t=0.00s, min_dist=0.408m
[WARN] [1784377765.371293364] [cmd_vel_guard]: BLOCKED (geofence): violation at t=0.00s, min_dist=0.408m
[WARN] [1784377765.422459385] [cmd_vel_guard]: BLOCKED (geofence): violation at t=0.00s, min_dist=0.408m
[WARN] [1784377765.473558291] [cmd_vel_guard]: BLOCKED (geofence): violation at t=0.00s, min_dist=0.408m
[WARN] [1784377765.524860430] [cmd_vel_guard]: BLOCKED (geofence): violation at t=0.00s, min_dist=0.408m
[WARN] [1784377765.576056438] [cmd_vel_guard]: BLOCKED (geofence): violation at t=0.00s, min_dist=0.408m
[WARN] [1784377765.627268277] [cmd_vel_guard]: BLOCKED (geofence): violation at t=0.00s, min_dist=0.408m
[WARN] [1784377765.678528106] [cmd_vel_guard]: BLOCKED (geofence): violation at t=0.00s, min_dist=0.408m
[WARN] [1784377765.730124841] [cmd_vel_guard]: BLOCKED (geofence): violation at t=0.00s, min_dist=0.408m
[WARN] [1784377765.781299610] [cmd_vel_guard]: BLOCKED (geofence): violation at t=0.00s, min_dist=0.408m
[WARN] [1784377765.832530284] [cmd_vel_guard]: BLOCKED (geofence): violation at t=0.00s, min_dist=0.408m
[WARN] [1784377765.883725310] [cmd_vel_guard]: BLOCKED (geofence): violation at t=0.00s, min_dist=0.408m
[WARN] [1784377765.934885842] [cmd_vel_guard]: BLOCKED (geofence): violation at t=0.00s, min_dist=0.408m
[WARN] [1784377765.986093603] [cmd_vel_guard]: BLOCKED (geofence): violation at t=0.00s, min_dist=0.408m
[WARN] [1784377766.037238355] [cmd_vel_guard]: BLOCKED (geofence): violation at t=0.00s, min_dist=0.408m
[WARN] [1784377766.088399357] [cmd_vel_guard]: BLOCKED (geofence): violation at t=0.00s, min_dist=0.408m
[WARN] [1784377766.139668263] [cmd_vel_guard]: BLOCKED (geofence): violation at t=0.00s, min_dist=0.408m
[WARN] [1784377766.191052047] [cmd_vel_guard]: BLOCKED (geofence): violation at t=0.00s, min_dist=0.403m
[WARN] [1784377766.242311916] [cmd_vel_guard]: BLOCKED (geofence): violation at t=0.00s, min_dist=0.408m
[WARN] [1784377766.293620096] [cmd_vel_guard]: BLOCKED (geofence): violation at t=0.00s, min_dist=0.405m
[WARN] [1784377766.344868414] [cmd_vel_guard]: BLOCKED (geofence): violation at t=0.00s, min_dist=0.405m
[WARN] [1784377766.396471852] [cmd_vel_guard]: BLOCKED (geofence): violation at t=0.00s, min_dist=0.405m
[WARN] [1784377766.447843642] [cmd_vel_guard]: BLOCKED (geofence): violation at t=0.00s, min_dist=0.405m
[WARN] [1784377766.499124120] [cmd_vel_guard]: BLOCKED (geofence): violation at t=0.00s, min_dist=0.405m
[WARN] [1784377766.550293659] [cmd_vel_guard]: BLOCKED (geofence): violation at t=0.00s, min_dist=0.405m
[WARN] [1784377766.601539372] [cmd_vel_guard]: BLOCKED (geofence): violation at t=0.00s, min_dist=0.405m
[WARN] [1784377766.652751531] [cmd_vel_guard]: BLOCKED (geofence): violation at t=0.00s, min_dist=0.405m
[WARN] [1784377766.703910509] [cmd_vel_guard]: BLOCKED (geofence): violation at t=0.00s, min_dist=0.405m
[WARN] [1784377766.755043158] [cmd_vel_guard]: BLOCKED (geofence): violation at t=0.00s, min_dist=0.405m
[WARN] [1784377766.806213078] [cmd_vel_guard]: BLOCKED (geofence): violation at t=0.00s, min_dist=0.405m
[WARN] [1784377766.857389399] [cmd_vel_guard]: BLOCKED (geofence): violation at t=0.00s, min_dist=0.405m
[WARN] [1784377766.908743937] [cmd_vel_guard]: BLOCKED (geofence): violation at t=0.00s, min_dist=0.405m
[WARN] [1784377766.960053140] [cmd_vel_guard]: BLOCKED (geofence): violation at t=0.00s, min_dist=0.405m
[WARN] [1784377767.011480134] [cmd_vel_guard]: BLOCKED (geofence): violation at t=0.00s, min_dist=0.405m
[WARN] [1784377767.062800117] [cmd_vel_guard]: BLOCKED (geofence): violation at t=0.00s, min_dist=0.405m
[WARN] [1784377767.113990455] [cmd_vel_guard]: BLOCKED (geofence): violation at t=0.00s, min_dist=0.405m
[WARN] [1784377767.165354902] [cmd_vel_guard]: BLOCKED (geofence): violation at t=0.00s, min_dist=0.405m
[WARN] [1784377767.216581208] [cmd_vel_guard]: BLOCKED (geofence): violation at t=0.00s, min_dist=0.405m
[WARN] [1784377767.267723135] [cmd_vel_guard]: BLOCKED (geofence): violation at t=0.00s, min_dist=0.405m
[WARN] [1784377767.318972143] [cmd_vel_guard]: BLOCKED (geofence): violation at t=0.00s, min_dist=0.405m
[WARN] [1784377767.370570251] [cmd_vel_guard]: BLOCKED (geofence): violation at t=0.00s, min_dist=0.405m
[WARN] [1784377767.421826744] [cmd_vel_guard]: BLOCKED (geofence): violation at t=0.00s, min_dist=0.405m
[WARN] [1784377767.473155163] [cmd_vel_guard]: BLOCKED (geofence): violation at t=0.00s, min_dist=0.405m
[WARN] [1784377767.524507567] [cmd_vel_guard]: BLOCKED (geofence): violation at t=0.00s, min_dist=0.405m
[WARN] [1784377767.575753660] [cmd_vel_guard]: BLOCKED (geofence): violation at t=0.00s, min_dist=0.405m
[WARN] [1784377767.627019140] [cmd_vel_guard]: BLOCKED (geofence): violation at t=0.00s, min_dist=0.405m
[WARN] [1784377767.678241028] [cmd_vel_guard]: BLOCKED (geofence): violation at t=0.00s, min_dist=0.405m
[WARN] [1784377767.729459118] [cmd_vel_guard]: BLOCKED (geofence): violation at t=0.00s, min_dist=0.405m
[INFO] [1784377767.780375318] [cmd_vel_guard]: Guard status: cmds=2151, nav_approved=True, odom=yes, pos=(4.90,-1.08), passed=1725, blocked=425
[WARN] [1784377767.780813596] [cmd_vel_guard]: BLOCKED (geofence): violation at t=0.00s, min_dist=0.405m
[WARN] [1784377767.831962947] [cmd_vel_guard]: BLOCKED (geofence): violation at t=0.00s, min_dist=0.405m
[WARN] [1784377767.883173944] [cmd_vel_guard]: BLOCKED (geofence): violation at t=0.00s, min_dist=0.405m
[WARN] [1784377767.934712509] [cmd_vel_guard]: BLOCKED (geofence): violation at t=0.00s, min_dist=0.405m
[WARN] [1784377767.986051768] [cmd_vel_guard]: BLOCKED (geofence): violation at t=0.00s, min_dist=0.405m
[WARN] [1784377768.037269859] [cmd_vel_guard]: BLOCKED (geofence): violation at t=0.00s, min_dist=0.405m
[WARN] [1784377768.088517215] [cmd_vel_guard]: BLOCKED (geofence): violation at t=0.00s, min_dist=0.405m
[WARN] [1784377768.139747879] [cmd_vel_guard]: BLOCKED (geofence): violation at t=0.00s, min_dist=0.405m
[WARN] [1784377768.190974816] [cmd_vel_guard]: BLOCKED (geofence): violation at t=0.00s, min_dist=0.405m
[WARN] [1784377768.242131931] [cmd_vel_guard]: BLOCKED (geofence): violation at t=0.00s, min_dist=0.405m
[WARN] [1784377768.293596077] [cmd_vel_guard]: BLOCKED (geofence): violation at t=0.00s, min_dist=0.405m
[WARN] [1784377768.344763501] [cmd_vel_guard]: BLOCKED (geofence): violation at t=0.00s, min_dist=0.405m
[WARN] [1784377768.395954220] [cmd_vel_guard]: BLOCKED (geofence): violation at t=0.00s, min_dist=0.405m
[WARN] [1784377768.447207066] [cmd_vel_guard]: BLOCKED (geofence): violation at t=0.00s, min_dist=0.405m
[WARN] [1784377768.498430046] [cmd_vel_guard]: BLOCKED (geofence): violation at t=0.00s, min_dist=0.405m
[WARN] [1784377768.549616917] [cmd_vel_guard]: BLOCKED (geofence): violation at t=0.00s, min_dist=0.405m
[WARN] [1784377768.600821893] [cmd_vel_guard]: BLOCKED (geofence): violation at t=0.00s, min_dist=0.405m
[WARN] [1784377768.652123862] [cmd_vel_guard]: BLOCKED (geofence): violation at t=0.00s, min_dist=0.405m
[WARN] [1784377768.703373943] [cmd_vel_guard]: BLOCKED (geofence): violation at t=0.00s, min_dist=0.405m
[WARN] [1784377768.754709095] [cmd_vel_guard]: BLOCKED (geofence): violation at t=0.00s, min_dist=0.405m
[WARN] [1784377768.805890736] [cmd_vel_guard]: BLOCKED (geofence): violation at t=0.00s, min_dist=0.405m
[WARN] [1784377768.857010781] [cmd_vel_guard]: BLOCKED (geofence): violation at t=0.00s, min_dist=0.405m
[WARN] [1784377768.908215637] [cmd_vel_guard]: BLOCKED (geofence): violation at t=0.00s, min_dist=0.405m
[WARN] [1784377768.959597186] [cmd_vel_guard]: BLOCKED (geofence): violation at t=0.00s, min_dist=0.405m
[WARN] [1784377769.010722251] [cmd_vel_guard]: BLOCKED (geofence): violation at t=0.00s, min_dist=0.405m
[WARN] [1784377769.061912820] [cmd_vel_guard]: BLOCKED (geofence): violation at t=0.00s, min_dist=0.405m
[WARN] [1784377769.113063302] [cmd_vel_guard]: BLOCKED (geofence): violation at t=0.00s, min_dist=0.405m
[WARN] [1784377769.164261846] [cmd_vel_guard]: BLOCKED (geofence): violation at t=0.00s, min_dist=0.405m
[WARN] [1784377769.215597168] [cmd_vel_guard]: BLOCKED (geofence): violation at t=0.00s, min_dist=0.405m
[WARN] [1784377769.266723004] [cmd_vel_guard]: BLOCKED (geofence): violation at t=0.00s, min_dist=0.405m
[WARN] [1784377769.318019864] [cmd_vel_guard]: BLOCKED (geofence): violation at t=0.00s, min_dist=0.405m
[WARN] [1784377769.369332853] [cmd_vel_guard]: BLOCKED (geofence): violation at t=0.00s, min_dist=0.405m
[WARN] [1784377769.420711678] [cmd_vel_guard]: BLOCKED (geofence): violation at t=0.00s, min_dist=0.405m
[WARN] [1784377769.471909800] [cmd_vel_guard]: BLOCKED (geofence): violation at t=0.00s, min_dist=0.405m
[WARN] [1784377769.523084489] [cmd_vel_guard]: BLOCKED (geofence): violation at t=0.00s, min_dist=0.405m
[WARN] [1784377769.574377922] [cmd_vel_guard]: BLOCKED (geofence): violation at t=0.00s, min_dist=0.405m
[WARN] [1784377769.625641468] [cmd_vel_guard]: BLOCKED (geofence): violation at t=0.00s, min_dist=0.405m
[WARN] [1784377769.676840913] [cmd_vel_guard]: BLOCKED (geofence): violation at t=0.00s, min_dist=0.405m
[WARN] [1784377769.728527979] [cmd_vel_guard]: BLOCKED (geofence): violation at t=0.00s, min_dist=0.405m
[WARN] [1784377769.780074140] [cmd_vel_guard]: BLOCKED (geofence): violation at t=0.00s, min_dist=0.405m
[WARN] [1784377769.831329641] [cmd_vel_guard]: BLOCKED (geofence): violation at t=0.00s, min_dist=0.405m
[WARN] [1784377769.882551979] [cmd_vel_guard]: BLOCKED (geofence): violation at t=0.00s, min_dist=0.405m
[WARN] [1784377769.933810677] [cmd_vel_guard]: BLOCKED (geofence): violation at t=0.00s, min_dist=0.405m
[WARN] [1784377769.985029539] [cmd_vel_guard]: BLOCKED (geofence): violation at t=0.00s, min_dist=0.405m
[WARN] [1784377770.036304306] [cmd_vel_guard]: BLOCKED (geofence): violation at t=0.00s, min_dist=0.405m
[WARN] [1784377770.087484365] [cmd_vel_guard]: BLOCKED (geofence): violation at t=0.00s, min_dist=0.405m
[WARN] [1784377770.138901702] [cmd_vel_guard]: BLOCKED (geofence): violation at t=0.00s, min_dist=0.405m
[WARN] [1784377770.190102199] [cmd_vel_guard]: BLOCKED (geofence): violation at t=0.00s, min_dist=0.405m
[WARN] [1784377770.241338063] [cmd_vel_guard]: BLOCKED (geofence): violation at t=0.00s, min_dist=0.405m
[INFO] [1784377770.292319207] [cmd_vel_guard]: [HEARTBEAT #33] cmds=2199, odom=yes, nav_approved=True, pos=(4.90,-1.08)
[WARN] [1784377770.292822768] [cmd_vel_guard]: BLOCKED (geofence): violation at t=0.00s, min_dist=0.405m
[INFO] [1784377770.343738597] [cmd_vel_guard]: Guard status: cmds=2201, nav_approved=True, odom=yes, pos=(4.90,-1.08), passed=1725, blocked=475
[WARN] [1784377770.344185321] [cmd_vel_guard]: BLOCKED (geofence): violation at t=0.00s, min_dist=0.405m
[WARN] [1784377770.395388353] [cmd_vel_guard]: BLOCKED (geofence): violation at t=0.00s, min_dist=0.405m
[WARN] [1784377770.446560657] [cmd_vel_guard]: BLOCKED (geofence): violation at t=0.00s, min_dist=0.405m
[WARN] [1784377770.497801270] [cmd_vel_guard]: BLOCKED (geofence): violation at t=0.00s, min_dist=0.405m
[WARN] [1784377770.549097939] [cmd_vel_guard]: BLOCKED (geofence): violation at t=0.00s, min_dist=0.405m
[WARN] [1784377770.600305700] [cmd_vel_guard]: BLOCKED (geofence): violation at t=0.00s, min_dist=0.405m
[WARN] [1784377770.651558907] [cmd_vel_guard]: BLOCKED (geofence): violation at t=0.00s, min_dist=0.405m
[WARN] [1784377770.702759284] [cmd_vel_guard]: BLOCKED (geofence): violation at t=0.00s, min_dist=0.405m
[WARN] [1784377770.753930957] [cmd_vel_guard]: BLOCKED (geofence): violation at t=0.00s, min_dist=0.405m
[WARN] [1784377770.805612433] [cmd_vel_guard]: BLOCKED (geofence): violation at t=0.00s, min_dist=0.405m
[WARN] [1784377770.856891859] [cmd_vel_guard]: BLOCKED (geofence): violation at t=0.00s, min_dist=0.405m
[WARN] [1784377770.908236960] [cmd_vel_guard]: BLOCKED (geofence): violation at t=0.00s, min_dist=0.405m
[WARN] [1784377770.959398734] [cmd_vel_guard]: BLOCKED (geofence): violation at t=0.00s, min_dist=0.405m
[WARN] [1784377771.011158017] [cmd_vel_guard]: BLOCKED (geofence): violation at t=0.00s, min_dist=0.405m
[WARN] [1784377771.062479082] [cmd_vel_guard]: BLOCKED (geofence): violation at t=0.00s, min_dist=0.405m
[WARN] [1784377771.113656937] [cmd_vel_guard]: BLOCKED (geofence): violation at t=0.00s, min_dist=0.405m
[WARN] [1784377771.164822989] [cmd_vel_guard]: BLOCKED (geofence): violation at t=0.00s, min_dist=0.405m
[WARN] [1784377771.216328172] [cmd_vel_guard]: BLOCKED (geofence): violation at t=0.00s, min_dist=0.408m
[WARN] [1784377771.268094117] [cmd_vel_guard]: BLOCKED (geofence): violation at t=0.00s, min_dist=0.408m
[WARN] [1784377771.319450269] [cmd_vel_guard]: BLOCKED (geofence): violation at t=0.00s, min_dist=0.408m
[WARN] [1784377771.370551739] [cmd_vel_guard]: BLOCKED (geofence): violation at t=0.00s, min_dist=0.408m
[WARN] [1784377771.421282730] [cmd_vel_guard]: BLOCKED (geofence): violation at t=0.00s, min_dist=0.408m
[WARN] [1784377771.471975789] [cmd_vel_guard]: BLOCKED (geofence): violation at t=0.00s, min_dist=0.408m
[WARN] [1784377771.522636517] [cmd_vel_guard]: BLOCKED (geofence): violation at t=0.00s, min_dist=0.408m
[WARN] [1784377771.573401282] [cmd_vel_guard]: BLOCKED (geofence): violation at t=0.00s, min_dist=0.408m
[WARN] [1784377771.624212925] [cmd_vel_guard]: BLOCKED (geofence): violation at t=0.00s, min_dist=0.408m
[WARN] [1784377771.675534852] [cmd_vel_guard]: BLOCKED (geofence): violation at t=0.00s, min_dist=0.408m
[WARN] [1784377771.726927673] [cmd_vel_guard]: BLOCKED (geofence): violation at t=0.00s, min_dist=0.408m
[WARN] [1784377771.778558463] [cmd_vel_guard]: BLOCKED (geofence): violation at t=0.00s, min_dist=0.408m
[WARN] [1784377771.829821108] [cmd_vel_guard]: BLOCKED (geofence): violation at t=0.00s, min_dist=0.408m
[WARN] [1784377771.881022126] [cmd_vel_guard]: BLOCKED (geofence): violation at t=0.00s, min_dist=0.408m
[WARN] [1784377771.932242842] [cmd_vel_guard]: BLOCKED (geofence): violation at t=0.00s, min_dist=0.408m
[WARN] [1784377771.983643247] [cmd_vel_guard]: BLOCKED (geofence): violation at t=0.00s, min_dist=0.408m
[WARN] [1784377772.034702558] [cmd_vel_guard]: BLOCKED (geofence): violation at t=0.00s, min_dist=0.408m
[WARN] [1784377772.085541723] [cmd_vel_guard]: BLOCKED (geofence): violation at t=0.00s, min_dist=0.408m
[WARN] [1784377772.136277663] [cmd_vel_guard]: BLOCKED (geofence): violation at t=0.00s, min_dist=0.408m
[WARN] [1784377772.187013564] [cmd_vel_guard]: BLOCKED (geofence): violation at t=0.00s, min_dist=0.408m
[WARN] [1784377772.238140001] [cmd_vel_guard]: BLOCKED (geofence): violation at t=0.00s, min_dist=0.408m
[WARN] [1784377772.289433735] [cmd_vel_guard]: BLOCKED (geofence): violation at t=0.00s, min_dist=0.408m
[WARN] [1784377772.340639583] [cmd_vel_guard]: BLOCKED (geofence): violation at t=0.00s, min_dist=0.408m
[WARN] [1784377772.391899272] [cmd_vel_guard]: BLOCKED (geofence): violation at t=0.00s, min_dist=0.408m
[WARN] [1784377772.443091364] [cmd_vel_guard]: BLOCKED (geofence): violation at t=0.00s, min_dist=0.408m
[WARN] [1784377772.494274879] [cmd_vel_guard]: BLOCKED (geofence): violation at t=0.00s, min_dist=0.408m
[WARN] [1784377772.545439018] [cmd_vel_guard]: BLOCKED (geofence): violation at t=0.00s, min_dist=0.408m
[WARN] [1784377772.596557821] [cmd_vel_guard]: BLOCKED (geofence): violation at t=0.00s, min_dist=0.408m
[WARN] [1784377772.647740776] [cmd_vel_guard]: BLOCKED (geofence): violation at t=0.00s, min_dist=0.408m
[WARN] [1784377772.698923790] [cmd_vel_guard]: BLOCKED (geofence): violation at t=0.00s, min_dist=0.408m
[WARN] [1784377772.750247891] [cmd_vel_guard]: BLOCKED (geofence): violation at t=0.00s, min_dist=0.408m
[WARN] [1784377772.801411579] [cmd_vel_guard]: BLOCKED (geofence): violation at t=0.00s, min_dist=0.408m
[WARN] [1784377772.852595215] [cmd_vel_guard]: BLOCKED (geofence): violation at t=0.00s, min_dist=0.408m
[INFO] [1784377772.903486288] [cmd_vel_guard]: Guard status: cmds=2251, nav_approved=True, odom=yes, pos=(4.90,-1.08), passed=1725, blocked=525
[WARN] [1784377772.903891072] [cmd_vel_guard]: BLOCKED (geofence): violation at t=0.00s, min_dist=0.408m
[WARN] [1784377772.955054680] [cmd_vel_guard]: BLOCKED (geofence): violation at t=0.00s, min_dist=0.408m
[WARN] [1784377773.006385324] [cmd_vel_guard]: BLOCKED (geofence): violation at t=0.00s, min_dist=0.408m
[WARN] [1784377773.057595990] [cmd_vel_guard]: BLOCKED (geofence): violation at t=0.00s, min_dist=0.408m
[WARN] [1784377773.108779666] [cmd_vel_guard]: BLOCKED (geofence): violation at t=0.00s, min_dist=0.408m
[WARN] [1784377773.159987628] [cmd_vel_guard]: BLOCKED (geofence): violation at t=0.00s, min_dist=0.408m
[WARN] [1784377773.211403272] [cmd_vel_guard]: BLOCKED (geofence): violation at t=0.00s, min_dist=0.408m
[WARN] [1784377773.262608288] [cmd_vel_guard]: BLOCKED (geofence): violation at t=0.00s, min_dist=0.408m
[WARN] [1784377773.313839964] [cmd_vel_guard]: BLOCKED (geofence): violation at t=0.00s, min_dist=0.408m
[WARN] [1784377773.364975630] [cmd_vel_guard]: BLOCKED (geofence): violation at t=0.00s, min_dist=0.408m
[WARN] [1784377773.416182549] [cmd_vel_guard]: BLOCKED (geofence): violation at t=0.00s, min_dist=0.408m
[WARN] [1784377773.467305671] [cmd_vel_guard]: BLOCKED (geofence): violation at t=0.00s, min_dist=0.408m
[WARN] [1784377773.518744589] [cmd_vel_guard]: BLOCKED (geofence): violation at t=0.00s, min_dist=0.408m
[WARN] [1784377773.570093376] [cmd_vel_guard]: BLOCKED (geofence): violation at t=0.00s, min_dist=0.408m
[WARN] [1784377773.621283274] [cmd_vel_guard]: BLOCKED (geofence): violation at t=0.00s, min_dist=0.408m
[WARN] [1784377773.672479594] [cmd_vel_guard]: BLOCKED (geofence): violation at t=0.00s, min_dist=0.408m
[WARN] [1784377773.723712322] [cmd_vel_guard]: BLOCKED (geofence): violation at t=0.00s, min_dist=0.408m
[WARN] [1784377773.775219699] [cmd_vel_guard]: BLOCKED (geofence): violation at t=0.00s, min_dist=0.408m
[WARN] [1784377773.826462366] [cmd_vel_guard]: BLOCKED (geofence): violation at t=0.00s, min_dist=0.408m
[WARN] [1784377773.878011983] [cmd_vel_guard]: BLOCKED (geofence): violation at t=0.00s, min_dist=0.408m
[WARN] [1784377773.929270059] [cmd_vel_guard]: BLOCKED (geofence): violation at t=0.00s, min_dist=0.408m
[WARN] [1784377773.980764392] [cmd_vel_guard]: BLOCKED (geofence): violation at t=0.00s, min_dist=0.408m
[WARN] [1784377774.032302948] [cmd_vel_guard]: BLOCKED (geofence): violation at t=0.00s, min_dist=0.408m
[WARN] [1784377774.083490872] [cmd_vel_guard]: BLOCKED (geofence): violation at t=0.00s, min_dist=0.408m
[WARN] [1784377774.134649250] [cmd_vel_guard]: BLOCKED (geofence): violation at t=0.00s, min_dist=0.408m
[WARN] [1784377774.186084281] [cmd_vel_guard]: BLOCKED (geofence): violation at t=0.00s, min_dist=0.408m
[WARN] [1784377774.237366362] [cmd_vel_guard]: BLOCKED (geofence): violation at t=0.00s, min_dist=0.408m
[WARN] [1784377774.288701224] [cmd_vel_guard]: BLOCKED (geofence): violation at t=0.00s, min_dist=0.408m
[WARN] [1784377774.340124823] [cmd_vel_guard]: BLOCKED (geofence): violation at t=0.00s, min_dist=0.408m
[WARN] [1784377774.391302898] [cmd_vel_guard]: BLOCKED (geofence): violation at t=0.00s, min_dist=0.408m
[WARN] [1784377774.442410570] [cmd_vel_guard]: BLOCKED (geofence): violation at t=0.00s, min_dist=0.408m
[WARN] [1784377774.493570151] [cmd_vel_guard]: BLOCKED (geofence): violation at t=0.00s, min_dist=0.408m
[WARN] [1784377774.544778664] [cmd_vel_guard]: BLOCKED (geofence): violation at t=0.00s, min_dist=0.408m
[WARN] [1784377774.595929257] [cmd_vel_guard]: BLOCKED (geofence): violation at t=0.00s, min_dist=0.408m
[WARN] [1784377774.647303633] [cmd_vel_guard]: BLOCKED (geofence): violation at t=0.00s, min_dist=0.408m
[WARN] [1784377774.698447955] [cmd_vel_guard]: BLOCKED (geofence): violation at t=0.00s, min_dist=0.408m
[WARN] [1784377774.749623455] [cmd_vel_guard]: BLOCKED (geofence): violation at t=0.00s, min_dist=0.408m
[WARN] [1784377774.801151982] [cmd_vel_guard]: BLOCKED (geofence): violation at t=0.00s, min_dist=0.408m
[WARN] [1784377774.852363671] [cmd_vel_guard]: BLOCKED (geofence): violation at t=0.00s, min_dist=0.408m
[WARN] [1784377774.903550533] [cmd_vel_guard]: BLOCKED (geofence): violation at t=0.00s, min_dist=0.408m
[WARN] [1784377774.954792199] [cmd_vel_guard]: BLOCKED (geofence): violation at t=0.00s, min_dist=0.408m
[WARN] [1784377775.005956648] [cmd_vel_guard]: BLOCKED (geofence): violation at t=0.00s, min_dist=0.408m
[WARN] [1784377775.057094778] [cmd_vel_guard]: BLOCKED (geofence): violation at t=0.00s, min_dist=0.408m
[WARN] [1784377775.108814296] [cmd_vel_guard]: BLOCKED (geofence): violation at t=0.00s, min_dist=0.408m
[WARN] [1784377775.159959068] [cmd_vel_guard]: BLOCKED (geofence): violation at t=0.00s, min_dist=0.408m
[WARN] [1784377775.211129058] [cmd_vel_guard]: BLOCKED (geofence): violation at t=0.00s, min_dist=0.408m
[WARN] [1784377775.262061550] [cmd_vel_guard]: BLOCKED (geofence): violation at t=0.00s, min_dist=0.408m
[INFO] [1784377775.313114519] [cmd_vel_guard]: [HEARTBEAT #34] cmds=2297, odom=yes, nav_approved=True, pos=(4.90,-1.08)
[WARN] [1784377775.313583986] [cmd_vel_guard]: BLOCKED (geofence): violation at t=0.00s, min_dist=0.408m
[WARN] [1784377775.364700184] [cmd_vel_guard]: BLOCKED (geofence): violation at t=0.00s, min_dist=0.408m
[WARN] [1784377775.415868501] [cmd_vel_guard]: BLOCKED (geofence): violation at t=0.00s, min_dist=0.408m
[INFO] [1784377775.466829798] [cmd_vel_guard]: Guard status: cmds=2301, nav_approved=True, odom=yes, pos=(4.90,-1.08), passed=1725, blocked=575
[WARN] [1784377775.467276341] [cmd_vel_guard]: BLOCKED (geofence): violation at t=0.00s, min_dist=0.408m
[WARN] [1784377775.518429770] [cmd_vel_guard]: BLOCKED (geofence): violation at t=0.00s, min_dist=0.408m
[WARN] [1784377775.569628183] [cmd_vel_guard]: BLOCKED (geofence): violation at t=0.00s, min_dist=0.408m
[WARN] [1784377775.620837939] [cmd_vel_guard]: BLOCKED (geofence): violation at t=0.00s, min_dist=0.408m
[WARN] [1784377775.672022266] [cmd_vel_guard]: BLOCKED (geofence): violation at t=0.00s, min_dist=0.408m
[WARN] [1784377775.723212154] [cmd_vel_guard]: BLOCKED (geofence): violation at t=0.00s, min_dist=0.408m
[WARN] [1784377775.774401751] [cmd_vel_guard]: BLOCKED (geofence): violation at t=0.00s, min_dist=0.408m
[WARN] [1784377775.825721744] [cmd_vel_guard]: BLOCKED (geofence): violation at t=0.00s, min_dist=0.408m
[WARN] [1784377775.876931209] [cmd_vel_guard]: BLOCKED (geofence): violation at t=0.00s, min_dist=0.408m
[WARN] [1784377775.928158377] [cmd_vel_guard]: BLOCKED (geofence): violation at t=0.00s, min_dist=0.408m
[WARN] [1784377775.979389512] [cmd_vel_guard]: BLOCKED (geofence): violation at t=0.00s, min_dist=0.408m
[WARN] [1784377776.030596222] [cmd_vel_guard]: BLOCKED (geofence): violation at t=0.00s, min_dist=0.408m
[WARN] [1784377776.082064776] [cmd_vel_guard]: BLOCKED (geofence): violation at t=0.00s, min_dist=0.408m
[WARN] [1784377776.133233784] [cmd_vel_guard]: BLOCKED (geofence): violation at t=0.00s, min_dist=0.408m
[WARN] [1784377776.184448409] [cmd_vel_guard]: BLOCKED (geofence): violation at t=0.00s, min_dist=0.408m
[WARN] [1784377776.235721133] [cmd_vel_guard]: BLOCKED (geofence): violation at t=0.00s, min_dist=0.408m
[WARN] [1784377776.286885773] [cmd_vel_guard]: BLOCKED (geofence): violation at t=0.00s, min_dist=0.408m
[WARN] [1784377776.338256172] [cmd_vel_guard]: BLOCKED (geofence): violation at t=0.00s, min_dist=0.408m
[WARN] [1784377776.389507085] [cmd_vel_guard]: BLOCKED (geofence): violation at t=0.00s, min_dist=0.408m
[WARN] [1784377776.440661295] [cmd_vel_guard]: BLOCKED (geofence): violation at t=0.00s, min_dist=0.408m
[WARN] [1784377776.491835543] [cmd_vel_guard]: BLOCKED (geofence): violation at t=0.00s, min_dist=0.408m
[WARN] [1784377776.543081267] [cmd_vel_guard]: BLOCKED (geofence): violation at t=0.00s, min_dist=0.408m
[WARN] [1784377776.594260905] [cmd_vel_guard]: BLOCKED (geofence): violation at t=0.00s, min_dist=0.408m
[WARN] [1784377776.645467294] [cmd_vel_guard]: BLOCKED (geofence): violation at t=0.00s, min_dist=0.408m
[WARN] [1784377776.696705423] [cmd_vel_guard]: BLOCKED (geofence): violation at t=0.00s, min_dist=0.408m
[WARN] [1784377776.747931349] [cmd_vel_guard]: BLOCKED (geofence): violation at t=0.00s, min_dist=0.408m
[WARN] [1784377776.799035825] [cmd_vel_guard]: BLOCKED (geofence): violation at t=0.00s, min_dist=0.408m
[WARN] [1784377776.850237646] [cmd_vel_guard]: BLOCKED (geofence): violation at t=0.00s, min_dist=0.408m
[WARN] [1784377776.901400132] [cmd_vel_guard]: BLOCKED (geofence): violation at t=0.00s, min_dist=0.408m
[WARN] [1784377776.952648750] [cmd_vel_guard]: BLOCKED (geofence): violation at t=0.00s, min_dist=0.408m
[WARN] [1784377777.003944478] [cmd_vel_guard]: BLOCKED (geofence): violation at t=0.00s, min_dist=0.408m
[WARN] [1784377777.055130619] [cmd_vel_guard]: BLOCKED (geofence): violation at t=0.00s, min_dist=0.408m
[WARN] [1784377777.106254041] [cmd_vel_guard]: BLOCKED (geofence): violation at t=0.00s, min_dist=0.408m
[WARN] [1784377777.157498823] [cmd_vel_guard]: BLOCKED (geofence): violation at t=0.00s, min_dist=0.408m
[WARN] [1784377777.208677279] [cmd_vel_guard]: BLOCKED (geofence): violation at t=0.00s, min_dist=0.408m
[WARN] [1784377777.260153938] [cmd_vel_guard]: BLOCKED (geofence): violation at t=0.00s, min_dist=0.408m
[WARN] [1784377777.311427975] [cmd_vel_guard]: BLOCKED (geofence): violation at t=0.00s, min_dist=0.408m
[WARN] [1784377777.362628373] [cmd_vel_guard]: BLOCKED (geofence): violation at t=0.00s, min_dist=0.408m
[WARN] [1784377777.414026624] [cmd_vel_guard]: BLOCKED (geofence): violation at t=0.00s, min_dist=0.408m
[WARN] [1784377777.465262769] [cmd_vel_guard]: BLOCKED (geofence): violation at t=0.00s, min_dist=0.408m
[WARN] [1784377777.516518802] [cmd_vel_guard]: BLOCKED (geofence): violation at t=0.00s, min_dist=0.408m
[WARN] [1784377777.567708770] [cmd_vel_guard]: BLOCKED (geofence): violation at t=0.00s, min_dist=0.408m
[WARN] [1784377777.619022552] [cmd_vel_guard]: BLOCKED (geofence): violation at t=0.00s, min_dist=0.408m
[WARN] [1784377777.670387711] [cmd_vel_guard]: BLOCKED (geofence): violation at t=0.00s, min_dist=0.408m
[WARN] [1784377777.721630769] [cmd_vel_guard]: BLOCKED (geofence): violation at t=0.00s, min_dist=0.408m
[WARN] [1784377777.772789738] [cmd_vel_guard]: BLOCKED (geofence): violation at t=0.00s, min_dist=0.408m
[WARN] [1784377777.824007920] [cmd_vel_guard]: BLOCKED (geofence): violation at t=0.00s, min_dist=0.408m
[WARN] [1784377777.875153744] [cmd_vel_guard]: BLOCKED (geofence): violation at t=0.00s, min_dist=0.408m
[WARN] [1784377777.926672643] [cmd_vel_guard]: BLOCKED (geofence): violation at t=0.00s, min_dist=0.408m
[WARN] [1784377777.977887048] [cmd_vel_guard]: BLOCKED (geofence): violation at t=0.00s, min_dist=0.408m
[INFO] [1784377778.028780335] [cmd_vel_guard]: Guard status: cmds=2351, nav_approved=True, odom=yes, pos=(4.90,-1.08), passed=1725, blocked=625
[WARN] [1784377778.029204005] [cmd_vel_guard]: BLOCKED (geofence): violation at t=0.00s, min_dist=0.408m
[WARN] [1784377778.080348297] [cmd_vel_guard]: BLOCKED (geofence): violation at t=0.00s, min_dist=0.408m
[WARN] [1784377778.131892324] [cmd_vel_guard]: BLOCKED (geofence): violation at t=0.00s, min_dist=0.408m
[WARN] [1784377778.183324810] [cmd_vel_guard]: BLOCKED (geofence): violation at t=0.00s, min_dist=0.408m
[WARN] [1784377778.234483840] [cmd_vel_guard]: BLOCKED (geofence): violation at t=0.00s, min_dist=0.408m
[WARN] [1784377778.285879296] [cmd_vel_guard]: BLOCKED (geofence): violation at t=0.00s, min_dist=0.408m
[WARN] [1784377778.337280553] [cmd_vel_guard]: BLOCKED (geofence): violation at t=0.00s, min_dist=0.408m
[WARN] [1784377778.388380721] [cmd_vel_guard]: BLOCKED (geofence): violation at t=0.00s, min_dist=0.408m
[WARN] [1784377778.439750338] [cmd_vel_guard]: BLOCKED (geofence): violation at t=0.00s, min_dist=0.408m
[WARN] [1784377778.490871968] [cmd_vel_guard]: BLOCKED (geofence): violation at t=0.00s, min_dist=0.408m
[WARN] [1784377778.541972567] [cmd_vel_guard]: BLOCKED (geofence): violation at t=0.00s, min_dist=0.408m
[WARN] [1784377778.593260470] [cmd_vel_guard]: BLOCKED (geofence): violation at t=0.00s, min_dist=0.408m
[WARN] [1784377778.644539606] [cmd_vel_guard]: BLOCKED (geofence): violation at t=0.00s, min_dist=0.408m
[WARN] [1784377778.695765873] [cmd_vel_guard]: BLOCKED (geofence): violation at t=0.00s, min_dist=0.408m
[WARN] [1784377778.747012548] [cmd_vel_guard]: BLOCKED (geofence): violation at t=0.00s, min_dist=0.408m
[WARN] [1784377778.798173361] [cmd_vel_guard]: BLOCKED (geofence): violation at t=0.00s, min_dist=0.408m
[WARN] [1784377778.849298246] [cmd_vel_guard]: BLOCKED (geofence): violation at t=0.00s, min_dist=0.408m
[WARN] [1784377778.900558768] [cmd_vel_guard]: BLOCKED (geofence): violation at t=0.00s, min_dist=0.408m
[WARN] [1784377778.951779163] [cmd_vel_guard]: BLOCKED (geofence): violation at t=0.00s, min_dist=0.408m
[WARN] [1784377779.002966075] [cmd_vel_guard]: BLOCKED (geofence): violation at t=0.00s, min_dist=0.408m
[WARN] [1784377779.054331074] [cmd_vel_guard]: BLOCKED (geofence): violation at t=0.00s, min_dist=0.408m
[WARN] [1784377779.105505503] [cmd_vel_guard]: BLOCKED (geofence): violation at t=0.00s, min_dist=0.408m
[WARN] [1784377779.156631420] [cmd_vel_guard]: BLOCKED (geofence): violation at t=0.00s, min_dist=0.408m
[WARN] [1784377779.208171299] [cmd_vel_guard]: BLOCKED (geofence): violation at t=0.00s, min_dist=0.408m
[WARN] [1784377779.259313267] [cmd_vel_guard]: BLOCKED (geofence): violation at t=0.00s, min_dist=0.408m
[WARN] [1784377779.310929780] [cmd_vel_guard]: BLOCKED (geofence): violation at t=0.00s, min_dist=0.408m
[WARN] [1784377779.362158251] [cmd_vel_guard]: BLOCKED (geofence): violation at t=0.00s, min_dist=0.408m
[WARN] [1784377779.413337669] [cmd_vel_guard]: BLOCKED (geofence): violation at t=0.00s, min_dist=0.408m
[WARN] [1784377779.464494705] [cmd_vel_guard]: BLOCKED (geofence): violation at t=0.00s, min_dist=0.408m
[WARN] [1784377779.516039463] [cmd_vel_guard]: BLOCKED (geofence): violation at t=0.00s, min_dist=0.408m
[WARN] [1784377779.567510512] [cmd_vel_guard]: BLOCKED (geofence): violation at t=0.00s, min_dist=0.408m
[WARN] [1784377779.618823693] [cmd_vel_guard]: BLOCKED (geofence): violation at t=0.00s, min_dist=0.408m
[WARN] [1784377779.670024221] [cmd_vel_guard]: BLOCKED (geofence): violation at t=0.00s, min_dist=0.408m
[WARN] [1784377779.721509206] [cmd_vel_guard]: BLOCKED (geofence): violation at t=0.00s, min_dist=0.408m
[WARN] [1784377779.772668015] [cmd_vel_guard]: BLOCKED (geofence): violation at t=0.00s, min_dist=0.408m
[WARN] [1784377779.823893851] [cmd_vel_guard]: BLOCKED (geofence): violation at t=0.00s, min_dist=0.408m
[WARN] [1784377779.875052901] [cmd_vel_guard]: BLOCKED (geofence): violation at t=0.00s, min_dist=0.408m
[WARN] [1784377779.926325806] [cmd_vel_guard]: BLOCKED (geofence): violation at t=0.00s, min_dist=0.408m
[WARN] [1784377779.977735709] [cmd_vel_guard]: BLOCKED (geofence): violation at t=0.00s, min_dist=0.408m
[WARN] [1784377780.028892395] [cmd_vel_guard]: BLOCKED (geofence): violation at t=0.00s, min_dist=0.408m
[WARN] [1784377780.080038961] [cmd_vel_guard]: BLOCKED (geofence): violation at t=0.00s, min_dist=0.408m
[WARN] [1784377780.131220092] [cmd_vel_guard]: BLOCKED (geofence): violation at t=0.00s, min_dist=0.408m
[WARN] [1784377780.182547721] [cmd_vel_guard]: BLOCKED (geofence): violation at t=0.00s, min_dist=0.408m
[WARN] [1784377780.233686202] [cmd_vel_guard]: BLOCKED (geofence): violation at t=0.00s, min_dist=0.408m
[WARN] [1784377780.285020542] [cmd_vel_guard]: BLOCKED (geofence): violation at t=0.00s, min_dist=0.408m
[INFO] [1784377780.336061830] [cmd_vel_guard]: [HEARTBEAT #35] cmds=2395, odom=yes, nav_approved=True, pos=(4.90,-1.08)
[WARN] [1784377780.336562736] [cmd_vel_guard]: BLOCKED (geofence): violation at t=0.00s, min_dist=0.408m
[WARN] [1784377780.387716035] [cmd_vel_guard]: BLOCKED (geofence): violation at t=0.00s, min_dist=0.408m
[WARN] [1784377780.438909029] [cmd_vel_guard]: BLOCKED (geofence): violation at t=0.00s, min_dist=0.408m
[WARN] [1784377780.490114867] [cmd_vel_guard]: BLOCKED (geofence): violation at t=0.00s, min_dist=0.408m
[WARN] [1784377780.541226407] [cmd_vel_guard]: BLOCKED (geofence): violation at t=0.00s, min_dist=0.408m
[INFO] [1784377780.592262414] [cmd_vel_guard]: Guard status: cmds=2401, nav_approved=True, odom=yes, pos=(4.90,-1.08), passed=1725, blocked=675
[WARN] [1784377780.592673741] [cmd_vel_guard]: BLOCKED (geofence): violation at t=0.00s, min_dist=0.408m
[WARN] [1784377780.644069368] [cmd_vel_guard]: BLOCKED (geofence): violation at t=0.00s, min_dist=0.408m
[WARN] [1784377780.695218819] [cmd_vel_guard]: BLOCKED (geofence): violation at t=0.00s, min_dist=0.408m
[WARN] [1784377780.746463371] [cmd_vel_guard]: BLOCKED (geofence): violation at t=0.00s, min_dist=0.408m
[WARN] [1784377780.797755662] [cmd_vel_guard]: BLOCKED (geofence): violation at t=0.00s, min_dist=0.408m
[WARN] [1784377780.848897620] [cmd_vel_guard]: BLOCKED (geofence): violation at t=0.00s, min_dist=0.408m
[WARN] [1784377780.900211201] [cmd_vel_guard]: BLOCKED (geofence): violation at t=0.00s, min_dist=0.408m
[WARN] [1784377780.951647935] [cmd_vel_guard]: BLOCKED (geofence): violation at t=0.00s, min_dist=0.408m
[WARN] [1784377781.002957690] [cmd_vel_guard]: BLOCKED (geofence): violation at t=0.00s, min_dist=0.408m
[WARN] [1784377781.054304895] [cmd_vel_guard]: BLOCKED (geofence): violation at t=0.00s, min_dist=0.408m
[WARN] [1784377781.105481147] [cmd_vel_guard]: BLOCKED (geofence): violation at t=0.00s, min_dist=0.408m
[WARN] [1784377781.156890019] [cmd_vel_guard]: BLOCKED (geofence): violation at t=0.00s, min_dist=0.408m
[WARN] [1784377781.207809286] [cmd_vel_guard]: BLOCKED (geofence): violation at t=0.00s, min_dist=0.408m
[WARN] [1784377781.258890058] [cmd_vel_guard]: BLOCKED (geofence): violation at t=0.00s, min_dist=0.405m
[WARN] [1784377781.310128157] [cmd_vel_guard]: BLOCKED (geofence): violation at t=0.00s, min_dist=0.405m
[WARN] [1784377781.361343373] [cmd_vel_guard]: BLOCKED (geofence): violation at t=0.00s, min_dist=0.408m
[WARN] [1784377781.412592012] [cmd_vel_guard]: BLOCKED (geofence): violation at t=0.00s, min_dist=0.408m
[WARN] [1784377781.463711908] [cmd_vel_guard]: BLOCKED (geofence): violation at t=0.00s, min_dist=0.408m
[WARN] [1784377781.514897358] [cmd_vel_guard]: BLOCKED (geofence): violation at t=0.00s, min_dist=0.408m
[WARN] [1784377781.566055947] [cmd_vel_guard]: BLOCKED (geofence): violation at t=0.00s, min_dist=0.408m
[WARN] [1784377781.617226148] [cmd_vel_guard]: BLOCKED (geofence): violation at t=0.00s, min_dist=0.408m
[WARN] [1784377781.668646892] [cmd_vel_guard]: BLOCKED (geofence): violation at t=0.00s, min_dist=0.408m
[WARN] [1784377781.719891904] [cmd_vel_guard]: BLOCKED (geofence): violation at t=0.00s, min_dist=0.408m
[WARN] [1784377781.771222188] [cmd_vel_guard]: BLOCKED (geofence): violation at t=0.00s, min_dist=0.408m
[WARN] [1784377781.822441461] [cmd_vel_guard]: BLOCKED (geofence): violation at t=0.00s, min_dist=0.408m
[WARN] [1784377781.873747759] [cmd_vel_guard]: BLOCKED (geofence): violation at t=0.00s, min_dist=0.408m
[WARN] [1784377781.925309339] [cmd_vel_guard]: BLOCKED (geofence): violation at t=0.00s, min_dist=0.408m
[WARN] [1784377781.976459152] [cmd_vel_guard]: BLOCKED (geofence): violation at t=0.00s, min_dist=0.408m
[WARN] [1784377782.027841904] [cmd_vel_guard]: BLOCKED (geofence): violation at t=0.00s, min_dist=0.408m
[WARN] [1784377782.079025801] [cmd_vel_guard]: BLOCKED (geofence): violation at t=0.00s, min_dist=0.408m
[WARN] [1784377782.130226800] [cmd_vel_guard]: BLOCKED (geofence): violation at t=0.00s, min_dist=0.408m
[WARN] [1784377782.181523830] [cmd_vel_guard]: BLOCKED (geofence): violation at t=0.00s, min_dist=0.408m
[WARN] [1784377782.232715642] [cmd_vel_guard]: BLOCKED (geofence): violation at t=0.00s, min_dist=0.408m
[WARN] [1784377782.284093706] [cmd_vel_guard]: BLOCKED (geofence): violation at t=0.00s, min_dist=0.408m
[WARN] [1784377782.335408199] [cmd_vel_guard]: BLOCKED (geofence): violation at t=0.00s, min_dist=0.408m
[WARN] [1784377782.386935935] [cmd_vel_guard]: BLOCKED (geofence): violation at t=0.00s, min_dist=0.408m
[WARN] [1784377782.438351510] [cmd_vel_guard]: BLOCKED (geofence): violation at t=0.00s, min_dist=0.408m
[WARN] [1784377782.489529586] [cmd_vel_guard]: BLOCKED (geofence): violation at t=0.00s, min_dist=0.408m
[WARN] [1784377782.540688355] [cmd_vel_guard]: BLOCKED (geofence): violation at t=0.00s, min_dist=0.408m
[WARN] [1784377782.591932877] [cmd_vel_guard]: BLOCKED (geofence): violation at t=0.00s, min_dist=0.408m
[WARN] [1784377782.643152902] [cmd_vel_guard]: BLOCKED (geofence): violation at t=0.00s, min_dist=0.408m
[WARN] [1784377782.694608942] [cmd_vel_guard]: BLOCKED (geofence): violation at t=0.00s, min_dist=0.408m
[WARN] [1784377782.745865567] [cmd_vel_guard]: BLOCKED (geofence): violation at t=0.00s, min_dist=0.408m
[WARN] [1784377782.797465299] [cmd_vel_guard]: BLOCKED (geofence): violation at t=0.00s, min_dist=0.408m
[WARN] [1784377782.848671889] [cmd_vel_guard]: BLOCKED (geofence): violation at t=0.00s, min_dist=0.408m
[WARN] [1784377782.899836970] [cmd_vel_guard]: BLOCKED (geofence): violation at t=0.00s, min_dist=0.408m
[WARN] [1784377782.951574482] [cmd_vel_guard]: BLOCKED (geofence): violation at t=0.00s, min_dist=0.408m
[WARN] [1784377783.002835885] [cmd_vel_guard]: BLOCKED (geofence): violation at t=0.00s, min_dist=0.408m
[WARN] [1784377783.054029461] [cmd_vel_guard]: BLOCKED (geofence): violation at t=0.00s, min_dist=0.408m
[WARN] [1784377783.105302275] [cmd_vel_guard]: BLOCKED (geofence): violation at t=0.00s, min_dist=0.408m
[INFO] [1784377783.156206314] [cmd_vel_guard]: Guard status: cmds=2451, nav_approved=True, odom=yes, pos=(4.90,-1.08), passed=1725, blocked=725
[WARN] [1784377783.156605057] [cmd_vel_guard]: BLOCKED (geofence): violation at t=0.00s, min_dist=0.408m
[WARN] [1784377783.207922686] [cmd_vel_guard]: BLOCKED (geofence): violation at t=0.00s, min_dist=0.408m
[WARN] [1784377783.259063141] [cmd_vel_guard]: BLOCKED (geofence): violation at t=0.00s, min_dist=0.408m
[WARN] [1784377783.310297483] [cmd_vel_guard]: BLOCKED (geofence): violation at t=0.00s, min_dist=0.408m
[WARN] [1784377783.361534461] [cmd_vel_guard]: BLOCKED (geofence): violation at t=0.00s, min_dist=0.408m
[WARN] [1784377783.412708429] [cmd_vel_guard]: BLOCKED (geofence): violation at t=0.00s, min_dist=0.408m
[WARN] [1784377783.464158889] [cmd_vel_guard]: BLOCKED (geofence): violation at t=0.00s, min_dist=0.408m
[WARN] [1784377783.515302660] [cmd_vel_guard]: BLOCKED (geofence): violation at t=0.00s, min_dist=0.408m
[WARN] [1784377783.566540579] [cmd_vel_guard]: BLOCKED (geofence): violation at t=0.00s, min_dist=0.408m
[WARN] [1784377783.617664122] [cmd_vel_guard]: BLOCKED (geofence): violation at t=0.00s, min_dist=0.408m
[WARN] [1784377783.668880891] [cmd_vel_guard]: BLOCKED (geofence): violation at t=0.00s, min_dist=0.408m
[WARN] [1784377783.720105134] [cmd_vel_guard]: BLOCKED (geofence): violation at t=0.00s, min_dist=0.408m
[WARN] [1784377783.771290705] [cmd_vel_guard]: BLOCKED (geofence): violation at t=0.00s, min_dist=0.408m
[WARN] [1784377783.822500370] [cmd_vel_guard]: BLOCKED (geofence): violation at t=0.00s, min_dist=0.408m
[WARN] [1784377783.873692803] [cmd_vel_guard]: BLOCKED (geofence): violation at t=0.00s, min_dist=0.408m
[WARN] [1784377783.924863125] [cmd_vel_guard]: BLOCKED (geofence): violation at t=0.00s, min_dist=0.408m
[WARN] [1784377783.976121412] [cmd_vel_guard]: BLOCKED (geofence): violation at t=0.00s, min_dist=0.408m
[WARN] [1784377784.027336398] [cmd_vel_guard]: BLOCKED (geofence): violation at t=0.00s, min_dist=0.408m
[WARN] [1784377784.078624231] [cmd_vel_guard]: BLOCKED (geofence): violation at t=0.00s, min_dist=0.408m
[WARN] [1784377784.129829438] [cmd_vel_guard]: BLOCKED (geofence): violation at t=0.00s, min_dist=0.408m
[WARN] [1784377784.181012664] [cmd_vel_guard]: BLOCKED (geofence): violation at t=0.00s, min_dist=0.408m
[WARN] [1784377784.232335904] [cmd_vel_guard]: BLOCKED (geofence): violation at t=0.00s, min_dist=0.408m
[WARN] [1784377784.283554857] [cmd_vel_guard]: BLOCKED (geofence): violation at t=0.00s, min_dist=0.408m
[WARN] [1784377784.335085229] [cmd_vel_guard]: BLOCKED (geofence): violation at t=0.00s, min_dist=0.408m
[WARN] [1784377784.386428146] [cmd_vel_guard]: BLOCKED (geofence): violation at t=0.00s, min_dist=0.408m
[WARN] [1784377784.437651668] [cmd_vel_guard]: BLOCKED (geofence): violation at t=0.00s, min_dist=0.408m
[WARN] [1784377784.488912761] [cmd_vel_guard]: BLOCKED (geofence): violation at t=0.00s, min_dist=0.408m
[WARN] [1784377784.540138857] [cmd_vel_guard]: BLOCKED (geofence): violation at t=0.00s, min_dist=0.408m
[WARN] [1784377784.591301053] [cmd_vel_guard]: BLOCKED (geofence): violation at t=0.00s, min_dist=0.408m
[WARN] [1784377784.642564851] [cmd_vel_guard]: BLOCKED (geofence): violation at t=0.00s, min_dist=0.408m
[WARN] [1784377784.693718401] [cmd_vel_guard]: BLOCKED (geofence): violation at t=0.00s, min_dist=0.408m
[WARN] [1784377784.744996496] [cmd_vel_guard]: BLOCKED (geofence): violation at t=0.00s, min_dist=0.408m
[WARN] [1784377784.796401671] [cmd_vel_guard]: BLOCKED (geofence): violation at t=0.00s, min_dist=0.408m
[WARN] [1784377784.847709472] [cmd_vel_guard]: BLOCKED (geofence): violation at t=0.00s, min_dist=0.408m
[WARN] [1784377784.898965535] [cmd_vel_guard]: BLOCKED (geofence): violation at t=0.00s, min_dist=0.408m
[WARN] [1784377784.950137880] [cmd_vel_guard]: BLOCKED (geofence): violation at t=0.00s, min_dist=0.408m
[WARN] [1784377785.001320224] [cmd_vel_guard]: BLOCKED (geofence): violation at t=0.00s, min_dist=0.408m
[WARN] [1784377785.052855124] [cmd_vel_guard]: BLOCKED (geofence): violation at t=0.00s, min_dist=0.408m
[WARN] [1784377785.104044411] [cmd_vel_guard]: BLOCKED (geofence): violation at t=0.00s, min_dist=0.408m
[WARN] [1784377785.155286338] [cmd_vel_guard]: BLOCKED (geofence): violation at t=0.00s, min_dist=0.408m
[WARN] [1784377785.206526962] [cmd_vel_guard]: BLOCKED (geofence): violation at t=0.00s, min_dist=0.408m
[WARN] [1784377785.257831247] [cmd_vel_guard]: BLOCKED (geofence): violation at t=0.00s, min_dist=0.408m
[INFO] [1784377785.308967564] [cmd_vel_guard]: [HEARTBEAT #36] cmds=2492, odom=yes, nav_approved=True, pos=(4.90,-1.08)
[WARN] [1784377785.309483799] [cmd_vel_guard]: BLOCKED (geofence): violation at t=0.00s, min_dist=0.408m
[WARN] [1784377785.360744791] [cmd_vel_guard]: BLOCKED (geofence): violation at t=0.00s, min_dist=0.408m
[WARN] [1784377785.411975407] [cmd_vel_guard]: BLOCKED (geofence): violation at t=0.00s, min_dist=0.408m
[WARN] [1784377785.463207635] [cmd_vel_guard]: BLOCKED (geofence): violation at t=0.00s, min_dist=0.408m
[WARN] [1784377785.514384309] [cmd_vel_guard]: BLOCKED (geofence): violation at t=0.00s, min_dist=0.408m
[WARN] [1784377785.565636955] [cmd_vel_guard]: BLOCKED (geofence): violation at t=0.00s, min_dist=0.408m
[WARN] [1784377785.616771229] [cmd_vel_guard]: BLOCKED (geofence): violation at t=0.00s, min_dist=0.408m
[WARN] [1784377785.668025268] [cmd_vel_guard]: BLOCKED (geofence): violation at t=0.00s, min_dist=0.408m
[INFO] [1784377785.718935429] [cmd_vel_guard]: Guard status: cmds=2501, nav_approved=True, odom=yes, pos=(4.90,-1.08), passed=1725, blocked=775
[WARN] [1784377785.719385198] [cmd_vel_guard]: BLOCKED (geofence): violation at t=0.00s, min_dist=0.408m
[WARN] [1784377785.770535642] [cmd_vel_guard]: BLOCKED (geofence): violation at t=0.00s, min_dist=0.408m
[WARN] [1784377785.821861757] [cmd_vel_guard]: BLOCKED (geofence): violation at t=0.00s, min_dist=0.408m
[WARN] [1784377785.873078927] [cmd_vel_guard]: BLOCKED (geofence): violation at t=0.00s, min_dist=0.408m
[WARN] [1784377785.924312869] [cmd_vel_guard]: BLOCKED (geofence): violation at t=0.00s, min_dist=0.408m
[WARN] [1784377785.975479303] [cmd_vel_guard]: BLOCKED (geofence): violation at t=0.00s, min_dist=0.408m
[WARN] [1784377786.026673269] [cmd_vel_guard]: BLOCKED (geofence): violation at t=0.00s, min_dist=0.408m
[WARN] [1784377786.077865502] [cmd_vel_guard]: BLOCKED (geofence): violation at t=0.00s, min_dist=0.408m
[WARN] [1784377786.129059027] [cmd_vel_guard]: BLOCKED (geofence): violation at t=0.00s, min_dist=0.408m
[WARN] [1784377786.180436640] [cmd_vel_guard]: BLOCKED (geofence): violation at t=0.00s, min_dist=0.408m
[WARN] [1784377786.231665402] [cmd_vel_guard]: BLOCKED (geofence): violation at t=0.00s, min_dist=0.408m
[WARN] [1784377786.282864358] [cmd_vel_guard]: BLOCKED (geofence): violation at t=0.00s, min_dist=0.408m
[WARN] [1784377786.334188430] [cmd_vel_guard]: BLOCKED (geofence): violation at t=0.00s, min_dist=0.408m
[WARN] [1784377786.385381665] [cmd_vel_guard]: BLOCKED (geofence): violation at t=0.00s, min_dist=0.408m
[WARN] [1784377786.436890756] [cmd_vel_guard]: BLOCKED (geofence): violation at t=0.00s, min_dist=0.408m
[WARN] [1784377786.488066588] [cmd_vel_guard]: BLOCKED (geofence): violation at t=0.00s, min_dist=0.408m
[WARN] [1784377786.539387073] [cmd_vel_guard]: BLOCKED (geofence): violation at t=0.00s, min_dist=0.408m
[WARN] [1784377786.590714932] [cmd_vel_guard]: BLOCKED (geofence): violation at t=0.00s, min_dist=0.408m
[WARN] [1784377786.641901474] [cmd_vel_guard]: BLOCKED (geofence): violation at t=0.00s, min_dist=0.408m
[WARN] [1784377786.693095079] [cmd_vel_guard]: BLOCKED (geofence): violation at t=0.00s, min_dist=0.408m
[WARN] [1784377786.744254931] [cmd_vel_guard]: BLOCKED (geofence): violation at t=0.00s, min_dist=0.408m
[WARN] [1784377786.795421536] [cmd_vel_guard]: BLOCKED (geofence): violation at t=0.00s, min_dist=0.408m
[WARN] [1784377786.846755777] [cmd_vel_guard]: BLOCKED (geofence): violation at t=0.00s, min_dist=0.408m
[WARN] [1784377786.897972316] [cmd_vel_guard]: BLOCKED (geofence): violation at t=0.00s, min_dist=0.408m
[WARN] [1784377786.949048960] [cmd_vel_guard]: BLOCKED (geofence): violation at t=0.00s, min_dist=0.408m
[WARN] [1784377787.000404391] [cmd_vel_guard]: BLOCKED (geofence): violation at t=0.00s, min_dist=0.408m
[WARN] [1784377787.051720218] [cmd_vel_guard]: BLOCKED (geofence): violation at t=0.00s, min_dist=0.408m
[WARN] [1784377787.102905587] [cmd_vel_guard]: BLOCKED (geofence): violation at t=0.00s, min_dist=0.408m
[WARN] [1784377787.154214932] [cmd_vel_guard]: BLOCKED (geofence): violation at t=0.00s, min_dist=0.408m
[WARN] [1784377787.205412755] [cmd_vel_guard]: BLOCKED (geofence): violation at t=0.00s, min_dist=0.408m
[WARN] [1784377787.256608485] [cmd_vel_guard]: BLOCKED (geofence): violation at t=0.00s, min_dist=0.408m
[WARN] [1784377787.307886420] [cmd_vel_guard]: BLOCKED (geofence): violation at t=0.00s, min_dist=0.408m
[WARN] [1784377787.359139057] [cmd_vel_guard]: BLOCKED (geofence): violation at t=0.00s, min_dist=0.408m
[WARN] [1784377787.410435586] [cmd_vel_guard]: BLOCKED (geofence): violation at t=0.00s, min_dist=0.408m
[WARN] [1784377787.461626808] [cmd_vel_guard]: BLOCKED (geofence): violation at t=0.00s, min_dist=0.408m
[WARN] [1784377787.512860879] [cmd_vel_guard]: BLOCKED (geofence): violation at t=0.00s, min_dist=0.408m
[WARN] [1784377787.564104449] [cmd_vel_guard]: BLOCKED (geofence): violation at t=0.00s, min_dist=0.408m
[WARN] [1784377787.615549309] [cmd_vel_guard]: BLOCKED (geofence): violation at t=0.00s, min_dist=0.408m
[WARN] [1784377787.666731944] [cmd_vel_guard]: BLOCKED (geofence): violation at t=0.00s, min_dist=0.408m
[WARN] [1784377787.717951799] [cmd_vel_guard]: BLOCKED (geofence): violation at t=0.00s, min_dist=0.408m
[WARN] [1784377787.769433809] [cmd_vel_guard]: BLOCKED (geofence): violation at t=0.00s, min_dist=0.408m
[WARN] [1784377787.820613329] [cmd_vel_guard]: BLOCKED (geofence): violation at t=0.00s, min_dist=0.408m
[WARN] [1784377787.871970202] [cmd_vel_guard]: BLOCKED (geofence): violation at t=0.00s, min_dist=0.408m
[WARN] [1784377787.923194937] [cmd_vel_guard]: BLOCKED (geofence): violation at t=0.00s, min_dist=0.408m
[WARN] [1784377787.974417347] [cmd_vel_guard]: BLOCKED (geofence): violation at t=0.00s, min_dist=0.408m
[WARN] [1784377788.025630399] [cmd_vel_guard]: BLOCKED (geofence): violation at t=0.00s, min_dist=0.408m
[WARN] [1784377788.076860043] [cmd_vel_guard]: BLOCKED (geofence): violation at t=0.00s, min_dist=0.408m
[WARN] [1784377788.128202239] [cmd_vel_guard]: BLOCKED (geofence): violation at t=0.00s, min_dist=0.408m
[WARN] [1784377788.179362872] [cmd_vel_guard]: BLOCKED (geofence): violation at t=0.00s, min_dist=0.408m
[WARN] [1784377788.230562670] [cmd_vel_guard]: BLOCKED (geofence): violation at t=0.00s, min_dist=0.408m
[INFO] [1784377788.281453584] [cmd_vel_guard]: Guard status: cmds=2551, nav_approved=True, odom=yes, pos=(4.90,-1.08), passed=1725, blocked=825
[WARN] [1784377788.281885609] [cmd_vel_guard]: BLOCKED (geofence): violation at t=0.00s, min_dist=0.408m
[WARN] [1784377788.333138226] [cmd_vel_guard]: BLOCKED (geofence): violation at t=0.00s, min_dist=0.408m
[WARN] [1784377788.384610779] [cmd_vel_guard]: BLOCKED (geofence): violation at t=0.00s, min_dist=0.408m
[WARN] [1784377788.436115221] [cmd_vel_guard]: BLOCKED (geofence): violation at t=0.00s, min_dist=0.408m
[WARN] [1784377788.487324857] [cmd_vel_guard]: BLOCKED (geofence): violation at t=0.00s, min_dist=0.408m
[WARN] [1784377788.538530546] [cmd_vel_guard]: BLOCKED (geofence): violation at t=0.00s, min_dist=0.408m
[WARN] [1784377788.589693564] [cmd_vel_guard]: BLOCKED (geofence): violation at t=0.00s, min_dist=0.408m
[WARN] [1784377788.640953524] [cmd_vel_guard]: BLOCKED (geofence): violation at t=0.00s, min_dist=0.408m
[WARN] [1784377788.692360663] [cmd_vel_guard]: BLOCKED (geofence): violation at t=0.00s, min_dist=0.408m
[WARN] [1784377788.743522920] [cmd_vel_guard]: BLOCKED (geofence): violation at t=0.00s, min_dist=0.408m
[WARN] [1784377788.796623717] [cmd_vel_guard]: BLOCKED (geofence): violation at t=0.00s, min_dist=0.408m
[WARN] [1784377788.847971333] [cmd_vel_guard]: BLOCKED (geofence): violation at t=0.00s, min_dist=0.408m
[WARN] [1784377788.899142556] [cmd_vel_guard]: BLOCKED (geofence): violation at t=0.00s, min_dist=0.408m
[WARN] [1784377788.950330321] [cmd_vel_guard]: BLOCKED (geofence): violation at t=0.00s, min_dist=0.408m
[WARN] [1784377789.001539636] [cmd_vel_guard]: BLOCKED (geofence): violation at t=0.00s, min_dist=0.408m
[WARN] [1784377789.052722241] [cmd_vel_guard]: BLOCKED (geofence): violation at t=0.00s, min_dist=0.408m
[WARN] [1784377789.104069818] [cmd_vel_guard]: BLOCKED (geofence): violation at t=0.00s, min_dist=0.408m
[WARN] [1784377789.155454714] [cmd_vel_guard]: BLOCKED (geofence): violation at t=0.00s, min_dist=0.408m
[WARN] [1784377789.206610619] [cmd_vel_guard]: BLOCKED (geofence): violation at t=0.00s, min_dist=0.408m
[WARN] [1784377789.257873165] [cmd_vel_guard]: BLOCKED (geofence): violation at t=0.00s, min_dist=0.408m
[WARN] [1784377789.309584638] [cmd_vel_guard]: BLOCKED (geofence): violation at t=0.00s, min_dist=0.408m
[WARN] [1784377789.360763927] [cmd_vel_guard]: BLOCKED (geofence): violation at t=0.00s, min_dist=0.408m
[WARN] [1784377789.411592484] [cmd_vel_guard]: BLOCKED (geofence): violation at t=0.00s, min_dist=0.408m
[WARN] [1784377789.462532370] [cmd_vel_guard]: BLOCKED (geofence): violation at t=0.00s, min_dist=0.408m
[WARN] [1784377789.513922467] [cmd_vel_guard]: BLOCKED (geofence): violation at t=0.00s, min_dist=0.408m
[WARN] [1784377789.565291754] [cmd_vel_guard]: BLOCKED (geofence): violation at t=0.00s, min_dist=0.408m
[WARN] [1784377789.616470532] [cmd_vel_guard]: BLOCKED (geofence): violation at t=0.00s, min_dist=0.408m
[WARN] [1784377789.667419325] [cmd_vel_guard]: BLOCKED (geofence): violation at t=0.00s, min_dist=0.408m
[WARN] [1784377789.718530345] [cmd_vel_guard]: BLOCKED (geofence): violation at t=0.00s, min_dist=0.408m
[WARN] [1784377789.769695677] [cmd_vel_guard]: BLOCKED (geofence): violation at t=0.00s, min_dist=0.408m
[WARN] [1784377789.820887890] [cmd_vel_guard]: BLOCKED (geofence): violation at t=0.00s, min_dist=0.408m
[WARN] [1784377789.872268850] [cmd_vel_guard]: BLOCKED (geofence): violation at t=0.00s, min_dist=0.408m
[WARN] [1784377789.923485379] [cmd_vel_guard]: BLOCKED (geofence): violation at t=0.00s, min_dist=0.408m
[WARN] [1784377789.975048502] [cmd_vel_guard]: BLOCKED (geofence): violation at t=0.00s, min_dist=0.408m
[WARN] [1784377790.026223713] [cmd_vel_guard]: BLOCKED (geofence): violation at t=0.00s, min_dist=0.408m
[WARN] [1784377790.077377324] [cmd_vel_guard]: BLOCKED (geofence): violation at t=0.00s, min_dist=0.408m
[WARN] [1784377790.128636583] [cmd_vel_guard]: BLOCKED (geofence): violation at t=0.00s, min_dist=0.408m
[WARN] [1784377790.179892206] [cmd_vel_guard]: BLOCKED (geofence): violation at t=0.00s, min_dist=0.408m
[WARN] [1784377790.230992446] [cmd_vel_guard]: BLOCKED (geofence): violation at t=0.00s, min_dist=0.408m
[WARN] [1784377790.282174319] [cmd_vel_guard]: BLOCKED (geofence): violation at t=0.00s, min_dist=0.408m
[INFO] [1784377790.333193846] [cmd_vel_guard]: [HEARTBEAT #37] cmds=2590, odom=yes, nav_approved=True, pos=(4.90,-1.08)
[WARN] [1784377790.333736120] [cmd_vel_guard]: BLOCKED (geofence): violation at t=0.00s, min_dist=0.408m
[WARN] [1784377790.385154821] [cmd_vel_guard]: BLOCKED (geofence): violation at t=0.00s, min_dist=0.408m
[WARN] [1784377790.436372482] [cmd_vel_guard]: BLOCKED (geofence): violation at t=0.00s, min_dist=0.408m
[WARN] [1784377790.487759684] [cmd_vel_guard]: BLOCKED (geofence): violation at t=0.00s, min_dist=0.408m
[WARN] [1784377790.538895901] [cmd_vel_guard]: BLOCKED (geofence): violation at t=0.00s, min_dist=0.408m
[WARN] [1784377790.590184176] [cmd_vel_guard]: BLOCKED (geofence): violation at t=0.00s, min_dist=0.408m
[WARN] [1784377790.641087062] [cmd_vel_guard]: BLOCKED (geofence): violation at t=0.00s, min_dist=0.408m
[WARN] [1784377790.691811081] [cmd_vel_guard]: BLOCKED (geofence): violation at t=0.00s, min_dist=0.408m
[WARN] [1784377790.742878850] [cmd_vel_guard]: BLOCKED (geofence): violation at t=0.00s, min_dist=0.408m
[WARN] [1784377790.793975182] [cmd_vel_guard]: BLOCKED (geofence): violation at t=0.00s, min_dist=0.408m
[INFO] [1784377790.844928925] [cmd_vel_guard]: Guard status: cmds=2601, nav_approved=True, odom=yes, pos=(4.90,-1.08), passed=1725, blocked=875
[WARN] [1784377790.845356572] [cmd_vel_guard]: BLOCKED (geofence): violation at t=0.00s, min_dist=0.408m
[WARN] [1784377790.896512106] [cmd_vel_guard]: BLOCKED (geofence): violation at t=0.00s, min_dist=0.408m
[WARN] [1784377790.947853110] [cmd_vel_guard]: BLOCKED (geofence): violation at t=0.00s, min_dist=0.408m
[WARN] [1784377790.999143519] [cmd_vel_guard]: BLOCKED (geofence): violation at t=0.00s, min_dist=0.408m
[WARN] [1784377791.050324150] [cmd_vel_guard]: BLOCKED (geofence): violation at t=0.00s, min_dist=0.408m
[WARN] [1784377791.101528907] [cmd_vel_guard]: BLOCKED (geofence): violation at t=0.00s, min_dist=0.408m
[WARN] [1784377791.152700341] [cmd_vel_guard]: BLOCKED (geofence): violation at t=0.00s, min_dist=0.408m
[WARN] [1784377791.204080809] [cmd_vel_guard]: BLOCKED (geofence): violation at t=0.00s, min_dist=0.408m
[WARN] [1784377791.255275968] [cmd_vel_guard]: BLOCKED (geofence): violation at t=0.00s, min_dist=0.408m
[WARN] [1784377791.306561818] [cmd_vel_guard]: BLOCKED (geofence): violation at t=0.00s, min_dist=0.408m
[WARN] [1784377791.358127527] [cmd_vel_guard]: BLOCKED (geofence): violation at t=0.00s, min_dist=0.408m
[WARN] [1784377791.409536539] [cmd_vel_guard]: BLOCKED (geofence): violation at t=0.00s, min_dist=0.408m
[WARN] [1784377791.460844351] [cmd_vel_guard]: BLOCKED (geofence): violation at t=0.00s, min_dist=0.408m
[WARN] [1784377791.512041052] [cmd_vel_guard]: BLOCKED (geofence): violation at t=0.00s, min_dist=0.400m
[WARN] [1784377791.563286135] [cmd_vel_guard]: BLOCKED (geofence): violation at t=0.00s, min_dist=0.405m
[WARN] [1784377791.614543672] [cmd_vel_guard]: BLOCKED (geofence): violation at t=0.00s, min_dist=0.400m
[WARN] [1784377791.665888984] [cmd_vel_guard]: BLOCKED (geofence): violation at t=0.00s, min_dist=0.405m
[WARN] [1784377791.717015644] [cmd_vel_guard]: BLOCKED (geofence): violation at t=0.00s, min_dist=0.400m
[WARN] [1784377791.768405460] [cmd_vel_guard]: BLOCKED (geofence): violation at t=0.00s, min_dist=0.403m
[WARN] [1784377791.819923989] [cmd_vel_guard]: BLOCKED (geofence): violation at t=0.00s, min_dist=0.400m
[WARN] [1784377791.871194029] [cmd_vel_guard]: BLOCKED (geofence): violation at t=0.00s, min_dist=0.403m
[WARN] [1784377791.922532980] [cmd_vel_guard]: BLOCKED (geofence): violation at t=0.00s, min_dist=0.400m
[WARN] [1784377791.973772062] [cmd_vel_guard]: BLOCKED (geofence): violation at t=0.00s, min_dist=0.400m
[WARN] [1784377792.024916114] [cmd_vel_guard]: BLOCKED (geofence): violation at t=0.00s, min_dist=0.400m
[WARN] [1784377792.076331779] [cmd_vel_guard]: BLOCKED (geofence): violation at t=0.00s, min_dist=0.400m
[WARN] [1784377792.127646023] [cmd_vel_guard]: BLOCKED (geofence): violation at t=0.00s, min_dist=0.400m
[WARN] [1784377792.178921393] [cmd_vel_guard]: BLOCKED (geofence): violation at t=0.00s, min_dist=0.400m
[WARN] [1784377792.230245585] [cmd_vel_guard]: BLOCKED (geofence): violation at t=0.00s, min_dist=0.400m
[WARN] [1784377792.281471753] [cmd_vel_guard]: BLOCKED (geofence): violation at t=0.00s, min_dist=0.400m
[WARN] [1784377792.332780156] [cmd_vel_guard]: BLOCKED (geofence): violation at t=0.00s, min_dist=0.400m
[WARN] [1784377792.384113535] [cmd_vel_guard]: BLOCKED (geofence): violation at t=0.00s, min_dist=0.400m
[WARN] [1784377792.435265402] [cmd_vel_guard]: BLOCKED (geofence): violation at t=0.00s, min_dist=0.400m
[WARN] [1784377792.486852622] [cmd_vel_guard]: BLOCKED (geofence): violation at t=0.00s, min_dist=0.400m
[WARN] [1784377792.538008667] [cmd_vel_guard]: BLOCKED (geofence): violation at t=0.00s, min_dist=0.400m
[WARN] [1784377792.589184108] [cmd_vel_guard]: BLOCKED (geofence): violation at t=0.00s, min_dist=0.400m
[WARN] [1784377792.640337558] [cmd_vel_guard]: BLOCKED (geofence): violation at t=0.00s, min_dist=0.400m
[WARN] [1784377792.691494485] [cmd_vel_guard]: BLOCKED (geofence): violation at t=0.00s, min_dist=0.400m
[WARN] [1784377792.742610755] [cmd_vel_guard]: BLOCKED (geofence): violation at t=0.00s, min_dist=0.400m
[WARN] [1784377792.793907505] [cmd_vel_guard]: BLOCKED (geofence): violation at t=0.00s, min_dist=0.400m
[WARN] [1784377792.844993228] [cmd_vel_guard]: BLOCKED (geofence): violation at t=0.00s, min_dist=0.400m
[WARN] [1784377792.896219655] [cmd_vel_guard]: BLOCKED (geofence): violation at t=0.00s, min_dist=0.400m
[WARN] [1784377792.947518781] [cmd_vel_guard]: BLOCKED (geofence): violation at t=0.00s, min_dist=0.400m
[WARN] [1784377792.998742313] [cmd_vel_guard]: BLOCKED (geofence): violation at t=0.00s, min_dist=0.400m
[WARN] [1784377793.049914478] [cmd_vel_guard]: BLOCKED (geofence): violation at t=0.00s, min_dist=0.400m
[WARN] [1784377793.101099188] [cmd_vel_guard]: BLOCKED (geofence): violation at t=0.00s, min_dist=0.400m
[WARN] [1784377793.152302201] [cmd_vel_guard]: BLOCKED (geofence): violation at t=0.00s, min_dist=0.400m
[WARN] [1784377793.203496368] [cmd_vel_guard]: BLOCKED (geofence): violation at t=0.00s, min_dist=0.400m
[WARN] [1784377793.254850027] [cmd_vel_guard]: BLOCKED (geofence): violation at t=0.00s, min_dist=0.400m
[WARN] [1784377793.305946780] [cmd_vel_guard]: BLOCKED (geofence): violation at t=0.00s, min_dist=0.400m
[WARN] [1784377793.357178848] [cmd_vel_guard]: BLOCKED (geofence): violation at t=0.00s, min_dist=0.400m
[INFO] [1784377793.408258800] [cmd_vel_guard]: Guard status: cmds=2651, nav_approved=True, odom=yes, pos=(4.90,-1.08), passed=1725, blocked=925
[WARN] [1784377793.408720181] [cmd_vel_guard]: BLOCKED (geofence): violation at t=0.00s, min_dist=0.400m
[WARN] [1784377793.459633738] [cmd_vel_guard]: BLOCKED (geofence): violation at t=0.00s, min_dist=0.400m
[WARN] [1784377793.510361214] [cmd_vel_guard]: BLOCKED (geofence): violation at t=0.00s, min_dist=0.400m
[WARN] [1784377793.561112244] [cmd_vel_guard]: BLOCKED (geofence): violation at t=0.00s, min_dist=0.400m
[WARN] [1784377793.611821235] [cmd_vel_guard]: BLOCKED (geofence): violation at t=0.00s, min_dist=0.400m
[WARN] [1784377793.662926214] [cmd_vel_guard]: BLOCKED (geofence): violation at t=0.00s, min_dist=0.400m
[WARN] [1784377793.713624204] [cmd_vel_guard]: BLOCKED (geofence): violation at t=0.00s, min_dist=0.400m
[WARN] [1784377793.764261509] [cmd_vel_guard]: BLOCKED (geofence): violation at t=0.00s, min_dist=0.400m
[WARN] [1784377793.817135959] [cmd_vel_guard]: BLOCKED (geofence): violation at t=0.00s, min_dist=0.400m
[WARN] [1784377793.868407472] [cmd_vel_guard]: BLOCKED (geofence): violation at t=0.00s, min_dist=0.400m
[WARN] [1784377793.919608011] [cmd_vel_guard]: BLOCKED (geofence): violation at t=0.00s, min_dist=0.400m
[WARN] [1784377793.970830031] [cmd_vel_guard]: BLOCKED (geofence): violation at t=0.00s, min_dist=0.400m
[WARN] [1784377794.022155085] [cmd_vel_guard]: BLOCKED (geofence): violation at t=0.00s, min_dist=0.400m
[WARN] [1784377794.073373708] [cmd_vel_guard]: BLOCKED (geofence): violation at t=0.00s, min_dist=0.400m
[WARN] [1784377794.124624813] [cmd_vel_guard]: BLOCKED (geofence): violation at t=0.00s, min_dist=0.400m
[WARN] [1784377794.175964425] [cmd_vel_guard]: BLOCKED (geofence): violation at t=0.00s, min_dist=0.400m
[WARN] [1784377794.227147331] [cmd_vel_guard]: BLOCKED (geofence): violation at t=0.00s, min_dist=0.400m
[WARN] [1784377794.278734169] [cmd_vel_guard]: BLOCKED (geofence): violation at t=0.00s, min_dist=0.400m
[WARN] [1784377794.330112514] [cmd_vel_guard]: BLOCKED (geofence): violation at t=0.00s, min_dist=0.400m
[WARN] [1784377794.381343961] [cmd_vel_guard]: BLOCKED (geofence): violation at t=0.00s, min_dist=0.400m
[WARN] [1784377794.432603762] [cmd_vel_guard]: BLOCKED (geofence): violation at t=0.00s, min_dist=0.400m
[WARN] [1784377794.483711206] [cmd_vel_guard]: BLOCKED (geofence): violation at t=0.00s, min_dist=0.400m
[WARN] [1784377794.534983851] [cmd_vel_guard]: BLOCKED (geofence): violation at t=0.00s, min_dist=0.400m
[WARN] [1784377794.586242300] [cmd_vel_guard]: BLOCKED (geofence): violation at t=0.00s, min_dist=0.400m
[WARN] [1784377794.637443089] [cmd_vel_guard]: BLOCKED (geofence): violation at t=0.00s, min_dist=0.400m
[WARN] [1784377794.688592892] [cmd_vel_guard]: BLOCKED (geofence): violation at t=0.00s, min_dist=0.400m
[WARN] [1784377794.739786949] [cmd_vel_guard]: BLOCKED (geofence): violation at t=0.00s, min_dist=0.400m
[WARN] [1784377794.790952292] [cmd_vel_guard]: BLOCKED (geofence): violation at t=0.00s, min_dist=0.400m
[WARN] [1784377794.842192877] [cmd_vel_guard]: BLOCKED (geofence): violation at t=0.00s, min_dist=0.400m
[WARN] [1784377794.893353290] [cmd_vel_guard]: BLOCKED (geofence): violation at t=0.00s, min_dist=0.400m
[WARN] [1784377794.944564570] [cmd_vel_guard]: BLOCKED (geofence): violation at t=0.00s, min_dist=0.400m
[WARN] [1784377794.995775338] [cmd_vel_guard]: BLOCKED (geofence): violation at t=0.00s, min_dist=0.400m
[WARN] [1784377795.047178349] [cmd_vel_guard]: BLOCKED (geofence): violation at t=0.00s, min_dist=0.400m
[WARN] [1784377795.098407372] [cmd_vel_guard]: BLOCKED (geofence): violation at t=0.00s, min_dist=0.400m
[WARN] [1784377795.149623872] [cmd_vel_guard]: BLOCKED (geofence): violation at t=0.00s, min_dist=0.400m
[WARN] [1784377795.200809663] [cmd_vel_guard]: BLOCKED (geofence): violation at t=0.00s, min_dist=0.400m
[WARN] [1784377795.252084072] [cmd_vel_guard]: BLOCKED (geofence): violation at t=0.00s, min_dist=0.400m
[WARN] [1784377795.303243143] [cmd_vel_guard]: BLOCKED (geofence): violation at t=0.00s, min_dist=0.400m
[INFO] [1784377795.354269874] [cmd_vel_guard]: [HEARTBEAT #38] cmds=2688, odom=yes, nav_approved=True, pos=(4.90,-1.08)
[WARN] [1784377795.354770779] [cmd_vel_guard]: BLOCKED (geofence): violation at t=0.00s, min_dist=0.400m
[WARN] [1784377795.405916836] [cmd_vel_guard]: BLOCKED (geofence): violation at t=0.00s, min_dist=0.400m
[WARN] [1784377795.457207706] [cmd_vel_guard]: BLOCKED (geofence): violation at t=0.00s, min_dist=0.400m
[WARN] [1784377795.508472326] [cmd_vel_guard]: BLOCKED (geofence): violation at t=0.00s, min_dist=0.400m
[WARN] [1784377795.559790587] [cmd_vel_guard]: BLOCKED (geofence): violation at t=0.00s, min_dist=0.400m
[WARN] [1784377795.610962292] [cmd_vel_guard]: BLOCKED (geofence): violation at t=0.00s, min_dist=0.400m
[WARN] [1784377795.662162621] [cmd_vel_guard]: BLOCKED (geofence): violation at t=0.00s, min_dist=0.400m
[WARN] [1784377795.713370855] [cmd_vel_guard]: BLOCKED (geofence): violation at t=0.00s, min_dist=0.400m
[WARN] [1784377795.764547088] [cmd_vel_guard]: BLOCKED (geofence): violation at t=0.00s, min_dist=0.400m
[WARN] [1784377795.815997699] [cmd_vel_guard]: BLOCKED (geofence): violation at t=0.00s, min_dist=0.400m
[WARN] [1784377795.867184502] [cmd_vel_guard]: BLOCKED (geofence): violation at t=0.00s, min_dist=0.400m
[WARN] [1784377795.918400391] [cmd_vel_guard]: BLOCKED (geofence): violation at t=0.00s, min_dist=0.400m
[INFO] [1784377795.969538973] [cmd_vel_guard]: Guard status: cmds=2701, nav_approved=True, odom=yes, pos=(4.90,-1.08), passed=1725, blocked=975
[WARN] [1784377795.969983833] [cmd_vel_guard]: BLOCKED (geofence): violation at t=0.00s, min_dist=0.400m
[WARN] [1784377796.021316271] [cmd_vel_guard]: BLOCKED (geofence): violation at t=0.00s, min_dist=0.400m
[WARN] [1784377796.072608914] [cmd_vel_guard]: BLOCKED (geofence): violation at t=0.00s, min_dist=0.400m
[WARN] [1784377796.123953485] [cmd_vel_guard]: BLOCKED (geofence): violation at t=0.00s, min_dist=0.400m
[WARN] [1784377796.175228405] [cmd_vel_guard]: BLOCKED (geofence): violation at t=0.00s, min_dist=0.400m
[WARN] [1784377796.226416050] [cmd_vel_guard]: BLOCKED (geofence): violation at t=0.00s, min_dist=0.400m
[WARN] [1784377796.277769718] [cmd_vel_guard]: BLOCKED (geofence): violation at t=0.00s, min_dist=0.400m
[WARN] [1784377796.329550343] [cmd_vel_guard]: BLOCKED (geofence): violation at t=0.00s, min_dist=0.400m
[WARN] [1784377796.380773705] [cmd_vel_guard]: BLOCKED (geofence): violation at t=0.00s, min_dist=0.400m
[WARN] [1784377796.432002318] [cmd_vel_guard]: BLOCKED (geofence): violation at t=0.00s, min_dist=0.400m
[WARN] [1784377796.483658147] [cmd_vel_guard]: BLOCKED (geofence): violation at t=0.00s, min_dist=0.400m
[WARN] [1784377796.534913059] [cmd_vel_guard]: BLOCKED (geofence): violation at t=0.00s, min_dist=0.400m
[WARN] [1784377796.586170285] [cmd_vel_guard]: BLOCKED (geofence): violation at t=0.00s, min_dist=0.400m
[WARN] [1784377796.637364943] [cmd_vel_guard]: BLOCKED (geofence): violation at t=0.00s, min_dist=0.400m
[WARN] [1784377796.688600408] [cmd_vel_guard]: BLOCKED (geofence): violation at t=0.00s, min_dist=0.400m
[WARN] [1784377796.739757265] [cmd_vel_guard]: BLOCKED (geofence): violation at t=0.00s, min_dist=0.400m
[WARN] [1784377796.791033247] [cmd_vel_guard]: BLOCKED (geofence): violation at t=0.00s, min_dist=0.400m
[WARN] [1784377796.842245298] [cmd_vel_guard]: BLOCKED (geofence): violation at t=0.00s, min_dist=0.400m
[WARN] [1784377796.893439465] [cmd_vel_guard]: BLOCKED (geofence): violation at t=0.00s, min_dist=0.400m
[WARN] [1784377796.944647388] [cmd_vel_guard]: BLOCKED (geofence): violation at t=0.00s, min_dist=0.400m
[WARN] [1784377796.995859850] [cmd_vel_guard]: BLOCKED (geofence): violation at t=0.00s, min_dist=0.400m
[WARN] [1784377797.047328235] [cmd_vel_guard]: BLOCKED (geofence): violation at t=0.00s, min_dist=0.400m
[WARN] [1784377797.098547450] [cmd_vel_guard]: BLOCKED (geofence): violation at t=0.00s, min_dist=0.400m
[WARN] [1784377797.149770021] [cmd_vel_guard]: BLOCKED (geofence): violation at t=0.00s, min_dist=0.400m
[WARN] [1784377797.200944200] [cmd_vel_guard]: BLOCKED (geofence): violation at t=0.00s, min_dist=0.400m
[WARN] [1784377797.252395062] [cmd_vel_guard]: BLOCKED (geofence): violation at t=0.00s, min_dist=0.400m
[WARN] [1784377797.303710649] [cmd_vel_guard]: BLOCKED (geofence): violation at t=0.00s, min_dist=0.400m
[WARN] [1784377797.355094624] [cmd_vel_guard]: BLOCKED (geofence): violation at t=0.00s, min_dist=0.400m
[WARN] [1784377797.406254387] [cmd_vel_guard]: BLOCKED (geofence): violation at t=0.00s, min_dist=0.400m
[WARN] [1784377797.457488279] [cmd_vel_guard]: BLOCKED (geofence): violation at t=0.00s, min_dist=0.400m
[WARN] [1784377797.508608747] [cmd_vel_guard]: BLOCKED (geofence): violation at t=0.00s, min_dist=0.400m
[WARN] [1784377797.559748532] [cmd_vel_guard]: BLOCKED (geofence): violation at t=0.00s, min_dist=0.400m
[WARN] [1784377797.610957577] [cmd_vel_guard]: BLOCKED (geofence): violation at t=0.00s, min_dist=0.400m
[WARN] [1784377797.662198893] [cmd_vel_guard]: BLOCKED (geofence): violation at t=0.00s, min_dist=0.400m
[WARN] [1784377797.713541902] [cmd_vel_guard]: BLOCKED (geofence): violation at t=0.00s, min_dist=0.400m
[WARN] [1784377797.764464296] [cmd_vel_guard]: BLOCKED (geofence): violation at t=0.00s, min_dist=0.400m
[WARN] [1784377797.815292663] [cmd_vel_guard]: BLOCKED (geofence): violation at t=0.00s, min_dist=0.400m
[WARN] [1784377797.866186413] [cmd_vel_guard]: BLOCKED (geofence): violation at t=0.00s, min_dist=0.400m
[WARN] [1784377797.917514423] [cmd_vel_guard]: BLOCKED (geofence): violation at t=0.00s, min_dist=0.400m
[WARN] [1784377797.968791116] [cmd_vel_guard]: BLOCKED (geofence): violation at t=0.00s, min_dist=0.400m
[WARN] [1784377798.020164241] [cmd_vel_guard]: BLOCKED (geofence): violation at t=0.00s, min_dist=0.400m
[WARN] [1784377798.071372024] [cmd_vel_guard]: BLOCKED (geofence): violation at t=0.00s, min_dist=0.400m
[WARN] [1784377798.122603993] [cmd_vel_guard]: BLOCKED (geofence): violation at t=0.00s, min_dist=0.400m
[WARN] [1784377798.173787680] [cmd_vel_guard]: BLOCKED (geofence): violation at t=0.00s, min_dist=0.400m
[WARN] [1784377798.225040468] [cmd_vel_guard]: BLOCKED (geofence): violation at t=0.00s, min_dist=0.400m
[WARN] [1784377798.276514995] [cmd_vel_guard]: BLOCKED (geofence): violation at t=0.00s, min_dist=0.400m
[WARN] [1784377798.327852193] [cmd_vel_guard]: BLOCKED (geofence): violation at t=0.00s, min_dist=0.400m
[WARN] [1784377798.379107014] [cmd_vel_guard]: BLOCKED (geofence): violation at t=0.00s, min_dist=0.400m
[WARN] [1784377798.430365964] [cmd_vel_guard]: BLOCKED (geofence): violation at t=0.00s, min_dist=0.400m
[WARN] [1784377798.481666352] [cmd_vel_guard]: BLOCKED (geofence): violation at t=0.00s, min_dist=0.400m
[INFO] [1784377798.532762254] [cmd_vel_guard]: Guard status: cmds=2751, nav_approved=True, odom=yes, pos=(4.90,-1.08), passed=1725, blocked=1025
[WARN] [1784377798.533325087] [cmd_vel_guard]: BLOCKED (geofence): violation at t=0.00s, min_dist=0.400m
[WARN] [1784377798.584516789] [cmd_vel_guard]: BLOCKED (geofence): violation at t=0.00s, min_dist=0.400m
[WARN] [1784377798.635783454] [cmd_vel_guard]: BLOCKED (geofence): violation at t=0.00s, min_dist=0.400m
[WARN] [1784377798.687287616] [cmd_vel_guard]: BLOCKED (geofence): violation at t=0.00s, min_dist=0.400m
[WARN] [1784377798.738531007] [cmd_vel_guard]: BLOCKED (geofence): violation at t=0.00s, min_dist=0.400m
[WARN] [1784377798.789692202] [cmd_vel_guard]: BLOCKED (geofence): violation at t=0.00s, min_dist=0.400m
[WARN] [1784377798.840841004] [cmd_vel_guard]: BLOCKED (geofence): violation at t=0.00s, min_dist=0.400m
[WARN] [1784377798.892055559] [cmd_vel_guard]: BLOCKED (geofence): violation at t=0.00s, min_dist=0.400m
[WARN] [1784377798.943329117] [cmd_vel_guard]: BLOCKED (geofence): violation at t=0.00s, min_dist=0.400m
[WARN] [1784377798.994525127] [cmd_vel_guard]: BLOCKED (geofence): violation at t=0.00s, min_dist=0.400m
[WARN] [1784377799.045696382] [cmd_vel_guard]: BLOCKED (geofence): violation at t=0.00s, min_dist=0.400m
[WARN] [1784377799.096850774] [cmd_vel_guard]: BLOCKED (geofence): violation at t=0.00s, min_dist=0.400m
[WARN] [1784377799.148161912] [cmd_vel_guard]: BLOCKED (geofence): violation at t=0.00s, min_dist=0.400m
[WARN] [1784377799.199311546] [cmd_vel_guard]: BLOCKED (geofence): violation at t=0.00s, min_dist=0.400m
[WARN] [1784377799.250651799] [cmd_vel_guard]: BLOCKED (geofence): violation at t=0.00s, min_dist=0.400m
[WARN] [1784377799.301473763] [cmd_vel_guard]: BLOCKED (geofence): violation at t=0.00s, min_dist=0.400m
[WARN] [1784377799.352505574] [cmd_vel_guard]: BLOCKED (geofence): violation at t=0.00s, min_dist=0.400m
[WARN] [1784377799.403717285] [cmd_vel_guard]: BLOCKED (geofence): violation at t=0.00s, min_dist=0.400m
[WARN] [1784377799.454882247] [cmd_vel_guard]: BLOCKED (geofence): violation at t=0.00s, min_dist=0.400m
[WARN] [1784377799.506095651] [cmd_vel_guard]: BLOCKED (geofence): violation at t=0.00s, min_dist=0.400m
[WARN] [1784377799.557423481] [cmd_vel_guard]: BLOCKED (geofence): violation at t=0.00s, min_dist=0.400m
[WARN] [1784377799.608955536] [cmd_vel_guard]: BLOCKED (geofence): violation at t=0.00s, min_dist=0.400m
[WARN] [1784377799.660395838] [cmd_vel_guard]: BLOCKED (geofence): violation at t=0.00s, min_dist=0.400m
[WARN] [1784377799.711542947] [cmd_vel_guard]: BLOCKED (geofence): violation at t=0.00s, min_dist=0.400m
[WARN] [1784377799.762851721] [cmd_vel_guard]: BLOCKED (geofence): violation at t=0.00s, min_dist=0.400m
[WARN] [1784377799.814022945] [cmd_vel_guard]: BLOCKED (geofence): violation at t=0.00s, min_dist=0.400m
[WARN] [1784377799.865238873] [cmd_vel_guard]: BLOCKED (geofence): violation at t=0.00s, min_dist=0.400m
[WARN] [1784377799.916828848] [cmd_vel_guard]: BLOCKED (geofence): violation at t=0.00s, min_dist=0.400m
[WARN] [1784377799.968049756] [cmd_vel_guard]: BLOCKED (geofence): violation at t=0.00s, min_dist=0.400m
[WARN] [1784377800.019678344] [cmd_vel_guard]: BLOCKED (geofence): violation at t=0.00s, min_dist=0.400m
[WARN] [1784377800.070879515] [cmd_vel_guard]: BLOCKED (geofence): violation at t=0.00s, min_dist=0.400m
[WARN] [1784377800.122074183] [cmd_vel_guard]: BLOCKED (geofence): violation at t=0.00s, min_dist=0.400m
[WARN] [1784377800.173401131] [cmd_vel_guard]: BLOCKED (geofence): violation at t=0.00s, min_dist=0.400m
[WARN] [1784377800.224672264] [cmd_vel_guard]: BLOCKED (geofence): violation at t=0.00s, min_dist=0.400m
[WARN] [1784377800.275921075] [cmd_vel_guard]: BLOCKED (geofence): violation at t=0.00s, min_dist=0.400m
[WARN] [1784377800.327052814] [cmd_vel_guard]: BLOCKED (geofence): violation at t=0.00s, min_dist=0.400m
[INFO] [1784377800.378107468] [cmd_vel_guard]: [HEARTBEAT #39] cmds=2786, odom=yes, nav_approved=True, pos=(4.90,-1.08)
[WARN] [1784377800.378757566] [cmd_vel_guard]: BLOCKED (geofence): violation at t=0.00s, min_dist=0.400m
[WARN] [1784377800.430022737] [cmd_vel_guard]: BLOCKED (geofence): violation at t=0.00s, min_dist=0.400m
[WARN] [1784377800.481222265] [cmd_vel_guard]: BLOCKED (geofence): violation at t=0.00s, min_dist=0.400m
[WARN] [1784377800.532424167] [cmd_vel_guard]: BLOCKED (geofence): violation at t=0.00s, min_dist=0.400m
[WARN] [1784377800.583762066] [cmd_vel_guard]: BLOCKED (geofence): violation at t=0.00s, min_dist=0.400m
[WARN] [1784377800.634953889] [cmd_vel_guard]: BLOCKED (geofence): violation at t=0.00s, min_dist=0.400m
[WARN] [1784377800.686218510] [cmd_vel_guard]: BLOCKED (geofence): violation at t=0.00s, min_dist=0.400m
[WARN] [1784377800.737401236] [cmd_vel_guard]: BLOCKED (geofence): violation at t=0.00s, min_dist=0.400m
[WARN] [1784377800.788595002] [cmd_vel_guard]: BLOCKED (geofence): violation at t=0.00s, min_dist=0.400m
[WARN] [1784377800.839862338] [cmd_vel_guard]: BLOCKED (geofence): violation at t=0.00s, min_dist=0.400m
[WARN] [1784377800.891263827] [cmd_vel_guard]: BLOCKED (geofence): violation at t=0.00s, min_dist=0.400m
[WARN] [1784377800.942466591] [cmd_vel_guard]: BLOCKED (geofence): violation at t=0.00s, min_dist=0.400m
[WARN] [1784377800.993737874] [cmd_vel_guard]: BLOCKED (geofence): violation at t=0.00s, min_dist=0.400m
[WARN] [1784377801.044920149] [cmd_vel_guard]: BLOCKED (geofence): violation at t=0.00s, min_dist=0.400m
[INFO] [1784377801.095827174] [cmd_vel_guard]: Guard status: cmds=2801, nav_approved=True, odom=yes, pos=(4.90,-1.08), passed=1725, blocked=1075
[WARN] [1784377801.096267285] [cmd_vel_guard]: BLOCKED (geofence): violation at t=0.00s, min_dist=0.400m
[WARN] [1784377801.147811203] [cmd_vel_guard]: BLOCKED (geofence): violation at t=0.00s, min_dist=0.400m
[WARN] [1784377801.198965736] [cmd_vel_guard]: BLOCKED (geofence): violation at t=0.00s, min_dist=0.400m
[WARN] [1784377801.250229244] [cmd_vel_guard]: BLOCKED (geofence): violation at t=0.00s, min_dist=0.400m
[WARN] [1784377801.301385721] [cmd_vel_guard]: BLOCKED (geofence): violation at t=0.00s, min_dist=0.400m
[WARN] [1784377801.352724752] [cmd_vel_guard]: BLOCKED (geofence): violation at t=0.00s, min_dist=0.400m
[WARN] [1784377801.404020251] [cmd_vel_guard]: BLOCKED (geofence): violation at t=0.00s, min_dist=0.400m
[WARN] [1784377801.455392705] [cmd_vel_guard]: BLOCKED (geofence): violation at t=0.00s, min_dist=0.400m
[WARN] [1784377801.506607181] [cmd_vel_guard]: BLOCKED (geofence): violation at t=0.00s, min_dist=0.400m
[WARN] [1784377801.557813562] [cmd_vel_guard]: BLOCKED (geofence): violation at t=0.00s, min_dist=0.400m
[WARN] [1784377801.609008250] [cmd_vel_guard]: BLOCKED (geofence): violation at t=0.00s, min_dist=0.400m
[WARN] [1784377801.660689908] [cmd_vel_guard]: BLOCKED (geofence): violation at t=0.00s, min_dist=0.400m
[WARN] [1784377801.712106195] [cmd_vel_guard]: BLOCKED (geofence): violation at t=0.00s, min_dist=0.400m
[WARN] [1784377801.763307556] [cmd_vel_guard]: BLOCKED (geofence): violation at t=0.00s, min_dist=0.403m
[WARN] [1784377801.814905516] [cmd_vel_guard]: BLOCKED (geofence): violation at t=0.00s, min_dist=0.400m
[WARN] [1784377801.865919243] [cmd_vel_guard]: BLOCKED (geofence): violation at t=0.00s, min_dist=0.400m
[WARN] [1784377801.916681826] [cmd_vel_guard]: BLOCKED (geofence): violation at t=0.00s, min_dist=0.400m
[WARN] [1784377801.967628276] [cmd_vel_guard]: BLOCKED (geofence): violation at t=0.00s, min_dist=0.400m
[WARN] [1784377802.018328180] [cmd_vel_guard]: BLOCKED (geofence): violation at t=0.00s, min_dist=0.400m
[WARN] [1784377802.069553667] [cmd_vel_guard]: BLOCKED (geofence): violation at t=0.00s, min_dist=0.400m
[WARN] [1784377802.120658375] [cmd_vel_guard]: BLOCKED (geofence): violation at t=0.00s, min_dist=0.400m
[WARN] [1784377802.171985965] [cmd_vel_guard]: BLOCKED (geofence): violation at t=0.00s, min_dist=0.400m
[WARN] [1784377802.223658115] [cmd_vel_guard]: BLOCKED (geofence): violation at t=0.00s, min_dist=0.400m
[WARN] [1784377802.275250525] [cmd_vel_guard]: BLOCKED (geofence): violation at t=0.00s, min_dist=0.400m
[WARN] [1784377802.326440745] [cmd_vel_guard]: BLOCKED (geofence): violation at t=0.00s, min_dist=0.400m
[WARN] [1784377802.377796658] [cmd_vel_guard]: BLOCKED (geofence): violation at t=0.00s, min_dist=0.400m
[WARN] [1784377802.428988060] [cmd_vel_guard]: BLOCKED (geofence): violation at t=0.00s, min_dist=0.408m
[WARN] [1784377802.480176577] [cmd_vel_guard]: BLOCKED (geofence): violation at t=0.00s, min_dist=0.408m
[WARN] [1784377802.531327764] [cmd_vel_guard]: BLOCKED (geofence): violation at t=0.00s, min_dist=0.408m
[WARN] [1784377802.582517052] [cmd_vel_guard]: BLOCKED (geofence): violation at t=0.00s, min_dist=0.408m
[WARN] [1784377802.633797573] [cmd_vel_guard]: BLOCKED (geofence): violation at t=0.00s, min_dist=0.408m
[WARN] [1784377802.684975369] [cmd_vel_guard]: BLOCKED (geofence): violation at t=0.00s, min_dist=0.400m
[WARN] [1784377802.736104314] [cmd_vel_guard]: BLOCKED (geofence): violation at t=0.00s, min_dist=0.408m
[WARN] [1784377802.787309863] [cmd_vel_guard]: BLOCKED (geofence): violation at t=0.00s, min_dist=0.408m
[WARN] [1784377802.838515052] [cmd_vel_guard]: BLOCKED (geofence): violation at t=0.00s, min_dist=0.408m
[WARN] [1784377802.889659385] [cmd_vel_guard]: BLOCKED (geofence): violation at t=0.00s, min_dist=0.403m
[WARN] [1784377802.941093776] [cmd_vel_guard]: BLOCKED (geofence): violation at t=0.00s, min_dist=0.408m
[WARN] [1784377802.992862950] [cmd_vel_guard]: BLOCKED (geofence): violation at t=0.00s, min_dist=0.408m
[WARN] [1784377803.044443517] [cmd_vel_guard]: BLOCKED (geofence): violation at t=0.00s, min_dist=0.408m
[WARN] [1784377803.096066615] [cmd_vel_guard]: BLOCKED (geofence): violation at t=0.00s, min_dist=0.405m
[WARN] [1784377803.147277634] [cmd_vel_guard]: BLOCKED (geofence): violation at t=0.00s, min_dist=0.408m
[WARN] [1784377803.198649487] [cmd_vel_guard]: BLOCKED (geofence): violation at t=0.00s, min_dist=0.408m
[WARN] [1784377803.249974121] [cmd_vel_guard]: BLOCKED (geofence): violation at t=0.00s, min_dist=0.408m
[WARN] [1784377803.301407030] [cmd_vel_guard]: BLOCKED (geofence): violation at t=0.00s, min_dist=0.408m
[WARN] [1784377803.352830510] [cmd_vel_guard]: BLOCKED (geofence): violation at t=0.00s, min_dist=0.408m
[WARN] [1784377803.404026461] [cmd_vel_guard]: BLOCKED (geofence): violation at t=0.00s, min_dist=0.408m
[WARN] [1784377803.455376994] [cmd_vel_guard]: BLOCKED (geofence): violation at t=0.00s, min_dist=0.408m
[WARN] [1784377803.506590479] [cmd_vel_guard]: BLOCKED (geofence): violation at t=0.00s, min_dist=0.408m
[WARN] [1784377803.557721858] [cmd_vel_guard]: BLOCKED (geofence): violation at t=0.00s, min_dist=0.408m
[WARN] [1784377803.608922197] [cmd_vel_guard]: BLOCKED (geofence): violation at t=0.00s, min_dist=0.408m
[INFO] [1784377803.659868316] [cmd_vel_guard]: Guard status: cmds=2851, nav_approved=True, odom=yes, pos=(4.90,-1.08), passed=1725, blocked=1125
[WARN] [1784377803.660325139] [cmd_vel_guard]: BLOCKED (geofence): violation at t=0.00s, min_dist=0.408m
[WARN] [1784377803.711460876] [cmd_vel_guard]: BLOCKED (geofence): violation at t=0.00s, min_dist=0.408m
[WARN] [1784377803.762967484] [cmd_vel_guard]: BLOCKED (geofence): violation at t=0.00s, min_dist=0.408m
[WARN] [1784377803.814253445] [cmd_vel_guard]: BLOCKED (geofence): violation at t=0.00s, min_dist=0.408m
[WARN] [1784377803.865621611] [cmd_vel_guard]: BLOCKED (geofence): violation at t=0.00s, min_dist=0.408m
[WARN] [1784377803.916925146] [cmd_vel_guard]: BLOCKED (geofence): violation at t=0.00s, min_dist=0.408m
[WARN] [1784377803.968558022] [cmd_vel_guard]: BLOCKED (geofence): violation at t=0.00s, min_dist=0.408m
[WARN] [1784377804.019827982] [cmd_vel_guard]: BLOCKED (geofence): violation at t=0.00s, min_dist=0.408m
[WARN] [1784377804.070987755] [cmd_vel_guard]: BLOCKED (geofence): violation at t=0.00s, min_dist=0.408m
[WARN] [1784377804.122564966] [cmd_vel_guard]: BLOCKED (geofence): violation at t=0.00s, min_dist=0.408m
[WARN] [1784377804.174095770] [cmd_vel_guard]: BLOCKED (geofence): violation at t=0.00s, min_dist=0.408m
[WARN] [1784377804.225289487] [cmd_vel_guard]: BLOCKED (geofence): violation at t=0.00s, min_dist=0.408m
[WARN] [1784377804.276585396] [cmd_vel_guard]: BLOCKED (geofence): violation at t=0.00s, min_dist=0.408m
[WARN] [1784377804.327943253] [cmd_vel_guard]: BLOCKED (geofence): violation at t=0.00s, min_dist=0.408m
[WARN] [1784377804.379263219] [cmd_vel_guard]: BLOCKED (geofence): violation at t=0.00s, min_dist=0.408m
[WARN] [1784377804.430624121] [cmd_vel_guard]: BLOCKED (geofence): violation at t=0.00s, min_dist=0.408m
[WARN] [1784377804.481978201] [cmd_vel_guard]: BLOCKED (geofence): violation at t=0.00s, min_dist=0.408m
[WARN] [1784377804.533257600] [cmd_vel_guard]: BLOCKED (geofence): violation at t=0.00s, min_dist=0.408m
[WARN] [1784377804.584474350] [cmd_vel_guard]: BLOCKED (geofence): violation at t=0.00s, min_dist=0.408m
[WARN] [1784377804.635610899] [cmd_vel_guard]: BLOCKED (geofence): violation at t=0.00s, min_dist=0.408m
[WARN] [1784377804.686855372] [cmd_vel_guard]: BLOCKED (geofence): violation at t=0.00s, min_dist=0.408m
[WARN] [1784377804.738051323] [cmd_vel_guard]: BLOCKED (geofence): violation at t=0.00s, min_dist=0.408m
[WARN] [1784377804.789437814] [cmd_vel_guard]: BLOCKED (geofence): violation at t=0.00s, min_dist=0.408m
[WARN] [1784377804.840591675] [cmd_vel_guard]: BLOCKED (geofence): violation at t=0.00s, min_dist=0.408m
[WARN] [1784377804.891929063] [cmd_vel_guard]: BLOCKED (geofence): violation at t=0.00s, min_dist=0.408m
[WARN] [1784377804.943254118] [cmd_vel_guard]: BLOCKED (geofence): violation at t=0.00s, min_dist=0.408m
[WARN] [1784377804.994453236] [cmd_vel_guard]: BLOCKED (geofence): violation at t=0.00s, min_dist=0.408m
[WARN] [1784377805.045735820] [cmd_vel_guard]: BLOCKED (geofence): violation at t=0.00s, min_dist=0.408m
[WARN] [1784377805.097102724] [cmd_vel_guard]: BLOCKED (geofence): violation at t=0.00s, min_dist=0.408m
[WARN] [1784377805.148311580] [cmd_vel_guard]: BLOCKED (geofence): violation at t=0.00s, min_dist=0.408m
[WARN] [1784377805.199735702] [cmd_vel_guard]: BLOCKED (geofence): violation at t=0.00s, min_dist=0.408m
[WARN] [1784377805.250917577] [cmd_vel_guard]: BLOCKED (geofence): violation at t=0.00s, min_dist=0.408m
[WARN] [1784377805.302139707] [cmd_vel_guard]: BLOCKED (geofence): violation at t=0.00s, min_dist=0.408m
[INFO] [1784377805.353193911] [cmd_vel_guard]: [HEARTBEAT #40] cmds=2883, odom=yes, nav_approved=True, pos=(4.90,-1.08)
[WARN] [1784377805.353701870] [cmd_vel_guard]: BLOCKED (geofence): violation at t=0.00s, min_dist=0.408m
[WARN] [1784377805.404819974] [cmd_vel_guard]: BLOCKED (geofence): violation at t=0.00s, min_dist=0.408m
[WARN] [1784377805.456020504] [cmd_vel_guard]: BLOCKED (geofence): violation at t=0.00s, min_dist=0.408m
[WARN] [1784377805.507270938] [cmd_vel_guard]: BLOCKED (geofence): violation at t=0.00s, min_dist=0.408m
[WARN] [1784377805.558432845] [cmd_vel_guard]: BLOCKED (geofence): violation at t=0.00s, min_dist=0.408m
[WARN] [1784377805.609611954] [cmd_vel_guard]: BLOCKED (geofence): violation at t=0.00s, min_dist=0.408m
[WARN] [1784377805.661087854] [cmd_vel_guard]: BLOCKED (geofence): violation at t=0.00s, min_dist=0.408m
[WARN] [1784377805.712285929] [cmd_vel_guard]: BLOCKED (geofence): violation at t=0.00s, min_dist=0.408m
[WARN] [1784377805.763530843] [cmd_vel_guard]: BLOCKED (geofence): violation at t=0.00s, min_dist=0.408m
[WARN] [1784377805.815083347] [cmd_vel_guard]: BLOCKED (geofence): violation at t=0.00s, min_dist=0.408m
[WARN] [1784377805.866373807] [cmd_vel_guard]: BLOCKED (geofence): violation at t=0.00s, min_dist=0.408m
[WARN] [1784377805.917859285] [cmd_vel_guard]: BLOCKED (geofence): violation at t=0.00s, min_dist=0.408m
[WARN] [1784377805.969116111] [cmd_vel_guard]: BLOCKED (geofence): violation at t=0.00s, min_dist=0.408m
[WARN] [1784377806.020295611] [cmd_vel_guard]: BLOCKED (geofence): violation at t=0.00s, min_dist=0.408m
[WARN] [1784377806.071453110] [cmd_vel_guard]: BLOCKED (geofence): violation at t=0.00s, min_dist=0.408m
[WARN] [1784377806.122641447] [cmd_vel_guard]: BLOCKED (geofence): violation at t=0.00s, min_dist=0.408m
[WARN] [1784377806.173795028] [cmd_vel_guard]: BLOCKED (geofence): violation at t=0.00s, min_dist=0.408m
[INFO] [1784377806.224718825] [cmd_vel_guard]: Guard status: cmds=2901, nav_approved=True, odom=yes, pos=(4.90,-1.08), passed=1725, blocked=1175
[WARN] [1784377806.225149949] [cmd_vel_guard]: BLOCKED (geofence): violation at t=0.00s, min_dist=0.408m
[WARN] [1784377806.276625448] [cmd_vel_guard]: BLOCKED (geofence): violation at t=0.00s, min_dist=0.408m
[WARN] [1784377806.327768520] [cmd_vel_guard]: BLOCKED (geofence): violation at t=0.00s, min_dist=0.408m
[WARN] [1784377806.379041156] [cmd_vel_guard]: BLOCKED (geofence): violation at t=0.00s, min_dist=0.408m
[WARN] [1784377806.430465438] [cmd_vel_guard]: BLOCKED (geofence): violation at t=0.00s, min_dist=0.408m
[WARN] [1784377806.481670387] [cmd_vel_guard]: BLOCKED (geofence): violation at t=0.00s, min_dist=0.408m
[WARN] [1784377806.532936340] [cmd_vel_guard]: BLOCKED (geofence): violation at t=0.00s, min_dist=0.408m
[WARN] [1784377806.584403664] [cmd_vel_guard]: BLOCKED (geofence): violation at t=0.00s, min_dist=0.408m
[WARN] [1784377806.635627187] [cmd_vel_guard]: BLOCKED (geofence): violation at t=0.00s, min_dist=0.408m
[WARN] [1784377806.687323713] [cmd_vel_guard]: BLOCKED (geofence): violation at t=0.00s, min_dist=0.408m
[WARN] [1784377806.738708682] [cmd_vel_guard]: BLOCKED (geofence): violation at t=0.00s, min_dist=0.408m
[WARN] [1784377806.790041251] [cmd_vel_guard]: BLOCKED (geofence): violation at t=0.00s, min_dist=0.408m
[WARN] [1784377806.841379862] [cmd_vel_guard]: BLOCKED (geofence): violation at t=0.00s, min_dist=0.408m
[WARN] [1784377806.892621679] [cmd_vel_guard]: BLOCKED (geofence): violation at t=0.00s, min_dist=0.408m
[WARN] [1784377806.944045371] [cmd_vel_guard]: BLOCKED (geofence): violation at t=0.00s, min_dist=0.408m
[WARN] [1784377806.995389832] [cmd_vel_guard]: BLOCKED (geofence): violation at t=0.00s, min_dist=0.408m
[WARN] [1784377807.046598878] [cmd_vel_guard]: BLOCKED (geofence): violation at t=0.00s, min_dist=0.408m
[WARN] [1784377807.097707886] [cmd_vel_guard]: BLOCKED (geofence): violation at t=0.00s, min_dist=0.408m
[WARN] [1784377807.148949663] [cmd_vel_guard]: BLOCKED (geofence): violation at t=0.00s, min_dist=0.408m
[WARN] [1784377807.200186432] [cmd_vel_guard]: BLOCKED (geofence): violation at t=0.00s, min_dist=0.408m
[WARN] [1784377807.251415185] [cmd_vel_guard]: BLOCKED (geofence): violation at t=0.00s, min_dist=0.408m
[WARN] [1784377807.303361012] [cmd_vel_guard]: BLOCKED (geofence): violation at t=0.00s, min_dist=0.408m
[WARN] [1784377807.355093417] [cmd_vel_guard]: BLOCKED (geofence): violation at t=0.00s, min_dist=0.408m
[WARN] [1784377807.406091695] [cmd_vel_guard]: BLOCKED (geofence): violation at t=0.00s, min_dist=0.408m
[WARN] [1784377807.456966920] [cmd_vel_guard]: BLOCKED (geofence): violation at t=0.00s, min_dist=0.408m
[WARN] [1784377807.507764079] [cmd_vel_guard]: BLOCKED (geofence): violation at t=0.00s, min_dist=0.408m
[WARN] [1784377807.558535839] [cmd_vel_guard]: BLOCKED (geofence): violation at t=0.00s, min_dist=0.408m
[WARN] [1784377807.609583440] [cmd_vel_guard]: BLOCKED (geofence): violation at t=0.00s, min_dist=0.408m
[WARN] [1784377807.660438287] [cmd_vel_guard]: BLOCKED (geofence): violation at t=0.00s, min_dist=0.408m
[WARN] [1784377807.711956698] [cmd_vel_guard]: BLOCKED (geofence): violation at t=0.00s, min_dist=0.408m
[WARN] [1784377807.763189178] [cmd_vel_guard]: BLOCKED (geofence): violation at t=0.00s, min_dist=0.408m
[WARN] [1784377807.814326679] [cmd_vel_guard]: BLOCKED (geofence): violation at t=0.00s, min_dist=0.408m
[WARN] [1784377807.865964094] [cmd_vel_guard]: BLOCKED (geofence): violation at t=0.00s, min_dist=0.408m
[WARN] [1784377807.917231300] [cmd_vel_guard]: BLOCKED (geofence): violation at t=0.00s, min_dist=0.408m
[WARN] [1784377807.968537740] [cmd_vel_guard]: BLOCKED (geofence): violation at t=0.00s, min_dist=0.408m
[WARN] [1784377808.019712942] [cmd_vel_guard]: BLOCKED (geofence): violation at t=0.00s, min_dist=0.408m
[WARN] [1784377808.071251420] [cmd_vel_guard]: BLOCKED (geofence): violation at t=0.00s, min_dist=0.408m
[WARN] [1784377808.122740765] [cmd_vel_guard]: BLOCKED (geofence): violation at t=0.00s, min_dist=0.408m
[WARN] [1784377808.173907742] [cmd_vel_guard]: BLOCKED (geofence): violation at t=0.00s, min_dist=0.408m
[WARN] [1784377808.225032699] [cmd_vel_guard]: BLOCKED (geofence): violation at t=0.00s, min_dist=0.408m
[WARN] [1784377808.276285007] [cmd_vel_guard]: BLOCKED (geofence): violation at t=0.00s, min_dist=0.408m
[WARN] [1784377808.327516726] [cmd_vel_guard]: BLOCKED (geofence): violation at t=0.00s, min_dist=0.408m
[WARN] [1784377808.378798159] [cmd_vel_guard]: BLOCKED (geofence): violation at t=0.00s, min_dist=0.408m
[WARN] [1784377808.430012795] [cmd_vel_guard]: BLOCKED (geofence): violation at t=0.00s, min_dist=0.408m
[WARN] [1784377808.481204489] [cmd_vel_guard]: BLOCKED (geofence): violation at t=0.00s, min_dist=0.408m
[WARN] [1784377808.532357229] [cmd_vel_guard]: BLOCKED (geofence): violation at t=0.00s, min_dist=0.408m
[WARN] [1784377808.583777674] [cmd_vel_guard]: BLOCKED (geofence): violation at t=0.00s, min_dist=0.408m
[WARN] [1784377808.635053957] [cmd_vel_guard]: BLOCKED (geofence): violation at t=0.00s, min_dist=0.408m
[WARN] [1784377808.686216425] [cmd_vel_guard]: BLOCKED (geofence): violation at t=0.00s, min_dist=0.408m
[WARN] [1784377808.737408429] [cmd_vel_guard]: BLOCKED (geofence): violation at t=0.00s, min_dist=0.408m
[INFO] [1784377808.788407859] [cmd_vel_guard]: Guard status: cmds=2951, nav_approved=True, odom=yes, pos=(4.90,-1.08), passed=1725, blocked=1225
[WARN] [1784377808.788829997] [cmd_vel_guard]: BLOCKED (geofence): violation at t=0.00s, min_dist=0.408m
[WARN] [1784377808.840058880] [cmd_vel_guard]: BLOCKED (geofence): violation at t=0.00s, min_dist=0.408m
[WARN] [1784377808.891246596] [cmd_vel_guard]: BLOCKED (geofence): violation at t=0.00s, min_dist=0.408m
[WARN] [1784377808.942574146] [cmd_vel_guard]: BLOCKED (geofence): violation at t=0.00s, min_dist=0.408m
[WARN] [1784377808.993703111] [cmd_vel_guard]: BLOCKED (geofence): violation at t=0.00s, min_dist=0.408m
[WARN] [1784377809.045009421] [cmd_vel_guard]: BLOCKED (geofence): violation at t=0.00s, min_dist=0.408m
[WARN] [1784377809.096222304] [cmd_vel_guard]: BLOCKED (geofence): violation at t=0.00s, min_dist=0.408m
[WARN] [1784377809.147492696] [cmd_vel_guard]: BLOCKED (geofence): violation at t=0.00s, min_dist=0.408m
[WARN] [1784377809.198876662] [cmd_vel_guard]: BLOCKED (geofence): violation at t=0.00s, min_dist=0.408m
[WARN] [1784377809.250086791] [cmd_vel_guard]: BLOCKED (geofence): violation at t=0.00s, min_dist=0.408m
[WARN] [1784377809.304162420] [cmd_vel_guard]: BLOCKED (geofence): violation at t=0.00s, min_dist=0.408m
[WARN] [1784377809.355538271] [cmd_vel_guard]: BLOCKED (geofence): violation at t=0.00s, min_dist=0.408m
[WARN] [1784377809.407014301] [cmd_vel_guard]: BLOCKED (geofence): violation at t=0.00s, min_dist=0.408m
[WARN] [1784377809.458224690] [cmd_vel_guard]: BLOCKED (geofence): violation at t=0.00s, min_dist=0.408m
[WARN] [1784377809.509450167] [cmd_vel_guard]: BLOCKED (geofence): violation at t=0.00s, min_dist=0.408m
[WARN] [1784377809.560650397] [cmd_vel_guard]: BLOCKED (geofence): violation at t=0.00s, min_dist=0.408m
[WARN] [1784377809.611857299] [cmd_vel_guard]: BLOCKED (geofence): violation at t=0.00s, min_dist=0.408m
[WARN] [1784377809.663180230] [cmd_vel_guard]: BLOCKED (geofence): violation at t=0.00s, min_dist=0.408m
[WARN] [1784377809.714417259] [cmd_vel_guard]: BLOCKED (geofence): violation at t=0.00s, min_dist=0.408m
[WARN] [1784377809.765600707] [cmd_vel_guard]: BLOCKED (geofence): violation at t=0.00s, min_dist=0.408m
[WARN] [1784377809.816793222] [cmd_vel_guard]: BLOCKED (geofence): violation at t=0.00s, min_dist=0.408m
[WARN] [1784377809.867999813] [cmd_vel_guard]: BLOCKED (geofence): violation at t=0.00s, min_dist=0.408m
[WARN] [1784377809.919141142] [cmd_vel_guard]: BLOCKED (geofence): violation at t=0.00s, min_dist=0.408m
[WARN] [1784377809.970227977] [cmd_vel_guard]: BLOCKED (geofence): violation at t=0.00s, min_dist=0.408m
[WARN] [1784377810.021467290] [cmd_vel_guard]: BLOCKED (geofence): violation at t=0.00s, min_dist=0.408m
[WARN] [1784377810.072624389] [cmd_vel_guard]: BLOCKED (geofence): violation at t=0.00s, min_dist=0.408m
[WARN] [1784377810.123828976] [cmd_vel_guard]: BLOCKED (geofence): violation at t=0.00s, min_dist=0.408m
[WARN] [1784377810.175054253] [cmd_vel_guard]: BLOCKED (geofence): violation at t=0.00s, min_dist=0.408m
[WARN] [1784377810.226560370] [cmd_vel_guard]: BLOCKED (geofence): violation at t=0.00s, min_dist=0.408m
[WARN] [1784377810.277780478] [cmd_vel_guard]: BLOCKED (geofence): violation at t=0.00s, min_dist=0.408m
[WARN] [1784377810.329003099] [cmd_vel_guard]: BLOCKED (geofence): violation at t=0.00s, min_dist=0.408m
[INFO] [1784377810.380021105] [cmd_vel_guard]: [HEARTBEAT #41] cmds=2981, odom=yes, nav_approved=True, pos=(4.90,-1.08)
[WARN] [1784377810.380690669] [cmd_vel_guard]: BLOCKED (geofence): violation at t=0.00s, min_dist=0.408m
[WARN] [1784377810.431930363] [cmd_vel_guard]: BLOCKED (geofence): violation at t=0.00s, min_dist=0.408m
[WARN] [1784377810.483133599] [cmd_vel_guard]: BLOCKED (geofence): violation at t=0.00s, min_dist=0.408m
[WARN] [1784377810.534328027] [cmd_vel_guard]: BLOCKED (geofence): violation at t=0.00s, min_dist=0.408m
[WARN] [1784377810.585524840] [cmd_vel_guard]: BLOCKED (geofence): violation at t=0.00s, min_dist=0.408m
[WARN] [1784377810.636739627] [cmd_vel_guard]: BLOCKED (geofence): violation at t=0.00s, min_dist=0.408m
[WARN] [1784377810.687857181] [cmd_vel_guard]: BLOCKED (geofence): violation at t=0.00s, min_dist=0.408m
[WARN] [1784377810.739102826] [cmd_vel_guard]: BLOCKED (geofence): violation at t=0.00s, min_dist=0.408m
[WARN] [1784377810.790542057] [cmd_vel_guard]: BLOCKED (geofence): violation at t=0.00s, min_dist=0.408m
[WARN] [1784377810.841643260] [cmd_vel_guard]: BLOCKED (geofence): violation at t=0.00s, min_dist=0.408m
[WARN] [1784377810.892511092] [cmd_vel_guard]: BLOCKED (geofence): violation at t=0.00s, min_dist=0.408m
[WARN] [1784377810.943391327] [cmd_vel_guard]: BLOCKED (geofence): violation at t=0.00s, min_dist=0.408m
[WARN] [1784377810.994532836] [cmd_vel_guard]: BLOCKED (geofence): violation at t=0.00s, min_dist=0.408m
[WARN] [1784377811.045766168] [cmd_vel_guard]: BLOCKED (geofence): violation at t=0.00s, min_dist=0.408m
[WARN] [1784377811.097061317] [cmd_vel_guard]: BLOCKED (geofence): violation at t=0.00s, min_dist=0.408m
[WARN] [1784377811.148274551] [cmd_vel_guard]: BLOCKED (geofence): violation at t=0.00s, min_dist=0.408m
[WARN] [1784377811.199485782] [cmd_vel_guard]: BLOCKED (geofence): violation at t=0.00s, min_dist=0.408m
[WARN] [1784377811.250804685] [cmd_vel_guard]: BLOCKED (geofence): violation at t=0.00s, min_dist=0.408m
[WARN] [1784377811.301933139] [cmd_vel_guard]: BLOCKED (geofence): violation at t=0.00s, min_dist=0.408m
[INFO] [1784377811.353124071] [cmd_vel_guard]: Guard status: cmds=3001, nav_approved=True, odom=yes, pos=(4.90,-1.08), passed=1725, blocked=1275
[WARN] [1784377811.353491696] [cmd_vel_guard]: BLOCKED (geofence): violation at t=0.00s, min_dist=0.408m
[WARN] [1784377811.404754123] [cmd_vel_guard]: BLOCKED (geofence): violation at t=0.00s, min_dist=0.408m
[WARN] [1784377811.456036057] [cmd_vel_guard]: BLOCKED (geofence): violation at t=0.00s, min_dist=0.408m
[WARN] [1784377811.507338189] [cmd_vel_guard]: BLOCKED (geofence): violation at t=0.00s, min_dist=0.408m
[WARN] [1784377811.558519813] [cmd_vel_guard]: BLOCKED (geofence): violation at t=0.00s, min_dist=0.408m
[WARN] [1784377811.609748306] [cmd_vel_guard]: BLOCKED (geofence): violation at t=0.00s, min_dist=0.408m
[WARN] [1784377811.660961551] [cmd_vel_guard]: BLOCKED (geofence): violation at t=0.00s, min_dist=0.408m
[WARN] [1784377811.712349865] [cmd_vel_guard]: BLOCKED (geofence): violation at t=0.00s, min_dist=0.408m
[WARN] [1784377811.763648130] [cmd_vel_guard]: BLOCKED (geofence): violation at t=0.00s, min_dist=0.408m
[WARN] [1784377811.815215223] [cmd_vel_guard]: BLOCKED (geofence): violation at t=0.00s, min_dist=0.408m
[WARN] [1784377811.866407698] [cmd_vel_guard]: BLOCKED (geofence): violation at t=0.00s, min_dist=0.408m
[WARN] [1784377811.917619509] [cmd_vel_guard]: BLOCKED (geofence): violation at t=0.00s, min_dist=0.408m
[WARN] [1784377811.968985762] [cmd_vel_guard]: BLOCKED (geofence): violation at t=0.00s, min_dist=0.408m
[WARN] [1784377812.020129956] [cmd_vel_guard]: BLOCKED (geofence): violation at t=0.00s, min_dist=0.408m
[WARN] [1784377812.071310980] [cmd_vel_guard]: BLOCKED (geofence): violation at t=0.00s, min_dist=0.408m
[WARN] [1784377812.122845871] [cmd_vel_guard]: BLOCKED (geofence): violation at t=0.00s, min_dist=0.408m
[WARN] [1784377812.174037284] [cmd_vel_guard]: BLOCKED (geofence): violation at t=0.00s, min_dist=0.408m
[WARN] [1784377812.225478659] [cmd_vel_guard]: BLOCKED (geofence): violation at t=0.00s, min_dist=0.408m
[WARN] [1784377812.276619317] [cmd_vel_guard]: BLOCKED (geofence): violation at t=0.00s, min_dist=0.408m
[WARN] [1784377812.327770604] [cmd_vel_guard]: BLOCKED (geofence): violation at t=0.00s, min_dist=0.408m
[WARN] [1784377812.379336654] [cmd_vel_guard]: BLOCKED (geofence): violation at t=0.00s, min_dist=0.408m
[WARN] [1784377812.430518590] [cmd_vel_guard]: BLOCKED (geofence): violation at t=0.00s, min_dist=0.408m
[WARN] [1784377812.481876046] [cmd_vel_guard]: BLOCKED (geofence): violation at t=0.00s, min_dist=0.403m
[WARN] [1784377812.533092717] [cmd_vel_guard]: BLOCKED (geofence): violation at t=0.00s, min_dist=0.408m
[WARN] [1784377812.584338433] [cmd_vel_guard]: BLOCKED (geofence): violation at t=0.00s, min_dist=0.408m
[WARN] [1784377812.635514196] [cmd_vel_guard]: BLOCKED (geofence): violation at t=0.00s, min_dist=0.408m
[WARN] [1784377812.687036193] [cmd_vel_guard]: BLOCKED (geofence): violation at t=0.00s, min_dist=0.408m
[WARN] [1784377812.738534095] [cmd_vel_guard]: BLOCKED (geofence): violation at t=0.00s, min_dist=0.408m
[WARN] [1784377812.789702124] [cmd_vel_guard]: BLOCKED (geofence): violation at t=0.00s, min_dist=0.408m
[WARN] [1784377812.840927331] [cmd_vel_guard]: BLOCKED (geofence): violation at t=0.00s, min_dist=0.408m
[WARN] [1784377812.892526825] [cmd_vel_guard]: BLOCKED (geofence): violation at t=0.00s, min_dist=0.408m
[WARN] [1784377812.943307091] [cmd_vel_guard]: BLOCKED (geofence): violation at t=0.00s, min_dist=0.408m
[WARN] [1784377812.994508263] [cmd_vel_guard]: BLOCKED (geofence): violation at t=0.00s, min_dist=0.408m
[WARN] [1784377813.045838508] [cmd_vel_guard]: BLOCKED (geofence): violation at t=0.00s, min_dist=0.408m
[WARN] [1784377813.097053776] [cmd_vel_guard]: BLOCKED (geofence): violation at t=0.00s, min_dist=0.408m
[WARN] [1784377813.148268714] [cmd_vel_guard]: BLOCKED (geofence): violation at t=0.00s, min_dist=0.408m
[WARN] [1784377813.199434869] [cmd_vel_guard]: BLOCKED (geofence): violation at t=0.00s, min_dist=0.408m
[WARN] [1784377813.250657672] [cmd_vel_guard]: BLOCKED (geofence): violation at t=0.00s, min_dist=0.408m
[WARN] [1784377813.301968991] [cmd_vel_guard]: BLOCKED (geofence): violation at t=0.00s, min_dist=0.408m
[WARN] [1784377813.353338541] [cmd_vel_guard]: BLOCKED (geofence): violation at t=0.00s, min_dist=0.408m
[WARN] [1784377813.404718139] [cmd_vel_guard]: BLOCKED (geofence): violation at t=0.00s, min_dist=0.408m
[WARN] [1784377813.455856232] [cmd_vel_guard]: BLOCKED (geofence): violation at t=0.00s, min_dist=0.408m
[WARN] [1784377813.507069897] [cmd_vel_guard]: BLOCKED (geofence): violation at t=0.00s, min_dist=0.408m
[WARN] [1784377813.558240591] [cmd_vel_guard]: BLOCKED (geofence): violation at t=0.00s, min_dist=0.408m
[WARN] [1784377813.609341072] [cmd_vel_guard]: BLOCKED (geofence): violation at t=0.00s, min_dist=0.408m
[WARN] [1784377813.660715962] [cmd_vel_guard]: BLOCKED (geofence): violation at t=0.00s, min_dist=0.408m
[WARN] [1784377813.711891625] [cmd_vel_guard]: BLOCKED (geofence): violation at t=0.00s, min_dist=0.408m
[WARN] [1784377813.763276774] [cmd_vel_guard]: BLOCKED (geofence): violation at t=0.00s, min_dist=0.408m
[WARN] [1784377813.814927084] [cmd_vel_guard]: BLOCKED (geofence): violation at t=0.00s, min_dist=0.408m
[WARN] [1784377813.866110412] [cmd_vel_guard]: BLOCKED (geofence): violation at t=0.00s, min_dist=0.408m
[INFO] [1784377813.917035572] [cmd_vel_guard]: Guard status: cmds=3051, nav_approved=True, odom=yes, pos=(4.90,-1.08), passed=1725, blocked=1325
[WARN] [1784377813.917473669] [cmd_vel_guard]: BLOCKED (geofence): violation at t=0.00s, min_dist=0.408m
[WARN] [1784377813.968765041] [cmd_vel_guard]: BLOCKED (geofence): violation at t=0.00s, min_dist=0.408m
[WARN] [1784377814.020011599] [cmd_vel_guard]: BLOCKED (geofence): violation at t=0.00s, min_dist=0.408m
[WARN] [1784377814.071159109] [cmd_vel_guard]: BLOCKED (geofence): violation at t=0.00s, min_dist=0.408m
[WARN] [1784377814.122541973] [cmd_vel_guard]: BLOCKED (geofence): violation at t=0.00s, min_dist=0.408m
[WARN] [1784377814.173791335] [cmd_vel_guard]: BLOCKED (geofence): violation at t=0.00s, min_dist=0.408m
[WARN] [1784377814.224977989] [cmd_vel_guard]: BLOCKED (geofence): violation at t=0.00s, min_dist=0.408m
[WARN] [1784377814.276348431] [cmd_vel_guard]: BLOCKED (geofence): violation at t=0.00s, min_dist=0.408m
[WARN] [1784377814.327552278] [cmd_vel_guard]: BLOCKED (geofence): violation at t=0.00s, min_dist=0.408m
[WARN] [1784377814.378818614] [cmd_vel_guard]: BLOCKED (geofence): violation at t=0.00s, min_dist=0.408m
[WARN] [1784377814.429963399] [cmd_vel_guard]: BLOCKED (geofence): violation at t=0.00s, min_dist=0.408m
[WARN] [1784377814.481856948] [cmd_vel_guard]: BLOCKED (geofence): violation at t=0.00s, min_dist=0.408m
[WARN] [1784377814.533378375] [cmd_vel_guard]: BLOCKED (geofence): violation at t=0.00s, min_dist=0.408m
[WARN] [1784377814.584654709] [cmd_vel_guard]: BLOCKED (geofence): violation at t=0.00s, min_dist=0.408m
[WARN] [1784377814.635877571] [cmd_vel_guard]: BLOCKED (geofence): violation at t=0.00s, min_dist=0.408m
[WARN] [1784377814.687188791] [cmd_vel_guard]: BLOCKED (geofence): violation at t=0.00s, min_dist=0.408m
[WARN] [1784377814.738441870] [cmd_vel_guard]: BLOCKED (geofence): violation at t=0.00s, min_dist=0.408m
[WARN] [1784377814.790155239] [cmd_vel_guard]: BLOCKED (geofence): violation at t=0.00s, min_dist=0.408m
[WARN] [1784377814.841383332] [cmd_vel_guard]: BLOCKED (geofence): violation at t=0.00s, min_dist=0.408m
[WARN] [1784377814.892614801] [cmd_vel_guard]: BLOCKED (geofence): violation at t=0.00s, min_dist=0.408m
[WARN] [1784377814.943800072] [cmd_vel_guard]: BLOCKED (geofence): violation at t=0.00s, min_dist=0.408m
[WARN] [1784377814.994973491] [cmd_vel_guard]: BLOCKED (geofence): violation at t=0.00s, min_dist=0.408m
[WARN] [1784377815.046188159] [cmd_vel_guard]: BLOCKED (geofence): violation at t=0.00s, min_dist=0.408m
[WARN] [1784377815.097532751] [cmd_vel_guard]: BLOCKED (geofence): violation at t=0.00s, min_dist=0.408m
[WARN] [1784377815.148656657] [cmd_vel_guard]: BLOCKED (geofence): violation at t=0.00s, min_dist=0.408m
[WARN] [1784377815.199931788] [cmd_vel_guard]: BLOCKED (geofence): violation at t=0.00s, min_dist=0.408m
[WARN] [1784377815.251502027] [cmd_vel_guard]: BLOCKED (geofence): violation at t=0.00s, min_dist=0.408m
[WARN] [1784377815.302869553] [cmd_vel_guard]: BLOCKED (geofence): violation at t=0.00s, min_dist=0.408m
[INFO] [1784377815.353871699] [cmd_vel_guard]: [HEARTBEAT #42] cmds=3078, odom=yes, nav_approved=True, pos=(4.90,-1.08)
[WARN] [1784377815.354344692] [cmd_vel_guard]: BLOCKED (geofence): violation at t=0.00s, min_dist=0.408m
[WARN] [1784377815.405478827] [cmd_vel_guard]: BLOCKED (geofence): violation at t=0.00s, min_dist=0.408m
[WARN] [1784377815.456738539] [cmd_vel_guard]: BLOCKED (geofence): violation at t=0.00s, min_dist=0.408m
[WARN] [1784377815.508037956] [cmd_vel_guard]: BLOCKED (geofence): violation at t=0.00s, min_dist=0.408m
[WARN] [1784377815.559561076] [cmd_vel_guard]: BLOCKED (geofence): violation at t=0.00s, min_dist=0.408m
[WARN] [1784377815.611038960] [cmd_vel_guard]: BLOCKED (geofence): violation at t=0.00s, min_dist=0.408m
[WARN] [1784377815.662466990] [cmd_vel_guard]: BLOCKED (geofence): violation at t=0.00s, min_dist=0.408m
[WARN] [1784377815.713289847] [cmd_vel_guard]: BLOCKED (geofence): violation at t=0.00s, min_dist=0.408m
[WARN] [1784377815.764012866] [cmd_vel_guard]: BLOCKED (geofence): violation at t=0.00s, min_dist=0.408m
[WARN] [1784377815.814717641] [cmd_vel_guard]: BLOCKED (geofence): violation at t=0.00s, min_dist=0.408m
[WARN] [1784377815.865510842] [cmd_vel_guard]: BLOCKED (geofence): violation at t=0.00s, min_dist=0.408m
[WARN] [1784377815.916728905] [cmd_vel_guard]: BLOCKED (geofence): violation at t=0.00s, min_dist=0.408m
[WARN] [1784377815.967974591] [cmd_vel_guard]: BLOCKED (geofence): violation at t=0.00s, min_dist=0.408m
[WARN] [1784377816.019150115] [cmd_vel_guard]: BLOCKED (geofence): violation at t=0.00s, min_dist=0.408m
[WARN] [1784377816.070359382] [cmd_vel_guard]: BLOCKED (geofence): violation at t=0.00s, min_dist=0.408m
[WARN] [1784377816.121559962] [cmd_vel_guard]: BLOCKED (geofence): violation at t=0.00s, min_dist=0.408m
[WARN] [1784377816.172730206] [cmd_vel_guard]: BLOCKED (geofence): violation at t=0.00s, min_dist=0.408m
[WARN] [1784377816.224103562] [cmd_vel_guard]: BLOCKED (geofence): violation at t=0.00s, min_dist=0.408m
[WARN] [1784377816.274939685] [cmd_vel_guard]: BLOCKED (geofence): violation at t=0.00s, min_dist=0.408m
[WARN] [1784377816.326060565] [cmd_vel_guard]: BLOCKED (geofence): violation at t=0.00s, min_dist=0.408m
[WARN] [1784377816.377354742] [cmd_vel_guard]: BLOCKED (geofence): violation at t=0.00s, min_dist=0.408m
[WARN] [1784377816.428505108] [cmd_vel_guard]: BLOCKED (geofence): violation at t=0.00s, min_dist=0.408m
[INFO] [1784377816.479409199] [cmd_vel_guard]: Guard status: cmds=3101, nav_approved=True, odom=yes, pos=(4.90,-1.08), passed=1725, blocked=1375
[WARN] [1784377816.479884537] [cmd_vel_guard]: BLOCKED (geofence): violation at t=0.00s, min_dist=0.408m
[WARN] [1784377816.531064128] [cmd_vel_guard]: BLOCKED (geofence): violation at t=0.00s, min_dist=0.408m
[WARN] [1784377816.582263556] [cmd_vel_guard]: BLOCKED (geofence): violation at t=0.00s, min_dist=0.408m
[WARN] [1784377816.633561280] [cmd_vel_guard]: BLOCKED (geofence): violation at t=0.00s, min_dist=0.408m
[WARN] [1784377816.684838105] [cmd_vel_guard]: BLOCKED (geofence): violation at t=0.00s, min_dist=0.408m
[WARN] [1784377816.736067590] [cmd_vel_guard]: BLOCKED (geofence): violation at t=0.00s, min_dist=0.408m
[WARN] [1784377816.787242532] [cmd_vel_guard]: BLOCKED (geofence): violation at t=0.00s, min_dist=0.408m
[WARN] [1784377816.838567177] [cmd_vel_guard]: BLOCKED (geofence): violation at t=0.00s, min_dist=0.408m
[WARN] [1784377816.889725488] [cmd_vel_guard]: BLOCKED (geofence): violation at t=0.00s, min_dist=0.408m
[WARN] [1784377816.940929375] [cmd_vel_guard]: BLOCKED (geofence): violation at t=0.00s, min_dist=0.408m
[WARN] [1784377816.992294807] [cmd_vel_guard]: BLOCKED (geofence): violation at t=0.00s, min_dist=0.408m
[WARN] [1784377817.043619101] [cmd_vel_guard]: BLOCKED (geofence): violation at t=0.00s, min_dist=0.408m
[WARN] [1784377817.094857072] [cmd_vel_guard]: BLOCKED (geofence): violation at t=0.00s, min_dist=0.408m
[WARN] [1784377817.146445085] [cmd_vel_guard]: BLOCKED (geofence): violation at t=0.00s, min_dist=0.408m
[WARN] [1784377817.197722881] [cmd_vel_guard]: BLOCKED (geofence): violation at t=0.00s, min_dist=0.408m
[WARN] [1784377817.248879329] [cmd_vel_guard]: BLOCKED (geofence): violation at t=0.00s, min_dist=0.408m
[WARN] [1784377817.300110086] [cmd_vel_guard]: BLOCKED (geofence): violation at t=0.00s, min_dist=0.408m
[WARN] [1784377817.351279959] [cmd_vel_guard]: BLOCKED (geofence): violation at t=0.00s, min_dist=0.408m
[WARN] [1784377817.402549440] [cmd_vel_guard]: BLOCKED (geofence): violation at t=0.00s, min_dist=0.408m
[WARN] [1784377817.454208947] [cmd_vel_guard]: BLOCKED (geofence): violation at t=0.00s, min_dist=0.408m
[WARN] [1784377817.505603484] [cmd_vel_guard]: BLOCKED (geofence): violation at t=0.00s, min_dist=0.408m
[WARN] [1784377817.556836356] [cmd_vel_guard]: BLOCKED (geofence): violation at t=0.00s, min_dist=0.408m
[WARN] [1784377817.608151322] [cmd_vel_guard]: BLOCKED (geofence): violation at t=0.00s, min_dist=0.408m
[WARN] [1784377817.659414361] [cmd_vel_guard]: BLOCKED (geofence): violation at t=0.00s, min_dist=0.408m
[WARN] [1784377817.710639889] [cmd_vel_guard]: BLOCKED (geofence): violation at t=0.00s, min_dist=0.408m
[WARN] [1784377817.761931371] [cmd_vel_guard]: BLOCKED (geofence): violation at t=0.00s, min_dist=0.408m
[WARN] [1784377817.813515827] [cmd_vel_guard]: BLOCKED (geofence): violation at t=0.00s, min_dist=0.408m
[WARN] [1784377817.864792882] [cmd_vel_guard]: BLOCKED (geofence): violation at t=0.00s, min_dist=0.408m
[WARN] [1784377817.916097820] [cmd_vel_guard]: BLOCKED (geofence): violation at t=0.00s, min_dist=0.408m
[WARN] [1784377817.967557540] [cmd_vel_guard]: BLOCKED (geofence): violation at t=0.00s, min_dist=0.408m
[WARN] [1784377818.018832611] [cmd_vel_guard]: BLOCKED (geofence): violation at t=0.00s, min_dist=0.408m
[WARN] [1784377818.069984730] [cmd_vel_guard]: BLOCKED (geofence): violation at t=0.00s, min_dist=0.408m
[WARN] [1784377818.121187345] [cmd_vel_guard]: BLOCKED (geofence): violation at t=0.00s, min_dist=0.408m
[WARN] [1784377818.172349884] [cmd_vel_guard]: BLOCKED (geofence): violation at t=0.00s, min_dist=0.408m
[WARN] [1784377818.223884836] [cmd_vel_guard]: BLOCKED (geofence): violation at t=0.00s, min_dist=0.408m
[WARN] [1784377818.275053837] [cmd_vel_guard]: BLOCKED (geofence): violation at t=0.00s, min_dist=0.408m
[WARN] [1784377818.326063678] [cmd_vel_guard]: BLOCKED (geofence): violation at t=0.00s, min_dist=0.408m
[WARN] [1784377818.377349499] [cmd_vel_guard]: BLOCKED (geofence): violation at t=0.00s, min_dist=0.408m
[WARN] [1784377818.428590156] [cmd_vel_guard]: BLOCKED (geofence): violation at t=0.00s, min_dist=0.408m
[WARN] [1784377818.479826735] [cmd_vel_guard]: BLOCKED (geofence): violation at t=0.00s, min_dist=0.408m
[WARN] [1784377818.531066540] [cmd_vel_guard]: BLOCKED (geofence): violation at t=0.00s, min_dist=0.408m
[WARN] [1784377818.582380404] [cmd_vel_guard]: BLOCKED (geofence): violation at t=0.00s, min_dist=0.408m
[WARN] [1784377818.634051804] [cmd_vel_guard]: BLOCKED (geofence): violation at t=0.00s, min_dist=0.408m
[WARN] [1784377818.685293152] [cmd_vel_guard]: BLOCKED (geofence): violation at t=0.00s, min_dist=0.408m
[WARN] [1784377818.736463586] [cmd_vel_guard]: BLOCKED (geofence): violation at t=0.00s, min_dist=0.408m
[WARN] [1784377818.787799933] [cmd_vel_guard]: BLOCKED (geofence): violation at t=0.00s, min_dist=0.408m
[WARN] [1784377818.838996356] [cmd_vel_guard]: BLOCKED (geofence): violation at t=0.00s, min_dist=0.408m
[WARN] [1784377818.890554181] [cmd_vel_guard]: BLOCKED (geofence): violation at t=0.00s, min_dist=0.408m
[WARN] [1784377818.941711630] [cmd_vel_guard]: BLOCKED (geofence): violation at t=0.00s, min_dist=0.408m
[WARN] [1784377818.992867707] [cmd_vel_guard]: BLOCKED (geofence): violation at t=0.00s, min_dist=0.408m
[INFO] [1784377819.043866306] [cmd_vel_guard]: Guard status: cmds=3151, nav_approved=True, odom=yes, pos=(4.90,-1.08), passed=1725, blocked=1425
[WARN] [1784377819.044317108] [cmd_vel_guard]: BLOCKED (geofence): violation at t=0.00s, min_dist=0.408m
[WARN] [1784377819.095488002] [cmd_vel_guard]: BLOCKED (geofence): violation at t=0.00s, min_dist=0.408m
[WARN] [1784377819.146800675] [cmd_vel_guard]: BLOCKED (geofence): violation at t=0.00s, min_dist=0.408m
[WARN] [1784377819.198035701] [cmd_vel_guard]: BLOCKED (geofence): violation at t=0.00s, min_dist=0.408m
[WARN] [1784377819.249207838] [cmd_vel_guard]: BLOCKED (geofence): violation at t=0.00s, min_dist=0.408m
[WARN] [1784377819.300544426] [cmd_vel_guard]: BLOCKED (geofence): violation at t=0.00s, min_dist=0.408m
[WARN] [1784377819.351719468] [cmd_vel_guard]: BLOCKED (geofence): violation at t=0.00s, min_dist=0.408m
[WARN] [1784377819.403383574] [cmd_vel_guard]: BLOCKED (geofence): violation at t=0.00s, min_dist=0.408m
[WARN] [1784377819.454539882] [cmd_vel_guard]: BLOCKED (geofence): violation at t=0.00s, min_dist=0.408m
[WARN] [1784377819.505730373] [cmd_vel_guard]: BLOCKED (geofence): violation at t=0.00s, min_dist=0.408m
[WARN] [1784377819.557099172] [cmd_vel_guard]: BLOCKED (geofence): violation at t=0.00s, min_dist=0.408m
[WARN] [1784377819.608153797] [cmd_vel_guard]: BLOCKED (geofence): violation at t=0.00s, min_dist=0.408m
[WARN] [1784377819.658895071] [cmd_vel_guard]: BLOCKED (geofence): violation at t=0.00s, min_dist=0.408m
[WARN] [1784377819.709650030] [cmd_vel_guard]: BLOCKED (geofence): violation at t=0.00s, min_dist=0.408m
[WARN] [1784377819.760354895] [cmd_vel_guard]: BLOCKED (geofence): violation at t=0.00s, min_dist=0.408m
[WARN] [1784377819.811180017] [cmd_vel_guard]: BLOCKED (geofence): violation at t=0.00s, min_dist=0.408m
[WARN] [1784377819.862237938] [cmd_vel_guard]: BLOCKED (geofence): violation at t=0.00s, min_dist=0.408m
[WARN] [1784377819.912970155] [cmd_vel_guard]: BLOCKED (geofence): violation at t=0.00s, min_dist=0.408m
[WARN] [1784377819.964144155] [cmd_vel_guard]: BLOCKED (geofence): violation at t=0.00s, min_dist=0.408m
[WARN] [1784377820.015390142] [cmd_vel_guard]: BLOCKED (geofence): violation at t=0.00s, min_dist=0.408m
[WARN] [1784377820.066656647] [cmd_vel_guard]: BLOCKED (geofence): violation at t=0.00s, min_dist=0.408m
[WARN] [1784377820.117928372] [cmd_vel_guard]: BLOCKED (geofence): violation at t=0.00s, min_dist=0.408m
[WARN] [1784377820.169206129] [cmd_vel_guard]: BLOCKED (geofence): violation at t=0.00s, min_dist=0.408m
[WARN] [1784377820.220379639] [cmd_vel_guard]: BLOCKED (geofence): violation at t=0.00s, min_dist=0.408m
[WARN] [1784377820.271591040] [cmd_vel_guard]: BLOCKED (geofence): violation at t=0.00s, min_dist=0.408m
[WARN] [1784377820.322734183] [cmd_vel_guard]: BLOCKED (geofence): violation at t=0.00s, min_dist=0.408m
[INFO] [1784377820.373753221] [cmd_vel_guard]: [HEARTBEAT #43] cmds=3176, odom=yes, nav_approved=True, pos=(4.90,-1.08)
[WARN] [1784377820.374283923] [cmd_vel_guard]: BLOCKED (geofence): violation at t=0.00s, min_dist=0.408m
[WARN] [1784377820.425592017] [cmd_vel_guard]: BLOCKED (geofence): violation at t=0.00s, min_dist=0.408m
[WARN] [1784377820.476740319] [cmd_vel_guard]: BLOCKED (geofence): violation at t=0.00s, min_dist=0.408m
[WARN] [1784377820.527908258] [cmd_vel_guard]: BLOCKED (geofence): violation at t=0.00s, min_dist=0.408m
[WARN] [1784377820.579159174] [cmd_vel_guard]: BLOCKED (geofence): violation at t=0.00s, min_dist=0.408m
[WARN] [1784377820.630461457] [cmd_vel_guard]: BLOCKED (geofence): violation at t=0.00s, min_dist=0.408m
[WARN] [1784377820.681716661] [cmd_vel_guard]: BLOCKED (geofence): violation at t=0.00s, min_dist=0.408m
[WARN] [1784377820.732934034] [cmd_vel_guard]: BLOCKED (geofence): violation at t=0.00s, min_dist=0.408m
[WARN] [1784377820.784421015] [cmd_vel_guard]: BLOCKED (geofence): violation at t=0.00s, min_dist=0.408m
[WARN] [1784377820.835635663] [cmd_vel_guard]: BLOCKED (geofence): violation at t=0.00s, min_dist=0.408m
[WARN] [1784377820.887167199] [cmd_vel_guard]: BLOCKED (geofence): violation at t=0.00s, min_dist=0.408m
[WARN] [1784377820.938409148] [cmd_vel_guard]: BLOCKED (geofence): violation at t=0.00s, min_dist=0.408m
[WARN] [1784377820.989560896] [cmd_vel_guard]: BLOCKED (geofence): violation at t=0.00s, min_dist=0.408m
[WARN] [1784377821.040716412] [cmd_vel_guard]: BLOCKED (geofence): violation at t=0.00s, min_dist=0.408m
[WARN] [1784377821.092143942] [cmd_vel_guard]: BLOCKED (geofence): violation at t=0.00s, min_dist=0.408m
[WARN] [1784377821.143338311] [cmd_vel_guard]: BLOCKED (geofence): violation at t=0.00s, min_dist=0.408m
[WARN] [1784377821.194729782] [cmd_vel_guard]: BLOCKED (geofence): violation at t=0.00s, min_dist=0.408m
[WARN] [1784377821.246011256] [cmd_vel_guard]: BLOCKED (geofence): violation at t=0.00s, min_dist=0.408m
[WARN] [1784377821.297187411] [cmd_vel_guard]: BLOCKED (geofence): violation at t=0.00s, min_dist=0.408m
[WARN] [1784377821.348298553] [cmd_vel_guard]: BLOCKED (geofence): violation at t=0.00s, min_dist=0.408m
[WARN] [1784377821.399652975] [cmd_vel_guard]: BLOCKED (geofence): violation at t=0.00s, min_dist=0.408m
[WARN] [1784377821.451162419] [cmd_vel_guard]: BLOCKED (geofence): violation at t=0.00s, min_dist=0.408m
[WARN] [1784377821.502591070] [cmd_vel_guard]: BLOCKED (geofence): violation at t=0.00s, min_dist=0.408m
[WARN] [1784377821.554055149] [cmd_vel_guard]: BLOCKED (geofence): violation at t=0.00s, min_dist=0.408m
[INFO] [1784377821.605076511] [cmd_vel_guard]: Guard status: cmds=3201, nav_approved=True, odom=yes, pos=(4.90,-1.08), passed=1725, blocked=1475
[WARN] [1784377821.605515400] [cmd_vel_guard]: BLOCKED (geofence): violation at t=0.00s, min_dist=0.408m
[WARN] [1784377821.656640298] [cmd_vel_guard]: BLOCKED (geofence): violation at t=0.00s, min_dist=0.408m
[WARN] [1784377821.707828095] [cmd_vel_guard]: BLOCKED (geofence): violation at t=0.00s, min_dist=0.408m
[WARN] [1784377821.759004190] [cmd_vel_guard]: BLOCKED (geofence): violation at t=0.00s, min_dist=0.408m
[WARN] [1784377821.810226552] [cmd_vel_guard]: BLOCKED (geofence): violation at t=0.00s, min_dist=0.408m
[WARN] [1784377821.861683116] [cmd_vel_guard]: BLOCKED (geofence): violation at t=0.00s, min_dist=0.408m
[WARN] [1784377821.913035424] [cmd_vel_guard]: BLOCKED (geofence): violation at t=0.00s, min_dist=0.408m
[WARN] [1784377821.964243649] [cmd_vel_guard]: BLOCKED (geofence): violation at t=0.00s, min_dist=0.408m
[WARN] [1784377822.015455822] [cmd_vel_guard]: BLOCKED (geofence): violation at t=0.00s, min_dist=0.408m
[WARN] [1784377822.066628530] [cmd_vel_guard]: BLOCKED (geofence): violation at t=0.00s, min_dist=0.408m
[WARN] [1784377822.117829793] [cmd_vel_guard]: BLOCKED (geofence): violation at t=0.00s, min_dist=0.408m
[WARN] [1784377822.169148887] [cmd_vel_guard]: BLOCKED (geofence): violation at t=0.00s, min_dist=0.408m
[WARN] [1784377822.220531542] [cmd_vel_guard]: BLOCKED (geofence): violation at t=0.00s, min_dist=0.408m
[WARN] [1784377822.271770666] [cmd_vel_guard]: BLOCKED (geofence): violation at t=0.00s, min_dist=0.408m
[WARN] [1784377822.322909280] [cmd_vel_guard]: BLOCKED (geofence): violation at t=0.00s, min_dist=0.408m
[WARN] [1784377822.374215070] [cmd_vel_guard]: BLOCKED (geofence): violation at t=0.00s, min_dist=0.408m
[WARN] [1784377822.425428906] [cmd_vel_guard]: BLOCKED (geofence): violation at t=0.00s, min_dist=0.408m
[WARN] [1784377822.476638494] [cmd_vel_guard]: BLOCKED (geofence): violation at t=0.00s, min_dist=0.408m
[WARN] [1784377822.527825108] [cmd_vel_guard]: BLOCKED (geofence): violation at t=0.00s, min_dist=0.408m
[WARN] [1784377822.579049474] [cmd_vel_guard]: BLOCKED (geofence): violation at t=0.00s, min_dist=0.408m
[WARN] [1784377822.630539001] [cmd_vel_guard]: BLOCKED (geofence): violation at t=0.00s, min_dist=0.403m
[WARN] [1784377822.681927266] [cmd_vel_guard]: BLOCKED (geofence): violation at t=0.00s, min_dist=0.408m
[WARN] [1784377822.733113160] [cmd_vel_guard]: BLOCKED (geofence): violation at t=0.00s, min_dist=0.405m
[WARN] [1784377822.784354949] [cmd_vel_guard]: BLOCKED (geofence): violation at t=0.00s, min_dist=0.405m
[WARN] [1784377822.835581669] [cmd_vel_guard]: BLOCKED (geofence): violation at t=0.00s, min_dist=0.405m
[WARN] [1784377822.886752544] [cmd_vel_guard]: BLOCKED (geofence): violation at t=0.00s, min_dist=0.405m
[WARN] [1784377822.938262739] [cmd_vel_guard]: BLOCKED (geofence): violation at t=0.00s, min_dist=0.405m
[WARN] [1784377822.989495371] [cmd_vel_guard]: BLOCKED (geofence): violation at t=0.00s, min_dist=0.405m
[WARN] [1784377823.040739915] [cmd_vel_guard]: BLOCKED (geofence): violation at t=0.00s, min_dist=0.405m
[WARN] [1784377823.092341103] [cmd_vel_guard]: BLOCKED (geofence): violation at t=0.00s, min_dist=0.405m
[WARN] [1784377823.143543297] [cmd_vel_guard]: BLOCKED (geofence): violation at t=0.00s, min_dist=0.405m
[WARN] [1784377823.195010572] [cmd_vel_guard]: BLOCKED (geofence): violation at t=0.00s, min_dist=0.405m
[WARN] [1784377823.246359743] [cmd_vel_guard]: BLOCKED (geofence): violation at t=0.00s, min_dist=0.405m
[WARN] [1784377823.297861954] [cmd_vel_guard]: BLOCKED (geofence): violation at t=0.00s, min_dist=0.405m
[WARN] [1784377823.349027469] [cmd_vel_guard]: BLOCKED (geofence): violation at t=0.00s, min_dist=0.405m
[WARN] [1784377823.400497318] [cmd_vel_guard]: BLOCKED (geofence): violation at t=0.00s, min_dist=0.405m
[WARN] [1784377823.451858753] [cmd_vel_guard]: BLOCKED (geofence): violation at t=0.00s, min_dist=0.405m
[WARN] [1784377823.503081296] [cmd_vel_guard]: BLOCKED (geofence): violation at t=0.00s, min_dist=0.405m
[WARN] [1784377823.554292617] [cmd_vel_guard]: BLOCKED (geofence): violation at t=0.00s, min_dist=0.405m
[WARN] [1784377823.605517314] [cmd_vel_guard]: BLOCKED (geofence): violation at t=0.00s, min_dist=0.403m
[WARN] [1784377823.656731130] [cmd_vel_guard]: BLOCKED (geofence): violation at t=0.00s, min_dist=0.405m
[WARN] [1784377823.708397420] [cmd_vel_guard]: BLOCKED (geofence): violation at t=0.00s, min_dist=0.403m
[WARN] [1784377823.759587461] [cmd_vel_guard]: BLOCKED (geofence): violation at t=0.00s, min_dist=0.405m
[WARN] [1784377823.811037223] [cmd_vel_guard]: BLOCKED (geofence): violation at t=0.00s, min_dist=0.403m
[WARN] [1784377823.862267811] [cmd_vel_guard]: BLOCKED (geofence): violation at t=0.00s, min_dist=0.405m
[WARN] [1784377823.913521993] [cmd_vel_guard]: BLOCKED (geofence): violation at t=0.00s, min_dist=0.403m
[WARN] [1784377823.964882536] [cmd_vel_guard]: BLOCKED (geofence): violation at t=0.00s, min_dist=0.405m
[WARN] [1784377824.016263849] [cmd_vel_guard]: BLOCKED (geofence): violation at t=0.00s, min_dist=0.403m
[WARN] [1784377824.067436036] [cmd_vel_guard]: BLOCKED (geofence): violation at t=0.00s, min_dist=0.405m
[WARN] [1784377824.118703984] [cmd_vel_guard]: BLOCKED (geofence): violation at t=0.00s, min_dist=0.403m
[INFO] [1784377824.169633373] [cmd_vel_guard]: Guard status: cmds=3251, nav_approved=True, odom=yes, pos=(4.90,-1.08), passed=1725, blocked=1525
[WARN] [1784377824.170079446] [cmd_vel_guard]: BLOCKED (geofence): violation at t=0.00s, min_dist=0.405m
[WARN] [1784377824.221370908] [cmd_vel_guard]: BLOCKED (geofence): violation at t=0.00s, min_dist=0.403m
[WARN] [1784377824.272615322] [cmd_vel_guard]: BLOCKED (geofence): violation at t=0.00s, min_dist=0.405m
[WARN] [1784377824.323860127] [cmd_vel_guard]: BLOCKED (geofence): violation at t=0.00s, min_dist=0.403m
[WARN] [1784377824.375456055] [cmd_vel_guard]: BLOCKED (geofence): violation at t=0.00s, min_dist=0.405m
[WARN] [1784377824.426988923] [cmd_vel_guard]: BLOCKED (geofence): violation at t=0.00s, min_dist=0.403m
[WARN] [1784377824.478507685] [cmd_vel_guard]: BLOCKED (geofence): violation at t=0.00s, min_dist=0.405m
[WARN] [1784377824.529700672] [cmd_vel_guard]: BLOCKED (geofence): violation at t=0.00s, min_dist=0.405m
[WARN] [1784377824.580896905] [cmd_vel_guard]: BLOCKED (geofence): violation at t=0.00s, min_dist=0.405m
[WARN] [1784377824.632092206] [cmd_vel_guard]: BLOCKED (geofence): violation at t=0.00s, min_dist=0.403m
[WARN] [1784377824.683293990] [cmd_vel_guard]: BLOCKED (geofence): violation at t=0.00s, min_dist=0.405m
[WARN] [1784377824.734538624] [cmd_vel_guard]: BLOCKED (geofence): violation at t=0.00s, min_dist=0.405m
[WARN] [1784377824.785721291] [cmd_vel_guard]: BLOCKED (geofence): violation at t=0.00s, min_dist=0.405m
[WARN] [1784377824.837097765] [cmd_vel_guard]: BLOCKED (geofence): violation at t=0.00s, min_dist=0.403m
[WARN] [1784377824.888274521] [cmd_vel_guard]: BLOCKED (geofence): violation at t=0.00s, min_dist=0.405m
[WARN] [1784377824.939433133] [cmd_vel_guard]: BLOCKED (geofence): violation at t=0.00s, min_dist=0.405m
[WARN] [1784377824.990902652] [cmd_vel_guard]: BLOCKED (geofence): violation at t=0.00s, min_dist=0.405m
[WARN] [1784377825.042221967] [cmd_vel_guard]: BLOCKED (geofence): violation at t=0.00s, min_dist=0.405m
[WARN] [1784377825.093366843] [cmd_vel_guard]: BLOCKED (geofence): violation at t=0.00s, min_dist=0.405m
[WARN] [1784377825.144551324] [cmd_vel_guard]: BLOCKED (geofence): violation at t=0.00s, min_dist=0.405m
[WARN] [1784377825.195834341] [cmd_vel_guard]: BLOCKED (geofence): violation at t=0.00s, min_dist=0.405m
[WARN] [1784377825.247047045] [cmd_vel_guard]: BLOCKED (geofence): violation at t=0.00s, min_dist=0.405m
[WARN] [1784377825.298402799] [cmd_vel_guard]: BLOCKED (geofence): violation at t=0.00s, min_dist=0.405m
[WARN] [1784377825.349698169] [cmd_vel_guard]: BLOCKED (geofence): violation at t=0.00s, min_dist=0.405m
[INFO] [1784377825.401012325] [cmd_vel_guard]: [HEARTBEAT #44] cmds=3274, odom=yes, nav_approved=True, pos=(4.90,-1.08)
[WARN] [1784377825.401621505] [cmd_vel_guard]: BLOCKED (geofence): violation at t=0.00s, min_dist=0.405m
[WARN] [1784377825.452827547] [cmd_vel_guard]: BLOCKED (geofence): violation at t=0.00s, min_dist=0.405m
[WARN] [1784377825.504148175] [cmd_vel_guard]: BLOCKED (geofence): violation at t=0.00s, min_dist=0.403m
[WARN] [1784377825.555460727] [cmd_vel_guard]: BLOCKED (geofence): violation at t=0.00s, min_dist=0.405m
[WARN] [1784377825.606715120] [cmd_vel_guard]: BLOCKED (geofence): violation at t=0.00s, min_dist=0.403m
[WARN] [1784377825.657908648] [cmd_vel_guard]: BLOCKED (geofence): violation at t=0.00s, min_dist=0.405m
[WARN] [1784377825.709083411] [cmd_vel_guard]: BLOCKED (geofence): violation at t=0.00s, min_dist=0.403m
[WARN] [1784377825.760698885] [cmd_vel_guard]: BLOCKED (geofence): violation at t=0.00s, min_dist=0.405m
[WARN] [1784377825.811843541] [cmd_vel_guard]: BLOCKED (geofence): violation at t=0.00s, min_dist=0.403m
[WARN] [1784377825.863052267] [cmd_vel_guard]: BLOCKED (geofence): violation at t=0.00s, min_dist=0.405m
[WARN] [1784377825.914266454] [cmd_vel_guard]: BLOCKED (geofence): violation at t=0.00s, min_dist=0.403m
[WARN] [1784377825.965451506] [cmd_vel_guard]: BLOCKED (geofence): violation at t=0.00s, min_dist=0.405m
[WARN] [1784377826.016797923] [cmd_vel_guard]: BLOCKED (geofence): violation at t=0.00s, min_dist=0.403m
[WARN] [1784377826.067978426] [cmd_vel_guard]: BLOCKED (geofence): violation at t=0.00s, min_dist=0.405m
[WARN] [1784377826.119171684] [cmd_vel_guard]: BLOCKED (geofence): violation at t=0.00s, min_dist=0.403m
[WARN] [1784377826.170339403] [cmd_vel_guard]: BLOCKED (geofence): violation at t=0.00s, min_dist=0.405m
[WARN] [1784377826.221507793] [cmd_vel_guard]: BLOCKED (geofence): violation at t=0.00s, min_dist=0.403m
[WARN] [1784377826.272823682] [cmd_vel_guard]: BLOCKED (geofence): violation at t=0.00s, min_dist=0.405m
[WARN] [1784377826.324226455] [cmd_vel_guard]: BLOCKED (geofence): violation at t=0.00s, min_dist=0.403m
[WARN] [1784377826.375524330] [cmd_vel_guard]: BLOCKED (geofence): violation at t=0.00s, min_dist=0.405m
[WARN] [1784377826.426952301] [cmd_vel_guard]: BLOCKED (geofence): violation at t=0.00s, min_dist=0.403m
[WARN] [1784377826.478152572] [cmd_vel_guard]: BLOCKED (geofence): violation at t=0.00s, min_dist=0.405m
[WARN] [1784377826.529394832] [cmd_vel_guard]: BLOCKED (geofence): violation at t=0.00s, min_dist=0.403m
[WARN] [1784377826.580706373] [cmd_vel_guard]: BLOCKED (geofence): violation at t=0.00s, min_dist=0.405m
[WARN] [1784377826.631916893] [cmd_vel_guard]: BLOCKED (geofence): violation at t=0.00s, min_dist=0.403m
[WARN] [1784377826.683195511] [cmd_vel_guard]: BLOCKED (geofence): violation at t=0.00s, min_dist=0.405m
[INFO] [1784377826.734129429] [cmd_vel_guard]: Guard status: cmds=3301, nav_approved=True, odom=yes, pos=(4.90,-1.08), passed=1725, blocked=1575
[WARN] [1784377826.734575892] [cmd_vel_guard]: BLOCKED (geofence): violation at t=0.00s, min_dist=0.403m
[WARN] [1784377826.785793255] [cmd_vel_guard]: BLOCKED (geofence): violation at t=0.00s, min_dist=0.405m
[WARN] [1784377826.837459796] [cmd_vel_guard]: BLOCKED (geofence): violation at t=0.00s, min_dist=0.403m
[WARN] [1784377826.888669114] [cmd_vel_guard]: BLOCKED (geofence): violation at t=0.00s, min_dist=0.405m
[WARN] [1784377826.939938696] [cmd_vel_guard]: BLOCKED (geofence): violation at t=0.00s, min_dist=0.405m
[WARN] [1784377826.991217545] [cmd_vel_guard]: BLOCKED (geofence): violation at t=0.00s, min_dist=0.405m
[WARN] [1784377827.042464834] [cmd_vel_guard]: BLOCKED (geofence): violation at t=0.00s, min_dist=0.405m
[WARN] [1784377827.093647963] [cmd_vel_guard]: BLOCKED (geofence): violation at t=0.00s, min_dist=0.405m
[WARN] [1784377827.144876266] [cmd_vel_guard]: BLOCKED (geofence): violation at t=0.00s, min_dist=0.405m
[WARN] [1784377827.196080845] [cmd_vel_guard]: BLOCKED (geofence): violation at t=0.00s, min_dist=0.405m
[WARN] [1784377827.247300833] [cmd_vel_guard]: BLOCKED (geofence): violation at t=0.00s, min_dist=0.405m
[WARN] [1784377827.298704368] [cmd_vel_guard]: BLOCKED (geofence): violation at t=0.00s, min_dist=0.405m
[WARN] [1784377827.350019856] [cmd_vel_guard]: BLOCKED (geofence): violation at t=0.00s, min_dist=0.405m
[WARN] [1784377827.401747793] [cmd_vel_guard]: BLOCKED (geofence): violation at t=0.00s, min_dist=0.405m
[WARN] [1784377827.452943826] [cmd_vel_guard]: BLOCKED (geofence): violation at t=0.00s, min_dist=0.405m
[WARN] [1784377827.504214309] [cmd_vel_guard]: BLOCKED (geofence): violation at t=0.00s, min_dist=0.403m
[WARN] [1784377827.555459705] [cmd_vel_guard]: BLOCKED (geofence): violation at t=0.00s, min_dist=0.405m
[WARN] [1784377827.606762640] [cmd_vel_guard]: BLOCKED (geofence): violation at t=0.00s, min_dist=0.403m
[WARN] [1784377827.657932273] [cmd_vel_guard]: BLOCKED (geofence): violation at t=0.00s, min_dist=0.405m
[WARN] [1784377827.709410598] [cmd_vel_guard]: BLOCKED (geofence): violation at t=0.00s, min_dist=0.403m
[WARN] [1784377827.760635416] [cmd_vel_guard]: BLOCKED (geofence): violation at t=0.00s, min_dist=0.405m
[WARN] [1784377827.812009685] [cmd_vel_guard]: BLOCKED (geofence): violation at t=0.00s, min_dist=0.403m
[WARN] [1784377827.863278034] [cmd_vel_guard]: BLOCKED (geofence): violation at t=0.00s, min_dist=0.405m
[WARN] [1784377827.914476812] [cmd_vel_guard]: BLOCKED (geofence): violation at t=0.00s, min_dist=0.403m
[WARN] [1784377827.965584608] [cmd_vel_guard]: BLOCKED (geofence): violation at t=0.00s, min_dist=0.405m
[WARN] [1784377828.016789959] [cmd_vel_guard]: BLOCKED (geofence): violation at t=0.00s, min_dist=0.403m
[WARN] [1784377828.068003414] [cmd_vel_guard]: BLOCKED (geofence): violation at t=0.00s, min_dist=0.405m
[WARN] [1784377828.119377223] [cmd_vel_guard]: BLOCKED (geofence): violation at t=0.00s, min_dist=0.403m
[WARN] [1784377828.170738708] [cmd_vel_guard]: BLOCKED (geofence): violation at t=0.00s, min_dist=0.405m
[WARN] [1784377828.221862304] [cmd_vel_guard]: BLOCKED (geofence): violation at t=0.00s, min_dist=0.403m
[WARN] [1784377828.273113922] [cmd_vel_guard]: BLOCKED (geofence): violation at t=0.00s, min_dist=0.405m
[WARN] [1784377828.323891404] [cmd_vel_guard]: BLOCKED (geofence): violation at t=0.00s, min_dist=0.403m
[WARN] [1784377828.374885295] [cmd_vel_guard]: BLOCKED (geofence): violation at t=0.00s, min_dist=0.405m
[WARN] [1784377828.425572417] [cmd_vel_guard]: BLOCKED (geofence): violation at t=0.00s, min_dist=0.403m
[WARN] [1784377828.476375919] [cmd_vel_guard]: BLOCKED (geofence): violation at t=0.00s, min_dist=0.405m
[WARN] [1784377828.527467454] [cmd_vel_guard]: BLOCKED (geofence): violation at t=0.00s, min_dist=0.403m
[WARN] [1784377828.578491182] [cmd_vel_guard]: BLOCKED (geofence): violation at t=0.00s, min_dist=0.405m
[WARN] [1784377828.629621370] [cmd_vel_guard]: BLOCKED (geofence): violation at t=0.00s, min_dist=0.403m
[WARN] [1784377828.680453235] [cmd_vel_guard]: BLOCKED (geofence): violation at t=0.00s, min_dist=0.405m
[WARN] [1784377828.731583775] [cmd_vel_guard]: BLOCKED (geofence): violation at t=0.00s, min_dist=0.403m
[WARN] [1784377828.782393308] [cmd_vel_guard]: BLOCKED (geofence): violation at t=0.00s, min_dist=0.405m
[WARN] [1784377828.833141825] [cmd_vel_guard]: BLOCKED (geofence): violation at t=0.00s, min_dist=0.403m
[WARN] [1784377828.884008206] [cmd_vel_guard]: BLOCKED (geofence): violation at t=0.00s, min_dist=0.405m
[WARN] [1784377828.934840953] [cmd_vel_guard]: BLOCKED (geofence): violation at t=0.00s, min_dist=0.403m
[WARN] [1784377828.985581065] [cmd_vel_guard]: BLOCKED (geofence): violation at t=0.00s, min_dist=0.405m
[WARN] [1784377829.036333430] [cmd_vel_guard]: BLOCKED (geofence): violation at t=0.00s, min_dist=0.403m
[WARN] [1784377829.087872190] [cmd_vel_guard]: BLOCKED (geofence): violation at t=0.00s, min_dist=0.405m
[WARN] [1784377829.139411190] [cmd_vel_guard]: BLOCKED (geofence): violation at t=0.00s, min_dist=0.405m
[WARN] [1784377829.190612303] [cmd_vel_guard]: BLOCKED (geofence): violation at t=0.00s, min_dist=0.405m
[WARN] [1784377829.241932831] [cmd_vel_guard]: BLOCKED (geofence): violation at t=0.00s, min_dist=0.405m
[INFO] [1784377829.292947240] [cmd_vel_guard]: Guard status: cmds=3351, nav_approved=True, odom=yes, pos=(4.90,-1.08), passed=1725, blocked=1625
[WARN] [1784377829.293439099] [cmd_vel_guard]: BLOCKED (geofence): violation at t=0.00s, min_dist=0.405m
[WARN] [1784377829.344549691] [cmd_vel_guard]: BLOCKED (geofence): violation at t=0.00s, min_dist=0.405m
[WARN] [1784377829.395883854] [cmd_vel_guard]: BLOCKED (geofence): violation at t=0.00s, min_dist=0.405m
[WARN] [1784377829.447079467] [cmd_vel_guard]: BLOCKED (geofence): violation at t=0.00s, min_dist=0.405m
[WARN] [1784377829.497929746] [cmd_vel_guard]: BLOCKED (geofence): violation at t=0.00s, min_dist=0.405m
[WARN] [1784377829.548663516] [cmd_vel_guard]: BLOCKED (geofence): violation at t=0.00s, min_dist=0.405m
[WARN] [1784377829.599386176] [cmd_vel_guard]: BLOCKED (geofence): violation at t=0.00s, min_dist=0.405m
[WARN] [1784377829.650102783] [cmd_vel_guard]: BLOCKED (geofence): violation at t=0.00s, min_dist=0.405m
[WARN] [1784377829.700806647] [cmd_vel_guard]: BLOCKED (geofence): violation at t=0.00s, min_dist=0.405m
[WARN] [1784377829.751512504] [cmd_vel_guard]: BLOCKED (geofence): violation at t=0.00s, min_dist=0.405m
[WARN] [1784377829.802533035] [cmd_vel_guard]: BLOCKED (geofence): violation at t=0.00s, min_dist=0.405m
[WARN] [1784377829.853375240] [cmd_vel_guard]: BLOCKED (geofence): violation at t=0.00s, min_dist=0.405m
[WARN] [1784377829.904065929] [cmd_vel_guard]: BLOCKED (geofence): violation at t=0.00s, min_dist=0.403m
[WARN] [1784377829.954754664] [cmd_vel_guard]: BLOCKED (geofence): violation at t=0.00s, min_dist=0.405m
[WARN] [1784377830.005433700] [cmd_vel_guard]: BLOCKED (geofence): violation at t=0.00s, min_dist=0.403m
[WARN] [1784377830.056136722] [cmd_vel_guard]: BLOCKED (geofence): violation at t=0.00s, min_dist=0.405m
[WARN] [1784377830.107139681] [cmd_vel_guard]: BLOCKED (geofence): violation at t=0.00s, min_dist=0.403m
[WARN] [1784377830.157837052] [cmd_vel_guard]: BLOCKED (geofence): violation at t=0.00s, min_dist=0.405m
[WARN] [1784377830.208534013] [cmd_vel_guard]: BLOCKED (geofence): violation at t=0.00s, min_dist=0.405m
[WARN] [1784377830.259667638] [cmd_vel_guard]: BLOCKED (geofence): violation at t=0.00s, min_dist=0.405m
[WARN] [1784377830.310929705] [cmd_vel_guard]: BLOCKED (geofence): violation at t=0.00s, min_dist=0.403m
[WARN] [1784377830.362259361] [cmd_vel_guard]: BLOCKED (geofence): violation at t=0.00s, min_dist=0.405m
[INFO] [1784377830.413303617] [cmd_vel_guard]: [HEARTBEAT #45] cmds=3372, odom=yes, nav_approved=True, pos=(4.90,-1.08)
[WARN] [1784377830.413824681] [cmd_vel_guard]: BLOCKED (geofence): violation at t=0.00s, min_dist=0.405m
[WARN] [1784377830.464966451] [cmd_vel_guard]: BLOCKED (geofence): violation at t=0.00s, min_dist=0.405m
[WARN] [1784377830.516762557] [cmd_vel_guard]: BLOCKED (geofence): violation at t=0.00s, min_dist=0.403m
[WARN] [1784377830.568062316] [cmd_vel_guard]: BLOCKED (geofence): violation at t=0.00s, min_dist=0.405m
[WARN] [1784377830.619602509] [cmd_vel_guard]: BLOCKED (geofence): violation at t=0.00s, min_dist=0.405m
[WARN] [1784377830.670850901] [cmd_vel_guard]: BLOCKED (geofence): violation at t=0.00s, min_dist=0.405m
[WARN] [1784377830.722067593] [cmd_vel_guard]: BLOCKED (geofence): violation at t=0.00s, min_dist=0.403m
[WARN] [1784377830.773226345] [cmd_vel_guard]: BLOCKED (geofence): violation at t=0.00s, min_dist=0.405m
[WARN] [1784377830.824824818] [cmd_vel_guard]: BLOCKED (geofence): violation at t=0.00s, min_dist=0.405m
[WARN] [1784377830.875986747] [cmd_vel_guard]: BLOCKED (geofence): violation at t=0.00s, min_dist=0.405m
[WARN] [1784377830.927152843] [cmd_vel_guard]: BLOCKED (geofence): violation at t=0.00s, min_dist=0.403m
[WARN] [1784377830.978347443] [cmd_vel_guard]: BLOCKED (geofence): violation at t=0.00s, min_dist=0.405m
[WARN] [1784377831.029675355] [cmd_vel_guard]: BLOCKED (geofence): violation at t=0.00s, min_dist=0.405m
[WARN] [1784377831.080929759] [cmd_vel_guard]: BLOCKED (geofence): violation at t=0.00s, min_dist=0.405m
[WARN] [1784377831.132503084] [cmd_vel_guard]: BLOCKED (geofence): violation at t=0.00s, min_dist=0.403m
[WARN] [1784377831.183727761] [cmd_vel_guard]: BLOCKED (geofence): violation at t=0.00s, min_dist=0.405m
[WARN] [1784377831.235015978] [cmd_vel_guard]: BLOCKED (geofence): violation at t=0.00s, min_dist=0.405m
[WARN] [1784377831.286234464] [cmd_vel_guard]: BLOCKED (geofence): violation at t=0.00s, min_dist=0.405m
[WARN] [1784377831.337407313] [cmd_vel_guard]: BLOCKED (geofence): violation at t=0.00s, min_dist=0.403m
[WARN] [1784377831.388712251] [cmd_vel_guard]: BLOCKED (geofence): violation at t=0.00s, min_dist=0.405m
[WARN] [1784377831.439878438] [cmd_vel_guard]: BLOCKED (geofence): violation at t=0.00s, min_dist=0.405m
[WARN] [1784377831.491005050] [cmd_vel_guard]: BLOCKED (geofence): violation at t=0.00s, min_dist=0.405m
[WARN] [1784377831.542167059] [cmd_vel_guard]: BLOCKED (geofence): violation at t=0.00s, min_dist=0.405m
[WARN] [1784377831.593373211] [cmd_vel_guard]: BLOCKED (geofence): violation at t=0.00s, min_dist=0.405m
[WARN] [1784377831.644902263] [cmd_vel_guard]: BLOCKED (geofence): violation at t=0.00s, min_dist=0.405m
[WARN] [1784377831.696213714] [cmd_vel_guard]: BLOCKED (geofence): violation at t=0.00s, min_dist=0.405m
[WARN] [1784377831.747462486] [cmd_vel_guard]: BLOCKED (geofence): violation at t=0.00s, min_dist=0.405m
[WARN] [1784377831.798742438] [cmd_vel_guard]: BLOCKED (geofence): violation at t=0.00s, min_dist=0.405m
[INFO] [1784377831.849634276] [cmd_vel_guard]: Guard status: cmds=3401, nav_approved=True, odom=yes, pos=(4.90,-1.08), passed=1725, blocked=1675
[WARN] [1784377831.850084917] [cmd_vel_guard]: BLOCKED (geofence): violation at t=0.00s, min_dist=0.405m
[WARN] [1784377831.901207281] [cmd_vel_guard]: BLOCKED (geofence): violation at t=0.00s, min_dist=0.405m
[WARN] [1784377831.952509294] [cmd_vel_guard]: BLOCKED (geofence): violation at t=0.00s, min_dist=0.405m
[WARN] [1784377832.003671533] [cmd_vel_guard]: BLOCKED (geofence): violation at t=0.00s, min_dist=0.405m
[WARN] [1784377832.054842199] [cmd_vel_guard]: BLOCKED (geofence): violation at t=0.00s, min_dist=0.405m
[WARN] [1784377832.106201350] [cmd_vel_guard]: BLOCKED (geofence): violation at t=0.00s, min_dist=0.403m
[WARN] [1784377832.157347889] [cmd_vel_guard]: BLOCKED (geofence): violation at t=0.00s, min_dist=0.405m
[WARN] [1784377832.208526419] [cmd_vel_guard]: BLOCKED (geofence): violation at t=0.00s, min_dist=0.403m
[WARN] [1784377832.259746768] [cmd_vel_guard]: BLOCKED (geofence): violation at t=0.00s, min_dist=0.405m
[WARN] [1784377832.311145524] [cmd_vel_guard]: BLOCKED (geofence): violation at t=0.00s, min_dist=0.403m
[WARN] [1784377832.362610956] [cmd_vel_guard]: BLOCKED (geofence): violation at t=0.00s, min_dist=0.405m
[WARN] [1784377832.414119579] [cmd_vel_guard]: BLOCKED (geofence): violation at t=0.00s, min_dist=0.403m
[WARN] [1784377832.465282259] [cmd_vel_guard]: BLOCKED (geofence): violation at t=0.00s, min_dist=0.405m
[WARN] [1784377832.516381009] [cmd_vel_guard]: BLOCKED (geofence): violation at t=0.00s, min_dist=0.405m
[WARN] [1784377832.567776959] [cmd_vel_guard]: BLOCKED (geofence): violation at t=0.00s, min_dist=0.405m
[WARN] [1784377832.619096766] [cmd_vel_guard]: BLOCKED (geofence): violation at t=0.00s, min_dist=0.403m
[WARN] [1784377832.670293490] [cmd_vel_guard]: BLOCKED (geofence): violation at t=0.00s, min_dist=0.405m
[WARN] [1784377832.721519330] [cmd_vel_guard]: BLOCKED (geofence): violation at t=0.00s, min_dist=0.405m
[WARN] [1784377832.772681940] [cmd_vel_guard]: BLOCKED (geofence): violation at t=0.00s, min_dist=0.403m
[WARN] [1784377832.823913971] [cmd_vel_guard]: BLOCKED (geofence): violation at t=0.00s, min_dist=0.405m
[WARN] [1784377832.875063656] [cmd_vel_guard]: BLOCKED (geofence): violation at t=0.00s, min_dist=0.405m
[WARN] [1784377832.926204746] [cmd_vel_guard]: BLOCKED (geofence): violation at t=0.00s, min_dist=0.403m
[WARN] [1784377832.977366915] [cmd_vel_guard]: BLOCKED (geofence): violation at t=0.00s, min_dist=0.405m
[WARN] [1784377833.028584338] [cmd_vel_guard]: BLOCKED (geofence): violation at t=0.00s, min_dist=0.405m
[WARN] [1784377833.079799387] [cmd_vel_guard]: BLOCKED (geofence): violation at t=0.00s, min_dist=0.405m
[WARN] [1784377833.130963270] [cmd_vel_guard]: BLOCKED (geofence): violation at t=0.00s, min_dist=0.405m
[WARN] [1784377833.182160886] [cmd_vel_guard]: BLOCKED (geofence): violation at t=0.00s, min_dist=0.405m
[WARN] [1784377833.233527451] [cmd_vel_guard]: BLOCKED (geofence): violation at t=0.00s, min_dist=0.405m
[WARN] [1784377833.284948489] [cmd_vel_guard]: BLOCKED (geofence): violation at t=0.00s, min_dist=0.405m
[WARN] [1784377833.336076864] [cmd_vel_guard]: BLOCKED (geofence): violation at t=0.00s, min_dist=0.405m
[WARN] [1784377833.387397112] [cmd_vel_guard]: BLOCKED (geofence): violation at t=0.00s, min_dist=0.405m
[WARN] [1784377833.438722008] [cmd_vel_guard]: BLOCKED (geofence): violation at t=0.00s, min_dist=0.405m
[WARN] [1784377833.489995358] [cmd_vel_guard]: BLOCKED (geofence): violation at t=0.00s, min_dist=0.405m
[WARN] [1784377833.541180580] [cmd_vel_guard]: BLOCKED (geofence): violation at t=0.00s, min_dist=0.405m
[WARN] [1784377833.592374720] [cmd_vel_guard]: BLOCKED (geofence): violation at t=0.00s, min_dist=0.405m
[WARN] [1784377833.643583186] [cmd_vel_guard]: BLOCKED (geofence): violation at t=0.00s, min_dist=0.405m
[WARN] [1784377833.694791162] [cmd_vel_guard]: BLOCKED (geofence): violation at t=0.00s, min_dist=0.405m
[WARN] [1784377833.746100780] [cmd_vel_guard]: BLOCKED (geofence): violation at t=0.00s, min_dist=0.405m
[WARN] [1784377833.797761981] [cmd_vel_guard]: BLOCKED (geofence): violation at t=0.00s, min_dist=0.405m
[WARN] [1784377833.849234296] [cmd_vel_guard]: BLOCKED (geofence): violation at t=0.00s, min_dist=0.405m
[WARN] [1784377833.900806730] [cmd_vel_guard]: BLOCKED (geofence): violation at t=0.00s, min_dist=0.405m
[WARN] [1784377833.952021559] [cmd_vel_guard]: BLOCKED (geofence): violation at t=0.00s, min_dist=0.405m
[WARN] [1784377834.003491469] [cmd_vel_guard]: BLOCKED (geofence): violation at t=0.00s, min_dist=0.405m
[WARN] [1784377834.054775168] [cmd_vel_guard]: BLOCKED (geofence): violation at t=0.00s, min_dist=0.405m
[WARN] [1784377834.105839362] [cmd_vel_guard]: BLOCKED (geofence): violation at t=0.00s, min_dist=0.405m
[WARN] [1784377834.157010578] [cmd_vel_guard]: BLOCKED (geofence): violation at t=0.00s, min_dist=0.405m
[WARN] [1784377834.208207934] [cmd_vel_guard]: BLOCKED (geofence): violation at t=0.00s, min_dist=0.405m
[WARN] [1784377834.259388818] [cmd_vel_guard]: BLOCKED (geofence): violation at t=0.00s, min_dist=0.405m
[WARN] [1784377834.310588649] [cmd_vel_guard]: BLOCKED (geofence): violation at t=0.00s, min_dist=0.405m
[WARN] [1784377834.361825289] [cmd_vel_guard]: BLOCKED (geofence): violation at t=0.00s, min_dist=0.405m
[INFO] [1784377834.413198576] [cmd_vel_guard]: Guard status: cmds=3451, nav_approved=True, odom=yes, pos=(4.90,-1.08), passed=1725, blocked=1725
[WARN] [1784377834.413574226] [cmd_vel_guard]: BLOCKED (geofence): violation at t=0.00s, min_dist=0.405m
[WARN] [1784377834.464876680] [cmd_vel_guard]: BLOCKED (geofence): violation at t=0.00s, min_dist=0.405m
[WARN] [1784377834.516074857] [cmd_vel_guard]: BLOCKED (geofence): violation at t=0.00s, min_dist=0.405m
[WARN] [1784377834.567340041] [cmd_vel_guard]: BLOCKED (geofence): violation at t=0.00s, min_dist=0.405m
[WARN] [1784377834.619047249] [cmd_vel_guard]: BLOCKED (geofence): violation at t=0.00s, min_dist=0.405m
[WARN] [1784377834.670404898] [cmd_vel_guard]: BLOCKED (geofence): violation at t=0.00s, min_dist=0.405m
[WARN] [1784377834.721960280] [cmd_vel_guard]: BLOCKED (geofence): violation at t=0.00s, min_dist=0.405m
[WARN] [1784377834.773310614] [cmd_vel_guard]: BLOCKED (geofence): violation at t=0.00s, min_dist=0.405m
[WARN] [1784377834.824551322] [cmd_vel_guard]: BLOCKED (geofence): violation at t=0.00s, min_dist=0.405m
[WARN] [1784377834.875728219] [cmd_vel_guard]: BLOCKED (geofence): violation at t=0.00s, min_dist=0.405m
[WARN] [1784377834.927084294] [cmd_vel_guard]: BLOCKED (geofence): violation at t=0.00s, min_dist=0.405m
[WARN] [1784377834.980098230] [cmd_vel_guard]: BLOCKED (geofence): violation at t=0.00s, min_dist=0.405m
[WARN] [1784377835.031340230] [cmd_vel_guard]: BLOCKED (geofence): violation at t=0.00s, min_dist=0.405m
[WARN] [1784377835.082607758] [cmd_vel_guard]: BLOCKED (geofence): violation at t=0.00s, min_dist=0.405m
[WARN] [1784377835.133956500] [cmd_vel_guard]: BLOCKED (geofence): violation at t=0.00s, min_dist=0.405m
[WARN] [1784377835.185378740] [cmd_vel_guard]: BLOCKED (geofence): violation at t=0.00s, min_dist=0.405m
[WARN] [1784377835.236859752] [cmd_vel_guard]: BLOCKED (geofence): violation at t=0.00s, min_dist=0.405m
[WARN] [1784377835.288118493] [cmd_vel_guard]: BLOCKED (geofence): violation at t=0.00s, min_dist=0.405m
[WARN] [1784377835.339240617] [cmd_vel_guard]: BLOCKED (geofence): violation at t=0.00s, min_dist=0.405m
[INFO] [1784377835.390310472] [cmd_vel_guard]: [HEARTBEAT #46] cmds=3469, odom=yes, nav_approved=True, pos=(4.90,-1.08)
[WARN] [1784377835.390943016] [cmd_vel_guard]: BLOCKED (geofence): violation at t=0.00s, min_dist=0.405m
[WARN] [1784377835.442228929] [cmd_vel_guard]: BLOCKED (geofence): violation at t=0.00s, min_dist=0.405m
[WARN] [1784377835.493562593] [cmd_vel_guard]: BLOCKED (geofence): violation at t=0.00s, min_dist=0.405m
[WARN] [1784377835.544749589] [cmd_vel_guard]: BLOCKED (geofence): violation at t=0.00s, min_dist=0.405m
[WARN] [1784377835.595919843] [cmd_vel_guard]: BLOCKED (geofence): violation at t=0.00s, min_dist=0.405m
[WARN] [1784377835.647097372] [cmd_vel_guard]: BLOCKED (geofence): violation at t=0.00s, min_dist=0.405m
[WARN] [1784377835.698371122] [cmd_vel_guard]: BLOCKED (geofence): violation at t=0.00s, min_dist=0.405m
[WARN] [1784377835.749650733] [cmd_vel_guard]: BLOCKED (geofence): violation at t=0.00s, min_dist=0.405m
[WARN] [1784377835.800813633] [cmd_vel_guard]: BLOCKED (geofence): violation at t=0.00s, min_dist=0.405m
[WARN] [1784377835.852075711] [cmd_vel_guard]: BLOCKED (geofence): violation at t=0.00s, min_dist=0.405m
[WARN] [1784377835.903208455] [cmd_vel_guard]: BLOCKED (geofence): violation at t=0.00s, min_dist=0.405m
[WARN] [1784377835.954458901] [cmd_vel_guard]: BLOCKED (geofence): violation at t=0.00s, min_dist=0.405m
[WARN] [1784377836.005496195] [cmd_vel_guard]: Odometry data is stale (0.51s old)
[WARN] [1784377836.005917320] [cmd_vel_guard]: BLOCKED (geofence): violation at t=0.00s, min_dist=0.405m
[WARN] [1784377836.057143230] [cmd_vel_guard]: BLOCKED (geofence): violation at t=0.00s, min_dist=0.405m
[WARN] [1784377836.108325347] [cmd_vel_guard]: BLOCKED (geofence): violation at t=0.00s, min_dist=0.405m
[WARN] [1784377836.159953075] [cmd_vel_guard]: BLOCKED (geofence): violation at t=0.00s, min_dist=0.405m
[WARN] [1784377836.211274385] [cmd_vel_guard]: BLOCKED (geofence): violation at t=0.00s, min_dist=0.405m
[WARN] [1784377836.262705492] [cmd_vel_guard]: BLOCKED (geofence): violation at t=0.00s, min_dist=0.405m
[WARN] [1784377836.314058021] [cmd_vel_guard]: BLOCKED (geofence): violation at t=0.00s, min_dist=0.405m
[WARN] [1784377836.365364713] [cmd_vel_guard]: BLOCKED (geofence): violation at t=0.00s, min_dist=0.405m
[WARN] [1784377836.417600610] [cmd_vel_guard]: BLOCKED (geofence): violation at t=0.00s, min_dist=0.405m
[WARN] [1784377836.469005167] [cmd_vel_guard]: BLOCKED (geofence): violation at t=0.00s, min_dist=0.405m
[WARN] [1784377836.520609091] [cmd_vel_guard]: BLOCKED (geofence): violation at t=0.00s, min_dist=0.405m
[WARN] [1784377836.572010281] [cmd_vel_guard]: BLOCKED (geofence): violation at t=0.00s, min_dist=0.403m
[WARN] [1784377836.624431779] [cmd_vel_guard]: BLOCKED (geofence): violation at t=0.00s, min_dist=0.403m
[WARN] [1784377836.675941354] [cmd_vel_guard]: BLOCKED (geofence): violation at t=0.00s, min_dist=0.403m
[WARN] [1784377836.727399172] [cmd_vel_guard]: BLOCKED (geofence): violation at t=0.00s, min_dist=0.403m
[WARN] [1784377836.778986023] [cmd_vel_guard]: BLOCKED (geofence): violation at t=0.00s, min_dist=0.403m
[WARN] [1784377836.830340075] [cmd_vel_guard]: BLOCKED (geofence): violation at t=0.00s, min_dist=0.403m
[WARN] [1784377836.882074104] [cmd_vel_guard]: BLOCKED (geofence): violation at t=0.00s, min_dist=0.403m
[WARN] [1784377836.933278954] [cmd_vel_guard]: BLOCKED (geofence): violation at t=0.00s, min_dist=0.403m
[INFO] [1784377836.983890443] [cmd_vel_guard]: Guard status: cmds=3501, nav_approved=True, odom=yes, pos=(4.90,-1.08), passed=1725, blocked=1775
[WARN] [1784377836.984402821] [cmd_vel_guard]: BLOCKED (geofence): violation at t=0.00s, min_dist=0.403m
[WARN] [1784377837.035256468] [cmd_vel_guard]: BLOCKED (geofence): violation at t=0.00s, min_dist=0.403m
[WARN] [1784377837.086085999] [cmd_vel_guard]: BLOCKED (geofence): violation at t=0.00s, min_dist=0.403m
[WARN] [1784377837.137510774] [cmd_vel_guard]: BLOCKED (geofence): violation at t=0.00s, min_dist=0.403m
[WARN] [1784377837.188991996] [cmd_vel_guard]: BLOCKED (geofence): violation at t=0.00s, min_dist=0.403m
[WARN] [1784377837.240309880] [cmd_vel_guard]: BLOCKED (geofence): violation at t=0.00s, min_dist=0.403m
[WARN] [1784377837.292022849] [cmd_vel_guard]: BLOCKED (geofence): violation at t=0.00s, min_dist=0.403m
[WARN] [1784377837.343305516] [cmd_vel_guard]: BLOCKED (geofence): violation at t=0.00s, min_dist=0.403m
[WARN] [1784377837.394743867] [cmd_vel_guard]: BLOCKED (geofence): violation at t=0.00s, min_dist=0.403m
[WARN] [1784377837.446506550] [cmd_vel_guard]: BLOCKED (geofence): violation at t=0.00s, min_dist=0.403m
[WARN] [1784377837.497889737] [cmd_vel_guard]: BLOCKED (geofence): violation at t=0.00s, min_dist=0.403m
[WARN] [1784377837.549281510] [cmd_vel_guard]: BLOCKED (geofence): violation at t=0.00s, min_dist=0.403m
[WARN] [1784377837.600546273] [cmd_vel_guard]: BLOCKED (geofence): violation at t=0.00s, min_dist=0.403m
[WARN] [1784377837.651843097] [cmd_vel_guard]: BLOCKED (geofence): violation at t=0.00s, min_dist=0.403m
[WARN] [1784377837.703428265] [cmd_vel_guard]: BLOCKED (geofence): violation at t=0.00s, min_dist=0.403m
[INFO] [1784377837.753995381] [cmd_vel_guard]: Navigation completed
[WARN] [1784377837.755234601] [cmd_vel_guard]: BLOCKED (geofence): violation at t=0.00s, min_dist=0.403m
[WARN] [1784377837.806534741] [cmd_vel_guard]: BLOCKED (geofence): violation at t=0.00s, min_dist=0.403m
[WARN] [1784377837.857882130] [cmd_vel_guard]: BLOCKED (geofence): violation at t=0.00s, min_dist=0.403m
[WARN] [1784377837.909282089] [cmd_vel_guard]: BLOCKED (geofence): violation at t=0.00s, min_dist=0.403m
[WARN] [1784377837.960584833] [cmd_vel_guard]: BLOCKED (geofence): violation at t=0.00s, min_dist=0.403m
[WARN] [1784377838.012088137] [cmd_vel_guard]: BLOCKED (geofence): violation at t=0.00s, min_dist=0.403m
[WARN] [1784377838.063169905] [cmd_vel_guard]: BLOCKED (geofence): violation at t=0.00s, min_dist=0.403m
[WARN] [1784377838.114839983] [cmd_vel_guard]: BLOCKED (geofence): violation at t=0.00s, min_dist=0.403m
[WARN] [1784377838.165675145] [cmd_vel_guard]: BLOCKED (geofence): violation at t=0.00s, min_dist=0.403m
[WARN] [1784377838.216645613] [cmd_vel_guard]: BLOCKED (geofence): violation at t=0.00s, min_dist=0.403m
[WARN] [1784377838.267672287] [cmd_vel_guard]: BLOCKED (geofence): violation at t=0.00s, min_dist=0.403m
[WARN] [1784377838.318626784] [cmd_vel_guard]: BLOCKED (geofence): violation at t=0.00s, min_dist=0.403m
[WARN] [1784377838.369556264] [cmd_vel_guard]: BLOCKED (geofence): violation at t=0.00s, min_dist=0.403m
[WARN] [1784377838.420505912] [cmd_vel_guard]: BLOCKED (geofence): violation at t=0.00s, min_dist=0.403m
[WARN] [1784377838.471807455] [cmd_vel_guard]: BLOCKED (geofence): violation at t=0.00s, min_dist=0.403m
[WARN] [1784377838.523151728] [cmd_vel_guard]: BLOCKED (geofence): violation at t=0.00s, min_dist=0.403m
[INFO] [1784377840.343588790] [cmd_vel_guard]: [HEARTBEAT #47] cmds=3531, odom=yes, nav_approved=False, pos=(4.90,-1.08)
