{"t": 1784393264.4973474, "x": -4.269777617328028e-12, "y": -2.539012693816842e-13, "zone": null, "min_dist": 1.8027756377354065}
{"t": 1784393264.6577024, "x": -4.269777617328028e-12, "y": -2.539012693816842e-13, "zone": null, "min_dist": 1.8027756377354065}
{"t": 1784393264.818269, "x": -4.269777617328028e-12, "y": -2.539012693816842e-13, "zone": null, "min_dist": 1.8027756377354065}
{"t": 1784393264.9948447, "x": -4.269777617328028e-12, "y": -2.539012693816842e-13, "zone": null, "min_dist": 1.8027756377354065}
{"t": 1784393265.1723337, "x": -4.269777617328028e-12, "y": -2.539012693816842e-13, "zone": null, "min_dist": 1.8027756377354065}
{"t": 1784393265.3475323, "x": -4.269777617328028e-12, "y": -2.539012693816842e-13, "zone": null, "min_dist": 1.8027756377354065}
{"t": 1784393265.523675, "x": -4.269777617328028e-12, "y": -2.539012693816842e-13, "zone": null, "min_dist": 1.8027756377354065}
{"t": 1784393265.6758354, "x": -4.269777617328028e-12, "y": -2.539012693816842e-13, "zone": null, "min_dist": 1.8027756377354065}
{"t": 1784393265.828148, "x": -4.269777617328028e-12, "y": -2.539012693816842e-13, "zone": null, "min_dist": 1.8027756377354065}
{"t": 1784393265.9803855, "x": -4.269777617328028e-12, "y": -2.539012693816842e-13, "zone": null, "min_dist": 1.8027756377354065}
{"t": 1784393266.1406388, "x": 0.00019187435939801208, "y": -1.6226581703062257e-08, "zone": null, "min_dist": 1.8026159827551769}
{"t": 1784393266.2932496, "x": 0.013876604503121795, "y": -0.00014194551641770516, "zone": null, "min_dist": 1.7911669033785949}
{"t": 1784393266.4452941, "x": 0.04055417268536002, "y": -0.0007955663087387372, "zone": null, "min_dist": 1.7687259887202393}
{"t": 1784393266.6055346, "x": 0.07142827380066222, "y": -0.0019686858943877626, "zone": null, "min_dist": 1.7426656824622244}
{"t": 1784393266.765723, "x": 0.10470417635235209, "y": -0.003616714836746026, "zone": null, "min_dist": 1.7145349475707068}
{"t": 1784393266.9259834, "x": 0.1380100449356024, "y": -0.005279869284389479, "zone": null, "min_dist": 1.6865600422597475}
{"t": 1784393267.0862813, "x": 0.17072885576981736, "y": -0.006913708546253901, "zone": null, "min_dist": 1.6592715742627466}
{"t": 1784393267.2464123, "x": 0.20403481203759402, "y": -0.008531869554073744, "zone": null, "min_dist": 1.631727557559893}
{"t": 1784393267.3986394, "x": 0.2356812604538728, "y": -0.00996228133857844, "zone": null, "min_dist": 1.6058258185556178}
{"t": 1784393267.5509827, "x": 0.26683277879109607, "y": -0.01114749569990853, "zone": null, "min_dist": 1.5806741190785192}
{"t": 1784393267.704025, "x": 0.299111387716821, "y": -0.012129293610720097, "zone": null, "min_dist": 1.5549990326857037}
{"t": 1784393267.8556283, "x": 0.3314876539680304, "y": -0.012877811315608985, "zone": null, "min_dist": 1.5296507177202905}
{"t": 1784393268.0081873, "x": 0.36278465541726573, "y": -0.013257678268293752, "zone": null, "min_dist": 1.5056291540252882}
{"t": 1784393268.1603692, "x": 0.3954688405269483, "y": -0.012978425429391352, "zone": null, "min_dist": 1.4812834539394302}
{"t": 1784393268.320648, "x": 0.4280660120503878, "y": -0.012176426836180514, "zone": null, "min_dist": 1.4576823680828739}
{"t": 1784393268.4806502, "x": 0.4614916242181235, "y": -0.011316317108188227, "zone": null, "min_dist": 1.4338741476802028}
{"t": 1784393268.6332378, "x": 0.4931611411484585, "y": -0.010501395458247584, "zone": null, "min_dist": 1.4116770084135923}
{"t": 1784393268.7851176, "x": 0.5248306580798382, "y": -0.009686473855774569, "zone": null, "min_dist": 1.3898475187894572}
{"t": 1784393268.9452987, "x": 0.5581669916934872, "y": -0.008828661665246436, "zone": null, "min_dist": 1.3672856458955467}
{"t": 1784393269.0973048, "x": 0.5898365086271996, "y": -0.008013740093578949, "zone": null, "min_dist": 1.3462668089465235}
{"t": 1784393269.2498033, "x": 0.6215060255611925, "y": -0.00719881852581889, "zone": null, "min_dist": 1.3256718481818275}
{"t": 1784393269.4023716, "x": 0.653175542495293, "y": -0.006383896959757284, "zone": null, "min_dist": 1.305520824057977}
{"t": 1784393269.554316, "x": 0.6848450594294315, "y": -0.0055689753944312284, "zone": null, "min_dist": 1.2858346082738201}
{"t": 1784393269.7066028, "x": 0.7165145763635871, "y": -0.004754053829422924, "zone": null, "min_dist": 1.2666348733631554}
{"t": 1784393269.8587134, "x": 0.7481874314580437, "y": -0.003991505566698493, "zone": null, "min_dist": 1.2479002601173483}
{"t": 1784393270.0113316, "x": 0.779897472011631, "y": -0.003425175748294884, "zone": null, "min_dist": 1.2295157710039983}
{"t": 1784393270.1717122, "x": 0.8128428087739931, "y": -0.0031005067221392285, "zone": null, "min_dist": 1.2107822286238226}
{"t": 1784393270.3241856, "x": 0.8456724557851901, "y": -0.0033934526798490754, "zone": null, "min_dist": 1.1922118709690726}
{"t": 1784393270.4851882, "x": 0.8790114725377186, "y": -0.004430022833595391, "zone": null, "min_dist": 1.1733653866868956}
{"t": 1784393270.6448429, "x": 0.9117395583982333, "y": -0.005901528422716207, "zone": null, "min_dist": 1.1551113012804426}
{"t": 1784393270.8054886, "x": 0.945052641673179, "y": -0.007413301564208919, "zone": null, "min_dist": 1.1371872864333215}
{"t": 1784393270.9654117, "x": 0.9783657250047805, "y": -0.008925074599155296, "zone": null, "min_dist": 1.1199695641436327}
{"t": 1784393271.1176493, "x": 1.0100131541891793, "y": -0.010361258939042932, "zone": null, "min_dist": 1.1042970374298544}
{"t": 1784393271.2703438, "x": 1.041660583380359, "y": -0.01179744326043064, "zone": null, "min_dist": 1.0893205744746837}
{"t": 1784393271.446272, "x": 1.0783049750782263, "y": -0.01346039351744868, "zone": null, "min_dist": 1.0728872677045445}
{"t": 1784393271.6066365, "x": 1.1116180584407573, "y": -0.014972166474570898, "zone": null, "min_dist": 1.058829714991569}
{"t": 1784393271.758296, "x": 1.1432654876353887, "y": -0.016408350782475156, "zone": null, "min_dist": 1.046284877422238}
{"t": 1784393271.9186893, "x": 1.1765785709982388, "y": -0.017920123737561945, "zone": null, "min_dist": 1.0339643630692437}
{"t": 1784393272.0708005, "x": 1.208226000192973, "y": -0.019356308044651705, "zone": null, "min_dist": 1.023129570257456}
{"t": 1784393272.2235053, "x": 1.2404892165947394, "y": -0.0208204371406837, "zone": null, "min_dist": 1.0129849273434297}
{"t": 1784393272.3834503, "x": 1.2746064798622727, "y": -0.02236870427099658, "zone": null, "min_dist": 1.0032772245540345}
{"t": 1784393272.5357835, "x": 1.3064323418238937, "y": -0.023812985931292868, "zone": null, "min_dist": 0.9951932097478158}
{"t": 1784393272.687934, "x": 1.3389159179995098, "y": -0.02528711509355481, "zone": null, "min_dist": 0.9879338487351194}
{"t": 1784393272.8484466, "x": 1.3725099304684623, "y": -0.026811636785087554, "zone": null, "min_dist": 0.9815035955747062}
{"t": 1784393273.0087447, "x": 1.4058163739402154, "y": -0.028323108383055483, "zone": null, "min_dist": 0.9762307806661992}
{"t": 1784393273.168869, "x": 1.4389477046201757, "y": -0.029826633295412793, "zone": null, "min_dist": 0.9720924566285136}
{"t": 1784393273.3214436, "x": 1.4705951338310863, "y": -0.03126281760306179, "zone": null, "min_dist": 0.9691833545376078}
{"t": 1784393273.4814668, "x": 1.503908217199084, "y": -0.03277459055794183, "zone": null, "min_dist": 0.9672254094420581}
{"t": 1784393273.6337597, "x": 1.5355556463952686, "y": -0.034210774864923556, "zone": null, "min_dist": 0.9657892251350765}
{"t": 1784393273.794848, "x": 1.5688687297586164, "y": -0.03572254781959373, "zone": null, "min_dist": 0.9642774521804063}
{"t": 1784393273.9552188, "x": 1.60218181312164, "y": -0.037234320774249846, "zone": null, "min_dist": 0.9627656792257502}
{"t": 1784393274.13161, "x": 1.639443258546341, "y": -0.038840011780691366, "zone": null, "min_dist": 0.9611599882193086}
{"t": 1784393274.2915637, "x": 1.6722714506371459, "y": -0.04005138131962035, "zone": null, "min_dist": 0.9599486186803796}
{"t": 1784393274.4519699, "x": 1.705130601541323, "y": -0.04124676454838608, "zone": null, "min_dist": 0.958753235451614}
{"t": 1784393274.6121788, "x": 1.7389507107877307, "y": -0.042477106391092, "zone": null, "min_dist": 0.957522893608908}
{"t": 1784393274.7887259, "x": 1.7763171507688422, "y": -0.04383646018466488, "zone": null, "min_dist": 0.9561635398153351}
{"t": 1784393274.9486458, "x": 1.8088060205475107, "y": -0.04501837305877422, "zone": null, "min_dist": 0.9549816269412258}
{"t": 1784393275.1083777, "x": 1.843060368784011, "y": -0.04626451203366582, "zone": null, "min_dist": 0.9537354879663342}
{"t": 1784393275.2604847, "x": 1.8739821850889715, "y": -0.047389417073869816, "zone": null, "min_dist": 0.9526105829261302}
{"t": 1784393275.4129424, "x": 1.9059156324204696, "y": -0.04855112406556922, "zone": null, "min_dist": 0.9514488759344308}
{"t": 1784393275.5652964, "x": 1.9375746900516662, "y": -0.04970284909273174, "zone": null, "min_dist": 0.9502971509072683}
{"t": 1784393275.7177696, "x": 1.969233747675942, "y": -0.050854574119710345, "zone": null, "min_dist": 0.9491454258802896}
{"t": 1784393275.8702617, "x": 2.0008928052980877, "y": -0.052006299146641004, "zone": null, "min_dist": 0.947993700853359}
{"t": 1784393276.0225756, "x": 2.0331678763535477, "y": -0.05318043402879909, "zone": null, "min_dist": 0.9468195659712009}
{"t": 1784393276.1990018, "x": 2.0704450673116632, "y": -0.05453654107156348, "zone": null, "min_dist": 0.9454634589284365}
{"t": 1784393276.3751266, "x": 2.106911140572693, "y": -0.05586314053534975, "zone": null, "min_dist": 0.9441368594646502}
{"t": 1784393276.5277145, "x": 2.138851230368863, "y": -0.05702508919703075, "zone": null, "min_dist": 0.9429749108029692}
{"t": 1784393276.6798599, "x": 2.170417717634069, "y": -0.05817344661342794, "zone": null, "min_dist": 0.9418265533865721}
{"t": 1784393276.832303, "x": 2.2018883133869194, "y": -0.05931831559927015, "zone": null, "min_dist": 0.9406816844007299}
{"t": 1784393276.9846945, "x": 2.2338570158179087, "y": -0.060481305155330935, "zone": null, "min_dist": 0.9395186948446691}
{"t": 1784393277.1443799, "x": 2.266907949971099, "y": -0.06168366531902848, "zone": null, "min_dist": 0.9383163346809715}
{"t": 1784393277.2967465, "x": 2.30013753197479, "y": -0.06302631281211636, "zone": null, "min_dist": 0.9369736871878837}
{"t": 1784393277.4491346, "x": 2.3318569969865885, "y": -0.06493268111920937, "zone": null, "min_dist": 0.9350673188807906}
{"t": 1784393277.609331, "x": 2.358329415645601, "y": -0.06718702029494046, "zone": null, "min_dist": 0.9328129797050595}
{"t": 1784393277.761983, "x": 2.3716157881836137, "y": -0.06879363007612835, "zone": null, "min_dist": 0.9312063699238716}
{"t": 1784393277.9137971, "x": 2.3740914411969216, "y": -0.0691131577196304, "zone": null, "min_dist": 0.9308868422803696}
{"t": 1784393278.066361, "x": 2.3747260702289474, "y": -0.06919506805216837, "zone": null, "min_dist": 0.9308049319478316}
{"t": 1784393278.2186058, "x": 2.3829457636183635, "y": -0.07025596759184224, "zone": null, "min_dist": 0.9297440324081577}
{"t": 1784393278.3706422, "x": 2.3952272452123498, "y": -0.07184005036450689, "zone": null, "min_dist": 0.9281599496354931}
{"t": 1784393278.5233808, "x": 2.4152950368742836, "y": -0.0742944848175806, "zone": null, "min_dist": 0.9257055151824194}
{"t": 1784393278.6754208, "x": 2.4405105557420477, "y": -0.07709738642304902, "zone": null, "min_dist": 0.922902613576951}
{"t": 1784393278.827703, "x": 2.4713549685830856, "y": -0.08021660905778677, "zone": null, "min_dist": 0.9197833909422133}
{"t": 1784393278.979425, "x": 2.5018339341783835, "y": -0.08292099007490114, "zone": null, "min_dist": 0.9170790099250988}
{"t": 1784393279.139648, "x": 2.5326683093155027, "y": -0.08509554440457123, "zone": null, "min_dist": 0.9149044555954288}
{"t": 1784393279.292105, "x": 2.5643011101832647, "y": -0.08690556751936902, "zone": null, "min_dist": 0.9130944324806309}
{"t": 1784393279.444841, "x": 2.5947624241008476, "y": -0.08818902859561645, "zone": null, "min_dist": 0.9118109714043836}
{"t": 1784393279.6046908, "x": 2.627708491782549, "y": -0.08911925854646327, "zone": null, "min_dist": 0.9108807414535367}
{"t": 1784393279.765061, "x": 2.660946618259647, "y": -0.08993316116128476, "zone": null, "min_dist": 0.9100668388387152}
{"t": 1784393279.9172988, "x": 2.6935354382267063, "y": -0.09078951539741477, "zone": null, "min_dist": 0.9092104846025852}
{"t": 1784393280.0695643, "x": 2.725658651148081, "y": -0.09219061972506266, "zone": null, "min_dist": 0.9078093802749373}
{"t": 1784393280.2218933, "x": 2.7572448604380995, "y": -0.09468389029430445, "zone": null, "min_dist": 0.9053161097056955}
{"t": 1784393280.38204, "x": 2.7907864838222856, "y": -0.09944027410369802, "zone": null, "min_dist": 0.900559725896302}
{"t": 1784393280.5346258, "x": 2.822621222449641, "y": -0.10589290275920761, "zone": null, "min_dist": 0.8941070972407924}
{"t": 1784393280.687357, "x": 2.8538420849252195, "y": -0.11417518194480748, "zone": null, "min_dist": 0.8858248180551925}
{"t": 1784393280.8475904, "x": 2.886110495085808, "y": -0.12478254553525821, "zone": null, "min_dist": 0.8752174544647418}
{"t": 1784393280.999627, "x": 2.916090878020694, "y": -0.13680118489929194, "zone": null, "min_dist": 0.8631988151007081}
{"t": 1784393281.1518793, "x": 2.944164763062836, "y": -0.1501726988223748, "zone": null, "min_dist": 0.8498273011776252}
{"t": 1784393281.3043084, "x": 2.9733680244022094, "y": -0.1664112220325836, "zone": null, "min_dist": 0.8335887779674164}
{"t": 1784393281.4644027, "x": 3.0025926126380904, "y": -0.1851367281964772, "zone": null, "min_dist": 0.8148632718035228}
{"t": 1784393281.6165082, "x": 3.0296465223528424, "y": -0.20395060474456045, "zone": null, "min_dist": 0.7960493952554395}
{"t": 1784393281.7689118, "x": 3.0558437867333437, "y": -0.22290112885407484, "zone": null, "min_dist": 0.7770988711459251}
{"t": 1784393281.921064, "x": 3.0811455613664873, "y": -0.24198231506681428, "zone": null, "min_dist": 0.7580176849331857}
{"t": 1784393282.0734248, "x": 3.1075198656116383, "y": -0.26255229861015206, "zone": null, "min_dist": 0.7374477013898479}
{"t": 1784393282.2257378, "x": 3.1331327798918887, "y": -0.2833297365123419, "zone": null, "min_dist": 0.716670263487658}
{"t": 1784393282.3775117, "x": 3.1572646655339462, "y": -0.3038638863617371, "zone": null, "min_dist": 0.6961361136382629}
{"t": 1784393282.5384119, "x": 3.1813973674624787, "y": -0.32688220020567166, "zone": null, "min_dist": 0.6731177997943283}
{"t": 1784393282.698858, "x": 3.204417199030568, "y": -0.35194586872844325, "zone": null, "min_dist": 0.6480541312715568}
{"t": 1784393282.8589435, "x": 3.225556506711469, "y": -0.37797983651744105, "zone": null, "min_dist": 0.622020163482559}
{"t": 1784393283.0353417, "x": 3.2470344081201143, "y": -0.4082852145718717, "zone": null, "min_dist": 0.5917147854281283}
{"t": 1784393283.211618, "x": 3.2666636248662133, "y": -0.44011716664744743, "zone": null, "min_dist": 0.5598828333525525}
{"t": 1784393283.371353, "x": 3.2831963467160317, "y": -0.4690853969269191, "zone": null, "min_dist": 0.5309146030730809}
{"t": 1784393283.532118, "x": 3.2994795986531296, "y": -0.49818504632572913, "zone": null, "min_dist": 0.5018149536742709}
{"t": 1784393283.6923897, "x": 3.3169172540456597, "y": -0.5283956837236568, "zone": null, "min_dist": 0.47160431627634325}
{"t": 1784393283.8685887, "x": 3.337052381198569, "y": -0.5614568261958142, "zone": null, "min_dist": 0.43854317380418584}
{"t": 1784393284.020929, "x": 3.354824915549474, "y": -0.5891844964513265, "zone": null, "min_dist": 0.41081550354867347}
{"t": 1784393284.1729774, "x": 3.3733889478653007, "y": -0.6169538328507348, "zone": null, "min_dist": 0.3830461671492652}
{"t": 1784393284.3336148, "x": 3.391674990640925, "y": -0.6440923570452739, "zone": null, "min_dist": 0.3559076429547261}
{"t": 1784393284.4857354, "x": 3.4097256776665015, "y": -0.6708815870634999, "zone": null, "min_dist": 0.3291184129365001}
{"t": 1784393284.6381967, "x": 3.427224363230983, "y": -0.697332230048865, "zone": null, "min_dist": 0.302667769951135}
{"t": 1784393284.7901537, "x": 3.443533768185184, "y": -0.7244954573605198, "zone": null, "min_dist": 0.2755045426394802}
{"t": 1784393284.9425719, "x": 3.4581277022620918, "y": -0.7526177298084173, "zone": null, "min_dist": 0.24738227019158265}
{"t": 1784393285.094773, "x": 3.4710331799899206, "y": -0.781553660321512, "zone": null, "min_dist": 0.21844633967848803}
{"t": 1784393285.2471473, "x": 3.4822143652207327, "y": -0.8111996199968874, "zone": null, "min_dist": 0.1888003800031126}
{"t": 1784393285.4074872, "x": 3.4924441728268634, "y": -0.8442402979602892, "zone": null, "min_dist": 0.1557597020397108}
{"t": 1784393285.568146, "x": 3.500980336472367, "y": -0.8768566590625545, "zone": null, "min_dist": 0.1231433409374455}
{"t": 1784393285.7277176, "x": 3.5090722508424674, "y": -0.910609555330375, "zone": null, "min_dist": 0.08939044466962498}
{"t": 1784393285.880016, "x": 3.516696589187913, "y": -0.9419858136200685, "zone": null, "min_dist": 0.0580141863799315}
{"t": 1784393286.032626, "x": 3.524926080124881, "y": -0.9736202087898654, "zone": null, "min_dist": 0.026379791210134562}
{"t": 1784393286.1845207, "x": 3.53363807451847, "y": -1.0048072229444673, "zone": "wh_forbidden_zone", "min_dist": 0.0}
{"t": 1784393286.3445866, "x": 3.5433494462890605, "y": -1.0373487143690499, "zone": "wh_forbidden_zone", "min_dist": 0.0}
{"t": 1784393286.4969487, "x": 3.5530246694312395, "y": -1.0690321420266167, "zone": "wh_forbidden_zone", "min_dist": 0.0}
{"t": 1784393286.657178, "x": 3.5633443816984713, "y": -1.1017111393463856, "zone": "wh_forbidden_zone", "min_dist": 0.0}
{"t": 1784393286.817609, "x": 3.573043200357541, "y": -1.1324205365130415, "zone": "wh_forbidden_zone", "min_dist": 0.0}
{"t": 1784393286.9703667, "x": 3.5821522658173315, "y": -1.162769498179796, "zone": "wh_forbidden_zone", "min_dist": 0.0}
{"t": 1784393287.1303167, "x": 3.590060516595533, "y": -1.1951683625878813, "zone": "wh_forbidden_zone", "min_dist": 0.0}
{"t": 1784393287.2826624, "x": 3.5955738726704185, "y": -1.2263682458917902, "zone": "wh_forbidden_zone", "min_dist": 0.0}
{"t": 1784393287.4351892, "x": 3.5991987134980987, "y": -1.2578444297320557, "zone": "wh_forbidden_zone", "min_dist": 0.0}
{"t": 1784393287.5872066, "x": 3.600959805015354, "y": -1.2900969824296393, "zone": "wh_forbidden_zone", "min_dist": 0.0}
{"t": 1784393287.7478983, "x": 3.6007770263313863, "y": -1.3246236069790074, "zone": "wh_forbidden_zone", "min_dist": 0.0}
{"t": 1784393287.9002364, "x": 3.599029526114728, "y": -1.3568774122220837, "zone": "wh_forbidden_zone", "min_dist": 0.0}
{"t": 1784393288.0523417, "x": 3.5956999147797037, "y": -1.3890363398632457, "zone": "wh_forbidden_zone", "min_dist": 0.0}
{"t": 1784393288.2044628, "x": 3.590670867110637, "y": -1.4214170565190674, "zone": "wh_forbidden_zone", "min_dist": 0.0}
{"t": 1784393288.3645074, "x": 3.5845013952708658, "y": -1.4542871795126913, "zone": "wh_forbidden_zone", "min_dist": 0.0}
{"t": 1784393288.5247502, "x": 3.577846030173069, "y": -1.487689452701215, "zone": "wh_forbidden_zone", "min_dist": 0.0}
{"t": 1784393288.68498, "x": 3.5715687861179424, "y": -1.5215588453622195, "zone": "wh_forbidden_zone", "min_dist": 0.0}
{"t": 1784393288.8375604, "x": 3.566928427797234, "y": -1.5530762860740985, "zone": "wh_forbidden_zone", "min_dist": 0.0}
{"t": 1784393288.9895341, "x": 3.5645059526177536, "y": -1.5851055295861713, "zone": "wh_forbidden_zone", "min_dist": 0.0}
{"t": 1784393289.1423056, "x": 3.5653031041980956, "y": -1.6157570550184772, "zone": "wh_forbidden_zone", "min_dist": 0.0}
{"t": 1784393289.3026772, "x": 3.569419788195544, "y": -1.649561791525278, "zone": "wh_forbidden_zone", "min_dist": 0.0}
{"t": 1784393289.4545703, "x": 3.57562052810272, "y": -1.6816558658794252, "zone": "wh_forbidden_zone", "min_dist": 0.0}
{"t": 1784393289.6153402, "x": 3.5839543246571184, "y": -1.7143125078634651, "zone": "wh_forbidden_zone", "min_dist": 0.0}
{"t": 1784393289.7752397, "x": 3.590717621375344, "y": -1.7381211476719045, "zone": "wh_forbidden_zone", "min_dist": 0.0}
{"t": 1784393289.9274335, "x": 3.5907353284248917, "y": -1.7381882574855207, "zone": "wh_forbidden_zone", "min_dist": 0.0}
{"t": 1784393290.0876436, "x": 3.5907300251227254, "y": -1.7383170413691653, "zone": "wh_forbidden_zone", "min_dist": 0.0}
{"t": 1784393290.2397091, "x": 3.590714234876795, "y": -1.7384355553905662, "zone": "wh_forbidden_zone", "min_dist": 0.0}
{"t": 1784393290.3997488, "x": 3.590612615262174, "y": -1.738465526069293, "zone": "wh_forbidden_zone", "min_dist": 0.0}
{"t": 1784393290.5603406, "x": 3.5915761541225115, "y": -1.7407271443642276, "zone": "wh_forbidden_zone", "min_dist": 0.0}
{"t": 1784393290.7126517, "x": 3.5972068399788846, "y": -1.753100019860287, "zone": "wh_forbidden_zone", "min_dist": 0.0}
{"t": 1784393290.872614, "x": 3.6080511659126056, "y": -1.7749756520793905, "zone": "wh_forbidden_zone", "min_dist": 0.0}
{"t": 1784393291.0329165, "x": 3.6167491174119157, "y": -1.789248320488805, "zone": "wh_forbidden_zone", "min_dist": 0.0}
{"t": 1784393291.185172, "x": 3.6265367182471384, "y": -1.8014273368135618, "zone": "wh_forbidden_zone", "min_dist": 0.0}
{"t": 1784393291.337758, "x": 3.6336576716978968, "y": -1.8103002492143763, "zone": "wh_forbidden_zone", "min_dist": 0.0}
{"t": 1784393291.4901583, "x": 3.63355940980045, "y": -1.8101803048865752, "zone": "wh_forbidden_zone", "min_dist": 0.0}
{"t": 1784393291.6502213, "x": 3.626800626937001, "y": -1.80239525457233, "zone": "wh_forbidden_zone", "min_dist": 0.0}
{"t": 1784393291.8114724, "x": 3.6247532507863425, "y": -1.8005811731337142, "zone": "wh_forbidden_zone", "min_dist": 0.0}
{"t": 1784393291.970875, "x": 3.633049363922702, "y": -1.8110717780826435, "zone": "wh_forbidden_zone", "min_dist": 0.0}
{"t": 1784393292.131393, "x": 3.632952376940961, "y": -1.810953684372105, "zone": "wh_forbidden_zone", "min_dist": 0.0}
{"t": 1784393292.2915485, "x": 3.6328804388872094, "y": -1.8108660596313153, "zone": "wh_forbidden_zone", "min_dist": 0.0}
{"t": 1784393292.443889, "x": 3.6321009638386945, "y": -1.8097796978473017, "zone": "wh_forbidden_zone", "min_dist": 0.0}
{"t": 1784393292.604136, "x": 3.6311731947776216, "y": -1.8085111566277525, "zone": "wh_forbidden_zone", "min_dist": 0.0}
{"t": 1784393292.7564964, "x": 3.630369301500147, "y": -1.8074446827245925, "zone": "wh_forbidden_zone", "min_dist": 0.0}
{"t": 1784393292.9167504, "x": 3.6295915203752864, "y": -1.8064376349132183, "zone": "wh_forbidden_zone", "min_dist": 0.0}
{"t": 1784393293.0769415, "x": 3.628866056624456, "y": -1.8055233439256138, "zone": "wh_forbidden_zone", "min_dist": 0.0}
{"t": 1784393293.2287664, "x": 3.6282119424186203, "y": -1.8047226118863455, "zone": "wh_forbidden_zone", "min_dist": 0.0}
{"t": 1784393293.3814604, "x": 3.627584388606077, "y": -1.8039759169899454, "zone": "wh_forbidden_zone", "min_dist": 0.0}
{"t": 1784393293.5335853, "x": 3.6269784753238237, "y": -1.803274146427247, "zone": "wh_forbidden_zone", "min_dist": 0.0}
{"t": 1784393293.6857843, "x": 3.6263906042492087, "y": -1.8026098828382657, "zone": "wh_forbidden_zone", "min_dist": 0.0}
{"t": 1784393293.8384411, "x": 3.6258179360582807, "y": -1.8019769368970506, "zone": "wh_forbidden_zone", "min_dist": 0.0}
{"t": 1784393293.9904714, "x": 3.6252581224097, "y": -1.8013700963381525, "zone": "wh_forbidden_zone", "min_dist": 0.0}
{"t": 1784393294.142958, "x": 3.6247091728048635, "y": -1.8007849653674803, "zone": "wh_forbidden_zone", "min_dist": 0.0}
{"t": 1784393294.302942, "x": 3.6285400389488913, "y": -1.8051444700076806, "zone": "wh_forbidden_zone", "min_dist": 0.0}
{"t": 1784393294.4638393, "x": 3.6335356200573923, "y": -1.810878063572577, "zone": "wh_forbidden_zone", "min_dist": 0.0}
{"t": 1784393294.6160688, "x": 3.6334398290959267, "y": -1.810761393392669, "zone": "wh_forbidden_zone", "min_dist": 0.0}
{"t": 1784393294.7755897, "x": 3.63332063645025, "y": -1.8106161739103863, "zone": "wh_forbidden_zone", "min_dist": 0.0}
{"t": 1784393294.9360151, "x": 3.6332272881106547, "y": -1.8105025037268663, "zone": "wh_forbidden_zone", "min_dist": 0.0}
{"t": 1784393295.0880277, "x": 3.627984290801798, "y": -1.8043992676865972, "zone": "wh_forbidden_zone", "min_dist": 0.0}
{"t": 1784393295.24035, "x": 3.62956846173218, "y": -1.8058630841936258, "zone": "wh_forbidden_zone", "min_dist": 0.0}
{"t": 1784393295.3924816, "x": 3.6305721785577063, "y": -1.8067616302449572, "zone": "wh_forbidden_zone", "min_dist": 0.0}
{"t": 1784393295.5447927, "x": 3.6307085813475717, "y": -1.8068733114356108, "zone": "wh_forbidden_zone", "min_dist": 0.0}
{"t": 1784393295.6971583, "x": 3.6305953631068, "y": -1.8067876159941323, "zone": "wh_forbidden_zone", "min_dist": 0.0}
{"t": 1784393295.8495977, "x": 3.630507417045528, "y": -1.8067210907111422, "zone": "wh_forbidden_zone", "min_dist": 0.0}
{"t": 1784393296.0099647, "x": 3.6304314323520157, "y": -1.8066635814594003, "zone": "wh_forbidden_zone", "min_dist": 0.0}
{"t": 1784393296.1703534, "x": 3.6303693687196867, "y": -1.8066165816292912, "zone": "wh_forbidden_zone", "min_dist": 0.0}
{"t": 1784393296.322642, "x": 3.630320996139964, "y": -1.8065799300853695, "zone": "wh_forbidden_zone", "min_dist": 0.0}
{"t": 1784393296.4747894, "x": 3.630281103351336, "y": -1.8065496882850518, "zone": "wh_forbidden_zone", "min_dist": 0.0}
{"t": 1784393296.626986, "x": 3.6302482341983797, "y": -1.80652475871366, "zone": "wh_forbidden_zone", "min_dist": 0.0}
{"t": 1784393296.779913, "x": 3.630221138121928, "y": -1.8065041979575533, "zone": "wh_forbidden_zone", "min_dist": 0.0}
{"t": 1784393296.9317627, "x": 3.630198779847792, "y": -1.8064872244878512, "zone": "wh_forbidden_zone", "min_dist": 0.0}
{"t": 1784393297.0919847, "x": 3.63017951744858, "y": -1.806472594609373, "zone": "wh_forbidden_zone", "min_dist": 0.0}
{"t": 1784393297.2523558, "x": 3.6301637999844965, "y": -1.8064606517255362, "zone": "wh_forbidden_zone", "min_dist": 0.0}
{"t": 1784393297.4043014, "x": 3.6301515995007465, "y": -1.8064513772481245, "zone": "wh_forbidden_zone", "min_dist": 0.0}
{"t": 1784393297.5644991, "x": 3.6301410758946826, "y": -1.8064433741916663, "zone": "wh_forbidden_zone", "min_dist": 0.0}
{"t": 1784393297.7249582, "x": 3.6301324653973226, "y": -1.806436823351642, "zone": "wh_forbidden_zone", "min_dist": 0.0}
{"t": 1784393297.8770669, "x": 3.630125813186546, "y": -1.8064317604123348, "zone": "wh_forbidden_zone", "min_dist": 0.0}
{"t": 1784393298.0295706, "x": 3.6301203407301963, "y": -1.8064275938585028, "zone": "wh_forbidden_zone", "min_dist": 0.0}
{"t": 1784393298.181694, "x": 3.6301158829675173, "y": -1.8064241986698988, "zone": "wh_forbidden_zone", "min_dist": 0.0}
{"t": 1784393298.333767, "x": 3.6301122093894547, "y": -1.8064213997907022, "zone": "wh_forbidden_zone", "min_dist": 0.0}
{"t": 1784393298.4864962, "x": 3.630109200340484, "y": -1.8064191064555193, "zone": "wh_forbidden_zone", "min_dist": 0.0}
{"t": 1784393298.6382794, "x": 3.6301067220859538, "y": -1.8064172170630184, "zone": "wh_forbidden_zone", "min_dist": 0.0}
{"t": 1784393298.790596, "x": 3.6301047185357684, "y": -1.8064156891095264, "zone": "wh_forbidden_zone", "min_dist": 0.0}
{"t": 1784393298.9507592, "x": 3.6301030232407494, "y": -1.8064143958477896, "zone": "wh_forbidden_zone", "min_dist": 0.0}
{"t": 1784393299.1029449, "x": 3.630101709937314, "y": -1.8064133936938178, "zone": "wh_forbidden_zone", "min_dist": 0.0}
{"t": 1784393299.2635448, "x": 3.6301005960783894, "y": -1.8064125434900218, "zone": "wh_forbidden_zone", "min_dist": 0.0}
{"t": 1784393299.415576, "x": 3.6300997816315683, "y": -1.80641192165547, "zone": "wh_forbidden_zone", "min_dist": 0.0}
{"t": 1784393299.5683289, "x": 3.630099096574035, "y": -1.806411398474858, "zone": "wh_forbidden_zone", "min_dist": 0.0}
{"t": 1784393299.7285376, "x": 3.630098523775887, "y": -1.8064109609173296, "zone": "wh_forbidden_zone", "min_dist": 0.0}
{"t": 1784393299.8885436, "x": 3.6300980694708795, "y": -1.8064106137867022, "zone": "wh_forbidden_zone", "min_dist": 0.0}
{"t": 1784393300.0487473, "x": 3.630097696403353, "y": -1.8064103286622302, "zone": "wh_forbidden_zone", "min_dist": 0.0}
{"t": 1784393300.2009065, "x": 3.6300974174737473, "y": -1.806410115438234, "zone": "wh_forbidden_zone", "min_dist": 0.0}
{"t": 1784393300.3531804, "x": 3.6300971810731077, "y": -1.8064099346879736, "zone": "wh_forbidden_zone", "min_dist": 0.0}
{"t": 1784393300.505581, "x": 3.6300970632503935, "y": -1.806409844587877, "zone": "wh_forbidden_zone", "min_dist": 0.0}
{"t": 1784393300.6661677, "x": 3.63009692690841, "y": -1.806409740304145, "zone": "wh_forbidden_zone", "min_dist": 0.0}
{"t": 1784393300.818318, "x": 3.6300968268987557, "y": -1.8064096637959195, "zone": "wh_forbidden_zone", "min_dist": 0.0}
{"t": 1784393300.9789815, "x": 3.63009674342268, "y": -1.8064095999260137, "zone": "wh_forbidden_zone", "min_dist": 0.0}
{"t": 1784393301.1388242, "x": 3.6300966957138896, "y": -1.8064095634222608, "zone": "wh_forbidden_zone", "min_dist": 0.0}
{"t": 1784393301.2914093, "x": 3.6300966440648215, "y": -1.8064095238931621, "zone": "wh_forbidden_zone", "min_dist": 0.0}
{"t": 1784393301.4433959, "x": 3.630096648529767, "y": -1.8064095273253744, "zone": "wh_forbidden_zone", "min_dist": 0.0}
{"t": 1784393301.6035912, "x": 3.630096651049681, "y": -1.806409529268255, "zone": "wh_forbidden_zone", "min_dist": 0.0}
{"t": 1784393301.7561562, "x": 3.6300966685947946, "y": -1.806409542720362, "zone": "wh_forbidden_zone", "min_dist": 0.0}
{"t": 1784393301.916452, "x": 3.630096671703825, "y": -1.8064095451146887, "zone": "wh_forbidden_zone", "min_dist": 0.0}
{"t": 1784393302.0765052, "x": 3.6300967095684897, "y": -1.806409574140228, "zone": "wh_forbidden_zone", "min_dist": 0.0}
{"t": 1784393302.2291718, "x": 3.6300967361762786, "y": -1.8064095945439431, "zone": "wh_forbidden_zone", "min_dist": 0.0}
{"t": 1784393302.3807807, "x": 3.6300967727659246, "y": -1.806409622600999, "zone": "wh_forbidden_zone", "min_dist": 0.0}
{"t": 1784393302.5333688, "x": 3.630096761342338, "y": -1.8064096138572043, "zone": "wh_forbidden_zone", "min_dist": 0.0}
{"t": 1784393302.69394, "x": 3.6300967867275773, "y": -1.8064096333320812, "zone": "wh_forbidden_zone", "min_dist": 0.0}
{"t": 1784393302.87068, "x": 3.6300968386338126, "y": -1.8064096731474606, "zone": "wh_forbidden_zone", "min_dist": 0.0}
{"t": 1784393303.0222633, "x": 3.630096855963268, "y": -1.806409686448521, "zone": "wh_forbidden_zone", "min_dist": 0.0}
{"t": 1784393303.174387, "x": 3.630096864878741, "y": -1.8064096932980163, "zone": "wh_forbidden_zone", "min_dist": 0.0}
{"t": 1784393303.327049, "x": 3.630096846146131, "y": -1.8064096789395545, "zone": "wh_forbidden_zone", "min_dist": 0.0}
{"t": 1784393303.4793348, "x": 3.6300968834678145, "y": -1.806409707583016, "zone": "wh_forbidden_zone", "min_dist": 0.0}
{"t": 1784393303.6396737, "x": 3.630096900296174, "y": -1.8064097205060556, "zone": "wh_forbidden_zone", "min_dist": 0.0}
{"t": 1784393303.7997873, "x": 3.6300969559468697, "y": -1.8064097632205354, "zone": "wh_forbidden_zone", "min_dist": 0.0}
{"t": 1784393303.9601202, "x": 3.630096977382288, "y": -1.8064097796826744, "zone": "wh_forbidden_zone", "min_dist": 0.0}
{"t": 1784393304.1123576, "x": 3.630097003821856, "y": -1.8064097999862128, "zone": "wh_forbidden_zone", "min_dist": 0.0}
{"t": 1784393304.2726052, "x": 3.630097018622371, "y": -1.8064098113571878, "zone": "wh_forbidden_zone", "min_dist": 0.0}
{"t": 1784393304.424698, "x": 3.6300970133363264, "y": -1.80640980731006, "zone": "wh_forbidden_zone", "min_dist": 0.0}
{"t": 1784393304.5858285, "x": 3.6300970023766603, "y": -1.8064097989064822, "zone": "wh_forbidden_zone", "min_dist": 0.0}
{"t": 1784393304.7375016, "x": 3.6300970440952907, "y": -1.8064098309489527, "zone": "wh_forbidden_zone", "min_dist": 0.0}
{"t": 1784393304.8897026, "x": 3.6300970694151946, "y": -1.8064098504015935, "zone": "wh_forbidden_zone", "min_dist": 0.0}
{"t": 1784393305.0418386, "x": 3.6300970574894724, "y": -1.8064098412523977, "zone": "wh_forbidden_zone", "min_dist": 0.0}
{"t": 1784393305.1940544, "x": 3.630097086128214, "y": -1.8064098632572514, "zone": "wh_forbidden_zone", "min_dist": 0.0}
{"t": 1784393305.3461874, "x": 3.630097105969738, "y": -1.8064098785059832, "zone": "wh_forbidden_zone", "min_dist": 0.0}
{"t": 1784393305.498749, "x": 3.6300971386702496, "y": -1.8064099036338626, "zone": "wh_forbidden_zone", "min_dist": 0.0}
{"t": 1784393305.6589499, "x": 3.63009713816669, "y": -1.8064099032576462, "zone": "wh_forbidden_zone", "min_dist": 0.0}
{"t": 1784393305.8359008, "x": 3.630097144330611, "y": -1.806409908004506, "zone": "wh_forbidden_zone", "min_dist": 0.0}
{"t": 1784393305.9953794, "x": 3.630097153240975, "y": -1.8064099148599895, "zone": "wh_forbidden_zone", "min_dist": 0.0}
{"t": 1784393306.1554189, "x": 3.630097173105935, "y": -1.8064099301331518, "zone": "wh_forbidden_zone", "min_dist": 0.0}
{"t": 1784393306.3154771, "x": 3.630097200791145, "y": -1.8064099514163, "zone": "wh_forbidden_zone", "min_dist": 0.0}
{"t": 1784393306.492044, "x": 3.6300972474256707, "y": -1.8064099872629595, "zone": "wh_forbidden_zone", "min_dist": 0.0}
{"t": 1784393306.6522708, "x": 3.6300972455641443, "y": -1.8064099858429816, "zone": "wh_forbidden_zone", "min_dist": 0.0}
{"t": 1784393306.8048937, "x": 3.6300972588062166, "y": -1.80640999602879, "zone": "wh_forbidden_zone", "min_dist": 0.0}
{"t": 1784393306.9570801, "x": 3.630097245251149, "y": -1.8064099856209266, "zone": "wh_forbidden_zone", "min_dist": 0.0}
{"t": 1784393307.1174214, "x": 3.630097237441688, "y": -1.8064099796291022, "zone": "wh_forbidden_zone", "min_dist": 0.0}
{"t": 1784393307.2698977, "x": 3.6300972440070374, "y": -1.806409984684361, "zone": "wh_forbidden_zone", "min_dist": 0.0}
{"t": 1784393307.4217536, "x": 3.6300972549032946, "y": -1.806409993070128, "zone": "wh_forbidden_zone", "min_dist": 0.0}
{"t": 1784393307.582262, "x": 3.630097235412995, "y": -1.8064099780973697, "zone": "wh_forbidden_zone", "min_dist": 0.0}
{"t": 1784393307.742561, "x": 3.630097230090669, "y": -1.8064099740157182, "zone": "wh_forbidden_zone", "min_dist": 0.0}
{"t": 1784393307.8953233, "x": 3.630097233006469, "y": -1.8064099762665942, "zone": "wh_forbidden_zone", "min_dist": 0.0}
{"t": 1784393308.0472355, "x": 3.6300972102372318, "y": -1.806409958770872, "zone": "wh_forbidden_zone", "min_dist": 0.0}
{"t": 1784393308.1995144, "x": 3.630097235171915, "y": -1.8064099779510365, "zone": "wh_forbidden_zone", "min_dist": 0.0}
{"t": 1784393308.3516736, "x": 3.630097217871421, "y": -1.8064099646576597, "zone": "wh_forbidden_zone", "min_dist": 0.0}
{"t": 1784393308.5121431, "x": 3.6300972005974965, "y": -1.8064099513854703, "zone": "wh_forbidden_zone", "min_dist": 0.0}
{"t": 1784393308.6725593, "x": 3.630097197431333, "y": -1.8064099489610694, "zone": "wh_forbidden_zone", "min_dist": 0.0}
{"t": 1784393308.8243597, "x": 3.6300971870218812, "y": -1.8064099409650767, "zone": "wh_forbidden_zone", "min_dist": 0.0}
{"t": 1784393308.9764016, "x": 3.630097198883952, "y": -1.8064099500959965, "zone": "wh_forbidden_zone", "min_dist": 0.0}
{"t": 1784393309.1284292, "x": 3.63009722630278, "y": -1.8064099711922947, "zone": "wh_forbidden_zone", "min_dist": 0.0}
{"t": 1784393309.2891834, "x": 3.6300972509546328, "y": -1.8064099901597577, "zone": "wh_forbidden_zone", "min_dist": 0.0}
{"t": 1784393309.4414442, "x": 3.6300972974138133, "y": -1.8064100259010267, "zone": "wh_forbidden_zone", "min_dist": 0.0}
{"t": 1784393309.5934381, "x": 3.6300972928345274, "y": -1.8064100223877442, "zone": "wh_forbidden_zone", "min_dist": 0.0}
{"t": 1784393309.7456474, "x": 3.6300973174061353, "y": -1.8064100412952064, "zone": "wh_forbidden_zone", "min_dist": 0.0}
{"t": 1784393309.9063225, "x": 3.6300973043404756, "y": -1.8064100312555322, "zone": "wh_forbidden_zone", "min_dist": 0.0}
{"t": 1784393310.0581985, "x": 3.630097264562885, "y": -1.806410000668869, "zone": "wh_forbidden_zone", "min_dist": 0.0}
{"t": 1784393310.21848, "x": 3.6300972482054097, "y": -1.8064099880957387, "zone": "wh_forbidden_zone", "min_dist": 0.0}
{"t": 1784393310.3708274, "x": 3.630097208015993, "y": -1.8064099571886127, "zone": "wh_forbidden_zone", "min_dist": 0.0}
{"t": 1784393310.5233068, "x": 3.630097148129318, "y": -1.8064099111308336, "zone": "wh_forbidden_zone", "min_dist": 0.0}
{"t": 1784393310.6754868, "x": 3.630097154633614, "y": -1.8064099161437033, "zone": "wh_forbidden_zone", "min_dist": 0.0}
{"t": 1784393310.8279738, "x": 3.630097188956713, "y": -1.80640994255721, "zone": "wh_forbidden_zone", "min_dist": 0.0}
{"t": 1784393310.9885995, "x": 3.630097190498217, "y": -1.8064099437525951, "zone": "wh_forbidden_zone", "min_dist": 0.0}
{"t": 1784393311.141019, "x": 3.6300972081000156, "y": -1.8064099573014496, "zone": "wh_forbidden_zone", "min_dist": 0.0}
{"t": 1784393311.3011062, "x": 3.630097244466358, "y": -1.8064099852887279, "zone": "wh_forbidden_zone", "min_dist": 0.0}
{"t": 1784393311.4613078, "x": 3.6300972132445715, "y": -1.806409961278541, "zone": "wh_forbidden_zone", "min_dist": 0.0}
{"t": 1784393311.6137192, "x": 3.630097237311804, "y": -1.8064099798042548, "zone": "wh_forbidden_zone", "min_dist": 0.0}
{"t": 1784393311.7658463, "x": 3.6300972363042887, "y": -1.8064099790360673, "zone": "wh_forbidden_zone", "min_dist": 0.0}
{"t": 1784393311.918143, "x": 3.630097246640643, "y": -1.80640998699793, "zone": "wh_forbidden_zone", "min_dist": 0.0}
{"t": 1784393312.0784853, "x": 3.630097224383469, "y": -1.8064099698818814, "zone": "wh_forbidden_zone", "min_dist": 0.0}
{"t": 1784393312.2304645, "x": 3.630097220064456, "y": -1.8064099665679798, "zone": "wh_forbidden_zone", "min_dist": 0.0}
{"t": 1784393312.3827307, "x": 3.6300972236828035, "y": -1.8064099693611262, "zone": "wh_forbidden_zone", "min_dist": 0.0}
{"t": 1784393312.5350778, "x": 3.6300972423418374, "y": -1.8064099837266292, "zone": "wh_forbidden_zone", "min_dist": 0.0}
{"t": 1784393312.6954367, "x": 3.6300972478570337, "y": -1.806409987978509, "zone": "wh_forbidden_zone", "min_dist": 0.0}
{"t": 1784393312.8561122, "x": 3.630097257976816, "y": -1.8064099957764568, "zone": "wh_forbidden_zone", "min_dist": 0.0}
{"t": 1784393313.0083866, "x": 3.6300972807659684, "y": -1.8064100133206922, "zone": "wh_forbidden_zone", "min_dist": 0.0}
{"t": 1784393313.1608822, "x": 3.6300973095114046, "y": -1.8064100354485197, "zone": "wh_forbidden_zone", "min_dist": 0.0}
{"t": 1784393313.3209715, "x": 3.630097313843464, "y": -1.806410038790119, "zone": "wh_forbidden_zone", "min_dist": 0.0}
{"t": 1784393313.48139, "x": 3.6300972925831982, "y": -1.8064100224388504, "zone": "wh_forbidden_zone", "min_dist": 0.0}
{"t": 1784393313.6413693, "x": 3.6300972770055537, "y": -1.8064100104607086, "zone": "wh_forbidden_zone", "min_dist": 0.0}
{"t": 1784393313.7937202, "x": 3.630097254195091, "y": -1.8064099929163193, "zone": "wh_forbidden_zone", "min_dist": 0.0}
{"t": 1784393313.9461398, "x": 3.630097249189209, "y": -1.806409989070377, "zone": "wh_forbidden_zone", "min_dist": 0.0}
{"t": 1784393314.098445, "x": 3.630097216191526, "y": -1.8064099636864281, "zone": "wh_forbidden_zone", "min_dist": 0.0}
{"t": 1784393314.2750006, "x": 3.6300972054852685, "y": -1.806409955457998, "zone": "wh_forbidden_zone", "min_dist": 0.0}
{"t": 1784393314.4268982, "x": 3.6300971927952914, "y": -1.8064099456991474, "zone": "wh_forbidden_zone", "min_dist": 0.0}
{"t": 1784393314.5791352, "x": 3.630097171650364, "y": -1.8064099294334133, "zone": "wh_forbidden_zone", "min_dist": 0.0}
{"t": 1784393314.731334, "x": 3.630097220991057, "y": -1.8064099674175962, "zone": "wh_forbidden_zone", "min_dist": 0.0}
{"t": 1784393314.8839154, "x": 3.6300972400746425, "y": -1.8064099821125406, "zone": "wh_forbidden_zone", "min_dist": 0.0}
{"t": 1784393315.0437799, "x": 3.630097265465954, "y": -1.8064100016621627, "zone": "wh_forbidden_zone", "min_dist": 0.0}
{"t": 1784393315.1962326, "x": 3.630097268901042, "y": -1.8064100043139348, "zone": "wh_forbidden_zone", "min_dist": 0.0}
{"t": 1784393315.3485916, "x": 3.630097286270164, "y": -1.8064100176906899, "zone": "wh_forbidden_zone", "min_dist": 0.0}
{"t": 1784393315.5005217, "x": 3.630097251248528, "y": -1.8064099907455247, "zone": "wh_forbidden_zone", "min_dist": 0.0}
{"t": 1784393315.6610508, "x": 3.6300972519274244, "y": -1.8064099912769878, "zone": "wh_forbidden_zone", "min_dist": 0.0}
{"t": 1784393315.813307, "x": 3.6300972454989866, "y": -1.8064099863386767, "zone": "wh_forbidden_zone", "min_dist": 0.0}
{"t": 1784393315.965259, "x": 3.6300972538326706, "y": -1.8064099927576462, "zone": "wh_forbidden_zone", "min_dist": 0.0}
{"t": 1784393316.118005, "x": 3.630097249886014, "y": -1.8064099897298465, "zone": "wh_forbidden_zone", "min_dist": 0.0}
{"t": 1784393316.2699902, "x": 3.6300972781736234, "y": -1.8064100115125719, "zone": "wh_forbidden_zone", "min_dist": 0.0}
{"t": 1784393316.4224124, "x": 3.630097305504929, "y": -1.8064100325541124, "zone": "wh_forbidden_zone", "min_dist": 0.0}
{"t": 1784393316.5741832, "x": 3.6300972589741622, "y": -1.8064099967509484, "zone": "wh_forbidden_zone", "min_dist": 0.0}
{"t": 1784393316.7267587, "x": 3.6300972397576987, "y": -1.8064099819659656, "zone": "wh_forbidden_zone", "min_dist": 0.0}
{"t": 1784393316.8788557, "x": 3.6300972477675058, "y": -1.8064099881425977, "zone": "wh_forbidden_zone", "min_dist": 0.0}
{"t": 1784393317.0392954, "x": 3.630097262627124, "y": -1.8064099995861078, "zone": "wh_forbidden_zone", "min_dist": 0.0}
{"t": 1784393317.19177, "x": 3.6300972767528044, "y": -1.8064100104648784, "zone": "wh_forbidden_zone", "min_dist": 0.0}
{"t": 1784393317.3441079, "x": 3.630097251556182, "y": -1.8064099910832037, "zone": "wh_forbidden_zone", "min_dist": 0.0}
{"t": 1784393317.4967937, "x": 3.630097279823936, "y": -1.8064100128478273, "zone": "wh_forbidden_zone", "min_dist": 0.0}
{"t": 1784393317.6485007, "x": 3.630097273937803, "y": -1.8064100083237862, "zone": "wh_forbidden_zone", "min_dist": 0.0}
{"t": 1784393317.8086162, "x": 3.6300972799809235, "y": -1.8064100129822427, "zone": "wh_forbidden_zone", "min_dist": 0.0}
{"t": 1784393317.961006, "x": 3.630097282502941, "y": -1.8064100149376048, "zone": "wh_forbidden_zone", "min_dist": 0.0}
{"t": 1784393318.1216757, "x": 3.6300972605507074, "y": -1.8064099980477588, "zone": "wh_forbidden_zone", "min_dist": 0.0}
{"t": 1784393318.281335, "x": 3.630097251589342, "y": -1.8064099911574127, "zone": "wh_forbidden_zone", "min_dist": 0.0}
{"t": 1784393318.4413602, "x": 3.6300972465778534, "y": -1.8064099873077921, "zone": "wh_forbidden_zone", "min_dist": 0.0}
{"t": 1784393318.5943322, "x": 3.630097234306667, "y": -1.8064099778700822, "zone": "wh_forbidden_zone", "min_dist": 0.0}
{"t": 1784393318.7462935, "x": 3.630097234849947, "y": -1.8064099782966592, "zone": "wh_forbidden_zone", "min_dist": 0.0}
{"t": 1784393318.9065259, "x": 3.630097248879093, "y": -1.806409989104338, "zone": "wh_forbidden_zone", "min_dist": 0.0}
{"t": 1784393319.0665908, "x": 3.630097290031608, "y": -1.8064100207906286, "zone": "wh_forbidden_zone", "min_dist": 0.0}
{"t": 1784393319.226931, "x": 3.6300972863979686, "y": -1.8064100180028169, "zone": "wh_forbidden_zone", "min_dist": 0.0}
{"t": 1784393319.3786387, "x": 3.630097265591651, "y": -1.8064100019966458, "zone": "wh_forbidden_zone", "min_dist": 0.0}
{"t": 1784393319.5391767, "x": 3.630097251376926, "y": -1.8064099910644094, "zone": "wh_forbidden_zone", "min_dist": 0.0}
{"t": 1784393319.6915815, "x": 3.630097259379109, "y": -1.8064099972342664, "zone": "wh_forbidden_zone", "min_dist": 0.0}
{"t": 1784393319.8439298, "x": 3.630097259379109, "y": -1.8064099972342664, "zone": "wh_forbidden_zone", "min_dist": 0.0}
{"t": 1784393320.0045536, "x": 3.6300972891709353, "y": -1.8064100201778874, "zone": "wh_forbidden_zone", "min_dist": 0.0}
{"t": 1784393320.1572623, "x": 3.630097274685516, "y": -1.8064100090384072, "zone": "wh_forbidden_zone", "min_dist": 0.0}
{"t": 1784393320.3170557, "x": 3.6300972950364696, "y": -1.806410024715783, "zone": "wh_forbidden_zone", "min_dist": 0.0}
{"t": 1784393320.4774, "x": 3.6300972950364696, "y": -1.806410024715783, "zone": "wh_forbidden_zone", "min_dist": 0.0}
{"t": 1784393320.6376822, "x": 3.6300973125653697, "y": -1.8064100382212884, "zone": "wh_forbidden_zone", "min_dist": 0.0}
{"t": 1784393320.7900782, "x": 3.6300973190758388, "y": -1.8064100432455144, "zone": "wh_forbidden_zone", "min_dist": 0.0}
{"t": 1784393320.9423268, "x": 3.6300973190758388, "y": -1.8064100432455144, "zone": "wh_forbidden_zone", "min_dist": 0.0}
{"t": 1784393321.0944161, "x": 3.63009731665146, "y": -1.8064100413926976, "zone": "wh_forbidden_zone", "min_dist": 0.0}
{"t": 1784393321.246485, "x": 3.63009731665146, "y": -1.8064100413926976, "zone": "wh_forbidden_zone", "min_dist": 0.0}
{"t": 1784393321.3991127, "x": 3.630097301231802, "y": -1.806410029536722, "zone": "wh_forbidden_zone", "min_dist": 0.0}
{"t": 1784393321.5513303, "x": 3.6300972346323133, "y": -1.8064099782834473, "zone": "wh_forbidden_zone", "min_dist": 0.0}
{"t": 1784393321.7040873, "x": 3.6300972346323133, "y": -1.8064099782834473, "zone": "wh_forbidden_zone", "min_dist": 0.0}
{"t": 1784393321.86446, "x": 3.6300972331482373, "y": -1.8064099771564173, "zone": "wh_forbidden_zone", "min_dist": 0.0}
{"t": 1784393322.0242429, "x": 3.6300972331482373, "y": -1.8064099771564173, "zone": "wh_forbidden_zone", "min_dist": 0.0}
{"t": 1784393322.1843522, "x": 3.6300971987677815, "y": -1.8064099507066111, "zone": "wh_forbidden_zone", "min_dist": 0.0}
{"t": 1784393322.344675, "x": 3.6300971987677815, "y": -1.8064099507066111, "zone": "wh_forbidden_zone", "min_dist": 0.0}
{"t": 1784393322.4973614, "x": 3.630097228532783, "y": -1.8064099736376988, "zone": "wh_forbidden_zone", "min_dist": 0.0}
{"t": 1784393322.6573465, "x": 3.630097228532783, "y": -1.8064099736376988, "zone": "wh_forbidden_zone", "min_dist": 0.0}
{"t": 1784393322.8100173, "x": 3.630097246668866, "y": -1.8064099876181177, "zone": "wh_forbidden_zone", "min_dist": 0.0}
{"t": 1784393322.970569, "x": 3.630097246668866, "y": -1.8064099876181177, "zone": "wh_forbidden_zone", "min_dist": 0.0}
{"t": 1784393323.12225, "x": 3.630097246668866, "y": -1.8064099876181177, "zone": "wh_forbidden_zone", "min_dist": 0.0}
{"t": 1784393323.2743332, "x": 3.6300972533400353, "y": -1.806409992774466, "zone": "wh_forbidden_zone", "min_dist": 0.0}
{"t": 1784393323.4269345, "x": 3.6300972533400353, "y": -1.806409992774466, "zone": "wh_forbidden_zone", "min_dist": 0.0}
{"t": 1784393323.5789547, "x": 3.6300972533400353, "y": -1.806409992774466, "zone": "wh_forbidden_zone", "min_dist": 0.0}
{"t": 1784393323.7555208, "x": 3.6300972631935418, "y": -1.8064100003824284, "zone": "wh_forbidden_zone", "min_dist": 0.0}
{"t": 1784393323.9075549, "x": 3.6300972631935418, "y": -1.8064100003824284, "zone": "wh_forbidden_zone", "min_dist": 0.0}
{"t": 1784393324.0838442, "x": 3.63009727235791, "y": -1.8064100074620801, "zone": "wh_forbidden_zone", "min_dist": 0.0}
{"t": 1784393324.2441409, "x": 3.63009727235791, "y": -1.8064100074620801, "zone": "wh_forbidden_zone", "min_dist": 0.0}
{"t": 1784393324.4046407, "x": 3.63009727235791, "y": -1.8064100074620801, "zone": "wh_forbidden_zone", "min_dist": 0.0}
{"t": 1784393324.5806959, "x": 3.63009727235791, "y": -1.8064100074620801, "zone": "wh_forbidden_zone", "min_dist": 0.0}
{"t": 1784393324.7569456, "x": 3.6300973462211052, "y": -1.8064100643521916, "zone": "wh_forbidden_zone", "min_dist": 0.0}
{"t": 1784393324.9174232, "x": 3.6300973462211052, "y": -1.8064100643521916, "zone": "wh_forbidden_zone", "min_dist": 0.0}
{"t": 1784393325.0775726, "x": 3.6300973462211052, "y": -1.8064100643521916, "zone": "wh_forbidden_zone", "min_dist": 0.0}
{"t": 1784393325.253766, "x": 3.6300972747359492, "y": -1.8064100093507973, "zone": "wh_forbidden_zone", "min_dist": 0.0}
{"t": 1784393325.4067018, "x": 3.6300972747359492, "y": -1.8064100093507973, "zone": "wh_forbidden_zone", "min_dist": 0.0}
{"t": 1784393325.5584128, "x": 3.6300972747359492, "y": -1.8064100093507973, "zone": "wh_forbidden_zone", "min_dist": 0.0}
{"t": 1784393325.710751, "x": 3.6300972747359492, "y": -1.8064100093507973, "zone": "wh_forbidden_zone", "min_dist": 0.0}
{"t": 1784393325.863066, "x": 3.6300972679455135, "y": -1.8064100041576872, "zone": "wh_forbidden_zone", "min_dist": 0.0}
{"t": 1784393326.0153563, "x": 3.6300972679455135, "y": -1.8064100041576872, "zone": "wh_forbidden_zone", "min_dist": 0.0}
{"t": 1784393326.1678438, "x": 3.6300972679455135, "y": -1.8064100041576872, "zone": "wh_forbidden_zone", "min_dist": 0.0}
{"t": 1784393326.3275354, "x": 3.6300972679455135, "y": -1.8064100041576872, "zone": "wh_forbidden_zone", "min_dist": 0.0}
{"t": 1784393326.4800684, "x": 3.6300972679455135, "y": -1.8064100041576872, "zone": "wh_forbidden_zone", "min_dist": 0.0}
{"t": 1784393326.640159, "x": 3.6300972993417537, "y": -1.8064100283684061, "zone": "wh_forbidden_zone", "min_dist": 0.0}
{"t": 1784393326.7923796, "x": 3.6300972993417537, "y": -1.8064100283684061, "zone": "wh_forbidden_zone", "min_dist": 0.0}
{"t": 1784393326.9530604, "x": 3.6300972993417537, "y": -1.8064100283684061, "zone": "wh_forbidden_zone", "min_dist": 0.0}
{"t": 1784393327.1056352, "x": 3.6300972993417537, "y": -1.8064100283684061, "zone": "wh_forbidden_zone", "min_dist": 0.0}
{"t": 1784393327.2657847, "x": 3.6300972993417537, "y": -1.8064100283684061, "zone": "wh_forbidden_zone", "min_dist": 0.0}
{"t": 1784393327.4264615, "x": 3.6300972588909377, "y": -1.8064099972745091, "zone": "wh_forbidden_zone", "min_dist": 0.0}
{"t": 1784393327.5786698, "x": 3.6300972588909377, "y": -1.8064099972745091, "zone": "wh_forbidden_zone", "min_dist": 0.0}
{"t": 1784393327.7303157, "x": 3.6300972588909377, "y": -1.8064099972745091, "zone": "wh_forbidden_zone", "min_dist": 0.0}
{"t": 1784393327.8903644, "x": 3.6300972588909377, "y": -1.8064099972745091, "zone": "wh_forbidden_zone", "min_dist": 0.0}
{"t": 1784393328.0433347, "x": 3.6300972588909377, "y": -1.8064099972745091, "zone": "wh_forbidden_zone", "min_dist": 0.0}
{"t": 1784393328.1952496, "x": 3.6300972588909377, "y": -1.8064099972745091, "zone": "wh_forbidden_zone", "min_dist": 0.0}
{"t": 1784393328.3476207, "x": 3.6300972588909377, "y": -1.8064099972745091, "zone": "wh_forbidden_zone", "min_dist": 0.0}
{"t": 1784393328.5079546, "x": 3.6300973150406612, "y": -1.80641004056118, "zone": "wh_forbidden_zone", "min_dist": 0.0}
{"t": 1784393328.6601856, "x": 3.6300973150406612, "y": -1.80641004056118, "zone": "wh_forbidden_zone", "min_dist": 0.0}
{"t": 1784393328.820692, "x": 3.6300973150406612, "y": -1.80641004056118, "zone": "wh_forbidden_zone", "min_dist": 0.0}
{"t": 1784393328.980859, "x": 3.6300973150406612, "y": -1.80641004056118, "zone": "wh_forbidden_zone", "min_dist": 0.0}
{"t": 1784393329.1331058, "x": 3.6300973150406612, "y": -1.80641004056118, "zone": "wh_forbidden_zone", "min_dist": 0.0}
{"t": 1784393329.2854414, "x": 3.6300973150406612, "y": -1.80641004056118, "zone": "wh_forbidden_zone", "min_dist": 0.0}
{"t": 1784393329.437874, "x": 3.6300973150406612, "y": -1.80641004056118, "zone": "wh_forbidden_zone", "min_dist": 0.0}
{"t": 1784393329.598408, "x": 3.6300973150406612, "y": -1.80641004056118, "zone": "wh_forbidden_zone", "min_dist": 0.0}
{"t": 1784393329.7506933, "x": 3.6300973150406612, "y": -1.80641004056118, "zone": "wh_forbidden_zone", "min_dist": 0.0}
{"t": 1784393329.903056, "x": 3.630097201581959, "y": -1.8064099532846118, "zone": "wh_forbidden_zone", "min_dist": 0.0}
{"t": 1784393330.063531, "x": 3.630097201581959, "y": -1.8064099532846118, "zone": "wh_forbidden_zone", "min_dist": 0.0}
{"t": 1784393330.239599, "x": 3.630097201581959, "y": -1.8064099532846118, "zone": "wh_forbidden_zone", "min_dist": 0.0}
{"t": 1784393330.3916566, "x": 3.630097201581959, "y": -1.8064099532846118, "zone": "wh_forbidden_zone", "min_dist": 0.0}
{"t": 1784393330.543982, "x": 3.630097201581959, "y": -1.8064099532846118, "zone": "wh_forbidden_zone", "min_dist": 0.0}
{"t": 1784393330.6960995, "x": 3.630097201581959, "y": -1.8064099532846118, "zone": "wh_forbidden_zone", "min_dist": 0.0}
{"t": 1784393330.8564985, "x": 3.630097201581959, "y": -1.8064099532846118, "zone": "wh_forbidden_zone", "min_dist": 0.0}
{"t": 1784393331.0092168, "x": 3.630097201581959, "y": -1.8064099532846118, "zone": "wh_forbidden_zone", "min_dist": 0.0}
{"t": 1784393331.1612096, "x": 3.630097201581959, "y": -1.8064099532846118, "zone": "wh_forbidden_zone", "min_dist": 0.0}
{"t": 1784393331.3133764, "x": 3.630097201581959, "y": -1.8064099532846118, "zone": "wh_forbidden_zone", "min_dist": 0.0}
{"t": 1784393331.4655716, "x": 3.630097201581959, "y": -1.8064099532846118, "zone": "wh_forbidden_zone", "min_dist": 0.0}
{"t": 1784393331.617946, "x": 3.630097201581959, "y": -1.8064099532846118, "zone": "wh_forbidden_zone", "min_dist": 0.0}
{"t": 1784393331.7699623, "x": 3.630097201581959, "y": -1.8064099532846118, "zone": "wh_forbidden_zone", "min_dist": 0.0}
{"t": 1784393331.9224482, "x": 3.630097201581959, "y": -1.8064099532846118, "zone": "wh_forbidden_zone", "min_dist": 0.0}
{"t": 1784393332.07422, "x": 3.6300973318416276, "y": -1.806410053681464, "zone": "wh_forbidden_zone", "min_dist": 0.0}
{"t": 1784393332.2266557, "x": 3.6300973318416276, "y": -1.806410053681464, "zone": "wh_forbidden_zone", "min_dist": 0.0}
{"t": 1784393332.3787248, "x": 3.6300973318416276, "y": -1.806410053681464, "zone": "wh_forbidden_zone", "min_dist": 0.0}
{"t": 1784393332.5312715, "x": 3.6300973318416276, "y": -1.806410053681464, "zone": "wh_forbidden_zone", "min_dist": 0.0}
{"t": 1784393332.6832702, "x": 3.6300973318416276, "y": -1.806410053681464, "zone": "wh_forbidden_zone", "min_dist": 0.0}
{"t": 1784393332.8352475, "x": 3.6300973318416276, "y": -1.806410053681464, "zone": "wh_forbidden_zone", "min_dist": 0.0}
{"t": 1784393332.987596, "x": 3.6300973318416276, "y": -1.806410053681464, "zone": "wh_forbidden_zone", "min_dist": 0.0}
{"t": 1784393333.1638203, "x": 3.6300973318416276, "y": -1.806410053681464, "zone": "wh_forbidden_zone", "min_dist": 0.0}
{"t": 1784393333.316325, "x": 3.6300973318416276, "y": -1.806410053681464, "zone": "wh_forbidden_zone", "min_dist": 0.0}
{"t": 1784393333.4764905, "x": 3.6300973318416276, "y": -1.806410053681464, "zone": "wh_forbidden_zone", "min_dist": 0.0}
{"t": 1784393333.6287522, "x": 3.6300973318416276, "y": -1.806410053681464, "zone": "wh_forbidden_zone", "min_dist": 0.0}
{"t": 1784393333.7887206, "x": 3.6300973318416276, "y": -1.806410053681464, "zone": "wh_forbidden_zone", "min_dist": 0.0}
{"t": 1784393333.9497573, "x": 3.6300973318416276, "y": -1.806410053681464, "zone": "wh_forbidden_zone", "min_dist": 0.0}
{"t": 1784393334.1015263, "x": 3.6300973318416276, "y": -1.806410053681464, "zone": "wh_forbidden_zone", "min_dist": 0.0}
{"t": 1784393334.2537498, "x": 3.6300973318416276, "y": -1.806410053681464, "zone": "wh_forbidden_zone", "min_dist": 0.0}
{"t": 1784393334.4144702, "x": 3.6300973318416276, "y": -1.806410053681464, "zone": "wh_forbidden_zone", "min_dist": 0.0}
{"t": 1784393334.566635, "x": 3.6300973318416276, "y": -1.806410053681464, "zone": "wh_forbidden_zone", "min_dist": 0.0}
{"t": 1784393334.7272055, "x": 3.6300973318416276, "y": -1.806410053681464, "zone": "wh_forbidden_zone", "min_dist": 0.0}
{"t": 1784393334.8799555, "x": 3.6300973318416276, "y": -1.806410053681464, "zone": "wh_forbidden_zone", "min_dist": 0.0}
{"t": 1784393335.0313241, "x": 3.6300973318416276, "y": -1.806410053681464, "zone": "wh_forbidden_zone", "min_dist": 0.0}
{"t": 1784393335.1835606, "x": 3.6300973318416276, "y": -1.806410053681464, "zone": "wh_forbidden_zone", "min_dist": 0.0}
{"t": 1784393335.3353193, "x": 3.6300973318416276, "y": -1.806410053681464, "zone": "wh_forbidden_zone", "min_dist": 0.0}
{"t": 1784393335.4878886, "x": 3.6300973318416276, "y": -1.806410053681464, "zone": "wh_forbidden_zone", "min_dist": 0.0}
{"t": 1784393335.6403003, "x": 3.6300973318416276, "y": -1.806410053681464, "zone": "wh_forbidden_zone", "min_dist": 0.0}
{"t": 1784393335.7927804, "x": 3.6300973318416276, "y": -1.806410053681464, "zone": "wh_forbidden_zone", "min_dist": 0.0}
{"t": 1784393335.9530334, "x": 3.6300973318416276, "y": -1.806410053681464, "zone": "wh_forbidden_zone", "min_dist": 0.0}
{"t": 1784393336.105282, "x": 3.630097326221057, "y": -1.8064100495742752, "zone": "wh_forbidden_zone", "min_dist": 0.0}
{"t": 1784393336.2654915, "x": 3.630097326221057, "y": -1.8064100495742752, "zone": "wh_forbidden_zone", "min_dist": 0.0}
{"t": 1784393336.4181075, "x": 3.630097326221057, "y": -1.8064100495742752, "zone": "wh_forbidden_zone", "min_dist": 0.0}
{"t": 1784393336.5701869, "x": 3.630097326221057, "y": -1.8064100495742752, "zone": "wh_forbidden_zone", "min_dist": 0.0}
{"t": 1784393336.7305067, "x": 3.630097326221057, "y": -1.8064100495742752, "zone": "wh_forbidden_zone", "min_dist": 0.0}
{"t": 1784393336.8829143, "x": 3.630097326221057, "y": -1.8064100495742752, "zone": "wh_forbidden_zone", "min_dist": 0.0}
{"t": 1784393337.043254, "x": 3.630097326221057, "y": -1.8064100495742752, "zone": "wh_forbidden_zone", "min_dist": 0.0}
{"t": 1784393337.1952827, "x": 3.630097326221057, "y": -1.8064100495742752, "zone": "wh_forbidden_zone", "min_dist": 0.0}
{"t": 1784393337.3553185, "x": 3.630097326221057, "y": -1.8064100495742752, "zone": "wh_forbidden_zone", "min_dist": 0.0}
{"t": 1784393337.5074174, "x": 3.630097326221057, "y": -1.8064100495742752, "zone": "wh_forbidden_zone", "min_dist": 0.0}
{"t": 1784393337.6596215, "x": 3.630097326221057, "y": -1.8064100495742752, "zone": "wh_forbidden_zone", "min_dist": 0.0}
{"t": 1784393337.8121614, "x": 3.630097326221057, "y": -1.8064100495742752, "zone": "wh_forbidden_zone", "min_dist": 0.0}
{"t": 1784393337.9724114, "x": 3.630097326221057, "y": -1.8064100495742752, "zone": "wh_forbidden_zone", "min_dist": 0.0}
{"t": 1784393338.1249323, "x": 3.630097326221057, "y": -1.8064100495742752, "zone": "wh_forbidden_zone", "min_dist": 0.0}
{"t": 1784393338.285253, "x": 3.630097326221057, "y": -1.8064100495742752, "zone": "wh_forbidden_zone", "min_dist": 0.0}
{"t": 1784393338.437758, "x": 3.630097326221057, "y": -1.8064100495742752, "zone": "wh_forbidden_zone", "min_dist": 0.0}
{"t": 1784393338.5905354, "x": 3.630097326221057, "y": -1.8064100495742752, "zone": "wh_forbidden_zone", "min_dist": 0.0}
{"t": 1784393338.7425368, "x": 3.630097326221057, "y": -1.8064100495742752, "zone": "wh_forbidden_zone", "min_dist": 0.0}
{"t": 1784393338.8945975, "x": 3.630097326221057, "y": -1.8064100495742752, "zone": "wh_forbidden_zone", "min_dist": 0.0}
{"t": 1784393339.0555143, "x": 3.630097326221057, "y": -1.8064100495742752, "zone": "wh_forbidden_zone", "min_dist": 0.0}
{"t": 1784393339.2076862, "x": 3.630097326221057, "y": -1.8064100495742752, "zone": "wh_forbidden_zone", "min_dist": 0.0}
{"t": 1784393339.3594537, "x": 3.630097326221057, "y": -1.8064100495742752, "zone": "wh_forbidden_zone", "min_dist": 0.0}
{"t": 1784393339.5198848, "x": 3.630097326221057, "y": -1.8064100495742752, "zone": "wh_forbidden_zone", "min_dist": 0.0}
{"t": 1784393339.6720955, "x": 3.630097326221057, "y": -1.8064100495742752, "zone": "wh_forbidden_zone", "min_dist": 0.0}
{"t": 1784393339.8244648, "x": 3.630097326221057, "y": -1.8064100495742752, "zone": "wh_forbidden_zone", "min_dist": 0.0}
{"t": 1784393340.0005758, "x": 3.630097326221057, "y": -1.8064100495742752, "zone": "wh_forbidden_zone", "min_dist": 0.0}
{"t": 1784393340.1771185, "x": 3.630097326221057, "y": -1.8064100495742752, "zone": "wh_forbidden_zone", "min_dist": 0.0}
{"t": 1784393340.3301425, "x": 3.630097326221057, "y": -1.8064100495742752, "zone": "wh_forbidden_zone", "min_dist": 0.0}
{"t": 1784393340.490228, "x": 3.630097326221057, "y": -1.8064100495742752, "zone": "wh_forbidden_zone", "min_dist": 0.0}
{"t": 1784393340.6510317, "x": 3.630097326221057, "y": -1.8064100495742752, "zone": "wh_forbidden_zone", "min_dist": 0.0}
{"t": 1784393340.8108294, "x": 3.630097326221057, "y": -1.8064100495742752, "zone": "wh_forbidden_zone", "min_dist": 0.0}
{"t": 1784393340.9629004, "x": 3.630097326221057, "y": -1.8064100495742752, "zone": "wh_forbidden_zone", "min_dist": 0.0}
{"t": 1784393341.222474, "x": 3.630097326221057, "y": -1.8064100495742752, "zone": "wh_forbidden_zone", "min_dist": 0.0}
{"t": 1784393341.3794327, "x": 3.630097326221057, "y": -1.8064100495742752, "zone": "wh_forbidden_zone", "min_dist": 0.0}
{"t": 1784393341.5316827, "x": 3.630097326221057, "y": -1.8064100495742752, "zone": "wh_forbidden_zone", "min_dist": 0.0}
{"t": 1784393341.684076, "x": 3.630097326221057, "y": -1.8064100495742752, "zone": "wh_forbidden_zone", "min_dist": 0.0}
{"t": 1784393341.8368938, "x": 3.630097326221057, "y": -1.8064100495742752, "zone": "wh_forbidden_zone", "min_dist": 0.0}
{"t": 1784393341.996615, "x": 3.630097326221057, "y": -1.8064100495742752, "zone": "wh_forbidden_zone", "min_dist": 0.0}
{"t": 1784393342.1730695, "x": 3.630097326221057, "y": -1.8064100495742752, "zone": "wh_forbidden_zone", "min_dist": 0.0}
{"t": 1784393342.325208, "x": 3.630097326221057, "y": -1.8064100495742752, "zone": "wh_forbidden_zone", "min_dist": 0.0}
{"t": 1784393342.4776077, "x": 3.630097326221057, "y": -1.8064100495742752, "zone": "wh_forbidden_zone", "min_dist": 0.0}
{"t": 1784393342.6298103, "x": 3.630097326221057, "y": -1.8064100495742752, "zone": "wh_forbidden_zone", "min_dist": 0.0}
{"t": 1784393342.781804, "x": 3.630097326221057, "y": -1.8064100495742752, "zone": "wh_forbidden_zone", "min_dist": 0.0}
{"t": 1784393342.9422555, "x": 3.630097326221057, "y": -1.8064100495742752, "zone": "wh_forbidden_zone", "min_dist": 0.0}
{"t": 1784393343.0945027, "x": 3.630097326221057, "y": -1.8064100495742752, "zone": "wh_forbidden_zone", "min_dist": 0.0}
{"t": 1784393343.2546616, "x": 3.630097326221057, "y": -1.8064100495742752, "zone": "wh_forbidden_zone", "min_dist": 0.0}
{"t": 1784393343.4071853, "x": 3.630097326221057, "y": -1.8064100495742752, "zone": "wh_forbidden_zone", "min_dist": 0.0}
{"t": 1784393343.5592575, "x": 3.6300972814823154, "y": -1.806410015541471, "zone": "wh_forbidden_zone", "min_dist": 0.0}
{"t": 1784393343.711517, "x": 3.6300972814823154, "y": -1.806410015541471, "zone": "wh_forbidden_zone", "min_dist": 0.0}
{"t": 1784393343.8643053, "x": 3.6300972814823154, "y": -1.806410015541471, "zone": "wh_forbidden_zone", "min_dist": 0.0}
{"t": 1784393344.02394, "x": 3.6300972814823154, "y": -1.806410015541471, "zone": "wh_forbidden_zone", "min_dist": 0.0}
{"t": 1784393344.176424, "x": 3.6300972814823154, "y": -1.806410015541471, "zone": "wh_forbidden_zone", "min_dist": 0.0}
{"t": 1784393344.3288138, "x": 3.6300972814823154, "y": -1.806410015541471, "zone": "wh_forbidden_zone", "min_dist": 0.0}
{"t": 1784393344.4809687, "x": 3.6300972814823154, "y": -1.806410015541471, "zone": "wh_forbidden_zone", "min_dist": 0.0}
{"t": 1784393344.641617, "x": 3.6300972814823154, "y": -1.806410015541471, "zone": "wh_forbidden_zone", "min_dist": 0.0}
{"t": 1784393344.7938328, "x": 3.6300972814823154, "y": -1.806410015541471, "zone": "wh_forbidden_zone", "min_dist": 0.0}
{"t": 1784393344.9462686, "x": 3.6300972814823154, "y": -1.806410015541471, "zone": "wh_forbidden_zone", "min_dist": 0.0}
{"t": 1784393345.1061852, "x": 3.6300972814823154, "y": -1.806410015541471, "zone": "wh_forbidden_zone", "min_dist": 0.0}
{"t": 1784393345.258287, "x": 3.6300972814823154, "y": -1.806410015541471, "zone": "wh_forbidden_zone", "min_dist": 0.0}
{"t": 1784393345.4105527, "x": 3.6300972814823154, "y": -1.806410015541471, "zone": "wh_forbidden_zone", "min_dist": 0.0}
{"t": 1784393345.5627913, "x": 3.6300972814823154, "y": -1.806410015541471, "zone": "wh_forbidden_zone", "min_dist": 0.0}
{"t": 1784393345.7151294, "x": 3.6300972814823154, "y": -1.806410015541471, "zone": "wh_forbidden_zone", "min_dist": 0.0}
{"t": 1784393345.8756962, "x": 3.6300972814823154, "y": -1.806410015541471, "zone": "wh_forbidden_zone", "min_dist": 0.0}
{"t": 1784393346.0279517, "x": 3.6300972814823154, "y": -1.806410015541471, "zone": "wh_forbidden_zone", "min_dist": 0.0}
{"t": 1784393346.1803467, "x": 3.6300972814823154, "y": -1.806410015541471, "zone": "wh_forbidden_zone", "min_dist": 0.0}
{"t": 1784393346.332372, "x": 3.6300972814823154, "y": -1.806410015541471, "zone": "wh_forbidden_zone", "min_dist": 0.0}
{"t": 1784393346.492548, "x": 3.6300972814823154, "y": -1.806410015541471, "zone": "wh_forbidden_zone", "min_dist": 0.0}
{"t": 1784393346.6526558, "x": 3.6300972814823154, "y": -1.806410015541471, "zone": "wh_forbidden_zone", "min_dist": 0.0}
{"t": 1784393346.8053756, "x": 3.6300972814823154, "y": -1.806410015541471, "zone": "wh_forbidden_zone", "min_dist": 0.0}
{"t": 1784393346.9573004, "x": 3.6300972814823154, "y": -1.806410015541471, "zone": "wh_forbidden_zone", "min_dist": 0.0}
{"t": 1784393347.1173403, "x": 3.6300972814823154, "y": -1.806410015541471, "zone": "wh_forbidden_zone", "min_dist": 0.0}
{"t": 1784393347.2698298, "x": 3.6300972814823154, "y": -1.806410015541471, "zone": "wh_forbidden_zone", "min_dist": 0.0}
{"t": 1784393347.4219325, "x": 3.6300972814823154, "y": -1.806410015541471, "zone": "wh_forbidden_zone", "min_dist": 0.0}
{"t": 1784393347.5826235, "x": 3.6300972814823154, "y": -1.806410015541471, "zone": "wh_forbidden_zone", "min_dist": 0.0}
{"t": 1784393347.742652, "x": 3.6300972814823154, "y": -1.806410015541471, "zone": "wh_forbidden_zone", "min_dist": 0.0}
{"t": 1784393347.8942559, "x": 3.6300972814823154, "y": -1.806410015541471, "zone": "wh_forbidden_zone", "min_dist": 0.0}
{"t": 1784393348.0468898, "x": 3.6300972814823154, "y": -1.806410015541471, "zone": "wh_forbidden_zone", "min_dist": 0.0}
{"t": 1784393348.1992, "x": 3.6300972814823154, "y": -1.806410015541471, "zone": "wh_forbidden_zone", "min_dist": 0.0}
{"t": 1784393348.3513947, "x": 3.6300972814823154, "y": -1.806410015541471, "zone": "wh_forbidden_zone", "min_dist": 0.0}
{"t": 1784393348.5116591, "x": 3.6300972814823154, "y": -1.806410015541471, "zone": "wh_forbidden_zone", "min_dist": 0.0}
{"t": 1784393348.663982, "x": 3.6300972814823154, "y": -1.806410015541471, "zone": "wh_forbidden_zone", "min_dist": 0.0}
{"t": 1784393348.8244262, "x": 3.6300972814823154, "y": -1.806410015541471, "zone": "wh_forbidden_zone", "min_dist": 0.0}
{"t": 1784393348.9767747, "x": 3.6300972814823154, "y": -1.806410015541471, "zone": "wh_forbidden_zone", "min_dist": 0.0}
{"t": 1784393349.2332766, "x": 3.6300972814823154, "y": -1.806410015541471, "zone": "wh_forbidden_zone", "min_dist": 0.0}
{"t": 1784393349.3934643, "x": 3.6300972814823154, "y": -1.806410015541471, "zone": "wh_forbidden_zone", "min_dist": 0.0}
{"t": 1784393349.5462587, "x": 3.6300972814823154, "y": -1.806410015541471, "zone": "wh_forbidden_zone", "min_dist": 0.0}
{"t": 1784393349.6981478, "x": 3.6300972814823154, "y": -1.806410015541471, "zone": "wh_forbidden_zone", "min_dist": 0.0}
{"t": 1784393349.8504918, "x": 3.6300972814823154, "y": -1.806410015541471, "zone": "wh_forbidden_zone", "min_dist": 0.0}
{"t": 1784393350.0107183, "x": 3.6300972814823154, "y": -1.806410015541471, "zone": "wh_forbidden_zone", "min_dist": 0.0}
{"t": 1784393350.1701894, "x": 3.6300972814823154, "y": -1.806410015541471, "zone": "wh_forbidden_zone", "min_dist": 0.0}
{"t": 1784393350.3224964, "x": 3.6300972814823154, "y": -1.806410015541471, "zone": "wh_forbidden_zone", "min_dist": 0.0}
{"t": 1784393350.4751828, "x": 3.6300972814823154, "y": -1.806410015541471, "zone": "wh_forbidden_zone", "min_dist": 0.0}
{"t": 1784393350.6273723, "x": 3.6300972814823154, "y": -1.806410015541471, "zone": "wh_forbidden_zone", "min_dist": 0.0}
{"t": 1784393350.779445, "x": 3.6300972814823154, "y": -1.806410015541471, "zone": "wh_forbidden_zone", "min_dist": 0.0}
{"t": 1784393350.931781, "x": 3.6300972814823154, "y": -1.806410015541471, "zone": "wh_forbidden_zone", "min_dist": 0.0}
{"t": 1784393351.0922012, "x": 3.6300972814823154, "y": -1.806410015541471, "zone": "wh_forbidden_zone", "min_dist": 0.0}
{"t": 1784393351.244801, "x": 3.6300972814823154, "y": -1.806410015541471, "zone": "wh_forbidden_zone", "min_dist": 0.0}
{"t": 1784393351.397109, "x": 3.6300972814823154, "y": -1.806410015541471, "zone": "wh_forbidden_zone", "min_dist": 0.0}
{"t": 1784393351.549898, "x": 3.6300972814823154, "y": -1.806410015541471, "zone": "wh_forbidden_zone", "min_dist": 0.0}
{"t": 1784393351.7021263, "x": 3.6300972814823154, "y": -1.806410015541471, "zone": "wh_forbidden_zone", "min_dist": 0.0}
{"t": 1784393351.86225, "x": 3.6300972814823154, "y": -1.806410015541471, "zone": "wh_forbidden_zone", "min_dist": 0.0}
{"t": 1784393352.0148726, "x": 3.6300972814823154, "y": -1.806410015541471, "zone": "wh_forbidden_zone", "min_dist": 0.0}
{"t": 1784393352.1665096, "x": 3.6300972814823154, "y": -1.806410015541471, "zone": "wh_forbidden_zone", "min_dist": 0.0}
{"t": 1784393352.3184967, "x": 3.6300972814823154, "y": -1.806410015541471, "zone": "wh_forbidden_zone", "min_dist": 0.0}
{"t": 1784393352.4790142, "x": 3.6300972814823154, "y": -1.806410015541471, "zone": "wh_forbidden_zone", "min_dist": 0.0}
{"t": 1784393352.6391559, "x": 3.6300972814823154, "y": -1.806410015541471, "zone": "wh_forbidden_zone", "min_dist": 0.0}
{"t": 1784393352.799305, "x": 3.6300972814823154, "y": -1.806410015541471, "zone": "wh_forbidden_zone", "min_dist": 0.0}
{"t": 1784393352.959956, "x": 3.6300972814823154, "y": -1.806410015541471, "zone": "wh_forbidden_zone", "min_dist": 0.0}
{"t": 1784393353.1123943, "x": 3.6300972814823154, "y": -1.806410015541471, "zone": "wh_forbidden_zone", "min_dist": 0.0}
{"t": 1784393353.26447, "x": 3.6300972814823154, "y": -1.806410015541471, "zone": "wh_forbidden_zone", "min_dist": 0.0}
{"t": 1784393353.4170134, "x": 3.6300972814823154, "y": -1.806410015541471, "zone": "wh_forbidden_zone", "min_dist": 0.0}
{"t": 1784393353.5693905, "x": 3.6300972814823154, "y": -1.806410015541471, "zone": "wh_forbidden_zone", "min_dist": 0.0}
{"t": 1784393353.7216568, "x": 3.6300972814823154, "y": -1.806410015541471, "zone": "wh_forbidden_zone", "min_dist": 0.0}
{"t": 1784393353.8733108, "x": 3.6300972814823154, "y": -1.806410015541471, "zone": "wh_forbidden_zone", "min_dist": 0.0}
{"t": 1784393354.0334213, "x": 3.6300972814823154, "y": -1.806410015541471, "zone": "wh_forbidden_zone", "min_dist": 0.0}
{"t": 1784393354.1939335, "x": 3.6300972814823154, "y": -1.806410015541471, "zone": "wh_forbidden_zone", "min_dist": 0.0}
{"t": 1784393354.346056, "x": 3.6300972814823154, "y": -1.806410015541471, "zone": "wh_forbidden_zone", "min_dist": 0.0}
{"t": 1784393354.4986866, "x": 3.6300972814823154, "y": -1.806410015541471, "zone": "wh_forbidden_zone", "min_dist": 0.0}
{"t": 1784393354.6590834, "x": 3.6300972814823154, "y": -1.806410015541471, "zone": "wh_forbidden_zone", "min_dist": 0.0}
{"t": 1784393354.8195682, "x": 3.630097242052175, "y": -1.8064099858086546, "zone": "wh_forbidden_zone", "min_dist": 0.0}
{"t": 1784393354.9797227, "x": 3.630097242052175, "y": -1.8064099858086546, "zone": "wh_forbidden_zone", "min_dist": 0.0}
{"t": 1784393355.1313424, "x": 3.630097242052175, "y": -1.8064099858086546, "zone": "wh_forbidden_zone", "min_dist": 0.0}
{"t": 1784393355.2839723, "x": 3.630097242052175, "y": -1.8064099858086546, "zone": "wh_forbidden_zone", "min_dist": 0.0}
{"t": 1784393355.444455, "x": 3.630097242052175, "y": -1.8064099858086546, "zone": "wh_forbidden_zone", "min_dist": 0.0}
{"t": 1784393355.6042583, "x": 3.630097242052175, "y": -1.8064099858086546, "zone": "wh_forbidden_zone", "min_dist": 0.0}
{"t": 1784393355.7570236, "x": 3.630097242052175, "y": -1.8064099858086546, "zone": "wh_forbidden_zone", "min_dist": 0.0}
{"t": 1784393355.9172838, "x": 3.630097242052175, "y": -1.8064099858086546, "zone": "wh_forbidden_zone", "min_dist": 0.0}
{"t": 1784393356.0774167, "x": 3.630097242052175, "y": -1.8064099858086546, "zone": "wh_forbidden_zone", "min_dist": 0.0}
{"t": 1784393356.237592, "x": 3.630097242052175, "y": -1.8064099858086546, "zone": "wh_forbidden_zone", "min_dist": 0.0}
{"t": 1784393356.3900132, "x": 3.630097242052175, "y": -1.8064099858086546, "zone": "wh_forbidden_zone", "min_dist": 0.0}
{"t": 1784393356.542687, "x": 3.630097242052175, "y": -1.8064099858086546, "zone": "wh_forbidden_zone", "min_dist": 0.0}
{"t": 1784393356.6942568, "x": 3.630097242052175, "y": -1.8064099858086546, "zone": "wh_forbidden_zone", "min_dist": 0.0}
{"t": 1784393356.8465395, "x": 3.630097242052175, "y": -1.8064099858086546, "zone": "wh_forbidden_zone", "min_dist": 0.0}
{"t": 1784393357.0233328, "x": 3.630097242052175, "y": -1.8064099858086546, "zone": "wh_forbidden_zone", "min_dist": 0.0}
{"t": 1784393357.1757104, "x": 3.630097242052175, "y": -1.8064099858086546, "zone": "wh_forbidden_zone", "min_dist": 0.0}
{"t": 1784393357.335597, "x": 3.630097242052175, "y": -1.8064099858086546, "zone": "wh_forbidden_zone", "min_dist": 0.0}
{"t": 1784393357.488128, "x": 3.630097242052175, "y": -1.8064099858086546, "zone": "wh_forbidden_zone", "min_dist": 0.0}
{"t": 1784393357.6485262, "x": 3.630097242052175, "y": -1.8064099858086546, "zone": "wh_forbidden_zone", "min_dist": 0.0}
{"t": 1784393357.8254206, "x": 3.630097242052175, "y": -1.8064099858086546, "zone": "wh_forbidden_zone", "min_dist": 0.0}
{"t": 1784393357.9772036, "x": 3.630097242052175, "y": -1.8064099858086546, "zone": "wh_forbidden_zone", "min_dist": 0.0}
{"t": 1784393358.2296042, "x": 3.630097242052175, "y": -1.8064099858086546, "zone": "wh_forbidden_zone", "min_dist": 0.0}
{"t": 1784393358.3858154, "x": 3.630097242052175, "y": -1.8064099858086546, "zone": "wh_forbidden_zone", "min_dist": 0.0}
{"t": 1784393358.5378826, "x": 3.630097242052175, "y": -1.8064099858086546, "zone": "wh_forbidden_zone", "min_dist": 0.0}
{"t": 1784393358.690603, "x": 3.630097242052175, "y": -1.8064099858086546, "zone": "wh_forbidden_zone", "min_dist": 0.0}
{"t": 1784393358.8426478, "x": 3.630097242052175, "y": -1.8064099858086546, "zone": "wh_forbidden_zone", "min_dist": 0.0}
{"t": 1784393359.002911, "x": 3.630097242052175, "y": -1.8064099858086546, "zone": "wh_forbidden_zone", "min_dist": 0.0}
{"t": 1784393359.1552324, "x": 3.630097242052175, "y": -1.8064099858086546, "zone": "wh_forbidden_zone", "min_dist": 0.0}
{"t": 1784393359.3154142, "x": 3.630097242052175, "y": -1.8064099858086546, "zone": "wh_forbidden_zone", "min_dist": 0.0}
{"t": 1784393359.4760125, "x": 3.630097242052175, "y": -1.8064099858086546, "zone": "wh_forbidden_zone", "min_dist": 0.0}
{"t": 1784393359.6282358, "x": 3.630097242052175, "y": -1.8064099858086546, "zone": "wh_forbidden_zone", "min_dist": 0.0}
{"t": 1784393359.7884734, "x": 3.630097242052175, "y": -1.8064099858086546, "zone": "wh_forbidden_zone", "min_dist": 0.0}
{"t": 1784393359.9486341, "x": 3.630097242052175, "y": -1.8064099858086546, "zone": "wh_forbidden_zone", "min_dist": 0.0}
{"t": 1784393360.100997, "x": 3.630097242052175, "y": -1.8064099858086546, "zone": "wh_forbidden_zone", "min_dist": 0.0}
{"t": 1784393360.2614741, "x": 3.630097242052175, "y": -1.8064099858086546, "zone": "wh_forbidden_zone", "min_dist": 0.0}
{"t": 1784393360.4133995, "x": 3.630097242052175, "y": -1.8064099858086546, "zone": "wh_forbidden_zone", "min_dist": 0.0}
{"t": 1784393360.5740783, "x": 3.630097242052175, "y": -1.8064099858086546, "zone": "wh_forbidden_zone", "min_dist": 0.0}
{"t": 1784393360.7266204, "x": 3.630097242052175, "y": -1.8064099858086546, "zone": "wh_forbidden_zone", "min_dist": 0.0}
{"t": 1784393360.8868382, "x": 3.630097242052175, "y": -1.8064099858086546, "zone": "wh_forbidden_zone", "min_dist": 0.0}
{"t": 1784393361.0466747, "x": 3.630097242052175, "y": -1.8064099858086546, "zone": "wh_forbidden_zone", "min_dist": 0.0}
{"t": 1784393361.2069988, "x": 3.630097242052175, "y": -1.8064099858086546, "zone": "wh_forbidden_zone", "min_dist": 0.0}
{"t": 1784393361.3676052, "x": 3.630097242052175, "y": -1.8064099858086546, "zone": "wh_forbidden_zone", "min_dist": 0.0}
{"t": 1784393361.5275636, "x": 3.630097242052175, "y": -1.8064099858086546, "zone": "wh_forbidden_zone", "min_dist": 0.0}
{"t": 1784393361.6800785, "x": 3.630097242052175, "y": -1.8064099858086546, "zone": "wh_forbidden_zone", "min_dist": 0.0}
{"t": 1784393361.840177, "x": 3.630097242052175, "y": -1.8064099858086546, "zone": "wh_forbidden_zone", "min_dist": 0.0}
{"t": 1784393362.000615, "x": 3.630097242052175, "y": -1.8064099858086546, "zone": "wh_forbidden_zone", "min_dist": 0.0}
{"t": 1784393362.1525207, "x": 3.630097242052175, "y": -1.8064099858086546, "zone": "wh_forbidden_zone", "min_dist": 0.0}
{"t": 1784393362.3044767, "x": 3.630097242052175, "y": -1.8064099858086546, "zone": "wh_forbidden_zone", "min_dist": 0.0}
{"t": 1784393362.4653194, "x": 3.630097242052175, "y": -1.8064099858086546, "zone": "wh_forbidden_zone", "min_dist": 0.0}
{"t": 1784393362.625561, "x": 3.630097242052175, "y": -1.8064099858086546, "zone": "wh_forbidden_zone", "min_dist": 0.0}
{"t": 1784393362.7779067, "x": 3.630097242052175, "y": -1.8064099858086546, "zone": "wh_forbidden_zone", "min_dist": 0.0}
{"t": 1784393362.938158, "x": 3.630097242052175, "y": -1.8064099858086546, "zone": "wh_forbidden_zone", "min_dist": 0.0}
{"t": 1784393363.090482, "x": 3.630097242052175, "y": -1.8064099858086546, "zone": "wh_forbidden_zone", "min_dist": 0.0}
{"t": 1784393363.2507262, "x": 3.630097242052175, "y": -1.8064099858086546, "zone": "wh_forbidden_zone", "min_dist": 0.0}
{"t": 1784393363.4270043, "x": 3.630097242052175, "y": -1.8064099858086546, "zone": "wh_forbidden_zone", "min_dist": 0.0}
{"t": 1784393363.5876446, "x": 3.630097242052175, "y": -1.8064099858086546, "zone": "wh_forbidden_zone", "min_dist": 0.0}
{"t": 1784393363.7397804, "x": 3.630097242052175, "y": -1.8064099858086546, "zone": "wh_forbidden_zone", "min_dist": 0.0}
{"t": 1784393363.892195, "x": 3.630097242052175, "y": -1.8064099858086546, "zone": "wh_forbidden_zone", "min_dist": 0.0}
{"t": 1784393364.0523608, "x": 3.630097242052175, "y": -1.8064099858086546, "zone": "wh_forbidden_zone", "min_dist": 0.0}
{"t": 1784393364.212735, "x": 3.630097242052175, "y": -1.8064099858086546, "zone": "wh_forbidden_zone", "min_dist": 0.0}
{"t": 1784393364.3652313, "x": 3.630097242052175, "y": -1.8064099858086546, "zone": "wh_forbidden_zone", "min_dist": 0.0}
{"t": 1784393364.5251174, "x": 3.630097242052175, "y": -1.8064099858086546, "zone": "wh_forbidden_zone", "min_dist": 0.0}
{"t": 1784393364.6856174, "x": 3.630097242052175, "y": -1.8064099858086546, "zone": "wh_forbidden_zone", "min_dist": 0.0}
{"t": 1784393364.8375888, "x": 3.630097242052175, "y": -1.8064099858086546, "zone": "wh_forbidden_zone", "min_dist": 0.0}
{"t": 1784393364.989571, "x": 3.630097242052175, "y": -1.8064099858086546, "zone": "wh_forbidden_zone", "min_dist": 0.0}
{"t": 1784393365.1417935, "x": 3.630097242052175, "y": -1.8064099858086546, "zone": "wh_forbidden_zone", "min_dist": 0.0}
{"t": 1784393365.29408, "x": 3.630097242052175, "y": -1.8064099858086546, "zone": "wh_forbidden_zone", "min_dist": 0.0}
{"t": 1784393365.4544125, "x": 3.630097242052175, "y": -1.8064099858086546, "zone": "wh_forbidden_zone", "min_dist": 0.0}
{"t": 1784393365.6149013, "x": 3.630097242052175, "y": -1.8064099858086546, "zone": "wh_forbidden_zone", "min_dist": 0.0}
{"t": 1784393365.775157, "x": 3.630097242052175, "y": -1.8064099858086546, "zone": "wh_forbidden_zone", "min_dist": 0.0}
{"t": 1784393365.9354393, "x": 3.630097242052175, "y": -1.8064099858086546, "zone": "wh_forbidden_zone", "min_dist": 0.0}
{"t": 1784393366.0872512, "x": 3.630097242052175, "y": -1.8064099858086546, "zone": "wh_forbidden_zone", "min_dist": 0.0}
{"t": 1784393366.2399213, "x": 3.630097242052175, "y": -1.8064099858086546, "zone": "wh_forbidden_zone", "min_dist": 0.0}
{"t": 1784393366.4003844, "x": 3.630097242052175, "y": -1.8064099858086546, "zone": "wh_forbidden_zone", "min_dist": 0.0}
{"t": 1784393366.5523603, "x": 3.630097242052175, "y": -1.8064099858086546, "zone": "wh_forbidden_zone", "min_dist": 0.0}
{"t": 1784393366.7129095, "x": 3.630097242052175, "y": -1.8064099858086546, "zone": "wh_forbidden_zone", "min_dist": 0.0}
{"t": 1784393366.8652942, "x": 3.630097242052175, "y": -1.8064099858086546, "zone": "wh_forbidden_zone", "min_dist": 0.0}
{"t": 1784393367.0420768, "x": 3.630097242052175, "y": -1.8064099858086546, "zone": "wh_forbidden_zone", "min_dist": 0.0}
{"t": 1784393367.2022471, "x": 3.630097242052175, "y": -1.8064099858086546, "zone": "wh_forbidden_zone", "min_dist": 0.0}
{"t": 1784393367.3543305, "x": 3.630097242052175, "y": -1.8064099858086546, "zone": "wh_forbidden_zone", "min_dist": 0.0}
{"t": 1784393367.5068536, "x": 3.630097242052175, "y": -1.8064099858086546, "zone": "wh_forbidden_zone", "min_dist": 0.0}
{"t": 1784393367.659005, "x": 3.630097242052175, "y": -1.8064099858086546, "zone": "wh_forbidden_zone", "min_dist": 0.0}
{"t": 1784393367.8113248, "x": 3.630097242052175, "y": -1.8064099858086546, "zone": "wh_forbidden_zone", "min_dist": 0.0}
{"t": 1784393367.9717174, "x": 3.630097242052175, "y": -1.8064099858086546, "zone": "wh_forbidden_zone", "min_dist": 0.0}
{"t": 1784393368.1241367, "x": 3.630097242052175, "y": -1.8064099858086546, "zone": "wh_forbidden_zone", "min_dist": 0.0}
{"t": 1784393368.2844722, "x": 3.630097242052175, "y": -1.8064099858086546, "zone": "wh_forbidden_zone", "min_dist": 0.0}
{"t": 1784393368.4364827, "x": 3.630097242052175, "y": -1.8064099858086546, "zone": "wh_forbidden_zone", "min_dist": 0.0}
{"t": 1784393368.5966988, "x": 3.630097242052175, "y": -1.8064099858086546, "zone": "wh_forbidden_zone", "min_dist": 0.0}
{"t": 1784393368.7493153, "x": 3.630097242052175, "y": -1.8064099858086546, "zone": "wh_forbidden_zone", "min_dist": 0.0}
{"t": 1784393368.9095788, "x": 3.630097242052175, "y": -1.8064099858086546, "zone": "wh_forbidden_zone", "min_dist": 0.0}
{"t": 1784393369.0615964, "x": 3.630097242052175, "y": -1.8064099858086546, "zone": "wh_forbidden_zone", "min_dist": 0.0}
{"t": 1784393369.2149696, "x": 3.630097242052175, "y": -1.8064099858086546, "zone": "wh_forbidden_zone", "min_dist": 0.0}
{"t": 1784393369.3746114, "x": 3.630097242052175, "y": -1.8064099858086546, "zone": "wh_forbidden_zone", "min_dist": 0.0}
{"t": 1784393369.526441, "x": 3.630097242052175, "y": -1.8064099858086546, "zone": "wh_forbidden_zone", "min_dist": 0.0}
{"t": 1784393369.687041, "x": 3.630097242052175, "y": -1.8064099858086546, "zone": "wh_forbidden_zone", "min_dist": 0.0}
{"t": 1784393369.8469238, "x": 3.630097242052175, "y": -1.8064099858086546, "zone": "wh_forbidden_zone", "min_dist": 0.0}
{"t": 1784393369.9993148, "x": 3.630097242052175, "y": -1.8064099858086546, "zone": "wh_forbidden_zone", "min_dist": 0.0}
{"t": 1784393370.1513903, "x": 3.630097242052175, "y": -1.8064099858086546, "zone": "wh_forbidden_zone", "min_dist": 0.0}
{"t": 1784393370.3118396, "x": 3.630097242052175, "y": -1.8064099858086546, "zone": "wh_forbidden_zone", "min_dist": 0.0}
{"t": 1784393370.4717884, "x": 3.630097242052175, "y": -1.8064099858086546, "zone": "wh_forbidden_zone", "min_dist": 0.0}
{"t": 1784393370.624245, "x": 3.630097242052175, "y": -1.8064099858086546, "zone": "wh_forbidden_zone", "min_dist": 0.0}
{"t": 1784393370.7767582, "x": 3.630097242052175, "y": -1.8064099858086546, "zone": "wh_forbidden_zone", "min_dist": 0.0}
{"t": 1784393370.9369738, "x": 3.630097242052175, "y": -1.8064099858086546, "zone": "wh_forbidden_zone", "min_dist": 0.0}
{"t": 1784393371.1132436, "x": 3.630097242052175, "y": -1.8064099858086546, "zone": "wh_forbidden_zone", "min_dist": 0.0}
{"t": 1784393371.2656782, "x": 3.630097242052175, "y": -1.8064099858086546, "zone": "wh_forbidden_zone", "min_dist": 0.0}
{"t": 1784393371.4180307, "x": 3.630097242052175, "y": -1.8064099858086546, "zone": "wh_forbidden_zone", "min_dist": 0.0}
{"t": 1784393371.570214, "x": 3.630097242052175, "y": -1.8064099858086546, "zone": "wh_forbidden_zone", "min_dist": 0.0}
{"t": 1784393371.7222307, "x": 3.630097242052175, "y": -1.8064099858086546, "zone": "wh_forbidden_zone", "min_dist": 0.0}
{"t": 1784393371.8743255, "x": 3.630097242052175, "y": -1.8064099858086546, "zone": "wh_forbidden_zone", "min_dist": 0.0}
{"t": 1784393372.0266984, "x": 3.630097242052175, "y": -1.8064099858086546, "zone": "wh_forbidden_zone", "min_dist": 0.0}
{"t": 1784393372.1794603, "x": 3.630097242052175, "y": -1.8064099858086546, "zone": "wh_forbidden_zone", "min_dist": 0.0}
{"t": 1784393372.331329, "x": 3.630097242052175, "y": -1.8064099858086546, "zone": "wh_forbidden_zone", "min_dist": 0.0}
{"t": 1784393372.4837794, "x": 3.630097242052175, "y": -1.8064099858086546, "zone": "wh_forbidden_zone", "min_dist": 0.0}
{"t": 1784393372.644525, "x": 3.630097242052175, "y": -1.8064099858086546, "zone": "wh_forbidden_zone", "min_dist": 0.0}
{"t": 1784393372.7964082, "x": 3.630097242052175, "y": -1.8064099858086546, "zone": "wh_forbidden_zone", "min_dist": 0.0}
{"t": 1784393372.9487283, "x": 3.630097242052175, "y": -1.8064099858086546, "zone": "wh_forbidden_zone", "min_dist": 0.0}
{"t": 1784393373.1011155, "x": 3.630097242052175, "y": -1.8064099858086546, "zone": "wh_forbidden_zone", "min_dist": 0.0}
{"t": 1784393373.253625, "x": 3.630097242052175, "y": -1.8064099858086546, "zone": "wh_forbidden_zone", "min_dist": 0.0}
{"t": 1784393373.4054239, "x": 3.630097242052175, "y": -1.8064099858086546, "zone": "wh_forbidden_zone", "min_dist": 0.0}
{"t": 1784393373.5656223, "x": 3.630097242052175, "y": -1.8064099858086546, "zone": "wh_forbidden_zone", "min_dist": 0.0}
{"t": 1784393373.726208, "x": 3.630097242052175, "y": -1.8064099858086546, "zone": "wh_forbidden_zone", "min_dist": 0.0}
{"t": 1784393373.878516, "x": 3.630097242052175, "y": -1.8064099858086546, "zone": "wh_forbidden_zone", "min_dist": 0.0}
{"t": 1784393374.030576, "x": 3.62770130318848, "y": -1.8045654483849534, "zone": "wh_forbidden_zone", "min_dist": 0.0}
{"t": 1784393374.182919, "x": 3.616500415298148, "y": -1.7959423272229051, "zone": "wh_forbidden_zone", "min_dist": 0.0}
{"t": 1784393374.3350315, "x": 3.598719411627604, "y": -1.7822534337707987, "zone": "wh_forbidden_zone", "min_dist": 0.0}
{"t": 1784393374.495585, "x": 3.579702224937845, "y": -1.7676128518235792, "zone": "wh_forbidden_zone", "min_dist": 0.0}
{"t": 1784393374.6478145, "x": 3.561635897669558, "y": -1.7537042990995213, "zone": "wh_forbidden_zone", "min_dist": 0.0}
{"t": 1784393374.8002906, "x": 3.5435695708937454, "y": -1.7397957466508462, "zone": "wh_forbidden_zone", "min_dist": 0.0}
{"t": 1784393374.9525695, "x": 3.525503244091658, "y": -1.7258871940531864, "zone": "wh_forbidden_zone", "min_dist": 0.0}
{"t": 1784393375.1044168, "x": 3.507436917000189, "y": -1.7119786411633224, "zone": "wh_forbidden_zone", "min_dist": 0.0}
{"t": 1784393375.2567263, "x": 3.4901311538311237, "y": -1.6986556164906799, "zone": "wh_forbidden_zone", "min_dist": 0.0}
{"t": 1784393375.409075, "x": 3.4856808099791072, "y": -1.6952294726016042, "zone": "wh_forbidden_zone", "min_dist": 0.0}
{"t": 1784393375.5615716, "x": 3.4856808099791072, "y": -1.6952294726016042, "zone": "wh_forbidden_zone", "min_dist": 0.0}
{"t": 1784393375.7146947, "x": 3.4856808099791072, "y": -1.6952294726016042, "zone": "wh_forbidden_zone", "min_dist": 0.0}
{"t": 1784393375.8741298, "x": 3.4856808099791072, "y": -1.6952294726016042, "zone": "wh_forbidden_zone", "min_dist": 0.0}
{"t": 1784393376.0266573, "x": 3.4856808099791072, "y": -1.6952294726016042, "zone": "wh_forbidden_zone", "min_dist": 0.0}
{"t": 1784393376.1866002, "x": 3.4856808099791072, "y": -1.6952294726016042, "zone": "wh_forbidden_zone", "min_dist": 0.0}
{"t": 1784393376.3469658, "x": 3.4856808099791072, "y": -1.6952294726016042, "zone": "wh_forbidden_zone", "min_dist": 0.0}
{"t": 1784393376.4997985, "x": 3.4856808099791072, "y": -1.6952294726016042, "zone": "wh_forbidden_zone", "min_dist": 0.0}
{"t": 1784393376.651501, "x": 3.4856808099791072, "y": -1.6952294726016042, "zone": "wh_forbidden_zone", "min_dist": 0.0}
{"t": 1784393376.8037367, "x": 3.4856808099791072, "y": -1.6952294726016042, "zone": "wh_forbidden_zone", "min_dist": 0.0}
{"t": 1784393376.9563391, "x": 3.4856808099791072, "y": -1.6952294726016042, "zone": "wh_forbidden_zone", "min_dist": 0.0}
{"t": 1784393377.1084359, "x": 3.4856808099791072, "y": -1.6952294726016042, "zone": "wh_forbidden_zone", "min_dist": 0.0}
{"t": 1784393377.268609, "x": 3.4856808099791072, "y": -1.6952294726016042, "zone": "wh_forbidden_zone", "min_dist": 0.0}
{"t": 1784393377.420669, "x": 3.4856808099791072, "y": -1.6952294726016042, "zone": "wh_forbidden_zone", "min_dist": 0.0}
{"t": 1784393377.5728102, "x": 3.4856808099791072, "y": -1.6952294726016042, "zone": "wh_forbidden_zone", "min_dist": 0.0}
{"t": 1784393377.7257333, "x": 3.4856808099791072, "y": -1.6952294726016042, "zone": "wh_forbidden_zone", "min_dist": 0.0}
{"t": 1784393377.8773222, "x": 3.4856808099791072, "y": -1.6952294726016042, "zone": "wh_forbidden_zone", "min_dist": 0.0}
{"t": 1784393378.0300303, "x": 3.4856808099791072, "y": -1.6952294726016042, "zone": "wh_forbidden_zone", "min_dist": 0.0}
{"t": 1784393378.1906888, "x": 3.4856808099791072, "y": -1.6952294726016042, "zone": "wh_forbidden_zone", "min_dist": 0.0}
{"t": 1784393378.342485, "x": 3.4856808099791072, "y": -1.6952294726016042, "zone": "wh_forbidden_zone", "min_dist": 0.0}
{"t": 1784393378.4943209, "x": 3.4856808099791072, "y": -1.6952294726016042, "zone": "wh_forbidden_zone", "min_dist": 0.0}
{"t": 1784393378.6466029, "x": 3.4856808099791072, "y": -1.6952294726016042, "zone": "wh_forbidden_zone", "min_dist": 0.0}
{"t": 1784393378.8071032, "x": 3.4856808099791072, "y": -1.6952294726016042, "zone": "wh_forbidden_zone", "min_dist": 0.0}
{"t": 1784393378.959776, "x": 3.4856808099791072, "y": -1.6952294726016042, "zone": "wh_forbidden_zone", "min_dist": 0.0}
{"t": 1784393379.1195393, "x": 3.4856808099791072, "y": -1.6952294726016042, "zone": "wh_forbidden_zone", "min_dist": 0.0}
{"t": 1784393379.272119, "x": 3.4856808099791072, "y": -1.6952294726016042, "zone": "wh_forbidden_zone", "min_dist": 0.0}
{"t": 1784393379.432706, "x": 3.4856808099791072, "y": -1.6952294726016042, "zone": "wh_forbidden_zone", "min_dist": 0.0}
{"t": 1784393379.5924063, "x": 3.4856808099791072, "y": -1.6952294726016042, "zone": "wh_forbidden_zone", "min_dist": 0.0}
{"t": 1784393379.752494, "x": 3.4856808099791072, "y": -1.6952294726016042, "zone": "wh_forbidden_zone", "min_dist": 0.0}
{"t": 1784393379.9051952, "x": 3.4856808099791072, "y": -1.6952294726016042, "zone": "wh_forbidden_zone", "min_dist": 0.0}
{"t": 1784393380.0655549, "x": 3.4856808099791072, "y": -1.6952294726016042, "zone": "wh_forbidden_zone", "min_dist": 0.0}
{"t": 1784393380.2175322, "x": 3.4856808099791072, "y": -1.6952294726016042, "zone": "wh_forbidden_zone", "min_dist": 0.0}
{"t": 1784393380.369369, "x": 3.4856808099791072, "y": -1.6952294726016042, "zone": "wh_forbidden_zone", "min_dist": 0.0}
{"t": 1784393380.5295677, "x": 3.4856808099791072, "y": -1.6952294726016042, "zone": "wh_forbidden_zone", "min_dist": 0.0}
{"t": 1784393380.6818752, "x": 3.4856808099791072, "y": -1.6952294726016042, "zone": "wh_forbidden_zone", "min_dist": 0.0}
{"t": 1784393380.8343594, "x": 3.4856808099791072, "y": -1.6952294726016042, "zone": "wh_forbidden_zone", "min_dist": 0.0}
{"t": 1784393380.9950428, "x": 3.4856808099791072, "y": -1.6952294726016042, "zone": "wh_forbidden_zone", "min_dist": 0.0}
{"t": 1784393381.1470764, "x": 3.4856808099791072, "y": -1.6952294726016042, "zone": "wh_forbidden_zone", "min_dist": 0.0}
{"t": 1784393381.299355, "x": 3.4856808099791072, "y": -1.6952294726016042, "zone": "wh_forbidden_zone", "min_dist": 0.0}
{"t": 1784393381.4596484, "x": 3.4856808099791072, "y": -1.6952294726016042, "zone": "wh_forbidden_zone", "min_dist": 0.0}
{"t": 1784393381.6122847, "x": 3.4856808099791072, "y": -1.6952294726016042, "zone": "wh_forbidden_zone", "min_dist": 0.0}
{"t": 1784393381.7646701, "x": 3.4856808099791072, "y": -1.6952294726016042, "zone": "wh_forbidden_zone", "min_dist": 0.0}
{"t": 1784393381.9166749, "x": 3.4856808099791072, "y": -1.6952294726016042, "zone": "wh_forbidden_zone", "min_dist": 0.0}
{"t": 1784393382.0765736, "x": 3.4856808099791072, "y": -1.6952294726016042, "zone": "wh_forbidden_zone", "min_dist": 0.0}
{"t": 1784393382.2285728, "x": 3.4856808099791072, "y": -1.6952294726016042, "zone": "wh_forbidden_zone", "min_dist": 0.0}
{"t": 1784393382.3892722, "x": 3.4856808099791072, "y": -1.6952294726016042, "zone": "wh_forbidden_zone", "min_dist": 0.0}
{"t": 1784393382.5413442, "x": 3.4856808099791072, "y": -1.6952294726016042, "zone": "wh_forbidden_zone", "min_dist": 0.0}
{"t": 1784393382.6936855, "x": 3.4856808099791072, "y": -1.6952294726016042, "zone": "wh_forbidden_zone", "min_dist": 0.0}
{"t": 1784393382.8533902, "x": 3.4856808099791072, "y": -1.6952294726016042, "zone": "wh_forbidden_zone", "min_dist": 0.0}
{"t": 1784393383.0057049, "x": 3.4856808099791072, "y": -1.6952294726016042, "zone": "wh_forbidden_zone", "min_dist": 0.0}
{"t": 1784393383.1580846, "x": 3.4856808099791072, "y": -1.6952294726016042, "zone": "wh_forbidden_zone", "min_dist": 0.0}
{"t": 1784393383.3109794, "x": 3.4856808099791072, "y": -1.6952294726016042, "zone": "wh_forbidden_zone", "min_dist": 0.0}
{"t": 1784393383.471327, "x": 3.4856808099791072, "y": -1.6952294726016042, "zone": "wh_forbidden_zone", "min_dist": 0.0}
{"t": 1784393383.6314874, "x": 3.4856808099791072, "y": -1.6952294726016042, "zone": "wh_forbidden_zone", "min_dist": 0.0}
{"t": 1784393383.7832808, "x": 3.4856808099791072, "y": -1.6952294726016042, "zone": "wh_forbidden_zone", "min_dist": 0.0}
{"t": 1784393383.9360209, "x": 3.4856808099791072, "y": -1.6952294726016042, "zone": "wh_forbidden_zone", "min_dist": 0.0}
{"t": 1784393384.0960944, "x": 3.4856808099791072, "y": -1.6952294726016042, "zone": "wh_forbidden_zone", "min_dist": 0.0}
{"t": 1784393384.2482667, "x": 3.4856808099791072, "y": -1.6952294726016042, "zone": "wh_forbidden_zone", "min_dist": 0.0}
{"t": 1784393384.408516, "x": 3.4856808099791072, "y": -1.6952294726016042, "zone": "wh_forbidden_zone", "min_dist": 0.0}
{"t": 1784393384.5686758, "x": 3.4856808099791072, "y": -1.6952294726016042, "zone": "wh_forbidden_zone", "min_dist": 0.0}
{"t": 1784393384.7210116, "x": 3.4856808099791072, "y": -1.6952294726016042, "zone": "wh_forbidden_zone", "min_dist": 0.0}
{"t": 1784393384.873671, "x": 3.4856808099791072, "y": -1.6952294726016042, "zone": "wh_forbidden_zone", "min_dist": 0.0}
{"t": 1784393385.0258965, "x": 3.4856808099791072, "y": -1.6952294726016042, "zone": "wh_forbidden_zone", "min_dist": 0.0}
{"t": 1784393385.1857007, "x": 3.4856808099791072, "y": -1.6952294726016042, "zone": "wh_forbidden_zone", "min_dist": 0.0}
{"t": 1784393385.3458402, "x": 3.4856808099791072, "y": -1.6952294726016042, "zone": "wh_forbidden_zone", "min_dist": 0.0}
{"t": 1784393385.4986005, "x": 3.4856808099791072, "y": -1.6952294726016042, "zone": "wh_forbidden_zone", "min_dist": 0.0}
{"t": 1784393385.658407, "x": 3.4856808099791072, "y": -1.6952294726016042, "zone": "wh_forbidden_zone", "min_dist": 0.0}
{"t": 1784393385.8106613, "x": 3.4856808099791072, "y": -1.6952294726016042, "zone": "wh_forbidden_zone", "min_dist": 0.0}
{"t": 1784393385.9630518, "x": 3.4856808099791072, "y": -1.6952294726016042, "zone": "wh_forbidden_zone", "min_dist": 0.0}
{"t": 1784393386.1234267, "x": 3.4856808099791072, "y": -1.6952294726016042, "zone": "wh_forbidden_zone", "min_dist": 0.0}
{"t": 1784393386.275846, "x": 3.4856808099791072, "y": -1.6952294726016042, "zone": "wh_forbidden_zone", "min_dist": 0.0}
{"t": 1784393386.4355767, "x": 3.4856808099791072, "y": -1.6952294726016042, "zone": "wh_forbidden_zone", "min_dist": 0.0}
{"t": 1784393386.587775, "x": 3.4856808099791072, "y": -1.6952294726016042, "zone": "wh_forbidden_zone", "min_dist": 0.0}
{"t": 1784393386.7402313, "x": 3.4856808099791072, "y": -1.6952294726016042, "zone": "wh_forbidden_zone", "min_dist": 0.0}
{"t": 1784393386.8927493, "x": 3.4856808099791072, "y": -1.6952294726016042, "zone": "wh_forbidden_zone", "min_dist": 0.0}
{"t": 1784393387.0525017, "x": 3.4856808099791072, "y": -1.6952294726016042, "zone": "wh_forbidden_zone", "min_dist": 0.0}
{"t": 1784393387.205217, "x": 3.4856808099791072, "y": -1.6952294726016042, "zone": "wh_forbidden_zone", "min_dist": 0.0}
{"t": 1784393387.3651986, "x": 3.4856808099791072, "y": -1.6952294726016042, "zone": "wh_forbidden_zone", "min_dist": 0.0}
{"t": 1784393387.51753, "x": 3.4856808099791072, "y": -1.6952294726016042, "zone": "wh_forbidden_zone", "min_dist": 0.0}
{"t": 1784393387.6697953, "x": 3.4856808099791072, "y": -1.6952294726016042, "zone": "wh_forbidden_zone", "min_dist": 0.0}
{"t": 1784393387.8222752, "x": 3.4856808099791072, "y": -1.6952294726016042, "zone": "wh_forbidden_zone", "min_dist": 0.0}
{"t": 1784393387.975926, "x": 3.4856808099791072, "y": -1.6952294726016042, "zone": "wh_forbidden_zone", "min_dist": 0.0}
{"t": 1784393388.1347282, "x": 3.4856808099791072, "y": -1.6952294726016042, "zone": "wh_forbidden_zone", "min_dist": 0.0}
{"t": 1784393388.287034, "x": 3.4856808099791072, "y": -1.6952294726016042, "zone": "wh_forbidden_zone", "min_dist": 0.0}
{"t": 1784393388.447814, "x": 3.4856808099791072, "y": -1.6952294726016042, "zone": "wh_forbidden_zone", "min_dist": 0.0}
{"t": 1784393388.599846, "x": 3.4856808099791072, "y": -1.6952294726016042, "zone": "wh_forbidden_zone", "min_dist": 0.0}
{"t": 1784393388.7597733, "x": 3.4856808099791072, "y": -1.6952294726016042, "zone": "wh_forbidden_zone", "min_dist": 0.0}
{"t": 1784393388.9199739, "x": 3.4856808099791072, "y": -1.6952294726016042, "zone": "wh_forbidden_zone", "min_dist": 0.0}
{"t": 1784393389.0722246, "x": 3.4856808099791072, "y": -1.6952294726016042, "zone": "wh_forbidden_zone", "min_dist": 0.0}
{"t": 1784393389.2243946, "x": 3.4856808099791072, "y": -1.6952294726016042, "zone": "wh_forbidden_zone", "min_dist": 0.0}
{"t": 1784393389.3766263, "x": 3.4856808099791072, "y": -1.6952294726016042, "zone": "wh_forbidden_zone", "min_dist": 0.0}
{"t": 1784393389.5290725, "x": 3.4856808099791072, "y": -1.6952294726016042, "zone": "wh_forbidden_zone", "min_dist": 0.0}
{"t": 1784393389.681556, "x": 3.4856808099791072, "y": -1.6952294726016042, "zone": "wh_forbidden_zone", "min_dist": 0.0}
{"t": 1784393389.841462, "x": 3.4856808099791072, "y": -1.6952294726016042, "zone": "wh_forbidden_zone", "min_dist": 0.0}
{"t": 1784393390.001756, "x": 3.4856808099791072, "y": -1.6952294726016042, "zone": "wh_forbidden_zone", "min_dist": 0.0}
{"t": 1784393390.1534634, "x": 3.4856808099791072, "y": -1.6952294726016042, "zone": "wh_forbidden_zone", "min_dist": 0.0}
{"t": 1784393390.30578, "x": 3.4856808099791072, "y": -1.6952294726016042, "zone": "wh_forbidden_zone", "min_dist": 0.0}
{"t": 1784393390.4661384, "x": 3.4856808099791072, "y": -1.6952294726016042, "zone": "wh_forbidden_zone", "min_dist": 0.0}
{"t": 1784393390.6266305, "x": 3.4856808099791072, "y": -1.6952294726016042, "zone": "wh_forbidden_zone", "min_dist": 0.0}
{"t": 1784393390.779194, "x": 3.4856808099791072, "y": -1.6952294726016042, "zone": "wh_forbidden_zone", "min_dist": 0.0}
{"t": 1784393390.9391513, "x": 3.4856808099791072, "y": -1.6952294726016042, "zone": "wh_forbidden_zone", "min_dist": 0.0}
{"t": 1784393391.0914252, "x": 3.4856808099791072, "y": -1.6952294726016042, "zone": "wh_forbidden_zone", "min_dist": 0.0}
{"t": 1784393391.2433755, "x": 3.4856808099791072, "y": -1.6952294726016042, "zone": "wh_forbidden_zone", "min_dist": 0.0}
{"t": 1784393391.4041789, "x": 3.4856808099791072, "y": -1.6952294726016042, "zone": "wh_forbidden_zone", "min_dist": 0.0}
{"t": 1784393391.5564928, "x": 3.4856808099791072, "y": -1.6952294726016042, "zone": "wh_forbidden_zone", "min_dist": 0.0}
{"t": 1784393391.7090933, "x": 3.4856808099791072, "y": -1.6952294726016042, "zone": "wh_forbidden_zone", "min_dist": 0.0}
{"t": 1784393391.8690965, "x": 3.4856808099791072, "y": -1.6952294726016042, "zone": "wh_forbidden_zone", "min_dist": 0.0}
{"t": 1784393392.0216646, "x": 3.4856808099791072, "y": -1.6952294726016042, "zone": "wh_forbidden_zone", "min_dist": 0.0}
{"t": 1784393392.174477, "x": 3.4856808099791072, "y": -1.6952294726016042, "zone": "wh_forbidden_zone", "min_dist": 0.0}
{"t": 1784393392.3344107, "x": 3.4856808099791072, "y": -1.6952294726016042, "zone": "wh_forbidden_zone", "min_dist": 0.0}
{"t": 1784393392.4947834, "x": 3.4856808099791072, "y": -1.6952294726016042, "zone": "wh_forbidden_zone", "min_dist": 0.0}
{"t": 1784393392.6545875, "x": 3.4856808099791072, "y": -1.6952294726016042, "zone": "wh_forbidden_zone", "min_dist": 0.0}
{"t": 1784393392.8068798, "x": 3.4856808099791072, "y": -1.6952294726016042, "zone": "wh_forbidden_zone", "min_dist": 0.0}
{"t": 1784393392.9669273, "x": 3.4856808099791072, "y": -1.6952294726016042, "zone": "wh_forbidden_zone", "min_dist": 0.0}
{"t": 1784393393.119248, "x": 3.4856808099791072, "y": -1.6952294726016042, "zone": "wh_forbidden_zone", "min_dist": 0.0}
{"t": 1784393393.2715106, "x": 3.4856808099791072, "y": -1.6952294726016042, "zone": "wh_forbidden_zone", "min_dist": 0.0}
{"t": 1784393393.4238777, "x": 3.4856808099791072, "y": -1.6952294726016042, "zone": "wh_forbidden_zone", "min_dist": 0.0}
{"t": 1784393393.5844858, "x": 3.4856808099791072, "y": -1.6952294726016042, "zone": "wh_forbidden_zone", "min_dist": 0.0}
{"t": 1784393393.7444944, "x": 3.4856808099791072, "y": -1.6952294726016042, "zone": "wh_forbidden_zone", "min_dist": 0.0}
{"t": 1784393393.8964477, "x": 3.4856808099791072, "y": -1.6952294726016042, "zone": "wh_forbidden_zone", "min_dist": 0.0}
{"t": 1784393394.0568676, "x": 3.4856808099791072, "y": -1.6952294726016042, "zone": "wh_forbidden_zone", "min_dist": 0.0}
{"t": 1784393394.2090364, "x": 3.4856808099791072, "y": -1.6952294726016042, "zone": "wh_forbidden_zone", "min_dist": 0.0}
{"t": 1784393394.3692608, "x": 3.4856808099791072, "y": -1.6952294726016042, "zone": "wh_forbidden_zone", "min_dist": 0.0}
{"t": 1784393394.521512, "x": 3.4856808099791072, "y": -1.6952294726016042, "zone": "wh_forbidden_zone", "min_dist": 0.0}
{"t": 1784393394.6733906, "x": 3.4856808099791072, "y": -1.6952294726016042, "zone": "wh_forbidden_zone", "min_dist": 0.0}
{"t": 1784393394.8256545, "x": 3.4856808099791072, "y": -1.6952294726016042, "zone": "wh_forbidden_zone", "min_dist": 0.0}
{"t": 1784393394.9866204, "x": 3.4856808099791072, "y": -1.6952294726016042, "zone": "wh_forbidden_zone", "min_dist": 0.0}
{"t": 1784393395.2436793, "x": 3.4856808099791072, "y": -1.6952294726016042, "zone": "wh_forbidden_zone", "min_dist": 0.0}
{"t": 1784393395.3949213, "x": 3.4856808099791072, "y": -1.6952294726016042, "zone": "wh_forbidden_zone", "min_dist": 0.0}
{"t": 1784393395.5550172, "x": 3.4856808099791072, "y": -1.6952294726016042, "zone": "wh_forbidden_zone", "min_dist": 0.0}
{"t": 1784393395.7073817, "x": 3.4856808099791072, "y": -1.6952294726016042, "zone": "wh_forbidden_zone", "min_dist": 0.0}
{"t": 1784393395.8678963, "x": 3.4856808099791072, "y": -1.6952294726016042, "zone": "wh_forbidden_zone", "min_dist": 0.0}
{"t": 1784393396.0197945, "x": 3.4856808099791072, "y": -1.6952294726016042, "zone": "wh_forbidden_zone", "min_dist": 0.0}
{"t": 1784393396.1720343, "x": 3.4856808099791072, "y": -1.6952294726016042, "zone": "wh_forbidden_zone", "min_dist": 0.0}
{"t": 1784393396.3324203, "x": 3.4856808099791072, "y": -1.6952294726016042, "zone": "wh_forbidden_zone", "min_dist": 0.0}
{"t": 1784393396.48458, "x": 3.4856808099791072, "y": -1.6952294726016042, "zone": "wh_forbidden_zone", "min_dist": 0.0}
{"t": 1784393396.6373212, "x": 3.4856808099791072, "y": -1.6952294726016042, "zone": "wh_forbidden_zone", "min_dist": 0.0}
{"t": 1784393396.7898018, "x": 3.4856808099791072, "y": -1.6952294726016042, "zone": "wh_forbidden_zone", "min_dist": 0.0}
{"t": 1784393396.9493818, "x": 3.4856808099791072, "y": -1.6952294726016042, "zone": "wh_forbidden_zone", "min_dist": 0.0}
{"t": 1784393397.1096506, "x": 3.4856808099791072, "y": -1.6952294726016042, "zone": "wh_forbidden_zone", "min_dist": 0.0}
{"t": 1784393397.2620447, "x": 3.4856808099791072, "y": -1.6952294726016042, "zone": "wh_forbidden_zone", "min_dist": 0.0}
{"t": 1784393397.414185, "x": 3.4856808099791072, "y": -1.6952294726016042, "zone": "wh_forbidden_zone", "min_dist": 0.0}
{"t": 1784393397.5744562, "x": 3.4856808099791072, "y": -1.6952294726016042, "zone": "wh_forbidden_zone", "min_dist": 0.0}
{"t": 1784393397.7267687, "x": 3.4856808099791072, "y": -1.6952294726016042, "zone": "wh_forbidden_zone", "min_dist": 0.0}
{"t": 1784393397.8790886, "x": 3.4856808099791072, "y": -1.6952294726016042, "zone": "wh_forbidden_zone", "min_dist": 0.0}
{"t": 1784393398.0314806, "x": 3.4856808099791072, "y": -1.6952294726016042, "zone": "wh_forbidden_zone", "min_dist": 0.0}
{"t": 1784393398.1832623, "x": 3.4856808099791072, "y": -1.6952294726016042, "zone": "wh_forbidden_zone", "min_dist": 0.0}
{"t": 1784393398.3439953, "x": 3.4856808099791072, "y": -1.6952294726016042, "zone": "wh_forbidden_zone", "min_dist": 0.0}
{"t": 1784393398.5042121, "x": 3.4856808099791072, "y": -1.6952294726016042, "zone": "wh_forbidden_zone", "min_dist": 0.0}
{"t": 1784393398.6568086, "x": 3.4856808099791072, "y": -1.6952294726016042, "zone": "wh_forbidden_zone", "min_dist": 0.0}
{"t": 1784393398.8169744, "x": 3.4856808099791072, "y": -1.6952294726016042, "zone": "wh_forbidden_zone", "min_dist": 0.0}
{"t": 1784393398.9695132, "x": 3.4856808099791072, "y": -1.6952294726016042, "zone": "wh_forbidden_zone", "min_dist": 0.0}
{"t": 1784393399.1296866, "x": 3.4856808099791072, "y": -1.6952294726016042, "zone": "wh_forbidden_zone", "min_dist": 0.0}
{"t": 1784393399.2819955, "x": 3.4856808099791072, "y": -1.6952294726016042, "zone": "wh_forbidden_zone", "min_dist": 0.0}
{"t": 1784393399.4423473, "x": 3.4856808099791072, "y": -1.6952294726016042, "zone": "wh_forbidden_zone", "min_dist": 0.0}
{"t": 1784393399.5946722, "x": 3.4856808099791072, "y": -1.6952294726016042, "zone": "wh_forbidden_zone", "min_dist": 0.0}
{"t": 1784393399.7543697, "x": 3.4856808099791072, "y": -1.6952294726016042, "zone": "wh_forbidden_zone", "min_dist": 0.0}
{"t": 1784393399.90717, "x": 3.4856808099791072, "y": -1.6952294726016042, "zone": "wh_forbidden_zone", "min_dist": 0.0}
{"t": 1784393400.059662, "x": 3.4856808099791072, "y": -1.6952294726016042, "zone": "wh_forbidden_zone", "min_dist": 0.0}
{"t": 1784393400.2195463, "x": 3.4856808099791072, "y": -1.6952294726016042, "zone": "wh_forbidden_zone", "min_dist": 0.0}
{"t": 1784393400.379395, "x": 3.4856808099791072, "y": -1.6952294726016042, "zone": "wh_forbidden_zone", "min_dist": 0.0}
{"t": 1784393400.5323968, "x": 3.4856808099791072, "y": -1.6952294726016042, "zone": "wh_forbidden_zone", "min_dist": 0.0}
{"t": 1784393400.684339, "x": 3.4856808099791072, "y": -1.6952294726016042, "zone": "wh_forbidden_zone", "min_dist": 0.0}
{"t": 1784393400.844767, "x": 3.4856808099791072, "y": -1.6952294726016042, "zone": "wh_forbidden_zone", "min_dist": 0.0}
{"t": 1784393400.997242, "x": 3.4856808099791072, "y": -1.6952294726016042, "zone": "wh_forbidden_zone", "min_dist": 0.0}
{"t": 1784393401.1573193, "x": 3.4856808099791072, "y": -1.6952294726016042, "zone": "wh_forbidden_zone", "min_dist": 0.0}
{"t": 1784393401.30966, "x": 3.4856808099791072, "y": -1.6952294726016042, "zone": "wh_forbidden_zone", "min_dist": 0.0}
{"t": 1784393401.470099, "x": 3.4856808099791072, "y": -1.6952294726016042, "zone": "wh_forbidden_zone", "min_dist": 0.0}
{"t": 1784393401.6221464, "x": 3.4856808099791072, "y": -1.6952294726016042, "zone": "wh_forbidden_zone", "min_dist": 0.0}
{"t": 1784393401.7743723, "x": 3.4856808099791072, "y": -1.6952294726016042, "zone": "wh_forbidden_zone", "min_dist": 0.0}
{"t": 1784393401.9265826, "x": 3.4856808099791072, "y": -1.6952294726016042, "zone": "wh_forbidden_zone", "min_dist": 0.0}
{"t": 1784393402.0784364, "x": 3.4856808099791072, "y": -1.6952294726016042, "zone": "wh_forbidden_zone", "min_dist": 0.0}
{"t": 1784393402.2312424, "x": 3.4856808099791072, "y": -1.6952294726016042, "zone": "wh_forbidden_zone", "min_dist": 0.0}
{"t": 1784393402.3911686, "x": 3.4856808099791072, "y": -1.6952294726016042, "zone": "wh_forbidden_zone", "min_dist": 0.0}
{"t": 1784393402.5436563, "x": 3.4856808099791072, "y": -1.6952294726016042, "zone": "wh_forbidden_zone", "min_dist": 0.0}
{"t": 1784393402.695942, "x": 3.4856808099791072, "y": -1.6952294726016042, "zone": "wh_forbidden_zone", "min_dist": 0.0}
{"t": 1784393402.8484042, "x": 3.4856808099791072, "y": -1.6952294726016042, "zone": "wh_forbidden_zone", "min_dist": 0.0}
{"t": 1784393403.0086727, "x": 3.4856808099791072, "y": -1.6952294726016042, "zone": "wh_forbidden_zone", "min_dist": 0.0}
{"t": 1784393403.1607878, "x": 3.4856808099791072, "y": -1.6952294726016042, "zone": "wh_forbidden_zone", "min_dist": 0.0}
{"t": 1784393403.3130364, "x": 3.4856808099791072, "y": -1.6952294726016042, "zone": "wh_forbidden_zone", "min_dist": 0.0}
{"t": 1784393403.4737732, "x": 3.4856808099791072, "y": -1.6952294726016042, "zone": "wh_forbidden_zone", "min_dist": 0.0}
{"t": 1784393403.62547, "x": 3.4856808099791072, "y": -1.6952294726016042, "zone": "wh_forbidden_zone", "min_dist": 0.0}
{"t": 1784393403.7858744, "x": 3.4856808099791072, "y": -1.6952294726016042, "zone": "wh_forbidden_zone", "min_dist": 0.0}
{"t": 1784393403.9463513, "x": 3.4856808099791072, "y": -1.6952294726016042, "zone": "wh_forbidden_zone", "min_dist": 0.0}
{"t": 1784393404.0986614, "x": 3.4856808099791072, "y": -1.6952294726016042, "zone": "wh_forbidden_zone", "min_dist": 0.0}
{"t": 1784393404.2586236, "x": 3.4856808099791072, "y": -1.6952294726016042, "zone": "wh_forbidden_zone", "min_dist": 0.0}
{"t": 1784393404.4186687, "x": 3.4856808099791072, "y": -1.6952294726016042, "zone": "wh_forbidden_zone", "min_dist": 0.0}
{"t": 1784393404.5710194, "x": 3.4856808099791072, "y": -1.6952294726016042, "zone": "wh_forbidden_zone", "min_dist": 0.0}
{"t": 1784393404.7313669, "x": 3.4856808099791072, "y": -1.6952294726016042, "zone": "wh_forbidden_zone", "min_dist": 0.0}
{"t": 1784393404.8834698, "x": 3.4856808099791072, "y": -1.6952294726016042, "zone": "wh_forbidden_zone", "min_dist": 0.0}
{"t": 1784393405.044406, "x": 3.4856808099791072, "y": -1.6952294726016042, "zone": "wh_forbidden_zone", "min_dist": 0.0}
{"t": 1784393405.2045999, "x": 3.4856808099791072, "y": -1.6952294726016042, "zone": "wh_forbidden_zone", "min_dist": 0.0}
{"t": 1784393405.3644402, "x": 3.4856808099791072, "y": -1.6952294726016042, "zone": "wh_forbidden_zone", "min_dist": 0.0}
{"t": 1784393405.52468, "x": 3.4856808099791072, "y": -1.6952294726016042, "zone": "wh_forbidden_zone", "min_dist": 0.0}
{"t": 1784393405.700375, "x": 3.4856808099791072, "y": -1.6952294726016042, "zone": "wh_forbidden_zone", "min_dist": 0.0}
{"t": 1784393405.8527853, "x": 3.4856808099791072, "y": -1.6952294726016042, "zone": "wh_forbidden_zone", "min_dist": 0.0}
{"t": 1784393406.0053496, "x": 3.4856808099791072, "y": -1.6952294726016042, "zone": "wh_forbidden_zone", "min_dist": 0.0}
{"t": 1784393406.1577334, "x": 3.4856808099791072, "y": -1.6952294726016042, "zone": "wh_forbidden_zone", "min_dist": 0.0}
{"t": 1784393406.3179903, "x": 3.4856808099791072, "y": -1.6952294726016042, "zone": "wh_forbidden_zone", "min_dist": 0.0}
{"t": 1784393406.4704785, "x": 3.4856808099791072, "y": -1.6952294726016042, "zone": "wh_forbidden_zone", "min_dist": 0.0}
{"t": 1784393406.6223438, "x": 3.4856808099791072, "y": -1.6952294726016042, "zone": "wh_forbidden_zone", "min_dist": 0.0}
{"t": 1784393406.7748103, "x": 3.4856808099791072, "y": -1.6952294726016042, "zone": "wh_forbidden_zone", "min_dist": 0.0}
{"t": 1784393406.9348266, "x": 3.4856808099791072, "y": -1.6952294726016042, "zone": "wh_forbidden_zone", "min_dist": 0.0}
{"t": 1784393407.0875013, "x": 3.4856808099791072, "y": -1.6952294726016042, "zone": "wh_forbidden_zone", "min_dist": 0.0}
{"t": 1784393407.2475758, "x": 3.4856808099791072, "y": -1.6952294726016042, "zone": "wh_forbidden_zone", "min_dist": 0.0}
{"t": 1784393407.3996162, "x": 3.4856808099791072, "y": -1.6952294726016042, "zone": "wh_forbidden_zone", "min_dist": 0.0}
{"t": 1784393407.552344, "x": 3.4856808099791072, "y": -1.6952294726016042, "zone": "wh_forbidden_zone", "min_dist": 0.0}
{"t": 1784393407.7284184, "x": 3.4856808099791072, "y": -1.6952294726016042, "zone": "wh_forbidden_zone", "min_dist": 0.0}
{"t": 1784393407.8886454, "x": 3.4856808099791072, "y": -1.6952294726016042, "zone": "wh_forbidden_zone", "min_dist": 0.0}
{"t": 1784393408.0483937, "x": 3.4856808099791072, "y": -1.6952294726016042, "zone": "wh_forbidden_zone", "min_dist": 0.0}
{"t": 1784393408.2004669, "x": 3.4856808099791072, "y": -1.6952294726016042, "zone": "wh_forbidden_zone", "min_dist": 0.0}
{"t": 1784393408.360958, "x": 3.4856808099791072, "y": -1.6952294726016042, "zone": "wh_forbidden_zone", "min_dist": 0.0}
{"t": 1784393408.5139723, "x": 3.4856808099791072, "y": -1.6952294726016042, "zone": "wh_forbidden_zone", "min_dist": 0.0}
{"t": 1784393408.6658409, "x": 3.4856808099791072, "y": -1.6952294726016042, "zone": "wh_forbidden_zone", "min_dist": 0.0}
{"t": 1784393408.8262584, "x": 3.4856808099791072, "y": -1.6952294726016042, "zone": "wh_forbidden_zone", "min_dist": 0.0}
{"t": 1784393408.9864895, "x": 3.4856808099791072, "y": -1.6952294726016042, "zone": "wh_forbidden_zone", "min_dist": 0.0}
{"t": 1784393409.1389394, "x": 3.4856808099791072, "y": -1.6952294726016042, "zone": "wh_forbidden_zone", "min_dist": 0.0}
{"t": 1784393409.2994204, "x": 3.4856808099791072, "y": -1.6952294726016042, "zone": "wh_forbidden_zone", "min_dist": 0.0}
{"t": 1784393409.4515932, "x": 3.4856808099791072, "y": -1.6952294726016042, "zone": "wh_forbidden_zone", "min_dist": 0.0}
{"t": 1784393409.6037242, "x": 3.4856808099791072, "y": -1.6952294726016042, "zone": "wh_forbidden_zone", "min_dist": 0.0}
{"t": 1784393409.7642221, "x": 3.4856808099791072, "y": -1.6952294726016042, "zone": "wh_forbidden_zone", "min_dist": 0.0}
{"t": 1784393409.9243906, "x": 3.4856808099791072, "y": -1.6952294726016042, "zone": "wh_forbidden_zone", "min_dist": 0.0}
{"t": 1784393410.0767457, "x": 3.4856808099791072, "y": -1.6952294726016042, "zone": "wh_forbidden_zone", "min_dist": 0.0}
{"t": 1784393410.228957, "x": 3.4856808099791072, "y": -1.6952294726016042, "zone": "wh_forbidden_zone", "min_dist": 0.0}
{"t": 1784393410.3815713, "x": 3.4856808099791072, "y": -1.6952294726016042, "zone": "wh_forbidden_zone", "min_dist": 0.0}
{"t": 1784393410.5334232, "x": 3.4856808099791072, "y": -1.6952294726016042, "zone": "wh_forbidden_zone", "min_dist": 0.0}
{"t": 1784393410.6858144, "x": 3.4856808099791072, "y": -1.6952294726016042, "zone": "wh_forbidden_zone", "min_dist": 0.0}
{"t": 1784393410.8460433, "x": 3.4856808099791072, "y": -1.6952294726016042, "zone": "wh_forbidden_zone", "min_dist": 0.0}
{"t": 1784393410.9979312, "x": 3.4856808099791072, "y": -1.6952294726016042, "zone": "wh_forbidden_zone", "min_dist": 0.0}
{"t": 1784393411.1504626, "x": 3.4856808099791072, "y": -1.6952294726016042, "zone": "wh_forbidden_zone", "min_dist": 0.0}
{"t": 1784393411.3023522, "x": 3.4856808099791072, "y": -1.6952294726016042, "zone": "wh_forbidden_zone", "min_dist": 0.0}
{"t": 1784393411.4542427, "x": 3.4856808099791072, "y": -1.6952294726016042, "zone": "wh_forbidden_zone", "min_dist": 0.0}
{"t": 1784393411.6066473, "x": 3.4856808099791072, "y": -1.6952294726016042, "zone": "wh_forbidden_zone", "min_dist": 0.0}
{"t": 1784393411.7672448, "x": 3.4856808099791072, "y": -1.6952294726016042, "zone": "wh_forbidden_zone", "min_dist": 0.0}
{"t": 1784393411.9199452, "x": 3.4856808099791072, "y": -1.6952294726016042, "zone": "wh_forbidden_zone", "min_dist": 0.0}
{"t": 1784393412.0721512, "x": 3.4856808099791072, "y": -1.6952294726016042, "zone": "wh_forbidden_zone", "min_dist": 0.0}
{"t": 1784393412.2324495, "x": 3.4856808099791072, "y": -1.6952294726016042, "zone": "wh_forbidden_zone", "min_dist": 0.0}
{"t": 1784393412.3850188, "x": 3.4856808099791072, "y": -1.6952294726016042, "zone": "wh_forbidden_zone", "min_dist": 0.0}
{"t": 1784393412.5368745, "x": 3.4856808099791072, "y": -1.6952294726016042, "zone": "wh_forbidden_zone", "min_dist": 0.0}
{"t": 1784393412.697276, "x": 3.4856808099791072, "y": -1.6952294726016042, "zone": "wh_forbidden_zone", "min_dist": 0.0}
{"t": 1784393412.8494968, "x": 3.4856808099791072, "y": -1.6952294726016042, "zone": "wh_forbidden_zone", "min_dist": 0.0}
{"t": 1784393413.0014277, "x": 3.4856808099791072, "y": -1.6952294726016042, "zone": "wh_forbidden_zone", "min_dist": 0.0}
{"t": 1784393413.153579, "x": 3.4856808099791072, "y": -1.6952294726016042, "zone": "wh_forbidden_zone", "min_dist": 0.0}
{"t": 1784393413.313851, "x": 3.4856808099791072, "y": -1.6952294726016042, "zone": "wh_forbidden_zone", "min_dist": 0.0}
{"t": 1784393413.4663239, "x": 3.4856808099791072, "y": -1.6952294726016042, "zone": "wh_forbidden_zone", "min_dist": 0.0}
{"t": 1784393413.6185908, "x": 3.4856808099791072, "y": -1.6952294726016042, "zone": "wh_forbidden_zone", "min_dist": 0.0}
{"t": 1784393413.7708347, "x": 3.4856808099791072, "y": -1.6952294726016042, "zone": "wh_forbidden_zone", "min_dist": 0.0}
{"t": 1784393413.9233935, "x": 3.4856808099791072, "y": -1.6952294726016042, "zone": "wh_forbidden_zone", "min_dist": 0.0}
{"t": 1784393414.099656, "x": 3.4856808099791072, "y": -1.6952294726016042, "zone": "wh_forbidden_zone", "min_dist": 0.0}
{"t": 1784393414.259626, "x": 3.4856808099791072, "y": -1.6952294726016042, "zone": "wh_forbidden_zone", "min_dist": 0.0}
{"t": 1784393414.4115992, "x": 3.4856808099791072, "y": -1.6952294726016042, "zone": "wh_forbidden_zone", "min_dist": 0.0}
{"t": 1784393414.563976, "x": 3.4856808099791072, "y": -1.6952294726016042, "zone": "wh_forbidden_zone", "min_dist": 0.0}
{"t": 1784393414.7161956, "x": 3.4856808099791072, "y": -1.6952294726016042, "zone": "wh_forbidden_zone", "min_dist": 0.0}
{"t": 1784393414.876507, "x": 3.4856808099791072, "y": -1.6952294726016042, "zone": "wh_forbidden_zone", "min_dist": 0.0}
{"t": 1784393415.0368898, "x": 3.4856808099791072, "y": -1.6952294726016042, "zone": "wh_forbidden_zone", "min_dist": 0.0}
{"t": 1784393415.1973207, "x": 3.4856808099791072, "y": -1.6952294726016042, "zone": "wh_forbidden_zone", "min_dist": 0.0}
{"t": 1784393415.3575816, "x": 3.4856808099791072, "y": -1.6952294726016042, "zone": "wh_forbidden_zone", "min_dist": 0.0}
{"t": 1784393415.509838, "x": 3.4856808099791072, "y": -1.6952294726016042, "zone": "wh_forbidden_zone", "min_dist": 0.0}
{"t": 1784393415.6623857, "x": 3.4856808099791072, "y": -1.6952294726016042, "zone": "wh_forbidden_zone", "min_dist": 0.0}
{"t": 1784393415.814525, "x": 3.4856808099791072, "y": -1.6952294726016042, "zone": "wh_forbidden_zone", "min_dist": 0.0}
{"t": 1784393415.9671125, "x": 3.4856808099791072, "y": -1.6952294726016042, "zone": "wh_forbidden_zone", "min_dist": 0.0}
{"t": 1784393416.127078, "x": 3.4856808099791072, "y": -1.6952294726016042, "zone": "wh_forbidden_zone", "min_dist": 0.0}
{"t": 1784393416.2794843, "x": 3.4856808099791072, "y": -1.6952294726016042, "zone": "wh_forbidden_zone", "min_dist": 0.0}
{"t": 1784393416.439604, "x": 3.4856808099791072, "y": -1.6952294726016042, "zone": "wh_forbidden_zone", "min_dist": 0.0}
{"t": 1784393416.5921063, "x": 3.4856808099791072, "y": -1.6952294726016042, "zone": "wh_forbidden_zone", "min_dist": 0.0}
{"t": 1784393416.7445543, "x": 3.4856808099791072, "y": -1.6952294726016042, "zone": "wh_forbidden_zone", "min_dist": 0.0}
{"t": 1784393416.8963187, "x": 3.4856808099791072, "y": -1.6952294726016042, "zone": "wh_forbidden_zone", "min_dist": 0.0}
{"t": 1784393417.056896, "x": 3.4856808099791072, "y": -1.6952294726016042, "zone": "wh_forbidden_zone", "min_dist": 0.0}
{"t": 1784393417.2176228, "x": 3.4856808099791072, "y": -1.6952294726016042, "zone": "wh_forbidden_zone", "min_dist": 0.0}
{"t": 1784393417.369712, "x": 3.4856808099791072, "y": -1.6952294726016042, "zone": "wh_forbidden_zone", "min_dist": 0.0}
{"t": 1784393417.5298448, "x": 3.4856808099791072, "y": -1.6952294726016042, "zone": "wh_forbidden_zone", "min_dist": 0.0}
{"t": 1784393417.6907704, "x": 3.4856808099791072, "y": -1.6952294726016042, "zone": "wh_forbidden_zone", "min_dist": 0.0}
{"t": 1784393417.8504128, "x": 3.4856808099791072, "y": -1.6952294726016042, "zone": "wh_forbidden_zone", "min_dist": 0.0}
{"t": 1784393418.002862, "x": 3.4856808099791072, "y": -1.6952294726016042, "zone": "wh_forbidden_zone", "min_dist": 0.0}
{"t": 1784393418.1550498, "x": 3.4856808099791072, "y": -1.6952294726016042, "zone": "wh_forbidden_zone", "min_dist": 0.0}
{"t": 1784393418.3073084, "x": 3.4856808099791072, "y": -1.6952294726016042, "zone": "wh_forbidden_zone", "min_dist": 0.0}
{"t": 1784393418.4598126, "x": 3.4856808099791072, "y": -1.6952294726016042, "zone": "wh_forbidden_zone", "min_dist": 0.0}
{"t": 1784393418.6198812, "x": 3.4856808099791072, "y": -1.6952294726016042, "zone": "wh_forbidden_zone", "min_dist": 0.0}
{"t": 1784393418.7723079, "x": 3.4856808099791072, "y": -1.6952294726016042, "zone": "wh_forbidden_zone", "min_dist": 0.0}
{"t": 1784393418.9245615, "x": 3.4856808099791072, "y": -1.6952294726016042, "zone": "wh_forbidden_zone", "min_dist": 0.0}
{"t": 1784393419.0763958, "x": 3.4856808099791072, "y": -1.6952294726016042, "zone": "wh_forbidden_zone", "min_dist": 0.0}
{"t": 1784393419.228429, "x": 3.4856808099791072, "y": -1.6952294726016042, "zone": "wh_forbidden_zone", "min_dist": 0.0}
{"t": 1784393419.3806849, "x": 3.4856808099791072, "y": -1.6952294726016042, "zone": "wh_forbidden_zone", "min_dist": 0.0}
{"t": 1784393419.5404897, "x": 3.4856808099791072, "y": -1.6952294726016042, "zone": "wh_forbidden_zone", "min_dist": 0.0}
{"t": 1784393419.6926858, "x": 3.4856808099791072, "y": -1.6952294726016042, "zone": "wh_forbidden_zone", "min_dist": 0.0}
{"t": 1784393419.8450315, "x": 3.4856808099791072, "y": -1.6952294726016042, "zone": "wh_forbidden_zone", "min_dist": 0.0}
{"t": 1784393420.0057921, "x": 3.4856808099791072, "y": -1.6952294726016042, "zone": "wh_forbidden_zone", "min_dist": 0.0}
{"t": 1784393420.1660078, "x": 3.4856808099791072, "y": -1.6952294726016042, "zone": "wh_forbidden_zone", "min_dist": 0.0}
{"t": 1784393420.32644, "x": 3.4856808099791072, "y": -1.6952294726016042, "zone": "wh_forbidden_zone", "min_dist": 0.0}
{"t": 1784393420.4783664, "x": 3.4856808099791072, "y": -1.6952294726016042, "zone": "wh_forbidden_zone", "min_dist": 0.0}
{"t": 1784393420.630798, "x": 3.4856808099791072, "y": -1.6952294726016042, "zone": "wh_forbidden_zone", "min_dist": 0.0}
{"t": 1784393420.7910044, "x": 3.4856808099791072, "y": -1.6952294726016042, "zone": "wh_forbidden_zone", "min_dist": 0.0}
{"t": 1784393420.9435995, "x": 3.4856808099791072, "y": -1.6952294726016042, "zone": "wh_forbidden_zone", "min_dist": 0.0}
{"t": 1784393421.0956144, "x": 3.4856808099791072, "y": -1.6952294726016042, "zone": "wh_forbidden_zone", "min_dist": 0.0}
{"t": 1784393421.2478924, "x": 3.4856808099791072, "y": -1.6952294726016042, "zone": "wh_forbidden_zone", "min_dist": 0.0}
{"t": 1784393421.4004219, "x": 3.4856808099791072, "y": -1.6952294726016042, "zone": "wh_forbidden_zone", "min_dist": 0.0}
{"t": 1784393421.5524974, "x": 3.4856808099791072, "y": -1.6952294726016042, "zone": "wh_forbidden_zone", "min_dist": 0.0}
{"t": 1784393421.7046971, "x": 3.4856808099791072, "y": -1.6952294726016042, "zone": "wh_forbidden_zone", "min_dist": 0.0}
{"t": 1784393421.8651264, "x": 3.4856808099791072, "y": -1.6952294726016042, "zone": "wh_forbidden_zone", "min_dist": 0.0}
{"t": 1784393422.017322, "x": 3.4856808099791072, "y": -1.6952294726016042, "zone": "wh_forbidden_zone", "min_dist": 0.0}
{"t": 1784393422.1781564, "x": 3.4856808099791072, "y": -1.6952294726016042, "zone": "wh_forbidden_zone", "min_dist": 0.0}
{"t": 1784393422.3381257, "x": 3.4856808099791072, "y": -1.6952294726016042, "zone": "wh_forbidden_zone", "min_dist": 0.0}
{"t": 1784393422.4900086, "x": 3.4856808099791072, "y": -1.6952294726016042, "zone": "wh_forbidden_zone", "min_dist": 0.0}
{"t": 1784393422.6426017, "x": 3.4856808099791072, "y": -1.6952294726016042, "zone": "wh_forbidden_zone", "min_dist": 0.0}
{"t": 1784393422.802611, "x": 3.4856808099791072, "y": -1.6952294726016042, "zone": "wh_forbidden_zone", "min_dist": 0.0}
{"t": 1784393422.9625854, "x": 3.4856808099791072, "y": -1.6952294726016042, "zone": "wh_forbidden_zone", "min_dist": 0.0}
{"t": 1784393423.122929, "x": 3.4856808099791072, "y": -1.6952294726016042, "zone": "wh_forbidden_zone", "min_dist": 0.0}
{"t": 1784393423.283335, "x": 3.4856808099791072, "y": -1.6952294726016042, "zone": "wh_forbidden_zone", "min_dist": 0.0}
{"t": 1784393423.4354613, "x": 3.4856808099791072, "y": -1.6952294726016042, "zone": "wh_forbidden_zone", "min_dist": 0.0}
{"t": 1784393423.5879517, "x": 3.4856808099791072, "y": -1.6952294726016042, "zone": "wh_forbidden_zone", "min_dist": 0.0}
{"t": 1784393423.740441, "x": 3.4856808099791072, "y": -1.6952294726016042, "zone": "wh_forbidden_zone", "min_dist": 0.0}
{"t": 1784393423.9005935, "x": 3.4856808099791072, "y": -1.6952294726016042, "zone": "wh_forbidden_zone", "min_dist": 0.0}
{"t": 1784393424.0525472, "x": 3.4856808099791072, "y": -1.6952294726016042, "zone": "wh_forbidden_zone", "min_dist": 0.0}
{"t": 1784393424.2046638, "x": 3.4856808099791072, "y": -1.6952294726016042, "zone": "wh_forbidden_zone", "min_dist": 0.0}
{"t": 1784393424.3648717, "x": 3.4856808099791072, "y": -1.6952294726016042, "zone": "wh_forbidden_zone", "min_dist": 0.0}
{"t": 1784393424.5172296, "x": 3.4856808099791072, "y": -1.6952294726016042, "zone": "wh_forbidden_zone", "min_dist": 0.0}
{"t": 1784393424.6697369, "x": 3.4856808099791072, "y": -1.6952294726016042, "zone": "wh_forbidden_zone", "min_dist": 0.0}
{"t": 1784393424.8220308, "x": 3.4856808099791072, "y": -1.6952294726016042, "zone": "wh_forbidden_zone", "min_dist": 0.0}
{"t": 1784393424.9818933, "x": 3.4856808099791072, "y": -1.6952294726016042, "zone": "wh_forbidden_zone", "min_dist": 0.0}
{"t": 1784393425.1339111, "x": 3.4856808099791072, "y": -1.6952294726016042, "zone": "wh_forbidden_zone", "min_dist": 0.0}
{"t": 1784393425.294443, "x": 3.4856808099791072, "y": -1.6952294726016042, "zone": "wh_forbidden_zone", "min_dist": 0.0}
{"t": 1784393425.454845, "x": 3.4856808099791072, "y": -1.6952294726016042, "zone": "wh_forbidden_zone", "min_dist": 0.0}
{"t": 1784393425.6070464, "x": 3.4856808099791072, "y": -1.6952294726016042, "zone": "wh_forbidden_zone", "min_dist": 0.0}
{"t": 1784393425.7592177, "x": 3.4856808099791072, "y": -1.6952294726016042, "zone": "wh_forbidden_zone", "min_dist": 0.0}
{"t": 1784393425.911381, "x": 3.4856808099791072, "y": -1.6952294726016042, "zone": "wh_forbidden_zone", "min_dist": 0.0}
{"t": 1784393426.06337, "x": 3.4856808099791072, "y": -1.6952294726016042, "zone": "wh_forbidden_zone", "min_dist": 0.0}
{"t": 1784393426.2153099, "x": 3.4856808099791072, "y": -1.6952294726016042, "zone": "wh_forbidden_zone", "min_dist": 0.0}
{"t": 1784393426.367328, "x": 3.4856808099791072, "y": -1.6952294726016042, "zone": "wh_forbidden_zone", "min_dist": 0.0}
{"t": 1784393426.5199363, "x": 3.4856808099791072, "y": -1.6952294726016042, "zone": "wh_forbidden_zone", "min_dist": 0.0}
{"t": 1784393426.6721208, "x": 3.4856808099791072, "y": -1.6952294726016042, "zone": "wh_forbidden_zone", "min_dist": 0.0}
{"t": 1784393426.8246474, "x": 3.4856808099791072, "y": -1.6952294726016042, "zone": "wh_forbidden_zone", "min_dist": 0.0}
{"t": 1784393426.9769719, "x": 3.4856808099791072, "y": -1.6952294726016042, "zone": "wh_forbidden_zone", "min_dist": 0.0}
{"t": 1784393427.1294248, "x": 3.4856808099791072, "y": -1.6952294726016042, "zone": "wh_forbidden_zone", "min_dist": 0.0}
{"t": 1784393427.2894716, "x": 3.4856808099791072, "y": -1.6952294726016042, "zone": "wh_forbidden_zone", "min_dist": 0.0}
{"t": 1784393427.4419022, "x": 3.4856808099791072, "y": -1.6952294726016042, "zone": "wh_forbidden_zone", "min_dist": 0.0}
{"t": 1784393427.5939808, "x": 3.4856808099791072, "y": -1.6952294726016042, "zone": "wh_forbidden_zone", "min_dist": 0.0}
{"t": 1784393427.746688, "x": 3.4856808099791072, "y": -1.6952294726016042, "zone": "wh_forbidden_zone", "min_dist": 0.0}
{"t": 1784393427.89861, "x": 3.4856808099791072, "y": -1.6952294726016042, "zone": "wh_forbidden_zone", "min_dist": 0.0}
{"t": 1784393428.0750139, "x": 3.4856808099791072, "y": -1.6952294726016042, "zone": "wh_forbidden_zone", "min_dist": 0.0}
{"t": 1784393428.2269433, "x": 3.4856808099791072, "y": -1.6952294726016042, "zone": "wh_forbidden_zone", "min_dist": 0.0}
{"t": 1784393428.3794045, "x": 3.4856808099791072, "y": -1.6952294726016042, "zone": "wh_forbidden_zone", "min_dist": 0.0}
{"t": 1784393428.5394573, "x": 3.4856808099791072, "y": -1.6952294726016042, "zone": "wh_forbidden_zone", "min_dist": 0.0}
{"t": 1784393428.6915696, "x": 3.4856808099791072, "y": -1.6952294726016042, "zone": "wh_forbidden_zone", "min_dist": 0.0}
{"t": 1784393428.8518405, "x": 3.4856808099791072, "y": -1.6952294726016042, "zone": "wh_forbidden_zone", "min_dist": 0.0}
{"t": 1784393429.0121396, "x": 3.4856808099791072, "y": -1.6952294726016042, "zone": "wh_forbidden_zone", "min_dist": 0.0}
{"t": 1784393429.1645546, "x": 3.4856808099791072, "y": -1.6952294726016042, "zone": "wh_forbidden_zone", "min_dist": 0.0}
{"t": 1784393429.3244202, "x": 3.4856808099791072, "y": -1.6952294726016042, "zone": "wh_forbidden_zone", "min_dist": 0.0}
{"t": 1784393429.500395, "x": 3.4856808099791072, "y": -1.6952294726016042, "zone": "wh_forbidden_zone", "min_dist": 0.0}
{"t": 1784393429.660838, "x": 3.4856808099791072, "y": -1.6952294726016042, "zone": "wh_forbidden_zone", "min_dist": 0.0}
{"t": 1784393429.8213844, "x": 3.4856808099791072, "y": -1.6952294726016042, "zone": "wh_forbidden_zone", "min_dist": 0.0}
{"t": 1784393429.9814873, "x": 3.4856808099791072, "y": -1.6952294726016042, "zone": "wh_forbidden_zone", "min_dist": 0.0}
{"t": 1784393430.1416283, "x": 3.4856808099791072, "y": -1.6952294726016042, "zone": "wh_forbidden_zone", "min_dist": 0.0}
{"t": 1784393430.3021894, "x": 3.4856808099791072, "y": -1.6952294726016042, "zone": "wh_forbidden_zone", "min_dist": 0.0}
{"t": 1784393430.462556, "x": 3.4856808099791072, "y": -1.6952294726016042, "zone": "wh_forbidden_zone", "min_dist": 0.0}
{"t": 1784393430.614577, "x": 3.4856808099791072, "y": -1.6952294726016042, "zone": "wh_forbidden_zone", "min_dist": 0.0}
{"t": 1784393430.76654, "x": 3.4856808099791072, "y": -1.6952294726016042, "zone": "wh_forbidden_zone", "min_dist": 0.0}
{"t": 1784393430.91867, "x": 3.4856808099791072, "y": -1.6952294726016042, "zone": "wh_forbidden_zone", "min_dist": 0.0}
{"t": 1784393431.071013, "x": 3.4856808099791072, "y": -1.6952294726016042, "zone": "wh_forbidden_zone", "min_dist": 0.0}
{"t": 1784393431.2312338, "x": 3.4856808099791072, "y": -1.6952294726016042, "zone": "wh_forbidden_zone", "min_dist": 0.0}
{"t": 1784393431.3835392, "x": 3.4856808099791072, "y": -1.6952294726016042, "zone": "wh_forbidden_zone", "min_dist": 0.0}
{"t": 1784393431.5355911, "x": 3.4856808099791072, "y": -1.6952294726016042, "zone": "wh_forbidden_zone", "min_dist": 0.0}
{"t": 1784393431.6881151, "x": 3.4856808099791072, "y": -1.6952294726016042, "zone": "wh_forbidden_zone", "min_dist": 0.0}
{"t": 1784393431.8405895, "x": 3.4856808099791072, "y": -1.6952294726016042, "zone": "wh_forbidden_zone", "min_dist": 0.0}
{"t": 1784393432.0004957, "x": 3.4856808099791072, "y": -1.6952294726016042, "zone": "wh_forbidden_zone", "min_dist": 0.0}
{"t": 1784393432.153162, "x": 3.4856808099791072, "y": -1.6952294726016042, "zone": "wh_forbidden_zone", "min_dist": 0.0}
{"t": 1784393432.3056617, "x": 3.4856808099791072, "y": -1.6952294726016042, "zone": "wh_forbidden_zone", "min_dist": 0.0}
{"t": 1784393432.465576, "x": 3.4856808099791072, "y": -1.6952294726016042, "zone": "wh_forbidden_zone", "min_dist": 0.0}
{"t": 1784393432.618123, "x": 3.4856808099791072, "y": -1.6952294726016042, "zone": "wh_forbidden_zone", "min_dist": 0.0}
{"t": 1784393432.778336, "x": 3.4856808099791072, "y": -1.6952294726016042, "zone": "wh_forbidden_zone", "min_dist": 0.0}
{"t": 1784393432.938384, "x": 3.4856808099791072, "y": -1.6952294726016042, "zone": "wh_forbidden_zone", "min_dist": 0.0}
{"t": 1784393433.0905929, "x": 3.4856808099791072, "y": -1.6952294726016042, "zone": "wh_forbidden_zone", "min_dist": 0.0}
{"t": 1784393433.2428753, "x": 3.4856808099791072, "y": -1.6952294726016042, "zone": "wh_forbidden_zone", "min_dist": 0.0}
{"t": 1784393433.3954585, "x": 3.4856808099791072, "y": -1.6952294726016042, "zone": "wh_forbidden_zone", "min_dist": 0.0}
{"t": 1784393433.5475705, "x": 3.4856808099791072, "y": -1.6952294726016042, "zone": "wh_forbidden_zone", "min_dist": 0.0}
{"t": 1784393433.7000248, "x": 3.4856808099791072, "y": -1.6952294726016042, "zone": "wh_forbidden_zone", "min_dist": 0.0}
{"t": 1784393433.8523362, "x": 3.4856808099791072, "y": -1.6952294726016042, "zone": "wh_forbidden_zone", "min_dist": 0.0}
{"t": 1784393434.0045238, "x": 3.4856808099791072, "y": -1.6952294726016042, "zone": "wh_forbidden_zone", "min_dist": 0.0}
{"t": 1784393434.1571696, "x": 3.4856808099791072, "y": -1.6952294726016042, "zone": "wh_forbidden_zone", "min_dist": 0.0}
{"t": 1784393434.3171184, "x": 3.4856808099791072, "y": -1.6952294726016042, "zone": "wh_forbidden_zone", "min_dist": 0.0}
{"t": 1784393434.4692545, "x": 3.4856808099791072, "y": -1.6952294726016042, "zone": "wh_forbidden_zone", "min_dist": 0.0}
{"t": 1784393434.6293535, "x": 3.4856808099791072, "y": -1.6952294726016042, "zone": "wh_forbidden_zone", "min_dist": 0.0}
{"t": 1784393434.7814136, "x": 3.4856808099791072, "y": -1.6952294726016042, "zone": "wh_forbidden_zone", "min_dist": 0.0}
{"t": 1784393434.9418874, "x": 3.4856808099791072, "y": -1.6952294726016042, "zone": "wh_forbidden_zone", "min_dist": 0.0}
{"t": 1784393435.0940416, "x": 3.4856808099791072, "y": -1.6952294726016042, "zone": "wh_forbidden_zone", "min_dist": 0.0}
{"t": 1784393435.2464638, "x": 3.4856808099791072, "y": -1.6952294726016042, "zone": "wh_forbidden_zone", "min_dist": 0.0}
{"t": 1784393435.3988118, "x": 3.4856808099791072, "y": -1.6952294726016042, "zone": "wh_forbidden_zone", "min_dist": 0.0}
{"t": 1784393435.5509171, "x": 3.4856808099791072, "y": -1.6952294726016042, "zone": "wh_forbidden_zone", "min_dist": 0.0}
{"t": 1784393435.7032998, "x": 3.4856808099791072, "y": -1.6952294726016042, "zone": "wh_forbidden_zone", "min_dist": 0.0}
{"t": 1784393435.8555954, "x": 3.4856808099791072, "y": -1.6952294726016042, "zone": "wh_forbidden_zone", "min_dist": 0.0}
{"t": 1784393436.0079749, "x": 3.4856808099791072, "y": -1.6952294726016042, "zone": "wh_forbidden_zone", "min_dist": 0.0}
{"t": 1784393436.2596068, "x": 3.4856808099791072, "y": -1.6952294726016042, "zone": "wh_forbidden_zone", "min_dist": 0.0}
{"t": 1784393436.4164927, "x": 3.4856808099791072, "y": -1.6952294726016042, "zone": "wh_forbidden_zone", "min_dist": 0.0}
{"t": 1784393436.5767949, "x": 3.4856808099791072, "y": -1.6952294726016042, "zone": "wh_forbidden_zone", "min_dist": 0.0}
{"t": 1784393436.7370498, "x": 3.4856808099791072, "y": -1.6952294726016042, "zone": "wh_forbidden_zone", "min_dist": 0.0}
{"t": 1784393436.8894486, "x": 3.4856808099791072, "y": -1.6952294726016042, "zone": "wh_forbidden_zone", "min_dist": 0.0}
{"t": 1784393437.0415552, "x": 3.4856808099791072, "y": -1.6952294726016042, "zone": "wh_forbidden_zone", "min_dist": 0.0}
{"t": 1784393437.1936255, "x": 3.4856808099791072, "y": -1.6952294726016042, "zone": "wh_forbidden_zone", "min_dist": 0.0}
{"t": 1784393437.3457391, "x": 3.4856808099791072, "y": -1.6952294726016042, "zone": "wh_forbidden_zone", "min_dist": 0.0}
{"t": 1784393437.5063412, "x": 3.4856808099791072, "y": -1.6952294726016042, "zone": "wh_forbidden_zone", "min_dist": 0.0}
{"t": 1784393437.6586187, "x": 3.4856808099791072, "y": -1.6952294726016042, "zone": "wh_forbidden_zone", "min_dist": 0.0}
{"t": 1784393437.8104637, "x": 3.4856808099791072, "y": -1.6952294726016042, "zone": "wh_forbidden_zone", "min_dist": 0.0}
{"t": 1784393437.963089, "x": 3.4856808099791072, "y": -1.6952294726016042, "zone": "wh_forbidden_zone", "min_dist": 0.0}
{"t": 1784393438.1151876, "x": 3.4856808099791072, "y": -1.6952294726016042, "zone": "wh_forbidden_zone", "min_dist": 0.0}
{"t": 1784393438.2915576, "x": 3.4856808099791072, "y": -1.6952294726016042, "zone": "wh_forbidden_zone", "min_dist": 0.0}
{"t": 1784393438.4433098, "x": 3.4856808099791072, "y": -1.6952294726016042, "zone": "wh_forbidden_zone", "min_dist": 0.0}
{"t": 1784393438.5960069, "x": 3.4856808099791072, "y": -1.6952294726016042, "zone": "wh_forbidden_zone", "min_dist": 0.0}
{"t": 1784393438.7478716, "x": 3.4856808099791072, "y": -1.6952294726016042, "zone": "wh_forbidden_zone", "min_dist": 0.0}
{"t": 1784393438.9006436, "x": 3.4856808099791072, "y": -1.6952294726016042, "zone": "wh_forbidden_zone", "min_dist": 0.0}
{"t": 1784393439.0526733, "x": 3.4856808099791072, "y": -1.6952294726016042, "zone": "wh_forbidden_zone", "min_dist": 0.0}
{"t": 1784393439.2049694, "x": 3.4856808099791072, "y": -1.6952294726016042, "zone": "wh_forbidden_zone", "min_dist": 0.0}
{"t": 1784393439.365545, "x": 3.4856808099791072, "y": -1.6952294726016042, "zone": "wh_forbidden_zone", "min_dist": 0.0}
{"t": 1784393439.5180037, "x": 3.4856808099791072, "y": -1.6952294726016042, "zone": "wh_forbidden_zone", "min_dist": 0.0}
{"t": 1784393439.6695244, "x": 3.4856808099791072, "y": -1.6952294726016042, "zone": "wh_forbidden_zone", "min_dist": 0.0}
{"t": 1784393439.821857, "x": 3.4856808099791072, "y": -1.6952294726016042, "zone": "wh_forbidden_zone", "min_dist": 0.0}
{"t": 1784393439.9821167, "x": 3.4856808099791072, "y": -1.6952294726016042, "zone": "wh_forbidden_zone", "min_dist": 0.0}
{"t": 1784393440.1344066, "x": 3.4856808099791072, "y": -1.6952294726016042, "zone": "wh_forbidden_zone", "min_dist": 0.0}
{"t": 1784393440.294483, "x": 3.4856808099791072, "y": -1.6952294726016042, "zone": "wh_forbidden_zone", "min_dist": 0.0}
{"t": 1784393440.4549053, "x": 3.4856808099791072, "y": -1.6952294726016042, "zone": "wh_forbidden_zone", "min_dist": 0.0}
{"t": 1784393440.6071432, "x": 3.4856808099791072, "y": -1.6952294726016042, "zone": "wh_forbidden_zone", "min_dist": 0.0}
{"t": 1784393440.7675881, "x": 3.4856808099791072, "y": -1.6952294726016042, "zone": "wh_forbidden_zone", "min_dist": 0.0}
{"t": 1784393440.9198759, "x": 3.4856808099791072, "y": -1.6952294726016042, "zone": "wh_forbidden_zone", "min_dist": 0.0}
{"t": 1784393441.0799994, "x": 3.4856808099791072, "y": -1.6952294726016042, "zone": "wh_forbidden_zone", "min_dist": 0.0}
{"t": 1784393441.2323651, "x": 3.4856808099791072, "y": -1.6952294726016042, "zone": "wh_forbidden_zone", "min_dist": 0.0}
{"t": 1784393441.3923168, "x": 3.4856808099791072, "y": -1.6952294726016042, "zone": "wh_forbidden_zone", "min_dist": 0.0}
{"t": 1784393441.5527387, "x": 3.4856808099791072, "y": -1.6952294726016042, "zone": "wh_forbidden_zone", "min_dist": 0.0}
{"t": 1784393441.7049172, "x": 3.4856808099791072, "y": -1.6952294726016042, "zone": "wh_forbidden_zone", "min_dist": 0.0}
{"t": 1784393441.857241, "x": 3.4856808099791072, "y": -1.6952294726016042, "zone": "wh_forbidden_zone", "min_dist": 0.0}
{"t": 1784393442.0095534, "x": 3.4856808099791072, "y": -1.6952294726016042, "zone": "wh_forbidden_zone", "min_dist": 0.0}
{"t": 1784393442.2619243, "x": 3.4856808099791072, "y": -1.6952294726016042, "zone": "wh_forbidden_zone", "min_dist": 0.0}
{"t": 1784393442.4181712, "x": 3.4856808099791072, "y": -1.6952294726016042, "zone": "wh_forbidden_zone", "min_dist": 0.0}
{"t": 1784393442.570504, "x": 3.4856808099791072, "y": -1.6952294726016042, "zone": "wh_forbidden_zone", "min_dist": 0.0}
{"t": 1784393442.730447, "x": 3.4856808099791072, "y": -1.6952294726016042, "zone": "wh_forbidden_zone", "min_dist": 0.0}
{"t": 1784393442.882928, "x": 3.4856808099791072, "y": -1.6952294726016042, "zone": "wh_forbidden_zone", "min_dist": 0.0}
{"t": 1784393443.0351853, "x": 3.4856808099791072, "y": -1.6952294726016042, "zone": "wh_forbidden_zone", "min_dist": 0.0}
{"t": 1784393443.1875906, "x": 3.4856808099791072, "y": -1.6952294726016042, "zone": "wh_forbidden_zone", "min_dist": 0.0}
{"t": 1784393443.3395793, "x": 3.4856808099791072, "y": -1.6952294726016042, "zone": "wh_forbidden_zone", "min_dist": 0.0}
{"t": 1784393443.4915595, "x": 3.4856808099791072, "y": -1.6952294726016042, "zone": "wh_forbidden_zone", "min_dist": 0.0}
{"t": 1784393443.644284, "x": 3.4856808099791072, "y": -1.6952294726016042, "zone": "wh_forbidden_zone", "min_dist": 0.0}
{"t": 1784393443.7965963, "x": 3.4856808099791072, "y": -1.6952294726016042, "zone": "wh_forbidden_zone", "min_dist": 0.0}
{"t": 1784393443.9565015, "x": 3.4856808099791072, "y": -1.6952294726016042, "zone": "wh_forbidden_zone", "min_dist": 0.0}
{"t": 1784393444.1170976, "x": 3.4856808099791072, "y": -1.6952294726016042, "zone": "wh_forbidden_zone", "min_dist": 0.0}
{"t": 1784393444.2693377, "x": 3.4856808099791072, "y": -1.6952294726016042, "zone": "wh_forbidden_zone", "min_dist": 0.0}
{"t": 1784393444.4213884, "x": 3.4856808099791072, "y": -1.6952294726016042, "zone": "wh_forbidden_zone", "min_dist": 0.0}
{"t": 1784393444.581626, "x": 3.4856808099791072, "y": -1.6952294726016042, "zone": "wh_forbidden_zone", "min_dist": 0.0}
{"t": 1784393444.7337835, "x": 3.4856808099791072, "y": -1.6952294726016042, "zone": "wh_forbidden_zone", "min_dist": 0.0}
{"t": 1784393444.8860219, "x": 3.4856808099791072, "y": -1.6952294726016042, "zone": "wh_forbidden_zone", "min_dist": 0.0}
{"t": 1784393445.0384898, "x": 3.4856808099791072, "y": -1.6952294726016042, "zone": "wh_forbidden_zone", "min_dist": 0.0}
{"t": 1784393445.190504, "x": 3.4856808099791072, "y": -1.6952294726016042, "zone": "wh_forbidden_zone", "min_dist": 0.0}
{"t": 1784393445.3513155, "x": 3.4856808099791072, "y": -1.6952294726016042, "zone": "wh_forbidden_zone", "min_dist": 0.0}
