{"t": 1784509377.9203122, "x": -6.818123459399987e-12, "y": -1.667737192799098e-13, "zone": null, "min_dist": 1.6401219466896975}
{"t": 1784509378.0720463, "x": -6.818123459399987e-12, "y": -1.667737192799098e-13, "zone": null, "min_dist": 1.6401219466896975}
{"t": 1784509378.2323077, "x": -6.818123459399987e-12, "y": -1.667737192799098e-13, "zone": null, "min_dist": 1.6401219466896975}
{"t": 1784509378.3923848, "x": -6.818123459399987e-12, "y": -1.667737192799098e-13, "zone": null, "min_dist": 1.6401219466896975}
{"t": 1784509378.552894, "x": -6.818123459399987e-12, "y": -1.667737192799098e-13, "zone": null, "min_dist": 1.6401219466896975}
{"t": 1784509378.7140255, "x": -6.818123459399987e-12, "y": -1.667737192799098e-13, "zone": null, "min_dist": 1.6401219466896975}
{"t": 1784509378.874182, "x": -6.818123459399987e-12, "y": -1.667737192799098e-13, "zone": null, "min_dist": 1.6401219466896975}
{"t": 1784509379.0343761, "x": -6.818123459399987e-12, "y": -1.667737192799098e-13, "zone": null, "min_dist": 1.6401219466896975}
{"t": 1784509379.1942747, "x": -6.818123459399987e-12, "y": -1.667737192799098e-13, "zone": null, "min_dist": 1.6401219466896975}
{"t": 1784509379.3551252, "x": -6.818123459399987e-12, "y": -1.667737192799098e-13, "zone": null, "min_dist": 1.6401219466896975}
{"t": 1784509379.5152938, "x": -6.818123459399987e-12, "y": -1.667737192799098e-13, "zone": null, "min_dist": 1.6401219466896975}
{"t": 1784509379.6753678, "x": -6.818123459399987e-12, "y": -1.667737192799098e-13, "zone": null, "min_dist": 1.6401219466896975}
{"t": 1784509379.8355286, "x": -6.818123459399987e-12, "y": -1.667737192799098e-13, "zone": null, "min_dist": 1.6401219466896975}
{"t": 1784509379.9878542, "x": -6.818123459399987e-12, "y": -1.667737192799098e-13, "zone": null, "min_dist": 1.6401219466896975}
{"t": 1784509380.1480563, "x": -6.818123459399987e-12, "y": -1.667737192799098e-13, "zone": null, "min_dist": 1.6401219466896975}
{"t": 1784509380.300257, "x": -6.818123459399987e-12, "y": -1.667737192799098e-13, "zone": null, "min_dist": 1.6401219466896975}
{"t": 1784509380.4529138, "x": -6.818123459399987e-12, "y": -1.667737192799098e-13, "zone": null, "min_dist": 1.6401219466896975}
{"t": 1784509380.604821, "x": -6.818123459399987e-12, "y": -1.667737192799098e-13, "zone": null, "min_dist": 1.6401219466896975}
{"t": 1784509380.7813737, "x": -6.818123459399987e-12, "y": -1.667737192799098e-13, "zone": null, "min_dist": 1.6401219466896975}
{"t": 1784509380.9414523, "x": -6.818123459399987e-12, "y": -1.667737192799098e-13, "zone": null, "min_dist": 1.6401219466896975}
{"t": 1784509381.1015065, "x": -6.818123459399987e-12, "y": -1.667737192799098e-13, "zone": null, "min_dist": 1.6401219466896975}
{"t": 1784509381.2617593, "x": -6.818123459399987e-12, "y": -1.667737192799098e-13, "zone": null, "min_dist": 1.6401219466896975}
{"t": 1784509381.4142287, "x": -6.818123459399987e-12, "y": -1.667737192799098e-13, "zone": null, "min_dist": 1.6401219466896975}
{"t": 1784509381.5669534, "x": -6.818123459399987e-12, "y": -1.667737192799098e-13, "zone": null, "min_dist": 1.6401219466896975}
{"t": 1784509381.727425, "x": -6.818123459399987e-12, "y": -1.667737192799098e-13, "zone": null, "min_dist": 1.6401219466896975}
{"t": 1784509381.8878515, "x": -6.818123459399987e-12, "y": -1.667737192799098e-13, "zone": null, "min_dist": 1.6401219466896975}
{"t": 1784509382.0477736, "x": -6.818123459399987e-12, "y": -1.667737192799098e-13, "zone": null, "min_dist": 1.6401219466896975}
{"t": 1784509382.2082386, "x": 0.0006397513880409787, "y": 1.5191350638665232e-11, "zone": null, "min_dist": 1.6397319617749295}
{"t": 1784509382.3605118, "x": 0.01766256689523606, "y": 3.1036155948283828e-09, "zone": null, "min_dist": 1.6294130306369397}
{"t": 1784509382.5207446, "x": 0.050341198358142526, "y": 1.3075317651252319e-08, "zone": null, "min_dist": 1.6099229191299884}
{"t": 1784509382.6733692, "x": 0.08295078940239439, "y": 2.353158596200175e-08, "zone": null, "min_dist": 1.5909051491134123}
{"t": 1784509382.8256483, "x": 0.11518985563200053, "y": 3.37608037925077e-08, "zone": null, "min_dist": 1.5725421787025085}
{"t": 1784509382.9936955, "x": 0.14983412106907743, "y": 4.448162160856323e-08, "zone": null, "min_dist": 1.5533132028171825}
{"t": 1784509383.153495, "x": 0.18419710202939438, "y": 5.5548872823211915e-08, "zone": null, "min_dist": 1.5347749750077933}
{"t": 1784509383.3297195, "x": 0.22140630596868485, "y": 6.732798763810594e-08, "zone": null, "min_dist": 1.5153243762747848}
{"t": 1784509383.4902678, "x": 0.25432254123125525, "y": 7.747942820738692e-08, "zone": null, "min_dist": 1.4986776408118276}
{"t": 1784509383.6504695, "x": 0.28877815416423336, "y": 8.860603519889575e-08, "zone": null, "min_dist": 1.4818354441766979}
{"t": 1784509383.810806, "x": 0.32329773291867586, "y": 9.976205044694948e-08, "zone": null, "min_dist": 1.4655803283654167}
{"t": 1784509383.9634893, "x": 0.3547957484661925, "y": 1.0951532432048985e-07, "zone": null, "min_dist": 1.45130570227553}
{"t": 1784509384.1232607, "x": 0.3889735224998669, "y": 1.2048257899627694e-07, "zone": null, "min_dist": 1.436437622367059}
{"t": 1784509384.2997358, "x": 0.42630404872001176, "y": 1.3235826478819746e-07, "zone": null, "min_dist": 1.4209597814095865}
{"t": 1784509384.451831, "x": 0.4588816429485851, "y": 1.427890235817762e-07, "zone": null, "min_dist": 1.4081224041561806}
{"t": 1784509384.6122327, "x": 0.4922224545844667, "y": 1.5325939173960587e-07, "zone": null, "min_dist": 1.3956495395169337}
{"t": 1784509384.7724733, "x": 0.5264067856114237, "y": 1.6417857088873718e-07, "zone": null, "min_dist": 1.3835787313523746}
{"t": 1784509384.9327798, "x": 0.5597574326565665, "y": 1.7457098224411177e-07, "zone": null, "min_dist": 1.3725206971906159}
{"t": 1784509385.092336, "x": 0.5935613741396277, "y": 1.8532038996837526e-07, "zone": null, "min_dist": 1.362054284805965}
{"t": 1784509385.2530005, "x": 0.6275604698446666, "y": 1.9613560396624033e-07, "zone": null, "min_dist": 1.352298300549769}
{"t": 1784509385.405261, "x": 0.6595216431087136, "y": 2.0618602904929577e-07, "zone": null, "min_dist": 1.3438470803732683}
{"t": 1784509385.5571494, "x": 0.6911950862338252, "y": 2.1613288593506394e-07, "zone": null, "min_dist": 1.3361736087876748}
{"t": 1784509385.7179, "x": 0.7254720487813384, "y": 2.271114839847092e-07, "zone": null, "min_dist": 1.3286703900932348}
{"t": 1784509385.8703432, "x": 0.757062695844954, "y": 2.369241645965651e-07, "zone": null, "min_dist": 1.322504411239278}
{"t": 1784509386.030286, "x": 0.7911158693539986, "y": 2.4782197947763286e-07, "zone": null, "min_dist": 1.316674574714136}
{"t": 1784509386.182894, "x": 0.8232623056957659, "y": 2.5799392225075964e-07, "zone": null, "min_dist": 1.3119586661948788}
{"t": 1784509386.343321, "x": 0.857350695645686, "y": 2.6886325335967346e-07, "zone": null, "min_dist": 1.307802785204399}
{"t": 1784509386.4958408, "x": 0.889302033459359, "y": 2.7898517218457006e-07, "zone": null, "min_dist": 1.3047043015315245}
{"t": 1784509386.6557405, "x": 0.923301101395903, "y": 2.897918969880907e-07, "zone": null, "min_dist": 1.3022603301906397}
{"t": 1784509386.816081, "x": 0.9564664853443354, "y": 3.00065411986395e-07, "zone": null, "min_dist": 1.3007284062125704}
{"t": 1784509386.968462, "x": 0.9888842593748345, "y": 3.104529073567604e-07, "zone": null, "min_dist": 1.3000472116474013}
{"t": 1784509387.1289406, "x": 1.0234038381703419, "y": 3.216088689834358e-07, "zone": null, "min_dist": 1.299999678391131}
{"t": 1784509387.2887871, "x": 1.0568471168003248, "y": 3.320606798311122e-07, "zone": null, "min_dist": 1.2999996679393202}
{"t": 1784509387.4411318, "x": 1.089079657368985, "y": 1.4537266458897654e-07, "zone": null, "min_dist": 1.2999998546273355}
{"t": 1784509387.6017492, "x": 1.1236703022913794, "y": -0.00012271387268645046, "zone": null, "min_dist": 1.2998772861273136}
{"t": 1784509387.7536933, "x": 1.1550753742600424, "y": -0.00026272330028886915, "zone": null, "min_dist": 1.2997372766997113}
{"t": 1784509387.9305625, "x": 1.1916292341906487, "y": -0.0004256867632516218, "zone": null, "min_dist": 1.2995743132367483}
{"t": 1784509388.0825477, "x": 1.2244524588605734, "y": -0.000572018032518111, "zone": null, "min_dist": 1.2994279819674819}
{"t": 1784509388.2349627, "x": 1.256228053237596, "y": -0.0007136791279388854, "zone": null, "min_dist": 1.299286320872061}
{"t": 1784509388.3870323, "x": 1.2883643069407442, "y": -0.0008569479180027994, "zone": null, "min_dist": 1.2991430520819973}
{"t": 1784509388.5475056, "x": 1.322270434110271, "y": -0.0010081071325262995, "zone": null, "min_dist": 1.2989918928674737}
{"t": 1784509388.7074158, "x": 1.3553428578617877, "y": -0.001155549837133597, "zone": null, "min_dist": 1.2988444501628664}
{"t": 1784509388.8678944, "x": 1.3895202922157561, "y": -0.0013079184622206339, "zone": null, "min_dist": 1.2986920815377794}
{"t": 1784509389.0282276, "x": 1.4234125743139125, "y": -0.001384414816305079, "zone": null, "min_dist": 1.298615585183695}
{"t": 1784509389.1883357, "x": 1.457104854384159, "y": -0.0009190204979357186, "zone": null, "min_dist": 1.2990809795020644}
{"t": 1784509389.364396, "x": 1.4939600224254352, "y": -0.0002740266459764353, "zone": null, "min_dist": 1.2997259733540236}
{"t": 1784509389.5167532, "x": 1.5266572413009238, "y": 0.0002981998969044639, "zone": null, "min_dist": 1.2997018001030956}
{"t": 1784509389.67723, "x": 1.5607150940696886, "y": 0.0008942383898134122, "zone": null, "min_dist": 1.2991057616101866}
{"t": 1784509389.8375297, "x": 1.5948269233046557, "y": 0.00149122153220128, "zone": null, "min_dist": 1.2985087784677987}
{"t": 1784509389.9899206, "x": 1.627610203639271, "y": 0.0020649541933257776, "zone": null, "min_dist": 1.2979350458066743}
{"t": 1784509390.142495, "x": 1.6592886315013509, "y": 0.002619350690471775, "zone": null, "min_dist": 1.2973806493095283}
{"t": 1784509390.2946327, "x": 1.6918513761650615, "y": 0.003189223755284006, "zone": null, "min_dist": 1.296810776244716}
{"t": 1784509390.4465375, "x": 1.7241781533909792, "y": 0.0037549670742171217, "zone": null, "min_dist": 1.2962450329257829}
{"t": 1784509390.599496, "x": 1.7566581425317092, "y": 0.004323391746461342, "zone": null, "min_dist": 1.2956766082535387}
{"t": 1784509390.7595787, "x": 1.79008646695682, "y": 0.00490841286460795, "zone": null, "min_dist": 1.295091587135392}
{"t": 1784509390.9199998, "x": 1.8233393904893183, "y": 0.005490364203252229, "zone": null, "min_dist": 1.2945096357967478}
{"t": 1784509391.0802035, "x": 1.857301257891853, "y": 0.006084722807817022, "zone": null, "min_dist": 1.2939152771921831}
{"t": 1784509391.2566314, "x": 1.8943416606642078, "y": 0.00673295812763166, "zone": null, "min_dist": 1.2932670418723684}
{"t": 1784509391.416483, "x": 1.9280576710818498, "y": 0.007323013974592372, "zone": null, "min_dist": 1.2926769860254077}
{"t": 1784509391.593039, "x": 1.9643669687304912, "y": 0.007958454097601268, "zone": null, "min_dist": 1.2920415459023988}
{"t": 1784509391.7531788, "x": 1.9978944663650575, "y": 0.008545210802708113, "zone": null, "min_dist": 1.2914547891972918}
{"t": 1784509391.9133124, "x": 2.032159624994045, "y": 0.009144877393092879, "zone": null, "min_dist": 1.2908551226069072}
{"t": 1784509392.0737462, "x": 2.064764226902029, "y": 0.009715482412656297, "zone": null, "min_dist": 1.2902845175873436}
{"t": 1784509392.2500691, "x": 2.1017152002241963, "y": 0.01036215255269932, "zone": null, "min_dist": 1.2896378474473007}
{"t": 1784509392.4101264, "x": 2.135980358856079, "y": 0.010961819143130635, "zone": null, "min_dist": 1.2890381808568694}
{"t": 1784509392.5624814, "x": 2.1688275394277703, "y": 0.011536670093910267, "zone": null, "min_dist": 1.2884633299060897}
{"t": 1784509392.7233078, "x": 2.202080463061492, "y": 0.012118621426497715, "zone": null, "min_dist": 1.2878813785735024}
{"t": 1784509392.8839226, "x": 2.2366841271874494, "y": 0.012724212241878374, "zone": null, "min_dist": 1.2872757877581216}
{"t": 1784509393.043988, "x": 2.2707066480273013, "y": 0.013319632372112299, "zone": null, "min_dist": 1.2866803676278877}
{"t": 1784509393.2047298, "x": 2.303774364752171, "y": 0.013898342391263658, "zone": null, "min_dist": 1.2861016576087363}
{"t": 1784509393.3647108, "x": 2.337110071680626, "y": 0.014481742605837658, "zone": null, "min_dist": 1.2855182573941624}
{"t": 1784509393.5249119, "x": 2.370644125238226, "y": 0.015068614000287644, "zone": null, "min_dist": 1.2849313859997125}
{"t": 1784509393.6850789, "x": 2.404787949384591, "y": 0.015666157074640114, "zone": null, "min_dist": 1.28433384292536}
{"t": 1784509393.8376868, "x": 2.436919602272323, "y": 0.01622848556508163, "zone": null, "min_dist": 1.2837715144349184}
{"t": 1784509393.9899805, "x": 2.4691537342822927, "y": 0.016792607486481183, "zone": null, "min_dist": 1.2832073925135188}
{"t": 1784509394.1504576, "x": 2.5021288336508145, "y": 0.017369696601155813, "zone": null, "min_dist": 1.2826303033988442}
{"t": 1784509394.3109386, "x": 2.536825084003686, "y": 0.017976907765083885, "zone": null, "min_dist": 1.282023092234916}
{"t": 1784509394.4872167, "x": 2.5751046958260773, "y": 0.018646830523375915, "zone": null, "min_dist": 1.281353169476624}
{"t": 1784509394.6395962, "x": 2.6056684961241587, "y": 0.01918171989197379, "zone": null, "min_dist": 1.2808182801080263}
{"t": 1784509394.7994542, "x": 2.638647056333472, "y": 0.01975886960226017, "zone": null, "min_dist": 1.28024113039774}
{"t": 1784509394.9761932, "x": 2.675515426066431, "y": 0.020404094078974852, "zone": null, "min_dist": 1.2795959059210251}
{"t": 1784509395.1280732, "x": 2.7075895825418517, "y": 0.020965416240859527, "zone": null, "min_dist": 1.2790345837591406}
{"t": 1784509395.2801595, "x": 2.739133563802288, "y": 0.021517459850680414, "zone": null, "min_dist": 1.2784825401493196}
{"t": 1784509395.432421, "x": 2.77127835637273, "y": 0.022080018209622205, "zone": null, "min_dist": 1.277919981790378}
{"t": 1784509395.5923505, "x": 2.8050736024386222, "y": 0.02267146080382007, "zone": null, "min_dist": 1.27732853919618}
{"t": 1784509395.752772, "x": 2.8390576309941506, "y": 0.023266207345716057, "zone": null, "min_dist": 1.2767337926542839}
{"t": 1784509395.912952, "x": 2.8731441109493745, "y": 0.023862746815814923, "zone": null, "min_dist": 1.276137253184185}
{"t": 1784509396.065575, "x": 2.9039537371942297, "y": 0.02440193838813583, "zone": null, "min_dist": 1.2755980616118643}
{"t": 1784509396.2256308, "x": 2.937976288897021, "y": 0.02499735905357572, "zone": null, "min_dist": 1.2750026409464243}
{"t": 1784509396.378028, "x": 2.970545617288156, "y": 0.025567347288858767, "zone": null, "min_dist": 1.2744326527111414}
{"t": 1784509396.5382311, "x": 3.0046001021274473, "y": 0.02616332679932031, "zone": null, "min_dist": 1.2738366732006798}
{"t": 1784509396.6983273, "x": 3.039314941486887, "y": 0.026770863314968776, "zone": null, "min_dist": 1.2732291366850312}
{"t": 1784509396.8587859, "x": 3.073775193565557, "y": 0.027373944182529343, "zone": null, "min_dist": 1.2726260558174707}
{"t": 1784509397.011169, "x": 3.106529756881275, "y": 0.027947174230506078, "zone": null, "min_dist": 1.272052825769494}
{"t": 1784509397.16337, "x": 3.138661437740553, "y": 0.028509503228545775, "zone": null, "min_dist": 1.2714904967714542}
{"t": 1784509397.3157501, "x": 3.1692351929051554, "y": 0.029044566772866376, "zone": null, "min_dist": 1.2709554332271336}
{"t": 1784509397.4758925, "x": 3.2024815325354132, "y": 0.029626402915545566, "zone": null, "min_dist": 1.2703735970844545}
{"t": 1784509397.6359785, "x": 3.236347442449081, "y": 0.0302190821684321, "zone": null, "min_dist": 1.269780917831568}
{"t": 1784509397.7963343, "x": 3.27030603185727, "y": 0.03081338343328299, "zone": null, "min_dist": 1.2691866165667172}
{"t": 1784509397.948672, "x": 3.301613990205763, "y": 0.031361296306981264, "zone": null, "min_dist": 1.2686387036930187}
{"t": 1784509398.1008363, "x": 3.33456909883189, "y": 0.031938036169904024, "zone": null, "min_dist": 1.268061963830096}
{"t": 1784509398.2609913, "x": 3.3690293508196074, "y": 0.032541117035849804, "zone": null, "min_dist": 1.2674588829641502}
{"t": 1784509398.437452, "x": 3.406076309647218, "y": 0.03318946704141122, "zone": null, "min_dist": 1.2668105329585888}
{"t": 1784509398.5900397, "x": 3.438207962554025, "y": 0.03375179553211941, "zone": null, "min_dist": 1.2662482044678807}
{"t": 1784509398.7498603, "x": 3.471464281788336, "y": 0.034333806309512174, "zone": null, "min_dist": 1.2656661936904878}
{"t": 1784509398.910194, "x": 3.5049276993850325, "y": 0.0349194415027725, "zone": null, "min_dist": 1.2650805584972276}
{"t": 1784509399.0861177, "x": 3.5424983951049236, "y": 0.03557695746800236, "zone": null, "min_dist": 1.2644230425319978}
{"t": 1784509399.2467215, "x": 3.577504464920596, "y": 0.036189590800602384, "zone": null, "min_dist": 1.2638104091993976}
{"t": 1784509399.4073792, "x": 3.611035240731606, "y": 0.0367764048517077, "zone": null, "min_dist": 1.2632235951482924}
{"t": 1784509399.5675063, "x": 3.6442783303778463, "y": 0.03735818416299042, "zone": null, "min_dist": 1.2626418158370096}
{"t": 1784509399.7202632, "x": 3.676882931886577, "y": 0.037928789691223395, "zone": null, "min_dist": 1.2620712103087766}
{"t": 1784509399.8959646, "x": 3.7135594210969467, "y": 0.038570656075399584, "zone": null, "min_dist": 1.2614293439246005}
{"t": 1784509400.0567136, "x": 3.7466205539233277, "y": 0.03914925091239441, "zone": null, "min_dist": 1.2608507490876057}
{"t": 1784509400.2167764, "x": 3.780892268508496, "y": 0.03974903218674484, "zone": null, "min_dist": 1.2602509678132552}
{"t": 1784509400.3767354, "x": 3.815409840206883, "y": 0.04035311622098721, "zone": null, "min_dist": 1.259646883779013}
{"t": 1784509400.536478, "x": 3.848253771145075, "y": 0.04092790980806834, "zone": null, "min_dist": 1.2590720901919317}
{"t": 1784509400.6970935, "x": 3.8824582796391938, "y": 0.04152651494894382, "zone": null, "min_dist": 1.2584734850510562}
{"t": 1784509400.857319, "x": 3.9156218638017255, "y": 0.04210690273227308, "zone": null, "min_dist": 1.257893097267727}
{"t": 1784509401.0334446, "x": 3.952013944890082, "y": 0.0427437917268209, "zone": null, "min_dist": 1.257256208273179}
{"t": 1784509401.193592, "x": 3.9821080157915993, "y": 0.043270459921766286, "zone": null, "min_dist": 1.2567295400782337}
{"t": 1784509401.3542676, "x": 4.0126547291992525, "y": 0.04376904399793808, "zone": null, "min_dist": 1.256230956002062}
{"t": 1784509401.506524, "x": 4.045099838974669, "y": 0.04391796854756853, "zone": null, "min_dist": 1.2560820314524315}
{"t": 1784509401.6668096, "x": 4.079925931632835, "y": 0.044002269698425696, "zone": null, "min_dist": 1.2559977303015744}
{"t": 1784509401.8428204, "x": 4.11624068279375, "y": 0.04409017384407346, "zone": null, "min_dist": 1.2559098261559265}
{"t": 1784509402.0032907, "x": 4.149773216133094, "y": 0.04417134353666825, "zone": null, "min_dist": 1.2558286564633319}
{"t": 1784509402.1637375, "x": 4.184043521267448, "y": 0.04425429937332674, "zone": null, "min_dist": 1.2557457006266732}
{"t": 1784509402.340478, "x": 4.221188647723963, "y": 0.04434421390411435, "zone": null, "min_dist": 1.2556557860958857}
{"t": 1784509402.4927216, "x": 4.252408760583279, "y": 0.04441978590955615, "zone": null, "min_dist": 1.255580214090444}
{"t": 1784509402.6528726, "x": 4.286771641349966, "y": 0.04450296585745645, "zone": null, "min_dist": 1.2554970341425435}
{"t": 1784509402.8288267, "x": 4.324625846091118, "y": 0.04459459702696791, "zone": null, "min_dist": 1.2554054029730322}
{"t": 1784509402.9814157, "x": 4.356309031916858, "y": 0.044671290082988244, "zone": null, "min_dist": 1.2553287099170118}
{"t": 1784509403.1417346, "x": 4.389557114513557, "y": 0.04475177122528388, "zone": null, "min_dist": 1.2552482287747162}
{"t": 1784509403.3018396, "x": 4.4236487139818434, "y": 0.0448342943868253, "zone": null, "min_dist": 1.2551657056131746}
{"t": 1784509403.4623938, "x": 4.456814000759421, "y": 0.044914574990344534, "zone": null, "min_dist": 1.2550854250096555}
{"t": 1784509403.6147914, "x": 4.488768523356409, "y": 0.044991924983986804, "zone": null, "min_dist": 1.2550080750160133}
{"t": 1784509403.7669902, "x": 4.520729602897441, "y": 0.04506929081076021, "zone": null, "min_dist": 1.2549307091892399}
{"t": 1784509403.9191937, "x": 4.552502141437952, "y": 0.0451462002141359, "zone": null, "min_dist": 1.2548537997858642}
{"t": 1784509404.0793824, "x": 4.586587184035162, "y": 0.04522870754758437, "zone": null, "min_dist": 1.2547712924524157}
{"t": 1784509404.2317762, "x": 4.6187941886139, "y": 0.045306668754134846, "zone": null, "min_dist": 1.2546933312458652}
{"t": 1784509404.3919446, "x": 4.6510619085690195, "y": 0.04538477645046784, "zone": null, "min_dist": 1.2546152235495323}
{"t": 1784509404.5519187, "x": 4.685424789272334, "y": 0.04546795639804992, "zone": null, "min_dist": 1.25453204360195}
{"t": 1784509404.7123291, "x": 4.718772060038678, "y": 0.04554867760500623, "zone": null, "min_dist": 1.2544513223949938}
{"t": 1784509404.8885705, "x": 4.754438447900801, "y": 0.045635012196438215, "zone": null, "min_dist": 1.2543649878035619}
{"t": 1784509405.048778, "x": 4.788149631038885, "y": 0.04571661444835093, "zone": null, "min_dist": 1.254283385551649}
{"t": 1784509405.20895, "x": 4.822333861812175, "y": 0.045799361862675865, "zone": null, "min_dist": 1.254200638137324}
{"t": 1784509405.361355, "x": 4.855003991796034, "y": 0.04587844424898655, "zone": null, "min_dist": 1.2541215557510135}
{"t": 1784509405.521495, "x": 4.888715230888001, "y": 0.04596004666494083, "zone": null, "min_dist": 1.2540399533350592}
{"t": 1784509405.6737034, "x": 4.920679588978052, "y": 0.04603742040482214, "zone": null, "min_dist": 1.2539625795951779}
{"t": 1784509405.8265142, "x": 4.952266864975047, "y": 0.04611388129941788, "zone": null, "min_dist": 1.253886118700582}
{"t": 1784509406.0024564, "x": 4.989405462282314, "y": 0.04620378008071724, "zone": null, "min_dist": 1.2537962199192827}
{"t": 1784509406.1787186, "x": 5.026831788949722, "y": 0.046294375358614095, "zone": null, "min_dist": 1.253705624641386}
{"t": 1784509406.3392665, "x": 5.060274969541223, "y": 0.046375328729975254, "zone": null, "min_dist": 1.2536246712700247}
{"t": 1784509406.5151217, "x": 5.097851280391089, "y": 0.04646628713105073, "zone": null, "min_dist": 1.2535337128689492}
{"t": 1784509406.6675646, "x": 5.130268959522965, "y": 0.04654475840495922, "zone": null, "min_dist": 1.2534552415950408}
{"t": 1784509406.8277686, "x": 5.164175296556467, "y": 0.04662683305641809, "zone": null, "min_dist": 1.253373166943582}
{"t": 1784509406.9801319, "x": 5.195449428236671, "y": 0.046702535879757465, "zone": null, "min_dist": 1.2532974641202426}
{"t": 1784509407.1405025, "x": 5.229940246496332, "y": 0.04678602553734345, "zone": null, "min_dist": 1.2532139744626567}
{"t": 1784509407.2925587, "x": 5.261623432274799, "y": 0.04686271859624217, "zone": null, "min_dist": 1.2531372814037578}
{"t": 1784509407.444768, "x": 5.293574676405525, "y": 0.046940060686489836, "zone": null, "min_dist": 1.2530599393135102}
{"t": 1784509407.597282, "x": 5.32590628112055, "y": 0.0470183235323977, "zone": null, "min_dist": 1.2529816764676023}
{"t": 1784509407.7573884, "x": 5.358978936636202, "y": 0.04709837987985964, "zone": null, "min_dist": 1.2529016201201404}
{"t": 1784509407.9174018, "x": 5.3922270191431, "y": 0.04717886101211391, "zone": null, "min_dist": 1.252821138987886}
{"t": 1784509408.0698357, "x": 5.42483651768197, "y": 0.04725779661633768, "zone": null, "min_dist": 1.2527422033836624}
{"t": 1784509408.2220695, "x": 5.4564270721591015, "y": 0.047334265415958116, "zone": null, "min_dist": 1.252665734584042}
{"t": 1784509408.3742568, "x": 5.488844751206721, "y": 0.047412736689639245, "zone": null, "min_dist": 1.2525872633103607}
{"t": 1784509408.5264518, "x": 5.521083724652432, "y": 0.047490775281280324, "zone": null, "min_dist": 1.2525092247187197}
{"t": 1784509408.6866395, "x": 5.553376800851596, "y": 0.0475689443946194, "zone": null, "min_dist": 1.2524310556053806}
{"t": 1784509408.83897, "x": 5.585455898881004, "y": 0.047646595961765924, "zone": null, "min_dist": 1.252353404038234}
{"t": 1784509408.9912505, "x": 5.616583296806842, "y": 0.04772194350128471, "zone": null, "min_dist": 1.2522780564987153}
{"t": 1784509409.1513822, "x": 5.649470717449346, "y": 0.04780155141595261, "zone": null, "min_dist": 1.2521984485840474}
{"t": 1784509409.3037484, "x": 5.682073658892951, "y": 0.04788047120118804, "zone": null, "min_dist": 1.252119528798812}
{"t": 1784509409.463994, "x": 5.715794733262642, "y": 0.047962097340354774, "zone": null, "min_dist": 1.2520379026596453}
{"t": 1784509409.6244543, "x": 5.748857553249374, "y": 0.04804212996389268, "zone": null, "min_dist": 1.2511424467506256}
{"t": 1784509409.7844355, "x": 5.783319677921058, "y": 0.04812555013663488, "zone": null, "min_dist": 1.2166803220789424}
{"t": 1784509409.9370103, "x": 5.816171764191418, "y": 0.048205073050357566, "zone": null, "min_dist": 1.1838282358085817}
{"t": 1784509410.0969424, "x": 5.849151816356973, "y": 0.04828490521838667, "zone": null, "min_dist": 1.1508481836430269}
{"t": 1784509410.2737396, "x": 5.886849479852224, "y": 0.048376157439005696, "zone": null, "min_dist": 1.1131505201477756}
{"t": 1784509410.4338017, "x": 5.920816479278695, "y": 0.04845837896121109, "zone": null, "min_dist": 1.0791835207213047}
{"t": 1784509410.58604, "x": 5.951937317250199, "y": 0.04853371066082756, "zone": null, "min_dist": 1.0480626827498014}
{"t": 1784509410.8397417, "x": 5.98614696311742, "y": 0.048616519646828525, "zone": null, "min_dist": 1.0138530368825798}
{"t": 1784509410.9944777, "x": 6.0384169487803465, "y": 0.04876596765588552, "zone": null, "min_dist": 0.9615830512196535}
{"t": 1784509411.1707346, "x": 6.075758974119228, "y": 0.04907779765152484, "zone": null, "min_dist": 0.9242410258807716}
{"t": 1784509411.3309283, "x": 6.109108425663663, "y": 0.049360178394360577, "zone": null, "min_dist": 0.8908915743363366}
{"t": 1784509411.5071564, "x": 6.1460605440782965, "y": 0.04967306422291842, "zone": null, "min_dist": 0.8539394559217035}
{"t": 1784509411.6596673, "x": 6.178668969267359, "y": 0.0499491706930401, "zone": null, "min_dist": 0.8213310307326411}
{"t": 1784509411.8192737, "x": 6.213097960811457, "y": 0.05024069253093456, "zone": null, "min_dist": 0.7869020391885426}
{"t": 1784509411.9796984, "x": 6.246131000007292, "y": 0.05052039400622501, "zone": null, "min_dist": 0.753868999992708}
{"t": 1784509412.1561494, "x": 6.283955300306719, "y": 0.05084066506858671, "zone": null, "min_dist": 0.7160446996932812}
{"t": 1784509412.3164184, "x": 6.317582636549661, "y": 0.05112539878084515, "zone": null, "min_dist": 0.6824173634503392}
{"t": 1784509412.4926012, "x": 6.355157710545202, "y": 0.05144355948960819, "zone": null, "min_dist": 0.6448422894547976}
{"t": 1784509412.6530173, "x": 6.388682583496416, "y": 0.05172742565580824, "zone": null, "min_dist": 0.6113174165035842}
{"t": 1784509412.8133442, "x": 6.422773060912156, "y": 0.05201608108008407, "zone": null, "min_dist": 0.5772269390878444}
{"t": 1784509412.9734879, "x": 6.456029884244224, "y": 0.05229767741329862, "zone": null, "min_dist": 0.5439701157557764}
{"t": 1784509413.15036, "x": 6.493167259098299, "y": 0.052612131900618336, "zone": null, "min_dist": 0.506832740901701}
{"t": 1784509413.310114, "x": 6.52735036474538, "y": 0.05290157166893388, "zone": null, "min_dist": 0.4726496352546201}
{"t": 1784509413.470549, "x": 6.560051418639078, "y": 0.05317846195702086, "zone": null, "min_dist": 0.4399485813609223}
{"t": 1784509413.6305819, "x": 6.593640227087536, "y": 0.05346286949452149, "zone": null, "min_dist": 0.40635977291246395}
{"t": 1784509413.7909024, "x": 6.628129910014644, "y": 0.05375490526309166, "zone": null, "min_dist": 0.3718700899853564}
{"t": 1784509413.9514227, "x": 6.6617572462488805, "y": 0.054039638972113765, "zone": null, "min_dist": 0.33824275375111945}
{"t": 1784509414.1115074, "x": 6.695096862670991, "y": 0.05432193645300423, "zone": null, "min_dist": 0.304903137329009}
{"t": 1784509414.2877195, "x": 6.732614585605078, "y": 0.05463961151105255, "zone": null, "min_dist": 0.2673854143949219}
{"t": 1784509414.4397523, "x": 6.7654655905003125, "y": 0.05491777206750744, "zone": null, "min_dist": 0.2345344094996875}
{"t": 1784509414.6003292, "x": 6.798444557083496, "y": 0.055197015614353466, "zone": null, "min_dist": 0.2015554429165043}
{"t": 1784509414.760477, "x": 6.832713734149426, "y": 0.0554871842548287, "zone": null, "min_dist": 0.16728626585057427}
{"t": 1784509414.9209998, "x": 6.866526326850531, "y": 0.05577348665187137, "zone": null, "min_dist": 0.133473673149469}
{"t": 1784509415.0813906, "x": 6.899559365978802, "y": 0.056053188125931394, "zone": null, "min_dist": 0.10044063402119807}
{"t": 1784509415.2335334, "x": 6.9317013747864475, "y": 0.05632534515772479, "zone": null, "min_dist": 0.06829862521355246}
{"t": 1784509415.3938174, "x": 6.964712281096932, "y": 0.05660485915892887, "zone": null, "min_dist": 0.03528771890306803}
{"t": 1784509415.546356, "x": 6.996483773838385, "y": 0.05687387880200855, "zone": null, "min_dist": 0.003516226161615066}
{"t": 1784509415.6983893, "x": 7.0291782704277095, "y": 0.05715071413943905, "zone": "wh_zone_2", "min_dist": 0.0}
{"t": 1784509415.850516, "x": 7.060953041519494, "y": 0.05741976151685784, "zone": "wh_zone_2", "min_dist": 0.0}
{"t": 1784509416.0024607, "x": 7.092810605692571, "y": 0.05768951003221466, "zone": "wh_zone_2", "min_dist": 0.0}
{"t": 1784509416.1549683, "x": 7.125233774436602, "y": 0.057964047809771053, "zone": "wh_zone_2", "min_dist": 0.0}
{"t": 1784509416.3072975, "x": 7.157810200836893, "y": 0.05823988331014746, "zone": "wh_zone_2", "min_dist": 0.0}
{"t": 1784509416.4678473, "x": 7.191057189085642, "y": 0.05852139644749562, "zone": "wh_zone_2", "min_dist": 0.0}
{"t": 1784509416.6200345, "x": 7.223665614313947, "y": 0.05879750290678214, "zone": "wh_zone_2", "min_dist": 0.0}
{"t": 1784509416.7721016, "x": 7.255255128988756, "y": 0.05906498159336205, "zone": "wh_zone_2", "min_dist": 0.0}
{"t": 1784509416.9244242, "x": 7.287671740987834, "y": 0.0593394638996904, "zone": "wh_zone_2", "min_dist": 0.0}
{"t": 1784509417.0767875, "x": 7.31990965325781, "y": 0.059612432994055116, "zone": "wh_zone_2", "min_dist": 0.0}
{"t": 1784509417.2290328, "x": 7.3516811460154265, "y": 0.059881452637210474, "zone": "wh_zone_2", "min_dist": 0.0}
{"t": 1784509417.3893113, "x": 7.385576504017833, "y": 0.06016845592847186, "zone": "wh_zone_2", "min_dist": 0.0}
{"t": 1784509417.5495381, "x": 7.419667009214052, "y": 0.060457111599612104, "zone": "wh_zone_2", "min_dist": 0.0}
{"t": 1784509417.7255037, "x": 7.456165821662826, "y": 0.06076615888549231, "zone": "wh_zone_2", "min_dist": 0.0}
{"t": 1784509417.8860307, "x": 7.490125146257215, "y": 0.06105370381234979, "zone": "wh_zone_2", "min_dist": 0.0}
{"t": 1784509418.0464935, "x": 7.524215592608071, "y": 0.061342358967378094, "zone": "wh_zone_2", "min_dist": 0.0}
{"t": 1784509418.2070801, "x": 7.557561765827672, "y": 0.061624711913425605, "zone": "wh_zone_2", "min_dist": 0.0}
{"t": 1784509418.3590562, "x": 7.589757844129934, "y": 0.06189732685262034, "zone": "wh_zone_2", "min_dist": 0.0}
{"t": 1784509418.5195951, "x": 7.6208773404547285, "y": 0.06200318103716021, "zone": "wh_zone_2", "min_dist": 0.0}
{"t": 1784509418.6792412, "x": 7.652951494870129, "y": 0.06150255120194769, "zone": "wh_zone_2", "min_dist": 0.0}
{"t": 1784509418.839738, "x": 7.686559013493223, "y": 0.06033202542968475, "zone": "wh_zone_2", "min_dist": 0.0}
{"t": 1784509418.992049, "x": 7.716265149987192, "y": 0.059187405653606334, "zone": "wh_zone_2", "min_dist": 0.0}
{"t": 1784509419.1443677, "x": 7.74353264759609, "y": 0.05813674961813274, "zone": "wh_zone_2", "min_dist": 0.0}
{"t": 1784509419.3206437, "x": 7.77154398047766, "y": 0.05705743173235892, "zone": "wh_zone_2", "min_dist": 0.0}
{"t": 1784509419.480382, "x": 7.794464357426085, "y": 0.056174275348854816, "zone": "wh_zone_2", "min_dist": 0.0}
{"t": 1784509419.6325705, "x": 7.808886248048346, "y": 0.05561857747586548, "zone": "wh_zone_2", "min_dist": 0.0}
{"t": 1784509419.7930324, "x": 7.812963155068653, "y": 0.055461487493469235, "zone": "wh_zone_2", "min_dist": 0.0}
{"t": 1784509419.9698052, "x": 7.815416074312216, "y": 0.05536697236812771, "zone": "wh_zone_2", "min_dist": 0.0}
{"t": 1784509420.1462133, "x": 7.817868992237045, "y": 0.05527245729336618, "zone": "wh_zone_2", "min_dist": 0.0}
{"t": 1784509420.298583, "x": 7.819987420808948, "y": 0.05519083065879974, "zone": "wh_zone_2", "min_dist": 0.0}
{"t": 1784509420.4504535, "x": 7.822105849113201, "y": 0.05510920403450572, "zone": "wh_zone_2", "min_dist": 0.0}
{"t": 1784509420.6026826, "x": 7.824224277270343, "y": 0.055027577415860764, "zone": "wh_zone_2", "min_dist": 0.0}
{"t": 1784509420.7556276, "x": 7.826342705346624, "y": 0.05494595080032319, "zone": "wh_zone_2", "min_dist": 0.0}
{"t": 1784509420.9153113, "x": 7.82857262958986, "y": 0.0548600280489567, "zone": "wh_zone_2", "min_dist": 0.0}
{"t": 1784509421.0677779, "x": 7.830691057596344, "y": 0.0547784014361067, "zone": "wh_zone_2", "min_dist": 0.0}
{"t": 1784509421.220581, "x": 7.832809485589818, "y": 0.05469677482376012, "zone": "wh_zone_2", "min_dist": 0.0}
{"t": 1784509421.380235, "x": 7.835039409785819, "y": 0.05461085207421963, "zone": "wh_zone_2", "min_dist": 0.0}
{"t": 1784509421.5324636, "x": 7.8371578377680615, "y": 0.054529225462311745, "zone": "wh_zone_2", "min_dist": 0.0}
{"t": 1784509421.68505, "x": 7.839276265748211, "y": 0.054447598850487625, "zone": "wh_zone_2", "min_dist": 0.0}
{"t": 1784509421.8456464, "x": 7.841506189936609, "y": 0.05436167610124984, "zone": "wh_zone_2", "min_dist": 0.0}
{"t": 1784509422.0054011, "x": 7.843736114124328, "y": 0.05427575335204153, "zone": "wh_zone_2", "min_dist": 0.0}
{"t": 1784509422.1654031, "x": 7.845966038311682, "y": 0.0541898306028503, "zone": "wh_zone_2", "min_dist": 0.0}
{"t": 1784509422.3255968, "x": 7.848195962498845, "y": 0.05410390785366943, "zone": "wh_zone_2", "min_dist": 0.0}
{"t": 1784509422.4780967, "x": 7.850314390476553, "y": 0.05402228124195387, "zone": "wh_zone_2", "min_dist": 0.0}
{"t": 1784509422.6303341, "x": 7.8524328184542105, "y": 0.05394065463024263, "zone": "wh_zone_2", "min_dist": 0.0}
{"t": 1784509422.7909381, "x": 7.854662742641189, "y": 0.053854731881076465, "zone": "wh_zone_2", "min_dist": 0.0}
{"t": 1784509422.942994, "x": 7.8567811706188015, "y": 0.05377310526937133, "zone": "wh_zone_2", "min_dist": 0.0}
{"t": 1784509423.095496, "x": 7.85889959859641, "y": 0.053691478657668476, "zone": "wh_zone_2", "min_dist": 0.0}
{"t": 1784509423.2473996, "x": 7.861018026574016, "y": 0.053609852045967646, "zone": "wh_zone_2", "min_dist": 0.0}
{"t": 1784509423.3998523, "x": 7.863136454551612, "y": 0.053528225434268654, "zone": "wh_zone_2", "min_dist": 0.0}
{"t": 1784509423.5604227, "x": 7.865366378738551, "y": 0.05344230268511364, "zone": "wh_zone_2", "min_dist": 0.0}
{"t": 1784509423.7123678, "x": 7.867484806716142, "y": 0.053360676073418004, "zone": "wh_zone_2", "min_dist": 0.0}
{"t": 1784509423.864892, "x": 7.8696032346937335, "y": 0.05327904946172383, "zone": "wh_zone_2", "min_dist": 0.0}
{"t": 1784509424.0169218, "x": 7.871721662671325, "y": 0.05319742285003105, "zone": "wh_zone_2", "min_dist": 0.0}
{"t": 1784509424.1773617, "x": 7.873951586858263, "y": 0.05311150010088211, "zone": "wh_zone_2", "min_dist": 0.0}
{"t": 1784509424.3375394, "x": 7.876181511045202, "y": 0.05302557735173455, "zone": "wh_zone_2", "min_dist": 0.0}
{"t": 1784509424.498016, "x": 7.87841143523214, "y": 0.052939654602588204, "zone": "wh_zone_2", "min_dist": 0.0}
{"t": 1784509424.6506636, "x": 7.880529863209731, "y": 0.052858027990900246, "zone": "wh_zone_2", "min_dist": 0.0}
{"t": 1784509424.8278112, "x": 7.8829827798153635, "y": 0.052763512966841765, "zone": "wh_zone_2", "min_dist": 0.0}
{"t": 1784509424.986817, "x": 7.885212704002302, "y": 0.052677590217698765, "zone": "wh_zone_2", "min_dist": 0.0}
{"t": 1784509425.1471615, "x": 7.88744262818924, "y": 0.05259166746855671, "zone": "wh_zone_2", "min_dist": 0.0}
{"t": 1784509425.307633, "x": 7.889672552376179, "y": 0.05250574471941554, "zone": "wh_zone_2", "min_dist": 0.0}
{"t": 1784509425.4678495, "x": 7.891902476563117, "y": 0.052419821970275185, "zone": "wh_zone_2", "min_dist": 0.0}
{"t": 1784509425.6198776, "x": 7.894020904540708, "y": 0.05233819535859259, "zone": "wh_zone_2", "min_dist": 0.0}
{"t": 1784509425.772256, "x": 7.8961393325183, "y": 0.052256568746910634, "zone": "wh_zone_2", "min_dist": 0.0}
{"t": 1784509425.94871, "x": 7.898592249123932, "y": 0.05216205372285857, "zone": "wh_zone_2", "min_dist": 0.0}
{"t": 1784509426.1006198, "x": 7.900710677101523, "y": 0.052080427111177836, "zone": "wh_zone_2", "min_dist": 0.0}
{"t": 1784509426.2533288, "x": 7.902829105079115, "y": 0.051998800499497635, "zone": "wh_zone_2", "min_dist": 0.0}
{"t": 1784509426.4051847, "x": 7.904947533056706, "y": 0.05191717388781789, "zone": "wh_zone_2", "min_dist": 0.0}
{"t": 1784509426.5572865, "x": 7.907065961034298, "y": 0.051835547276138656, "zone": "wh_zone_2", "min_dist": 0.0}
{"t": 1784509426.7095382, "x": 7.909184389011889, "y": 0.05175392066445984, "zone": "wh_zone_2", "min_dist": 0.0}
{"t": 1784509426.8617864, "x": 7.911302816989481, "y": 0.051672294052781426, "zone": "wh_zone_2", "min_dist": 0.0}
{"t": 1784509427.0221686, "x": 7.913532741176419, "y": 0.051586371303646635, "zone": "wh_zone_2", "min_dist": 0.0}
{"t": 1784509427.1745405, "x": 7.91565116915401, "y": 0.051504744691968925, "zone": "wh_zone_2", "min_dist": 0.0}
{"t": 1784509427.326474, "x": 7.917769597131602, "y": 0.051423118080291506, "zone": "wh_zone_2", "min_dist": 0.0}
{"t": 1784509427.5030782, "x": 7.920222513737234, "y": 0.051328603056244315, "zone": "wh_zone_2", "min_dist": 0.0}
{"t": 1784509427.655338, "x": 7.922340941714825, "y": 0.05124697644456752, "zone": "wh_zone_2", "min_dist": 0.0}
{"t": 1784509427.8074028, "x": 7.924459369692417, "y": 0.05116534983289091, "zone": "wh_zone_2", "min_dist": 0.0}
{"t": 1784509427.9594355, "x": 7.926577797670008, "y": 0.05108372322121453, "zone": "wh_zone_2", "min_dist": 0.0}
{"t": 1784509428.1118882, "x": 7.9286962256476, "y": 0.05100209660953836, "zone": "wh_zone_2", "min_dist": 0.0}
{"t": 1784509428.2722592, "x": 7.930926149834538, "y": 0.05091617386040576, "zone": "wh_zone_2", "min_dist": 0.0}
{"t": 1784509428.4243693, "x": 7.9330445778121295, "y": 0.050834547248729975, "zone": "wh_zone_2", "min_dist": 0.0}
{"t": 1784509428.5769222, "x": 7.935163005789721, "y": 0.05075292063705434, "zone": "wh_zone_2", "min_dist": 0.0}
{"t": 1784509428.729058, "x": 7.937281433767312, "y": 0.05067129402537884, "zone": "wh_zone_2", "min_dist": 0.0}
{"t": 1784509428.8892596, "x": 7.939511357954251, "y": 0.050585371276246856, "zone": "wh_zone_2", "min_dist": 0.0}
{"t": 1784509429.0493476, "x": 7.941741282141189, "y": 0.050499448527114965, "zone": "wh_zone_2", "min_dist": 0.0}
{"t": 1784509429.2015946, "x": 7.9438597101187804, "y": 0.05041782191543978, "zone": "wh_zone_2", "min_dist": 0.0}
{"t": 1784509429.3538601, "x": 7.945978138096372, "y": 0.05033619530376464, "zone": "wh_zone_2", "min_dist": 0.0}
{"t": 1784509429.5144708, "x": 7.94820806228331, "y": 0.050250272554633005, "zone": "wh_zone_2", "min_dist": 0.0}
{"t": 1784509429.6745484, "x": 7.950437986470249, "y": 0.05016434980550137, "zone": "wh_zone_2", "min_dist": 0.0}
{"t": 1784509429.8267927, "x": 7.95255641444784, "y": 0.05008272319382632, "zone": "wh_zone_2", "min_dist": 0.0}
{"t": 1784509429.9793324, "x": 7.954674842425431, "y": 0.05000109658215128, "zone": "wh_zone_2", "min_dist": 0.0}
{"t": 1784509430.1313267, "x": 7.956793270403023, "y": 0.04991946997047623, "zone": "wh_zone_2", "min_dist": 0.0}
{"t": 1784509430.291294, "x": 7.959023194589961, "y": 0.049833547221344594, "zone": "wh_zone_2", "min_dist": 0.0}
{"t": 1784509430.467981, "x": 7.961476111195593, "y": 0.0497390321972998, "zone": "wh_zone_2", "min_dist": 0.0}
{"t": 1784509430.628126, "x": 7.963706035382532, "y": 0.04965310944816816, "zone": "wh_zone_2", "min_dist": 0.0}
{"t": 1784509430.788609, "x": 7.96593595956947, "y": 0.04956718669903653, "zone": "wh_zone_2", "min_dist": 0.0}
{"t": 1784509430.941033, "x": 7.9680543875470615, "y": 0.04948556008736148, "zone": "wh_zone_2", "min_dist": 0.0}
{"t": 1784509431.1009889, "x": 7.970284311734, "y": 0.049399637338229836, "zone": "wh_zone_2", "min_dist": 0.0}
{"t": 1784509431.2533863, "x": 7.972402739711591, "y": 0.04931801072655469, "zone": "wh_zone_2", "min_dist": 0.0}
{"t": 1784509431.40559, "x": 7.974521167689183, "y": 0.04923638411487951, "zone": "wh_zone_2", "min_dist": 0.0}
{"t": 1784509431.5575042, "x": 7.976639595666774, "y": 0.049154757503204326, "zone": "wh_zone_2", "min_dist": 0.0}
{"t": 1784509431.7097836, "x": 7.978758023644366, "y": 0.04907313089152907, "zone": "wh_zone_2", "min_dist": 0.0}
{"t": 1784509431.8621533, "x": 7.980876451621957, "y": 0.048991504279853756, "zone": "wh_zone_2", "min_dist": 0.0}
{"t": 1784509432.0225341, "x": 7.983106375808895, "y": 0.04890558153072184, "zone": "wh_zone_2", "min_dist": 0.0}
{"t": 1784509432.1828122, "x": 7.985336299995834, "y": 0.048819658781589836, "zone": "wh_zone_2", "min_dist": 0.0}
{"t": 1784509432.3351002, "x": 7.987454727973425, "y": 0.04873803216991439, "zone": "wh_zone_2", "min_dist": 0.0}
{"t": 1784509432.4953127, "x": 7.9896846521603635, "y": 0.048652109420782276, "zone": "wh_zone_2", "min_dist": 0.0}
{"t": 1784509432.6557145, "x": 7.991914576347302, "y": 0.04856618667165009, "zone": "wh_zone_2", "min_dist": 0.0}
{"t": 1784509432.8323765, "x": 7.994367492952934, "y": 0.048471671647604596, "zone": "wh_zone_2", "min_dist": 0.0}
{"t": 1784509432.9927645, "x": 7.996597417139872, "y": 0.04838574889847226, "zone": "wh_zone_2", "min_dist": 0.0}
{"t": 1784509433.1527286, "x": 7.998827341326811, "y": 0.04829982614933983, "zone": "wh_zone_2", "min_dist": 0.0}
{"t": 1784509433.305318, "x": 8.00094576930441, "y": 0.048218199537663965, "zone": "wh_zone_2", "min_dist": 0.0}
{"t": 1784509433.4654052, "x": 8.003175693491366, "y": 0.04813227678853137, "zone": "wh_zone_2", "min_dist": 0.0}
{"t": 1784509433.6257973, "x": 8.005405617678322, "y": 0.048046354039398706, "zone": "wh_zone_2", "min_dist": 0.0}
{"t": 1784509433.7861023, "x": 8.007635541865278, "y": 0.04796043129026596, "zone": "wh_zone_2", "min_dist": 0.0}
{"t": 1784509433.9384732, "x": 8.009753969842887, "y": 0.04787880467858973, "zone": "wh_zone_2", "min_dist": 0.0}
{"t": 1784509434.0903857, "x": 8.011872397820495, "y": 0.04779717806691343, "zone": "wh_zone_2", "min_dist": 0.0}
{"t": 1784509434.2504647, "x": 8.014102322007451, "y": 0.047711255317780386, "zone": "wh_zone_2", "min_dist": 0.0}
{"t": 1784509434.402718, "x": 8.01622074998506, "y": 0.047629628706103884, "zone": "wh_zone_2", "min_dist": 0.0}
{"t": 1784509434.5549421, "x": 8.018339177962668, "y": 0.04754800209442728, "zone": "wh_zone_2", "min_dist": 0.0}
{"t": 1784509434.7154362, "x": 8.020569102149624, "y": 0.04746207934529391, "zone": "wh_zone_2", "min_dist": 0.0}
{"t": 1784509434.875489, "x": 8.02279902633658, "y": 0.04737615659616043, "zone": "wh_zone_2", "min_dist": 0.0}
{"t": 1784509435.035712, "x": 8.025028950523536, "y": 0.04729023384702684, "zone": "wh_zone_2", "min_dist": 0.0}
{"t": 1784509435.187941, "x": 8.027147378501144, "y": 0.04720860723534981, "zone": "wh_zone_2", "min_dist": 0.0}
{"t": 1784509435.3401542, "x": 8.029265806478753, "y": 0.047126980623672654, "zone": "wh_zone_2", "min_dist": 0.0}
{"t": 1784509435.4925125, "x": 8.031384234456361, "y": 0.0470453540119954, "zone": "wh_zone_2", "min_dist": 0.0}
{"t": 1784509435.6449142, "x": 8.03350266243397, "y": 0.04696372740031804, "zone": "wh_zone_2", "min_dist": 0.0}
{"t": 1784509435.8054152, "x": 8.035732586620925, "y": 0.04687780465118385, "zone": "wh_zone_2", "min_dist": 0.0}
{"t": 1784509435.9575841, "x": 8.037851014598534, "y": 0.04679617803950626, "zone": "wh_zone_2", "min_dist": 0.0}
{"t": 1784509436.109652, "x": 8.039969442576142, "y": 0.04671455142782855, "zone": "wh_zone_2", "min_dist": 0.0}
{"t": 1784509436.261918, "x": 8.04208787055375, "y": 0.04663292481615073, "zone": "wh_zone_2", "min_dist": 0.0}
{"t": 1784509436.4143028, "x": 8.044206298531359, "y": 0.04655129820447278, "zone": "wh_zone_2", "min_dist": 0.0}
{"t": 1784509436.5745764, "x": 8.046436222718315, "y": 0.04646537545533796, "zone": "wh_zone_2", "min_dist": 0.0}
{"t": 1784509436.726547, "x": 8.048554650695923, "y": 0.046383748843659756, "zone": "wh_zone_2", "min_dist": 0.0}
{"t": 1784509436.8867526, "x": 8.05078457488288, "y": 0.04629782609452468, "zone": "wh_zone_2", "min_dist": 0.0}
{"t": 1784509437.0470767, "x": 8.053014499069835, "y": 0.04621190334538946, "zone": "wh_zone_2", "min_dist": 0.0}
{"t": 1784509437.199799, "x": 8.055132927047444, "y": 0.046130276733710875, "zone": "wh_zone_2", "min_dist": 0.0}
{"t": 1784509437.3516717, "x": 8.057251355025052, "y": 0.04604865012203216, "zone": "wh_zone_2", "min_dist": 0.0}
{"t": 1784509437.5038269, "x": 8.05936978300266, "y": 0.04596702351035332, "zone": "wh_zone_2", "min_dist": 0.0}
{"t": 1784509437.6640549, "x": 8.061599707189616, "y": 0.045881100761217555, "zone": "wh_zone_2", "min_dist": 0.0}
{"t": 1784509437.8243265, "x": 8.063829631376572, "y": 0.045795178012081654, "zone": "wh_zone_2", "min_dist": 0.0}
{"t": 1784509437.9850025, "x": 8.066059555563529, "y": 0.04570925526294561, "zone": "wh_zone_2", "min_dist": 0.0}
{"t": 1784509438.1452355, "x": 8.068289479750485, "y": 0.045623332513809414, "zone": "wh_zone_2", "min_dist": 0.0}
{"t": 1784509438.3053308, "x": 8.07051940393744, "y": 0.04553740976467308, "zone": "wh_zone_2", "min_dist": 0.0}
{"t": 1784509438.4657278, "x": 8.072749328124397, "y": 0.045451487015536605, "zone": "wh_zone_2", "min_dist": 0.0}
{"t": 1784509438.6181436, "x": 8.074867756102005, "y": 0.045369860403856814, "zone": "wh_zone_2", "min_dist": 0.0}
{"t": 1784509438.7702663, "x": 8.076986184079614, "y": 0.04528823379217689, "zone": "wh_zone_2", "min_dist": 0.0}
{"t": 1784509438.9221954, "x": 8.079104612057222, "y": 0.045206607180496836, "zone": "wh_zone_2", "min_dist": 0.0}
{"t": 1784509439.0749407, "x": 8.08122304003483, "y": 0.04512498056881665, "zone": "wh_zone_2", "min_dist": 0.0}
{"t": 1784509439.2348526, "x": 8.083452964221786, "y": 0.04503905781967947, "zone": "wh_zone_2", "min_dist": 0.0}
{"t": 1784509439.3952274, "x": 8.085682888408742, "y": 0.04495313507054213, "zone": "wh_zone_2", "min_dist": 0.0}
{"t": 1784509439.547245, "x": 8.08780131638635, "y": 0.04487150845886153, "zone": "wh_zone_2", "min_dist": 0.0}
{"t": 1784509439.7076523, "x": 8.090031240573307, "y": 0.04478558570972391, "zone": "wh_zone_2", "min_dist": 0.0}
{"t": 1784509439.8597276, "x": 8.092149668550915, "y": 0.04470395909804303, "zone": "wh_zone_2", "min_dist": 0.0}
{"t": 1784509440.011963, "x": 8.094268096528523, "y": 0.044622332486362014, "zone": "wh_zone_2", "min_dist": 0.0}
{"t": 1784509440.1723459, "x": 8.09649802071548, "y": 0.04453640973722396, "zone": "wh_zone_2", "min_dist": 0.0}
{"t": 1784509440.3322775, "x": 8.098727944902436, "y": 0.044450486988085756, "zone": "wh_zone_2", "min_dist": 0.0}
{"t": 1784509440.4926047, "x": 8.100957869089392, "y": 0.044364564238947406, "zone": "wh_zone_2", "min_dist": 0.0}
{"t": 1784509440.6528955, "x": 8.103187793276348, "y": 0.0442786414898089, "zone": "wh_zone_2", "min_dist": 0.0}
{"t": 1784509440.813314, "x": 8.105417717463304, "y": 0.04419271874067025, "zone": "wh_zone_2", "min_dist": 0.0}
{"t": 1784509440.9656858, "x": 8.107536145440912, "y": 0.044111092128988394, "zone": "wh_zone_2", "min_dist": 0.0}
{"t": 1784509441.1261086, "x": 8.109766069627868, "y": 0.04402516937984945, "zone": "wh_zone_2", "min_dist": 0.0}
{"t": 1784509441.2796454, "x": 8.111884497605477, "y": 0.04394354276816732, "zone": "wh_zone_2", "min_dist": 0.0}
{"t": 1784509441.4383888, "x": 8.114114421792433, "y": 0.043857620019028085, "zone": "wh_zone_2", "min_dist": 0.0}
{"t": 1784509441.5911613, "x": 8.116232849770041, "y": 0.04377599340734567, "zone": "wh_zone_2", "min_dist": 0.0}
{"t": 1784509441.851558, "x": 8.118462773956997, "y": 0.04369007065820614, "zone": "wh_zone_2", "min_dist": 0.0}
{"t": 1784509442.0074992, "x": 8.122030652656127, "y": 0.043552594259582564, "zone": "wh_zone_2", "min_dist": 0.0}
{"t": 1784509442.159668, "x": 8.124149080633735, "y": 0.043470967647899636, "zone": "wh_zone_2", "min_dist": 0.0}
{"t": 1784509442.3118873, "x": 8.126267508611344, "y": 0.043389341036216576, "zone": "wh_zone_2", "min_dist": 0.0}
{"t": 1784509442.4722307, "x": 8.1284974327983, "y": 0.043303418287076366, "zone": "wh_zone_2", "min_dist": 0.0}
{"t": 1784509442.6248202, "x": 8.130615860775908, "y": 0.04322179167539303, "zone": "wh_zone_2", "min_dist": 0.0}
{"t": 1784509442.7849529, "x": 8.132845784962864, "y": 0.04313586892625253, "zone": "wh_zone_2", "min_dist": 0.0}
{"t": 1784509442.9373617, "x": 8.134964212940472, "y": 0.0430542423145689, "zone": "wh_zone_2", "min_dist": 0.0}
{"t": 1784509443.0980535, "x": 8.137194137127429, "y": 0.042968319565428084, "zone": "wh_zone_2", "min_dist": 0.0}
{"t": 1784509443.2582436, "x": 8.139424061314385, "y": 0.04288239681628712, "zone": "wh_zone_2", "min_dist": 0.0}
{"t": 1784509443.4182794, "x": 8.14165398550134, "y": 0.042796474067146, "zone": "wh_zone_2", "min_dist": 0.0}
{"t": 1784509443.578504, "x": 8.143883909688297, "y": 0.04271055131800473, "zone": "wh_zone_2", "min_dist": 0.0}
{"t": 1784509443.730873, "x": 8.146002337665905, "y": 0.04262892470632039, "zone": "wh_zone_2", "min_dist": 0.0}
{"t": 1784509443.8840976, "x": 8.148120765643514, "y": 0.04254729809463591, "zone": "wh_zone_2", "min_dist": 0.0}
{"t": 1784509444.0435739, "x": 8.15035068983047, "y": 0.042461375345494205, "zone": "wh_zone_2", "min_dist": 0.0}
{"t": 1784509444.2036717, "x": 8.152580614017426, "y": 0.04237545259635235, "zone": "wh_zone_2", "min_dist": 0.0}
{"t": 1784509444.355264, "x": 8.154699041995034, "y": 0.042293825984667445, "zone": "wh_zone_2", "min_dist": 0.0}
{"t": 1784509444.5080247, "x": 8.156817469972642, "y": 0.0422121993729824, "zone": "wh_zone_2", "min_dist": 0.0}
{"t": 1784509444.6852531, "x": 8.159270386578294, "y": 0.04211768434892586, "zone": "wh_zone_2", "min_dist": 0.0}
{"t": 1784509444.8444214, "x": 8.16150031076525, "y": 0.042031761599783383, "zone": "wh_zone_2", "min_dist": 0.0}
{"t": 1784509444.9970262, "x": 8.163618738742858, "y": 0.041950134988097895, "zone": "wh_zone_2", "min_dist": 0.0}
{"t": 1784509445.1489553, "x": 8.165737166720467, "y": 0.04186850837641227, "zone": "wh_zone_2", "min_dist": 0.0}
{"t": 1784509445.3013558, "x": 8.167855594698075, "y": 0.0417868817647265, "zone": "wh_zone_2", "min_dist": 0.0}
{"t": 1784509445.4532347, "x": 8.169974022675683, "y": 0.0417052551530406, "zone": "wh_zone_2", "min_dist": 0.0}
{"t": 1784509445.6056476, "x": 8.172092450653292, "y": 0.041623628541354554, "zone": "wh_zone_2", "min_dist": 0.0}
{"t": 1784509445.7659302, "x": 8.174322374840248, "y": 0.0415377057922112, "zone": "wh_zone_2", "min_dist": 0.0}
{"t": 1784509445.9183047, "x": 8.176440802817856, "y": 0.04145607918052487, "zone": "wh_zone_2", "min_dist": 0.0}
{"t": 1784509446.0946074, "x": 8.178893719423508, "y": 0.04136156415646686, "zone": "wh_zone_2", "min_dist": 0.0}
{"t": 1784509446.2473238, "x": 8.181012147401116, "y": 0.04127993754478023, "zone": "wh_zone_2", "min_dist": 0.0}
{"t": 1784509446.399384, "x": 8.183130575378724, "y": 0.04119831093309347, "zone": "wh_zone_2", "min_dist": 0.0}
{"t": 1784509446.551458, "x": 8.185249003356333, "y": 0.041116684321406576, "zone": "wh_zone_2", "min_dist": 0.0}
{"t": 1784509446.7038825, "x": 8.187367431333941, "y": 0.04103505770971954, "zone": "wh_zone_2", "min_dist": 0.0}
{"t": 1784509446.855596, "x": 8.18948585931155, "y": 0.040953431098032365, "zone": "wh_zone_2", "min_dist": 0.0}
{"t": 1784509447.0080907, "x": 8.191604287289158, "y": 0.040871804486345045, "zone": "wh_zone_2", "min_dist": 0.0}
{"t": 1784509447.1604667, "x": 8.193722715266766, "y": 0.040790177874657586, "zone": "wh_zone_2", "min_dist": 0.0}
{"t": 1784509447.3122287, "x": 8.195841143244374, "y": 0.040708551262969996, "zone": "wh_zone_2", "min_dist": 0.0}
{"t": 1784509447.4723983, "x": 8.19807106743133, "y": 0.04062262851382501, "zone": "wh_zone_2", "min_dist": 0.0}
{"t": 1784509447.6485033, "x": 8.200523984036982, "y": 0.040528113489765344, "zone": "wh_zone_2", "min_dist": 0.0}
{"t": 1784509447.8011215, "x": 8.20264241201459, "y": 0.04044648687807731, "zone": "wh_zone_2", "min_dist": 0.0}
{"t": 1784509447.96181, "x": 8.204872336201547, "y": 0.04036056412893186, "zone": "wh_zone_2", "min_dist": 0.0}
{"t": 1784509448.1380427, "x": 8.207325252807198, "y": 0.04026604910487169, "zone": "wh_zone_2", "min_dist": 0.0}
{"t": 1784509448.29029, "x": 8.209443680784807, "y": 0.040184422493183214, "zone": "wh_zone_2", "min_dist": 0.0}
{"t": 1784509448.442734, "x": 8.211562108762415, "y": 0.040102795881494596, "zone": "wh_zone_2", "min_dist": 0.0}
{"t": 1784509448.6026115, "x": 8.213792032949371, "y": 0.04001687313234853, "zone": "wh_zone_2", "min_dist": 0.0}
{"t": 1784509448.854634, "x": 8.21591046092698, "y": 0.03993524652065962, "zone": "wh_zone_2", "min_dist": 0.0}
{"t": 1784509449.011269, "x": 8.21947833962604, "y": 0.03979777012202768, "zone": "wh_zone_2", "min_dist": 0.0}
{"t": 1784509449.1633475, "x": 8.221596767603648, "y": 0.03971614351033769, "zone": "wh_zone_2", "min_dist": 0.0}
{"t": 1784509449.3159392, "x": 8.223715195581187, "y": 0.03963451689865004, "zone": "wh_zone_2", "min_dist": 0.0}
{"t": 1784509449.4761922, "x": 8.225945119768143, "y": 0.03954859414950163, "zone": "wh_zone_2", "min_dist": 0.0}
{"t": 1784509449.6288564, "x": 8.228063547745544, "y": 0.03946696753781771, "zone": "wh_zone_2", "min_dist": 0.0}
{"t": 1784509449.7885933, "x": 8.2302934719325, "y": 0.03938104478866674, "zone": "wh_zone_2", "min_dist": 0.0}
{"t": 1784509449.940665, "x": 8.232411899910108, "y": 0.039299418176973175, "zone": "wh_zone_2", "min_dist": 0.0}
{"t": 1784509450.0934074, "x": 8.234530327887578, "y": 0.039217791565284155, "zone": "wh_zone_2", "min_dist": 0.0}
{"t": 1784509450.2451117, "x": 8.236648755864909, "y": 0.039136164953597806, "zone": "wh_zone_2", "min_dist": 0.0}
{"t": 1784509450.4214706, "x": 8.239101672470214, "y": 0.039041649929536584, "zone": "wh_zone_2", "min_dist": 0.0}
{"t": 1784509450.5819695, "x": 8.241331596657032, "y": 0.03895572718038115, "zone": "wh_zone_2", "min_dist": 0.0}
{"t": 1784509450.7425115, "x": 8.243561520843642, "y": 0.038869804431230726, "zone": "wh_zone_2", "min_dist": 0.0}
{"t": 1784509450.918825, "x": 8.246014437449086, "y": 0.03877528940715577, "zone": "wh_zone_2", "min_dist": 0.0}
{"t": 1784509451.0707076, "x": 8.248132865426486, "y": 0.03869366279545256, "zone": "wh_zone_2", "min_dist": 0.0}
{"t": 1784509451.2232418, "x": 8.250251293404094, "y": 0.03861203618374064, "zone": "wh_zone_2", "min_dist": 0.0}
{"t": 1784509451.3756833, "x": 8.252369721381703, "y": 0.038530409572028586, "zone": "wh_zone_2", "min_dist": 0.0}
{"t": 1784509451.5360353, "x": 8.254599645568659, "y": 0.03844448682285785, "zone": "wh_zone_2", "min_dist": 0.0}
{"t": 1784509451.688259, "x": 8.25671807354606, "y": 0.03836286021115258, "zone": "wh_zone_2", "min_dist": 0.0}
{"t": 1784509451.8405554, "x": 8.258836501523668, "y": 0.03828123359943795, "zone": "wh_zone_2", "min_dist": 0.0}
{"t": 1784509452.000858, "x": 8.261066425710624, "y": 0.0381953108502645, "zone": "wh_zone_2", "min_dist": 0.0}
{"t": 1784509452.1775117, "x": 8.263519342316206, "y": 0.038100795826175975, "zone": "wh_zone_2", "min_dist": 0.0}
{"t": 1784509452.337364, "x": 8.265749266503162, "y": 0.03801487307700145, "zone": "wh_zone_2", "min_dist": 0.0}
{"t": 1784509452.497944, "x": 8.267979190690118, "y": 0.037928950327826776, "zone": "wh_zone_2", "min_dist": 0.0}
{"t": 1784509452.6577675, "x": 8.270209114877005, "y": 0.037843027578654334, "zone": "wh_zone_2", "min_dist": 0.0}
{"t": 1784509452.8182943, "x": 8.272439039063961, "y": 0.037757104829478604, "zone": "wh_zone_2", "min_dist": 0.0}
{"t": 1784509452.9944448, "x": 8.274891955669613, "y": 0.03766258980538512, "zone": "wh_zone_2", "min_dist": 0.0}
{"t": 1784509453.1465352, "x": 8.277010383647152, "y": 0.037580963193670006, "zone": "wh_zone_2", "min_dist": 0.0}
{"t": 1784509453.2987957, "x": 8.27912881162476, "y": 0.037499336581951905, "zone": "wh_zone_2", "min_dist": 0.0}
{"t": 1784509453.4512293, "x": 8.281247239602369, "y": 0.037417709970233665, "zone": "wh_zone_2", "min_dist": 0.0}
{"t": 1784509453.6033874, "x": 8.283365667579977, "y": 0.037336083358515286, "zone": "wh_zone_2", "min_dist": 0.0}
{"t": 1784509453.8563545, "x": 8.285595591766933, "y": 0.0372501606093379, "zone": "wh_zone_2", "min_dist": 0.0}
{"t": 1784509454.0123825, "x": 8.289051974256715, "y": 0.03711698034811263, "zone": "wh_zone_2", "min_dist": 0.0}
{"t": 1784509454.172403, "x": 8.291281898443671, "y": 0.037031057598934845, "zone": "wh_zone_2", "min_dist": 0.0}
{"t": 1784509454.3245664, "x": 8.29340032642128, "y": 0.03694943098721581, "zone": "wh_zone_2", "min_dist": 0.0}
{"t": 1784509454.476723, "x": 8.295518754398888, "y": 0.03686780437549663, "zone": "wh_zone_2", "min_dist": 0.0}
{"t": 1784509454.6290977, "x": 8.297637182376496, "y": 0.036786177763777315, "zone": "wh_zone_2", "min_dist": 0.0}
{"t": 1784509454.8059485, "x": 8.300090098982148, "y": 0.0366916627396811, "zone": "wh_zone_2", "min_dist": 0.0}
{"t": 1784509454.9656444, "x": 8.302320023169104, "y": 0.03660573999050255, "zone": "wh_zone_2", "min_dist": 0.0}
{"t": 1784509455.1180832, "x": 8.304438451146712, "y": 0.036524113378782794, "zone": "wh_zone_2", "min_dist": 0.0}
{"t": 1784509455.278171, "x": 8.306668375333668, "y": 0.03643819062960394, "zone": "wh_zone_2", "min_dist": 0.0}
{"t": 1784509455.4546034, "x": 8.30912129193932, "y": 0.03634367560550703, "zone": "wh_zone_2", "min_dist": 0.0}
{"t": 1784509455.6150644, "x": 8.311351216126276, "y": 0.03625775285632787, "zone": "wh_zone_2", "min_dist": 0.0}
{"t": 1784509455.7751484, "x": 8.313581140313232, "y": 0.03617183010714855, "zone": "wh_zone_2", "min_dist": 0.0}
{"t": 1784509455.927478, "x": 8.31569956829084, "y": 0.036090203495428054, "zone": "wh_zone_2", "min_dist": 0.0}
{"t": 1784509456.0874312, "x": 8.317929492477797, "y": 0.03600428074624844, "zone": "wh_zone_2", "min_dist": 0.0}
{"t": 1784509456.247527, "x": 8.320159416664753, "y": 0.03591835799706867, "zone": "wh_zone_2", "min_dist": 0.0}
{"t": 1784509456.3996801, "x": 8.322277844642361, "y": 0.03583673138534774, "zone": "wh_zone_2", "min_dist": 0.0}
{"t": 1784509456.55235, "x": 8.32439627261997, "y": 0.03575510477362667, "zone": "wh_zone_2", "min_dist": 0.0}
{"t": 1784509456.71283, "x": 8.326626196806926, "y": 0.035669182024446446, "zone": "wh_zone_2", "min_dist": 0.0}
{"t": 1784509456.873144, "x": 8.328856120993882, "y": 0.03558325927526607, "zone": "wh_zone_2", "min_dist": 0.0}
{"t": 1784509457.0255828, "x": 8.33097454897149, "y": 0.03550163266354457, "zone": "wh_zone_2", "min_dist": 0.0}
{"t": 1784509457.1858456, "x": 8.333204473158446, "y": 0.0354157099143639, "zone": "wh_zone_2", "min_dist": 0.0}
{"t": 1784509457.3458807, "x": 8.335434397345402, "y": 0.03532978716518308, "zone": "wh_zone_2", "min_dist": 0.0}
{"t": 1784509457.4983554, "x": 8.33755282532301, "y": 0.03524816055346115, "zone": "wh_zone_2", "min_dist": 0.0}
{"t": 1784509457.6589124, "x": 8.339782749509967, "y": 0.03516223780428003, "zone": "wh_zone_2", "min_dist": 0.0}
{"t": 1784509457.8190084, "x": 8.342012673696923, "y": 0.035076315055098756, "zone": "wh_zone_2", "min_dist": 0.0}
{"t": 1784509457.9713283, "x": 8.344131101674531, "y": 0.0349946884433764, "zone": "wh_zone_2", "min_dist": 0.0}
{"t": 1784509458.13152, "x": 8.346361025861487, "y": 0.03490876569419483, "zone": "wh_zone_2", "min_dist": 0.0}
{"t": 1784509458.283515, "x": 8.348479453839095, "y": 0.03482713908247219, "zone": "wh_zone_2", "min_dist": 0.0}
{"t": 1784509458.444402, "x": 8.350709378026052, "y": 0.03474121633329031, "zone": "wh_zone_2", "min_dist": 0.0}
{"t": 1784509458.6041746, "x": 8.352939302213008, "y": 0.03465529358410828, "zone": "wh_zone_2", "min_dist": 0.0}
{"t": 1784509458.756433, "x": 8.355057730190616, "y": 0.03457366697238521, "zone": "wh_zone_2", "min_dist": 0.0}
{"t": 1784509458.9085076, "x": 8.357176158168224, "y": 0.034492040360662, "zone": "wh_zone_2", "min_dist": 0.0}
{"t": 1784509459.0687556, "x": 8.35940608235518, "y": 0.03440611761147953, "zone": "wh_zone_2", "min_dist": 0.0}
{"t": 1784509459.229221, "x": 8.361633296804953, "y": 0.03432029990524518, "zone": "wh_zone_2", "min_dist": 0.0}
{"t": 1784509459.3894486, "x": 8.363860391762328, "y": 0.03423449402537432, "zone": "wh_zone_2", "min_dist": 0.0}
{"t": 1784509459.5496905, "x": 8.366087369896062, "y": 0.03414870004730516, "zone": "wh_zone_2", "min_dist": 0.0}
{"t": 1784509459.7101948, "x": 8.368314447157706, "y": 0.03406290834978304, "zone": "wh_zone_2", "min_dist": 0.0}
{"t": 1784509459.8704424, "x": 8.370541599153317, "y": 0.03397711747375582, "zone": "wh_zone_2", "min_dist": 0.0}
{"t": 1784509460.0226, "x": 8.37263419067314, "y": 0.033896512936575925, "zone": "wh_zone_2", "min_dist": 0.0}
{"t": 1784509460.1750722, "x": 8.370333768972676, "y": 0.03289880919670732, "zone": "wh_zone_2", "min_dist": 0.0}
{"t": 1784509460.327093, "x": 8.352386616438782, "y": 0.029528035324770243, "zone": "wh_zone_2", "min_dist": 0.0}
{"t": 1784509460.4873502, "x": 8.333872009104699, "y": 0.026115432623876205, "zone": "wh_zone_2", "min_dist": 0.0}
{"t": 1784509460.6636252, "x": 8.313602531012737, "y": 0.022552275351806254, "zone": "wh_zone_2", "min_dist": 0.0}
{"t": 1784509460.8402348, "x": 8.293348447914616, "y": 0.019203512303985544, "zone": "wh_zone_2", "min_dist": 0.0}
{"t": 1784509461.0001667, "x": 8.27584864119019, "y": 0.016717765891356356, "zone": "wh_zone_2", "min_dist": 0.0}
{"t": 1784509461.1522784, "x": 8.267437332229138, "y": 0.01689266320312145, "zone": "wh_zone_2", "min_dist": 0.0}
{"t": 1784509461.3044116, "x": 8.266651452633853, "y": 0.01689084880183243, "zone": "wh_zone_2", "min_dist": 0.0}
{"t": 1784509461.4802876, "x": 8.269079588564736, "y": 0.016710905619591973, "zone": "wh_zone_2", "min_dist": 0.0}
{"t": 1784509461.6408546, "x": 8.271305069001048, "y": 0.016546029237505356, "zone": "wh_zone_2", "min_dist": 0.0}
{"t": 1784509461.816946, "x": 8.273753097462556, "y": 0.01636466523750067, "zone": "wh_zone_2", "min_dist": 0.0}
{"t": 1784509461.9698205, "x": 8.275867303794112, "y": 0.016208032713962782, "zone": "wh_zone_2", "min_dist": 0.0}
{"t": 1784509462.121546, "x": 8.277981510019906, "y": 0.016051400214258427, "zone": "wh_zone_2", "min_dist": 0.0}
{"t": 1784509462.2818508, "x": 8.280206990107056, "y": 0.015886523926763936, "zone": "wh_zone_2", "min_dist": 0.0}
{"t": 1784509462.4420567, "x": 8.282432470014621, "y": 0.015721647668554512, "zone": "wh_zone_2", "min_dist": 0.0}
{"t": 1784509462.6025903, "x": 8.284657949731685, "y": 0.015556771438316418, "zone": "wh_zone_2", "min_dist": 0.0}
{"t": 1784509462.7547576, "x": 8.286772155290388, "y": 0.015400139042608873, "zone": "wh_zone_2", "min_dist": 0.0}
{"t": 1784509462.9070432, "x": 8.288886360697527, "y": 0.015243506665123637, "zone": "wh_zone_2", "min_dist": 0.0}
{"t": 1784509463.059232, "x": 8.291000565980521, "y": 0.015086874300594005, "zone": "wh_zone_2", "min_dist": 0.0}
{"t": 1784509463.2196739, "x": 8.293226045131977, "y": 0.014921998134749946, "zone": "wh_zone_2", "min_dist": 0.0}
{"t": 1784509463.3718295, "x": 8.295340250393615, "y": 0.01476536576018362, "zone": "wh_zone_2", "min_dist": 0.0}
{"t": 1784509463.5322902, "x": 8.29756573017379, "y": 0.014600489581244283, "zone": "wh_zone_2", "min_dist": 0.0}
{"t": 1784509463.708364, "x": 8.300013757950394, "y": 0.014419125782925625, "zone": "wh_zone_2", "min_dist": 0.0}
{"t": 1784509463.8854206, "x": 8.302461785735789, "y": 0.01423776198394336, "zone": "wh_zone_2", "min_dist": 0.0}
{"t": 1784509464.0451214, "x": 8.304687265543757, "y": 0.014072885802839654, "zone": "wh_zone_2", "min_dist": 0.0}
{"t": 1784509464.1975846, "x": 8.306801471362176, "y": 0.013916253430738221, "zone": "wh_zone_2", "min_dist": 0.0}
{"t": 1784509464.3494313, "x": 8.308915677180618, "y": 0.013759621058636817, "zone": "wh_zone_2", "min_dist": 0.0}
{"t": 1784509464.5096848, "x": 8.31114115698916, "y": 0.013594744877492165, "zone": "wh_zone_2", "min_dist": 0.0}
{"t": 1784509464.6701555, "x": 8.313366636797252, "y": 0.013429868696357131, "zone": "wh_zone_2", "min_dist": 0.0}
{"t": 1784509464.830367, "x": 8.315592116604945, "y": 0.013264992515216728, "zone": "wh_zone_2", "min_dist": 0.0}
{"t": 1784509464.9906163, "x": 8.317817596412358, "y": 0.013100116334053242, "zone": "wh_zone_2", "min_dist": 0.0}
{"t": 1784509465.1429214, "x": 8.319931802229295, "y": 0.01294348396191087, "zone": "wh_zone_2", "min_dist": 0.0}
{"t": 1784509465.2950802, "x": 8.322046008046259, "y": 0.0127868515897193, "zone": "wh_zone_2", "min_dist": 0.0}
{"t": 1784509465.455312, "x": 8.324271487853773, "y": 0.01262197540840024, "zone": "wh_zone_2", "min_dist": 0.0}
{"t": 1784509465.607747, "x": 8.326385693671211, "y": 0.01246534303607706, "zone": "wh_zone_2", "min_dist": 0.0}
{"t": 1784509465.861353, "x": 8.328611173479478, "y": 0.012300466854604064, "zone": "wh_zone_2", "min_dist": 0.0}
{"t": 1784509466.016427, "x": 8.332060667183404, "y": 0.01204490877314917, "zone": "wh_zone_2", "min_dist": 0.0}
{"t": 1784509466.1767366, "x": 8.334286146993215, "y": 0.011880032591452025, "zone": "wh_zone_2", "min_dist": 0.0}
{"t": 1784509466.3533523, "x": 8.336734174784837, "y": 0.011698668791482908, "zone": "wh_zone_2", "min_dist": 0.0}
{"t": 1784509466.5292642, "x": 8.339182202577366, "y": 0.011517304991409011, "zone": "wh_zone_2", "min_dist": 0.0}
{"t": 1784509466.6815083, "x": 8.341296408398932, "y": 0.011360672618536403, "zone": "wh_zone_2", "min_dist": 0.0}
{"t": 1784509466.8415422, "x": 8.34352188821185, "y": 0.011195796436487089, "zone": "wh_zone_2", "min_dist": 0.0}
{"t": 1784509467.0178535, "x": 8.345969916006924, "y": 0.011014432636144926, "zone": "wh_zone_2", "min_dist": 0.0}
{"t": 1784509467.1705134, "x": 8.348084121830643, "y": 0.010857800263052183, "zone": "wh_zone_2", "min_dist": 0.0}
{"t": 1784509467.3306315, "x": 8.350309601645776, "y": 0.010692924080783534, "zone": "wh_zone_2", "min_dist": 0.0}
{"t": 1784509467.483028, "x": 8.352423807470768, "y": 0.010536291707569773, "zone": "wh_zone_2", "min_dist": 0.0}
{"t": 1784509467.6431665, "x": 8.354649287287167, "y": 0.010371415525181936, "zone": "wh_zone_2", "min_dist": 0.0}
{"t": 1784509467.7954948, "x": 8.35676235175035, "y": 0.010214866635029742, "zone": "wh_zone_2", "min_dist": 0.0}
{"t": 1784509467.947724, "x": 8.358873862735647, "y": 0.010058433950902213, "zone": "wh_zone_2", "min_dist": 0.0}
{"t": 1784509468.107954, "x": 8.361096454520862, "y": 0.009893775996261714, "zone": "wh_zone_2", "min_dist": 0.0}
{"t": 1784509468.268404, "x": 8.363318727523056, "y": 0.00972914723133395, "zone": "wh_zone_2", "min_dist": 0.0}
{"t": 1784509468.42859, "x": 8.365541079928496, "y": 0.009564519599692223, "zone": "wh_zone_2", "min_dist": 0.0}
{"t": 1784509468.5885875, "x": 8.367763520727403, "y": 0.009399892367429443, "zone": "wh_zone_2", "min_dist": 0.0}
{"t": 1784509468.7489665, "x": 8.369697533320055, "y": 0.00925662729704428, "zone": "wh_zone_2", "min_dist": 0.0}
{"t": 1784509468.90108, "x": 8.35405854923822, "y": 0.006487771944058166, "zone": "wh_zone_2", "min_dist": 0.0}
{"t": 1784509469.053336, "x": 8.337452735387782, "y": 0.004282720298020168, "zone": "wh_zone_2", "min_dist": 0.0}
{"t": 1784509469.2060344, "x": 8.321344893194226, "y": 0.002540467344267391, "zone": "wh_zone_2", "min_dist": 0.0}
{"t": 1784509469.3584049, "x": 8.305293570979977, "y": 0.0009338865997679416, "zone": "wh_zone_2", "min_dist": 0.0}
{"t": 1784509469.510488, "x": 8.289287961047568, "y": -0.0005386404461426658, "zone": "wh_zone_2", "min_dist": 0.0}
{"t": 1784509469.6709642, "x": 8.279668208896, "y": -0.0007272267107836232, "zone": "wh_zone_2", "min_dist": 0.0}
{"t": 1784509469.847647, "x": 8.27786466868541, "y": -0.0006216458514418828, "zone": "wh_zone_2", "min_dist": 0.0}
{"t": 1784509470.008045, "x": 8.279938249354508, "y": -0.000777426390318108, "zone": "wh_zone_2", "min_dist": 0.0}
{"t": 1784509470.1674926, "x": 8.282164314041543, "y": -0.0009447835370643003, "zone": "wh_zone_2", "min_dist": 0.0}
{"t": 1784509470.328313, "x": 8.28438998510425, "y": -0.0011121028390732668, "zone": "wh_zone_2", "min_dist": 0.0}
{"t": 1784509470.4882317, "x": 8.28661528500786, "y": -0.0012793934125642592, "zone": "wh_zone_2", "min_dist": 0.0}
{"t": 1784509470.6408865, "x": 8.288729319950814, "y": -0.001438319453122405, "zone": "wh_zone_2", "min_dist": 0.0}
{"t": 1784509470.7928452, "x": 8.290843354914069, "y": -0.0015972454918699963, "zone": "wh_zone_2", "min_dist": 0.0}
{"t": 1784509470.952958, "x": 8.293068654883761, "y": -0.0017645360587414168, "zone": "wh_zone_2", "min_dist": 0.0}
{"t": 1784509471.1053278, "x": 8.295182689850988, "y": -0.0019234620982018567, "zone": "wh_zone_2", "min_dist": 0.0}
{"t": 1784509471.265188, "x": 8.297407989800485, "y": -0.00209075266788983, "zone": "wh_zone_2", "min_dist": 0.0}
{"t": 1784509471.4418428, "x": 8.299855819712784, "y": -0.002274772297384695, "zone": "wh_zone_2", "min_dist": 0.0}
{"t": 1784509471.5942087, "x": 8.301969854600022, "y": -0.0024336983437263145, "zone": "wh_zone_2", "min_dist": 0.0}
{"t": 1784509471.7467306, "x": 8.30408388944517, "y": -0.0025926243926147835, "zone": "wh_zone_2", "min_dist": 0.0}
{"t": 1784509471.9063988, "x": 8.306309190335286, "y": -0.002759915053530246, "zone": "wh_zone_2", "min_dist": 0.0}
{"t": 1784509472.0586758, "x": 8.308423225109786, "y": -0.002918841111158873, "zone": "wh_zone_2", "min_dist": 0.0}
{"t": 1784509472.2109675, "x": 8.310537259819718, "y": -0.0030777671676994215, "zone": "wh_zone_2", "min_dist": 0.0}
{"t": 1784509472.3631954, "x": 8.31265129449579, "y": -0.0032366932239755236, "zone": "wh_zone_2", "min_dist": 0.0}
{"t": 1784509472.5234876, "x": 8.314876594135798, "y": -0.003403983809714594, "zone": "wh_zone_2", "min_dist": 0.0}
{"t": 1784509472.6752577, "x": 8.316990628784408, "y": -0.003562909866583848, "zone": "wh_zone_2", "min_dist": 0.0}
{"t": 1784509472.8277776, "x": 8.319104663427769, "y": -0.0037218359239632338, "zone": "wh_zone_2", "min_dist": 0.0}
{"t": 1784509472.980184, "x": 8.321218698067984, "y": -0.003880761981930995, "zone": "wh_zone_2", "min_dist": 0.0}
{"t": 1784509473.140577, "x": 8.323443997687214, "y": -0.00404805256996666, "zone": "wh_zone_2", "min_dist": 0.0}
{"t": 1784509473.3006053, "x": 8.325669297305069, "y": -0.004215343158764467, "zone": "wh_zone_2", "min_dist": 0.0}
{"t": 1784509473.4531732, "x": 8.327783331941129, "y": -0.00437426921885296, "zone": "wh_zone_2", "min_dist": 0.0}
{"t": 1784509473.6291695, "x": 8.330231161518906, "y": -0.004558288868282463, "zone": "wh_zone_2", "min_dist": 0.0}
{"t": 1784509473.7814295, "x": 8.332345196153714, "y": -0.0047172149299405, "zone": "wh_zone_2", "min_dist": 0.0}
{"t": 1784509473.9417424, "x": 8.334570495768872, "y": -0.004884505521944221, "zone": "wh_zone_2", "min_dist": 0.0}
{"t": 1784509474.1020234, "x": 8.336795795383713, "y": -0.00505179611474277, "zone": "wh_zone_2", "min_dist": 0.0}
{"t": 1784509474.2542846, "x": 8.338909830017618, "y": -0.005210722178623239, "zone": "wh_zone_2", "min_dist": 0.0}
{"t": 1784509474.4144928, "x": 8.341135129632155, "y": -0.005378012772922089, "zone": "wh_zone_2", "min_dist": 0.0}
{"t": 1784509474.5662768, "x": 8.343249164265979, "y": -0.0055369388381881985, "zone": "wh_zone_2", "min_dist": 0.0}
{"t": 1784509474.7186658, "x": 8.34536319889991, "y": -0.005695864904095932, "zone": "wh_zone_2", "min_dist": 0.0}
{"t": 1784509474.878931, "x": 8.347588498514801, "y": -0.00586315550045472, "zone": "wh_zone_2", "min_dist": 0.0}
{"t": 1784509475.0312836, "x": 8.349702533149255, "y": -0.006022081567602168, "zone": "wh_zone_2", "min_dist": 0.0}
{"t": 1784509475.1837912, "x": 8.351816567784097, "y": -0.006181007635314122, "zone": "wh_zone_2", "min_dist": 0.0}
{"t": 1784509475.3436818, "x": 8.354041867400225, "y": -0.00634829823348654, "zone": "wh_zone_2", "min_dist": 0.0}
{"t": 1784509475.5043123, "x": 8.35626645342825, "y": -0.006515535779864576, "zone": "wh_zone_2", "min_dist": 0.0}
{"t": 1784509475.6565754, "x": 8.358377789704164, "y": -0.006674257896701323, "zone": "wh_zone_2", "min_dist": 0.0}
{"t": 1784509475.809125, "x": 8.36048907946645, "y": -0.006832971199304856, "zone": "wh_zone_2", "min_dist": 0.0}
{"t": 1784509475.970746, "x": 8.362711021688636, "y": -0.006999995943026123, "zone": "wh_zone_2", "min_dist": 0.0}
{"t": 1784509476.1294017, "x": 8.364933310767775, "y": -0.00716703933455256, "zone": "wh_zone_2", "min_dist": 0.0}
{"t": 1784509476.2907147, "x": 8.367155712315425, "y": -0.00733408665023101, "zone": "wh_zone_2", "min_dist": 0.0}
{"t": 1784509476.441915, "x": 8.369134391464339, "y": -0.007482814628290933, "zone": "wh_zone_2", "min_dist": 0.0}
{"t": 1784509476.594168, "x": 8.368626489323711, "y": -0.007690557726501552, "zone": "wh_zone_2", "min_dist": 0.0}
{"t": 1784509476.754702, "x": 8.369834602777253, "y": -0.007781887321356828, "zone": "wh_zone_2", "min_dist": 0.0}
{"t": 1784509476.9069333, "x": 8.371510947166161, "y": -0.007908338536235925, "zone": "wh_zone_2", "min_dist": 0.0}
{"t": 1784509477.0592914, "x": 8.373135452764984, "y": -0.00803069981600056, "zone": "wh_zone_2", "min_dist": 0.0}
{"t": 1784509477.2113774, "x": 8.372959725868604, "y": -0.008017482945964213, "zone": "wh_zone_2", "min_dist": 0.0}
{"t": 1784509477.3638282, "x": 8.372919869789252, "y": -0.008014489874692608, "zone": "wh_zone_2", "min_dist": 0.0}
{"t": 1784509477.5158813, "x": 8.37290680638847, "y": -0.008013511375441993, "zone": "wh_zone_2", "min_dist": 0.0}
{"t": 1784509477.676149, "x": 8.372899634437772, "y": -0.008012976386168354, "zone": "wh_zone_2", "min_dist": 0.0}
{"t": 1784509477.8364468, "x": 8.372894636204265, "y": -0.008012605399093627, "zone": "wh_zone_2", "min_dist": 0.0}
{"t": 1784509477.9884794, "x": 8.372891152849487, "y": -0.008012348267540114, "zone": "wh_zone_2", "min_dist": 0.0}
{"t": 1784509478.1404822, "x": 8.37288807655234, "y": -0.008012122667500308, "zone": "wh_zone_2", "min_dist": 0.0}
{"t": 1784509478.3170934, "x": 8.372885438743884, "y": -0.00801193098096904, "zone": "wh_zone_2", "min_dist": 0.0}
{"t": 1784509478.4773214, "x": 8.372883721501905, "y": -0.008011807823199555, "zone": "wh_zone_2", "min_dist": 0.0}
{"t": 1784509478.6296623, "x": 8.372882506600686, "y": -0.008011722255491656, "zone": "wh_zone_2", "min_dist": 0.0}
{"t": 1784509478.805534, "x": 8.372881517608404, "y": -0.008011654755990926, "zone": "wh_zone_2", "min_dist": 0.0}
{"t": 1784509478.9656248, "x": 8.372880945946504, "y": -0.008011618390217374, "zone": "wh_zone_2", "min_dist": 0.0}
{"t": 1784509479.1260586, "x": 8.37288068020709, "y": -0.008011605412211966, "zone": "wh_zone_2", "min_dist": 0.0}
{"t": 1784509479.2784755, "x": 8.372880699696886, "y": -0.008011613579014507, "zone": "wh_zone_2", "min_dist": 0.0}
{"t": 1784509479.4306157, "x": 8.372880897606079, "y": -0.00801163416905084, "zone": "wh_zone_2", "min_dist": 0.0}
{"t": 1784509479.5829208, "x": 8.372881291834258, "y": -0.008011670196936854, "zone": "wh_zone_2", "min_dist": 0.0}
{"t": 1784509479.7355146, "x": 8.372881943460282, "y": -0.00801172658637028, "zone": "wh_zone_2", "min_dist": 0.0}
{"t": 1784509479.8875027, "x": 8.372882498238118, "y": -0.008011773689264848, "zone": "wh_zone_2", "min_dist": 0.0}
{"t": 1784509480.0398912, "x": 8.37288318045338, "y": -0.008011831061540322, "zone": "wh_zone_2", "min_dist": 0.0}
{"t": 1784509480.2160277, "x": 8.372883999335182, "y": -0.008011899398122902, "zone": "wh_zone_2", "min_dist": 0.0}
{"t": 1784509480.3922348, "x": 8.372885006600262, "y": -0.008011982926562734, "zone": "wh_zone_2", "min_dist": 0.0}
{"t": 1784509480.5526073, "x": 8.372886166107056, "y": -0.008012078590042418, "zone": "wh_zone_2", "min_dist": 0.0}
{"t": 1784509480.7128272, "x": 8.372886839829372, "y": -0.008012133999238918, "zone": "wh_zone_2", "min_dist": 0.0}
{"t": 1784509480.8730073, "x": 8.372887578247335, "y": -0.008012194613916413, "zone": "wh_zone_2", "min_dist": 0.0}
{"t": 1784509481.0259254, "x": 8.372888382506684, "y": -0.008012260519843894, "zone": "wh_zone_2", "min_dist": 0.0}
{"t": 1784509481.1853423, "x": 8.370777673693494, "y": -0.008104716394808354, "zone": "wh_zone_2", "min_dist": 0.0}
{"t": 1784509481.3377714, "x": 8.355593197944799, "y": -0.008760218037872584, "zone": "wh_zone_2", "min_dist": 0.0}
{"t": 1784509481.498213, "x": 8.336753187385137, "y": -0.009963127857343006, "zone": "wh_zone_2", "min_dist": 0.0}
{"t": 1784509481.650462, "x": 8.319012702179451, "y": -0.011102977791876446, "zone": "wh_zone_2", "min_dist": 0.0}
{"t": 1784509481.8027651, "x": 8.301317674207214, "y": -0.012205325458916318, "zone": "wh_zone_2", "min_dist": 0.0}
{"t": 1784509481.95518, "x": 8.283664512614806, "y": -0.013230794572273719, "zone": "wh_zone_2", "min_dist": 0.0}
{"t": 1784509482.115386, "x": 8.26578481924656, "y": -0.01374587014785279, "zone": "wh_zone_2", "min_dist": 0.0}
{"t": 1784509482.2756746, "x": 8.26246914545504, "y": -0.013517239129625743, "zone": "wh_zone_2", "min_dist": 0.0}
{"t": 1784509482.4279473, "x": 8.26458240521776, "y": -0.01368615782592117, "zone": "wh_zone_2", "min_dist": 0.0}
{"t": 1784509482.5879512, "x": 8.26680688961814, "y": -0.013863966977131936, "zone": "wh_zone_2", "min_dist": 0.0}
{"t": 1784509482.7402875, "x": 8.268920149747311, "y": -0.014032885632375829, "zone": "wh_zone_2", "min_dist": 0.0}
{"t": 1784509482.8921516, "x": 8.271033412198904, "y": -0.014201804429296002, "zone": "wh_zone_2", "min_dist": 0.0}
{"t": 1784509483.0702288, "x": 8.273480343966511, "y": -0.014397394280091208, "zone": "wh_zone_2", "min_dist": 0.0}
{"t": 1784509483.2294264, "x": 8.275704827602427, "y": -0.014575203247389172, "zone": "wh_zone_2", "min_dist": 0.0}
{"t": 1784509483.381251, "x": 8.277818087157206, "y": -0.01474412177150872, "zone": "wh_zone_2", "min_dist": 0.0}
{"t": 1784509483.5337207, "x": 8.279931346766615, "y": -0.014913040297910676, "zone": "wh_zone_2", "min_dist": 0.0}
{"t": 1784509483.70959, "x": 8.282378278983247, "y": -0.015108630171492065, "zone": "wh_zone_2", "min_dist": 0.0}
{"t": 1784509483.862523, "x": 8.284491538642381, "y": -0.015277548698563645, "zone": "wh_zone_2", "min_dist": 0.0}
{"t": 1784509484.0142932, "x": 8.286604798310263, "y": -0.01544646722510983, "zone": "wh_zone_2", "min_dist": 0.0}
{"t": 1784509484.1746628, "x": 8.288829282176431, "y": -0.015624276199650218, "zone": "wh_zone_2", "min_dist": 0.0}
{"t": 1784509484.3350823, "x": 8.29105376604558, "y": -0.015802085173316698, "zone": "wh_zone_2", "min_dist": 0.0}
{"t": 1784509484.4952207, "x": 8.293278249916707, "y": -0.015979894146122234, "zone": "wh_zone_2", "min_dist": 0.0}
{"t": 1784509484.6474988, "x": 8.295391509595587, "y": -0.016148812669510054, "zone": "wh_zone_2", "min_dist": 0.0}
{"t": 1784509484.8076386, "x": 8.297615993469138, "y": -0.016326621640705377, "zone": "wh_zone_2", "min_dist": 0.0}
{"t": 1784509484.960064, "x": 8.299729253149854, "y": -0.016495540162621232, "zone": "wh_zone_2", "min_dist": 0.0}
{"t": 1784509485.1125076, "x": 8.301842512831326, "y": -0.01666445868387031, "zone": "wh_zone_2", "min_dist": 0.0}
{"t": 1784509485.2726321, "x": 8.30406699670735, "y": -0.016842267652923043, "zone": "wh_zone_2", "min_dist": 0.0}
{"t": 1784509485.4329011, "x": 8.306291480584187, "y": -0.017020076621312386, "zone": "wh_zone_2", "min_dist": 0.0}
{"t": 1784509485.5930471, "x": 8.308515964461845, "y": -0.01719788558907373, "zone": "wh_zone_2", "min_dist": 0.0}
{"t": 1784509485.753341, "x": 8.310740448340331, "y": -0.017375694556239624, "zone": "wh_zone_2", "min_dist": 0.0}
{"t": 1784509485.9295447, "x": 8.31318738060763, "y": -0.01757128441946927, "zone": "wh_zone_2", "min_dist": 0.0}
{"t": 1784509486.0897007, "x": 8.315411864487873, "y": -0.01774909338547666, "zone": "wh_zone_2", "min_dist": 0.0}
{"t": 1784509486.250222, "x": 8.317636348368952, "y": -0.017926902350969835, "zone": "wh_zone_2", "min_dist": 0.0}
{"t": 1784509486.4262912, "x": 8.320083280639096, "y": -0.018122492212442505, "zone": "wh_zone_2", "min_dist": 0.0}
{"t": 1784509486.586787, "x": 8.322307764521907, "y": -0.018300301176918523, "zone": "wh_zone_2", "min_dist": 0.0}
{"t": 1784509486.747141, "x": 8.324532248405527, "y": -0.01847811014093457, "zone": "wh_zone_2", "min_dist": 0.0}
{"t": 1784509486.899305, "x": 8.3266455080957, "y": -0.018647028656335208, "zone": "wh_zone_2", "min_dist": 0.0}
{"t": 1784509487.0754695, "x": 8.329092440369408, "y": -0.01884261851577993, "zone": "wh_zone_2", "min_dist": 0.0}
{"t": 1784509487.227232, "x": 8.331205700061078, "y": -0.01901153703033739, "zone": "wh_zone_2", "min_dist": 0.0}
{"t": 1784509487.3874335, "x": 8.333430183947778, "y": -0.01918934599261767, "zone": "wh_zone_2", "min_dist": 0.0}
{"t": 1784509487.5481133, "x": 8.335654667835199, "y": -0.019367154954480065, "zone": "wh_zone_2", "min_dist": 0.0}
{"t": 1784509487.7005668, "x": 8.337767927528906, "y": -0.019536073467864696, "zone": "wh_zone_2", "min_dist": 0.0}
{"t": 1784509487.8608232, "x": 8.339992411417713, "y": -0.019713882428918163, "zone": "wh_zone_2", "min_dist": 0.0}
{"t": 1784509488.0133374, "x": 8.342105671112726, "y": -0.01988280094153438, "zone": "wh_zone_2", "min_dist": 0.0}
{"t": 1784509488.165635, "x": 8.34421893080835, "y": -0.020051719453773532, "zone": "wh_zone_2", "min_dist": 0.0}
{"t": 1784509488.3175159, "x": 8.346332190504572, "y": -0.020220637965631706, "zone": "wh_zone_2", "min_dist": 0.0}
{"t": 1784509488.4700522, "x": 8.348445450201378, "y": -0.020389556477103315, "zone": "wh_zone_2", "min_dist": 0.0}
{"t": 1784509488.6225648, "x": 8.350558709898753, "y": -0.020558474988180964, "zone": "wh_zone_2", "min_dist": 0.0}
{"t": 1784509488.7742937, "x": 8.35267196959667, "y": -0.020727393498855412, "zone": "wh_zone_2", "min_dist": 0.0}
{"t": 1784509488.9262316, "x": 8.354785229295112, "y": -0.02089631200911539, "zone": "wh_zone_2", "min_dist": 0.0}
{"t": 1784509489.0788171, "x": 8.356896494882944, "y": -0.021065072890063347, "zone": "wh_zone_2", "min_dist": 0.0}
{"t": 1784509489.239587, "x": 8.359118151875343, "y": -0.02124265552325309, "zone": "wh_zone_2", "min_dist": 0.0}
{"t": 1784509489.399441, "x": 8.361339775910693, "y": -0.021420231705024894, "zone": "wh_zone_2", "min_dist": 0.0}
{"t": 1784509489.5599174, "x": 8.363561358282317, "y": -0.021597799869321397, "zone": "wh_zone_2", "min_dist": 0.0}
{"t": 1784509489.7125256, "x": 8.365671888633509, "y": -0.021766486974134976, "zone": "wh_zone_2", "min_dist": 0.0}
{"t": 1784509489.8725817, "x": 8.367893529005753, "y": -0.021944049398840707, "zone": "wh_zone_2", "min_dist": 0.0}
{"t": 1784509490.0329278, "x": 8.367766044273562, "y": -0.022593615491693093, "zone": "wh_zone_2", "min_dist": 0.0}
{"t": 1784509490.1930287, "x": 8.356382777451133, "y": -0.0226703451849286, "zone": "wh_zone_2", "min_dist": 0.0}
{"t": 1784509490.3696067, "x": 8.348594518101814, "y": -0.021772709169879226, "zone": "wh_zone_2", "min_dist": 0.0}
{"t": 1784509490.5295665, "x": 8.342500558526856, "y": -0.02081137946228106, "zone": "wh_zone_2", "min_dist": 0.0}
{"t": 1784509490.681876, "x": 8.344587338380247, "y": -0.02118521228238052, "zone": "wh_zone_2", "min_dist": 0.0}
{"t": 1784509490.8340077, "x": 8.346674118293171, "y": -0.02155904509001668, "zone": "wh_zone_2", "min_dist": 0.0}
{"t": 1784509490.9861863, "x": 8.348760898226255, "y": -0.021932877886882196, "zone": "wh_zone_2", "min_dist": 0.0}
{"t": 1784509491.1389422, "x": 8.350821115274966, "y": -0.022301742182198533, "zone": "wh_zone_2", "min_dist": 0.0}
{"t": 1784509491.2988436, "x": 8.353010355441052, "y": -0.022693597724325984, "zone": "wh_zone_2", "min_dist": 0.0}
{"t": 1784509491.4593303, "x": 8.355199576136926, "y": -0.02308538209434184, "zone": "wh_zone_2", "min_dist": 0.0}
{"t": 1784509491.611561, "x": 8.357280098348175, "y": -0.02345765842436066, "zone": "wh_zone_2", "min_dist": 0.0}
{"t": 1784509491.8709295, "x": 8.35969003187297, "y": -0.02388882207951143, "zone": "wh_zone_2", "min_dist": 0.0}
{"t": 1784509492.0277236, "x": 8.360601751922442, "y": -0.02405193333911499, "zone": "wh_zone_2", "min_dist": 0.0}
{"t": 1784509492.1880062, "x": 8.360596538164184, "y": -0.024051008460492462, "zone": "wh_zone_2", "min_dist": 0.0}
{"t": 1784509492.3403664, "x": 8.360592724673698, "y": -0.02405033328774121, "zone": "wh_zone_2", "min_dist": 0.0}
{"t": 1784509492.49256, "x": 8.360590066635265, "y": -0.024049863666063695, "zone": "wh_zone_2", "min_dist": 0.0}
{"t": 1784509492.6535788, "x": 8.360587337289255, "y": -0.02404938270500327, "zone": "wh_zone_2", "min_dist": 0.0}
{"t": 1784509492.805377, "x": 8.360584864860447, "y": -0.024048948728444604, "zone": "wh_zone_2", "min_dist": 0.0}
{"t": 1784509492.9575891, "x": 8.360583647740166, "y": -0.024048736026469644, "zone": "wh_zone_2", "min_dist": 0.0}
{"t": 1784509493.109844, "x": 8.360582034781553, "y": -0.024048455696723755, "zone": "wh_zone_2", "min_dist": 0.0}
{"t": 1784509493.2618284, "x": 8.360581003186965, "y": -0.024048277898065903, "zone": "wh_zone_2", "min_dist": 0.0}
{"t": 1784509493.4142556, "x": 8.360580503549736, "y": -0.024048192407316076, "zone": "wh_zone_2", "min_dist": 0.0}
{"t": 1784509493.566495, "x": 8.360579468517717, "y": -0.024048016411636206, "zone": "wh_zone_2", "min_dist": 0.0}
{"t": 1784509493.7186499, "x": 8.360578960937188, "y": -0.02404793087676973, "zone": "wh_zone_2", "min_dist": 0.0}
{"t": 1784509493.8710759, "x": 8.360578433837777, "y": -0.024047842885870235, "zone": "wh_zone_2", "min_dist": 0.0}
{"t": 1784509494.0234091, "x": 8.360577933124354, "y": -0.024047760639078902, "zone": "wh_zone_2", "min_dist": 0.0}
{"t": 1784509494.1755745, "x": 8.360577933124354, "y": -0.024047760639078902, "zone": "wh_zone_2", "min_dist": 0.0}
{"t": 1784509494.327946, "x": 8.360577472127316, "y": -0.02404768685635866, "zone": "wh_zone_2", "min_dist": 0.0}
{"t": 1784509494.4804196, "x": 8.36057707851316, "y": -0.02404762681639415, "zone": "wh_zone_2", "min_dist": 0.0}
{"t": 1784509494.6401954, "x": 8.36057707851316, "y": -0.02404762681639415, "zone": "wh_zone_2", "min_dist": 0.0}
{"t": 1784509494.8004234, "x": 8.360576776780178, "y": -0.024047585912151805, "zone": "wh_zone_2", "min_dist": 0.0}
{"t": 1784509494.960756, "x": 8.360576776780178, "y": -0.024047585912151805, "zone": "wh_zone_2", "min_dist": 0.0}
{"t": 1784509495.112943, "x": 8.360576883565475, "y": -0.024047639255121597, "zone": "wh_zone_2", "min_dist": 0.0}
{"t": 1784509495.2651622, "x": 8.360577043588817, "y": -0.02404768578606496, "zone": "wh_zone_2", "min_dist": 0.0}
{"t": 1784509495.4175177, "x": 8.360577212722635, "y": -0.02404773522324627, "zone": "wh_zone_2", "min_dist": 0.0}
{"t": 1784509495.569799, "x": 8.360577390751443, "y": -0.024047787530615167, "zone": "wh_zone_2", "min_dist": 0.0}
{"t": 1784509495.7299356, "x": 8.360577566475888, "y": -0.024047839429378146, "zone": "wh_zone_2", "min_dist": 0.0}
{"t": 1784509495.8900552, "x": 8.360577942974022, "y": -0.024047951573842184, "zone": "wh_zone_2", "min_dist": 0.0}
{"t": 1784509496.0422044, "x": 8.360578132243607, "y": -0.024048008492009224, "zone": "wh_zone_2", "min_dist": 0.0}
{"t": 1784509496.2024932, "x": 8.360578328652627, "y": -0.024048067990469723, "zone": "wh_zone_2", "min_dist": 0.0}
{"t": 1784509496.3548708, "x": 8.36057852149137, "y": -0.024048126875034364, "zone": "wh_zone_2", "min_dist": 0.0}
{"t": 1784509496.5151484, "x": 8.360578720587922, "y": -0.024048188190051067, "zone": "wh_zone_2", "min_dist": 0.0}
{"t": 1784509496.6671865, "x": 8.360578915818023, "y": -0.024048248840200112, "zone": "wh_zone_2", "min_dist": 0.0}
{"t": 1784509496.8275044, "x": 8.36057910748678, "y": -0.02404830887669748, "zone": "wh_zone_2", "min_dist": 0.0}
{"t": 1784509496.9797726, "x": 8.36057930528493, "y": -0.024048371316697497, "zone": "wh_zone_2", "min_dist": 0.0}
{"t": 1784509497.139791, "x": 8.36057930528493, "y": -0.024048371316697497, "zone": "wh_zone_2", "min_dist": 0.0}
{"t": 1784509497.2926512, "x": 8.360579500054564, "y": -0.024048433227484522, "zone": "wh_zone_2", "min_dist": 0.0}
{"t": 1784509497.4523351, "x": 8.360579692386356, "y": -0.02404849470610533, "zone": "wh_zone_2", "min_dist": 0.0}
{"t": 1784509497.612415, "x": 8.36057988288391, "y": -0.024048555851653552, "zone": "wh_zone_2", "min_dist": 0.0}
{"t": 1784509497.8735886, "x": 8.360580072100765, "y": -0.024048616754763448, "zone": "wh_zone_2", "min_dist": 0.0}
{"t": 1784509498.029387, "x": 8.360580448337956, "y": -0.024048738101420296, "zone": "wh_zone_2", "min_dist": 0.0}
{"t": 1784509498.1897337, "x": 8.36058064481277, "y": -0.02404880151693398, "zone": "wh_zone_2", "min_dist": 0.0}
{"t": 1784509498.3497648, "x": 8.360580840885182, "y": -0.024048864833667985, "zone": "wh_zone_2", "min_dist": 0.0}
{"t": 1784509498.5020509, "x": 8.360580840885182, "y": -0.024048864833667985, "zone": "wh_zone_2", "min_dist": 0.0}
{"t": 1784509498.6547096, "x": 8.360581036253672, "y": -0.024048927998741185, "zone": "wh_zone_2", "min_dist": 0.0}
{"t": 1784509498.814815, "x": 8.360581230459823, "y": -0.024048990933633392, "zone": "wh_zone_2", "min_dist": 0.0}
{"t": 1784509498.9750593, "x": 8.360581423028416, "y": -0.02404905355865515, "zone": "wh_zone_2", "min_dist": 0.0}
{"t": 1784509499.135789, "x": 8.360581614025124, "y": -0.024049115891925616, "zone": "wh_zone_2", "min_dist": 0.0}
{"t": 1784509499.2956505, "x": 8.360581803156236, "y": -0.024049177887663087, "zone": "wh_zone_2", "min_dist": 0.0}
{"t": 1784509499.4477425, "x": 8.360581990079375, "y": -0.02404923949091969, "zone": "wh_zone_2", "min_dist": 0.0}
{"t": 1784509499.6001415, "x": 8.360582174598324, "y": -0.024049300671656983, "zone": "wh_zone_2", "min_dist": 0.0}
{"t": 1784509499.7525277, "x": 8.360582356706487, "y": -0.0240493614319039, "zone": "wh_zone_2", "min_dist": 0.0}
{"t": 1784509499.9044864, "x": 8.360582356706487, "y": -0.0240493614319039, "zone": "wh_zone_2", "min_dist": 0.0}
{"t": 1784509500.056654, "x": 8.360582536614201, "y": -0.02404942181024742, "zone": "wh_zone_2", "min_dist": 0.0}
{"t": 1784509500.2167985, "x": 8.360582714770308, "y": -0.024049481885659696, "zone": "wh_zone_2", "min_dist": 0.0}
{"t": 1784509500.377278, "x": 8.36058289181765, "y": -0.024049541769758306, "zone": "wh_zone_2", "min_dist": 0.0}
{"t": 1784509500.5374734, "x": 8.360583068554465, "y": -0.024049601600082182, "zone": "wh_zone_2", "min_dist": 0.0}
{"t": 1784509500.6900449, "x": 8.360583245882692, "y": -0.024049661531490563, "zone": "wh_zone_2", "min_dist": 0.0}
{"t": 1784509500.8423634, "x": 8.360583424737207, "y": -0.024049721724320232, "zone": "wh_zone_2", "min_dist": 0.0}
{"t": 1784509500.994571, "x": 8.360583606009618, "y": -0.024049782331626753, "zone": "wh_zone_2", "min_dist": 0.0}
{"t": 1784509501.1546416, "x": 8.360583606009618, "y": -0.024049782331626753, "zone": "wh_zone_2", "min_dist": 0.0}
{"t": 1784509501.3069463, "x": 8.360583790474678, "y": -0.02404984348682888, "zone": "wh_zone_2", "min_dist": 0.0}
{"t": 1784509501.4674745, "x": 8.360583978589135, "y": -0.024049905268414207, "zone": "wh_zone_2", "min_dist": 0.0}
{"t": 1784509501.6195297, "x": 8.360584168697644, "y": -0.024049967379755687, "zone": "wh_zone_2", "min_dist": 0.0}
{"t": 1784509501.7717652, "x": 8.360584360315872, "y": -0.024050029736142363, "zone": "wh_zone_2", "min_dist": 0.0}
{"t": 1784509501.9240901, "x": 8.360584553579882, "y": -0.024050092366361672, "zone": "wh_zone_2", "min_dist": 0.0}
{"t": 1784509502.0844214, "x": 8.360584750004163, "y": -0.02405015554762858, "zone": "wh_zone_2", "min_dist": 0.0}
{"t": 1784509502.2447038, "x": 8.360584950301233, "y": -0.024050219415368154, "zone": "wh_zone_2", "min_dist": 0.0}
{"t": 1784509502.4044733, "x": 8.360585153604958, "y": -0.024050283823750754, "zone": "wh_zone_2", "min_dist": 0.0}
{"t": 1784509502.5567183, "x": 8.360585153604958, "y": -0.024050283823750754, "zone": "wh_zone_2", "min_dist": 0.0}
{"t": 1784509502.70891, "x": 8.360585359036934, "y": -0.02405034862482986, "zone": "wh_zone_2", "min_dist": 0.0}
{"t": 1784509502.8614933, "x": 8.36058556574961, "y": -0.02405041367544395, "zone": "wh_zone_2", "min_dist": 0.0}
{"t": 1784509503.0132747, "x": 8.360585772970984, "y": -0.024050478844424565, "zone": "wh_zone_2", "min_dist": 0.0}
{"t": 1784509503.1657412, "x": 8.360585980045661, "y": -0.02405054401927955, "zone": "wh_zone_2", "min_dist": 0.0}
{"t": 1784509503.3182344, "x": 8.360586186467048, "y": -0.024050609111468908, "zone": "wh_zone_2", "min_dist": 0.0}
{"t": 1784509503.478397, "x": 8.360586391896327, "y": -0.024050674059576574, "zone": "wh_zone_2", "min_dist": 0.0}
{"t": 1784509503.630726, "x": 8.360586596170249, "y": -0.024050738830790678, "zone": "wh_zone_2", "min_dist": 0.0}
{"t": 1784509503.7831497, "x": 8.360586596170249, "y": -0.024050738830790678, "zone": "wh_zone_2", "min_dist": 0.0}
{"t": 1784509503.9432929, "x": 8.36058679927863, "y": -0.02405080341727068, "zone": "wh_zone_2", "min_dist": 0.0}
{"t": 1784509504.0954952, "x": 8.360587001333142, "y": -0.024050867831068808, "zone": "wh_zone_2", "min_dist": 0.0}
{"t": 1784509504.2555087, "x": 8.360587202530551, "y": -0.02405093209833709, "zone": "wh_zone_2", "min_dist": 0.0}
{"t": 1784509504.4159834, "x": 8.360587403110616, "y": -0.024050996252731324, "zone": "wh_zone_2", "min_dist": 0.0}
{"t": 1784509504.5763876, "x": 8.360587603307913, "y": -0.024051060327807825, "zone": "wh_zone_2", "min_dist": 0.0}
{"t": 1784509504.7284274, "x": 8.360587803297555, "y": -0.024051124348055467, "zone": "wh_zone_2", "min_dist": 0.0}
{"t": 1784509504.8811347, "x": 8.36058800316677, "y": -0.024051188324365, "zone": "wh_zone_2", "min_dist": 0.0}
{"t": 1784509505.033708, "x": 8.36058800316677, "y": -0.024051188324365, "zone": "wh_zone_2", "min_dist": 0.0}
{"t": 1784509505.1936014, "x": 8.360588202895162, "y": -0.024051252250860723, "zone": "wh_zone_2", "min_dist": 0.0}
{"t": 1784509505.346009, "x": 8.360588402349991, "y": -0.024051316104159906, "zone": "wh_zone_2", "min_dist": 0.0}
{"t": 1784509505.4979775, "x": 8.360588601296643, "y": -0.024051379845098333, "zone": "wh_zone_2", "min_dist": 0.0}
{"t": 1784509505.6503553, "x": 8.360588799422542, "y": -0.02405144342263967, "zone": "wh_zone_2", "min_dist": 0.0}
{"t": 1784509505.810823, "x": 8.360588996634155, "y": -0.024051506826384565, "zone": "wh_zone_2", "min_dist": 0.0}
{"t": 1784509505.9710796, "x": 8.360589193164804, "y": -0.024051570105143086, "zone": "wh_zone_2", "min_dist": 0.0}
{"t": 1784509506.1313248, "x": 8.360589388815809, "y": -0.024051633230594505, "zone": "wh_zone_2", "min_dist": 0.0}
{"t": 1784509506.2837024, "x": 8.360589583387021, "y": -0.02405169617343832, "zone": "wh_zone_2", "min_dist": 0.0}
{"t": 1784509506.436004, "x": 8.360589583387021, "y": -0.02405169617343832, "zone": "wh_zone_2", "min_dist": 0.0}
{"t": 1784509506.5877655, "x": 8.360589776727966, "y": -0.024051758911832345, "zone": "wh_zone_2", "min_dist": 0.0}
{"t": 1784509506.7404587, "x": 8.360589968774454, "y": -0.02405182143749224, "zone": "wh_zone_2", "min_dist": 0.0}
{"t": 1784509506.9004543, "x": 8.360590159537862, "y": -0.024051883753524815, "zone": "wh_zone_2", "min_dist": 0.0}
{"t": 1784509507.0527272, "x": 8.360590349111124, "y": -0.02405194587519398, "zone": "wh_zone_2", "min_dist": 0.0}
{"t": 1784509507.2049768, "x": 8.360590537207523, "y": -0.024052007747695874, "zone": "wh_zone_2", "min_dist": 0.0}
{"t": 1784509507.357049, "x": 8.360590723051889, "y": -0.024052069227197315, "zone": "wh_zone_2", "min_dist": 0.0}
{"t": 1784509507.5097945, "x": 8.360590907849039, "y": -0.024052130522501408, "zone": "wh_zone_2", "min_dist": 0.0}
{"t": 1784509507.669684, "x": 8.360590907849039, "y": -0.024052130522501408, "zone": "wh_zone_2", "min_dist": 0.0}
{"t": 1784509507.8300674, "x": 8.360591092881917, "y": -0.024052191856113545, "zone": "wh_zone_2", "min_dist": 0.0}
{"t": 1784509507.9823482, "x": 8.360591279290977, "y": -0.024052253425687786, "zone": "wh_zone_2", "min_dist": 0.0}
{"t": 1784509508.1345139, "x": 8.360591467681065, "y": -0.024052315334587723, "zone": "wh_zone_2", "min_dist": 0.0}
{"t": 1784509508.2870111, "x": 8.360591657233151, "y": -0.024052377433833948, "zone": "wh_zone_2", "min_dist": 0.0}
{"t": 1784509508.4630964, "x": 8.360591848031037, "y": -0.024052439738130996, "zone": "wh_zone_2", "min_dist": 0.0}
{"t": 1784509508.6233609, "x": 8.360592040252216, "y": -0.02405250228146298, "zone": "wh_zone_2", "min_dist": 0.0}
{"t": 1784509508.8772056, "x": 8.36059223398587, "y": -0.024052565084461967, "zone": "wh_zone_2", "min_dist": 0.0}
{"t": 1784509509.0315065, "x": 8.360592430089488, "y": -0.024052628307070216, "zone": "wh_zone_2", "min_dist": 0.0}
{"t": 1784509509.1921363, "x": 8.360592629768776, "y": -0.02405269217300581, "zone": "wh_zone_2", "min_dist": 0.0}
{"t": 1784509509.3449018, "x": 8.36059283217661, "y": -0.02405275654006387, "zone": "wh_zone_2", "min_dist": 0.0}
{"t": 1784509509.496637, "x": 8.360593036421971, "y": -0.024052821258045535, "zone": "wh_zone_2", "min_dist": 0.0}
{"t": 1784509509.6490247, "x": 8.360593241667475, "y": -0.0240528861853448, "zone": "wh_zone_2", "min_dist": 0.0}
{"t": 1784509509.8012557, "x": 8.36059344717553, "y": -0.02405295119642586, "zone": "wh_zone_2", "min_dist": 0.0}
{"t": 1784509509.9614244, "x": 8.36059344717553, "y": -0.02405295119642586, "zone": "wh_zone_2", "min_dist": 0.0}
{"t": 1784509510.1135883, "x": 8.360593652344415, "y": -0.024053016187723354, "zone": "wh_zone_2", "min_dist": 0.0}
{"t": 1784509510.2658713, "x": 8.36059385672311, "y": -0.024053081079776314, "zone": "wh_zone_2", "min_dist": 0.0}
{"t": 1784509510.4177005, "x": 8.36059406002887, "y": -0.024053145820141793, "zone": "wh_zone_2", "min_dist": 0.0}
{"t": 1784509510.5700955, "x": 8.360594262143803, "y": -0.024053210382906122, "zone": "wh_zone_2", "min_dist": 0.0}
{"t": 1784509510.730532, "x": 8.36059446309561, "y": -0.024053274765678444, "zone": "wh_zone_2", "min_dist": 0.0}
{"t": 1784509510.8829772, "x": 8.360594663024372, "y": -0.024053338984357815, "zone": "wh_zone_2", "min_dist": 0.0}
{"t": 1784509511.0432053, "x": 8.36059486213957, "y": -0.024053403066340448, "zone": "wh_zone_2", "min_dist": 0.0}
{"t": 1784509511.1955247, "x": 8.36059486213957, "y": -0.024053403066340448, "zone": "wh_zone_2", "min_dist": 0.0}
{"t": 1784509511.3477354, "x": 8.360595060672699, "y": -0.024053467043018577, "zone": "wh_zone_2", "min_dist": 0.0}
{"t": 1784509511.5078063, "x": 8.36059525883123, "y": -0.024053530942486512, "zone": "wh_zone_2", "min_dist": 0.0}
{"t": 1784509511.6602402, "x": 8.360595456759361, "y": -0.02405359478331909, "zone": "wh_zone_2", "min_dist": 0.0}
{"t": 1784509511.8202634, "x": 8.36059565451826, "y": -0.024053658571660343, "zone": "wh_zone_2", "min_dist": 0.0}
{"t": 1784509511.9724667, "x": 8.360595852066494, "y": -0.024053722298194302, "zone": "wh_zone_2", "min_dist": 0.0}
{"t": 1784509512.1327207, "x": 8.36059604924421, "y": -0.02405378593518443, "zone": "wh_zone_2", "min_dist": 0.0}
{"t": 1784509512.2846677, "x": 8.360596246027075, "y": -0.024053849481516357, "zone": "wh_zone_2", "min_dist": 0.0}
{"t": 1784509512.4375918, "x": 8.360596246027075, "y": -0.024053849481516357, "zone": "wh_zone_2", "min_dist": 0.0}
{"t": 1784509512.5978587, "x": 8.360596442428385, "y": -0.02405391294475591, "zone": "wh_zone_2", "min_dist": 0.0}
{"t": 1784509512.7580295, "x": 8.360596638253908, "y": -0.024053976296732196, "zone": "wh_zone_2", "min_dist": 0.0}
{"t": 1784509512.9102318, "x": 8.36059683328305, "y": -0.024054039505132494, "zone": "wh_zone_2", "min_dist": 0.0}
{"t": 1784509513.0701828, "x": 8.360597027304376, "y": -0.024054102539022067, "zone": "wh_zone_2", "min_dist": 0.0}
{"t": 1784509513.230463, "x": 8.36059722014641, "y": -0.02405416537358928, "zone": "wh_zone_2", "min_dist": 0.0}
{"t": 1784509513.382644, "x": 8.360597411702644, "y": -0.024054227994088614, "zone": "wh_zone_2", "min_dist": 0.0}
{"t": 1784509513.543899, "x": 8.360597601892733, "y": -0.02405429038829157, "zone": "wh_zone_2", "min_dist": 0.0}
{"t": 1784509513.7035167, "x": 8.360597788935083, "y": -0.024054352237658106, "zone": "wh_zone_2", "min_dist": 0.0}
{"t": 1784509513.8635633, "x": 8.360597972480155, "y": -0.024054413476863736, "zone": "wh_zone_2", "min_dist": 0.0}
{"t": 1784509514.0164933, "x": 8.360597972480155, "y": -0.024054413476863736, "zone": "wh_zone_2", "min_dist": 0.0}
{"t": 1784509514.1761937, "x": 8.360598153677756, "y": -0.024054474306135103, "zone": "wh_zone_2", "min_dist": 0.0}
{"t": 1784509514.3365483, "x": 8.360598333721166, "y": -0.024054534931881345, "zone": "wh_zone_2", "min_dist": 0.0}
{"t": 1784509514.4967978, "x": 8.360598513796734, "y": -0.02405459555849399, "zone": "wh_zone_2", "min_dist": 0.0}
{"t": 1784509514.6490743, "x": 8.360598695022066, "y": -0.02405465637820516, "zone": "wh_zone_2", "min_dist": 0.0}
{"t": 1784509514.8014846, "x": 8.360598878381868, "y": -0.02405471756051287, "zone": "wh_zone_2", "min_dist": 0.0}
{"t": 1784509514.962257, "x": 8.360599064669747, "y": -0.02405477924254217, "zone": "wh_zone_2", "min_dist": 0.0}
{"t": 1784509515.1218479, "x": 8.360599253543382, "y": -0.0240548413609029, "zone": "wh_zone_2", "min_dist": 0.0}
{"t": 1784509515.2738292, "x": 8.360599443747498, "y": -0.024054903691802663, "zone": "wh_zone_2", "min_dist": 0.0}
{"t": 1784509515.4266732, "x": 8.360599443747498, "y": -0.024054903691802663, "zone": "wh_zone_2", "min_dist": 0.0}
{"t": 1784509515.5786808, "x": 8.36059963539731, "y": -0.02405496625877818, "zone": "wh_zone_2", "min_dist": 0.0}
{"t": 1784509515.7308967, "x": 8.360599828559122, "y": -0.024055029079016195, "zone": "wh_zone_2", "min_dist": 0.0}
{"t": 1784509515.8832502, "x": 8.360600023211758, "y": -0.024055092155998662, "zone": "wh_zone_2", "min_dist": 0.0}
{"t": 1784509516.04338, "x": 8.360600220408184, "y": -0.024055155686239997, "zone": "wh_zone_2", "min_dist": 0.0}
{"t": 1784509516.1955152, "x": 8.360600420580617, "y": -0.024055219755936306, "zone": "wh_zone_2", "min_dist": 0.0}
{"t": 1784509516.3477945, "x": 8.360600622747668, "y": -0.024055284198455783, "zone": "wh_zone_2", "min_dist": 0.0}
{"t": 1784509516.500399, "x": 8.360600826012046, "y": -0.024055348860845625, "zone": "wh_zone_2", "min_dist": 0.0}
{"t": 1784509516.652543, "x": 8.360600826012046, "y": -0.024055348860845625, "zone": "wh_zone_2", "min_dist": 0.0}
{"t": 1784509516.8129232, "x": 8.360601029604247, "y": -0.02405541361095348, "zone": "wh_zone_2", "min_dist": 0.0}
{"t": 1784509516.9654522, "x": 8.360601232904061, "y": -0.024055478340728475, "zone": "wh_zone_2", "min_dist": 0.0}
{"t": 1784509517.1415832, "x": 8.360601435462174, "y": -0.024055542969682073, "zone": "wh_zone_2", "min_dist": 0.0}
{"t": 1784509517.2942023, "x": 8.360601637007859, "y": -0.024055607446208292, "zone": "wh_zone_2", "min_dist": 0.0}
{"t": 1784509517.4462047, "x": 8.360601837439779, "y": -0.024055671746210452, "zone": "wh_zone_2", "min_dist": 0.0}
{"t": 1784509517.598429, "x": 8.36060203680112, "y": -0.024055735869216287, "zone": "wh_zone_2", "min_dist": 0.0}
{"t": 1784509517.7587829, "x": 8.360602235241968, "y": -0.02405579983245548, "zone": "wh_zone_2", "min_dist": 0.0}
{"t": 1784509517.911077, "x": 8.360602432973085, "y": -0.024055863663526966, "zone": "wh_zone_2", "min_dist": 0.0}
{"t": 1784509518.0630527, "x": 8.360602432973085, "y": -0.024055863663526966, "zone": "wh_zone_2", "min_dist": 0.0}
{"t": 1784509518.2236128, "x": 8.360602630216908, "y": -0.02405592739260826, "zone": "wh_zone_2", "min_dist": 0.0}
{"t": 1784509518.3835256, "x": 8.36060282716165, "y": -0.024055991045120354, "zone": "wh_zone_2", "min_dist": 0.0}
{"t": 1784509518.5359986, "x": 8.36060302393586, "y": -0.024056054637947848, "zone": "wh_zone_2", "min_dist": 0.0}
{"t": 1784509518.7129269, "x": 8.360603220596719, "y": -0.024056118177947807, "zone": "wh_zone_2", "min_dist": 0.0}
{"t": 1784509518.864872, "x": 8.360603417200105, "y": -0.024056181674433994, "zone": "wh_zone_2", "min_dist": 0.0}
{"t": 1784509519.0167458, "x": 8.360603613669248, "y": -0.024056245115600644, "zone": "wh_zone_2", "min_dist": 0.0}
{"t": 1784509519.1693056, "x": 8.360603809861127, "y": -0.02405630848004345, "zone": "wh_zone_2", "min_dist": 0.0}
{"t": 1784509519.3212981, "x": 8.360604005585545, "y": -0.024056371739635436, "zone": "wh_zone_2", "min_dist": 0.0}
{"t": 1784509519.473737, "x": 8.360604005585545, "y": -0.024056371739635436, "zone": "wh_zone_2", "min_dist": 0.0}
{"t": 1784509519.62577, "x": 8.360604200623156, "y": -0.024056434862072682, "zone": "wh_zone_2", "min_dist": 0.0}
{"t": 1784509519.777808, "x": 8.360604394748137, "y": -0.024056497814151798, "zone": "wh_zone_2", "min_dist": 0.0}
{"t": 1784509519.930116, "x": 8.360604587750787, "y": -0.024056560565022464, "zone": "wh_zone_2", "min_dist": 0.0}
{"t": 1784509520.0821419, "x": 8.360604779460868, "y": -0.024056623089616046, "zone": "wh_zone_2", "min_dist": 0.0}
{"t": 1784509520.24246, "x": 8.360604968738706, "y": -0.024056685188096477, "zone": "wh_zone_2", "min_dist": 0.0}
{"t": 1784509520.3945491, "x": 8.360605153688647, "y": -0.024056746523643154, "zone": "wh_zone_2", "min_dist": 0.0}
{"t": 1784509520.5469978, "x": 8.360605153688647, "y": -0.024056746523643154, "zone": "wh_zone_2", "min_dist": 0.0}
{"t": 1784509520.6993883, "x": 8.360605335044404, "y": -0.02405680722633635, "zone": "wh_zone_2", "min_dist": 0.0}
{"t": 1784509520.8596396, "x": 8.360605513756356, "y": -0.024056867462630617, "zone": "wh_zone_2", "min_dist": 0.0}
{"t": 1784509521.0122557, "x": 8.360605690874834, "y": -0.024056927414927317, "zone": "wh_zone_2", "min_dist": 0.0}
{"t": 1784509521.164412, "x": 8.360605867504766, "y": -0.024056987274138426, "zone": "wh_zone_2", "min_dist": 0.0}
{"t": 1784509521.3164766, "x": 8.36060604474473, "y": -0.024057047229608348, "zone": "wh_zone_2", "min_dist": 0.0}
{"t": 1784509521.4687572, "x": 8.360606223618563, "y": -0.024057107457765597, "zone": "wh_zone_2", "min_dist": 0.0}
{"t": 1784509521.6289797, "x": 8.360606405007987, "y": -0.02405716811089854, "zone": "wh_zone_2", "min_dist": 0.0}
{"t": 1784509521.7886362, "x": 8.360606589594667, "y": -0.0240572293074733, "zone": "wh_zone_2", "min_dist": 0.0}
{"t": 1784509521.9413922, "x": 8.360606589594667, "y": -0.0240572293074733, "zone": "wh_zone_2", "min_dist": 0.0}
{"t": 1784509522.0935163, "x": 8.360606777529439, "y": -0.024057291073547055, "zone": "wh_zone_2", "min_dist": 0.0}
{"t": 1784509522.2458975, "x": 8.360606967103653, "y": -0.024057353105847484, "zone": "wh_zone_2", "min_dist": 0.0}
{"t": 1784509522.4060147, "x": 8.360607158050284, "y": -0.02405741536084852, "zone": "wh_zone_2", "min_dist": 0.0}
{"t": 1784509522.5670717, "x": 8.360607350407564, "y": -0.02405747785168325, "zone": "wh_zone_2", "min_dist": 0.0}
{"t": 1784509522.727151, "x": 8.360607544128271, "y": -0.024057540578013237, "zone": "wh_zone_2", "min_dist": 0.0}
{"t": 1784509522.8794677, "x": 8.360607739072693, "y": -0.0240576035239386, "zone": "wh_zone_2", "min_dist": 0.0}
{"t": 1784509523.0317647, "x": 8.360607935463067, "y": -0.024057666738226728, "zone": "wh_zone_2", "min_dist": 0.0}
{"t": 1784509523.1913571, "x": 8.360607935463067, "y": -0.024057666738226728, "zone": "wh_zone_2", "min_dist": 0.0}
{"t": 1784509523.3515346, "x": 8.360608133852264, "y": -0.024057730327911506, "zone": "wh_zone_2", "min_dist": 0.0}
{"t": 1784509523.5119352, "x": 8.360608333364203, "y": -0.024057794143518278, "zone": "wh_zone_2", "min_dist": 0.0}
{"t": 1784509523.6644146, "x": 8.360608533192957, "y": -0.02405785804592949, "zone": "wh_zone_2", "min_dist": 0.0}
{"t": 1784509523.8404717, "x": 8.360608732720454, "y": -0.024057921926997145, "zone": "wh_zone_2", "min_dist": 0.0}
{"t": 1784509524.0006914, "x": 8.360608931512923, "y": -0.024057985708649032, "zone": "wh_zone_2", "min_dist": 0.0}
{"t": 1784509524.161092, "x": 8.360609129324184, "y": -0.024058049343420797, "zone": "wh_zone_2", "min_dist": 0.0}
{"t": 1784509524.3133283, "x": 8.360609326078968, "y": -0.024058112811815514, "zone": "wh_zone_2", "min_dist": 0.0}
{"t": 1784509524.4739947, "x": 8.360609521874448, "y": -0.02405817612316974, "zone": "wh_zone_2", "min_dist": 0.0}
{"t": 1784509524.626156, "x": 8.360609717201797, "y": -0.024058239355995274, "zone": "wh_zone_2", "min_dist": 0.0}
{"t": 1784509524.8830712, "x": 8.36060991225204, "y": -0.02405830253502247, "zone": "wh_zone_2", "min_dist": 0.0}
{"t": 1784509525.0428646, "x": 8.360610107095976, "y": -0.02405836566421477, "zone": "wh_zone_2", "min_dist": 0.0}
{"t": 1784509525.1949487, "x": 8.360610301789757, "y": -0.0240584287464197, "zone": "wh_zone_2", "min_dist": 0.0}
{"t": 1784509525.355211, "x": 8.360610496375786, "y": -0.024058491784286158, "zone": "wh_zone_2", "min_dist": 0.0}
{"t": 1784509525.5076861, "x": 8.360610690843702, "y": -0.024058554773673742, "zone": "wh_zone_2", "min_dist": 0.0}
{"t": 1784509525.6837635, "x": 8.360610885128915, "y": -0.024058617703354723, "zone": "wh_zone_2", "min_dist": 0.0}
{"t": 1784509525.8442106, "x": 8.360611079113765, "y": -0.024058680555069302, "zone": "wh_zone_2", "min_dist": 0.0}
{"t": 1784509525.9961848, "x": 8.360611079113765, "y": -0.024058680555069302, "zone": "wh_zone_2", "min_dist": 0.0}
{"t": 1784509526.1483042, "x": 8.360611272633216, "y": -0.024058743304174242, "zone": "wh_zone_2", "min_dist": 0.0}
{"t": 1784509526.3002253, "x": 8.360611465486762, "y": -0.02405880592121441, "zone": "wh_zone_2", "min_dist": 0.0}
{"t": 1784509526.4607856, "x": 8.36061165745193, "y": -0.024058868373639908, "zone": "wh_zone_2", "min_dist": 0.0}
{"t": 1784509526.613282, "x": 8.360611847176662, "y": -0.02405893042742503, "zone": "wh_zone_2", "min_dist": 0.0}
{"t": 1784509526.7734935, "x": 8.360612032832917, "y": -0.024058991762903225, "zone": "wh_zone_2", "min_dist": 0.0}
{"t": 1784509526.9336574, "x": 8.360612214582813, "y": -0.024059052414118032, "zone": "wh_zone_2", "min_dist": 0.0}
{"t": 1784509527.0858192, "x": 8.360612392761293, "y": -0.02405911244417677, "zone": "wh_zone_2", "min_dist": 0.0}
{"t": 1784509527.238613, "x": 8.360612392761293, "y": -0.02405911244417677, "zone": "wh_zone_2", "min_dist": 0.0}
{"t": 1784509527.3987143, "x": 8.360612567865026, "y": -0.024059171942708183, "zone": "wh_zone_2", "min_dist": 0.0}
{"t": 1784509527.551023, "x": 8.3606127405661, "y": -0.024059231028164235, "zone": "wh_zone_2", "min_dist": 0.0}
{"t": 1784509527.7036333, "x": 8.360612911694341, "y": -0.02405928984486242, "zone": "wh_zone_2", "min_dist": 0.0}
{"t": 1784509527.8559568, "x": 8.360613082196954, "y": -0.024059348556265434, "zone": "wh_zone_2", "min_dist": 0.0}
{"t": 1784509528.01567, "x": 8.360613253080336, "y": -0.02405940733530587, "zone": "wh_zone_2", "min_dist": 0.0}
{"t": 1784509528.1760778, "x": 8.360613425340981, "y": -0.024059466352900852, "zone": "wh_zone_2", "min_dist": 0.0}
{"t": 1784509528.3283122, "x": 8.360613599892861, "y": -0.02405952576585975, "zone": "wh_zone_2", "min_dist": 0.0}
{"t": 1784509528.4807262, "x": 8.360613599892861, "y": -0.02405952576585975, "zone": "wh_zone_2", "min_dist": 0.0}
{"t": 1784509528.6327994, "x": 8.3606137775004, "y": -0.02405958570572567, "zone": "wh_zone_2", "min_dist": 0.0}
{"t": 1784509528.7854505, "x": 8.360613958723663, "y": -0.024059646269625052, "zone": "wh_zone_2", "min_dist": 0.0}
{"t": 1784509528.9456074, "x": 8.360614143870349, "y": -0.024059707512096292, "zone": "wh_zone_2", "min_dist": 0.0}
{"t": 1784509529.0974097, "x": 8.360614331504083, "y": -0.02405976917914914, "zone": "wh_zone_2", "min_dist": 0.0}
{"t": 1784509529.2495184, "x": 8.360614520512797, "y": -0.024059831077095237, "zone": "wh_zone_2", "min_dist": 0.0}
{"t": 1784509529.4096725, "x": 8.360614710902977, "y": -0.02405989321385955, "zone": "wh_zone_2", "min_dist": 0.0}
{"t": 1784509529.5619576, "x": 8.360614902601757, "y": -0.024059955584716547, "zone": "wh_zone_2", "min_dist": 0.0}
{"t": 1784509529.7143052, "x": 8.360614902601757, "y": -0.024059955584716547, "zone": "wh_zone_2", "min_dist": 0.0}
{"t": 1784509529.866924, "x": 8.360615095464462, "y": -0.024060018172902205, "zone": "wh_zone_2", "min_dist": 0.0}
{"t": 1784509530.019837, "x": 8.360615289288566, "y": -0.02406008095128651, "zone": "wh_zone_2", "min_dist": 0.0}
{"t": 1784509530.1794202, "x": 8.360615483835655, "y": -0.024060143885364208, "zone": "wh_zone_2", "min_dist": 0.0}
{"t": 1784509530.3315232, "x": 8.360615678859293, "y": -0.024060206937476313, "zone": "wh_zone_2", "min_dist": 0.0}
{"t": 1784509530.4916883, "x": 8.360615874124193, "y": -0.024060270069549923, "zone": "wh_zone_2", "min_dist": 0.0}
{"t": 1784509530.65216, "x": 8.360616069430144, "y": -0.024060333246898272, "zone": "wh_zone_2", "min_dist": 0.0}
{"t": 1784509530.804543, "x": 8.360616264613197, "y": -0.024060396438249428, "zone": "wh_zone_2", "min_dist": 0.0}
{"t": 1784509530.9644823, "x": 8.360616459567343, "y": -0.02406045961974822, "zone": "wh_zone_2", "min_dist": 0.0}
{"t": 1784509531.116619, "x": 8.360616459567343, "y": -0.02406045961974822, "zone": "wh_zone_2", "min_dist": 0.0}
{"t": 1784509531.277251, "x": 8.360616654252704, "y": -0.024060522776858207, "zone": "wh_zone_2", "min_dist": 0.0}
{"t": 1784509531.4374082, "x": 8.36061684867691, "y": -0.024060585901753063, "zone": "wh_zone_2", "min_dist": 0.0}
{"t": 1784509531.5973988, "x": 8.360617042885687, "y": -0.024060648992527165, "zone": "wh_zone_2", "min_dist": 0.0}
{"t": 1784509531.7501454, "x": 8.360617236946846, "y": -0.024060712051306856, "zone": "wh_zone_2", "min_dist": 0.0}
{"t": 1784509531.910066, "x": 8.360617430931137, "y": -0.024060775081761996, "zone": "wh_zone_2", "min_dist": 0.0}
{"t": 1784509532.0704103, "x": 8.360617624894276, "y": -0.024060838086692453, "zone": "wh_zone_2", "min_dist": 0.0}
{"t": 1784509532.2305412, "x": 8.36061781887541, "y": -0.02406090106842862, "zone": "wh_zone_2", "min_dist": 0.0}
{"t": 1784509532.383025, "x": 8.360618012862425, "y": -0.024060964023025107, "zone": "wh_zone_2", "min_dist": 0.0}
{"t": 1784509532.5594726, "x": 8.360618206784993, "y": -0.024061026938839193, "zone": "wh_zone_2", "min_dist": 0.0}
{"t": 1784509532.7116032, "x": 8.360618206784993, "y": -0.024061026938839193, "zone": "wh_zone_2", "min_dist": 0.0}
{"t": 1784509532.8638678, "x": 8.360618400520888, "y": -0.024061089797382546, "zone": "wh_zone_2", "min_dist": 0.0}
{"t": 1784509533.0162897, "x": 8.360618593903412, "y": -0.024061152574193046, "zone": "wh_zone_2", "min_dist": 0.0}
{"t": 1784509533.1763635, "x": 8.360618786734443, "y": -0.02406121524050452, "zone": "wh_zone_2", "min_dist": 0.0}
{"t": 1784509533.3282123, "x": 8.360618978802535, "y": -0.024061277765724438, "zone": "wh_zone_2", "min_dist": 0.0}
{"t": 1784509533.4887402, "x": 8.360619169425275, "y": -0.024061340035008393, "zone": "wh_zone_2", "min_dist": 0.0}
{"t": 1784509533.6492078, "x": 8.360619356525588, "y": -0.024061401683755607, "zone": "wh_zone_2", "min_dist": 0.0}
{"t": 1784509533.8092508, "x": 8.360619540077684, "y": -0.0240614627115063, "zone": "wh_zone_2", "min_dist": 0.0}
{"t": 1784509533.9693987, "x": 8.36061972046588, "y": -0.02406152318891669, "zone": "wh_zone_2", "min_dist": 0.0}
{"t": 1784509534.121792, "x": 8.36061972046588, "y": -0.02406152318891669, "zone": "wh_zone_2", "min_dist": 0.0}
{"t": 1784509534.2741048, "x": 8.360619898237859, "y": -0.024061583213313333, "zone": "wh_zone_2", "min_dist": 0.0}
{"t": 1784509534.434612, "x": 8.360620074112287, "y": -0.02406164291003189, "zone": "wh_zone_2", "min_dist": 0.0}
{"t": 1784509534.5947812, "x": 8.360620248955147, "y": -0.024061702428534115, "zone": "wh_zone_2", "min_dist": 0.0}
{"t": 1784509534.7551026, "x": 8.360620423734318, "y": -0.02406176193490683, "zone": "wh_zone_2", "min_dist": 0.0}
{"t": 1784509534.9152274, "x": 8.360620599458072, "y": -0.024061821601695534, "zone": "wh_zone_2", "min_dist": 0.0}
{"t": 1784509535.0675316, "x": 8.360620777104181, "y": -0.024061881596147288, "zone": "wh_zone_2", "min_dist": 0.0}
{"t": 1784509535.2198844, "x": 8.360620957548226, "y": -0.024061942068292697, "zone": "wh_zone_2", "min_dist": 0.0}
{"t": 1784509535.3719833, "x": 8.360621141498902, "y": -0.02406200314015506, "zone": "wh_zone_2", "min_dist": 0.0}
{"t": 1784509535.5241895, "x": 8.360621141498902, "y": -0.02406200314015506, "zone": "wh_zone_2", "min_dist": 0.0}
{"t": 1784509535.6844018, "x": 8.360621329093654, "y": -0.024062064834191297, "zone": "wh_zone_2", "min_dist": 0.0}
{"t": 1784509535.8367054, "x": 8.36062151846687, "y": -0.024062126818292204, "zone": "wh_zone_2", "min_dist": 0.0}
{"t": 1784509535.9892764, "x": 8.360621709397414, "y": -0.024062189056158863, "zone": "wh_zone_2", "min_dist": 0.0}
{"t": 1784509536.1415067, "x": 8.360621901974884, "y": -0.02406225156934887, "zone": "wh_zone_2", "min_dist": 0.0}
{"t": 1784509536.3018205, "x": 8.360622096187818, "y": -0.02406231436342833, "zone": "wh_zone_2", "min_dist": 0.0}
{"t": 1784509536.4544847, "x": 8.360622292212767, "y": -0.024062377478631606, "zone": "wh_zone_2", "min_dist": 0.0}
{"t": 1784509536.6064034, "x": 8.360622491454075, "y": -0.02406244117442491, "zone": "wh_zone_2", "min_dist": 0.0}
{"t": 1784509536.7588584, "x": 8.360622491454075, "y": -0.02406244117442491, "zone": "wh_zone_2", "min_dist": 0.0}
{"t": 1784509536.9110222, "x": 8.36062269324622, "y": -0.02406250534074234, "zone": "wh_zone_2", "min_dist": 0.0}
{"t": 1784509537.0630903, "x": 8.360622887347052, "y": -0.02406256687585165, "zone": "wh_zone_2", "min_dist": 0.0}
{"t": 1784509537.2152772, "x": 8.360623091429431, "y": -0.024062631500404937, "zone": "wh_zone_2", "min_dist": 0.0}
{"t": 1784509537.3754706, "x": 8.360623295595598, "y": -0.024062696170762402, "zone": "wh_zone_2", "min_dist": 0.0}
{"t": 1784509537.5356877, "x": 8.360623499344774, "y": -0.02406276079755088, "zone": "wh_zone_2", "min_dist": 0.0}
{"t": 1784509537.6879385, "x": 8.36062370237092, "y": -0.024062825323242273, "zone": "wh_zone_2", "min_dist": 0.0}
{"t": 1784509537.8482432, "x": 8.360623904540999, "y": -0.024062889718556905, "zone": "wh_zone_2", "min_dist": 0.0}
{"t": 1784509538.000715, "x": 8.360624105871647, "y": -0.024062953978734244, "zone": "wh_zone_2", "min_dist": 0.0}
{"t": 1784509538.1612623, "x": 8.360624105871647, "y": -0.024062953978734244, "zone": "wh_zone_2", "min_dist": 0.0}
{"t": 1784509538.3213005, "x": 8.360624306493126, "y": -0.02406301811786858, "zone": "wh_zone_2", "min_dist": 0.0}
{"t": 1784509538.4814556, "x": 8.360624506604651, "y": -0.02406308216185227, "zone": "wh_zone_2", "min_dist": 0.0}
{"t": 1784509538.6419759, "x": 8.36062470643252, "y": -0.02406314614194226, "zone": "wh_zone_2", "min_dist": 0.0}
{"t": 1784509538.802188, "x": 8.360624906166603, "y": -0.024063210084304, "zone": "wh_zone_2", "min_dist": 0.0}
{"t": 1784509538.9791887, "x": 8.360625105925074, "y": -0.024063274004308313, "zone": "wh_zone_2", "min_dist": 0.0}
{"t": 1784509539.138598, "x": 8.3606253057282, "y": -0.024063337902297897, "zone": "wh_zone_2", "min_dist": 0.0}
{"t": 1784509539.2985663, "x": 8.360625505486073, "y": -0.024063401761580255, "zone": "wh_zone_2", "min_dist": 0.0}
{"t": 1784509539.4507704, "x": 8.360625705001567, "y": -0.02406346554888509, "zone": "wh_zone_2", "min_dist": 0.0}
{"t": 1784509539.6111438, "x": 8.360625903987778, "y": -0.024063529217166944, "zone": "wh_zone_2", "min_dist": 0.0}
{"t": 1784509539.7635293, "x": 8.360626102128283, "y": -0.024063592715837807, "zone": "wh_zone_2", "min_dist": 0.0}
{"t": 1784509539.9235122, "x": 8.360626102128283, "y": -0.024063592715837807, "zone": "wh_zone_2", "min_dist": 0.0}
{"t": 1784509540.0758777, "x": 8.360626299592193, "y": -0.024063656081920144, "zone": "wh_zone_2", "min_dist": 0.0}
{"t": 1784509540.2279558, "x": 8.360626496344358, "y": -0.02406371931634272, "zone": "wh_zone_2", "min_dist": 0.0}
{"t": 1784509540.3800528, "x": 8.360626692175419, "y": -0.024063782388524965, "zone": "wh_zone_2", "min_dist": 0.0}
{"t": 1784509540.5325913, "x": 8.36062688691042, "y": -0.024063845272834054, "zone": "wh_zone_2", "min_dist": 0.0}
{"t": 1784509540.692466, "x": 8.360627080434767, "y": -0.024063907952609955, "zone": "wh_zone_2", "min_dist": 0.0}
{"t": 1784509540.844795, "x": 8.360627272726218, "y": -0.02406397042554235, "zone": "wh_zone_2", "min_dist": 0.0}
{"t": 1784509540.9974747, "x": 8.360627463848527, "y": -0.024064032702502562, "zone": "wh_zone_2", "min_dist": 0.0}
{"t": 1784509541.1578014, "x": 8.360627463848527, "y": -0.024064032702502562, "zone": "wh_zone_2", "min_dist": 0.0}
{"t": 1784509541.3180797, "x": 8.360627653820538, "y": -0.0240640947841078, "zone": "wh_zone_2", "min_dist": 0.0}
{"t": 1784509541.470739, "x": 8.36062784168423, "y": -0.024064156494960753, "zone": "wh_zone_2", "min_dist": 0.0}
{"t": 1784509541.6223724, "x": 8.36062802820363, "y": -0.024064217965301157, "zone": "wh_zone_2", "min_dist": 0.0}
{"t": 1784509541.7744534, "x": 8.360628214668319, "y": -0.024064279418530534, "zone": "wh_zone_2", "min_dist": 0.0}
{"t": 1784509541.927107, "x": 8.36062840225803, "y": -0.024064341058804884, "zone": "wh_zone_2", "min_dist": 0.0}
{"t": 1784509542.103296, "x": 8.360628591735116, "y": -0.0240644030170289, "zone": "wh_zone_2", "min_dist": 0.0}
{"t": 1784509542.255798, "x": 8.360628782383511, "y": -0.02406446516242353, "zone": "wh_zone_2", "min_dist": 0.0}
{"t": 1784509542.4077215, "x": 8.360628974258924, "y": -0.02406452750402262, "zone": "wh_zone_2", "min_dist": 0.0}
{"t": 1784509542.567936, "x": 8.360628974258924, "y": -0.02406452750402262, "zone": "wh_zone_2", "min_dist": 0.0}
{"t": 1784509542.7200694, "x": 8.360629167574755, "y": -0.024064590081451516, "zone": "wh_zone_2", "min_dist": 0.0}
{"t": 1784509542.8726156, "x": 8.360629362487508, "y": -0.02406465292676716, "zone": "wh_zone_2", "min_dist": 0.0}
{"t": 1784509543.0326617, "x": 8.360629560605348, "y": -0.024064716333018203, "zone": "wh_zone_2", "min_dist": 0.0}
{"t": 1784509543.192874, "x": 8.36062976246294, "y": -0.02406478040353093, "zone": "wh_zone_2", "min_dist": 0.0}
{"t": 1784509543.345222, "x": 8.360629967216141, "y": -0.024064844996842256, "zone": "wh_zone_2", "min_dist": 0.0}
{"t": 1784509543.4974506, "x": 8.360630174003935, "y": -0.024064909968640455, "zone": "wh_zone_2", "min_dist": 0.0}
{"t": 1784509543.6576211, "x": 8.360630381989646, "y": -0.02406497517830106, "zone": "wh_zone_2", "min_dist": 0.0}
{"t": 1784509543.8181293, "x": 8.360630590391043, "y": -0.02406504049347185, "zone": "wh_zone_2", "min_dist": 0.0}
{"t": 1784509543.9785585, "x": 8.360630590391043, "y": -0.02406504049347185, "zone": "wh_zone_2", "min_dist": 0.0}
{"t": 1784509544.130633, "x": 8.360630798561736, "y": -0.024065105803887012, "zone": "wh_zone_2", "min_dist": 0.0}
{"t": 1784509544.2830267, "x": 8.360631006007388, "y": -0.024065171023755626, "zone": "wh_zone_2", "min_dist": 0.0}
{"t": 1784509544.4353037, "x": 8.360631212405696, "y": -0.02406523609513715, "zone": "wh_zone_2", "min_dist": 0.0}
{"t": 1784509544.5953422, "x": 8.360631417593199, "y": -0.024065300985617728, "zone": "wh_zone_2", "min_dist": 0.0}
{"t": 1784509544.7559152, "x": 8.36063162155611, "y": -0.02406536568686318, "zone": "wh_zone_2", "min_dist": 0.0}
{"t": 1784509544.9082813, "x": 8.360631824404749, "y": -0.02406543021063318, "zone": "wh_zone_2", "min_dist": 0.0}
{"t": 1784509545.0607471, "x": 8.360632026334098, "y": -0.02406549458254849, "zone": "wh_zone_2", "min_dist": 0.0}
{"t": 1784509545.2127564, "x": 8.360632026334098, "y": -0.02406549458254849, "zone": "wh_zone_2", "min_dist": 0.0}
{"t": 1784509545.3653092, "x": 8.360632227577048, "y": -0.0240655588346618, "zone": "wh_zone_2", "min_dist": 0.0}
{"t": 1784509545.5174575, "x": 8.360632428351959, "y": -0.02406562299703439, "zone": "wh_zone_2", "min_dist": 0.0}
{"t": 1784509545.6694598, "x": 8.360632628844076, "y": -0.024065687095322412, "zone": "wh_zone_2", "min_dist": 0.0}
{"t": 1784509545.82955, "x": 8.360632829153635, "y": -0.0240657511422722, "zone": "wh_zone_2", "min_dist": 0.0}
{"t": 1784509545.989819, "x": 8.360633029269714, "y": -0.024065815133314357, "zone": "wh_zone_2", "min_dist": 0.0}
{"t": 1784509546.142091, "x": 8.360633229070212, "y": -0.024065879046668768, "zone": "wh_zone_2", "min_dist": 0.0}
{"t": 1784509546.3024764, "x": 8.360633428331305, "y": -0.02406594284491181, "zone": "wh_zone_2", "min_dist": 0.0}
{"t": 1784509546.4550292, "x": 8.360633428331305, "y": -0.02406594284491181, "zone": "wh_zone_2", "min_dist": 0.0}
{"t": 1784509546.6073227, "x": 8.36063362683122, "y": -0.024066006493112743, "zone": "wh_zone_2", "min_dist": 0.0}
{"t": 1784509546.7605696, "x": 8.360633824762441, "y": -0.024066070031727352, "zone": "wh_zone_2", "min_dist": 0.0}
{"t": 1784509546.9115062, "x": 8.360634021997807, "y": -0.024066133445147707, "zone": "wh_zone_2", "min_dist": 0.0}
{"t": 1784509547.063725, "x": 8.360634218316509, "y": -0.02406619670119281, "zone": "wh_zone_2", "min_dist": 0.0}
{"t": 1784509547.216302, "x": 8.360634413520124, "y": -0.024066259770981344, "zone": "wh_zone_2", "min_dist": 0.0}
{"t": 1784509547.3764656, "x": 8.360634607467917, "y": -0.024066322634544415, "zone": "wh_zone_2", "min_dist": 0.0}
{"t": 1784509547.536858, "x": 8.360634800093356, "y": -0.02406638528336074, "zone": "wh_zone_2", "min_dist": 0.0}
{"t": 1784509547.6975062, "x": 8.360634991398054, "y": -0.024066447718733255, "zone": "wh_zone_2", "min_dist": 0.0}
{"t": 1784509547.8573048, "x": 8.360634991398054, "y": -0.024066447718733255, "zone": "wh_zone_2", "min_dist": 0.0}
{"t": 1784509548.009831, "x": 8.360635181262957, "y": -0.02406650991794987, "zone": "wh_zone_2", "min_dist": 0.0}
{"t": 1784509548.162006, "x": 8.360635368178079, "y": -0.02406657160816439, "zone": "wh_zone_2", "min_dist": 0.0}
{"t": 1784509548.314283, "x": 8.360635552849471, "y": -0.02406663290946201, "zone": "wh_zone_2", "min_dist": 0.0}
{"t": 1784509548.466582, "x": 8.360635736593524, "y": -0.024066694049489055, "zone": "wh_zone_2", "min_dist": 0.0}
{"t": 1784509548.6266654, "x": 8.360635920657703, "y": -0.024066755243297967, "zone": "wh_zone_2", "min_dist": 0.0}
{"t": 1784509548.7866051, "x": 8.360636106160948, "y": -0.02406681668361595, "zone": "wh_zone_2", "min_dist": 0.0}
{"t": 1784509548.9391372, "x": 8.360636294036293, "y": -0.02406687853143623, "zone": "wh_zone_2", "min_dist": 0.0}
{"t": 1784509549.0912895, "x": 8.360636294036293, "y": -0.02406687853143623, "zone": "wh_zone_2", "min_dist": 0.0}
{"t": 1784509549.2435923, "x": 8.36063648393624, "y": -0.02406694072167781, "zone": "wh_zone_2", "min_dist": 0.0}
{"t": 1784509549.403754, "x": 8.360636675056918, "y": -0.02406700311042496, "zone": "wh_zone_2", "min_dist": 0.0}
{"t": 1784509549.5561175, "x": 8.360636867571625, "y": -0.024067065730444412, "zone": "wh_zone_2", "min_dist": 0.0}
{"t": 1784509549.7083218, "x": 8.360637061580503, "y": -0.024067128603975443, "zone": "wh_zone_2", "min_dist": 0.0}
{"t": 1784509549.8605936, "x": 8.360637257110103, "y": -0.024067191742282557, "zone": "wh_zone_2", "min_dist": 0.0}
{"t": 1784509550.0129843, "x": 8.360637455496667, "y": -0.024067255391480802, "zone": "wh_zone_2", "min_dist": 0.0}
{"t": 1784509550.1654003, "x": 8.360637656978092, "y": -0.02406731960286253, "zone": "wh_zone_2", "min_dist": 0.0}
{"t": 1784509550.3178844, "x": 8.360637656978092, "y": -0.02406731960286253, "zone": "wh_zone_2", "min_dist": 0.0}
{"t": 1784509550.4777205, "x": 8.360637860612924, "y": -0.024067384217624294, "zone": "wh_zone_2", "min_dist": 0.0}
{"t": 1784509550.629888, "x": 8.360638065519453, "y": -0.024067449086717183, "zone": "wh_zone_2", "min_dist": 0.0}
{"t": 1784509550.7822354, "x": 8.360638270914555, "y": -0.024067514076941268, "zone": "wh_zone_2", "min_dist": 0.0}
{"t": 1784509550.9344265, "x": 8.360638476148592, "y": -0.024067579076472834, "zone": "wh_zone_2", "min_dist": 0.0}
{"t": 1784509551.094624, "x": 8.360638680731173, "y": -0.02406764399897232, "zone": "wh_zone_2", "min_dist": 0.0}
{"t": 1784509551.2548149, "x": 8.360638884344064, "y": -0.024067708785693056, "zone": "wh_zone_2", "min_dist": 0.0}
{"t": 1784509551.415283, "x": 8.360639086838821, "y": -0.024067773405176858, "zone": "wh_zone_2", "min_dist": 0.0}
{"t": 1784509551.5755372, "x": 8.360639288218431, "y": -0.024067837850425867, "zone": "wh_zone_2", "min_dist": 0.0}
{"t": 1784509551.7514083, "x": 8.360639488604967, "y": -0.024067902133842627, "zone": "wh_zone_2", "min_dist": 0.0}
{"t": 1784509551.9116182, "x": 8.360639488604967, "y": -0.024067902133842627, "zone": "wh_zone_2", "min_dist": 0.0}
{"t": 1784509552.0645134, "x": 8.360639688197006, "y": -0.02406796628054548, "zone": "wh_zone_2", "min_dist": 0.0}
{"t": 1784509552.2246914, "x": 8.360639887221888, "y": -0.024068030320832705, "zone": "wh_zone_2", "min_dist": 0.0}
{"t": 1784509552.384914, "x": 8.360640085888972, "y": -0.02406809428279905, "zone": "wh_zone_2", "min_dist": 0.0}
{"t": 1784509552.5451512, "x": 8.360640284348941, "y": -0.024068158185891354, "zone": "wh_zone_2", "min_dist": 0.0}
{"t": 1784509552.7055438, "x": 8.360640482669607, "y": -0.024068222037197686, "zone": "wh_zone_2", "min_dist": 0.0}
{"t": 1784509552.8659399, "x": 8.360640680822991, "y": -0.024068285829636764, "zone": "wh_zone_2", "min_dist": 0.0}
{"t": 1784509553.017909, "x": 8.360640878702133, "y": -0.02406834954485392, "zone": "wh_zone_2", "min_dist": 0.0}
{"t": 1784509553.1702552, "x": 8.360641076352652, "y": -0.02406841319411705, "zone": "wh_zone_2", "min_dist": 0.0}
{"t": 1784509553.322875, "x": 8.360641076352652, "y": -0.02406841319411705, "zone": "wh_zone_2", "min_dist": 0.0}
{"t": 1784509553.4823992, "x": 8.360641273651204, "y": -0.024068476760581974, "zone": "wh_zone_2", "min_dist": 0.0}
{"t": 1784509553.6347136, "x": 8.360641470397898, "y": -0.024068540215118443, "zone": "wh_zone_2", "min_dist": 0.0}
{"t": 1784509553.8945355, "x": 8.360641666371157, "y": -0.02406860352532031, "zone": "wh_zone_2", "min_dist": 0.0}
{"t": 1784509554.0516627, "x": 8.360642055169832, "y": -0.024068729591647377, "zone": "wh_zone_2", "min_dist": 0.0}
{"t": 1784509554.211627, "x": 8.360642055169832, "y": -0.024068729591647377, "zone": "wh_zone_2", "min_dist": 0.0}
{"t": 1784509554.372149, "x": 8.360642247697673, "y": -0.024068792304848256, "zone": "wh_zone_2", "min_dist": 0.0}
{"t": 1784509554.5244064, "x": 8.360642438323248, "y": -0.024068854691812195, "zone": "wh_zone_2", "min_dist": 0.0}
{"t": 1784509554.6765163, "x": 8.360642624990765, "y": -0.024068916386202503, "zone": "wh_zone_2", "min_dist": 0.0}
{"t": 1784509554.828957, "x": 8.360642808359115, "y": -0.024068977502626775, "zone": "wh_zone_2", "min_dist": 0.0}
{"t": 1784509554.9892445, "x": 8.360642989507408, "y": -0.024069038228362382, "zone": "wh_zone_2", "min_dist": 0.0}
{"t": 1784509555.1415021, "x": 8.360643169576116, "y": -0.024069098760049742, "zone": "wh_zone_2", "min_dist": 0.0}
{"t": 1784509555.3016486, "x": 8.360643349714824, "y": -0.024069159295167498, "zone": "wh_zone_2", "min_dist": 0.0}
{"t": 1784509555.454321, "x": 8.360643531018768, "y": -0.02406922002161789, "zone": "wh_zone_2", "min_dist": 0.0}
{"t": 1784509555.614557, "x": 8.360643531018768, "y": -0.02406922002161789, "zone": "wh_zone_2", "min_dist": 0.0}
{"t": 1784509555.7672226, "x": 8.36064371446221, "y": -0.0240692811067267, "zone": "wh_zone_2", "min_dist": 0.0}
{"t": 1784509555.9188938, "x": 8.36064390083747, "y": -0.024069342687134947, "zone": "wh_zone_2", "min_dist": 0.0}
{"t": 1784509556.0711646, "x": 8.3606440903148, "y": -0.024069404790981446, "zone": "wh_zone_2", "min_dist": 0.0}
{"t": 1784509556.2238252, "x": 8.360644281317375, "y": -0.02406946713789198, "zone": "wh_zone_2", "min_dist": 0.0}
{"t": 1784509556.383702, "x": 8.360644473734315, "y": -0.024069529711109403, "zone": "wh_zone_2", "min_dist": 0.0}
{"t": 1784509556.5432405, "x": 8.36064466763756, "y": -0.02406959252879165, "zone": "wh_zone_2", "min_dist": 0.0}
{"t": 1784509556.695476, "x": 8.360644863013867, "y": -0.024069655595863562, "zone": "wh_zone_2", "min_dist": 0.0}
{"t": 1784509556.847974, "x": 8.360644863013867, "y": -0.024069655595863562, "zone": "wh_zone_2", "min_dist": 0.0}
{"t": 1784509557.0083523, "x": 8.360645060161753, "y": -0.024069718974142996, "zone": "wh_zone_2", "min_dist": 0.0}
{"t": 1784509557.1607246, "x": 8.360645260242876, "y": -0.024069782879564225, "zone": "wh_zone_2", "min_dist": 0.0}
{"t": 1784509557.3128543, "x": 8.360645462462445, "y": -0.02406984717928445, "zone": "wh_zone_2", "min_dist": 0.0}
{"t": 1784509557.473438, "x": 8.36064566588723, "y": -0.02406991171454624, "zone": "wh_zone_2", "min_dist": 0.0}
{"t": 1784509557.6260674, "x": 8.360645869708225, "y": -0.024069976346725162, "zone": "wh_zone_2", "min_dist": 0.0}
{"t": 1784509557.777701, "x": 8.360646073279922, "y": -0.024070040963810324, "zone": "wh_zone_2", "min_dist": 0.0}
{"t": 1784509557.9302073, "x": 8.360646276130264, "y": -0.024070105481898994, "zone": "wh_zone_2", "min_dist": 0.0}
{"t": 1784509558.0903938, "x": 8.360646276130264, "y": -0.024070105481898994, "zone": "wh_zone_2", "min_dist": 0.0}
{"t": 1784509558.2503903, "x": 8.360646477966524, "y": -0.024070169846092653, "zone": "wh_zone_2", "min_dist": 0.0}
{"t": 1784509558.4106112, "x": 8.36064667866954, "y": -0.024070234029686857, "zone": "wh_zone_2", "min_dist": 0.0}
{"t": 1784509558.5713406, "x": 8.360646878269252, "y": -0.02407029803034251, "zone": "wh_zone_2", "min_dist": 0.0}
{"t": 1784509558.7480216, "x": 8.360647076907068, "y": -0.024070361864145264, "zone": "wh_zone_2", "min_dist": 0.0}
