{"t": 1784512654.2512, "x": -1.39049163458273e-11, "y": -1.3617364728834014e-13, "zone": null, "min_dist": 1.6401219466940427}
{"t": 1784512654.4034953, "x": -1.39049163458273e-11, "y": -1.3617364728834014e-13, "zone": null, "min_dist": 1.6401219466940427}
{"t": 1784512654.5634108, "x": -1.39049163458273e-11, "y": -1.3617364728834014e-13, "zone": null, "min_dist": 1.6401219466940427}
{"t": 1784512654.7158692, "x": -1.39049163458273e-11, "y": -1.3617364728834014e-13, "zone": null, "min_dist": 1.6401219466940427}
{"t": 1784512654.876369, "x": -1.39049163458273e-11, "y": -1.3617364728834014e-13, "zone": null, "min_dist": 1.6401219466940427}
{"t": 1784512655.0368032, "x": -1.39049163458273e-11, "y": -1.3617364728834014e-13, "zone": null, "min_dist": 1.6401219466940427}
{"t": 1784512655.197123, "x": -1.39049163458273e-11, "y": -1.3617364728834014e-13, "zone": null, "min_dist": 1.6401219466940427}
{"t": 1784512655.3493648, "x": -1.39049163458273e-11, "y": -1.3617364728834014e-13, "zone": null, "min_dist": 1.6401219466940427}
{"t": 1784512655.5012567, "x": -1.39049163458273e-11, "y": -1.3617364728834014e-13, "zone": null, "min_dist": 1.6401219466940427}
{"t": 1784512655.6620328, "x": -1.39049163458273e-11, "y": -1.3617364728834014e-13, "zone": null, "min_dist": 1.6401219466940427}
{"t": 1784512655.8144798, "x": -1.39049163458273e-11, "y": -1.3617364728834014e-13, "zone": null, "min_dist": 1.6401219466940427}
{"t": 1784512655.9743216, "x": -1.39049163458273e-11, "y": -1.3617364728834014e-13, "zone": null, "min_dist": 1.6401219466940427}
{"t": 1784512656.1263297, "x": -1.39049163458273e-11, "y": -1.3617364728834014e-13, "zone": null, "min_dist": 1.6401219466940427}
{"t": 1784512656.2784681, "x": -1.39049163458273e-11, "y": -1.3617364728834014e-13, "zone": null, "min_dist": 1.6401219466940427}
{"t": 1784512656.4389899, "x": -1.39049163458273e-11, "y": -1.3617364728834014e-13, "zone": null, "min_dist": 1.6401219466940427}
{"t": 1784512656.5993128, "x": -1.39049163458273e-11, "y": -1.3617364728834014e-13, "zone": null, "min_dist": 1.6401219466940427}
{"t": 1784512656.775619, "x": -1.39049163458273e-11, "y": -1.3617364728834014e-13, "zone": null, "min_dist": 1.6401219466940427}
{"t": 1784512656.927714, "x": -1.39049163458273e-11, "y": -1.3617364728834014e-13, "zone": null, "min_dist": 1.6401219466940427}
{"t": 1784512657.080137, "x": -1.39049163458273e-11, "y": -1.3617364728834014e-13, "zone": null, "min_dist": 1.6401219466940427}
{"t": 1784512657.2401335, "x": -1.39049163458273e-11, "y": -1.3617364728834014e-13, "zone": null, "min_dist": 1.6401219466940427}
{"t": 1784512657.3927963, "x": -1.39049163458273e-11, "y": -1.3617364728834014e-13, "zone": null, "min_dist": 1.6401219466940427}
{"t": 1784512657.5527546, "x": -1.39049163458273e-11, "y": -1.3617364728834014e-13, "zone": null, "min_dist": 1.6401219466940427}
{"t": 1784512657.7133582, "x": -1.39049163458273e-11, "y": -1.3617364728834014e-13, "zone": null, "min_dist": 1.6401219466940427}
{"t": 1784512657.8734565, "x": -1.39049163458273e-11, "y": -1.3617364728834014e-13, "zone": null, "min_dist": 1.6401219466940427}
{"t": 1784512658.025618, "x": -1.39049163458273e-11, "y": -1.3617364728834014e-13, "zone": null, "min_dist": 1.6401219466940427}
{"t": 1784512658.1855838, "x": -1.39049163458273e-11, "y": -1.3617364728834014e-13, "zone": null, "min_dist": 1.6401219466940427}
{"t": 1784512658.3382044, "x": 6.177184489348406e-05, "y": -9.598552741501887e-12, "zone": null, "min_dist": 1.6400842844503503}
{"t": 1784512658.4986105, "x": 0.014492688746587781, "y": -0.0001493577670420271, "zone": null, "min_dist": 1.6312070232338272}
{"t": 1784512658.6588776, "x": 0.04689722793260657, "y": -0.0006530353823917998, "zone": null, "min_dist": 1.6114302431639858}
{"t": 1784512658.818913, "x": 0.0809848054633135, "y": -0.0011829375283582027, "zone": null, "min_dist": 1.5910734393976818}
{"t": 1784512658.9791667, "x": 0.11423880133942138, "y": -0.0016998815325247195, "zone": null, "min_dist": 1.5716730253666906}
{"t": 1784512659.1394405, "x": 0.14764555761859255, "y": -0.002208301103290906, "zone": null, "min_dist": 1.5526658974719985}
{"t": 1784512659.3235497, "x": 0.1867329570023464, "y": -0.0021826060494584947, "zone": null, "min_dist": 1.531578685953393}
{"t": 1784512659.475884, "x": 0.21935354449867775, "y": -0.0015421824339446044, "zone": null, "min_dist": 1.5150582802272596}
{"t": 1784512659.6361127, "x": 0.2523805721471272, "y": -0.0008527281712556264, "zone": null, "min_dist": 1.4989057484722401}
{"t": 1784512659.7882586, "x": 0.2851650113136119, "y": -0.0001683378409399473, "zone": null, "min_dist": 1.4834255663839198}
{"t": 1784512659.948476, "x": 0.3179846875394979, "y": 0.0005167874598507856, "zone": null, "min_dist": 1.4675835601778398}
{"t": 1784512660.1008387, "x": 0.3495652312834733, "y": 0.0011760454653860232, "zone": null, "min_dist": 1.452587020879732}
{"t": 1784512660.2531877, "x": 0.38225372247497247, "y": 0.0018584326993177497, "zone": null, "min_dist": 1.4376306869811522}
{"t": 1784512660.5295665, "x": 0.41939417234893817, "y": 0.0026337563535048674, "zone": null, "min_dist": 1.4213593132124585}
{"t": 1784512660.6862051, "x": 0.4733546575920213, "y": 0.0037602058614289555, "zone": null, "min_dist": 1.3991400646784518}
{"t": 1784512660.838486, "x": 0.5056760057537885, "y": 0.004434928672800714, "zone": null, "min_dist": 1.3866668905438608}
{"t": 1784512660.9907682, "x": 0.5378695338400923, "y": 0.00510698319192994, "zone": null, "min_dist": 1.374886356296941}
{"t": 1784512661.1510942, "x": 0.5706838028963744, "y": 0.005768176044010775, "zone": null, "min_dist": 1.3635792647425988}
{"t": 1784512661.311243, "x": 0.5997723591152981, "y": 0.0058816295366255055, "zone": null, "min_dist": 1.354593858430974}
{"t": 1784512661.4874408, "x": 0.6376880717353869, "y": 0.005162698663484151, "zone": null, "min_dist": 1.3445718910847622}
{"t": 1784512661.639254, "x": 0.6700101136609495, "y": 0.004372517853187886, "zone": null, "min_dist": 1.336990612375475}
{"t": 1784512661.799627, "x": 0.7034898634289058, "y": 0.0036589916242468477, "zone": null, "min_dist": 1.3298188865729323}
{"t": 1784512661.952067, "x": 0.7360503511411245, "y": 0.0035740855145642587, "zone": null, "min_dist": 1.3230228905359582}
{"t": 1784512662.1124017, "x": 0.7705695618460715, "y": 0.0037334274853144883, "zone": null, "min_dist": 1.3164138228423743}
{"t": 1784512662.2892036, "x": 0.8072545549726131, "y": 0.0039027661185693533, "zone": null, "min_dist": 1.3103506577454378}
{"t": 1784512662.4653685, "x": 0.8442076043636246, "y": 0.004073342155022802, "zone": null, "min_dist": 1.305257512160483}
{"t": 1784512662.6253748, "x": 0.878484201745786, "y": 0.0042315637363084845, "zone": null, "min_dist": 1.3014537754536701}
{"t": 1784512662.777363, "x": 0.9100745122597377, "y": 0.004377385037176991, "zone": null, "min_dist": 1.2987396019789448}
{"t": 1784512662.929484, "x": 0.9420255096347742, "y": 0.004524871476483605, "zone": null, "min_dist": 1.2967717031752848}
{"t": 1784512663.0897524, "x": 0.9759028945279493, "y": 0.004681250131734475, "zone": null, "min_dist": 1.2955428724100249}
{"t": 1784512663.2498446, "x": 1.009467137514307, "y": 0.0048361832486124075, "zone": null, "min_dist": 1.2951638167513877}
{"t": 1784512663.4104161, "x": 1.042992854991927, "y": 0.004990938580704948, "zone": null, "min_dist": 1.295009061419295}
{"t": 1784512663.571222, "x": 1.0770841912171987, "y": 0.005148304917807866, "zone": null, "min_dist": 1.2948516950821922}
{"t": 1784512663.7312171, "x": 1.1102492218016817, "y": 0.0053013951172782535, "zone": null, "min_dist": 1.2946986048827218}
{"t": 1784512663.8915482, "x": 1.1443053077897254, "y": 0.005458598755233797, "zone": null, "min_dist": 1.2945414012447662}
{"t": 1784512664.0677724, "x": 1.182095282917781, "y": 0.005633038223862673, "zone": null, "min_dist": 1.2943669617761373}
{"t": 1784512664.2201836, "x": 1.214148746263653, "y": 0.005780997592569562, "zone": null, "min_dist": 1.2942190024074305}
{"t": 1784512664.380679, "x": 1.2472113109302398, "y": 0.005933614858426693, "zone": null, "min_dist": 1.2940663851415735}
{"t": 1784512664.5324378, "x": 1.2800058187805128, "y": 0.006084995129201843, "zone": null, "min_dist": 1.2939150048707981}
{"t": 1784512664.7081804, "x": 1.3169687035328586, "y": 0.0062556164292076315, "zone": null, "min_dist": 1.2937443835707925}
{"t": 1784512664.860725, "x": 1.3487409967243995, "y": 0.006402277848436649, "zone": null, "min_dist": 1.2935977221515633}
{"t": 1784512665.0129898, "x": 1.381343686534601, "y": 0.0065527726797784385, "zone": null, "min_dist": 1.2934472273202215}
{"t": 1784512665.1733656, "x": 1.4151571310892395, "y": 0.0067088561783092675, "zone": null, "min_dist": 1.2932911438216907}
{"t": 1784512665.3497922, "x": 1.4515610096661338, "y": 0.0068768969609976595, "zone": null, "min_dist": 1.2931231030390025}
{"t": 1784512665.509992, "x": 1.4859236250312415, "y": 0.007035515646305235, "zone": null, "min_dist": 1.2929644843536947}
{"t": 1784512665.6701622, "x": 1.5196444390025783, "y": 0.007191171530155809, "zone": null, "min_dist": 1.2928088284698442}
{"t": 1784512665.8304734, "x": 1.553084082835639, "y": 0.0073455294645927505, "zone": null, "min_dist": 1.2926544705354073}
{"t": 1784512665.9907105, "x": 1.5870442629880168, "y": 0.007502290399825588, "zone": null, "min_dist": 1.2924977096001744}
{"t": 1784512666.1509798, "x": 1.6210716309824782, "y": 0.007659361451885389, "zone": null, "min_dist": 1.2923406385481147}
{"t": 1784512666.3033452, "x": 1.6523840776945677, "y": 0.007803900041609303, "zone": null, "min_dist": 1.2921960999583908}
{"t": 1784512666.4796288, "x": 1.6900814499857184, "y": 0.007977912033102792, "zone": null, "min_dist": 1.2920220879668973}
{"t": 1784512666.6318517, "x": 1.723025940933104, "y": 0.00812998470562375, "zone": null, "min_dist": 1.2918700152943763}
{"t": 1784512666.8083854, "x": 1.7599888257463476, "y": 0.008300606005879937, "zone": null, "min_dist": 1.2916993939941201}
{"t": 1784512666.9687865, "x": 1.7933292821309603, "y": 0.00845450611236696, "zone": null, "min_dist": 1.2915454938876332}
{"t": 1784512667.1291156, "x": 1.8275132489427766, "y": 0.008612300061061999, "zone": null, "min_dist": 1.291387699938938}
{"t": 1784512667.2894986, "x": 1.860770910096184, "y": 0.008765817875194547, "zone": null, "min_dist": 1.2912341821248055}
{"t": 1784512667.4414523, "x": 1.8924153224283902, "y": 0.008911888995248958, "zone": null, "min_dist": 1.2910881110047512}
{"t": 1784512667.593759, "x": 1.9251458930279268, "y": 0.009062974128584943, "zone": null, "min_dist": 1.290937025871415}
{"t": 1784512667.754202, "x": 1.9586814458685933, "y": 0.009217774783225543, "zone": null, "min_dist": 1.2907822252167744}
{"t": 1784512667.9062364, "x": 1.9905398126452503, "y": 0.009364833596767931, "zone": null, "min_dist": 1.290635166403232}
{"t": 1784512668.0665371, "x": 2.024723779469344, "y": 0.00952262754873507, "zone": null, "min_dist": 1.290477372451265}
{"t": 1784512668.2270343, "x": 2.056376771718309, "y": 0.00966873783837046, "zone": null, "min_dist": 1.2903312621616296}
{"t": 1784512668.3790302, "x": 2.0765691494598655, "y": 0.009761944096820954, "zone": null, "min_dist": 1.2902380559031792}
{"t": 1784512668.5312395, "x": 2.08520965179788, "y": 0.009801826982424352, "zone": null, "min_dist": 1.2901981730175758}
{"t": 1784512668.6911764, "x": 2.0855634888148518, "y": 0.009803460197572965, "zone": null, "min_dist": 1.290196539802427}
{"t": 1784512668.8512435, "x": 2.0855634888148518, "y": 0.009803460197572965, "zone": null, "min_dist": 1.290196539802427}
{"t": 1784512669.0036852, "x": 2.0855634888148518, "y": 0.009803460197572965, "zone": null, "min_dist": 1.290196539802427}
{"t": 1784512669.1801853, "x": 2.0855634888148518, "y": 0.009803460197572965, "zone": null, "min_dist": 1.290196539802427}
{"t": 1784512669.3324635, "x": 2.0855634888148518, "y": 0.009803460197572965, "zone": null, "min_dist": 1.290196539802427}
{"t": 1784512669.4926863, "x": 2.0855634888148518, "y": 0.009803460197572965, "zone": null, "min_dist": 1.290196539802427}
{"t": 1784512669.6531787, "x": 2.0855634888148518, "y": 0.009803460197572965, "zone": null, "min_dist": 1.290196539802427}
{"t": 1784512669.8054993, "x": 2.0855634888148518, "y": 0.009803460197572965, "zone": null, "min_dist": 1.290196539802427}
{"t": 1784512669.9580336, "x": 2.0855634888148518, "y": 0.009803460197572965, "zone": null, "min_dist": 1.290196539802427}
{"t": 1784512670.1098258, "x": 2.0855634888148518, "y": 0.009803460197572965, "zone": null, "min_dist": 1.290196539802427}
{"t": 1784512670.2623923, "x": 2.0855634888148518, "y": 0.009803460197572965, "zone": null, "min_dist": 1.290196539802427}
{"t": 1784512670.4225037, "x": 2.0855634888148518, "y": 0.009803460197572965, "zone": null, "min_dist": 1.290196539802427}
{"t": 1784512670.5826707, "x": 2.0855634888148518, "y": 0.009803460197572965, "zone": null, "min_dist": 1.290196539802427}
{"t": 1784512670.7593303, "x": 2.0855634888148518, "y": 0.009803460197572965, "zone": null, "min_dist": 1.290196539802427}
{"t": 1784512670.9191258, "x": 2.0855634888148518, "y": 0.009803460197572965, "zone": null, "min_dist": 1.290196539802427}
{"t": 1784512671.0796824, "x": 2.0855634888148518, "y": 0.009803460197572965, "zone": null, "min_dist": 1.290196539802427}
{"t": 1784512671.231704, "x": 2.0855634888148518, "y": 0.009803460197572965, "zone": null, "min_dist": 1.290196539802427}
{"t": 1784512671.3839934, "x": 2.0855634888148518, "y": 0.009803460197572965, "zone": null, "min_dist": 1.290196539802427}
{"t": 1784512671.5603704, "x": 2.0855634888148518, "y": 0.009803460197572965, "zone": null, "min_dist": 1.290196539802427}
{"t": 1784512671.712496, "x": 2.0855634888148518, "y": 0.009803460197572965, "zone": null, "min_dist": 1.290196539802427}
{"t": 1784512671.8727543, "x": 2.0855634888148518, "y": 0.009803460197572965, "zone": null, "min_dist": 1.290196539802427}
{"t": 1784512672.0330312, "x": 2.0855634888148518, "y": 0.009803460197572965, "zone": null, "min_dist": 1.290196539802427}
{"t": 1784512672.1932487, "x": 2.0855634888148518, "y": 0.009803460197572965, "zone": null, "min_dist": 1.290196539802427}
{"t": 1784512672.3454807, "x": 2.0855634888148518, "y": 0.009803460197572965, "zone": null, "min_dist": 1.290196539802427}
{"t": 1784512672.5057304, "x": 2.0855634888148518, "y": 0.009803460197572965, "zone": null, "min_dist": 1.290196539802427}
{"t": 1784512672.6664414, "x": 2.0855634888148518, "y": 0.009803460197572965, "zone": null, "min_dist": 1.290196539802427}
{"t": 1784512672.8435087, "x": 2.0855634888148518, "y": 0.009803460197572965, "zone": null, "min_dist": 1.290196539802427}
{"t": 1784512673.00332, "x": 2.0855634888148518, "y": 0.009803460197572965, "zone": null, "min_dist": 1.290196539802427}
{"t": 1784512673.1553404, "x": 2.0855634888148518, "y": 0.009803460197572965, "zone": null, "min_dist": 1.290196539802427}
{"t": 1784512673.3071878, "x": 2.0855634888148518, "y": 0.009803460197572965, "zone": null, "min_dist": 1.290196539802427}
{"t": 1784512673.4674737, "x": 2.0855634888148518, "y": 0.009803460197572965, "zone": null, "min_dist": 1.290196539802427}
{"t": 1784512673.6199946, "x": 2.0855634888148518, "y": 0.009803460197572965, "zone": null, "min_dist": 1.290196539802427}
{"t": 1784512673.7719944, "x": 2.0855634888148518, "y": 0.009803460197572965, "zone": null, "min_dist": 1.290196539802427}
{"t": 1784512673.9244156, "x": 2.0855634888148518, "y": 0.009803460197572965, "zone": null, "min_dist": 1.290196539802427}
{"t": 1784512674.0842283, "x": 2.0855634888148518, "y": 0.009803460197572965, "zone": null, "min_dist": 1.290196539802427}
{"t": 1784512674.2446659, "x": 2.0855634888148518, "y": 0.009803460197572965, "zone": null, "min_dist": 1.290196539802427}
{"t": 1784512674.4049473, "x": 2.0855634888148518, "y": 0.009803460197572965, "zone": null, "min_dist": 1.290196539802427}
{"t": 1784512674.5654395, "x": 2.0855634888148518, "y": 0.009803460197572965, "zone": null, "min_dist": 1.290196539802427}
{"t": 1784512674.7173264, "x": 2.0855634888148518, "y": 0.009803460197572965, "zone": null, "min_dist": 1.290196539802427}
{"t": 1784512674.8773093, "x": 2.0855634888148518, "y": 0.009803460197572965, "zone": null, "min_dist": 1.290196539802427}
{"t": 1784512675.0371735, "x": 2.0855634888148518, "y": 0.009803460197572965, "zone": null, "min_dist": 1.290196539802427}
{"t": 1784512675.197316, "x": 2.0855634888148518, "y": 0.009803460197572965, "zone": null, "min_dist": 1.290196539802427}
{"t": 1784512675.349848, "x": 2.0855634888148518, "y": 0.009803460197572965, "zone": null, "min_dist": 1.290196539802427}
{"t": 1784512675.5022545, "x": 2.0855634888148518, "y": 0.009803460197572965, "zone": null, "min_dist": 1.290196539802427}
{"t": 1784512675.6622462, "x": 2.0855634888148518, "y": 0.009803460197572965, "zone": null, "min_dist": 1.290196539802427}
{"t": 1784512675.8387918, "x": 2.0855634888148518, "y": 0.009803460197572965, "zone": null, "min_dist": 1.290196539802427}
{"t": 1784512675.9991121, "x": 2.0855634888148518, "y": 0.009803460197572965, "zone": null, "min_dist": 1.290196539802427}
{"t": 1784512676.159446, "x": 2.0855634888148518, "y": 0.009803460197572965, "zone": null, "min_dist": 1.290196539802427}
{"t": 1784512676.311736, "x": 2.0855634888148518, "y": 0.009803460197572965, "zone": null, "min_dist": 1.290196539802427}
{"t": 1784512676.464066, "x": 2.0855634888148518, "y": 0.009803460197572965, "zone": null, "min_dist": 1.290196539802427}
{"t": 1784512676.640318, "x": 2.0855634888148518, "y": 0.009803460197572965, "zone": null, "min_dist": 1.290196539802427}
{"t": 1784512676.8007853, "x": 2.0855634888148518, "y": 0.009803460197572965, "zone": null, "min_dist": 1.290196539802427}
{"t": 1784512676.9529405, "x": 2.0855634888148518, "y": 0.009803460197572965, "zone": null, "min_dist": 1.290196539802427}
{"t": 1784512677.1134424, "x": 2.0855634888148518, "y": 0.009803460197572965, "zone": null, "min_dist": 1.290196539802427}
{"t": 1784512677.2734222, "x": 2.0855634888148518, "y": 0.009803460197572965, "zone": null, "min_dist": 1.290196539802427}
{"t": 1784512677.4258127, "x": 2.0855634888148518, "y": 0.009803460197572965, "zone": null, "min_dist": 1.290196539802427}
{"t": 1784512677.5858078, "x": 2.0855634888148518, "y": 0.009803460197572965, "zone": null, "min_dist": 1.290196539802427}
{"t": 1784512677.7382412, "x": 2.0855634888148518, "y": 0.009803460197572965, "zone": null, "min_dist": 1.290196539802427}
{"t": 1784512677.914502, "x": 2.0855634888148518, "y": 0.009803460197572965, "zone": null, "min_dist": 1.290196539802427}
{"t": 1784512678.0749166, "x": 2.0855634888148518, "y": 0.009803460197572965, "zone": null, "min_dist": 1.290196539802427}
{"t": 1784512678.2350547, "x": 2.0855634888148518, "y": 0.009803460197572965, "zone": null, "min_dist": 1.290196539802427}
{"t": 1784512678.4115374, "x": 2.0855634888148518, "y": 0.009803460197572965, "zone": null, "min_dist": 1.290196539802427}
{"t": 1784512678.5714874, "x": 2.0855634888148518, "y": 0.009803460197572965, "zone": null, "min_dist": 1.290196539802427}
{"t": 1784512678.7239237, "x": 2.0855634888148518, "y": 0.009803460197572965, "zone": null, "min_dist": 1.290196539802427}
{"t": 1784512678.884305, "x": 2.0855634888148518, "y": 0.009803460197572965, "zone": null, "min_dist": 1.290196539802427}
{"t": 1784512679.0603366, "x": 2.0855634888148518, "y": 0.009803460197572965, "zone": null, "min_dist": 1.290196539802427}
{"t": 1784512679.2207959, "x": 2.0855634888148518, "y": 0.009803460197572965, "zone": null, "min_dist": 1.290196539802427}
{"t": 1784512679.3810773, "x": 2.0855634888148518, "y": 0.009803460197572965, "zone": null, "min_dist": 1.290196539802427}
{"t": 1784512679.5576425, "x": 2.0855634888148518, "y": 0.009803460197572965, "zone": null, "min_dist": 1.290196539802427}
{"t": 1784512679.7173562, "x": 2.0855634888148518, "y": 0.009803460197572965, "zone": null, "min_dist": 1.290196539802427}
{"t": 1784512679.8774123, "x": 2.0855634888148518, "y": 0.009803460197572965, "zone": null, "min_dist": 1.290196539802427}
{"t": 1784512680.029256, "x": 2.0855634888148518, "y": 0.009803460197572965, "zone": null, "min_dist": 1.290196539802427}
{"t": 1784512680.189844, "x": 2.0855634888148518, "y": 0.009803460197572965, "zone": null, "min_dist": 1.290196539802427}
{"t": 1784512680.3503878, "x": 2.0855634888148518, "y": 0.009803460197572965, "zone": null, "min_dist": 1.290196539802427}
{"t": 1784512680.5026004, "x": 2.0855634888148518, "y": 0.009803460197572965, "zone": null, "min_dist": 1.290196539802427}
{"t": 1784512680.6548154, "x": 2.0855634888148518, "y": 0.009803460197572965, "zone": null, "min_dist": 1.290196539802427}
{"t": 1784512680.8150415, "x": 2.0855634888148518, "y": 0.009803460197572965, "zone": null, "min_dist": 1.290196539802427}
{"t": 1784512680.9672449, "x": 2.0855634888148518, "y": 0.009803460197572965, "zone": null, "min_dist": 1.290196539802427}
{"t": 1784512681.1274827, "x": 2.0855634888148518, "y": 0.009803460197572965, "zone": null, "min_dist": 1.290196539802427}
{"t": 1784512681.2879293, "x": 2.0855634888148518, "y": 0.009803460197572965, "zone": null, "min_dist": 1.290196539802427}
{"t": 1784512681.4482083, "x": 2.0855634888148518, "y": 0.009803460197572965, "zone": null, "min_dist": 1.290196539802427}
{"t": 1784512681.6008763, "x": 2.0855634888148518, "y": 0.009803460197572965, "zone": null, "min_dist": 1.290196539802427}
{"t": 1784512681.7529757, "x": 2.0855634888148518, "y": 0.009803460197572965, "zone": null, "min_dist": 1.290196539802427}
{"t": 1784512681.9055123, "x": 2.0855634888148518, "y": 0.009803460197572965, "zone": null, "min_dist": 1.290196539802427}
{"t": 1784512682.0654757, "x": 2.0855634888148518, "y": 0.009803460197572965, "zone": null, "min_dist": 1.290196539802427}
{"t": 1784512682.2261176, "x": 2.0855634888148518, "y": 0.009803460197572965, "zone": null, "min_dist": 1.290196539802427}
{"t": 1784512682.3861053, "x": 2.0855634888148518, "y": 0.009803460197572965, "zone": null, "min_dist": 1.290196539802427}
{"t": 1784512682.5383022, "x": 2.0855634888148518, "y": 0.009803460197572965, "zone": null, "min_dist": 1.290196539802427}
{"t": 1784512682.6910455, "x": 2.0855634888148518, "y": 0.009803460197572965, "zone": null, "min_dist": 1.290196539802427}
{"t": 1784512682.8512263, "x": 2.0855634888148518, "y": 0.009803460197572965, "zone": null, "min_dist": 1.290196539802427}
{"t": 1784512683.0030565, "x": 2.0855634888148518, "y": 0.009803460197572965, "zone": null, "min_dist": 1.290196539802427}
{"t": 1784512683.1552184, "x": 2.0855634888148518, "y": 0.009803460197572965, "zone": null, "min_dist": 1.290196539802427}
{"t": 1784512683.3155289, "x": 2.0855634888148518, "y": 0.009803460197572965, "zone": null, "min_dist": 1.290196539802427}
{"t": 1784512683.4756896, "x": 2.0855634888148518, "y": 0.009803460197572965, "zone": null, "min_dist": 1.290196539802427}
{"t": 1784512683.636106, "x": 2.0855634888148518, "y": 0.009803460197572965, "zone": null, "min_dist": 1.290196539802427}
{"t": 1784512683.788279, "x": 2.0855634888148518, "y": 0.009803460197572965, "zone": null, "min_dist": 1.290196539802427}
{"t": 1784512683.9404476, "x": 2.0855634888148518, "y": 0.009803460197572965, "zone": null, "min_dist": 1.290196539802427}
{"t": 1784512684.0927718, "x": 2.0855634888148518, "y": 0.009803460197572965, "zone": null, "min_dist": 1.290196539802427}
{"t": 1784512684.2688994, "x": 2.0855634888148518, "y": 0.009803460197572965, "zone": null, "min_dist": 1.290196539802427}
{"t": 1784512684.5389652, "x": 2.0855634888148518, "y": 0.009803460197572965, "zone": null, "min_dist": 1.290196539802427}
{"t": 1784512684.6937535, "x": 2.0855634888148518, "y": 0.009803460197572965, "zone": null, "min_dist": 1.290196539802427}
{"t": 1784512684.854105, "x": 2.0855634888148518, "y": 0.009803460197572965, "zone": null, "min_dist": 1.290196539802427}
{"t": 1784512685.0066767, "x": 2.0855634888148518, "y": 0.009803460197572965, "zone": null, "min_dist": 1.290196539802427}
{"t": 1784512685.182377, "x": 2.0855634888148518, "y": 0.009803460197572965, "zone": null, "min_dist": 1.290196539802427}
{"t": 1784512685.34255, "x": 2.0855634888148518, "y": 0.009803460197572965, "zone": null, "min_dist": 1.290196539802427}
{"t": 1784512685.4947293, "x": 2.0855634888148518, "y": 0.009803460197572965, "zone": null, "min_dist": 1.290196539802427}
{"t": 1784512685.6550539, "x": 2.0855634888148518, "y": 0.009803460197572965, "zone": null, "min_dist": 1.290196539802427}
{"t": 1784512685.807358, "x": 2.0855634888148518, "y": 0.009803460197572965, "zone": null, "min_dist": 1.290196539802427}
{"t": 1784512685.959267, "x": 2.0855634888148518, "y": 0.009803460197572965, "zone": null, "min_dist": 1.290196539802427}
{"t": 1784512686.1114604, "x": 2.0855634888148518, "y": 0.009803460197572965, "zone": null, "min_dist": 1.290196539802427}
{"t": 1784512686.2637427, "x": 2.0855634888148518, "y": 0.009803460197572965, "zone": null, "min_dist": 1.290196539802427}
{"t": 1784512686.416005, "x": 2.0855634888148518, "y": 0.009803460197572965, "zone": null, "min_dist": 1.290196539802427}
{"t": 1784512686.5684597, "x": 2.0855634888148518, "y": 0.009803460197572965, "zone": null, "min_dist": 1.290196539802427}
{"t": 1784512686.7207177, "x": 2.0855634888148518, "y": 0.009803460197572965, "zone": null, "min_dist": 1.290196539802427}
{"t": 1784512686.8811536, "x": 2.0855634888148518, "y": 0.009803460197572965, "zone": null, "min_dist": 1.290196539802427}
{"t": 1784512687.033158, "x": 2.0855634888148518, "y": 0.009803460197572965, "zone": null, "min_dist": 1.290196539802427}
{"t": 1784512687.2096894, "x": 2.0855634888148518, "y": 0.009803460197572965, "zone": null, "min_dist": 1.290196539802427}
{"t": 1784512687.3630364, "x": 2.0855634888148518, "y": 0.009803460197572965, "zone": null, "min_dist": 1.290196539802427}
{"t": 1784512687.5224564, "x": 2.0855634888148518, "y": 0.009803460197572965, "zone": null, "min_dist": 1.290196539802427}
{"t": 1784512687.6825724, "x": 2.0855634888148518, "y": 0.009803460197572965, "zone": null, "min_dist": 1.290196539802427}
{"t": 1784512687.834615, "x": 2.0855634888148518, "y": 0.009803460197572965, "zone": null, "min_dist": 1.290196539802427}
{"t": 1784512687.9947019, "x": 2.0855634888148518, "y": 0.009803460197572965, "zone": null, "min_dist": 1.290196539802427}
{"t": 1784512688.147427, "x": 2.0855634888148518, "y": 0.009803460197572965, "zone": null, "min_dist": 1.290196539802427}
{"t": 1784512688.3073957, "x": 2.0855634888148518, "y": 0.009803460197572965, "zone": null, "min_dist": 1.290196539802427}
{"t": 1784512688.4837985, "x": 2.0855634888148518, "y": 0.009803460197572965, "zone": null, "min_dist": 1.290196539802427}
{"t": 1784512688.6440368, "x": 2.0855634888148518, "y": 0.009803460197572965, "zone": null, "min_dist": 1.290196539802427}
{"t": 1784512688.8048136, "x": 2.0855634888148518, "y": 0.009803460197572965, "zone": null, "min_dist": 1.290196539802427}
{"t": 1784512688.9564457, "x": 2.0855634888148518, "y": 0.009803460197572965, "zone": null, "min_dist": 1.290196539802427}
{"t": 1784512689.1089997, "x": 2.0855634888148518, "y": 0.009803460197572965, "zone": null, "min_dist": 1.290196539802427}
{"t": 1784512689.2612648, "x": 2.0855634888148518, "y": 0.009803460197572965, "zone": null, "min_dist": 1.290196539802427}
{"t": 1784512689.4132059, "x": 2.0855634888148518, "y": 0.009803460197572965, "zone": null, "min_dist": 1.290196539802427}
{"t": 1784512689.5653071, "x": 2.0855634888148518, "y": 0.009803460197572965, "zone": null, "min_dist": 1.290196539802427}
{"t": 1784512689.71716, "x": 2.0855634888148518, "y": 0.009803460197572965, "zone": null, "min_dist": 1.290196539802427}
{"t": 1784512689.8774493, "x": 2.0855634888148518, "y": 0.009803460197572965, "zone": null, "min_dist": 1.290196539802427}
{"t": 1784512690.0378568, "x": 2.0855634888148518, "y": 0.009803460197572965, "zone": null, "min_dist": 1.290196539802427}
{"t": 1784512690.1901574, "x": 2.0855634888148518, "y": 0.009803460197572965, "zone": null, "min_dist": 1.290196539802427}
{"t": 1784512690.3425882, "x": 2.0855634888148518, "y": 0.009803460197572965, "zone": null, "min_dist": 1.290196539802427}
{"t": 1784512690.502692, "x": 2.0855634888148518, "y": 0.009803460197572965, "zone": null, "min_dist": 1.290196539802427}
{"t": 1784512690.655294, "x": 2.0855634888148518, "y": 0.009803460197572965, "zone": null, "min_dist": 1.290196539802427}
{"t": 1784512690.8160758, "x": 2.0855634888148518, "y": 0.009803460197572965, "zone": null, "min_dist": 1.290196539802427}
{"t": 1784512690.9680579, "x": 2.0855634888148518, "y": 0.009803460197572965, "zone": null, "min_dist": 1.290196539802427}
{"t": 1784512691.1283064, "x": 2.0855634888148518, "y": 0.009803460197572965, "zone": null, "min_dist": 1.290196539802427}
{"t": 1784512691.2804058, "x": 2.0855634888148518, "y": 0.009803460197572965, "zone": null, "min_dist": 1.290196539802427}
{"t": 1784512691.432807, "x": 2.0855634888148518, "y": 0.009803460197572965, "zone": null, "min_dist": 1.290196539802427}
{"t": 1784512691.5929775, "x": 2.0855634888148518, "y": 0.009803460197572965, "zone": null, "min_dist": 1.290196539802427}
{"t": 1784512691.7536757, "x": 2.0855634888148518, "y": 0.009803460197572965, "zone": null, "min_dist": 1.290196539802427}
{"t": 1784512691.905628, "x": 2.0855634888148518, "y": 0.009803460197572965, "zone": null, "min_dist": 1.290196539802427}
{"t": 1784512692.0577705, "x": 2.0855634888148518, "y": 0.009803460197572965, "zone": null, "min_dist": 1.290196539802427}
{"t": 1784512692.2179093, "x": 2.0855634888148518, "y": 0.009803460197572965, "zone": null, "min_dist": 1.290196539802427}
{"t": 1784512692.3783596, "x": 2.0855634888148518, "y": 0.009803460197572965, "zone": null, "min_dist": 1.290196539802427}
{"t": 1784512692.554364, "x": 2.0855634888148518, "y": 0.009803460197572965, "zone": null, "min_dist": 1.290196539802427}
{"t": 1784512692.7144876, "x": 2.0855634888148518, "y": 0.009803460197572965, "zone": null, "min_dist": 1.290196539802427}
{"t": 1784512692.8667796, "x": 2.0855634888148518, "y": 0.009803460197572965, "zone": null, "min_dist": 1.290196539802427}
{"t": 1784512693.0273983, "x": 2.0855634888148518, "y": 0.009803460197572965, "zone": null, "min_dist": 1.290196539802427}
{"t": 1784512693.179569, "x": 2.0855634888148518, "y": 0.009803460197572965, "zone": null, "min_dist": 1.290196539802427}
{"t": 1784512693.3391964, "x": 2.0855634888148518, "y": 0.009803460197572965, "zone": null, "min_dist": 1.290196539802427}
{"t": 1784512693.4999726, "x": 2.0855634888148518, "y": 0.009803460197572965, "zone": null, "min_dist": 1.290196539802427}
{"t": 1784512693.6603281, "x": 2.0855634888148518, "y": 0.009803460197572965, "zone": null, "min_dist": 1.290196539802427}
{"t": 1784512693.8204455, "x": 2.0855634888148518, "y": 0.009803460197572965, "zone": null, "min_dist": 1.290196539802427}
{"t": 1784512693.996708, "x": 2.0855634888148518, "y": 0.009803460197572965, "zone": null, "min_dist": 1.290196539802427}
{"t": 1784512694.157074, "x": 2.0855634888148518, "y": 0.009803460197572965, "zone": null, "min_dist": 1.290196539802427}
{"t": 1784512694.3091676, "x": 2.0855634888148518, "y": 0.009803460197572965, "zone": null, "min_dist": 1.290196539802427}
{"t": 1784512694.4617498, "x": 2.0855634888148518, "y": 0.009803460197572965, "zone": null, "min_dist": 1.290196539802427}
{"t": 1784512694.6219764, "x": 2.0855634888148518, "y": 0.009803460197572965, "zone": null, "min_dist": 1.290196539802427}
{"t": 1784512694.7741396, "x": 2.0855634888148518, "y": 0.009803460197572965, "zone": null, "min_dist": 1.290196539802427}
{"t": 1784512694.9343357, "x": 2.0855634888148518, "y": 0.009803460197572965, "zone": null, "min_dist": 1.290196539802427}
{"t": 1784512695.0862153, "x": 2.0855634888148518, "y": 0.009803460197572965, "zone": null, "min_dist": 1.290196539802427}
{"t": 1784512695.2382445, "x": 2.0855634888148518, "y": 0.009803460197572965, "zone": null, "min_dist": 1.290196539802427}
{"t": 1784512695.3908963, "x": 2.0855634888148518, "y": 0.009803460197572965, "zone": null, "min_dist": 1.290196539802427}
{"t": 1784512695.5677328, "x": 2.0855634888148518, "y": 0.009803460197572965, "zone": null, "min_dist": 1.290196539802427}
{"t": 1784512695.743602, "x": 2.0855634888148518, "y": 0.009803460197572965, "zone": null, "min_dist": 1.290196539802427}
{"t": 1784512695.9037, "x": 2.0855634888148518, "y": 0.009803460197572965, "zone": null, "min_dist": 1.290196539802427}
{"t": 1784512696.0641415, "x": 2.0855634888148518, "y": 0.009803460197572965, "zone": null, "min_dist": 1.290196539802427}
{"t": 1784512696.2244198, "x": 2.0855634888148518, "y": 0.009803460197572965, "zone": null, "min_dist": 1.290196539802427}
{"t": 1784512696.4003415, "x": 2.0855634888148518, "y": 0.009803460197572965, "zone": null, "min_dist": 1.290196539802427}
{"t": 1784512696.560714, "x": 2.0855634888148518, "y": 0.009803460197572965, "zone": null, "min_dist": 1.290196539802427}
{"t": 1784512696.71285, "x": 2.0855634888148518, "y": 0.009803460197572965, "zone": null, "min_dist": 1.290196539802427}
{"t": 1784512696.873281, "x": 2.0855634888148518, "y": 0.009803460197572965, "zone": null, "min_dist": 1.290196539802427}
{"t": 1784512697.0335248, "x": 2.0855634888148518, "y": 0.009803460197572965, "zone": null, "min_dist": 1.290196539802427}
{"t": 1784512697.1856449, "x": 2.0855634888148518, "y": 0.009803460197572965, "zone": null, "min_dist": 1.290196539802427}
{"t": 1784512697.3463933, "x": 2.0855634888148518, "y": 0.009803460197572965, "zone": null, "min_dist": 1.290196539802427}
{"t": 1784512697.4982944, "x": 2.0855634888148518, "y": 0.009803460197572965, "zone": null, "min_dist": 1.290196539802427}
{"t": 1784512697.6503634, "x": 2.0855634888148518, "y": 0.009803460197572965, "zone": null, "min_dist": 1.290196539802427}
{"t": 1784512697.8030736, "x": 2.0855634888148518, "y": 0.009803460197572965, "zone": null, "min_dist": 1.290196539802427}
{"t": 1784512697.9632618, "x": 2.0855634888148518, "y": 0.009803460197572965, "zone": null, "min_dist": 1.290196539802427}
{"t": 1784512698.1235402, "x": 2.0855634888148518, "y": 0.009803460197572965, "zone": null, "min_dist": 1.290196539802427}
{"t": 1784512698.2758343, "x": 2.0855634888148518, "y": 0.009803460197572965, "zone": null, "min_dist": 1.290196539802427}
{"t": 1784512698.4363413, "x": 2.0855634888148518, "y": 0.009803460197572965, "zone": null, "min_dist": 1.290196539802427}
{"t": 1784512698.5965166, "x": 2.0855634888148518, "y": 0.009803460197572965, "zone": null, "min_dist": 1.290196539802427}
{"t": 1784512698.7483325, "x": 2.0855634888148518, "y": 0.009803460197572965, "zone": null, "min_dist": 1.290196539802427}
{"t": 1784512698.9088128, "x": 2.0855634888148518, "y": 0.009803460197572965, "zone": null, "min_dist": 1.290196539802427}
{"t": 1784512699.060922, "x": 2.0855634888148518, "y": 0.009803460197572965, "zone": null, "min_dist": 1.290196539802427}
{"t": 1784512699.2133346, "x": 2.0855634888148518, "y": 0.009803460197572965, "zone": null, "min_dist": 1.290196539802427}
{"t": 1784512699.3654594, "x": 2.0855634888148518, "y": 0.009803460197572965, "zone": null, "min_dist": 1.290196539802427}
{"t": 1784512699.5259016, "x": 2.0855634888148518, "y": 0.009803460197572965, "zone": null, "min_dist": 1.290196539802427}
{"t": 1784512699.6784248, "x": 2.0855634888148518, "y": 0.009803460197572965, "zone": null, "min_dist": 1.290196539802427}
{"t": 1784512699.8387907, "x": 2.0855634888148518, "y": 0.009803460197572965, "zone": null, "min_dist": 1.290196539802427}
{"t": 1784512699.9989867, "x": 2.0855634888148518, "y": 0.009803460197572965, "zone": null, "min_dist": 1.290196539802427}
{"t": 1784512700.1510699, "x": 2.0855634888148518, "y": 0.009803460197572965, "zone": null, "min_dist": 1.290196539802427}
{"t": 1784512700.303272, "x": 2.0855634888148518, "y": 0.009803460197572965, "zone": null, "min_dist": 1.290196539802427}
{"t": 1784512700.4555273, "x": 2.0855634888148518, "y": 0.009803460197572965, "zone": null, "min_dist": 1.290196539802427}
{"t": 1784512700.6079917, "x": 2.0855634888148518, "y": 0.009803460197572965, "zone": null, "min_dist": 1.290196539802427}
{"t": 1784512700.7682433, "x": 2.0855634888148518, "y": 0.009803460197572965, "zone": null, "min_dist": 1.290196539802427}
{"t": 1784512700.9444988, "x": 2.0855634888148518, "y": 0.009803460197572965, "zone": null, "min_dist": 1.290196539802427}
{"t": 1784512701.0964994, "x": 2.0855634888148518, "y": 0.009803460197572965, "zone": null, "min_dist": 1.290196539802427}
{"t": 1784512701.2489917, "x": 2.0855634888148518, "y": 0.009803460197572965, "zone": null, "min_dist": 1.290196539802427}
{"t": 1784512701.4093525, "x": 2.0855634888148518, "y": 0.009803460197572965, "zone": null, "min_dist": 1.290196539802427}
{"t": 1784512701.5694757, "x": 2.0855634888148518, "y": 0.009803460197572965, "zone": null, "min_dist": 1.290196539802427}
{"t": 1784512701.7212093, "x": 2.0855634888148518, "y": 0.009803460197572965, "zone": null, "min_dist": 1.290196539802427}
{"t": 1784512701.87341, "x": 2.0855634888148518, "y": 0.009803460197572965, "zone": null, "min_dist": 1.290196539802427}
{"t": 1784512702.0257187, "x": 2.0855634888148518, "y": 0.009803460197572965, "zone": null, "min_dist": 1.290196539802427}
{"t": 1784512702.1783812, "x": 2.0855634888148518, "y": 0.009803460197572965, "zone": null, "min_dist": 1.290196539802427}
{"t": 1784512702.3384295, "x": 2.0855634888148518, "y": 0.009803460197572965, "zone": null, "min_dist": 1.290196539802427}
{"t": 1784512702.490477, "x": 2.0855634888148518, "y": 0.009803460197572965, "zone": null, "min_dist": 1.290196539802427}
{"t": 1784512702.6428185, "x": 2.0855634888148518, "y": 0.009803460197572965, "zone": null, "min_dist": 1.290196539802427}
{"t": 1784512702.8032343, "x": 2.0855634888148518, "y": 0.009803460197572965, "zone": null, "min_dist": 1.290196539802427}
{"t": 1784512702.9553177, "x": 2.0855634888148518, "y": 0.009803460197572965, "zone": null, "min_dist": 1.290196539802427}
{"t": 1784512703.1156435, "x": 2.0855634888148518, "y": 0.009803460197572965, "zone": null, "min_dist": 1.290196539802427}
{"t": 1784512703.267932, "x": 2.0855634888148518, "y": 0.009803460197572965, "zone": null, "min_dist": 1.290196539802427}
{"t": 1784512703.444209, "x": 2.0855634888148518, "y": 0.009803460197572965, "zone": null, "min_dist": 1.290196539802427}
{"t": 1784512703.5967894, "x": 2.0855634888148518, "y": 0.009803460197572965, "zone": null, "min_dist": 1.290196539802427}
{"t": 1784512703.7491064, "x": 2.0855634888148518, "y": 0.009803460197572965, "zone": null, "min_dist": 1.290196539802427}
{"t": 1784512703.9011345, "x": 2.0855634888148518, "y": 0.009803460197572965, "zone": null, "min_dist": 1.290196539802427}
{"t": 1784512704.053232, "x": 2.0855634888148518, "y": 0.009803460197572965, "zone": null, "min_dist": 1.290196539802427}
{"t": 1784512704.2135403, "x": 2.0855634888148518, "y": 0.009803460197572965, "zone": null, "min_dist": 1.290196539802427}
{"t": 1784512704.3659897, "x": 2.0855634888148518, "y": 0.009803460197572965, "zone": null, "min_dist": 1.290196539802427}
{"t": 1784512704.518418, "x": 2.0855634888148518, "y": 0.009803460197572965, "zone": null, "min_dist": 1.290196539802427}
{"t": 1784512704.6949155, "x": 2.0855634888148518, "y": 0.009803460197572965, "zone": null, "min_dist": 1.290196539802427}
{"t": 1784512704.8550904, "x": 2.0855634888148518, "y": 0.009803460197572965, "zone": null, "min_dist": 1.290196539802427}
{"t": 1784512705.015253, "x": 2.0855634888148518, "y": 0.009803460197572965, "zone": null, "min_dist": 1.290196539802427}
{"t": 1784512705.175293, "x": 2.0855634888148518, "y": 0.009803460197572965, "zone": null, "min_dist": 1.290196539802427}
{"t": 1784512705.327374, "x": 2.0855634888148518, "y": 0.009803460197572965, "zone": null, "min_dist": 1.290196539802427}
{"t": 1784512705.4798381, "x": 2.0855634888148518, "y": 0.009803460197572965, "zone": null, "min_dist": 1.290196539802427}
{"t": 1784512705.6401079, "x": 2.0855634888148518, "y": 0.009803460197572965, "zone": null, "min_dist": 1.290196539802427}
{"t": 1784512705.7925038, "x": 2.0855634888148518, "y": 0.009803460197572965, "zone": null, "min_dist": 1.290196539802427}
{"t": 1784512705.9446466, "x": 2.0855634888148518, "y": 0.009803460197572965, "zone": null, "min_dist": 1.290196539802427}
{"t": 1784512706.0972703, "x": 2.0855634888148518, "y": 0.009803460197572965, "zone": null, "min_dist": 1.290196539802427}
{"t": 1784512706.249102, "x": 2.0855634888148518, "y": 0.009803460197572965, "zone": null, "min_dist": 1.290196539802427}
{"t": 1784512706.4097905, "x": 2.0855634888148518, "y": 0.009803460197572965, "zone": null, "min_dist": 1.290196539802427}
{"t": 1784512706.5698724, "x": 2.0855634888148518, "y": 0.009803460197572965, "zone": null, "min_dist": 1.290196539802427}
{"t": 1784512706.730036, "x": 2.0855634888148518, "y": 0.009803460197572965, "zone": null, "min_dist": 1.290196539802427}
{"t": 1784512706.8903913, "x": 2.0855634888148518, "y": 0.009803460197572965, "zone": null, "min_dist": 1.290196539802427}
{"t": 1784512707.0424824, "x": 2.0855634888148518, "y": 0.009803460197572965, "zone": null, "min_dist": 1.290196539802427}
{"t": 1784512707.2025547, "x": 2.0855634888148518, "y": 0.009803460197572965, "zone": null, "min_dist": 1.290196539802427}
{"t": 1784512707.3630779, "x": 2.0855634888148518, "y": 0.009803460197572965, "zone": null, "min_dist": 1.290196539802427}
{"t": 1784512707.523687, "x": 2.0855634888148518, "y": 0.009803460197572965, "zone": null, "min_dist": 1.290196539802427}
{"t": 1784512707.699876, "x": 2.0855634888148518, "y": 0.009803460197572965, "zone": null, "min_dist": 1.290196539802427}
{"t": 1784512707.8522165, "x": 2.0855634888148518, "y": 0.009803460197572965, "zone": null, "min_dist": 1.290196539802427}
{"t": 1784512708.0120947, "x": 2.0855634888148518, "y": 0.009803460197572965, "zone": null, "min_dist": 1.290196539802427}
{"t": 1784512708.164289, "x": 2.0855634888148518, "y": 0.009803460197572965, "zone": null, "min_dist": 1.290196539802427}
{"t": 1784512708.3167648, "x": 2.0855634888148518, "y": 0.009803460197572965, "zone": null, "min_dist": 1.290196539802427}
{"t": 1784512708.469086, "x": 2.0855634888148518, "y": 0.009803460197572965, "zone": null, "min_dist": 1.290196539802427}
{"t": 1784512708.6292052, "x": 2.0855634888148518, "y": 0.009803460197572965, "zone": null, "min_dist": 1.290196539802427}
{"t": 1784512708.7820017, "x": 2.0855634888148518, "y": 0.009803460197572965, "zone": null, "min_dist": 1.290196539802427}
{"t": 1784512708.9427538, "x": 2.0855634888148518, "y": 0.009803460197572965, "zone": null, "min_dist": 1.290196539802427}
{"t": 1784512709.1035538, "x": 2.0855634888148518, "y": 0.009803460197572965, "zone": null, "min_dist": 1.290196539802427}
{"t": 1784512709.2640276, "x": 2.0855634888148518, "y": 0.009803460197572965, "zone": null, "min_dist": 1.290196539802427}
{"t": 1784512709.423841, "x": 2.0855634888148518, "y": 0.009803460197572965, "zone": null, "min_dist": 1.290196539802427}
{"t": 1784512709.5840473, "x": 2.0855634888148518, "y": 0.009803460197572965, "zone": null, "min_dist": 1.290196539802427}
{"t": 1784512709.7441185, "x": 2.0855634888148518, "y": 0.009803460197572965, "zone": null, "min_dist": 1.290196539802427}
{"t": 1784512709.9042943, "x": 2.0855634888148518, "y": 0.009803460197572965, "zone": null, "min_dist": 1.290196539802427}
{"t": 1784512710.0645905, "x": 2.0855634888148518, "y": 0.009803460197572965, "zone": null, "min_dist": 1.290196539802427}
{"t": 1784512710.2246761, "x": 2.0855634888148518, "y": 0.009803460197572965, "zone": null, "min_dist": 1.290196539802427}
{"t": 1784512710.4015503, "x": 2.0855634888148518, "y": 0.009803460197572965, "zone": null, "min_dist": 1.290196539802427}
{"t": 1784512710.553392, "x": 2.0855634888148518, "y": 0.009803460197572965, "zone": null, "min_dist": 1.290196539802427}
{"t": 1784512710.729534, "x": 2.0855634888148518, "y": 0.009803460197572965, "zone": null, "min_dist": 1.290196539802427}
{"t": 1784512710.8900216, "x": 2.0855634888148518, "y": 0.009803460197572965, "zone": null, "min_dist": 1.290196539802427}
{"t": 1784512711.050316, "x": 2.0855634888148518, "y": 0.009803460197572965, "zone": null, "min_dist": 1.290196539802427}
{"t": 1784512711.2022846, "x": 2.0855634888148518, "y": 0.009803460197572965, "zone": null, "min_dist": 1.290196539802427}
{"t": 1784512711.3782218, "x": 2.0855634888148518, "y": 0.009803460197572965, "zone": null, "min_dist": 1.290196539802427}
{"t": 1784512711.5307465, "x": 2.0855634888148518, "y": 0.009803460197572965, "zone": null, "min_dist": 1.290196539802427}
{"t": 1784512711.7077458, "x": 2.0855634888148518, "y": 0.009803460197572965, "zone": null, "min_dist": 1.290196539802427}
{"t": 1784512711.859506, "x": 2.0855634888148518, "y": 0.009803460197572965, "zone": null, "min_dist": 1.290196539802427}
{"t": 1784512712.0197496, "x": 2.0855634888148518, "y": 0.009803460197572965, "zone": null, "min_dist": 1.290196539802427}
{"t": 1784512712.171649, "x": 2.0855634888148518, "y": 0.009803460197572965, "zone": null, "min_dist": 1.290196539802427}
{"t": 1784512712.3323095, "x": 2.0855634888148518, "y": 0.009803460197572965, "zone": null, "min_dist": 1.290196539802427}
{"t": 1784512712.4922717, "x": 2.0855634888148518, "y": 0.009803460197572965, "zone": null, "min_dist": 1.290196539802427}
{"t": 1784512712.6445618, "x": 2.0855634888148518, "y": 0.009803460197572965, "zone": null, "min_dist": 1.290196539802427}
{"t": 1784512712.8051472, "x": 2.0855634888148518, "y": 0.009803460197572965, "zone": null, "min_dist": 1.290196539802427}
{"t": 1784512712.9650123, "x": 2.0855634888148518, "y": 0.009803460197572965, "zone": null, "min_dist": 1.290196539802427}
{"t": 1784512713.1172707, "x": 2.0855634888148518, "y": 0.009803460197572965, "zone": null, "min_dist": 1.290196539802427}
{"t": 1784512713.293716, "x": 2.0855634888148518, "y": 0.009803460197572965, "zone": null, "min_dist": 1.290196539802427}
{"t": 1784512713.5512164, "x": 2.0855634888148518, "y": 0.009803460197572965, "zone": null, "min_dist": 1.290196539802427}
{"t": 1784512713.710281, "x": 2.0855634888148518, "y": 0.009803460197572965, "zone": null, "min_dist": 1.290196539802427}
{"t": 1784512713.8701487, "x": 2.0855634888148518, "y": 0.009803460197572965, "zone": null, "min_dist": 1.290196539802427}
{"t": 1784512714.022566, "x": 2.0855634888148518, "y": 0.009803460197572965, "zone": null, "min_dist": 1.290196539802427}
{"t": 1784512714.198196, "x": 2.0855634888148518, "y": 0.009803460197572965, "zone": null, "min_dist": 1.290196539802427}
{"t": 1784512714.3502162, "x": 2.0855634888148518, "y": 0.009803460197572965, "zone": null, "min_dist": 1.290196539802427}
{"t": 1784512714.5028267, "x": 2.0855634888148518, "y": 0.009803460197572965, "zone": null, "min_dist": 1.290196539802427}
{"t": 1784512714.6636317, "x": 2.0855634888148518, "y": 0.009803460197572965, "zone": null, "min_dist": 1.290196539802427}
{"t": 1784512714.8234644, "x": 2.0855634888148518, "y": 0.009803460197572965, "zone": null, "min_dist": 1.290196539802427}
{"t": 1784512714.976236, "x": 2.0855634888148518, "y": 0.009803460197572965, "zone": null, "min_dist": 1.290196539802427}
{"t": 1784512715.1366072, "x": 2.0855634888148518, "y": 0.009803460197572965, "zone": null, "min_dist": 1.290196539802427}
{"t": 1784512715.2888288, "x": 2.0855634888148518, "y": 0.009803460197572965, "zone": null, "min_dist": 1.290196539802427}
{"t": 1784512715.449155, "x": 2.0855634888148518, "y": 0.009803460197572965, "zone": null, "min_dist": 1.290196539802427}
{"t": 1784512715.6095026, "x": 2.0855634888148518, "y": 0.009803460197572965, "zone": null, "min_dist": 1.290196539802427}
{"t": 1784512715.761763, "x": 2.0855634888148518, "y": 0.009803460197572965, "zone": null, "min_dist": 1.290196539802427}
{"t": 1784512715.9381082, "x": 2.0855634888148518, "y": 0.009803460197572965, "zone": null, "min_dist": 1.290196539802427}
{"t": 1784512716.090134, "x": 2.0855634888148518, "y": 0.009803460197572965, "zone": null, "min_dist": 1.290196539802427}
{"t": 1784512716.2424383, "x": 2.0855634888148518, "y": 0.009803460197572965, "zone": null, "min_dist": 1.290196539802427}
{"t": 1784512716.394737, "x": 2.0855634888148518, "y": 0.009803460197572965, "zone": null, "min_dist": 1.290196539802427}
{"t": 1784512716.5472682, "x": 2.0855634888148518, "y": 0.009803460197572965, "zone": null, "min_dist": 1.290196539802427}
{"t": 1784512716.7075646, "x": 2.0855634888148518, "y": 0.009803460197572965, "zone": null, "min_dist": 1.290196539802427}
{"t": 1784512716.8673499, "x": 2.0855634888148518, "y": 0.009803460197572965, "zone": null, "min_dist": 1.290196539802427}
{"t": 1784512717.0195136, "x": 2.0855634888148518, "y": 0.009803460197572965, "zone": null, "min_dist": 1.290196539802427}
{"t": 1784512717.1717134, "x": 2.0855634888148518, "y": 0.009803460197572965, "zone": null, "min_dist": 1.290196539802427}
{"t": 1784512717.324025, "x": 2.0855634888148518, "y": 0.009803460197572965, "zone": null, "min_dist": 1.290196539802427}
{"t": 1784512717.4762936, "x": 2.0855634888148518, "y": 0.009803460197572965, "zone": null, "min_dist": 1.290196539802427}
{"t": 1784512717.6287725, "x": 2.0855634888148518, "y": 0.009803460197572965, "zone": null, "min_dist": 1.290196539802427}
{"t": 1784512717.781083, "x": 2.0855634888148518, "y": 0.009803460197572965, "zone": null, "min_dist": 1.290196539802427}
{"t": 1784512717.9416583, "x": 2.0855634888148518, "y": 0.009803460197572965, "zone": null, "min_dist": 1.290196539802427}
{"t": 1784512718.101435, "x": 2.0855634888148518, "y": 0.009803460197572965, "zone": null, "min_dist": 1.290196539802427}
{"t": 1784512718.2537963, "x": 2.0855634888148518, "y": 0.009803460197572965, "zone": null, "min_dist": 1.290196539802427}
{"t": 1784512718.4142554, "x": 2.0855634888148518, "y": 0.009803460197572965, "zone": null, "min_dist": 1.290196539802427}
{"t": 1784512718.5664349, "x": 2.0855634888148518, "y": 0.009803460197572965, "zone": null, "min_dist": 1.290196539802427}
{"t": 1784512718.7184715, "x": 2.0855634888148518, "y": 0.009803460197572965, "zone": null, "min_dist": 1.290196539802427}
{"t": 1784512718.8950343, "x": 2.0855634888148518, "y": 0.009803460197572965, "zone": null, "min_dist": 1.290196539802427}
{"t": 1784512719.0549104, "x": 2.0855634888148518, "y": 0.009803460197572965, "zone": null, "min_dist": 1.290196539802427}
{"t": 1784512719.2152803, "x": 2.0855634888148518, "y": 0.009803460197572965, "zone": null, "min_dist": 1.290196539802427}
{"t": 1784512719.3753242, "x": 2.0855634888148518, "y": 0.009803460197572965, "zone": null, "min_dist": 1.290196539802427}
{"t": 1784512719.5278468, "x": 2.0855634888148518, "y": 0.009803460197572965, "zone": null, "min_dist": 1.290196539802427}
{"t": 1784512719.7041261, "x": 2.0855634888148518, "y": 0.009803460197572965, "zone": null, "min_dist": 1.290196539802427}
{"t": 1784512719.8645127, "x": 2.0855634888148518, "y": 0.009803460197572965, "zone": null, "min_dist": 1.290196539802427}
{"t": 1784512720.0247316, "x": 2.0855634888148518, "y": 0.009803460197572965, "zone": null, "min_dist": 1.290196539802427}
{"t": 1784512720.1769886, "x": 2.0855634888148518, "y": 0.009803460197572965, "zone": null, "min_dist": 1.290196539802427}
{"t": 1784512720.3291824, "x": 2.0855634888148518, "y": 0.009803460197572965, "zone": null, "min_dist": 1.290196539802427}
{"t": 1784512720.4893012, "x": 2.0855634888148518, "y": 0.009803460197572965, "zone": null, "min_dist": 1.290196539802427}
{"t": 1784512720.6492457, "x": 2.0855634888148518, "y": 0.009803460197572965, "zone": null, "min_dist": 1.290196539802427}
{"t": 1784512720.8257637, "x": 2.0855634888148518, "y": 0.009803460197572965, "zone": null, "min_dist": 1.290196539802427}
{"t": 1784512721.0019705, "x": 2.0855634888148518, "y": 0.009803460197572965, "zone": null, "min_dist": 1.290196539802427}
{"t": 1784512721.1545901, "x": 2.0855634888148518, "y": 0.009803460197572965, "zone": null, "min_dist": 1.290196539802427}
{"t": 1784512721.3066795, "x": 2.0855634888148518, "y": 0.009803460197572965, "zone": null, "min_dist": 1.290196539802427}
{"t": 1784512721.4590786, "x": 2.0855634888148518, "y": 0.009803460197572965, "zone": null, "min_dist": 1.290196539802427}
{"t": 1784512721.6112936, "x": 2.0855634888148518, "y": 0.009803460197572965, "zone": null, "min_dist": 1.290196539802427}
{"t": 1784512721.7716746, "x": 2.0855634888148518, "y": 0.009803460197572965, "zone": null, "min_dist": 1.290196539802427}
{"t": 1784512721.948114, "x": 2.0855634888148518, "y": 0.009803460197572965, "zone": null, "min_dist": 1.290196539802427}
{"t": 1784512722.1086109, "x": 2.0855634888148518, "y": 0.009803460197572965, "zone": null, "min_dist": 1.290196539802427}
{"t": 1784512722.2609499, "x": 2.0855634888148518, "y": 0.009803460197572965, "zone": null, "min_dist": 1.290196539802427}
{"t": 1784512722.4128046, "x": 2.0855634888148518, "y": 0.009803460197572965, "zone": null, "min_dist": 1.290196539802427}
{"t": 1784512722.565202, "x": 2.0855634888148518, "y": 0.009803460197572965, "zone": null, "min_dist": 1.290196539802427}
{"t": 1784512722.7172947, "x": 2.0855634888148518, "y": 0.009803460197572965, "zone": null, "min_dist": 1.290196539802427}
{"t": 1784512722.8777726, "x": 2.0855634888148518, "y": 0.009803460197572965, "zone": null, "min_dist": 1.290196539802427}
{"t": 1784512723.0380738, "x": 2.0855634888148518, "y": 0.009803460197572965, "zone": null, "min_dist": 1.290196539802427}
{"t": 1784512723.190029, "x": 2.0855634888148518, "y": 0.009803460197572965, "zone": null, "min_dist": 1.290196539802427}
{"t": 1784512723.350258, "x": 2.0855634888148518, "y": 0.009803460197572965, "zone": null, "min_dist": 1.290196539802427}
{"t": 1784512723.5268626, "x": 2.0855634888148518, "y": 0.009803460197572965, "zone": null, "min_dist": 1.290196539802427}
{"t": 1784512723.6791878, "x": 2.0855634888148518, "y": 0.009803460197572965, "zone": null, "min_dist": 1.290196539802427}
{"t": 1784512723.8395681, "x": 2.0855634888148518, "y": 0.009803460197572965, "zone": null, "min_dist": 1.290196539802427}
{"t": 1784512723.9912386, "x": 2.0855634888148518, "y": 0.009803460197572965, "zone": null, "min_dist": 1.290196539802427}
{"t": 1784512724.1514618, "x": 2.0855634888148518, "y": 0.009803460197572965, "zone": null, "min_dist": 1.290196539802427}
{"t": 1784512724.3115122, "x": 2.0855634888148518, "y": 0.009803460197572965, "zone": null, "min_dist": 1.290196539802427}
{"t": 1784512724.4878392, "x": 2.0855634888148518, "y": 0.009803460197572965, "zone": null, "min_dist": 1.290196539802427}
{"t": 1784512724.6403124, "x": 2.0855634888148518, "y": 0.009803460197572965, "zone": null, "min_dist": 1.290196539802427}
{"t": 1784512724.800528, "x": 2.0855634888148518, "y": 0.009803460197572965, "zone": null, "min_dist": 1.290196539802427}
{"t": 1784512724.9607754, "x": 2.0855634888148518, "y": 0.009803460197572965, "zone": null, "min_dist": 1.290196539802427}
{"t": 1784512725.1132631, "x": 2.0855634888148518, "y": 0.009803460197572965, "zone": null, "min_dist": 1.290196539802427}
{"t": 1784512725.2654269, "x": 2.0855634888148518, "y": 0.009803460197572965, "zone": null, "min_dist": 1.290196539802427}
{"t": 1784512725.4421186, "x": 2.0855634888148518, "y": 0.009803460197572965, "zone": null, "min_dist": 1.290196539802427}
{"t": 1784512725.5938475, "x": 2.0855634888148518, "y": 0.009803460197572965, "zone": null, "min_dist": 1.290196539802427}
{"t": 1784512725.7461164, "x": 2.0855634888148518, "y": 0.009803460197572965, "zone": null, "min_dist": 1.290196539802427}
{"t": 1784512725.90622, "x": 2.0855634888148518, "y": 0.009803460197572965, "zone": null, "min_dist": 1.290196539802427}
{"t": 1784512726.0664356, "x": 2.0855634888148518, "y": 0.009803460197572965, "zone": null, "min_dist": 1.290196539802427}
{"t": 1784512726.226758, "x": 2.0855634888148518, "y": 0.009803460197572965, "zone": null, "min_dist": 1.290196539802427}
{"t": 1784512726.3869975, "x": 2.0855634888148518, "y": 0.009803460197572965, "zone": null, "min_dist": 1.290196539802427}
{"t": 1784512726.5478911, "x": 2.0855634888148518, "y": 0.009803460197572965, "zone": null, "min_dist": 1.290196539802427}
{"t": 1784512726.7078943, "x": 2.0855634888148518, "y": 0.009803460197572965, "zone": null, "min_dist": 1.290196539802427}
{"t": 1784512726.8600004, "x": 2.0855634888148518, "y": 0.009803460197572965, "zone": null, "min_dist": 1.290196539802427}
{"t": 1784512727.020283, "x": 2.0855634888148518, "y": 0.009803460197572965, "zone": null, "min_dist": 1.290196539802427}
{"t": 1784512727.172196, "x": 2.0855634888148518, "y": 0.009803460197572965, "zone": null, "min_dist": 1.290196539802427}
{"t": 1784512727.3243024, "x": 2.0855634888148518, "y": 0.009803460197572965, "zone": null, "min_dist": 1.290196539802427}
{"t": 1784512727.4849687, "x": 2.0855634888148518, "y": 0.009803460197572965, "zone": null, "min_dist": 1.290196539802427}
{"t": 1784512727.6453896, "x": 2.0855634888148518, "y": 0.009803460197572965, "zone": null, "min_dist": 1.290196539802427}
{"t": 1784512727.8050818, "x": 2.0855634888148518, "y": 0.009803460197572965, "zone": null, "min_dist": 1.290196539802427}
{"t": 1784512727.9650185, "x": 2.0855634888148518, "y": 0.009803460197572965, "zone": null, "min_dist": 1.290196539802427}
{"t": 1784512728.1416833, "x": 2.0855634888148518, "y": 0.009803460197572965, "zone": null, "min_dist": 1.290196539802427}
{"t": 1784512728.3177383, "x": 2.0855634888148518, "y": 0.009803460197572965, "zone": null, "min_dist": 1.290196539802427}
{"t": 1784512728.478098, "x": 2.0855634888148518, "y": 0.009803460197572965, "zone": null, "min_dist": 1.290196539802427}
{"t": 1784512728.6305666, "x": 2.0855634888148518, "y": 0.009803460197572965, "zone": null, "min_dist": 1.290196539802427}
{"t": 1784512728.7828145, "x": 2.0855634888148518, "y": 0.009803460197572965, "zone": null, "min_dist": 1.290196539802427}
{"t": 1784512728.959476, "x": 2.0855634888148518, "y": 0.009803460197572965, "zone": null, "min_dist": 1.290196539802427}
{"t": 1784512729.111279, "x": 2.0855634888148518, "y": 0.009803460197572965, "zone": null, "min_dist": 1.290196539802427}
{"t": 1784512729.2638667, "x": 2.0855634888148518, "y": 0.009803460197572965, "zone": null, "min_dist": 1.290196539802427}
{"t": 1784512729.4241743, "x": 2.0855634888148518, "y": 0.009803460197572965, "zone": null, "min_dist": 1.290196539802427}
{"t": 1784512729.5843942, "x": 2.0855634888148518, "y": 0.009803460197572965, "zone": null, "min_dist": 1.290196539802427}
{"t": 1784512729.7363796, "x": 2.0855634888148518, "y": 0.009803460197572965, "zone": null, "min_dist": 1.290196539802427}
{"t": 1784512729.8883824, "x": 2.0855634888148518, "y": 0.009803460197572965, "zone": null, "min_dist": 1.290196539802427}
{"t": 1784512730.0489206, "x": 2.0855634888148518, "y": 0.009803460197572965, "zone": null, "min_dist": 1.290196539802427}
{"t": 1784512730.2090392, "x": 2.0855634888148518, "y": 0.009803460197572965, "zone": null, "min_dist": 1.290196539802427}
{"t": 1784512730.361157, "x": 2.0855634888148518, "y": 0.009803460197572965, "zone": null, "min_dist": 1.290196539802427}
{"t": 1784512730.5132725, "x": 2.0855634888148518, "y": 0.009803460197572965, "zone": null, "min_dist": 1.290196539802427}
{"t": 1784512730.6738153, "x": 2.0855634888148518, "y": 0.009803460197572965, "zone": null, "min_dist": 1.290196539802427}
{"t": 1784512730.834148, "x": 2.0855634888148518, "y": 0.009803460197572965, "zone": null, "min_dist": 1.290196539802427}
{"t": 1784512730.9865208, "x": 2.0855634888148518, "y": 0.009803460197572965, "zone": null, "min_dist": 1.290196539802427}
{"t": 1784512731.138287, "x": 2.0855634888148518, "y": 0.009803460197572965, "zone": null, "min_dist": 1.290196539802427}
{"t": 1784512731.2903905, "x": 2.0855634888148518, "y": 0.009803460197572965, "zone": null, "min_dist": 1.290196539802427}
{"t": 1784512731.5582695, "x": 2.0855634888148518, "y": 0.009803460197572965, "zone": null, "min_dist": 1.290196539802427}
{"t": 1784512731.7153072, "x": 2.0855634888148518, "y": 0.009803460197572965, "zone": null, "min_dist": 1.290196539802427}
{"t": 1784512731.8672802, "x": 2.0855634888148518, "y": 0.009803460197572965, "zone": null, "min_dist": 1.290196539802427}
{"t": 1784512732.043579, "x": 2.0855634888148518, "y": 0.009803460197572965, "zone": null, "min_dist": 1.290196539802427}
{"t": 1784512732.196206, "x": 2.0855634888148518, "y": 0.009803460197572965, "zone": null, "min_dist": 1.290196539802427}
{"t": 1784512732.3562622, "x": 2.0855634888148518, "y": 0.009803460197572965, "zone": null, "min_dist": 1.290196539802427}
{"t": 1784512732.5328696, "x": 2.0855634888148518, "y": 0.009803460197572965, "zone": null, "min_dist": 1.290196539802427}
{"t": 1784512732.6929822, "x": 2.0855634888148518, "y": 0.009803460197572965, "zone": null, "min_dist": 1.290196539802427}
{"t": 1784512732.8534522, "x": 2.0855634888148518, "y": 0.009803460197572965, "zone": null, "min_dist": 1.290196539802427}
{"t": 1784512733.0134768, "x": 2.0855634888148518, "y": 0.009803460197572965, "zone": null, "min_dist": 1.290196539802427}
{"t": 1784512733.1657543, "x": 2.0855634888148518, "y": 0.009803460197572965, "zone": null, "min_dist": 1.290196539802427}
{"t": 1784512733.3263195, "x": 2.0855634888148518, "y": 0.009803460197572965, "zone": null, "min_dist": 1.290196539802427}
{"t": 1784512733.4861813, "x": 2.0855634888148518, "y": 0.009803460197572965, "zone": null, "min_dist": 1.290196539802427}
{"t": 1784512733.646622, "x": 2.0855634888148518, "y": 0.009803460197572965, "zone": null, "min_dist": 1.290196539802427}
{"t": 1784512733.806922, "x": 2.0855634888148518, "y": 0.009803460197572965, "zone": null, "min_dist": 1.290196539802427}
{"t": 1784512733.9672043, "x": 2.0855634888148518, "y": 0.009803460197572965, "zone": null, "min_dist": 1.290196539802427}
{"t": 1784512734.119154, "x": 2.0855634888148518, "y": 0.009803460197572965, "zone": null, "min_dist": 1.290196539802427}
{"t": 1784512734.271199, "x": 2.0855634888148518, "y": 0.009803460197572965, "zone": null, "min_dist": 1.290196539802427}
{"t": 1784512734.4473948, "x": 2.0855634888148518, "y": 0.009803460197572965, "zone": null, "min_dist": 1.290196539802427}
{"t": 1784512734.6076117, "x": 2.0855634888148518, "y": 0.009803460197572965, "zone": null, "min_dist": 1.290196539802427}
{"t": 1784512734.7682989, "x": 2.0855634888148518, "y": 0.009803460197572965, "zone": null, "min_dist": 1.290196539802427}
{"t": 1784512734.920783, "x": 2.0855634888148518, "y": 0.009803460197572965, "zone": null, "min_dist": 1.290196539802427}
{"t": 1784512735.0730536, "x": 2.0855634888148518, "y": 0.009803460197572965, "zone": null, "min_dist": 1.290196539802427}
{"t": 1784512735.2334645, "x": 2.0855634888148518, "y": 0.009803460197572965, "zone": null, "min_dist": 1.290196539802427}
{"t": 1784512735.393725, "x": 2.0855634888148518, "y": 0.009803460197572965, "zone": null, "min_dist": 1.290196539802427}
{"t": 1784512735.54592, "x": 2.0855634888148518, "y": 0.009803460197572965, "zone": null, "min_dist": 1.290196539802427}
{"t": 1784512735.698271, "x": 2.0855634888148518, "y": 0.009803460197572965, "zone": null, "min_dist": 1.290196539802427}
{"t": 1784512735.8746207, "x": 2.0855634888148518, "y": 0.009803460197572965, "zone": null, "min_dist": 1.290196539802427}
{"t": 1784512736.0345385, "x": 2.0855634888148518, "y": 0.009803460197572965, "zone": null, "min_dist": 1.290196539802427}
{"t": 1784512736.1948595, "x": 2.0855634888148518, "y": 0.009803460197572965, "zone": null, "min_dist": 1.290196539802427}
{"t": 1784512736.3550155, "x": 2.0855634888148518, "y": 0.009803460197572965, "zone": null, "min_dist": 1.290196539802427}
{"t": 1784512736.5074124, "x": 2.0855634888148518, "y": 0.009803460197572965, "zone": null, "min_dist": 1.290196539802427}
{"t": 1784512736.6675785, "x": 2.0855634888148518, "y": 0.009803460197572965, "zone": null, "min_dist": 1.290196539802427}
{"t": 1784512736.827761, "x": 2.0855634888148518, "y": 0.009803460197572965, "zone": null, "min_dist": 1.290196539802427}
{"t": 1784512736.988232, "x": 2.0855634888148518, "y": 0.009803460197572965, "zone": null, "min_dist": 1.290196539802427}
{"t": 1784512737.1485236, "x": 2.0855634888148518, "y": 0.009803460197572965, "zone": null, "min_dist": 1.290196539802427}
{"t": 1784512737.30861, "x": 2.0855634888148518, "y": 0.009803460197572965, "zone": null, "min_dist": 1.290196539802427}
{"t": 1784512737.5604033, "x": 2.0855634888148518, "y": 0.009803460197572965, "zone": null, "min_dist": 1.290196539802427}
{"t": 1784512737.7172499, "x": 2.0855634888148518, "y": 0.009803460197572965, "zone": null, "min_dist": 1.290196539802427}
{"t": 1784512737.869366, "x": 2.0855634888148518, "y": 0.009803460197572965, "zone": null, "min_dist": 1.290196539802427}
{"t": 1784512738.021917, "x": 2.0855634888148518, "y": 0.009803460197572965, "zone": null, "min_dist": 1.290196539802427}
{"t": 1784512738.1821003, "x": 2.0855634888148518, "y": 0.009803460197572965, "zone": null, "min_dist": 1.290196539802427}
{"t": 1784512738.3346014, "x": 2.0855634888148518, "y": 0.009803460197572965, "zone": null, "min_dist": 1.290196539802427}
{"t": 1784512738.5108848, "x": 2.0855634888148518, "y": 0.009803460197572965, "zone": null, "min_dist": 1.290196539802427}
{"t": 1784512738.662769, "x": 2.0855634888148518, "y": 0.009803460197572965, "zone": null, "min_dist": 1.290196539802427}
{"t": 1784512738.8155982, "x": 2.0855634888148518, "y": 0.009803460197572965, "zone": null, "min_dist": 1.290196539802427}
{"t": 1784512738.975626, "x": 2.0855634888148518, "y": 0.009803460197572965, "zone": null, "min_dist": 1.290196539802427}
{"t": 1784512739.152082, "x": 2.0855634888148518, "y": 0.009803460197572965, "zone": null, "min_dist": 1.290196539802427}
{"t": 1784512739.3119628, "x": 2.0855634888148518, "y": 0.009803460197572965, "zone": null, "min_dist": 1.290196539802427}
{"t": 1784512739.472326, "x": 2.0855634888148518, "y": 0.009803460197572965, "zone": null, "min_dist": 1.290196539802427}
{"t": 1784512739.6323507, "x": 2.0855634888148518, "y": 0.009803460197572965, "zone": null, "min_dist": 1.290196539802427}
{"t": 1784512739.792891, "x": 2.0855634888148518, "y": 0.009803460197572965, "zone": null, "min_dist": 1.290196539802427}
{"t": 1784512739.9452033, "x": 2.0855634888148518, "y": 0.009803460197572965, "zone": null, "min_dist": 1.290196539802427}
{"t": 1784512740.1053693, "x": 2.0855634888148518, "y": 0.009803460197572965, "zone": null, "min_dist": 1.290196539802427}
{"t": 1784512740.2658532, "x": 2.0855634888148518, "y": 0.009803460197572965, "zone": null, "min_dist": 1.290196539802427}
{"t": 1784512740.4179513, "x": 2.0855634888148518, "y": 0.009803460197572965, "zone": null, "min_dist": 1.290196539802427}
{"t": 1784512740.5702438, "x": 2.0855634888148518, "y": 0.009803460197572965, "zone": null, "min_dist": 1.290196539802427}
{"t": 1784512740.74614, "x": 2.0855634888148518, "y": 0.009803460197572965, "zone": null, "min_dist": 1.290196539802427}
{"t": 1784512740.8985817, "x": 2.0855634888148518, "y": 0.009803460197572965, "zone": null, "min_dist": 1.290196539802427}
{"t": 1784512741.058859, "x": 2.0855634888148518, "y": 0.009803460197572965, "zone": null, "min_dist": 1.290196539802427}
{"t": 1784512741.2191827, "x": 2.0855634888148518, "y": 0.009803460197572965, "zone": null, "min_dist": 1.290196539802427}
{"t": 1784512741.3793154, "x": 2.0855634888148518, "y": 0.009803460197572965, "zone": null, "min_dist": 1.290196539802427}
{"t": 1784512741.539558, "x": 2.0855634888148518, "y": 0.009803460197572965, "zone": null, "min_dist": 1.290196539802427}
{"t": 1784512741.6999035, "x": 2.0855634888148518, "y": 0.009803460197572965, "zone": null, "min_dist": 1.290196539802427}
{"t": 1784512741.8527248, "x": 2.0855634888148518, "y": 0.009803460197572965, "zone": null, "min_dist": 1.290196539802427}
{"t": 1784512742.0126152, "x": 2.0855634888148518, "y": 0.009803460197572965, "zone": null, "min_dist": 1.290196539802427}
{"t": 1784512742.1726315, "x": 2.0855634888148518, "y": 0.009803460197572965, "zone": null, "min_dist": 1.290196539802427}
{"t": 1784512742.3250139, "x": 2.0855634888148518, "y": 0.009803460197572965, "zone": null, "min_dist": 1.290196539802427}
{"t": 1784512742.4772365, "x": 2.0855634888148518, "y": 0.009803460197572965, "zone": null, "min_dist": 1.290196539802427}
{"t": 1784512742.629451, "x": 2.0855634888148518, "y": 0.009803460197572965, "zone": null, "min_dist": 1.290196539802427}
{"t": 1784512742.8057437, "x": 2.0855634888148518, "y": 0.009803460197572965, "zone": null, "min_dist": 1.290196539802427}
{"t": 1784512742.9585118, "x": 2.0855634888148518, "y": 0.009803460197572965, "zone": null, "min_dist": 1.290196539802427}
{"t": 1784512743.1183195, "x": 2.0855634888148518, "y": 0.009803460197572965, "zone": null, "min_dist": 1.290196539802427}
{"t": 1784512743.2944586, "x": 2.0855634888148518, "y": 0.009803460197572965, "zone": null, "min_dist": 1.290196539802427}
{"t": 1784512743.447034, "x": 2.0855634888148518, "y": 0.009803460197572965, "zone": null, "min_dist": 1.290196539802427}
{"t": 1784512743.6073866, "x": 2.0855634888148518, "y": 0.009803460197572965, "zone": null, "min_dist": 1.290196539802427}
{"t": 1784512743.7596762, "x": 2.0855634888148518, "y": 0.009803460197572965, "zone": null, "min_dist": 1.290196539802427}
{"t": 1784512743.919787, "x": 2.0855634888148518, "y": 0.009803460197572965, "zone": null, "min_dist": 1.290196539802427}
{"t": 1784512744.0800486, "x": 2.0855634888148518, "y": 0.009803460197572965, "zone": null, "min_dist": 1.290196539802427}
{"t": 1784512744.240544, "x": 2.0855634888148518, "y": 0.009803460197572965, "zone": null, "min_dist": 1.290196539802427}
{"t": 1784512744.4004378, "x": 2.0855634888148518, "y": 0.009803460197572965, "zone": null, "min_dist": 1.290196539802427}
{"t": 1784512744.5526962, "x": 2.0855634888148518, "y": 0.009803460197572965, "zone": null, "min_dist": 1.290196539802427}
{"t": 1784512744.7133605, "x": 2.0855634888148518, "y": 0.009803460197572965, "zone": null, "min_dist": 1.290196539802427}
{"t": 1784512744.8651447, "x": 2.0855634888148518, "y": 0.009803460197572965, "zone": null, "min_dist": 1.290196539802427}
{"t": 1784512745.0178168, "x": 2.0855634888148518, "y": 0.009803460197572965, "zone": null, "min_dist": 1.290196539802427}
{"t": 1784512745.194087, "x": 2.0855634888148518, "y": 0.009803460197572965, "zone": null, "min_dist": 1.290196539802427}
{"t": 1784512745.354249, "x": 2.0855634888148518, "y": 0.009803460197572965, "zone": null, "min_dist": 1.290196539802427}
{"t": 1784512745.5148456, "x": 2.0855634888148518, "y": 0.009803460197572965, "zone": null, "min_dist": 1.290196539802427}
{"t": 1784512745.6751091, "x": 2.0855634888148518, "y": 0.009803460197572965, "zone": null, "min_dist": 1.290196539802427}
{"t": 1784512745.8273983, "x": 2.0855634888148518, "y": 0.009803460197572965, "zone": null, "min_dist": 1.290196539802427}
{"t": 1784512745.9874523, "x": 2.0855634888148518, "y": 0.009803460197572965, "zone": null, "min_dist": 1.290196539802427}
{"t": 1784512746.139667, "x": 2.0855634888148518, "y": 0.009803460197572965, "zone": null, "min_dist": 1.290196539802427}
{"t": 1784512746.3160694, "x": 2.0855634888148518, "y": 0.009803460197572965, "zone": null, "min_dist": 1.290196539802427}
{"t": 1784512746.4762988, "x": 2.0855634888148518, "y": 0.009803460197572965, "zone": null, "min_dist": 1.290196539802427}
{"t": 1784512746.6365972, "x": 2.0855634888148518, "y": 0.009803460197572965, "zone": null, "min_dist": 1.290196539802427}
{"t": 1784512746.797058, "x": 2.0855634888148518, "y": 0.009803460197572965, "zone": null, "min_dist": 1.290196539802427}
{"t": 1784512746.9572217, "x": 2.0855634888148518, "y": 0.009803460197572965, "zone": null, "min_dist": 1.290196539802427}
{"t": 1784512747.1096292, "x": 2.0855634888148518, "y": 0.009803460197572965, "zone": null, "min_dist": 1.290196539802427}
{"t": 1784512747.2619736, "x": 2.0855634888148518, "y": 0.009803460197572965, "zone": null, "min_dist": 1.290196539802427}
{"t": 1784512747.4221704, "x": 2.0855634888148518, "y": 0.009803460197572965, "zone": null, "min_dist": 1.290196539802427}
{"t": 1784512747.5827558, "x": 2.0855634888148518, "y": 0.009803460197572965, "zone": null, "min_dist": 1.290196539802427}
{"t": 1784512747.7422233, "x": 2.0855634888148518, "y": 0.009803460197572965, "zone": null, "min_dist": 1.290196539802427}
{"t": 1784512747.90265, "x": 2.0855634888148518, "y": 0.009803460197572965, "zone": null, "min_dist": 1.290196539802427}
{"t": 1784512748.0550249, "x": 2.0855634888148518, "y": 0.009803460197572965, "zone": null, "min_dist": 1.290196539802427}
{"t": 1784512748.2074904, "x": 2.0855634888148518, "y": 0.009803460197572965, "zone": null, "min_dist": 1.290196539802427}
{"t": 1784512748.3674948, "x": 2.0855634888148518, "y": 0.009803460197572965, "zone": null, "min_dist": 1.290196539802427}
{"t": 1784512748.5197234, "x": 2.0855634888148518, "y": 0.009803460197572965, "zone": null, "min_dist": 1.290196539802427}
{"t": 1784512748.6720052, "x": 2.0855634888148518, "y": 0.009803460197572965, "zone": null, "min_dist": 1.290196539802427}
{"t": 1784512748.8242738, "x": 2.0855634888148518, "y": 0.009803460197572965, "zone": null, "min_dist": 1.290196539802427}
{"t": 1784512748.9847744, "x": 2.0855634888148518, "y": 0.009803460197572965, "zone": null, "min_dist": 1.290196539802427}
{"t": 1784512749.1372716, "x": 2.0855634888148518, "y": 0.009803460197572965, "zone": null, "min_dist": 1.290196539802427}
{"t": 1784512749.297147, "x": 2.0855634888148518, "y": 0.009803460197572965, "zone": null, "min_dist": 1.290196539802427}
{"t": 1784512749.4571886, "x": 2.0855634888148518, "y": 0.009803460197572965, "zone": null, "min_dist": 1.290196539802427}
{"t": 1784512749.617467, "x": 2.0855634888148518, "y": 0.009803460197572965, "zone": null, "min_dist": 1.290196539802427}
{"t": 1784512749.7772844, "x": 2.0855634888148518, "y": 0.009803460197572965, "zone": null, "min_dist": 1.290196539802427}
{"t": 1784512749.9295666, "x": 2.0855634888148518, "y": 0.009803460197572965, "zone": null, "min_dist": 1.290196539802427}
{"t": 1784512750.08996, "x": 2.0855634888148518, "y": 0.009803460197572965, "zone": null, "min_dist": 1.290196539802427}
{"t": 1784512750.242296, "x": 2.0855634888148518, "y": 0.009803460197572965, "zone": null, "min_dist": 1.290196539802427}
{"t": 1784512750.4025939, "x": 2.0855634888148518, "y": 0.009803460197572965, "zone": null, "min_dist": 1.290196539802427}
{"t": 1784512750.5789518, "x": 2.0855634888148518, "y": 0.009803460197572965, "zone": null, "min_dist": 1.290196539802427}
{"t": 1784512750.7393615, "x": 2.0855634888148518, "y": 0.009803460197572965, "zone": null, "min_dist": 1.290196539802427}
{"t": 1784512750.8996444, "x": 2.0855634888148518, "y": 0.009803460197572965, "zone": null, "min_dist": 1.290196539802427}
{"t": 1784512751.0516338, "x": 2.0855634888148518, "y": 0.009803460197572965, "zone": null, "min_dist": 1.290196539802427}
{"t": 1784512751.204068, "x": 2.0855634888148518, "y": 0.009803460197572965, "zone": null, "min_dist": 1.290196539802427}
{"t": 1784512751.356109, "x": 2.0855634888148518, "y": 0.009803460197572965, "zone": null, "min_dist": 1.290196539802427}
{"t": 1784512751.532557, "x": 2.0855634888148518, "y": 0.009803460197572965, "zone": null, "min_dist": 1.290196539802427}
{"t": 1784512751.7093403, "x": 2.0855634888148518, "y": 0.009803460197572965, "zone": null, "min_dist": 1.290196539802427}
{"t": 1784512751.861112, "x": 2.0855634888148518, "y": 0.009803460197572965, "zone": null, "min_dist": 1.290196539802427}
{"t": 1784512752.0214047, "x": 2.0855634888148518, "y": 0.009803460197572965, "zone": null, "min_dist": 1.290196539802427}
{"t": 1784512752.1740313, "x": 2.0855634888148518, "y": 0.009803460197572965, "zone": null, "min_dist": 1.290196539802427}
{"t": 1784512752.3260624, "x": 2.0855634888148518, "y": 0.009803460197572965, "zone": null, "min_dist": 1.290196539802427}
{"t": 1784512752.478545, "x": 2.0855634888148518, "y": 0.009803460197572965, "zone": null, "min_dist": 1.290196539802427}
{"t": 1784512752.6545343, "x": 2.0855634888148518, "y": 0.009803460197572965, "zone": null, "min_dist": 1.290196539802427}
{"t": 1784512752.814465, "x": 2.0855634888148518, "y": 0.009803460197572965, "zone": null, "min_dist": 1.290196539802427}
{"t": 1784512752.9665997, "x": 2.0855634888148518, "y": 0.009803460197572965, "zone": null, "min_dist": 1.290196539802427}
{"t": 1784512753.1188555, "x": 2.0855634888148518, "y": 0.009803460197572965, "zone": null, "min_dist": 1.290196539802427}
{"t": 1784512753.271306, "x": 2.0855634888148518, "y": 0.009803460197572965, "zone": null, "min_dist": 1.290196539802427}
{"t": 1784512753.4236963, "x": 2.0855634888148518, "y": 0.009803460197572965, "zone": null, "min_dist": 1.290196539802427}
{"t": 1784512753.5754228, "x": 2.0855634888148518, "y": 0.009803460197572965, "zone": null, "min_dist": 1.290196539802427}
{"t": 1784512753.7358155, "x": 2.0855634888148518, "y": 0.009803460197572965, "zone": null, "min_dist": 1.290196539802427}
{"t": 1784512753.8966303, "x": 2.0855634888148518, "y": 0.009803460197572965, "zone": null, "min_dist": 1.290196539802427}
{"t": 1784512754.0565374, "x": 2.0855634888148518, "y": 0.009803460197572965, "zone": null, "min_dist": 1.290196539802427}
{"t": 1784512754.2328167, "x": 2.0855634888148518, "y": 0.009803460197572965, "zone": null, "min_dist": 1.290196539802427}
{"t": 1784512754.393254, "x": 2.0855634888148518, "y": 0.009803460197572965, "zone": null, "min_dist": 1.290196539802427}
{"t": 1784512754.545439, "x": 2.0855634888148518, "y": 0.009803460197572965, "zone": null, "min_dist": 1.290196539802427}
{"t": 1784512754.705612, "x": 2.0855634888148518, "y": 0.009803460197572965, "zone": null, "min_dist": 1.290196539802427}
{"t": 1784512754.8582048, "x": 2.0855634888148518, "y": 0.009803460197572965, "zone": null, "min_dist": 1.290196539802427}
{"t": 1784512755.0184088, "x": 2.0855634888148518, "y": 0.009803460197572965, "zone": null, "min_dist": 1.290196539802427}
{"t": 1784512755.1786416, "x": 2.0855634888148518, "y": 0.009803460197572965, "zone": null, "min_dist": 1.290196539802427}
{"t": 1784512755.3309004, "x": 2.0855634888148518, "y": 0.009803460197572965, "zone": null, "min_dist": 1.290196539802427}
{"t": 1784512755.4831116, "x": 2.0855634888148518, "y": 0.009803460197572965, "zone": null, "min_dist": 1.290196539802427}
{"t": 1784512755.6353257, "x": 2.0855634888148518, "y": 0.009803460197572965, "zone": null, "min_dist": 1.290196539802427}
{"t": 1784512755.7956245, "x": 2.0855634888148518, "y": 0.009803460197572965, "zone": null, "min_dist": 1.290196539802427}
{"t": 1784512755.9559634, "x": 2.0855634888148518, "y": 0.009803460197572965, "zone": null, "min_dist": 1.290196539802427}
{"t": 1784512756.1154013, "x": 2.0855634888148518, "y": 0.009803460197572965, "zone": null, "min_dist": 1.290196539802427}
{"t": 1784512756.292527, "x": 2.0855634888148518, "y": 0.009803460197572965, "zone": null, "min_dist": 1.290196539802427}
{"t": 1784512756.4522557, "x": 2.0855634888148518, "y": 0.009803460197572965, "zone": null, "min_dist": 1.290196539802427}
{"t": 1784512756.6127315, "x": 2.0855634888148518, "y": 0.009803460197572965, "zone": null, "min_dist": 1.290196539802427}
{"t": 1784512756.7652597, "x": 2.0855634888148518, "y": 0.009803460197572965, "zone": null, "min_dist": 1.290196539802427}
{"t": 1784512756.9251575, "x": 2.0855634888148518, "y": 0.009803460197572965, "zone": null, "min_dist": 1.290196539802427}
{"t": 1784512757.0777295, "x": 2.0855634888148518, "y": 0.009803460197572965, "zone": null, "min_dist": 1.290196539802427}
{"t": 1784512757.2301385, "x": 2.0855634888148518, "y": 0.009803460197572965, "zone": null, "min_dist": 1.290196539802427}
{"t": 1784512757.3823152, "x": 2.0855634888148518, "y": 0.009803460197572965, "zone": null, "min_dist": 1.290196539802427}
{"t": 1784512757.5423243, "x": 2.0855634888148518, "y": 0.009803460197572965, "zone": null, "min_dist": 1.290196539802427}
{"t": 1784512757.6946833, "x": 2.0855634888148518, "y": 0.009803460197572965, "zone": null, "min_dist": 1.290196539802427}
{"t": 1784512757.8549292, "x": 2.0855634888148518, "y": 0.009803460197572965, "zone": null, "min_dist": 1.290196539802427}
{"t": 1784512758.0151894, "x": 2.0855634888148518, "y": 0.009803460197572965, "zone": null, "min_dist": 1.290196539802427}
{"t": 1784512758.1751366, "x": 2.0855634888148518, "y": 0.009803460197572965, "zone": null, "min_dist": 1.290196539802427}
{"t": 1784512758.327399, "x": 2.0855634888148518, "y": 0.009803460197572965, "zone": null, "min_dist": 1.290196539802427}
{"t": 1784512758.4797742, "x": 2.0855634888148518, "y": 0.009803460197572965, "zone": null, "min_dist": 1.290196539802427}
{"t": 1784512758.640069, "x": 2.0855634888148518, "y": 0.009803460197572965, "zone": null, "min_dist": 1.290196539802427}
{"t": 1784512758.8162317, "x": 2.0855634888148518, "y": 0.009803460197572965, "zone": null, "min_dist": 1.290196539802427}
{"t": 1784512758.9927857, "x": 2.0855634888148518, "y": 0.009803460197572965, "zone": null, "min_dist": 1.290196539802427}
{"t": 1784512759.1525297, "x": 2.0855634888148518, "y": 0.009803460197572965, "zone": null, "min_dist": 1.290196539802427}
{"t": 1784512759.3128183, "x": 2.0855634888148518, "y": 0.009803460197572965, "zone": null, "min_dist": 1.290196539802427}
{"t": 1784512759.4652328, "x": 2.0855634888148518, "y": 0.009803460197572965, "zone": null, "min_dist": 1.290196539802427}
{"t": 1784512759.6252134, "x": 2.0855634888148518, "y": 0.009803460197572965, "zone": null, "min_dist": 1.290196539802427}
{"t": 1784512759.7854319, "x": 2.0855634888148518, "y": 0.009803460197572965, "zone": null, "min_dist": 1.290196539802427}
{"t": 1784512759.9384222, "x": 2.0855634888148518, "y": 0.009803460197572965, "zone": null, "min_dist": 1.290196539802427}
{"t": 1784512760.09054, "x": 2.0855634888148518, "y": 0.009803460197572965, "zone": null, "min_dist": 1.290196539802427}
{"t": 1784512760.2425592, "x": 2.0855634888148518, "y": 0.009803460197572965, "zone": null, "min_dist": 1.290196539802427}
{"t": 1784512760.4033644, "x": 2.0855634888148518, "y": 0.009803460197572965, "zone": null, "min_dist": 1.290196539802427}
{"t": 1784512760.5633488, "x": 2.0855634888148518, "y": 0.009803460197572965, "zone": null, "min_dist": 1.290196539802427}
{"t": 1784512760.7234414, "x": 2.0855634888148518, "y": 0.009803460197572965, "zone": null, "min_dist": 1.290196539802427}
{"t": 1784512760.883953, "x": 2.0855634888148518, "y": 0.009803460197572965, "zone": null, "min_dist": 1.290196539802427}
{"t": 1784512761.044258, "x": 2.0855634888148518, "y": 0.009803460197572965, "zone": null, "min_dist": 1.290196539802427}
{"t": 1784512761.1966324, "x": 2.0855634888148518, "y": 0.009803460197572965, "zone": null, "min_dist": 1.290196539802427}
{"t": 1784512761.3728788, "x": 2.0855634888148518, "y": 0.009803460197572965, "zone": null, "min_dist": 1.290196539802427}
{"t": 1784512761.5495484, "x": 2.0855634888148518, "y": 0.009803460197572965, "zone": null, "min_dist": 1.290196539802427}
{"t": 1784512761.709456, "x": 2.0855634888148518, "y": 0.009803460197572965, "zone": null, "min_dist": 1.290196539802427}
{"t": 1784512761.8697722, "x": 2.0855634888148518, "y": 0.009803460197572965, "zone": null, "min_dist": 1.290196539802427}
{"t": 1784512762.0297954, "x": 2.0855634888148518, "y": 0.009803460197572965, "zone": null, "min_dist": 1.290196539802427}
{"t": 1784512762.206244, "x": 2.0855634888148518, "y": 0.009803460197572965, "zone": null, "min_dist": 1.290196539802427}
{"t": 1784512762.3582487, "x": 2.0855634888148518, "y": 0.009803460197572965, "zone": null, "min_dist": 1.290196539802427}
{"t": 1784512762.5104578, "x": 2.0855634888148518, "y": 0.009803460197572965, "zone": null, "min_dist": 1.290196539802427}
{"t": 1784512762.6878514, "x": 2.0855634888148518, "y": 0.009803460197572965, "zone": null, "min_dist": 1.290196539802427}
{"t": 1784512762.8393006, "x": 2.0855634888148518, "y": 0.009803460197572965, "zone": null, "min_dist": 1.290196539802427}
{"t": 1784512762.9916701, "x": 2.0855634888148518, "y": 0.009803460197572965, "zone": null, "min_dist": 1.290196539802427}
{"t": 1784512763.1437268, "x": 2.0855634888148518, "y": 0.009803460197572965, "zone": null, "min_dist": 1.290196539802427}
{"t": 1784512763.3040366, "x": 2.0855634888148518, "y": 0.009803460197572965, "zone": null, "min_dist": 1.290196539802427}
{"t": 1784512763.4563684, "x": 2.0855634888148518, "y": 0.009803460197572965, "zone": null, "min_dist": 1.290196539802427}
{"t": 1784512763.6087427, "x": 2.0855634888148518, "y": 0.009803460197572965, "zone": null, "min_dist": 1.290196539802427}
{"t": 1784512763.7689266, "x": 2.0855634888148518, "y": 0.009803460197572965, "zone": null, "min_dist": 1.290196539802427}
{"t": 1784512763.9209144, "x": 2.0855634888148518, "y": 0.009803460197572965, "zone": null, "min_dist": 1.290196539802427}
{"t": 1784512764.0811768, "x": 2.0855634888148518, "y": 0.009803460197572965, "zone": null, "min_dist": 1.290196539802427}
{"t": 1784512764.2334754, "x": 2.0855634888148518, "y": 0.009803460197572965, "zone": null, "min_dist": 1.290196539802427}
{"t": 1784512764.3857133, "x": 2.0855634888148518, "y": 0.009803460197572965, "zone": null, "min_dist": 1.290196539802427}
{"t": 1784512764.5381484, "x": 2.0855634888148518, "y": 0.009803460197572965, "zone": null, "min_dist": 1.290196539802427}
{"t": 1784512764.690457, "x": 2.0855634888148518, "y": 0.009803460197572965, "zone": null, "min_dist": 1.290196539802427}
{"t": 1784512764.842445, "x": 2.0855634888148518, "y": 0.009803460197572965, "zone": null, "min_dist": 1.290196539802427}
{"t": 1784512765.0026588, "x": 2.0855634888148518, "y": 0.009803460197572965, "zone": null, "min_dist": 1.290196539802427}
{"t": 1784512765.154954, "x": 2.0855634888148518, "y": 0.009803460197572965, "zone": null, "min_dist": 1.290196539802427}
{"t": 1784512765.3156419, "x": 2.0855634888148518, "y": 0.009803460197572965, "zone": null, "min_dist": 1.290196539802427}
{"t": 1784512765.4676967, "x": 2.0855634888148518, "y": 0.009803460197572965, "zone": null, "min_dist": 1.290196539802427}
{"t": 1784512765.619961, "x": 2.0855634888148518, "y": 0.009803460197572965, "zone": null, "min_dist": 1.290196539802427}
{"t": 1784512765.7804465, "x": 2.0855634888148518, "y": 0.009803460197572965, "zone": null, "min_dist": 1.290196539802427}
{"t": 1784512765.9402857, "x": 2.0855634888148518, "y": 0.009803460197572965, "zone": null, "min_dist": 1.290196539802427}
{"t": 1784512766.09258, "x": 2.0855634888148518, "y": 0.009803460197572965, "zone": null, "min_dist": 1.290196539802427}
{"t": 1784512766.2530441, "x": 2.0855634888148518, "y": 0.009803460197572965, "zone": null, "min_dist": 1.290196539802427}
{"t": 1784512766.4291139, "x": 2.0855634888148518, "y": 0.009803460197572965, "zone": null, "min_dist": 1.290196539802427}
{"t": 1784512766.581388, "x": 2.0855634888148518, "y": 0.009803460197572965, "zone": null, "min_dist": 1.290196539802427}
{"t": 1784512766.7417107, "x": 2.0855634888148518, "y": 0.009803460197572965, "zone": null, "min_dist": 1.290196539802427}
{"t": 1784512766.8940635, "x": 2.0855634888148518, "y": 0.009803460197572965, "zone": null, "min_dist": 1.290196539802427}
{"t": 1784512767.0541553, "x": 2.0855634888148518, "y": 0.009803460197572965, "zone": null, "min_dist": 1.290196539802427}
{"t": 1784512767.2145433, "x": 2.0855634888148518, "y": 0.009803460197572965, "zone": null, "min_dist": 1.290196539802427}
{"t": 1784512767.366511, "x": 2.0855634888148518, "y": 0.009803460197572965, "zone": null, "min_dist": 1.290196539802427}
{"t": 1784512767.5268097, "x": 2.0855634888148518, "y": 0.009803460197572965, "zone": null, "min_dist": 1.290196539802427}
{"t": 1784512767.6794116, "x": 2.0855634888148518, "y": 0.009803460197572965, "zone": null, "min_dist": 1.290196539802427}
{"t": 1784512767.8396058, "x": 2.0855634888148518, "y": 0.009803460197572965, "zone": null, "min_dist": 1.290196539802427}
{"t": 1784512768.0160432, "x": 2.0855634888148518, "y": 0.009803460197572965, "zone": null, "min_dist": 1.290196539802427}
{"t": 1784512768.1762218, "x": 2.0855634888148518, "y": 0.009803460197572965, "zone": null, "min_dist": 1.290196539802427}
{"t": 1784512768.3365397, "x": 2.0855634888148518, "y": 0.009803460197572965, "zone": null, "min_dist": 1.290196539802427}
{"t": 1784512768.4965258, "x": 2.0855634888148518, "y": 0.009803460197572965, "zone": null, "min_dist": 1.290196539802427}
{"t": 1784512768.65732, "x": 2.0855634888148518, "y": 0.009803460197572965, "zone": null, "min_dist": 1.290196539802427}
{"t": 1784512768.8175943, "x": 2.0855634888148518, "y": 0.009803460197572965, "zone": null, "min_dist": 1.290196539802427}
{"t": 1784512768.993646, "x": 2.0855634888148518, "y": 0.009803460197572965, "zone": null, "min_dist": 1.290196539802427}
{"t": 1784512769.145809, "x": 2.0855634888148518, "y": 0.009803460197572965, "zone": null, "min_dist": 1.290196539802427}
{"t": 1784512769.298061, "x": 2.0855634888148518, "y": 0.009803460197572965, "zone": null, "min_dist": 1.290196539802427}
{"t": 1784512769.4502707, "x": 2.0855634888148518, "y": 0.009803460197572965, "zone": null, "min_dist": 1.290196539802427}
{"t": 1784512769.6026676, "x": 2.0855634888148518, "y": 0.009803460197572965, "zone": null, "min_dist": 1.290196539802427}
{"t": 1784512769.7543876, "x": 2.0855634888148518, "y": 0.009803460197572965, "zone": null, "min_dist": 1.290196539802427}
{"t": 1784512769.9307406, "x": 2.0855634888148518, "y": 0.009803460197572965, "zone": null, "min_dist": 1.290196539802427}
{"t": 1784512770.0832279, "x": 2.0855634888148518, "y": 0.009803460197572965, "zone": null, "min_dist": 1.290196539802427}
{"t": 1784512770.2352343, "x": 2.0855634888148518, "y": 0.009803460197572965, "zone": null, "min_dist": 1.290196539802427}
{"t": 1784512770.395451, "x": 2.0855634888148518, "y": 0.009803460197572965, "zone": null, "min_dist": 1.290196539802427}
{"t": 1784512770.5560544, "x": 2.0855634888148518, "y": 0.009803460197572965, "zone": null, "min_dist": 1.290196539802427}
{"t": 1784512770.7163787, "x": 2.0855634888148518, "y": 0.009803460197572965, "zone": null, "min_dist": 1.290196539802427}
{"t": 1784512770.892959, "x": 2.0855634888148518, "y": 0.009803460197572965, "zone": null, "min_dist": 1.290196539802427}
{"t": 1784512771.0446558, "x": 2.0855634888148518, "y": 0.009803460197572965, "zone": null, "min_dist": 1.290196539802427}
{"t": 1784512771.1968694, "x": 2.0855634888148518, "y": 0.009803460197572965, "zone": null, "min_dist": 1.290196539802427}
{"t": 1784512771.3730862, "x": 2.0855634888148518, "y": 0.009803460197572965, "zone": null, "min_dist": 1.290196539802427}
{"t": 1784512771.525676, "x": 2.0855634888148518, "y": 0.009803460197572965, "zone": null, "min_dist": 1.290196539802427}
{"t": 1784512771.6776075, "x": 2.0855634888148518, "y": 0.009803460197572965, "zone": null, "min_dist": 1.290196539802427}
{"t": 1784512771.8298893, "x": 2.0855634888148518, "y": 0.009803460197572965, "zone": null, "min_dist": 1.290196539802427}
{"t": 1784512771.9903655, "x": 2.0855634888148518, "y": 0.009803460197572965, "zone": null, "min_dist": 1.290196539802427}
{"t": 1784512772.166483, "x": 2.0855634888148518, "y": 0.009803460197572965, "zone": null, "min_dist": 1.290196539802427}
{"t": 1784512772.3428977, "x": 2.0855634888148518, "y": 0.009803460197572965, "zone": null, "min_dist": 1.290196539802427}
{"t": 1784512772.5191922, "x": 2.0855634888148518, "y": 0.009803460197572965, "zone": null, "min_dist": 1.290196539802427}
{"t": 1784512772.6715817, "x": 2.0855634888148518, "y": 0.009803460197572965, "zone": null, "min_dist": 1.290196539802427}
{"t": 1784512772.8317184, "x": 2.0855634888148518, "y": 0.009803460197572965, "zone": null, "min_dist": 1.290196539802427}
{"t": 1784512772.984, "x": 2.0855634888148518, "y": 0.009803460197572965, "zone": null, "min_dist": 1.290196539802427}
{"t": 1784512773.1361976, "x": 2.0855634888148518, "y": 0.009803460197572965, "zone": null, "min_dist": 1.290196539802427}
{"t": 1784512773.288217, "x": 2.0855634888148518, "y": 0.009803460197572965, "zone": null, "min_dist": 1.290196539802427}
{"t": 1784512773.4484446, "x": 2.0855634888148518, "y": 0.009803460197572965, "zone": null, "min_dist": 1.290196539802427}
{"t": 1784512773.6086807, "x": 2.0855634888148518, "y": 0.009803460197572965, "zone": null, "min_dist": 1.290196539802427}
{"t": 1784512773.768923, "x": 2.0855634888148518, "y": 0.009803460197572965, "zone": null, "min_dist": 1.290196539802427}
{"t": 1784512773.9295318, "x": 2.0855634888148518, "y": 0.009803460197572965, "zone": null, "min_dist": 1.290196539802427}
{"t": 1784512774.0895147, "x": 2.0855634888148518, "y": 0.009803460197572965, "zone": null, "min_dist": 1.290196539802427}
{"t": 1784512774.2497723, "x": 2.0855634888148518, "y": 0.009803460197572965, "zone": null, "min_dist": 1.290196539802427}
{"t": 1784512774.4019012, "x": 2.0855634888148518, "y": 0.009803460197572965, "zone": null, "min_dist": 1.290196539802427}
{"t": 1784512774.5541449, "x": 2.0855634888148518, "y": 0.009803460197572965, "zone": null, "min_dist": 1.290196539802427}
{"t": 1784512774.7067177, "x": 2.0855634888148518, "y": 0.009803460197572965, "zone": null, "min_dist": 1.290196539802427}
{"t": 1784512774.8590627, "x": 2.0855634888148518, "y": 0.009803460197572965, "zone": null, "min_dist": 1.290196539802427}
{"t": 1784512775.0113442, "x": 2.0855634888148518, "y": 0.009803460197572965, "zone": null, "min_dist": 1.290196539802427}
{"t": 1784512775.1875188, "x": 2.0855634888148518, "y": 0.009803460197572965, "zone": null, "min_dist": 1.290196539802427}
{"t": 1784512775.3480415, "x": 2.0855634888148518, "y": 0.009803460197572965, "zone": null, "min_dist": 1.290196539802427}
{"t": 1784512775.523922, "x": 2.0855634888148518, "y": 0.009803460197572965, "zone": null, "min_dist": 1.290196539802427}
{"t": 1784512775.6762474, "x": 2.0855634888148518, "y": 0.009803460197572965, "zone": null, "min_dist": 1.290196539802427}
{"t": 1784512775.8363307, "x": 2.0855634888148518, "y": 0.009803460197572965, "zone": null, "min_dist": 1.290196539802427}
{"t": 1784512775.9970155, "x": 2.0855634888148518, "y": 0.009803460197572965, "zone": null, "min_dist": 1.290196539802427}
{"t": 1784512776.1487374, "x": 2.0855634888148518, "y": 0.009803460197572965, "zone": null, "min_dist": 1.290196539802427}
{"t": 1784512776.3011565, "x": 2.0855634888148518, "y": 0.009803460197572965, "zone": null, "min_dist": 1.290196539802427}
{"t": 1784512776.4532504, "x": 2.0855634888148518, "y": 0.009803460197572965, "zone": null, "min_dist": 1.290196539802427}
{"t": 1784512776.6051776, "x": 2.0855634888148518, "y": 0.009803460197572965, "zone": null, "min_dist": 1.290196539802427}
{"t": 1784512776.757734, "x": 2.0855634888148518, "y": 0.009803460197572965, "zone": null, "min_dist": 1.290196539802427}
{"t": 1784512776.933755, "x": 2.0855634888148518, "y": 0.009803460197572965, "zone": null, "min_dist": 1.290196539802427}
{"t": 1784512777.1103034, "x": 2.0855634888148518, "y": 0.009803460197572965, "zone": null, "min_dist": 1.290196539802427}
{"t": 1784512777.270474, "x": 2.0855634888148518, "y": 0.009803460197572965, "zone": null, "min_dist": 1.290196539802427}
{"t": 1784512777.422634, "x": 2.0855634888148518, "y": 0.009803460197572965, "zone": null, "min_dist": 1.290196539802427}
{"t": 1784512777.5830772, "x": 2.0855634888148518, "y": 0.009803460197572965, "zone": null, "min_dist": 1.290196539802427}
{"t": 1784512777.7353957, "x": 2.0855634888148518, "y": 0.009803460197572965, "zone": null, "min_dist": 1.290196539802427}
{"t": 1784512777.895568, "x": 2.0855634888148518, "y": 0.009803460197572965, "zone": null, "min_dist": 1.290196539802427}
{"t": 1784512778.0558574, "x": 2.0855634888148518, "y": 0.009803460197572965, "zone": null, "min_dist": 1.290196539802427}
{"t": 1784512778.2081554, "x": 2.0855634888148518, "y": 0.009803460197572965, "zone": null, "min_dist": 1.290196539802427}
{"t": 1784512778.360351, "x": 2.0855634888148518, "y": 0.009803460197572965, "zone": null, "min_dist": 1.290196539802427}
{"t": 1784512778.5123312, "x": 2.0855634888148518, "y": 0.009803460197572965, "zone": null, "min_dist": 1.290196539802427}
{"t": 1784512778.6646447, "x": 2.0855634888148518, "y": 0.009803460197572965, "zone": null, "min_dist": 1.290196539802427}
{"t": 1784512778.840925, "x": 2.0855634888148518, "y": 0.009803460197572965, "zone": null, "min_dist": 1.290196539802427}
{"t": 1784512778.993267, "x": 2.0855634888148518, "y": 0.009803460197572965, "zone": null, "min_dist": 1.290196539802427}
{"t": 1784512779.1533551, "x": 2.0855634888148518, "y": 0.009803460197572965, "zone": null, "min_dist": 1.290196539802427}
{"t": 1784512779.3057795, "x": 2.0855634888148518, "y": 0.009803460197572965, "zone": null, "min_dist": 1.290196539802427}
{"t": 1784512779.4583664, "x": 2.0855634888148518, "y": 0.009803460197572965, "zone": null, "min_dist": 1.290196539802427}
{"t": 1784512779.6184993, "x": 2.0855634888148518, "y": 0.009803460197572965, "zone": null, "min_dist": 1.290196539802427}
{"t": 1784512779.778741, "x": 2.0855634888148518, "y": 0.009803460197572965, "zone": null, "min_dist": 1.290196539802427}
{"t": 1784512779.9390714, "x": 2.0855634888148518, "y": 0.009803460197572965, "zone": null, "min_dist": 1.290196539802427}
{"t": 1784512780.115465, "x": 2.0855634888148518, "y": 0.009803460197572965, "zone": null, "min_dist": 1.290196539802427}
{"t": 1784512780.2760518, "x": 2.0855634888148518, "y": 0.009803460197572965, "zone": null, "min_dist": 1.290196539802427}
{"t": 1784512780.428007, "x": 2.0855634888148518, "y": 0.009803460197572965, "zone": null, "min_dist": 1.290196539802427}
{"t": 1784512780.5806382, "x": 2.0855634888148518, "y": 0.009803460197572965, "zone": null, "min_dist": 1.290196539802427}
{"t": 1784512780.740232, "x": 2.0855634888148518, "y": 0.009803460197572965, "zone": null, "min_dist": 1.290196539802427}
{"t": 1784512780.9003198, "x": 2.0855634888148518, "y": 0.009803460197572965, "zone": null, "min_dist": 1.290196539802427}
{"t": 1784512781.0606017, "x": 2.0855634888148518, "y": 0.009803460197572965, "zone": null, "min_dist": 1.290196539802427}
{"t": 1784512781.2130582, "x": 2.0855634888148518, "y": 0.009803460197572965, "zone": null, "min_dist": 1.290196539802427}
{"t": 1784512781.3653178, "x": 2.0855634888148518, "y": 0.009803460197572965, "zone": null, "min_dist": 1.290196539802427}
{"t": 1784512781.5174055, "x": 2.0855634888148518, "y": 0.009803460197572965, "zone": null, "min_dist": 1.290196539802427}
{"t": 1784512781.6697752, "x": 2.0855634888148518, "y": 0.009803460197572965, "zone": null, "min_dist": 1.290196539802427}
{"t": 1784512781.8299904, "x": 2.0855634888148518, "y": 0.009803460197572965, "zone": null, "min_dist": 1.290196539802427}
{"t": 1784512781.9902427, "x": 2.0855634888148518, "y": 0.009803460197572965, "zone": null, "min_dist": 1.290196539802427}
{"t": 1784512782.1424444, "x": 2.0855634888148518, "y": 0.009803460197572965, "zone": null, "min_dist": 1.290196539802427}
{"t": 1784512782.2946308, "x": 2.0855634888148518, "y": 0.009803460197572965, "zone": null, "min_dist": 1.290196539802427}
{"t": 1784512782.455056, "x": 2.0855634888148518, "y": 0.009803460197572965, "zone": null, "min_dist": 1.290196539802427}
{"t": 1784512782.6312764, "x": 2.0855634888148518, "y": 0.009803460197572965, "zone": null, "min_dist": 1.290196539802427}
{"t": 1784512782.783233, "x": 2.0855634888148518, "y": 0.009803460197572965, "zone": null, "min_dist": 1.290196539802427}
{"t": 1784512782.9355588, "x": 2.0855634888148518, "y": 0.009803460197572965, "zone": null, "min_dist": 1.290196539802427}
{"t": 1784512783.087724, "x": 2.0855634888148518, "y": 0.009803460197572965, "zone": null, "min_dist": 1.290196539802427}
{"t": 1784512783.2403286, "x": 2.0855634888148518, "y": 0.009803460197572965, "zone": null, "min_dist": 1.290196539802427}
{"t": 1784512783.3921561, "x": 2.0855634888148518, "y": 0.009803460197572965, "zone": null, "min_dist": 1.290196539802427}
{"t": 1784512783.5527623, "x": 2.0855634888148518, "y": 0.009803460197572965, "zone": null, "min_dist": 1.290196539802427}
{"t": 1784512783.72898, "x": 2.0855634888148518, "y": 0.009803460197572965, "zone": null, "min_dist": 1.290196539802427}
{"t": 1784512783.8893318, "x": 2.0855634888148518, "y": 0.009803460197572965, "zone": null, "min_dist": 1.290196539802427}
{"t": 1784512784.0417547, "x": 2.0855634888148518, "y": 0.009803460197572965, "zone": null, "min_dist": 1.290196539802427}
{"t": 1784512784.2018998, "x": 2.0855634888148518, "y": 0.009803460197572965, "zone": null, "min_dist": 1.290196539802427}
{"t": 1784512784.36232, "x": 2.0855634888148518, "y": 0.009803460197572965, "zone": null, "min_dist": 1.290196539802427}
{"t": 1784512784.522441, "x": 2.0855634888148518, "y": 0.009803460197572965, "zone": null, "min_dist": 1.290196539802427}
{"t": 1784512784.6824994, "x": 2.0855634888148518, "y": 0.009803460197572965, "zone": null, "min_dist": 1.290196539802427}
{"t": 1784512784.834899, "x": 2.0855634888148518, "y": 0.009803460197572965, "zone": null, "min_dist": 1.290196539802427}
{"t": 1784512784.995293, "x": 2.0855634888148518, "y": 0.009803460197572965, "zone": null, "min_dist": 1.290196539802427}
{"t": 1784512785.1474955, "x": 2.0855634888148518, "y": 0.009803460197572965, "zone": null, "min_dist": 1.290196539802427}
{"t": 1784512785.3237925, "x": 2.0855634888148518, "y": 0.009803460197572965, "zone": null, "min_dist": 1.290196539802427}
{"t": 1784512785.4767401, "x": 2.0855634888148518, "y": 0.009803460197572965, "zone": null, "min_dist": 1.290196539802427}
{"t": 1784512785.6283813, "x": 2.0855634888148518, "y": 0.009803460197572965, "zone": null, "min_dist": 1.290196539802427}
{"t": 1784512785.7885516, "x": 2.0855634888148518, "y": 0.009803460197572965, "zone": null, "min_dist": 1.290196539802427}
{"t": 1784512785.9403527, "x": 2.0855634888148518, "y": 0.009803460197572965, "zone": null, "min_dist": 1.290196539802427}
{"t": 1784512786.0926182, "x": 2.0855634888148518, "y": 0.009803460197572965, "zone": null, "min_dist": 1.290196539802427}
{"t": 1784512786.253699, "x": 2.0855634888148518, "y": 0.009803460197572965, "zone": null, "min_dist": 1.290196539802427}
{"t": 1784512786.413741, "x": 2.0855634888148518, "y": 0.009803460197572965, "zone": null, "min_dist": 1.290196539802427}
{"t": 1784512786.5910628, "x": 2.0855634888148518, "y": 0.009803460197572965, "zone": null, "min_dist": 1.290196539802427}
{"t": 1784512786.7508707, "x": 2.0855634888148518, "y": 0.009803460197572965, "zone": null, "min_dist": 1.290196539802427}
{"t": 1784512786.9113243, "x": 2.0855634888148518, "y": 0.009803460197572965, "zone": null, "min_dist": 1.290196539802427}
{"t": 1784512787.0633333, "x": 2.0855634888148518, "y": 0.009803460197572965, "zone": null, "min_dist": 1.290196539802427}
{"t": 1784512787.2233226, "x": 2.0855634888148518, "y": 0.009803460197572965, "zone": null, "min_dist": 1.290196539802427}
{"t": 1784512787.37524, "x": 2.0855634888148518, "y": 0.009803460197572965, "zone": null, "min_dist": 1.290196539802427}
{"t": 1784512787.527704, "x": 2.0855634888148518, "y": 0.009803460197572965, "zone": null, "min_dist": 1.290196539802427}
{"t": 1784512787.6801553, "x": 2.0855634888148518, "y": 0.009803460197572965, "zone": null, "min_dist": 1.290196539802427}
{"t": 1784512787.8405461, "x": 2.0855634888148518, "y": 0.009803460197572965, "zone": null, "min_dist": 1.290196539802427}
{"t": 1784512787.9925919, "x": 2.0855634888148518, "y": 0.009803460197572965, "zone": null, "min_dist": 1.290196539802427}
{"t": 1784512788.1449132, "x": 2.0855634888148518, "y": 0.009803460197572965, "zone": null, "min_dist": 1.290196539802427}
{"t": 1784512788.30519, "x": 2.0855634888148518, "y": 0.009803460197572965, "zone": null, "min_dist": 1.290196539802427}
{"t": 1784512788.4571893, "x": 2.0855634888148518, "y": 0.009803460197572965, "zone": null, "min_dist": 1.290196539802427}
{"t": 1784512788.609415, "x": 2.0855634888148518, "y": 0.009803460197572965, "zone": null, "min_dist": 1.290196539802427}
{"t": 1784512788.7698982, "x": 2.0855634888148518, "y": 0.009803460197572965, "zone": null, "min_dist": 1.290196539802427}
{"t": 1784512788.9468622, "x": 2.0855634888148518, "y": 0.009803460197572965, "zone": null, "min_dist": 1.290196539802427}
{"t": 1784512789.106239, "x": 2.0855634888148518, "y": 0.009803460197572965, "zone": null, "min_dist": 1.290196539802427}
{"t": 1784512789.2664495, "x": 2.0855634888148518, "y": 0.009803460197572965, "zone": null, "min_dist": 1.290196539802427}
{"t": 1784512789.4189105, "x": 2.0855634888148518, "y": 0.009803460197572965, "zone": null, "min_dist": 1.290196539802427}
{"t": 1784512789.5714278, "x": 2.0855634888148518, "y": 0.009803460197572965, "zone": null, "min_dist": 1.290196539802427}
{"t": 1784512789.723652, "x": 2.0855634888148518, "y": 0.009803460197572965, "zone": null, "min_dist": 1.290196539802427}
{"t": 1784512789.876414, "x": 2.0855634888148518, "y": 0.009803460197572965, "zone": null, "min_dist": 1.290196539802427}
{"t": 1784512790.028209, "x": 2.0855634888148518, "y": 0.009803460197572965, "zone": null, "min_dist": 1.290196539802427}
{"t": 1784512790.180362, "x": 2.0855634888148518, "y": 0.009803460197572965, "zone": null, "min_dist": 1.290196539802427}
{"t": 1784512790.3330667, "x": 2.0855634888148518, "y": 0.009803460197572965, "zone": null, "min_dist": 1.290196539802427}
{"t": 1784512790.4852786, "x": 2.0855634888148518, "y": 0.009803460197572965, "zone": null, "min_dist": 1.290196539802427}
{"t": 1784512790.637316, "x": 2.0855634888148518, "y": 0.009803460197572965, "zone": null, "min_dist": 1.290196539802427}
{"t": 1784512790.789368, "x": 2.0855634888148518, "y": 0.009803460197572965, "zone": null, "min_dist": 1.290196539802427}
{"t": 1784512790.9411786, "x": 2.0855634888148518, "y": 0.009803460197572965, "zone": null, "min_dist": 1.290196539802427}
{"t": 1784512791.1011517, "x": 2.0855634888148518, "y": 0.009803460197572965, "zone": null, "min_dist": 1.290196539802427}
{"t": 1784512791.2612426, "x": 2.0855634888148518, "y": 0.009803460197572965, "zone": null, "min_dist": 1.290196539802427}
{"t": 1784512791.4137247, "x": 2.0855634888148518, "y": 0.009803460197572965, "zone": null, "min_dist": 1.290196539802427}
{"t": 1784512791.5739632, "x": 2.0855634888148518, "y": 0.009803460197572965, "zone": null, "min_dist": 1.290196539802427}
{"t": 1784512791.7344825, "x": 2.0855634888148518, "y": 0.009803460197572965, "zone": null, "min_dist": 1.290196539802427}
{"t": 1784512791.8945029, "x": 2.0855634888148518, "y": 0.009803460197572965, "zone": null, "min_dist": 1.290196539802427}
{"t": 1784512792.0549004, "x": 2.0855634888148518, "y": 0.009803460197572965, "zone": null, "min_dist": 1.290196539802427}
{"t": 1784512792.2152343, "x": 2.0855634888148518, "y": 0.009803460197572965, "zone": null, "min_dist": 1.290196539802427}
{"t": 1784512792.3673666, "x": 2.0855634888148518, "y": 0.009803460197572965, "zone": null, "min_dist": 1.290196539802427}
{"t": 1784512792.5196948, "x": 2.0855634888148518, "y": 0.009803460197572965, "zone": null, "min_dist": 1.290196539802427}
{"t": 1784512792.6803954, "x": 2.0855634888148518, "y": 0.009803460197572965, "zone": null, "min_dist": 1.290196539802427}
{"t": 1784512792.8405, "x": 2.0855634888148518, "y": 0.009803460197572965, "zone": null, "min_dist": 1.290196539802427}
{"t": 1784512793.0006826, "x": 2.0855634888148518, "y": 0.009803460197572965, "zone": null, "min_dist": 1.290196539802427}
{"t": 1784512793.1608517, "x": 2.0855634888148518, "y": 0.009803460197572965, "zone": null, "min_dist": 1.290196539802427}
{"t": 1784512793.3373528, "x": 2.0855634888148518, "y": 0.009803460197572965, "zone": null, "min_dist": 1.290196539802427}
{"t": 1784512793.4894538, "x": 2.0855634888148518, "y": 0.009803460197572965, "zone": null, "min_dist": 1.290196539802427}
{"t": 1784512793.6498563, "x": 2.0855634888148518, "y": 0.009803460197572965, "zone": null, "min_dist": 1.290196539802427}
{"t": 1784512793.8265986, "x": 2.0855634888148518, "y": 0.009803460197572965, "zone": null, "min_dist": 1.290196539802427}
{"t": 1784512794.0028784, "x": 2.0855634888148518, "y": 0.009803460197572965, "zone": null, "min_dist": 1.290196539802427}
{"t": 1784512794.1627433, "x": 2.0855634888148518, "y": 0.009803460197572965, "zone": null, "min_dist": 1.290196539802427}
{"t": 1784512794.3392167, "x": 2.0855634888148518, "y": 0.009803460197572965, "zone": null, "min_dist": 1.290196539802427}
{"t": 1784512794.5152588, "x": 2.0855634888148518, "y": 0.009803460197572965, "zone": null, "min_dist": 1.290196539802427}
{"t": 1784512794.675187, "x": 2.0855634888148518, "y": 0.009803460197572965, "zone": null, "min_dist": 1.290196539802427}
{"t": 1784512794.8275344, "x": 2.0855634888148518, "y": 0.009803460197572965, "zone": null, "min_dist": 1.290196539802427}
{"t": 1784512794.9801888, "x": 2.0855634888148518, "y": 0.009803460197572965, "zone": null, "min_dist": 1.290196539802427}
{"t": 1784512795.13244, "x": 2.0855634888148518, "y": 0.009803460197572965, "zone": null, "min_dist": 1.290196539802427}
{"t": 1784512795.284463, "x": 2.0855634888148518, "y": 0.009803460197572965, "zone": null, "min_dist": 1.290196539802427}
{"t": 1784512795.4605277, "x": 2.0855634888148518, "y": 0.009803460197572965, "zone": null, "min_dist": 1.290196539802427}
{"t": 1784512795.6128716, "x": 2.0855634888148518, "y": 0.009803460197572965, "zone": null, "min_dist": 1.290196539802427}
{"t": 1784512795.7655346, "x": 2.0855634888148518, "y": 0.009803460197572965, "zone": null, "min_dist": 1.290196539802427}
{"t": 1784512795.9176023, "x": 2.0855634888148518, "y": 0.009803460197572965, "zone": null, "min_dist": 1.290196539802427}
{"t": 1784512796.0939653, "x": 2.0855634888148518, "y": 0.009803460197572965, "zone": null, "min_dist": 1.290196539802427}
{"t": 1784512796.25445, "x": 2.0855634888148518, "y": 0.009803460197572965, "zone": null, "min_dist": 1.290196539802427}
{"t": 1784512796.4065669, "x": 2.0855634888148518, "y": 0.009803460197572965, "zone": null, "min_dist": 1.290196539802427}
{"t": 1784512796.5585938, "x": 2.0855634888148518, "y": 0.009803460197572965, "zone": null, "min_dist": 1.290196539802427}
{"t": 1784512796.7110615, "x": 2.0855634888148518, "y": 0.009803460197572965, "zone": null, "min_dist": 1.290196539802427}
{"t": 1784512796.8713129, "x": 2.0855634888148518, "y": 0.009803460197572965, "zone": null, "min_dist": 1.290196539802427}
{"t": 1784512797.0233822, "x": 2.0855634888148518, "y": 0.009803460197572965, "zone": null, "min_dist": 1.290196539802427}
{"t": 1784512797.175228, "x": 2.0855634888148518, "y": 0.009803460197572965, "zone": null, "min_dist": 1.290196539802427}
{"t": 1784512797.3277614, "x": 2.0855634888148518, "y": 0.009803460197572965, "zone": null, "min_dist": 1.290196539802427}
{"t": 1784512797.5835125, "x": 2.0855634888148518, "y": 0.009803460197572965, "zone": null, "min_dist": 1.290196539802427}
{"t": 1784512797.7369561, "x": 2.0855634888148518, "y": 0.009803460197572965, "zone": null, "min_dist": 1.290196539802427}
{"t": 1784512797.8892765, "x": 2.0855634888148518, "y": 0.009803460197572965, "zone": null, "min_dist": 1.290196539802427}
{"t": 1784512798.0492885, "x": 2.0855634888148518, "y": 0.009803460197572965, "zone": null, "min_dist": 1.290196539802427}
{"t": 1784512798.2011077, "x": 2.0855634888148518, "y": 0.009803460197572965, "zone": null, "min_dist": 1.290196539802427}
{"t": 1784512798.3532782, "x": 2.0855634888148518, "y": 0.009803460197572965, "zone": null, "min_dist": 1.290196539802427}
{"t": 1784512798.5301476, "x": 2.0855634888148518, "y": 0.009803460197572965, "zone": null, "min_dist": 1.290196539802427}
{"t": 1784512798.6902344, "x": 2.0855634888148518, "y": 0.009803460197572965, "zone": null, "min_dist": 1.290196539802427}
{"t": 1784512798.8427987, "x": 2.0855634888148518, "y": 0.009803460197572965, "zone": null, "min_dist": 1.290196539802427}
{"t": 1784512799.0029154, "x": 2.0855634888148518, "y": 0.009803460197572965, "zone": null, "min_dist": 1.290196539802427}
{"t": 1784512799.1630461, "x": 2.0855634888148518, "y": 0.009803460197572965, "zone": null, "min_dist": 1.290196539802427}
{"t": 1784512799.315366, "x": 2.0855634888148518, "y": 0.009803460197572965, "zone": null, "min_dist": 1.290196539802427}
{"t": 1784512799.467772, "x": 2.0855634888148518, "y": 0.009803460197572965, "zone": null, "min_dist": 1.290196539802427}
{"t": 1784512799.6278396, "x": 2.0855634888148518, "y": 0.009803460197572965, "zone": null, "min_dist": 1.290196539802427}
{"t": 1784512799.8046608, "x": 2.0855634888148518, "y": 0.009803460197572965, "zone": null, "min_dist": 1.290196539802427}
{"t": 1784512799.9642901, "x": 2.0855634888148518, "y": 0.009803460197572965, "zone": null, "min_dist": 1.290196539802427}
{"t": 1784512800.1162918, "x": 2.0855634888148518, "y": 0.009803460197572965, "zone": null, "min_dist": 1.290196539802427}
{"t": 1784512800.2761424, "x": 2.0855634888148518, "y": 0.009803460197572965, "zone": null, "min_dist": 1.290196539802427}
{"t": 1784512800.4363198, "x": 2.0855634888148518, "y": 0.009803460197572965, "zone": null, "min_dist": 1.290196539802427}
{"t": 1784512800.5966587, "x": 2.0855634888148518, "y": 0.009803460197572965, "zone": null, "min_dist": 1.290196539802427}
{"t": 1784512800.7492447, "x": 2.0855634888148518, "y": 0.009803460197572965, "zone": null, "min_dist": 1.290196539802427}
{"t": 1784512800.9015124, "x": 2.0855634888148518, "y": 0.009803460197572965, "zone": null, "min_dist": 1.290196539802427}
{"t": 1784512801.0542006, "x": 2.0855634888148518, "y": 0.009803460197572965, "zone": null, "min_dist": 1.290196539802427}
{"t": 1784512801.2142382, "x": 2.0855634888148518, "y": 0.009803460197572965, "zone": null, "min_dist": 1.290196539802427}
{"t": 1784512801.3743737, "x": 2.0855634888148518, "y": 0.009803460197572965, "zone": null, "min_dist": 1.290196539802427}
{"t": 1784512801.5342455, "x": 2.0855634888148518, "y": 0.009803460197572965, "zone": null, "min_dist": 1.290196539802427}
{"t": 1784512801.711245, "x": 2.0855634888148518, "y": 0.009803460197572965, "zone": null, "min_dist": 1.290196539802427}
{"t": 1784512801.863099, "x": 2.0855634888148518, "y": 0.009803460197572965, "zone": null, "min_dist": 1.290196539802427}
{"t": 1784512802.0233111, "x": 2.0855634888148518, "y": 0.009803460197572965, "zone": null, "min_dist": 1.290196539802427}
{"t": 1784512802.1833916, "x": 2.0855634888148518, "y": 0.009803460197572965, "zone": null, "min_dist": 1.290196539802427}
{"t": 1784512802.3439329, "x": 2.0855634888148518, "y": 0.009803460197572965, "zone": null, "min_dist": 1.290196539802427}
{"t": 1784512802.5042312, "x": 2.0855634888148518, "y": 0.009803460197572965, "zone": null, "min_dist": 1.290196539802427}
{"t": 1784512802.664426, "x": 2.0855634888148518, "y": 0.009803460197572965, "zone": null, "min_dist": 1.290196539802427}
{"t": 1784512802.8166318, "x": 2.0855634888148518, "y": 0.009803460197572965, "zone": null, "min_dist": 1.290196539802427}
{"t": 1784512802.9688773, "x": 2.0855634888148518, "y": 0.009803460197572965, "zone": null, "min_dist": 1.290196539802427}
{"t": 1784512803.129181, "x": 2.0855634888148518, "y": 0.009803460197572965, "zone": null, "min_dist": 1.290196539802427}
{"t": 1784512803.2895224, "x": 2.0855634888148518, "y": 0.009803460197572965, "zone": null, "min_dist": 1.290196539802427}
{"t": 1784512803.4419944, "x": 2.0855634888148518, "y": 0.009803460197572965, "zone": null, "min_dist": 1.290196539802427}
{"t": 1784512803.5945027, "x": 2.0855634888148518, "y": 0.009803460197572965, "zone": null, "min_dist": 1.290196539802427}
{"t": 1784512803.7545762, "x": 2.0855634888148518, "y": 0.009803460197572965, "zone": null, "min_dist": 1.290196539802427}
{"t": 1784512803.9306602, "x": 2.0855634888148518, "y": 0.009803460197572965, "zone": null, "min_dist": 1.290196539802427}
{"t": 1784512804.0827572, "x": 2.0855634888148518, "y": 0.009803460197572965, "zone": null, "min_dist": 1.290196539802427}
{"t": 1784512804.2351296, "x": 2.0855634888148518, "y": 0.009803460197572965, "zone": null, "min_dist": 1.290196539802427}
{"t": 1784512804.3952556, "x": 2.0855634888148518, "y": 0.009803460197572965, "zone": null, "min_dist": 1.290196539802427}
{"t": 1784512804.5561686, "x": 2.0855634888148518, "y": 0.009803460197572965, "zone": null, "min_dist": 1.290196539802427}
{"t": 1784512804.7327328, "x": 2.0855634888148518, "y": 0.009803460197572965, "zone": null, "min_dist": 1.290196539802427}
{"t": 1784512804.892668, "x": 2.0855634888148518, "y": 0.009803460197572965, "zone": null, "min_dist": 1.290196539802427}
{"t": 1784512805.0528383, "x": 2.0855634888148518, "y": 0.009803460197572965, "zone": null, "min_dist": 1.290196539802427}
{"t": 1784512805.204901, "x": 2.0855634888148518, "y": 0.009803460197572965, "zone": null, "min_dist": 1.290196539802427}
{"t": 1784512805.365389, "x": 2.0855634888148518, "y": 0.009803460197572965, "zone": null, "min_dist": 1.290196539802427}
{"t": 1784512805.52576, "x": 2.0855634888148518, "y": 0.009803460197572965, "zone": null, "min_dist": 1.290196539802427}
{"t": 1784512805.702059, "x": 2.0855634888148518, "y": 0.009803460197572965, "zone": null, "min_dist": 1.290196539802427}
{"t": 1784512805.8622072, "x": 2.0855634888148518, "y": 0.009803460197572965, "zone": null, "min_dist": 1.290196539802427}
{"t": 1784512806.0223813, "x": 2.0855634888148518, "y": 0.009803460197572965, "zone": null, "min_dist": 1.290196539802427}
{"t": 1784512806.1822302, "x": 2.0855634888148518, "y": 0.009803460197572965, "zone": null, "min_dist": 1.290196539802427}
{"t": 1784512806.358455, "x": 2.0855634888148518, "y": 0.009803460197572965, "zone": null, "min_dist": 1.290196539802427}
{"t": 1784512806.5191925, "x": 2.0855634888148518, "y": 0.009803460197572965, "zone": null, "min_dist": 1.290196539802427}
{"t": 1784512806.6713107, "x": 2.0855634888148518, "y": 0.009803460197572965, "zone": null, "min_dist": 1.290196539802427}
{"t": 1784512806.8317928, "x": 2.0855634888148518, "y": 0.009803460197572965, "zone": null, "min_dist": 1.290196539802427}
{"t": 1784512806.991898, "x": 2.0855634888148518, "y": 0.009803460197572965, "zone": null, "min_dist": 1.290196539802427}
{"t": 1784512807.1441536, "x": 2.0855634888148518, "y": 0.009803460197572965, "zone": null, "min_dist": 1.290196539802427}
{"t": 1784512807.3043532, "x": 2.0855634888148518, "y": 0.009803460197572965, "zone": null, "min_dist": 1.290196539802427}
{"t": 1784512807.4649165, "x": 2.0855634888148518, "y": 0.009803460197572965, "zone": null, "min_dist": 1.290196539802427}
{"t": 1784512807.6251037, "x": 2.0855634888148518, "y": 0.009803460197572965, "zone": null, "min_dist": 1.290196539802427}
{"t": 1784512807.8019745, "x": 2.0855634888148518, "y": 0.009803460197572965, "zone": null, "min_dist": 1.290196539802427}
{"t": 1784512807.9617534, "x": 2.0855634888148518, "y": 0.009803460197572965, "zone": null, "min_dist": 1.290196539802427}
{"t": 1784512808.1223657, "x": 2.0855634888148518, "y": 0.009803460197572965, "zone": null, "min_dist": 1.290196539802427}
{"t": 1784512808.2825975, "x": 2.0855634888148518, "y": 0.009803460197572965, "zone": null, "min_dist": 1.290196539802427}
{"t": 1784512808.4346323, "x": 2.0855634888148518, "y": 0.009803460197572965, "zone": null, "min_dist": 1.290196539802427}
{"t": 1784512808.5947883, "x": 2.0855634888148518, "y": 0.009803460197572965, "zone": null, "min_dist": 1.290196539802427}
{"t": 1784512808.7469711, "x": 2.0855634888148518, "y": 0.009803460197572965, "zone": null, "min_dist": 1.290196539802427}
{"t": 1784512808.899468, "x": 2.0855634888148518, "y": 0.009803460197572965, "zone": null, "min_dist": 1.290196539802427}
{"t": 1784512809.059929, "x": 2.0855634888148518, "y": 0.009803460197572965, "zone": null, "min_dist": 1.290196539802427}
{"t": 1784512809.2119393, "x": 2.0855634888148518, "y": 0.009803460197572965, "zone": null, "min_dist": 1.290196539802427}
{"t": 1784512809.364248, "x": 2.0855634888148518, "y": 0.009803460197572965, "zone": null, "min_dist": 1.290196539802427}
{"t": 1784512809.5164578, "x": 2.0855634888148518, "y": 0.009803460197572965, "zone": null, "min_dist": 1.290196539802427}
{"t": 1784512809.6687496, "x": 2.0855634888148518, "y": 0.009803460197572965, "zone": null, "min_dist": 1.290196539802427}
{"t": 1784512809.8212047, "x": 2.0855634888148518, "y": 0.009803460197572965, "zone": null, "min_dist": 1.290196539802427}
{"t": 1784512809.973371, "x": 2.0855634888148518, "y": 0.009803460197572965, "zone": null, "min_dist": 1.290196539802427}
{"t": 1784512810.1257167, "x": 2.0855634888148518, "y": 0.009803460197572965, "zone": null, "min_dist": 1.290196539802427}
{"t": 1784512810.2778885, "x": 2.0855634888148518, "y": 0.009803460197572965, "zone": null, "min_dist": 1.290196539802427}
{"t": 1784512810.4305778, "x": 2.0855634888148518, "y": 0.009803460197572965, "zone": null, "min_dist": 1.290196539802427}
{"t": 1784512810.5904315, "x": 2.0855634888148518, "y": 0.009803460197572965, "zone": null, "min_dist": 1.290196539802427}
{"t": 1784512810.7504852, "x": 2.0855634888148518, "y": 0.009803460197572965, "zone": null, "min_dist": 1.290196539802427}
{"t": 1784512810.9029872, "x": 2.0855634888148518, "y": 0.009803460197572965, "zone": null, "min_dist": 1.290196539802427}
{"t": 1784512811.0791898, "x": 2.0855634888148518, "y": 0.009803460197572965, "zone": null, "min_dist": 1.290196539802427}
{"t": 1784512811.2395327, "x": 2.0855634888148518, "y": 0.009803460197572965, "zone": null, "min_dist": 1.290196539802427}
{"t": 1784512811.391877, "x": 2.0855634888148518, "y": 0.009803460197572965, "zone": null, "min_dist": 1.290196539802427}
{"t": 1784512811.568233, "x": 2.0855634888148518, "y": 0.009803460197572965, "zone": null, "min_dist": 1.290196539802427}
{"t": 1784512811.7200162, "x": 2.0855634888148518, "y": 0.009803460197572965, "zone": null, "min_dist": 1.290196539802427}
{"t": 1784512811.8724473, "x": 2.0855634888148518, "y": 0.009803460197572965, "zone": null, "min_dist": 1.290196539802427}
{"t": 1784512812.0251403, "x": 2.0855634888148518, "y": 0.009803460197572965, "zone": null, "min_dist": 1.290196539802427}
{"t": 1784512812.184751, "x": 2.0855634888148518, "y": 0.009803460197572965, "zone": null, "min_dist": 1.290196539802427}
{"t": 1784512812.345065, "x": 2.0855634888148518, "y": 0.009803460197572965, "zone": null, "min_dist": 1.290196539802427}
{"t": 1784512812.505288, "x": 2.0855634888148518, "y": 0.009803460197572965, "zone": null, "min_dist": 1.290196539802427}
{"t": 1784512812.6575732, "x": 2.0855634888148518, "y": 0.009803460197572965, "zone": null, "min_dist": 1.290196539802427}
{"t": 1784512812.8337886, "x": 2.0855634888148518, "y": 0.009803460197572965, "zone": null, "min_dist": 1.290196539802427}
{"t": 1784512812.993969, "x": 2.0855634888148518, "y": 0.009803460197572965, "zone": null, "min_dist": 1.290196539802427}
{"t": 1784512813.1702983, "x": 2.0855634888148518, "y": 0.009803460197572965, "zone": null, "min_dist": 1.290196539802427}
{"t": 1784512813.3306596, "x": 2.0855634888148518, "y": 0.009803460197572965, "zone": null, "min_dist": 1.290196539802427}
{"t": 1784512813.483009, "x": 2.0855634888148518, "y": 0.009803460197572965, "zone": null, "min_dist": 1.290196539802427}
{"t": 1784512813.6351006, "x": 2.0855634888148518, "y": 0.009803460197572965, "zone": null, "min_dist": 1.290196539802427}
{"t": 1784512813.7953775, "x": 2.0855634888148518, "y": 0.009803460197572965, "zone": null, "min_dist": 1.290196539802427}
{"t": 1784512813.9476566, "x": 2.0855634888148518, "y": 0.009803460197572965, "zone": null, "min_dist": 1.290196539802427}
{"t": 1784512814.1081054, "x": 2.0855634888148518, "y": 0.009803460197572965, "zone": null, "min_dist": 1.290196539802427}
{"t": 1784512814.268227, "x": 2.0855634888148518, "y": 0.009803460197572965, "zone": null, "min_dist": 1.290196539802427}
{"t": 1784512814.4284635, "x": 2.0855634888148518, "y": 0.009803460197572965, "zone": null, "min_dist": 1.290196539802427}
{"t": 1784512814.580674, "x": 2.0855634888148518, "y": 0.009803460197572965, "zone": null, "min_dist": 1.290196539802427}
{"t": 1784512814.7331681, "x": 2.0855634888148518, "y": 0.009803460197572965, "zone": null, "min_dist": 1.290196539802427}
{"t": 1784512814.885247, "x": 2.0855634888148518, "y": 0.009803460197572965, "zone": null, "min_dist": 1.290196539802427}
{"t": 1784512815.03775, "x": 2.0855634888148518, "y": 0.009803460197572965, "zone": null, "min_dist": 1.290196539802427}
{"t": 1784512815.198214, "x": 2.0855634888148518, "y": 0.009803460197572965, "zone": null, "min_dist": 1.290196539802427}
{"t": 1784512815.3583708, "x": 2.0855634888148518, "y": 0.009803460197572965, "zone": null, "min_dist": 1.290196539802427}
{"t": 1784512815.5184314, "x": 2.0855634888148518, "y": 0.009803460197572965, "zone": null, "min_dist": 1.290196539802427}
{"t": 1784512815.6951954, "x": 2.0855634888148518, "y": 0.009803460197572965, "zone": null, "min_dist": 1.290196539802427}
{"t": 1784512815.8470109, "x": 2.0855634888148518, "y": 0.009803460197572965, "zone": null, "min_dist": 1.290196539802427}
{"t": 1784512816.0073404, "x": 2.0855634888148518, "y": 0.009803460197572965, "zone": null, "min_dist": 1.290196539802427}
{"t": 1784512816.159197, "x": 2.0855634888148518, "y": 0.009803460197572965, "zone": null, "min_dist": 1.290196539802427}
{"t": 1784512816.311601, "x": 2.0855634888148518, "y": 0.009803460197572965, "zone": null, "min_dist": 1.290196539802427}
{"t": 1784512816.4721887, "x": 2.0855634888148518, "y": 0.009803460197572965, "zone": null, "min_dist": 1.290196539802427}
{"t": 1784512816.6485622, "x": 2.0855634888148518, "y": 0.009803460197572965, "zone": null, "min_dist": 1.290196539802427}
{"t": 1784512816.8086667, "x": 2.0855634888148518, "y": 0.009803460197572965, "zone": null, "min_dist": 1.290196539802427}
{"t": 1784512816.9690082, "x": 2.0855634888148518, "y": 0.009803460197572965, "zone": null, "min_dist": 1.290196539802427}
{"t": 1784512817.1454916, "x": 2.0855634888148518, "y": 0.009803460197572965, "zone": null, "min_dist": 1.290196539802427}
{"t": 1784512817.3052092, "x": 2.0855634888148518, "y": 0.009803460197572965, "zone": null, "min_dist": 1.290196539802427}
{"t": 1784512817.4813297, "x": 2.0855634888148518, "y": 0.009803460197572965, "zone": null, "min_dist": 1.290196539802427}
{"t": 1784512817.6341696, "x": 2.0855634888148518, "y": 0.009803460197572965, "zone": null, "min_dist": 1.290196539802427}
{"t": 1784512817.7862568, "x": 2.0855634888148518, "y": 0.009803460197572965, "zone": null, "min_dist": 1.290196539802427}
{"t": 1784512817.9385629, "x": 2.0855634888148518, "y": 0.009803460197572965, "zone": null, "min_dist": 1.290196539802427}
{"t": 1784512818.0906081, "x": 2.0855634888148518, "y": 0.009803460197572965, "zone": null, "min_dist": 1.290196539802427}
{"t": 1784512818.2428982, "x": 2.0855634888148518, "y": 0.009803460197572965, "zone": null, "min_dist": 1.290196539802427}
{"t": 1784512818.3951101, "x": 2.0855634888148518, "y": 0.009803460197572965, "zone": null, "min_dist": 1.290196539802427}
{"t": 1784512818.5551744, "x": 2.0855634888148518, "y": 0.009803460197572965, "zone": null, "min_dist": 1.290196539802427}
{"t": 1784512818.7157073, "x": 2.0855634888148518, "y": 0.009803460197572965, "zone": null, "min_dist": 1.290196539802427}
{"t": 1784512818.8679547, "x": 2.0855634888148518, "y": 0.009803460197572965, "zone": null, "min_dist": 1.290196539802427}
{"t": 1784512819.0280752, "x": 2.0855634888148518, "y": 0.009803460197572965, "zone": null, "min_dist": 1.290196539802427}
{"t": 1784512819.1807687, "x": 2.0855634888148518, "y": 0.009803460197572965, "zone": null, "min_dist": 1.290196539802427}
{"t": 1784512819.3325346, "x": 2.0855634888148518, "y": 0.009803460197572965, "zone": null, "min_dist": 1.290196539802427}
{"t": 1784512819.591757, "x": 2.0855634888148518, "y": 0.009803460197572965, "zone": null, "min_dist": 1.290196539802427}
{"t": 1784512819.7493234, "x": 2.0855634888148518, "y": 0.009803460197572965, "zone": null, "min_dist": 1.290196539802427}
{"t": 1784512819.9258218, "x": 2.0855634888148518, "y": 0.009803460197572965, "zone": null, "min_dist": 1.290196539802427}
{"t": 1784512820.0862386, "x": 2.0855634888148518, "y": 0.009803460197572965, "zone": null, "min_dist": 1.290196539802427}
{"t": 1784512820.2465453, "x": 2.0855634888148518, "y": 0.009803460197572965, "zone": null, "min_dist": 1.290196539802427}
{"t": 1784512820.4066272, "x": 2.0855634888148518, "y": 0.009803460197572965, "zone": null, "min_dist": 1.290196539802427}
{"t": 1784512820.5669272, "x": 2.0855634888148518, "y": 0.009803460197572965, "zone": null, "min_dist": 1.290196539802427}
{"t": 1784512820.7273295, "x": 2.0855634888148518, "y": 0.009803460197572965, "zone": null, "min_dist": 1.290196539802427}
{"t": 1784512820.8872871, "x": 2.0855634888148518, "y": 0.009803460197572965, "zone": null, "min_dist": 1.290196539802427}
{"t": 1784512821.0396025, "x": 2.0855634888148518, "y": 0.009803460197572965, "zone": null, "min_dist": 1.290196539802427}
{"t": 1784512821.199344, "x": 2.0855634888148518, "y": 0.009803460197572965, "zone": null, "min_dist": 1.290196539802427}
{"t": 1784512821.3514154, "x": 2.0855634888148518, "y": 0.009803460197572965, "zone": null, "min_dist": 1.290196539802427}
{"t": 1784512821.511783, "x": 2.0855634888148518, "y": 0.009803460197572965, "zone": null, "min_dist": 1.290196539802427}
{"t": 1784512821.6640174, "x": 2.0855634888148518, "y": 0.009803460197572965, "zone": null, "min_dist": 1.290196539802427}
{"t": 1784512821.8243163, "x": 2.0855634888148518, "y": 0.009803460197572965, "zone": null, "min_dist": 1.290196539802427}
{"t": 1784512821.9763165, "x": 2.0855634888148518, "y": 0.009803460197572965, "zone": null, "min_dist": 1.290196539802427}
{"t": 1784512822.1369014, "x": 2.0855634888148518, "y": 0.009803460197572965, "zone": null, "min_dist": 1.290196539802427}
{"t": 1784512822.2891686, "x": 2.0855634888148518, "y": 0.009803460197572965, "zone": null, "min_dist": 1.290196539802427}
{"t": 1784512822.4419065, "x": 2.0855634888148518, "y": 0.009803460197572965, "zone": null, "min_dist": 1.290196539802427}
{"t": 1784512822.6016488, "x": 2.0855634888148518, "y": 0.009803460197572965, "zone": null, "min_dist": 1.290196539802427}
{"t": 1784512822.7620087, "x": 2.0855634888148518, "y": 0.009803460197572965, "zone": null, "min_dist": 1.290196539802427}
{"t": 1784512822.92233, "x": 2.0855634888148518, "y": 0.009803460197572965, "zone": null, "min_dist": 1.290196539802427}
{"t": 1784512823.0825467, "x": 2.0855634888148518, "y": 0.009803460197572965, "zone": null, "min_dist": 1.290196539802427}
{"t": 1784512823.2593632, "x": 2.0855634888148518, "y": 0.009803460197572965, "zone": null, "min_dist": 1.290196539802427}
{"t": 1784512823.4192512, "x": 2.0855634888148518, "y": 0.009803460197572965, "zone": null, "min_dist": 1.290196539802427}
{"t": 1784512823.5715177, "x": 2.0855634888148518, "y": 0.009803460197572965, "zone": null, "min_dist": 1.290196539802427}
{"t": 1784512823.723849, "x": 2.0855634888148518, "y": 0.009803460197572965, "zone": null, "min_dist": 1.290196539802427}
{"t": 1784512823.8842802, "x": 2.0855634888148518, "y": 0.009803460197572965, "zone": null, "min_dist": 1.290196539802427}
{"t": 1784512824.0447927, "x": 2.0855634888148518, "y": 0.009803460197572965, "zone": null, "min_dist": 1.290196539802427}
{"t": 1784512824.2043948, "x": 2.0855634888148518, "y": 0.009803460197572965, "zone": null, "min_dist": 1.290196539802427}
{"t": 1784512824.3650074, "x": 2.0855634888148518, "y": 0.009803460197572965, "zone": null, "min_dist": 1.290196539802427}
{"t": 1784512824.5174563, "x": 2.0855634888148518, "y": 0.009803460197572965, "zone": null, "min_dist": 1.290196539802427}
{"t": 1784512824.6932096, "x": 2.0855634888148518, "y": 0.009803460197572965, "zone": null, "min_dist": 1.290196539802427}
{"t": 1784512824.8455393, "x": 2.0855634888148518, "y": 0.009803460197572965, "zone": null, "min_dist": 1.290196539802427}
{"t": 1784512825.0055993, "x": 2.0855634888148518, "y": 0.009803460197572965, "zone": null, "min_dist": 1.290196539802427}
{"t": 1784512825.1579494, "x": 2.0855634888148518, "y": 0.009803460197572965, "zone": null, "min_dist": 1.290196539802427}
{"t": 1784512825.3182497, "x": 2.0855634888148518, "y": 0.009803460197572965, "zone": null, "min_dist": 1.290196539802427}
{"t": 1784512825.4704614, "x": 2.0855634888148518, "y": 0.009803460197572965, "zone": null, "min_dist": 1.290196539802427}
{"t": 1784512825.6309993, "x": 2.0855634888148518, "y": 0.009803460197572965, "zone": null, "min_dist": 1.290196539802427}
{"t": 1784512825.7914524, "x": 2.0855634888148518, "y": 0.009803460197572965, "zone": null, "min_dist": 1.290196539802427}
{"t": 1784512825.951589, "x": 2.0855634888148518, "y": 0.009803460197572965, "zone": null, "min_dist": 1.290196539802427}
{"t": 1784512826.1033776, "x": 2.0855634888148518, "y": 0.009803460197572965, "zone": null, "min_dist": 1.290196539802427}
{"t": 1784512826.2639568, "x": 2.0855634888148518, "y": 0.009803460197572965, "zone": null, "min_dist": 1.290196539802427}
{"t": 1784512826.4242148, "x": 2.0855634888148518, "y": 0.009803460197572965, "zone": null, "min_dist": 1.290196539802427}
{"t": 1784512826.5845118, "x": 2.0855634888148518, "y": 0.009803460197572965, "zone": null, "min_dist": 1.290196539802427}
{"t": 1784512826.7452333, "x": 2.0855634888148518, "y": 0.009803460197572965, "zone": null, "min_dist": 1.290196539802427}
{"t": 1784512826.9212883, "x": 2.0855634888148518, "y": 0.009803460197572965, "zone": null, "min_dist": 1.290196539802427}
{"t": 1784512827.081201, "x": 2.0855634888148518, "y": 0.009803460197572965, "zone": null, "min_dist": 1.290196539802427}
{"t": 1784512827.2575479, "x": 2.0855634888148518, "y": 0.009803460197572965, "zone": null, "min_dist": 1.290196539802427}
{"t": 1784512827.409953, "x": 2.0855634888148518, "y": 0.009803460197572965, "zone": null, "min_dist": 1.290196539802427}
{"t": 1784512827.5699327, "x": 2.0855634888148518, "y": 0.009803460197572965, "zone": null, "min_dist": 1.290196539802427}
{"t": 1784512827.7300358, "x": 2.0855634888148518, "y": 0.009803460197572965, "zone": null, "min_dist": 1.290196539802427}
{"t": 1784512827.890202, "x": 2.0855634888148518, "y": 0.009803460197572965, "zone": null, "min_dist": 1.290196539802427}
{"t": 1784512828.0510557, "x": 2.0855634888148518, "y": 0.009803460197572965, "zone": null, "min_dist": 1.290196539802427}
{"t": 1784512828.210964, "x": 2.0855634888148518, "y": 0.009803460197572965, "zone": null, "min_dist": 1.290196539802427}
{"t": 1784512828.3711932, "x": 2.0855634888148518, "y": 0.009803460197572965, "zone": null, "min_dist": 1.290196539802427}
{"t": 1784512828.523508, "x": 2.0855634888148518, "y": 0.009803460197572965, "zone": null, "min_dist": 1.290196539802427}
{"t": 1784512828.683971, "x": 2.0855634888148518, "y": 0.009803460197572965, "zone": null, "min_dist": 1.290196539802427}
{"t": 1784512828.8441927, "x": 2.0855634888148518, "y": 0.009803460197572965, "zone": null, "min_dist": 1.290196539802427}
{"t": 1784512828.9965014, "x": 2.0855634888148518, "y": 0.009803460197572965, "zone": null, "min_dist": 1.290196539802427}
{"t": 1784512829.1485653, "x": 2.0855634888148518, "y": 0.009803460197572965, "zone": null, "min_dist": 1.290196539802427}
{"t": 1784512829.3008103, "x": 2.0855634888148518, "y": 0.009803460197572965, "zone": null, "min_dist": 1.290196539802427}
{"t": 1784512829.4528468, "x": 2.0855634888148518, "y": 0.009803460197572965, "zone": null, "min_dist": 1.290196539802427}
{"t": 1784512829.6050818, "x": 2.0855634888148518, "y": 0.009803460197572965, "zone": null, "min_dist": 1.290196539802427}
{"t": 1784512829.7576382, "x": 2.0855634888148518, "y": 0.009803460197572965, "zone": null, "min_dist": 1.290196539802427}
{"t": 1784512829.9173098, "x": 2.0855634888148518, "y": 0.009803460197572965, "zone": null, "min_dist": 1.290196539802427}
{"t": 1784512830.0696864, "x": 2.0855634888148518, "y": 0.009803460197572965, "zone": null, "min_dist": 1.290196539802427}
{"t": 1784512830.2218451, "x": 2.0855634888148518, "y": 0.009803460197572965, "zone": null, "min_dist": 1.290196539802427}
{"t": 1784512830.3741152, "x": 2.0855634888148518, "y": 0.009803460197572965, "zone": null, "min_dist": 1.290196539802427}
{"t": 1784512830.5348096, "x": 2.0855634888148518, "y": 0.009803460197572965, "zone": null, "min_dist": 1.290196539802427}
{"t": 1784512830.6949587, "x": 2.0855634888148518, "y": 0.009803460197572965, "zone": null, "min_dist": 1.290196539802427}
{"t": 1784512830.8553343, "x": 2.0855634888148518, "y": 0.009803460197572965, "zone": null, "min_dist": 1.290196539802427}
{"t": 1784512831.0157862, "x": 2.0855634888148518, "y": 0.009803460197572965, "zone": null, "min_dist": 1.290196539802427}
{"t": 1784512831.168027, "x": 2.0855634888148518, "y": 0.009803460197572965, "zone": null, "min_dist": 1.290196539802427}
{"t": 1784512831.3282273, "x": 2.0855634888148518, "y": 0.009803460197572965, "zone": null, "min_dist": 1.290196539802427}
{"t": 1784512831.4805694, "x": 2.0855634888148518, "y": 0.009803460197572965, "zone": null, "min_dist": 1.290196539802427}
{"t": 1784512831.6326163, "x": 2.0855634888148518, "y": 0.009803460197572965, "zone": null, "min_dist": 1.290196539802427}
{"t": 1784512831.7850964, "x": 2.0855634888148518, "y": 0.009803460197572965, "zone": null, "min_dist": 1.290196539802427}
{"t": 1784512831.9612114, "x": 2.0855634888148518, "y": 0.009803460197572965, "zone": null, "min_dist": 1.290196539802427}
{"t": 1784512832.1211882, "x": 2.0855634888148518, "y": 0.009803460197572965, "zone": null, "min_dist": 1.290196539802427}
{"t": 1784512832.2734475, "x": 2.0855634888148518, "y": 0.009803460197572965, "zone": null, "min_dist": 1.290196539802427}
{"t": 1784512832.4259915, "x": 2.0855634888148518, "y": 0.009803460197572965, "zone": null, "min_dist": 1.290196539802427}
{"t": 1784512832.5865328, "x": 2.0855634888148518, "y": 0.009803460197572965, "zone": null, "min_dist": 1.290196539802427}
{"t": 1784512832.7467198, "x": 2.0855634888148518, "y": 0.009803460197572965, "zone": null, "min_dist": 1.290196539802427}
{"t": 1784512832.9069934, "x": 2.0855634888148518, "y": 0.009803460197572965, "zone": null, "min_dist": 1.290196539802427}
{"t": 1784512833.0832334, "x": 2.0855634888148518, "y": 0.009803460197572965, "zone": null, "min_dist": 1.290196539802427}
{"t": 1784512833.2352474, "x": 2.0855634888148518, "y": 0.009803460197572965, "zone": null, "min_dist": 1.290196539802427}
{"t": 1784512833.387607, "x": 2.0855634888148518, "y": 0.009803460197572965, "zone": null, "min_dist": 1.290196539802427}
{"t": 1784512833.5478802, "x": 2.0855634888148518, "y": 0.009803460197572965, "zone": null, "min_dist": 1.290196539802427}
{"t": 1784512833.6999674, "x": 2.0855634888148518, "y": 0.009803460197572965, "zone": null, "min_dist": 1.290196539802427}
{"t": 1784512833.861264, "x": 2.0855634888148518, "y": 0.009803460197572965, "zone": null, "min_dist": 1.290196539802427}
{"t": 1784512834.0204327, "x": 2.0855634888148518, "y": 0.009803460197572965, "zone": null, "min_dist": 1.290196539802427}
{"t": 1784512834.173133, "x": 2.0855634888148518, "y": 0.009803460197572965, "zone": null, "min_dist": 1.290196539802427}
{"t": 1784512834.3490975, "x": 2.0855634888148518, "y": 0.009803460197572965, "zone": null, "min_dist": 1.290196539802427}
{"t": 1784512834.5254343, "x": 2.0855634888148518, "y": 0.009803460197572965, "zone": null, "min_dist": 1.290196539802427}
{"t": 1784512834.6853273, "x": 2.0855634888148518, "y": 0.009803460197572965, "zone": null, "min_dist": 1.290196539802427}
{"t": 1784512834.8457983, "x": 2.0855634888148518, "y": 0.009803460197572965, "zone": null, "min_dist": 1.290196539802427}
{"t": 1784512835.024195, "x": 2.0855634888148518, "y": 0.009803460197572965, "zone": null, "min_dist": 1.290196539802427}
