{"t": 1784513044.9252462, "x": -1.3900064447369377e-11, "y": -1.3561942247038412e-13, "zone": null, "min_dist": 1.64012194669404}
{"t": 1784513045.0775502, "x": -1.3900064447369377e-11, "y": -1.3561942247038412e-13, "zone": null, "min_dist": 1.64012194669404}
{"t": 1784513045.2374613, "x": -1.3900064447369377e-11, "y": -1.3561942247038412e-13, "zone": null, "min_dist": 1.64012194669404}
{"t": 1784513045.397585, "x": -1.3900064447369377e-11, "y": -1.3561942247038412e-13, "zone": null, "min_dist": 1.64012194669404}
{"t": 1784513045.5498867, "x": -1.3900064447369377e-11, "y": -1.3561942247038412e-13, "zone": null, "min_dist": 1.64012194669404}
{"t": 1784513045.7273562, "x": -1.3900064447369377e-11, "y": -1.3561942247038412e-13, "zone": null, "min_dist": 1.64012194669404}
{"t": 1784513045.8864942, "x": -1.3900064447369377e-11, "y": -1.3561942247038412e-13, "zone": null, "min_dist": 1.64012194669404}
{"t": 1784513046.0467632, "x": -1.3900064447369377e-11, "y": -1.3561942247038412e-13, "zone": null, "min_dist": 1.64012194669404}
{"t": 1784513046.3041642, "x": -1.3900064447369377e-11, "y": -1.3561942247038412e-13, "zone": null, "min_dist": 1.64012194669404}
{"t": 1784513046.463426, "x": -1.3900064447369377e-11, "y": -1.3561942247038412e-13, "zone": null, "min_dist": 1.64012194669404}
{"t": 1784513046.615431, "x": -1.3900064447369377e-11, "y": -1.3561942247038412e-13, "zone": null, "min_dist": 1.64012194669404}
{"t": 1784513046.7676144, "x": -1.3900064447369377e-11, "y": -1.3561942247038412e-13, "zone": null, "min_dist": 1.64012194669404}
{"t": 1784513046.920315, "x": -1.3900064447369377e-11, "y": -1.3561942247038412e-13, "zone": null, "min_dist": 1.64012194669404}
{"t": 1784513047.080217, "x": 0.0006164962856372057, "y": -2.757929152232136e-07, "zone": null, "min_dist": 1.6397459164257409}
{"t": 1784513047.240652, "x": 0.01629239641507095, "y": -0.00020539562312021535, "zone": null, "min_dist": 1.6300756617157541}
{"t": 1784513047.3926246, "x": 0.04336523668196327, "y": -0.0010027560172427698, "zone": null, "min_dist": 1.6132401898859807}
{"t": 1784513047.5531294, "x": 0.07669690674634372, "y": -0.0020257444595307593, "zone": null, "min_dist": 1.5928671539264048}
{"t": 1784513047.7298148, "x": 0.11351821374635639, "y": -0.003155833629724608, "zone": null, "min_dist": 1.5708770636838725}
{"t": 1784513047.8901906, "x": 0.14795766512274167, "y": -0.004212820358836669, "zone": null, "min_dist": 1.5508193174401363}
{"t": 1784513048.0420263, "x": 0.17963647035172942, "y": -0.005184220303124286, "zone": null, "min_dist": 1.532822306769117}
{"t": 1784513048.2023468, "x": 0.2134433046100742, "y": -0.006015682522016257, "zone": null, "min_dist": 1.5142875714149158}
{"t": 1784513048.378996, "x": 0.25117846050506526, "y": -0.006177578124677317, "zone": null, "min_dist": 1.4948946977492727}
{"t": 1784513048.5386767, "x": 0.28479517838253354, "y": -0.005512395702163207, "zone": null, "min_dist": 1.4789239650994992}
{"t": 1784513048.7153199, "x": 0.32285598151463124, "y": -0.003982838847039226, "zone": null, "min_dist": 1.4622532283340985}
{"t": 1784513048.8916597, "x": 0.35996297955068823, "y": -0.0023710899969586145, "zone": null, "min_dist": 1.4468891372946697}
{"t": 1784513049.0513902, "x": 0.3944500418439337, "y": -0.0008731385744889363, "zone": null, "min_dist": 1.4333252784696546}
{"t": 1784513049.3049557, "x": 0.43199434227818884, "y": 0.0007576042453512746, "zone": null, "min_dist": 1.4179778665868754}
{"t": 1784513049.46054, "x": 0.4818437621108778, "y": 0.0029228220370560998, "zone": null, "min_dist": 1.3967444621174352}
{"t": 1784513049.6128, "x": 0.513672458427694, "y": 0.004305306522618917, "zone": null, "min_dist": 1.3839578087489546}
{"t": 1784513049.7733738, "x": 0.5474224727326981, "y": 0.0057712437443463264, "zone": null, "min_dist": 1.3710778576384501}
{"t": 1784513049.942414, "x": 0.5818808719223554, "y": 0.0072679494930437145, "zone": null, "min_dist": 1.3586683773726134}
{"t": 1784513050.1017656, "x": 0.6148299541100831, "y": 0.00869909785316891, "zone": null, "min_dist": 1.3475214225147074}
{"t": 1784513050.2626715, "x": 0.649160622005698, "y": 0.010190256094048306, "zone": null, "min_dist": 1.3366740233228764}
{"t": 1784513050.4227064, "x": 0.6837402285065373, "y": 0.011692227073618515, "zone": null, "min_dist": 1.32655838953573}
{"t": 1784513050.5827193, "x": 0.7160349220789087, "y": 0.013094951816331519, "zone": null, "min_dist": 1.3178621963313697}
{"t": 1784513050.7351654, "x": 0.7487063430376296, "y": 0.014514040356508898, "zone": null, "min_dist": 1.3098177943783131}
{"t": 1784513050.8953805, "x": 0.7836594021631139, "y": 0.016032232403391668, "zone": null, "min_dist": 1.3020662358341988}
{"t": 1784513051.0555303, "x": 0.8160433646745995, "y": 0.017438834617909, "zone": null, "min_dist": 1.2956863766461812}
{"t": 1784513051.232193, "x": 0.8530610935745521, "y": 0.01904670553227977, "zone": null, "min_dist": 1.2893534755175606}
{"t": 1784513051.384334, "x": 0.8854548538828249, "y": 0.020453733748169278, "zone": null, "min_dist": 1.2846630834495112}
{"t": 1784513051.544463, "x": 0.9195750421043869, "y": 0.02193574965232887, "zone": null, "min_dist": 1.2805922074842038}
{"t": 1784513051.720829, "x": 0.9567713089832449, "y": 0.023551375518846306, "zone": null, "min_dist": 1.2771804142981724}
{"t": 1784513051.8973765, "x": 0.9938848298519657, "y": 0.025163407183668433, "zone": null, "min_dist": 1.2748512594375443}
{"t": 1784513052.0491161, "x": 1.025538291436112, "y": 0.02653828018822775, "zone": null, "min_dist": 1.2734617198117724}
{"t": 1784513052.3066895, "x": 1.0595626321929723, "y": 0.02801613293110249, "zone": null, "min_dist": 1.2719838670688977}
{"t": 1784513052.4663184, "x": 1.1131392442285397, "y": 0.030343241544560758, "zone": null, "min_dist": 1.2696567584554392}
{"t": 1784513052.6184037, "x": 1.145533004498246, "y": 0.03175026975874705, "zone": null, "min_dist": 1.268249730241253}
{"t": 1784513052.7786934, "x": 1.1780059941272674, "y": 0.0331607388569885, "zone": null, "min_dist": 1.2668392611430115}
{"t": 1784513052.938912, "x": 1.2083117577593905, "y": 0.034477073582901474, "zone": null, "min_dist": 1.2655229264170986}
{"t": 1784513053.091399, "x": 1.2405452661430965, "y": 0.03580496845334791, "zone": null, "min_dist": 1.2641950315466521}
{"t": 1784513053.2512121, "x": 1.2733620290855687, "y": 0.03692640803456914, "zone": null, "min_dist": 1.263073591965431}
{"t": 1784513053.4116826, "x": 1.3074832674176031, "y": 0.037398419181955196, "zone": null, "min_dist": 1.2626015808180449}
{"t": 1784513053.5727084, "x": 1.3417290367273773, "y": 0.03711165779781817, "zone": null, "min_dist": 1.262888342202182}
{"t": 1784513053.7244482, "x": 1.3731350858090003, "y": 0.03685224543463506, "zone": null, "min_dist": 1.2631477545653649}
{"t": 1784513053.8765688, "x": 1.4052509013608538, "y": 0.03725966190110312, "zone": null, "min_dist": 1.2627403380988969}
{"t": 1784513054.0285892, "x": 1.4374065823270716, "y": 0.03836937074694799, "zone": null, "min_dist": 1.2616306292530521}
{"t": 1784513054.188694, "x": 1.4701074703816404, "y": 0.040201703059291126, "zone": null, "min_dist": 1.2597982969407089}
{"t": 1784513054.349224, "x": 1.504649253690447, "y": 0.042494966331951815, "zone": null, "min_dist": 1.2575050336680482}
{"t": 1784513054.525275, "x": 1.5417846042549177, "y": 0.045301161216643016, "zone": null, "min_dist": 1.254698838783357}
{"t": 1784513054.685803, "x": 1.5753174497754725, "y": 0.047836332249040964, "zone": null, "min_dist": 1.252163667750959}
{"t": 1784513054.846179, "x": 1.6086557518662263, "y": 0.05035679518280282, "zone": null, "min_dist": 1.2496432048171973}
{"t": 1784513055.006297, "x": 1.6428351729859332, "y": 0.05294084906050739, "zone": null, "min_dist": 1.2470591509394926}
{"t": 1784513055.16674, "x": 1.6759985466682834, "y": 0.055448086751420385, "zone": null, "min_dist": 1.2445519132485796}
{"t": 1784513055.326948, "x": 1.7099866935595551, "y": 0.05801767976552608, "zone": null, "min_dist": 1.241982320234474}
{"t": 1784513055.4874704, "x": 1.7445004084615547, "y": 0.06062700723716122, "zone": null, "min_dist": 1.2393729927628387}
{"t": 1784513055.6471472, "x": 1.7778166400938824, "y": 0.06314580144314429, "zone": null, "min_dist": 1.2368541985568557}
{"t": 1784513055.8077302, "x": 1.8110020564792062, "y": 0.06565470567769827, "zone": null, "min_dist": 1.234345294322302}
{"t": 1784513055.967885, "x": 1.8444425616826206, "y": 0.06818289532881394, "zone": null, "min_dist": 1.231817104671186}
{"t": 1784513056.1282842, "x": 1.877695034044277, "y": 0.0706968691655257, "zone": null, "min_dist": 1.2293031308344744}
{"t": 1784513056.2886176, "x": 1.909701592289327, "y": 0.07311664833017614, "zone": null, "min_dist": 1.2268833516698239}
{"t": 1784513056.44883, "x": 1.9411753271986674, "y": 0.07545804617608792, "zone": null, "min_dist": 1.2245419538239122}
{"t": 1784513056.6097045, "x": 1.97526306408776, "y": 0.07766815346015526, "zone": null, "min_dist": 1.2223318465398447}
{"t": 1784513056.7699397, "x": 2.0086562850613294, "y": 0.0791095293672955, "zone": null, "min_dist": 1.2208904706327046}
{"t": 1784513056.9218967, "x": 2.040702500735709, "y": 0.07974324393636173, "zone": null, "min_dist": 1.2202567560636384}
{"t": 1784513057.0740952, "x": 2.073185751989267, "y": 0.07967887275673045, "zone": null, "min_dist": 1.2203211272432697}
{"t": 1784513057.2264218, "x": 2.1056011443592597, "y": 0.0792892242477826, "zone": null, "min_dist": 1.2207107757522175}
{"t": 1784513057.3863955, "x": 2.1406772376537275, "y": 0.07886598286569549, "zone": null, "min_dist": 1.2211340171343046}
{"t": 1784513057.5462563, "x": 2.1730606827702523, "y": 0.07847523143507108, "zone": null, "min_dist": 1.2215247685649289}
{"t": 1784513057.7065804, "x": 2.2064056238901726, "y": 0.07807287854317455, "zone": null, "min_dist": 1.2219271214568255}
{"t": 1784513057.8835547, "x": 2.243816049427692, "y": 0.07762147023955109, "zone": null, "min_dist": 1.222378529760449}
{"t": 1784513058.0431573, "x": 2.26788228946446, "y": 0.07733107591566278, "zone": null, "min_dist": 1.2226689240843374}
{"t": 1784513058.2036502, "x": 2.279149463118349, "y": 0.07719511973133432, "zone": null, "min_dist": 1.2228048802686657}
{"t": 1784513058.3558285, "x": 2.2800725937857256, "y": 0.07718398062693636, "zone": null, "min_dist": 1.2228160193730637}
{"t": 1784513058.5080538, "x": 2.2800725937857256, "y": 0.07718398062693636, "zone": null, "min_dist": 1.2228160193730637}
{"t": 1784513058.6684346, "x": 2.2800725937857256, "y": 0.07718398062693636, "zone": null, "min_dist": 1.2228160193730637}
{"t": 1784513058.8287868, "x": 2.2800725937857256, "y": 0.07718398062693636, "zone": null, "min_dist": 1.2228160193730637}
{"t": 1784513058.9892318, "x": 2.2800725937857256, "y": 0.07718398062693636, "zone": null, "min_dist": 1.2228160193730637}
{"t": 1784513059.1418333, "x": 2.2800725937857256, "y": 0.07718398062693636, "zone": null, "min_dist": 1.2228160193730637}
{"t": 1784513059.3017633, "x": 2.2800725937857256, "y": 0.07718398062693636, "zone": null, "min_dist": 1.2228160193730637}
{"t": 1784513059.4621906, "x": 2.2800725937857256, "y": 0.07718398062693636, "zone": null, "min_dist": 1.2228160193730637}
{"t": 1784513059.6223233, "x": 2.2800725937857256, "y": 0.07718398062693636, "zone": null, "min_dist": 1.2228160193730637}
{"t": 1784513059.7825081, "x": 2.2800725937857256, "y": 0.07718398062693636, "zone": null, "min_dist": 1.2228160193730637}
{"t": 1784513059.942662, "x": 2.2800725937857256, "y": 0.07718398062693636, "zone": null, "min_dist": 1.2228160193730637}
{"t": 1784513060.0948222, "x": 2.2800725937857256, "y": 0.07718398062693636, "zone": null, "min_dist": 1.2228160193730637}
{"t": 1784513060.247253, "x": 2.2800725937857256, "y": 0.07718398062693636, "zone": null, "min_dist": 1.2228160193730637}
{"t": 1784513060.3992646, "x": 2.2800725937857256, "y": 0.07718398062693636, "zone": null, "min_dist": 1.2228160193730637}
{"t": 1784513060.551523, "x": 2.2800725937857256, "y": 0.07718398062693636, "zone": null, "min_dist": 1.2228160193730637}
{"t": 1784513060.7043457, "x": 2.2800725937857256, "y": 0.07718398062693636, "zone": null, "min_dist": 1.2228160193730637}
{"t": 1784513060.8643193, "x": 2.2800725937857256, "y": 0.07718398062693636, "zone": null, "min_dist": 1.2228160193730637}
{"t": 1784513061.0245714, "x": 2.2800725937857256, "y": 0.07718398062693636, "zone": null, "min_dist": 1.2228160193730637}
{"t": 1784513061.1848993, "x": 2.2800725937857256, "y": 0.07718398062693636, "zone": null, "min_dist": 1.2228160193730637}
{"t": 1784513061.3375022, "x": 2.2800725937857256, "y": 0.07718398062693636, "zone": null, "min_dist": 1.2228160193730637}
{"t": 1784513061.4975164, "x": 2.2800725937857256, "y": 0.07718398062693636, "zone": null, "min_dist": 1.2228160193730637}
{"t": 1784513061.649746, "x": 2.2800725937857256, "y": 0.07718398062693636, "zone": null, "min_dist": 1.2228160193730637}
{"t": 1784513061.8100128, "x": 2.2800725937857256, "y": 0.07718398062693636, "zone": null, "min_dist": 1.2228160193730637}
{"t": 1784513061.9867976, "x": 2.2800725937857256, "y": 0.07718398062693636, "zone": null, "min_dist": 1.2228160193730637}
{"t": 1784513062.1626832, "x": 2.2800725937857256, "y": 0.07718398062693636, "zone": null, "min_dist": 1.2228160193730637}
{"t": 1784513062.3231091, "x": 2.2800725937857256, "y": 0.07718398062693636, "zone": null, "min_dist": 1.2228160193730637}
{"t": 1784513062.4835665, "x": 2.2800725937857256, "y": 0.07718398062693636, "zone": null, "min_dist": 1.2228160193730637}
{"t": 1784513062.643363, "x": 2.2800725937857256, "y": 0.07718398062693636, "zone": null, "min_dist": 1.2228160193730637}
{"t": 1784513062.8036642, "x": 2.2800725937857256, "y": 0.07718398062693636, "zone": null, "min_dist": 1.2228160193730637}
{"t": 1784513062.980333, "x": 2.2800725937857256, "y": 0.07718398062693636, "zone": null, "min_dist": 1.2228160193730637}
{"t": 1784513063.1324928, "x": 2.2800725937857256, "y": 0.07718398062693636, "zone": null, "min_dist": 1.2228160193730637}
{"t": 1784513063.2845957, "x": 2.2800725937857256, "y": 0.07718398062693636, "zone": null, "min_dist": 1.2228160193730637}
{"t": 1784513063.4446797, "x": 2.2800725937857256, "y": 0.07718398062693636, "zone": null, "min_dist": 1.2228160193730637}
{"t": 1784513063.596828, "x": 2.2800725937857256, "y": 0.07718398062693636, "zone": null, "min_dist": 1.2228160193730637}
{"t": 1784513063.7494714, "x": 2.2800725937857256, "y": 0.07718398062693636, "zone": null, "min_dist": 1.2228160193730637}
{"t": 1784513063.9092724, "x": 2.2800725937857256, "y": 0.07718398062693636, "zone": null, "min_dist": 1.2228160193730637}
{"t": 1784513064.0693574, "x": 2.2800725937857256, "y": 0.07718398062693636, "zone": null, "min_dist": 1.2228160193730637}
{"t": 1784513064.22967, "x": 2.2800725937857256, "y": 0.07718398062693636, "zone": null, "min_dist": 1.2228160193730637}
{"t": 1784513064.3905551, "x": 2.2800725937857256, "y": 0.07718398062693636, "zone": null, "min_dist": 1.2228160193730637}
{"t": 1784513064.5424519, "x": 2.2800725937857256, "y": 0.07718398062693636, "zone": null, "min_dist": 1.2228160193730637}
{"t": 1784513064.703016, "x": 2.2800725937857256, "y": 0.07718398062693636, "zone": null, "min_dist": 1.2228160193730637}
{"t": 1784513064.8796616, "x": 2.2800725937857256, "y": 0.07718398062693636, "zone": null, "min_dist": 1.2228160193730637}
{"t": 1784513065.0394473, "x": 2.2800725937857256, "y": 0.07718398062693636, "zone": null, "min_dist": 1.2228160193730637}
{"t": 1784513065.1996288, "x": 2.2800725937857256, "y": 0.07718398062693636, "zone": null, "min_dist": 1.2228160193730637}
{"t": 1784513065.3520932, "x": 2.2800725937857256, "y": 0.07718398062693636, "zone": null, "min_dist": 1.2228160193730637}
{"t": 1784513065.5123463, "x": 2.2800725937857256, "y": 0.07718398062693636, "zone": null, "min_dist": 1.2228160193730637}
{"t": 1784513065.6725845, "x": 2.2800725937857256, "y": 0.07718398062693636, "zone": null, "min_dist": 1.2228160193730637}
{"t": 1784513065.832716, "x": 2.2800725937857256, "y": 0.07718398062693636, "zone": null, "min_dist": 1.2228160193730637}
{"t": 1784513065.9934125, "x": 2.2800725937857256, "y": 0.07718398062693636, "zone": null, "min_dist": 1.2228160193730637}
{"t": 1784513066.1536016, "x": 2.2800725937857256, "y": 0.07718398062693636, "zone": null, "min_dist": 1.2228160193730637}
{"t": 1784513066.3138921, "x": 2.2800725937857256, "y": 0.07718398062693636, "zone": null, "min_dist": 1.2228160193730637}
{"t": 1784513066.474039, "x": 2.2800725937857256, "y": 0.07718398062693636, "zone": null, "min_dist": 1.2228160193730637}
{"t": 1784513066.6341987, "x": 2.2800725937857256, "y": 0.07718398062693636, "zone": null, "min_dist": 1.2228160193730637}
{"t": 1784513066.7943513, "x": 2.2800725937857256, "y": 0.07718398062693636, "zone": null, "min_dist": 1.2228160193730637}
{"t": 1784513066.9544806, "x": 2.2800725937857256, "y": 0.07718398062693636, "zone": null, "min_dist": 1.2228160193730637}
{"t": 1784513067.1067963, "x": 2.2800725937857256, "y": 0.07718398062693636, "zone": null, "min_dist": 1.2228160193730637}
{"t": 1784513067.2672763, "x": 2.2800725937857256, "y": 0.07718398062693636, "zone": null, "min_dist": 1.2228160193730637}
{"t": 1784513067.4273796, "x": 2.2800725937857256, "y": 0.07718398062693636, "zone": null, "min_dist": 1.2228160193730637}
{"t": 1784513067.587793, "x": 2.2800725937857256, "y": 0.07718398062693636, "zone": null, "min_dist": 1.2228160193730637}
{"t": 1784513067.7643754, "x": 2.2800725937857256, "y": 0.07718398062693636, "zone": null, "min_dist": 1.2228160193730637}
{"t": 1784513067.916286, "x": 2.2800725937857256, "y": 0.07718398062693636, "zone": null, "min_dist": 1.2228160193730637}
{"t": 1784513068.0686574, "x": 2.2800725937857256, "y": 0.07718398062693636, "zone": null, "min_dist": 1.2228160193730637}
{"t": 1784513068.245286, "x": 2.2800725937857256, "y": 0.07718398062693636, "zone": null, "min_dist": 1.2228160193730637}
{"t": 1784513068.397688, "x": 2.2800725937857256, "y": 0.07718398062693636, "zone": null, "min_dist": 1.2228160193730637}
{"t": 1784513068.5499911, "x": 2.2800725937857256, "y": 0.07718398062693636, "zone": null, "min_dist": 1.2228160193730637}
{"t": 1784513068.7102618, "x": 2.2800725937857256, "y": 0.07718398062693636, "zone": null, "min_dist": 1.2228160193730637}
{"t": 1784513068.8703792, "x": 2.2800725937857256, "y": 0.07718398062693636, "zone": null, "min_dist": 1.2228160193730637}
{"t": 1784513069.0303714, "x": 2.2800725937857256, "y": 0.07718398062693636, "zone": null, "min_dist": 1.2228160193730637}
{"t": 1784513069.190243, "x": 2.2800725937857256, "y": 0.07718398062693636, "zone": null, "min_dist": 1.2228160193730637}
{"t": 1784513069.3668728, "x": 2.2800725937857256, "y": 0.07718398062693636, "zone": null, "min_dist": 1.2228160193730637}
{"t": 1784513069.519046, "x": 2.2800725937857256, "y": 0.07718398062693636, "zone": null, "min_dist": 1.2228160193730637}
{"t": 1784513069.671686, "x": 2.2800725937857256, "y": 0.07718398062693636, "zone": null, "min_dist": 1.2228160193730637}
{"t": 1784513069.8322132, "x": 2.2800725937857256, "y": 0.07718398062693636, "zone": null, "min_dist": 1.2228160193730637}
{"t": 1784513069.9922748, "x": 2.2800725937857256, "y": 0.07718398062693636, "zone": null, "min_dist": 1.2228160193730637}
{"t": 1784513070.144456, "x": 2.2800725937857256, "y": 0.07718398062693636, "zone": null, "min_dist": 1.2228160193730637}
{"t": 1784513070.2965813, "x": 2.2800725937857256, "y": 0.07718398062693636, "zone": null, "min_dist": 1.2228160193730637}
{"t": 1784513070.4566805, "x": 2.2800725937857256, "y": 0.07718398062693636, "zone": null, "min_dist": 1.2228160193730637}
{"t": 1784513070.609392, "x": 2.2800725937857256, "y": 0.07718398062693636, "zone": null, "min_dist": 1.2228160193730637}
{"t": 1784513070.769389, "x": 2.2800725937857256, "y": 0.07718398062693636, "zone": null, "min_dist": 1.2228160193730637}
{"t": 1784513070.9297466, "x": 2.2800725937857256, "y": 0.07718398062693636, "zone": null, "min_dist": 1.2228160193730637}
{"t": 1784513071.0896435, "x": 2.2800725937857256, "y": 0.07718398062693636, "zone": null, "min_dist": 1.2228160193730637}
{"t": 1784513071.250028, "x": 2.2800725937857256, "y": 0.07718398062693636, "zone": null, "min_dist": 1.2228160193730637}
{"t": 1784513071.4023063, "x": 2.2800725937857256, "y": 0.07718398062693636, "zone": null, "min_dist": 1.2228160193730637}
{"t": 1784513071.5631201, "x": 2.2800725937857256, "y": 0.07718398062693636, "zone": null, "min_dist": 1.2228160193730637}
{"t": 1784513071.739487, "x": 2.2800725937857256, "y": 0.07718398062693636, "zone": null, "min_dist": 1.2228160193730637}
{"t": 1784513071.8994176, "x": 2.2800725937857256, "y": 0.07718398062693636, "zone": null, "min_dist": 1.2228160193730637}
{"t": 1784513072.0597916, "x": 2.2800725937857256, "y": 0.07718398062693636, "zone": null, "min_dist": 1.2228160193730637}
{"t": 1784513072.2120118, "x": 2.2800725937857256, "y": 0.07718398062693636, "zone": null, "min_dist": 1.2228160193730637}
{"t": 1784513072.3652122, "x": 2.2800725937857256, "y": 0.07718398062693636, "zone": null, "min_dist": 1.2228160193730637}
{"t": 1784513072.5164444, "x": 2.2800725937857256, "y": 0.07718398062693636, "zone": null, "min_dist": 1.2228160193730637}
{"t": 1784513072.6691613, "x": 2.2800725937857256, "y": 0.07718398062693636, "zone": null, "min_dist": 1.2228160193730637}
{"t": 1784513072.8291442, "x": 2.2800725937857256, "y": 0.07718398062693636, "zone": null, "min_dist": 1.2228160193730637}
{"t": 1784513072.9813943, "x": 2.2800725937857256, "y": 0.07718398062693636, "zone": null, "min_dist": 1.2228160193730637}
{"t": 1784513073.1336944, "x": 2.2800725937857256, "y": 0.07718398062693636, "zone": null, "min_dist": 1.2228160193730637}
{"t": 1784513073.2942324, "x": 2.2800725937857256, "y": 0.07718398062693636, "zone": null, "min_dist": 1.2228160193730637}
{"t": 1784513073.4707355, "x": 2.2800725937857256, "y": 0.07718398062693636, "zone": null, "min_dist": 1.2228160193730637}
{"t": 1784513073.622505, "x": 2.2800725937857256, "y": 0.07718398062693636, "zone": null, "min_dist": 1.2228160193730637}
{"t": 1784513073.7828155, "x": 2.2800725937857256, "y": 0.07718398062693636, "zone": null, "min_dist": 1.2228160193730637}
{"t": 1784513073.9356287, "x": 2.2800725937857256, "y": 0.07718398062693636, "zone": null, "min_dist": 1.2228160193730637}
{"t": 1784513074.0878966, "x": 2.2800725937857256, "y": 0.07718398062693636, "zone": null, "min_dist": 1.2228160193730637}
{"t": 1784513074.2654517, "x": 2.2800725937857256, "y": 0.07718398062693636, "zone": null, "min_dist": 1.2228160193730637}
{"t": 1784513074.4160507, "x": 2.2800725937857256, "y": 0.07718398062693636, "zone": null, "min_dist": 1.2228160193730637}
{"t": 1784513074.5689836, "x": 2.2800725937857256, "y": 0.07718398062693636, "zone": null, "min_dist": 1.2228160193730637}
{"t": 1784513074.7208166, "x": 2.2800725937857256, "y": 0.07718398062693636, "zone": null, "min_dist": 1.2228160193730637}
{"t": 1784513074.8733406, "x": 2.2800725937857256, "y": 0.07718398062693636, "zone": null, "min_dist": 1.2228160193730637}
{"t": 1784513075.0253003, "x": 2.2800725937857256, "y": 0.07718398062693636, "zone": null, "min_dist": 1.2228160193730637}
{"t": 1784513075.1774306, "x": 2.2800725937857256, "y": 0.07718398062693636, "zone": null, "min_dist": 1.2228160193730637}
{"t": 1784513075.3377948, "x": 2.2800725937857256, "y": 0.07718398062693636, "zone": null, "min_dist": 1.2228160193730637}
{"t": 1784513075.4980905, "x": 2.2800725937857256, "y": 0.07718398062693636, "zone": null, "min_dist": 1.2228160193730637}
{"t": 1784513075.6751084, "x": 2.2800725937857256, "y": 0.07718398062693636, "zone": null, "min_dist": 1.2228160193730637}
{"t": 1784513075.8345027, "x": 2.2800725937857256, "y": 0.07718398062693636, "zone": null, "min_dist": 1.2228160193730637}
{"t": 1784513075.9947834, "x": 2.2800725937857256, "y": 0.07718398062693636, "zone": null, "min_dist": 1.2228160193730637}
{"t": 1784513076.1470585, "x": 2.2800725937857256, "y": 0.07718398062693636, "zone": null, "min_dist": 1.2228160193730637}
{"t": 1784513076.3076046, "x": 2.2800725937857256, "y": 0.07718398062693636, "zone": null, "min_dist": 1.2228160193730637}
{"t": 1784513076.467996, "x": 2.2800725937857256, "y": 0.07718398062693636, "zone": null, "min_dist": 1.2228160193730637}
{"t": 1784513076.6279883, "x": 2.2800725937857256, "y": 0.07718398062693636, "zone": null, "min_dist": 1.2228160193730637}
{"t": 1784513076.7802002, "x": 2.2800725937857256, "y": 0.07718398062693636, "zone": null, "min_dist": 1.2228160193730637}
{"t": 1784513076.932314, "x": 2.2800725937857256, "y": 0.07718398062693636, "zone": null, "min_dist": 1.2228160193730637}
{"t": 1784513077.0848377, "x": 2.2800725937857256, "y": 0.07718398062693636, "zone": null, "min_dist": 1.2228160193730637}
{"t": 1784513077.2377918, "x": 2.2800725937857256, "y": 0.07718398062693636, "zone": null, "min_dist": 1.2228160193730637}
{"t": 1784513077.3973663, "x": 2.2800725937857256, "y": 0.07718398062693636, "zone": null, "min_dist": 1.2228160193730637}
{"t": 1784513077.55799, "x": 2.2800725937857256, "y": 0.07718398062693636, "zone": null, "min_dist": 1.2228160193730637}
{"t": 1784513077.7183692, "x": 2.2800725937857256, "y": 0.07718398062693636, "zone": null, "min_dist": 1.2228160193730637}
{"t": 1784513077.8784566, "x": 2.2800725937857256, "y": 0.07718398062693636, "zone": null, "min_dist": 1.2228160193730637}
{"t": 1784513078.0303416, "x": 2.2800725937857256, "y": 0.07718398062693636, "zone": null, "min_dist": 1.2228160193730637}
{"t": 1784513078.1910768, "x": 2.2800725937857256, "y": 0.07718398062693636, "zone": null, "min_dist": 1.2228160193730637}
{"t": 1784513078.3512073, "x": 2.2800725937857256, "y": 0.07718398062693636, "zone": null, "min_dist": 1.2228160193730637}
{"t": 1784513078.5113158, "x": 2.2800725937857256, "y": 0.07718398062693636, "zone": null, "min_dist": 1.2228160193730637}
{"t": 1784513078.6634727, "x": 2.2800725937857256, "y": 0.07718398062693636, "zone": null, "min_dist": 1.2228160193730637}
{"t": 1784513078.823764, "x": 2.2800725937857256, "y": 0.07718398062693636, "zone": null, "min_dist": 1.2228160193730637}
{"t": 1784513078.9845173, "x": 2.2800725937857256, "y": 0.07718398062693636, "zone": null, "min_dist": 1.2228160193730637}
{"t": 1784513079.160429, "x": 2.2800725937857256, "y": 0.07718398062693636, "zone": null, "min_dist": 1.2228160193730637}
{"t": 1784513079.3367078, "x": 2.2800725937857256, "y": 0.07718398062693636, "zone": null, "min_dist": 1.2228160193730637}
{"t": 1784513079.4969018, "x": 2.2800725937857256, "y": 0.07718398062693636, "zone": null, "min_dist": 1.2228160193730637}
{"t": 1784513079.6574326, "x": 2.2800725937857256, "y": 0.07718398062693636, "zone": null, "min_dist": 1.2228160193730637}
{"t": 1784513079.8093386, "x": 2.2800725937857256, "y": 0.07718398062693636, "zone": null, "min_dist": 1.2228160193730637}
{"t": 1784513079.9613726, "x": 2.2800725937857256, "y": 0.07718398062693636, "zone": null, "min_dist": 1.2228160193730637}
{"t": 1784513080.1140118, "x": 2.2800725937857256, "y": 0.07718398062693636, "zone": null, "min_dist": 1.2228160193730637}
{"t": 1784513080.2740483, "x": 2.2800725937857256, "y": 0.07718398062693636, "zone": null, "min_dist": 1.2228160193730637}
{"t": 1784513080.4342735, "x": 2.2800725937857256, "y": 0.07718398062693636, "zone": null, "min_dist": 1.2228160193730637}
{"t": 1784513080.5948591, "x": 2.2800725937857256, "y": 0.07718398062693636, "zone": null, "min_dist": 1.2228160193730637}
{"t": 1784513080.7708702, "x": 2.2800725937857256, "y": 0.07718398062693636, "zone": null, "min_dist": 1.2228160193730637}
{"t": 1784513080.9230666, "x": 2.2800725937857256, "y": 0.07718398062693636, "zone": null, "min_dist": 1.2228160193730637}
{"t": 1784513081.0837734, "x": 2.2800725937857256, "y": 0.07718398062693636, "zone": null, "min_dist": 1.2228160193730637}
{"t": 1784513081.244207, "x": 2.2800725937857256, "y": 0.07718398062693636, "zone": null, "min_dist": 1.2228160193730637}
{"t": 1784513081.3961225, "x": 2.2800725937857256, "y": 0.07718398062693636, "zone": null, "min_dist": 1.2228160193730637}
{"t": 1784513081.5562155, "x": 2.2800725937857256, "y": 0.07718398062693636, "zone": null, "min_dist": 1.2228160193730637}
{"t": 1784513081.7167134, "x": 2.2800725937857256, "y": 0.07718398062693636, "zone": null, "min_dist": 1.2228160193730637}
{"t": 1784513081.868826, "x": 2.2800725937857256, "y": 0.07718398062693636, "zone": null, "min_dist": 1.2228160193730637}
{"t": 1784513082.0294704, "x": 2.2800725937857256, "y": 0.07718398062693636, "zone": null, "min_dist": 1.2228160193730637}
{"t": 1784513082.1898215, "x": 2.2800725937857256, "y": 0.07718398062693636, "zone": null, "min_dist": 1.2228160193730637}
{"t": 1784513082.341792, "x": 2.2800725937857256, "y": 0.07718398062693636, "zone": null, "min_dist": 1.2228160193730637}
{"t": 1784513082.5020776, "x": 2.2800725937857256, "y": 0.07718398062693636, "zone": null, "min_dist": 1.2228160193730637}
{"t": 1784513082.6785686, "x": 2.2800725937857256, "y": 0.07718398062693636, "zone": null, "min_dist": 1.2228160193730637}
{"t": 1784513082.838623, "x": 2.2800725937857256, "y": 0.07718398062693636, "zone": null, "min_dist": 1.2228160193730637}
{"t": 1784513082.990854, "x": 2.2800725937857256, "y": 0.07718398062693636, "zone": null, "min_dist": 1.2228160193730637}
{"t": 1784513083.1432738, "x": 2.2800725937857256, "y": 0.07718398062693636, "zone": null, "min_dist": 1.2228160193730637}
{"t": 1784513083.3194115, "x": 2.2800725937857256, "y": 0.07718398062693636, "zone": null, "min_dist": 1.2228160193730637}
{"t": 1784513083.471649, "x": 2.2800725937857256, "y": 0.07718398062693636, "zone": null, "min_dist": 1.2228160193730637}
{"t": 1784513083.6243045, "x": 2.2800725937857256, "y": 0.07718398062693636, "zone": null, "min_dist": 1.2228160193730637}
{"t": 1784513083.7846305, "x": 2.2800725937857256, "y": 0.07718398062693636, "zone": null, "min_dist": 1.2228160193730637}
{"t": 1784513083.9445567, "x": 2.2800725937857256, "y": 0.07718398062693636, "zone": null, "min_dist": 1.2228160193730637}
{"t": 1784513084.0969586, "x": 2.2800725937857256, "y": 0.07718398062693636, "zone": null, "min_dist": 1.2228160193730637}
{"t": 1784513084.2733877, "x": 2.2800725937857256, "y": 0.07718398062693636, "zone": null, "min_dist": 1.2228160193730637}
{"t": 1784513084.4255445, "x": 2.2800725937857256, "y": 0.07718398062693636, "zone": null, "min_dist": 1.2228160193730637}
{"t": 1784513084.5858302, "x": 2.2800725937857256, "y": 0.07718398062693636, "zone": null, "min_dist": 1.2228160193730637}
{"t": 1784513084.746059, "x": 2.2800725937857256, "y": 0.07718398062693636, "zone": null, "min_dist": 1.2228160193730637}
{"t": 1784513084.9062731, "x": 2.2800725937857256, "y": 0.07718398062693636, "zone": null, "min_dist": 1.2228160193730637}
{"t": 1784513085.066171, "x": 2.2800725937857256, "y": 0.07718398062693636, "zone": null, "min_dist": 1.2228160193730637}
{"t": 1784513085.3204699, "x": 2.2800725937857256, "y": 0.07718398062693636, "zone": null, "min_dist": 1.2228160193730637}
{"t": 1784513085.4752371, "x": 2.2800725937857256, "y": 0.07718398062693636, "zone": null, "min_dist": 1.2228160193730637}
{"t": 1784513085.627535, "x": 2.2800725937857256, "y": 0.07718398062693636, "zone": null, "min_dist": 1.2228160193730637}
{"t": 1784513085.779691, "x": 2.2800725937857256, "y": 0.07718398062693636, "zone": null, "min_dist": 1.2228160193730637}
{"t": 1784513085.931912, "x": 2.2800725937857256, "y": 0.07718398062693636, "zone": null, "min_dist": 1.2228160193730637}
{"t": 1784513086.084203, "x": 2.2800725937857256, "y": 0.07718398062693636, "zone": null, "min_dist": 1.2228160193730637}
{"t": 1784513086.23641, "x": 2.2800725937857256, "y": 0.07718398062693636, "zone": null, "min_dist": 1.2228160193730637}
{"t": 1784513086.396311, "x": 2.2800725937857256, "y": 0.07718398062693636, "zone": null, "min_dist": 1.2228160193730637}
{"t": 1784513086.5567527, "x": 2.2800725937857256, "y": 0.07718398062693636, "zone": null, "min_dist": 1.2228160193730637}
{"t": 1784513086.73336, "x": 2.2800725937857256, "y": 0.07718398062693636, "zone": null, "min_dist": 1.2228160193730637}
{"t": 1784513086.8932652, "x": 2.2800725937857256, "y": 0.07718398062693636, "zone": null, "min_dist": 1.2228160193730637}
{"t": 1784513087.0535297, "x": 2.2800725937857256, "y": 0.07718398062693636, "zone": null, "min_dist": 1.2228160193730637}
{"t": 1784513087.2136762, "x": 2.2800725937857256, "y": 0.07718398062693636, "zone": null, "min_dist": 1.2228160193730637}
{"t": 1784513087.3742578, "x": 2.2800725937857256, "y": 0.07718398062693636, "zone": null, "min_dist": 1.2228160193730637}
{"t": 1784513087.5503163, "x": 2.2800725937857256, "y": 0.07718398062693636, "zone": null, "min_dist": 1.2228160193730637}
{"t": 1784513087.710276, "x": 2.2800725937857256, "y": 0.07718398062693636, "zone": null, "min_dist": 1.2228160193730637}
{"t": 1784513087.8703785, "x": 2.2800725937857256, "y": 0.07718398062693636, "zone": null, "min_dist": 1.2228160193730637}
{"t": 1784513088.022943, "x": 2.2800725937857256, "y": 0.07718398062693636, "zone": null, "min_dist": 1.2228160193730637}
{"t": 1784513088.183341, "x": 2.2800725937857256, "y": 0.07718398062693636, "zone": null, "min_dist": 1.2228160193730637}
{"t": 1784513088.335713, "x": 2.2800725937857256, "y": 0.07718398062693636, "zone": null, "min_dist": 1.2228160193730637}
{"t": 1784513088.4881902, "x": 2.2800725937857256, "y": 0.07718398062693636, "zone": null, "min_dist": 1.2228160193730637}
{"t": 1784513088.6484146, "x": 2.2800725937857256, "y": 0.07718398062693636, "zone": null, "min_dist": 1.2228160193730637}
{"t": 1784513088.8083737, "x": 2.2800725937857256, "y": 0.07718398062693636, "zone": null, "min_dist": 1.2228160193730637}
{"t": 1784513088.9607608, "x": 2.2800725937857256, "y": 0.07718398062693636, "zone": null, "min_dist": 1.2228160193730637}
{"t": 1784513089.136904, "x": 2.2800725937857256, "y": 0.07718398062693636, "zone": null, "min_dist": 1.2228160193730637}
{"t": 1784513089.2973716, "x": 2.2800725937857256, "y": 0.07718398062693636, "zone": null, "min_dist": 1.2228160193730637}
{"t": 1784513089.457313, "x": 2.2800725937857256, "y": 0.07718398062693636, "zone": null, "min_dist": 1.2228160193730637}
{"t": 1784513089.6175115, "x": 2.2800725937857256, "y": 0.07718398062693636, "zone": null, "min_dist": 1.2228160193730637}
{"t": 1784513089.7704556, "x": 2.2800725937857256, "y": 0.07718398062693636, "zone": null, "min_dist": 1.2228160193730637}
{"t": 1784513089.9306545, "x": 2.2800725937857256, "y": 0.07718398062693636, "zone": null, "min_dist": 1.2228160193730637}
{"t": 1784513090.0908866, "x": 2.2800725937857256, "y": 0.07718398062693636, "zone": null, "min_dist": 1.2228160193730637}
{"t": 1784513090.2511055, "x": 2.2800725937857256, "y": 0.07718398062693636, "zone": null, "min_dist": 1.2228160193730637}
{"t": 1784513090.427683, "x": 2.2800725937857256, "y": 0.07718398062693636, "zone": null, "min_dist": 1.2228160193730637}
{"t": 1784513090.5877624, "x": 2.2800725937857256, "y": 0.07718398062693636, "zone": null, "min_dist": 1.2228160193730637}
{"t": 1784513090.747888, "x": 2.2800725937857256, "y": 0.07718398062693636, "zone": null, "min_dist": 1.2228160193730637}
{"t": 1784513090.9002857, "x": 2.2800725937857256, "y": 0.07718398062693636, "zone": null, "min_dist": 1.2228160193730637}
{"t": 1784513091.0528152, "x": 2.2800725937857256, "y": 0.07718398062693636, "zone": null, "min_dist": 1.2228160193730637}
{"t": 1784513091.2128499, "x": 2.2800725937857256, "y": 0.07718398062693636, "zone": null, "min_dist": 1.2228160193730637}
{"t": 1784513091.3655329, "x": 2.2800725937857256, "y": 0.07718398062693636, "zone": null, "min_dist": 1.2228160193730637}
{"t": 1784513091.525207, "x": 2.2800725937857256, "y": 0.07718398062693636, "zone": null, "min_dist": 1.2228160193730637}
{"t": 1784513091.6774516, "x": 2.2800725937857256, "y": 0.07718398062693636, "zone": null, "min_dist": 1.2228160193730637}
{"t": 1784513091.8296897, "x": 2.2800725937857256, "y": 0.07718398062693636, "zone": null, "min_dist": 1.2228160193730637}
{"t": 1784513091.9903283, "x": 2.2800725937857256, "y": 0.07718398062693636, "zone": null, "min_dist": 1.2228160193730637}
{"t": 1784513092.1502428, "x": 2.2800725937857256, "y": 0.07718398062693636, "zone": null, "min_dist": 1.2228160193730637}
{"t": 1784513092.310598, "x": 2.2800725937857256, "y": 0.07718398062693636, "zone": null, "min_dist": 1.2228160193730637}
{"t": 1784513092.487491, "x": 2.2800725937857256, "y": 0.07718398062693636, "zone": null, "min_dist": 1.2228160193730637}
{"t": 1784513092.6399846, "x": 2.2800725937857256, "y": 0.07718398062693636, "zone": null, "min_dist": 1.2228160193730637}
{"t": 1784513092.7997458, "x": 2.2800725937857256, "y": 0.07718398062693636, "zone": null, "min_dist": 1.2228160193730637}
{"t": 1784513092.9600797, "x": 2.2800725937857256, "y": 0.07718398062693636, "zone": null, "min_dist": 1.2228160193730637}
{"t": 1784513093.1123574, "x": 2.2800725937857256, "y": 0.07718398062693636, "zone": null, "min_dist": 1.2228160193730637}
{"t": 1784513093.2643876, "x": 2.2800725937857256, "y": 0.07718398062693636, "zone": null, "min_dist": 1.2228160193730637}
{"t": 1784513093.41673, "x": 2.2800725937857256, "y": 0.07718398062693636, "zone": null, "min_dist": 1.2228160193730637}
{"t": 1784513093.5937054, "x": 2.2800725937857256, "y": 0.07718398062693636, "zone": null, "min_dist": 1.2228160193730637}
{"t": 1784513093.7452989, "x": 2.2800725937857256, "y": 0.07718398062693636, "zone": null, "min_dist": 1.2228160193730637}
{"t": 1784513093.9058359, "x": 2.2800725937857256, "y": 0.07718398062693636, "zone": null, "min_dist": 1.2228160193730637}
{"t": 1784513094.0581563, "x": 2.2800725937857256, "y": 0.07718398062693636, "zone": null, "min_dist": 1.2228160193730637}
{"t": 1784513094.2106683, "x": 2.2800725937857256, "y": 0.07718398062693636, "zone": null, "min_dist": 1.2228160193730637}
{"t": 1784513094.3870146, "x": 2.2800725937857256, "y": 0.07718398062693636, "zone": null, "min_dist": 1.2228160193730637}
{"t": 1784513094.5470712, "x": 2.2800725937857256, "y": 0.07718398062693636, "zone": null, "min_dist": 1.2228160193730637}
{"t": 1784513094.707631, "x": 2.2800725937857256, "y": 0.07718398062693636, "zone": null, "min_dist": 1.2228160193730637}
{"t": 1784513094.8673928, "x": 2.2800725937857256, "y": 0.07718398062693636, "zone": null, "min_dist": 1.2228160193730637}
{"t": 1784513095.0282943, "x": 2.2800725937857256, "y": 0.07718398062693636, "zone": null, "min_dist": 1.2228160193730637}
{"t": 1784513095.1889102, "x": 2.2800725937857256, "y": 0.07718398062693636, "zone": null, "min_dist": 1.2228160193730637}
{"t": 1784513095.349737, "x": 2.2800725937857256, "y": 0.07718398062693636, "zone": null, "min_dist": 1.2228160193730637}
{"t": 1784513095.5095785, "x": 2.2800725937857256, "y": 0.07718398062693636, "zone": null, "min_dist": 1.2228160193730637}
{"t": 1784513095.6703732, "x": 2.2800725937857256, "y": 0.07718398062693636, "zone": null, "min_dist": 1.2228160193730637}
{"t": 1784513095.8303423, "x": 2.2800725937857256, "y": 0.07718398062693636, "zone": null, "min_dist": 1.2228160193730637}
{"t": 1784513095.9904695, "x": 2.2800725937857256, "y": 0.07718398062693636, "zone": null, "min_dist": 1.2228160193730637}
{"t": 1784513096.151018, "x": 2.2800725937857256, "y": 0.07718398062693636, "zone": null, "min_dist": 1.2228160193730637}
{"t": 1784513096.3034363, "x": 2.2800725937857256, "y": 0.07718398062693636, "zone": null, "min_dist": 1.2228160193730637}
{"t": 1784513096.4635715, "x": 2.2800725937857256, "y": 0.07718398062693636, "zone": null, "min_dist": 1.2228160193730637}
{"t": 1784513096.6234984, "x": 2.2800725937857256, "y": 0.07718398062693636, "zone": null, "min_dist": 1.2228160193730637}
{"t": 1784513096.7838376, "x": 2.2800725937857256, "y": 0.07718398062693636, "zone": null, "min_dist": 1.2228160193730637}
{"t": 1784513096.9361246, "x": 2.2800725937857256, "y": 0.07718398062693636, "zone": null, "min_dist": 1.2228160193730637}
{"t": 1784513097.0881746, "x": 2.2800725937857256, "y": 0.07718398062693636, "zone": null, "min_dist": 1.2228160193730637}
{"t": 1784513097.2487254, "x": 2.2800725937857256, "y": 0.07718398062693636, "zone": null, "min_dist": 1.2228160193730637}
{"t": 1784513097.408649, "x": 2.2800725937857256, "y": 0.07718398062693636, "zone": null, "min_dist": 1.2228160193730637}
{"t": 1784513097.5683782, "x": 2.2800725937857256, "y": 0.07718398062693636, "zone": null, "min_dist": 1.2228160193730637}
{"t": 1784513097.7206054, "x": 2.2800725937857256, "y": 0.07718398062693636, "zone": null, "min_dist": 1.2228160193730637}
{"t": 1784513097.8727996, "x": 2.2800725937857256, "y": 0.07718398062693636, "zone": null, "min_dist": 1.2228160193730637}
{"t": 1784513098.0497255, "x": 2.2800725937857256, "y": 0.07718398062693636, "zone": null, "min_dist": 1.2228160193730637}
{"t": 1784513098.2017503, "x": 2.2800725937857256, "y": 0.07718398062693636, "zone": null, "min_dist": 1.2228160193730637}
{"t": 1784513098.3779728, "x": 2.2800725937857256, "y": 0.07718398062693636, "zone": null, "min_dist": 1.2228160193730637}
{"t": 1784513098.5384552, "x": 2.2800725937857256, "y": 0.07718398062693636, "zone": null, "min_dist": 1.2228160193730637}
{"t": 1784513098.6908796, "x": 2.2800725937857256, "y": 0.07718398062693636, "zone": null, "min_dist": 1.2228160193730637}
{"t": 1784513098.8513925, "x": 2.2800725937857256, "y": 0.07718398062693636, "zone": null, "min_dist": 1.2228160193730637}
{"t": 1784513099.0115893, "x": 2.2800725937857256, "y": 0.07718398062693636, "zone": null, "min_dist": 1.2228160193730637}
{"t": 1784513099.163578, "x": 2.2800725937857256, "y": 0.07718398062693636, "zone": null, "min_dist": 1.2228160193730637}
{"t": 1784513099.316144, "x": 2.2800725937857256, "y": 0.07718398062693636, "zone": null, "min_dist": 1.2228160193730637}
{"t": 1784513099.4685054, "x": 2.2800725937857256, "y": 0.07718398062693636, "zone": null, "min_dist": 1.2228160193730637}
{"t": 1784513099.6288173, "x": 2.2800725937857256, "y": 0.07718398062693636, "zone": null, "min_dist": 1.2228160193730637}
{"t": 1784513099.7891517, "x": 2.2800725937857256, "y": 0.07718398062693636, "zone": null, "min_dist": 1.2228160193730637}
{"t": 1784513099.9498491, "x": 2.2800725937857256, "y": 0.07718398062693636, "zone": null, "min_dist": 1.2228160193730637}
{"t": 1784513100.1093028, "x": 2.2800725937857256, "y": 0.07718398062693636, "zone": null, "min_dist": 1.2228160193730637}
{"t": 1784513100.2613735, "x": 2.2800725937857256, "y": 0.07718398062693636, "zone": null, "min_dist": 1.2228160193730637}
{"t": 1784513100.414227, "x": 2.2800725937857256, "y": 0.07718398062693636, "zone": null, "min_dist": 1.2228160193730637}
{"t": 1784513100.5661364, "x": 2.2800725937857256, "y": 0.07718398062693636, "zone": null, "min_dist": 1.2228160193730637}
{"t": 1784513100.7265387, "x": 2.2800725937857256, "y": 0.07718398062693636, "zone": null, "min_dist": 1.2228160193730637}
{"t": 1784513100.8868115, "x": 2.2800725937857256, "y": 0.07718398062693636, "zone": null, "min_dist": 1.2228160193730637}
{"t": 1784513101.047351, "x": 2.2800725937857256, "y": 0.07718398062693636, "zone": null, "min_dist": 1.2228160193730637}
{"t": 1784513101.2075446, "x": 2.2800725937857256, "y": 0.07718398062693636, "zone": null, "min_dist": 1.2228160193730637}
{"t": 1784513101.359728, "x": 2.2800725937857256, "y": 0.07718398062693636, "zone": null, "min_dist": 1.2228160193730637}
{"t": 1784513101.5205061, "x": 2.2800725937857256, "y": 0.07718398062693636, "zone": null, "min_dist": 1.2228160193730637}
{"t": 1784513101.6805456, "x": 2.2800725937857256, "y": 0.07718398062693636, "zone": null, "min_dist": 1.2228160193730637}
{"t": 1784513101.8327394, "x": 2.2800725937857256, "y": 0.07718398062693636, "zone": null, "min_dist": 1.2228160193730637}
{"t": 1784513101.9930263, "x": 2.2800725937857256, "y": 0.07718398062693636, "zone": null, "min_dist": 1.2228160193730637}
{"t": 1784513102.1537247, "x": 2.2800725937857256, "y": 0.07718398062693636, "zone": null, "min_dist": 1.2228160193730637}
{"t": 1784513102.313327, "x": 2.2800725937857256, "y": 0.07718398062693636, "zone": null, "min_dist": 1.2228160193730637}
{"t": 1784513102.4737926, "x": 2.2800725937857256, "y": 0.07718398062693636, "zone": null, "min_dist": 1.2228160193730637}
{"t": 1784513102.634706, "x": 2.2800725937857256, "y": 0.07718398062693636, "zone": null, "min_dist": 1.2228160193730637}
{"t": 1784513102.7942119, "x": 2.2800725937857256, "y": 0.07718398062693636, "zone": null, "min_dist": 1.2228160193730637}
{"t": 1784513102.9703944, "x": 2.2800725937857256, "y": 0.07718398062693636, "zone": null, "min_dist": 1.2228160193730637}
{"t": 1784513103.1228704, "x": 2.2800725937857256, "y": 0.07718398062693636, "zone": null, "min_dist": 1.2228160193730637}
{"t": 1784513103.2753088, "x": 2.2800725937857256, "y": 0.07718398062693636, "zone": null, "min_dist": 1.2228160193730637}
{"t": 1784513103.4273539, "x": 2.2800725937857256, "y": 0.07718398062693636, "zone": null, "min_dist": 1.2228160193730637}
{"t": 1784513103.5800834, "x": 2.2800725937857256, "y": 0.07718398062693636, "zone": null, "min_dist": 1.2228160193730637}
{"t": 1784513103.7398796, "x": 2.2800725937857256, "y": 0.07718398062693636, "zone": null, "min_dist": 1.2228160193730637}
{"t": 1784513103.9003263, "x": 2.2800725937857256, "y": 0.07718398062693636, "zone": null, "min_dist": 1.2228160193730637}
{"t": 1784513104.0528474, "x": 2.2800725937857256, "y": 0.07718398062693636, "zone": null, "min_dist": 1.2228160193730637}
{"t": 1784513104.2131672, "x": 2.2800725937857256, "y": 0.07718398062693636, "zone": null, "min_dist": 1.2228160193730637}
{"t": 1784513104.3733146, "x": 2.2800725937857256, "y": 0.07718398062693636, "zone": null, "min_dist": 1.2228160193730637}
{"t": 1784513104.5338526, "x": 2.2800725937857256, "y": 0.07718398062693636, "zone": null, "min_dist": 1.2228160193730637}
{"t": 1784513104.6938782, "x": 2.2800725937857256, "y": 0.07718398062693636, "zone": null, "min_dist": 1.2228160193730637}
{"t": 1784513104.8462975, "x": 2.2800725937857256, "y": 0.07718398062693636, "zone": null, "min_dist": 1.2228160193730637}
{"t": 1784513105.0063171, "x": 2.2800725937857256, "y": 0.07718398062693636, "zone": null, "min_dist": 1.2228160193730637}
{"t": 1784513105.1670542, "x": 2.2800725937857256, "y": 0.07718398062693636, "zone": null, "min_dist": 1.2228160193730637}
{"t": 1784513105.319328, "x": 2.2800725937857256, "y": 0.07718398062693636, "zone": null, "min_dist": 1.2228160193730637}
{"t": 1784513105.4795277, "x": 2.2800725937857256, "y": 0.07718398062693636, "zone": null, "min_dist": 1.2228160193730637}
{"t": 1784513105.639629, "x": 2.2800725937857256, "y": 0.07718398062693636, "zone": null, "min_dist": 1.2228160193730637}
{"t": 1784513105.8000638, "x": 2.2800725937857256, "y": 0.07718398062693636, "zone": null, "min_dist": 1.2228160193730637}
{"t": 1784513105.9521306, "x": 2.2800725937857256, "y": 0.07718398062693636, "zone": null, "min_dist": 1.2228160193730637}
{"t": 1784513106.1043823, "x": 2.2800725937857256, "y": 0.07718398062693636, "zone": null, "min_dist": 1.2228160193730637}
{"t": 1784513106.2567005, "x": 2.2800725937857256, "y": 0.07718398062693636, "zone": null, "min_dist": 1.2228160193730637}
{"t": 1784513106.4087708, "x": 2.2800725937857256, "y": 0.07718398062693636, "zone": null, "min_dist": 1.2228160193730637}
{"t": 1784513106.5688748, "x": 2.2800725937857256, "y": 0.07718398062693636, "zone": null, "min_dist": 1.2228160193730637}
{"t": 1784513106.7291791, "x": 2.2800725937857256, "y": 0.07718398062693636, "zone": null, "min_dist": 1.2228160193730637}
{"t": 1784513106.9060187, "x": 2.2800725937857256, "y": 0.07718398062693636, "zone": null, "min_dist": 1.2228160193730637}
{"t": 1784513107.0663397, "x": 2.2800725937857256, "y": 0.07718398062693636, "zone": null, "min_dist": 1.2228160193730637}
{"t": 1784513107.2266781, "x": 2.2800725937857256, "y": 0.07718398062693636, "zone": null, "min_dist": 1.2228160193730637}
{"t": 1784513107.3783033, "x": 2.2800725937857256, "y": 0.07718398062693636, "zone": null, "min_dist": 1.2228160193730637}
{"t": 1784513107.5386956, "x": 2.2800725937857256, "y": 0.07718398062693636, "zone": null, "min_dist": 1.2228160193730637}
{"t": 1784513107.7148542, "x": 2.2800725937857256, "y": 0.07718398062693636, "zone": null, "min_dist": 1.2228160193730637}
{"t": 1784513107.8754132, "x": 2.2800725937857256, "y": 0.07718398062693636, "zone": null, "min_dist": 1.2228160193730637}
{"t": 1784513108.027377, "x": 2.2800725937857256, "y": 0.07718398062693636, "zone": null, "min_dist": 1.2228160193730637}
{"t": 1784513108.1798053, "x": 2.2800725937857256, "y": 0.07718398062693636, "zone": null, "min_dist": 1.2228160193730637}
{"t": 1784513108.3322341, "x": 2.2800725937857256, "y": 0.07718398062693636, "zone": null, "min_dist": 1.2228160193730637}
{"t": 1784513108.4842074, "x": 2.2800725937857256, "y": 0.07718398062693636, "zone": null, "min_dist": 1.2228160193730637}
{"t": 1784513108.6442857, "x": 2.2800725937857256, "y": 0.07718398062693636, "zone": null, "min_dist": 1.2228160193730637}
{"t": 1784513108.804497, "x": 2.2800725937857256, "y": 0.07718398062693636, "zone": null, "min_dist": 1.2228160193730637}
{"t": 1784513108.9571412, "x": 2.2800725937857256, "y": 0.07718398062693636, "zone": null, "min_dist": 1.2228160193730637}
{"t": 1784513109.1171467, "x": 2.2800725937857256, "y": 0.07718398062693636, "zone": null, "min_dist": 1.2228160193730637}
{"t": 1784513109.277372, "x": 2.2800725937857256, "y": 0.07718398062693636, "zone": null, "min_dist": 1.2228160193730637}
{"t": 1784513109.429503, "x": 2.2800725937857256, "y": 0.07718398062693636, "zone": null, "min_dist": 1.2228160193730637}
{"t": 1784513109.5815575, "x": 2.2800725937857256, "y": 0.07718398062693636, "zone": null, "min_dist": 1.2228160193730637}
{"t": 1784513109.7341862, "x": 2.2800725937857256, "y": 0.07718398062693636, "zone": null, "min_dist": 1.2228160193730637}
{"t": 1784513109.9102674, "x": 2.2800725937857256, "y": 0.07718398062693636, "zone": null, "min_dist": 1.2228160193730637}
{"t": 1784513110.062462, "x": 2.2800725937857256, "y": 0.07718398062693636, "zone": null, "min_dist": 1.2228160193730637}
{"t": 1784513110.2146268, "x": 2.2800725937857256, "y": 0.07718398062693636, "zone": null, "min_dist": 1.2228160193730637}
{"t": 1784513110.3673315, "x": 2.2800725937857256, "y": 0.07718398062693636, "zone": null, "min_dist": 1.2228160193730637}
{"t": 1784513110.5273798, "x": 2.2800725937857256, "y": 0.07718398062693636, "zone": null, "min_dist": 1.2228160193730637}
{"t": 1784513110.6875374, "x": 2.2800725937857256, "y": 0.07718398062693636, "zone": null, "min_dist": 1.2228160193730637}
{"t": 1784513110.8400013, "x": 2.2800725937857256, "y": 0.07718398062693636, "zone": null, "min_dist": 1.2228160193730637}
{"t": 1784513111.0004778, "x": 2.2800725937857256, "y": 0.07718398062693636, "zone": null, "min_dist": 1.2228160193730637}
{"t": 1784513111.152469, "x": 2.2800725937857256, "y": 0.07718398062693636, "zone": null, "min_dist": 1.2228160193730637}
{"t": 1784513111.3128653, "x": 2.2800725937857256, "y": 0.07718398062693636, "zone": null, "min_dist": 1.2228160193730637}
{"t": 1784513111.4733179, "x": 2.2800725937857256, "y": 0.07718398062693636, "zone": null, "min_dist": 1.2228160193730637}
{"t": 1784513111.6335766, "x": 2.2800725937857256, "y": 0.07718398062693636, "zone": null, "min_dist": 1.2228160193730637}
{"t": 1784513111.8097808, "x": 2.2800725937857256, "y": 0.07718398062693636, "zone": null, "min_dist": 1.2228160193730637}
{"t": 1784513111.9620004, "x": 2.2800725937857256, "y": 0.07718398062693636, "zone": null, "min_dist": 1.2228160193730637}
{"t": 1784513112.1141536, "x": 2.2800725937857256, "y": 0.07718398062693636, "zone": null, "min_dist": 1.2228160193730637}
{"t": 1784513112.2910438, "x": 2.2800725937857256, "y": 0.07718398062693636, "zone": null, "min_dist": 1.2228160193730637}
{"t": 1784513112.4509177, "x": 2.2800725937857256, "y": 0.07718398062693636, "zone": null, "min_dist": 1.2228160193730637}
{"t": 1784513112.6272697, "x": 2.2800725937857256, "y": 0.07718398062693636, "zone": null, "min_dist": 1.2228160193730637}
{"t": 1784513112.7876506, "x": 2.2800725937857256, "y": 0.07718398062693636, "zone": null, "min_dist": 1.2228160193730637}
{"t": 1784513112.9400935, "x": 2.2800725937857256, "y": 0.07718398062693636, "zone": null, "min_dist": 1.2228160193730637}
{"t": 1784513113.092385, "x": 2.2800725937857256, "y": 0.07718398062693636, "zone": null, "min_dist": 1.2228160193730637}
{"t": 1784513113.2442346, "x": 2.2800725937857256, "y": 0.07718398062693636, "zone": null, "min_dist": 1.2228160193730637}
{"t": 1784513113.3965435, "x": 2.2800725937857256, "y": 0.07718398062693636, "zone": null, "min_dist": 1.2228160193730637}
{"t": 1784513113.5571535, "x": 2.2800725937857256, "y": 0.07718398062693636, "zone": null, "min_dist": 1.2228160193730637}
{"t": 1784513113.7172823, "x": 2.2800725937857256, "y": 0.07718398062693636, "zone": null, "min_dist": 1.2228160193730637}
{"t": 1784513113.8780935, "x": 2.2800725937857256, "y": 0.07718398062693636, "zone": null, "min_dist": 1.2228160193730637}
{"t": 1784513114.0381896, "x": 2.2800725937857256, "y": 0.07718398062693636, "zone": null, "min_dist": 1.2228160193730637}
{"t": 1784513114.1903691, "x": 2.2800725937857256, "y": 0.07718398062693636, "zone": null, "min_dist": 1.2228160193730637}
{"t": 1784513114.342394, "x": 2.2800725937857256, "y": 0.07718398062693636, "zone": null, "min_dist": 1.2228160193730637}
{"t": 1784513114.494569, "x": 2.2800725937857256, "y": 0.07718398062693636, "zone": null, "min_dist": 1.2228160193730637}
{"t": 1784513114.671361, "x": 2.2800725937857256, "y": 0.07718398062693636, "zone": null, "min_dist": 1.2228160193730637}
{"t": 1784513114.823496, "x": 2.2800725937857256, "y": 0.07718398062693636, "zone": null, "min_dist": 1.2228160193730637}
{"t": 1784513114.9833648, "x": 2.2800725937857256, "y": 0.07718398062693636, "zone": null, "min_dist": 1.2228160193730637}
{"t": 1784513115.1354132, "x": 2.2800725937857256, "y": 0.07718398062693636, "zone": null, "min_dist": 1.2228160193730637}
{"t": 1784513115.295538, "x": 2.2800725937857256, "y": 0.07718398062693636, "zone": null, "min_dist": 1.2228160193730637}
{"t": 1784513115.4558074, "x": 2.2800725937857256, "y": 0.07718398062693636, "zone": null, "min_dist": 1.2228160193730637}
{"t": 1784513115.616346, "x": 2.2800725937857256, "y": 0.07718398062693636, "zone": null, "min_dist": 1.2228160193730637}
{"t": 1784513115.7683284, "x": 2.2800725937857256, "y": 0.07718398062693636, "zone": null, "min_dist": 1.2228160193730637}
{"t": 1784513115.9288132, "x": 2.2800725937857256, "y": 0.07718398062693636, "zone": null, "min_dist": 1.2228160193730637}
{"t": 1784513116.089189, "x": 2.2800725937857256, "y": 0.07718398062693636, "zone": null, "min_dist": 1.2228160193730637}
{"t": 1784513116.2493713, "x": 2.2800725937857256, "y": 0.07718398062693636, "zone": null, "min_dist": 1.2228160193730637}
{"t": 1784513116.4017441, "x": 2.2800725937857256, "y": 0.07718398062693636, "zone": null, "min_dist": 1.2228160193730637}
{"t": 1784513116.5618575, "x": 2.2800725937857256, "y": 0.07718398062693636, "zone": null, "min_dist": 1.2228160193730637}
{"t": 1784513116.7225113, "x": 2.2800725937857256, "y": 0.07718398062693636, "zone": null, "min_dist": 1.2228160193730637}
{"t": 1784513116.8743982, "x": 2.2800725937857256, "y": 0.07718398062693636, "zone": null, "min_dist": 1.2228160193730637}
{"t": 1784513117.0346115, "x": 2.2800725937857256, "y": 0.07718398062693636, "zone": null, "min_dist": 1.2228160193730637}
{"t": 1784513117.1951373, "x": 2.2800725937857256, "y": 0.07718398062693636, "zone": null, "min_dist": 1.2228160193730637}
{"t": 1784513117.3552563, "x": 2.2800725937857256, "y": 0.07718398062693636, "zone": null, "min_dist": 1.2228160193730637}
{"t": 1784513117.507404, "x": 2.2800725937857256, "y": 0.07718398062693636, "zone": null, "min_dist": 1.2228160193730637}
{"t": 1784513117.6675322, "x": 2.2800725937857256, "y": 0.07718398062693636, "zone": null, "min_dist": 1.2228160193730637}
{"t": 1784513117.8281934, "x": 2.2800725937857256, "y": 0.07718398062693636, "zone": null, "min_dist": 1.2228160193730637}
{"t": 1784513117.9884584, "x": 2.2800725937857256, "y": 0.07718398062693636, "zone": null, "min_dist": 1.2228160193730637}
{"t": 1784513118.1483395, "x": 2.2800725937857256, "y": 0.07718398062693636, "zone": null, "min_dist": 1.2228160193730637}
{"t": 1784513118.300443, "x": 2.2800725937857256, "y": 0.07718398062693636, "zone": null, "min_dist": 1.2228160193730637}
{"t": 1784513118.4608731, "x": 2.2800725937857256, "y": 0.07718398062693636, "zone": null, "min_dist": 1.2228160193730637}
{"t": 1784513118.6214604, "x": 2.2800725937857256, "y": 0.07718398062693636, "zone": null, "min_dist": 1.2228160193730637}
{"t": 1784513118.7813296, "x": 2.2800725937857256, "y": 0.07718398062693636, "zone": null, "min_dist": 1.2228160193730637}
{"t": 1784513118.941993, "x": 2.2800725937857256, "y": 0.07718398062693636, "zone": null, "min_dist": 1.2228160193730637}
{"t": 1784513119.0943537, "x": 2.2800725937857256, "y": 0.07718398062693636, "zone": null, "min_dist": 1.2228160193730637}
{"t": 1784513119.2545202, "x": 2.2800725937857256, "y": 0.07718398062693636, "zone": null, "min_dist": 1.2228160193730637}
{"t": 1784513119.414659, "x": 2.2800725937857256, "y": 0.07718398062693636, "zone": null, "min_dist": 1.2228160193730637}
{"t": 1784513119.574877, "x": 2.2800725937857256, "y": 0.07718398062693636, "zone": null, "min_dist": 1.2228160193730637}
{"t": 1784513119.7354589, "x": 2.2800725937857256, "y": 0.07718398062693636, "zone": null, "min_dist": 1.2228160193730637}
{"t": 1784513119.895989, "x": 2.2800725937857256, "y": 0.07718398062693636, "zone": null, "min_dist": 1.2228160193730637}
{"t": 1784513120.04814, "x": 2.2800725937857256, "y": 0.07718398062693636, "zone": null, "min_dist": 1.2228160193730637}
{"t": 1784513120.2083418, "x": 2.2800725937857256, "y": 0.07718398062693636, "zone": null, "min_dist": 1.2228160193730637}
{"t": 1784513120.3682103, "x": 2.2800725937857256, "y": 0.07718398062693636, "zone": null, "min_dist": 1.2228160193730637}
{"t": 1784513120.5207813, "x": 2.2800725937857256, "y": 0.07718398062693636, "zone": null, "min_dist": 1.2228160193730637}
{"t": 1784513120.6811829, "x": 2.2800725937857256, "y": 0.07718398062693636, "zone": null, "min_dist": 1.2228160193730637}
{"t": 1784513120.8415573, "x": 2.2800725937857256, "y": 0.07718398062693636, "zone": null, "min_dist": 1.2228160193730637}
{"t": 1784513121.001563, "x": 2.2800725937857256, "y": 0.07718398062693636, "zone": null, "min_dist": 1.2228160193730637}
{"t": 1784513121.1622128, "x": 2.2800725937857256, "y": 0.07718398062693636, "zone": null, "min_dist": 1.2228160193730637}
{"t": 1784513121.3226726, "x": 2.2800725937857256, "y": 0.07718398062693636, "zone": null, "min_dist": 1.2228160193730637}
{"t": 1784513121.4743066, "x": 2.2800725937857256, "y": 0.07718398062693636, "zone": null, "min_dist": 1.2228160193730637}
{"t": 1784513121.6265354, "x": 2.2800725937857256, "y": 0.07718398062693636, "zone": null, "min_dist": 1.2228160193730637}
{"t": 1784513121.7871442, "x": 2.2800725937857256, "y": 0.07718398062693636, "zone": null, "min_dist": 1.2228160193730637}
{"t": 1784513121.9392936, "x": 2.2800725937857256, "y": 0.07718398062693636, "zone": null, "min_dist": 1.2228160193730637}
{"t": 1784513122.0914795, "x": 2.2800725937857256, "y": 0.07718398062693636, "zone": null, "min_dist": 1.2228160193730637}
{"t": 1784513122.251457, "x": 2.2800725937857256, "y": 0.07718398062693636, "zone": null, "min_dist": 1.2228160193730637}
{"t": 1784513122.4113085, "x": 2.2800725937857256, "y": 0.07718398062693636, "zone": null, "min_dist": 1.2228160193730637}
{"t": 1784513122.571526, "x": 2.2800725937857256, "y": 0.07718398062693636, "zone": null, "min_dist": 1.2228160193730637}
{"t": 1784513122.7322607, "x": 2.2800725937857256, "y": 0.07718398062693636, "zone": null, "min_dist": 1.2228160193730637}
{"t": 1784513122.8843417, "x": 2.2800725937857256, "y": 0.07718398062693636, "zone": null, "min_dist": 1.2228160193730637}
{"t": 1784513123.0369182, "x": 2.2800725937857256, "y": 0.07718398062693636, "zone": null, "min_dist": 1.2228160193730637}
{"t": 1784513123.1892254, "x": 2.2800725937857256, "y": 0.07718398062693636, "zone": null, "min_dist": 1.2228160193730637}
{"t": 1784513123.3494303, "x": 2.2800725937857256, "y": 0.07718398062693636, "zone": null, "min_dist": 1.2228160193730637}
{"t": 1784513123.5016215, "x": 2.2800725937857256, "y": 0.07718398062693636, "zone": null, "min_dist": 1.2228160193730637}
{"t": 1784513123.654462, "x": 2.2800725937857256, "y": 0.07718398062693636, "zone": null, "min_dist": 1.2228160193730637}
{"t": 1784513123.8063376, "x": 2.2800725937857256, "y": 0.07718398062693636, "zone": null, "min_dist": 1.2228160193730637}
{"t": 1784513123.9666038, "x": 2.2800725937857256, "y": 0.07718398062693636, "zone": null, "min_dist": 1.2228160193730637}
{"t": 1784513124.1268942, "x": 2.2800725937857256, "y": 0.07718398062693636, "zone": null, "min_dist": 1.2228160193730637}
{"t": 1784513124.279247, "x": 2.2800725937857256, "y": 0.07718398062693636, "zone": null, "min_dist": 1.2228160193730637}
{"t": 1784513124.4316156, "x": 2.2800725937857256, "y": 0.07718398062693636, "zone": null, "min_dist": 1.2228160193730637}
{"t": 1784513124.6081712, "x": 2.2800725937857256, "y": 0.07718398062693636, "zone": null, "min_dist": 1.2228160193730637}
{"t": 1784513124.7683253, "x": 2.2800725937857256, "y": 0.07718398062693636, "zone": null, "min_dist": 1.2228160193730637}
{"t": 1784513124.9206479, "x": 2.2800725937857256, "y": 0.07718398062693636, "zone": null, "min_dist": 1.2228160193730637}
{"t": 1784513125.0724852, "x": 2.2800725937857256, "y": 0.07718398062693636, "zone": null, "min_dist": 1.2228160193730637}
{"t": 1784513125.2251277, "x": 2.2800725937857256, "y": 0.07718398062693636, "zone": null, "min_dist": 1.2228160193730637}
{"t": 1784513125.3852973, "x": 2.2800725937857256, "y": 0.07718398062693636, "zone": null, "min_dist": 1.2228160193730637}
{"t": 1784513125.5459905, "x": 2.2800725937857256, "y": 0.07718398062693636, "zone": null, "min_dist": 1.2228160193730637}
{"t": 1784513125.7064157, "x": 2.2800725937857256, "y": 0.07718398062693636, "zone": null, "min_dist": 1.2228160193730637}
{"t": 1784513125.8666463, "x": 2.2800725937857256, "y": 0.07718398062693636, "zone": null, "min_dist": 1.2228160193730637}
{"t": 1784513126.0268013, "x": 2.2800725937857256, "y": 0.07718398062693636, "zone": null, "min_dist": 1.2228160193730637}
{"t": 1784513126.178943, "x": 2.2800725937857256, "y": 0.07718398062693636, "zone": null, "min_dist": 1.2228160193730637}
{"t": 1784513126.339507, "x": 2.2800725937857256, "y": 0.07718398062693636, "zone": null, "min_dist": 1.2228160193730637}
{"t": 1784513126.499582, "x": 2.2800725937857256, "y": 0.07718398062693636, "zone": null, "min_dist": 1.2228160193730637}
{"t": 1784513126.6602888, "x": 2.2800725937857256, "y": 0.07718398062693636, "zone": null, "min_dist": 1.2228160193730637}
{"t": 1784513126.820315, "x": 2.2800725937857256, "y": 0.07718398062693636, "zone": null, "min_dist": 1.2228160193730637}
{"t": 1784513126.9963694, "x": 2.2800725937857256, "y": 0.07718398062693636, "zone": null, "min_dist": 1.2228160193730637}
{"t": 1784513127.148751, "x": 2.2800725937857256, "y": 0.07718398062693636, "zone": null, "min_dist": 1.2228160193730637}
{"t": 1784513127.3012521, "x": 2.2800725937857256, "y": 0.07718398062693636, "zone": null, "min_dist": 1.2228160193730637}
{"t": 1784513127.4538257, "x": 2.2800725937857256, "y": 0.07718398062693636, "zone": null, "min_dist": 1.2228160193730637}
{"t": 1784513127.6058862, "x": 2.2800725937857256, "y": 0.07718398062693636, "zone": null, "min_dist": 1.2228160193730637}
{"t": 1784513127.765756, "x": 2.2800725937857256, "y": 0.07718398062693636, "zone": null, "min_dist": 1.2228160193730637}
{"t": 1784513127.9425347, "x": 2.2800725937857256, "y": 0.07718398062693636, "zone": null, "min_dist": 1.2228160193730637}
{"t": 1784513128.0946028, "x": 2.2800725937857256, "y": 0.07718398062693636, "zone": null, "min_dist": 1.2228160193730637}
{"t": 1784513128.2547636, "x": 2.2800725937857256, "y": 0.07718398062693636, "zone": null, "min_dist": 1.2228160193730637}
{"t": 1784513128.406626, "x": 2.2800725937857256, "y": 0.07718398062693636, "zone": null, "min_dist": 1.2228160193730637}
{"t": 1784513128.5589197, "x": 2.2800725937857256, "y": 0.07718398062693636, "zone": null, "min_dist": 1.2228160193730637}
{"t": 1784513128.7113848, "x": 2.2800725937857256, "y": 0.07718398062693636, "zone": null, "min_dist": 1.2228160193730637}
{"t": 1784513128.8716114, "x": 2.2800725937857256, "y": 0.07718398062693636, "zone": null, "min_dist": 1.2228160193730637}
{"t": 1784513129.0323398, "x": 2.2800725937857256, "y": 0.07718398062693636, "zone": null, "min_dist": 1.2228160193730637}
{"t": 1784513129.1922352, "x": 2.2800725937857256, "y": 0.07718398062693636, "zone": null, "min_dist": 1.2228160193730637}
{"t": 1784513129.3524685, "x": 2.2800725937857256, "y": 0.07718398062693636, "zone": null, "min_dist": 1.2228160193730637}
{"t": 1784513129.5048985, "x": 2.2800725937857256, "y": 0.07718398062693636, "zone": null, "min_dist": 1.2228160193730637}
{"t": 1784513129.6655111, "x": 2.2800725937857256, "y": 0.07718398062693636, "zone": null, "min_dist": 1.2228160193730637}
{"t": 1784513129.8255227, "x": 2.2800725937857256, "y": 0.07718398062693636, "zone": null, "min_dist": 1.2228160193730637}
{"t": 1784513129.9854653, "x": 2.2800725937857256, "y": 0.07718398062693636, "zone": null, "min_dist": 1.2228160193730637}
{"t": 1784513130.145792, "x": 2.2800725937857256, "y": 0.07718398062693636, "zone": null, "min_dist": 1.2228160193730637}
{"t": 1784513130.2986398, "x": 2.2800725937857256, "y": 0.07718398062693636, "zone": null, "min_dist": 1.2228160193730637}
{"t": 1784513130.4504194, "x": 2.2800725937857256, "y": 0.07718398062693636, "zone": null, "min_dist": 1.2228160193730637}
{"t": 1784513130.603087, "x": 2.2800725937857256, "y": 0.07718398062693636, "zone": null, "min_dist": 1.2228160193730637}
{"t": 1784513130.7556396, "x": 2.2800725937857256, "y": 0.07718398062693636, "zone": null, "min_dist": 1.2228160193730637}
{"t": 1784513130.907375, "x": 2.2800725937857256, "y": 0.07718398062693636, "zone": null, "min_dist": 1.2228160193730637}
{"t": 1784513131.059651, "x": 2.2800725937857256, "y": 0.07718398062693636, "zone": null, "min_dist": 1.2228160193730637}
{"t": 1784513131.2117362, "x": 2.2800725937857256, "y": 0.07718398062693636, "zone": null, "min_dist": 1.2228160193730637}
{"t": 1784513131.3882668, "x": 2.2800725937857256, "y": 0.07718398062693636, "zone": null, "min_dist": 1.2228160193730637}
{"t": 1784513131.5404088, "x": 2.2800725937857256, "y": 0.07718398062693636, "zone": null, "min_dist": 1.2228160193730637}
{"t": 1784513131.700859, "x": 2.2800725937857256, "y": 0.07718398062693636, "zone": null, "min_dist": 1.2228160193730637}
{"t": 1784513131.8531713, "x": 2.2800725937857256, "y": 0.07718398062693636, "zone": null, "min_dist": 1.2228160193730637}
{"t": 1784513132.0134604, "x": 2.2800725937857256, "y": 0.07718398062693636, "zone": null, "min_dist": 1.2228160193730637}
{"t": 1784513132.1736994, "x": 2.2800725937857256, "y": 0.07718398062693636, "zone": null, "min_dist": 1.2228160193730637}
{"t": 1784513132.3334124, "x": 2.2800725937857256, "y": 0.07718398062693636, "zone": null, "min_dist": 1.2228160193730637}
{"t": 1784513132.4937341, "x": 2.2800725937857256, "y": 0.07718398062693636, "zone": null, "min_dist": 1.2228160193730637}
{"t": 1784513132.6706867, "x": 2.2800725937857256, "y": 0.07718398062693636, "zone": null, "min_dist": 1.2228160193730637}
{"t": 1784513132.8303866, "x": 2.2800725937857256, "y": 0.07718398062693636, "zone": null, "min_dist": 1.2228160193730637}
{"t": 1784513132.9909542, "x": 2.2800725937857256, "y": 0.07718398062693636, "zone": null, "min_dist": 1.2228160193730637}
{"t": 1784513133.1433501, "x": 2.2800725937857256, "y": 0.07718398062693636, "zone": null, "min_dist": 1.2228160193730637}
{"t": 1784513133.303242, "x": 2.2800725937857256, "y": 0.07718398062693636, "zone": null, "min_dist": 1.2228160193730637}
{"t": 1784513133.4632738, "x": 2.2800725937857256, "y": 0.07718398062693636, "zone": null, "min_dist": 1.2228160193730637}
{"t": 1784513133.6401598, "x": 2.2800725937857256, "y": 0.07718398062693636, "zone": null, "min_dist": 1.2228160193730637}
{"t": 1784513133.8161469, "x": 2.2800725937857256, "y": 0.07718398062693636, "zone": null, "min_dist": 1.2228160193730637}
{"t": 1784513133.9763536, "x": 2.2800725937857256, "y": 0.07718398062693636, "zone": null, "min_dist": 1.2228160193730637}
{"t": 1784513134.136574, "x": 2.2800725937857256, "y": 0.07718398062693636, "zone": null, "min_dist": 1.2228160193730637}
{"t": 1784513134.2971249, "x": 2.2800725937857256, "y": 0.07718398062693636, "zone": null, "min_dist": 1.2228160193730637}
{"t": 1784513134.4575777, "x": 2.2800725937857256, "y": 0.07718398062693636, "zone": null, "min_dist": 1.2228160193730637}
{"t": 1784513134.618106, "x": 2.2800725937857256, "y": 0.07718398062693636, "zone": null, "min_dist": 1.2228160193730637}
{"t": 1784513134.7785566, "x": 2.2800725937857256, "y": 0.07718398062693636, "zone": null, "min_dist": 1.2228160193730637}
{"t": 1784513134.9383738, "x": 2.2800725937857256, "y": 0.07718398062693636, "zone": null, "min_dist": 1.2228160193730637}
{"t": 1784513135.0905075, "x": 2.2800725937857256, "y": 0.07718398062693636, "zone": null, "min_dist": 1.2228160193730637}
{"t": 1784513135.3477035, "x": 2.2800725937857256, "y": 0.07718398062693636, "zone": null, "min_dist": 1.2228160193730637}
{"t": 1784513135.507619, "x": 2.2800725937857256, "y": 0.07718398062693636, "zone": null, "min_dist": 1.2228160193730637}
{"t": 1784513135.667717, "x": 2.2800725937857256, "y": 0.07718398062693636, "zone": null, "min_dist": 1.2228160193730637}
{"t": 1784513135.8280425, "x": 2.2800725937857256, "y": 0.07718398062693636, "zone": null, "min_dist": 1.2228160193730637}
{"t": 1784513135.9888055, "x": 2.2800725937857256, "y": 0.07718398062693636, "zone": null, "min_dist": 1.2228160193730637}
{"t": 1784513136.1408467, "x": 2.2800725937857256, "y": 0.07718398062693636, "zone": null, "min_dist": 1.2228160193730637}
{"t": 1784513136.2930944, "x": 2.2800725937857256, "y": 0.07718398062693636, "zone": null, "min_dist": 1.2228160193730637}
{"t": 1784513136.453293, "x": 2.2800725937857256, "y": 0.07718398062693636, "zone": null, "min_dist": 1.2228160193730637}
{"t": 1784513136.6050398, "x": 2.2800725937857256, "y": 0.07718398062693636, "zone": null, "min_dist": 1.2228160193730637}
{"t": 1784513136.757379, "x": 2.2800725937857256, "y": 0.07718398062693636, "zone": null, "min_dist": 1.2228160193730637}
{"t": 1784513136.91757, "x": 2.2800725937857256, "y": 0.07718398062693636, "zone": null, "min_dist": 1.2228160193730637}
{"t": 1784513137.0698829, "x": 2.2800725937857256, "y": 0.07718398062693636, "zone": null, "min_dist": 1.2228160193730637}
{"t": 1784513137.2218497, "x": 2.2800725937857256, "y": 0.07718398062693636, "zone": null, "min_dist": 1.2228160193730637}
{"t": 1784513137.3744128, "x": 2.2800725937857256, "y": 0.07718398062693636, "zone": null, "min_dist": 1.2228160193730637}
{"t": 1784513137.5349267, "x": 2.2800725937857256, "y": 0.07718398062693636, "zone": null, "min_dist": 1.2228160193730637}
{"t": 1784513137.7109237, "x": 2.2800725937857256, "y": 0.07718398062693636, "zone": null, "min_dist": 1.2228160193730637}
{"t": 1784513137.887617, "x": 2.2800725937857256, "y": 0.07718398062693636, "zone": null, "min_dist": 1.2228160193730637}
{"t": 1784513138.0395176, "x": 2.2800725937857256, "y": 0.07718398062693636, "zone": null, "min_dist": 1.2228160193730637}
{"t": 1784513138.2002447, "x": 2.2800725937857256, "y": 0.07718398062693636, "zone": null, "min_dist": 1.2228160193730637}
{"t": 1784513138.360274, "x": 2.2800725937857256, "y": 0.07718398062693636, "zone": null, "min_dist": 1.2228160193730637}
{"t": 1784513138.5208333, "x": 2.2800725937857256, "y": 0.07718398062693636, "zone": null, "min_dist": 1.2228160193730637}
{"t": 1784513138.6971147, "x": 2.2800725937857256, "y": 0.07718398062693636, "zone": null, "min_dist": 1.2228160193730637}
{"t": 1784513138.8571668, "x": 2.2800725937857256, "y": 0.07718398062693636, "zone": null, "min_dist": 1.2228160193730637}
{"t": 1784513139.0092459, "x": 2.2800725937857256, "y": 0.07718398062693636, "zone": null, "min_dist": 1.2228160193730637}
{"t": 1784513139.169489, "x": 2.2800725937857256, "y": 0.07718398062693636, "zone": null, "min_dist": 1.2228160193730637}
{"t": 1784513139.3297741, "x": 2.2800725937857256, "y": 0.07718398062693636, "zone": null, "min_dist": 1.2228160193730637}
{"t": 1784513139.506276, "x": 2.2800725937857256, "y": 0.07718398062693636, "zone": null, "min_dist": 1.2228160193730637}
{"t": 1784513139.6664019, "x": 2.2800725937857256, "y": 0.07718398062693636, "zone": null, "min_dist": 1.2228160193730637}
{"t": 1784513139.8264534, "x": 2.2800725937857256, "y": 0.07718398062693636, "zone": null, "min_dist": 1.2228160193730637}
{"t": 1784513139.9864433, "x": 2.2800725937857256, "y": 0.07718398062693636, "zone": null, "min_dist": 1.2228160193730637}
{"t": 1784513140.1465251, "x": 2.2800725937857256, "y": 0.07718398062693636, "zone": null, "min_dist": 1.2228160193730637}
{"t": 1784513140.306903, "x": 2.2800725937857256, "y": 0.07718398062693636, "zone": null, "min_dist": 1.2228160193730637}
{"t": 1784513140.4595425, "x": 2.2800725937857256, "y": 0.07718398062693636, "zone": null, "min_dist": 1.2228160193730637}
{"t": 1784513140.6116402, "x": 2.2800725937857256, "y": 0.07718398062693636, "zone": null, "min_dist": 1.2228160193730637}
{"t": 1784513140.7640693, "x": 2.2800725937857256, "y": 0.07718398062693636, "zone": null, "min_dist": 1.2228160193730637}
{"t": 1784513140.9166057, "x": 2.2800725937857256, "y": 0.07718398062693636, "zone": null, "min_dist": 1.2228160193730637}
{"t": 1784513141.0771182, "x": 2.2800725937857256, "y": 0.07718398062693636, "zone": null, "min_dist": 1.2228160193730637}
{"t": 1784513141.2293422, "x": 2.2800725937857256, "y": 0.07718398062693636, "zone": null, "min_dist": 1.2228160193730637}
{"t": 1784513141.389628, "x": 2.2800725937857256, "y": 0.07718398062693636, "zone": null, "min_dist": 1.2228160193730637}
{"t": 1784513141.541821, "x": 2.2800725937857256, "y": 0.07718398062693636, "zone": null, "min_dist": 1.2228160193730637}
{"t": 1784513141.7181826, "x": 2.2800725937857256, "y": 0.07718398062693636, "zone": null, "min_dist": 1.2228160193730637}
{"t": 1784513141.8782558, "x": 2.2800725937857256, "y": 0.07718398062693636, "zone": null, "min_dist": 1.2228160193730637}
{"t": 1784513142.0385675, "x": 2.2800725937857256, "y": 0.07718398062693636, "zone": null, "min_dist": 1.2228160193730637}
{"t": 1784513142.1985154, "x": 2.2800725937857256, "y": 0.07718398062693636, "zone": null, "min_dist": 1.2228160193730637}
{"t": 1784513142.3509328, "x": 2.2800725937857256, "y": 0.07718398062693636, "zone": null, "min_dist": 1.2228160193730637}
{"t": 1784513142.5112407, "x": 2.2800725937857256, "y": 0.07718398062693636, "zone": null, "min_dist": 1.2228160193730637}
{"t": 1784513142.671534, "x": 2.2800725937857256, "y": 0.07718398062693636, "zone": null, "min_dist": 1.2228160193730637}
{"t": 1784513142.8319075, "x": 2.2800725937857256, "y": 0.07718398062693636, "zone": null, "min_dist": 1.2228160193730637}
{"t": 1784513142.9922855, "x": 2.2800725937857256, "y": 0.07718398062693636, "zone": null, "min_dist": 1.2228160193730637}
{"t": 1784513143.1522954, "x": 2.2800725937857256, "y": 0.07718398062693636, "zone": null, "min_dist": 1.2228160193730637}
{"t": 1784513143.3122196, "x": 2.2800725937857256, "y": 0.07718398062693636, "zone": null, "min_dist": 1.2228160193730637}
{"t": 1784513143.4725614, "x": 2.2800725937857256, "y": 0.07718398062693636, "zone": null, "min_dist": 1.2228160193730637}
{"t": 1784513143.6252391, "x": 2.2800725937857256, "y": 0.07718398062693636, "zone": null, "min_dist": 1.2228160193730637}
{"t": 1784513143.7853713, "x": 2.2800725937857256, "y": 0.07718398062693636, "zone": null, "min_dist": 1.2228160193730637}
{"t": 1784513143.9460235, "x": 2.2800725937857256, "y": 0.07718398062693636, "zone": null, "min_dist": 1.2228160193730637}
{"t": 1784513144.106382, "x": 2.2800725937857256, "y": 0.07718398062693636, "zone": null, "min_dist": 1.2228160193730637}
{"t": 1784513144.2664356, "x": 2.2800725937857256, "y": 0.07718398062693636, "zone": null, "min_dist": 1.2228160193730637}
{"t": 1784513144.4268079, "x": 2.2800725937857256, "y": 0.07718398062693636, "zone": null, "min_dist": 1.2228160193730637}
{"t": 1784513144.5793695, "x": 2.2800725937857256, "y": 0.07718398062693636, "zone": null, "min_dist": 1.2228160193730637}
{"t": 1784513144.7315683, "x": 2.2800725937857256, "y": 0.07718398062693636, "zone": null, "min_dist": 1.2228160193730637}
{"t": 1784513144.8922381, "x": 2.2800725937857256, "y": 0.07718398062693636, "zone": null, "min_dist": 1.2228160193730637}
{"t": 1784513145.052063, "x": 2.2800725937857256, "y": 0.07718398062693636, "zone": null, "min_dist": 1.2228160193730637}
{"t": 1784513145.2126033, "x": 2.2800725937857256, "y": 0.07718398062693636, "zone": null, "min_dist": 1.2228160193730637}
{"t": 1784513145.3645287, "x": 2.2800725937857256, "y": 0.07718398062693636, "zone": null, "min_dist": 1.2228160193730637}
{"t": 1784513145.5167568, "x": 2.2800725937857256, "y": 0.07718398062693636, "zone": null, "min_dist": 1.2228160193730637}
{"t": 1784513145.676957, "x": 2.2800725937857256, "y": 0.07718398062693636, "zone": null, "min_dist": 1.2228160193730637}
{"t": 1784513145.8292992, "x": 2.2800725937857256, "y": 0.07718398062693636, "zone": null, "min_dist": 1.2228160193730637}
{"t": 1784513145.9895918, "x": 2.2800725937857256, "y": 0.07718398062693636, "zone": null, "min_dist": 1.2228160193730637}
{"t": 1784513146.1494257, "x": 2.2800725937857256, "y": 0.07718398062693636, "zone": null, "min_dist": 1.2228160193730637}
{"t": 1784513146.3102303, "x": 2.2800725937857256, "y": 0.07718398062693636, "zone": null, "min_dist": 1.2228160193730637}
{"t": 1784513146.470054, "x": 2.2800725937857256, "y": 0.07718398062693636, "zone": null, "min_dist": 1.2228160193730637}
{"t": 1784513146.6308837, "x": 2.2800725937857256, "y": 0.07718398062693636, "zone": null, "min_dist": 1.2228160193730637}
{"t": 1784513146.8063083, "x": 2.2800725937857256, "y": 0.07718398062693636, "zone": null, "min_dist": 1.2228160193730637}
{"t": 1784513146.9586015, "x": 2.2800725937857256, "y": 0.07718398062693636, "zone": null, "min_dist": 1.2228160193730637}
{"t": 1784513147.118885, "x": 2.2800725937857256, "y": 0.07718398062693636, "zone": null, "min_dist": 1.2228160193730637}
{"t": 1784513147.2792988, "x": 2.2800725937857256, "y": 0.07718398062693636, "zone": null, "min_dist": 1.2228160193730637}
{"t": 1784513147.431747, "x": 2.2800725937857256, "y": 0.07718398062693636, "zone": null, "min_dist": 1.2228160193730637}
{"t": 1784513147.5921392, "x": 2.2800725937857256, "y": 0.07718398062693636, "zone": null, "min_dist": 1.2228160193730637}
{"t": 1784513147.7682345, "x": 2.2800725937857256, "y": 0.07718398062693636, "zone": null, "min_dist": 1.2228160193730637}
{"t": 1784513147.920616, "x": 2.2800725937857256, "y": 0.07718398062693636, "zone": null, "min_dist": 1.2228160193730637}
{"t": 1784513148.0807521, "x": 2.2800725937857256, "y": 0.07718398062693636, "zone": null, "min_dist": 1.2228160193730637}
{"t": 1784513148.2335374, "x": 2.2800725937857256, "y": 0.07718398062693636, "zone": null, "min_dist": 1.2228160193730637}
{"t": 1784513148.4095337, "x": 2.2800725937857256, "y": 0.07718398062693636, "zone": null, "min_dist": 1.2228160193730637}
{"t": 1784513148.562298, "x": 2.2800725937857256, "y": 0.07718398062693636, "zone": null, "min_dist": 1.2228160193730637}
{"t": 1784513148.7222297, "x": 2.2800725937857256, "y": 0.07718398062693636, "zone": null, "min_dist": 1.2228160193730637}
{"t": 1784513148.8987236, "x": 2.2800725937857256, "y": 0.07718398062693636, "zone": null, "min_dist": 1.2228160193730637}
{"t": 1784513149.0506701, "x": 2.2800725937857256, "y": 0.07718398062693636, "zone": null, "min_dist": 1.2228160193730637}
{"t": 1784513149.2032242, "x": 2.2800725937857256, "y": 0.07718398062693636, "zone": null, "min_dist": 1.2228160193730637}
{"t": 1784513149.3633626, "x": 2.2800725937857256, "y": 0.07718398062693636, "zone": null, "min_dist": 1.2228160193730637}
{"t": 1784513149.515661, "x": 2.2800725937857256, "y": 0.07718398062693636, "zone": null, "min_dist": 1.2228160193730637}
{"t": 1784513149.6922827, "x": 2.2800725937857256, "y": 0.07718398062693636, "zone": null, "min_dist": 1.2228160193730637}
{"t": 1784513149.844456, "x": 2.2800725937857256, "y": 0.07718398062693636, "zone": null, "min_dist": 1.2228160193730637}
{"t": 1784513149.9962451, "x": 2.2800725937857256, "y": 0.07718398062693636, "zone": null, "min_dist": 1.2228160193730637}
{"t": 1784513150.1726902, "x": 2.2800725937857256, "y": 0.07718398062693636, "zone": null, "min_dist": 1.2228160193730637}
{"t": 1784513150.3248837, "x": 2.2800725937857256, "y": 0.07718398062693636, "zone": null, "min_dist": 1.2228160193730637}
{"t": 1784513150.50167, "x": 2.2800725937857256, "y": 0.07718398062693636, "zone": null, "min_dist": 1.2228160193730637}
{"t": 1784513150.6535785, "x": 2.2800725937857256, "y": 0.07718398062693636, "zone": null, "min_dist": 1.2228160193730637}
{"t": 1784513150.8140063, "x": 2.2800725937857256, "y": 0.07718398062693636, "zone": null, "min_dist": 1.2228160193730637}
{"t": 1784513150.9669173, "x": 2.2800725937857256, "y": 0.07718398062693636, "zone": null, "min_dist": 1.2228160193730637}
{"t": 1784513151.1264148, "x": 2.2800725937857256, "y": 0.07718398062693636, "zone": null, "min_dist": 1.2228160193730637}
{"t": 1784513151.2866163, "x": 2.2800725937857256, "y": 0.07718398062693636, "zone": null, "min_dist": 1.2228160193730637}
{"t": 1784513151.4470115, "x": 2.2800725937857256, "y": 0.07718398062693636, "zone": null, "min_dist": 1.2228160193730637}
{"t": 1784513151.5993168, "x": 2.2800725937857256, "y": 0.07718398062693636, "zone": null, "min_dist": 1.2228160193730637}
{"t": 1784513151.7754712, "x": 2.2800725937857256, "y": 0.07718398062693636, "zone": null, "min_dist": 1.2228160193730637}
{"t": 1784513151.935594, "x": 2.2800725937857256, "y": 0.07718398062693636, "zone": null, "min_dist": 1.2228160193730637}
{"t": 1784513152.087717, "x": 2.2800725937857256, "y": 0.07718398062693636, "zone": null, "min_dist": 1.2228160193730637}
{"t": 1784513152.240232, "x": 2.2800725937857256, "y": 0.07718398062693636, "zone": null, "min_dist": 1.2228160193730637}
{"t": 1784513152.4003227, "x": 2.2800725937857256, "y": 0.07718398062693636, "zone": null, "min_dist": 1.2228160193730637}
{"t": 1784513152.5767817, "x": 2.2800725937857256, "y": 0.07718398062693636, "zone": null, "min_dist": 1.2228160193730637}
{"t": 1784513152.7372048, "x": 2.2800725937857256, "y": 0.07718398062693636, "zone": null, "min_dist": 1.2228160193730637}
{"t": 1784513152.8975549, "x": 2.2800725937857256, "y": 0.07718398062693636, "zone": null, "min_dist": 1.2228160193730637}
{"t": 1784513153.057652, "x": 2.2800725937857256, "y": 0.07718398062693636, "zone": null, "min_dist": 1.2228160193730637}
{"t": 1784513153.2102091, "x": 2.2800725937857256, "y": 0.07718398062693636, "zone": null, "min_dist": 1.2228160193730637}
{"t": 1784513153.3866801, "x": 2.2800725937857256, "y": 0.07718398062693636, "zone": null, "min_dist": 1.2228160193730637}
{"t": 1784513153.5624914, "x": 2.2800725937857256, "y": 0.07718398062693636, "zone": null, "min_dist": 1.2228160193730637}
{"t": 1784513153.71496, "x": 2.2800725937857256, "y": 0.07718398062693636, "zone": null, "min_dist": 1.2228160193730637}
{"t": 1784513153.8671749, "x": 2.2800725937857256, "y": 0.07718398062693636, "zone": null, "min_dist": 1.2228160193730637}
{"t": 1784513154.0195842, "x": 2.2800725937857256, "y": 0.07718398062693636, "zone": null, "min_dist": 1.2228160193730637}
{"t": 1784513154.180017, "x": 2.2800725937857256, "y": 0.07718398062693636, "zone": null, "min_dist": 1.2228160193730637}
{"t": 1784513154.356461, "x": 2.2800725937857256, "y": 0.07718398062693636, "zone": null, "min_dist": 1.2228160193730637}
{"t": 1784513154.5165524, "x": 2.2800725937857256, "y": 0.07718398062693636, "zone": null, "min_dist": 1.2228160193730637}
{"t": 1784513154.6769774, "x": 2.2800725937857256, "y": 0.07718398062693636, "zone": null, "min_dist": 1.2228160193730637}
{"t": 1784513154.8374104, "x": 2.2800725937857256, "y": 0.07718398062693636, "zone": null, "min_dist": 1.2228160193730637}
{"t": 1784513154.997306, "x": 2.2800725937857256, "y": 0.07718398062693636, "zone": null, "min_dist": 1.2228160193730637}
{"t": 1784513155.1497493, "x": 2.2800725937857256, "y": 0.07718398062693636, "zone": null, "min_dist": 1.2228160193730637}
{"t": 1784513155.3099568, "x": 2.2800725937857256, "y": 0.07718398062693636, "zone": null, "min_dist": 1.2228160193730637}
{"t": 1784513155.4621918, "x": 2.2800725937857256, "y": 0.07718398062693636, "zone": null, "min_dist": 1.2228160193730637}
{"t": 1784513155.614853, "x": 2.2800725937857256, "y": 0.07718398062693636, "zone": null, "min_dist": 1.2228160193730637}
{"t": 1784513155.76662, "x": 2.2800725937857256, "y": 0.07718398062693636, "zone": null, "min_dist": 1.2228160193730637}
{"t": 1784513155.9268649, "x": 2.2800725937857256, "y": 0.07718398062693636, "zone": null, "min_dist": 1.2228160193730637}
{"t": 1784513156.079214, "x": 2.2800725937857256, "y": 0.07718398062693636, "zone": null, "min_dist": 1.2228160193730637}
{"t": 1784513156.239541, "x": 2.2800725937857256, "y": 0.07718398062693636, "zone": null, "min_dist": 1.2228160193730637}
{"t": 1784513156.392117, "x": 2.2800725937857256, "y": 0.07718398062693636, "zone": null, "min_dist": 1.2228160193730637}
{"t": 1784513156.544185, "x": 2.2800725937857256, "y": 0.07718398062693636, "zone": null, "min_dist": 1.2228160193730637}
{"t": 1784513156.7044876, "x": 2.2800725937857256, "y": 0.07718398062693636, "zone": null, "min_dist": 1.2228160193730637}
{"t": 1784513156.8568525, "x": 2.2800725937857256, "y": 0.07718398062693636, "zone": null, "min_dist": 1.2228160193730637}
{"t": 1784513157.0328631, "x": 2.2800725937857256, "y": 0.07718398062693636, "zone": null, "min_dist": 1.2228160193730637}
{"t": 1784513157.185385, "x": 2.2800725937857256, "y": 0.07718398062693636, "zone": null, "min_dist": 1.2228160193730637}
{"t": 1784513157.3616972, "x": 2.2800725937857256, "y": 0.07718398062693636, "zone": null, "min_dist": 1.2228160193730637}
{"t": 1784513157.5140529, "x": 2.2800725937857256, "y": 0.07718398062693636, "zone": null, "min_dist": 1.2228160193730637}
{"t": 1784513157.6742842, "x": 2.2800725937857256, "y": 0.07718398062693636, "zone": null, "min_dist": 1.2228160193730637}
{"t": 1784513157.8343432, "x": 2.2800725937857256, "y": 0.07718398062693636, "zone": null, "min_dist": 1.2228160193730637}
{"t": 1784513157.9942582, "x": 2.2800725937857256, "y": 0.07718398062693636, "zone": null, "min_dist": 1.2228160193730637}
{"t": 1784513158.1548848, "x": 2.2800725937857256, "y": 0.07718398062693636, "zone": null, "min_dist": 1.2228160193730637}
{"t": 1784513158.314995, "x": 2.2800725937857256, "y": 0.07718398062693636, "zone": null, "min_dist": 1.2228160193730637}
{"t": 1784513158.4674337, "x": 2.2800725937857256, "y": 0.07718398062693636, "zone": null, "min_dist": 1.2228160193730637}
{"t": 1784513158.6277096, "x": 2.2800725937857256, "y": 0.07718398062693636, "zone": null, "min_dist": 1.2228160193730637}
{"t": 1784513158.7877831, "x": 2.2800725937857256, "y": 0.07718398062693636, "zone": null, "min_dist": 1.2228160193730637}
{"t": 1784513158.9404097, "x": 2.2800725937857256, "y": 0.07718398062693636, "zone": null, "min_dist": 1.2228160193730637}
{"t": 1784513159.1007495, "x": 2.2800725937857256, "y": 0.07718398062693636, "zone": null, "min_dist": 1.2228160193730637}
{"t": 1784513159.2775967, "x": 2.2800725937857256, "y": 0.07718398062693636, "zone": null, "min_dist": 1.2228160193730637}
{"t": 1784513159.437199, "x": 2.2800725937857256, "y": 0.07718398062693636, "zone": null, "min_dist": 1.2228160193730637}
{"t": 1784513159.5973945, "x": 2.2800725937857256, "y": 0.07718398062693636, "zone": null, "min_dist": 1.2228160193730637}
{"t": 1784513159.7502189, "x": 2.2800725937857256, "y": 0.07718398062693636, "zone": null, "min_dist": 1.2228160193730637}
{"t": 1784513159.9022171, "x": 2.2800725937857256, "y": 0.07718398062693636, "zone": null, "min_dist": 1.2228160193730637}
{"t": 1784513160.0624566, "x": 2.2800725937857256, "y": 0.07718398062693636, "zone": null, "min_dist": 1.2228160193730637}
{"t": 1784513160.2145028, "x": 2.2800725937857256, "y": 0.07718398062693636, "zone": null, "min_dist": 1.2228160193730637}
{"t": 1784513160.3668473, "x": 2.2800725937857256, "y": 0.07718398062693636, "zone": null, "min_dist": 1.2228160193730637}
{"t": 1784513160.5273142, "x": 2.2800725937857256, "y": 0.07718398062693636, "zone": null, "min_dist": 1.2228160193730637}
{"t": 1784513160.6874583, "x": 2.2800725937857256, "y": 0.07718398062693636, "zone": null, "min_dist": 1.2228160193730637}
{"t": 1784513160.8476598, "x": 2.2800725937857256, "y": 0.07718398062693636, "zone": null, "min_dist": 1.2228160193730637}
{"t": 1784513161.0092037, "x": 2.2800725937857256, "y": 0.07718398062693636, "zone": null, "min_dist": 1.2228160193730637}
{"t": 1784513161.1684823, "x": 2.2800725937857256, "y": 0.07718398062693636, "zone": null, "min_dist": 1.2228160193730637}
{"t": 1784513161.328392, "x": 2.2800725937857256, "y": 0.07718398062693636, "zone": null, "min_dist": 1.2228160193730637}
{"t": 1784513161.4886196, "x": 2.2800725937857256, "y": 0.07718398062693636, "zone": null, "min_dist": 1.2228160193730637}
{"t": 1784513161.6409178, "x": 2.2800725937857256, "y": 0.07718398062693636, "zone": null, "min_dist": 1.2228160193730637}
{"t": 1784513161.8012977, "x": 2.2800725937857256, "y": 0.07718398062693636, "zone": null, "min_dist": 1.2228160193730637}
{"t": 1784513161.9615939, "x": 2.2800725937857256, "y": 0.07718398062693636, "zone": null, "min_dist": 1.2228160193730637}
{"t": 1784513162.1140497, "x": 2.2800725937857256, "y": 0.07718398062693636, "zone": null, "min_dist": 1.2228160193730637}
{"t": 1784513162.2740443, "x": 2.2800725937857256, "y": 0.07718398062693636, "zone": null, "min_dist": 1.2228160193730637}
{"t": 1784513162.4345334, "x": 2.2800725937857256, "y": 0.07718398062693636, "zone": null, "min_dist": 1.2228160193730637}
{"t": 1784513162.5947597, "x": 2.2800725937857256, "y": 0.07718398062693636, "zone": null, "min_dist": 1.2228160193730637}
{"t": 1784513162.746703, "x": 2.2800725937857256, "y": 0.07718398062693636, "zone": null, "min_dist": 1.2228160193730637}
{"t": 1784513162.9072354, "x": 2.2800725937857256, "y": 0.07718398062693636, "zone": null, "min_dist": 1.2228160193730637}
{"t": 1784513163.0676715, "x": 2.2800725937857256, "y": 0.07718398062693636, "zone": null, "min_dist": 1.2228160193730637}
{"t": 1784513163.228045, "x": 2.2800725937857256, "y": 0.07718398062693636, "zone": null, "min_dist": 1.2228160193730637}
{"t": 1784513163.3802311, "x": 2.2800725937857256, "y": 0.07718398062693636, "zone": null, "min_dist": 1.2228160193730637}
{"t": 1784513163.5570304, "x": 2.2800725937857256, "y": 0.07718398062693636, "zone": null, "min_dist": 1.2228160193730637}
{"t": 1784513163.7086375, "x": 2.2800725937857256, "y": 0.07718398062693636, "zone": null, "min_dist": 1.2228160193730637}
{"t": 1784513163.8611345, "x": 2.2800725937857256, "y": 0.07718398062693636, "zone": null, "min_dist": 1.2228160193730637}
{"t": 1784513164.013011, "x": 2.2800725937857256, "y": 0.07718398062693636, "zone": null, "min_dist": 1.2228160193730637}
{"t": 1784513164.1731644, "x": 2.2800725937857256, "y": 0.07718398062693636, "zone": null, "min_dist": 1.2228160193730637}
{"t": 1784513164.3256242, "x": 2.2800725937857256, "y": 0.07718398062693636, "zone": null, "min_dist": 1.2228160193730637}
{"t": 1784513164.4858332, "x": 2.2800725937857256, "y": 0.07718398062693636, "zone": null, "min_dist": 1.2228160193730637}
{"t": 1784513164.6380877, "x": 2.2800725937857256, "y": 0.07718398062693636, "zone": null, "min_dist": 1.2228160193730637}
{"t": 1784513164.7986083, "x": 2.2800725937857256, "y": 0.07718398062693636, "zone": null, "min_dist": 1.2228160193730637}
{"t": 1784513164.9588432, "x": 2.2800725937857256, "y": 0.07718398062693636, "zone": null, "min_dist": 1.2228160193730637}
{"t": 1784513165.1111188, "x": 2.2800725937857256, "y": 0.07718398062693636, "zone": null, "min_dist": 1.2228160193730637}
{"t": 1784513165.263615, "x": 2.2800725937857256, "y": 0.07718398062693636, "zone": null, "min_dist": 1.2228160193730637}
{"t": 1784513165.4152148, "x": 2.2800725937857256, "y": 0.07718398062693636, "zone": null, "min_dist": 1.2228160193730637}
{"t": 1784513165.5757012, "x": 2.2800725937857256, "y": 0.07718398062693636, "zone": null, "min_dist": 1.2228160193730637}
{"t": 1784513165.7282848, "x": 2.2800725937857256, "y": 0.07718398062693636, "zone": null, "min_dist": 1.2228160193730637}
{"t": 1784513165.8883712, "x": 2.2800725937857256, "y": 0.07718398062693636, "zone": null, "min_dist": 1.2228160193730637}
{"t": 1784513166.064536, "x": 2.2800725937857256, "y": 0.07718398062693636, "zone": null, "min_dist": 1.2228160193730637}
{"t": 1784513166.2169414, "x": 2.2800725937857256, "y": 0.07718398062693636, "zone": null, "min_dist": 1.2228160193730637}
{"t": 1784513166.377406, "x": 2.2800725937857256, "y": 0.07718398062693636, "zone": null, "min_dist": 1.2228160193730637}
{"t": 1784513166.537252, "x": 2.2800725937857256, "y": 0.07718398062693636, "zone": null, "min_dist": 1.2228160193730637}
{"t": 1784513166.697397, "x": 2.2800725937857256, "y": 0.07718398062693636, "zone": null, "min_dist": 1.2228160193730637}
{"t": 1784513166.8573496, "x": 2.2800725937857256, "y": 0.07718398062693636, "zone": null, "min_dist": 1.2228160193730637}
{"t": 1784513167.017451, "x": 2.2800725937857256, "y": 0.07718398062693636, "zone": null, "min_dist": 1.2228160193730637}
{"t": 1784513167.1775374, "x": 2.2800725937857256, "y": 0.07718398062693636, "zone": null, "min_dist": 1.2228160193730637}
{"t": 1784513167.3379323, "x": 2.2800725937857256, "y": 0.07718398062693636, "zone": null, "min_dist": 1.2228160193730637}
{"t": 1784513167.4986012, "x": 2.2800725937857256, "y": 0.07718398062693636, "zone": null, "min_dist": 1.2228160193730637}
{"t": 1784513167.675145, "x": 2.2800725937857256, "y": 0.07718398062693636, "zone": null, "min_dist": 1.2228160193730637}
{"t": 1784513167.8272092, "x": 2.2800725937857256, "y": 0.07718398062693636, "zone": null, "min_dist": 1.2228160193730637}
{"t": 1784513167.9879317, "x": 2.2800725937857256, "y": 0.07718398062693636, "zone": null, "min_dist": 1.2228160193730637}
{"t": 1784513168.148101, "x": 2.2800725937857256, "y": 0.07718398062693636, "zone": null, "min_dist": 1.2228160193730637}
{"t": 1784513168.300334, "x": 2.2800725937857256, "y": 0.07718398062693636, "zone": null, "min_dist": 1.2228160193730637}
{"t": 1784513168.4523585, "x": 2.2800725937857256, "y": 0.07718398062693636, "zone": null, "min_dist": 1.2228160193730637}
{"t": 1784513168.6046755, "x": 2.2800725937857256, "y": 0.07718398062693636, "zone": null, "min_dist": 1.2228160193730637}
{"t": 1784513168.7651224, "x": 2.2800725937857256, "y": 0.07718398062693636, "zone": null, "min_dist": 1.2228160193730637}
{"t": 1784513168.917378, "x": 2.2800725937857256, "y": 0.07718398062693636, "zone": null, "min_dist": 1.2228160193730637}
{"t": 1784513169.0696094, "x": 2.2800725937857256, "y": 0.07718398062693636, "zone": null, "min_dist": 1.2228160193730637}
{"t": 1784513169.2296312, "x": 2.2800725937857256, "y": 0.07718398062693636, "zone": null, "min_dist": 1.2228160193730637}
{"t": 1784513169.3819592, "x": 2.2800725937857256, "y": 0.07718398062693636, "zone": null, "min_dist": 1.2228160193730637}
{"t": 1784513169.5583732, "x": 2.2800725937857256, "y": 0.07718398062693636, "zone": null, "min_dist": 1.2228160193730637}
{"t": 1784513169.73438, "x": 2.2800725937857256, "y": 0.07718398062693636, "zone": null, "min_dist": 1.2228160193730637}
{"t": 1784513169.886343, "x": 2.2800725937857256, "y": 0.07718398062693636, "zone": null, "min_dist": 1.2228160193730637}
{"t": 1784513170.046639, "x": 2.2800725937857256, "y": 0.07718398062693636, "zone": null, "min_dist": 1.2228160193730637}
{"t": 1784513170.2236414, "x": 2.2800725937857256, "y": 0.07718398062693636, "zone": null, "min_dist": 1.2228160193730637}
{"t": 1784513170.375455, "x": 2.2800725937857256, "y": 0.07718398062693636, "zone": null, "min_dist": 1.2228160193730637}
{"t": 1784513170.5354786, "x": 2.2800725937857256, "y": 0.07718398062693636, "zone": null, "min_dist": 1.2228160193730637}
{"t": 1784513170.695818, "x": 2.2800725937857256, "y": 0.07718398062693636, "zone": null, "min_dist": 1.2228160193730637}
{"t": 1784513170.8478975, "x": 2.2800725937857256, "y": 0.07718398062693636, "zone": null, "min_dist": 1.2228160193730637}
{"t": 1784513171.0003002, "x": 2.2800725937857256, "y": 0.07718398062693636, "zone": null, "min_dist": 1.2228160193730637}
{"t": 1784513171.152888, "x": 2.2800725937857256, "y": 0.07718398062693636, "zone": null, "min_dist": 1.2228160193730637}
{"t": 1784513171.3133419, "x": 2.2800725937857256, "y": 0.07718398062693636, "zone": null, "min_dist": 1.2228160193730637}
{"t": 1784513171.4734528, "x": 2.2800725937857256, "y": 0.07718398062693636, "zone": null, "min_dist": 1.2228160193730637}
{"t": 1784513171.6254156, "x": 2.2800725937857256, "y": 0.07718398062693636, "zone": null, "min_dist": 1.2228160193730637}
{"t": 1784513171.7856941, "x": 2.2800725937857256, "y": 0.07718398062693636, "zone": null, "min_dist": 1.2228160193730637}
{"t": 1784513171.9383295, "x": 2.2800725937857256, "y": 0.07718398062693636, "zone": null, "min_dist": 1.2228160193730637}
{"t": 1784513172.0904953, "x": 2.2800725937857256, "y": 0.07718398062693636, "zone": null, "min_dist": 1.2228160193730637}
{"t": 1784513172.2424524, "x": 2.2800725937857256, "y": 0.07718398062693636, "zone": null, "min_dist": 1.2228160193730637}
{"t": 1784513172.4025657, "x": 2.2800725937857256, "y": 0.07718398062693636, "zone": null, "min_dist": 1.2228160193730637}
{"t": 1784513172.5807047, "x": 2.2800725937857256, "y": 0.07718398062693636, "zone": null, "min_dist": 1.2228160193730637}
{"t": 1784513172.7403505, "x": 2.2800725937857256, "y": 0.07718398062693636, "zone": null, "min_dist": 1.2228160193730637}
{"t": 1784513172.8996687, "x": 2.2800725937857256, "y": 0.07718398062693636, "zone": null, "min_dist": 1.2228160193730637}
{"t": 1784513173.076174, "x": 2.2800725937857256, "y": 0.07718398062693636, "zone": null, "min_dist": 1.2228160193730637}
{"t": 1784513173.2525198, "x": 2.2800725937857256, "y": 0.07718398062693636, "zone": null, "min_dist": 1.2228160193730637}
{"t": 1784513173.4128993, "x": 2.2800725937857256, "y": 0.07718398062693636, "zone": null, "min_dist": 1.2228160193730637}
{"t": 1784513173.5735347, "x": 2.2800725937857256, "y": 0.07718398062693636, "zone": null, "min_dist": 1.2228160193730637}
{"t": 1784513173.73348, "x": 2.2800725937857256, "y": 0.07718398062693636, "zone": null, "min_dist": 1.2228160193730637}
{"t": 1784513173.9101765, "x": 2.2800725937857256, "y": 0.07718398062693636, "zone": null, "min_dist": 1.2228160193730637}
{"t": 1784513174.069885, "x": 2.2800725937857256, "y": 0.07718398062693636, "zone": null, "min_dist": 1.2228160193730637}
{"t": 1784513174.2302074, "x": 2.2800725937857256, "y": 0.07718398062693636, "zone": null, "min_dist": 1.2228160193730637}
{"t": 1784513174.3904016, "x": 2.2800725937857256, "y": 0.07718398062693636, "zone": null, "min_dist": 1.2228160193730637}
{"t": 1784513174.5506234, "x": 2.2800725937857256, "y": 0.07718398062693636, "zone": null, "min_dist": 1.2228160193730637}
{"t": 1784513174.7268908, "x": 2.2800725937857256, "y": 0.07718398062693636, "zone": null, "min_dist": 1.2228160193730637}
{"t": 1784513174.8872588, "x": 2.2800725937857256, "y": 0.07718398062693636, "zone": null, "min_dist": 1.2228160193730637}
{"t": 1784513175.0474293, "x": 2.2800725937857256, "y": 0.07718398062693636, "zone": null, "min_dist": 1.2228160193730637}
{"t": 1784513175.1999645, "x": 2.2800725937857256, "y": 0.07718398062693636, "zone": null, "min_dist": 1.2228160193730637}
{"t": 1784513175.352314, "x": 2.2800725937857256, "y": 0.07718398062693636, "zone": null, "min_dist": 1.2228160193730637}
{"t": 1784513175.504326, "x": 2.2800725937857256, "y": 0.07718398062693636, "zone": null, "min_dist": 1.2228160193730637}
{"t": 1784513175.656425, "x": 2.2800725937857256, "y": 0.07718398062693636, "zone": null, "min_dist": 1.2228160193730637}
{"t": 1784513175.8165438, "x": 2.2800725937857256, "y": 0.07718398062693636, "zone": null, "min_dist": 1.2228160193730637}
{"t": 1784513175.9690049, "x": 2.2800725937857256, "y": 0.07718398062693636, "zone": null, "min_dist": 1.2228160193730637}
{"t": 1784513176.1212852, "x": 2.2800725937857256, "y": 0.07718398062693636, "zone": null, "min_dist": 1.2228160193730637}
{"t": 1784513176.2815313, "x": 2.2800725937857256, "y": 0.07718398062693636, "zone": null, "min_dist": 1.2228160193730637}
{"t": 1784513176.441444, "x": 2.2800725937857256, "y": 0.07718398062693636, "zone": null, "min_dist": 1.2228160193730637}
{"t": 1784513176.6017878, "x": 2.2800725937857256, "y": 0.07718398062693636, "zone": null, "min_dist": 1.2228160193730637}
{"t": 1784513176.762154, "x": 2.2800725937857256, "y": 0.07718398062693636, "zone": null, "min_dist": 1.2228160193730637}
{"t": 1784513176.9151535, "x": 2.2800725937857256, "y": 0.07718398062693636, "zone": null, "min_dist": 1.2228160193730637}
{"t": 1784513177.0670679, "x": 2.2800725937857256, "y": 0.07718398062693636, "zone": null, "min_dist": 1.2228160193730637}
{"t": 1784513177.2197704, "x": 2.2800725937857256, "y": 0.07718398062693636, "zone": null, "min_dist": 1.2228160193730637}
{"t": 1784513177.3794508, "x": 2.2800725937857256, "y": 0.07718398062693636, "zone": null, "min_dist": 1.2228160193730637}
{"t": 1784513177.5320075, "x": 2.2800725937857256, "y": 0.07718398062693636, "zone": null, "min_dist": 1.2228160193730637}
{"t": 1784513177.6922772, "x": 2.2800725937857256, "y": 0.07718398062693636, "zone": null, "min_dist": 1.2228160193730637}
{"t": 1784513177.8444993, "x": 2.2800725937857256, "y": 0.07718398062693636, "zone": null, "min_dist": 1.2228160193730637}
{"t": 1784513178.0051856, "x": 2.2800725937857256, "y": 0.07718398062693636, "zone": null, "min_dist": 1.2228160193730637}
{"t": 1784513178.1651485, "x": 2.2800725937857256, "y": 0.07718398062693636, "zone": null, "min_dist": 1.2228160193730637}
{"t": 1784513178.3176725, "x": 2.2800725937857256, "y": 0.07718398062693636, "zone": null, "min_dist": 1.2228160193730637}
{"t": 1784513178.493854, "x": 2.2800725937857256, "y": 0.07718398062693636, "zone": null, "min_dist": 1.2228160193730637}
{"t": 1784513178.654234, "x": 2.2800725937857256, "y": 0.07718398062693636, "zone": null, "min_dist": 1.2228160193730637}
{"t": 1784513178.8144212, "x": 2.2800725937857256, "y": 0.07718398062693636, "zone": null, "min_dist": 1.2228160193730637}
{"t": 1784513178.9666965, "x": 2.2800725937857256, "y": 0.07718398062693636, "zone": null, "min_dist": 1.2228160193730637}
{"t": 1784513179.11873, "x": 2.2800725937857256, "y": 0.07718398062693636, "zone": null, "min_dist": 1.2228160193730637}
{"t": 1784513179.2711842, "x": 2.2800725937857256, "y": 0.07718398062693636, "zone": null, "min_dist": 1.2228160193730637}
{"t": 1784513179.4231443, "x": 2.2800725937857256, "y": 0.07718398062693636, "zone": null, "min_dist": 1.2228160193730637}
{"t": 1784513179.599434, "x": 2.2800725937857256, "y": 0.07718398062693636, "zone": null, "min_dist": 1.2228160193730637}
{"t": 1784513179.7514448, "x": 2.2800725937857256, "y": 0.07718398062693636, "zone": null, "min_dist": 1.2228160193730637}
{"t": 1784513179.9034922, "x": 2.2800725937857256, "y": 0.07718398062693636, "zone": null, "min_dist": 1.2228160193730637}
{"t": 1784513180.0559964, "x": 2.2800725937857256, "y": 0.07718398062693636, "zone": null, "min_dist": 1.2228160193730637}
{"t": 1784513180.2325778, "x": 2.2800725937857256, "y": 0.07718398062693636, "zone": null, "min_dist": 1.2228160193730637}
{"t": 1784513180.3925023, "x": 2.2800725937857256, "y": 0.07718398062693636, "zone": null, "min_dist": 1.2228160193730637}
{"t": 1784513180.544571, "x": 2.2800725937857256, "y": 0.07718398062693636, "zone": null, "min_dist": 1.2228160193730637}
{"t": 1784513180.7048438, "x": 2.2800725937857256, "y": 0.07718398062693636, "zone": null, "min_dist": 1.2228160193730637}
{"t": 1784513180.8571239, "x": 2.2800725937857256, "y": 0.07718398062693636, "zone": null, "min_dist": 1.2228160193730637}
{"t": 1784513181.0173638, "x": 2.2800725937857256, "y": 0.07718398062693636, "zone": null, "min_dist": 1.2228160193730637}
{"t": 1784513181.1777642, "x": 2.2800725937857256, "y": 0.07718398062693636, "zone": null, "min_dist": 1.2228160193730637}
{"t": 1784513181.354367, "x": 2.2800725937857256, "y": 0.07718398062693636, "zone": null, "min_dist": 1.2228160193730637}
{"t": 1784513181.506238, "x": 2.2800725937857256, "y": 0.07718398062693636, "zone": null, "min_dist": 1.2228160193730637}
{"t": 1784513181.6669512, "x": 2.2800725937857256, "y": 0.07718398062693636, "zone": null, "min_dist": 1.2228160193730637}
{"t": 1784513181.8192363, "x": 2.2800725937857256, "y": 0.07718398062693636, "zone": null, "min_dist": 1.2228160193730637}
{"t": 1784513181.9794161, "x": 2.2800725937857256, "y": 0.07718398062693636, "zone": null, "min_dist": 1.2228160193730637}
{"t": 1784513182.1558015, "x": 2.2800725937857256, "y": 0.07718398062693636, "zone": null, "min_dist": 1.2228160193730637}
{"t": 1784513182.3159785, "x": 2.2800725937857256, "y": 0.07718398062693636, "zone": null, "min_dist": 1.2228160193730637}
{"t": 1784513182.4761746, "x": 2.2800725937857256, "y": 0.07718398062693636, "zone": null, "min_dist": 1.2228160193730637}
{"t": 1784513182.6363826, "x": 2.2800725937857256, "y": 0.07718398062693636, "zone": null, "min_dist": 1.2228160193730637}
{"t": 1784513182.7966096, "x": 2.2800725937857256, "y": 0.07718398062693636, "zone": null, "min_dist": 1.2228160193730637}
{"t": 1784513182.9570673, "x": 2.2800725937857256, "y": 0.07718398062693636, "zone": null, "min_dist": 1.2228160193730637}
{"t": 1784513183.1093411, "x": 2.2800725937857256, "y": 0.07718398062693636, "zone": null, "min_dist": 1.2228160193730637}
{"t": 1784513183.2616837, "x": 2.2800725937857256, "y": 0.07718398062693636, "zone": null, "min_dist": 1.2228160193730637}
{"t": 1784513183.4221272, "x": 2.2800725937857256, "y": 0.07718398062693636, "zone": null, "min_dist": 1.2228160193730637}
{"t": 1784513183.5823257, "x": 2.2800725937857256, "y": 0.07718398062693636, "zone": null, "min_dist": 1.2228160193730637}
{"t": 1784513183.7343476, "x": 2.2800725937857256, "y": 0.07718398062693636, "zone": null, "min_dist": 1.2228160193730637}
{"t": 1784513183.8948796, "x": 2.2800725937857256, "y": 0.07718398062693636, "zone": null, "min_dist": 1.2228160193730637}
{"t": 1784513184.0544698, "x": 2.2800725937857256, "y": 0.07718398062693636, "zone": null, "min_dist": 1.2228160193730637}
{"t": 1784513184.20693, "x": 2.2800725937857256, "y": 0.07718398062693636, "zone": null, "min_dist": 1.2228160193730637}
{"t": 1784513184.3838444, "x": 2.2800725937857256, "y": 0.07718398062693636, "zone": null, "min_dist": 1.2228160193730637}
{"t": 1784513184.5431585, "x": 2.2800725937857256, "y": 0.07718398062693636, "zone": null, "min_dist": 1.2228160193730637}
{"t": 1784513184.7037861, "x": 2.2800725937857256, "y": 0.07718398062693636, "zone": null, "min_dist": 1.2228160193730637}
{"t": 1784513184.863959, "x": 2.2800725937857256, "y": 0.07718398062693636, "zone": null, "min_dist": 1.2228160193730637}
{"t": 1784513185.0242555, "x": 2.2800725937857256, "y": 0.07718398062693636, "zone": null, "min_dist": 1.2228160193730637}
{"t": 1784513185.184955, "x": 2.2800725937857256, "y": 0.07718398062693636, "zone": null, "min_dist": 1.2228160193730637}
{"t": 1784513185.345075, "x": 2.2800725937857256, "y": 0.07718398062693636, "zone": null, "min_dist": 1.2228160193730637}
{"t": 1784513185.4975157, "x": 2.2800725937857256, "y": 0.07718398062693636, "zone": null, "min_dist": 1.2228160193730637}
{"t": 1784513185.6576328, "x": 2.2800725937857256, "y": 0.07718398062693636, "zone": null, "min_dist": 1.2228160193730637}
{"t": 1784513185.8097296, "x": 2.2800725937857256, "y": 0.07718398062693636, "zone": null, "min_dist": 1.2228160193730637}
{"t": 1784513185.962033, "x": 2.2800725937857256, "y": 0.07718398062693636, "zone": null, "min_dist": 1.2228160193730637}
{"t": 1784513186.122362, "x": 2.2800725937857256, "y": 0.07718398062693636, "zone": null, "min_dist": 1.2228160193730637}
{"t": 1784513186.2825327, "x": 2.2800725937857256, "y": 0.07718398062693636, "zone": null, "min_dist": 1.2228160193730637}
{"t": 1784513186.43445, "x": 2.2800725937857256, "y": 0.07718398062693636, "zone": null, "min_dist": 1.2228160193730637}
{"t": 1784513186.5950046, "x": 2.2800725937857256, "y": 0.07718398062693636, "zone": null, "min_dist": 1.2228160193730637}
{"t": 1784513186.7553701, "x": 2.2800725937857256, "y": 0.07718398062693636, "zone": null, "min_dist": 1.2228160193730637}
{"t": 1784513186.9072773, "x": 2.2800725937857256, "y": 0.07718398062693636, "zone": null, "min_dist": 1.2228160193730637}
{"t": 1784513187.059622, "x": 2.2800725937857256, "y": 0.07718398062693636, "zone": null, "min_dist": 1.2228160193730637}
{"t": 1784513187.2120154, "x": 2.2800725937857256, "y": 0.07718398062693636, "zone": null, "min_dist": 1.2228160193730637}
{"t": 1784513187.3643591, "x": 2.2800725937857256, "y": 0.07718398062693636, "zone": null, "min_dist": 1.2228160193730637}
{"t": 1784513187.5243545, "x": 2.2800725937857256, "y": 0.07718398062693636, "zone": null, "min_dist": 1.2228160193730637}
{"t": 1784513187.6769884, "x": 2.2800725937857256, "y": 0.07718398062693636, "zone": null, "min_dist": 1.2228160193730637}
{"t": 1784513187.8289547, "x": 2.2800725937857256, "y": 0.07718398062693636, "zone": null, "min_dist": 1.2228160193730637}
{"t": 1784513187.981433, "x": 2.2800725937857256, "y": 0.07718398062693636, "zone": null, "min_dist": 1.2228160193730637}
{"t": 1784513188.1337152, "x": 2.2800725937857256, "y": 0.07718398062693636, "zone": null, "min_dist": 1.2228160193730637}
{"t": 1784513188.2939165, "x": 2.2800725937857256, "y": 0.07718398062693636, "zone": null, "min_dist": 1.2228160193730637}
{"t": 1784513188.4462142, "x": 2.2800725937857256, "y": 0.07718398062693636, "zone": null, "min_dist": 1.2228160193730637}
{"t": 1784513188.59899, "x": 2.2800725937857256, "y": 0.07718398062693636, "zone": null, "min_dist": 1.2228160193730637}
{"t": 1784513188.7510133, "x": 2.2800725937857256, "y": 0.07718398062693636, "zone": null, "min_dist": 1.2228160193730637}
{"t": 1784513188.9114742, "x": 2.2800725937857256, "y": 0.07718398062693636, "zone": null, "min_dist": 1.2228160193730637}
{"t": 1784513189.0715804, "x": 2.2800725937857256, "y": 0.07718398062693636, "zone": null, "min_dist": 1.2228160193730637}
{"t": 1784513189.2236333, "x": 2.2800725937857256, "y": 0.07718398062693636, "zone": null, "min_dist": 1.2228160193730637}
{"t": 1784513189.3842041, "x": 2.2800725937857256, "y": 0.07718398062693636, "zone": null, "min_dist": 1.2228160193730637}
{"t": 1784513189.536549, "x": 2.2800725937857256, "y": 0.07718398062693636, "zone": null, "min_dist": 1.2228160193730637}
{"t": 1784513189.7127147, "x": 2.2800725937857256, "y": 0.07718398062693636, "zone": null, "min_dist": 1.2228160193730637}
{"t": 1784513189.8731537, "x": 2.2800725937857256, "y": 0.07718398062693636, "zone": null, "min_dist": 1.2228160193730637}
{"t": 1784513190.033166, "x": 2.2800725937857256, "y": 0.07718398062693636, "zone": null, "min_dist": 1.2228160193730637}
{"t": 1784513190.185527, "x": 2.2800725937857256, "y": 0.07718398062693636, "zone": null, "min_dist": 1.2228160193730637}
{"t": 1784513190.3457956, "x": 2.2800725937857256, "y": 0.07718398062693636, "zone": null, "min_dist": 1.2228160193730637}
{"t": 1784513190.506573, "x": 2.2800725937857256, "y": 0.07718398062693636, "zone": null, "min_dist": 1.2228160193730637}
{"t": 1784513190.6665833, "x": 2.2800725937857256, "y": 0.07718398062693636, "zone": null, "min_dist": 1.2228160193730637}
{"t": 1784513190.826585, "x": 2.2800725937857256, "y": 0.07718398062693636, "zone": null, "min_dist": 1.2228160193730637}
{"t": 1784513191.0024047, "x": 2.2800725937857256, "y": 0.07718398062693636, "zone": null, "min_dist": 1.2228160193730637}
{"t": 1784513191.155236, "x": 2.2800725937857256, "y": 0.07718398062693636, "zone": null, "min_dist": 1.2228160193730637}
{"t": 1784513191.3155048, "x": 2.2800725937857256, "y": 0.07718398062693636, "zone": null, "min_dist": 1.2228160193730637}
{"t": 1784513191.4756515, "x": 2.2800725937857256, "y": 0.07718398062693636, "zone": null, "min_dist": 1.2228160193730637}
{"t": 1784513191.651933, "x": 2.2800725937857256, "y": 0.07718398062693636, "zone": null, "min_dist": 1.2228160193730637}
{"t": 1784513191.812453, "x": 2.2800725937857256, "y": 0.07718398062693636, "zone": null, "min_dist": 1.2228160193730637}
{"t": 1784513191.9724991, "x": 2.2800725937857256, "y": 0.07718398062693636, "zone": null, "min_dist": 1.2228160193730637}
{"t": 1784513192.1326723, "x": 2.2800725937857256, "y": 0.07718398062693636, "zone": null, "min_dist": 1.2228160193730637}
{"t": 1784513192.2930534, "x": 2.2800725937857256, "y": 0.07718398062693636, "zone": null, "min_dist": 1.2228160193730637}
{"t": 1784513192.453937, "x": 2.2800725937857256, "y": 0.07718398062693636, "zone": null, "min_dist": 1.2228160193730637}
{"t": 1784513192.6133063, "x": 2.2800725937857256, "y": 0.07718398062693636, "zone": null, "min_dist": 1.2228160193730637}
{"t": 1784513192.7735386, "x": 2.2800725937857256, "y": 0.07718398062693636, "zone": null, "min_dist": 1.2228160193730637}
{"t": 1784513192.9337647, "x": 2.2800725937857256, "y": 0.07718398062693636, "zone": null, "min_dist": 1.2228160193730637}
{"t": 1784513193.0866911, "x": 2.2800725937857256, "y": 0.07718398062693636, "zone": null, "min_dist": 1.2228160193730637}
{"t": 1784513193.2469254, "x": 2.2800725937857256, "y": 0.07718398062693636, "zone": null, "min_dist": 1.2228160193730637}
{"t": 1784513193.3991535, "x": 2.2800725937857256, "y": 0.07718398062693636, "zone": null, "min_dist": 1.2228160193730637}
{"t": 1784513193.559402, "x": 2.2800725937857256, "y": 0.07718398062693636, "zone": null, "min_dist": 1.2228160193730637}
{"t": 1784513193.711596, "x": 2.2800725937857256, "y": 0.07718398062693636, "zone": null, "min_dist": 1.2228160193730637}
{"t": 1784513193.8638825, "x": 2.2800725937857256, "y": 0.07718398062693636, "zone": null, "min_dist": 1.2228160193730637}
{"t": 1784513194.0241323, "x": 2.2800725937857256, "y": 0.07718398062693636, "zone": null, "min_dist": 1.2228160193730637}
{"t": 1784513194.1845613, "x": 2.2800725937857256, "y": 0.07718398062693636, "zone": null, "min_dist": 1.2228160193730637}
{"t": 1784513194.34434, "x": 2.2800725937857256, "y": 0.07718398062693636, "zone": null, "min_dist": 1.2228160193730637}
{"t": 1784513194.504747, "x": 2.2800725937857256, "y": 0.07718398062693636, "zone": null, "min_dist": 1.2228160193730637}
{"t": 1784513194.6570537, "x": 2.2800725937857256, "y": 0.07718398062693636, "zone": null, "min_dist": 1.2228160193730637}
{"t": 1784513194.8173666, "x": 2.2800725937857256, "y": 0.07718398062693636, "zone": null, "min_dist": 1.2228160193730637}
{"t": 1784513194.97772, "x": 2.2800725937857256, "y": 0.07718398062693636, "zone": null, "min_dist": 1.2228160193730637}
{"t": 1784513195.1378424, "x": 2.2800725937857256, "y": 0.07718398062693636, "zone": null, "min_dist": 1.2228160193730637}
{"t": 1784513195.2906146, "x": 2.2800725937857256, "y": 0.07718398062693636, "zone": null, "min_dist": 1.2228160193730637}
{"t": 1784513195.442567, "x": 2.2800725937857256, "y": 0.07718398062693636, "zone": null, "min_dist": 1.2228160193730637}
{"t": 1784513195.60307, "x": 2.2800725937857256, "y": 0.07718398062693636, "zone": null, "min_dist": 1.2228160193730637}
{"t": 1784513195.7552602, "x": 2.2800725937857256, "y": 0.07718398062693636, "zone": null, "min_dist": 1.2228160193730637}
{"t": 1784513195.9157178, "x": 2.2800725937857256, "y": 0.07718398062693636, "zone": null, "min_dist": 1.2228160193730637}
{"t": 1784513196.067829, "x": 2.2800725937857256, "y": 0.07718398062693636, "zone": null, "min_dist": 1.2228160193730637}
{"t": 1784513196.2203014, "x": 2.2800725937857256, "y": 0.07718398062693636, "zone": null, "min_dist": 1.2228160193730637}
{"t": 1784513196.3806632, "x": 2.2800725937857256, "y": 0.07718398062693636, "zone": null, "min_dist": 1.2228160193730637}
{"t": 1784513196.5407856, "x": 2.2800725937857256, "y": 0.07718398062693636, "zone": null, "min_dist": 1.2228160193730637}
{"t": 1784513196.7013478, "x": 2.2800725937857256, "y": 0.07718398062693636, "zone": null, "min_dist": 1.2228160193730637}
{"t": 1784513196.8613904, "x": 2.2800725937857256, "y": 0.07718398062693636, "zone": null, "min_dist": 1.2228160193730637}
{"t": 1784513197.0217357, "x": 2.2800725937857256, "y": 0.07718398062693636, "zone": null, "min_dist": 1.2228160193730637}
{"t": 1784513197.1739614, "x": 2.2800725937857256, "y": 0.07718398062693636, "zone": null, "min_dist": 1.2228160193730637}
{"t": 1784513197.3340251, "x": 2.2800725937857256, "y": 0.07718398062693636, "zone": null, "min_dist": 1.2228160193730637}
{"t": 1784513197.4943814, "x": 2.2800725937857256, "y": 0.07718398062693636, "zone": null, "min_dist": 1.2228160193730637}
{"t": 1784513197.6549768, "x": 2.2800725937857256, "y": 0.07718398062693636, "zone": null, "min_dist": 1.2228160193730637}
{"t": 1784513197.815103, "x": 2.2800725937857256, "y": 0.07718398062693636, "zone": null, "min_dist": 1.2228160193730637}
{"t": 1784513197.9917076, "x": 2.2800725937857256, "y": 0.07718398062693636, "zone": null, "min_dist": 1.2228160193730637}
{"t": 1784513198.143449, "x": 2.2800725937857256, "y": 0.07718398062693636, "zone": null, "min_dist": 1.2228160193730637}
{"t": 1784513198.3034945, "x": 2.2800725937857256, "y": 0.07718398062693636, "zone": null, "min_dist": 1.2228160193730637}
{"t": 1784513198.463947, "x": 2.2800725937857256, "y": 0.07718398062693636, "zone": null, "min_dist": 1.2228160193730637}
{"t": 1784513198.6403859, "x": 2.2800725937857256, "y": 0.07718398062693636, "zone": null, "min_dist": 1.2228160193730637}
{"t": 1784513198.8001819, "x": 2.2800725937857256, "y": 0.07718398062693636, "zone": null, "min_dist": 1.2228160193730637}
{"t": 1784513198.9523919, "x": 2.2800725937857256, "y": 0.07718398062693636, "zone": null, "min_dist": 1.2228160193730637}
{"t": 1784513199.1046474, "x": 2.2800725937857256, "y": 0.07718398062693636, "zone": null, "min_dist": 1.2228160193730637}
{"t": 1784513199.2571964, "x": 2.2800725937857256, "y": 0.07718398062693636, "zone": null, "min_dist": 1.2228160193730637}
{"t": 1784513199.4096189, "x": 2.2800725937857256, "y": 0.07718398062693636, "zone": null, "min_dist": 1.2228160193730637}
{"t": 1784513199.5613918, "x": 2.2800725937857256, "y": 0.07718398062693636, "zone": null, "min_dist": 1.2228160193730637}
{"t": 1784513199.7218754, "x": 2.2800725937857256, "y": 0.07718398062693636, "zone": null, "min_dist": 1.2228160193730637}
{"t": 1784513199.87403, "x": 2.2800725937857256, "y": 0.07718398062693636, "zone": null, "min_dist": 1.2228160193730637}
{"t": 1784513200.0264761, "x": 2.2800725937857256, "y": 0.07718398062693636, "zone": null, "min_dist": 1.2228160193730637}
{"t": 1784513200.1785784, "x": 2.2800725937857256, "y": 0.07718398062693636, "zone": null, "min_dist": 1.2228160193730637}
{"t": 1784513200.3308246, "x": 2.2800725937857256, "y": 0.07718398062693636, "zone": null, "min_dist": 1.2228160193730637}
{"t": 1784513200.4915736, "x": 2.2800725937857256, "y": 0.07718398062693636, "zone": null, "min_dist": 1.2228160193730637}
{"t": 1784513200.6516035, "x": 2.2800725937857256, "y": 0.07718398062693636, "zone": null, "min_dist": 1.2228160193730637}
{"t": 1784513200.8043506, "x": 2.2800725937857256, "y": 0.07718398062693636, "zone": null, "min_dist": 1.2228160193730637}
{"t": 1784513200.9642916, "x": 2.2800725937857256, "y": 0.07718398062693636, "zone": null, "min_dist": 1.2228160193730637}
{"t": 1784513201.1241884, "x": 2.2800725937857256, "y": 0.07718398062693636, "zone": null, "min_dist": 1.2228160193730637}
{"t": 1784513201.2763128, "x": 2.2800725937857256, "y": 0.07718398062693636, "zone": null, "min_dist": 1.2228160193730637}
{"t": 1784513201.4281175, "x": 2.2800725937857256, "y": 0.07718398062693636, "zone": null, "min_dist": 1.2228160193730637}
{"t": 1784513201.580699, "x": 2.2800725937857256, "y": 0.07718398062693636, "zone": null, "min_dist": 1.2228160193730637}
{"t": 1784513201.7571764, "x": 2.2800725937857256, "y": 0.07718398062693636, "zone": null, "min_dist": 1.2228160193730637}
{"t": 1784513201.9176447, "x": 2.2800725937857256, "y": 0.07718398062693636, "zone": null, "min_dist": 1.2228160193730637}
{"t": 1784513202.0780208, "x": 2.2800725937857256, "y": 0.07718398062693636, "zone": null, "min_dist": 1.2228160193730637}
{"t": 1784513202.2382436, "x": 2.2800725937857256, "y": 0.07718398062693636, "zone": null, "min_dist": 1.2228160193730637}
{"t": 1784513202.3984423, "x": 2.2800725937857256, "y": 0.07718398062693636, "zone": null, "min_dist": 1.2228160193730637}
{"t": 1784513202.5746899, "x": 2.2800725937857256, "y": 0.07718398062693636, "zone": null, "min_dist": 1.2228160193730637}
{"t": 1784513202.734755, "x": 2.2800725937857256, "y": 0.07718398062693636, "zone": null, "min_dist": 1.2228160193730637}
{"t": 1784513202.8871675, "x": 2.2800725937857256, "y": 0.07718398062693636, "zone": null, "min_dist": 1.2228160193730637}
{"t": 1784513203.0471706, "x": 2.2800725937857256, "y": 0.07718398062693636, "zone": null, "min_dist": 1.2228160193730637}
{"t": 1784513203.1998858, "x": 2.2800725937857256, "y": 0.07718398062693636, "zone": null, "min_dist": 1.2228160193730637}
{"t": 1784513203.3520663, "x": 2.2800725937857256, "y": 0.07718398062693636, "zone": null, "min_dist": 1.2228160193730637}
{"t": 1784513203.5045621, "x": 2.2800725937857256, "y": 0.07718398062693636, "zone": null, "min_dist": 1.2228160193730637}
{"t": 1784513203.6809952, "x": 2.2800725937857256, "y": 0.07718398062693636, "zone": null, "min_dist": 1.2228160193730637}
{"t": 1784513203.840531, "x": 2.2800725937857256, "y": 0.07718398062693636, "zone": null, "min_dist": 1.2228160193730637}
{"t": 1784513203.9927697, "x": 2.2800725937857256, "y": 0.07718398062693636, "zone": null, "min_dist": 1.2228160193730637}
{"t": 1784513204.145233, "x": 2.2800725937857256, "y": 0.07718398062693636, "zone": null, "min_dist": 1.2228160193730637}
{"t": 1784513204.305568, "x": 2.2800725937857256, "y": 0.07718398062693636, "zone": null, "min_dist": 1.2228160193730637}
{"t": 1784513204.4582083, "x": 2.2800725937857256, "y": 0.07718398062693636, "zone": null, "min_dist": 1.2228160193730637}
{"t": 1784513204.6343644, "x": 2.2800725937857256, "y": 0.07718398062693636, "zone": null, "min_dist": 1.2228160193730637}
{"t": 1784513204.7947805, "x": 2.2800725937857256, "y": 0.07718398062693636, "zone": null, "min_dist": 1.2228160193730637}
{"t": 1784513204.9466734, "x": 2.2800725937857256, "y": 0.07718398062693636, "zone": null, "min_dist": 1.2228160193730637}
{"t": 1784513205.0990171, "x": 2.2800725937857256, "y": 0.07718398062693636, "zone": null, "min_dist": 1.2228160193730637}
{"t": 1784513205.2592247, "x": 2.2800725937857256, "y": 0.07718398062693636, "zone": null, "min_dist": 1.2228160193730637}
{"t": 1784513205.4193866, "x": 2.2800725937857256, "y": 0.07718398062693636, "zone": null, "min_dist": 1.2228160193730637}
{"t": 1784513205.5800092, "x": 2.2800725937857256, "y": 0.07718398062693636, "zone": null, "min_dist": 1.2228160193730637}
{"t": 1784513205.7321012, "x": 2.2800725937857256, "y": 0.07718398062693636, "zone": null, "min_dist": 1.2228160193730637}
{"t": 1784513205.8842478, "x": 2.2800725937857256, "y": 0.07718398062693636, "zone": null, "min_dist": 1.2228160193730637}
{"t": 1784513206.0443356, "x": 2.2800725937857256, "y": 0.07718398062693636, "zone": null, "min_dist": 1.2228160193730637}
{"t": 1784513206.1964357, "x": 2.2800725937857256, "y": 0.07718398062693636, "zone": null, "min_dist": 1.2228160193730637}
{"t": 1784513206.3487656, "x": 2.2800725937857256, "y": 0.07718398062693636, "zone": null, "min_dist": 1.2228160193730637}
{"t": 1784513206.5089977, "x": 2.2800725937857256, "y": 0.07718398062693636, "zone": null, "min_dist": 1.2228160193730637}
{"t": 1784513206.6612308, "x": 2.2800725937857256, "y": 0.07718398062693636, "zone": null, "min_dist": 1.2228160193730637}
{"t": 1784513206.8218389, "x": 2.2800725937857256, "y": 0.07718398062693636, "zone": null, "min_dist": 1.2228160193730637}
{"t": 1784513206.982297, "x": 2.2800725937857256, "y": 0.07718398062693636, "zone": null, "min_dist": 1.2228160193730637}
{"t": 1784513207.1350267, "x": 2.2800725937857256, "y": 0.07718398062693636, "zone": null, "min_dist": 1.2228160193730637}
{"t": 1784513207.2873063, "x": 2.2800725937857256, "y": 0.07718398062693636, "zone": null, "min_dist": 1.2228160193730637}
{"t": 1784513207.4629908, "x": 2.2800725937857256, "y": 0.07718398062693636, "zone": null, "min_dist": 1.2228160193730637}
{"t": 1784513207.6151605, "x": 2.2800725937857256, "y": 0.07718398062693636, "zone": null, "min_dist": 1.2228160193730637}
{"t": 1784513207.7675867, "x": 2.2800725937857256, "y": 0.07718398062693636, "zone": null, "min_dist": 1.2228160193730637}
{"t": 1784513207.9441187, "x": 2.2800725937857256, "y": 0.07718398062693636, "zone": null, "min_dist": 1.2228160193730637}
{"t": 1784513208.1046426, "x": 2.2800725937857256, "y": 0.07718398062693636, "zone": null, "min_dist": 1.2228160193730637}
{"t": 1784513208.2641654, "x": 2.2800725937857256, "y": 0.07718398062693636, "zone": null, "min_dist": 1.2228160193730637}
{"t": 1784513208.4406445, "x": 2.2800725937857256, "y": 0.07718398062693636, "zone": null, "min_dist": 1.2228160193730637}
{"t": 1784513208.6006334, "x": 2.2800725937857256, "y": 0.07718398062693636, "zone": null, "min_dist": 1.2228160193730637}
{"t": 1784513208.7769227, "x": 2.2800725937857256, "y": 0.07718398062693636, "zone": null, "min_dist": 1.2228160193730637}
{"t": 1784513208.9375458, "x": 2.2800725937857256, "y": 0.07718398062693636, "zone": null, "min_dist": 1.2228160193730637}
{"t": 1784513209.097741, "x": 2.2800725937857256, "y": 0.07718398062693636, "zone": null, "min_dist": 1.2228160193730637}
{"t": 1784513209.250022, "x": 2.2800725937857256, "y": 0.07718398062693636, "zone": null, "min_dist": 1.2228160193730637}
{"t": 1784513209.4022572, "x": 2.2800725937857256, "y": 0.07718398062693636, "zone": null, "min_dist": 1.2228160193730637}
{"t": 1784513209.5546727, "x": 2.2800725937857256, "y": 0.07718398062693636, "zone": null, "min_dist": 1.2228160193730637}
{"t": 1784513209.714936, "x": 2.2800725937857256, "y": 0.07718398062693636, "zone": null, "min_dist": 1.2228160193730637}
{"t": 1784513209.8673177, "x": 2.2800725937857256, "y": 0.07718398062693636, "zone": null, "min_dist": 1.2228160193730637}
{"t": 1784513210.0275197, "x": 2.2800725937857256, "y": 0.07718398062693636, "zone": null, "min_dist": 1.2228160193730637}
{"t": 1784513210.1796796, "x": 2.2800725937857256, "y": 0.07718398062693636, "zone": null, "min_dist": 1.2228160193730637}
{"t": 1784513210.3401496, "x": 2.2800725937857256, "y": 0.07718398062693636, "zone": null, "min_dist": 1.2228160193730637}
{"t": 1784513210.4923105, "x": 2.2800725937857256, "y": 0.07718398062693636, "zone": null, "min_dist": 1.2228160193730637}
{"t": 1784513210.6528094, "x": 2.2800725937857256, "y": 0.07718398062693636, "zone": null, "min_dist": 1.2228160193730637}
{"t": 1784513210.8288836, "x": 2.2800725937857256, "y": 0.07718398062693636, "zone": null, "min_dist": 1.2228160193730637}
{"t": 1784513210.9892821, "x": 2.2800725937857256, "y": 0.07718398062693636, "zone": null, "min_dist": 1.2228160193730637}
{"t": 1784513211.1653237, "x": 2.2800725937857256, "y": 0.07718398062693636, "zone": null, "min_dist": 1.2228160193730637}
{"t": 1784513211.3255804, "x": 2.2800725937857256, "y": 0.07718398062693636, "zone": null, "min_dist": 1.2228160193730637}
{"t": 1784513211.4858103, "x": 2.2800725937857256, "y": 0.07718398062693636, "zone": null, "min_dist": 1.2228160193730637}
{"t": 1784513211.6463602, "x": 2.2800725937857256, "y": 0.07718398062693636, "zone": null, "min_dist": 1.2228160193730637}
{"t": 1784513211.8063302, "x": 2.2800725937857256, "y": 0.07718398062693636, "zone": null, "min_dist": 1.2228160193730637}
{"t": 1784513211.9665592, "x": 2.2800725937857256, "y": 0.07718398062693636, "zone": null, "min_dist": 1.2228160193730637}
{"t": 1784513212.1186826, "x": 2.2800725937857256, "y": 0.07718398062693636, "zone": null, "min_dist": 1.2228160193730637}
{"t": 1784513212.2792153, "x": 2.2800725937857256, "y": 0.07718398062693636, "zone": null, "min_dist": 1.2228160193730637}
{"t": 1784513212.4393418, "x": 2.2800725937857256, "y": 0.07718398062693636, "zone": null, "min_dist": 1.2228160193730637}
{"t": 1784513212.5994914, "x": 2.2800725937857256, "y": 0.07718398062693636, "zone": null, "min_dist": 1.2228160193730637}
{"t": 1784513212.7520573, "x": 2.2800725937857256, "y": 0.07718398062693636, "zone": null, "min_dist": 1.2228160193730637}
{"t": 1784513212.9126792, "x": 2.2800725937857256, "y": 0.07718398062693636, "zone": null, "min_dist": 1.2228160193730637}
{"t": 1784513213.0722466, "x": 2.2800725937857256, "y": 0.07718398062693636, "zone": null, "min_dist": 1.2228160193730637}
{"t": 1784513213.2485907, "x": 2.2800725937857256, "y": 0.07718398062693636, "zone": null, "min_dist": 1.2228160193730637}
{"t": 1784513213.4004714, "x": 2.2800725937857256, "y": 0.07718398062693636, "zone": null, "min_dist": 1.2228160193730637}
{"t": 1784513213.5532808, "x": 2.2800725937857256, "y": 0.07718398062693636, "zone": null, "min_dist": 1.2228160193730637}
{"t": 1784513213.7134259, "x": 2.2800725937857256, "y": 0.07718398062693636, "zone": null, "min_dist": 1.2228160193730637}
{"t": 1784513213.8737428, "x": 2.2800725937857256, "y": 0.07718398062693636, "zone": null, "min_dist": 1.2228160193730637}
{"t": 1784513214.0257413, "x": 2.2800725937857256, "y": 0.07718398062693636, "zone": null, "min_dist": 1.2228160193730637}
{"t": 1784513214.178521, "x": 2.2800725937857256, "y": 0.07718398062693636, "zone": null, "min_dist": 1.2228160193730637}
{"t": 1784513214.3305454, "x": 2.2800725937857256, "y": 0.07718398062693636, "zone": null, "min_dist": 1.2228160193730637}
{"t": 1784513214.4906297, "x": 2.2800725937857256, "y": 0.07718398062693636, "zone": null, "min_dist": 1.2228160193730637}
{"t": 1784513214.6510868, "x": 2.2800725937857256, "y": 0.07718398062693636, "zone": null, "min_dist": 1.2228160193730637}
{"t": 1784513214.811314, "x": 2.2800725937857256, "y": 0.07718398062693636, "zone": null, "min_dist": 1.2228160193730637}
{"t": 1784513214.963845, "x": 2.2800725937857256, "y": 0.07718398062693636, "zone": null, "min_dist": 1.2228160193730637}
{"t": 1784513215.1400397, "x": 2.2800725937857256, "y": 0.07718398062693636, "zone": null, "min_dist": 1.2228160193730637}
{"t": 1784513215.2925282, "x": 2.2800725937857256, "y": 0.07718398062693636, "zone": null, "min_dist": 1.2228160193730637}
{"t": 1784513215.4525504, "x": 2.2800725937857256, "y": 0.07718398062693636, "zone": null, "min_dist": 1.2228160193730637}
{"t": 1784513215.6044626, "x": 2.2800725937857256, "y": 0.07718398062693636, "zone": null, "min_dist": 1.2228160193730637}
{"t": 1784513215.765094, "x": 2.2800725937857256, "y": 0.07718398062693636, "zone": null, "min_dist": 1.2228160193730637}
{"t": 1784513215.9257526, "x": 2.2800725937857256, "y": 0.07718398062693636, "zone": null, "min_dist": 1.2228160193730637}
{"t": 1784513216.0858443, "x": 2.2800725937857256, "y": 0.07718398062693636, "zone": null, "min_dist": 1.2228160193730637}
{"t": 1784513216.2378361, "x": 2.2800725937857256, "y": 0.07718398062693636, "zone": null, "min_dist": 1.2228160193730637}
{"t": 1784513216.3983183, "x": 2.2800725937857256, "y": 0.07718398062693636, "zone": null, "min_dist": 1.2228160193730637}
{"t": 1784513216.5508158, "x": 2.2800725937857256, "y": 0.07718398062693636, "zone": null, "min_dist": 1.2228160193730637}
{"t": 1784513216.7109556, "x": 2.2800725937857256, "y": 0.07718398062693636, "zone": null, "min_dist": 1.2228160193730637}
{"t": 1784513216.8713615, "x": 2.2800725937857256, "y": 0.07718398062693636, "zone": null, "min_dist": 1.2228160193730637}
{"t": 1784513217.0315318, "x": 2.2800725937857256, "y": 0.07718398062693636, "zone": null, "min_dist": 1.2228160193730637}
{"t": 1784513217.1838892, "x": 2.2800725937857256, "y": 0.07718398062693636, "zone": null, "min_dist": 1.2228160193730637}
{"t": 1784513217.3358529, "x": 2.2800725937857256, "y": 0.07718398062693636, "zone": null, "min_dist": 1.2228160193730637}
{"t": 1784513217.488387, "x": 2.2800725937857256, "y": 0.07718398062693636, "zone": null, "min_dist": 1.2228160193730637}
{"t": 1784513217.640554, "x": 2.2800725937857256, "y": 0.07718398062693636, "zone": null, "min_dist": 1.2228160193730637}
{"t": 1784513217.8004718, "x": 2.2800725937857256, "y": 0.07718398062693636, "zone": null, "min_dist": 1.2228160193730637}
{"t": 1784513217.9608936, "x": 2.2800725937857256, "y": 0.07718398062693636, "zone": null, "min_dist": 1.2228160193730637}
{"t": 1784513218.1128712, "x": 2.2800725937857256, "y": 0.07718398062693636, "zone": null, "min_dist": 1.2228160193730637}
{"t": 1784513218.371464, "x": 2.2800725937857256, "y": 0.07718398062693636, "zone": null, "min_dist": 1.2228160193730637}
{"t": 1784513218.5298533, "x": 2.2800725937857256, "y": 0.07718398062693636, "zone": null, "min_dist": 1.2228160193730637}
{"t": 1784513218.6899865, "x": 2.2800725937857256, "y": 0.07718398062693636, "zone": null, "min_dist": 1.2228160193730637}
{"t": 1784513218.8423488, "x": 2.2800725937857256, "y": 0.07718398062693636, "zone": null, "min_dist": 1.2228160193730637}
{"t": 1784513218.9942353, "x": 2.2800725937857256, "y": 0.07718398062693636, "zone": null, "min_dist": 1.2228160193730637}
{"t": 1784513219.1467524, "x": 2.2800725937857256, "y": 0.07718398062693636, "zone": null, "min_dist": 1.2228160193730637}
{"t": 1784513219.2989745, "x": 2.2800725937857256, "y": 0.07718398062693636, "zone": null, "min_dist": 1.2228160193730637}
{"t": 1784513219.451586, "x": 2.2800725937857256, "y": 0.07718398062693636, "zone": null, "min_dist": 1.2228160193730637}
{"t": 1784513219.6115093, "x": 2.2800725937857256, "y": 0.07718398062693636, "zone": null, "min_dist": 1.2228160193730637}
{"t": 1784513219.7640414, "x": 2.2800725937857256, "y": 0.07718398062693636, "zone": null, "min_dist": 1.2228160193730637}
{"t": 1784513219.916374, "x": 2.2800725937857256, "y": 0.07718398062693636, "zone": null, "min_dist": 1.2228160193730637}
{"t": 1784513220.0685427, "x": 2.2800725937857256, "y": 0.07718398062693636, "zone": null, "min_dist": 1.2228160193730637}
{"t": 1784513220.2446215, "x": 2.2800725937857256, "y": 0.07718398062693636, "zone": null, "min_dist": 1.2228160193730637}
{"t": 1784513220.4050834, "x": 2.2800725937857256, "y": 0.07718398062693636, "zone": null, "min_dist": 1.2228160193730637}
{"t": 1784513220.565846, "x": 2.2800725937857256, "y": 0.07718398062693636, "zone": null, "min_dist": 1.2228160193730637}
{"t": 1784513220.7259717, "x": 2.2800725937857256, "y": 0.07718398062693636, "zone": null, "min_dist": 1.2228160193730637}
{"t": 1784513220.8859982, "x": 2.2800725937857256, "y": 0.07718398062693636, "zone": null, "min_dist": 1.2228160193730637}
{"t": 1784513221.0460966, "x": 2.2800725937857256, "y": 0.07718398062693636, "zone": null, "min_dist": 1.2228160193730637}
{"t": 1784513221.2064612, "x": 2.2800725937857256, "y": 0.07718398062693636, "zone": null, "min_dist": 1.2228160193730637}
{"t": 1784513221.3667588, "x": 2.2800725937857256, "y": 0.07718398062693636, "zone": null, "min_dist": 1.2228160193730637}
{"t": 1784513221.5275204, "x": 2.2800725937857256, "y": 0.07718398062693636, "zone": null, "min_dist": 1.2228160193730637}
{"t": 1784513221.6872892, "x": 2.2800725937857256, "y": 0.07718398062693636, "zone": null, "min_dist": 1.2228160193730637}
{"t": 1784513221.8471923, "x": 2.2800725937857256, "y": 0.07718398062693636, "zone": null, "min_dist": 1.2228160193730637}
{"t": 1784513222.0240471, "x": 2.2800725937857256, "y": 0.07718398062693636, "zone": null, "min_dist": 1.2228160193730637}
{"t": 1784513222.1761835, "x": 2.2800725937857256, "y": 0.07718398062693636, "zone": null, "min_dist": 1.2228160193730637}
{"t": 1784513222.3367305, "x": 2.2800725937857256, "y": 0.07718398062693636, "zone": null, "min_dist": 1.2228160193730637}
{"t": 1784513222.513003, "x": 2.2800725937857256, "y": 0.07718398062693636, "zone": null, "min_dist": 1.2228160193730637}
{"t": 1784513222.673166, "x": 2.2800725937857256, "y": 0.07718398062693636, "zone": null, "min_dist": 1.2228160193730637}
{"t": 1784513222.83349, "x": 2.2800725937857256, "y": 0.07718398062693636, "zone": null, "min_dist": 1.2228160193730637}
{"t": 1784513222.9935393, "x": 2.2800725937857256, "y": 0.07718398062693636, "zone": null, "min_dist": 1.2228160193730637}
{"t": 1784513223.1539674, "x": 2.2800725937857256, "y": 0.07718398062693636, "zone": null, "min_dist": 1.2228160193730637}
{"t": 1784513223.3144171, "x": 2.2800725937857256, "y": 0.07718398062693636, "zone": null, "min_dist": 1.2228160193730637}
{"t": 1784513223.4669669, "x": 2.2800725937857256, "y": 0.07718398062693636, "zone": null, "min_dist": 1.2228160193730637}
{"t": 1784513223.618875, "x": 2.2800725937857256, "y": 0.07718398062693636, "zone": null, "min_dist": 1.2228160193730637}
{"t": 1784513223.7793057, "x": 2.2800725937857256, "y": 0.07718398062693636, "zone": null, "min_dist": 1.2228160193730637}
{"t": 1784513223.931745, "x": 2.2800725937857256, "y": 0.07718398062693636, "zone": null, "min_dist": 1.2228160193730637}
{"t": 1784513224.0838823, "x": 2.2800725937857256, "y": 0.07718398062693636, "zone": null, "min_dist": 1.2228160193730637}
{"t": 1784513224.2438455, "x": 2.2800725937857256, "y": 0.07718398062693636, "zone": null, "min_dist": 1.2228160193730637}
{"t": 1784513224.404395, "x": 2.2800725937857256, "y": 0.07718398062693636, "zone": null, "min_dist": 1.2228160193730637}
{"t": 1784513224.5647192, "x": 2.2800725937857256, "y": 0.07718398062693636, "zone": null, "min_dist": 1.2228160193730637}
{"t": 1784513224.7248213, "x": 2.2800725937857256, "y": 0.07718398062693636, "zone": null, "min_dist": 1.2228160193730637}
{"t": 1784513224.885172, "x": 2.2800725937857256, "y": 0.07718398062693636, "zone": null, "min_dist": 1.2228160193730637}
{"t": 1784513225.045274, "x": 2.2800725937857256, "y": 0.07718398062693636, "zone": null, "min_dist": 1.2228160193730637}
{"t": 1784513225.1976438, "x": 2.2800725937857256, "y": 0.07718398062693636, "zone": null, "min_dist": 1.2228160193730637}
{"t": 1784513225.3738098, "x": 2.2800725937857256, "y": 0.07718398062693636, "zone": null, "min_dist": 1.2228160193730637}
{"t": 1784513225.5336444, "x": 2.2800725937857256, "y": 0.07718398062693636, "zone": null, "min_dist": 1.2228160193730637}
{"t": 1784513225.6958358, "x": 2.2800725937857256, "y": 0.07718398062693636, "zone": null, "min_dist": 1.2228160193730637}
