Generated 20 trials
Methods: ['geofence']
Scenarios: ['S5']
Seeds: 10 (offset=0, range=s0-s9)
Include sweep: False
Runtime monitoring: False

Trials by scenario: {'S5': 20}
Trials by method: {'geofence': 20}
[V-CHECK-ONCE] Runtime monitor (cmd_vel guard) FORCED OFF for all trials; goal/path gate + margin unchanged.
[2026-07-12 14:47:28] ============================================================
[2026-07-12 14:47:28] Starting Gazebo S1-S5 Experiment
[2026-07-12 14:47:28] ============================================================
[CLEANUP] Starting process cleanup...
[CLEANUP] Complete (killed 0 process groups)
[2026-07-12 14:47:32] [OUTPUT] Writing results to experiment_results/gazebo_s1_s6/results_checkonce_s5.jsonl
[2026-07-12 14:47:32] 
============================================================
[2026-07-12 14:47:32] Method: geofence
[2026-07-12 14:47:32] ============================================================
[2026-07-12 14:47:32] [WORLD] Starting with empty.sdf for scenarios: ['S5']
[DEBUG] restart_with_method called: method=geofence, params={}, world=empty.sdf, guard=False
[SIM] Full restart for method: geofence (world: empty.sdf)
[SIM] Stopping all processes...
[CLEANUP] Starting process cleanup...
[CLEANUP] Complete (killed 0 process groups)
[SIM] All processes stopped
[SIM] Starting Gazebo...
[CLEANUP] Starting process cleanup...
[CLEANUP] Complete (killed 0 process groups)
[SIM] gz sim still alive (1 procs), force-killing PGIDs (attempt 1/5)...
[SIM] gz sim still alive (1 procs), force-killing PGIDs (attempt 2/5)...
[SIM] gz sim still alive (1 procs), force-killing PGIDs (attempt 3/5)...
[SIM] gz sim still alive (1 procs), force-killing PGIDs (attempt 4/5)...
[SIM] gz sim still alive (1 procs), force-killing PGIDs (attempt 5/5)...
[SIM][WARNING] Could not kill all gz sim processes — proceeding anyway
The daemon has been started
[SIM] Waiting for Gazebo (180s)...
[SIM] Gazebo started successfully
[SIM] robot_state_publisher: running
[SIM] Starting odom relay (odom_real → odom)...
[SIM] Odom relay started
[SIM] Starting scan relay (scan_real → scan)...
[SIM] Scan relay started, verifying /scan topic...
[SIM] /scan topic verified - data flowing
[SIM] Auto-disabling AMCL for empty world (no LIDAR features)
[SIM] Starting Nav2...
[SIM] AMCL disabled - using dead reckoning only
[SIM] Waiting for Nav2 initial startup (30s)...
[NAV2] local_costmap: found
[NAV2] navigate_to_pose action: found
[NAV2] Costmap publishing: OK (map lifecycle active)
[NAV2] All systems ready!
[SIM] Final verification: checking navigate_to_pose action...
[SIM] Nav2 started successfully and action server verified!
[SIM] Starting geofence with method: geofence, params: {}, comm_latency_ms: 0
[SIM] Waiting for geofence (20s)...
[SIM] Geofence started with method: geofence (cmd_vel_guard: False)
[SIM] cmd_vel_guard disabled, starting cmd_vel relay for navigation...
[SIM] Starting cmd_vel relay (cmd_vel_nav → cmd_vel)...
[SIM] cmd_vel relay started
[2026-07-12 14:49:19] [GEOFENCE] Restarting geofence (sigma=0.15, v_max=0.5, tau=0.1, eps=0.003, a_max=2.5)...
[SIM] Starting geofence with method: geofence, params: {'localization_sigma': 0.15, 'v_max': 0.5, 'latency': 0.1, 'epsilon': 0.003, 'a_max': 2.5, 'e_0': 0.03, 'c_1': 0.04, 'enable_estimation_term': True, 'enable_tracking_term': True, 'enable_latency_term': True, 'enable_braking_term': True, 'use_dynamic_v_max': False, 'use_dynamic_tau': False, 'use_dynamic_e_track': False}, comm_latency_ms: 0
[SIM] Waiting for geofence (20s)...
[SIM] Geofence started with method: geofence (cmd_vel_guard: False)
[SIM] cmd_vel_guard disabled, starting cmd_vel relay for navigation...
[SIM] Starting cmd_vel relay (cmd_vel_nav → cmd_vel)...
[SIM] cmd_vel relay started
[2026-07-12 14:49:47] 
Trial 1/20: S5_geofence_toctou_bias_1.0_s0
[2026-07-12 14:49:47]   Goal: (7.00, 1.60)
[2026-07-12 14:49:47]   TOCTOU Δ=1.0: biased path y=1.343 at zone (inside margin)
[2026-07-12 14:49:47] [RESET] Resetting robot pose to origin...
[RESET] Teleporting robot to (0.0, 0.0, θ=0.0)
[RESET] Cancelling any active navigation goals...
[RESET] Stopping robot movement...
[RESET] Waiting for TF to stabilize...
[RESET] AMCL disabled, correcting map→odom TF after teleport...
[RESET] Odom at (-0.00, -0.00, yaw=0.0°), target (0.00, 0.00, yaw=0.0°)
[RESET] TF correction: tx=0.000, ty=-0.000, yaw=-0.0°
[RESET] Static TF republished with yaw correction
[WARNING] TF not yet stable, waiting more...
[RESET] Robot pose reset complete
[2026-07-12 14:50:22] [S5] Starting odom_spoofing attack (scale=1.0, offset=(0.0, 1.0))
[ATTACK] Starting odom_spoofing attack with scale=1.0, offset=(0.0, 1.0)
[ATTACK] Stopping odom relay for odom spoofing attack...
[ATTACK] odom_spoofing attack started successfully
[2026-07-12 14:50:28] [S5-TOCTOU] Δy=1.0, true path y@zone=0.914, biased path y@zone=1.343
[2026-07-12 14:50:29] [S5-TOCTOU] Biased odom confirmed: y=1.000 (expected ~1.0)
[TOCTOU] Goal sent, waiting 5.0s for planning decision...
[TOCTOU] Removing odom bias (restoring real odom)...
[2026-07-12 14:50:34] [S5-TOCTOU] Stopping odom bias, restoring real odom...
[ATTACK] Restarting odom relay after odom spoofing attack...
[SIM] Starting odom relay (odom_real → odom)...
[SIM] Odom relay started
[2026-07-12 14:50:37] [S5-TOCTOU] decision=reject, reason=Goal rejected by geofence (within safety margin)
[2026-07-12 14:50:37] [S4] Stopping odom_spoofing attack
[2026-07-12 14:50:37]   Result: reject (FAIL)
[2026-07-12 14:50:37]   Reason: Goal rejected by geofence (within safety margin)
[2026-07-12 14:50:37]   Time: 49.9s
[2026-07-12 14:50:37]   Robot moved: False, path_min_dist: 4.00m
[2026-07-12 14:50:37] [HEALTH] Pre-trial restart (every 1 trials, world=empty.sdf)...
[SIM] Stopping all processes...
[CLEANUP] Starting process cleanup...
[CLEANUP] Complete (killed 1 process groups)
[SIM] All processes stopped
[CLEANUP] Starting process cleanup...
[CLEANUP] Complete (killed 0 process groups)
[DEBUG] restart_with_method called: method=geofence, params={}, world=empty.sdf, guard=False
[SIM] Full restart for method: geofence (world: empty.sdf)
[SIM] Stopping all processes...
[CLEANUP] Starting process cleanup...
[CLEANUP] Complete (killed 0 process groups)
[SIM] All processes stopped
[SIM] Starting Gazebo...
[CLEANUP] Starting process cleanup...
[CLEANUP] Complete (killed 0 process groups)
[SIM] gz sim still alive (1 procs), force-killing PGIDs (attempt 1/5)...
[SIM] gz sim still alive (1 procs), force-killing PGIDs (attempt 2/5)...
[SIM] gz sim still alive (1 procs), force-killing PGIDs (attempt 3/5)...
[SIM] gz sim still alive (1 procs), force-killing PGIDs (attempt 4/5)...
[SIM] gz sim still alive (1 procs), force-killing PGIDs (attempt 5/5)...
[SIM][WARNING] Could not kill all gz sim processes — proceeding anyway
The daemon has been started
[SIM] Waiting for Gazebo (180s)...
[SIM] Gazebo started successfully
[SIM] robot_state_publisher: running
[SIM] Starting odom relay (odom_real → odom)...
[SIM] Odom relay started
[SIM] Starting scan relay (scan_real → scan)...
[SIM] Scan relay started, verifying /scan topic...
[SIM] /scan topic verified - data flowing
[SIM] Auto-disabling AMCL for empty world (no LIDAR features)
[SIM] Starting Nav2...
[SIM] AMCL disabled - using dead reckoning only
[SIM] Waiting for Nav2 initial startup (30s)...
[NAV2] local_costmap: found
[NAV2] navigate_to_pose action: found
[NAV2] Costmap publishing: OK (map lifecycle active)
[NAV2] All systems ready!
[SIM] Final verification: checking navigate_to_pose action...
[SIM] Nav2 started successfully and action server verified!
[SIM] Starting geofence with method: geofence, params: {}, comm_latency_ms: 0
[SIM] Waiting for geofence (20s)...
[SIM] Geofence started with method: geofence (cmd_vel_guard: False)
[SIM] cmd_vel_guard disabled, starting cmd_vel relay for navigation...
[SIM] Starting cmd_vel relay (cmd_vel_nav → cmd_vel)...
[SIM] cmd_vel relay started
[2026-07-12 14:52:52] [GEOFENCE] Restarting geofence (sigma=0.15, v_max=0.5, tau=0.1, eps=0.003, a_max=2.5)...
[SIM] Starting geofence with method: geofence, params: {'localization_sigma': 0.15, 'v_max': 0.5, 'latency': 0.1, 'epsilon': 0.003, 'a_max': 2.5, 'e_0': 0.03, 'c_1': 0.04, 'enable_estimation_term': True, 'enable_tracking_term': True, 'enable_latency_term': True, 'enable_braking_term': True, 'use_dynamic_v_max': False, 'use_dynamic_tau': False, 'use_dynamic_e_track': False}, comm_latency_ms: 50
[SIM] Waiting for geofence (20s)...
[SIM] Geofence started with method: geofence (cmd_vel_guard: False)
[SIM] cmd_vel_guard disabled, starting cmd_vel relay for navigation...
[SIM] Starting cmd_vel relay (cmd_vel_nav → cmd_vel) (latency=50ms)...
[SIM] cmd_vel relay started (latency=50ms)
[2026-07-12 14:53:20] 
Trial 2/20: S5_geofence_toctou_bias_1.0_s1
[2026-07-12 14:53:20]   Goal: (7.00, 1.60)
[2026-07-12 14:53:20]   TOCTOU Δ=1.0: biased path y=1.343 at zone (inside margin)
[2026-07-12 14:53:20]   Comm latency: 50ms
[2026-07-12 14:53:20] [RESET] Resetting robot pose to origin...
[RESET] Teleporting robot to (0.0, 0.0, θ=0.0)
[RESET] Cancelling any active navigation goals...
[RESET] Stopping robot movement...
[RESET] Waiting for TF to stabilize...
[RESET] AMCL disabled, correcting map→odom TF after teleport...
[RESET] Odom at (-0.00, -0.00, yaw=0.0°), target (0.00, 0.00, yaw=0.0°)
[RESET] TF correction: tx=0.000, ty=-0.000, yaw=-0.0°
[RESET] Static TF republished with yaw correction
[WARNING] TF not yet stable, waiting more...
[RESET] Robot pose reset complete
[2026-07-12 14:53:56] [S5] Starting odom_spoofing attack (scale=1.0, offset=(0.0, 1.0))
[ATTACK] Starting odom_spoofing attack with scale=1.0, offset=(0.0, 1.0)
[ATTACK] Stopping odom relay for odom spoofing attack...
[ATTACK] odom_spoofing attack started successfully
[2026-07-12 14:54:01] [S5-TOCTOU] Δy=1.0, true path y@zone=0.914, biased path y@zone=1.343
[2026-07-12 14:54:02] [S5-TOCTOU] Biased odom confirmed: y=1.000 (expected ~1.0)
[TOCTOU] Goal sent, waiting 5.0s for planning decision...
[TOCTOU] Removing odom bias (restoring real odom)...
[2026-07-12 14:54:07] [S5-TOCTOU] Stopping odom bias, restoring real odom...
[ATTACK] Restarting odom relay after odom spoofing attack...
[SIM] Starting odom relay (odom_real → odom)...
[SIM] Odom relay started
[2026-07-12 14:54:11] [S5-TOCTOU] decision=reject, reason=Goal rejected by geofence (within safety margin)
[2026-07-12 14:54:11] [S4] Stopping odom_spoofing attack
[2026-07-12 14:54:11]   Result: reject (FAIL)
[2026-07-12 14:54:11]   Reason: Goal rejected by geofence (within safety margin)
[2026-07-12 14:54:11]   Time: 50.8s
[2026-07-12 14:54:11]   Robot moved: False, path_min_dist: 4.00m
[2026-07-12 14:54:11] [HEALTH] Pre-trial restart (every 1 trials, world=empty.sdf)...
[SIM] Stopping all processes...
[CLEANUP] Starting process cleanup...
[CLEANUP] Complete (killed 1 process groups)
[SIM] All processes stopped
[CLEANUP] Starting process cleanup...
[CLEANUP] Complete (killed 0 process groups)
[DEBUG] restart_with_method called: method=geofence, params={}, world=empty.sdf, guard=False
[SIM] Full restart for method: geofence (world: empty.sdf)
[SIM] Stopping all processes...
[CLEANUP] Starting process cleanup...
[CLEANUP] Complete (killed 0 process groups)
[SIM] All processes stopped
[SIM] Starting Gazebo...
[CLEANUP] Starting process cleanup...
[CLEANUP] Complete (killed 0 process groups)
[SIM] gz sim still alive (1 procs), force-killing PGIDs (attempt 1/5)...
[SIM] gz sim still alive (1 procs), force-killing PGIDs (attempt 2/5)...
[SIM] gz sim still alive (1 procs), force-killing PGIDs (attempt 3/5)...
[SIM] gz sim still alive (1 procs), force-killing PGIDs (attempt 4/5)...
[SIM] gz sim still alive (1 procs), force-killing PGIDs (attempt 5/5)...
[SIM][WARNING] Could not kill all gz sim processes — proceeding anyway
The daemon has been started
[SIM] Waiting for Gazebo (180s)...
[SIM] Gazebo started successfully
[SIM] robot_state_publisher: running
[SIM] Starting odom relay (odom_real → odom)...
[SIM] Odom relay started
[SIM] Starting scan relay (scan_real → scan)...
[SIM] Scan relay started, verifying /scan topic...
[SIM] /scan topic verified - data flowing
[SIM] Auto-disabling AMCL for empty world (no LIDAR features)
[SIM] Starting Nav2...
[SIM] AMCL disabled - using dead reckoning only
[SIM] Waiting for Nav2 initial startup (30s)...
[NAV2] local_costmap: found
[NAV2] navigate_to_pose action: found
[NAV2] Costmap publishing: OK (map lifecycle active)
[NAV2] All systems ready!
[SIM] Final verification: checking navigate_to_pose action...
[SIM] Nav2 started successfully and action server verified!
[SIM] Starting geofence with method: geofence, params: {}, comm_latency_ms: 0
[SIM] Waiting for geofence (20s)...
[SIM] Geofence started with method: geofence (cmd_vel_guard: False)
[SIM] cmd_vel_guard disabled, starting cmd_vel relay for navigation...
[SIM] Starting cmd_vel relay (cmd_vel_nav → cmd_vel)...
[SIM] cmd_vel relay started
[2026-07-12 14:56:25] [GEOFENCE] Restarting geofence (sigma=0.15, v_max=0.5, tau=0.1, eps=0.003, a_max=2.5)...
[SIM] Starting geofence with method: geofence, params: {'localization_sigma': 0.15, 'v_max': 0.5, 'latency': 0.1, 'epsilon': 0.003, 'a_max': 2.5, 'e_0': 0.03, 'c_1': 0.04, 'enable_estimation_term': True, 'enable_tracking_term': True, 'enable_latency_term': True, 'enable_braking_term': True, 'use_dynamic_v_max': False, 'use_dynamic_tau': False, 'use_dynamic_e_track': False}, comm_latency_ms: 100
[SIM] Waiting for geofence (20s)...
[SIM] Geofence started with method: geofence (cmd_vel_guard: False)
[SIM] cmd_vel_guard disabled, starting cmd_vel relay for navigation...
[SIM] Starting cmd_vel relay (cmd_vel_nav → cmd_vel) (latency=100ms)...
[SIM] cmd_vel relay started (latency=100ms)
[2026-07-12 14:56:53] 
Trial 3/20: S5_geofence_toctou_bias_1.0_s2
[2026-07-12 14:56:53]   Goal: (7.00, 1.60)
[2026-07-12 14:56:53]   TOCTOU Δ=1.0: biased path y=1.343 at zone (inside margin)
[2026-07-12 14:56:53]   Comm latency: 100ms
[2026-07-12 14:56:53] [RESET] Resetting robot pose to origin...
[RESET] Teleporting robot to (0.0, 0.0, θ=0.0)
[RESET] Cancelling any active navigation goals...
[RESET] Stopping robot movement...
[RESET] Waiting for TF to stabilize...
[RESET] AMCL disabled, correcting map→odom TF after teleport...
[RESET] Odom at (-0.00, -0.00, yaw=0.0°), target (0.00, 0.00, yaw=0.0°)
[RESET] TF correction: tx=0.000, ty=-0.000, yaw=-0.0°
[RESET] Static TF republished with yaw correction
[RESET] Robot pose reset complete
[2026-07-12 14:57:13] [S5] Starting odom_spoofing attack (scale=1.0, offset=(0.0, 1.0))
[ATTACK] Starting odom_spoofing attack with scale=1.0, offset=(0.0, 1.0)
[ATTACK] Stopping odom relay for odom spoofing attack...
[ATTACK] odom_spoofing attack started successfully
[2026-07-12 14:57:19] [S5-TOCTOU] Δy=1.0, true path y@zone=0.914, biased path y@zone=1.343
[2026-07-12 14:57:20] [S5-TOCTOU] Biased odom confirmed: y=1.000 (expected ~1.0)
[TOCTOU] Goal sent, waiting 5.0s for planning decision...
[TOCTOU] Removing odom bias (restoring real odom)...
[2026-07-12 14:57:25] [S5-TOCTOU] Stopping odom bias, restoring real odom...
[ATTACK] Restarting odom relay after odom spoofing attack...
[SIM] Starting odom relay (odom_real → odom)...
[SIM] Odom relay started
[2026-07-12 14:57:28] [S5-TOCTOU] decision=reject, reason=Goal rejected by geofence (within safety margin)
[2026-07-12 14:57:28] [S4] Stopping odom_spoofing attack
[2026-07-12 14:57:28]   Result: reject (FAIL)
[2026-07-12 14:57:28]   Reason: Goal rejected by geofence (within safety margin)
[2026-07-12 14:57:28]   Time: 34.8s
[2026-07-12 14:57:28]   Robot moved: False, path_min_dist: 4.00m
[2026-07-12 14:57:28] [HEALTH] Pre-trial restart (every 1 trials, world=empty.sdf)...
[SIM] Stopping all processes...
[CLEANUP] Starting process cleanup...
[CLEANUP] Complete (killed 1 process groups)
[SIM] All processes stopped
[CLEANUP] Starting process cleanup...
[CLEANUP] Complete (killed 0 process groups)
[DEBUG] restart_with_method called: method=geofence, params={}, world=empty.sdf, guard=False
[SIM] Full restart for method: geofence (world: empty.sdf)
[SIM] Stopping all processes...
[CLEANUP] Starting process cleanup...
[CLEANUP] Complete (killed 0 process groups)
[SIM] All processes stopped
[SIM] Starting Gazebo...
[CLEANUP] Starting process cleanup...
[CLEANUP] Complete (killed 0 process groups)
[SIM] gz sim still alive (1 procs), force-killing PGIDs (attempt 1/5)...
[SIM] gz sim still alive (1 procs), force-killing PGIDs (attempt 2/5)...
[SIM] gz sim still alive (1 procs), force-killing PGIDs (attempt 3/5)...
[SIM] gz sim still alive (1 procs), force-killing PGIDs (attempt 4/5)...
[SIM] gz sim still alive (1 procs), force-killing PGIDs (attempt 5/5)...
[SIM][WARNING] Could not kill all gz sim processes — proceeding anyway
The daemon has been started
[SIM] Waiting for Gazebo (180s)...
[SIM] Gazebo started successfully
[SIM] robot_state_publisher: running
[SIM] Starting odom relay (odom_real → odom)...
[SIM] Odom relay started
[SIM] Starting scan relay (scan_real → scan)...
[SIM] Scan relay started, verifying /scan topic...
[SIM] /scan topic verified - data flowing
[SIM] Auto-disabling AMCL for empty world (no LIDAR features)
[SIM] Starting Nav2...
[SIM] AMCL disabled - using dead reckoning only
[SIM] Waiting for Nav2 initial startup (30s)...
[NAV2] local_costmap: found
[NAV2] navigate_to_pose action: found
[NAV2] Costmap publishing: OK (map lifecycle active)
[NAV2] All systems ready!
[SIM] Final verification: checking navigate_to_pose action...
[SIM] Nav2 started successfully and action server verified!
[SIM] Starting geofence with method: geofence, params: {}, comm_latency_ms: 0
[SIM] Waiting for geofence (20s)...
[SIM] Geofence started with method: geofence (cmd_vel_guard: False)
[SIM] cmd_vel_guard disabled, starting cmd_vel relay for navigation...
[SIM] Starting cmd_vel relay (cmd_vel_nav → cmd_vel)...
[SIM] cmd_vel relay started
[2026-07-12 14:59:43] [GEOFENCE] Restarting geofence (sigma=0.15, v_max=0.5, tau=0.1, eps=0.003, a_max=2.5)...
[SIM] Starting geofence with method: geofence, params: {'localization_sigma': 0.15, 'v_max': 0.5, 'latency': 0.1, 'epsilon': 0.003, 'a_max': 2.5, 'e_0': 0.03, 'c_1': 0.04, 'enable_estimation_term': True, 'enable_tracking_term': True, 'enable_latency_term': True, 'enable_braking_term': True, 'use_dynamic_v_max': False, 'use_dynamic_tau': False, 'use_dynamic_e_track': False}, comm_latency_ms: 0
[SIM] Waiting for geofence (20s)...
[SIM] Geofence started with method: geofence (cmd_vel_guard: False)
[SIM] cmd_vel_guard disabled, starting cmd_vel relay for navigation...
[SIM] Starting cmd_vel relay (cmd_vel_nav → cmd_vel)...
[SIM] cmd_vel relay started
[2026-07-12 15:00:11] 
Trial 4/20: S5_geofence_toctou_bias_1.0_s3
[2026-07-12 15:00:11]   Goal: (7.00, 1.60)
[2026-07-12 15:00:11]   TOCTOU Δ=1.0: biased path y=1.343 at zone (inside margin)
[2026-07-12 15:00:11] [RESET] Resetting robot pose to origin...
[RESET] Teleporting robot to (0.0, 0.0, θ=0.0)
[RESET] Cancelling any active navigation goals...
[RESET] Stopping robot movement...
[RESET] Waiting for TF to stabilize...
[RESET] AMCL disabled, correcting map→odom TF after teleport...
[RESET] Odom at (-0.00, -0.00, yaw=0.0°), target (0.00, 0.00, yaw=0.0°)
[RESET] TF correction: tx=0.000, ty=-0.000, yaw=-0.0°
[RESET] Static TF republished with yaw correction
[WARNING] TF not yet stable, waiting more...
[RESET] Robot pose reset complete
[2026-07-12 15:00:45] [S5] Starting odom_spoofing attack (scale=1.0, offset=(0.0, 1.0))
[ATTACK] Starting odom_spoofing attack with scale=1.0, offset=(0.0, 1.0)
[ATTACK] Stopping odom relay for odom spoofing attack...
[ATTACK] odom_spoofing attack started successfully
[2026-07-12 15:00:51] [S5-TOCTOU] Δy=1.0, true path y@zone=0.914, biased path y@zone=1.343
[2026-07-12 15:00:52] [S5-TOCTOU] Biased odom confirmed: y=1.000 (expected ~1.0)
[TOCTOU] Goal sent, waiting 5.0s for planning decision...
[TOCTOU] Removing odom bias (restoring real odom)...
[2026-07-12 15:00:57] [S5-TOCTOU] Stopping odom bias, restoring real odom...
[ATTACK] Restarting odom relay after odom spoofing attack...
[SIM] Starting odom relay (odom_real → odom)...
[SIM] Odom relay started
[2026-07-12 15:01:00] [S5-TOCTOU] decision=reject, reason=Goal rejected by geofence (within safety margin)
[2026-07-12 15:01:00] [S4] Stopping odom_spoofing attack
[2026-07-12 15:01:00]   Result: reject (FAIL)
[2026-07-12 15:01:00]   Reason: Goal rejected by geofence (within safety margin)
[2026-07-12 15:01:00]   Time: 49.2s
[2026-07-12 15:01:00]   Robot moved: False, path_min_dist: 4.00m
[2026-07-12 15:01:00] [HEALTH] Pre-trial restart (every 1 trials, world=empty.sdf)...
[SIM] Stopping all processes...
[CLEANUP] Starting process cleanup...
[CLEANUP] Complete (killed 1 process groups)
[SIM] All processes stopped
[CLEANUP] Starting process cleanup...
[CLEANUP] Complete (killed 0 process groups)
[DEBUG] restart_with_method called: method=geofence, params={}, world=empty.sdf, guard=False
[SIM] Full restart for method: geofence (world: empty.sdf)
[SIM] Stopping all processes...
[CLEANUP] Starting process cleanup...
[CLEANUP] Complete (killed 0 process groups)
[SIM] All processes stopped
[SIM] Starting Gazebo...
[CLEANUP] Starting process cleanup...
[CLEANUP] Complete (killed 0 process groups)
[SIM] gz sim still alive (1 procs), force-killing PGIDs (attempt 1/5)...
[SIM] gz sim still alive (1 procs), force-killing PGIDs (attempt 2/5)...
[SIM] gz sim still alive (1 procs), force-killing PGIDs (attempt 3/5)...
[SIM] gz sim still alive (1 procs), force-killing PGIDs (attempt 4/5)...
[SIM] gz sim still alive (1 procs), force-killing PGIDs (attempt 5/5)...
[SIM][WARNING] Could not kill all gz sim processes — proceeding anyway
The daemon has been started
[SIM] Waiting for Gazebo (180s)...
[SIM] Gazebo started successfully
[SIM] robot_state_publisher: running
[SIM] Starting odom relay (odom_real → odom)...
[SIM] Odom relay started
[SIM] Starting scan relay (scan_real → scan)...
[SIM] Scan relay started, verifying /scan topic...
[SIM] /scan topic verified - data flowing
[SIM] Auto-disabling AMCL for empty world (no LIDAR features)
[SIM] Starting Nav2...
[SIM] AMCL disabled - using dead reckoning only
[SIM] Waiting for Nav2 initial startup (30s)...
[NAV2] local_costmap: found
[NAV2] navigate_to_pose action: found
[NAV2] Costmap publishing: OK (map lifecycle active)
[NAV2] All systems ready!
[SIM] Final verification: checking navigate_to_pose action...
[SIM] Nav2 started successfully and action server verified!
[SIM] Starting geofence with method: geofence, params: {}, comm_latency_ms: 0
[SIM] Waiting for geofence (20s)...
[SIM] Geofence started with method: geofence (cmd_vel_guard: False)
[SIM] cmd_vel_guard disabled, starting cmd_vel relay for navigation...
[SIM] Starting cmd_vel relay (cmd_vel_nav → cmd_vel)...
[SIM] cmd_vel relay started
[2026-07-12 15:03:18] [GEOFENCE] Restarting geofence (sigma=0.15, v_max=0.5, tau=0.1, eps=0.003, a_max=2.5)...
[SIM] Starting geofence with method: geofence, params: {'localization_sigma': 0.15, 'v_max': 0.5, 'latency': 0.1, 'epsilon': 0.003, 'a_max': 2.5, 'e_0': 0.03, 'c_1': 0.04, 'enable_estimation_term': True, 'enable_tracking_term': True, 'enable_latency_term': True, 'enable_braking_term': True, 'use_dynamic_v_max': False, 'use_dynamic_tau': False, 'use_dynamic_e_track': False}, comm_latency_ms: 50
[SIM] Waiting for geofence (20s)...
[SIM] Geofence started with method: geofence (cmd_vel_guard: False)
[SIM] cmd_vel_guard disabled, starting cmd_vel relay for navigation...
[SIM] Starting cmd_vel relay (cmd_vel_nav → cmd_vel) (latency=50ms)...
[SIM] cmd_vel relay started (latency=50ms)
[2026-07-12 15:03:46] 
Trial 5/20: S5_geofence_toctou_bias_1.0_s4
[2026-07-12 15:03:46]   Goal: (7.00, 1.60)
[2026-07-12 15:03:46]   TOCTOU Δ=1.0: biased path y=1.343 at zone (inside margin)
[2026-07-12 15:03:46]   Comm latency: 50ms
[2026-07-12 15:03:46] [RESET] Resetting robot pose to origin...
[RESET] Teleporting robot to (0.0, 0.0, θ=0.0)
[RESET] Cancelling any active navigation goals...
[RESET] Stopping robot movement...
[RESET] Waiting for TF to stabilize...
[RESET] AMCL disabled, correcting map→odom TF after teleport...
[RESET] Odom at (-0.00, -0.00, yaw=0.0°), target (0.00, 0.00, yaw=0.0°)
[RESET] TF correction: tx=0.000, ty=-0.000, yaw=-0.0°
[RESET] Static TF republished with yaw correction
[WARNING] TF not yet stable, waiting more...
[RESET] Robot pose reset complete
[2026-07-12 15:04:08] [S5] Starting odom_spoofing attack (scale=1.0, offset=(0.0, 1.0))
[ATTACK] Starting odom_spoofing attack with scale=1.0, offset=(0.0, 1.0)
[ATTACK] Stopping odom relay for odom spoofing attack...
[ATTACK] odom_spoofing attack started successfully
[2026-07-12 15:04:13] [S5-TOCTOU] Δy=1.0, true path y@zone=0.914, biased path y@zone=1.343
[2026-07-12 15:04:16] [S5-TOCTOU] Biased odom confirmed: y=1.000 (expected ~1.0)
[TOCTOU] Goal sent, waiting 5.0s for planning decision...
[TOCTOU] Removing odom bias (restoring real odom)...
[2026-07-12 15:04:21] [S5-TOCTOU] Stopping odom bias, restoring real odom...
[ATTACK] Restarting odom relay after odom spoofing attack...
[SIM] Starting odom relay (odom_real → odom)...
[SIM] Odom relay started
[2026-07-12 15:04:24] [S5-TOCTOU] decision=reject, reason=Goal rejected by geofence (within safety margin)
[2026-07-12 15:04:24] [S4] Stopping odom_spoofing attack
[2026-07-12 15:04:24]   Result: reject (FAIL)
[2026-07-12 15:04:24]   Reason: Goal rejected by geofence (within safety margin)
[2026-07-12 15:04:24]   Time: 38.3s
[2026-07-12 15:04:24]   Robot moved: False, path_min_dist: 4.00m
[CHECKPOINT] Saved at trial 5/20
[2026-07-12 15:04:24] [HEALTH] Pre-trial restart (every 1 trials, world=empty.sdf)...
[SIM] Stopping all processes...
[CLEANUP] Starting process cleanup...
[CLEANUP] Complete (killed 1 process groups)
[SIM] All processes stopped
[CLEANUP] Starting process cleanup...
[CLEANUP] Complete (killed 0 process groups)
[DEBUG] restart_with_method called: method=geofence, params={}, world=empty.sdf, guard=False
[SIM] Full restart for method: geofence (world: empty.sdf)
[SIM] Stopping all processes...
[CLEANUP] Starting process cleanup...
[CLEANUP] Complete (killed 0 process groups)
[SIM] All processes stopped
[SIM] Starting Gazebo...
[CLEANUP] Starting process cleanup...
[CLEANUP] Complete (killed 0 process groups)
[SIM] gz sim still alive (1 procs), force-killing PGIDs (attempt 1/5)...
[SIM] gz sim still alive (1 procs), force-killing PGIDs (attempt 2/5)...
[SIM] gz sim still alive (1 procs), force-killing PGIDs (attempt 3/5)...
[SIM] gz sim still alive (1 procs), force-killing PGIDs (attempt 4/5)...
[SIM] gz sim still alive (1 procs), force-killing PGIDs (attempt 5/5)...
[SIM][WARNING] Could not kill all gz sim processes — proceeding anyway
The daemon has been started
[SIM] Waiting for Gazebo (180s)...
[SIM] Gazebo started successfully
[SIM] robot_state_publisher: running
[SIM] Starting odom relay (odom_real → odom)...
[SIM] Odom relay started
[SIM] Starting scan relay (scan_real → scan)...
[SIM] Scan relay started, verifying /scan topic...
[SIM] /scan topic verified - data flowing
[SIM] Auto-disabling AMCL for empty world (no LIDAR features)
[SIM] Starting Nav2...
[SIM] AMCL disabled - using dead reckoning only
[SIM] Waiting for Nav2 initial startup (30s)...
[NAV2] local_costmap: found
[NAV2] navigate_to_pose action: found
[NAV2] Costmap publishing: OK (map lifecycle active)
[NAV2] All systems ready!
[SIM] Final verification: checking navigate_to_pose action...
[SIM] Nav2 started successfully and action server verified!
[SIM] Starting geofence with method: geofence, params: {}, comm_latency_ms: 0
[SIM] Waiting for geofence (20s)...
[SIM] Geofence started with method: geofence (cmd_vel_guard: False)
[SIM] cmd_vel_guard disabled, starting cmd_vel relay for navigation...
[SIM] Starting cmd_vel relay (cmd_vel_nav → cmd_vel)...
[SIM] cmd_vel relay started
[2026-07-12 15:06:38] [GEOFENCE] Restarting geofence (sigma=0.15, v_max=0.5, tau=0.1, eps=0.003, a_max=2.5)...
[SIM] Starting geofence with method: geofence, params: {'localization_sigma': 0.15, 'v_max': 0.5, 'latency': 0.1, 'epsilon': 0.003, 'a_max': 2.5, 'e_0': 0.03, 'c_1': 0.04, 'enable_estimation_term': True, 'enable_tracking_term': True, 'enable_latency_term': True, 'enable_braking_term': True, 'use_dynamic_v_max': False, 'use_dynamic_tau': False, 'use_dynamic_e_track': False}, comm_latency_ms: 100
[SIM] Waiting for geofence (20s)...
[SIM] Geofence started with method: geofence (cmd_vel_guard: False)
[SIM] cmd_vel_guard disabled, starting cmd_vel relay for navigation...
[SIM] Starting cmd_vel relay (cmd_vel_nav → cmd_vel) (latency=100ms)...
[SIM] cmd_vel relay started (latency=100ms)
[2026-07-12 15:07:07] 
Trial 6/20: S5_geofence_toctou_bias_1.0_s5
[2026-07-12 15:07:07]   Goal: (7.00, 1.60)
[2026-07-12 15:07:07]   TOCTOU Δ=1.0: biased path y=1.343 at zone (inside margin)
[2026-07-12 15:07:07]   Comm latency: 100ms
[2026-07-12 15:07:07] [RESET] Resetting robot pose to origin...
[RESET] Teleporting robot to (0.0, 0.0, θ=0.0)
[RESET] Cancelling any active navigation goals...
[RESET] Stopping robot movement...
[RESET] Waiting for TF to stabilize...
[RESET] AMCL disabled, correcting map→odom TF after teleport...
[RESET] Odom at (-0.00, -0.00, yaw=0.0°), target (0.00, 0.00, yaw=0.0°)
[RESET] TF correction: tx=0.000, ty=-0.000, yaw=-0.0°
[RESET] Static TF republished with yaw correction
[RESET] Robot pose reset complete
[2026-07-12 15:07:30] [S5] Starting odom_spoofing attack (scale=1.0, offset=(0.0, 1.0))
[ATTACK] Starting odom_spoofing attack with scale=1.0, offset=(0.0, 1.0)
[ATTACK] Stopping odom relay for odom spoofing attack...
[ATTACK] odom_spoofing attack started successfully
[2026-07-12 15:07:36] [S5-TOCTOU] Δy=1.0, true path y@zone=0.914, biased path y@zone=1.343
[2026-07-12 15:07:37] [S5-TOCTOU] Biased odom confirmed: y=1.000 (expected ~1.0)
[TOCTOU] Goal sent, waiting 5.0s for planning decision...
[TOCTOU] Removing odom bias (restoring real odom)...
[2026-07-12 15:07:42] [S5-TOCTOU] Stopping odom bias, restoring real odom...
[ATTACK] Restarting odom relay after odom spoofing attack...
[SIM] Starting odom relay (odom_real → odom)...
[SIM] Odom relay started
[2026-07-12 15:07:45] [S5-TOCTOU] decision=reject, reason=Goal rejected by geofence (within safety margin)
[2026-07-12 15:07:45] [S4] Stopping odom_spoofing attack
[2026-07-12 15:07:45]   Result: reject (FAIL)
[2026-07-12 15:07:45]   Reason: Goal rejected by geofence (within safety margin)
[2026-07-12 15:07:45]   Time: 38.3s
[2026-07-12 15:07:45]   Robot moved: False, path_min_dist: 4.00m
[2026-07-12 15:07:45] [HEALTH] Pre-trial restart (every 1 trials, world=empty.sdf)...
[SIM] Stopping all processes...
[CLEANUP] Starting process cleanup...
[CLEANUP] Complete (killed 1 process groups)
[SIM] All processes stopped
[CLEANUP] Starting process cleanup...
[CLEANUP] Complete (killed 0 process groups)
[DEBUG] restart_with_method called: method=geofence, params={}, world=empty.sdf, guard=False
[SIM] Full restart for method: geofence (world: empty.sdf)
[SIM] Stopping all processes...
[CLEANUP] Starting process cleanup...
[CLEANUP] Complete (killed 0 process groups)
[SIM] All processes stopped
[SIM] Starting Gazebo...
[CLEANUP] Starting process cleanup...
[CLEANUP] Complete (killed 0 process groups)
[SIM] gz sim still alive (1 procs), force-killing PGIDs (attempt 1/5)...
[SIM] gz sim still alive (1 procs), force-killing PGIDs (attempt 2/5)...
[SIM] gz sim still alive (1 procs), force-killing PGIDs (attempt 3/5)...
[SIM] gz sim still alive (1 procs), force-killing PGIDs (attempt 4/5)...
[SIM] gz sim still alive (1 procs), force-killing PGIDs (attempt 5/5)...
[SIM][WARNING] Could not kill all gz sim processes — proceeding anyway
The daemon has been started
[SIM] Waiting for Gazebo (180s)...
[SIM] Gazebo started successfully
[SIM] robot_state_publisher: running
[SIM] Starting odom relay (odom_real → odom)...
[SIM] Odom relay started
[SIM] Starting scan relay (scan_real → scan)...
[SIM] Scan relay started, verifying /scan topic...
[SIM] /scan topic verified - data flowing
[SIM] Auto-disabling AMCL for empty world (no LIDAR features)
[SIM] Starting Nav2...
[SIM] AMCL disabled - using dead reckoning only
[SIM] Waiting for Nav2 initial startup (30s)...
[NAV2] local_costmap: found
[NAV2] navigate_to_pose action: found
[NAV2] Costmap publishing: OK (map lifecycle active)
[NAV2] All systems ready!
[SIM] Final verification: checking navigate_to_pose action...
[SIM] Nav2 started successfully and action server verified!
[SIM] Starting geofence with method: geofence, params: {}, comm_latency_ms: 0
[SIM] Waiting for geofence (20s)...
[SIM] Geofence started with method: geofence (cmd_vel_guard: False)
[SIM] cmd_vel_guard disabled, starting cmd_vel relay for navigation...
[SIM] Starting cmd_vel relay (cmd_vel_nav → cmd_vel)...
[SIM] cmd_vel relay started
[2026-07-12 15:10:00] [GEOFENCE] Restarting geofence (sigma=0.15, v_max=0.5, tau=0.1, eps=0.003, a_max=2.5)...
[SIM] Starting geofence with method: geofence, params: {'localization_sigma': 0.15, 'v_max': 0.5, 'latency': 0.1, 'epsilon': 0.003, 'a_max': 2.5, 'e_0': 0.03, 'c_1': 0.04, 'enable_estimation_term': True, 'enable_tracking_term': True, 'enable_latency_term': True, 'enable_braking_term': True, 'use_dynamic_v_max': False, 'use_dynamic_tau': False, 'use_dynamic_e_track': False}, comm_latency_ms: 0
[SIM] Waiting for geofence (20s)...
[SIM] Geofence started with method: geofence (cmd_vel_guard: False)
[SIM] cmd_vel_guard disabled, starting cmd_vel relay for navigation...
[SIM] Starting cmd_vel relay (cmd_vel_nav → cmd_vel)...
[SIM] cmd_vel relay started
[2026-07-12 15:10:28] 
Trial 7/20: S5_geofence_toctou_bias_1.0_s6
[2026-07-12 15:10:28]   Goal: (7.00, 1.60)
[2026-07-12 15:10:28]   TOCTOU Δ=1.0: biased path y=1.343 at zone (inside margin)
[2026-07-12 15:10:28] [RESET] Resetting robot pose to origin...
[RESET] Teleporting robot to (0.0, 0.0, θ=0.0)
[RESET] Cancelling any active navigation goals...
[RESET] Stopping robot movement...
[RESET] Waiting for TF to stabilize...
[RESET] AMCL disabled, correcting map→odom TF after teleport...
[RESET] Odom at (-0.00, -0.00, yaw=0.0°), target (0.00, 0.00, yaw=0.0°)
[RESET] TF correction: tx=0.000, ty=-0.000, yaw=-0.0°
[RESET] Static TF republished with yaw correction
[RESET] Robot pose reset complete
[2026-07-12 15:10:50] [S5] Starting odom_spoofing attack (scale=1.0, offset=(0.0, 1.0))
[ATTACK] Starting odom_spoofing attack with scale=1.0, offset=(0.0, 1.0)
[ATTACK] Stopping odom relay for odom spoofing attack...
[ATTACK] odom_spoofing attack started successfully
[2026-07-12 15:10:56] [S5-TOCTOU] Δy=1.0, true path y@zone=0.914, biased path y@zone=1.343
[2026-07-12 15:10:57] [S5-TOCTOU] Biased odom confirmed: y=1.000 (expected ~1.0)
[TOCTOU] Goal sent, waiting 5.0s for planning decision...
[TOCTOU] Removing odom bias (restoring real odom)...
[2026-07-12 15:11:02] [S5-TOCTOU] Stopping odom bias, restoring real odom...
[ATTACK] Restarting odom relay after odom spoofing attack...
[SIM] Starting odom relay (odom_real → odom)...
[SIM] Odom relay started
[2026-07-12 15:11:05] [S5-TOCTOU] decision=reject, reason=Goal rejected by geofence (within safety margin)
[2026-07-12 15:11:05] [S4] Stopping odom_spoofing attack
[2026-07-12 15:11:05]   Result: reject (FAIL)
[2026-07-12 15:11:05]   Reason: Goal rejected by geofence (within safety margin)
[2026-07-12 15:11:05]   Time: 37.6s
[2026-07-12 15:11:05]   Robot moved: False, path_min_dist: 4.00m
[2026-07-12 15:11:05] [HEALTH] Pre-trial restart (every 1 trials, world=empty.sdf)...
[SIM] Stopping all processes...
[CLEANUP] Starting process cleanup...
[CLEANUP] Complete (killed 1 process groups)
[SIM] All processes stopped
[CLEANUP] Starting process cleanup...
[CLEANUP] Complete (killed 0 process groups)
[DEBUG] restart_with_method called: method=geofence, params={}, world=empty.sdf, guard=False
[SIM] Full restart for method: geofence (world: empty.sdf)
[SIM] Stopping all processes...
[CLEANUP] Starting process cleanup...
[CLEANUP] Complete (killed 0 process groups)
[SIM] All processes stopped
[SIM] Starting Gazebo...
[CLEANUP] Starting process cleanup...
[CLEANUP] Complete (killed 0 process groups)
[SIM] gz sim still alive (1 procs), force-killing PGIDs (attempt 1/5)...
[SIM] gz sim still alive (1 procs), force-killing PGIDs (attempt 2/5)...
[SIM] gz sim still alive (1 procs), force-killing PGIDs (attempt 3/5)...
[SIM] gz sim still alive (1 procs), force-killing PGIDs (attempt 4/5)...
[SIM] gz sim still alive (1 procs), force-killing PGIDs (attempt 5/5)...
[SIM][WARNING] Could not kill all gz sim processes — proceeding anyway
The daemon has been started
[SIM] Waiting for Gazebo (180s)...
[SIM] Gazebo started successfully
[SIM] robot_state_publisher: running
[SIM] Starting odom relay (odom_real → odom)...
[SIM] Odom relay started
[SIM] Starting scan relay (scan_real → scan)...
[SIM] Scan relay started, verifying /scan topic...
[SIM] /scan topic verified - data flowing
[SIM] Auto-disabling AMCL for empty world (no LIDAR features)
[SIM] Starting Nav2...
[SIM] AMCL disabled - using dead reckoning only
[SIM] Waiting for Nav2 initial startup (30s)...
[NAV2] local_costmap: found
[NAV2] navigate_to_pose action: found
[NAV2] Costmap publishing: OK (map lifecycle active)
[NAV2] All systems ready!
[SIM] Final verification: checking navigate_to_pose action...
[SIM] Nav2 started successfully and action server verified!
[SIM] Starting geofence with method: geofence, params: {}, comm_latency_ms: 0
[SIM] Waiting for geofence (20s)...
[SIM] Geofence started with method: geofence (cmd_vel_guard: False)
[SIM] cmd_vel_guard disabled, starting cmd_vel relay for navigation...
[SIM] Starting cmd_vel relay (cmd_vel_nav → cmd_vel)...
[SIM] cmd_vel relay started
[2026-07-12 15:13:20] [GEOFENCE] Restarting geofence (sigma=0.15, v_max=0.5, tau=0.1, eps=0.003, a_max=2.5)...
[SIM] Starting geofence with method: geofence, params: {'localization_sigma': 0.15, 'v_max': 0.5, 'latency': 0.1, 'epsilon': 0.003, 'a_max': 2.5, 'e_0': 0.03, 'c_1': 0.04, 'enable_estimation_term': True, 'enable_tracking_term': True, 'enable_latency_term': True, 'enable_braking_term': True, 'use_dynamic_v_max': False, 'use_dynamic_tau': False, 'use_dynamic_e_track': False}, comm_latency_ms: 50
[SIM] Waiting for geofence (20s)...
[SIM] Geofence started with method: geofence (cmd_vel_guard: False)
[SIM] cmd_vel_guard disabled, starting cmd_vel relay for navigation...
[SIM] Starting cmd_vel relay (cmd_vel_nav → cmd_vel) (latency=50ms)...
[SIM] cmd_vel relay started (latency=50ms)
[2026-07-12 15:13:48] 
Trial 8/20: S5_geofence_toctou_bias_1.0_s7
[2026-07-12 15:13:48]   Goal: (7.00, 1.60)
[2026-07-12 15:13:48]   TOCTOU Δ=1.0: biased path y=1.343 at zone (inside margin)
[2026-07-12 15:13:48]   Comm latency: 50ms
[2026-07-12 15:13:48] [RESET] Resetting robot pose to origin...
[RESET] Teleporting robot to (0.0, 0.0, θ=0.0)
[RESET] Cancelling any active navigation goals...
[RESET] Stopping robot movement...
[RESET] Waiting for TF to stabilize...
[RESET] AMCL disabled, correcting map→odom TF after teleport...
[RESET] Odom at (-0.00, -0.00, yaw=0.0°), target (0.00, 0.00, yaw=0.0°)
[RESET] TF correction: tx=0.000, ty=-0.000, yaw=-0.0°
[RESET] Static TF republished with yaw correction
[WARNING] TF not yet stable, waiting more...
[RESET] Robot pose reset complete
[2026-07-12 15:14:23] [S5] Starting odom_spoofing attack (scale=1.0, offset=(0.0, 1.0))
[ATTACK] Starting odom_spoofing attack with scale=1.0, offset=(0.0, 1.0)
[ATTACK] Stopping odom relay for odom spoofing attack...
[ATTACK] odom_spoofing attack started successfully
[2026-07-12 15:14:28] [S5-TOCTOU] Δy=1.0, true path y@zone=0.914, biased path y@zone=1.343
[2026-07-12 15:14:30] [S5-TOCTOU] Biased odom confirmed: y=1.000 (expected ~1.0)
[TOCTOU] Goal sent, waiting 5.0s for planning decision...
[TOCTOU] Removing odom bias (restoring real odom)...
[2026-07-12 15:14:35] [S5-TOCTOU] Stopping odom bias, restoring real odom...
[ATTACK] Restarting odom relay after odom spoofing attack...
[SIM] Starting odom relay (odom_real → odom)...
[SIM] Odom relay started
[2026-07-12 15:14:38] [S5-TOCTOU] decision=reject, reason=Goal rejected by geofence (within safety margin)
[2026-07-12 15:14:38] [S4] Stopping odom_spoofing attack
[2026-07-12 15:14:38]   Result: reject (FAIL)
[2026-07-12 15:14:38]   Reason: Goal rejected by geofence (within safety margin)
[2026-07-12 15:14:38]   Time: 49.8s
[2026-07-12 15:14:38]   Robot moved: False, path_min_dist: 4.00m
[2026-07-12 15:14:38] [HEALTH] Pre-trial restart (every 1 trials, world=empty.sdf)...
[SIM] Stopping all processes...
[CLEANUP] Starting process cleanup...
[CLEANUP] Complete (killed 1 process groups)
[SIM] All processes stopped
[CLEANUP] Starting process cleanup...
[CLEANUP] Complete (killed 0 process groups)
[DEBUG] restart_with_method called: method=geofence, params={}, world=empty.sdf, guard=False
[SIM] Full restart for method: geofence (world: empty.sdf)
[SIM] Stopping all processes...
[CLEANUP] Starting process cleanup...
[CLEANUP] Complete (killed 0 process groups)
[SIM] All processes stopped
[SIM] Starting Gazebo...
[CLEANUP] Starting process cleanup...
[CLEANUP] Complete (killed 0 process groups)
[SIM] gz sim still alive (1 procs), force-killing PGIDs (attempt 1/5)...
[SIM] gz sim still alive (1 procs), force-killing PGIDs (attempt 2/5)...
[SIM] gz sim still alive (1 procs), force-killing PGIDs (attempt 3/5)...
[SIM] gz sim still alive (1 procs), force-killing PGIDs (attempt 4/5)...
[SIM] gz sim still alive (1 procs), force-killing PGIDs (attempt 5/5)...
[SIM][WARNING] Could not kill all gz sim processes — proceeding anyway
The daemon has been started
[SIM] Waiting for Gazebo (180s)...
[SIM] Gazebo started successfully
[SIM] robot_state_publisher: running
[SIM] Starting odom relay (odom_real → odom)...
[SIM] Odom relay started
[SIM] Starting scan relay (scan_real → scan)...
[SIM] Scan relay started, verifying /scan topic...
[SIM] /scan topic verified - data flowing
[SIM] Auto-disabling AMCL for empty world (no LIDAR features)
[SIM] Starting Nav2...
[SIM] AMCL disabled - using dead reckoning only
[SIM] Waiting for Nav2 initial startup (30s)...
[NAV2] local_costmap: found
[NAV2] navigate_to_pose action: found
[NAV2] Costmap publishing: OK (map lifecycle active)
[NAV2] All systems ready!
[SIM] Final verification: checking navigate_to_pose action...
[SIM] Nav2 started successfully and action server verified!
[SIM] Starting geofence with method: geofence, params: {}, comm_latency_ms: 0
[SIM] Waiting for geofence (20s)...
[SIM] Geofence started with method: geofence (cmd_vel_guard: False)
[SIM] cmd_vel_guard disabled, starting cmd_vel relay for navigation...
[SIM] Starting cmd_vel relay (cmd_vel_nav → cmd_vel)...
[SIM] cmd_vel relay started
[2026-07-12 15:16:52] [GEOFENCE] Restarting geofence (sigma=0.15, v_max=0.5, tau=0.1, eps=0.003, a_max=2.5)...
[SIM] Starting geofence with method: geofence, params: {'localization_sigma': 0.15, 'v_max': 0.5, 'latency': 0.1, 'epsilon': 0.003, 'a_max': 2.5, 'e_0': 0.03, 'c_1': 0.04, 'enable_estimation_term': True, 'enable_tracking_term': True, 'enable_latency_term': True, 'enable_braking_term': True, 'use_dynamic_v_max': False, 'use_dynamic_tau': False, 'use_dynamic_e_track': False}, comm_latency_ms: 100
[SIM] Waiting for geofence (20s)...
[SIM] Geofence started with method: geofence (cmd_vel_guard: False)
[SIM] cmd_vel_guard disabled, starting cmd_vel relay for navigation...
[SIM] Starting cmd_vel relay (cmd_vel_nav → cmd_vel) (latency=100ms)...
[SIM] cmd_vel relay started (latency=100ms)
[2026-07-12 15:17:21] 
Trial 9/20: S5_geofence_toctou_bias_1.0_s8
[2026-07-12 15:17:21]   Goal: (7.00, 1.60)
[2026-07-12 15:17:21]   TOCTOU Δ=1.0: biased path y=1.343 at zone (inside margin)
[2026-07-12 15:17:21]   Comm latency: 100ms
[2026-07-12 15:17:21] [RESET] Resetting robot pose to origin...
[RESET] Teleporting robot to (0.0, 0.0, θ=0.0)
[RESET] Cancelling any active navigation goals...
[RESET] Stopping robot movement...
[RESET] Waiting for TF to stabilize...
[RESET] AMCL disabled, correcting map→odom TF after teleport...
[RESET] Odom at (-0.00, -0.00, yaw=0.0°), target (0.00, 0.00, yaw=0.0°)
[RESET] TF correction: tx=0.000, ty=-0.000, yaw=-0.0°
[RESET] Static TF republished with yaw correction
[RESET] Robot pose reset complete
[2026-07-12 15:17:52] [S5] Starting odom_spoofing attack (scale=1.0, offset=(0.0, 1.0))
[ATTACK] Starting odom_spoofing attack with scale=1.0, offset=(0.0, 1.0)
[ATTACK] Stopping odom relay for odom spoofing attack...
[ATTACK] odom_spoofing attack started successfully
[2026-07-12 15:17:57] [S5-TOCTOU] Δy=1.0, true path y@zone=0.914, biased path y@zone=1.343
[2026-07-12 15:17:58] [S5-TOCTOU] Biased odom confirmed: y=1.000 (expected ~1.0)
[TOCTOU] Goal sent, waiting 5.0s for planning decision...
[TOCTOU] Removing odom bias (restoring real odom)...
[2026-07-12 15:18:03] [S5-TOCTOU] Stopping odom bias, restoring real odom...
[ATTACK] Restarting odom relay after odom spoofing attack...
[SIM] Starting odom relay (odom_real → odom)...
[SIM] Odom relay started
[2026-07-12 15:18:06] [S5-TOCTOU] decision=reject, reason=Goal rejected by geofence (within safety margin)
[2026-07-12 15:18:06] [S4] Stopping odom_spoofing attack
[2026-07-12 15:18:07]   Result: reject (FAIL)
[2026-07-12 15:18:07]   Reason: Goal rejected by geofence (within safety margin)
[2026-07-12 15:18:07]   Time: 46.0s
[2026-07-12 15:18:07]   Robot moved: False, path_min_dist: 4.00m
[2026-07-12 15:18:07] [HEALTH] Pre-trial restart (every 1 trials, world=empty.sdf)...
[SIM] Stopping all processes...
[CLEANUP] Starting process cleanup...
[CLEANUP] Complete (killed 1 process groups)
[SIM] All processes stopped
[CLEANUP] Starting process cleanup...
[CLEANUP] Complete (killed 0 process groups)
[DEBUG] restart_with_method called: method=geofence, params={}, world=empty.sdf, guard=False
[SIM] Full restart for method: geofence (world: empty.sdf)
[SIM] Stopping all processes...
[CLEANUP] Starting process cleanup...
[CLEANUP] Complete (killed 0 process groups)
[SIM] All processes stopped
[SIM] Starting Gazebo...
[CLEANUP] Starting process cleanup...
[CLEANUP] Complete (killed 0 process groups)
[SIM] gz sim still alive (1 procs), force-killing PGIDs (attempt 1/5)...
[SIM] gz sim still alive (1 procs), force-killing PGIDs (attempt 2/5)...
[SIM] gz sim still alive (1 procs), force-killing PGIDs (attempt 3/5)...
[SIM] gz sim still alive (1 procs), force-killing PGIDs (attempt 4/5)...
[SIM] gz sim still alive (1 procs), force-killing PGIDs (attempt 5/5)...
[SIM][WARNING] Could not kill all gz sim processes — proceeding anyway
The daemon has been started
[SIM] Waiting for Gazebo (180s)...
[SIM] Gazebo started successfully
[SIM] robot_state_publisher: running
[SIM] Starting odom relay (odom_real → odom)...
[SIM] Odom relay started
[SIM] Starting scan relay (scan_real → scan)...
[SIM] Scan relay started, verifying /scan topic...
[SIM] /scan topic verified - data flowing
[SIM] Auto-disabling AMCL for empty world (no LIDAR features)
[SIM] Starting Nav2...
[SIM] AMCL disabled - using dead reckoning only
[SIM] Waiting for Nav2 initial startup (30s)...
[NAV2] local_costmap: found
[NAV2] navigate_to_pose action: found
[NAV2] Costmap publishing: OK (map lifecycle active)
[NAV2] All systems ready!
[SIM] Final verification: checking navigate_to_pose action...
[SIM] Nav2 started successfully and action server verified!
[SIM] Starting geofence with method: geofence, params: {}, comm_latency_ms: 0
[SIM] Waiting for geofence (20s)...
[SIM] Geofence started with method: geofence (cmd_vel_guard: False)
[SIM] cmd_vel_guard disabled, starting cmd_vel relay for navigation...
[SIM] Starting cmd_vel relay (cmd_vel_nav → cmd_vel)...
[SIM] cmd_vel relay started
[2026-07-12 15:20:21] [GEOFENCE] Restarting geofence (sigma=0.15, v_max=0.5, tau=0.1, eps=0.003, a_max=2.5)...
[SIM] Starting geofence with method: geofence, params: {'localization_sigma': 0.15, 'v_max': 0.5, 'latency': 0.1, 'epsilon': 0.003, 'a_max': 2.5, 'e_0': 0.03, 'c_1': 0.04, 'enable_estimation_term': True, 'enable_tracking_term': True, 'enable_latency_term': True, 'enable_braking_term': True, 'use_dynamic_v_max': False, 'use_dynamic_tau': False, 'use_dynamic_e_track': False}, comm_latency_ms: 0
[SIM] Waiting for geofence (20s)...
[SIM] Geofence started with method: geofence (cmd_vel_guard: False)
[SIM] cmd_vel_guard disabled, starting cmd_vel relay for navigation...
[SIM] Starting cmd_vel relay (cmd_vel_nav → cmd_vel)...
[SIM] cmd_vel relay started
[2026-07-12 15:20:49] 
Trial 10/20: S5_geofence_toctou_bias_1.0_s9
[2026-07-12 15:20:49]   Goal: (7.00, 1.60)
[2026-07-12 15:20:49]   TOCTOU Δ=1.0: biased path y=1.343 at zone (inside margin)
[2026-07-12 15:20:49] [RESET] Resetting robot pose to origin...
[RESET] Teleporting robot to (0.0, 0.0, θ=0.0)
[RESET] Cancelling any active navigation goals...
[RESET] Stopping robot movement...
[RESET] Waiting for TF to stabilize...
[RESET] AMCL disabled, correcting map→odom TF after teleport...
[RESET] Odom at (-0.00, -0.00, yaw=0.0°), target (0.00, 0.00, yaw=0.0°)
[RESET] TF correction: tx=0.000, ty=-0.000, yaw=-0.0°
[RESET] Static TF republished with yaw correction
[RESET] Robot pose reset complete
[2026-07-12 15:21:21] [S5] Starting odom_spoofing attack (scale=1.0, offset=(0.0, 1.0))
[ATTACK] Starting odom_spoofing attack with scale=1.0, offset=(0.0, 1.0)
[ATTACK] Stopping odom relay for odom spoofing attack...
[ATTACK] odom_spoofing attack started successfully
[2026-07-12 15:21:27] [S5-TOCTOU] Δy=1.0, true path y@zone=0.914, biased path y@zone=1.343
[2026-07-12 15:21:28] [S5-TOCTOU] Biased odom confirmed: y=1.000 (expected ~1.0)
[TOCTOU] Goal sent, waiting 5.0s for planning decision...
[TOCTOU] Removing odom bias (restoring real odom)...
[2026-07-12 15:21:33] [S5-TOCTOU] Stopping odom bias, restoring real odom...
[ATTACK] Restarting odom relay after odom spoofing attack...
[SIM] Starting odom relay (odom_real → odom)...
[SIM] Odom relay started
[2026-07-12 15:21:36] [S5-TOCTOU] decision=reject, reason=Goal rejected by geofence (within safety margin)
[2026-07-12 15:21:36] [S4] Stopping odom_spoofing attack
[2026-07-12 15:21:36]   Result: reject (FAIL)
[2026-07-12 15:21:36]   Reason: Goal rejected by geofence (within safety margin)
[2026-07-12 15:21:36]   Time: 47.0s
[2026-07-12 15:21:36]   Robot moved: False, path_min_dist: 4.00m
[CHECKPOINT] Saved at trial 10/20
[2026-07-12 15:21:36] [HEALTH] Pre-trial restart (every 1 trials, world=empty.sdf)...
[SIM] Stopping all processes...
[CLEANUP] Starting process cleanup...
[CLEANUP] Complete (killed 1 process groups)
[SIM] All processes stopped
[CLEANUP] Starting process cleanup...
[CLEANUP] Complete (killed 0 process groups)
[DEBUG] restart_with_method called: method=geofence, params={}, world=empty.sdf, guard=False
[SIM] Full restart for method: geofence (world: empty.sdf)
[SIM] Stopping all processes...
[CLEANUP] Starting process cleanup...
[CLEANUP] Complete (killed 0 process groups)
[SIM] All processes stopped
[SIM] Starting Gazebo...
[CLEANUP] Starting process cleanup...
[CLEANUP] Complete (killed 0 process groups)
[SIM] gz sim still alive (1 procs), force-killing PGIDs (attempt 1/5)...
[SIM] gz sim still alive (1 procs), force-killing PGIDs (attempt 2/5)...
[SIM] gz sim still alive (1 procs), force-killing PGIDs (attempt 3/5)...
[SIM] gz sim still alive (1 procs), force-killing PGIDs (attempt 4/5)...
[SIM] gz sim still alive (1 procs), force-killing PGIDs (attempt 5/5)...
[SIM][WARNING] Could not kill all gz sim processes — proceeding anyway
The daemon has been started
[SIM] Waiting for Gazebo (180s)...
[SIM] Gazebo started successfully
[SIM] robot_state_publisher: running
[SIM] Starting odom relay (odom_real → odom)...
[SIM] Odom relay started
[SIM] Starting scan relay (scan_real → scan)...
[SIM] Scan relay started, verifying /scan topic...
[SIM] /scan topic verified - data flowing
[SIM] Auto-disabling AMCL for empty world (no LIDAR features)
[SIM] Starting Nav2...
[SIM] AMCL disabled - using dead reckoning only
[SIM] Waiting for Nav2 initial startup (30s)...
[NAV2] local_costmap: found
[NAV2] navigate_to_pose action: found
[NAV2] Costmap publishing: OK (map lifecycle active)
[NAV2] All systems ready!
[SIM] Final verification: checking navigate_to_pose action...
[SIM] Nav2 started successfully and action server verified!
[SIM] Starting geofence with method: geofence, params: {}, comm_latency_ms: 0
[SIM] Waiting for geofence (20s)...
[SIM] Geofence started with method: geofence (cmd_vel_guard: False)
[SIM] cmd_vel_guard disabled, starting cmd_vel relay for navigation...
[SIM] Starting cmd_vel relay (cmd_vel_nav → cmd_vel)...
[SIM] cmd_vel relay started
[2026-07-12 15:23:53] [GEOFENCE] Restarting geofence (sigma=0.15, v_max=0.5, tau=0.1, eps=0.003, a_max=2.5)...
[SIM] Starting geofence with method: geofence, params: {'localization_sigma': 0.15, 'v_max': 0.5, 'latency': 0.1, 'epsilon': 0.003, 'a_max': 2.5, 'e_0': 0.03, 'c_1': 0.04, 'enable_estimation_term': True, 'enable_tracking_term': True, 'enable_latency_term': True, 'enable_braking_term': True, 'use_dynamic_v_max': False, 'use_dynamic_tau': False, 'use_dynamic_e_track': False}, comm_latency_ms: 0
[SIM] Waiting for geofence (20s)...
[SIM] Geofence started with method: geofence (cmd_vel_guard: False)
[SIM] cmd_vel_guard disabled, starting cmd_vel relay for navigation...
[SIM] Starting cmd_vel relay (cmd_vel_nav → cmd_vel)...
[SIM] cmd_vel relay started
[2026-07-12 15:24:21] 
Trial 11/20: S5_geofence_toctou_bias_1.5_s0
[2026-07-12 15:24:21]   Goal: (7.00, 1.60)
[2026-07-12 15:24:21]   TOCTOU Δ=1.5: biased path y=1.557 at zone (bypass margin!)
[2026-07-12 15:24:21] [RESET] Resetting robot pose to origin...
[RESET] Teleporting robot to (0.0, 0.0, θ=0.0)
[RESET] Cancelling any active navigation goals...
[RESET] Stopping robot movement...
[RESET] Waiting for TF to stabilize...
[RESET] AMCL disabled, correcting map→odom TF after teleport...
[RESET] Odom at (-0.00, -0.00, yaw=0.0°), target (0.00, 0.00, yaw=0.0°)
[RESET] TF correction: tx=0.000, ty=-0.000, yaw=-0.0°
[RESET] Static TF republished with yaw correction
[RESET] Robot pose reset complete
[2026-07-12 15:24:41] [S5] Starting odom_spoofing attack (scale=1.0, offset=(0.0, 1.5))
[ATTACK] Starting odom_spoofing attack with scale=1.0, offset=(0.0, 1.5)
[ATTACK] Stopping odom relay for odom spoofing attack...
[ATTACK] odom_spoofing attack started successfully
[2026-07-12 15:24:47] [S5-TOCTOU] Δy=1.5, true path y@zone=0.914, biased path y@zone=1.557
[2026-07-12 15:24:48] [S5-TOCTOU] Biased odom confirmed: y=1.500 (expected ~1.5)
[TOCTOU] Goal sent, waiting 5.0s for planning decision...
[TOCTOU] Removing odom bias (restoring real odom)...
[2026-07-12 15:24:53] [S5-TOCTOU] Stopping odom bias, restoring real odom...
[ATTACK] Restarting odom relay after odom spoofing attack...
[SIM] Starting odom relay (odom_real → odom)...
[SIM] Odom relay started
[2026-07-12 15:25:29] [S5-TOCTOU] decision=allow, reason=Goal reached successfully (dist=0.16m)
[2026-07-12 15:25:29] [VIOLATION] Robot entered forbidden zone(s): forbidden_zone (68 samples, 11.17s)
[2026-07-12 15:25:29] [S4] Stopping odom_spoofing attack
[2026-07-12 15:25:29]   Result: allow (FAIL)
[2026-07-12 15:25:29]   Reason: Goal reached successfully (dist=0.16m)
[2026-07-12 15:25:29]   Time: 67.7s
[2026-07-12 15:25:29]   Robot moved: True, path_min_dist: 0.00m
[2026-07-12 15:25:29] [HEALTH] Periodic health check...
[2026-07-12 15:25:29] [HEALTH] Load: 3.4, Memory: 47.3%
[NAV2] local_costmap: found
[NAV2] navigate_to_pose action: found
[2026-07-12 15:25:30] [HEALTH] Pre-trial restart (every 1 trials, world=empty.sdf)...
[SIM] Stopping all processes...
[CLEANUP] Starting process cleanup...
[CLEANUP] Complete (killed 1 process groups)
[SIM] All processes stopped
[CLEANUP] Starting process cleanup...
[CLEANUP] Complete (killed 0 process groups)
[DEBUG] restart_with_method called: method=geofence, params={}, world=empty.sdf, guard=False
[SIM] Full restart for method: geofence (world: empty.sdf)
[SIM] Stopping all processes...
[CLEANUP] Starting process cleanup...
[CLEANUP] Complete (killed 0 process groups)
[SIM] All processes stopped
[SIM] Starting Gazebo...
[CLEANUP] Starting process cleanup...
[CLEANUP] Complete (killed 0 process groups)
[SIM] gz sim still alive (1 procs), force-killing PGIDs (attempt 1/5)...
[SIM] gz sim still alive (1 procs), force-killing PGIDs (attempt 2/5)...
[SIM] gz sim still alive (1 procs), force-killing PGIDs (attempt 3/5)...
[SIM] gz sim still alive (1 procs), force-killing PGIDs (attempt 4/5)...
[SIM] gz sim still alive (1 procs), force-killing PGIDs (attempt 5/5)...
[SIM][WARNING] Could not kill all gz sim processes — proceeding anyway
The daemon has been started
[SIM] Waiting for Gazebo (180s)...
[SIM] Gazebo started successfully
[SIM] robot_state_publisher: running
[SIM] Starting odom relay (odom_real → odom)...
[SIM] Odom relay started
[SIM] Starting scan relay (scan_real → scan)...
[SIM] Scan relay started, verifying /scan topic...
[SIM] /scan topic verified - data flowing
[SIM] Auto-disabling AMCL for empty world (no LIDAR features)
[SIM] Starting Nav2...
[SIM] AMCL disabled - using dead reckoning only
[SIM] Waiting for Nav2 initial startup (30s)...
[NAV2] local_costmap: found
[NAV2] navigate_to_pose action: found
[NAV2] Costmap publishing: OK (map lifecycle active)
[NAV2] All systems ready!
[SIM] Final verification: checking navigate_to_pose action...
[SIM] Nav2 started successfully and action server verified!
[SIM] Starting geofence with method: geofence, params: {}, comm_latency_ms: 0
[SIM] Waiting for geofence (20s)...
[SIM] Geofence started with method: geofence (cmd_vel_guard: False)
[SIM] cmd_vel_guard disabled, starting cmd_vel relay for navigation...
[SIM] Starting cmd_vel relay (cmd_vel_nav → cmd_vel)...
[SIM] cmd_vel relay started
[2026-07-12 15:27:44] [GEOFENCE] Restarting geofence (sigma=0.15, v_max=0.5, tau=0.1, eps=0.003, a_max=2.5)...
[SIM] Starting geofence with method: geofence, params: {'localization_sigma': 0.15, 'v_max': 0.5, 'latency': 0.1, 'epsilon': 0.003, 'a_max': 2.5, 'e_0': 0.03, 'c_1': 0.04, 'enable_estimation_term': True, 'enable_tracking_term': True, 'enable_latency_term': True, 'enable_braking_term': True, 'use_dynamic_v_max': False, 'use_dynamic_tau': False, 'use_dynamic_e_track': False}, comm_latency_ms: 50
[SIM] Waiting for geofence (20s)...
[SIM] Geofence started with method: geofence (cmd_vel_guard: False)
[SIM] cmd_vel_guard disabled, starting cmd_vel relay for navigation...
[SIM] Starting cmd_vel relay (cmd_vel_nav → cmd_vel) (latency=50ms)...
[SIM] cmd_vel relay started (latency=50ms)
[2026-07-12 15:28:13] 
Trial 12/20: S5_geofence_toctou_bias_1.5_s1
[2026-07-12 15:28:13]   Goal: (7.00, 1.60)
[2026-07-12 15:28:13]   TOCTOU Δ=1.5: biased path y=1.557 at zone (bypass margin!)
[2026-07-12 15:28:13]   Comm latency: 50ms
[2026-07-12 15:28:13] [RESET] Resetting robot pose to origin...
[RESET] Teleporting robot to (0.0, 0.0, θ=0.0)
[RESET] Cancelling any active navigation goals...
[RESET] Stopping robot movement...
[RESET] Waiting for TF to stabilize...
[RESET] AMCL disabled, correcting map→odom TF after teleport...
[RESET] Odom at (-0.00, -0.00, yaw=0.0°), target (0.00, 0.00, yaw=0.0°)
[RESET] TF correction: tx=0.000, ty=-0.000, yaw=-0.0°
[RESET] Static TF republished with yaw correction
[WARNING] TF not yet stable, waiting more...
[RESET] Robot pose reset complete
[2026-07-12 15:28:44] [S5] Starting odom_spoofing attack (scale=1.0, offset=(0.0, 1.5))
[ATTACK] Starting odom_spoofing attack with scale=1.0, offset=(0.0, 1.5)
[ATTACK] Stopping odom relay for odom spoofing attack...
[ATTACK] odom_spoofing attack started successfully
[2026-07-12 15:28:50] [S5-TOCTOU] Δy=1.5, true path y@zone=0.914, biased path y@zone=1.557
[2026-07-12 15:28:51] [S5-TOCTOU] Biased odom confirmed: y=1.500 (expected ~1.5)
[TOCTOU] Goal sent, waiting 5.0s for planning decision...
[TOCTOU] Removing odom bias (restoring real odom)...
[2026-07-12 15:28:56] [S5-TOCTOU] Stopping odom bias, restoring real odom...
[ATTACK] Restarting odom relay after odom spoofing attack...
[SIM] Starting odom relay (odom_real → odom)...
[SIM] Odom relay started
[2026-07-12 15:29:36] [S5-TOCTOU] decision=allow, reason=Goal reached successfully (dist=0.17m)
[2026-07-12 15:29:36] [VIOLATION] Robot entered forbidden zone(s): forbidden_zone (78 samples, 12.54s)
[2026-07-12 15:29:36] [S4] Stopping odom_spoofing attack
[2026-07-12 15:29:36]   Result: allow (FAIL)
[2026-07-12 15:29:36]   Reason: Goal reached successfully (dist=0.17m)
[2026-07-12 15:29:36]   Time: 83.1s
[2026-07-12 15:29:36]   Robot moved: True, path_min_dist: 0.00m
[2026-07-12 15:29:36] [HEALTH] Pre-trial restart (every 1 trials, world=empty.sdf)...
[SIM] Stopping all processes...
[CLEANUP] Starting process cleanup...
[CLEANUP] Complete (killed 1 process groups)
[SIM] All processes stopped
[CLEANUP] Starting process cleanup...
[CLEANUP] Complete (killed 0 process groups)
[DEBUG] restart_with_method called: method=geofence, params={}, world=empty.sdf, guard=False
[SIM] Full restart for method: geofence (world: empty.sdf)
[SIM] Stopping all processes...
[CLEANUP] Starting process cleanup...
[CLEANUP] Complete (killed 0 process groups)
[SIM] All processes stopped
[SIM] Starting Gazebo...
[CLEANUP] Starting process cleanup...
[CLEANUP] Complete (killed 0 process groups)
[SIM] gz sim still alive (1 procs), force-killing PGIDs (attempt 1/5)...
[SIM] gz sim still alive (1 procs), force-killing PGIDs (attempt 2/5)...
[SIM] gz sim still alive (1 procs), force-killing PGIDs (attempt 3/5)...
[SIM] gz sim still alive (1 procs), force-killing PGIDs (attempt 4/5)...
[SIM] gz sim still alive (1 procs), force-killing PGIDs (attempt 5/5)...
[SIM][WARNING] Could not kill all gz sim processes — proceeding anyway
The daemon has been started
[SIM] Waiting for Gazebo (180s)...
[SIM] Gazebo started successfully
[SIM] robot_state_publisher: running
[SIM] Starting odom relay (odom_real → odom)...
[SIM] Odom relay started
[SIM] Starting scan relay (scan_real → scan)...
[SIM] Scan relay started, verifying /scan topic...
[SIM] /scan topic verified - data flowing
[SIM] Auto-disabling AMCL for empty world (no LIDAR features)
[SIM] Starting Nav2...
[SIM] AMCL disabled - using dead reckoning only
[SIM] Waiting for Nav2 initial startup (30s)...
[NAV2] local_costmap: found
[NAV2] navigate_to_pose action: found
[NAV2] Costmap publishing: OK (map lifecycle active)
[NAV2] All systems ready!
[SIM] Final verification: checking navigate_to_pose action...
[SIM] Nav2 started successfully and action server verified!
[SIM] Starting geofence with method: geofence, params: {}, comm_latency_ms: 0
[SIM] Waiting for geofence (20s)...
[SIM] Geofence started with method: geofence (cmd_vel_guard: False)
[SIM] cmd_vel_guard disabled, starting cmd_vel relay for navigation...
[SIM] Starting cmd_vel relay (cmd_vel_nav → cmd_vel)...
[SIM] cmd_vel relay started
[2026-07-12 15:31:54] [GEOFENCE] Restarting geofence (sigma=0.15, v_max=0.5, tau=0.1, eps=0.003, a_max=2.5)...
[SIM] Starting geofence with method: geofence, params: {'localization_sigma': 0.15, 'v_max': 0.5, 'latency': 0.1, 'epsilon': 0.003, 'a_max': 2.5, 'e_0': 0.03, 'c_1': 0.04, 'enable_estimation_term': True, 'enable_tracking_term': True, 'enable_latency_term': True, 'enable_braking_term': True, 'use_dynamic_v_max': False, 'use_dynamic_tau': False, 'use_dynamic_e_track': False}, comm_latency_ms: 100
[SIM] Waiting for geofence (20s)...
[SIM] Geofence started with method: geofence (cmd_vel_guard: False)
[SIM] cmd_vel_guard disabled, starting cmd_vel relay for navigation...
[SIM] Starting cmd_vel relay (cmd_vel_nav → cmd_vel) (latency=100ms)...
[SIM] cmd_vel relay started (latency=100ms)
[2026-07-12 15:32:23] 
Trial 13/20: S5_geofence_toctou_bias_1.5_s2
[2026-07-12 15:32:23]   Goal: (7.00, 1.60)
[2026-07-12 15:32:23]   TOCTOU Δ=1.5: biased path y=1.557 at zone (bypass margin!)
[2026-07-12 15:32:23]   Comm latency: 100ms
[2026-07-12 15:32:23] [RESET] Resetting robot pose to origin...
[RESET] Teleporting robot to (0.0, 0.0, θ=0.0)
[RESET] Cancelling any active navigation goals...
[RESET] Stopping robot movement...
[RESET] Waiting for TF to stabilize...
[RESET] AMCL disabled, correcting map→odom TF after teleport...
[WARNING] Could not read odom, TF correction skipped
[WARNING] TF not yet stable, waiting more...
[RESET] Robot pose reset complete
[2026-07-12 15:32:55] [S5] Starting odom_spoofing attack (scale=1.0, offset=(0.0, 1.5))
[ATTACK] Starting odom_spoofing attack with scale=1.0, offset=(0.0, 1.5)
[ATTACK] Stopping odom relay for odom spoofing attack...
[ATTACK] odom_spoofing attack started successfully
[2026-07-12 15:33:01] [S5-TOCTOU] Δy=1.5, true path y@zone=0.914, biased path y@zone=1.557
[2026-07-12 15:33:02] [S5-TOCTOU] Biased odom confirmed: y=1.500 (expected ~1.5)
[TOCTOU] Goal sent, waiting 5.0s for planning decision...
[TOCTOU] Removing odom bias (restoring real odom)...
[2026-07-12 15:33:07] [S5-TOCTOU] Stopping odom bias, restoring real odom...
[ATTACK] Restarting odom relay after odom spoofing attack...
[SIM] Starting odom relay (odom_real → odom)...
[SIM] Odom relay started
[2026-07-12 15:34:14] [S5-TOCTOU] decision=allow, reason=Goal reached successfully (dist=0.17m)
[2026-07-12 15:34:14] [VIOLATION] Robot entered forbidden zone(s): forbidden_zone (198 samples, 31.98s)
[2026-07-12 15:34:14] [S4] Stopping odom_spoofing attack
[2026-07-12 15:34:15]   Result: allow (FAIL)
[2026-07-12 15:34:15]   Reason: Goal reached successfully (dist=0.17m)
[2026-07-12 15:34:15]   Time: 111.9s
[2026-07-12 15:34:15]   Robot moved: True, path_min_dist: 0.00m
[2026-07-12 15:34:15] [HEALTH] Pre-trial restart (every 1 trials, world=empty.sdf)...
[SIM] Stopping all processes...
[CLEANUP] Starting process cleanup...
[CLEANUP] Complete (killed 0 process groups)
[SIM] All processes stopped
[CLEANUP] Starting process cleanup...
[CLEANUP] Complete (killed 0 process groups)
[DEBUG] restart_with_method called: method=geofence, params={}, world=empty.sdf, guard=False
[SIM] Full restart for method: geofence (world: empty.sdf)
[SIM] Stopping all processes...
[CLEANUP] Starting process cleanup...
[CLEANUP] Complete (killed 0 process groups)
[SIM] All processes stopped
[SIM] Starting Gazebo...
[CLEANUP] Starting process cleanup...
[CLEANUP] Complete (killed 0 process groups)
[SIM] gz sim still alive (1 procs), force-killing PGIDs (attempt 1/5)...
[SIM] gz sim still alive (1 procs), force-killing PGIDs (attempt 2/5)...
[SIM] gz sim still alive (1 procs), force-killing PGIDs (attempt 3/5)...
[SIM] gz sim still alive (1 procs), force-killing PGIDs (attempt 4/5)...
[SIM] gz sim still alive (1 procs), force-killing PGIDs (attempt 5/5)...
[SIM][WARNING] Could not kill all gz sim processes — proceeding anyway
The daemon has been started
[SIM] Waiting for Gazebo (180s)...
[SIM] Gazebo started successfully
[SIM] robot_state_publisher: running
[SIM] Starting odom relay (odom_real → odom)...
[SIM] Odom relay started
[SIM] Starting scan relay (scan_real → scan)...
[SIM] Scan relay started, verifying /scan topic...
[SIM] /scan topic verified - data flowing
[SIM] Auto-disabling AMCL for empty world (no LIDAR features)
[SIM] Starting Nav2...
[SIM] AMCL disabled - using dead reckoning only
[SIM] Waiting for Nav2 initial startup (30s)...
[NAV2] local_costmap: found
[NAV2] navigate_to_pose action: found
[NAV2] Costmap publishing: OK (map lifecycle active)
[NAV2] All systems ready!
[SIM] Final verification: checking navigate_to_pose action...
[SIM] Nav2 started successfully and action server verified!
[SIM] Starting geofence with method: geofence, params: {}, comm_latency_ms: 0
[SIM] Waiting for geofence (20s)...
[SIM] Geofence started with method: geofence (cmd_vel_guard: False)
[SIM] cmd_vel_guard disabled, starting cmd_vel relay for navigation...
[SIM] Starting cmd_vel relay (cmd_vel_nav → cmd_vel)...
[SIM] cmd_vel relay started
[2026-07-12 15:36:29] [GEOFENCE] Restarting geofence (sigma=0.15, v_max=0.5, tau=0.1, eps=0.003, a_max=2.5)...
[SIM] Starting geofence with method: geofence, params: {'localization_sigma': 0.15, 'v_max': 0.5, 'latency': 0.1, 'epsilon': 0.003, 'a_max': 2.5, 'e_0': 0.03, 'c_1': 0.04, 'enable_estimation_term': True, 'enable_tracking_term': True, 'enable_latency_term': True, 'enable_braking_term': True, 'use_dynamic_v_max': False, 'use_dynamic_tau': False, 'use_dynamic_e_track': False}, comm_latency_ms: 0
[SIM] Waiting for geofence (20s)...
[SIM] Geofence started with method: geofence (cmd_vel_guard: False)
[SIM] cmd_vel_guard disabled, starting cmd_vel relay for navigation...
[SIM] Starting cmd_vel relay (cmd_vel_nav → cmd_vel)...
[SIM] cmd_vel relay started
[2026-07-12 15:36:57] 
Trial 14/20: S5_geofence_toctou_bias_1.5_s3
[2026-07-12 15:36:57]   Goal: (7.00, 1.60)
[2026-07-12 15:36:57]   TOCTOU Δ=1.5: biased path y=1.557 at zone (bypass margin!)
[2026-07-12 15:36:57] [RESET] Resetting robot pose to origin...
[RESET] Teleporting robot to (0.0, 0.0, θ=0.0)
[RESET] Cancelling any active navigation goals...
[RESET] Stopping robot movement...
[RESET] Waiting for TF to stabilize...
[RESET] AMCL disabled, correcting map→odom TF after teleport...
[RESET] Odom at (-0.00, -0.00, yaw=0.0°), target (0.00, 0.00, yaw=0.0°)
[RESET] TF correction: tx=0.000, ty=-0.000, yaw=-0.0°
[RESET] Static TF republished with yaw correction
[RESET] Robot pose reset complete
[2026-07-12 15:37:27] [S5] Starting odom_spoofing attack (scale=1.0, offset=(0.0, 1.5))
[ATTACK] Starting odom_spoofing attack with scale=1.0, offset=(0.0, 1.5)
[ATTACK] Stopping odom relay for odom spoofing attack...
[ATTACK] odom_spoofing attack started successfully
[2026-07-12 15:37:33] [S5-TOCTOU] Δy=1.5, true path y@zone=0.914, biased path y@zone=1.557
[2026-07-12 15:37:34] [S5-TOCTOU] Biased odom confirmed: y=1.500 (expected ~1.5)
[TOCTOU] Goal sent, waiting 5.0s for planning decision...
[TOCTOU] Removing odom bias (restoring real odom)...
[2026-07-12 15:37:39] [S5-TOCTOU] Stopping odom bias, restoring real odom...
[ATTACK] Restarting odom relay after odom spoofing attack...
[SIM] Starting odom relay (odom_real → odom)...
[SIM] Odom relay started
[2026-07-12 15:38:16] [S5-TOCTOU] decision=allow, reason=Goal reached successfully (dist=0.15m)
[2026-07-12 15:38:16] [VIOLATION] Robot entered forbidden zone(s): forbidden_zone (61 samples, 9.85s)
[2026-07-12 15:38:16] [S4] Stopping odom_spoofing attack
[2026-07-12 15:38:16]   Result: allow (FAIL)
[2026-07-12 15:38:16]   Reason: Goal reached successfully (dist=0.15m)
[2026-07-12 15:38:16]   Time: 78.4s
[2026-07-12 15:38:16]   Robot moved: True, path_min_dist: 0.00m
[2026-07-12 15:38:16] [HEALTH] Pre-trial restart (every 1 trials, world=empty.sdf)...
[SIM] Stopping all processes...
[CLEANUP] Starting process cleanup...
[CLEANUP] Complete (killed 1 process groups)
[SIM] All processes stopped
[CLEANUP] Starting process cleanup...
[CLEANUP] Complete (killed 0 process groups)
[DEBUG] restart_with_method called: method=geofence, params={}, world=empty.sdf, guard=False
[SIM] Full restart for method: geofence (world: empty.sdf)
[SIM] Stopping all processes...
[CLEANUP] Starting process cleanup...
[CLEANUP] Complete (killed 0 process groups)
[SIM] All processes stopped
[SIM] Starting Gazebo...
[CLEANUP] Starting process cleanup...
[CLEANUP] Complete (killed 0 process groups)
[SIM] gz sim still alive (1 procs), force-killing PGIDs (attempt 1/5)...
[SIM] gz sim still alive (1 procs), force-killing PGIDs (attempt 2/5)...
[SIM] gz sim still alive (1 procs), force-killing PGIDs (attempt 3/5)...
[SIM] gz sim still alive (1 procs), force-killing PGIDs (attempt 4/5)...
[SIM] gz sim still alive (1 procs), force-killing PGIDs (attempt 5/5)...
[SIM][WARNING] Could not kill all gz sim processes — proceeding anyway
The daemon has been started
[SIM] Waiting for Gazebo (180s)...
[SIM] Gazebo started successfully
[SIM] robot_state_publisher: running
[SIM] Starting odom relay (odom_real → odom)...
[SIM] Odom relay started
[SIM] Starting scan relay (scan_real → scan)...
[SIM] Scan relay started, verifying /scan topic...
[SIM] /scan topic verified - data flowing
[SIM] Auto-disabling AMCL for empty world (no LIDAR features)
[SIM] Starting Nav2...
[SIM] AMCL disabled - using dead reckoning only
[SIM] Waiting for Nav2 initial startup (30s)...
[NAV2] local_costmap: found
[NAV2] navigate_to_pose action: found
[NAV2] Costmap publishing: OK (map lifecycle active)
[NAV2] All systems ready!
[SIM] Final verification: checking navigate_to_pose action...
[SIM] Nav2 started successfully and action server verified!
[SIM] Starting geofence with method: geofence, params: {}, comm_latency_ms: 0
[SIM] Waiting for geofence (20s)...
[SIM] Geofence started with method: geofence (cmd_vel_guard: False)
[SIM] cmd_vel_guard disabled, starting cmd_vel relay for navigation...
[SIM] Starting cmd_vel relay (cmd_vel_nav → cmd_vel)...
[SIM] cmd_vel relay started
[2026-07-12 15:40:30] [GEOFENCE] Restarting geofence (sigma=0.15, v_max=0.5, tau=0.1, eps=0.003, a_max=2.5)...
[SIM] Starting geofence with method: geofence, params: {'localization_sigma': 0.15, 'v_max': 0.5, 'latency': 0.1, 'epsilon': 0.003, 'a_max': 2.5, 'e_0': 0.03, 'c_1': 0.04, 'enable_estimation_term': True, 'enable_tracking_term': True, 'enable_latency_term': True, 'enable_braking_term': True, 'use_dynamic_v_max': False, 'use_dynamic_tau': False, 'use_dynamic_e_track': False}, comm_latency_ms: 50
[SIM] Waiting for geofence (20s)...
[SIM] Geofence started with method: geofence (cmd_vel_guard: False)
[SIM] cmd_vel_guard disabled, starting cmd_vel relay for navigation...
[SIM] Starting cmd_vel relay (cmd_vel_nav → cmd_vel) (latency=50ms)...
[SIM] cmd_vel relay started (latency=50ms)
[2026-07-12 15:40:58] 
Trial 15/20: S5_geofence_toctou_bias_1.5_s4
[2026-07-12 15:40:58]   Goal: (7.00, 1.60)
[2026-07-12 15:40:58]   TOCTOU Δ=1.5: biased path y=1.557 at zone (bypass margin!)
[2026-07-12 15:40:58]   Comm latency: 50ms
[2026-07-12 15:40:58] [RESET] Resetting robot pose to origin...
[RESET] Teleporting robot to (0.0, 0.0, θ=0.0)
[RESET] Cancelling any active navigation goals...
[RESET] Stopping robot movement...
[RESET] Waiting for TF to stabilize...
[RESET] AMCL disabled, correcting map→odom TF after teleport...
[RESET] Odom at (-0.00, -0.00, yaw=0.0°), target (0.00, 0.00, yaw=0.0°)
[RESET] TF correction: tx=0.000, ty=-0.000, yaw=-0.0°
[RESET] Static TF republished with yaw correction
[RESET] Robot pose reset complete
[2026-07-12 15:41:19] [S5] Starting odom_spoofing attack (scale=1.0, offset=(0.0, 1.5))
[ATTACK] Starting odom_spoofing attack with scale=1.0, offset=(0.0, 1.5)
[ATTACK] Stopping odom relay for odom spoofing attack...
[ATTACK] odom_spoofing attack started successfully
[2026-07-12 15:41:25] [S5-TOCTOU] Δy=1.5, true path y@zone=0.914, biased path y@zone=1.557
[2026-07-12 15:41:26] [S5-TOCTOU] Biased odom confirmed: y=1.500 (expected ~1.5)
[TOCTOU] Goal sent, waiting 5.0s for planning decision...
[TOCTOU] Removing odom bias (restoring real odom)...
[2026-07-12 15:41:31] [S5-TOCTOU] Stopping odom bias, restoring real odom...
[ATTACK] Restarting odom relay after odom spoofing attack...
[SIM] Starting odom relay (odom_real → odom)...
[SIM] Odom relay started
[2026-07-12 15:42:07] [S5-TOCTOU] decision=allow, reason=Goal reached successfully (dist=0.21m)
[2026-07-12 15:42:07] [VIOLATION] Robot entered forbidden zone(s): forbidden_zone (76 samples, 12.29s)
[2026-07-12 15:42:07] [S4] Stopping odom_spoofing attack
[2026-07-12 15:42:07]   Result: allow (FAIL)
[2026-07-12 15:42:07]   Reason: Goal reached successfully (dist=0.21m)
[2026-07-12 15:42:07]   Time: 68.6s
[2026-07-12 15:42:07]   Robot moved: True, path_min_dist: 0.00m
[CHECKPOINT] Saved at trial 15/20
[2026-07-12 15:42:07] [HEALTH] Pre-trial restart (every 1 trials, world=empty.sdf)...
[SIM] Stopping all processes...
[CLEANUP] Starting process cleanup...
[CLEANUP] Complete (killed 1 process groups)
[SIM] All processes stopped
[CLEANUP] Starting process cleanup...
[CLEANUP] Complete (killed 0 process groups)
[DEBUG] restart_with_method called: method=geofence, params={}, world=empty.sdf, guard=False
[SIM] Full restart for method: geofence (world: empty.sdf)
[SIM] Stopping all processes...
[CLEANUP] Starting process cleanup...
[CLEANUP] Complete (killed 0 process groups)
[SIM] All processes stopped
[SIM] Starting Gazebo...
[CLEANUP] Starting process cleanup...
[CLEANUP] Complete (killed 0 process groups)
[SIM] gz sim still alive (1 procs), force-killing PGIDs (attempt 1/5)...
[SIM] gz sim still alive (1 procs), force-killing PGIDs (attempt 2/5)...
[SIM] gz sim still alive (1 procs), force-killing PGIDs (attempt 3/5)...
[SIM] gz sim still alive (1 procs), force-killing PGIDs (attempt 4/5)...
[SIM] gz sim still alive (1 procs), force-killing PGIDs (attempt 5/5)...
[SIM][WARNING] Could not kill all gz sim processes — proceeding anyway
The daemon has been started
[SIM] Waiting for Gazebo (180s)...
[SIM] Gazebo started successfully
[SIM] robot_state_publisher: running
[SIM] Starting odom relay (odom_real → odom)...
[SIM] Odom relay started
[SIM] Starting scan relay (scan_real → scan)...
[SIM] Scan relay started, verifying /scan topic...
[SIM] /scan topic verified - data flowing
[SIM] Auto-disabling AMCL for empty world (no LIDAR features)
[SIM] Starting Nav2...
[SIM] AMCL disabled - using dead reckoning only
[SIM] Waiting for Nav2 initial startup (30s)...
[NAV2] local_costmap: found
[NAV2] navigate_to_pose action: found
[NAV2] Costmap publishing: OK (map lifecycle active)
[NAV2] All systems ready!
[SIM] Final verification: checking navigate_to_pose action...
[SIM] Nav2 started successfully and action server verified!
[SIM] Starting geofence with method: geofence, params: {}, comm_latency_ms: 0
[SIM] Waiting for geofence (20s)...
[SIM] Geofence started with method: geofence (cmd_vel_guard: False)
[SIM] cmd_vel_guard disabled, starting cmd_vel relay for navigation...
[SIM] Starting cmd_vel relay (cmd_vel_nav → cmd_vel)...
[SIM] cmd_vel relay started
[2026-07-12 15:44:22] [GEOFENCE] Restarting geofence (sigma=0.15, v_max=0.5, tau=0.1, eps=0.003, a_max=2.5)...
[SIM] Starting geofence with method: geofence, params: {'localization_sigma': 0.15, 'v_max': 0.5, 'latency': 0.1, 'epsilon': 0.003, 'a_max': 2.5, 'e_0': 0.03, 'c_1': 0.04, 'enable_estimation_term': True, 'enable_tracking_term': True, 'enable_latency_term': True, 'enable_braking_term': True, 'use_dynamic_v_max': False, 'use_dynamic_tau': False, 'use_dynamic_e_track': False}, comm_latency_ms: 100
[SIM] Waiting for geofence (20s)...
[SIM] Geofence started with method: geofence (cmd_vel_guard: False)
[SIM] cmd_vel_guard disabled, starting cmd_vel relay for navigation...
[SIM] Starting cmd_vel relay (cmd_vel_nav → cmd_vel) (latency=100ms)...
[SIM] cmd_vel relay started (latency=100ms)
[2026-07-12 15:44:50] 
Trial 16/20: S5_geofence_toctou_bias_1.5_s5
[2026-07-12 15:44:50]   Goal: (7.00, 1.60)
[2026-07-12 15:44:50]   TOCTOU Δ=1.5: biased path y=1.557 at zone (bypass margin!)
[2026-07-12 15:44:50]   Comm latency: 100ms
[2026-07-12 15:44:50] [RESET] Resetting robot pose to origin...
[RESET] Teleporting robot to (0.0, 0.0, θ=0.0)
[RESET] Cancelling any active navigation goals...
[RESET] Stopping robot movement...
[RESET] Waiting for TF to stabilize...
[RESET] AMCL disabled, correcting map→odom TF after teleport...
[RESET] Odom at (-0.00, -0.00, yaw=0.0°), target (0.00, 0.00, yaw=0.0°)
[RESET] TF correction: tx=0.000, ty=-0.000, yaw=-0.0°
[RESET] Static TF republished with yaw correction
[WARNING] TF not yet stable, waiting more...
[RESET] Robot pose reset complete
[2026-07-12 15:45:26] [S5] Starting odom_spoofing attack (scale=1.0, offset=(0.0, 1.5))
[ATTACK] Starting odom_spoofing attack with scale=1.0, offset=(0.0, 1.5)
[ATTACK] Stopping odom relay for odom spoofing attack...
[ATTACK] odom_spoofing attack started successfully
[2026-07-12 15:45:31] [S5-TOCTOU] Δy=1.5, true path y@zone=0.914, biased path y@zone=1.557
[2026-07-12 15:45:33] [S5-TOCTOU] Biased odom confirmed: y=1.500 (expected ~1.5)
[TOCTOU] Goal sent, waiting 5.0s for planning decision...
[TOCTOU] Removing odom bias (restoring real odom)...
[2026-07-12 15:45:38] [S5-TOCTOU] Stopping odom bias, restoring real odom...
[ATTACK] Restarting odom relay after odom spoofing attack...
[SIM] Starting odom relay (odom_real → odom)...
[SIM] Odom relay started
[2026-07-12 15:46:33] [S5-TOCTOU] decision=allow, reason=Goal reached successfully (dist=0.13m)
[2026-07-12 15:46:33] [VIOLATION] Robot entered forbidden zone(s): forbidden_zone (130 samples, 21.07s)
[2026-07-12 15:46:33] [S4] Stopping odom_spoofing attack
[2026-07-12 15:46:34]   Result: allow (FAIL)
[2026-07-12 15:46:34]   Reason: Goal reached successfully (dist=0.13m)
[2026-07-12 15:46:34]   Time: 103.3s
[2026-07-12 15:46:34]   Robot moved: True, path_min_dist: 0.00m
[2026-07-12 15:46:34] [HEALTH] Pre-trial restart (every 1 trials, world=empty.sdf)...
[SIM] Stopping all processes...
[CLEANUP] Starting process cleanup...
[CLEANUP] Complete (killed 1 process groups)
[SIM] All processes stopped
[CLEANUP] Starting process cleanup...
[CLEANUP] Complete (killed 0 process groups)
[DEBUG] restart_with_method called: method=geofence, params={}, world=empty.sdf, guard=False
[SIM] Full restart for method: geofence (world: empty.sdf)
[SIM] Stopping all processes...
[CLEANUP] Starting process cleanup...
[CLEANUP] Complete (killed 0 process groups)
[SIM] All processes stopped
[SIM] Starting Gazebo...
[CLEANUP] Starting process cleanup...
[CLEANUP] Complete (killed 0 process groups)
[SIM] gz sim still alive (1 procs), force-killing PGIDs (attempt 1/5)...
[SIM] gz sim still alive (1 procs), force-killing PGIDs (attempt 2/5)...
[SIM] gz sim still alive (1 procs), force-killing PGIDs (attempt 3/5)...
[SIM] gz sim still alive (1 procs), force-killing PGIDs (attempt 4/5)...
[SIM] gz sim still alive (1 procs), force-killing PGIDs (attempt 5/5)...
[SIM][WARNING] Could not kill all gz sim processes — proceeding anyway
The daemon has been started
[SIM] Waiting for Gazebo (180s)...
[SIM] Gazebo started successfully
[SIM] robot_state_publisher: running
[SIM] Starting odom relay (odom_real → odom)...
[SIM] Odom relay started
[SIM] Starting scan relay (scan_real → scan)...
[SIM] Scan relay started, verifying /scan topic...
[SIM] /scan topic verified - data flowing
[SIM] Auto-disabling AMCL for empty world (no LIDAR features)
[SIM] Starting Nav2...
[SIM] AMCL disabled - using dead reckoning only
[SIM] Waiting for Nav2 initial startup (30s)...
[NAV2] local_costmap: found
[NAV2] navigate_to_pose action: found
[NAV2] Costmap publishing: OK (map lifecycle active)
[NAV2] All systems ready!
[SIM] Final verification: checking navigate_to_pose action...
[SIM] Nav2 started successfully and action server verified!
[SIM] Starting geofence with method: geofence, params: {}, comm_latency_ms: 0
[SIM] Waiting for geofence (20s)...
[SIM] Geofence started with method: geofence (cmd_vel_guard: False)
[SIM] cmd_vel_guard disabled, starting cmd_vel relay for navigation...
[SIM] Starting cmd_vel relay (cmd_vel_nav → cmd_vel)...
[SIM] cmd_vel relay started
[2026-07-12 15:48:49] [GEOFENCE] Restarting geofence (sigma=0.15, v_max=0.5, tau=0.1, eps=0.003, a_max=2.5)...
[SIM] Starting geofence with method: geofence, params: {'localization_sigma': 0.15, 'v_max': 0.5, 'latency': 0.1, 'epsilon': 0.003, 'a_max': 2.5, 'e_0': 0.03, 'c_1': 0.04, 'enable_estimation_term': True, 'enable_tracking_term': True, 'enable_latency_term': True, 'enable_braking_term': True, 'use_dynamic_v_max': False, 'use_dynamic_tau': False, 'use_dynamic_e_track': False}, comm_latency_ms: 0
[SIM] Waiting for geofence (20s)...
[SIM] Geofence started with method: geofence (cmd_vel_guard: False)
[SIM] cmd_vel_guard disabled, starting cmd_vel relay for navigation...
[SIM] Starting cmd_vel relay (cmd_vel_nav → cmd_vel)...
[SIM] cmd_vel relay started
[2026-07-12 15:49:17] 
Trial 17/20: S5_geofence_toctou_bias_1.5_s6
[2026-07-12 15:49:17]   Goal: (7.00, 1.60)
[2026-07-12 15:49:17]   TOCTOU Δ=1.5: biased path y=1.557 at zone (bypass margin!)
[2026-07-12 15:49:17] [RESET] Resetting robot pose to origin...
[RESET] Teleporting robot to (0.0, 0.0, θ=0.0)
[RESET] Cancelling any active navigation goals...
[RESET] Stopping robot movement...
[RESET] Waiting for TF to stabilize...
[RESET] AMCL disabled, correcting map→odom TF after teleport...
[RESET] Odom at (-0.00, -0.00, yaw=0.0°), target (0.00, 0.00, yaw=0.0°)
[RESET] TF correction: tx=0.000, ty=-0.000, yaw=-0.0°
[RESET] Static TF republished with yaw correction
[RESET] Robot pose reset complete
[2026-07-12 15:49:46] [S5] Starting odom_spoofing attack (scale=1.0, offset=(0.0, 1.5))
[ATTACK] Starting odom_spoofing attack with scale=1.0, offset=(0.0, 1.5)
[ATTACK] Stopping odom relay for odom spoofing attack...
[ATTACK] odom_spoofing attack started successfully
[2026-07-12 15:49:52] [S5-TOCTOU] Δy=1.5, true path y@zone=0.914, biased path y@zone=1.557
[2026-07-12 15:49:53] [S5-TOCTOU] Biased odom confirmed: y=1.500 (expected ~1.5)
[TOCTOU] Goal sent, waiting 5.0s for planning decision...
[TOCTOU] Removing odom bias (restoring real odom)...
[2026-07-12 15:49:58] [S5-TOCTOU] Stopping odom bias, restoring real odom...
[ATTACK] Restarting odom relay after odom spoofing attack...
[SIM] Starting odom relay (odom_real → odom)...
[SIM] Odom relay started
[2026-07-12 15:50:32] [S5-TOCTOU] decision=allow, reason=Goal reached successfully (dist=0.18m)
[2026-07-12 15:50:32] [VIOLATION] Robot entered forbidden zone(s): forbidden_zone (59 samples, 9.59s)
[2026-07-12 15:50:32] [S4] Stopping odom_spoofing attack
[2026-07-12 15:50:32]   Result: allow (FAIL)
[2026-07-12 15:50:32]   Reason: Goal reached successfully (dist=0.18m)
[2026-07-12 15:50:32]   Time: 75.1s
[2026-07-12 15:50:32]   Robot moved: True, path_min_dist: 0.00m
[2026-07-12 15:50:32] [HEALTH] Pre-trial restart (every 1 trials, world=empty.sdf)...
[SIM] Stopping all processes...
[CLEANUP] Starting process cleanup...
[CLEANUP] Complete (killed 1 process groups)
[SIM] All processes stopped
[CLEANUP] Starting process cleanup...
[CLEANUP] Complete (killed 0 process groups)
[DEBUG] restart_with_method called: method=geofence, params={}, world=empty.sdf, guard=False
[SIM] Full restart for method: geofence (world: empty.sdf)
[SIM] Stopping all processes...
[CLEANUP] Starting process cleanup...
[CLEANUP] Complete (killed 0 process groups)
[SIM] All processes stopped
[SIM] Starting Gazebo...
[CLEANUP] Starting process cleanup...
[CLEANUP] Complete (killed 0 process groups)
[SIM] gz sim still alive (1 procs), force-killing PGIDs (attempt 1/5)...
[SIM] gz sim still alive (1 procs), force-killing PGIDs (attempt 2/5)...
[SIM] gz sim still alive (1 procs), force-killing PGIDs (attempt 3/5)...
[SIM] gz sim still alive (1 procs), force-killing PGIDs (attempt 4/5)...
[SIM] gz sim still alive (1 procs), force-killing PGIDs (attempt 5/5)...
[SIM][WARNING] Could not kill all gz sim processes — proceeding anyway
The daemon has been started
[SIM] Waiting for Gazebo (180s)...
[SIM] Gazebo started successfully
[SIM] robot_state_publisher: running
[SIM] Starting odom relay (odom_real → odom)...
[SIM] Odom relay started
[SIM] Starting scan relay (scan_real → scan)...
[SIM] Scan relay started, verifying /scan topic...
[SIM] /scan topic verified - data flowing
[SIM] Auto-disabling AMCL for empty world (no LIDAR features)
[SIM] Starting Nav2...
[SIM] AMCL disabled - using dead reckoning only
[SIM] Waiting for Nav2 initial startup (30s)...
[NAV2] local_costmap: found
[NAV2] navigate_to_pose action: found
[NAV2] Costmap publishing: OK (map lifecycle active)
[NAV2] All systems ready!
[SIM] Final verification: checking navigate_to_pose action...
[SIM] Nav2 started successfully and action server verified!
[SIM] Starting geofence with method: geofence, params: {}, comm_latency_ms: 0
[SIM] Waiting for geofence (20s)...
[SIM] Geofence started with method: geofence (cmd_vel_guard: False)
[SIM] cmd_vel_guard disabled, starting cmd_vel relay for navigation...
[SIM] Starting cmd_vel relay (cmd_vel_nav → cmd_vel)...
[SIM] cmd_vel relay started
[2026-07-12 15:52:44] [GEOFENCE] Restarting geofence (sigma=0.15, v_max=0.5, tau=0.1, eps=0.003, a_max=2.5)...
[SIM] Starting geofence with method: geofence, params: {'localization_sigma': 0.15, 'v_max': 0.5, 'latency': 0.1, 'epsilon': 0.003, 'a_max': 2.5, 'e_0': 0.03, 'c_1': 0.04, 'enable_estimation_term': True, 'enable_tracking_term': True, 'enable_latency_term': True, 'enable_braking_term': True, 'use_dynamic_v_max': False, 'use_dynamic_tau': False, 'use_dynamic_e_track': False}, comm_latency_ms: 50
[SIM] Waiting for geofence (20s)...
[SIM] Geofence started with method: geofence (cmd_vel_guard: False)
[SIM] cmd_vel_guard disabled, starting cmd_vel relay for navigation...
[SIM] Starting cmd_vel relay (cmd_vel_nav → cmd_vel) (latency=50ms)...
[SIM] cmd_vel relay started (latency=50ms)
[2026-07-12 15:53:12] 
Trial 18/20: S5_geofence_toctou_bias_1.5_s7
[2026-07-12 15:53:12]   Goal: (7.00, 1.60)
[2026-07-12 15:53:12]   TOCTOU Δ=1.5: biased path y=1.557 at zone (bypass margin!)
[2026-07-12 15:53:12]   Comm latency: 50ms
[2026-07-12 15:53:12] [RESET] Resetting robot pose to origin...
[RESET] Teleporting robot to (0.0, 0.0, θ=0.0)
[RESET] Cancelling any active navigation goals...
[RESET] Stopping robot movement...
[RESET] Waiting for TF to stabilize...
[RESET] AMCL disabled, correcting map→odom TF after teleport...
[RESET] Odom at (-0.00, -0.00, yaw=0.0°), target (0.00, 0.00, yaw=0.0°)
[RESET] TF correction: tx=0.000, ty=-0.000, yaw=-0.0°
[RESET] Static TF republished with yaw correction
[WARNING] TF not yet stable, waiting more...
[RESET] Robot pose reset complete
[2026-07-12 15:53:48] [S5] Starting odom_spoofing attack (scale=1.0, offset=(0.0, 1.5))
[ATTACK] Starting odom_spoofing attack with scale=1.0, offset=(0.0, 1.5)
[ATTACK] Stopping odom relay for odom spoofing attack...
[ATTACK] odom_spoofing attack started successfully
[2026-07-12 15:53:53] [S5-TOCTOU] Δy=1.5, true path y@zone=0.914, biased path y@zone=1.557
[2026-07-12 15:53:55] [S5-TOCTOU] Biased odom confirmed: y=1.500 (expected ~1.5)
[TOCTOU] Goal sent, waiting 5.0s for planning decision...
[TOCTOU] Removing odom bias (restoring real odom)...
[2026-07-12 15:54:00] [S5-TOCTOU] Stopping odom bias, restoring real odom...
[ATTACK] Restarting odom relay after odom spoofing attack...
[SIM] Starting odom relay (odom_real → odom)...
[SIM] Odom relay started
[2026-07-12 15:54:40] [S5-TOCTOU] decision=allow, reason=Goal reached successfully (dist=0.18m)
[2026-07-12 15:54:40] [VIOLATION] Robot entered forbidden zone(s): forbidden_zone (89 samples, 14.53s)
[2026-07-12 15:54:40] [S4] Stopping odom_spoofing attack
[2026-07-12 15:54:40]   Result: allow (FAIL)
[2026-07-12 15:54:40]   Reason: Goal reached successfully (dist=0.18m)
[2026-07-12 15:54:40]   Time: 87.5s
[2026-07-12 15:54:40]   Robot moved: True, path_min_dist: 0.00m
[2026-07-12 15:54:40] [HEALTH] Pre-trial restart (every 1 trials, world=empty.sdf)...
[SIM] Stopping all processes...
[CLEANUP] Starting process cleanup...
[CLEANUP] Complete (killed 1 process groups)
[SIM] All processes stopped
[CLEANUP] Starting process cleanup...
[CLEANUP] Complete (killed 0 process groups)
[DEBUG] restart_with_method called: method=geofence, params={}, world=empty.sdf, guard=False
[SIM] Full restart for method: geofence (world: empty.sdf)
[SIM] Stopping all processes...
[CLEANUP] Starting process cleanup...
[CLEANUP] Complete (killed 0 process groups)
[SIM] All processes stopped
[SIM] Starting Gazebo...
[CLEANUP] Starting process cleanup...
[CLEANUP] Complete (killed 0 process groups)
[SIM] gz sim still alive (1 procs), force-killing PGIDs (attempt 1/5)...
[SIM] gz sim still alive (1 procs), force-killing PGIDs (attempt 2/5)...
[SIM] gz sim still alive (1 procs), force-killing PGIDs (attempt 3/5)...
[SIM] gz sim still alive (1 procs), force-killing PGIDs (attempt 4/5)...
[SIM] gz sim still alive (1 procs), force-killing PGIDs (attempt 5/5)...
[SIM][WARNING] Could not kill all gz sim processes — proceeding anyway
The daemon has been started
[SIM] Waiting for Gazebo (180s)...
[SIM] Gazebo started successfully
[SIM] robot_state_publisher: running
[SIM] Starting odom relay (odom_real → odom)...
[SIM] Odom relay started
[SIM] Starting scan relay (scan_real → scan)...
[SIM] Scan relay started, verifying /scan topic...
[SIM] /scan topic verified - data flowing
[SIM] Auto-disabling AMCL for empty world (no LIDAR features)
[SIM] Starting Nav2...
[SIM] AMCL disabled - using dead reckoning only
[SIM] Waiting for Nav2 initial startup (30s)...
[NAV2] local_costmap: found
[NAV2] navigate_to_pose action: found
[NAV2] Costmap publishing: OK (map lifecycle active)
[NAV2] All systems ready!
[SIM] Final verification: checking navigate_to_pose action...
[SIM] Nav2 started successfully and action server verified!
[SIM] Starting geofence with method: geofence, params: {}, comm_latency_ms: 0
[SIM] Waiting for geofence (20s)...
[SIM] Geofence started with method: geofence (cmd_vel_guard: False)
[SIM] cmd_vel_guard disabled, starting cmd_vel relay for navigation...
[SIM] Starting cmd_vel relay (cmd_vel_nav → cmd_vel)...
[SIM] cmd_vel relay started
[2026-07-12 15:56:54] [GEOFENCE] Restarting geofence (sigma=0.15, v_max=0.5, tau=0.1, eps=0.003, a_max=2.5)...
[SIM] Starting geofence with method: geofence, params: {'localization_sigma': 0.15, 'v_max': 0.5, 'latency': 0.1, 'epsilon': 0.003, 'a_max': 2.5, 'e_0': 0.03, 'c_1': 0.04, 'enable_estimation_term': True, 'enable_tracking_term': True, 'enable_latency_term': True, 'enable_braking_term': True, 'use_dynamic_v_max': False, 'use_dynamic_tau': False, 'use_dynamic_e_track': False}, comm_latency_ms: 100
[SIM] Waiting for geofence (20s)...
[SIM] Geofence started with method: geofence (cmd_vel_guard: False)
[SIM] cmd_vel_guard disabled, starting cmd_vel relay for navigation...
[SIM] Starting cmd_vel relay (cmd_vel_nav → cmd_vel) (latency=100ms)...
[SIM] cmd_vel relay started (latency=100ms)
[2026-07-12 15:57:23] 
Trial 19/20: S5_geofence_toctou_bias_1.5_s8
[2026-07-12 15:57:23]   Goal: (7.00, 1.60)
[2026-07-12 15:57:23]   TOCTOU Δ=1.5: biased path y=1.557 at zone (bypass margin!)
[2026-07-12 15:57:23]   Comm latency: 100ms
[2026-07-12 15:57:23] [RESET] Resetting robot pose to origin...
[RESET] Teleporting robot to (0.0, 0.0, θ=0.0)
[RESET] Cancelling any active navigation goals...
[RESET] Stopping robot movement...
[RESET] Waiting for TF to stabilize...
[RESET] AMCL disabled, correcting map→odom TF after teleport...
[RESET] Odom at (-0.00, -0.00, yaw=0.0°), target (0.00, 0.00, yaw=0.0°)
[RESET] TF correction: tx=0.000, ty=-0.000, yaw=-0.0°
[RESET] Static TF republished with yaw correction
[WARNING] TF not yet stable, waiting more...
[RESET] Robot pose reset complete
[2026-07-12 15:57:55] [S5] Starting odom_spoofing attack (scale=1.0, offset=(0.0, 1.5))
[ATTACK] Starting odom_spoofing attack with scale=1.0, offset=(0.0, 1.5)
[ATTACK] Stopping odom relay for odom spoofing attack...
[ATTACK] odom_spoofing attack started successfully
[2026-07-12 15:58:00] [S5-TOCTOU] Δy=1.5, true path y@zone=0.914, biased path y@zone=1.557
[2026-07-12 15:58:02] [S5-TOCTOU] Biased odom confirmed: y=1.500 (expected ~1.5)
[TOCTOU] Goal sent, waiting 5.0s for planning decision...
[TOCTOU] Removing odom bias (restoring real odom)...
[2026-07-12 15:58:07] [S5-TOCTOU] Stopping odom bias, restoring real odom...
[ATTACK] Restarting odom relay after odom spoofing attack...
[SIM] Starting odom relay (odom_real → odom)...
[SIM] Odom relay started
[2026-07-12 15:59:06] [S5-TOCTOU] decision=allow, reason=Goal reached successfully (dist=0.14m)
[2026-07-12 15:59:06] [VIOLATION] Robot entered forbidden zone(s): forbidden_zone (189 samples, 31.00s)
[2026-07-12 15:59:06] [S4] Stopping odom_spoofing attack
[2026-07-12 15:59:06]   Result: allow (FAIL)
[2026-07-12 15:59:06]   Reason: Goal reached successfully (dist=0.14m)
[2026-07-12 15:59:06]   Time: 103.6s
[2026-07-12 15:59:06]   Robot moved: True, path_min_dist: 0.00m
[2026-07-12 15:59:06] [HEALTH] Pre-trial restart (every 1 trials, world=empty.sdf)...
[SIM] Stopping all processes...
[CLEANUP] Starting process cleanup...
[CLEANUP] Complete (killed 1 process groups)
[SIM] All processes stopped
[CLEANUP] Starting process cleanup...
[CLEANUP] Complete (killed 0 process groups)
[DEBUG] restart_with_method called: method=geofence, params={}, world=empty.sdf, guard=False
[SIM] Full restart for method: geofence (world: empty.sdf)
[SIM] Stopping all processes...
[CLEANUP] Starting process cleanup...
[CLEANUP] Complete (killed 0 process groups)
[SIM] All processes stopped
[SIM] Starting Gazebo...
[CLEANUP] Starting process cleanup...
[CLEANUP] Complete (killed 0 process groups)
[SIM] gz sim still alive (1 procs), force-killing PGIDs (attempt 1/5)...
[SIM] gz sim still alive (1 procs), force-killing PGIDs (attempt 2/5)...
[SIM] gz sim still alive (1 procs), force-killing PGIDs (attempt 3/5)...
[SIM] gz sim still alive (1 procs), force-killing PGIDs (attempt 4/5)...
[SIM] gz sim still alive (1 procs), force-killing PGIDs (attempt 5/5)...
[SIM][WARNING] Could not kill all gz sim processes — proceeding anyway
The daemon has been started
[SIM] Waiting for Gazebo (180s)...
[SIM] Gazebo started successfully
[SIM] robot_state_publisher: running
[SIM] Starting odom relay (odom_real → odom)...
[SIM] Odom relay started
[SIM] Starting scan relay (scan_real → scan)...
[SIM] Scan relay started, verifying /scan topic...
[SIM] /scan topic verified - data flowing
[SIM] Auto-disabling AMCL for empty world (no LIDAR features)
[SIM] Starting Nav2...
[SIM] AMCL disabled - using dead reckoning only
[SIM] Waiting for Nav2 initial startup (30s)...
[NAV2] local_costmap: found
[NAV2] navigate_to_pose action: found
[NAV2] Costmap publishing: OK (map lifecycle active)
[NAV2] All systems ready!
[SIM] Final verification: checking navigate_to_pose action...
[SIM] Nav2 started successfully and action server verified!
[SIM] Starting geofence with method: geofence, params: {}, comm_latency_ms: 0
[SIM] Waiting for geofence (20s)...
[SIM] Geofence started with method: geofence (cmd_vel_guard: False)
[SIM] cmd_vel_guard disabled, starting cmd_vel relay for navigation...
[SIM] Starting cmd_vel relay (cmd_vel_nav → cmd_vel)...
[SIM] cmd_vel relay started
[2026-07-12 16:01:22] [GEOFENCE] Restarting geofence (sigma=0.15, v_max=0.5, tau=0.1, eps=0.003, a_max=2.5)...
[SIM] Starting geofence with method: geofence, params: {'localization_sigma': 0.15, 'v_max': 0.5, 'latency': 0.1, 'epsilon': 0.003, 'a_max': 2.5, 'e_0': 0.03, 'c_1': 0.04, 'enable_estimation_term': True, 'enable_tracking_term': True, 'enable_latency_term': True, 'enable_braking_term': True, 'use_dynamic_v_max': False, 'use_dynamic_tau': False, 'use_dynamic_e_track': False}, comm_latency_ms: 0
[SIM] Waiting for geofence (20s)...
[SIM] Geofence started with method: geofence (cmd_vel_guard: False)
[SIM] cmd_vel_guard disabled, starting cmd_vel relay for navigation...
[SIM] Starting cmd_vel relay (cmd_vel_nav → cmd_vel)...
[SIM] cmd_vel relay started
[2026-07-12 16:01:51] 
Trial 20/20: S5_geofence_toctou_bias_1.5_s9
[2026-07-12 16:01:51]   Goal: (7.00, 1.60)
[2026-07-12 16:01:51]   TOCTOU Δ=1.5: biased path y=1.557 at zone (bypass margin!)
[2026-07-12 16:01:51] [RESET] Resetting robot pose to origin...
[RESET] Teleporting robot to (0.0, 0.0, θ=0.0)
[RESET] Cancelling any active navigation goals...
[RESET] Stopping robot movement...
[RESET] Waiting for TF to stabilize...
[RESET] AMCL disabled, correcting map→odom TF after teleport...
[RESET] Odom at (-0.00, -0.00, yaw=0.0°), target (0.00, 0.00, yaw=0.0°)
[RESET] TF correction: tx=0.000, ty=-0.000, yaw=-0.0°
[RESET] Static TF republished with yaw correction
[RESET] Robot pose reset complete
[2026-07-12 16:02:17] [S5] Starting odom_spoofing attack (scale=1.0, offset=(0.0, 1.5))
[ATTACK] Starting odom_spoofing attack with scale=1.0, offset=(0.0, 1.5)
[ATTACK] Stopping odom relay for odom spoofing attack...
[ATTACK] odom_spoofing attack started successfully
[2026-07-12 16:02:23] [S5-TOCTOU] Δy=1.5, true path y@zone=0.914, biased path y@zone=1.557
[2026-07-12 16:02:24] [S5-TOCTOU] Biased odom confirmed: y=1.500 (expected ~1.5)
[TOCTOU] Goal sent, waiting 5.0s for planning decision...
[TOCTOU] Removing odom bias (restoring real odom)...
[2026-07-12 16:02:29] [S5-TOCTOU] Stopping odom bias, restoring real odom...
[ATTACK] Restarting odom relay after odom spoofing attack...
[SIM] Starting odom relay (odom_real → odom)...
[SIM] Odom relay started
[2026-07-12 16:03:12] [S5-TOCTOU] decision=allow, reason=Goal reached successfully (dist=0.22m)
[2026-07-12 16:03:12] [VIOLATION] Robot entered forbidden zone(s): forbidden_zone (62 samples, 10.10s)
[2026-07-12 16:03:12] [S4] Stopping odom_spoofing attack
[2026-07-12 16:03:12]   Result: allow (FAIL)
[2026-07-12 16:03:12]   Reason: Goal reached successfully (dist=0.22m)
[2026-07-12 16:03:12]   Time: 81.7s
[2026-07-12 16:03:12]   Robot moved: True, path_min_dist: 0.00m
[CHECKPOINT] Saved at trial 20/20
[SIM] Stopping all processes...
[CLEANUP] Starting process cleanup...
[CLEANUP] Complete (killed 1 process groups)
[SIM] All processes stopped
[2026-07-12 16:03:26] 
================================================================================
[2026-07-12 16:03:26] CONFUSION MATRIX SUMMARY BY METHOD
[2026-07-12 16:03:26] ================================================================================

Method         Total   TP   FP   TN   FN INFRA   Prec    Rec     F1     VR     Hz  Lat(ms)
------------------------------------------------------------------------------------------
geofence          20   10    0    0   10     0  1.00  0.50  0.67  50.0%   6.2 28898.8
[2026-07-12 16:03:26] 
--------------------------------------------------------------------------------
[2026-07-12 16:03:26] BOOTSTRAP 95% CONFIDENCE INTERVALS
[2026-07-12 16:03:26] --------------------------------------------------------------------------------

Method                  Prec CI           Rec CI            F1 CI            VR CI
----------------------------------------------------------------------------------
geofence       [1.00,1.00]  [0.30,0.70]  [0.46,0.82]  [30.0,70.0]%
[2026-07-12 16:03:26] 
--------------------------------------------------------------------------------
[2026-07-12 16:03:26] GEOFENCE MARGIN ANALYSIS
[2026-07-12 16:03:26] Geofence margin = k_sigma * sigma_loc + e_track + v_max * tau = 3 * 0.15 + 0.05 + 0.5 * 0.1 = 0.55m. Expanded zone y_max = 1.0 + 0.55 = 1.55m. S3 clip_boundary (7,1.2): at x=4, y=0.69 (in zone); at x=5.83, y=1.0 (exits zone). Path clips zone upper boundary.
[2026-07-12 16:03:26] 
============================================================
[2026-07-12 16:03:26] Experiment Complete!
[2026-07-12 16:03:26] ============================================================
