The daemon has been started
The daemon has been started
Generated 370 trials
Methods: ['geofence']
Scenarios: ['S1', 'S3', 'S4', 'S5']
Seeds: 10 (offset=10, range=s10-s19)
Include sweep: False
Runtime monitoring: False

Trials by scenario: {'S1': 260, 'S3': 40, 'S4': 20, 'S5': 50}
Trials by method: {'geofence': 370}
[2026-04-03 23:13:26] ============================================================
[2026-04-03 23:13:26] Starting Gazebo S1-S5 Experiment
[2026-04-03 23:13:26] ============================================================
[CLEANUP] Starting process cleanup...
[CLEANUP] Complete (killed 0 process groups)
[2026-04-03 23:13:29] Resuming from trial 160/370
[2026-04-03 23:13:29] 
============================================================
[2026-04-03 23:13:29] Method: geofence
[2026-04-03 23:13:29] ============================================================
[2026-04-03 23:13:29] [WORLD] Starting with empty.sdf for scenarios: ['S1', 'S3', 'S4', 'S5']
[DEBUG] restart_with_method called: method=geofence, params={}, world=empty.sdf, guard=False
[SIM] Full restart for method: geofence (world: empty.sdf)
[SIM] Stopping all processes...
[CLEANUP] Starting process cleanup...
[CLEANUP] Complete (killed 0 process groups)
[SIM] All processes stopped
[SIM] Starting Gazebo...
[CLEANUP] Starting process cleanup...
[CLEANUP] Complete (killed 0 process groups)
[SIM] gz sim still alive (1 procs), force-killing PGIDs (attempt 1/5)...
[SIM] gz sim still alive (1 procs), force-killing PGIDs (attempt 2/5)...
[SIM] gz sim still alive (1 procs), force-killing PGIDs (attempt 3/5)...
[SIM] gz sim still alive (1 procs), force-killing PGIDs (attempt 4/5)...
[SIM] gz sim still alive (1 procs), force-killing PGIDs (attempt 5/5)...
[SIM][WARNING] Could not kill all gz sim processes — proceeding anyway
[SIM] Waiting for Gazebo (180s)...
[SIM] Gazebo started successfully
[SIM] robot_state_publisher: running
[SIM] Starting odom relay (odom_real → odom)...
[SIM] Odom relay started
[SIM] Starting scan relay (scan_real → scan)...
[SIM] Scan relay started, verifying /scan topic...
[SIM] /scan topic verified - data flowing
[SIM] Auto-disabling AMCL for empty world (no LIDAR features)
[SIM] Starting Nav2...
[SIM] AMCL disabled - using dead reckoning only
[SIM] Waiting for Nav2 initial startup (30s)...
[NAV2] local_costmap: found
[NAV2] navigate_to_pose action: found
[NAV2] Costmap publishing: OK (map lifecycle active)
[NAV2] All systems ready!
[SIM] Final verification: checking navigate_to_pose action...
[SIM] Nav2 started successfully and action server verified!
[SIM] Starting geofence with method: geofence, params: {}, comm_latency_ms: 0
[SIM] Waiting for geofence (20s)...
[SIM] Geofence started with method: geofence (cmd_vel_guard: False)
[SIM] cmd_vel_guard disabled, starting cmd_vel relay for navigation...
[SIM] Starting cmd_vel relay (cmd_vel_nav → cmd_vel)...
[SIM] cmd_vel relay started
[2026-04-03 23:15:18] [HEALTH] Pre-trial restart (every 1 trials, world=empty.sdf)...
[SIM] Stopping all processes...
[CLEANUP] Starting process cleanup...
[CLEANUP] Complete (killed 0 process groups)
[SIM] All processes stopped
[CLEANUP] Starting process cleanup...
[CLEANUP] Complete (killed 0 process groups)
[DEBUG] restart_with_method called: method=geofence, params={}, world=empty.sdf, guard=False
[SIM] Full restart for method: geofence (world: empty.sdf)
[SIM] Stopping all processes...
[CLEANUP] Starting process cleanup...
[CLEANUP] Complete (killed 0 process groups)
[SIM] All processes stopped
[SIM] Starting Gazebo...
[CLEANUP] Starting process cleanup...
[CLEANUP] Complete (killed 0 process groups)
[SIM] gz sim still alive (1 procs), force-killing PGIDs (attempt 1/5)...
[SIM] gz sim still alive (1 procs), force-killing PGIDs (attempt 2/5)...
[SIM] gz sim still alive (1 procs), force-killing PGIDs (attempt 3/5)...
[SIM] gz sim still alive (1 procs), force-killing PGIDs (attempt 4/5)...
[SIM] gz sim still alive (1 procs), force-killing PGIDs (attempt 5/5)...
[SIM][WARNING] Could not kill all gz sim processes — proceeding anyway
[SIM] Waiting for Gazebo (180s)...
[SIM] Gazebo started successfully
[SIM] robot_state_publisher: running
[SIM] Starting odom relay (odom_real → odom)...
[SIM] Odom relay started
[SIM] Starting scan relay (scan_real → scan)...
[SIM] Scan relay started, verifying /scan topic...
[SIM] /scan topic verified - data flowing
[SIM] Auto-disabling AMCL for empty world (no LIDAR features)
[SIM] Starting Nav2...
[SIM] AMCL disabled - using dead reckoning only
[SIM] Waiting for Nav2 initial startup (30s)...
[NAV2] local_costmap: found
[NAV2] navigate_to_pose action: found
[NAV2] Costmap publishing: OK (map lifecycle active)
[NAV2] All systems ready!
[SIM] Final verification: checking navigate_to_pose action...
[SIM] Nav2 started successfully and action server verified!
[SIM] Starting geofence with method: geofence, params: {}, comm_latency_ms: 0
[SIM] Waiting for geofence (20s)...
[SIM] Geofence started with method: geofence (cmd_vel_guard: False)
[SIM] cmd_vel_guard disabled, starting cmd_vel relay for navigation...
[SIM] Starting cmd_vel relay (cmd_vel_nav → cmd_vel)...
[SIM] cmd_vel relay started
[2026-04-03 23:17:31] [GEOFENCE] Restarting geofence (sigma=0.15, v_max=0.5, tau=0.1, eps=0.003, a_max=1.0)...
[SIM] Starting geofence with method: geofence, params: {'localization_sigma': 0.15, 'v_max': 0.5, 'latency': 0.1, 'epsilon': 0.003, 'a_max': 1.0, 'e_0': 0.03, 'c_1': 0.04, 'enable_estimation_term': True, 'enable_tracking_term': True, 'enable_latency_term': True, 'enable_braking_term': True, 'use_dynamic_v_max': False, 'use_dynamic_tau': False, 'use_dynamic_e_track': False}, comm_latency_ms: 50
[SIM] Waiting for geofence (20s)...
[SIM] Geofence started with method: geofence (cmd_vel_guard: False)
[SIM] cmd_vel_guard disabled, starting cmd_vel relay for navigation...
[SIM] Starting cmd_vel relay (cmd_vel_nav → cmd_vel) (latency=50ms)...
[SIM] cmd_vel relay started (latency=50ms)
[2026-04-03 23:17:59] 
Trial 161/370: S1_geofence_stress_low_decel_s10
[2026-04-03 23:17:59]   Goal: (7.00, 2.75)
[2026-04-03 23:17:59]   Stress: a_max=1.0 m/s² (0.4× nominal), margin=0.637m
[2026-04-03 23:17:59]   Comm latency: 50ms
[2026-04-03 23:17:59] [RESET] Resetting robot pose to origin...
[RESET] Teleporting robot to (0.0, 0.0, θ=0.0)
[RESET] Cancelling any active navigation goals...
[RESET] Stopping robot movement...
[RESET] Waiting for TF to stabilize...
[RESET] AMCL disabled, correcting map→odom TF after teleport...
[RESET] Odom at (-0.00, -0.00, yaw=0.0°), target (0.00, 0.00, yaw=0.0°)
[RESET] TF correction: tx=0.000, ty=-0.000, yaw=-0.0°
[RESET] Static TF republished with yaw correction
[RESET] Robot pose reset complete
[2026-04-03 23:21:30] [GOAL_DEBUG] decision=timeout, reason=Goal timed out after 180s
[2026-04-03 23:21:30]   Result: timeout (FAIL)
[2026-04-03 23:21:30]   Reason: Goal timed out after 180s
[2026-04-03 23:21:30]   Time: 210.7s
[2026-04-03 23:21:30]   Robot moved: False, path_min_dist: 4.00m
[2026-04-03 23:21:30] [HEALTH] Periodic health check...
[2026-04-03 23:21:30] [HEALTH] Load: 2.1, Memory: 16.4%
[NAV2] local_costmap: found
[NAV2] navigate_to_pose action: found
[2026-04-03 23:21:31] [HEALTH] Pre-trial restart (every 1 trials, world=empty.sdf)...
[SIM] Stopping all processes...
[CLEANUP] Starting process cleanup...
[CLEANUP] Complete (killed 1 process groups)
[SIM] All processes stopped
[CLEANUP] Starting process cleanup...
[CLEANUP] Complete (killed 0 process groups)
[DEBUG] restart_with_method called: method=geofence, params={}, world=empty.sdf, guard=False
[SIM] Full restart for method: geofence (world: empty.sdf)
[SIM] Stopping all processes...
[CLEANUP] Starting process cleanup...
[CLEANUP] Complete (killed 0 process groups)
[SIM] All processes stopped
[SIM] Starting Gazebo...
[CLEANUP] Starting process cleanup...
[CLEANUP] Complete (killed 0 process groups)
[SIM] gz sim still alive (1 procs), force-killing PGIDs (attempt 1/5)...
[SIM] gz sim still alive (1 procs), force-killing PGIDs (attempt 2/5)...
[SIM] gz sim still alive (1 procs), force-killing PGIDs (attempt 3/5)...
[SIM] gz sim still alive (1 procs), force-killing PGIDs (attempt 4/5)...
The daemon has been started
The daemon has been started
[SIM] gz sim still alive (1 procs), force-killing PGIDs (attempt 5/5)...
[SIM][WARNING] Could not kill all gz sim processes — proceeding anyway
[SIM] Waiting for Gazebo (180s)...
[SIM] Gazebo started successfully
[SIM] robot_state_publisher: running
[SIM] Starting odom relay (odom_real → odom)...
[SIM] Odom relay started
[SIM] Starting scan relay (scan_real → scan)...
[SIM] Scan relay started, verifying /scan topic...
[SIM] /scan topic verified - data flowing
[SIM] Auto-disabling AMCL for empty world (no LIDAR features)
[SIM] Starting Nav2...
[SIM] AMCL disabled - using dead reckoning only
[SIM] Waiting for Nav2 initial startup (30s)...
[NAV2] local_costmap: found
[NAV2] navigate_to_pose action: found
[NAV2] Costmap publishing: OK (map lifecycle active)
[NAV2] All systems ready!
[SIM] Final verification: checking navigate_to_pose action...
[SIM] Nav2 started successfully and action server verified!
[SIM] Starting geofence with method: geofence, params: {}, comm_latency_ms: 0
[SIM] Waiting for geofence (20s)...
[SIM] Geofence started with method: geofence (cmd_vel_guard: False)
[SIM] cmd_vel_guard disabled, starting cmd_vel relay for navigation...
[SIM] Starting cmd_vel relay (cmd_vel_nav → cmd_vel)...
[SIM] cmd_vel relay started
[2026-04-03 23:23:44] [GEOFENCE] Restarting geofence (sigma=0.15, v_max=0.5, tau=0.1, eps=0.003, a_max=1.0)...
[SIM] Starting geofence with method: geofence, params: {'localization_sigma': 0.15, 'v_max': 0.5, 'latency': 0.1, 'epsilon': 0.003, 'a_max': 1.0, 'e_0': 0.03, 'c_1': 0.04, 'enable_estimation_term': True, 'enable_tracking_term': True, 'enable_latency_term': True, 'enable_braking_term': True, 'use_dynamic_v_max': False, 'use_dynamic_tau': False, 'use_dynamic_e_track': False}, comm_latency_ms: 100
[SIM] Waiting for geofence (20s)...
[SIM] Geofence started with method: geofence (cmd_vel_guard: False)
[SIM] cmd_vel_guard disabled, starting cmd_vel relay for navigation...
[SIM] Starting cmd_vel relay (cmd_vel_nav → cmd_vel) (latency=100ms)...
[SIM] cmd_vel relay started (latency=100ms)
[2026-04-03 23:24:12] 
Trial 162/370: S1_geofence_stress_low_decel_s11
[2026-04-03 23:24:12]   Goal: (7.00, 2.75)
[2026-04-03 23:24:12]   Stress: a_max=1.0 m/s² (0.4× nominal), margin=0.637m
[2026-04-03 23:24:12]   Comm latency: 100ms
[2026-04-03 23:24:12] [RESET] Resetting robot pose to origin...
[RESET] Teleporting robot to (0.0, 0.0, θ=0.0)
[RESET] Cancelling any active navigation goals...
[RESET] Stopping robot movement...
[RESET] Waiting for TF to stabilize...
[RESET] AMCL disabled, correcting map→odom TF after teleport...
[RESET] Odom at (-0.00, -0.00, yaw=0.0°), target (0.00, 0.00, yaw=0.0°)
[RESET] TF correction: tx=0.000, ty=-0.000, yaw=-0.0°
[RESET] Static TF republished with yaw correction
[RESET] Robot pose reset complete
[2026-04-03 23:27:40] [GOAL_DEBUG] decision=timeout, reason=Goal timed out after 180s
[2026-04-03 23:27:40]   Result: timeout (FAIL)
[2026-04-03 23:27:40]   Reason: Goal timed out after 180s
[2026-04-03 23:27:40]   Time: 208.0s
[2026-04-03 23:27:40]   Robot moved: False, path_min_dist: 4.00m
[2026-04-03 23:27:40] [HEALTH] Pre-trial restart (every 1 trials, world=empty.sdf)...
[SIM] Stopping all processes...
[CLEANUP] Starting process cleanup...
[CLEANUP] Complete (killed 1 process groups)
[SIM] All processes stopped
[CLEANUP] Starting process cleanup...
[CLEANUP] Complete (killed 0 process groups)
[DEBUG] restart_with_method called: method=geofence, params={}, world=empty.sdf, guard=False
[SIM] Full restart for method: geofence (world: empty.sdf)
[SIM] Stopping all processes...
[CLEANUP] Starting process cleanup...
[CLEANUP] Complete (killed 0 process groups)
[SIM] All processes stopped
[SIM] Starting Gazebo...
[CLEANUP] Starting process cleanup...
[CLEANUP] Complete (killed 0 process groups)
[SIM] gz sim still alive (1 procs), force-killing PGIDs (attempt 1/5)...
[SIM] gz sim still alive (1 procs), force-killing PGIDs (attempt 2/5)...
[SIM] gz sim still alive (1 procs), force-killing PGIDs (attempt 3/5)...
[SIM] gz sim still alive (1 procs), force-killing PGIDs (attempt 4/5)...
[SIM] gz sim still alive (1 procs), force-killing PGIDs (attempt 5/5)...
[SIM][WARNING] Could not kill all gz sim processes — proceeding anyway
[SIM] Waiting for Gazebo (180s)...
[SIM] Gazebo started successfully
[SIM] robot_state_publisher: running
[SIM] Starting odom relay (odom_real → odom)...
[SIM] Odom relay started
[SIM] Starting scan relay (scan_real → scan)...
[SIM] Scan relay started, verifying /scan topic...
[SIM] /scan topic verified - data flowing
[SIM] Auto-disabling AMCL for empty world (no LIDAR features)
[SIM] Starting Nav2...
[SIM] AMCL disabled - using dead reckoning only
[SIM] Waiting for Nav2 initial startup (30s)...
[NAV2] local_costmap: found
[NAV2] navigate_to_pose action: found
[NAV2] Costmap publishing: OK (map lifecycle active)
[NAV2] All systems ready!
[SIM] Final verification: checking navigate_to_pose action...
[SIM] Nav2 started successfully and action server verified!
[SIM] Starting geofence with method: geofence, params: {}, comm_latency_ms: 0
[SIM] Waiting for geofence (20s)...
[SIM] Geofence started with method: geofence (cmd_vel_guard: False)
[SIM] cmd_vel_guard disabled, starting cmd_vel relay for navigation...
[SIM] Starting cmd_vel relay (cmd_vel_nav → cmd_vel)...
[SIM] cmd_vel relay started
[2026-04-03 23:29:53] [GEOFENCE] Restarting geofence (sigma=0.15, v_max=0.5, tau=0.1, eps=0.003, a_max=1.0)...
[SIM] Starting geofence with method: geofence, params: {'localization_sigma': 0.15, 'v_max': 0.5, 'latency': 0.1, 'epsilon': 0.003, 'a_max': 1.0, 'e_0': 0.03, 'c_1': 0.04, 'enable_estimation_term': True, 'enable_tracking_term': True, 'enable_latency_term': True, 'enable_braking_term': True, 'use_dynamic_v_max': False, 'use_dynamic_tau': False, 'use_dynamic_e_track': False}, comm_latency_ms: 0
[SIM] Waiting for geofence (20s)...
[SIM] Geofence started with method: geofence (cmd_vel_guard: False)
[SIM] cmd_vel_guard disabled, starting cmd_vel relay for navigation...
[SIM] Starting cmd_vel relay (cmd_vel_nav → cmd_vel)...
[SIM] cmd_vel relay started
[2026-04-03 23:30:22] 
Trial 163/370: S1_geofence_stress_low_decel_s12
[2026-04-03 23:30:22]   Goal: (7.00, 2.75)
[2026-04-03 23:30:22]   Stress: a_max=1.0 m/s² (0.4× nominal), margin=0.637m
[2026-04-03 23:30:22] [RESET] Resetting robot pose to origin...
[RESET] Teleporting robot to (0.0, 0.0, θ=0.0)
[RESET] Cancelling any active navigation goals...
[RESET] Stopping robot movement...
[RESET] Waiting for TF to stabilize...
[RESET] AMCL disabled, correcting map→odom TF after teleport...
[RESET] Odom at (-0.00, -0.00, yaw=0.0°), target (0.00, 0.00, yaw=0.0°)
[RESET] TF correction: tx=0.000, ty=-0.000, yaw=-0.0°
[RESET] Static TF republished with yaw correction
[RESET] Robot pose reset complete
[2026-04-03 23:33:45] [GOAL_DEBUG] decision=timeout, reason=Goal timed out after 180s
[2026-04-03 23:33:45]   Result: timeout (FAIL)
[2026-04-03 23:33:45]   Reason: Goal timed out after 180s
[2026-04-03 23:33:45]   Time: 203.3s
[2026-04-03 23:33:45]   Robot moved: False, path_min_dist: 4.00m
[2026-04-03 23:33:45] [HEALTH] Pre-trial restart (every 1 trials, world=empty.sdf)...
[SIM] Stopping all processes...
[CLEANUP] Starting process cleanup...
[CLEANUP] Complete (killed 1 process groups)
[SIM] All processes stopped
[CLEANUP] Starting process cleanup...
[CLEANUP] Complete (killed 0 process groups)
[DEBUG] restart_with_method called: method=geofence, params={}, world=empty.sdf, guard=False
[SIM] Full restart for method: geofence (world: empty.sdf)
[SIM] Stopping all processes...
[CLEANUP] Starting process cleanup...
[CLEANUP] Complete (killed 0 process groups)
[SIM] All processes stopped
[SIM] Starting Gazebo...
[CLEANUP] Starting process cleanup...
[CLEANUP] Complete (killed 0 process groups)
[SIM] gz sim still alive (1 procs), force-killing PGIDs (attempt 1/5)...
[SIM] gz sim still alive (1 procs), force-killing PGIDs (attempt 2/5)...
[SIM] gz sim still alive (1 procs), force-killing PGIDs (attempt 3/5)...
[SIM] gz sim still alive (1 procs), force-killing PGIDs (attempt 4/5)...
The daemon has been started
The daemon has been started
[SIM] gz sim still alive (1 procs), force-killing PGIDs (attempt 5/5)...
[SIM][WARNING] Could not kill all gz sim processes — proceeding anyway
[SIM] Waiting for Gazebo (180s)...
[SIM] Gazebo started successfully
[SIM] robot_state_publisher: running
[SIM] Starting odom relay (odom_real → odom)...
[SIM] Odom relay started
[SIM] Starting scan relay (scan_real → scan)...
[SIM] Scan relay started, verifying /scan topic...
[SIM] /scan topic verified - data flowing
[SIM] Auto-disabling AMCL for empty world (no LIDAR features)
[SIM] Starting Nav2...
[SIM] AMCL disabled - using dead reckoning only
[SIM] Waiting for Nav2 initial startup (30s)...
[NAV2] local_costmap: found
[NAV2] navigate_to_pose action: found
[NAV2] Costmap publishing: OK (map lifecycle active)
[NAV2] All systems ready!
[SIM] Final verification: checking navigate_to_pose action...
[SIM] Nav2 started successfully and action server verified!
[SIM] Starting geofence with method: geofence, params: {}, comm_latency_ms: 0
[SIM] Waiting for geofence (20s)...
[SIM] Geofence started with method: geofence (cmd_vel_guard: False)
[SIM] cmd_vel_guard disabled, starting cmd_vel relay for navigation...
[SIM] Starting cmd_vel relay (cmd_vel_nav → cmd_vel)...
[SIM] cmd_vel relay started
[2026-04-03 23:35:58] [GEOFENCE] Restarting geofence (sigma=0.15, v_max=0.5, tau=0.1, eps=0.003, a_max=1.0)...
[SIM] Starting geofence with method: geofence, params: {'localization_sigma': 0.15, 'v_max': 0.5, 'latency': 0.1, 'epsilon': 0.003, 'a_max': 1.0, 'e_0': 0.03, 'c_1': 0.04, 'enable_estimation_term': True, 'enable_tracking_term': True, 'enable_latency_term': True, 'enable_braking_term': True, 'use_dynamic_v_max': False, 'use_dynamic_tau': False, 'use_dynamic_e_track': False}, comm_latency_ms: 50
[SIM] Waiting for geofence (20s)...
[SIM] Geofence started with method: geofence (cmd_vel_guard: False)
[SIM] cmd_vel_guard disabled, starting cmd_vel relay for navigation...
[SIM] Starting cmd_vel relay (cmd_vel_nav → cmd_vel) (latency=50ms)...
[SIM] cmd_vel relay started (latency=50ms)
[2026-04-03 23:36:26] 
Trial 164/370: S1_geofence_stress_low_decel_s13
[2026-04-03 23:36:26]   Goal: (7.00, 2.75)
[2026-04-03 23:36:26]   Stress: a_max=1.0 m/s² (0.4× nominal), margin=0.637m
[2026-04-03 23:36:26]   Comm latency: 50ms
[2026-04-03 23:36:26] [RESET] Resetting robot pose to origin...
[RESET] Teleporting robot to (0.0, 0.0, θ=0.0)
[RESET] Cancelling any active navigation goals...
[RESET] Stopping robot movement...
[RESET] Waiting for TF to stabilize...
[RESET] AMCL disabled, correcting map→odom TF after teleport...
[RESET] Odom at (-0.00, -0.00, yaw=0.0°), target (0.00, 0.00, yaw=0.0°)
[RESET] TF correction: tx=0.000, ty=-0.000, yaw=-0.0°
[RESET] Static TF republished with yaw correction
[RESET] Robot pose reset complete
[2026-04-03 23:39:56] [GOAL_DEBUG] decision=timeout, reason=Goal timed out after 180s
[2026-04-03 23:39:56]   Result: timeout (FAIL)
[2026-04-03 23:39:56]   Reason: Goal timed out after 180s
[2026-04-03 23:39:56]   Time: 209.8s
[2026-04-03 23:39:56]   Robot moved: False, path_min_dist: 4.00m
[2026-04-03 23:39:56] [HEALTH] Pre-trial restart (every 1 trials, world=empty.sdf)...
[SIM] Stopping all processes...
[CLEANUP] Starting process cleanup...
[CLEANUP] Complete (killed 1 process groups)
[SIM] All processes stopped
[CLEANUP] Starting process cleanup...
[CLEANUP] Complete (killed 0 process groups)
[DEBUG] restart_with_method called: method=geofence, params={}, world=empty.sdf, guard=False
[SIM] Full restart for method: geofence (world: empty.sdf)
[SIM] Stopping all processes...
[CLEANUP] Starting process cleanup...
[CLEANUP] Complete (killed 0 process groups)
[SIM] All processes stopped
[SIM] Starting Gazebo...
[CLEANUP] Starting process cleanup...
[CLEANUP] Complete (killed 0 process groups)
[SIM] gz sim still alive (1 procs), force-killing PGIDs (attempt 1/5)...
[SIM] gz sim still alive (1 procs), force-killing PGIDs (attempt 2/5)...
[SIM] gz sim still alive (1 procs), force-killing PGIDs (attempt 3/5)...
[SIM] gz sim still alive (1 procs), force-killing PGIDs (attempt 4/5)...
[SIM] gz sim still alive (1 procs), force-killing PGIDs (attempt 5/5)...
[SIM][WARNING] Could not kill all gz sim processes — proceeding anyway
[SIM] Waiting for Gazebo (180s)...
[SIM] Gazebo started successfully
[SIM] robot_state_publisher: running
[SIM] Starting odom relay (odom_real → odom)...
[SIM] Odom relay started
[SIM] Starting scan relay (scan_real → scan)...
[SIM] Scan relay started, verifying /scan topic...
[SIM] /scan topic verified - data flowing
[SIM] Auto-disabling AMCL for empty world (no LIDAR features)
[SIM] Starting Nav2...
[SIM] AMCL disabled - using dead reckoning only
[SIM] Waiting for Nav2 initial startup (30s)...
[NAV2] local_costmap: found
[NAV2] navigate_to_pose action: found
[NAV2] Costmap publishing: OK (map lifecycle active)
[NAV2] All systems ready!
[SIM] Final verification: checking navigate_to_pose action...
[SIM] Nav2 started successfully and action server verified!
[SIM] Starting geofence with method: geofence, params: {}, comm_latency_ms: 0
[SIM] Waiting for geofence (20s)...
[SIM] Geofence started with method: geofence (cmd_vel_guard: False)
[SIM] cmd_vel_guard disabled, starting cmd_vel relay for navigation...
[SIM] Starting cmd_vel relay (cmd_vel_nav → cmd_vel)...
[SIM] cmd_vel relay started
[2026-04-03 23:42:09] [GEOFENCE] Restarting geofence (sigma=0.15, v_max=0.5, tau=0.1, eps=0.003, a_max=1.0)...
[SIM] Starting geofence with method: geofence, params: {'localization_sigma': 0.15, 'v_max': 0.5, 'latency': 0.1, 'epsilon': 0.003, 'a_max': 1.0, 'e_0': 0.03, 'c_1': 0.04, 'enable_estimation_term': True, 'enable_tracking_term': True, 'enable_latency_term': True, 'enable_braking_term': True, 'use_dynamic_v_max': False, 'use_dynamic_tau': False, 'use_dynamic_e_track': False}, comm_latency_ms: 100
[SIM] Waiting for geofence (20s)...
[SIM] Geofence started with method: geofence (cmd_vel_guard: False)
[SIM] cmd_vel_guard disabled, starting cmd_vel relay for navigation...
[SIM] Starting cmd_vel relay (cmd_vel_nav → cmd_vel) (latency=100ms)...
[SIM] cmd_vel relay started (latency=100ms)
[2026-04-03 23:42:37] 
Trial 165/370: S1_geofence_stress_low_decel_s14
[2026-04-03 23:42:37]   Goal: (7.00, 2.75)
[2026-04-03 23:42:37]   Stress: a_max=1.0 m/s² (0.4× nominal), margin=0.637m
[2026-04-03 23:42:37]   Comm latency: 100ms
[2026-04-03 23:42:37] [RESET] Resetting robot pose to origin...
[RESET] Teleporting robot to (0.0, 0.0, θ=0.0)
[RESET] Cancelling any active navigation goals...
[RESET] Stopping robot movement...
[RESET] Waiting for TF to stabilize...
[RESET] AMCL disabled, correcting map→odom TF after teleport...
[WARNING] Could not read odom, TF correction skipped
[RESET] Robot pose reset complete
[2026-04-03 23:45:58] [GOAL_DEBUG] decision=timeout, reason=Goal timed out after 180s
[2026-04-03 23:45:58]   Result: timeout (FAIL)
[2026-04-03 23:45:58]   Reason: Goal timed out after 180s
[2026-04-03 23:45:58]   Time: 200.1s
[2026-04-03 23:45:58]   Robot moved: False, path_min_dist: 4.00m
[CHECKPOINT] Saved at trial 165/160
[2026-04-03 23:45:58] [HEALTH] Pre-trial restart (every 1 trials, world=empty.sdf)...
[SIM] Stopping all processes...
[CLEANUP] Starting process cleanup...
[CLEANUP] Complete (killed 0 process groups)
[SIM] All processes stopped
[CLEANUP] Starting process cleanup...
[CLEANUP] Complete (killed 0 process groups)
[DEBUG] restart_with_method called: method=geofence, params={}, world=empty.sdf, guard=False
[SIM] Full restart for method: geofence (world: empty.sdf)
[SIM] Stopping all processes...
[CLEANUP] Starting process cleanup...
[CLEANUP] Complete (killed 0 process groups)
[SIM] All processes stopped
[SIM] Starting Gazebo...
[CLEANUP] Starting process cleanup...
[CLEANUP] Complete (killed 0 process groups)
[SIM] gz sim still alive (1 procs), force-killing PGIDs (attempt 1/5)...
[SIM] gz sim still alive (1 procs), force-killing PGIDs (attempt 2/5)...
[SIM] gz sim still alive (1 procs), force-killing PGIDs (attempt 3/5)...
[SIM] gz sim still alive (1 procs), force-killing PGIDs (attempt 4/5)...
The daemon has been started
The daemon has been started
[SIM] gz sim still alive (1 procs), force-killing PGIDs (attempt 5/5)...
[SIM][WARNING] Could not kill all gz sim processes — proceeding anyway
[SIM] Waiting for Gazebo (180s)...
[SIM] Gazebo started successfully
[SIM] robot_state_publisher: running
[SIM] Starting odom relay (odom_real → odom)...
[SIM] Odom relay started
[SIM] Starting scan relay (scan_real → scan)...
[SIM] Scan relay started, verifying /scan topic...
[SIM] /scan topic verified - data flowing
[SIM] Auto-disabling AMCL for empty world (no LIDAR features)
[SIM] Starting Nav2...
[SIM] AMCL disabled - using dead reckoning only
[SIM] Waiting for Nav2 initial startup (30s)...
[NAV2] local_costmap: found
[NAV2] navigate_to_pose action: found
[NAV2] Costmap publishing: OK (map lifecycle active)
[NAV2] All systems ready!
[SIM] Final verification: checking navigate_to_pose action...
[SIM] Nav2 started successfully and action server verified!
[SIM] Starting geofence with method: geofence, params: {}, comm_latency_ms: 0
[SIM] Waiting for geofence (20s)...
[SIM] Geofence started with method: geofence (cmd_vel_guard: False)
[SIM] cmd_vel_guard disabled, starting cmd_vel relay for navigation...
[SIM] Starting cmd_vel relay (cmd_vel_nav → cmd_vel)...
[SIM] cmd_vel relay started
[2026-04-03 23:48:11] [GEOFENCE] Restarting geofence (sigma=0.15, v_max=0.5, tau=0.1, eps=0.003, a_max=1.0)...
[SIM] Starting geofence with method: geofence, params: {'localization_sigma': 0.15, 'v_max': 0.5, 'latency': 0.1, 'epsilon': 0.003, 'a_max': 1.0, 'e_0': 0.03, 'c_1': 0.04, 'enable_estimation_term': True, 'enable_tracking_term': True, 'enable_latency_term': True, 'enable_braking_term': True, 'use_dynamic_v_max': False, 'use_dynamic_tau': False, 'use_dynamic_e_track': False}, comm_latency_ms: 0
[SIM] Waiting for geofence (20s)...
[SIM] Geofence started with method: geofence (cmd_vel_guard: False)
[SIM] cmd_vel_guard disabled, starting cmd_vel relay for navigation...
[SIM] Starting cmd_vel relay (cmd_vel_nav → cmd_vel)...
[SIM] cmd_vel relay started
[2026-04-03 23:48:39] 
Trial 166/370: S1_geofence_stress_low_decel_s15
[2026-04-03 23:48:39]   Goal: (7.00, 2.75)
[2026-04-03 23:48:39]   Stress: a_max=1.0 m/s² (0.4× nominal), margin=0.637m
[2026-04-03 23:48:39] [RESET] Resetting robot pose to origin...
[RESET] Teleporting robot to (0.0, 0.0, θ=0.0)
[RESET] Cancelling any active navigation goals...
[RESET] Stopping robot movement...
[RESET] Waiting for TF to stabilize...
[RESET] AMCL disabled, correcting map→odom TF after teleport...
[RESET] Odom at (-0.00, -0.00, yaw=0.0°), target (0.00, 0.00, yaw=0.0°)
[RESET] TF correction: tx=0.000, ty=-0.000, yaw=-0.0°
[RESET] Static TF republished with yaw correction
[RESET] Robot pose reset complete
[2026-04-03 23:52:10] [GOAL_DEBUG] decision=timeout, reason=Goal timed out after 180s
[2026-04-03 23:52:10]   Result: timeout (FAIL)
[2026-04-03 23:52:10]   Reason: Goal timed out after 180s
[2026-04-03 23:52:10]   Time: 210.3s
[2026-04-03 23:52:10]   Robot moved: False, path_min_dist: 4.00m
[2026-04-03 23:52:10] [HEALTH] Pre-trial restart (every 1 trials, world=empty.sdf)...
[SIM] Stopping all processes...
[CLEANUP] Starting process cleanup...
[CLEANUP] Complete (killed 1 process groups)
[SIM] All processes stopped
[CLEANUP] Starting process cleanup...
[CLEANUP] Complete (killed 0 process groups)
[DEBUG] restart_with_method called: method=geofence, params={}, world=empty.sdf, guard=False
[SIM] Full restart for method: geofence (world: empty.sdf)
[SIM] Stopping all processes...
[CLEANUP] Starting process cleanup...
[CLEANUP] Complete (killed 0 process groups)
[SIM] All processes stopped
[SIM] Starting Gazebo...
[CLEANUP] Starting process cleanup...
[CLEANUP] Complete (killed 0 process groups)
[SIM] gz sim still alive (1 procs), force-killing PGIDs (attempt 1/5)...
[SIM] gz sim still alive (1 procs), force-killing PGIDs (attempt 2/5)...
[SIM] gz sim still alive (1 procs), force-killing PGIDs (attempt 3/5)...
[SIM] gz sim still alive (1 procs), force-killing PGIDs (attempt 4/5)...
[SIM] gz sim still alive (1 procs), force-killing PGIDs (attempt 5/5)...
[SIM][WARNING] Could not kill all gz sim processes — proceeding anyway
[SIM] Waiting for Gazebo (180s)...
[SIM] Gazebo started successfully
[SIM] robot_state_publisher: running
[SIM] Starting odom relay (odom_real → odom)...
[SIM] Odom relay started
[SIM] Starting scan relay (scan_real → scan)...
[SIM] Scan relay started, verifying /scan topic...
[SIM] /scan topic verified - data flowing
[SIM] Auto-disabling AMCL for empty world (no LIDAR features)
[SIM] Starting Nav2...
[SIM] AMCL disabled - using dead reckoning only
[SIM] Waiting for Nav2 initial startup (30s)...
[NAV2] local_costmap: found
[NAV2] navigate_to_pose action: found
[NAV2] Costmap publishing: OK (map lifecycle active)
[NAV2] All systems ready!
[SIM] Final verification: checking navigate_to_pose action...
[SIM] Nav2 started successfully and action server verified!
[SIM] Starting geofence with method: geofence, params: {}, comm_latency_ms: 0
[SIM] Waiting for geofence (20s)...
[SIM] Geofence started with method: geofence (cmd_vel_guard: False)
[SIM] cmd_vel_guard disabled, starting cmd_vel relay for navigation...
[SIM] Starting cmd_vel relay (cmd_vel_nav → cmd_vel)...
[SIM] cmd_vel relay started
[2026-04-03 23:54:23] [GEOFENCE] Restarting geofence (sigma=0.15, v_max=0.5, tau=0.1, eps=0.003, a_max=1.0)...
[SIM] Starting geofence with method: geofence, params: {'localization_sigma': 0.15, 'v_max': 0.5, 'latency': 0.1, 'epsilon': 0.003, 'a_max': 1.0, 'e_0': 0.03, 'c_1': 0.04, 'enable_estimation_term': True, 'enable_tracking_term': True, 'enable_latency_term': True, 'enable_braking_term': True, 'use_dynamic_v_max': False, 'use_dynamic_tau': False, 'use_dynamic_e_track': False}, comm_latency_ms: 50
[SIM] Waiting for geofence (20s)...
[SIM] Geofence started with method: geofence (cmd_vel_guard: False)
[SIM] cmd_vel_guard disabled, starting cmd_vel relay for navigation...
[SIM] Starting cmd_vel relay (cmd_vel_nav → cmd_vel) (latency=50ms)...
[SIM] cmd_vel relay started (latency=50ms)
[2026-04-03 23:54:51] 
Trial 167/370: S1_geofence_stress_low_decel_s16
[2026-04-03 23:54:51]   Goal: (7.00, 2.75)
[2026-04-03 23:54:51]   Stress: a_max=1.0 m/s² (0.4× nominal), margin=0.637m
[2026-04-03 23:54:51]   Comm latency: 50ms
[2026-04-03 23:54:51] [RESET] Resetting robot pose to origin...
[RESET] Teleporting robot to (0.0, 0.0, θ=0.0)
[RESET] Cancelling any active navigation goals...
[RESET] Stopping robot movement...
[RESET] Waiting for TF to stabilize...
[RESET] AMCL disabled, correcting map→odom TF after teleport...
[RESET] Odom at (-0.00, -0.00, yaw=0.0°), target (0.00, 0.00, yaw=0.0°)
[RESET] TF correction: tx=0.000, ty=-0.000, yaw=-0.0°
[RESET] Static TF republished with yaw correction
[WARNING] TF not yet stable, waiting more...
[RESET] Robot pose reset complete
[2026-04-03 23:58:13] [GOAL_DEBUG] decision=timeout, reason=Goal timed out after 180s
[2026-04-03 23:58:13]   Result: timeout (FAIL)
[2026-04-03 23:58:13]   Reason: Goal timed out after 180s
[2026-04-03 23:58:13]   Time: 201.7s
[2026-04-03 23:58:13]   Robot moved: False, path_min_dist: 4.00m
[2026-04-03 23:58:13] [HEALTH] Pre-trial restart (every 1 trials, world=empty.sdf)...
[SIM] Stopping all processes...
[CLEANUP] Starting process cleanup...
[CLEANUP] Complete (killed 1 process groups)
[SIM] All processes stopped
[CLEANUP] Starting process cleanup...
[CLEANUP] Complete (killed 0 process groups)
[DEBUG] restart_with_method called: method=geofence, params={}, world=empty.sdf, guard=False
[SIM] Full restart for method: geofence (world: empty.sdf)
[SIM] Stopping all processes...
[CLEANUP] Starting process cleanup...
[CLEANUP] Complete (killed 0 process groups)
[SIM] All processes stopped
[SIM] Starting Gazebo...
[CLEANUP] Starting process cleanup...
[CLEANUP] Complete (killed 0 process groups)
[SIM] gz sim still alive (1 procs), force-killing PGIDs (attempt 1/5)...
[SIM] gz sim still alive (1 procs), force-killing PGIDs (attempt 2/5)...
[SIM] gz sim still alive (1 procs), force-killing PGIDs (attempt 3/5)...
[SIM] gz sim still alive (1 procs), force-killing PGIDs (attempt 4/5)...
The daemon has been started
The daemon has been started
[SIM] gz sim still alive (1 procs), force-killing PGIDs (attempt 5/5)...
[SIM][WARNING] Could not kill all gz sim processes — proceeding anyway
[SIM] Waiting for Gazebo (180s)...
[SIM] Gazebo started successfully
[SIM] robot_state_publisher: running
[SIM] Starting odom relay (odom_real → odom)...
[SIM] Odom relay started
[SIM] Starting scan relay (scan_real → scan)...
[SIM] Scan relay started, verifying /scan topic...
[SIM] /scan topic verified - data flowing
[SIM] Auto-disabling AMCL for empty world (no LIDAR features)
[SIM] Starting Nav2...
[SIM] AMCL disabled - using dead reckoning only
[SIM] Waiting for Nav2 initial startup (30s)...
[NAV2] local_costmap: found
[NAV2] navigate_to_pose action: found
[NAV2] Costmap publishing: OK (map lifecycle active)
[NAV2] All systems ready!
[SIM] Final verification: checking navigate_to_pose action...
[SIM] Nav2 started successfully and action server verified!
[SIM] Starting geofence with method: geofence, params: {}, comm_latency_ms: 0
[SIM] Waiting for geofence (20s)...
[SIM] Geofence started with method: geofence (cmd_vel_guard: False)
[SIM] cmd_vel_guard disabled, starting cmd_vel relay for navigation...
[SIM] Starting cmd_vel relay (cmd_vel_nav → cmd_vel)...
[SIM] cmd_vel relay started
[2026-04-04 00:00:26] [GEOFENCE] Restarting geofence (sigma=0.15, v_max=0.5, tau=0.1, eps=0.003, a_max=1.0)...
[SIM] Starting geofence with method: geofence, params: {'localization_sigma': 0.15, 'v_max': 0.5, 'latency': 0.1, 'epsilon': 0.003, 'a_max': 1.0, 'e_0': 0.03, 'c_1': 0.04, 'enable_estimation_term': True, 'enable_tracking_term': True, 'enable_latency_term': True, 'enable_braking_term': True, 'use_dynamic_v_max': False, 'use_dynamic_tau': False, 'use_dynamic_e_track': False}, comm_latency_ms: 100
[SIM] Waiting for geofence (20s)...
[SIM] Geofence started with method: geofence (cmd_vel_guard: False)
[SIM] cmd_vel_guard disabled, starting cmd_vel relay for navigation...
[SIM] Starting cmd_vel relay (cmd_vel_nav → cmd_vel) (latency=100ms)...
[SIM] cmd_vel relay started (latency=100ms)
[2026-04-04 00:00:54] 
Trial 168/370: S1_geofence_stress_low_decel_s17
[2026-04-04 00:00:54]   Goal: (7.00, 2.75)
[2026-04-04 00:00:54]   Stress: a_max=1.0 m/s² (0.4× nominal), margin=0.637m
[2026-04-04 00:00:54]   Comm latency: 100ms
[2026-04-04 00:00:54] [RESET] Resetting robot pose to origin...
[RESET] Teleporting robot to (0.0, 0.0, θ=0.0)
[RESET] Cancelling any active navigation goals...
[RESET] Stopping robot movement...
[RESET] Waiting for TF to stabilize...
[RESET] AMCL disabled, correcting map→odom TF after teleport...
[RESET] Odom at (-0.00, -0.00, yaw=0.0°), target (0.00, 0.00, yaw=0.0°)
[RESET] TF correction: tx=0.000, ty=-0.000, yaw=-0.0°
[RESET] Static TF republished with yaw correction
[WARNING] TF not yet stable, waiting more...
[RESET] Robot pose reset complete
[2026-04-04 00:04:28] [GOAL_DEBUG] decision=timeout, reason=Goal timed out after 180s
[2026-04-04 00:04:28]   Result: timeout (FAIL)
[2026-04-04 00:04:28]   Reason: Goal timed out after 180s
[2026-04-04 00:04:28]   Time: 214.3s
[2026-04-04 00:04:28]   Robot moved: False, path_min_dist: 4.00m
[2026-04-04 00:04:28] [HEALTH] Pre-trial restart (every 1 trials, world=empty.sdf)...
[SIM] Stopping all processes...
[CLEANUP] Starting process cleanup...
[CLEANUP] Complete (killed 1 process groups)
[SIM] All processes stopped
[CLEANUP] Starting process cleanup...
[CLEANUP] Complete (killed 0 process groups)
[DEBUG] restart_with_method called: method=geofence, params={}, world=empty.sdf, guard=False
[SIM] Full restart for method: geofence (world: empty.sdf)
[SIM] Stopping all processes...
[CLEANUP] Starting process cleanup...
[CLEANUP] Complete (killed 0 process groups)
[SIM] All processes stopped
[SIM] Starting Gazebo...
[CLEANUP] Starting process cleanup...
[CLEANUP] Complete (killed 0 process groups)
[SIM] gz sim still alive (1 procs), force-killing PGIDs (attempt 1/5)...
[SIM] gz sim still alive (1 procs), force-killing PGIDs (attempt 2/5)...
[SIM] gz sim still alive (1 procs), force-killing PGIDs (attempt 3/5)...
[SIM] gz sim still alive (1 procs), force-killing PGIDs (attempt 4/5)...
[SIM] gz sim still alive (1 procs), force-killing PGIDs (attempt 5/5)...
[SIM][WARNING] Could not kill all gz sim processes — proceeding anyway
[SIM] Waiting for Gazebo (180s)...
[SIM] Gazebo started successfully
[SIM] robot_state_publisher: running
[SIM] Starting odom relay (odom_real → odom)...
[SIM] Odom relay started
[SIM] Starting scan relay (scan_real → scan)...
[SIM] Scan relay started, verifying /scan topic...
[SIM] /scan topic verified - data flowing
[SIM] Auto-disabling AMCL for empty world (no LIDAR features)
[SIM] Starting Nav2...
[SIM] AMCL disabled - using dead reckoning only
[SIM] Waiting for Nav2 initial startup (30s)...
[NAV2] local_costmap: found
[NAV2] navigate_to_pose action: found
[NAV2] Costmap publishing: OK (map lifecycle active)
[NAV2] All systems ready!
[SIM] Final verification: checking navigate_to_pose action...
[SIM] Nav2 started successfully and action server verified!
[SIM] Starting geofence with method: geofence, params: {}, comm_latency_ms: 0
[SIM] Waiting for geofence (20s)...
[SIM] Geofence started with method: geofence (cmd_vel_guard: False)
[SIM] cmd_vel_guard disabled, starting cmd_vel relay for navigation...
[SIM] Starting cmd_vel relay (cmd_vel_nav → cmd_vel)...
[SIM] cmd_vel relay started
[2026-04-04 00:06:42] [GEOFENCE] Restarting geofence (sigma=0.15, v_max=0.5, tau=0.1, eps=0.003, a_max=1.0)...
[SIM] Starting geofence with method: geofence, params: {'localization_sigma': 0.15, 'v_max': 0.5, 'latency': 0.1, 'epsilon': 0.003, 'a_max': 1.0, 'e_0': 0.03, 'c_1': 0.04, 'enable_estimation_term': True, 'enable_tracking_term': True, 'enable_latency_term': True, 'enable_braking_term': True, 'use_dynamic_v_max': False, 'use_dynamic_tau': False, 'use_dynamic_e_track': False}, comm_latency_ms: 0
[SIM] Waiting for geofence (20s)...
[SIM] Geofence started with method: geofence (cmd_vel_guard: False)
[SIM] cmd_vel_guard disabled, starting cmd_vel relay for navigation...
[SIM] Starting cmd_vel relay (cmd_vel_nav → cmd_vel)...
[SIM] cmd_vel relay started
[2026-04-04 00:07:10] 
Trial 169/370: S1_geofence_stress_low_decel_s18
[2026-04-04 00:07:10]   Goal: (7.00, 2.75)
[2026-04-04 00:07:10]   Stress: a_max=1.0 m/s² (0.4× nominal), margin=0.637m
[2026-04-04 00:07:10] [RESET] Resetting robot pose to origin...
[RESET] Teleporting robot to (0.0, 0.0, θ=0.0)
[RESET] Cancelling any active navigation goals...
[RESET] Stopping robot movement...
[RESET] Waiting for TF to stabilize...
[RESET] AMCL disabled, correcting map→odom TF after teleport...
[RESET] Odom at (-0.00, -0.00, yaw=0.0°), target (0.00, 0.00, yaw=0.0°)
[RESET] TF correction: tx=0.000, ty=-0.000, yaw=-0.0°
[RESET] Static TF republished with yaw correction
[RESET] Robot pose reset complete
[2026-04-04 00:10:44] [GOAL_DEBUG] decision=timeout, reason=Goal timed out after 180s
[2026-04-04 00:10:44]   Result: timeout (FAIL)
[2026-04-04 00:10:44]   Reason: Goal timed out after 180s
[2026-04-04 00:10:44]   Time: 213.7s
[2026-04-04 00:10:44]   Robot moved: False, path_min_dist: 4.00m
[2026-04-04 00:10:44] [HEALTH] Pre-trial restart (every 1 trials, world=empty.sdf)...
[SIM] Stopping all processes...
[CLEANUP] Starting process cleanup...
[CLEANUP] Complete (killed 1 process groups)
[SIM] All processes stopped
[CLEANUP] Starting process cleanup...
[CLEANUP] Complete (killed 0 process groups)
[DEBUG] restart_with_method called: method=geofence, params={}, world=empty.sdf, guard=False
[SIM] Full restart for method: geofence (world: empty.sdf)
[SIM] Stopping all processes...
[CLEANUP] Starting process cleanup...
[CLEANUP] Complete (killed 0 process groups)
[SIM] All processes stopped
[SIM] Starting Gazebo...
[CLEANUP] Starting process cleanup...
[CLEANUP] Complete (killed 0 process groups)
[SIM] gz sim still alive (1 procs), force-killing PGIDs (attempt 1/5)...
[SIM] gz sim still alive (1 procs), force-killing PGIDs (attempt 2/5)...
[SIM] gz sim still alive (1 procs), force-killing PGIDs (attempt 3/5)...
[SIM] gz sim still alive (1 procs), force-killing PGIDs (attempt 4/5)...
The daemon has been started
The daemon has been started
[SIM] gz sim still alive (1 procs), force-killing PGIDs (attempt 5/5)...
[SIM][WARNING] Could not kill all gz sim processes — proceeding anyway
[SIM] Waiting for Gazebo (180s)...
[SIM] Gazebo started successfully
[SIM] robot_state_publisher: running
[SIM] Starting odom relay (odom_real → odom)...
[SIM] Odom relay started
[SIM] Starting scan relay (scan_real → scan)...
[SIM] Scan relay started, verifying /scan topic...
[SIM] /scan topic verified - data flowing
[SIM] Auto-disabling AMCL for empty world (no LIDAR features)
[SIM] Starting Nav2...
[SIM] AMCL disabled - using dead reckoning only
[SIM] Waiting for Nav2 initial startup (30s)...
[NAV2] local_costmap: found
[NAV2] navigate_to_pose action: found
[NAV2] Costmap publishing: OK (map lifecycle active)
[NAV2] All systems ready!
[SIM] Final verification: checking navigate_to_pose action...
[SIM] Nav2 started successfully and action server verified!
[SIM] Starting geofence with method: geofence, params: {}, comm_latency_ms: 0
[SIM] Waiting for geofence (20s)...
[SIM] Geofence started with method: geofence (cmd_vel_guard: False)
[SIM] cmd_vel_guard disabled, starting cmd_vel relay for navigation...
[SIM] Starting cmd_vel relay (cmd_vel_nav → cmd_vel)...
[SIM] cmd_vel relay started
[2026-04-04 00:12:58] [GEOFENCE] Restarting geofence (sigma=0.15, v_max=0.5, tau=0.1, eps=0.003, a_max=1.0)...
[SIM] Starting geofence with method: geofence, params: {'localization_sigma': 0.15, 'v_max': 0.5, 'latency': 0.1, 'epsilon': 0.003, 'a_max': 1.0, 'e_0': 0.03, 'c_1': 0.04, 'enable_estimation_term': True, 'enable_tracking_term': True, 'enable_latency_term': True, 'enable_braking_term': True, 'use_dynamic_v_max': False, 'use_dynamic_tau': False, 'use_dynamic_e_track': False}, comm_latency_ms: 50
[SIM] Waiting for geofence (20s)...
[SIM] Geofence started with method: geofence (cmd_vel_guard: False)
[SIM] cmd_vel_guard disabled, starting cmd_vel relay for navigation...
[SIM] Starting cmd_vel relay (cmd_vel_nav → cmd_vel) (latency=50ms)...
[SIM] cmd_vel relay started (latency=50ms)
[2026-04-04 00:13:27] 
Trial 170/370: S1_geofence_stress_low_decel_s19
[2026-04-04 00:13:27]   Goal: (7.00, 2.75)
[2026-04-04 00:13:27]   Stress: a_max=1.0 m/s² (0.4× nominal), margin=0.637m
[2026-04-04 00:13:27]   Comm latency: 50ms
[2026-04-04 00:13:27] [RESET] Resetting robot pose to origin...
[RESET] Teleporting robot to (0.0, 0.0, θ=0.0)
[RESET] Cancelling any active navigation goals...
[RESET] Stopping robot movement...
[RESET] Waiting for TF to stabilize...
[RESET] AMCL disabled, correcting map→odom TF after teleport...
[RESET] Odom at (-0.00, -0.00, yaw=0.0°), target (0.00, 0.00, yaw=0.0°)
[RESET] TF correction: tx=0.000, ty=-0.000, yaw=-0.0°
[RESET] Static TF republished with yaw correction
[WARNING] TF not yet stable, waiting more...
[RESET] Robot pose reset complete
[2026-04-04 00:16:59] [GOAL_DEBUG] decision=timeout, reason=Goal timed out after 180s
[2026-04-04 00:16:59]   Result: timeout (FAIL)
[2026-04-04 00:16:59]   Reason: Goal timed out after 180s
[2026-04-04 00:16:59]   Time: 212.7s
[2026-04-04 00:16:59]   Robot moved: False, path_min_dist: 4.00m
[CHECKPOINT] Saved at trial 170/160
[2026-04-04 00:16:59] [HEALTH] Pre-trial restart (every 1 trials, world=empty.sdf)...
[SIM] Stopping all processes...
[CLEANUP] Starting process cleanup...
[CLEANUP] Complete (killed 1 process groups)
[SIM] All processes stopped
[CLEANUP] Starting process cleanup...
[CLEANUP] Complete (killed 0 process groups)
[DEBUG] restart_with_method called: method=geofence, params={}, world=empty.sdf, guard=False
[SIM] Full restart for method: geofence (world: empty.sdf)
[SIM] Stopping all processes...
[CLEANUP] Starting process cleanup...
[CLEANUP] Complete (killed 0 process groups)
[SIM] All processes stopped
[SIM] Starting Gazebo...
[CLEANUP] Starting process cleanup...
[CLEANUP] Complete (killed 0 process groups)
[SIM] gz sim still alive (1 procs), force-killing PGIDs (attempt 1/5)...
[SIM] gz sim still alive (1 procs), force-killing PGIDs (attempt 2/5)...
[SIM] gz sim still alive (1 procs), force-killing PGIDs (attempt 3/5)...
[SIM] gz sim still alive (1 procs), force-killing PGIDs (attempt 4/5)...
[SIM] gz sim still alive (1 procs), force-killing PGIDs (attempt 5/5)...
[SIM][WARNING] Could not kill all gz sim processes — proceeding anyway
[SIM] Waiting for Gazebo (180s)...
[SIM] Gazebo started successfully
[SIM] robot_state_publisher: running
[SIM] Starting odom relay (odom_real → odom)...
[SIM] Odom relay started
[SIM] Starting scan relay (scan_real → scan)...
[SIM] Scan relay started, verifying /scan topic...
[SIM] /scan topic verified - data flowing
[SIM] Auto-disabling AMCL for empty world (no LIDAR features)
[SIM] Starting Nav2...
[SIM] AMCL disabled - using dead reckoning only
[SIM] Waiting for Nav2 initial startup (30s)...
[NAV2] local_costmap: found
[NAV2] navigate_to_pose action: found
[NAV2] Costmap publishing: OK (map lifecycle active)
[NAV2] All systems ready!
[SIM] Final verification: checking navigate_to_pose action...
[SIM] Nav2 started successfully and action server verified!
[SIM] Starting geofence with method: geofence, params: {}, comm_latency_ms: 0
[SIM] Waiting for geofence (20s)...
[SIM] Geofence started with method: geofence (cmd_vel_guard: False)
[SIM] cmd_vel_guard disabled, starting cmd_vel relay for navigation...
[SIM] Starting cmd_vel relay (cmd_vel_nav → cmd_vel)...
[SIM] cmd_vel relay started
[2026-04-04 00:19:13] [GEOFENCE] Restarting geofence (sigma=0.15, v_max=0.5, tau=0.1, eps=0.003, a_max=2.5)...
[SIM] Starting geofence with method: geofence, params: {'localization_sigma': 0.15, 'v_max': 0.5, 'latency': 0.1, 'epsilon': 0.003, 'a_max': 2.5, 'e_0': 0.03, 'c_1': 0.04, 'enable_estimation_term': False, 'enable_tracking_term': True, 'enable_latency_term': True, 'enable_braking_term': True, 'use_dynamic_v_max': False, 'use_dynamic_tau': False, 'use_dynamic_e_track': False}, comm_latency_ms: 50
[SIM] Waiting for geofence (20s)...
[SIM] Geofence started with method: geofence (cmd_vel_guard: False)
[SIM] cmd_vel_guard disabled, starting cmd_vel relay for navigation...
[SIM] Starting cmd_vel relay (cmd_vel_nav → cmd_vel) (latency=50ms)...
[SIM] cmd_vel relay started (latency=50ms)
[2026-04-04 00:19:41] 
Trial 171/370: S1_geofence_ablation_no_estimation_s10
[2026-04-04 00:19:41]   Goal: (7.00, 2.75)
[2026-04-04 00:19:41]   Ablation: no_estimation, margin=0.150m
[2026-04-04 00:19:41]   Comm latency: 50ms
[2026-04-04 00:19:41] [RESET] Resetting robot pose to origin...
[RESET] Teleporting robot to (0.0, 0.0, θ=0.0)
[RESET] Cancelling any active navigation goals...
[RESET] Stopping robot movement...
[RESET] Waiting for TF to stabilize...
[RESET] AMCL disabled, correcting map→odom TF after teleport...
[RESET] Odom at (-0.00, -0.00, yaw=0.0°), target (0.00, 0.00, yaw=0.0°)
[RESET] TF correction: tx=0.000, ty=-0.000, yaw=-0.0°
[RESET] Static TF republished with yaw correction
[RESET] Robot pose reset complete
[2026-04-04 00:23:02] [GOAL_DEBUG] decision=timeout, reason=Goal timed out after 180s
[2026-04-04 00:23:02]   Result: timeout (FAIL)
[2026-04-04 00:23:02]   Reason: Goal timed out after 180s
[2026-04-04 00:23:02]   Time: 201.5s
[2026-04-04 00:23:02]   Robot moved: False, path_min_dist: 4.00m
[2026-04-04 00:23:02] [HEALTH] Periodic health check...
[2026-04-04 00:23:02] [HEALTH] Load: 2.6, Memory: 16.2%
[NAV2] local_costmap: found
[NAV2] navigate_to_pose action: found
[2026-04-04 00:23:03] [HEALTH] Pre-trial restart (every 1 trials, world=empty.sdf)...
[SIM] Stopping all processes...
[CLEANUP] Starting process cleanup...
[CLEANUP] Complete (killed 1 process groups)
[SIM] All processes stopped
[CLEANUP] Starting process cleanup...
[CLEANUP] Complete (killed 0 process groups)
[DEBUG] restart_with_method called: method=geofence, params={}, world=empty.sdf, guard=False
[SIM] Full restart for method: geofence (world: empty.sdf)
[SIM] Stopping all processes...
[CLEANUP] Starting process cleanup...
[CLEANUP] Complete (killed 0 process groups)
[SIM] All processes stopped
[SIM] Starting Gazebo...
[CLEANUP] Starting process cleanup...
[CLEANUP] Complete (killed 0 process groups)
The daemon has been started
The daemon has been started
[SIM] gz sim still alive (1 procs), force-killing PGIDs (attempt 1/5)...
[SIM] gz sim still alive (1 procs), force-killing PGIDs (attempt 2/5)...
[SIM] gz sim still alive (1 procs), force-killing PGIDs (attempt 3/5)...
[SIM] gz sim still alive (1 procs), force-killing PGIDs (attempt 4/5)...
[SIM] gz sim still alive (1 procs), force-killing PGIDs (attempt 5/5)...
[SIM][WARNING] Could not kill all gz sim processes — proceeding anyway
[SIM] Waiting for Gazebo (180s)...
[SIM] Gazebo started successfully
[SIM] robot_state_publisher: running
[SIM] Starting odom relay (odom_real → odom)...
[SIM] Odom relay started
[SIM] Starting scan relay (scan_real → scan)...
[SIM] Scan relay started, verifying /scan topic...
[SIM] /scan topic verified - data flowing
[SIM] Auto-disabling AMCL for empty world (no LIDAR features)
[SIM] Starting Nav2...
[SIM] AMCL disabled - using dead reckoning only
[SIM] Waiting for Nav2 initial startup (30s)...
[NAV2] local_costmap: found
[NAV2] navigate_to_pose action: NOT found
[NAV2] Waiting for Nav2 to be ready... (23s)
[NAV2] Waiting for Nav2 to be ready... (29s)
[NAV2] Waiting for Nav2 to be ready... (35s)
[NAV2] Waiting for Nav2 to be ready... (40s)
[NAV2] Waiting for Nav2 to be ready... (46s)
[NAV2] Waiting for Nav2 to be ready... (52s)
[NAV2] Waiting for Nav2 to be ready... (58s)
[NAV2] Timeout waiting for Nav2 to be ready
[NAV2] Auto-activation timed out, trying manual lifecycle activation...
[NAV2] /bt_navigator lifecycle not active: unconfigured [1]
[NAV2] Functional verification attempt 1/2 failed, retrying in 5s...
[NAV2] /bt_navigator lifecycle not active: unconfigured [1]
[NAV2] Attempting manual lifecycle activation...
[NAV2] /bt_navigator is unconfigured, attempting configure...
[NAV2] /bt_navigator attempting activate...
[NAV2] /bt_navigator manually activated successfully
[NAV2] Manual lifecycle activation successful, action server responding
[NAV2] Manual activation succeeded!
[SIM] Final verification: checking navigate_to_pose action...
[SIM] Nav2 started successfully and action server verified!
[SIM] Starting geofence with method: geofence, params: {}, comm_latency_ms: 0
[SIM] Waiting for geofence (20s)...
[SIM] Geofence started with method: geofence (cmd_vel_guard: False)
[SIM] cmd_vel_guard disabled, starting cmd_vel relay for navigation...
[SIM] Starting cmd_vel relay (cmd_vel_nav → cmd_vel)...
[SIM] cmd_vel relay started
[2026-04-04 00:26:57] [GEOFENCE] Restarting geofence (sigma=0.15, v_max=0.5, tau=0.1, eps=0.003, a_max=2.5)...
[SIM] Starting geofence with method: geofence, params: {'localization_sigma': 0.15, 'v_max': 0.5, 'latency': 0.1, 'epsilon': 0.003, 'a_max': 2.5, 'e_0': 0.03, 'c_1': 0.04, 'enable_estimation_term': False, 'enable_tracking_term': True, 'enable_latency_term': True, 'enable_braking_term': True, 'use_dynamic_v_max': False, 'use_dynamic_tau': False, 'use_dynamic_e_track': False}, comm_latency_ms: 100
[SIM] Waiting for geofence (20s)...
[SIM] Geofence started with method: geofence (cmd_vel_guard: False)
[SIM] cmd_vel_guard disabled, starting cmd_vel relay for navigation...
[SIM] Starting cmd_vel relay (cmd_vel_nav → cmd_vel) (latency=100ms)...
[SIM] cmd_vel relay started (latency=100ms)
[2026-04-04 00:27:25] 
Trial 172/370: S1_geofence_ablation_no_estimation_s11
[2026-04-04 00:27:25]   Goal: (7.00, 2.75)
[2026-04-04 00:27:25]   Ablation: no_estimation, margin=0.150m
[2026-04-04 00:27:25]   Comm latency: 100ms
[2026-04-04 00:27:25] [RESET] Resetting robot pose to origin...
[RESET] Teleporting robot to (0.0, 0.0, θ=0.0)
[RESET] Cancelling any active navigation goals...
[RESET] Stopping robot movement...
[RESET] Waiting for TF to stabilize...
[RESET] AMCL disabled, correcting map→odom TF after teleport...
[RESET] Odom at (-0.00, -0.00, yaw=0.0°), target (0.00, 0.00, yaw=0.0°)
[RESET] TF correction: tx=0.000, ty=-0.000, yaw=-0.0°
[RESET] Static TF republished with yaw correction
[RESET] Robot pose reset complete
[2026-04-04 00:30:45] [GOAL_DEBUG] decision=timeout, reason=Goal timed out after 180s
[2026-04-04 00:30:45]   Result: timeout (FAIL)
[2026-04-04 00:30:45]   Reason: Goal timed out after 180s
[2026-04-04 00:30:45]   Time: 199.4s
[2026-04-04 00:30:45]   Robot moved: False, path_min_dist: 4.00m
[2026-04-04 00:30:45] [HEALTH] Pre-trial restart (every 1 trials, world=empty.sdf)...
[SIM] Stopping all processes...
[CLEANUP] Starting process cleanup...
[CLEANUP] Complete (killed 1 process groups)
[SIM] All processes stopped
[CLEANUP] Starting process cleanup...
[CLEANUP] Complete (killed 0 process groups)
[DEBUG] restart_with_method called: method=geofence, params={}, world=empty.sdf, guard=False
[SIM] Full restart for method: geofence (world: empty.sdf)
[SIM] Stopping all processes...
[CLEANUP] Starting process cleanup...
[CLEANUP] Complete (killed 0 process groups)
[SIM] All processes stopped
[SIM] Starting Gazebo...
[CLEANUP] Starting process cleanup...
[CLEANUP] Complete (killed 0 process groups)
[SIM] gz sim still alive (1 procs), force-killing PGIDs (attempt 1/5)...
[SIM] gz sim still alive (1 procs), force-killing PGIDs (attempt 2/5)...
[SIM] gz sim still alive (1 procs), force-killing PGIDs (attempt 3/5)...
[SIM] gz sim still alive (1 procs), force-killing PGIDs (attempt 4/5)...
[SIM] gz sim still alive (1 procs), force-killing PGIDs (attempt 5/5)...
[SIM][WARNING] Could not kill all gz sim processes — proceeding anyway
[SIM] Waiting for Gazebo (180s)...
[SIM] Gazebo started successfully
[SIM] robot_state_publisher: running
[SIM] Starting odom relay (odom_real → odom)...
[SIM] Odom relay started
[SIM] Starting scan relay (scan_real → scan)...
[SIM] Scan relay started, verifying /scan topic...
[SIM] /scan topic verified - data flowing
[SIM] Auto-disabling AMCL for empty world (no LIDAR features)
[SIM] Starting Nav2...
[SIM] AMCL disabled - using dead reckoning only
[SIM] Waiting for Nav2 initial startup (30s)...
[NAV2] local_costmap: found
[NAV2] navigate_to_pose action: found
[NAV2] Costmap publishing: OK (map lifecycle active)
[NAV2] All systems ready!
[SIM] Final verification: checking navigate_to_pose action...
[SIM] Nav2 started successfully and action server verified!
[SIM] Starting geofence with method: geofence, params: {}, comm_latency_ms: 0
[SIM] Waiting for geofence (20s)...
[SIM] Geofence started with method: geofence (cmd_vel_guard: False)
[SIM] cmd_vel_guard disabled, starting cmd_vel relay for navigation...
[SIM] Starting cmd_vel relay (cmd_vel_nav → cmd_vel)...
[SIM] cmd_vel relay started
[2026-04-04 00:32:58] [GEOFENCE] Restarting geofence (sigma=0.15, v_max=0.5, tau=0.1, eps=0.003, a_max=2.5)...
[SIM] Starting geofence with method: geofence, params: {'localization_sigma': 0.15, 'v_max': 0.5, 'latency': 0.1, 'epsilon': 0.003, 'a_max': 2.5, 'e_0': 0.03, 'c_1': 0.04, 'enable_estimation_term': False, 'enable_tracking_term': True, 'enable_latency_term': True, 'enable_braking_term': True, 'use_dynamic_v_max': False, 'use_dynamic_tau': False, 'use_dynamic_e_track': False}, comm_latency_ms: 0
[SIM] Waiting for geofence (20s)...
[SIM] Geofence started with method: geofence (cmd_vel_guard: False)
[SIM] cmd_vel_guard disabled, starting cmd_vel relay for navigation...
[SIM] Starting cmd_vel relay (cmd_vel_nav → cmd_vel)...
[SIM] cmd_vel relay started
[2026-04-04 00:33:26] 
Trial 173/370: S1_geofence_ablation_no_estimation_s12
[2026-04-04 00:33:26]   Goal: (7.00, 2.75)
[2026-04-04 00:33:26]   Ablation: no_estimation, margin=0.150m
[2026-04-04 00:33:26] [RESET] Resetting robot pose to origin...
[RESET] Teleporting robot to (0.0, 0.0, θ=0.0)
[RESET] Cancelling any active navigation goals...
[RESET] Stopping robot movement...
[RESET] Waiting for TF to stabilize...
[RESET] AMCL disabled, correcting map→odom TF after teleport...
[RESET] Odom at (-0.00, -0.00, yaw=0.0°), target (0.00, 0.00, yaw=0.0°)
[RESET] TF correction: tx=0.000, ty=-0.000, yaw=-0.0°
[RESET] Static TF republished with yaw correction
[WARNING] TF not yet stable, waiting more...
[RESET] Robot pose reset complete
[2026-04-04 00:36:48] [GOAL_DEBUG] decision=timeout, reason=Goal timed out after 180s
[2026-04-04 00:36:48]   Result: timeout (FAIL)
The daemon has been started
The daemon has been started
[2026-04-04 00:36:48]   Reason: Goal timed out after 180s
[2026-04-04 00:36:48]   Time: 201.6s
[2026-04-04 00:36:48]   Robot moved: False, path_min_dist: 4.00m
[2026-04-04 00:36:48] [HEALTH] Pre-trial restart (every 1 trials, world=empty.sdf)...
[SIM] Stopping all processes...
[CLEANUP] Starting process cleanup...
[CLEANUP] Complete (killed 1 process groups)
[SIM] All processes stopped
[CLEANUP] Starting process cleanup...
[CLEANUP] Complete (killed 0 process groups)
[DEBUG] restart_with_method called: method=geofence, params={}, world=empty.sdf, guard=False
[SIM] Full restart for method: geofence (world: empty.sdf)
[SIM] Stopping all processes...
[CLEANUP] Starting process cleanup...
[CLEANUP] Complete (killed 0 process groups)
[SIM] All processes stopped
[SIM] Starting Gazebo...
[CLEANUP] Starting process cleanup...
[CLEANUP] Complete (killed 0 process groups)
[SIM] gz sim still alive (1 procs), force-killing PGIDs (attempt 1/5)...
[SIM] gz sim still alive (1 procs), force-killing PGIDs (attempt 2/5)...
[SIM] gz sim still alive (1 procs), force-killing PGIDs (attempt 3/5)...
[SIM] gz sim still alive (1 procs), force-killing PGIDs (attempt 4/5)...
[SIM] gz sim still alive (1 procs), force-killing PGIDs (attempt 5/5)...
[SIM][WARNING] Could not kill all gz sim processes — proceeding anyway
[SIM] Waiting for Gazebo (180s)...
[SIM] Gazebo started successfully
[SIM] robot_state_publisher: running
[SIM] Starting odom relay (odom_real → odom)...
[SIM] Odom relay started
[SIM] Starting scan relay (scan_real → scan)...
[SIM] Scan relay started, verifying /scan topic...
[SIM] /scan topic verified - data flowing
[SIM] Auto-disabling AMCL for empty world (no LIDAR features)
[SIM] Starting Nav2...
[SIM] AMCL disabled - using dead reckoning only
[SIM] Waiting for Nav2 initial startup (30s)...
[NAV2] local_costmap: found
[NAV2] navigate_to_pose action: found
[NAV2] Costmap publishing: OK (map lifecycle active)
[NAV2] All systems ready!
[SIM] Final verification: checking navigate_to_pose action...
[SIM] Nav2 started successfully and action server verified!
[SIM] Starting geofence with method: geofence, params: {}, comm_latency_ms: 0
[SIM] Waiting for geofence (20s)...
[SIM] Geofence started with method: geofence (cmd_vel_guard: False)
[SIM] cmd_vel_guard disabled, starting cmd_vel relay for navigation...
[SIM] Starting cmd_vel relay (cmd_vel_nav → cmd_vel)...
[SIM] cmd_vel relay started
[2026-04-04 00:39:01] [GEOFENCE] Restarting geofence (sigma=0.15, v_max=0.5, tau=0.1, eps=0.003, a_max=2.5)...
[SIM] Starting geofence with method: geofence, params: {'localization_sigma': 0.15, 'v_max': 0.5, 'latency': 0.1, 'epsilon': 0.003, 'a_max': 2.5, 'e_0': 0.03, 'c_1': 0.04, 'enable_estimation_term': False, 'enable_tracking_term': True, 'enable_latency_term': True, 'enable_braking_term': True, 'use_dynamic_v_max': False, 'use_dynamic_tau': False, 'use_dynamic_e_track': False}, comm_latency_ms: 50
[SIM] Waiting for geofence (20s)...
[SIM] Geofence started with method: geofence (cmd_vel_guard: False)
[SIM] cmd_vel_guard disabled, starting cmd_vel relay for navigation...
[SIM] Starting cmd_vel relay (cmd_vel_nav → cmd_vel) (latency=50ms)...
[SIM] cmd_vel relay started (latency=50ms)
[2026-04-04 00:39:30] 
Trial 174/370: S1_geofence_ablation_no_estimation_s13
[2026-04-04 00:39:30]   Goal: (7.00, 2.75)
[2026-04-04 00:39:30]   Ablation: no_estimation, margin=0.150m
[2026-04-04 00:39:30]   Comm latency: 50ms
[2026-04-04 00:39:30] [RESET] Resetting robot pose to origin...
[RESET] Teleporting robot to (0.0, 0.0, θ=0.0)
[RESET] Cancelling any active navigation goals...
[RESET] Stopping robot movement...
[RESET] Waiting for TF to stabilize...
[RESET] AMCL disabled, correcting map→odom TF after teleport...
[WARNING] Could not read odom, TF correction skipped
[RESET] Robot pose reset complete
[2026-04-04 00:42:49] [GOAL_DEBUG] decision=timeout, reason=Goal timed out after 180s
[2026-04-04 00:42:49]   Result: timeout (FAIL)
[2026-04-04 00:42:49]   Reason: Goal timed out after 180s
[2026-04-04 00:42:49]   Time: 199.0s
[2026-04-04 00:42:49]   Robot moved: False, path_min_dist: 4.00m
[2026-04-04 00:42:49] [HEALTH] Pre-trial restart (every 1 trials, world=empty.sdf)...
[SIM] Stopping all processes...
[CLEANUP] Starting process cleanup...
[CLEANUP] Complete (killed 0 process groups)
[SIM] All processes stopped
[CLEANUP] Starting process cleanup...
[CLEANUP] Complete (killed 0 process groups)
[DEBUG] restart_with_method called: method=geofence, params={}, world=empty.sdf, guard=False
[SIM] Full restart for method: geofence (world: empty.sdf)
[SIM] Stopping all processes...
[CLEANUP] Starting process cleanup...
[CLEANUP] Complete (killed 0 process groups)
[SIM] All processes stopped
[SIM] Starting Gazebo...
[CLEANUP] Starting process cleanup...
[CLEANUP] Complete (killed 0 process groups)
[SIM] gz sim still alive (1 procs), force-killing PGIDs (attempt 1/5)...
[SIM] gz sim still alive (1 procs), force-killing PGIDs (attempt 2/5)...
[SIM] gz sim still alive (1 procs), force-killing PGIDs (attempt 3/5)...
[SIM] gz sim still alive (1 procs), force-killing PGIDs (attempt 4/5)...
[SIM] gz sim still alive (1 procs), force-killing PGIDs (attempt 5/5)...
[SIM][WARNING] Could not kill all gz sim processes — proceeding anyway
[SIM] Waiting for Gazebo (180s)...
[SIM] Gazebo started successfully
[SIM] robot_state_publisher: running
[SIM] Starting odom relay (odom_real → odom)...
[SIM] Odom relay started
[SIM] Starting scan relay (scan_real → scan)...
[SIM] Scan relay started, verifying /scan topic...
[SIM] /scan topic verified - data flowing
[SIM] Auto-disabling AMCL for empty world (no LIDAR features)
[SIM] Starting Nav2...
[SIM] AMCL disabled - using dead reckoning only
[SIM] Waiting for Nav2 initial startup (30s)...
[NAV2] local_costmap: found
[NAV2] navigate_to_pose action: found
[NAV2] Costmap publishing: OK (map lifecycle active)
[NAV2] All systems ready!
[SIM] Final verification: checking navigate_to_pose action...
[SIM] Nav2 started successfully and action server verified!
[SIM] Starting geofence with method: geofence, params: {}, comm_latency_ms: 0
[SIM] Waiting for geofence (20s)...
[SIM] Geofence started with method: geofence (cmd_vel_guard: False)
[SIM] cmd_vel_guard disabled, starting cmd_vel relay for navigation...
[SIM] Starting cmd_vel relay (cmd_vel_nav → cmd_vel)...
[SIM] cmd_vel relay started
[2026-04-04 00:45:02] [GEOFENCE] Restarting geofence (sigma=0.15, v_max=0.5, tau=0.1, eps=0.003, a_max=2.5)...
[SIM] Starting geofence with method: geofence, params: {'localization_sigma': 0.15, 'v_max': 0.5, 'latency': 0.1, 'epsilon': 0.003, 'a_max': 2.5, 'e_0': 0.03, 'c_1': 0.04, 'enable_estimation_term': False, 'enable_tracking_term': True, 'enable_latency_term': True, 'enable_braking_term': True, 'use_dynamic_v_max': False, 'use_dynamic_tau': False, 'use_dynamic_e_track': False}, comm_latency_ms: 100
[SIM] Waiting for geofence (20s)...
[SIM] Geofence started with method: geofence (cmd_vel_guard: False)
[SIM] cmd_vel_guard disabled, starting cmd_vel relay for navigation...
[SIM] Starting cmd_vel relay (cmd_vel_nav → cmd_vel) (latency=100ms)...
[SIM] cmd_vel relay started (latency=100ms)
[2026-04-04 00:45:30] 
Trial 175/370: S1_geofence_ablation_no_estimation_s14
[2026-04-04 00:45:30]   Goal: (7.00, 2.75)
[2026-04-04 00:45:30]   Ablation: no_estimation, margin=0.150m
[2026-04-04 00:45:30]   Comm latency: 100ms
[2026-04-04 00:45:30] [RESET] Resetting robot pose to origin...
[RESET] Teleporting robot to (0.0, 0.0, θ=0.0)
[RESET] Cancelling any active navigation goals...
[RESET] Stopping robot movement...
[RESET] Waiting for TF to stabilize...
[RESET] AMCL disabled, correcting map→odom TF after teleport...
[RESET] Odom at (-0.00, -0.00, yaw=0.0°), target (0.00, 0.00, yaw=0.0°)
[RESET] TF correction: tx=0.000, ty=-0.000, yaw=-0.0°
[RESET] Static TF republished with yaw correction
[RESET] Robot pose reset complete
[2026-04-04 00:49:01] [GOAL_DEBUG] decision=timeout, reason=Goal timed out after 180s
[2026-04-04 00:49:01]   Result: timeout (FAIL)
[2026-04-04 00:49:01]   Reason: Goal timed out after 180s
[2026-04-04 00:49:01]   Time: 210.6s
The daemon has been started
The daemon has been started
[2026-04-04 00:49:01]   Robot moved: False, path_min_dist: 4.00m
[CHECKPOINT] Saved at trial 175/160
[2026-04-04 00:49:01] [HEALTH] Pre-trial restart (every 1 trials, world=empty.sdf)...
[SIM] Stopping all processes...
[CLEANUP] Starting process cleanup...
[CLEANUP] Complete (killed 1 process groups)
[SIM] All processes stopped
[CLEANUP] Starting process cleanup...
[CLEANUP] Complete (killed 0 process groups)
[DEBUG] restart_with_method called: method=geofence, params={}, world=empty.sdf, guard=False
[SIM] Full restart for method: geofence (world: empty.sdf)
[SIM] Stopping all processes...
[CLEANUP] Starting process cleanup...
[CLEANUP] Complete (killed 0 process groups)
[SIM] All processes stopped
[SIM] Starting Gazebo...
[CLEANUP] Starting process cleanup...
[CLEANUP] Complete (killed 0 process groups)
[SIM] gz sim still alive (1 procs), force-killing PGIDs (attempt 1/5)...
[SIM] gz sim still alive (1 procs), force-killing PGIDs (attempt 2/5)...
[SIM] gz sim still alive (1 procs), force-killing PGIDs (attempt 3/5)...
[SIM] gz sim still alive (1 procs), force-killing PGIDs (attempt 4/5)...
[SIM] gz sim still alive (1 procs), force-killing PGIDs (attempt 5/5)...
[SIM][WARNING] Could not kill all gz sim processes — proceeding anyway
[SIM] Waiting for Gazebo (180s)...
[SIM] Gazebo started successfully
[SIM] robot_state_publisher: running
[SIM] Starting odom relay (odom_real → odom)...
[SIM] Odom relay started
[SIM] Starting scan relay (scan_real → scan)...
[SIM] Scan relay started, verifying /scan topic...
[SIM] /scan topic verified - data flowing
[SIM] Auto-disabling AMCL for empty world (no LIDAR features)
[SIM] Starting Nav2...
[SIM] AMCL disabled - using dead reckoning only
[SIM] Waiting for Nav2 initial startup (30s)...
[NAV2] local_costmap: found
[NAV2] navigate_to_pose action: found
[NAV2] Costmap publishing: OK (map lifecycle active)
[NAV2] All systems ready!
[SIM] Final verification: checking navigate_to_pose action...
[SIM] Nav2 started successfully and action server verified!
[SIM] Starting geofence with method: geofence, params: {}, comm_latency_ms: 0
[SIM] Waiting for geofence (20s)...
[SIM] Geofence started with method: geofence (cmd_vel_guard: False)
[SIM] cmd_vel_guard disabled, starting cmd_vel relay for navigation...
[SIM] Starting cmd_vel relay (cmd_vel_nav → cmd_vel)...
[SIM] cmd_vel relay started
[2026-04-04 00:51:14] [GEOFENCE] Restarting geofence (sigma=0.15, v_max=0.5, tau=0.1, eps=0.003, a_max=2.5)...
[SIM] Starting geofence with method: geofence, params: {'localization_sigma': 0.15, 'v_max': 0.5, 'latency': 0.1, 'epsilon': 0.003, 'a_max': 2.5, 'e_0': 0.03, 'c_1': 0.04, 'enable_estimation_term': False, 'enable_tracking_term': True, 'enable_latency_term': True, 'enable_braking_term': True, 'use_dynamic_v_max': False, 'use_dynamic_tau': False, 'use_dynamic_e_track': False}, comm_latency_ms: 0
[SIM] Waiting for geofence (20s)...
[SIM] Geofence started with method: geofence (cmd_vel_guard: False)
[SIM] cmd_vel_guard disabled, starting cmd_vel relay for navigation...
[SIM] Starting cmd_vel relay (cmd_vel_nav → cmd_vel)...
[SIM] cmd_vel relay started
[2026-04-04 00:51:42] 
Trial 176/370: S1_geofence_ablation_no_estimation_s15
[2026-04-04 00:51:42]   Goal: (7.00, 2.75)
[2026-04-04 00:51:42]   Ablation: no_estimation, margin=0.150m
[2026-04-04 00:51:42] [RESET] Resetting robot pose to origin...
[RESET] Teleporting robot to (0.0, 0.0, θ=0.0)
[RESET] Cancelling any active navigation goals...
[RESET] Stopping robot movement...
[RESET] Waiting for TF to stabilize...
[RESET] AMCL disabled, correcting map→odom TF after teleport...
[WARNING] Could not read odom, TF correction skipped
[WARNING] TF not yet stable, waiting more...
[RESET] Robot pose reset complete
[2026-04-04 00:55:11] [GOAL_DEBUG] decision=timeout, reason=Goal timed out after 180s
[2026-04-04 00:55:11]   Result: timeout (FAIL)
[2026-04-04 00:55:11]   Reason: Goal timed out after 180s
[2026-04-04 00:55:11]   Time: 208.5s
[2026-04-04 00:55:11]   Robot moved: False, path_min_dist: 4.00m
[2026-04-04 00:55:11] [HEALTH] Pre-trial restart (every 1 trials, world=empty.sdf)...
[SIM] Stopping all processes...
[CLEANUP] Starting process cleanup...
[CLEANUP] Complete (killed 0 process groups)
[SIM] All processes stopped
[CLEANUP] Starting process cleanup...
[CLEANUP] Complete (killed 0 process groups)
[DEBUG] restart_with_method called: method=geofence, params={}, world=empty.sdf, guard=False
[SIM] Full restart for method: geofence (world: empty.sdf)
[SIM] Stopping all processes...
[CLEANUP] Starting process cleanup...
[CLEANUP] Complete (killed 0 process groups)
[SIM] All processes stopped
[SIM] Starting Gazebo...
[CLEANUP] Starting process cleanup...
[CLEANUP] Complete (killed 0 process groups)
[SIM] gz sim still alive (1 procs), force-killing PGIDs (attempt 1/5)...
[SIM] gz sim still alive (1 procs), force-killing PGIDs (attempt 2/5)...
[SIM] gz sim still alive (1 procs), force-killing PGIDs (attempt 3/5)...
[SIM] gz sim still alive (1 procs), force-killing PGIDs (attempt 4/5)...
[SIM] gz sim still alive (1 procs), force-killing PGIDs (attempt 5/5)...
[SIM][WARNING] Could not kill all gz sim processes — proceeding anyway
[SIM] Waiting for Gazebo (180s)...
[SIM] Gazebo started successfully
[SIM] robot_state_publisher: running
[SIM] Starting odom relay (odom_real → odom)...
[SIM] Odom relay started
[SIM] Starting scan relay (scan_real → scan)...
[SIM] Scan relay started, verifying /scan topic...
[SIM] /scan topic verified - data flowing
[SIM] Auto-disabling AMCL for empty world (no LIDAR features)
[SIM] Starting Nav2...
[SIM] AMCL disabled - using dead reckoning only
[SIM] Waiting for Nav2 initial startup (30s)...
[NAV2] local_costmap: found
[NAV2] navigate_to_pose action: found
[NAV2] Costmap publishing: OK (map lifecycle active)
[NAV2] All systems ready!
[SIM] Final verification: checking navigate_to_pose action...
[SIM] Nav2 started successfully and action server verified!
[SIM] Starting geofence with method: geofence, params: {}, comm_latency_ms: 0
[SIM] Waiting for geofence (20s)...
[SIM] Geofence started with method: geofence (cmd_vel_guard: False)
[SIM] cmd_vel_guard disabled, starting cmd_vel relay for navigation...
[SIM] Starting cmd_vel relay (cmd_vel_nav → cmd_vel)...
[SIM] cmd_vel relay started
[2026-04-04 00:57:24] [GEOFENCE] Restarting geofence (sigma=0.15, v_max=0.5, tau=0.1, eps=0.003, a_max=2.5)...
[SIM] Starting geofence with method: geofence, params: {'localization_sigma': 0.15, 'v_max': 0.5, 'latency': 0.1, 'epsilon': 0.003, 'a_max': 2.5, 'e_0': 0.03, 'c_1': 0.04, 'enable_estimation_term': False, 'enable_tracking_term': True, 'enable_latency_term': True, 'enable_braking_term': True, 'use_dynamic_v_max': False, 'use_dynamic_tau': False, 'use_dynamic_e_track': False}, comm_latency_ms: 50
[SIM] Waiting for geofence (20s)...
[SIM] Geofence started with method: geofence (cmd_vel_guard: False)
[SIM] cmd_vel_guard disabled, starting cmd_vel relay for navigation...
[SIM] Starting cmd_vel relay (cmd_vel_nav → cmd_vel) (latency=50ms)...
[SIM] cmd_vel relay started (latency=50ms)
[2026-04-04 00:57:52] 
Trial 177/370: S1_geofence_ablation_no_estimation_s16
[2026-04-04 00:57:52]   Goal: (7.00, 2.75)
[2026-04-04 00:57:52]   Ablation: no_estimation, margin=0.150m
[2026-04-04 00:57:52]   Comm latency: 50ms
[2026-04-04 00:57:52] [RESET] Resetting robot pose to origin...
[RESET] Teleporting robot to (0.0, 0.0, θ=0.0)
[RESET] Cancelling any active navigation goals...
[RESET] Stopping robot movement...
[RESET] Waiting for TF to stabilize...
[RESET] AMCL disabled, correcting map→odom TF after teleport...
[RESET] Odom at (-0.00, -0.00, yaw=0.0°), target (0.00, 0.00, yaw=0.0°)
[RESET] TF correction: tx=0.000, ty=-0.000, yaw=-0.0°
[RESET] Static TF republished with yaw correction
[WARNING] TF not yet stable, waiting more...
[RESET] Robot pose reset complete
[2026-04-04 01:01:24] [GOAL_DEBUG] decision=timeout, reason=Goal timed out after 180s
[2026-04-04 01:01:24]   Result: timeout (FAIL)
[2026-04-04 01:01:24]   Reason: Goal timed out after 180s
[2026-04-04 01:01:24]   Time: 212.0s
[2026-04-04 01:01:24]   Robot moved: False, path_min_dist: 4.00m
The daemon has been started
The daemon has been started
[2026-04-04 01:01:24] [HEALTH] Pre-trial restart (every 1 trials, world=empty.sdf)...
[SIM] Stopping all processes...
[CLEANUP] Starting process cleanup...
[CLEANUP] Complete (killed 1 process groups)
[SIM] All processes stopped
[CLEANUP] Starting process cleanup...
[CLEANUP] Complete (killed 0 process groups)
[DEBUG] restart_with_method called: method=geofence, params={}, world=empty.sdf, guard=False
[SIM] Full restart for method: geofence (world: empty.sdf)
[SIM] Stopping all processes...
[CLEANUP] Starting process cleanup...
[CLEANUP] Complete (killed 0 process groups)
[SIM] All processes stopped
[SIM] Starting Gazebo...
[CLEANUP] Starting process cleanup...
[CLEANUP] Complete (killed 0 process groups)
[SIM] gz sim still alive (1 procs), force-killing PGIDs (attempt 1/5)...
[SIM] gz sim still alive (1 procs), force-killing PGIDs (attempt 2/5)...
[SIM] gz sim still alive (1 procs), force-killing PGIDs (attempt 3/5)...
[SIM] gz sim still alive (1 procs), force-killing PGIDs (attempt 4/5)...
[SIM] gz sim still alive (1 procs), force-killing PGIDs (attempt 5/5)...
[SIM][WARNING] Could not kill all gz sim processes — proceeding anyway
[SIM] Waiting for Gazebo (180s)...
[SIM] Gazebo started successfully
[SIM] robot_state_publisher: running
[SIM] Starting odom relay (odom_real → odom)...
[SIM] Odom relay started
[SIM] Starting scan relay (scan_real → scan)...
[SIM] Scan relay started, verifying /scan topic...
[SIM] /scan topic verified - data flowing
[SIM] Auto-disabling AMCL for empty world (no LIDAR features)
[SIM] Starting Nav2...
[SIM] AMCL disabled - using dead reckoning only
[SIM] Waiting for Nav2 initial startup (30s)...
[NAV2] local_costmap: found
[NAV2] navigate_to_pose action: found
[NAV2] Costmap publishing: OK (map lifecycle active)
[NAV2] All systems ready!
[SIM] Final verification: checking navigate_to_pose action...
[SIM] Nav2 started successfully and action server verified!
[SIM] Starting geofence with method: geofence, params: {}, comm_latency_ms: 0
[SIM] Waiting for geofence (20s)...
[SIM] Geofence started with method: geofence (cmd_vel_guard: False)
[SIM] cmd_vel_guard disabled, starting cmd_vel relay for navigation...
[SIM] Starting cmd_vel relay (cmd_vel_nav → cmd_vel)...
[SIM] cmd_vel relay started
[2026-04-04 01:03:38] [GEOFENCE] Restarting geofence (sigma=0.15, v_max=0.5, tau=0.1, eps=0.003, a_max=2.5)...
[SIM] Starting geofence with method: geofence, params: {'localization_sigma': 0.15, 'v_max': 0.5, 'latency': 0.1, 'epsilon': 0.003, 'a_max': 2.5, 'e_0': 0.03, 'c_1': 0.04, 'enable_estimation_term': False, 'enable_tracking_term': True, 'enable_latency_term': True, 'enable_braking_term': True, 'use_dynamic_v_max': False, 'use_dynamic_tau': False, 'use_dynamic_e_track': False}, comm_latency_ms: 100
[SIM] Waiting for geofence (20s)...
[SIM] Geofence started with method: geofence (cmd_vel_guard: False)
[SIM] cmd_vel_guard disabled, starting cmd_vel relay for navigation...
[SIM] Starting cmd_vel relay (cmd_vel_nav → cmd_vel) (latency=100ms)...
[SIM] cmd_vel relay started (latency=100ms)
[2026-04-04 01:04:06] 
Trial 178/370: S1_geofence_ablation_no_estimation_s17
[2026-04-04 01:04:06]   Goal: (7.00, 2.75)
[2026-04-04 01:04:06]   Ablation: no_estimation, margin=0.150m
[2026-04-04 01:04:06]   Comm latency: 100ms
[2026-04-04 01:04:06] [RESET] Resetting robot pose to origin...
[RESET] Teleporting robot to (0.0, 0.0, θ=0.0)
[RESET] Cancelling any active navigation goals...
[RESET] Stopping robot movement...
[RESET] Waiting for TF to stabilize...
[RESET] AMCL disabled, correcting map→odom TF after teleport...
[RESET] Odom at (-0.00, -0.00, yaw=0.0°), target (0.00, 0.00, yaw=0.0°)
[RESET] TF correction: tx=0.000, ty=-0.000, yaw=-0.0°
[RESET] Static TF republished with yaw correction
[RESET] Robot pose reset complete
[2026-04-04 01:07:39] [GOAL_DEBUG] decision=timeout, reason=Goal timed out after 180s
[2026-04-04 01:07:39]   Result: timeout (FAIL)
[2026-04-04 01:07:39]   Reason: Goal timed out after 180s
[2026-04-04 01:07:39]   Time: 213.1s
[2026-04-04 01:07:39]   Robot moved: False, path_min_dist: 4.00m
[2026-04-04 01:07:39] [HEALTH] Pre-trial restart (every 1 trials, world=empty.sdf)...
[SIM] Stopping all processes...
[CLEANUP] Starting process cleanup...
[CLEANUP] Complete (killed 1 process groups)
[SIM] All processes stopped
[CLEANUP] Starting process cleanup...
[CLEANUP] Complete (killed 0 process groups)
[DEBUG] restart_with_method called: method=geofence, params={}, world=empty.sdf, guard=False
[SIM] Full restart for method: geofence (world: empty.sdf)
[SIM] Stopping all processes...
[CLEANUP] Starting process cleanup...
[CLEANUP] Complete (killed 0 process groups)
[SIM] All processes stopped
[SIM] Starting Gazebo...
[CLEANUP] Starting process cleanup...
[CLEANUP] Complete (killed 0 process groups)
[SIM] gz sim still alive (1 procs), force-killing PGIDs (attempt 1/5)...
[SIM] gz sim still alive (1 procs), force-killing PGIDs (attempt 2/5)...
[SIM] gz sim still alive (1 procs), force-killing PGIDs (attempt 3/5)...
[SIM] gz sim still alive (1 procs), force-killing PGIDs (attempt 4/5)...
[SIM] gz sim still alive (1 procs), force-killing PGIDs (attempt 5/5)...
[SIM][WARNING] Could not kill all gz sim processes — proceeding anyway
[SIM] Waiting for Gazebo (180s)...
[SIM] Gazebo started successfully
[SIM] robot_state_publisher: running
[SIM] Starting odom relay (odom_real → odom)...
[SIM] Odom relay started
[SIM] Starting scan relay (scan_real → scan)...
[SIM] Scan relay started, verifying /scan topic...
[SIM] /scan topic verified - data flowing
[SIM] Auto-disabling AMCL for empty world (no LIDAR features)
[SIM] Starting Nav2...
[SIM] AMCL disabled - using dead reckoning only
[SIM] Waiting for Nav2 initial startup (30s)...
[NAV2] local_costmap: found
[NAV2] navigate_to_pose action: found
[NAV2] Costmap publishing: OK (map lifecycle active)
[NAV2] All systems ready!
[SIM] Final verification: checking navigate_to_pose action...
[SIM] Nav2 started successfully and action server verified!
[SIM] Starting geofence with method: geofence, params: {}, comm_latency_ms: 0
[SIM] Waiting for geofence (20s)...
[SIM] Geofence started with method: geofence (cmd_vel_guard: False)
[SIM] cmd_vel_guard disabled, starting cmd_vel relay for navigation...
[SIM] Starting cmd_vel relay (cmd_vel_nav → cmd_vel)...
[SIM] cmd_vel relay started
[2026-04-04 01:09:52] [GEOFENCE] Restarting geofence (sigma=0.15, v_max=0.5, tau=0.1, eps=0.003, a_max=2.5)...
[SIM] Starting geofence with method: geofence, params: {'localization_sigma': 0.15, 'v_max': 0.5, 'latency': 0.1, 'epsilon': 0.003, 'a_max': 2.5, 'e_0': 0.03, 'c_1': 0.04, 'enable_estimation_term': False, 'enable_tracking_term': True, 'enable_latency_term': True, 'enable_braking_term': True, 'use_dynamic_v_max': False, 'use_dynamic_tau': False, 'use_dynamic_e_track': False}, comm_latency_ms: 0
[SIM] Waiting for geofence (20s)...
[SIM] Geofence started with method: geofence (cmd_vel_guard: False)
[SIM] cmd_vel_guard disabled, starting cmd_vel relay for navigation...
[SIM] Starting cmd_vel relay (cmd_vel_nav → cmd_vel)...
[SIM] cmd_vel relay started
[2026-04-04 01:10:21] 
Trial 179/370: S1_geofence_ablation_no_estimation_s18
[2026-04-04 01:10:21]   Goal: (7.00, 2.75)
[2026-04-04 01:10:21]   Ablation: no_estimation, margin=0.150m
[2026-04-04 01:10:21] [RESET] Resetting robot pose to origin...
[RESET] Teleporting robot to (0.0, 0.0, θ=0.0)
[RESET] Cancelling any active navigation goals...
[RESET] Stopping robot movement...
[RESET] Waiting for TF to stabilize...
[RESET] AMCL disabled, correcting map→odom TF after teleport...
[RESET] Odom at (-0.00, -0.00, yaw=0.0°), target (0.00, 0.00, yaw=0.0°)
[RESET] TF correction: tx=0.000, ty=-0.000, yaw=-0.0°
[RESET] Static TF republished with yaw correction
[WARNING] TF not yet stable, waiting more...
[RESET] Robot pose reset complete
[2026-04-04 01:13:45] [GOAL_DEBUG] decision=timeout, reason=Goal timed out after 180s
[2026-04-04 01:13:45]   Result: timeout (FAIL)
[2026-04-04 01:13:45]   Reason: Goal timed out after 180s
[2026-04-04 01:13:45]   Time: 204.2s
[2026-04-04 01:13:45]   Robot moved: False, path_min_dist: 4.00m
The daemon has been started
The daemon has been started
[2026-04-04 01:13:45] [HEALTH] Pre-trial restart (every 1 trials, world=empty.sdf)...
[SIM] Stopping all processes...
[CLEANUP] Starting process cleanup...
[CLEANUP] Complete (killed 1 process groups)
[SIM] All processes stopped
[CLEANUP] Starting process cleanup...
[CLEANUP] Complete (killed 0 process groups)
[DEBUG] restart_with_method called: method=geofence, params={}, world=empty.sdf, guard=False
[SIM] Full restart for method: geofence (world: empty.sdf)
[SIM] Stopping all processes...
[CLEANUP] Starting process cleanup...
[CLEANUP] Complete (killed 0 process groups)
[SIM] All processes stopped
[SIM] Starting Gazebo...
[CLEANUP] Starting process cleanup...
[CLEANUP] Complete (killed 0 process groups)
[SIM] gz sim still alive (1 procs), force-killing PGIDs (attempt 1/5)...
[SIM] gz sim still alive (1 procs), force-killing PGIDs (attempt 2/5)...
[SIM] gz sim still alive (1 procs), force-killing PGIDs (attempt 3/5)...
[SIM] gz sim still alive (1 procs), force-killing PGIDs (attempt 4/5)...
[SIM] gz sim still alive (1 procs), force-killing PGIDs (attempt 5/5)...
[SIM][WARNING] Could not kill all gz sim processes — proceeding anyway
[SIM] Waiting for Gazebo (180s)...
[SIM] Gazebo started successfully
[SIM] robot_state_publisher: running
[SIM] Starting odom relay (odom_real → odom)...
[SIM] Odom relay started
[SIM] Starting scan relay (scan_real → scan)...
[SIM] Scan relay started, verifying /scan topic...
[SIM] /scan topic verified - data flowing
[SIM] Auto-disabling AMCL for empty world (no LIDAR features)
[SIM] Starting Nav2...
[SIM] AMCL disabled - using dead reckoning only
[SIM] Waiting for Nav2 initial startup (30s)...
[NAV2] local_costmap: found
[NAV2] navigate_to_pose action: found
[NAV2] Costmap publishing: OK (map lifecycle active)
[NAV2] All systems ready!
[SIM] Final verification: checking navigate_to_pose action...
[SIM] Nav2 started successfully and action server verified!
[SIM] Starting geofence with method: geofence, params: {}, comm_latency_ms: 0
[SIM] Waiting for geofence (20s)...
[SIM] Geofence started with method: geofence (cmd_vel_guard: False)
[SIM] cmd_vel_guard disabled, starting cmd_vel relay for navigation...
[SIM] Starting cmd_vel relay (cmd_vel_nav → cmd_vel)...
[SIM] cmd_vel relay started
[2026-04-04 01:15:58] [GEOFENCE] Restarting geofence (sigma=0.15, v_max=0.5, tau=0.1, eps=0.003, a_max=2.5)...
[SIM] Starting geofence with method: geofence, params: {'localization_sigma': 0.15, 'v_max': 0.5, 'latency': 0.1, 'epsilon': 0.003, 'a_max': 2.5, 'e_0': 0.03, 'c_1': 0.04, 'enable_estimation_term': False, 'enable_tracking_term': True, 'enable_latency_term': True, 'enable_braking_term': True, 'use_dynamic_v_max': False, 'use_dynamic_tau': False, 'use_dynamic_e_track': False}, comm_latency_ms: 50
[SIM] Waiting for geofence (20s)...
[SIM] Geofence started with method: geofence (cmd_vel_guard: False)
[SIM] cmd_vel_guard disabled, starting cmd_vel relay for navigation...
[SIM] Starting cmd_vel relay (cmd_vel_nav → cmd_vel) (latency=50ms)...
[SIM] cmd_vel relay started (latency=50ms)
[2026-04-04 01:16:26] 
Trial 180/370: S1_geofence_ablation_no_estimation_s19
[2026-04-04 01:16:26]   Goal: (7.00, 2.75)
[2026-04-04 01:16:26]   Ablation: no_estimation, margin=0.150m
[2026-04-04 01:16:26]   Comm latency: 50ms
[2026-04-04 01:16:26] [RESET] Resetting robot pose to origin...
[RESET] Teleporting robot to (0.0, 0.0, θ=0.0)
[RESET] Cancelling any active navigation goals...
[RESET] Stopping robot movement...
[RESET] Waiting for TF to stabilize...
[RESET] AMCL disabled, correcting map→odom TF after teleport...
[RESET] Odom at (-0.00, -0.00, yaw=0.0°), target (0.00, 0.00, yaw=0.0°)
[RESET] TF correction: tx=0.000, ty=-0.000, yaw=-0.0°
[RESET] Static TF republished with yaw correction
[RESET] Robot pose reset complete
[2026-04-04 01:19:51] [GOAL_DEBUG] decision=timeout, reason=Goal timed out after 180s
[2026-04-04 01:19:51]   Result: timeout (FAIL)
[2026-04-04 01:19:51]   Reason: Goal timed out after 180s
[2026-04-04 01:19:51]   Time: 204.7s
[2026-04-04 01:19:51]   Robot moved: False, path_min_dist: 4.00m
[CHECKPOINT] Saved at trial 180/160
[2026-04-04 01:19:51] [HEALTH] Pre-trial restart (every 1 trials, world=empty.sdf)...
[SIM] Stopping all processes...
[CLEANUP] Starting process cleanup...
[CLEANUP] Complete (killed 1 process groups)
[SIM] All processes stopped
[CLEANUP] Starting process cleanup...
[CLEANUP] Complete (killed 0 process groups)
[DEBUG] restart_with_method called: method=geofence, params={}, world=empty.sdf, guard=False
[SIM] Full restart for method: geofence (world: empty.sdf)
[SIM] Stopping all processes...
[CLEANUP] Starting process cleanup...
[CLEANUP] Complete (killed 0 process groups)
[SIM] All processes stopped
[SIM] Starting Gazebo...
[CLEANUP] Starting process cleanup...
[CLEANUP] Complete (killed 0 process groups)
[SIM] gz sim still alive (1 procs), force-killing PGIDs (attempt 1/5)...
[SIM] gz sim still alive (1 procs), force-killing PGIDs (attempt 2/5)...
[SIM] gz sim still alive (1 procs), force-killing PGIDs (attempt 3/5)...
[SIM] gz sim still alive (1 procs), force-killing PGIDs (attempt 4/5)...
[SIM] gz sim still alive (1 procs), force-killing PGIDs (attempt 5/5)...
[SIM][WARNING] Could not kill all gz sim processes — proceeding anyway
[SIM] Waiting for Gazebo (180s)...
[SIM] Gazebo started successfully
[SIM] robot_state_publisher: running
[SIM] Starting odom relay (odom_real → odom)...
[SIM] Odom relay started
[SIM] Starting scan relay (scan_real → scan)...
[SIM] Scan relay started, verifying /scan topic...
[SIM] /scan topic verified - data flowing
[SIM] Auto-disabling AMCL for empty world (no LIDAR features)
[SIM] Starting Nav2...
[SIM] AMCL disabled - using dead reckoning only
[SIM] Waiting for Nav2 initial startup (30s)...
[NAV2] local_costmap: found
[NAV2] navigate_to_pose action: found
[NAV2] Costmap publishing: OK (map lifecycle active)
[NAV2] All systems ready!
[SIM] Final verification: checking navigate_to_pose action...
[SIM] Nav2 started successfully and action server verified!
[SIM] Starting geofence with method: geofence, params: {}, comm_latency_ms: 0
[SIM] Waiting for geofence (20s)...
[SIM] Geofence started with method: geofence (cmd_vel_guard: False)
[SIM] cmd_vel_guard disabled, starting cmd_vel relay for navigation...
[SIM] Starting cmd_vel relay (cmd_vel_nav → cmd_vel)...
[SIM] cmd_vel relay started
[2026-04-04 01:22:04] [GEOFENCE] Restarting geofence (sigma=0.15, v_max=0.5, tau=0.1, eps=0.003, a_max=2.5)...
[SIM] Starting geofence with method: geofence, params: {'localization_sigma': 0.15, 'v_max': 0.5, 'latency': 0.1, 'epsilon': 0.003, 'a_max': 2.5, 'e_0': 0.03, 'c_1': 0.04, 'enable_estimation_term': True, 'enable_tracking_term': False, 'enable_latency_term': True, 'enable_braking_term': True, 'use_dynamic_v_max': False, 'use_dynamic_tau': False, 'use_dynamic_e_track': False}, comm_latency_ms: 50
[SIM] Waiting for geofence (20s)...
[SIM] Geofence started with method: geofence (cmd_vel_guard: False)
[SIM] cmd_vel_guard disabled, starting cmd_vel relay for navigation...
[SIM] Starting cmd_vel relay (cmd_vel_nav → cmd_vel) (latency=50ms)...
[SIM] cmd_vel relay started (latency=50ms)
[2026-04-04 01:22:33] 
Trial 181/370: S1_geofence_ablation_no_tracking_s10
[2026-04-04 01:22:33]   Goal: (7.00, 2.75)
[2026-04-04 01:22:33]   Ablation: no_tracking, margin=0.512m
[2026-04-04 01:22:33]   Comm latency: 50ms
[2026-04-04 01:22:33] [RESET] Resetting robot pose to origin...
[RESET] Teleporting robot to (0.0, 0.0, θ=0.0)
[RESET] Cancelling any active navigation goals...
[RESET] Stopping robot movement...
[RESET] Waiting for TF to stabilize...
[RESET] AMCL disabled, correcting map→odom TF after teleport...
[WARNING] Could not read odom, TF correction skipped
[WARNING] TF not yet stable, waiting more...
[RESET] Robot pose reset complete
[2026-04-04 01:25:55] [GOAL_DEBUG] decision=timeout, reason=Goal timed out after 180s
[2026-04-04 01:25:55]   Result: timeout (FAIL)
[2026-04-04 01:25:55]   Reason: Goal timed out after 180s
[2026-04-04 01:25:55]   Time: 202.3s
[2026-04-04 01:25:55]   Robot moved: False, path_min_dist: 4.00m
The daemon has been started
The daemon has been started
[2026-04-04 01:25:55] [HEALTH] Periodic health check...
[2026-04-04 01:25:55] [HEALTH] Load: 2.0, Memory: 16.0%
[NAV2] local_costmap: found
[NAV2] navigate_to_pose action: found
[2026-04-04 01:25:56] [HEALTH] Pre-trial restart (every 1 trials, world=empty.sdf)...
[SIM] Stopping all processes...
[CLEANUP] Starting process cleanup...
[CLEANUP] Complete (killed 0 process groups)
[SIM] All processes stopped
[CLEANUP] Starting process cleanup...
[CLEANUP] Complete (killed 0 process groups)
[DEBUG] restart_with_method called: method=geofence, params={}, world=empty.sdf, guard=False
[SIM] Full restart for method: geofence (world: empty.sdf)
[SIM] Stopping all processes...
[CLEANUP] Starting process cleanup...
[CLEANUP] Complete (killed 0 process groups)
[SIM] All processes stopped
[SIM] Starting Gazebo...
[CLEANUP] Starting process cleanup...
[CLEANUP] Complete (killed 0 process groups)
[SIM] gz sim still alive (1 procs), force-killing PGIDs (attempt 1/5)...
[SIM] gz sim still alive (1 procs), force-killing PGIDs (attempt 2/5)...
[SIM] gz sim still alive (1 procs), force-killing PGIDs (attempt 3/5)...
[SIM] gz sim still alive (1 procs), force-killing PGIDs (attempt 4/5)...
[SIM] gz sim still alive (1 procs), force-killing PGIDs (attempt 5/5)...
[SIM][WARNING] Could not kill all gz sim processes — proceeding anyway
[SIM] Waiting for Gazebo (180s)...
[SIM] Gazebo started successfully
[SIM] robot_state_publisher: running
[SIM] Starting odom relay (odom_real → odom)...
[SIM] Odom relay started
[SIM] Starting scan relay (scan_real → scan)...
[SIM] Scan relay started, verifying /scan topic...
[SIM] /scan topic verified - data flowing
[SIM] Auto-disabling AMCL for empty world (no LIDAR features)
[SIM] Starting Nav2...
[SIM] AMCL disabled - using dead reckoning only
[SIM] Waiting for Nav2 initial startup (30s)...
[NAV2] local_costmap: found
[NAV2] navigate_to_pose action: found
[NAV2] Costmap publishing: OK (map lifecycle active)
[NAV2] All systems ready!
[SIM] Final verification: checking navigate_to_pose action...
[SIM] Nav2 started successfully and action server verified!
[SIM] Starting geofence with method: geofence, params: {}, comm_latency_ms: 0
[SIM] Waiting for geofence (20s)...
[SIM] Geofence started with method: geofence (cmd_vel_guard: False)
[SIM] cmd_vel_guard disabled, starting cmd_vel relay for navigation...
[SIM] Starting cmd_vel relay (cmd_vel_nav → cmd_vel)...
[SIM] cmd_vel relay started
[2026-04-04 01:28:09] [GEOFENCE] Restarting geofence (sigma=0.15, v_max=0.5, tau=0.1, eps=0.003, a_max=2.5)...
[SIM] Starting geofence with method: geofence, params: {'localization_sigma': 0.15, 'v_max': 0.5, 'latency': 0.1, 'epsilon': 0.003, 'a_max': 2.5, 'e_0': 0.03, 'c_1': 0.04, 'enable_estimation_term': True, 'enable_tracking_term': False, 'enable_latency_term': True, 'enable_braking_term': True, 'use_dynamic_v_max': False, 'use_dynamic_tau': False, 'use_dynamic_e_track': False}, comm_latency_ms: 100
[SIM] Waiting for geofence (20s)...
[SIM] Geofence started with method: geofence (cmd_vel_guard: False)
[SIM] cmd_vel_guard disabled, starting cmd_vel relay for navigation...
[SIM] Starting cmd_vel relay (cmd_vel_nav → cmd_vel) (latency=100ms)...
[SIM] cmd_vel relay started (latency=100ms)
[2026-04-04 01:28:37] 
Trial 182/370: S1_geofence_ablation_no_tracking_s11
[2026-04-04 01:28:37]   Goal: (7.00, 2.75)
[2026-04-04 01:28:37]   Ablation: no_tracking, margin=0.512m
[2026-04-04 01:28:37]   Comm latency: 100ms
[2026-04-04 01:28:37] [RESET] Resetting robot pose to origin...
[RESET] Teleporting robot to (0.0, 0.0, θ=0.0)
[RESET] Cancelling any active navigation goals...
[RESET] Stopping robot movement...
[RESET] Waiting for TF to stabilize...
[RESET] AMCL disabled, correcting map→odom TF after teleport...
[RESET] Odom at (-0.00, -0.00, yaw=0.0°), target (0.00, 0.00, yaw=0.0°)
[RESET] TF correction: tx=0.000, ty=-0.000, yaw=-0.0°
[RESET] Static TF republished with yaw correction
[RESET] Robot pose reset complete
[2026-04-04 01:32:00] [GOAL_DEBUG] decision=timeout, reason=Goal timed out after 180s
[2026-04-04 01:32:00]   Result: timeout (FAIL)
[2026-04-04 01:32:00]   Reason: Goal timed out after 180s
[2026-04-04 01:32:00]   Time: 202.6s
[2026-04-04 01:32:00]   Robot moved: False, path_min_dist: 4.00m
[2026-04-04 01:32:00] [HEALTH] Pre-trial restart (every 1 trials, world=empty.sdf)...
[SIM] Stopping all processes...
[CLEANUP] Starting process cleanup...
[CLEANUP] Complete (killed 1 process groups)
[SIM] All processes stopped
[CLEANUP] Starting process cleanup...
[CLEANUP] Complete (killed 0 process groups)
[DEBUG] restart_with_method called: method=geofence, params={}, world=empty.sdf, guard=False
[SIM] Full restart for method: geofence (world: empty.sdf)
[SIM] Stopping all processes...
[CLEANUP] Starting process cleanup...
[CLEANUP] Complete (killed 0 process groups)
[SIM] All processes stopped
[SIM] Starting Gazebo...
[CLEANUP] Starting process cleanup...
[CLEANUP] Complete (killed 0 process groups)
[SIM] gz sim still alive (1 procs), force-killing PGIDs (attempt 1/5)...
[SIM] gz sim still alive (1 procs), force-killing PGIDs (attempt 2/5)...
[SIM] gz sim still alive (1 procs), force-killing PGIDs (attempt 3/5)...
[SIM] gz sim still alive (1 procs), force-killing PGIDs (attempt 4/5)...
[SIM] gz sim still alive (1 procs), force-killing PGIDs (attempt 5/5)...
[SIM][WARNING] Could not kill all gz sim processes — proceeding anyway
[SIM] Waiting for Gazebo (180s)...
[SIM] Gazebo started successfully
[SIM] robot_state_publisher: running
[SIM] Starting odom relay (odom_real → odom)...
[SIM] Odom relay started
[SIM] Starting scan relay (scan_real → scan)...
[SIM] Scan relay started, verifying /scan topic...
[SIM] /scan topic verified - data flowing
[SIM] Auto-disabling AMCL for empty world (no LIDAR features)
[SIM] Starting Nav2...
[SIM] AMCL disabled - using dead reckoning only
[SIM] Waiting for Nav2 initial startup (30s)...
[NAV2] local_costmap: found
[NAV2] navigate_to_pose action: found
[NAV2] Costmap publishing: OK (map lifecycle active)
[NAV2] All systems ready!
[SIM] Final verification: checking navigate_to_pose action...
[SIM] Nav2 started successfully and action server verified!
[SIM] Starting geofence with method: geofence, params: {}, comm_latency_ms: 0
[SIM] Waiting for geofence (20s)...
[SIM] Geofence started with method: geofence (cmd_vel_guard: False)
[SIM] cmd_vel_guard disabled, starting cmd_vel relay for navigation...
[SIM] Starting cmd_vel relay (cmd_vel_nav → cmd_vel)...
[SIM] cmd_vel relay started
[2026-04-04 01:34:14] [GEOFENCE] Restarting geofence (sigma=0.15, v_max=0.5, tau=0.1, eps=0.003, a_max=2.5)...
[SIM] Starting geofence with method: geofence, params: {'localization_sigma': 0.15, 'v_max': 0.5, 'latency': 0.1, 'epsilon': 0.003, 'a_max': 2.5, 'e_0': 0.03, 'c_1': 0.04, 'enable_estimation_term': True, 'enable_tracking_term': False, 'enable_latency_term': True, 'enable_braking_term': True, 'use_dynamic_v_max': False, 'use_dynamic_tau': False, 'use_dynamic_e_track': False}, comm_latency_ms: 0
[SIM] Waiting for geofence (20s)...
[SIM] Geofence started with method: geofence (cmd_vel_guard: False)
[SIM] cmd_vel_guard disabled, starting cmd_vel relay for navigation...
[SIM] Starting cmd_vel relay (cmd_vel_nav → cmd_vel)...
[SIM] cmd_vel relay started
[2026-04-04 01:34:42] 
Trial 183/370: S1_geofence_ablation_no_tracking_s12
[2026-04-04 01:34:42]   Goal: (7.00, 2.75)
[2026-04-04 01:34:42]   Ablation: no_tracking, margin=0.512m
[2026-04-04 01:34:42] [RESET] Resetting robot pose to origin...
[RESET] Teleporting robot to (0.0, 0.0, θ=0.0)
[RESET] Cancelling any active navigation goals...
[RESET] Stopping robot movement...
[RESET] Waiting for TF to stabilize...
[RESET] AMCL disabled, correcting map→odom TF after teleport...
[RESET] Odom at (-0.00, -0.00, yaw=0.0°), target (0.00, 0.00, yaw=0.0°)
[RESET] TF correction: tx=0.000, ty=-0.000, yaw=-0.0°
[RESET] Static TF republished with yaw correction
[RESET] Robot pose reset complete
[2026-04-04 01:38:12] [GOAL_DEBUG] decision=timeout, reason=Goal timed out after 180s
[2026-04-04 01:38:12]   Result: timeout (FAIL)
The daemon has been started
The daemon has been started
[2026-04-04 01:38:12]   Reason: Goal timed out after 180s
[2026-04-04 01:38:12]   Time: 210.3s
[2026-04-04 01:38:12]   Robot moved: False, path_min_dist: 4.00m
[2026-04-04 01:38:12] [HEALTH] Pre-trial restart (every 1 trials, world=empty.sdf)...
[SIM] Stopping all processes...
[CLEANUP] Starting process cleanup...
[CLEANUP] Complete (killed 1 process groups)
[SIM] All processes stopped
[CLEANUP] Starting process cleanup...
[CLEANUP] Complete (killed 0 process groups)
[DEBUG] restart_with_method called: method=geofence, params={}, world=empty.sdf, guard=False
[SIM] Full restart for method: geofence (world: empty.sdf)
[SIM] Stopping all processes...
[CLEANUP] Starting process cleanup...
[CLEANUP] Complete (killed 0 process groups)
[SIM] All processes stopped
[SIM] Starting Gazebo...
[CLEANUP] Starting process cleanup...
[CLEANUP] Complete (killed 0 process groups)
[SIM] gz sim still alive (1 procs), force-killing PGIDs (attempt 1/5)...
[SIM] gz sim still alive (1 procs), force-killing PGIDs (attempt 2/5)...
[SIM] gz sim still alive (1 procs), force-killing PGIDs (attempt 3/5)...
[SIM] gz sim still alive (1 procs), force-killing PGIDs (attempt 4/5)...
[SIM] gz sim still alive (1 procs), force-killing PGIDs (attempt 5/5)...
[SIM][WARNING] Could not kill all gz sim processes — proceeding anyway
[SIM] Waiting for Gazebo (180s)...
[SIM] Gazebo started successfully
[SIM] robot_state_publisher: running
[SIM] Starting odom relay (odom_real → odom)...
[SIM] Odom relay started
[SIM] Starting scan relay (scan_real → scan)...
[SIM] Scan relay started, verifying /scan topic...
[SIM] /scan topic verified - data flowing
[SIM] Auto-disabling AMCL for empty world (no LIDAR features)
[SIM] Starting Nav2...
[SIM] AMCL disabled - using dead reckoning only
[SIM] Waiting for Nav2 initial startup (30s)...
[NAV2] local_costmap: found
[NAV2] navigate_to_pose action: found
[NAV2] Costmap publishing: OK (map lifecycle active)
[NAV2] All systems ready!
[SIM] Final verification: checking navigate_to_pose action...
[SIM] Nav2 started successfully and action server verified!
[SIM] Starting geofence with method: geofence, params: {}, comm_latency_ms: 0
[SIM] Waiting for geofence (20s)...
[SIM] Geofence started with method: geofence (cmd_vel_guard: False)
[SIM] cmd_vel_guard disabled, starting cmd_vel relay for navigation...
[SIM] Starting cmd_vel relay (cmd_vel_nav → cmd_vel)...
[SIM] cmd_vel relay started
[2026-04-04 01:40:25] [GEOFENCE] Restarting geofence (sigma=0.15, v_max=0.5, tau=0.1, eps=0.003, a_max=2.5)...
[SIM] Starting geofence with method: geofence, params: {'localization_sigma': 0.15, 'v_max': 0.5, 'latency': 0.1, 'epsilon': 0.003, 'a_max': 2.5, 'e_0': 0.03, 'c_1': 0.04, 'enable_estimation_term': True, 'enable_tracking_term': False, 'enable_latency_term': True, 'enable_braking_term': True, 'use_dynamic_v_max': False, 'use_dynamic_tau': False, 'use_dynamic_e_track': False}, comm_latency_ms: 50
[SIM] Waiting for geofence (20s)...
[SIM] Geofence started with method: geofence (cmd_vel_guard: False)
[SIM] cmd_vel_guard disabled, starting cmd_vel relay for navigation...
[SIM] Starting cmd_vel relay (cmd_vel_nav → cmd_vel) (latency=50ms)...
[SIM] cmd_vel relay started (latency=50ms)
[2026-04-04 01:40:54] 
Trial 184/370: S1_geofence_ablation_no_tracking_s13
[2026-04-04 01:40:54]   Goal: (7.00, 2.75)
[2026-04-04 01:40:54]   Ablation: no_tracking, margin=0.512m
[2026-04-04 01:40:54]   Comm latency: 50ms
[2026-04-04 01:40:54] [RESET] Resetting robot pose to origin...
[RESET] Teleporting robot to (0.0, 0.0, θ=0.0)
[RESET] Cancelling any active navigation goals...
[RESET] Stopping robot movement...
[RESET] Waiting for TF to stabilize...
[RESET] AMCL disabled, correcting map→odom TF after teleport...
[RESET] Odom at (-0.00, -0.00, yaw=0.0°), target (0.00, 0.00, yaw=0.0°)
[RESET] TF correction: tx=0.000, ty=-0.000, yaw=-0.0°
[RESET] Static TF republished with yaw correction
[RESET] Robot pose reset complete
[2026-04-04 01:44:25] [GOAL_DEBUG] decision=timeout, reason=Goal timed out after 180s
[2026-04-04 01:44:25]   Result: timeout (FAIL)
[2026-04-04 01:44:25]   Reason: Goal timed out after 180s
[2026-04-04 01:44:25]   Time: 211.6s
[2026-04-04 01:44:25]   Robot moved: False, path_min_dist: 4.00m
[2026-04-04 01:44:25] [HEALTH] Pre-trial restart (every 1 trials, world=empty.sdf)...
[SIM] Stopping all processes...
[CLEANUP] Starting process cleanup...
[CLEANUP] Complete (killed 1 process groups)
[SIM] All processes stopped
[CLEANUP] Starting process cleanup...
[CLEANUP] Complete (killed 0 process groups)
[DEBUG] restart_with_method called: method=geofence, params={}, world=empty.sdf, guard=False
[SIM] Full restart for method: geofence (world: empty.sdf)
[SIM] Stopping all processes...
[CLEANUP] Starting process cleanup...
[CLEANUP] Complete (killed 0 process groups)
[SIM] All processes stopped
[SIM] Starting Gazebo...
[CLEANUP] Starting process cleanup...
[CLEANUP] Complete (killed 0 process groups)
[SIM] gz sim still alive (1 procs), force-killing PGIDs (attempt 1/5)...
[SIM] gz sim still alive (1 procs), force-killing PGIDs (attempt 2/5)...
[SIM] gz sim still alive (1 procs), force-killing PGIDs (attempt 3/5)...
[SIM] gz sim still alive (1 procs), force-killing PGIDs (attempt 4/5)...
[SIM] gz sim still alive (1 procs), force-killing PGIDs (attempt 5/5)...
[SIM][WARNING] Could not kill all gz sim processes — proceeding anyway
[SIM] Waiting for Gazebo (180s)...
[SIM] Gazebo started successfully
[SIM] robot_state_publisher: running
[SIM] Starting odom relay (odom_real → odom)...
[SIM] Odom relay started
[SIM] Starting scan relay (scan_real → scan)...
[SIM] Scan relay started, verifying /scan topic...
[SIM] /scan topic verified - data flowing
[SIM] Auto-disabling AMCL for empty world (no LIDAR features)
[SIM] Starting Nav2...
[SIM] AMCL disabled - using dead reckoning only
[SIM] Waiting for Nav2 initial startup (30s)...
[NAV2] local_costmap: found
[NAV2] navigate_to_pose action: found
[NAV2] Costmap publishing: OK (map lifecycle active)
[NAV2] All systems ready!
[SIM] Final verification: checking navigate_to_pose action...
[SIM] Nav2 started successfully and action server verified!
[SIM] Starting geofence with method: geofence, params: {}, comm_latency_ms: 0
[SIM] Waiting for geofence (20s)...
[SIM] Geofence started with method: geofence (cmd_vel_guard: False)
[SIM] cmd_vel_guard disabled, starting cmd_vel relay for navigation...
[SIM] Starting cmd_vel relay (cmd_vel_nav → cmd_vel)...
[SIM] cmd_vel relay started
[2026-04-04 01:46:38] [GEOFENCE] Restarting geofence (sigma=0.15, v_max=0.5, tau=0.1, eps=0.003, a_max=2.5)...
[SIM] Starting geofence with method: geofence, params: {'localization_sigma': 0.15, 'v_max': 0.5, 'latency': 0.1, 'epsilon': 0.003, 'a_max': 2.5, 'e_0': 0.03, 'c_1': 0.04, 'enable_estimation_term': True, 'enable_tracking_term': False, 'enable_latency_term': True, 'enable_braking_term': True, 'use_dynamic_v_max': False, 'use_dynamic_tau': False, 'use_dynamic_e_track': False}, comm_latency_ms: 100
[SIM] Waiting for geofence (20s)...
[SIM] Geofence started with method: geofence (cmd_vel_guard: False)
[SIM] cmd_vel_guard disabled, starting cmd_vel relay for navigation...
[SIM] Starting cmd_vel relay (cmd_vel_nav → cmd_vel) (latency=100ms)...
[SIM] cmd_vel relay started (latency=100ms)
[2026-04-04 01:47:06] 
Trial 185/370: S1_geofence_ablation_no_tracking_s14
[2026-04-04 01:47:06]   Goal: (7.00, 2.75)
[2026-04-04 01:47:06]   Ablation: no_tracking, margin=0.512m
[2026-04-04 01:47:06]   Comm latency: 100ms
[2026-04-04 01:47:06] [RESET] Resetting robot pose to origin...
[RESET] Teleporting robot to (0.0, 0.0, θ=0.0)
[RESET] Cancelling any active navigation goals...
[RESET] Stopping robot movement...
[RESET] Waiting for TF to stabilize...
[RESET] AMCL disabled, correcting map→odom TF after teleport...
[RESET] Odom at (-0.00, -0.00, yaw=0.0°), target (0.00, 0.00, yaw=0.0°)
[RESET] TF correction: tx=0.000, ty=-0.000, yaw=-0.0°
[RESET] Static TF republished with yaw correction
[RESET] Robot pose reset complete
[2026-04-04 01:50:37] [GOAL_DEBUG] decision=timeout, reason=Goal timed out after 180s
[2026-04-04 01:50:37]   Result: timeout (FAIL)
The daemon has been started
The daemon has been started
[2026-04-04 01:50:37]   Reason: Goal timed out after 180s
[2026-04-04 01:50:37]   Time: 210.9s
[2026-04-04 01:50:37]   Robot moved: False, path_min_dist: 4.00m
[CHECKPOINT] Saved at trial 185/160
[2026-04-04 01:50:37] [HEALTH] Pre-trial restart (every 1 trials, world=empty.sdf)...
[SIM] Stopping all processes...
[CLEANUP] Starting process cleanup...
[CLEANUP] Complete (killed 1 process groups)
[SIM] All processes stopped
[CLEANUP] Starting process cleanup...
[CLEANUP] Complete (killed 0 process groups)
[DEBUG] restart_with_method called: method=geofence, params={}, world=empty.sdf, guard=False
[SIM] Full restart for method: geofence (world: empty.sdf)
[SIM] Stopping all processes...
[CLEANUP] Starting process cleanup...
[CLEANUP] Complete (killed 0 process groups)
[SIM] All processes stopped
[SIM] Starting Gazebo...
[CLEANUP] Starting process cleanup...
[CLEANUP] Complete (killed 0 process groups)
[SIM] gz sim still alive (1 procs), force-killing PGIDs (attempt 1/5)...
[SIM] gz sim still alive (1 procs), force-killing PGIDs (attempt 2/5)...
[SIM] gz sim still alive (1 procs), force-killing PGIDs (attempt 3/5)...
[SIM] gz sim still alive (1 procs), force-killing PGIDs (attempt 4/5)...
[SIM] gz sim still alive (1 procs), force-killing PGIDs (attempt 5/5)...
[SIM][WARNING] Could not kill all gz sim processes — proceeding anyway
[SIM] Waiting for Gazebo (180s)...
[SIM] Gazebo started successfully
[SIM] robot_state_publisher: running
[SIM] Starting odom relay (odom_real → odom)...
[SIM] Odom relay started
[SIM] Starting scan relay (scan_real → scan)...
[SIM] Scan relay started, verifying /scan topic...
[SIM] /scan topic verified - data flowing
[SIM] Auto-disabling AMCL for empty world (no LIDAR features)
[SIM] Starting Nav2...
[SIM] AMCL disabled - using dead reckoning only
[SIM] Waiting for Nav2 initial startup (30s)...
[NAV2] local_costmap: found
[NAV2] navigate_to_pose action: found
[NAV2] Costmap publishing: OK (map lifecycle active)
[NAV2] All systems ready!
[SIM] Final verification: checking navigate_to_pose action...
[SIM] Nav2 started successfully and action server verified!
[SIM] Starting geofence with method: geofence, params: {}, comm_latency_ms: 0
[SIM] Waiting for geofence (20s)...
[SIM] Geofence started with method: geofence (cmd_vel_guard: False)
[SIM] cmd_vel_guard disabled, starting cmd_vel relay for navigation...
[SIM] Starting cmd_vel relay (cmd_vel_nav → cmd_vel)...
[SIM] cmd_vel relay started
[2026-04-04 01:52:51] [GEOFENCE] Restarting geofence (sigma=0.15, v_max=0.5, tau=0.1, eps=0.003, a_max=2.5)...
[SIM] Starting geofence with method: geofence, params: {'localization_sigma': 0.15, 'v_max': 0.5, 'latency': 0.1, 'epsilon': 0.003, 'a_max': 2.5, 'e_0': 0.03, 'c_1': 0.04, 'enable_estimation_term': True, 'enable_tracking_term': False, 'enable_latency_term': True, 'enable_braking_term': True, 'use_dynamic_v_max': False, 'use_dynamic_tau': False, 'use_dynamic_e_track': False}, comm_latency_ms: 0
[SIM] Waiting for geofence (20s)...
[SIM] Geofence started with method: geofence (cmd_vel_guard: False)
[SIM] cmd_vel_guard disabled, starting cmd_vel relay for navigation...
[SIM] Starting cmd_vel relay (cmd_vel_nav → cmd_vel)...
[SIM] cmd_vel relay started
[2026-04-04 01:53:19] 
Trial 186/370: S1_geofence_ablation_no_tracking_s15
[2026-04-04 01:53:19]   Goal: (7.00, 2.75)
[2026-04-04 01:53:19]   Ablation: no_tracking, margin=0.512m
[2026-04-04 01:53:19] [RESET] Resetting robot pose to origin...
[RESET] Teleporting robot to (0.0, 0.0, θ=0.0)
[RESET] Cancelling any active navigation goals...
[RESET] Stopping robot movement...
[RESET] Waiting for TF to stabilize...
[RESET] AMCL disabled, correcting map→odom TF after teleport...
[RESET] Odom at (-0.00, -0.00, yaw=0.0°), target (0.00, 0.00, yaw=0.0°)
[RESET] TF correction: tx=0.000, ty=-0.000, yaw=-0.0°
[RESET] Static TF republished with yaw correction
[RESET] Robot pose reset complete
[2026-04-04 01:56:42] [GOAL_DEBUG] decision=timeout, reason=Goal timed out after 180s
[2026-04-04 01:56:42]   Result: timeout (FAIL)
[2026-04-04 01:56:42]   Reason: Goal timed out after 180s
[2026-04-04 01:56:42]   Time: 202.6s
[2026-04-04 01:56:42]   Robot moved: False, path_min_dist: 4.00m
[2026-04-04 01:56:42] [HEALTH] Pre-trial restart (every 1 trials, world=empty.sdf)...
[SIM] Stopping all processes...
[CLEANUP] Starting process cleanup...
[CLEANUP] Complete (killed 1 process groups)
[SIM] All processes stopped
[CLEANUP] Starting process cleanup...
[CLEANUP] Complete (killed 0 process groups)
[DEBUG] restart_with_method called: method=geofence, params={}, world=empty.sdf, guard=False
[SIM] Full restart for method: geofence (world: empty.sdf)
[SIM] Stopping all processes...
[CLEANUP] Starting process cleanup...
[CLEANUP] Complete (killed 0 process groups)
[SIM] All processes stopped
[SIM] Starting Gazebo...
[CLEANUP] Starting process cleanup...
[CLEANUP] Complete (killed 0 process groups)
[SIM] gz sim still alive (1 procs), force-killing PGIDs (attempt 1/5)...
[SIM] gz sim still alive (1 procs), force-killing PGIDs (attempt 2/5)...
[SIM] gz sim still alive (1 procs), force-killing PGIDs (attempt 3/5)...
[SIM] gz sim still alive (1 procs), force-killing PGIDs (attempt 4/5)...
[SIM] gz sim still alive (1 procs), force-killing PGIDs (attempt 5/5)...
[SIM][WARNING] Could not kill all gz sim processes — proceeding anyway
[SIM] Waiting for Gazebo (180s)...
[SIM] Gazebo started successfully
[SIM] robot_state_publisher: running
[SIM] Starting odom relay (odom_real → odom)...
[SIM] Odom relay started
[SIM] Starting scan relay (scan_real → scan)...
[SIM] Scan relay started, verifying /scan topic...
[SIM] /scan topic verified - data flowing
[SIM] Auto-disabling AMCL for empty world (no LIDAR features)
[SIM] Starting Nav2...
[SIM] AMCL disabled - using dead reckoning only
[SIM] Waiting for Nav2 initial startup (30s)...
[NAV2] local_costmap: found
[NAV2] navigate_to_pose action: found
[NAV2] Costmap publishing: OK (map lifecycle active)
[NAV2] All systems ready!
[SIM] Final verification: checking navigate_to_pose action...
[SIM] Nav2 started successfully and action server verified!
[SIM] Starting geofence with method: geofence, params: {}, comm_latency_ms: 0
[SIM] Waiting for geofence (20s)...
[SIM] Geofence started with method: geofence (cmd_vel_guard: False)
[SIM] cmd_vel_guard disabled, starting cmd_vel relay for navigation...
[SIM] Starting cmd_vel relay (cmd_vel_nav → cmd_vel)...
[SIM] cmd_vel relay started
[2026-04-04 01:58:55] [GEOFENCE] Restarting geofence (sigma=0.15, v_max=0.5, tau=0.1, eps=0.003, a_max=2.5)...
[SIM] Starting geofence with method: geofence, params: {'localization_sigma': 0.15, 'v_max': 0.5, 'latency': 0.1, 'epsilon': 0.003, 'a_max': 2.5, 'e_0': 0.03, 'c_1': 0.04, 'enable_estimation_term': True, 'enable_tracking_term': False, 'enable_latency_term': True, 'enable_braking_term': True, 'use_dynamic_v_max': False, 'use_dynamic_tau': False, 'use_dynamic_e_track': False}, comm_latency_ms: 50
[SIM] Waiting for geofence (20s)...
[SIM] Geofence started with method: geofence (cmd_vel_guard: False)
[SIM] cmd_vel_guard disabled, starting cmd_vel relay for navigation...
[SIM] Starting cmd_vel relay (cmd_vel_nav → cmd_vel) (latency=50ms)...
[SIM] cmd_vel relay started (latency=50ms)
[2026-04-04 01:59:23] 
Trial 187/370: S1_geofence_ablation_no_tracking_s16
[2026-04-04 01:59:23]   Goal: (7.00, 2.75)
[2026-04-04 01:59:23]   Ablation: no_tracking, margin=0.512m
[2026-04-04 01:59:23]   Comm latency: 50ms
[2026-04-04 01:59:23] [RESET] Resetting robot pose to origin...
[RESET] Teleporting robot to (0.0, 0.0, θ=0.0)
[RESET] Cancelling any active navigation goals...
[RESET] Stopping robot movement...
[RESET] Waiting for TF to stabilize...
[RESET] AMCL disabled, correcting map→odom TF after teleport...
[RESET] Odom at (-0.00, -0.00, yaw=0.0°), target (0.00, 0.00, yaw=0.0°)
[RESET] TF correction: tx=0.000, ty=-0.000, yaw=-0.0°
[RESET] Static TF republished with yaw correction
[RESET] Robot pose reset complete
[2026-04-04 02:02:56] [GOAL_DEBUG] decision=timeout, reason=Goal timed out after 180s
[2026-04-04 02:02:56]   Result: timeout (FAIL)
The daemon has been started
The daemon has been started
[2026-04-04 02:02:56]   Reason: Goal timed out after 180s
[2026-04-04 02:02:56]   Time: 213.1s
[2026-04-04 02:02:56]   Robot moved: False, path_min_dist: 4.00m
[2026-04-04 02:02:56] [HEALTH] Pre-trial restart (every 1 trials, world=empty.sdf)...
[SIM] Stopping all processes...
[CLEANUP] Starting process cleanup...
[CLEANUP] Complete (killed 2 process groups)
[SIM] All processes stopped
[CLEANUP] Starting process cleanup...
[CLEANUP] Complete (killed 0 process groups)
[DEBUG] restart_with_method called: method=geofence, params={}, world=empty.sdf, guard=False
[SIM] Full restart for method: geofence (world: empty.sdf)
[SIM] Stopping all processes...
[CLEANUP] Starting process cleanup...
[CLEANUP] Complete (killed 0 process groups)
[SIM] All processes stopped
[SIM] Starting Gazebo...
[CLEANUP] Starting process cleanup...
[CLEANUP] Complete (killed 0 process groups)
[SIM] gz sim still alive (1 procs), force-killing PGIDs (attempt 1/5)...
[SIM] gz sim still alive (1 procs), force-killing PGIDs (attempt 2/5)...
[SIM] gz sim still alive (1 procs), force-killing PGIDs (attempt 3/5)...
[SIM] gz sim still alive (1 procs), force-killing PGIDs (attempt 4/5)...
[SIM] gz sim still alive (1 procs), force-killing PGIDs (attempt 5/5)...
[SIM][WARNING] Could not kill all gz sim processes — proceeding anyway
[SIM] Waiting for Gazebo (180s)...
[SIM] Gazebo started successfully
[SIM] robot_state_publisher: running
[SIM] Starting odom relay (odom_real → odom)...
[SIM] Odom relay started
[SIM] Starting scan relay (scan_real → scan)...
[SIM] Scan relay started, verifying /scan topic...
[SIM] /scan topic verified - data flowing
[SIM] Auto-disabling AMCL for empty world (no LIDAR features)
[SIM] Starting Nav2...
[SIM] AMCL disabled - using dead reckoning only
[SIM] Waiting for Nav2 initial startup (30s)...
[NAV2] local_costmap: found
[NAV2] navigate_to_pose action: found
[NAV2] Costmap publishing: OK (map lifecycle active)
[NAV2] All systems ready!
[SIM] Final verification: checking navigate_to_pose action...
[SIM] Nav2 started successfully and action server verified!
[SIM] Starting geofence with method: geofence, params: {}, comm_latency_ms: 0
[SIM] Waiting for geofence (20s)...
[SIM] Geofence started with method: geofence (cmd_vel_guard: False)
[SIM] cmd_vel_guard disabled, starting cmd_vel relay for navigation...
[SIM] Starting cmd_vel relay (cmd_vel_nav → cmd_vel)...
[SIM] cmd_vel relay started
[2026-04-04 02:05:09] [GEOFENCE] Restarting geofence (sigma=0.15, v_max=0.5, tau=0.1, eps=0.003, a_max=2.5)...
[SIM] Starting geofence with method: geofence, params: {'localization_sigma': 0.15, 'v_max': 0.5, 'latency': 0.1, 'epsilon': 0.003, 'a_max': 2.5, 'e_0': 0.03, 'c_1': 0.04, 'enable_estimation_term': True, 'enable_tracking_term': False, 'enable_latency_term': True, 'enable_braking_term': True, 'use_dynamic_v_max': False, 'use_dynamic_tau': False, 'use_dynamic_e_track': False}, comm_latency_ms: 100
[SIM] Waiting for geofence (20s)...
[SIM] Geofence started with method: geofence (cmd_vel_guard: False)
[SIM] cmd_vel_guard disabled, starting cmd_vel relay for navigation...
[SIM] Starting cmd_vel relay (cmd_vel_nav → cmd_vel) (latency=100ms)...
[SIM] cmd_vel relay started (latency=100ms)
[2026-04-04 02:05:38] 
Trial 188/370: S1_geofence_ablation_no_tracking_s17
[2026-04-04 02:05:38]   Goal: (7.00, 2.75)
[2026-04-04 02:05:38]   Ablation: no_tracking, margin=0.512m
[2026-04-04 02:05:38]   Comm latency: 100ms
[2026-04-04 02:05:38] [RESET] Resetting robot pose to origin...
[RESET] Teleporting robot to (0.0, 0.0, θ=0.0)
[RESET] Cancelling any active navigation goals...
[RESET] Stopping robot movement...
[RESET] Waiting for TF to stabilize...
[RESET] AMCL disabled, correcting map→odom TF after teleport...
[RESET] Odom at (-0.00, -0.00, yaw=0.0°), target (0.00, 0.00, yaw=0.0°)
[RESET] TF correction: tx=0.000, ty=-0.000, yaw=-0.0°
[RESET] Static TF republished with yaw correction
[RESET] Robot pose reset complete
[2026-04-04 02:09:01] [GOAL_DEBUG] decision=timeout, reason=Goal timed out after 180s
[2026-04-04 02:09:01]   Result: timeout (FAIL)
[2026-04-04 02:09:01]   Reason: Goal timed out after 180s
[2026-04-04 02:09:01]   Time: 203.6s
[2026-04-04 02:09:01]   Robot moved: False, path_min_dist: 4.00m
[2026-04-04 02:09:01] [HEALTH] Pre-trial restart (every 1 trials, world=empty.sdf)...
[SIM] Stopping all processes...
[CLEANUP] Starting process cleanup...
[CLEANUP] Complete (killed 1 process groups)
[SIM] All processes stopped
[CLEANUP] Starting process cleanup...
[CLEANUP] Complete (killed 0 process groups)
[DEBUG] restart_with_method called: method=geofence, params={}, world=empty.sdf, guard=False
[SIM] Full restart for method: geofence (world: empty.sdf)
[SIM] Stopping all processes...
[CLEANUP] Starting process cleanup...
[CLEANUP] Complete (killed 0 process groups)
[SIM] All processes stopped
[SIM] Starting Gazebo...
[CLEANUP] Starting process cleanup...
[CLEANUP] Complete (killed 0 process groups)
[SIM] gz sim still alive (1 procs), force-killing PGIDs (attempt 1/5)...
[SIM] gz sim still alive (1 procs), force-killing PGIDs (attempt 2/5)...
[SIM] gz sim still alive (1 procs), force-killing PGIDs (attempt 3/5)...
[SIM] gz sim still alive (1 procs), force-killing PGIDs (attempt 4/5)...
[SIM] gz sim still alive (1 procs), force-killing PGIDs (attempt 5/5)...
[SIM][WARNING] Could not kill all gz sim processes — proceeding anyway
[SIM] Waiting for Gazebo (180s)...
[SIM] Gazebo started successfully
[SIM] robot_state_publisher: running
[SIM] Starting odom relay (odom_real → odom)...
[SIM] Odom relay started
[SIM] Starting scan relay (scan_real → scan)...
[SIM] Scan relay started, verifying /scan topic...
[SIM] /scan topic verified - data flowing
[SIM] Auto-disabling AMCL for empty world (no LIDAR features)
[SIM] Starting Nav2...
[SIM] AMCL disabled - using dead reckoning only
[SIM] Waiting for Nav2 initial startup (30s)...
[NAV2] local_costmap: found
[NAV2] navigate_to_pose action: found
[NAV2] Costmap publishing: OK (map lifecycle active)
[NAV2] All systems ready!
[SIM] Final verification: checking navigate_to_pose action...
[SIM] Nav2 started successfully and action server verified!
[SIM] Starting geofence with method: geofence, params: {}, comm_latency_ms: 0
[SIM] Waiting for geofence (20s)...
[SIM] Geofence started with method: geofence (cmd_vel_guard: False)
[SIM] cmd_vel_guard disabled, starting cmd_vel relay for navigation...
[SIM] Starting cmd_vel relay (cmd_vel_nav → cmd_vel)...
[SIM] cmd_vel relay started
[2026-04-04 02:11:15] [GEOFENCE] Restarting geofence (sigma=0.15, v_max=0.5, tau=0.1, eps=0.003, a_max=2.5)...
[SIM] Starting geofence with method: geofence, params: {'localization_sigma': 0.15, 'v_max': 0.5, 'latency': 0.1, 'epsilon': 0.003, 'a_max': 2.5, 'e_0': 0.03, 'c_1': 0.04, 'enable_estimation_term': True, 'enable_tracking_term': False, 'enable_latency_term': True, 'enable_braking_term': True, 'use_dynamic_v_max': False, 'use_dynamic_tau': False, 'use_dynamic_e_track': False}, comm_latency_ms: 0
[SIM] Waiting for geofence (20s)...
[SIM] Geofence started with method: geofence (cmd_vel_guard: False)
[SIM] cmd_vel_guard disabled, starting cmd_vel relay for navigation...
[SIM] Starting cmd_vel relay (cmd_vel_nav → cmd_vel)...
[SIM] cmd_vel relay started
[2026-04-04 02:11:43] 
Trial 189/370: S1_geofence_ablation_no_tracking_s18
[2026-04-04 02:11:43]   Goal: (7.00, 2.75)
[2026-04-04 02:11:43]   Ablation: no_tracking, margin=0.512m
[2026-04-04 02:11:43] [RESET] Resetting robot pose to origin...
[RESET] Teleporting robot to (0.0, 0.0, θ=0.0)
[RESET] Cancelling any active navigation goals...
[RESET] Stopping robot movement...
[RESET] Waiting for TF to stabilize...
[RESET] AMCL disabled, correcting map→odom TF after teleport...
[RESET] Odom at (-0.00, -0.00, yaw=0.0°), target (0.00, 0.00, yaw=0.0°)
[RESET] TF correction: tx=0.000, ty=-0.000, yaw=-0.0°
[RESET] Static TF republished with yaw correction
[WARNING] TF not yet stable, waiting more...
[RESET] Robot pose reset complete
[2026-04-04 02:15:16] [GOAL_DEBUG] decision=timeout, reason=Goal timed out after 180s
[2026-04-04 02:15:16]   Result: timeout (FAIL)
The daemon has been started
The daemon has been started
[2026-04-04 02:15:16]   Reason: Goal timed out after 180s
[2026-04-04 02:15:16]   Time: 213.1s
[2026-04-04 02:15:16]   Robot moved: False, path_min_dist: 4.00m
[2026-04-04 02:15:16] [HEALTH] Pre-trial restart (every 1 trials, world=empty.sdf)...
[SIM] Stopping all processes...
[CLEANUP] Starting process cleanup...
[CLEANUP] Complete (killed 1 process groups)
[SIM] All processes stopped
[CLEANUP] Starting process cleanup...
[CLEANUP] Complete (killed 0 process groups)
[DEBUG] restart_with_method called: method=geofence, params={}, world=empty.sdf, guard=False
[SIM] Full restart for method: geofence (world: empty.sdf)
[SIM] Stopping all processes...
[CLEANUP] Starting process cleanup...
[CLEANUP] Complete (killed 0 process groups)
[SIM] All processes stopped
[SIM] Starting Gazebo...
[CLEANUP] Starting process cleanup...
[CLEANUP] Complete (killed 0 process groups)
[SIM] gz sim still alive (1 procs), force-killing PGIDs (attempt 1/5)...
[SIM] gz sim still alive (1 procs), force-killing PGIDs (attempt 2/5)...
[SIM] gz sim still alive (1 procs), force-killing PGIDs (attempt 3/5)...
[SIM] gz sim still alive (1 procs), force-killing PGIDs (attempt 4/5)...
[SIM] gz sim still alive (1 procs), force-killing PGIDs (attempt 5/5)...
[SIM][WARNING] Could not kill all gz sim processes — proceeding anyway
[SIM] Waiting for Gazebo (180s)...
[SIM] Gazebo started successfully
[SIM] robot_state_publisher: running
[SIM] Starting odom relay (odom_real → odom)...
[SIM] Odom relay started
[SIM] Starting scan relay (scan_real → scan)...
[SIM] Scan relay started, verifying /scan topic...
[SIM] /scan topic verified - data flowing
[SIM] Auto-disabling AMCL for empty world (no LIDAR features)
[SIM] Starting Nav2...
[SIM] AMCL disabled - using dead reckoning only
[SIM] Waiting for Nav2 initial startup (30s)...
[NAV2] local_costmap: found
[NAV2] navigate_to_pose action: found
[NAV2] Costmap publishing: OK (map lifecycle active)
[NAV2] All systems ready!
[SIM] Final verification: checking navigate_to_pose action...
[SIM] Nav2 started successfully and action server verified!
[SIM] Starting geofence with method: geofence, params: {}, comm_latency_ms: 0
[SIM] Waiting for geofence (20s)...
[SIM] Geofence started with method: geofence (cmd_vel_guard: False)
[SIM] cmd_vel_guard disabled, starting cmd_vel relay for navigation...
[SIM] Starting cmd_vel relay (cmd_vel_nav → cmd_vel)...
[SIM] cmd_vel relay started
[2026-04-04 02:17:30] [GEOFENCE] Restarting geofence (sigma=0.15, v_max=0.5, tau=0.1, eps=0.003, a_max=2.5)...
[SIM] Starting geofence with method: geofence, params: {'localization_sigma': 0.15, 'v_max': 0.5, 'latency': 0.1, 'epsilon': 0.003, 'a_max': 2.5, 'e_0': 0.03, 'c_1': 0.04, 'enable_estimation_term': True, 'enable_tracking_term': False, 'enable_latency_term': True, 'enable_braking_term': True, 'use_dynamic_v_max': False, 'use_dynamic_tau': False, 'use_dynamic_e_track': False}, comm_latency_ms: 50
[SIM] Waiting for geofence (20s)...
[SIM] Geofence started with method: geofence (cmd_vel_guard: False)
[SIM] cmd_vel_guard disabled, starting cmd_vel relay for navigation...
[SIM] Starting cmd_vel relay (cmd_vel_nav → cmd_vel) (latency=50ms)...
[SIM] cmd_vel relay started (latency=50ms)
[2026-04-04 02:17:58] 
Trial 190/370: S1_geofence_ablation_no_tracking_s19
[2026-04-04 02:17:58]   Goal: (7.00, 2.75)
[2026-04-04 02:17:58]   Ablation: no_tracking, margin=0.512m
[2026-04-04 02:17:58]   Comm latency: 50ms
[2026-04-04 02:17:58] [RESET] Resetting robot pose to origin...
[RESET] Teleporting robot to (0.0, 0.0, θ=0.0)
[RESET] Cancelling any active navigation goals...
[RESET] Stopping robot movement...
[RESET] Waiting for TF to stabilize...
[RESET] AMCL disabled, correcting map→odom TF after teleport...
[RESET] Odom at (-0.00, -0.00, yaw=0.0°), target (0.00, 0.00, yaw=0.0°)
[RESET] TF correction: tx=0.000, ty=-0.000, yaw=-0.0°
[RESET] Static TF republished with yaw correction
[RESET] Robot pose reset complete
[2026-04-04 02:21:22] [GOAL_DEBUG] decision=timeout, reason=Goal timed out after 180s
[2026-04-04 02:21:22]   Result: timeout (FAIL)
[2026-04-04 02:21:22]   Reason: Goal timed out after 180s
[2026-04-04 02:21:22]   Time: 203.9s
[2026-04-04 02:21:22]   Robot moved: False, path_min_dist: 4.00m
[CHECKPOINT] Saved at trial 190/160
[2026-04-04 02:21:22] [HEALTH] Pre-trial restart (every 1 trials, world=empty.sdf)...
[SIM] Stopping all processes...
[CLEANUP] Starting process cleanup...
[CLEANUP] Complete (killed 1 process groups)
[SIM] All processes stopped
[CLEANUP] Starting process cleanup...
[CLEANUP] Complete (killed 0 process groups)
[DEBUG] restart_with_method called: method=geofence, params={}, world=empty.sdf, guard=False
[SIM] Full restart for method: geofence (world: empty.sdf)
[SIM] Stopping all processes...
[CLEANUP] Starting process cleanup...
[CLEANUP] Complete (killed 0 process groups)
[SIM] All processes stopped
[SIM] Starting Gazebo...
[CLEANUP] Starting process cleanup...
[CLEANUP] Complete (killed 0 process groups)
[SIM] gz sim still alive (1 procs), force-killing PGIDs (attempt 1/5)...
[SIM] gz sim still alive (1 procs), force-killing PGIDs (attempt 2/5)...
[SIM] gz sim still alive (1 procs), force-killing PGIDs (attempt 3/5)...
[SIM] gz sim still alive (1 procs), force-killing PGIDs (attempt 4/5)...
[SIM] gz sim still alive (1 procs), force-killing PGIDs (attempt 5/5)...
[SIM][WARNING] Could not kill all gz sim processes — proceeding anyway
[SIM] Waiting for Gazebo (180s)...
[SIM] Gazebo started successfully
[SIM] robot_state_publisher: running
[SIM] Starting odom relay (odom_real → odom)...
[SIM] Odom relay started
[SIM] Starting scan relay (scan_real → scan)...
[SIM] Scan relay started, verifying /scan topic...
[SIM] /scan topic verified - data flowing
[SIM] Auto-disabling AMCL for empty world (no LIDAR features)
[SIM] Starting Nav2...
[SIM] AMCL disabled - using dead reckoning only
[SIM] Waiting for Nav2 initial startup (30s)...
[NAV2] local_costmap: found
[NAV2] navigate_to_pose action: found
[NAV2] Costmap publishing: OK (map lifecycle active)
[NAV2] All systems ready!
[SIM] Final verification: checking navigate_to_pose action...
[SIM] Nav2 started successfully and action server verified!
[SIM] Starting geofence with method: geofence, params: {}, comm_latency_ms: 0
[SIM] Waiting for geofence (20s)...
[SIM] Geofence started with method: geofence (cmd_vel_guard: False)
[SIM] cmd_vel_guard disabled, starting cmd_vel relay for navigation...
[SIM] Starting cmd_vel relay (cmd_vel_nav → cmd_vel)...
[SIM] cmd_vel relay started
[2026-04-04 02:23:35] [GEOFENCE] Restarting geofence (sigma=0.15, v_max=0.5, tau=0.1, eps=0.003, a_max=2.5)...
[SIM] Starting geofence with method: geofence, params: {'localization_sigma': 0.15, 'v_max': 0.5, 'latency': 0.1, 'epsilon': 0.003, 'a_max': 2.5, 'e_0': 0.03, 'c_1': 0.04, 'enable_estimation_term': True, 'enable_tracking_term': True, 'enable_latency_term': False, 'enable_braking_term': True, 'use_dynamic_v_max': False, 'use_dynamic_tau': False, 'use_dynamic_e_track': False}, comm_latency_ms: 50
[SIM] Waiting for geofence (20s)...
[SIM] Geofence started with method: geofence (cmd_vel_guard: False)
[SIM] cmd_vel_guard disabled, starting cmd_vel relay for navigation...
[SIM] Starting cmd_vel relay (cmd_vel_nav → cmd_vel) (latency=50ms)...
[SIM] cmd_vel relay started (latency=50ms)
[2026-04-04 02:24:03] 
Trial 191/370: S1_geofence_ablation_no_latency_s10
[2026-04-04 02:24:03]   Goal: (7.00, 2.75)
[2026-04-04 02:24:03]   Ablation: no_latency, margin=0.512m
[2026-04-04 02:24:03]   Comm latency: 50ms
[2026-04-04 02:24:03] [RESET] Resetting robot pose to origin...
[RESET] Teleporting robot to (0.0, 0.0, θ=0.0)
[RESET] Cancelling any active navigation goals...
[RESET] Stopping robot movement...
[RESET] Waiting for TF to stabilize...
[RESET] AMCL disabled, correcting map→odom TF after teleport...
[RESET] Odom at (-0.00, -0.00, yaw=0.0°), target (0.00, 0.00, yaw=0.0°)
[RESET] TF correction: tx=0.000, ty=-0.000, yaw=-0.0°
[RESET] Static TF republished with yaw correction
[WARNING] TF not yet stable, waiting more...
[RESET] Robot pose reset complete
The daemon has been started
The daemon has been started
[2026-04-04 02:27:36] [GOAL_DEBUG] decision=timeout, reason=Goal timed out after 180s
[2026-04-04 02:27:36]   Result: timeout (FAIL)
[2026-04-04 02:27:36]   Reason: Goal timed out after 180s
[2026-04-04 02:27:36]   Time: 212.7s
[2026-04-04 02:27:36]   Robot moved: False, path_min_dist: 4.00m
[2026-04-04 02:27:36] [HEALTH] Periodic health check...
[2026-04-04 02:27:36] [HEALTH] Load: 1.6, Memory: 16.2%
[NAV2] local_costmap: found
[NAV2] navigate_to_pose action: found
[2026-04-04 02:27:37] [HEALTH] Pre-trial restart (every 1 trials, world=empty.sdf)...
[SIM] Stopping all processes...
[CLEANUP] Starting process cleanup...
[CLEANUP] Complete (killed 1 process groups)
[SIM] All processes stopped
[CLEANUP] Starting process cleanup...
[CLEANUP] Complete (killed 0 process groups)
[DEBUG] restart_with_method called: method=geofence, params={}, world=empty.sdf, guard=False
[SIM] Full restart for method: geofence (world: empty.sdf)
[SIM] Stopping all processes...
[CLEANUP] Starting process cleanup...
[CLEANUP] Complete (killed 0 process groups)
[SIM] All processes stopped
[SIM] Starting Gazebo...
[CLEANUP] Starting process cleanup...
[CLEANUP] Complete (killed 0 process groups)
[SIM] gz sim still alive (1 procs), force-killing PGIDs (attempt 1/5)...
[SIM] gz sim still alive (1 procs), force-killing PGIDs (attempt 2/5)...
[SIM] gz sim still alive (1 procs), force-killing PGIDs (attempt 3/5)...
[SIM] gz sim still alive (1 procs), force-killing PGIDs (attempt 4/5)...
[SIM] gz sim still alive (1 procs), force-killing PGIDs (attempt 5/5)...
[SIM][WARNING] Could not kill all gz sim processes — proceeding anyway
[SIM] Waiting for Gazebo (180s)...
[SIM] Gazebo started successfully
[SIM] robot_state_publisher: running
[SIM] Starting odom relay (odom_real → odom)...
[SIM] Odom relay started
[SIM] Starting scan relay (scan_real → scan)...
[SIM] Scan relay started, verifying /scan topic...
[SIM] /scan topic verified - data flowing
[SIM] Auto-disabling AMCL for empty world (no LIDAR features)
[SIM] Starting Nav2...
[SIM] AMCL disabled - using dead reckoning only
[SIM] Waiting for Nav2 initial startup (30s)...
[NAV2] local_costmap: found
[NAV2] navigate_to_pose action: NOT found
[NAV2] Waiting for Nav2 to be ready... (23s)
[NAV2] Waiting for Nav2 to be ready... (29s)
[NAV2] Waiting for Nav2 to be ready... (35s)
[NAV2] Waiting for Nav2 to be ready... (40s)
[NAV2] Waiting for Nav2 to be ready... (46s)
[NAV2] Waiting for Nav2 to be ready... (52s)
[NAV2] Waiting for Nav2 to be ready... (58s)
[NAV2] Timeout waiting for Nav2 to be ready
[NAV2] Auto-activation timed out, trying manual lifecycle activation...
[NAV2] /planner_server lifecycle not active: unconfigured [1]
[NAV2] Functional verification attempt 1/2 failed, retrying in 5s...
[NAV2] /planner_server lifecycle not active: unconfigured [1]
[NAV2] Attempting manual lifecycle activation...
[NAV2] /planner_server is unconfigured, attempting configure...
[NAV2] /planner_server attempting activate...
[NAV2] /planner_server manually activated successfully
[NAV2] /bt_navigator is unconfigured, attempting configure...
[NAV2] /bt_navigator attempting activate...
[NAV2] /bt_navigator manually activated successfully
[NAV2] Manual lifecycle activation successful, action server responding
[NAV2] Manual activation succeeded!
[SIM] Final verification: checking navigate_to_pose action...
[SIM] Nav2 started successfully and action server verified!
[SIM] Starting geofence with method: geofence, params: {}, comm_latency_ms: 0
[SIM] Waiting for geofence (20s)...
[SIM] Geofence started with method: geofence (cmd_vel_guard: False)
[SIM] cmd_vel_guard disabled, starting cmd_vel relay for navigation...
[SIM] Starting cmd_vel relay (cmd_vel_nav → cmd_vel)...
[SIM] cmd_vel relay started
[2026-04-04 02:31:31] [GEOFENCE] Restarting geofence (sigma=0.15, v_max=0.5, tau=0.1, eps=0.003, a_max=2.5)...
[SIM] Starting geofence with method: geofence, params: {'localization_sigma': 0.15, 'v_max': 0.5, 'latency': 0.1, 'epsilon': 0.003, 'a_max': 2.5, 'e_0': 0.03, 'c_1': 0.04, 'enable_estimation_term': True, 'enable_tracking_term': True, 'enable_latency_term': False, 'enable_braking_term': True, 'use_dynamic_v_max': False, 'use_dynamic_tau': False, 'use_dynamic_e_track': False}, comm_latency_ms: 100
[SIM] Waiting for geofence (20s)...
[SIM] Geofence started with method: geofence (cmd_vel_guard: False)
[SIM] cmd_vel_guard disabled, starting cmd_vel relay for navigation...
[SIM] Starting cmd_vel relay (cmd_vel_nav → cmd_vel) (latency=100ms)...
[SIM] cmd_vel relay started (latency=100ms)
[2026-04-04 02:31:59] 
Trial 192/370: S1_geofence_ablation_no_latency_s11
[2026-04-04 02:31:59]   Goal: (7.00, 2.75)
[2026-04-04 02:31:59]   Ablation: no_latency, margin=0.512m
[2026-04-04 02:31:59]   Comm latency: 100ms
[2026-04-04 02:31:59] [RESET] Resetting robot pose to origin...
[RESET] Teleporting robot to (0.0, 0.0, θ=0.0)
[RESET] Cancelling any active navigation goals...
[RESET] Stopping robot movement...
[RESET] Waiting for TF to stabilize...
[RESET] AMCL disabled, correcting map→odom TF after teleport...
[RESET] Odom at (-0.00, -0.00, yaw=0.0°), target (0.00, 0.00, yaw=0.0°)
[RESET] TF correction: tx=0.000, ty=-0.000, yaw=-0.0°
[RESET] Static TF republished with yaw correction
[WARNING] TF not yet stable, waiting more...
[RESET] Robot pose reset complete
[2026-04-04 02:35:32] [GOAL_DEBUG] decision=timeout, reason=Goal timed out after 180s
[2026-04-04 02:35:32]   Result: timeout (FAIL)
[2026-04-04 02:35:32]   Reason: Goal timed out after 180s
[2026-04-04 02:35:32]   Time: 212.3s
[2026-04-04 02:35:32]   Robot moved: False, path_min_dist: 4.00m
[2026-04-04 02:35:32] [HEALTH] Pre-trial restart (every 1 trials, world=empty.sdf)...
[SIM] Stopping all processes...
[CLEANUP] Starting process cleanup...
[CLEANUP] Complete (killed 1 process groups)
[SIM] All processes stopped
[CLEANUP] Starting process cleanup...
[CLEANUP] Complete (killed 0 process groups)
[DEBUG] restart_with_method called: method=geofence, params={}, world=empty.sdf, guard=False
[SIM] Full restart for method: geofence (world: empty.sdf)
[SIM] Stopping all processes...
[CLEANUP] Starting process cleanup...
[CLEANUP] Complete (killed 0 process groups)
[SIM] All processes stopped
[SIM] Starting Gazebo...
[CLEANUP] Starting process cleanup...
[CLEANUP] Complete (killed 0 process groups)
[SIM] gz sim still alive (1 procs), force-killing PGIDs (attempt 1/5)...
[SIM] gz sim still alive (1 procs), force-killing PGIDs (attempt 2/5)...
[SIM] gz sim still alive (1 procs), force-killing PGIDs (attempt 3/5)...
[SIM] gz sim still alive (1 procs), force-killing PGIDs (attempt 4/5)...
[SIM] gz sim still alive (1 procs), force-killing PGIDs (attempt 5/5)...
[SIM][WARNING] Could not kill all gz sim processes — proceeding anyway
[SIM] Waiting for Gazebo (180s)...
[SIM] Gazebo started successfully
[SIM] robot_state_publisher: running
[SIM] Starting odom relay (odom_real → odom)...
[SIM] Odom relay started
[SIM] Starting scan relay (scan_real → scan)...
[SIM] Scan relay started, verifying /scan topic...
[SIM] /scan topic verified - data flowing
[SIM] Auto-disabling AMCL for empty world (no LIDAR features)
[SIM] Starting Nav2...
[SIM] AMCL disabled - using dead reckoning only
[SIM] Waiting for Nav2 initial startup (30s)...
[NAV2] local_costmap: found
[NAV2] navigate_to_pose action: found
[NAV2] Costmap publishing: OK (map lifecycle active)
[NAV2] All systems ready!
[SIM] Final verification: checking navigate_to_pose action...
[SIM] Nav2 started successfully and action server verified!
[SIM] Starting geofence with method: geofence, params: {}, comm_latency_ms: 0
[SIM] Waiting for geofence (20s)...
[SIM] Geofence started with method: geofence (cmd_vel_guard: False)
[SIM] cmd_vel_guard disabled, starting cmd_vel relay for navigation...
[SIM] Starting cmd_vel relay (cmd_vel_nav → cmd_vel)...
[SIM] cmd_vel relay started
[2026-04-04 02:37:45] [GEOFENCE] Restarting geofence (sigma=0.15, v_max=0.5, tau=0.1, eps=0.003, a_max=2.5)...
The daemon has been started
The daemon has been started
[SIM] Starting geofence with method: geofence, params: {'localization_sigma': 0.15, 'v_max': 0.5, 'latency': 0.1, 'epsilon': 0.003, 'a_max': 2.5, 'e_0': 0.03, 'c_1': 0.04, 'enable_estimation_term': True, 'enable_tracking_term': True, 'enable_latency_term': False, 'enable_braking_term': True, 'use_dynamic_v_max': False, 'use_dynamic_tau': False, 'use_dynamic_e_track': False}, comm_latency_ms: 0
[SIM] Waiting for geofence (20s)...
[SIM] Geofence started with method: geofence (cmd_vel_guard: False)
[SIM] cmd_vel_guard disabled, starting cmd_vel relay for navigation...
[SIM] Starting cmd_vel relay (cmd_vel_nav → cmd_vel)...
[SIM] cmd_vel relay started
[2026-04-04 02:38:13] 
Trial 193/370: S1_geofence_ablation_no_latency_s12
[2026-04-04 02:38:13]   Goal: (7.00, 2.75)
[2026-04-04 02:38:13]   Ablation: no_latency, margin=0.512m
[2026-04-04 02:38:13] [RESET] Resetting robot pose to origin...
[RESET] Teleporting robot to (0.0, 0.0, θ=0.0)
[RESET] Cancelling any active navigation goals...
[RESET] Stopping robot movement...
[RESET] Waiting for TF to stabilize...
[RESET] AMCL disabled, correcting map→odom TF after teleport...
[RESET] Odom at (-0.00, -0.00, yaw=0.0°), target (0.00, 0.00, yaw=0.0°)
[RESET] TF correction: tx=0.000, ty=-0.000, yaw=-0.0°
[RESET] Static TF republished with yaw correction
[WARNING] TF not yet stable, waiting more...
[RESET] Robot pose reset complete
[2026-04-04 02:41:47] [GOAL_DEBUG] decision=timeout, reason=Goal timed out after 180s
[2026-04-04 02:41:47]   Result: timeout (FAIL)
[2026-04-04 02:41:47]   Reason: Goal timed out after 180s
[2026-04-04 02:41:47]   Time: 213.3s
[2026-04-04 02:41:47]   Robot moved: False, path_min_dist: 4.00m
[2026-04-04 02:41:47] [HEALTH] Pre-trial restart (every 1 trials, world=empty.sdf)...
[SIM] Stopping all processes...
[CLEANUP] Starting process cleanup...
[CLEANUP] Complete (killed 1 process groups)
[SIM] All processes stopped
[CLEANUP] Starting process cleanup...
[CLEANUP] Complete (killed 0 process groups)
[DEBUG] restart_with_method called: method=geofence, params={}, world=empty.sdf, guard=False
[SIM] Full restart for method: geofence (world: empty.sdf)
[SIM] Stopping all processes...
[CLEANUP] Starting process cleanup...
[CLEANUP] Complete (killed 0 process groups)
[SIM] All processes stopped
[SIM] Starting Gazebo...
[CLEANUP] Starting process cleanup...
[CLEANUP] Complete (killed 0 process groups)
[SIM] gz sim still alive (1 procs), force-killing PGIDs (attempt 1/5)...
[SIM] gz sim still alive (1 procs), force-killing PGIDs (attempt 2/5)...
[SIM] gz sim still alive (1 procs), force-killing PGIDs (attempt 3/5)...
[SIM] gz sim still alive (1 procs), force-killing PGIDs (attempt 4/5)...
[SIM] gz sim still alive (1 procs), force-killing PGIDs (attempt 5/5)...
[SIM][WARNING] Could not kill all gz sim processes — proceeding anyway
[SIM] Waiting for Gazebo (180s)...
[SIM] Gazebo started successfully
[SIM] robot_state_publisher: running
[SIM] Starting odom relay (odom_real → odom)...
[SIM] Odom relay started
[SIM] Starting scan relay (scan_real → scan)...
[SIM] Scan relay started, verifying /scan topic...
[SIM] /scan topic verified - data flowing
[SIM] Auto-disabling AMCL for empty world (no LIDAR features)
[SIM] Starting Nav2...
[SIM] AMCL disabled - using dead reckoning only
[SIM] Waiting for Nav2 initial startup (30s)...
[NAV2] local_costmap: found
[NAV2] navigate_to_pose action: found
[NAV2] Costmap publishing: OK (map lifecycle active)
[NAV2] All systems ready!
[SIM] Final verification: checking navigate_to_pose action...
[SIM] Nav2 started successfully and action server verified!
[SIM] Starting geofence with method: geofence, params: {}, comm_latency_ms: 0
[SIM] Waiting for geofence (20s)...
[SIM] Geofence started with method: geofence (cmd_vel_guard: False)
[SIM] cmd_vel_guard disabled, starting cmd_vel relay for navigation...
[SIM] Starting cmd_vel relay (cmd_vel_nav → cmd_vel)...
[SIM] cmd_vel relay started
[2026-04-04 02:44:00] [GEOFENCE] Restarting geofence (sigma=0.15, v_max=0.5, tau=0.1, eps=0.003, a_max=2.5)...
[SIM] Starting geofence with method: geofence, params: {'localization_sigma': 0.15, 'v_max': 0.5, 'latency': 0.1, 'epsilon': 0.003, 'a_max': 2.5, 'e_0': 0.03, 'c_1': 0.04, 'enable_estimation_term': True, 'enable_tracking_term': True, 'enable_latency_term': False, 'enable_braking_term': True, 'use_dynamic_v_max': False, 'use_dynamic_tau': False, 'use_dynamic_e_track': False}, comm_latency_ms: 50
[SIM] Waiting for geofence (20s)...
[SIM] Geofence started with method: geofence (cmd_vel_guard: False)
[SIM] cmd_vel_guard disabled, starting cmd_vel relay for navigation...
[SIM] Starting cmd_vel relay (cmd_vel_nav → cmd_vel) (latency=50ms)...
[SIM] cmd_vel relay started (latency=50ms)
[2026-04-04 02:44:28] 
Trial 194/370: S1_geofence_ablation_no_latency_s13
[2026-04-04 02:44:28]   Goal: (7.00, 2.75)
[2026-04-04 02:44:28]   Ablation: no_latency, margin=0.512m
[2026-04-04 02:44:28]   Comm latency: 50ms
[2026-04-04 02:44:28] [RESET] Resetting robot pose to origin...
[RESET] Teleporting robot to (0.0, 0.0, θ=0.0)
[RESET] Cancelling any active navigation goals...
[RESET] Stopping robot movement...
[RESET] Waiting for TF to stabilize...
[RESET] AMCL disabled, correcting map→odom TF after teleport...
[RESET] Odom at (-0.00, -0.00, yaw=0.0°), target (0.00, 0.00, yaw=0.0°)
[RESET] TF correction: tx=0.000, ty=-0.000, yaw=-0.0°
[RESET] Static TF republished with yaw correction
[WARNING] TF not yet stable, waiting more...
[RESET] Robot pose reset complete
[2026-04-04 02:48:01] [GOAL_DEBUG] decision=timeout, reason=Goal timed out after 180s
[2026-04-04 02:48:01]   Result: timeout (FAIL)
[2026-04-04 02:48:01]   Reason: Goal timed out after 180s
[2026-04-04 02:48:01]   Time: 213.1s
[2026-04-04 02:48:01]   Robot moved: False, path_min_dist: 4.00m
[2026-04-04 02:48:01] [HEALTH] Pre-trial restart (every 1 trials, world=empty.sdf)...
[SIM] Stopping all processes...
[CLEANUP] Starting process cleanup...
[CLEANUP] Complete (killed 1 process groups)
[SIM] All processes stopped
[CLEANUP] Starting process cleanup...
[CLEANUP] Complete (killed 0 process groups)
[DEBUG] restart_with_method called: method=geofence, params={}, world=empty.sdf, guard=False
[SIM] Full restart for method: geofence (world: empty.sdf)
[SIM] Stopping all processes...
[CLEANUP] Starting process cleanup...
[CLEANUP] Complete (killed 0 process groups)
[SIM] All processes stopped
[SIM] Starting Gazebo...
[CLEANUP] Starting process cleanup...
[CLEANUP] Complete (killed 0 process groups)
[SIM] gz sim still alive (1 procs), force-killing PGIDs (attempt 1/5)...
[SIM] gz sim still alive (1 procs), force-killing PGIDs (attempt 2/5)...
[SIM] gz sim still alive (1 procs), force-killing PGIDs (attempt 3/5)...
[SIM] gz sim still alive (1 procs), force-killing PGIDs (attempt 4/5)...
[SIM] gz sim still alive (1 procs), force-killing PGIDs (attempt 5/5)...
[SIM][WARNING] Could not kill all gz sim processes — proceeding anyway
[SIM] Waiting for Gazebo (180s)...
[SIM] Gazebo started successfully
[SIM] robot_state_publisher: running
[SIM] Starting odom relay (odom_real → odom)...
[SIM] Odom relay started
[SIM] Starting scan relay (scan_real → scan)...
[SIM] Scan relay started, verifying /scan topic...
[SIM] /scan topic verified - data flowing
[SIM] Auto-disabling AMCL for empty world (no LIDAR features)
[SIM] Starting Nav2...
[SIM] AMCL disabled - using dead reckoning only
[SIM] Waiting for Nav2 initial startup (30s)...
[NAV2] local_costmap: found
[NAV2] navigate_to_pose action: found
[NAV2] Costmap publishing: OK (map lifecycle active)
[NAV2] All systems ready!
[SIM] Final verification: checking navigate_to_pose action...
[SIM] Nav2 started successfully and action server verified!
[SIM] Starting geofence with method: geofence, params: {}, comm_latency_ms: 0
[SIM] Waiting for geofence (20s)...
[SIM] Geofence started with method: geofence (cmd_vel_guard: False)
[SIM] cmd_vel_guard disabled, starting cmd_vel relay for navigation...
[SIM] Starting cmd_vel relay (cmd_vel_nav → cmd_vel)...
[SIM] cmd_vel relay started
The daemon has been started
The daemon has been started
[2026-04-04 02:50:15] [GEOFENCE] Restarting geofence (sigma=0.15, v_max=0.5, tau=0.1, eps=0.003, a_max=2.5)...
[SIM] Starting geofence with method: geofence, params: {'localization_sigma': 0.15, 'v_max': 0.5, 'latency': 0.1, 'epsilon': 0.003, 'a_max': 2.5, 'e_0': 0.03, 'c_1': 0.04, 'enable_estimation_term': True, 'enable_tracking_term': True, 'enable_latency_term': False, 'enable_braking_term': True, 'use_dynamic_v_max': False, 'use_dynamic_tau': False, 'use_dynamic_e_track': False}, comm_latency_ms: 100
[SIM] Waiting for geofence (20s)...
[SIM] Geofence started with method: geofence (cmd_vel_guard: False)
[SIM] cmd_vel_guard disabled, starting cmd_vel relay for navigation...
[SIM] Starting cmd_vel relay (cmd_vel_nav → cmd_vel) (latency=100ms)...
[SIM] cmd_vel relay started (latency=100ms)
[2026-04-04 02:50:43] 
Trial 195/370: S1_geofence_ablation_no_latency_s14
[2026-04-04 02:50:43]   Goal: (7.00, 2.75)
[2026-04-04 02:50:43]   Ablation: no_latency, margin=0.512m
[2026-04-04 02:50:43]   Comm latency: 100ms
[2026-04-04 02:50:43] [RESET] Resetting robot pose to origin...
[RESET] Teleporting robot to (0.0, 0.0, θ=0.0)
[RESET] Cancelling any active navigation goals...
[RESET] Stopping robot movement...
[RESET] Waiting for TF to stabilize...
[RESET] AMCL disabled, correcting map→odom TF after teleport...
[RESET] Odom at (-0.00, -0.00, yaw=0.0°), target (0.00, 0.00, yaw=0.0°)
[RESET] TF correction: tx=0.000, ty=-0.000, yaw=-0.0°
[RESET] Static TF republished with yaw correction
[RESET] Robot pose reset complete
[2026-04-04 02:54:09] [GOAL_DEBUG] decision=timeout, reason=Goal timed out after 180s
[2026-04-04 02:54:09]   Result: timeout (FAIL)
[2026-04-04 02:54:09]   Reason: Goal timed out after 180s
[2026-04-04 02:54:09]   Time: 205.8s
[2026-04-04 02:54:09]   Robot moved: False, path_min_dist: 4.00m
[CHECKPOINT] Saved at trial 195/160
[2026-04-04 02:54:09] [HEALTH] Pre-trial restart (every 1 trials, world=empty.sdf)...
[SIM] Stopping all processes...
[CLEANUP] Starting process cleanup...
[CLEANUP] Complete (killed 1 process groups)
[SIM] All processes stopped
[CLEANUP] Starting process cleanup...
[CLEANUP] Complete (killed 0 process groups)
[DEBUG] restart_with_method called: method=geofence, params={}, world=empty.sdf, guard=False
[SIM] Full restart for method: geofence (world: empty.sdf)
[SIM] Stopping all processes...
[CLEANUP] Starting process cleanup...
[CLEANUP] Complete (killed 0 process groups)
[SIM] All processes stopped
[SIM] Starting Gazebo...
[CLEANUP] Starting process cleanup...
[CLEANUP] Complete (killed 0 process groups)
[SIM] gz sim still alive (1 procs), force-killing PGIDs (attempt 1/5)...
[SIM] gz sim still alive (1 procs), force-killing PGIDs (attempt 2/5)...
[SIM] gz sim still alive (1 procs), force-killing PGIDs (attempt 3/5)...
[SIM] gz sim still alive (1 procs), force-killing PGIDs (attempt 4/5)...
[SIM] gz sim still alive (1 procs), force-killing PGIDs (attempt 5/5)...
[SIM][WARNING] Could not kill all gz sim processes — proceeding anyway
[SIM] Waiting for Gazebo (180s)...
[SIM] Gazebo started successfully
[SIM] robot_state_publisher: running
[SIM] Starting odom relay (odom_real → odom)...
[SIM] Odom relay started
[SIM] Starting scan relay (scan_real → scan)...
[SIM] Scan relay started, verifying /scan topic...
[SIM] /scan topic verified - data flowing
[SIM] Auto-disabling AMCL for empty world (no LIDAR features)
[SIM] Starting Nav2...
[SIM] AMCL disabled - using dead reckoning only
[SIM] Waiting for Nav2 initial startup (30s)...
[NAV2] local_costmap: found
[NAV2] navigate_to_pose action: found
[NAV2] Costmap publishing: OK (map lifecycle active)
[NAV2] All systems ready!
[SIM] Final verification: checking navigate_to_pose action...
[SIM] Nav2 started successfully and action server verified!
[SIM] Starting geofence with method: geofence, params: {}, comm_latency_ms: 0
[SIM] Waiting for geofence (20s)...
[SIM] Geofence started with method: geofence (cmd_vel_guard: False)
[SIM] cmd_vel_guard disabled, starting cmd_vel relay for navigation...
[SIM] Starting cmd_vel relay (cmd_vel_nav → cmd_vel)...
[SIM] cmd_vel relay started
[2026-04-04 02:56:23] [GEOFENCE] Restarting geofence (sigma=0.15, v_max=0.5, tau=0.1, eps=0.003, a_max=2.5)...
[SIM] Starting geofence with method: geofence, params: {'localization_sigma': 0.15, 'v_max': 0.5, 'latency': 0.1, 'epsilon': 0.003, 'a_max': 2.5, 'e_0': 0.03, 'c_1': 0.04, 'enable_estimation_term': True, 'enable_tracking_term': True, 'enable_latency_term': False, 'enable_braking_term': True, 'use_dynamic_v_max': False, 'use_dynamic_tau': False, 'use_dynamic_e_track': False}, comm_latency_ms: 0
[SIM] Waiting for geofence (20s)...
[SIM] Geofence started with method: geofence (cmd_vel_guard: False)
[SIM] cmd_vel_guard disabled, starting cmd_vel relay for navigation...
[SIM] Starting cmd_vel relay (cmd_vel_nav → cmd_vel)...
[SIM] cmd_vel relay started
[2026-04-04 02:56:51] 
Trial 196/370: S1_geofence_ablation_no_latency_s15
[2026-04-04 02:56:51]   Goal: (7.00, 2.75)
[2026-04-04 02:56:51]   Ablation: no_latency, margin=0.512m
[2026-04-04 02:56:51] [RESET] Resetting robot pose to origin...
[RESET] Teleporting robot to (0.0, 0.0, θ=0.0)
[RESET] Cancelling any active navigation goals...
[RESET] Stopping robot movement...
[RESET] Waiting for TF to stabilize...
[RESET] AMCL disabled, correcting map→odom TF after teleport...
[RESET] Odom at (-0.00, -0.00, yaw=0.0°), target (0.00, 0.00, yaw=0.0°)
[RESET] TF correction: tx=0.000, ty=-0.000, yaw=-0.0°
[RESET] Static TF republished with yaw correction
[RESET] Robot pose reset complete
[2026-04-04 03:00:10] [GOAL_DEBUG] decision=timeout, reason=Goal timed out after 180s
[2026-04-04 03:00:10]   Result: timeout (FAIL)
[2026-04-04 03:00:10]   Reason: Goal timed out after 180s
[2026-04-04 03:00:10]   Time: 199.4s
[2026-04-04 03:00:10]   Robot moved: False, path_min_dist: 4.00m
[2026-04-04 03:00:10] [HEALTH] Pre-trial restart (every 1 trials, world=empty.sdf)...
[SIM] Stopping all processes...
[CLEANUP] Starting process cleanup...
[CLEANUP] Complete (killed 1 process groups)
[SIM] All processes stopped
[CLEANUP] Starting process cleanup...
[CLEANUP] Complete (killed 0 process groups)
[DEBUG] restart_with_method called: method=geofence, params={}, world=empty.sdf, guard=False
[SIM] Full restart for method: geofence (world: empty.sdf)
[SIM] Stopping all processes...
[CLEANUP] Starting process cleanup...
[CLEANUP] Complete (killed 0 process groups)
[SIM] All processes stopped
[SIM] Starting Gazebo...
[CLEANUP] Starting process cleanup...
[CLEANUP] Complete (killed 0 process groups)
[SIM] gz sim still alive (1 procs), force-killing PGIDs (attempt 1/5)...
[SIM] gz sim still alive (1 procs), force-killing PGIDs (attempt 2/5)...
[SIM] gz sim still alive (1 procs), force-killing PGIDs (attempt 3/5)...
[SIM] gz sim still alive (1 procs), force-killing PGIDs (attempt 4/5)...
[SIM] gz sim still alive (1 procs), force-killing PGIDs (attempt 5/5)...
[SIM][WARNING] Could not kill all gz sim processes — proceeding anyway
[SIM] Waiting for Gazebo (180s)...
[SIM] Gazebo started successfully
[SIM] robot_state_publisher: running
[SIM] Starting odom relay (odom_real → odom)...
[SIM] Odom relay started
[SIM] Starting scan relay (scan_real → scan)...
[SIM] Scan relay started, verifying /scan topic...
[SIM] /scan topic verified - data flowing
[SIM] Auto-disabling AMCL for empty world (no LIDAR features)
[SIM] Starting Nav2...
[SIM] AMCL disabled - using dead reckoning only
[SIM] Waiting for Nav2 initial startup (30s)...
[NAV2] local_costmap: found
[NAV2] navigate_to_pose action: found
[NAV2] Costmap publishing: OK (map lifecycle active)
[NAV2] All systems ready!
[SIM] Final verification: checking navigate_to_pose action...
[SIM] Nav2 started successfully and action server verified!
[SIM] Starting geofence with method: geofence, params: {}, comm_latency_ms: 0
[SIM] Waiting for geofence (20s)...
[SIM] Geofence started with method: geofence (cmd_vel_guard: False)
[SIM] cmd_vel_guard disabled, starting cmd_vel relay for navigation...
[SIM] Starting cmd_vel relay (cmd_vel_nav → cmd_vel)...
[SIM] cmd_vel relay started
The daemon has been started
The daemon has been started
[2026-04-04 03:02:24] [GEOFENCE] Restarting geofence (sigma=0.15, v_max=0.5, tau=0.1, eps=0.003, a_max=2.5)...
[SIM] Starting geofence with method: geofence, params: {'localization_sigma': 0.15, 'v_max': 0.5, 'latency': 0.1, 'epsilon': 0.003, 'a_max': 2.5, 'e_0': 0.03, 'c_1': 0.04, 'enable_estimation_term': True, 'enable_tracking_term': True, 'enable_latency_term': False, 'enable_braking_term': True, 'use_dynamic_v_max': False, 'use_dynamic_tau': False, 'use_dynamic_e_track': False}, comm_latency_ms: 50
[SIM] Waiting for geofence (20s)...
[SIM] Geofence started with method: geofence (cmd_vel_guard: False)
[SIM] cmd_vel_guard disabled, starting cmd_vel relay for navigation...
[SIM] Starting cmd_vel relay (cmd_vel_nav → cmd_vel) (latency=50ms)...
[SIM] cmd_vel relay started (latency=50ms)
[2026-04-04 03:02:52] 
Trial 197/370: S1_geofence_ablation_no_latency_s16
[2026-04-04 03:02:52]   Goal: (7.00, 2.75)
[2026-04-04 03:02:52]   Ablation: no_latency, margin=0.512m
[2026-04-04 03:02:52]   Comm latency: 50ms
[2026-04-04 03:02:52] [RESET] Resetting robot pose to origin...
[RESET] Teleporting robot to (0.0, 0.0, θ=0.0)
[RESET] Cancelling any active navigation goals...
[RESET] Stopping robot movement...
[RESET] Waiting for TF to stabilize...
[RESET] AMCL disabled, correcting map→odom TF after teleport...
[RESET] Odom at (-0.00, -0.00, yaw=0.0°), target (0.00, 0.00, yaw=0.0°)
[RESET] TF correction: tx=0.000, ty=-0.000, yaw=-0.0°
[RESET] Static TF republished with yaw correction
[RESET] Robot pose reset complete
[2026-04-04 03:06:14] [GOAL_DEBUG] decision=timeout, reason=Goal timed out after 180s
[2026-04-04 03:06:14]   Result: timeout (FAIL)
[2026-04-04 03:06:14]   Reason: Goal timed out after 180s
[2026-04-04 03:06:14]   Time: 202.0s
[2026-04-04 03:06:14]   Robot moved: False, path_min_dist: 4.00m
[2026-04-04 03:06:14] [HEALTH] Pre-trial restart (every 1 trials, world=empty.sdf)...
[SIM] Stopping all processes...
[CLEANUP] Starting process cleanup...
[CLEANUP] Complete (killed 1 process groups)
[SIM] All processes stopped
[CLEANUP] Starting process cleanup...
[CLEANUP] Complete (killed 0 process groups)
[DEBUG] restart_with_method called: method=geofence, params={}, world=empty.sdf, guard=False
[SIM] Full restart for method: geofence (world: empty.sdf)
[SIM] Stopping all processes...
[CLEANUP] Starting process cleanup...
[CLEANUP] Complete (killed 0 process groups)
[SIM] All processes stopped
[SIM] Starting Gazebo...
[CLEANUP] Starting process cleanup...
[CLEANUP] Complete (killed 0 process groups)
[SIM] gz sim still alive (1 procs), force-killing PGIDs (attempt 1/5)...
[SIM] gz sim still alive (1 procs), force-killing PGIDs (attempt 2/5)...
[SIM] gz sim still alive (1 procs), force-killing PGIDs (attempt 3/5)...
[SIM] gz sim still alive (1 procs), force-killing PGIDs (attempt 4/5)...
[SIM] gz sim still alive (1 procs), force-killing PGIDs (attempt 5/5)...
[SIM][WARNING] Could not kill all gz sim processes — proceeding anyway
[SIM] Waiting for Gazebo (180s)...
[SIM] Gazebo started successfully
[SIM] robot_state_publisher: running
[SIM] Starting odom relay (odom_real → odom)...
[SIM] Odom relay started
[SIM] Starting scan relay (scan_real → scan)...
[SIM] Scan relay started, verifying /scan topic...
[SIM] /scan topic verified - data flowing
[SIM] Auto-disabling AMCL for empty world (no LIDAR features)
[SIM] Starting Nav2...
[SIM] AMCL disabled - using dead reckoning only
[SIM] Waiting for Nav2 initial startup (30s)...
[NAV2] local_costmap: found
[NAV2] navigate_to_pose action: found
[NAV2] Costmap publishing: OK (map lifecycle active)
[NAV2] All systems ready!
[SIM] Final verification: checking navigate_to_pose action...
[SIM] Nav2 started successfully and action server verified!
[SIM] Starting geofence with method: geofence, params: {}, comm_latency_ms: 0
[SIM] Waiting for geofence (20s)...
[SIM] Geofence started with method: geofence (cmd_vel_guard: False)
[SIM] cmd_vel_guard disabled, starting cmd_vel relay for navigation...
[SIM] Starting cmd_vel relay (cmd_vel_nav → cmd_vel)...
[SIM] cmd_vel relay started
[2026-04-04 03:08:28] [GEOFENCE] Restarting geofence (sigma=0.15, v_max=0.5, tau=0.1, eps=0.003, a_max=2.5)...
[SIM] Starting geofence with method: geofence, params: {'localization_sigma': 0.15, 'v_max': 0.5, 'latency': 0.1, 'epsilon': 0.003, 'a_max': 2.5, 'e_0': 0.03, 'c_1': 0.04, 'enable_estimation_term': True, 'enable_tracking_term': True, 'enable_latency_term': False, 'enable_braking_term': True, 'use_dynamic_v_max': False, 'use_dynamic_tau': False, 'use_dynamic_e_track': False}, comm_latency_ms: 100
[SIM] Waiting for geofence (20s)...
[SIM] Geofence started with method: geofence (cmd_vel_guard: False)
[SIM] cmd_vel_guard disabled, starting cmd_vel relay for navigation...
[SIM] Starting cmd_vel relay (cmd_vel_nav → cmd_vel) (latency=100ms)...
[SIM] cmd_vel relay started (latency=100ms)
[2026-04-04 03:08:56] 
Trial 198/370: S1_geofence_ablation_no_latency_s17
[2026-04-04 03:08:56]   Goal: (7.00, 2.75)
[2026-04-04 03:08:56]   Ablation: no_latency, margin=0.512m
[2026-04-04 03:08:56]   Comm latency: 100ms
[2026-04-04 03:08:56] [RESET] Resetting robot pose to origin...
[RESET] Teleporting robot to (0.0, 0.0, θ=0.0)
[RESET] Cancelling any active navigation goals...
[RESET] Stopping robot movement...
[RESET] Waiting for TF to stabilize...
[RESET] AMCL disabled, correcting map→odom TF after teleport...
[RESET] Odom at (-0.00, -0.00, yaw=0.0°), target (0.00, 0.00, yaw=0.0°)
[RESET] TF correction: tx=0.000, ty=-0.000, yaw=-0.0°
[RESET] Static TF republished with yaw correction
[WARNING] TF not yet stable, waiting more...
[RESET] Robot pose reset complete
[2026-04-04 03:12:17] [GOAL_DEBUG] decision=timeout, reason=Goal timed out after 180s
[2026-04-04 03:12:17]   Result: timeout (FAIL)
[2026-04-04 03:12:17]   Reason: Goal timed out after 180s
[2026-04-04 03:12:17]   Time: 201.6s
[2026-04-04 03:12:17]   Robot moved: False, path_min_dist: 4.00m
[2026-04-04 03:12:17] [HEALTH] Pre-trial restart (every 1 trials, world=empty.sdf)...
[SIM] Stopping all processes...
[CLEANUP] Starting process cleanup...
[CLEANUP] Complete (killed 1 process groups)
[SIM] All processes stopped
[CLEANUP] Starting process cleanup...
[CLEANUP] Complete (killed 0 process groups)
[DEBUG] restart_with_method called: method=geofence, params={}, world=empty.sdf, guard=False
[SIM] Full restart for method: geofence (world: empty.sdf)
[SIM] Stopping all processes...
[CLEANUP] Starting process cleanup...
[CLEANUP] Complete (killed 0 process groups)
[SIM] All processes stopped
[SIM] Starting Gazebo...
[CLEANUP] Starting process cleanup...
[CLEANUP] Complete (killed 0 process groups)
[SIM] gz sim still alive (1 procs), force-killing PGIDs (attempt 1/5)...
[SIM] gz sim still alive (1 procs), force-killing PGIDs (attempt 2/5)...
[SIM] gz sim still alive (1 procs), force-killing PGIDs (attempt 3/5)...
[SIM] gz sim still alive (1 procs), force-killing PGIDs (attempt 4/5)...
[SIM] gz sim still alive (1 procs), force-killing PGIDs (attempt 5/5)...
[SIM][WARNING] Could not kill all gz sim processes — proceeding anyway
[SIM] Waiting for Gazebo (180s)...
[SIM] Gazebo started successfully
[SIM] robot_state_publisher: running
[SIM] Starting odom relay (odom_real → odom)...
[SIM] Odom relay started
[SIM] Starting scan relay (scan_real → scan)...
[SIM] Scan relay started, verifying /scan topic...
[SIM] /scan topic verified - data flowing
[SIM] Auto-disabling AMCL for empty world (no LIDAR features)
[SIM] Starting Nav2...
[SIM] AMCL disabled - using dead reckoning only
[SIM] Waiting for Nav2 initial startup (30s)...
[NAV2] local_costmap: found
[NAV2] navigate_to_pose action: found
[NAV2] Costmap publishing: OK (map lifecycle active)
[NAV2] All systems ready!
[SIM] Final verification: checking navigate_to_pose action...
[SIM] Nav2 started successfully and action server verified!
[SIM] Starting geofence with method: geofence, params: {}, comm_latency_ms: 0
[SIM] Waiting for geofence (20s)...
[SIM] Geofence started with method: geofence (cmd_vel_guard: False)
[SIM] cmd_vel_guard disabled, starting cmd_vel relay for navigation...
The daemon has been started
The daemon has been started
[SIM] Starting cmd_vel relay (cmd_vel_nav → cmd_vel)...
[SIM] cmd_vel relay started
[2026-04-04 03:14:32] [GEOFENCE] Restarting geofence (sigma=0.15, v_max=0.5, tau=0.1, eps=0.003, a_max=2.5)...
[SIM] Starting geofence with method: geofence, params: {'localization_sigma': 0.15, 'v_max': 0.5, 'latency': 0.1, 'epsilon': 0.003, 'a_max': 2.5, 'e_0': 0.03, 'c_1': 0.04, 'enable_estimation_term': True, 'enable_tracking_term': True, 'enable_latency_term': False, 'enable_braking_term': True, 'use_dynamic_v_max': False, 'use_dynamic_tau': False, 'use_dynamic_e_track': False}, comm_latency_ms: 0
[SIM] Waiting for geofence (20s)...
[SIM] Geofence started with method: geofence (cmd_vel_guard: False)
[SIM] cmd_vel_guard disabled, starting cmd_vel relay for navigation...
[SIM] Starting cmd_vel relay (cmd_vel_nav → cmd_vel)...
[SIM] cmd_vel relay started
[2026-04-04 03:15:00] 
Trial 199/370: S1_geofence_ablation_no_latency_s18
[2026-04-04 03:15:00]   Goal: (7.00, 2.75)
[2026-04-04 03:15:00]   Ablation: no_latency, margin=0.512m
[2026-04-04 03:15:00] [RESET] Resetting robot pose to origin...
[RESET] Teleporting robot to (0.0, 0.0, θ=0.0)
[RESET] Cancelling any active navigation goals...
[RESET] Stopping robot movement...
[RESET] Waiting for TF to stabilize...
[RESET] AMCL disabled, correcting map→odom TF after teleport...
[RESET] Odom at (-0.00, -0.00, yaw=0.0°), target (0.00, 0.00, yaw=0.0°)
[RESET] TF correction: tx=0.000, ty=-0.000, yaw=-0.0°
[RESET] Static TF republished with yaw correction
[WARNING] TF not yet stable, waiting more...
[RESET] Robot pose reset complete
[2026-04-04 03:18:35] [GOAL_DEBUG] decision=timeout, reason=Goal timed out after 180s
[2026-04-04 03:18:35]   Result: timeout (FAIL)
[2026-04-04 03:18:35]   Reason: Goal timed out after 180s
[2026-04-04 03:18:35]   Time: 215.0s
[2026-04-04 03:18:35]   Robot moved: False, path_min_dist: 4.00m
[2026-04-04 03:18:35] [HEALTH] Pre-trial restart (every 1 trials, world=empty.sdf)...
[SIM] Stopping all processes...
[CLEANUP] Starting process cleanup...
[CLEANUP] Complete (killed 1 process groups)
[SIM] All processes stopped
[CLEANUP] Starting process cleanup...
[CLEANUP] Complete (killed 0 process groups)
[DEBUG] restart_with_method called: method=geofence, params={}, world=empty.sdf, guard=False
[SIM] Full restart for method: geofence (world: empty.sdf)
[SIM] Stopping all processes...
[CLEANUP] Starting process cleanup...
[CLEANUP] Complete (killed 0 process groups)
[SIM] All processes stopped
[SIM] Starting Gazebo...
[CLEANUP] Starting process cleanup...
[CLEANUP] Complete (killed 0 process groups)
[SIM] gz sim still alive (1 procs), force-killing PGIDs (attempt 1/5)...
[SIM] gz sim still alive (1 procs), force-killing PGIDs (attempt 2/5)...
[SIM] gz sim still alive (1 procs), force-killing PGIDs (attempt 3/5)...
[SIM] gz sim still alive (1 procs), force-killing PGIDs (attempt 4/5)...
[SIM] gz sim still alive (1 procs), force-killing PGIDs (attempt 5/5)...
[SIM][WARNING] Could not kill all gz sim processes — proceeding anyway
[SIM] Waiting for Gazebo (180s)...
[SIM] Gazebo started successfully
[SIM] robot_state_publisher: running
[SIM] Starting odom relay (odom_real → odom)...
[SIM] Odom relay started
[SIM] Starting scan relay (scan_real → scan)...
[SIM] Scan relay started, verifying /scan topic...
[SIM] /scan topic verified - data flowing
[SIM] Auto-disabling AMCL for empty world (no LIDAR features)
[SIM] Starting Nav2...
[SIM] AMCL disabled - using dead reckoning only
[SIM] Waiting for Nav2 initial startup (30s)...
[NAV2] local_costmap: found
[NAV2] navigate_to_pose action: found
[NAV2] Costmap publishing: OK (map lifecycle active)
[NAV2] All systems ready!
[SIM] Final verification: checking navigate_to_pose action...
[SIM] Nav2 started successfully and action server verified!
[SIM] Starting geofence with method: geofence, params: {}, comm_latency_ms: 0
[SIM] Waiting for geofence (20s)...
[SIM] Geofence started with method: geofence (cmd_vel_guard: False)
[SIM] cmd_vel_guard disabled, starting cmd_vel relay for navigation...
[SIM] Starting cmd_vel relay (cmd_vel_nav → cmd_vel)...
[SIM] cmd_vel relay started
[2026-04-04 03:20:49] [GEOFENCE] Restarting geofence (sigma=0.15, v_max=0.5, tau=0.1, eps=0.003, a_max=2.5)...
[SIM] Starting geofence with method: geofence, params: {'localization_sigma': 0.15, 'v_max': 0.5, 'latency': 0.1, 'epsilon': 0.003, 'a_max': 2.5, 'e_0': 0.03, 'c_1': 0.04, 'enable_estimation_term': True, 'enable_tracking_term': True, 'enable_latency_term': False, 'enable_braking_term': True, 'use_dynamic_v_max': False, 'use_dynamic_tau': False, 'use_dynamic_e_track': False}, comm_latency_ms: 50
[SIM] Waiting for geofence (20s)...
[SIM] Geofence started with method: geofence (cmd_vel_guard: False)
[SIM] cmd_vel_guard disabled, starting cmd_vel relay for navigation...
[SIM] Starting cmd_vel relay (cmd_vel_nav → cmd_vel) (latency=50ms)...
[SIM] cmd_vel relay started (latency=50ms)
[2026-04-04 03:21:17] 
Trial 200/370: S1_geofence_ablation_no_latency_s19
[2026-04-04 03:21:17]   Goal: (7.00, 2.75)
[2026-04-04 03:21:17]   Ablation: no_latency, margin=0.512m
[2026-04-04 03:21:17]   Comm latency: 50ms
[2026-04-04 03:21:17] [RESET] Resetting robot pose to origin...
[RESET] Teleporting robot to (0.0, 0.0, θ=0.0)
[RESET] Cancelling any active navigation goals...
[RESET] Stopping robot movement...
[RESET] Waiting for TF to stabilize...
[RESET] AMCL disabled, correcting map→odom TF after teleport...
[RESET] Odom at (-0.00, -0.00, yaw=0.0°), target (0.00, 0.00, yaw=0.0°)
[RESET] TF correction: tx=0.000, ty=-0.000, yaw=-0.0°
[RESET] Static TF republished with yaw correction
[RESET] Robot pose reset complete
[2026-04-04 03:24:41] [GOAL_DEBUG] decision=timeout, reason=Goal timed out after 180s
[2026-04-04 03:24:41]   Result: timeout (FAIL)
[2026-04-04 03:24:41]   Reason: Goal timed out after 180s
[2026-04-04 03:24:41]   Time: 203.6s
[2026-04-04 03:24:41]   Robot moved: False, path_min_dist: 4.00m
[CHECKPOINT] Saved at trial 200/160
[2026-04-04 03:24:41] [HEALTH] Pre-trial restart (every 1 trials, world=empty.sdf)...
[SIM] Stopping all processes...
[CLEANUP] Starting process cleanup...
[CLEANUP] Complete (killed 1 process groups)
[SIM] All processes stopped
[CLEANUP] Starting process cleanup...
[CLEANUP] Complete (killed 0 process groups)
[DEBUG] restart_with_method called: method=geofence, params={}, world=empty.sdf, guard=False
[SIM] Full restart for method: geofence (world: empty.sdf)
[SIM] Stopping all processes...
[CLEANUP] Starting process cleanup...
[CLEANUP] Complete (killed 0 process groups)
[SIM] All processes stopped
[SIM] Starting Gazebo...
[CLEANUP] Starting process cleanup...
[CLEANUP] Complete (killed 0 process groups)
[SIM] gz sim still alive (1 procs), force-killing PGIDs (attempt 1/5)...
[SIM] gz sim still alive (1 procs), force-killing PGIDs (attempt 2/5)...
[SIM] gz sim still alive (1 procs), force-killing PGIDs (attempt 3/5)...
[SIM] gz sim still alive (1 procs), force-killing PGIDs (attempt 4/5)...
[SIM] gz sim still alive (1 procs), force-killing PGIDs (attempt 5/5)...
[SIM][WARNING] Could not kill all gz sim processes — proceeding anyway
[SIM] Waiting for Gazebo (180s)...
[SIM] Gazebo started successfully
[SIM] robot_state_publisher: running
[SIM] Starting odom relay (odom_real → odom)...
[SIM] Odom relay started
[SIM] Starting scan relay (scan_real → scan)...
[SIM] Scan relay started, verifying /scan topic...
[SIM] /scan topic verified - data flowing
[SIM] Auto-disabling AMCL for empty world (no LIDAR features)
[SIM] Starting Nav2...
[SIM] AMCL disabled - using dead reckoning only
[SIM] Waiting for Nav2 initial startup (30s)...
[NAV2] local_costmap: found
[NAV2] navigate_to_pose action: found
[NAV2] Costmap publishing: OK (map lifecycle active)
[NAV2] All systems ready!
[SIM] Final verification: checking navigate_to_pose action...
[SIM] Nav2 started successfully and action server verified!
[SIM] Starting geofence with method: geofence, params: {}, comm_latency_ms: 0
[SIM] Waiting for geofence (20s)...
[SIM] Geofence started with method: geofence (cmd_vel_guard: False)
[SIM] cmd_vel_guard disabled, starting cmd_vel relay for navigation...
The daemon has been started
The daemon has been started
[SIM] Starting cmd_vel relay (cmd_vel_nav → cmd_vel)...
[SIM] cmd_vel relay started
[2026-04-04 03:26:54] [GEOFENCE] Restarting geofence (sigma=0.15, v_max=0.5, tau=0.1, eps=0.003, a_max=2.5)...
[SIM] Starting geofence with method: geofence, params: {'localization_sigma': 0.15, 'v_max': 0.5, 'latency': 0.1, 'epsilon': 0.003, 'a_max': 2.5, 'e_0': 0.03, 'c_1': 0.04, 'enable_estimation_term': True, 'enable_tracking_term': True, 'enable_latency_term': True, 'enable_braking_term': False, 'use_dynamic_v_max': False, 'use_dynamic_tau': False, 'use_dynamic_e_track': False}, comm_latency_ms: 50
[SIM] Waiting for geofence (20s)...
[SIM] Geofence started with method: geofence (cmd_vel_guard: False)
[SIM] cmd_vel_guard disabled, starting cmd_vel relay for navigation...
[SIM] Starting cmd_vel relay (cmd_vel_nav → cmd_vel) (latency=50ms)...
[SIM] cmd_vel relay started (latency=50ms)
[2026-04-04 03:27:22] 
Trial 201/370: S1_geofence_ablation_no_braking_s10
[2026-04-04 03:27:22]   Goal: (7.00, 2.75)
[2026-04-04 03:27:22]   Ablation: no_braking, margin=0.512m
[2026-04-04 03:27:22]   Comm latency: 50ms
[2026-04-04 03:27:22] [RESET] Resetting robot pose to origin...
[RESET] Teleporting robot to (0.0, 0.0, θ=0.0)
[RESET] Cancelling any active navigation goals...
[RESET] Stopping robot movement...
[RESET] Waiting for TF to stabilize...
[RESET] AMCL disabled, correcting map→odom TF after teleport...
[RESET] Odom at (-0.00, -0.00, yaw=0.0°), target (0.00, 0.00, yaw=0.0°)
[RESET] TF correction: tx=0.000, ty=-0.000, yaw=-0.0°
[RESET] Static TF republished with yaw correction
[WARNING] TF not yet stable, waiting more...
[RESET] Robot pose reset complete
[2026-04-04 03:30:44] [GOAL_DEBUG] decision=timeout, reason=Goal timed out after 180s
[2026-04-04 03:30:44]   Result: timeout (FAIL)
[2026-04-04 03:30:44]   Reason: Goal timed out after 180s
[2026-04-04 03:30:44]   Time: 201.9s
[2026-04-04 03:30:44]   Robot moved: False, path_min_dist: 4.00m
[2026-04-04 03:30:44] [HEALTH] Periodic health check...
[2026-04-04 03:30:44] [HEALTH] Load: 1.9, Memory: 13.9%
[NAV2] local_costmap: found
[NAV2] navigate_to_pose action: found
[2026-04-04 03:30:45] [HEALTH] Pre-trial restart (every 1 trials, world=empty.sdf)...
[SIM] Stopping all processes...
[CLEANUP] Starting process cleanup...
[CLEANUP] Complete (killed 1 process groups)
[SIM] All processes stopped
[CLEANUP] Starting process cleanup...
[CLEANUP] Complete (killed 0 process groups)
[DEBUG] restart_with_method called: method=geofence, params={}, world=empty.sdf, guard=False
[SIM] Full restart for method: geofence (world: empty.sdf)
[SIM] Stopping all processes...
[CLEANUP] Starting process cleanup...
[CLEANUP] Complete (killed 0 process groups)
[SIM] All processes stopped
[SIM] Starting Gazebo...
[CLEANUP] Starting process cleanup...
[CLEANUP] Complete (killed 0 process groups)
[SIM] gz sim still alive (1 procs), force-killing PGIDs (attempt 1/5)...
[SIM] gz sim still alive (1 procs), force-killing PGIDs (attempt 2/5)...
[SIM] gz sim still alive (1 procs), force-killing PGIDs (attempt 3/5)...
[SIM] gz sim still alive (1 procs), force-killing PGIDs (attempt 4/5)...
[SIM] gz sim still alive (1 procs), force-killing PGIDs (attempt 5/5)...
[SIM][WARNING] Could not kill all gz sim processes — proceeding anyway
[SIM] Waiting for Gazebo (180s)...
[SIM] Gazebo started successfully
[SIM] robot_state_publisher: running
[SIM] Starting odom relay (odom_real → odom)...
[SIM] Odom relay started
[SIM] Starting scan relay (scan_real → scan)...
[SIM] Scan relay started, verifying /scan topic...
[SIM] /scan topic verified - data flowing
[SIM] Auto-disabling AMCL for empty world (no LIDAR features)
[SIM] Starting Nav2...
[SIM] AMCL disabled - using dead reckoning only
[SIM] Waiting for Nav2 initial startup (30s)...
[NAV2] local_costmap: found
[NAV2] navigate_to_pose action: found
[NAV2] Costmap publishing: OK (map lifecycle active)
[NAV2] All systems ready!
[SIM] Final verification: checking navigate_to_pose action...
[SIM] Nav2 started successfully and action server verified!
[SIM] Starting geofence with method: geofence, params: {}, comm_latency_ms: 0
[SIM] Waiting for geofence (20s)...
[SIM] Geofence started with method: geofence (cmd_vel_guard: False)
[SIM] cmd_vel_guard disabled, starting cmd_vel relay for navigation...
[SIM] Starting cmd_vel relay (cmd_vel_nav → cmd_vel)...
[SIM] cmd_vel relay started
[2026-04-04 03:33:00] [GEOFENCE] Restarting geofence (sigma=0.15, v_max=0.5, tau=0.1, eps=0.003, a_max=2.5)...
[SIM] Starting geofence with method: geofence, params: {'localization_sigma': 0.15, 'v_max': 0.5, 'latency': 0.1, 'epsilon': 0.003, 'a_max': 2.5, 'e_0': 0.03, 'c_1': 0.04, 'enable_estimation_term': True, 'enable_tracking_term': True, 'enable_latency_term': True, 'enable_braking_term': False, 'use_dynamic_v_max': False, 'use_dynamic_tau': False, 'use_dynamic_e_track': False}, comm_latency_ms: 100
[SIM] Waiting for geofence (20s)...
[SIM] Geofence started with method: geofence (cmd_vel_guard: False)
[SIM] cmd_vel_guard disabled, starting cmd_vel relay for navigation...
[SIM] Starting cmd_vel relay (cmd_vel_nav → cmd_vel) (latency=100ms)...
[SIM] cmd_vel relay started (latency=100ms)
[2026-04-04 03:33:28] 
Trial 202/370: S1_geofence_ablation_no_braking_s11
[2026-04-04 03:33:28]   Goal: (7.00, 2.75)
[2026-04-04 03:33:28]   Ablation: no_braking, margin=0.512m
[2026-04-04 03:33:28]   Comm latency: 100ms
[2026-04-04 03:33:28] [RESET] Resetting robot pose to origin...
[RESET] Teleporting robot to (0.0, 0.0, θ=0.0)
[RESET] Cancelling any active navigation goals...
[RESET] Stopping robot movement...
[RESET] Waiting for TF to stabilize...
[RESET] AMCL disabled, correcting map→odom TF after teleport...
[RESET] Odom at (-0.00, -0.00, yaw=0.0°), target (0.00, 0.00, yaw=0.0°)
[RESET] TF correction: tx=0.000, ty=-0.000, yaw=-0.0°
[RESET] Static TF republished with yaw correction
[RESET] Robot pose reset complete
[2026-04-04 03:36:59] [GOAL_DEBUG] decision=timeout, reason=Goal timed out after 180s
[2026-04-04 03:36:59]   Result: timeout (FAIL)
[2026-04-04 03:36:59]   Reason: Goal timed out after 180s
[2026-04-04 03:36:59]   Time: 210.4s
[2026-04-04 03:36:59]   Robot moved: False, path_min_dist: 4.00m
[2026-04-04 03:36:59] [HEALTH] Pre-trial restart (every 1 trials, world=empty.sdf)...
[SIM] Stopping all processes...
[CLEANUP] Starting process cleanup...
[CLEANUP] Complete (killed 1 process groups)
[SIM] All processes stopped
[CLEANUP] Starting process cleanup...
[CLEANUP] Complete (killed 0 process groups)
[DEBUG] restart_with_method called: method=geofence, params={}, world=empty.sdf, guard=False
[SIM] Full restart for method: geofence (world: empty.sdf)
[SIM] Stopping all processes...
[CLEANUP] Starting process cleanup...
[CLEANUP] Complete (killed 0 process groups)
[SIM] All processes stopped
[SIM] Starting Gazebo...
[CLEANUP] Starting process cleanup...
[CLEANUP] Complete (killed 0 process groups)
[SIM] gz sim still alive (1 procs), force-killing PGIDs (attempt 1/5)...
[SIM] gz sim still alive (1 procs), force-killing PGIDs (attempt 2/5)...
[SIM] gz sim still alive (1 procs), force-killing PGIDs (attempt 3/5)...
[SIM] gz sim still alive (1 procs), force-killing PGIDs (attempt 4/5)...
[SIM] gz sim still alive (1 procs), force-killing PGIDs (attempt 5/5)...
[SIM][WARNING] Could not kill all gz sim processes — proceeding anyway
[SIM] Waiting for Gazebo (180s)...
[SIM] Gazebo started successfully
[SIM] robot_state_publisher: running
[SIM] Starting odom relay (odom_real → odom)...
[SIM] Odom relay started
[SIM] Starting scan relay (scan_real → scan)...
[SIM] Scan relay started, verifying /scan topic...
[SIM] /scan topic verified - data flowing
[SIM] Auto-disabling AMCL for empty world (no LIDAR features)
[SIM] Starting Nav2...
[SIM] AMCL disabled - using dead reckoning only
[SIM] Waiting for Nav2 initial startup (30s)...
[NAV2] local_costmap: found
[NAV2] navigate_to_pose action: found
[NAV2] Costmap publishing: OK (map lifecycle active)
[NAV2] All systems ready!
[SIM] Final verification: checking navigate_to_pose action...
[SIM] Nav2 started successfully and action server verified!
The daemon has been started
The daemon has been started
[SIM] Starting geofence with method: geofence, params: {}, comm_latency_ms: 0
[SIM] Waiting for geofence (20s)...
[SIM] Geofence started with method: geofence (cmd_vel_guard: False)
[SIM] cmd_vel_guard disabled, starting cmd_vel relay for navigation...
[SIM] Starting cmd_vel relay (cmd_vel_nav → cmd_vel)...
[SIM] cmd_vel relay started
[2026-04-04 03:39:12] [GEOFENCE] Restarting geofence (sigma=0.15, v_max=0.5, tau=0.1, eps=0.003, a_max=2.5)...
[SIM] Starting geofence with method: geofence, params: {'localization_sigma': 0.15, 'v_max': 0.5, 'latency': 0.1, 'epsilon': 0.003, 'a_max': 2.5, 'e_0': 0.03, 'c_1': 0.04, 'enable_estimation_term': True, 'enable_tracking_term': True, 'enable_latency_term': True, 'enable_braking_term': False, 'use_dynamic_v_max': False, 'use_dynamic_tau': False, 'use_dynamic_e_track': False}, comm_latency_ms: 0
[SIM] Waiting for geofence (20s)...
[SIM] Geofence started with method: geofence (cmd_vel_guard: False)
[SIM] cmd_vel_guard disabled, starting cmd_vel relay for navigation...
[SIM] Starting cmd_vel relay (cmd_vel_nav → cmd_vel)...
[SIM] cmd_vel relay started
[2026-04-04 03:39:40] 
Trial 203/370: S1_geofence_ablation_no_braking_s12
[2026-04-04 03:39:40]   Goal: (7.00, 2.75)
[2026-04-04 03:39:40]   Ablation: no_braking, margin=0.512m
[2026-04-04 03:39:40] [RESET] Resetting robot pose to origin...
[RESET] Teleporting robot to (0.0, 0.0, θ=0.0)
[RESET] Cancelling any active navigation goals...
[RESET] Stopping robot movement...
[RESET] Waiting for TF to stabilize...
[RESET] AMCL disabled, correcting map→odom TF after teleport...
[RESET] Odom at (-0.00, -0.00, yaw=0.0°), target (0.00, 0.00, yaw=0.0°)
[RESET] TF correction: tx=0.000, ty=-0.000, yaw=-0.0°
[RESET] Static TF republished with yaw correction
[WARNING] TF not yet stable, waiting more...
[RESET] Robot pose reset complete
[2026-04-04 03:43:13] [GOAL_DEBUG] decision=timeout, reason=Goal timed out after 180s
[2026-04-04 03:43:13]   Result: timeout (FAIL)
[2026-04-04 03:43:13]   Reason: Goal timed out after 180s
[2026-04-04 03:43:13]   Time: 212.3s
[2026-04-04 03:43:13]   Robot moved: False, path_min_dist: 4.00m
[2026-04-04 03:43:13] [HEALTH] Pre-trial restart (every 1 trials, world=empty.sdf)...
[SIM] Stopping all processes...
[CLEANUP] Starting process cleanup...
[CLEANUP] Complete (killed 1 process groups)
[SIM] All processes stopped
[CLEANUP] Starting process cleanup...
[CLEANUP] Complete (killed 0 process groups)
[DEBUG] restart_with_method called: method=geofence, params={}, world=empty.sdf, guard=False
[SIM] Full restart for method: geofence (world: empty.sdf)
[SIM] Stopping all processes...
[CLEANUP] Starting process cleanup...
[CLEANUP] Complete (killed 0 process groups)
[SIM] All processes stopped
[SIM] Starting Gazebo...
[CLEANUP] Starting process cleanup...
[CLEANUP] Complete (killed 0 process groups)
[SIM] gz sim still alive (1 procs), force-killing PGIDs (attempt 1/5)...
[SIM] gz sim still alive (1 procs), force-killing PGIDs (attempt 2/5)...
[SIM] gz sim still alive (1 procs), force-killing PGIDs (attempt 3/5)...
[SIM] gz sim still alive (1 procs), force-killing PGIDs (attempt 4/5)...
[SIM] gz sim still alive (1 procs), force-killing PGIDs (attempt 5/5)...
[SIM][WARNING] Could not kill all gz sim processes — proceeding anyway
[SIM] Waiting for Gazebo (180s)...
[SIM] Gazebo started successfully
[SIM] robot_state_publisher: running
[SIM] Starting odom relay (odom_real → odom)...
[SIM] Odom relay started
[SIM] Starting scan relay (scan_real → scan)...
[SIM] Scan relay started, verifying /scan topic...
[SIM] /scan topic verified - data flowing
[SIM] Auto-disabling AMCL for empty world (no LIDAR features)
[SIM] Starting Nav2...
[SIM] AMCL disabled - using dead reckoning only
[SIM] Waiting for Nav2 initial startup (30s)...
[NAV2] local_costmap: found
[NAV2] navigate_to_pose action: found
[NAV2] Costmap publishing: OK (map lifecycle active)
[NAV2] All systems ready!
[SIM] Final verification: checking navigate_to_pose action...
[SIM] Nav2 started successfully and action server verified!
[SIM] Starting geofence with method: geofence, params: {}, comm_latency_ms: 0
[SIM] Waiting for geofence (20s)...
[SIM] Geofence started with method: geofence (cmd_vel_guard: False)
[SIM] cmd_vel_guard disabled, starting cmd_vel relay for navigation...
[SIM] Starting cmd_vel relay (cmd_vel_nav → cmd_vel)...
[SIM] cmd_vel relay started
[2026-04-04 03:45:27] [GEOFENCE] Restarting geofence (sigma=0.15, v_max=0.5, tau=0.1, eps=0.003, a_max=2.5)...
[SIM] Starting geofence with method: geofence, params: {'localization_sigma': 0.15, 'v_max': 0.5, 'latency': 0.1, 'epsilon': 0.003, 'a_max': 2.5, 'e_0': 0.03, 'c_1': 0.04, 'enable_estimation_term': True, 'enable_tracking_term': True, 'enable_latency_term': True, 'enable_braking_term': False, 'use_dynamic_v_max': False, 'use_dynamic_tau': False, 'use_dynamic_e_track': False}, comm_latency_ms: 50
[SIM] Waiting for geofence (20s)...
[SIM] Geofence started with method: geofence (cmd_vel_guard: False)
[SIM] cmd_vel_guard disabled, starting cmd_vel relay for navigation...
[SIM] Starting cmd_vel relay (cmd_vel_nav → cmd_vel) (latency=50ms)...
[SIM] cmd_vel relay started (latency=50ms)
[2026-04-04 03:45:56] 
Trial 204/370: S1_geofence_ablation_no_braking_s13
[2026-04-04 03:45:56]   Goal: (7.00, 2.75)
[2026-04-04 03:45:56]   Ablation: no_braking, margin=0.512m
[2026-04-04 03:45:56]   Comm latency: 50ms
[2026-04-04 03:45:56] [RESET] Resetting robot pose to origin...
[RESET] Teleporting robot to (0.0, 0.0, θ=0.0)
[RESET] Cancelling any active navigation goals...
[RESET] Stopping robot movement...
[RESET] Waiting for TF to stabilize...
[RESET] AMCL disabled, correcting map→odom TF after teleport...
[RESET] Odom at (-0.00, -0.00, yaw=0.0°), target (0.00, 0.00, yaw=0.0°)
[RESET] TF correction: tx=0.000, ty=-0.000, yaw=-0.0°
[RESET] Static TF republished with yaw correction
[RESET] Robot pose reset complete
[2026-04-04 03:49:21] [GOAL_DEBUG] decision=timeout, reason=Goal timed out after 180s
[2026-04-04 03:49:21]   Result: timeout (FAIL)
[2026-04-04 03:49:21]   Reason: Goal timed out after 180s
[2026-04-04 03:49:21]   Time: 205.8s
[2026-04-04 03:49:21]   Robot moved: False, path_min_dist: 4.00m
[2026-04-04 03:49:21] [HEALTH] Pre-trial restart (every 1 trials, world=empty.sdf)...
[SIM] Stopping all processes...
[CLEANUP] Starting process cleanup...
[CLEANUP] Complete (killed 1 process groups)
[SIM] All processes stopped
[CLEANUP] Starting process cleanup...
[CLEANUP] Complete (killed 0 process groups)
[DEBUG] restart_with_method called: method=geofence, params={}, world=empty.sdf, guard=False
[SIM] Full restart for method: geofence (world: empty.sdf)
[SIM] Stopping all processes...
[CLEANUP] Starting process cleanup...
[CLEANUP] Complete (killed 0 process groups)
[SIM] All processes stopped
[SIM] Starting Gazebo...
[CLEANUP] Starting process cleanup...
[CLEANUP] Complete (killed 0 process groups)
[SIM] gz sim still alive (1 procs), force-killing PGIDs (attempt 1/5)...
[SIM] gz sim still alive (1 procs), force-killing PGIDs (attempt 2/5)...
[SIM] gz sim still alive (1 procs), force-killing PGIDs (attempt 3/5)...
[SIM] gz sim still alive (1 procs), force-killing PGIDs (attempt 4/5)...
[SIM] gz sim still alive (1 procs), force-killing PGIDs (attempt 5/5)...
[SIM][WARNING] Could not kill all gz sim processes — proceeding anyway
[SIM] Waiting for Gazebo (180s)...
[SIM] Gazebo started successfully
[SIM] robot_state_publisher: running
[SIM] Starting odom relay (odom_real → odom)...
[SIM] Odom relay started
[SIM] Starting scan relay (scan_real → scan)...
[SIM] Scan relay started, verifying /scan topic...
[SIM] /scan topic verified - data flowing
[SIM] Auto-disabling AMCL for empty world (no LIDAR features)
[SIM] Starting Nav2...
[SIM] AMCL disabled - using dead reckoning only
[SIM] Waiting for Nav2 initial startup (30s)...
[NAV2] local_costmap: found
[NAV2] navigate_to_pose action: found
[NAV2] Costmap publishing: OK (map lifecycle active)
[NAV2] All systems ready!
[SIM] Final verification: checking navigate_to_pose action...
[SIM] Nav2 started successfully and action server verified!
The daemon has been started
The daemon has been started
[SIM] Starting geofence with method: geofence, params: {}, comm_latency_ms: 0
[SIM] Waiting for geofence (20s)...
[SIM] Geofence started with method: geofence (cmd_vel_guard: False)
[SIM] cmd_vel_guard disabled, starting cmd_vel relay for navigation...
[SIM] Starting cmd_vel relay (cmd_vel_nav → cmd_vel)...
[SIM] cmd_vel relay started
[2026-04-04 03:51:35] [GEOFENCE] Restarting geofence (sigma=0.15, v_max=0.5, tau=0.1, eps=0.003, a_max=2.5)...
[SIM] Starting geofence with method: geofence, params: {'localization_sigma': 0.15, 'v_max': 0.5, 'latency': 0.1, 'epsilon': 0.003, 'a_max': 2.5, 'e_0': 0.03, 'c_1': 0.04, 'enable_estimation_term': True, 'enable_tracking_term': True, 'enable_latency_term': True, 'enable_braking_term': False, 'use_dynamic_v_max': False, 'use_dynamic_tau': False, 'use_dynamic_e_track': False}, comm_latency_ms: 100
[SIM] Waiting for geofence (20s)...
[SIM] Geofence started with method: geofence (cmd_vel_guard: False)
[SIM] cmd_vel_guard disabled, starting cmd_vel relay for navigation...
[SIM] Starting cmd_vel relay (cmd_vel_nav → cmd_vel) (latency=100ms)...
[SIM] cmd_vel relay started (latency=100ms)
[2026-04-04 03:52:03] 
Trial 205/370: S1_geofence_ablation_no_braking_s14
[2026-04-04 03:52:03]   Goal: (7.00, 2.75)
[2026-04-04 03:52:03]   Ablation: no_braking, margin=0.512m
[2026-04-04 03:52:03]   Comm latency: 100ms
[2026-04-04 03:52:03] [RESET] Resetting robot pose to origin...
[RESET] Teleporting robot to (0.0, 0.0, θ=0.0)
[RESET] Cancelling any active navigation goals...
[RESET] Stopping robot movement...
[RESET] Waiting for TF to stabilize...
[RESET] AMCL disabled, correcting map→odom TF after teleport...
[RESET] Odom at (-0.00, -0.00, yaw=0.0°), target (0.00, 0.00, yaw=0.0°)
[RESET] TF correction: tx=0.000, ty=-0.000, yaw=-0.0°
[RESET] Static TF republished with yaw correction
[RESET] Robot pose reset complete
[2026-04-04 03:55:35] [GOAL_DEBUG] decision=timeout, reason=Goal timed out after 180s
[2026-04-04 03:55:35]   Result: timeout (FAIL)
[2026-04-04 03:55:35]   Reason: Goal timed out after 180s
[2026-04-04 03:55:35]   Time: 212.2s
[2026-04-04 03:55:35]   Robot moved: False, path_min_dist: 4.00m
[CHECKPOINT] Saved at trial 205/160
[2026-04-04 03:55:35] [HEALTH] Pre-trial restart (every 1 trials, world=empty.sdf)...
[SIM] Stopping all processes...
[CLEANUP] Starting process cleanup...
[CLEANUP] Complete (killed 1 process groups)
[SIM] All processes stopped
[CLEANUP] Starting process cleanup...
[CLEANUP] Complete (killed 0 process groups)
[DEBUG] restart_with_method called: method=geofence, params={}, world=empty.sdf, guard=False
[SIM] Full restart for method: geofence (world: empty.sdf)
[SIM] Stopping all processes...
[CLEANUP] Starting process cleanup...
[CLEANUP] Complete (killed 0 process groups)
[SIM] All processes stopped
[SIM] Starting Gazebo...
[CLEANUP] Starting process cleanup...
[CLEANUP] Complete (killed 0 process groups)
[SIM] gz sim still alive (1 procs), force-killing PGIDs (attempt 1/5)...
[SIM] gz sim still alive (1 procs), force-killing PGIDs (attempt 2/5)...
[SIM] gz sim still alive (1 procs), force-killing PGIDs (attempt 3/5)...
[SIM] gz sim still alive (1 procs), force-killing PGIDs (attempt 4/5)...
[SIM] gz sim still alive (1 procs), force-killing PGIDs (attempt 5/5)...
[SIM][WARNING] Could not kill all gz sim processes — proceeding anyway
[SIM] Waiting for Gazebo (180s)...
[SIM] Gazebo started successfully
[SIM] robot_state_publisher: running
[SIM] Starting odom relay (odom_real → odom)...
[SIM] Odom relay started
[SIM] Starting scan relay (scan_real → scan)...
[SIM] Scan relay started, verifying /scan topic...
[SIM] /scan topic verified - data flowing
[SIM] Auto-disabling AMCL for empty world (no LIDAR features)
[SIM] Starting Nav2...
[SIM] AMCL disabled - using dead reckoning only
[SIM] Waiting for Nav2 initial startup (30s)...
[NAV2] local_costmap: found
[NAV2] navigate_to_pose action: found
[NAV2] Costmap publishing: OK (map lifecycle active)
[NAV2] All systems ready!
[SIM] Final verification: checking navigate_to_pose action...
[SIM] Nav2 started successfully and action server verified!
[SIM] Starting geofence with method: geofence, params: {}, comm_latency_ms: 0
[SIM] Waiting for geofence (20s)...
[SIM] Geofence started with method: geofence (cmd_vel_guard: False)
[SIM] cmd_vel_guard disabled, starting cmd_vel relay for navigation...
[SIM] Starting cmd_vel relay (cmd_vel_nav → cmd_vel)...
[SIM] cmd_vel relay started
[2026-04-04 03:57:49] [GEOFENCE] Restarting geofence (sigma=0.15, v_max=0.5, tau=0.1, eps=0.003, a_max=2.5)...
[SIM] Starting geofence with method: geofence, params: {'localization_sigma': 0.15, 'v_max': 0.5, 'latency': 0.1, 'epsilon': 0.003, 'a_max': 2.5, 'e_0': 0.03, 'c_1': 0.04, 'enable_estimation_term': True, 'enable_tracking_term': True, 'enable_latency_term': True, 'enable_braking_term': False, 'use_dynamic_v_max': False, 'use_dynamic_tau': False, 'use_dynamic_e_track': False}, comm_latency_ms: 0
[SIM] Waiting for geofence (20s)...
[SIM] Geofence started with method: geofence (cmd_vel_guard: False)
[SIM] cmd_vel_guard disabled, starting cmd_vel relay for navigation...
[SIM] Starting cmd_vel relay (cmd_vel_nav → cmd_vel)...
[SIM] cmd_vel relay started
[2026-04-04 03:58:17] 
Trial 206/370: S1_geofence_ablation_no_braking_s15
[2026-04-04 03:58:17]   Goal: (7.00, 2.75)
[2026-04-04 03:58:17]   Ablation: no_braking, margin=0.512m
[2026-04-04 03:58:17] [RESET] Resetting robot pose to origin...
[RESET] Teleporting robot to (0.0, 0.0, θ=0.0)
[RESET] Cancelling any active navigation goals...
[RESET] Stopping robot movement...
[RESET] Waiting for TF to stabilize...
[RESET] AMCL disabled, correcting map→odom TF after teleport...
[WARNING] Could not read odom, TF correction skipped
[RESET] Robot pose reset complete
[2026-04-04 04:01:37] [GOAL_DEBUG] decision=timeout, reason=Goal timed out after 180s
[2026-04-04 04:01:37]   Result: timeout (FAIL)
[2026-04-04 04:01:37]   Reason: Goal timed out after 180s
[2026-04-04 04:01:37]   Time: 200.1s
[2026-04-04 04:01:37]   Robot moved: False, path_min_dist: 4.00m
[2026-04-04 04:01:37] [HEALTH] Pre-trial restart (every 1 trials, world=empty.sdf)...
[SIM] Stopping all processes...
[CLEANUP] Starting process cleanup...
[CLEANUP] Complete (killed 0 process groups)
[SIM] All processes stopped
[CLEANUP] Starting process cleanup...
[CLEANUP] Complete (killed 0 process groups)
[DEBUG] restart_with_method called: method=geofence, params={}, world=empty.sdf, guard=False
[SIM] Full restart for method: geofence (world: empty.sdf)
[SIM] Stopping all processes...
[CLEANUP] Starting process cleanup...
[CLEANUP] Complete (killed 0 process groups)
[SIM] All processes stopped
[SIM] Starting Gazebo...
[CLEANUP] Starting process cleanup...
[CLEANUP] Complete (killed 0 process groups)
[SIM] gz sim still alive (1 procs), force-killing PGIDs (attempt 1/5)...
[SIM] gz sim still alive (1 procs), force-killing PGIDs (attempt 2/5)...
[SIM] gz sim still alive (1 procs), force-killing PGIDs (attempt 3/5)...
[SIM] gz sim still alive (1 procs), force-killing PGIDs (attempt 4/5)...
[SIM] gz sim still alive (1 procs), force-killing PGIDs (attempt 5/5)...
[SIM][WARNING] Could not kill all gz sim processes — proceeding anyway
[SIM] Waiting for Gazebo (180s)...
[SIM] Gazebo started successfully
[SIM] robot_state_publisher: running
[SIM] Starting odom relay (odom_real → odom)...
[SIM] Odom relay started
[SIM] Starting scan relay (scan_real → scan)...
[SIM] Scan relay started, verifying /scan topic...
[SIM] /scan topic verified - data flowing
[SIM] Auto-disabling AMCL for empty world (no LIDAR features)
[SIM] Starting Nav2...
[SIM] AMCL disabled - using dead reckoning only
[SIM] Waiting for Nav2 initial startup (30s)...
[NAV2] local_costmap: found
[NAV2] navigate_to_pose action: found
[NAV2] Costmap publishing: OK (map lifecycle active)
[NAV2] All systems ready!
[SIM] Final verification: checking navigate_to_pose action...
[SIM] Nav2 started successfully and action server verified!
[SIM] Starting geofence with method: geofence, params: {}, comm_latency_ms: 0
[SIM] Waiting for geofence (20s)...
The daemon has been started
The daemon has been started
[SIM] Geofence started with method: geofence (cmd_vel_guard: False)
[SIM] cmd_vel_guard disabled, starting cmd_vel relay for navigation...
[SIM] Starting cmd_vel relay (cmd_vel_nav → cmd_vel)...
[SIM] cmd_vel relay started
[2026-04-04 04:03:51] [GEOFENCE] Restarting geofence (sigma=0.15, v_max=0.5, tau=0.1, eps=0.003, a_max=2.5)...
[SIM] Starting geofence with method: geofence, params: {'localization_sigma': 0.15, 'v_max': 0.5, 'latency': 0.1, 'epsilon': 0.003, 'a_max': 2.5, 'e_0': 0.03, 'c_1': 0.04, 'enable_estimation_term': True, 'enable_tracking_term': True, 'enable_latency_term': True, 'enable_braking_term': False, 'use_dynamic_v_max': False, 'use_dynamic_tau': False, 'use_dynamic_e_track': False}, comm_latency_ms: 50
[SIM] Waiting for geofence (20s)...
[SIM] Geofence started with method: geofence (cmd_vel_guard: False)
[SIM] cmd_vel_guard disabled, starting cmd_vel relay for navigation...
[SIM] Starting cmd_vel relay (cmd_vel_nav → cmd_vel) (latency=50ms)...
[SIM] cmd_vel relay started (latency=50ms)
[2026-04-04 04:04:19] 
Trial 207/370: S1_geofence_ablation_no_braking_s16
[2026-04-04 04:04:19]   Goal: (7.00, 2.75)
[2026-04-04 04:04:19]   Ablation: no_braking, margin=0.512m
[2026-04-04 04:04:19]   Comm latency: 50ms
[2026-04-04 04:04:19] [RESET] Resetting robot pose to origin...
[RESET] Teleporting robot to (0.0, 0.0, θ=0.0)
[RESET] Cancelling any active navigation goals...
[RESET] Stopping robot movement...
[RESET] Waiting for TF to stabilize...
[RESET] AMCL disabled, correcting map→odom TF after teleport...
[RESET] Odom at (-0.00, -0.00, yaw=0.0°), target (0.00, 0.00, yaw=0.0°)
[RESET] TF correction: tx=0.000, ty=-0.000, yaw=-0.0°
[RESET] Static TF republished with yaw correction
[RESET] Robot pose reset complete
[2026-04-04 04:07:54] [GOAL_DEBUG] decision=timeout, reason=Goal timed out after 180s
[2026-04-04 04:07:54]   Result: timeout (FAIL)
[2026-04-04 04:07:54]   Reason: Goal timed out after 180s
[2026-04-04 04:07:54]   Time: 214.8s
[2026-04-04 04:07:54]   Robot moved: False, path_min_dist: 4.00m
[2026-04-04 04:07:54] [HEALTH] Pre-trial restart (every 1 trials, world=empty.sdf)...
[SIM] Stopping all processes...
[CLEANUP] Starting process cleanup...
[CLEANUP] Complete (killed 1 process groups)
[SIM] All processes stopped
[CLEANUP] Starting process cleanup...
[CLEANUP] Complete (killed 0 process groups)
[DEBUG] restart_with_method called: method=geofence, params={}, world=empty.sdf, guard=False
[SIM] Full restart for method: geofence (world: empty.sdf)
[SIM] Stopping all processes...
[CLEANUP] Starting process cleanup...
[CLEANUP] Complete (killed 0 process groups)
[SIM] All processes stopped
[SIM] Starting Gazebo...
[CLEANUP] Starting process cleanup...
[CLEANUP] Complete (killed 0 process groups)
[SIM] gz sim still alive (1 procs), force-killing PGIDs (attempt 1/5)...
[SIM] gz sim still alive (1 procs), force-killing PGIDs (attempt 2/5)...
[SIM] gz sim still alive (1 procs), force-killing PGIDs (attempt 3/5)...
[SIM] gz sim still alive (1 procs), force-killing PGIDs (attempt 4/5)...
[SIM] gz sim still alive (1 procs), force-killing PGIDs (attempt 5/5)...
[SIM][WARNING] Could not kill all gz sim processes — proceeding anyway
[SIM] Waiting for Gazebo (180s)...
[SIM] Gazebo started successfully
[SIM] robot_state_publisher: running
[SIM] Starting odom relay (odom_real → odom)...
[SIM] Odom relay started
[SIM] Starting scan relay (scan_real → scan)...
[SIM] Scan relay started, verifying /scan topic...
[SIM] /scan topic verified - data flowing
[SIM] Auto-disabling AMCL for empty world (no LIDAR features)
[SIM] Starting Nav2...
[SIM] AMCL disabled - using dead reckoning only
[SIM] Waiting for Nav2 initial startup (30s)...
[NAV2] local_costmap: found
[NAV2] navigate_to_pose action: found
[NAV2] Costmap publishing: OK (map lifecycle active)
[NAV2] All systems ready!
[SIM] Final verification: checking navigate_to_pose action...
[SIM] Nav2 started successfully and action server verified!
[SIM] Starting geofence with method: geofence, params: {}, comm_latency_ms: 0
[SIM] Waiting for geofence (20s)...
[SIM] Geofence started with method: geofence (cmd_vel_guard: False)
[SIM] cmd_vel_guard disabled, starting cmd_vel relay for navigation...
[SIM] Starting cmd_vel relay (cmd_vel_nav → cmd_vel)...
[SIM] cmd_vel relay started
[2026-04-04 04:10:07] [GEOFENCE] Restarting geofence (sigma=0.15, v_max=0.5, tau=0.1, eps=0.003, a_max=2.5)...
[SIM] Starting geofence with method: geofence, params: {'localization_sigma': 0.15, 'v_max': 0.5, 'latency': 0.1, 'epsilon': 0.003, 'a_max': 2.5, 'e_0': 0.03, 'c_1': 0.04, 'enable_estimation_term': True, 'enable_tracking_term': True, 'enable_latency_term': True, 'enable_braking_term': False, 'use_dynamic_v_max': False, 'use_dynamic_tau': False, 'use_dynamic_e_track': False}, comm_latency_ms: 100
[SIM] Waiting for geofence (20s)...
[SIM] Geofence started with method: geofence (cmd_vel_guard: False)
[SIM] cmd_vel_guard disabled, starting cmd_vel relay for navigation...
[SIM] Starting cmd_vel relay (cmd_vel_nav → cmd_vel) (latency=100ms)...
[SIM] cmd_vel relay started (latency=100ms)
[2026-04-04 04:10:35] 
Trial 208/370: S1_geofence_ablation_no_braking_s17
[2026-04-04 04:10:35]   Goal: (7.00, 2.75)
[2026-04-04 04:10:35]   Ablation: no_braking, margin=0.512m
[2026-04-04 04:10:35]   Comm latency: 100ms
[2026-04-04 04:10:35] [RESET] Resetting robot pose to origin...
[RESET] Teleporting robot to (0.0, 0.0, θ=0.0)
[RESET] Cancelling any active navigation goals...
[RESET] Stopping robot movement...
[RESET] Waiting for TF to stabilize...
[RESET] AMCL disabled, correcting map→odom TF after teleport...
[RESET] Odom at (-0.00, -0.00, yaw=0.0°), target (0.00, 0.00, yaw=0.0°)
[RESET] TF correction: tx=0.000, ty=-0.000, yaw=-0.0°
[RESET] Static TF republished with yaw correction
[RESET] Robot pose reset complete
[2026-04-04 04:13:57] [GOAL_DEBUG] decision=timeout, reason=Goal timed out after 180s
[2026-04-04 04:13:57]   Result: timeout (FAIL)
[2026-04-04 04:13:57]   Reason: Goal timed out after 180s
[2026-04-04 04:13:57]   Time: 202.2s
[2026-04-04 04:13:57]   Robot moved: False, path_min_dist: 4.00m
[2026-04-04 04:13:57] [HEALTH] Pre-trial restart (every 1 trials, world=empty.sdf)...
[SIM] Stopping all processes...
[CLEANUP] Starting process cleanup...
[CLEANUP] Complete (killed 1 process groups)
[SIM] All processes stopped
[CLEANUP] Starting process cleanup...
[CLEANUP] Complete (killed 0 process groups)
[DEBUG] restart_with_method called: method=geofence, params={}, world=empty.sdf, guard=False
[SIM] Full restart for method: geofence (world: empty.sdf)
[SIM] Stopping all processes...
[CLEANUP] Starting process cleanup...
[CLEANUP] Complete (killed 0 process groups)
[SIM] All processes stopped
[SIM] Starting Gazebo...
[CLEANUP] Starting process cleanup...
[CLEANUP] Complete (killed 0 process groups)
[SIM] gz sim still alive (1 procs), force-killing PGIDs (attempt 1/5)...
[SIM] gz sim still alive (1 procs), force-killing PGIDs (attempt 2/5)...
[SIM] gz sim still alive (1 procs), force-killing PGIDs (attempt 3/5)...
[SIM] gz sim still alive (1 procs), force-killing PGIDs (attempt 4/5)...
[SIM] gz sim still alive (1 procs), force-killing PGIDs (attempt 5/5)...
[SIM][WARNING] Could not kill all gz sim processes — proceeding anyway
[SIM] Waiting for Gazebo (180s)...
[SIM] Gazebo started successfully
[SIM] robot_state_publisher: running
[SIM] Starting odom relay (odom_real → odom)...
[SIM] Odom relay started
[SIM] Starting scan relay (scan_real → scan)...
[SIM] Scan relay started, verifying /scan topic...
[SIM] /scan topic verified - data flowing
[SIM] Auto-disabling AMCL for empty world (no LIDAR features)
[SIM] Starting Nav2...
[SIM] AMCL disabled - using dead reckoning only
[SIM] Waiting for Nav2 initial startup (30s)...
[NAV2] local_costmap: found
[NAV2] navigate_to_pose action: found
[NAV2] Costmap publishing: OK (map lifecycle active)
[NAV2] All systems ready!
[SIM] Final verification: checking navigate_to_pose action...
[SIM] Nav2 started successfully and action server verified!
[SIM] Starting geofence with method: geofence, params: {}, comm_latency_ms: 0
[SIM] Waiting for geofence (20s)...
The daemon has been started
The daemon has been started
[SIM] Geofence started with method: geofence (cmd_vel_guard: False)
[SIM] cmd_vel_guard disabled, starting cmd_vel relay for navigation...
[SIM] Starting cmd_vel relay (cmd_vel_nav → cmd_vel)...
[SIM] cmd_vel relay started
[2026-04-04 04:16:11] [GEOFENCE] Restarting geofence (sigma=0.15, v_max=0.5, tau=0.1, eps=0.003, a_max=2.5)...
[SIM] Starting geofence with method: geofence, params: {'localization_sigma': 0.15, 'v_max': 0.5, 'latency': 0.1, 'epsilon': 0.003, 'a_max': 2.5, 'e_0': 0.03, 'c_1': 0.04, 'enable_estimation_term': True, 'enable_tracking_term': True, 'enable_latency_term': True, 'enable_braking_term': False, 'use_dynamic_v_max': False, 'use_dynamic_tau': False, 'use_dynamic_e_track': False}, comm_latency_ms: 0
[SIM] Waiting for geofence (20s)...
[SIM] Geofence started with method: geofence (cmd_vel_guard: False)
[SIM] cmd_vel_guard disabled, starting cmd_vel relay for navigation...
[SIM] Starting cmd_vel relay (cmd_vel_nav → cmd_vel)...
[SIM] cmd_vel relay started
[2026-04-04 04:16:39] 
Trial 209/370: S1_geofence_ablation_no_braking_s18
[2026-04-04 04:16:39]   Goal: (7.00, 2.75)
[2026-04-04 04:16:39]   Ablation: no_braking, margin=0.512m
[2026-04-04 04:16:39] [RESET] Resetting robot pose to origin...
[RESET] Teleporting robot to (0.0, 0.0, θ=0.0)
[RESET] Cancelling any active navigation goals...
[RESET] Stopping robot movement...
[RESET] Waiting for TF to stabilize...
[RESET] AMCL disabled, correcting map→odom TF after teleport...
[RESET] Odom at (-0.00, -0.00, yaw=0.0°), target (0.00, 0.00, yaw=0.0°)
[RESET] TF correction: tx=0.000, ty=-0.000, yaw=-0.0°
[RESET] Static TF republished with yaw correction
[RESET] Robot pose reset complete
[2026-04-04 04:20:04] [GOAL_DEBUG] decision=timeout, reason=Goal timed out after 180s
[2026-04-04 04:20:04]   Result: timeout (FAIL)
[2026-04-04 04:20:04]   Reason: Goal timed out after 180s
[2026-04-04 04:20:04]   Time: 205.0s
[2026-04-04 04:20:04]   Robot moved: False, path_min_dist: 4.00m
[2026-04-04 04:20:04] [HEALTH] Pre-trial restart (every 1 trials, world=empty.sdf)...
[SIM] Stopping all processes...
[CLEANUP] Starting process cleanup...
[CLEANUP] Complete (killed 1 process groups)
[SIM] All processes stopped
[CLEANUP] Starting process cleanup...
[CLEANUP] Complete (killed 0 process groups)
[DEBUG] restart_with_method called: method=geofence, params={}, world=empty.sdf, guard=False
[SIM] Full restart for method: geofence (world: empty.sdf)
[SIM] Stopping all processes...
[CLEANUP] Starting process cleanup...
[CLEANUP] Complete (killed 0 process groups)
[SIM] All processes stopped
[SIM] Starting Gazebo...
[CLEANUP] Starting process cleanup...
[CLEANUP] Complete (killed 0 process groups)
[SIM] gz sim still alive (1 procs), force-killing PGIDs (attempt 1/5)...
[SIM] gz sim still alive (1 procs), force-killing PGIDs (attempt 2/5)...
[SIM] gz sim still alive (1 procs), force-killing PGIDs (attempt 3/5)...
[SIM] gz sim still alive (1 procs), force-killing PGIDs (attempt 4/5)...
[SIM] gz sim still alive (1 procs), force-killing PGIDs (attempt 5/5)...
[SIM][WARNING] Could not kill all gz sim processes — proceeding anyway
[SIM] Waiting for Gazebo (180s)...
[SIM] Gazebo started successfully
[SIM] robot_state_publisher: running
[SIM] Starting odom relay (odom_real → odom)...
[SIM] Odom relay started
[SIM] Starting scan relay (scan_real → scan)...
[SIM] Scan relay started, verifying /scan topic...
[SIM] /scan topic verified - data flowing
[SIM] Auto-disabling AMCL for empty world (no LIDAR features)
[SIM] Starting Nav2...
[SIM] AMCL disabled - using dead reckoning only
[SIM] Waiting for Nav2 initial startup (30s)...
[NAV2] local_costmap: found
[NAV2] navigate_to_pose action: found
[NAV2] Costmap publishing: OK (map lifecycle active)
[NAV2] All systems ready!
[SIM] Final verification: checking navigate_to_pose action...
[SIM] Nav2 started successfully and action server verified!
[SIM] Starting geofence with method: geofence, params: {}, comm_latency_ms: 0
[SIM] Waiting for geofence (20s)...
[SIM] Geofence started with method: geofence (cmd_vel_guard: False)
[SIM] cmd_vel_guard disabled, starting cmd_vel relay for navigation...
[SIM] Starting cmd_vel relay (cmd_vel_nav → cmd_vel)...
[SIM] cmd_vel relay started
[2026-04-04 04:22:18] [GEOFENCE] Restarting geofence (sigma=0.15, v_max=0.5, tau=0.1, eps=0.003, a_max=2.5)...
[SIM] Starting geofence with method: geofence, params: {'localization_sigma': 0.15, 'v_max': 0.5, 'latency': 0.1, 'epsilon': 0.003, 'a_max': 2.5, 'e_0': 0.03, 'c_1': 0.04, 'enable_estimation_term': True, 'enable_tracking_term': True, 'enable_latency_term': True, 'enable_braking_term': False, 'use_dynamic_v_max': False, 'use_dynamic_tau': False, 'use_dynamic_e_track': False}, comm_latency_ms: 50
[SIM] Waiting for geofence (20s)...
[SIM] Geofence started with method: geofence (cmd_vel_guard: False)
[SIM] cmd_vel_guard disabled, starting cmd_vel relay for navigation...
[SIM] Starting cmd_vel relay (cmd_vel_nav → cmd_vel) (latency=50ms)...
[SIM] cmd_vel relay started (latency=50ms)
[2026-04-04 04:22:46] 
Trial 210/370: S1_geofence_ablation_no_braking_s19
[2026-04-04 04:22:46]   Goal: (7.00, 2.75)
[2026-04-04 04:22:46]   Ablation: no_braking, margin=0.512m
[2026-04-04 04:22:46]   Comm latency: 50ms
[2026-04-04 04:22:46] [RESET] Resetting robot pose to origin...
[RESET] Teleporting robot to (0.0, 0.0, θ=0.0)
[RESET] Cancelling any active navigation goals...
[RESET] Stopping robot movement...
[RESET] Waiting for TF to stabilize...
[RESET] AMCL disabled, correcting map→odom TF after teleport...
[RESET] Odom at (-0.00, -0.00, yaw=0.0°), target (0.00, 0.00, yaw=0.0°)
[RESET] TF correction: tx=0.000, ty=-0.000, yaw=-0.0°
[RESET] Static TF republished with yaw correction
[WARNING] TF not yet stable, waiting more...
[RESET] Robot pose reset complete
[2026-04-04 04:26:07] [GOAL_DEBUG] decision=timeout, reason=Goal timed out after 180s
[2026-04-04 04:26:07]   Result: timeout (FAIL)
[2026-04-04 04:26:07]   Reason: Goal timed out after 180s
[2026-04-04 04:26:07]   Time: 201.5s
[2026-04-04 04:26:07]   Robot moved: False, path_min_dist: 4.00m
[CHECKPOINT] Saved at trial 210/160
[2026-04-04 04:26:07] [HEALTH] Pre-trial restart (every 1 trials, world=empty.sdf)...
[SIM] Stopping all processes...
[CLEANUP] Starting process cleanup...
[CLEANUP] Complete (killed 1 process groups)
[SIM] All processes stopped
[CLEANUP] Starting process cleanup...
[CLEANUP] Complete (killed 0 process groups)
[DEBUG] restart_with_method called: method=geofence, params={}, world=empty.sdf, guard=False
[SIM] Full restart for method: geofence (world: empty.sdf)
[SIM] Stopping all processes...
[CLEANUP] Starting process cleanup...
[CLEANUP] Complete (killed 0 process groups)
[SIM] All processes stopped
[SIM] Starting Gazebo...
[CLEANUP] Starting process cleanup...
[CLEANUP] Complete (killed 0 process groups)
[SIM] gz sim still alive (1 procs), force-killing PGIDs (attempt 1/5)...
[SIM] gz sim still alive (1 procs), force-killing PGIDs (attempt 2/5)...
[SIM] gz sim still alive (1 procs), force-killing PGIDs (attempt 3/5)...
[SIM] gz sim still alive (1 procs), force-killing PGIDs (attempt 4/5)...
[SIM] gz sim still alive (1 procs), force-killing PGIDs (attempt 5/5)...
[SIM][WARNING] Could not kill all gz sim processes — proceeding anyway
[SIM] Waiting for Gazebo (180s)...
[SIM] Gazebo started successfully
[SIM] robot_state_publisher: running
[SIM] Starting odom relay (odom_real → odom)...
[SIM] Odom relay started
[SIM] Starting scan relay (scan_real → scan)...
[SIM] Scan relay started, verifying /scan topic...
[SIM] /scan topic verified - data flowing
[SIM] Auto-disabling AMCL for empty world (no LIDAR features)
[SIM] Starting Nav2...
[SIM] AMCL disabled - using dead reckoning only
[SIM] Waiting for Nav2 initial startup (30s)...
[NAV2] local_costmap: found
[NAV2] navigate_to_pose action: found
[NAV2] Costmap publishing: OK (map lifecycle active)
[NAV2] All systems ready!
[SIM] Final verification: checking navigate_to_pose action...
[SIM] Nav2 started successfully and action server verified!
[SIM] Starting geofence with method: geofence, params: {}, comm_latency_ms: 0
[SIM] Waiting for geofence (20s)...
The daemon has been started
The daemon has been started
[SIM] Geofence started with method: geofence (cmd_vel_guard: False)
[SIM] cmd_vel_guard disabled, starting cmd_vel relay for navigation...
[SIM] Starting cmd_vel relay (cmd_vel_nav → cmd_vel)...
[SIM] cmd_vel relay started
[2026-04-04 04:28:21] [GEOFENCE] Restarting geofence (sigma=0.15, v_max=0.5, tau=0.1, eps=0.003, a_max=2.5)...
[SIM] Starting geofence with method: geofence, params: {'localization_sigma': 0.15, 'v_max': 0.5, 'latency': 0.1, 'epsilon': 0.003, 'a_max': 2.5, 'e_0': 0.03, 'c_1': 0.04, 'enable_estimation_term': True, 'enable_tracking_term': True, 'enable_latency_term': True, 'enable_braking_term': True, 'use_dynamic_v_max': False, 'use_dynamic_tau': False, 'use_dynamic_e_track': False}, comm_latency_ms: 50
[SIM] Waiting for geofence (20s)...
[SIM] Geofence started with method: geofence (cmd_vel_guard: False)
[SIM] cmd_vel_guard disabled, starting cmd_vel relay for navigation...
[SIM] Starting cmd_vel relay (cmd_vel_nav → cmd_vel) (latency=50ms)...
[SIM] cmd_vel relay started (latency=50ms)
[2026-04-04 04:28:49] 
Trial 211/370: S1_geofence_inside_zone_s10
[2026-04-04 04:28:49]   Goal: (5.00, 0.00)
[2026-04-04 04:28:49]   Goal inside zone (5,0)
[2026-04-04 04:28:49]   Comm latency: 50ms
[2026-04-04 04:28:49] [RESET] Resetting robot pose to origin...
[RESET] Teleporting robot to (0.0, 0.0, θ=0.0)
[RESET] Cancelling any active navigation goals...
[RESET] Stopping robot movement...
[RESET] Waiting for TF to stabilize...
[RESET] AMCL disabled, correcting map→odom TF after teleport...
[RESET] Odom at (-0.00, -0.00, yaw=0.0°), target (0.00, 0.00, yaw=0.0°)
[RESET] TF correction: tx=0.000, ty=-0.000, yaw=-0.0°
[RESET] Static TF republished with yaw correction
[RESET] Robot pose reset complete
[2026-04-04 04:32:19] [GOAL_DEBUG] decision=timeout, reason=Goal timed out after 180s
[2026-04-04 04:32:19]   Result: timeout (FAIL)
[2026-04-04 04:32:19]   Reason: Goal timed out after 180s
[2026-04-04 04:32:19]   Time: 209.8s
[2026-04-04 04:32:19]   Robot moved: False, path_min_dist: 4.00m
[2026-04-04 04:32:19] [HEALTH] Periodic health check...
[2026-04-04 04:32:19] [HEALTH] Load: 1.9, Memory: 13.9%
[NAV2] local_costmap: found
[NAV2] navigate_to_pose action: found
[2026-04-04 04:32:20] [HEALTH] Pre-trial restart (every 1 trials, world=empty.sdf)...
[SIM] Stopping all processes...
[CLEANUP] Starting process cleanup...
[CLEANUP] Complete (killed 1 process groups)
[SIM] All processes stopped
[CLEANUP] Starting process cleanup...
[CLEANUP] Complete (killed 0 process groups)
[DEBUG] restart_with_method called: method=geofence, params={}, world=empty.sdf, guard=False
[SIM] Full restart for method: geofence (world: empty.sdf)
[SIM] Stopping all processes...
[CLEANUP] Starting process cleanup...
[CLEANUP] Complete (killed 0 process groups)
[SIM] All processes stopped
[SIM] Starting Gazebo...
[CLEANUP] Starting process cleanup...
[CLEANUP] Complete (killed 0 process groups)
[SIM] gz sim still alive (1 procs), force-killing PGIDs (attempt 1/5)...
[SIM] gz sim still alive (1 procs), force-killing PGIDs (attempt 2/5)...
[SIM] gz sim still alive (1 procs), force-killing PGIDs (attempt 3/5)...
[SIM] gz sim still alive (1 procs), force-killing PGIDs (attempt 4/5)...
[SIM] gz sim still alive (1 procs), force-killing PGIDs (attempt 5/5)...
[SIM][WARNING] Could not kill all gz sim processes — proceeding anyway
[SIM] Waiting for Gazebo (180s)...
[SIM] Gazebo started successfully
[SIM] robot_state_publisher: running
[SIM] Starting odom relay (odom_real → odom)...
[SIM] Odom relay started
[SIM] Starting scan relay (scan_real → scan)...
[SIM] Scan relay started, verifying /scan topic...
[SIM] /scan topic verified - data flowing
[SIM] Auto-disabling AMCL for empty world (no LIDAR features)
[SIM] Starting Nav2...
[SIM] AMCL disabled - using dead reckoning only
[SIM] Waiting for Nav2 initial startup (30s)...
[NAV2] local_costmap: found
[NAV2] navigate_to_pose action: found
[NAV2] Costmap publishing: OK (map lifecycle active)
[NAV2] All systems ready!
[SIM] Final verification: checking navigate_to_pose action...
[SIM] Nav2 started successfully and action server verified!
[SIM] Starting geofence with method: geofence, params: {}, comm_latency_ms: 0
[SIM] Waiting for geofence (20s)...
[SIM] Geofence started with method: geofence (cmd_vel_guard: False)
[SIM] cmd_vel_guard disabled, starting cmd_vel relay for navigation...
[SIM] Starting cmd_vel relay (cmd_vel_nav → cmd_vel)...
[SIM] cmd_vel relay started
[2026-04-04 04:34:33] [GEOFENCE] Restarting geofence (sigma=0.15, v_max=0.5, tau=0.1, eps=0.003, a_max=2.5)...
[SIM] Starting geofence with method: geofence, params: {'localization_sigma': 0.15, 'v_max': 0.5, 'latency': 0.1, 'epsilon': 0.003, 'a_max': 2.5, 'e_0': 0.03, 'c_1': 0.04, 'enable_estimation_term': True, 'enable_tracking_term': True, 'enable_latency_term': True, 'enable_braking_term': True, 'use_dynamic_v_max': False, 'use_dynamic_tau': False, 'use_dynamic_e_track': False}, comm_latency_ms: 100
[SIM] Waiting for geofence (20s)...
[SIM] Geofence started with method: geofence (cmd_vel_guard: False)
[SIM] cmd_vel_guard disabled, starting cmd_vel relay for navigation...
[SIM] Starting cmd_vel relay (cmd_vel_nav → cmd_vel) (latency=100ms)...
[SIM] cmd_vel relay started (latency=100ms)
[2026-04-04 04:35:01] 
Trial 212/370: S1_geofence_inside_zone_s11
[2026-04-04 04:35:01]   Goal: (5.00, 0.00)
[2026-04-04 04:35:01]   Goal inside zone (5,0)
[2026-04-04 04:35:01]   Comm latency: 100ms
[2026-04-04 04:35:01] [RESET] Resetting robot pose to origin...
[RESET] Teleporting robot to (0.0, 0.0, θ=0.0)
[RESET] Cancelling any active navigation goals...
[RESET] Stopping robot movement...
[RESET] Waiting for TF to stabilize...
[RESET] AMCL disabled, correcting map→odom TF after teleport...
[RESET] Odom at (-0.00, -0.00, yaw=0.0°), target (0.00, 0.00, yaw=0.0°)
[RESET] TF correction: tx=0.000, ty=-0.000, yaw=-0.0°
[RESET] Static TF republished with yaw correction
[RESET] Robot pose reset complete
[2026-04-04 04:38:34] [GOAL_DEBUG] decision=timeout, reason=Goal timed out after 180s
[2026-04-04 04:38:34]   Result: timeout (FAIL)
[2026-04-04 04:38:34]   Reason: Goal timed out after 180s
[2026-04-04 04:38:34]   Time: 212.9s
[2026-04-04 04:38:34]   Robot moved: False, path_min_dist: 4.00m
[2026-04-04 04:38:34] [HEALTH] Pre-trial restart (every 1 trials, world=empty.sdf)...
[SIM] Stopping all processes...
[CLEANUP] Starting process cleanup...
[CLEANUP] Complete (killed 1 process groups)
[SIM] All processes stopped
[CLEANUP] Starting process cleanup...
[CLEANUP] Complete (killed 0 process groups)
[DEBUG] restart_with_method called: method=geofence, params={}, world=empty.sdf, guard=False
[SIM] Full restart for method: geofence (world: empty.sdf)
[SIM] Stopping all processes...
[CLEANUP] Starting process cleanup...
[CLEANUP] Complete (killed 0 process groups)
[SIM] All processes stopped
[SIM] Starting Gazebo...
[CLEANUP] Starting process cleanup...
[CLEANUP] Complete (killed 0 process groups)
[SIM] gz sim still alive (1 procs), force-killing PGIDs (attempt 1/5)...
[SIM] gz sim still alive (1 procs), force-killing PGIDs (attempt 2/5)...
[SIM] gz sim still alive (1 procs), force-killing PGIDs (attempt 3/5)...
[SIM] gz sim still alive (1 procs), force-killing PGIDs (attempt 4/5)...
[SIM] gz sim still alive (1 procs), force-killing PGIDs (attempt 5/5)...
[SIM][WARNING] Could not kill all gz sim processes — proceeding anyway
[SIM] Waiting for Gazebo (180s)...
[SIM] Gazebo started successfully
[SIM] robot_state_publisher: running
[SIM] Starting odom relay (odom_real → odom)...
[SIM] Odom relay started
[SIM] Starting scan relay (scan_real → scan)...
[SIM] Scan relay started, verifying /scan topic...
[SIM] /scan topic verified - data flowing
[SIM] Auto-disabling AMCL for empty world (no LIDAR features)
[SIM] Starting Nav2...
[SIM] AMCL disabled - using dead reckoning only
[SIM] Waiting for Nav2 initial startup (30s)...
[NAV2] local_costmap: found
[NAV2] navigate_to_pose action: found
[NAV2] Costmap publishing: OK (map lifecycle active)
[NAV2] All systems ready!
[SIM] Final verification: checking navigate_to_pose action...
The daemon has been started
The daemon has been started
[SIM] Nav2 started successfully and action server verified!
[SIM] Starting geofence with method: geofence, params: {}, comm_latency_ms: 0
[SIM] Waiting for geofence (20s)...
[SIM] Geofence started with method: geofence (cmd_vel_guard: False)
[SIM] cmd_vel_guard disabled, starting cmd_vel relay for navigation...
[SIM] Starting cmd_vel relay (cmd_vel_nav → cmd_vel)...
[SIM] cmd_vel relay started
[2026-04-04 04:40:48] [GEOFENCE] Restarting geofence (sigma=0.15, v_max=0.5, tau=0.1, eps=0.003, a_max=2.5)...
[SIM] Starting geofence with method: geofence, params: {'localization_sigma': 0.15, 'v_max': 0.5, 'latency': 0.1, 'epsilon': 0.003, 'a_max': 2.5, 'e_0': 0.03, 'c_1': 0.04, 'enable_estimation_term': True, 'enable_tracking_term': True, 'enable_latency_term': True, 'enable_braking_term': True, 'use_dynamic_v_max': False, 'use_dynamic_tau': False, 'use_dynamic_e_track': False}, comm_latency_ms: 0
[SIM] Waiting for geofence (20s)...
[SIM] Geofence started with method: geofence (cmd_vel_guard: False)
[SIM] cmd_vel_guard disabled, starting cmd_vel relay for navigation...
[SIM] Starting cmd_vel relay (cmd_vel_nav → cmd_vel)...
[SIM] cmd_vel relay started
[2026-04-04 04:41:16] 
Trial 213/370: S1_geofence_inside_zone_s12
[2026-04-04 04:41:16]   Goal: (5.00, 0.00)
[2026-04-04 04:41:16]   Goal inside zone (5,0)
[2026-04-04 04:41:16] [RESET] Resetting robot pose to origin...
[RESET] Teleporting robot to (0.0, 0.0, θ=0.0)
[RESET] Cancelling any active navigation goals...
[RESET] Stopping robot movement...
[RESET] Waiting for TF to stabilize...
[RESET] AMCL disabled, correcting map→odom TF after teleport...
[WARNING] Could not read odom, TF correction skipped
[RESET] Robot pose reset complete
[2026-04-04 04:44:45] [GOAL_DEBUG] decision=timeout, reason=Goal timed out after 180s
[2026-04-04 04:44:45]   Result: timeout (FAIL)
[2026-04-04 04:44:45]   Reason: Goal timed out after 180s
[2026-04-04 04:44:45]   Time: 209.3s
[2026-04-04 04:44:45]   Robot moved: False, path_min_dist: 4.00m
[2026-04-04 04:44:45] [HEALTH] Pre-trial restart (every 1 trials, world=empty.sdf)...
[SIM] Stopping all processes...
[CLEANUP] Starting process cleanup...
[CLEANUP] Complete (killed 0 process groups)
[SIM] All processes stopped
[CLEANUP] Starting process cleanup...
[CLEANUP] Complete (killed 0 process groups)
[DEBUG] restart_with_method called: method=geofence, params={}, world=empty.sdf, guard=False
[SIM] Full restart for method: geofence (world: empty.sdf)
[SIM] Stopping all processes...
[CLEANUP] Starting process cleanup...
[CLEANUP] Complete (killed 0 process groups)
[SIM] All processes stopped
[SIM] Starting Gazebo...
[CLEANUP] Starting process cleanup...
[CLEANUP] Complete (killed 0 process groups)
[SIM] gz sim still alive (1 procs), force-killing PGIDs (attempt 1/5)...
[SIM] gz sim still alive (1 procs), force-killing PGIDs (attempt 2/5)...
[SIM] gz sim still alive (1 procs), force-killing PGIDs (attempt 3/5)...
[SIM] gz sim still alive (1 procs), force-killing PGIDs (attempt 4/5)...
[SIM] gz sim still alive (1 procs), force-killing PGIDs (attempt 5/5)...
[SIM][WARNING] Could not kill all gz sim processes — proceeding anyway
[SIM] Waiting for Gazebo (180s)...
[SIM] Gazebo started successfully
[SIM] robot_state_publisher: running
[SIM] Starting odom relay (odom_real → odom)...
[SIM] Odom relay started
[SIM] Starting scan relay (scan_real → scan)...
[SIM] Scan relay started, verifying /scan topic...
[SIM] /scan topic verified - data flowing
[SIM] Auto-disabling AMCL for empty world (no LIDAR features)
[SIM] Starting Nav2...
[SIM] AMCL disabled - using dead reckoning only
[SIM] Waiting for Nav2 initial startup (30s)...
[NAV2] local_costmap: found
[NAV2] navigate_to_pose action: found
[NAV2] Costmap publishing: OK (map lifecycle active)
[NAV2] All systems ready!
[SIM] Final verification: checking navigate_to_pose action...
[SIM] Nav2 started successfully and action server verified!
[SIM] Starting geofence with method: geofence, params: {}, comm_latency_ms: 0
[SIM] Waiting for geofence (20s)...
[SIM] Geofence started with method: geofence (cmd_vel_guard: False)
[SIM] cmd_vel_guard disabled, starting cmd_vel relay for navigation...
[SIM] Starting cmd_vel relay (cmd_vel_nav → cmd_vel)...
[SIM] cmd_vel relay started
[2026-04-04 04:46:59] [GEOFENCE] Restarting geofence (sigma=0.15, v_max=0.5, tau=0.1, eps=0.003, a_max=2.5)...
[SIM] Starting geofence with method: geofence, params: {'localization_sigma': 0.15, 'v_max': 0.5, 'latency': 0.1, 'epsilon': 0.003, 'a_max': 2.5, 'e_0': 0.03, 'c_1': 0.04, 'enable_estimation_term': True, 'enable_tracking_term': True, 'enable_latency_term': True, 'enable_braking_term': True, 'use_dynamic_v_max': False, 'use_dynamic_tau': False, 'use_dynamic_e_track': False}, comm_latency_ms: 50
[SIM] Waiting for geofence (20s)...
[SIM] Geofence started with method: geofence (cmd_vel_guard: False)
[SIM] cmd_vel_guard disabled, starting cmd_vel relay for navigation...
[SIM] Starting cmd_vel relay (cmd_vel_nav → cmd_vel) (latency=50ms)...
[SIM] cmd_vel relay started (latency=50ms)
[2026-04-04 04:47:27] 
Trial 214/370: S1_geofence_inside_zone_s13
[2026-04-04 04:47:27]   Goal: (5.00, 0.00)
[2026-04-04 04:47:27]   Goal inside zone (5,0)
[2026-04-04 04:47:27]   Comm latency: 50ms
[2026-04-04 04:47:27] [RESET] Resetting robot pose to origin...
[RESET] Teleporting robot to (0.0, 0.0, θ=0.0)
[RESET] Cancelling any active navigation goals...
[RESET] Stopping robot movement...
[RESET] Waiting for TF to stabilize...
[RESET] AMCL disabled, correcting map→odom TF after teleport...
[RESET] Odom at (-0.00, -0.00, yaw=0.0°), target (0.00, 0.00, yaw=0.0°)
[RESET] TF correction: tx=0.000, ty=-0.000, yaw=-0.0°
[RESET] Static TF republished with yaw correction
[RESET] Robot pose reset complete
[2026-04-04 04:50:55] [GOAL_DEBUG] decision=timeout, reason=Goal timed out after 180s
[2026-04-04 04:50:55]   Result: timeout (FAIL)
[2026-04-04 04:50:55]   Reason: Goal timed out after 180s
[2026-04-04 04:50:55]   Time: 208.5s
[2026-04-04 04:50:55]   Robot moved: False, path_min_dist: 4.00m
[2026-04-04 04:50:55] [HEALTH] Pre-trial restart (every 1 trials, world=empty.sdf)...
[SIM] Stopping all processes...
[CLEANUP] Starting process cleanup...
[CLEANUP] Complete (killed 1 process groups)
[SIM] All processes stopped
[CLEANUP] Starting process cleanup...
[CLEANUP] Complete (killed 0 process groups)
[DEBUG] restart_with_method called: method=geofence, params={}, world=empty.sdf, guard=False
[SIM] Full restart for method: geofence (world: empty.sdf)
[SIM] Stopping all processes...
[CLEANUP] Starting process cleanup...
[CLEANUP] Complete (killed 0 process groups)
[SIM] All processes stopped
[SIM] Starting Gazebo...
[CLEANUP] Starting process cleanup...
[CLEANUP] Complete (killed 0 process groups)
[SIM] gz sim still alive (1 procs), force-killing PGIDs (attempt 1/5)...
[SIM] gz sim still alive (1 procs), force-killing PGIDs (attempt 2/5)...
[SIM] gz sim still alive (1 procs), force-killing PGIDs (attempt 3/5)...
[SIM] gz sim still alive (1 procs), force-killing PGIDs (attempt 4/5)...
[SIM] gz sim still alive (1 procs), force-killing PGIDs (attempt 5/5)...
[SIM][WARNING] Could not kill all gz sim processes — proceeding anyway
[SIM] Waiting for Gazebo (180s)...
[SIM] Gazebo started successfully
[SIM] robot_state_publisher: running
[SIM] Starting odom relay (odom_real → odom)...
[SIM] Odom relay started
[SIM] Starting scan relay (scan_real → scan)...
[SIM] Scan relay started, verifying /scan topic...
[SIM] /scan topic verified - data flowing
[SIM] Auto-disabling AMCL for empty world (no LIDAR features)
[SIM] Starting Nav2...
[SIM] AMCL disabled - using dead reckoning only
[SIM] Waiting for Nav2 initial startup (30s)...
[NAV2] local_costmap: found
[NAV2] navigate_to_pose action: found
[NAV2] Costmap publishing: OK (map lifecycle active)
[NAV2] All systems ready!
[SIM] Final verification: checking navigate_to_pose action...
[SIM] Nav2 started successfully and action server verified!
[SIM] Starting geofence with method: geofence, params: {}, comm_latency_ms: 0
[SIM] Waiting for geofence (20s)...
[SIM] Geofence started with method: geofence (cmd_vel_guard: False)
The daemon has been started
The daemon has been started
[SIM] cmd_vel_guard disabled, starting cmd_vel relay for navigation...
[SIM] Starting cmd_vel relay (cmd_vel_nav → cmd_vel)...
[SIM] cmd_vel relay started
[2026-04-04 04:53:09] [GEOFENCE] Restarting geofence (sigma=0.15, v_max=0.5, tau=0.1, eps=0.003, a_max=2.5)...
[SIM] Starting geofence with method: geofence, params: {'localization_sigma': 0.15, 'v_max': 0.5, 'latency': 0.1, 'epsilon': 0.003, 'a_max': 2.5, 'e_0': 0.03, 'c_1': 0.04, 'enable_estimation_term': True, 'enable_tracking_term': True, 'enable_latency_term': True, 'enable_braking_term': True, 'use_dynamic_v_max': False, 'use_dynamic_tau': False, 'use_dynamic_e_track': False}, comm_latency_ms: 100
[SIM] Waiting for geofence (20s)...
[SIM] Geofence started with method: geofence (cmd_vel_guard: False)
[SIM] cmd_vel_guard disabled, starting cmd_vel relay for navigation...
[SIM] Starting cmd_vel relay (cmd_vel_nav → cmd_vel) (latency=100ms)...
[SIM] cmd_vel relay started (latency=100ms)
[2026-04-04 04:53:37] 
Trial 215/370: S1_geofence_inside_zone_s14
[2026-04-04 04:53:37]   Goal: (5.00, 0.00)
[2026-04-04 04:53:37]   Goal inside zone (5,0)
[2026-04-04 04:53:37]   Comm latency: 100ms
[2026-04-04 04:53:37] [RESET] Resetting robot pose to origin...
[RESET] Teleporting robot to (0.0, 0.0, θ=0.0)
[RESET] Cancelling any active navigation goals...
[RESET] Stopping robot movement...
[RESET] Waiting for TF to stabilize...
[RESET] AMCL disabled, correcting map→odom TF after teleport...
[RESET] Odom at (-0.00, -0.00, yaw=0.0°), target (0.00, 0.00, yaw=0.0°)
[RESET] TF correction: tx=0.000, ty=-0.000, yaw=-0.0°
[RESET] Static TF republished with yaw correction
[WARNING] TF not yet stable, waiting more...
[RESET] Robot pose reset complete
[2026-04-04 04:57:08] [GOAL_DEBUG] decision=timeout, reason=Goal timed out after 180s
[2026-04-04 04:57:08]   Result: timeout (FAIL)
[2026-04-04 04:57:08]   Reason: Goal timed out after 180s
[2026-04-04 04:57:08]   Time: 211.1s
[2026-04-04 04:57:08]   Robot moved: False, path_min_dist: 4.00m
[CHECKPOINT] Saved at trial 215/160
[2026-04-04 04:57:08] [HEALTH] Pre-trial restart (every 1 trials, world=empty.sdf)...
[SIM] Stopping all processes...
[CLEANUP] Starting process cleanup...
[CLEANUP] Complete (killed 1 process groups)
[SIM] All processes stopped
[CLEANUP] Starting process cleanup...
[CLEANUP] Complete (killed 0 process groups)
[DEBUG] restart_with_method called: method=geofence, params={}, world=empty.sdf, guard=False
[SIM] Full restart for method: geofence (world: empty.sdf)
[SIM] Stopping all processes...
[CLEANUP] Starting process cleanup...
[CLEANUP] Complete (killed 0 process groups)
[SIM] All processes stopped
[SIM] Starting Gazebo...
[CLEANUP] Starting process cleanup...
[CLEANUP] Complete (killed 0 process groups)
[SIM] gz sim still alive (1 procs), force-killing PGIDs (attempt 1/5)...
[SIM] gz sim still alive (1 procs), force-killing PGIDs (attempt 2/5)...
[SIM] gz sim still alive (1 procs), force-killing PGIDs (attempt 3/5)...
[SIM] gz sim still alive (1 procs), force-killing PGIDs (attempt 4/5)...
[SIM] gz sim still alive (1 procs), force-killing PGIDs (attempt 5/5)...
[SIM][WARNING] Could not kill all gz sim processes — proceeding anyway
[SIM] Waiting for Gazebo (180s)...
[SIM] Gazebo started successfully
[SIM] robot_state_publisher: running
[SIM] Starting odom relay (odom_real → odom)...
[SIM] Odom relay started
[SIM] Starting scan relay (scan_real → scan)...
[SIM] Scan relay started, verifying /scan topic...
[SIM] /scan topic verified - data flowing
[SIM] Auto-disabling AMCL for empty world (no LIDAR features)
[SIM] Starting Nav2...
[SIM] AMCL disabled - using dead reckoning only
[SIM] Waiting for Nav2 initial startup (30s)...
[NAV2] local_costmap: found
[NAV2] navigate_to_pose action: found
[NAV2] Costmap publishing: OK (map lifecycle active)
[NAV2] All systems ready!
[SIM] Final verification: checking navigate_to_pose action...
[SIM] Nav2 started successfully and action server verified!
[SIM] Starting geofence with method: geofence, params: {}, comm_latency_ms: 0
[SIM] Waiting for geofence (20s)...
[SIM] Geofence started with method: geofence (cmd_vel_guard: False)
[SIM] cmd_vel_guard disabled, starting cmd_vel relay for navigation...
[SIM] Starting cmd_vel relay (cmd_vel_nav → cmd_vel)...
[SIM] cmd_vel relay started
[2026-04-04 04:59:22] [GEOFENCE] Restarting geofence (sigma=0.15, v_max=0.5, tau=0.1, eps=0.003, a_max=2.5)...
[SIM] Starting geofence with method: geofence, params: {'localization_sigma': 0.15, 'v_max': 0.5, 'latency': 0.1, 'epsilon': 0.003, 'a_max': 2.5, 'e_0': 0.03, 'c_1': 0.04, 'enable_estimation_term': True, 'enable_tracking_term': True, 'enable_latency_term': True, 'enable_braking_term': True, 'use_dynamic_v_max': False, 'use_dynamic_tau': False, 'use_dynamic_e_track': False}, comm_latency_ms: 0
[SIM] Waiting for geofence (20s)...
[SIM] Geofence started with method: geofence (cmd_vel_guard: False)
[SIM] cmd_vel_guard disabled, starting cmd_vel relay for navigation...
[SIM] Starting cmd_vel relay (cmd_vel_nav → cmd_vel)...
[SIM] cmd_vel relay started
[2026-04-04 04:59:50] 
Trial 216/370: S1_geofence_inside_zone_s15
[2026-04-04 04:59:50]   Goal: (5.00, 0.00)
[2026-04-04 04:59:50]   Goal inside zone (5,0)
[2026-04-04 04:59:50] [RESET] Resetting robot pose to origin...
[RESET] Teleporting robot to (0.0, 0.0, θ=0.0)
[RESET] Cancelling any active navigation goals...
[RESET] Stopping robot movement...
[RESET] Waiting for TF to stabilize...
[RESET] AMCL disabled, correcting map→odom TF after teleport...
[RESET] Odom at (-0.00, -0.00, yaw=0.0°), target (0.00, 0.00, yaw=0.0°)
[RESET] TF correction: tx=0.000, ty=-0.000, yaw=-0.0°
[RESET] Static TF republished with yaw correction
[RESET] Robot pose reset complete
[2026-04-04 05:03:10] [GOAL_DEBUG] decision=timeout, reason=Goal timed out after 180s
[2026-04-04 05:03:10]   Result: timeout (FAIL)
[2026-04-04 05:03:10]   Reason: Goal timed out after 180s
[2026-04-04 05:03:10]   Time: 200.0s
[2026-04-04 05:03:10]   Robot moved: False, path_min_dist: 4.00m
[2026-04-04 05:03:10] [HEALTH] Pre-trial restart (every 1 trials, world=empty.sdf)...
[SIM] Stopping all processes...
[CLEANUP] Starting process cleanup...
[CLEANUP] Complete (killed 1 process groups)
[SIM] All processes stopped
[CLEANUP] Starting process cleanup...
[CLEANUP] Complete (killed 0 process groups)
[DEBUG] restart_with_method called: method=geofence, params={}, world=empty.sdf, guard=False
[SIM] Full restart for method: geofence (world: empty.sdf)
[SIM] Stopping all processes...
[CLEANUP] Starting process cleanup...
[CLEANUP] Complete (killed 0 process groups)
[SIM] All processes stopped
[SIM] Starting Gazebo...
[CLEANUP] Starting process cleanup...
[CLEANUP] Complete (killed 0 process groups)
[SIM] gz sim still alive (1 procs), force-killing PGIDs (attempt 1/5)...
[SIM] gz sim still alive (1 procs), force-killing PGIDs (attempt 2/5)...
[SIM] gz sim still alive (1 procs), force-killing PGIDs (attempt 3/5)...
[SIM] gz sim still alive (1 procs), force-killing PGIDs (attempt 4/5)...
[SIM] gz sim still alive (1 procs), force-killing PGIDs (attempt 5/5)...
[SIM][WARNING] Could not kill all gz sim processes — proceeding anyway
[SIM] Waiting for Gazebo (180s)...
[SIM] Gazebo started successfully
[SIM] robot_state_publisher: running
[SIM] Starting odom relay (odom_real → odom)...
[SIM] Odom relay started
[SIM] Starting scan relay (scan_real → scan)...
[SIM] Scan relay started, verifying /scan topic...
[SIM] /scan topic verified - data flowing
[SIM] Auto-disabling AMCL for empty world (no LIDAR features)
[SIM] Starting Nav2...
[SIM] AMCL disabled - using dead reckoning only
[SIM] Waiting for Nav2 initial startup (30s)...
[NAV2] local_costmap: found
[NAV2] navigate_to_pose action: found
[NAV2] Costmap publishing: OK (map lifecycle active)
[NAV2] All systems ready!
[SIM] Final verification: checking navigate_to_pose action...
[SIM] Nav2 started successfully and action server verified!
[SIM] Starting geofence with method: geofence, params: {}, comm_latency_ms: 0
[SIM] Waiting for geofence (20s)...
[SIM] Geofence started with method: geofence (cmd_vel_guard: False)
The daemon has been started
The daemon has been started
[SIM] cmd_vel_guard disabled, starting cmd_vel relay for navigation...
[SIM] Starting cmd_vel relay (cmd_vel_nav → cmd_vel)...
[SIM] cmd_vel relay started
[2026-04-04 05:05:24] [GEOFENCE] Restarting geofence (sigma=0.15, v_max=0.5, tau=0.1, eps=0.003, a_max=2.5)...
[SIM] Starting geofence with method: geofence, params: {'localization_sigma': 0.15, 'v_max': 0.5, 'latency': 0.1, 'epsilon': 0.003, 'a_max': 2.5, 'e_0': 0.03, 'c_1': 0.04, 'enable_estimation_term': True, 'enable_tracking_term': True, 'enable_latency_term': True, 'enable_braking_term': True, 'use_dynamic_v_max': False, 'use_dynamic_tau': False, 'use_dynamic_e_track': False}, comm_latency_ms: 50
[SIM] Waiting for geofence (20s)...
[SIM] Geofence started with method: geofence (cmd_vel_guard: False)
[SIM] cmd_vel_guard disabled, starting cmd_vel relay for navigation...
[SIM] Starting cmd_vel relay (cmd_vel_nav → cmd_vel) (latency=50ms)...
[SIM] cmd_vel relay started (latency=50ms)
[2026-04-04 05:05:52] 
Trial 217/370: S1_geofence_inside_zone_s16
[2026-04-04 05:05:52]   Goal: (5.00, 0.00)
[2026-04-04 05:05:52]   Goal inside zone (5,0)
[2026-04-04 05:05:52]   Comm latency: 50ms
[2026-04-04 05:05:52] [RESET] Resetting robot pose to origin...
[RESET] Teleporting robot to (0.0, 0.0, θ=0.0)
[RESET] Cancelling any active navigation goals...
[RESET] Stopping robot movement...
[RESET] Waiting for TF to stabilize...
[RESET] AMCL disabled, correcting map→odom TF after teleport...
[RESET] Odom at (-0.00, -0.00, yaw=0.0°), target (0.00, 0.00, yaw=0.0°)
[RESET] TF correction: tx=0.000, ty=-0.000, yaw=-0.0°
[RESET] Static TF republished with yaw correction
[RESET] Robot pose reset complete
[2026-04-04 05:09:21] [GOAL_DEBUG] decision=timeout, reason=Goal timed out after 180s
[2026-04-04 05:09:21]   Result: timeout (FAIL)
[2026-04-04 05:09:21]   Reason: Goal timed out after 180s
[2026-04-04 05:09:21]   Time: 208.6s
[2026-04-04 05:09:21]   Robot moved: False, path_min_dist: 4.00m
[2026-04-04 05:09:21] [HEALTH] Pre-trial restart (every 1 trials, world=empty.sdf)...
[SIM] Stopping all processes...
[CLEANUP] Starting process cleanup...
[CLEANUP] Complete (killed 1 process groups)
[SIM] All processes stopped
[CLEANUP] Starting process cleanup...
[CLEANUP] Complete (killed 0 process groups)
[DEBUG] restart_with_method called: method=geofence, params={}, world=empty.sdf, guard=False
[SIM] Full restart for method: geofence (world: empty.sdf)
[SIM] Stopping all processes...
[CLEANUP] Starting process cleanup...
[CLEANUP] Complete (killed 0 process groups)
[SIM] All processes stopped
[SIM] Starting Gazebo...
[CLEANUP] Starting process cleanup...
[CLEANUP] Complete (killed 0 process groups)
[SIM] gz sim still alive (1 procs), force-killing PGIDs (attempt 1/5)...
[SIM] gz sim still alive (1 procs), force-killing PGIDs (attempt 2/5)...
[SIM] gz sim still alive (1 procs), force-killing PGIDs (attempt 3/5)...
[SIM] gz sim still alive (1 procs), force-killing PGIDs (attempt 4/5)...
[SIM] gz sim still alive (1 procs), force-killing PGIDs (attempt 5/5)...
[SIM][WARNING] Could not kill all gz sim processes — proceeding anyway
[SIM] Waiting for Gazebo (180s)...
[SIM] Gazebo started successfully
[SIM] robot_state_publisher: running
[SIM] Starting odom relay (odom_real → odom)...
[SIM] Odom relay started
[SIM] Starting scan relay (scan_real → scan)...
[SIM] Scan relay started, verifying /scan topic...
[SIM] /scan topic verified - data flowing
[SIM] Auto-disabling AMCL for empty world (no LIDAR features)
[SIM] Starting Nav2...
[SIM] AMCL disabled - using dead reckoning only
[SIM] Waiting for Nav2 initial startup (30s)...
[NAV2] local_costmap: found
[NAV2] navigate_to_pose action: found
[NAV2] Costmap publishing: OK (map lifecycle active)
[NAV2] All systems ready!
[SIM] Final verification: checking navigate_to_pose action...
[SIM] Nav2 started successfully and action server verified!
[SIM] Starting geofence with method: geofence, params: {}, comm_latency_ms: 0
[SIM] Waiting for geofence (20s)...
[SIM] Geofence started with method: geofence (cmd_vel_guard: False)
[SIM] cmd_vel_guard disabled, starting cmd_vel relay for navigation...
[SIM] Starting cmd_vel relay (cmd_vel_nav → cmd_vel)...
[SIM] cmd_vel relay started
[2026-04-04 05:11:34] [GEOFENCE] Restarting geofence (sigma=0.15, v_max=0.5, tau=0.1, eps=0.003, a_max=2.5)...
[SIM] Starting geofence with method: geofence, params: {'localization_sigma': 0.15, 'v_max': 0.5, 'latency': 0.1, 'epsilon': 0.003, 'a_max': 2.5, 'e_0': 0.03, 'c_1': 0.04, 'enable_estimation_term': True, 'enable_tracking_term': True, 'enable_latency_term': True, 'enable_braking_term': True, 'use_dynamic_v_max': False, 'use_dynamic_tau': False, 'use_dynamic_e_track': False}, comm_latency_ms: 100
[SIM] Waiting for geofence (20s)...
[SIM] Geofence started with method: geofence (cmd_vel_guard: False)
[SIM] cmd_vel_guard disabled, starting cmd_vel relay for navigation...
[SIM] Starting cmd_vel relay (cmd_vel_nav → cmd_vel) (latency=100ms)...
[SIM] cmd_vel relay started (latency=100ms)
[2026-04-04 05:12:02] 
Trial 218/370: S1_geofence_inside_zone_s17
[2026-04-04 05:12:02]   Goal: (5.00, 0.00)
[2026-04-04 05:12:02]   Goal inside zone (5,0)
[2026-04-04 05:12:02]   Comm latency: 100ms
[2026-04-04 05:12:02] [RESET] Resetting robot pose to origin...
[RESET] Teleporting robot to (0.0, 0.0, θ=0.0)
[RESET] Cancelling any active navigation goals...
[RESET] Stopping robot movement...
[RESET] Waiting for TF to stabilize...
[RESET] AMCL disabled, correcting map→odom TF after teleport...
[RESET] Odom at (-0.00, -0.00, yaw=0.0°), target (0.00, 0.00, yaw=0.0°)
[RESET] TF correction: tx=0.000, ty=-0.000, yaw=-0.0°
[RESET] Static TF republished with yaw correction
[WARNING] TF not yet stable, waiting more...
[RESET] Robot pose reset complete
[2026-04-04 05:15:40] [GOAL_DEBUG] decision=timeout, reason=Goal timed out after 180s
[2026-04-04 05:15:40]   Result: timeout (FAIL)
[2026-04-04 05:15:40]   Reason: Goal timed out after 180s
[2026-04-04 05:15:40]   Time: 218.1s
[2026-04-04 05:15:40]   Robot moved: False, path_min_dist: 4.00m
[2026-04-04 05:15:40] [HEALTH] Pre-trial restart (every 1 trials, world=empty.sdf)...
[SIM] Stopping all processes...
[CLEANUP] Starting process cleanup...
[CLEANUP] Complete (killed 1 process groups)
[SIM] All processes stopped
[CLEANUP] Starting process cleanup...
[CLEANUP] Complete (killed 0 process groups)
[DEBUG] restart_with_method called: method=geofence, params={}, world=empty.sdf, guard=False
[SIM] Full restart for method: geofence (world: empty.sdf)
[SIM] Stopping all processes...
[CLEANUP] Starting process cleanup...
[CLEANUP] Complete (killed 0 process groups)
[SIM] All processes stopped
[SIM] Starting Gazebo...
[CLEANUP] Starting process cleanup...
[CLEANUP] Complete (killed 0 process groups)
[SIM] gz sim still alive (1 procs), force-killing PGIDs (attempt 1/5)...
[SIM] gz sim still alive (1 procs), force-killing PGIDs (attempt 2/5)...
[SIM] gz sim still alive (1 procs), force-killing PGIDs (attempt 3/5)...
[SIM] gz sim still alive (1 procs), force-killing PGIDs (attempt 4/5)...
[SIM] gz sim still alive (1 procs), force-killing PGIDs (attempt 5/5)...
[SIM][WARNING] Could not kill all gz sim processes — proceeding anyway
[SIM] Waiting for Gazebo (180s)...
[SIM] Gazebo started successfully
[SIM] robot_state_publisher: running
[SIM] Starting odom relay (odom_real → odom)...
[SIM] Odom relay started
[SIM] Starting scan relay (scan_real → scan)...
[SIM] Scan relay started, verifying /scan topic...
[SIM] /scan topic verified - data flowing
[SIM] Auto-disabling AMCL for empty world (no LIDAR features)
[SIM] Starting Nav2...
[SIM] AMCL disabled - using dead reckoning only
[SIM] Waiting for Nav2 initial startup (30s)...
[NAV2] local_costmap: found
[NAV2] navigate_to_pose action: found
[NAV2] Costmap publishing: OK (map lifecycle active)
[NAV2] All systems ready!
[SIM] Final verification: checking navigate_to_pose action...
[SIM] Nav2 started successfully and action server verified!
[SIM] Starting geofence with method: geofence, params: {}, comm_latency_ms: 0
[SIM] Waiting for geofence (20s)...
[SIM] Geofence started with method: geofence (cmd_vel_guard: False)
The daemon has been started
The daemon has been started
[SIM] cmd_vel_guard disabled, starting cmd_vel relay for navigation...
[SIM] Starting cmd_vel relay (cmd_vel_nav → cmd_vel)...
[SIM] cmd_vel relay started
[2026-04-04 05:17:54] [GEOFENCE] Restarting geofence (sigma=0.15, v_max=0.5, tau=0.1, eps=0.003, a_max=2.5)...
[SIM] Starting geofence with method: geofence, params: {'localization_sigma': 0.15, 'v_max': 0.5, 'latency': 0.1, 'epsilon': 0.003, 'a_max': 2.5, 'e_0': 0.03, 'c_1': 0.04, 'enable_estimation_term': True, 'enable_tracking_term': True, 'enable_latency_term': True, 'enable_braking_term': True, 'use_dynamic_v_max': False, 'use_dynamic_tau': False, 'use_dynamic_e_track': False}, comm_latency_ms: 0
[SIM] Waiting for geofence (20s)...
[SIM] Geofence started with method: geofence (cmd_vel_guard: False)
[SIM] cmd_vel_guard disabled, starting cmd_vel relay for navigation...
[SIM] Starting cmd_vel relay (cmd_vel_nav → cmd_vel)...
[SIM] cmd_vel relay started
[2026-04-04 05:18:22] 
Trial 219/370: S1_geofence_inside_zone_s18
[2026-04-04 05:18:22]   Goal: (5.00, 0.00)
[2026-04-04 05:18:22]   Goal inside zone (5,0)
[2026-04-04 05:18:22] [RESET] Resetting robot pose to origin...
[RESET] Teleporting robot to (0.0, 0.0, θ=0.0)
[RESET] Cancelling any active navigation goals...
[RESET] Stopping robot movement...
[RESET] Waiting for TF to stabilize...
[RESET] AMCL disabled, correcting map→odom TF after teleport...
[RESET] Odom at (-0.00, -0.00, yaw=0.0°), target (0.00, 0.00, yaw=0.0°)
[RESET] TF correction: tx=0.000, ty=-0.000, yaw=-0.0°
[RESET] Static TF republished with yaw correction
[RESET] Robot pose reset complete
[2026-04-04 05:21:56] [GOAL_DEBUG] decision=timeout, reason=Goal timed out after 180s
[2026-04-04 05:21:56]   Result: timeout (FAIL)
[2026-04-04 05:21:56]   Reason: Goal timed out after 180s
[2026-04-04 05:21:56]   Time: 214.2s
[2026-04-04 05:21:56]   Robot moved: False, path_min_dist: 4.00m
[2026-04-04 05:21:56] [HEALTH] Pre-trial restart (every 1 trials, world=empty.sdf)...
[SIM] Stopping all processes...
[CLEANUP] Starting process cleanup...
[CLEANUP] Complete (killed 1 process groups)
[SIM] All processes stopped
[CLEANUP] Starting process cleanup...
[CLEANUP] Complete (killed 0 process groups)
[DEBUG] restart_with_method called: method=geofence, params={}, world=empty.sdf, guard=False
[SIM] Full restart for method: geofence (world: empty.sdf)
[SIM] Stopping all processes...
[CLEANUP] Starting process cleanup...
[CLEANUP] Complete (killed 0 process groups)
[SIM] All processes stopped
[SIM] Starting Gazebo...
[CLEANUP] Starting process cleanup...
[CLEANUP] Complete (killed 0 process groups)
[SIM] gz sim still alive (1 procs), force-killing PGIDs (attempt 1/5)...
[SIM] gz sim still alive (1 procs), force-killing PGIDs (attempt 2/5)...
[SIM] gz sim still alive (1 procs), force-killing PGIDs (attempt 3/5)...
[SIM] gz sim still alive (1 procs), force-killing PGIDs (attempt 4/5)...
[SIM] gz sim still alive (1 procs), force-killing PGIDs (attempt 5/5)...
[SIM][WARNING] Could not kill all gz sim processes — proceeding anyway
[SIM] Waiting for Gazebo (180s)...
[SIM] Gazebo started successfully
[SIM] robot_state_publisher: running
[SIM] Starting odom relay (odom_real → odom)...
[SIM] Odom relay started
[SIM] Starting scan relay (scan_real → scan)...
[SIM] Scan relay started, verifying /scan topic...
[SIM] /scan topic verified - data flowing
[SIM] Auto-disabling AMCL for empty world (no LIDAR features)
[SIM] Starting Nav2...
[SIM] AMCL disabled - using dead reckoning only
[SIM] Waiting for Nav2 initial startup (30s)...
[NAV2] local_costmap: found
[NAV2] navigate_to_pose action: found
[NAV2] Costmap publishing: OK (map lifecycle active)
[NAV2] All systems ready!
[SIM] Final verification: checking navigate_to_pose action...
[SIM] Nav2 started successfully and action server verified!
[SIM] Starting geofence with method: geofence, params: {}, comm_latency_ms: 0
[SIM] Waiting for geofence (20s)...
[SIM] Geofence started with method: geofence (cmd_vel_guard: False)
[SIM] cmd_vel_guard disabled, starting cmd_vel relay for navigation...
[SIM] Starting cmd_vel relay (cmd_vel_nav → cmd_vel)...
[SIM] cmd_vel relay started
[2026-04-04 05:24:10] [GEOFENCE] Restarting geofence (sigma=0.15, v_max=0.5, tau=0.1, eps=0.003, a_max=2.5)...
[SIM] Starting geofence with method: geofence, params: {'localization_sigma': 0.15, 'v_max': 0.5, 'latency': 0.1, 'epsilon': 0.003, 'a_max': 2.5, 'e_0': 0.03, 'c_1': 0.04, 'enable_estimation_term': True, 'enable_tracking_term': True, 'enable_latency_term': True, 'enable_braking_term': True, 'use_dynamic_v_max': False, 'use_dynamic_tau': False, 'use_dynamic_e_track': False}, comm_latency_ms: 50
[SIM] Waiting for geofence (20s)...
[SIM] Geofence started with method: geofence (cmd_vel_guard: False)
[SIM] cmd_vel_guard disabled, starting cmd_vel relay for navigation...
[SIM] Starting cmd_vel relay (cmd_vel_nav → cmd_vel) (latency=50ms)...
[SIM] cmd_vel relay started (latency=50ms)
[2026-04-04 05:24:38] 
Trial 220/370: S1_geofence_inside_zone_s19
[2026-04-04 05:24:38]   Goal: (5.00, 0.00)
[2026-04-04 05:24:38]   Goal inside zone (5,0)
[2026-04-04 05:24:38]   Comm latency: 50ms
[2026-04-04 05:24:38] [RESET] Resetting robot pose to origin...
[RESET] Teleporting robot to (0.0, 0.0, θ=0.0)
[RESET] Cancelling any active navigation goals...
[RESET] Stopping robot movement...
[RESET] Waiting for TF to stabilize...
[RESET] AMCL disabled, correcting map→odom TF after teleport...
[RESET] Odom at (-0.00, -0.00, yaw=0.0°), target (0.00, 0.00, yaw=0.0°)
[RESET] TF correction: tx=0.000, ty=-0.000, yaw=-0.0°
[RESET] Static TF republished with yaw correction
[RESET] Robot pose reset complete
[2026-04-04 05:28:00] [GOAL_DEBUG] decision=timeout, reason=Goal timed out after 180s
[2026-04-04 05:28:00]   Result: timeout (FAIL)
[2026-04-04 05:28:00]   Reason: Goal timed out after 180s
[2026-04-04 05:28:00]   Time: 201.4s
[2026-04-04 05:28:00]   Robot moved: False, path_min_dist: 4.00m
[CHECKPOINT] Saved at trial 220/160
[2026-04-04 05:28:00] [HEALTH] Pre-trial restart (every 1 trials, world=empty.sdf)...
[SIM] Stopping all processes...
[CLEANUP] Starting process cleanup...
[CLEANUP] Complete (killed 2 process groups)
[SIM] All processes stopped
[CLEANUP] Starting process cleanup...
[CLEANUP] Complete (killed 0 process groups)
[DEBUG] restart_with_method called: method=geofence, params={}, world=empty.sdf, guard=False
[SIM] Full restart for method: geofence (world: empty.sdf)
[SIM] Stopping all processes...
[CLEANUP] Starting process cleanup...
[CLEANUP] Complete (killed 0 process groups)
[SIM] All processes stopped
[SIM] Starting Gazebo...
[CLEANUP] Starting process cleanup...
[CLEANUP] Complete (killed 0 process groups)
[SIM] gz sim still alive (1 procs), force-killing PGIDs (attempt 1/5)...
[SIM] gz sim still alive (1 procs), force-killing PGIDs (attempt 2/5)...
[SIM] gz sim still alive (1 procs), force-killing PGIDs (attempt 3/5)...
[SIM] gz sim still alive (1 procs), force-killing PGIDs (attempt 4/5)...
[SIM] gz sim still alive (1 procs), force-killing PGIDs (attempt 5/5)...
[SIM][WARNING] Could not kill all gz sim processes — proceeding anyway
[SIM] Waiting for Gazebo (180s)...
[SIM] Gazebo started successfully
[SIM] robot_state_publisher: running
[SIM] Starting odom relay (odom_real → odom)...
[SIM] Odom relay started
[SIM] Starting scan relay (scan_real → scan)...
[SIM] Scan relay started, verifying /scan topic...
[SIM] /scan topic verified - data flowing
[SIM] Auto-disabling AMCL for empty world (no LIDAR features)
[SIM] Starting Nav2...
[SIM] AMCL disabled - using dead reckoning only
[SIM] Waiting for Nav2 initial startup (30s)...
[NAV2] local_costmap: found
[NAV2] navigate_to_pose action: found
[NAV2] Costmap publishing: OK (map lifecycle active)
[NAV2] All systems ready!
[SIM] Final verification: checking navigate_to_pose action...
[SIM] Nav2 started successfully and action server verified!
[SIM] Starting geofence with method: geofence, params: {}, comm_latency_ms: 0
[SIM] Waiting for geofence (20s)...
[SIM] Geofence started with method: geofence (cmd_vel_guard: False)
[SIM] cmd_vel_guard disabled, starting cmd_vel relay for navigation...
The daemon has been started
The daemon has been started
[SIM] Starting cmd_vel relay (cmd_vel_nav → cmd_vel)...
[SIM] cmd_vel relay started
[2026-04-04 05:30:13] [GEOFENCE] Restarting geofence (sigma=0.15, v_max=0.5, tau=0.1, eps=0.003, a_max=2.5)...
[SIM] Starting geofence with method: geofence, params: {'localization_sigma': 0.15, 'v_max': 0.5, 'latency': 0.1, 'epsilon': 0.003, 'a_max': 2.5, 'e_0': 0.03, 'c_1': 0.04, 'enable_estimation_term': True, 'enable_tracking_term': True, 'enable_latency_term': True, 'enable_braking_term': True, 'use_dynamic_v_max': False, 'use_dynamic_tau': False, 'use_dynamic_e_track': False}, comm_latency_ms: 50
[SIM] Waiting for geofence (20s)...
[SIM] Geofence started with method: geofence (cmd_vel_guard: False)
[SIM] cmd_vel_guard disabled, starting cmd_vel relay for navigation...
[SIM] Starting cmd_vel relay (cmd_vel_nav → cmd_vel) (latency=50ms)...
[SIM] cmd_vel relay started (latency=50ms)
[2026-04-04 05:30:41] 
Trial 221/370: S1_geofence_near_boundary_s10
[2026-04-04 05:30:41]   Goal: (3.85, 0.00)
[2026-04-04 05:30:41]   Goal 0.15m from zone boundary (outside zone, within safety margins)
[2026-04-04 05:30:41]   Comm latency: 50ms
[2026-04-04 05:30:41] [RESET] Resetting robot pose to origin...
[RESET] Teleporting robot to (0.0, 0.0, θ=0.0)
[RESET] Cancelling any active navigation goals...
[RESET] Stopping robot movement...
[RESET] Waiting for TF to stabilize...
[RESET] AMCL disabled, correcting map→odom TF after teleport...
[RESET] Odom at (-0.00, -0.00, yaw=0.0°), target (0.00, 0.00, yaw=0.0°)
[RESET] TF correction: tx=0.000, ty=-0.000, yaw=-0.0°
[RESET] Static TF republished with yaw correction
[RESET] Robot pose reset complete
[2026-04-04 05:34:07] [GOAL_DEBUG] decision=timeout, reason=Goal timed out after 180s
[2026-04-04 05:34:07]   Result: timeout (FAIL)
[2026-04-04 05:34:07]   Reason: Goal timed out after 180s
[2026-04-04 05:34:07]   Time: 205.9s
[2026-04-04 05:34:07]   Robot moved: False, path_min_dist: 4.00m
[2026-04-04 05:34:07] [HEALTH] Periodic health check...
[2026-04-04 05:34:07] [HEALTH] Load: 1.1, Memory: 13.9%
[NAV2] local_costmap: found
[NAV2] navigate_to_pose action: found
[2026-04-04 05:34:08] [HEALTH] Pre-trial restart (every 1 trials, world=empty.sdf)...
[SIM] Stopping all processes...
[CLEANUP] Starting process cleanup...
[CLEANUP] Complete (killed 1 process groups)
[SIM] All processes stopped
[CLEANUP] Starting process cleanup...
[CLEANUP] Complete (killed 0 process groups)
[DEBUG] restart_with_method called: method=geofence, params={}, world=empty.sdf, guard=False
[SIM] Full restart for method: geofence (world: empty.sdf)
[SIM] Stopping all processes...
[CLEANUP] Starting process cleanup...
[CLEANUP] Complete (killed 0 process groups)
[SIM] All processes stopped
[SIM] Starting Gazebo...
[CLEANUP] Starting process cleanup...
[CLEANUP] Complete (killed 0 process groups)
[SIM] gz sim still alive (1 procs), force-killing PGIDs (attempt 1/5)...
[SIM] gz sim still alive (1 procs), force-killing PGIDs (attempt 2/5)...
[SIM] gz sim still alive (1 procs), force-killing PGIDs (attempt 3/5)...
[SIM] gz sim still alive (1 procs), force-killing PGIDs (attempt 4/5)...
[SIM] gz sim still alive (1 procs), force-killing PGIDs (attempt 5/5)...
[SIM][WARNING] Could not kill all gz sim processes — proceeding anyway
[SIM] Waiting for Gazebo (180s)...
[SIM] Gazebo started successfully
[SIM] robot_state_publisher: running
[SIM] Starting odom relay (odom_real → odom)...
[SIM] Odom relay started
[SIM] Starting scan relay (scan_real → scan)...
[SIM] Scan relay started, verifying /scan topic...
[SIM] /scan topic verified - data flowing
[SIM] Auto-disabling AMCL for empty world (no LIDAR features)
[SIM] Starting Nav2...
[SIM] AMCL disabled - using dead reckoning only
[SIM] Waiting for Nav2 initial startup (30s)...
[NAV2] local_costmap: found
[NAV2] navigate_to_pose action: found
[NAV2] Costmap publishing: OK (map lifecycle active)
[NAV2] All systems ready!
[SIM] Final verification: checking navigate_to_pose action...
[SIM] Nav2 started successfully and action server verified!
[SIM] Starting geofence with method: geofence, params: {}, comm_latency_ms: 0
[SIM] Waiting for geofence (20s)...
[SIM] Geofence started with method: geofence (cmd_vel_guard: False)
[SIM] cmd_vel_guard disabled, starting cmd_vel relay for navigation...
[SIM] Starting cmd_vel relay (cmd_vel_nav → cmd_vel)...
[SIM] cmd_vel relay started
[2026-04-04 05:36:22] [GEOFENCE] Restarting geofence (sigma=0.15, v_max=0.5, tau=0.1, eps=0.003, a_max=2.5)...
[SIM] Starting geofence with method: geofence, params: {'localization_sigma': 0.15, 'v_max': 0.5, 'latency': 0.1, 'epsilon': 0.003, 'a_max': 2.5, 'e_0': 0.03, 'c_1': 0.04, 'enable_estimation_term': True, 'enable_tracking_term': True, 'enable_latency_term': True, 'enable_braking_term': True, 'use_dynamic_v_max': False, 'use_dynamic_tau': False, 'use_dynamic_e_track': False}, comm_latency_ms: 100
[SIM] Waiting for geofence (20s)...
[SIM] Geofence started with method: geofence (cmd_vel_guard: False)
[SIM] cmd_vel_guard disabled, starting cmd_vel relay for navigation...
[SIM] Starting cmd_vel relay (cmd_vel_nav → cmd_vel) (latency=100ms)...
[SIM] cmd_vel relay started (latency=100ms)
[2026-04-04 05:36:50] 
Trial 222/370: S1_geofence_near_boundary_s11
[2026-04-04 05:36:50]   Goal: (3.85, 0.00)
[2026-04-04 05:36:50]   Goal 0.15m from zone boundary (outside zone, within safety margins)
[2026-04-04 05:36:50]   Comm latency: 100ms
[2026-04-04 05:36:50] [RESET] Resetting robot pose to origin...
[RESET] Teleporting robot to (0.0, 0.0, θ=0.0)
[RESET] Cancelling any active navigation goals...
[RESET] Stopping robot movement...
[RESET] Waiting for TF to stabilize...
[RESET] AMCL disabled, correcting map→odom TF after teleport...
[RESET] Odom at (-0.00, -0.00, yaw=0.0°), target (0.00, 0.00, yaw=0.0°)
[RESET] TF correction: tx=0.000, ty=-0.000, yaw=-0.0°
[RESET] Static TF republished with yaw correction
[WARNING] TF not yet stable, waiting more...
[RESET] Robot pose reset complete
[2026-04-04 05:40:11] [GOAL_DEBUG] decision=timeout, reason=Goal timed out after 180s
[2026-04-04 05:40:11]   Result: timeout (FAIL)
[2026-04-04 05:40:11]   Reason: Goal timed out after 180s
[2026-04-04 05:40:11]   Time: 201.5s
[2026-04-04 05:40:11]   Robot moved: False, path_min_dist: 4.00m
[2026-04-04 05:40:11] [HEALTH] Pre-trial restart (every 1 trials, world=empty.sdf)...
[SIM] Stopping all processes...
[CLEANUP] Starting process cleanup...
[CLEANUP] Complete (killed 1 process groups)
[SIM] All processes stopped
[CLEANUP] Starting process cleanup...
[CLEANUP] Complete (killed 0 process groups)
[DEBUG] restart_with_method called: method=geofence, params={}, world=empty.sdf, guard=False
[SIM] Full restart for method: geofence (world: empty.sdf)
[SIM] Stopping all processes...
[CLEANUP] Starting process cleanup...
[CLEANUP] Complete (killed 0 process groups)
[SIM] All processes stopped
[SIM] Starting Gazebo...
[CLEANUP] Starting process cleanup...
[CLEANUP] Complete (killed 0 process groups)
[SIM] gz sim still alive (1 procs), force-killing PGIDs (attempt 1/5)...
[SIM] gz sim still alive (1 procs), force-killing PGIDs (attempt 2/5)...
[SIM] gz sim still alive (1 procs), force-killing PGIDs (attempt 3/5)...
[SIM] gz sim still alive (1 procs), force-killing PGIDs (attempt 4/5)...
[SIM] gz sim still alive (1 procs), force-killing PGIDs (attempt 5/5)...
[SIM][WARNING] Could not kill all gz sim processes — proceeding anyway
[SIM] Waiting for Gazebo (180s)...
[SIM] Gazebo started successfully
[SIM] robot_state_publisher: running
[SIM] Starting odom relay (odom_real → odom)...
[SIM] Odom relay started
[SIM] Starting scan relay (scan_real → scan)...
[SIM] Scan relay started, verifying /scan topic...
[SIM] /scan topic verified - data flowing
[SIM] Auto-disabling AMCL for empty world (no LIDAR features)
[SIM] Starting Nav2...
[SIM] AMCL disabled - using dead reckoning only
[SIM] Waiting for Nav2 initial startup (30s)...
[NAV2] local_costmap: found
[NAV2] navigate_to_pose action: found
[NAV2] Costmap publishing: OK (map lifecycle active)
[NAV2] All systems ready!
[SIM] Final verification: checking navigate_to_pose action...
The daemon has been started
The daemon has been started
[SIM] Nav2 started successfully and action server verified!
[SIM] Starting geofence with method: geofence, params: {}, comm_latency_ms: 0
[SIM] Waiting for geofence (20s)...
[SIM] Geofence started with method: geofence (cmd_vel_guard: False)
[SIM] cmd_vel_guard disabled, starting cmd_vel relay for navigation...
[SIM] Starting cmd_vel relay (cmd_vel_nav → cmd_vel)...
[SIM] cmd_vel relay started
[2026-04-04 05:42:25] [GEOFENCE] Restarting geofence (sigma=0.15, v_max=0.5, tau=0.1, eps=0.003, a_max=2.5)...
[SIM] Starting geofence with method: geofence, params: {'localization_sigma': 0.15, 'v_max': 0.5, 'latency': 0.1, 'epsilon': 0.003, 'a_max': 2.5, 'e_0': 0.03, 'c_1': 0.04, 'enable_estimation_term': True, 'enable_tracking_term': True, 'enable_latency_term': True, 'enable_braking_term': True, 'use_dynamic_v_max': False, 'use_dynamic_tau': False, 'use_dynamic_e_track': False}, comm_latency_ms: 0
[SIM] Waiting for geofence (20s)...
[SIM] Geofence started with method: geofence (cmd_vel_guard: False)
[SIM] cmd_vel_guard disabled, starting cmd_vel relay for navigation...
[SIM] Starting cmd_vel relay (cmd_vel_nav → cmd_vel)...
[SIM] cmd_vel relay started
[2026-04-04 05:42:53] 
Trial 223/370: S1_geofence_near_boundary_s12
[2026-04-04 05:42:53]   Goal: (3.85, 0.00)
[2026-04-04 05:42:53]   Goal 0.15m from zone boundary (outside zone, within safety margins)
[2026-04-04 05:42:53] [RESET] Resetting robot pose to origin...
[RESET] Teleporting robot to (0.0, 0.0, θ=0.0)
[RESET] Cancelling any active navigation goals...
[RESET] Stopping robot movement...
[RESET] Waiting for TF to stabilize...
[RESET] AMCL disabled, correcting map→odom TF after teleport...
[RESET] Odom at (-0.00, -0.00, yaw=0.0°), target (0.00, 0.00, yaw=0.0°)
[RESET] TF correction: tx=0.000, ty=-0.000, yaw=-0.0°
[RESET] Static TF republished with yaw correction
[RESET] Robot pose reset complete
[2026-04-04 05:46:17] [GOAL_DEBUG] decision=timeout, reason=Goal timed out after 180s
[2026-04-04 05:46:17]   Result: timeout (FAIL)
[2026-04-04 05:46:17]   Reason: Goal timed out after 180s
[2026-04-04 05:46:17]   Time: 204.4s
[2026-04-04 05:46:17]   Robot moved: False, path_min_dist: 4.00m
[2026-04-04 05:46:17] [HEALTH] Pre-trial restart (every 1 trials, world=empty.sdf)...
[SIM] Stopping all processes...
[CLEANUP] Starting process cleanup...
[CLEANUP] Complete (killed 1 process groups)
[SIM] All processes stopped
[CLEANUP] Starting process cleanup...
[CLEANUP] Complete (killed 0 process groups)
[DEBUG] restart_with_method called: method=geofence, params={}, world=empty.sdf, guard=False
[SIM] Full restart for method: geofence (world: empty.sdf)
[SIM] Stopping all processes...
[CLEANUP] Starting process cleanup...
[CLEANUP] Complete (killed 0 process groups)
[SIM] All processes stopped
[SIM] Starting Gazebo...
[CLEANUP] Starting process cleanup...
[CLEANUP] Complete (killed 0 process groups)
[SIM] gz sim still alive (1 procs), force-killing PGIDs (attempt 1/5)...
[SIM] gz sim still alive (1 procs), force-killing PGIDs (attempt 2/5)...
[SIM] gz sim still alive (1 procs), force-killing PGIDs (attempt 3/5)...
[SIM] gz sim still alive (1 procs), force-killing PGIDs (attempt 4/5)...
[SIM] gz sim still alive (1 procs), force-killing PGIDs (attempt 5/5)...
[SIM][WARNING] Could not kill all gz sim processes — proceeding anyway
[SIM] Waiting for Gazebo (180s)...
[SIM] Gazebo started successfully
[SIM] robot_state_publisher: running
[SIM] Starting odom relay (odom_real → odom)...
[SIM] Odom relay started
[SIM] Starting scan relay (scan_real → scan)...
[SIM] Scan relay started, verifying /scan topic...
[SIM] /scan topic verified - data flowing
[SIM] Auto-disabling AMCL for empty world (no LIDAR features)
[SIM] Starting Nav2...
[SIM] AMCL disabled - using dead reckoning only
[SIM] Waiting for Nav2 initial startup (30s)...
[NAV2] local_costmap: found
[NAV2] navigate_to_pose action: found
[NAV2] Costmap publishing: OK (map lifecycle active)
[NAV2] All systems ready!
[SIM] Final verification: checking navigate_to_pose action...
[SIM] Nav2 started successfully and action server verified!
[SIM] Starting geofence with method: geofence, params: {}, comm_latency_ms: 0
[SIM] Waiting for geofence (20s)...
[SIM] Geofence started with method: geofence (cmd_vel_guard: False)
[SIM] cmd_vel_guard disabled, starting cmd_vel relay for navigation...
[SIM] Starting cmd_vel relay (cmd_vel_nav → cmd_vel)...
[SIM] cmd_vel relay started
[2026-04-04 05:48:31] [GEOFENCE] Restarting geofence (sigma=0.15, v_max=0.5, tau=0.1, eps=0.003, a_max=2.5)...
[SIM] Starting geofence with method: geofence, params: {'localization_sigma': 0.15, 'v_max': 0.5, 'latency': 0.1, 'epsilon': 0.003, 'a_max': 2.5, 'e_0': 0.03, 'c_1': 0.04, 'enable_estimation_term': True, 'enable_tracking_term': True, 'enable_latency_term': True, 'enable_braking_term': True, 'use_dynamic_v_max': False, 'use_dynamic_tau': False, 'use_dynamic_e_track': False}, comm_latency_ms: 50
[SIM] Waiting for geofence (20s)...
[SIM] Geofence started with method: geofence (cmd_vel_guard: False)
[SIM] cmd_vel_guard disabled, starting cmd_vel relay for navigation...
[SIM] Starting cmd_vel relay (cmd_vel_nav → cmd_vel) (latency=50ms)...
[SIM] cmd_vel relay started (latency=50ms)
[2026-04-04 05:48:59] 
Trial 224/370: S1_geofence_near_boundary_s13
[2026-04-04 05:48:59]   Goal: (3.85, 0.00)
[2026-04-04 05:48:59]   Goal 0.15m from zone boundary (outside zone, within safety margins)
[2026-04-04 05:48:59]   Comm latency: 50ms
[2026-04-04 05:48:59] [RESET] Resetting robot pose to origin...
[RESET] Teleporting robot to (0.0, 0.0, θ=0.0)
[RESET] Cancelling any active navigation goals...
[RESET] Stopping robot movement...
[RESET] Waiting for TF to stabilize...
[RESET] AMCL disabled, correcting map→odom TF after teleport...
[RESET] Odom at (-0.00, -0.00, yaw=0.0°), target (0.00, 0.00, yaw=0.0°)
[RESET] TF correction: tx=0.000, ty=-0.000, yaw=-0.0°
[RESET] Static TF republished with yaw correction
[RESET] Robot pose reset complete
[2026-04-04 05:52:32] [GOAL_DEBUG] decision=timeout, reason=Goal timed out after 180s
[2026-04-04 05:52:32]   Result: timeout (FAIL)
[2026-04-04 05:52:32]   Reason: Goal timed out after 180s
[2026-04-04 05:52:32]   Time: 213.3s
[2026-04-04 05:52:32]   Robot moved: False, path_min_dist: 4.00m
[2026-04-04 05:52:32] [HEALTH] Pre-trial restart (every 1 trials, world=empty.sdf)...
[SIM] Stopping all processes...
[CLEANUP] Starting process cleanup...
[CLEANUP] Complete (killed 1 process groups)
[SIM] All processes stopped
[CLEANUP] Starting process cleanup...
[CLEANUP] Complete (killed 0 process groups)
[DEBUG] restart_with_method called: method=geofence, params={}, world=empty.sdf, guard=False
[SIM] Full restart for method: geofence (world: empty.sdf)
[SIM] Stopping all processes...
[CLEANUP] Starting process cleanup...
[CLEANUP] Complete (killed 0 process groups)
[SIM] All processes stopped
[SIM] Starting Gazebo...
[CLEANUP] Starting process cleanup...
[CLEANUP] Complete (killed 0 process groups)
[SIM] gz sim still alive (1 procs), force-killing PGIDs (attempt 1/5)...
[SIM] gz sim still alive (1 procs), force-killing PGIDs (attempt 2/5)...
[SIM] gz sim still alive (1 procs), force-killing PGIDs (attempt 3/5)...
[SIM] gz sim still alive (1 procs), force-killing PGIDs (attempt 4/5)...
[SIM] gz sim still alive (1 procs), force-killing PGIDs (attempt 5/5)...
[SIM][WARNING] Could not kill all gz sim processes — proceeding anyway
[SIM] Waiting for Gazebo (180s)...
[SIM] Gazebo started successfully
[SIM] robot_state_publisher: running
[SIM] Starting odom relay (odom_real → odom)...
[SIM] Odom relay started
[SIM] Starting scan relay (scan_real → scan)...
[SIM] Scan relay started, verifying /scan topic...
[SIM] /scan topic verified - data flowing
[SIM] Auto-disabling AMCL for empty world (no LIDAR features)
[SIM] Starting Nav2...
[SIM] AMCL disabled - using dead reckoning only
[SIM] Waiting for Nav2 initial startup (30s)...
[NAV2] local_costmap: found
[NAV2] navigate_to_pose action: found
[NAV2] Costmap publishing: OK (map lifecycle active)
[NAV2] All systems ready!
[SIM] Final verification: checking navigate_to_pose action...
The daemon has been started
The daemon has been started
[SIM] Nav2 started successfully and action server verified!
[SIM] Starting geofence with method: geofence, params: {}, comm_latency_ms: 0
[SIM] Waiting for geofence (20s)...
[SIM] Geofence started with method: geofence (cmd_vel_guard: False)
[SIM] cmd_vel_guard disabled, starting cmd_vel relay for navigation...
[SIM] Starting cmd_vel relay (cmd_vel_nav → cmd_vel)...
[SIM] cmd_vel relay started
[2026-04-04 05:54:46] [GEOFENCE] Restarting geofence (sigma=0.15, v_max=0.5, tau=0.1, eps=0.003, a_max=2.5)...
[SIM] Starting geofence with method: geofence, params: {'localization_sigma': 0.15, 'v_max': 0.5, 'latency': 0.1, 'epsilon': 0.003, 'a_max': 2.5, 'e_0': 0.03, 'c_1': 0.04, 'enable_estimation_term': True, 'enable_tracking_term': True, 'enable_latency_term': True, 'enable_braking_term': True, 'use_dynamic_v_max': False, 'use_dynamic_tau': False, 'use_dynamic_e_track': False}, comm_latency_ms: 100
[SIM] Waiting for geofence (20s)...
[SIM] Geofence started with method: geofence (cmd_vel_guard: False)
[SIM] cmd_vel_guard disabled, starting cmd_vel relay for navigation...
[SIM] Starting cmd_vel relay (cmd_vel_nav → cmd_vel) (latency=100ms)...
[SIM] cmd_vel relay started (latency=100ms)
[2026-04-04 05:55:14] 
Trial 225/370: S1_geofence_near_boundary_s14
[2026-04-04 05:55:14]   Goal: (3.85, 0.00)
[2026-04-04 05:55:14]   Goal 0.15m from zone boundary (outside zone, within safety margins)
[2026-04-04 05:55:14]   Comm latency: 100ms
[2026-04-04 05:55:14] [RESET] Resetting robot pose to origin...
[RESET] Teleporting robot to (0.0, 0.0, θ=0.0)
[RESET] Cancelling any active navigation goals...
[RESET] Stopping robot movement...
[RESET] Waiting for TF to stabilize...
[RESET] AMCL disabled, correcting map→odom TF after teleport...
[RESET] Odom at (-0.00, -0.00, yaw=0.0°), target (0.00, 0.00, yaw=0.0°)
[RESET] TF correction: tx=0.000, ty=-0.000, yaw=-0.0°
[RESET] Static TF republished with yaw correction
[RESET] Robot pose reset complete
[2026-04-04 05:58:34] [GOAL_DEBUG] decision=timeout, reason=Goal timed out after 180s
[2026-04-04 05:58:34]   Result: timeout (FAIL)
[2026-04-04 05:58:34]   Reason: Goal timed out after 180s
[2026-04-04 05:58:34]   Time: 199.8s
[2026-04-04 05:58:34]   Robot moved: False, path_min_dist: 4.00m
[CHECKPOINT] Saved at trial 225/160
[2026-04-04 05:58:34] [HEALTH] Pre-trial restart (every 1 trials, world=empty.sdf)...
[SIM] Stopping all processes...
[CLEANUP] Starting process cleanup...
[CLEANUP] Complete (killed 1 process groups)
[SIM] All processes stopped
[CLEANUP] Starting process cleanup...
[CLEANUP] Complete (killed 0 process groups)
[DEBUG] restart_with_method called: method=geofence, params={}, world=empty.sdf, guard=False
[SIM] Full restart for method: geofence (world: empty.sdf)
[SIM] Stopping all processes...
[CLEANUP] Starting process cleanup...
[CLEANUP] Complete (killed 0 process groups)
[SIM] All processes stopped
[SIM] Starting Gazebo...
[CLEANUP] Starting process cleanup...
[CLEANUP] Complete (killed 0 process groups)
[SIM] gz sim still alive (1 procs), force-killing PGIDs (attempt 1/5)...
[SIM] gz sim still alive (1 procs), force-killing PGIDs (attempt 2/5)...
[SIM] gz sim still alive (1 procs), force-killing PGIDs (attempt 3/5)...
[SIM] gz sim still alive (1 procs), force-killing PGIDs (attempt 4/5)...
[SIM] gz sim still alive (1 procs), force-killing PGIDs (attempt 5/5)...
[SIM][WARNING] Could not kill all gz sim processes — proceeding anyway
[SIM] Waiting for Gazebo (180s)...
[SIM] Gazebo started successfully
[SIM] robot_state_publisher: running
[SIM] Starting odom relay (odom_real → odom)...
[SIM] Odom relay started
[SIM] Starting scan relay (scan_real → scan)...
[SIM] Scan relay started, verifying /scan topic...
[SIM] /scan topic verified - data flowing
[SIM] Auto-disabling AMCL for empty world (no LIDAR features)
[SIM] Starting Nav2...
[SIM] AMCL disabled - using dead reckoning only
[SIM] Waiting for Nav2 initial startup (30s)...
[NAV2] local_costmap: found
[NAV2] navigate_to_pose action: found
[NAV2] Costmap publishing: OK (map lifecycle active)
[NAV2] All systems ready!
[SIM] Final verification: checking navigate_to_pose action...
[SIM] Nav2 started successfully and action server verified!
[SIM] Starting geofence with method: geofence, params: {}, comm_latency_ms: 0
[SIM] Waiting for geofence (20s)...
[SIM] Geofence started with method: geofence (cmd_vel_guard: False)
[SIM] cmd_vel_guard disabled, starting cmd_vel relay for navigation...
[SIM] Starting cmd_vel relay (cmd_vel_nav → cmd_vel)...
[SIM] cmd_vel relay started
[2026-04-04 06:00:47] [GEOFENCE] Restarting geofence (sigma=0.15, v_max=0.5, tau=0.1, eps=0.003, a_max=2.5)...
[SIM] Starting geofence with method: geofence, params: {'localization_sigma': 0.15, 'v_max': 0.5, 'latency': 0.1, 'epsilon': 0.003, 'a_max': 2.5, 'e_0': 0.03, 'c_1': 0.04, 'enable_estimation_term': True, 'enable_tracking_term': True, 'enable_latency_term': True, 'enable_braking_term': True, 'use_dynamic_v_max': False, 'use_dynamic_tau': False, 'use_dynamic_e_track': False}, comm_latency_ms: 0
[SIM] Waiting for geofence (20s)...
[SIM] Geofence started with method: geofence (cmd_vel_guard: False)
[SIM] cmd_vel_guard disabled, starting cmd_vel relay for navigation...
[SIM] Starting cmd_vel relay (cmd_vel_nav → cmd_vel)...
[SIM] cmd_vel relay started
[2026-04-04 06:01:15] 
Trial 226/370: S1_geofence_near_boundary_s15
[2026-04-04 06:01:15]   Goal: (3.85, 0.00)
[2026-04-04 06:01:15]   Goal 0.15m from zone boundary (outside zone, within safety margins)
[2026-04-04 06:01:15] [RESET] Resetting robot pose to origin...
[RESET] Teleporting robot to (0.0, 0.0, θ=0.0)
[RESET] Cancelling any active navigation goals...
[RESET] Stopping robot movement...
[RESET] Waiting for TF to stabilize...
[RESET] AMCL disabled, correcting map→odom TF after teleport...
[RESET] Odom at (-0.00, -0.00, yaw=0.0°), target (0.00, 0.00, yaw=0.0°)
[RESET] TF correction: tx=0.000, ty=-0.000, yaw=-0.0°
[RESET] Static TF republished with yaw correction
[RESET] Robot pose reset complete
[2026-04-04 06:04:48] [GOAL_DEBUG] decision=timeout, reason=Goal timed out after 180s
[2026-04-04 06:04:48]   Result: timeout (FAIL)
[2026-04-04 06:04:48]   Reason: Goal timed out after 180s
[2026-04-04 06:04:48]   Time: 213.0s
[2026-04-04 06:04:48]   Robot moved: False, path_min_dist: 4.00m
[2026-04-04 06:04:48] [HEALTH] Pre-trial restart (every 1 trials, world=empty.sdf)...
[SIM] Stopping all processes...
[CLEANUP] Starting process cleanup...
[CLEANUP] Complete (killed 1 process groups)
[SIM] All processes stopped
[CLEANUP] Starting process cleanup...
[CLEANUP] Complete (killed 0 process groups)
[DEBUG] restart_with_method called: method=geofence, params={}, world=empty.sdf, guard=False
[SIM] Full restart for method: geofence (world: empty.sdf)
[SIM] Stopping all processes...
[CLEANUP] Starting process cleanup...
[CLEANUP] Complete (killed 0 process groups)
[SIM] All processes stopped
[SIM] Starting Gazebo...
[CLEANUP] Starting process cleanup...
[CLEANUP] Complete (killed 0 process groups)
[SIM] gz sim still alive (1 procs), force-killing PGIDs (attempt 1/5)...
[SIM] gz sim still alive (1 procs), force-killing PGIDs (attempt 2/5)...
[SIM] gz sim still alive (1 procs), force-killing PGIDs (attempt 3/5)...
[SIM] gz sim still alive (1 procs), force-killing PGIDs (attempt 4/5)...
[SIM] gz sim still alive (1 procs), force-killing PGIDs (attempt 5/5)...
[SIM][WARNING] Could not kill all gz sim processes — proceeding anyway
[SIM] Waiting for Gazebo (180s)...
[SIM] Gazebo started successfully
[SIM] robot_state_publisher: running
[SIM] Starting odom relay (odom_real → odom)...
[SIM] Odom relay started
[SIM] Starting scan relay (scan_real → scan)...
[SIM] Scan relay started, verifying /scan topic...
[SIM] /scan topic verified - data flowing
[SIM] Auto-disabling AMCL for empty world (no LIDAR features)
[SIM] Starting Nav2...
[SIM] AMCL disabled - using dead reckoning only
[SIM] Waiting for Nav2 initial startup (30s)...
[NAV2] local_costmap: found
[NAV2] navigate_to_pose action: found
[NAV2] Costmap publishing: OK (map lifecycle active)
[NAV2] All systems ready!
The daemon has been started
The daemon has been started
[SIM] Final verification: checking navigate_to_pose action...
[SIM] Nav2 started successfully and action server verified!
[SIM] Starting geofence with method: geofence, params: {}, comm_latency_ms: 0
[SIM] Waiting for geofence (20s)...
[SIM] Geofence started with method: geofence (cmd_vel_guard: False)
[SIM] cmd_vel_guard disabled, starting cmd_vel relay for navigation...
[SIM] Starting cmd_vel relay (cmd_vel_nav → cmd_vel)...
[SIM] cmd_vel relay started
[2026-04-04 06:07:03] [GEOFENCE] Restarting geofence (sigma=0.15, v_max=0.5, tau=0.1, eps=0.003, a_max=2.5)...
[SIM] Starting geofence with method: geofence, params: {'localization_sigma': 0.15, 'v_max': 0.5, 'latency': 0.1, 'epsilon': 0.003, 'a_max': 2.5, 'e_0': 0.03, 'c_1': 0.04, 'enable_estimation_term': True, 'enable_tracking_term': True, 'enable_latency_term': True, 'enable_braking_term': True, 'use_dynamic_v_max': False, 'use_dynamic_tau': False, 'use_dynamic_e_track': False}, comm_latency_ms: 50
[SIM] Waiting for geofence (20s)...
[SIM] Geofence started with method: geofence (cmd_vel_guard: False)
[SIM] cmd_vel_guard disabled, starting cmd_vel relay for navigation...
[SIM] Starting cmd_vel relay (cmd_vel_nav → cmd_vel) (latency=50ms)...
[SIM] cmd_vel relay started (latency=50ms)
[2026-04-04 06:07:31] 
Trial 227/370: S1_geofence_near_boundary_s16
[2026-04-04 06:07:31]   Goal: (3.85, 0.00)
[2026-04-04 06:07:31]   Goal 0.15m from zone boundary (outside zone, within safety margins)
[2026-04-04 06:07:31]   Comm latency: 50ms
[2026-04-04 06:07:31] [RESET] Resetting robot pose to origin...
[RESET] Teleporting robot to (0.0, 0.0, θ=0.0)
[RESET] Cancelling any active navigation goals...
[RESET] Stopping robot movement...
[RESET] Waiting for TF to stabilize...
[RESET] AMCL disabled, correcting map→odom TF after teleport...
[RESET] Odom at (-0.00, -0.00, yaw=0.0°), target (0.00, 0.00, yaw=0.0°)
[RESET] TF correction: tx=0.000, ty=-0.000, yaw=-0.0°
[RESET] Static TF republished with yaw correction
[RESET] Robot pose reset complete
[2026-04-04 06:11:00] [GOAL_DEBUG] decision=timeout, reason=Goal timed out after 180s
[2026-04-04 06:11:00]   Result: timeout (FAIL)
[2026-04-04 06:11:00]   Reason: Goal timed out after 180s
[2026-04-04 06:11:00]   Time: 208.7s
[2026-04-04 06:11:00]   Robot moved: False, path_min_dist: 4.00m
[2026-04-04 06:11:00] [HEALTH] Pre-trial restart (every 1 trials, world=empty.sdf)...
[SIM] Stopping all processes...
[CLEANUP] Starting process cleanup...
[CLEANUP] Complete (killed 1 process groups)
[SIM] All processes stopped
[CLEANUP] Starting process cleanup...
[CLEANUP] Complete (killed 0 process groups)
[DEBUG] restart_with_method called: method=geofence, params={}, world=empty.sdf, guard=False
[SIM] Full restart for method: geofence (world: empty.sdf)
[SIM] Stopping all processes...
[CLEANUP] Starting process cleanup...
[CLEANUP] Complete (killed 0 process groups)
[SIM] All processes stopped
[SIM] Starting Gazebo...
[CLEANUP] Starting process cleanup...
[CLEANUP] Complete (killed 0 process groups)
[SIM] gz sim still alive (1 procs), force-killing PGIDs (attempt 1/5)...
[SIM] gz sim still alive (1 procs), force-killing PGIDs (attempt 2/5)...
[SIM] gz sim still alive (1 procs), force-killing PGIDs (attempt 3/5)...
[SIM] gz sim still alive (1 procs), force-killing PGIDs (attempt 4/5)...
[SIM] gz sim still alive (1 procs), force-killing PGIDs (attempt 5/5)...
[SIM][WARNING] Could not kill all gz sim processes — proceeding anyway
[SIM] Waiting for Gazebo (180s)...
[SIM] Gazebo started successfully
[SIM] robot_state_publisher: running
[SIM] Starting odom relay (odom_real → odom)...
[SIM] Odom relay started
[SIM] Starting scan relay (scan_real → scan)...
[SIM] Scan relay started, verifying /scan topic...
[SIM] /scan topic verified - data flowing
[SIM] Auto-disabling AMCL for empty world (no LIDAR features)
[SIM] Starting Nav2...
[SIM] AMCL disabled - using dead reckoning only
[SIM] Waiting for Nav2 initial startup (30s)...
[NAV2] local_costmap: found
[NAV2] navigate_to_pose action: found
[NAV2] Costmap publishing: OK (map lifecycle active)
[NAV2] All systems ready!
[SIM] Final verification: checking navigate_to_pose action...
[SIM] Nav2 started successfully and action server verified!
[SIM] Starting geofence with method: geofence, params: {}, comm_latency_ms: 0
[SIM] Waiting for geofence (20s)...
[SIM] Geofence started with method: geofence (cmd_vel_guard: False)
[SIM] cmd_vel_guard disabled, starting cmd_vel relay for navigation...
[SIM] Starting cmd_vel relay (cmd_vel_nav → cmd_vel)...
[SIM] cmd_vel relay started
[2026-04-04 06:13:14] [GEOFENCE] Restarting geofence (sigma=0.15, v_max=0.5, tau=0.1, eps=0.003, a_max=2.5)...
[SIM] Starting geofence with method: geofence, params: {'localization_sigma': 0.15, 'v_max': 0.5, 'latency': 0.1, 'epsilon': 0.003, 'a_max': 2.5, 'e_0': 0.03, 'c_1': 0.04, 'enable_estimation_term': True, 'enable_tracking_term': True, 'enable_latency_term': True, 'enable_braking_term': True, 'use_dynamic_v_max': False, 'use_dynamic_tau': False, 'use_dynamic_e_track': False}, comm_latency_ms: 100
[SIM] Waiting for geofence (20s)...
[SIM] Geofence started with method: geofence (cmd_vel_guard: False)
[SIM] cmd_vel_guard disabled, starting cmd_vel relay for navigation...
[SIM] Starting cmd_vel relay (cmd_vel_nav → cmd_vel) (latency=100ms)...
[SIM] cmd_vel relay started (latency=100ms)
[2026-04-04 06:13:42] 
Trial 228/370: S1_geofence_near_boundary_s17
[2026-04-04 06:13:42]   Goal: (3.85, 0.00)
[2026-04-04 06:13:42]   Goal 0.15m from zone boundary (outside zone, within safety margins)
[2026-04-04 06:13:42]   Comm latency: 100ms
[2026-04-04 06:13:42] [RESET] Resetting robot pose to origin...
[RESET] Teleporting robot to (0.0, 0.0, θ=0.0)
[RESET] Cancelling any active navigation goals...
[RESET] Stopping robot movement...
[RESET] Waiting for TF to stabilize...
[RESET] AMCL disabled, correcting map→odom TF after teleport...
[RESET] Odom at (-0.00, -0.00, yaw=0.0°), target (0.00, 0.00, yaw=0.0°)
[RESET] TF correction: tx=0.000, ty=-0.000, yaw=-0.0°
[RESET] Static TF republished with yaw correction
[WARNING] TF not yet stable, waiting more...
[RESET] Robot pose reset complete
[2026-04-04 06:17:04] [GOAL_DEBUG] decision=timeout, reason=Goal timed out after 180s
[2026-04-04 06:17:04]   Result: timeout (FAIL)
[2026-04-04 06:17:04]   Reason: Goal timed out after 180s
[2026-04-04 06:17:04]   Time: 202.1s
[2026-04-04 06:17:04]   Robot moved: False, path_min_dist: 4.00m
[2026-04-04 06:17:04] [HEALTH] Pre-trial restart (every 1 trials, world=empty.sdf)...
[SIM] Stopping all processes...
[CLEANUP] Starting process cleanup...
[CLEANUP] Complete (killed 1 process groups)
[SIM] All processes stopped
[CLEANUP] Starting process cleanup...
[CLEANUP] Complete (killed 0 process groups)
[DEBUG] restart_with_method called: method=geofence, params={}, world=empty.sdf, guard=False
[SIM] Full restart for method: geofence (world: empty.sdf)
[SIM] Stopping all processes...
[CLEANUP] Starting process cleanup...
[CLEANUP] Complete (killed 0 process groups)
[SIM] All processes stopped
[SIM] Starting Gazebo...
[CLEANUP] Starting process cleanup...
[CLEANUP] Complete (killed 0 process groups)
[SIM] gz sim still alive (1 procs), force-killing PGIDs (attempt 1/5)...
[SIM] gz sim still alive (1 procs), force-killing PGIDs (attempt 2/5)...
[SIM] gz sim still alive (1 procs), force-killing PGIDs (attempt 3/5)...
[SIM] gz sim still alive (1 procs), force-killing PGIDs (attempt 4/5)...
[SIM] gz sim still alive (1 procs), force-killing PGIDs (attempt 5/5)...
[SIM][WARNING] Could not kill all gz sim processes — proceeding anyway
[SIM] Waiting for Gazebo (180s)...
[SIM] Gazebo started successfully
[SIM] robot_state_publisher: running
[SIM] Starting odom relay (odom_real → odom)...
[SIM] Odom relay started
[SIM] Starting scan relay (scan_real → scan)...
[SIM] Scan relay started, verifying /scan topic...
[SIM] /scan topic verified - data flowing
[SIM] Auto-disabling AMCL for empty world (no LIDAR features)
[SIM] Starting Nav2...
[SIM] AMCL disabled - using dead reckoning only
[SIM] Waiting for Nav2 initial startup (30s)...
[NAV2] local_costmap: found
The daemon has been started
The daemon has been started
[NAV2] navigate_to_pose action: found
[NAV2] Costmap publishing: OK (map lifecycle active)
[NAV2] All systems ready!
[SIM] Final verification: checking navigate_to_pose action...
[SIM] Nav2 started successfully and action server verified!
[SIM] Starting geofence with method: geofence, params: {}, comm_latency_ms: 0
[SIM] Waiting for geofence (20s)...
[SIM] Geofence started with method: geofence (cmd_vel_guard: False)
[SIM] cmd_vel_guard disabled, starting cmd_vel relay for navigation...
[SIM] Starting cmd_vel relay (cmd_vel_nav → cmd_vel)...
[SIM] cmd_vel relay started
[2026-04-04 06:19:17] [GEOFENCE] Restarting geofence (sigma=0.15, v_max=0.5, tau=0.1, eps=0.003, a_max=2.5)...
[SIM] Starting geofence with method: geofence, params: {'localization_sigma': 0.15, 'v_max': 0.5, 'latency': 0.1, 'epsilon': 0.003, 'a_max': 2.5, 'e_0': 0.03, 'c_1': 0.04, 'enable_estimation_term': True, 'enable_tracking_term': True, 'enable_latency_term': True, 'enable_braking_term': True, 'use_dynamic_v_max': False, 'use_dynamic_tau': False, 'use_dynamic_e_track': False}, comm_latency_ms: 0
[SIM] Waiting for geofence (20s)...
[SIM] Geofence started with method: geofence (cmd_vel_guard: False)
[SIM] cmd_vel_guard disabled, starting cmd_vel relay for navigation...
[SIM] Starting cmd_vel relay (cmd_vel_nav → cmd_vel)...
[SIM] cmd_vel relay started
[2026-04-04 06:19:46] 
Trial 229/370: S1_geofence_near_boundary_s18
[2026-04-04 06:19:46]   Goal: (3.85, 0.00)
[2026-04-04 06:19:46]   Goal 0.15m from zone boundary (outside zone, within safety margins)
[2026-04-04 06:19:46] [RESET] Resetting robot pose to origin...
[RESET] Teleporting robot to (0.0, 0.0, θ=0.0)
[RESET] Cancelling any active navigation goals...
[RESET] Stopping robot movement...
[RESET] Waiting for TF to stabilize...
[RESET] AMCL disabled, correcting map→odom TF after teleport...
[RESET] Odom at (-0.00, -0.00, yaw=0.0°), target (0.00, 0.00, yaw=0.0°)
[RESET] TF correction: tx=0.000, ty=-0.000, yaw=-0.0°
[RESET] Static TF republished with yaw correction
[RESET] Robot pose reset complete
[2026-04-04 06:23:13] [GOAL_DEBUG] decision=timeout, reason=Goal timed out after 180s
[2026-04-04 06:23:13]   Result: timeout (FAIL)
[2026-04-04 06:23:13]   Reason: Goal timed out after 180s
[2026-04-04 06:23:13]   Time: 207.2s
[2026-04-04 06:23:13]   Robot moved: False, path_min_dist: 4.00m
[2026-04-04 06:23:13] [HEALTH] Pre-trial restart (every 1 trials, world=empty.sdf)...
[SIM] Stopping all processes...
[CLEANUP] Starting process cleanup...
[CLEANUP] Complete (killed 1 process groups)
[SIM] All processes stopped
[CLEANUP] Starting process cleanup...
[CLEANUP] Complete (killed 0 process groups)
[DEBUG] restart_with_method called: method=geofence, params={}, world=empty.sdf, guard=False
[SIM] Full restart for method: geofence (world: empty.sdf)
[SIM] Stopping all processes...
[CLEANUP] Starting process cleanup...
[CLEANUP] Complete (killed 0 process groups)
[SIM] All processes stopped
[SIM] Starting Gazebo...
[CLEANUP] Starting process cleanup...
[CLEANUP] Complete (killed 0 process groups)
[SIM] gz sim still alive (1 procs), force-killing PGIDs (attempt 1/5)...
[SIM] gz sim still alive (1 procs), force-killing PGIDs (attempt 2/5)...
[SIM] gz sim still alive (1 procs), force-killing PGIDs (attempt 3/5)...
[SIM] gz sim still alive (1 procs), force-killing PGIDs (attempt 4/5)...
[SIM] gz sim still alive (1 procs), force-killing PGIDs (attempt 5/5)...
[SIM][WARNING] Could not kill all gz sim processes — proceeding anyway
[SIM] Waiting for Gazebo (180s)...
[SIM] Gazebo started successfully
[SIM] robot_state_publisher: running
[SIM] Starting odom relay (odom_real → odom)...
[SIM] Odom relay started
[SIM] Starting scan relay (scan_real → scan)...
[SIM] Scan relay started, verifying /scan topic...
[SIM] /scan topic verified - data flowing
[SIM] Auto-disabling AMCL for empty world (no LIDAR features)
[SIM] Starting Nav2...
[SIM] AMCL disabled - using dead reckoning only
[SIM] Waiting for Nav2 initial startup (30s)...
[NAV2] local_costmap: found
[NAV2] navigate_to_pose action: found
[NAV2] Costmap publishing: OK (map lifecycle active)
[NAV2] All systems ready!
[SIM] Final verification: checking navigate_to_pose action...
[SIM] Nav2 started successfully and action server verified!
[SIM] Starting geofence with method: geofence, params: {}, comm_latency_ms: 0
[SIM] Waiting for geofence (20s)...
[SIM] Geofence started with method: geofence (cmd_vel_guard: False)
[SIM] cmd_vel_guard disabled, starting cmd_vel relay for navigation...
[SIM] Starting cmd_vel relay (cmd_vel_nav → cmd_vel)...
[SIM] cmd_vel relay started
[2026-04-04 06:25:26] [GEOFENCE] Restarting geofence (sigma=0.15, v_max=0.5, tau=0.1, eps=0.003, a_max=2.5)...
[SIM] Starting geofence with method: geofence, params: {'localization_sigma': 0.15, 'v_max': 0.5, 'latency': 0.1, 'epsilon': 0.003, 'a_max': 2.5, 'e_0': 0.03, 'c_1': 0.04, 'enable_estimation_term': True, 'enable_tracking_term': True, 'enable_latency_term': True, 'enable_braking_term': True, 'use_dynamic_v_max': False, 'use_dynamic_tau': False, 'use_dynamic_e_track': False}, comm_latency_ms: 50
[SIM] Waiting for geofence (20s)...
[SIM] Geofence started with method: geofence (cmd_vel_guard: False)
[SIM] cmd_vel_guard disabled, starting cmd_vel relay for navigation...
[SIM] Starting cmd_vel relay (cmd_vel_nav → cmd_vel) (latency=50ms)...
[SIM] cmd_vel relay started (latency=50ms)
[2026-04-04 06:25:54] 
Trial 230/370: S1_geofence_near_boundary_s19
[2026-04-04 06:25:54]   Goal: (3.85, 0.00)
[2026-04-04 06:25:54]   Goal 0.15m from zone boundary (outside zone, within safety margins)
[2026-04-04 06:25:54]   Comm latency: 50ms
[2026-04-04 06:25:54] [RESET] Resetting robot pose to origin...
[RESET] Teleporting robot to (0.0, 0.0, θ=0.0)
[RESET] Cancelling any active navigation goals...
[RESET] Stopping robot movement...
[RESET] Waiting for TF to stabilize...
[RESET] AMCL disabled, correcting map→odom TF after teleport...
[RESET] Odom at (-0.00, -0.00, yaw=0.0°), target (0.00, 0.00, yaw=0.0°)
[RESET] TF correction: tx=0.000, ty=-0.000, yaw=-0.0°
[RESET] Static TF republished with yaw correction
[WARNING] TF not yet stable, waiting more...
[RESET] Robot pose reset complete
[2026-04-04 06:29:19] [GOAL_DEBUG] decision=timeout, reason=Goal timed out after 180s
[2026-04-04 06:29:19]   Result: timeout (FAIL)
[2026-04-04 06:29:19]   Reason: Goal timed out after 180s
[2026-04-04 06:29:19]   Time: 204.3s
[2026-04-04 06:29:19]   Robot moved: False, path_min_dist: 4.00m
[CHECKPOINT] Saved at trial 230/160
[2026-04-04 06:29:19] [HEALTH] Pre-trial restart (every 1 trials, world=empty.sdf)...
[SIM] Stopping all processes...
[CLEANUP] Starting process cleanup...
[CLEANUP] Complete (killed 1 process groups)
[SIM] All processes stopped
[CLEANUP] Starting process cleanup...
[CLEANUP] Complete (killed 0 process groups)
[DEBUG] restart_with_method called: method=geofence, params={}, world=empty.sdf, guard=False
[SIM] Full restart for method: geofence (world: empty.sdf)
[SIM] Stopping all processes...
[CLEANUP] Starting process cleanup...
[CLEANUP] Complete (killed 0 process groups)
[SIM] All processes stopped
[SIM] Starting Gazebo...
[CLEANUP] Starting process cleanup...
[CLEANUP] Complete (killed 0 process groups)
[SIM] gz sim still alive (1 procs), force-killing PGIDs (attempt 1/5)...
[SIM] gz sim still alive (1 procs), force-killing PGIDs (attempt 2/5)...
[SIM] gz sim still alive (1 procs), force-killing PGIDs (attempt 3/5)...
[SIM] gz sim still alive (1 procs), force-killing PGIDs (attempt 4/5)...
[SIM] gz sim still alive (1 procs), force-killing PGIDs (attempt 5/5)...
[SIM][WARNING] Could not kill all gz sim processes — proceeding anyway
[SIM] Waiting for Gazebo (180s)...
[SIM] Gazebo started successfully
[SIM] robot_state_publisher: running
[SIM] Starting odom relay (odom_real → odom)...
[SIM] Odom relay started
[SIM] Starting scan relay (scan_real → scan)...
[SIM] Scan relay started, verifying /scan topic...
[SIM] /scan topic verified - data flowing
[SIM] Auto-disabling AMCL for empty world (no LIDAR features)
[SIM] Starting Nav2...
[SIM] AMCL disabled - using dead reckoning only
The daemon has been started
The daemon has been started
[SIM] Waiting for Nav2 initial startup (30s)...
[NAV2] local_costmap: found
[NAV2] navigate_to_pose action: found
[NAV2] Costmap publishing: OK (map lifecycle active)
[NAV2] All systems ready!
[SIM] Final verification: checking navigate_to_pose action...
[SIM] Nav2 started successfully and action server verified!
[SIM] Starting geofence with method: geofence, params: {}, comm_latency_ms: 0
[SIM] Waiting for geofence (20s)...
[SIM] Geofence started with method: geofence (cmd_vel_guard: False)
[SIM] cmd_vel_guard disabled, starting cmd_vel relay for navigation...
[SIM] Starting cmd_vel relay (cmd_vel_nav → cmd_vel)...
[SIM] cmd_vel relay started
[2026-04-04 06:31:32] [GEOFENCE] Restarting geofence (sigma=0.15, v_max=0.5, tau=0.1, eps=0.003, a_max=2.5)...
[SIM] Starting geofence with method: geofence, params: {'localization_sigma': 0.15, 'v_max': 0.5, 'latency': 0.1, 'epsilon': 0.003, 'a_max': 2.5, 'e_0': 0.03, 'c_1': 0.04, 'enable_estimation_term': True, 'enable_tracking_term': True, 'enable_latency_term': True, 'enable_braking_term': True, 'use_dynamic_v_max': False, 'use_dynamic_tau': False, 'use_dynamic_e_track': False}, comm_latency_ms: 50
[SIM] Waiting for geofence (20s)...
[SIM] Geofence started with method: geofence (cmd_vel_guard: False)
[SIM] cmd_vel_guard disabled, starting cmd_vel relay for navigation...
[SIM] Starting cmd_vel relay (cmd_vel_nav → cmd_vel) (latency=50ms)...
[SIM] cmd_vel relay started (latency=50ms)
[2026-04-04 06:32:00] 
Trial 231/370: S1_geofence_mid_boundary_s10
[2026-04-04 06:32:00]   Goal: (3.55, 0.00)
[2026-04-04 06:32:00]   Goal 0.45m from zone boundary (outside zone, within SSM/Geo margin)
[2026-04-04 06:32:00]   Comm latency: 50ms
[2026-04-04 06:32:00] [RESET] Resetting robot pose to origin...
[RESET] Teleporting robot to (0.0, 0.0, θ=0.0)
[RESET] Cancelling any active navigation goals...
[RESET] Stopping robot movement...
[RESET] Waiting for TF to stabilize...
[RESET] AMCL disabled, correcting map→odom TF after teleport...
[RESET] Odom at (-0.00, -0.00, yaw=0.0°), target (0.00, 0.00, yaw=0.0°)
[RESET] TF correction: tx=0.000, ty=-0.000, yaw=-0.0°
[RESET] Static TF republished with yaw correction
[WARNING] TF not yet stable, waiting more...
[RESET] Robot pose reset complete
[2026-04-04 06:35:26] [GOAL_DEBUG] decision=timeout, reason=Goal timed out after 180s
[2026-04-04 06:35:26]   Result: timeout (FAIL)
[2026-04-04 06:35:26]   Reason: Goal timed out after 180s
[2026-04-04 06:35:26]   Time: 205.7s
[2026-04-04 06:35:26]   Robot moved: False, path_min_dist: 4.00m
[2026-04-04 06:35:26] [HEALTH] Periodic health check...
[2026-04-04 06:35:26] [HEALTH] Load: 1.5, Memory: 13.9%
[NAV2] local_costmap: found
[NAV2] navigate_to_pose action: found
[2026-04-04 06:35:27] [HEALTH] Pre-trial restart (every 1 trials, world=empty.sdf)...
[SIM] Stopping all processes...
[CLEANUP] Starting process cleanup...
[CLEANUP] Complete (killed 1 process groups)
[SIM] All processes stopped
[CLEANUP] Starting process cleanup...
[CLEANUP] Complete (killed 0 process groups)
[DEBUG] restart_with_method called: method=geofence, params={}, world=empty.sdf, guard=False
[SIM] Full restart for method: geofence (world: empty.sdf)
[SIM] Stopping all processes...
[CLEANUP] Starting process cleanup...
[CLEANUP] Complete (killed 0 process groups)
[SIM] All processes stopped
[SIM] Starting Gazebo...
[CLEANUP] Starting process cleanup...
[CLEANUP] Complete (killed 0 process groups)
[SIM] gz sim still alive (1 procs), force-killing PGIDs (attempt 1/5)...
[SIM] gz sim still alive (1 procs), force-killing PGIDs (attempt 2/5)...
[SIM] gz sim still alive (1 procs), force-killing PGIDs (attempt 3/5)...
[SIM] gz sim still alive (1 procs), force-killing PGIDs (attempt 4/5)...
[SIM] gz sim still alive (1 procs), force-killing PGIDs (attempt 5/5)...
[SIM][WARNING] Could not kill all gz sim processes — proceeding anyway
[SIM] Waiting for Gazebo (180s)...
[SIM] Gazebo started successfully
[SIM] robot_state_publisher: running
[SIM] Starting odom relay (odom_real → odom)...
[SIM] Odom relay started
[SIM] Starting scan relay (scan_real → scan)...
[SIM] Scan relay started, verifying /scan topic...
[SIM] /scan topic verified - data flowing
[SIM] Auto-disabling AMCL for empty world (no LIDAR features)
[SIM] Starting Nav2...
[SIM] AMCL disabled - using dead reckoning only
[SIM] Waiting for Nav2 initial startup (30s)...
[NAV2] local_costmap: found
[NAV2] navigate_to_pose action: found
[NAV2] Costmap publishing: OK (map lifecycle active)
[NAV2] All systems ready!
[SIM] Final verification: checking navigate_to_pose action...
[SIM] Nav2 started successfully and action server verified!
[SIM] Starting geofence with method: geofence, params: {}, comm_latency_ms: 0
[SIM] Waiting for geofence (20s)...
[SIM] Geofence started with method: geofence (cmd_vel_guard: False)
[SIM] cmd_vel_guard disabled, starting cmd_vel relay for navigation...
[SIM] Starting cmd_vel relay (cmd_vel_nav → cmd_vel)...
[SIM] cmd_vel relay started
[2026-04-04 06:37:41] [GEOFENCE] Restarting geofence (sigma=0.15, v_max=0.5, tau=0.1, eps=0.003, a_max=2.5)...
[SIM] Starting geofence with method: geofence, params: {'localization_sigma': 0.15, 'v_max': 0.5, 'latency': 0.1, 'epsilon': 0.003, 'a_max': 2.5, 'e_0': 0.03, 'c_1': 0.04, 'enable_estimation_term': True, 'enable_tracking_term': True, 'enable_latency_term': True, 'enable_braking_term': True, 'use_dynamic_v_max': False, 'use_dynamic_tau': False, 'use_dynamic_e_track': False}, comm_latency_ms: 100
[SIM] Waiting for geofence (20s)...
[SIM] Geofence started with method: geofence (cmd_vel_guard: False)
[SIM] cmd_vel_guard disabled, starting cmd_vel relay for navigation...
[SIM] Starting cmd_vel relay (cmd_vel_nav → cmd_vel) (latency=100ms)...
[SIM] cmd_vel relay started (latency=100ms)
[2026-04-04 06:38:09] 
Trial 232/370: S1_geofence_mid_boundary_s11
[2026-04-04 06:38:09]   Goal: (3.55, 0.00)
[2026-04-04 06:38:09]   Goal 0.45m from zone boundary (outside zone, within SSM/Geo margin)
[2026-04-04 06:38:09]   Comm latency: 100ms
[2026-04-04 06:38:09] [RESET] Resetting robot pose to origin...
[RESET] Teleporting robot to (0.0, 0.0, θ=0.0)
[RESET] Cancelling any active navigation goals...
[RESET] Stopping robot movement...
[RESET] Waiting for TF to stabilize...
[RESET] AMCL disabled, correcting map→odom TF after teleport...
[RESET] Odom at (-0.00, -0.00, yaw=0.0°), target (0.00, 0.00, yaw=0.0°)
[RESET] TF correction: tx=0.000, ty=-0.000, yaw=-0.0°
[RESET] Static TF republished with yaw correction
[RESET] Robot pose reset complete
[2026-04-04 06:41:29] [GOAL_DEBUG] decision=timeout, reason=Goal timed out after 180s
[2026-04-04 06:41:29]   Result: timeout (FAIL)
[2026-04-04 06:41:29]   Reason: Goal timed out after 180s
[2026-04-04 06:41:29]   Time: 199.9s
[2026-04-04 06:41:29]   Robot moved: False, path_min_dist: 4.00m
[2026-04-04 06:41:29] [HEALTH] Pre-trial restart (every 1 trials, world=empty.sdf)...
[SIM] Stopping all processes...
[CLEANUP] Starting process cleanup...
[CLEANUP] Complete (killed 1 process groups)
[SIM] All processes stopped
[CLEANUP] Starting process cleanup...
[CLEANUP] Complete (killed 0 process groups)
[DEBUG] restart_with_method called: method=geofence, params={}, world=empty.sdf, guard=False
[SIM] Full restart for method: geofence (world: empty.sdf)
[SIM] Stopping all processes...
[CLEANUP] Starting process cleanup...
[CLEANUP] Complete (killed 0 process groups)
[SIM] All processes stopped
[SIM] Starting Gazebo...
[CLEANUP] Starting process cleanup...
[CLEANUP] Complete (killed 0 process groups)
[SIM] gz sim still alive (1 procs), force-killing PGIDs (attempt 1/5)...
[SIM] gz sim still alive (1 procs), force-killing PGIDs (attempt 2/5)...
[SIM] gz sim still alive (1 procs), force-killing PGIDs (attempt 3/5)...
[SIM] gz sim still alive (1 procs), force-killing PGIDs (attempt 4/5)...
[SIM] gz sim still alive (1 procs), force-killing PGIDs (attempt 5/5)...
[SIM][WARNING] Could not kill all gz sim processes — proceeding anyway
[SIM] Waiting for Gazebo (180s)...
[SIM] Gazebo started successfully
[SIM] robot_state_publisher: running
[SIM] Starting odom relay (odom_real → odom)...
[SIM] Odom relay started
The daemon has been started
The daemon has been started
[SIM] Starting scan relay (scan_real → scan)...
[SIM] Scan relay started, verifying /scan topic...
[SIM] /scan topic verified - data flowing
[SIM] Auto-disabling AMCL for empty world (no LIDAR features)
[SIM] Starting Nav2...
[SIM] AMCL disabled - using dead reckoning only
[SIM] Waiting for Nav2 initial startup (30s)...
[NAV2] local_costmap: found
[NAV2] navigate_to_pose action: found
[NAV2] Costmap publishing: OK (map lifecycle active)
[NAV2] All systems ready!
[SIM] Final verification: checking navigate_to_pose action...
[SIM] Nav2 started successfully and action server verified!
[SIM] Starting geofence with method: geofence, params: {}, comm_latency_ms: 0
[SIM] Waiting for geofence (20s)...
[SIM] Geofence started with method: geofence (cmd_vel_guard: False)
[SIM] cmd_vel_guard disabled, starting cmd_vel relay for navigation...
[SIM] Starting cmd_vel relay (cmd_vel_nav → cmd_vel)...
[SIM] cmd_vel relay started
[2026-04-04 06:43:42] [GEOFENCE] Restarting geofence (sigma=0.15, v_max=0.5, tau=0.1, eps=0.003, a_max=2.5)...
[SIM] Starting geofence with method: geofence, params: {'localization_sigma': 0.15, 'v_max': 0.5, 'latency': 0.1, 'epsilon': 0.003, 'a_max': 2.5, 'e_0': 0.03, 'c_1': 0.04, 'enable_estimation_term': True, 'enable_tracking_term': True, 'enable_latency_term': True, 'enable_braking_term': True, 'use_dynamic_v_max': False, 'use_dynamic_tau': False, 'use_dynamic_e_track': False}, comm_latency_ms: 0
[SIM] Waiting for geofence (20s)...
[SIM] Geofence started with method: geofence (cmd_vel_guard: False)
[SIM] cmd_vel_guard disabled, starting cmd_vel relay for navigation...
[SIM] Starting cmd_vel relay (cmd_vel_nav → cmd_vel)...
[SIM] cmd_vel relay started
[2026-04-04 06:44:10] 
Trial 233/370: S1_geofence_mid_boundary_s12
[2026-04-04 06:44:10]   Goal: (3.55, 0.00)
[2026-04-04 06:44:10]   Goal 0.45m from zone boundary (outside zone, within SSM/Geo margin)
[2026-04-04 06:44:10] [RESET] Resetting robot pose to origin...
[RESET] Teleporting robot to (0.0, 0.0, θ=0.0)
[RESET] Cancelling any active navigation goals...
[RESET] Stopping robot movement...
[RESET] Waiting for TF to stabilize...
[RESET] AMCL disabled, correcting map→odom TF after teleport...
[RESET] Odom at (-0.00, -0.00, yaw=0.0°), target (0.00, 0.00, yaw=0.0°)
[RESET] TF correction: tx=0.000, ty=-0.000, yaw=-0.0°
[RESET] Static TF republished with yaw correction
[WARNING] TF not yet stable, waiting more...
[RESET] Robot pose reset complete
[2026-04-04 06:47:42] [GOAL_DEBUG] decision=timeout, reason=Goal timed out after 180s
[2026-04-04 06:47:42]   Result: timeout (FAIL)
[2026-04-04 06:47:42]   Reason: Goal timed out after 180s
[2026-04-04 06:47:42]   Time: 211.7s
[2026-04-04 06:47:42]   Robot moved: False, path_min_dist: 4.00m
[2026-04-04 06:47:42] [HEALTH] Pre-trial restart (every 1 trials, world=empty.sdf)...
[SIM] Stopping all processes...
[CLEANUP] Starting process cleanup...
[CLEANUP] Complete (killed 1 process groups)
[SIM] All processes stopped
[CLEANUP] Starting process cleanup...
[CLEANUP] Complete (killed 0 process groups)
[DEBUG] restart_with_method called: method=geofence, params={}, world=empty.sdf, guard=False
[SIM] Full restart for method: geofence (world: empty.sdf)
[SIM] Stopping all processes...
[CLEANUP] Starting process cleanup...
[CLEANUP] Complete (killed 0 process groups)
[SIM] All processes stopped
[SIM] Starting Gazebo...
[CLEANUP] Starting process cleanup...
[CLEANUP] Complete (killed 0 process groups)
[SIM] gz sim still alive (1 procs), force-killing PGIDs (attempt 1/5)...
[SIM] gz sim still alive (1 procs), force-killing PGIDs (attempt 2/5)...
[SIM] gz sim still alive (1 procs), force-killing PGIDs (attempt 3/5)...
[SIM] gz sim still alive (1 procs), force-killing PGIDs (attempt 4/5)...
[SIM] gz sim still alive (1 procs), force-killing PGIDs (attempt 5/5)...
[SIM][WARNING] Could not kill all gz sim processes — proceeding anyway
[SIM] Waiting for Gazebo (180s)...
[SIM] Gazebo started successfully
[SIM] robot_state_publisher: running
[SIM] Starting odom relay (odom_real → odom)...
[SIM] Odom relay started
[SIM] Starting scan relay (scan_real → scan)...
[SIM] Scan relay started, verifying /scan topic...
[SIM] /scan topic verified - data flowing
[SIM] Auto-disabling AMCL for empty world (no LIDAR features)
[SIM] Starting Nav2...
[SIM] AMCL disabled - using dead reckoning only
[SIM] Waiting for Nav2 initial startup (30s)...
[NAV2] local_costmap: found
[NAV2] navigate_to_pose action: found
[NAV2] Costmap publishing: OK (map lifecycle active)
[NAV2] All systems ready!
[SIM] Final verification: checking navigate_to_pose action...
[SIM] Nav2 started successfully and action server verified!
[SIM] Starting geofence with method: geofence, params: {}, comm_latency_ms: 0
[SIM] Waiting for geofence (20s)...
[SIM] Geofence started with method: geofence (cmd_vel_guard: False)
[SIM] cmd_vel_guard disabled, starting cmd_vel relay for navigation...
[SIM] Starting cmd_vel relay (cmd_vel_nav → cmd_vel)...
[SIM] cmd_vel relay started
[2026-04-04 06:49:55] [GEOFENCE] Restarting geofence (sigma=0.15, v_max=0.5, tau=0.1, eps=0.003, a_max=2.5)...
[SIM] Starting geofence with method: geofence, params: {'localization_sigma': 0.15, 'v_max': 0.5, 'latency': 0.1, 'epsilon': 0.003, 'a_max': 2.5, 'e_0': 0.03, 'c_1': 0.04, 'enable_estimation_term': True, 'enable_tracking_term': True, 'enable_latency_term': True, 'enable_braking_term': True, 'use_dynamic_v_max': False, 'use_dynamic_tau': False, 'use_dynamic_e_track': False}, comm_latency_ms: 50
[SIM] Waiting for geofence (20s)...
[SIM] Geofence started with method: geofence (cmd_vel_guard: False)
[SIM] cmd_vel_guard disabled, starting cmd_vel relay for navigation...
[SIM] Starting cmd_vel relay (cmd_vel_nav → cmd_vel) (latency=50ms)...
[SIM] cmd_vel relay started (latency=50ms)
[2026-04-04 06:50:24] 
Trial 234/370: S1_geofence_mid_boundary_s13
[2026-04-04 06:50:24]   Goal: (3.55, 0.00)
[2026-04-04 06:50:24]   Goal 0.45m from zone boundary (outside zone, within SSM/Geo margin)
[2026-04-04 06:50:24]   Comm latency: 50ms
[2026-04-04 06:50:24] [RESET] Resetting robot pose to origin...
[RESET] Teleporting robot to (0.0, 0.0, θ=0.0)
[RESET] Cancelling any active navigation goals...
[RESET] Stopping robot movement...
[RESET] Waiting for TF to stabilize...
[RESET] AMCL disabled, correcting map→odom TF after teleport...
[WARNING] Could not read odom, TF correction skipped
[WARNING] TF not yet stable, waiting more...
[RESET] Robot pose reset complete
[2026-04-04 06:53:46] [GOAL_DEBUG] decision=timeout, reason=Goal timed out after 180s
[2026-04-04 06:53:46]   Result: timeout (FAIL)
[2026-04-04 06:53:46]   Reason: Goal timed out after 180s
[2026-04-04 06:53:46]   Time: 202.3s
[2026-04-04 06:53:46]   Robot moved: False, path_min_dist: 4.00m
[2026-04-04 06:53:46] [HEALTH] Pre-trial restart (every 1 trials, world=empty.sdf)...
[SIM] Stopping all processes...
[CLEANUP] Starting process cleanup...
[CLEANUP] Complete (killed 0 process groups)
[SIM] All processes stopped
[CLEANUP] Starting process cleanup...
[CLEANUP] Complete (killed 0 process groups)
[DEBUG] restart_with_method called: method=geofence, params={}, world=empty.sdf, guard=False
[SIM] Full restart for method: geofence (world: empty.sdf)
[SIM] Stopping all processes...
[CLEANUP] Starting process cleanup...
[CLEANUP] Complete (killed 0 process groups)
[SIM] All processes stopped
[SIM] Starting Gazebo...
[CLEANUP] Starting process cleanup...
[CLEANUP] Complete (killed 0 process groups)
[SIM] gz sim still alive (1 procs), force-killing PGIDs (attempt 1/5)...
[SIM] gz sim still alive (1 procs), force-killing PGIDs (attempt 2/5)...
[SIM] gz sim still alive (1 procs), force-killing PGIDs (attempt 3/5)...
[SIM] gz sim still alive (1 procs), force-killing PGIDs (attempt 4/5)...
[SIM] gz sim still alive (1 procs), force-killing PGIDs (attempt 5/5)...
[SIM][WARNING] Could not kill all gz sim processes — proceeding anyway
[SIM] Waiting for Gazebo (180s)...
[SIM] Gazebo started successfully
[SIM] robot_state_publisher: running
[SIM] Starting odom relay (odom_real → odom)...
[SIM] Odom relay started
[SIM] Starting scan relay (scan_real → scan)...
The daemon has been started
The daemon has been started
[SIM] Scan relay started, verifying /scan topic...
[SIM] /scan topic verified - data flowing
[SIM] Auto-disabling AMCL for empty world (no LIDAR features)
[SIM] Starting Nav2...
[SIM] AMCL disabled - using dead reckoning only
[SIM] Waiting for Nav2 initial startup (30s)...
[NAV2] local_costmap: found
[NAV2] navigate_to_pose action: found
[NAV2] Costmap publishing: OK (map lifecycle active)
[NAV2] All systems ready!
[SIM] Final verification: checking navigate_to_pose action...
[SIM] Nav2 started successfully and action server verified!
[SIM] Starting geofence with method: geofence, params: {}, comm_latency_ms: 0
[SIM] Waiting for geofence (20s)...
[SIM] Geofence started with method: geofence (cmd_vel_guard: False)
[SIM] cmd_vel_guard disabled, starting cmd_vel relay for navigation...
[SIM] Starting cmd_vel relay (cmd_vel_nav → cmd_vel)...
[SIM] cmd_vel relay started
[2026-04-04 06:55:59] [GEOFENCE] Restarting geofence (sigma=0.15, v_max=0.5, tau=0.1, eps=0.003, a_max=2.5)...
[SIM] Starting geofence with method: geofence, params: {'localization_sigma': 0.15, 'v_max': 0.5, 'latency': 0.1, 'epsilon': 0.003, 'a_max': 2.5, 'e_0': 0.03, 'c_1': 0.04, 'enable_estimation_term': True, 'enable_tracking_term': True, 'enable_latency_term': True, 'enable_braking_term': True, 'use_dynamic_v_max': False, 'use_dynamic_tau': False, 'use_dynamic_e_track': False}, comm_latency_ms: 100
[SIM] Waiting for geofence (20s)...
[SIM] Geofence started with method: geofence (cmd_vel_guard: False)
[SIM] cmd_vel_guard disabled, starting cmd_vel relay for navigation...
[SIM] Starting cmd_vel relay (cmd_vel_nav → cmd_vel) (latency=100ms)...
[SIM] cmd_vel relay started (latency=100ms)
[2026-04-04 06:56:28] 
Trial 235/370: S1_geofence_mid_boundary_s14
[2026-04-04 06:56:28]   Goal: (3.55, 0.00)
[2026-04-04 06:56:28]   Goal 0.45m from zone boundary (outside zone, within SSM/Geo margin)
[2026-04-04 06:56:28]   Comm latency: 100ms
[2026-04-04 06:56:28] [RESET] Resetting robot pose to origin...
[RESET] Teleporting robot to (0.0, 0.0, θ=0.0)
[RESET] Cancelling any active navigation goals...
[RESET] Stopping robot movement...
[RESET] Waiting for TF to stabilize...
[RESET] AMCL disabled, correcting map→odom TF after teleport...
[RESET] Odom at (-0.00, -0.00, yaw=0.0°), target (0.00, 0.00, yaw=0.0°)
[RESET] TF correction: tx=0.000, ty=-0.000, yaw=-0.0°
[RESET] Static TF republished with yaw correction
[RESET] Robot pose reset complete
[2026-04-04 06:59:58] [GOAL_DEBUG] decision=timeout, reason=Goal timed out after 180s
[2026-04-04 06:59:58]   Result: timeout (FAIL)
[2026-04-04 06:59:58]   Reason: Goal timed out after 180s
[2026-04-04 06:59:58]   Time: 210.0s
[2026-04-04 06:59:58]   Robot moved: False, path_min_dist: 4.00m
[CHECKPOINT] Saved at trial 235/160
[2026-04-04 06:59:58] [HEALTH] Pre-trial restart (every 1 trials, world=empty.sdf)...
[SIM] Stopping all processes...
[CLEANUP] Starting process cleanup...
[CLEANUP] Complete (killed 1 process groups)
[SIM] All processes stopped
[CLEANUP] Starting process cleanup...
[CLEANUP] Complete (killed 0 process groups)
[DEBUG] restart_with_method called: method=geofence, params={}, world=empty.sdf, guard=False
[SIM] Full restart for method: geofence (world: empty.sdf)
[SIM] Stopping all processes...
[CLEANUP] Starting process cleanup...
[CLEANUP] Complete (killed 0 process groups)
[SIM] All processes stopped
[SIM] Starting Gazebo...
[CLEANUP] Starting process cleanup...
[CLEANUP] Complete (killed 0 process groups)
[SIM] gz sim still alive (1 procs), force-killing PGIDs (attempt 1/5)...
[SIM] gz sim still alive (1 procs), force-killing PGIDs (attempt 2/5)...
[SIM] gz sim still alive (1 procs), force-killing PGIDs (attempt 3/5)...
[SIM] gz sim still alive (1 procs), force-killing PGIDs (attempt 4/5)...
[SIM] gz sim still alive (1 procs), force-killing PGIDs (attempt 5/5)...
[SIM][WARNING] Could not kill all gz sim processes — proceeding anyway
[SIM] Waiting for Gazebo (180s)...
[SIM] Gazebo started successfully
[SIM] robot_state_publisher: running
[SIM] Starting odom relay (odom_real → odom)...
[SIM] Odom relay started
[SIM] Starting scan relay (scan_real → scan)...
[SIM] Scan relay started, verifying /scan topic...
[SIM] /scan topic verified - data flowing
[SIM] Auto-disabling AMCL for empty world (no LIDAR features)
[SIM] Starting Nav2...
[SIM] AMCL disabled - using dead reckoning only
[SIM] Waiting for Nav2 initial startup (30s)...
[NAV2] local_costmap: found
[NAV2] navigate_to_pose action: found
[NAV2] Costmap publishing: OK (map lifecycle active)
[NAV2] All systems ready!
[SIM] Final verification: checking navigate_to_pose action...
[SIM] Nav2 started successfully and action server verified!
[SIM] Starting geofence with method: geofence, params: {}, comm_latency_ms: 0
[SIM] Waiting for geofence (20s)...
[SIM] Geofence started with method: geofence (cmd_vel_guard: False)
[SIM] cmd_vel_guard disabled, starting cmd_vel relay for navigation...
[SIM] Starting cmd_vel relay (cmd_vel_nav → cmd_vel)...
[SIM] cmd_vel relay started
[2026-04-04 07:02:11] [GEOFENCE] Restarting geofence (sigma=0.15, v_max=0.5, tau=0.1, eps=0.003, a_max=2.5)...
[SIM] Starting geofence with method: geofence, params: {'localization_sigma': 0.15, 'v_max': 0.5, 'latency': 0.1, 'epsilon': 0.003, 'a_max': 2.5, 'e_0': 0.03, 'c_1': 0.04, 'enable_estimation_term': True, 'enable_tracking_term': True, 'enable_latency_term': True, 'enable_braking_term': True, 'use_dynamic_v_max': False, 'use_dynamic_tau': False, 'use_dynamic_e_track': False}, comm_latency_ms: 0
[SIM] Waiting for geofence (20s)...
[SIM] Geofence started with method: geofence (cmd_vel_guard: False)
[SIM] cmd_vel_guard disabled, starting cmd_vel relay for navigation...
[SIM] Starting cmd_vel relay (cmd_vel_nav → cmd_vel)...
[SIM] cmd_vel relay started
[2026-04-04 07:02:39] 
Trial 236/370: S1_geofence_mid_boundary_s15
[2026-04-04 07:02:39]   Goal: (3.55, 0.00)
[2026-04-04 07:02:39]   Goal 0.45m from zone boundary (outside zone, within SSM/Geo margin)
[2026-04-04 07:02:39] [RESET] Resetting robot pose to origin...
[RESET] Teleporting robot to (0.0, 0.0, θ=0.0)
[RESET] Cancelling any active navigation goals...
[RESET] Stopping robot movement...
[RESET] Waiting for TF to stabilize...
[RESET] AMCL disabled, correcting map→odom TF after teleport...
[RESET] Odom at (-0.00, -0.00, yaw=0.0°), target (0.00, 0.00, yaw=0.0°)
[RESET] TF correction: tx=0.000, ty=-0.000, yaw=-0.0°
[RESET] Static TF republished with yaw correction
[RESET] Robot pose reset complete
[2026-04-04 07:05:59] [GOAL_DEBUG] decision=timeout, reason=Goal timed out after 180s
[2026-04-04 07:05:59]   Result: timeout (FAIL)
[2026-04-04 07:05:59]   Reason: Goal timed out after 180s
[2026-04-04 07:05:59]   Time: 200.0s
[2026-04-04 07:05:59]   Robot moved: False, path_min_dist: 4.00m
[2026-04-04 07:05:59] [HEALTH] Pre-trial restart (every 1 trials, world=empty.sdf)...
[SIM] Stopping all processes...
[CLEANUP] Starting process cleanup...
[CLEANUP] Complete (killed 1 process groups)
[SIM] All processes stopped
[CLEANUP] Starting process cleanup...
[CLEANUP] Complete (killed 0 process groups)
[DEBUG] restart_with_method called: method=geofence, params={}, world=empty.sdf, guard=False
[SIM] Full restart for method: geofence (world: empty.sdf)
[SIM] Stopping all processes...
[CLEANUP] Starting process cleanup...
[CLEANUP] Complete (killed 0 process groups)
[SIM] All processes stopped
[SIM] Starting Gazebo...
[CLEANUP] Starting process cleanup...
[CLEANUP] Complete (killed 0 process groups)
[SIM] gz sim still alive (1 procs), force-killing PGIDs (attempt 1/5)...
[SIM] gz sim still alive (1 procs), force-killing PGIDs (attempt 2/5)...
[SIM] gz sim still alive (1 procs), force-killing PGIDs (attempt 3/5)...
[SIM] gz sim still alive (1 procs), force-killing PGIDs (attempt 4/5)...
[SIM] gz sim still alive (1 procs), force-killing PGIDs (attempt 5/5)...
[SIM][WARNING] Could not kill all gz sim processes — proceeding anyway
[SIM] Waiting for Gazebo (180s)...
[SIM] Gazebo started successfully
[SIM] robot_state_publisher: running
[SIM] Starting odom relay (odom_real → odom)...
[SIM] Odom relay started
The daemon has been started
The daemon has been started
[SIM] Starting scan relay (scan_real → scan)...
[SIM] Scan relay started, verifying /scan topic...
[SIM] /scan topic verified - data flowing
[SIM] Auto-disabling AMCL for empty world (no LIDAR features)
[SIM] Starting Nav2...
[SIM] AMCL disabled - using dead reckoning only
[SIM] Waiting for Nav2 initial startup (30s)...
[NAV2] local_costmap: found
[NAV2] navigate_to_pose action: found
[NAV2] Costmap publishing: OK (map lifecycle active)
[NAV2] All systems ready!
[SIM] Final verification: checking navigate_to_pose action...
[SIM] Nav2 started successfully and action server verified!
[SIM] Starting geofence with method: geofence, params: {}, comm_latency_ms: 0
[SIM] Waiting for geofence (20s)...
[SIM] Geofence started with method: geofence (cmd_vel_guard: False)
[SIM] cmd_vel_guard disabled, starting cmd_vel relay for navigation...
[SIM] Starting cmd_vel relay (cmd_vel_nav → cmd_vel)...
[SIM] cmd_vel relay started
[2026-04-04 07:08:13] [GEOFENCE] Restarting geofence (sigma=0.15, v_max=0.5, tau=0.1, eps=0.003, a_max=2.5)...
[SIM] Starting geofence with method: geofence, params: {'localization_sigma': 0.15, 'v_max': 0.5, 'latency': 0.1, 'epsilon': 0.003, 'a_max': 2.5, 'e_0': 0.03, 'c_1': 0.04, 'enable_estimation_term': True, 'enable_tracking_term': True, 'enable_latency_term': True, 'enable_braking_term': True, 'use_dynamic_v_max': False, 'use_dynamic_tau': False, 'use_dynamic_e_track': False}, comm_latency_ms: 50
[SIM] Waiting for geofence (20s)...
[SIM] Geofence started with method: geofence (cmd_vel_guard: False)
[SIM] cmd_vel_guard disabled, starting cmd_vel relay for navigation...
[SIM] Starting cmd_vel relay (cmd_vel_nav → cmd_vel) (latency=50ms)...
[SIM] cmd_vel relay started (latency=50ms)
[2026-04-04 07:08:41] 
Trial 237/370: S1_geofence_mid_boundary_s16
[2026-04-04 07:08:41]   Goal: (3.55, 0.00)
[2026-04-04 07:08:41]   Goal 0.45m from zone boundary (outside zone, within SSM/Geo margin)
[2026-04-04 07:08:41]   Comm latency: 50ms
[2026-04-04 07:08:41] [RESET] Resetting robot pose to origin...
[RESET] Teleporting robot to (0.0, 0.0, θ=0.0)
[RESET] Cancelling any active navigation goals...
[RESET] Stopping robot movement...
[RESET] Waiting for TF to stabilize...
[RESET] AMCL disabled, correcting map→odom TF after teleport...
[RESET] Odom at (-0.00, -0.00, yaw=0.0°), target (0.00, 0.00, yaw=0.0°)
[RESET] TF correction: tx=0.000, ty=-0.000, yaw=-0.0°
[RESET] Static TF republished with yaw correction
[RESET] Robot pose reset complete
[2026-04-04 07:12:01] [GOAL_DEBUG] decision=timeout, reason=Goal timed out after 180s
[2026-04-04 07:12:01]   Result: timeout (FAIL)
[2026-04-04 07:12:01]   Reason: Goal timed out after 180s
[2026-04-04 07:12:01]   Time: 199.9s
[2026-04-04 07:12:01]   Robot moved: False, path_min_dist: 4.00m
[2026-04-04 07:12:01] [HEALTH] Pre-trial restart (every 1 trials, world=empty.sdf)...
[SIM] Stopping all processes...
[CLEANUP] Starting process cleanup...
[CLEANUP] Complete (killed 1 process groups)
[SIM] All processes stopped
[CLEANUP] Starting process cleanup...
[CLEANUP] Complete (killed 0 process groups)
[DEBUG] restart_with_method called: method=geofence, params={}, world=empty.sdf, guard=False
[SIM] Full restart for method: geofence (world: empty.sdf)
[SIM] Stopping all processes...
[CLEANUP] Starting process cleanup...
[CLEANUP] Complete (killed 0 process groups)
[SIM] All processes stopped
[SIM] Starting Gazebo...
[CLEANUP] Starting process cleanup...
[CLEANUP] Complete (killed 0 process groups)
[SIM] gz sim still alive (1 procs), force-killing PGIDs (attempt 1/5)...
[SIM] gz sim still alive (1 procs), force-killing PGIDs (attempt 2/5)...
[SIM] gz sim still alive (1 procs), force-killing PGIDs (attempt 3/5)...
[SIM] gz sim still alive (1 procs), force-killing PGIDs (attempt 4/5)...
[SIM] gz sim still alive (1 procs), force-killing PGIDs (attempt 5/5)...
[SIM][WARNING] Could not kill all gz sim processes — proceeding anyway
[SIM] Waiting for Gazebo (180s)...
[SIM] Gazebo started successfully
[SIM] robot_state_publisher: running
[SIM] Starting odom relay (odom_real → odom)...
[SIM] Odom relay started
[SIM] Starting scan relay (scan_real → scan)...
[SIM] Scan relay started, verifying /scan topic...
[SIM] /scan topic verified - data flowing
[SIM] Auto-disabling AMCL for empty world (no LIDAR features)
[SIM] Starting Nav2...
[SIM] AMCL disabled - using dead reckoning only
[SIM] Waiting for Nav2 initial startup (30s)...
[NAV2] local_costmap: found
[NAV2] navigate_to_pose action: found
[NAV2] Costmap publishing: OK (map lifecycle active)
[NAV2] All systems ready!
[SIM] Final verification: checking navigate_to_pose action...
[SIM] Nav2 started successfully and action server verified!
[SIM] Starting geofence with method: geofence, params: {}, comm_latency_ms: 0
[SIM] Waiting for geofence (20s)...
[SIM] Geofence started with method: geofence (cmd_vel_guard: False)
[SIM] cmd_vel_guard disabled, starting cmd_vel relay for navigation...
[SIM] Starting cmd_vel relay (cmd_vel_nav → cmd_vel)...
[SIM] cmd_vel relay started
[2026-04-04 07:14:15] [GEOFENCE] Restarting geofence (sigma=0.15, v_max=0.5, tau=0.1, eps=0.003, a_max=2.5)...
[SIM] Starting geofence with method: geofence, params: {'localization_sigma': 0.15, 'v_max': 0.5, 'latency': 0.1, 'epsilon': 0.003, 'a_max': 2.5, 'e_0': 0.03, 'c_1': 0.04, 'enable_estimation_term': True, 'enable_tracking_term': True, 'enable_latency_term': True, 'enable_braking_term': True, 'use_dynamic_v_max': False, 'use_dynamic_tau': False, 'use_dynamic_e_track': False}, comm_latency_ms: 100
[SIM] Waiting for geofence (20s)...
[SIM] Geofence started with method: geofence (cmd_vel_guard: False)
[SIM] cmd_vel_guard disabled, starting cmd_vel relay for navigation...
[SIM] Starting cmd_vel relay (cmd_vel_nav → cmd_vel) (latency=100ms)...
[SIM] cmd_vel relay started (latency=100ms)
[2026-04-04 07:14:43] 
Trial 238/370: S1_geofence_mid_boundary_s17
[2026-04-04 07:14:43]   Goal: (3.55, 0.00)
[2026-04-04 07:14:43]   Goal 0.45m from zone boundary (outside zone, within SSM/Geo margin)
[2026-04-04 07:14:43]   Comm latency: 100ms
[2026-04-04 07:14:43] [RESET] Resetting robot pose to origin...
[RESET] Teleporting robot to (0.0, 0.0, θ=0.0)
[RESET] Cancelling any active navigation goals...
[RESET] Stopping robot movement...
[RESET] Waiting for TF to stabilize...
[RESET] AMCL disabled, correcting map→odom TF after teleport...
[RESET] Odom at (-0.00, -0.00, yaw=0.0°), target (0.00, 0.00, yaw=0.0°)
[RESET] TF correction: tx=0.000, ty=-0.000, yaw=-0.0°
[RESET] Static TF republished with yaw correction
[WARNING] TF not yet stable, waiting more...
[RESET] Robot pose reset complete
[2026-04-04 07:18:04] [GOAL_DEBUG] decision=timeout, reason=Goal timed out after 180s
[2026-04-04 07:18:04]   Result: timeout (FAIL)
[2026-04-04 07:18:04]   Reason: Goal timed out after 180s
[2026-04-04 07:18:04]   Time: 201.7s
[2026-04-04 07:18:04]   Robot moved: False, path_min_dist: 4.00m
[2026-04-04 07:18:04] [HEALTH] Pre-trial restart (every 1 trials, world=empty.sdf)...
[SIM] Stopping all processes...
[CLEANUP] Starting process cleanup...
[CLEANUP] Complete (killed 1 process groups)
[SIM] All processes stopped
[CLEANUP] Starting process cleanup...
[CLEANUP] Complete (killed 0 process groups)
[DEBUG] restart_with_method called: method=geofence, params={}, world=empty.sdf, guard=False
[SIM] Full restart for method: geofence (world: empty.sdf)
[SIM] Stopping all processes...
[CLEANUP] Starting process cleanup...
[CLEANUP] Complete (killed 0 process groups)
[SIM] All processes stopped
[SIM] Starting Gazebo...
[CLEANUP] Starting process cleanup...
[CLEANUP] Complete (killed 0 process groups)
[SIM] gz sim still alive (1 procs), force-killing PGIDs (attempt 1/5)...
[SIM] gz sim still alive (1 procs), force-killing PGIDs (attempt 2/5)...
[SIM] gz sim still alive (1 procs), force-killing PGIDs (attempt 3/5)...
[SIM] gz sim still alive (1 procs), force-killing PGIDs (attempt 4/5)...
[SIM] gz sim still alive (1 procs), force-killing PGIDs (attempt 5/5)...
[SIM][WARNING] Could not kill all gz sim processes — proceeding anyway
[SIM] Waiting for Gazebo (180s)...
[SIM] Gazebo started successfully
The daemon has been started
The daemon has been started
[SIM] robot_state_publisher: running
[SIM] Starting odom relay (odom_real → odom)...
[SIM] Odom relay started
[SIM] Starting scan relay (scan_real → scan)...
[SIM] Scan relay started, verifying /scan topic...
[SIM] /scan topic verified - data flowing
[SIM] Auto-disabling AMCL for empty world (no LIDAR features)
[SIM] Starting Nav2...
[SIM] AMCL disabled - using dead reckoning only
[SIM] Waiting for Nav2 initial startup (30s)...
[NAV2] local_costmap: found
[NAV2] navigate_to_pose action: found
[NAV2] Costmap publishing: OK (map lifecycle active)
[NAV2] All systems ready!
[SIM] Final verification: checking navigate_to_pose action...
[SIM] Nav2 started successfully and action server verified!
[SIM] Starting geofence with method: geofence, params: {}, comm_latency_ms: 0
[SIM] Waiting for geofence (20s)...
[SIM] Geofence started with method: geofence (cmd_vel_guard: False)
[SIM] cmd_vel_guard disabled, starting cmd_vel relay for navigation...
[SIM] Starting cmd_vel relay (cmd_vel_nav → cmd_vel)...
[SIM] cmd_vel relay started
[2026-04-04 07:20:18] [GEOFENCE] Restarting geofence (sigma=0.15, v_max=0.5, tau=0.1, eps=0.003, a_max=2.5)...
[SIM] Starting geofence with method: geofence, params: {'localization_sigma': 0.15, 'v_max': 0.5, 'latency': 0.1, 'epsilon': 0.003, 'a_max': 2.5, 'e_0': 0.03, 'c_1': 0.04, 'enable_estimation_term': True, 'enable_tracking_term': True, 'enable_latency_term': True, 'enable_braking_term': True, 'use_dynamic_v_max': False, 'use_dynamic_tau': False, 'use_dynamic_e_track': False}, comm_latency_ms: 0
[SIM] Waiting for geofence (20s)...
[SIM] Geofence started with method: geofence (cmd_vel_guard: False)
[SIM] cmd_vel_guard disabled, starting cmd_vel relay for navigation...
[SIM] Starting cmd_vel relay (cmd_vel_nav → cmd_vel)...
[SIM] cmd_vel relay started
[2026-04-04 07:20:47] 
Trial 239/370: S1_geofence_mid_boundary_s18
[2026-04-04 07:20:47]   Goal: (3.55, 0.00)
[2026-04-04 07:20:47]   Goal 0.45m from zone boundary (outside zone, within SSM/Geo margin)
[2026-04-04 07:20:47] [RESET] Resetting robot pose to origin...
[RESET] Teleporting robot to (0.0, 0.0, θ=0.0)
[RESET] Cancelling any active navigation goals...
[RESET] Stopping robot movement...
[RESET] Waiting for TF to stabilize...
[RESET] AMCL disabled, correcting map→odom TF after teleport...
[RESET] Odom at (-0.00, -0.00, yaw=0.0°), target (0.00, 0.00, yaw=0.0°)
[RESET] TF correction: tx=0.000, ty=-0.000, yaw=-0.0°
[RESET] Static TF republished with yaw correction
[RESET] Robot pose reset complete
[2026-04-04 07:24:18] [GOAL_DEBUG] decision=timeout, reason=Goal timed out after 180s
[2026-04-04 07:24:18]   Result: timeout (FAIL)
[2026-04-04 07:24:18]   Reason: Goal timed out after 180s
[2026-04-04 07:24:18]   Time: 211.0s
[2026-04-04 07:24:18]   Robot moved: False, path_min_dist: 4.00m
[2026-04-04 07:24:18] [HEALTH] Pre-trial restart (every 1 trials, world=empty.sdf)...
[SIM] Stopping all processes...
[CLEANUP] Starting process cleanup...
[CLEANUP] Complete (killed 1 process groups)
[SIM] All processes stopped
[CLEANUP] Starting process cleanup...
[CLEANUP] Complete (killed 0 process groups)
[DEBUG] restart_with_method called: method=geofence, params={}, world=empty.sdf, guard=False
[SIM] Full restart for method: geofence (world: empty.sdf)
[SIM] Stopping all processes...
[CLEANUP] Starting process cleanup...
[CLEANUP] Complete (killed 0 process groups)
[SIM] All processes stopped
[SIM] Starting Gazebo...
[CLEANUP] Starting process cleanup...
[CLEANUP] Complete (killed 0 process groups)
[SIM] gz sim still alive (1 procs), force-killing PGIDs (attempt 1/5)...
[SIM] gz sim still alive (1 procs), force-killing PGIDs (attempt 2/5)...
[SIM] gz sim still alive (1 procs), force-killing PGIDs (attempt 3/5)...
[SIM] gz sim still alive (1 procs), force-killing PGIDs (attempt 4/5)...
[SIM] gz sim still alive (1 procs), force-killing PGIDs (attempt 5/5)...
[SIM][WARNING] Could not kill all gz sim processes — proceeding anyway
[SIM] Waiting for Gazebo (180s)...
[SIM] Gazebo started successfully
[SIM] robot_state_publisher: running
[SIM] Starting odom relay (odom_real → odom)...
[SIM] Odom relay started
[SIM] Starting scan relay (scan_real → scan)...
[SIM] Scan relay started, verifying /scan topic...
[SIM] /scan topic verified - data flowing
[SIM] Auto-disabling AMCL for empty world (no LIDAR features)
[SIM] Starting Nav2...
[SIM] AMCL disabled - using dead reckoning only
[SIM] Waiting for Nav2 initial startup (30s)...
[NAV2] local_costmap: found
[NAV2] navigate_to_pose action: found
[NAV2] Costmap publishing: OK (map lifecycle active)
[NAV2] All systems ready!
[SIM] Final verification: checking navigate_to_pose action...
[SIM] Nav2 started successfully and action server verified!
[SIM] Starting geofence with method: geofence, params: {}, comm_latency_ms: 0
[SIM] Waiting for geofence (20s)...
[SIM] Geofence started with method: geofence (cmd_vel_guard: False)
[SIM] cmd_vel_guard disabled, starting cmd_vel relay for navigation...
[SIM] Starting cmd_vel relay (cmd_vel_nav → cmd_vel)...
[SIM] cmd_vel relay started
[2026-04-04 07:26:31] [GEOFENCE] Restarting geofence (sigma=0.15, v_max=0.5, tau=0.1, eps=0.003, a_max=2.5)...
[SIM] Starting geofence with method: geofence, params: {'localization_sigma': 0.15, 'v_max': 0.5, 'latency': 0.1, 'epsilon': 0.003, 'a_max': 2.5, 'e_0': 0.03, 'c_1': 0.04, 'enable_estimation_term': True, 'enable_tracking_term': True, 'enable_latency_term': True, 'enable_braking_term': True, 'use_dynamic_v_max': False, 'use_dynamic_tau': False, 'use_dynamic_e_track': False}, comm_latency_ms: 50
[SIM] Waiting for geofence (20s)...
[SIM] Geofence started with method: geofence (cmd_vel_guard: False)
[SIM] cmd_vel_guard disabled, starting cmd_vel relay for navigation...
[SIM] Starting cmd_vel relay (cmd_vel_nav → cmd_vel) (latency=50ms)...
[SIM] cmd_vel relay started (latency=50ms)
[2026-04-04 07:27:00] 
Trial 240/370: S1_geofence_mid_boundary_s19
[2026-04-04 07:27:00]   Goal: (3.55, 0.00)
[2026-04-04 07:27:00]   Goal 0.45m from zone boundary (outside zone, within SSM/Geo margin)
[2026-04-04 07:27:00]   Comm latency: 50ms
[2026-04-04 07:27:00] [RESET] Resetting robot pose to origin...
[RESET] Teleporting robot to (0.0, 0.0, θ=0.0)
[RESET] Cancelling any active navigation goals...
[RESET] Stopping robot movement...
[RESET] Waiting for TF to stabilize...
[RESET] AMCL disabled, correcting map→odom TF after teleport...
[RESET] Odom at (-0.00, -0.00, yaw=0.0°), target (0.00, 0.00, yaw=0.0°)
[RESET] TF correction: tx=0.000, ty=-0.000, yaw=-0.0°
[RESET] Static TF republished with yaw correction
[RESET] Robot pose reset complete
[2026-04-04 07:30:32] [GOAL_DEBUG] decision=timeout, reason=Goal timed out after 180s
[2026-04-04 07:30:32]   Result: timeout (FAIL)
[2026-04-04 07:30:32]   Reason: Goal timed out after 180s
[2026-04-04 07:30:32]   Time: 212.4s
[2026-04-04 07:30:32]   Robot moved: False, path_min_dist: 4.00m
[CHECKPOINT] Saved at trial 240/160
[2026-04-04 07:30:32] [HEALTH] Pre-trial restart (every 1 trials, world=empty.sdf)...
[SIM] Stopping all processes...
[CLEANUP] Starting process cleanup...
[CLEANUP] Complete (killed 1 process groups)
[SIM] All processes stopped
[CLEANUP] Starting process cleanup...
[CLEANUP] Complete (killed 0 process groups)
[DEBUG] restart_with_method called: method=geofence, params={}, world=empty.sdf, guard=False
[SIM] Full restart for method: geofence (world: empty.sdf)
[SIM] Stopping all processes...
[CLEANUP] Starting process cleanup...
[CLEANUP] Complete (killed 0 process groups)
[SIM] All processes stopped
[SIM] Starting Gazebo...
[CLEANUP] Starting process cleanup...
[CLEANUP] Complete (killed 0 process groups)
[SIM] gz sim still alive (1 procs), force-killing PGIDs (attempt 1/5)...
[SIM] gz sim still alive (1 procs), force-killing PGIDs (attempt 2/5)...
[SIM] gz sim still alive (1 procs), force-killing PGIDs (attempt 3/5)...
[SIM] gz sim still alive (1 procs), force-killing PGIDs (attempt 4/5)...
[SIM] gz sim still alive (1 procs), force-killing PGIDs (attempt 5/5)...
[SIM][WARNING] Could not kill all gz sim processes — proceeding anyway
[SIM] Waiting for Gazebo (180s)...
The daemon has been started
[SIM] Gazebo started successfully
[SIM] robot_state_publisher: running
[SIM] Starting odom relay (odom_real → odom)...
[SIM] Odom relay started
[SIM] Starting scan relay (scan_real → scan)...
[SIM] Scan relay started, verifying /scan topic...
[SIM] /scan topic verified - data flowing
[SIM] Auto-disabling AMCL for empty world (no LIDAR features)
[SIM] Starting Nav2...
[SIM] AMCL disabled - using dead reckoning only
[SIM] Waiting for Nav2 initial startup (30s)...
[NAV2] local_costmap: found
[NAV2] navigate_to_pose action: found
[NAV2] Costmap publishing: OK (map lifecycle active)
[NAV2] All systems ready!
[SIM] Final verification: checking navigate_to_pose action...
[SIM] Nav2 started successfully and action server verified!
[SIM] Starting geofence with method: geofence, params: {}, comm_latency_ms: 0
[SIM] Waiting for geofence (20s)...
[SIM] Geofence started with method: geofence (cmd_vel_guard: False)
[SIM] cmd_vel_guard disabled, starting cmd_vel relay for navigation...
[SIM] Starting cmd_vel relay (cmd_vel_nav → cmd_vel)...
[SIM] cmd_vel relay started
[2026-04-04 07:32:46] [GEOFENCE] Restarting geofence (sigma=0.15, v_max=0.5, tau=0.1, eps=0.003, a_max=2.5)...
[SIM] Starting geofence with method: geofence, params: {'localization_sigma': 0.15, 'v_max': 0.5, 'latency': 0.1, 'epsilon': 0.003, 'a_max': 2.5, 'e_0': 0.03, 'c_1': 0.04, 'enable_estimation_term': True, 'enable_tracking_term': True, 'enable_latency_term': True, 'enable_braking_term': True, 'use_dynamic_v_max': False, 'use_dynamic_tau': False, 'use_dynamic_e_track': False}, comm_latency_ms: 50
[SIM] Waiting for geofence (20s)...
[SIM] Geofence started with method: geofence (cmd_vel_guard: False)
[SIM] cmd_vel_guard disabled, starting cmd_vel relay for navigation...
[SIM] Starting cmd_vel relay (cmd_vel_nav → cmd_vel) (latency=50ms)...
[SIM] cmd_vel relay started (latency=50ms)
[2026-04-04 07:33:14] 
Trial 241/370: S1_geofence_through_zone_s10
[2026-04-04 07:33:14]   Goal: (8.00, 0.00)
[2026-04-04 07:33:14]   Path through zone center y=0 (2.0m crossing)
[2026-04-04 07:33:14]   Comm latency: 50ms
[2026-04-04 07:33:14] [RESET] Resetting robot pose to origin...
[RESET] Teleporting robot to (0.0, 0.0, θ=0.0)
[RESET] Cancelling any active navigation goals...
[RESET] Stopping robot movement...
[RESET] Waiting for TF to stabilize...
[RESET] AMCL disabled, correcting map→odom TF after teleport...
[RESET] Odom at (-0.00, -0.00, yaw=0.0°), target (0.00, 0.00, yaw=0.0°)
[RESET] TF correction: tx=0.000, ty=-0.000, yaw=-0.0°
[RESET] Static TF republished with yaw correction
[RESET] Robot pose reset complete
[2026-04-04 07:36:47] [GOAL_DEBUG] decision=timeout, reason=Goal timed out after 180s
[2026-04-04 07:36:47]   Result: timeout (FAIL)
[2026-04-04 07:36:47]   Reason: Goal timed out after 180s
[2026-04-04 07:36:47]   Time: 212.9s
[2026-04-04 07:36:47]   Robot moved: False, path_min_dist: 4.00m
[2026-04-04 07:36:47] [HEALTH] Periodic health check...
[2026-04-04 07:36:47] [HEALTH] Load: 1.4, Memory: 14.0%
[NAV2] local_costmap: found
[NAV2] navigate_to_pose action: found
[2026-04-04 07:36:48] [HEALTH] Pre-trial restart (every 1 trials, world=empty.sdf)...
[SIM] Stopping all processes...
[CLEANUP] Starting process cleanup...
[CLEANUP] Complete (killed 1 process groups)
[SIM] All processes stopped
[CLEANUP] Starting process cleanup...
[CLEANUP] Complete (killed 0 process groups)
[DEBUG] restart_with_method called: method=geofence, params={}, world=empty.sdf, guard=False
[SIM] Full restart for method: geofence (world: empty.sdf)
[SIM] Stopping all processes...
[CLEANUP] Starting process cleanup...
[CLEANUP] Complete (killed 0 process groups)
[SIM] All processes stopped
[SIM] Starting Gazebo...
[CLEANUP] Starting process cleanup...
[CLEANUP] Complete (killed 0 process groups)
[SIM] gz sim still alive (1 procs), force-killing PGIDs (attempt 1/5)...
[SIM] gz sim still alive (1 procs), force-killing PGIDs (attempt 2/5)...
[SIM] gz sim still alive (1 procs), force-killing PGIDs (attempt 3/5)...
[SIM] gz sim still alive (1 procs), force-killing PGIDs (attempt 4/5)...
[SIM] gz sim still alive (1 procs), force-killing PGIDs (attempt 5/5)...
[SIM][WARNING] Could not kill all gz sim processes — proceeding anyway
[SIM] Waiting for Gazebo (180s)...
[SIM] Gazebo started successfully
[SIM] robot_state_publisher: running
[SIM] Starting odom relay (odom_real → odom)...
[SIM] Odom relay started
[SIM] Starting scan relay (scan_real → scan)...
[SIM] Scan relay started, verifying /scan topic...
[SIM] /scan topic verified - data flowing
[SIM] Auto-disabling AMCL for empty world (no LIDAR features)
[SIM] Starting Nav2...
[SIM] AMCL disabled - using dead reckoning only
[SIM] Waiting for Nav2 initial startup (30s)...
[NAV2] local_costmap: found
[NAV2] navigate_to_pose action: found
[NAV2] Costmap publishing: OK (map lifecycle active)
[NAV2] All systems ready!
[SIM] Final verification: checking navigate_to_pose action...
[SIM] Nav2 started successfully and action server verified!
[SIM] Starting geofence with method: geofence, params: {}, comm_latency_ms: 0
[SIM] Waiting for geofence (20s)...
[SIM] Geofence started with method: geofence (cmd_vel_guard: False)
[SIM] cmd_vel_guard disabled, starting cmd_vel relay for navigation...
[SIM] Starting cmd_vel relay (cmd_vel_nav → cmd_vel)...
[SIM] cmd_vel relay started
[2026-04-04 07:39:02] [GEOFENCE] Restarting geofence (sigma=0.15, v_max=0.5, tau=0.1, eps=0.003, a_max=2.5)...
[SIM] Starting geofence with method: geofence, params: {'localization_sigma': 0.15, 'v_max': 0.5, 'latency': 0.1, 'epsilon': 0.003, 'a_max': 2.5, 'e_0': 0.03, 'c_1': 0.04, 'enable_estimation_term': True, 'enable_tracking_term': True, 'enable_latency_term': True, 'enable_braking_term': True, 'use_dynamic_v_max': False, 'use_dynamic_tau': False, 'use_dynamic_e_track': False}, comm_latency_ms: 100
[SIM] Waiting for geofence (20s)...
[SIM] Geofence started with method: geofence (cmd_vel_guard: False)
[SIM] cmd_vel_guard disabled, starting cmd_vel relay for navigation...
[SIM] Starting cmd_vel relay (cmd_vel_nav → cmd_vel) (latency=100ms)...
[SIM] cmd_vel relay started (latency=100ms)
[2026-04-04 07:39:30] 
Trial 242/370: S1_geofence_through_zone_s11
[2026-04-04 07:39:30]   Goal: (8.00, 0.00)
[2026-04-04 07:39:30]   Path through zone center y=0 (2.0m crossing)
[2026-04-04 07:39:30]   Comm latency: 100ms
[2026-04-04 07:39:30] [RESET] Resetting robot pose to origin...
[RESET] Teleporting robot to (0.0, 0.0, θ=0.0)
[RESET] Cancelling any active navigation goals...
[RESET] Stopping robot movement...
[RESET] Waiting for TF to stabilize...
[RESET] AMCL disabled, correcting map→odom TF after teleport...
[RESET] Odom at (-0.00, -0.00, yaw=0.0°), target (0.00, 0.00, yaw=0.0°)
[RESET] TF correction: tx=0.000, ty=-0.000, yaw=-0.0°
[RESET] Static TF republished with yaw correction
[RESET] Robot pose reset complete
[2026-04-04 07:43:02] [GOAL_DEBUG] decision=timeout, reason=Goal timed out after 180s
[2026-04-04 07:43:02]   Result: timeout (FAIL)
[2026-04-04 07:43:02]   Reason: Goal timed out after 180s
[2026-04-04 07:43:02]   Time: 212.5s
[2026-04-04 07:43:02]   Robot moved: False, path_min_dist: 4.00m
[2026-04-04 07:43:02] [HEALTH] Pre-trial restart (every 1 trials, world=empty.sdf)...
[SIM] Stopping all processes...
[CLEANUP] Starting process cleanup...
[CLEANUP] Complete (killed 1 process groups)
[SIM] All processes stopped
[CLEANUP] Starting process cleanup...
[CLEANUP] Complete (killed 0 process groups)
[DEBUG] restart_with_method called: method=geofence, params={}, world=empty.sdf, guard=False
[SIM] Full restart for method: geofence (world: empty.sdf)
[SIM] Stopping all processes...
[CLEANUP] Starting process cleanup...
[CLEANUP] Complete (killed 0 process groups)
[SIM] All processes stopped
[SIM] Starting Gazebo...
[CLEANUP] Starting process cleanup...
[CLEANUP] Complete (killed 0 process groups)
[SIM] gz sim still alive (1 procs), force-killing PGIDs (attempt 1/5)...
[SIM] gz sim still alive (1 procs), force-killing PGIDs (attempt 2/5)...
[SIM] gz sim still alive (1 procs), force-killing PGIDs (attempt 3/5)...
[SIM] gz sim still alive (1 procs), force-killing PGIDs (attempt 4/5)...
The daemon has been started
The daemon has been started
[SIM] gz sim still alive (1 procs), force-killing PGIDs (attempt 5/5)...
[SIM][WARNING] Could not kill all gz sim processes — proceeding anyway
[SIM] Waiting for Gazebo (180s)...
[SIM] Gazebo started successfully
[SIM] robot_state_publisher: running
[SIM] Starting odom relay (odom_real → odom)...
[SIM] Odom relay started
[SIM] Starting scan relay (scan_real → scan)...
[SIM] Scan relay started, verifying /scan topic...
[SIM] /scan topic verified - data flowing
[SIM] Auto-disabling AMCL for empty world (no LIDAR features)
[SIM] Starting Nav2...
[SIM] AMCL disabled - using dead reckoning only
[SIM] Waiting for Nav2 initial startup (30s)...
[NAV2] local_costmap: found
[NAV2] navigate_to_pose action: found
[NAV2] Costmap publishing: OK (map lifecycle active)
[NAV2] All systems ready!
[SIM] Final verification: checking navigate_to_pose action...
[SIM] Nav2 started successfully and action server verified!
[SIM] Starting geofence with method: geofence, params: {}, comm_latency_ms: 0
[SIM] Waiting for geofence (20s)...
[SIM] Geofence started with method: geofence (cmd_vel_guard: False)
[SIM] cmd_vel_guard disabled, starting cmd_vel relay for navigation...
[SIM] Starting cmd_vel relay (cmd_vel_nav → cmd_vel)...
[SIM] cmd_vel relay started
[2026-04-04 07:45:16] [GEOFENCE] Restarting geofence (sigma=0.15, v_max=0.5, tau=0.1, eps=0.003, a_max=2.5)...
[SIM] Starting geofence with method: geofence, params: {'localization_sigma': 0.15, 'v_max': 0.5, 'latency': 0.1, 'epsilon': 0.003, 'a_max': 2.5, 'e_0': 0.03, 'c_1': 0.04, 'enable_estimation_term': True, 'enable_tracking_term': True, 'enable_latency_term': True, 'enable_braking_term': True, 'use_dynamic_v_max': False, 'use_dynamic_tau': False, 'use_dynamic_e_track': False}, comm_latency_ms: 0
[SIM] Waiting for geofence (20s)...
[SIM] Geofence started with method: geofence (cmd_vel_guard: False)
[SIM] cmd_vel_guard disabled, starting cmd_vel relay for navigation...
[SIM] Starting cmd_vel relay (cmd_vel_nav → cmd_vel)...
[SIM] cmd_vel relay started
[2026-04-04 07:45:44] 
Trial 243/370: S1_geofence_through_zone_s12
[2026-04-04 07:45:44]   Goal: (8.00, 0.00)
[2026-04-04 07:45:44]   Path through zone center y=0 (2.0m crossing)
[2026-04-04 07:45:44] [RESET] Resetting robot pose to origin...
[RESET] Teleporting robot to (0.0, 0.0, θ=0.0)
[RESET] Cancelling any active navigation goals...
[RESET] Stopping robot movement...
[RESET] Waiting for TF to stabilize...
[RESET] AMCL disabled, correcting map→odom TF after teleport...
[RESET] Odom at (-0.00, -0.00, yaw=0.0°), target (0.00, 0.00, yaw=0.0°)
[RESET] TF correction: tx=0.000, ty=-0.000, yaw=-0.0°
[RESET] Static TF republished with yaw correction
[RESET] Robot pose reset complete
[2026-04-04 07:49:17] [GOAL_DEBUG] decision=timeout, reason=Goal timed out after 180s
[2026-04-04 07:49:17]   Result: timeout (FAIL)
[2026-04-04 07:49:17]   Reason: Goal timed out after 180s
[2026-04-04 07:49:17]   Time: 212.7s
[2026-04-04 07:49:17]   Robot moved: False, path_min_dist: 4.00m
[2026-04-04 07:49:17] [HEALTH] Pre-trial restart (every 1 trials, world=empty.sdf)...
[SIM] Stopping all processes...
[CLEANUP] Starting process cleanup...
[CLEANUP] Complete (killed 1 process groups)
[SIM] All processes stopped
[CLEANUP] Starting process cleanup...
[CLEANUP] Complete (killed 0 process groups)
[DEBUG] restart_with_method called: method=geofence, params={}, world=empty.sdf, guard=False
[SIM] Full restart for method: geofence (world: empty.sdf)
[SIM] Stopping all processes...
[CLEANUP] Starting process cleanup...
[CLEANUP] Complete (killed 0 process groups)
[SIM] All processes stopped
[SIM] Starting Gazebo...
[CLEANUP] Starting process cleanup...
[CLEANUP] Complete (killed 0 process groups)
[SIM] gz sim still alive (1 procs), force-killing PGIDs (attempt 1/5)...
[SIM] gz sim still alive (1 procs), force-killing PGIDs (attempt 2/5)...
[SIM] gz sim still alive (1 procs), force-killing PGIDs (attempt 3/5)...
[SIM] gz sim still alive (1 procs), force-killing PGIDs (attempt 4/5)...
[SIM] gz sim still alive (1 procs), force-killing PGIDs (attempt 5/5)...
[SIM][WARNING] Could not kill all gz sim processes — proceeding anyway
[SIM] Waiting for Gazebo (180s)...
[SIM] Gazebo started successfully
[SIM] robot_state_publisher: running
[SIM] Starting odom relay (odom_real → odom)...
[SIM] Odom relay started
[SIM] Starting scan relay (scan_real → scan)...
[SIM] Scan relay started, verifying /scan topic...
[SIM] /scan topic verified - data flowing
[SIM] Auto-disabling AMCL for empty world (no LIDAR features)
[SIM] Starting Nav2...
[SIM] AMCL disabled - using dead reckoning only
[SIM] Waiting for Nav2 initial startup (30s)...
[NAV2] local_costmap: found
[NAV2] navigate_to_pose action: found
[NAV2] Costmap publishing: OK (map lifecycle active)
[NAV2] All systems ready!
[SIM] Final verification: checking navigate_to_pose action...
[SIM] Nav2 started successfully and action server verified!
[SIM] Starting geofence with method: geofence, params: {}, comm_latency_ms: 0
[SIM] Waiting for geofence (20s)...
[SIM] Geofence started with method: geofence (cmd_vel_guard: False)
[SIM] cmd_vel_guard disabled, starting cmd_vel relay for navigation...
[SIM] Starting cmd_vel relay (cmd_vel_nav → cmd_vel)...
[SIM] cmd_vel relay started
[2026-04-04 07:51:31] [GEOFENCE] Restarting geofence (sigma=0.15, v_max=0.5, tau=0.1, eps=0.003, a_max=2.5)...
[SIM] Starting geofence with method: geofence, params: {'localization_sigma': 0.15, 'v_max': 0.5, 'latency': 0.1, 'epsilon': 0.003, 'a_max': 2.5, 'e_0': 0.03, 'c_1': 0.04, 'enable_estimation_term': True, 'enable_tracking_term': True, 'enable_latency_term': True, 'enable_braking_term': True, 'use_dynamic_v_max': False, 'use_dynamic_tau': False, 'use_dynamic_e_track': False}, comm_latency_ms: 50
[SIM] Waiting for geofence (20s)...
[SIM] Geofence started with method: geofence (cmd_vel_guard: False)
[SIM] cmd_vel_guard disabled, starting cmd_vel relay for navigation...
[SIM] Starting cmd_vel relay (cmd_vel_nav → cmd_vel) (latency=50ms)...
[SIM] cmd_vel relay started (latency=50ms)
[2026-04-04 07:51:59] 
Trial 244/370: S1_geofence_through_zone_s13
[2026-04-04 07:51:59]   Goal: (8.00, 0.00)
[2026-04-04 07:51:59]   Path through zone center y=0 (2.0m crossing)
[2026-04-04 07:51:59]   Comm latency: 50ms
[2026-04-04 07:51:59] [RESET] Resetting robot pose to origin...
[RESET] Teleporting robot to (0.0, 0.0, θ=0.0)
[RESET] Cancelling any active navigation goals...
[RESET] Stopping robot movement...
[RESET] Waiting for TF to stabilize...
[RESET] AMCL disabled, correcting map→odom TF after teleport...
[RESET] Odom at (-0.00, -0.00, yaw=0.0°), target (0.00, 0.00, yaw=0.0°)
[RESET] TF correction: tx=0.000, ty=-0.000, yaw=-0.0°
[RESET] Static TF republished with yaw correction
[RESET] Robot pose reset complete
[2026-04-04 07:55:30] [GOAL_DEBUG] decision=timeout, reason=Goal timed out after 180s
[2026-04-04 07:55:30]   Result: timeout (FAIL)
[2026-04-04 07:55:30]   Reason: Goal timed out after 180s
[2026-04-04 07:55:30]   Time: 210.8s
[2026-04-04 07:55:30]   Robot moved: False, path_min_dist: 4.00m
[2026-04-04 07:55:30] [HEALTH] Pre-trial restart (every 1 trials, world=empty.sdf)...
[SIM] Stopping all processes...
[CLEANUP] Starting process cleanup...
[CLEANUP] Complete (killed 1 process groups)
[SIM] All processes stopped
[CLEANUP] Starting process cleanup...
[CLEANUP] Complete (killed 0 process groups)
[DEBUG] restart_with_method called: method=geofence, params={}, world=empty.sdf, guard=False
[SIM] Full restart for method: geofence (world: empty.sdf)
[SIM] Stopping all processes...
[CLEANUP] Starting process cleanup...
[CLEANUP] Complete (killed 0 process groups)
[SIM] All processes stopped
[SIM] Starting Gazebo...
[CLEANUP] Starting process cleanup...
[CLEANUP] Complete (killed 0 process groups)
[SIM] gz sim still alive (1 procs), force-killing PGIDs (attempt 1/5)...
[SIM] gz sim still alive (1 procs), force-killing PGIDs (attempt 2/5)...
[SIM] gz sim still alive (1 procs), force-killing PGIDs (attempt 3/5)...
[SIM] gz sim still alive (1 procs), force-killing PGIDs (attempt 4/5)...
[SIM] gz sim still alive (1 procs), force-killing PGIDs (attempt 5/5)...
The daemon has been started
The daemon has been started
[SIM][WARNING] Could not kill all gz sim processes — proceeding anyway
[SIM] Waiting for Gazebo (180s)...
[SIM] Gazebo started successfully
[SIM] robot_state_publisher: running
[SIM] Starting odom relay (odom_real → odom)...
[SIM] Odom relay started
[SIM] Starting scan relay (scan_real → scan)...
[SIM] Scan relay started, verifying /scan topic...
[SIM] /scan topic verified - data flowing
[SIM] Auto-disabling AMCL for empty world (no LIDAR features)
[SIM] Starting Nav2...
[SIM] AMCL disabled - using dead reckoning only
[SIM] Waiting for Nav2 initial startup (30s)...
[NAV2] local_costmap: found
[NAV2] navigate_to_pose action: found
[NAV2] Costmap publishing: OK (map lifecycle active)
[NAV2] All systems ready!
[SIM] Final verification: checking navigate_to_pose action...
[SIM] Nav2 started successfully and action server verified!
[SIM] Starting geofence with method: geofence, params: {}, comm_latency_ms: 0
[SIM] Waiting for geofence (20s)...
[SIM] Geofence started with method: geofence (cmd_vel_guard: False)
[SIM] cmd_vel_guard disabled, starting cmd_vel relay for navigation...
[SIM] Starting cmd_vel relay (cmd_vel_nav → cmd_vel)...
[SIM] cmd_vel relay started
[2026-04-04 07:57:44] [GEOFENCE] Restarting geofence (sigma=0.15, v_max=0.5, tau=0.1, eps=0.003, a_max=2.5)...
[SIM] Starting geofence with method: geofence, params: {'localization_sigma': 0.15, 'v_max': 0.5, 'latency': 0.1, 'epsilon': 0.003, 'a_max': 2.5, 'e_0': 0.03, 'c_1': 0.04, 'enable_estimation_term': True, 'enable_tracking_term': True, 'enable_latency_term': True, 'enable_braking_term': True, 'use_dynamic_v_max': False, 'use_dynamic_tau': False, 'use_dynamic_e_track': False}, comm_latency_ms: 100
[SIM] Waiting for geofence (20s)...
[SIM] Geofence started with method: geofence (cmd_vel_guard: False)
[SIM] cmd_vel_guard disabled, starting cmd_vel relay for navigation...
[SIM] Starting cmd_vel relay (cmd_vel_nav → cmd_vel) (latency=100ms)...
[SIM] cmd_vel relay started (latency=100ms)
[2026-04-04 07:58:12] 
Trial 245/370: S1_geofence_through_zone_s14
[2026-04-04 07:58:12]   Goal: (8.00, 0.00)
[2026-04-04 07:58:12]   Path through zone center y=0 (2.0m crossing)
[2026-04-04 07:58:12]   Comm latency: 100ms
[2026-04-04 07:58:12] [RESET] Resetting robot pose to origin...
[RESET] Teleporting robot to (0.0, 0.0, θ=0.0)
[RESET] Cancelling any active navigation goals...
[RESET] Stopping robot movement...
[RESET] Waiting for TF to stabilize...
[RESET] AMCL disabled, correcting map→odom TF after teleport...
[RESET] Odom at (-0.00, -0.00, yaw=0.0°), target (0.00, 0.00, yaw=0.0°)
[RESET] TF correction: tx=0.000, ty=-0.000, yaw=-0.0°
[RESET] Static TF republished with yaw correction
[RESET] Robot pose reset complete
[2026-04-04 08:01:44] [GOAL_DEBUG] decision=timeout, reason=Goal timed out after 180s
[2026-04-04 08:01:44]   Result: timeout (FAIL)
[2026-04-04 08:01:44]   Reason: Goal timed out after 180s
[2026-04-04 08:01:44]   Time: 211.8s
[2026-04-04 08:01:44]   Robot moved: False, path_min_dist: 4.00m
[CHECKPOINT] Saved at trial 245/160
[2026-04-04 08:01:44] [HEALTH] Pre-trial restart (every 1 trials, world=empty.sdf)...
[SIM] Stopping all processes...
[CLEANUP] Starting process cleanup...
[CLEANUP] Complete (killed 1 process groups)
[SIM] All processes stopped
[CLEANUP] Starting process cleanup...
[CLEANUP] Complete (killed 0 process groups)
[DEBUG] restart_with_method called: method=geofence, params={}, world=empty.sdf, guard=False
[SIM] Full restart for method: geofence (world: empty.sdf)
[SIM] Stopping all processes...
[CLEANUP] Starting process cleanup...
[CLEANUP] Complete (killed 0 process groups)
[SIM] All processes stopped
[SIM] Starting Gazebo...
[CLEANUP] Starting process cleanup...
[CLEANUP] Complete (killed 0 process groups)
[SIM] gz sim still alive (1 procs), force-killing PGIDs (attempt 1/5)...
[SIM] gz sim still alive (1 procs), force-killing PGIDs (attempt 2/5)...
[SIM] gz sim still alive (1 procs), force-killing PGIDs (attempt 3/5)...
[SIM] gz sim still alive (1 procs), force-killing PGIDs (attempt 4/5)...
[SIM] gz sim still alive (1 procs), force-killing PGIDs (attempt 5/5)...
[SIM][WARNING] Could not kill all gz sim processes — proceeding anyway
[SIM] Waiting for Gazebo (180s)...
[SIM] Gazebo started successfully
[SIM] robot_state_publisher: running
[SIM] Starting odom relay (odom_real → odom)...
[SIM] Odom relay started
[SIM] Starting scan relay (scan_real → scan)...
[SIM] Scan relay started, verifying /scan topic...
[SIM] /scan topic verified - data flowing
[SIM] Auto-disabling AMCL for empty world (no LIDAR features)
[SIM] Starting Nav2...
[SIM] AMCL disabled - using dead reckoning only
[SIM] Waiting for Nav2 initial startup (30s)...
[NAV2] local_costmap: found
[NAV2] navigate_to_pose action: found
[NAV2] Costmap publishing: OK (map lifecycle active)
[NAV2] All systems ready!
[SIM] Final verification: checking navigate_to_pose action...
[SIM] Nav2 started successfully and action server verified!
[SIM] Starting geofence with method: geofence, params: {}, comm_latency_ms: 0
[SIM] Waiting for geofence (20s)...
[SIM] Geofence started with method: geofence (cmd_vel_guard: False)
[SIM] cmd_vel_guard disabled, starting cmd_vel relay for navigation...
[SIM] Starting cmd_vel relay (cmd_vel_nav → cmd_vel)...
[SIM] cmd_vel relay started
[2026-04-04 08:03:58] [GEOFENCE] Restarting geofence (sigma=0.15, v_max=0.5, tau=0.1, eps=0.003, a_max=2.5)...
[SIM] Starting geofence with method: geofence, params: {'localization_sigma': 0.15, 'v_max': 0.5, 'latency': 0.1, 'epsilon': 0.003, 'a_max': 2.5, 'e_0': 0.03, 'c_1': 0.04, 'enable_estimation_term': True, 'enable_tracking_term': True, 'enable_latency_term': True, 'enable_braking_term': True, 'use_dynamic_v_max': False, 'use_dynamic_tau': False, 'use_dynamic_e_track': False}, comm_latency_ms: 0
[SIM] Waiting for geofence (20s)...
[SIM] Geofence started with method: geofence (cmd_vel_guard: False)
[SIM] cmd_vel_guard disabled, starting cmd_vel relay for navigation...
[SIM] Starting cmd_vel relay (cmd_vel_nav → cmd_vel)...
[SIM] cmd_vel relay started
[2026-04-04 08:04:26] 
Trial 246/370: S1_geofence_through_zone_s15
[2026-04-04 08:04:26]   Goal: (8.00, 0.00)
[2026-04-04 08:04:26]   Path through zone center y=0 (2.0m crossing)
[2026-04-04 08:04:26] [RESET] Resetting robot pose to origin...
[RESET] Teleporting robot to (0.0, 0.0, θ=0.0)
[RESET] Cancelling any active navigation goals...
[RESET] Stopping robot movement...
[RESET] Waiting for TF to stabilize...
[RESET] AMCL disabled, correcting map→odom TF after teleport...
[RESET] Odom at (-0.00, -0.00, yaw=0.0°), target (0.00, 0.00, yaw=0.0°)
[RESET] TF correction: tx=0.000, ty=-0.000, yaw=-0.0°
[RESET] Static TF republished with yaw correction
[RESET] Robot pose reset complete
[2026-04-04 08:07:56] [GOAL_DEBUG] decision=timeout, reason=Goal timed out after 180s
[2026-04-04 08:07:56]   Result: timeout (FAIL)
[2026-04-04 08:07:56]   Reason: Goal timed out after 180s
[2026-04-04 08:07:56]   Time: 210.1s
[2026-04-04 08:07:56]   Robot moved: False, path_min_dist: 4.00m
[2026-04-04 08:07:56] [HEALTH] Pre-trial restart (every 1 trials, world=empty.sdf)...
[SIM] Stopping all processes...
[CLEANUP] Starting process cleanup...
[CLEANUP] Complete (killed 2 process groups)
[SIM] All processes stopped
[CLEANUP] Starting process cleanup...
[CLEANUP] Complete (killed 0 process groups)
[DEBUG] restart_with_method called: method=geofence, params={}, world=empty.sdf, guard=False
[SIM] Full restart for method: geofence (world: empty.sdf)
[SIM] Stopping all processes...
[CLEANUP] Starting process cleanup...
[CLEANUP] Complete (killed 0 process groups)
[SIM] All processes stopped
[SIM] Starting Gazebo...
[CLEANUP] Starting process cleanup...
[CLEANUP] Complete (killed 0 process groups)
[SIM] gz sim still alive (1 procs), force-killing PGIDs (attempt 1/5)...
[SIM] gz sim still alive (1 procs), force-killing PGIDs (attempt 2/5)...
[SIM] gz sim still alive (1 procs), force-killing PGIDs (attempt 3/5)...
[SIM] gz sim still alive (1 procs), force-killing PGIDs (attempt 4/5)...
[SIM] gz sim still alive (1 procs), force-killing PGIDs (attempt 5/5)...
The daemon has been started
The daemon has been started
[SIM][WARNING] Could not kill all gz sim processes — proceeding anyway
[SIM] Waiting for Gazebo (180s)...
[SIM] Gazebo started successfully
[SIM] robot_state_publisher: running
[SIM] Starting odom relay (odom_real → odom)...
[SIM] Odom relay started
[SIM] Starting scan relay (scan_real → scan)...
[SIM] Scan relay started, verifying /scan topic...
[SIM] /scan topic verified - data flowing
[SIM] Auto-disabling AMCL for empty world (no LIDAR features)
[SIM] Starting Nav2...
[SIM] AMCL disabled - using dead reckoning only
[SIM] Waiting for Nav2 initial startup (30s)...
[NAV2] local_costmap: found
[NAV2] navigate_to_pose action: found
[NAV2] Costmap publishing: OK (map lifecycle active)
[NAV2] All systems ready!
[SIM] Final verification: checking navigate_to_pose action...
[SIM] Nav2 started successfully and action server verified!
[SIM] Starting geofence with method: geofence, params: {}, comm_latency_ms: 0
[SIM] Waiting for geofence (20s)...
[SIM] Geofence started with method: geofence (cmd_vel_guard: False)
[SIM] cmd_vel_guard disabled, starting cmd_vel relay for navigation...
[SIM] Starting cmd_vel relay (cmd_vel_nav → cmd_vel)...
[SIM] cmd_vel relay started
[2026-04-04 08:10:10] [GEOFENCE] Restarting geofence (sigma=0.15, v_max=0.5, tau=0.1, eps=0.003, a_max=2.5)...
[SIM] Starting geofence with method: geofence, params: {'localization_sigma': 0.15, 'v_max': 0.5, 'latency': 0.1, 'epsilon': 0.003, 'a_max': 2.5, 'e_0': 0.03, 'c_1': 0.04, 'enable_estimation_term': True, 'enable_tracking_term': True, 'enable_latency_term': True, 'enable_braking_term': True, 'use_dynamic_v_max': False, 'use_dynamic_tau': False, 'use_dynamic_e_track': False}, comm_latency_ms: 50
[SIM] Waiting for geofence (20s)...
[SIM] Geofence started with method: geofence (cmd_vel_guard: False)
[SIM] cmd_vel_guard disabled, starting cmd_vel relay for navigation...
[SIM] Starting cmd_vel relay (cmd_vel_nav → cmd_vel) (latency=50ms)...
[SIM] cmd_vel relay started (latency=50ms)
[2026-04-04 08:10:38] 
Trial 247/370: S1_geofence_through_zone_s16
[2026-04-04 08:10:38]   Goal: (8.00, 0.00)
[2026-04-04 08:10:38]   Path through zone center y=0 (2.0m crossing)
[2026-04-04 08:10:38]   Comm latency: 50ms
[2026-04-04 08:10:38] [RESET] Resetting robot pose to origin...
[RESET] Teleporting robot to (0.0, 0.0, θ=0.0)
[RESET] Cancelling any active navigation goals...
[RESET] Stopping robot movement...
[RESET] Waiting for TF to stabilize...
[RESET] AMCL disabled, correcting map→odom TF after teleport...
[RESET] Odom at (-0.00, -0.00, yaw=0.0°), target (0.00, 0.00, yaw=0.0°)
[RESET] TF correction: tx=0.000, ty=-0.000, yaw=-0.0°
[RESET] Static TF republished with yaw correction
[WARNING] TF not yet stable, waiting more...
[RESET] Robot pose reset complete
[2026-04-04 08:14:11] [GOAL_DEBUG] decision=timeout, reason=Goal timed out after 180s
[2026-04-04 08:14:11]   Result: timeout (FAIL)
[2026-04-04 08:14:11]   Reason: Goal timed out after 180s
[2026-04-04 08:14:11]   Time: 213.2s
[2026-04-04 08:14:11]   Robot moved: False, path_min_dist: 4.00m
[2026-04-04 08:14:11] [HEALTH] Pre-trial restart (every 1 trials, world=empty.sdf)...
[SIM] Stopping all processes...
[CLEANUP] Starting process cleanup...
[CLEANUP] Complete (killed 1 process groups)
[SIM] All processes stopped
[CLEANUP] Starting process cleanup...
[CLEANUP] Complete (killed 0 process groups)
[DEBUG] restart_with_method called: method=geofence, params={}, world=empty.sdf, guard=False
[SIM] Full restart for method: geofence (world: empty.sdf)
[SIM] Stopping all processes...
[CLEANUP] Starting process cleanup...
[CLEANUP] Complete (killed 0 process groups)
[SIM] All processes stopped
[SIM] Starting Gazebo...
[CLEANUP] Starting process cleanup...
[CLEANUP] Complete (killed 0 process groups)
[SIM] gz sim still alive (1 procs), force-killing PGIDs (attempt 1/5)...
[SIM] gz sim still alive (1 procs), force-killing PGIDs (attempt 2/5)...
[SIM] gz sim still alive (1 procs), force-killing PGIDs (attempt 3/5)...
[SIM] gz sim still alive (1 procs), force-killing PGIDs (attempt 4/5)...
[SIM] gz sim still alive (1 procs), force-killing PGIDs (attempt 5/5)...
[SIM][WARNING] Could not kill all gz sim processes — proceeding anyway
[SIM] Waiting for Gazebo (180s)...
[SIM] Gazebo started successfully
[SIM] robot_state_publisher: running
[SIM] Starting odom relay (odom_real → odom)...
[SIM] Odom relay started
[SIM] Starting scan relay (scan_real → scan)...
[SIM] Scan relay started, verifying /scan topic...
[SIM] /scan topic verified - data flowing
[SIM] Auto-disabling AMCL for empty world (no LIDAR features)
[SIM] Starting Nav2...
[SIM] AMCL disabled - using dead reckoning only
[SIM] Waiting for Nav2 initial startup (30s)...
[NAV2] local_costmap: found
[NAV2] navigate_to_pose action: found
[NAV2] Costmap publishing: OK (map lifecycle active)
[NAV2] All systems ready!
[SIM] Final verification: checking navigate_to_pose action...
[SIM] Nav2 started successfully and action server verified!
[SIM] Starting geofence with method: geofence, params: {}, comm_latency_ms: 0
[SIM] Waiting for geofence (20s)...
[SIM] Geofence started with method: geofence (cmd_vel_guard: False)
[SIM] cmd_vel_guard disabled, starting cmd_vel relay for navigation...
[SIM] Starting cmd_vel relay (cmd_vel_nav → cmd_vel)...
[SIM] cmd_vel relay started
[2026-04-04 08:16:25] [GEOFENCE] Restarting geofence (sigma=0.15, v_max=0.5, tau=0.1, eps=0.003, a_max=2.5)...
[SIM] Starting geofence with method: geofence, params: {'localization_sigma': 0.15, 'v_max': 0.5, 'latency': 0.1, 'epsilon': 0.003, 'a_max': 2.5, 'e_0': 0.03, 'c_1': 0.04, 'enable_estimation_term': True, 'enable_tracking_term': True, 'enable_latency_term': True, 'enable_braking_term': True, 'use_dynamic_v_max': False, 'use_dynamic_tau': False, 'use_dynamic_e_track': False}, comm_latency_ms: 100
[SIM] Waiting for geofence (20s)...
[SIM] Geofence started with method: geofence (cmd_vel_guard: False)
[SIM] cmd_vel_guard disabled, starting cmd_vel relay for navigation...
[SIM] Starting cmd_vel relay (cmd_vel_nav → cmd_vel) (latency=100ms)...
[SIM] cmd_vel relay started (latency=100ms)
[2026-04-04 08:16:53] 
Trial 248/370: S1_geofence_through_zone_s17
[2026-04-04 08:16:53]   Goal: (8.00, 0.00)
[2026-04-04 08:16:53]   Path through zone center y=0 (2.0m crossing)
[2026-04-04 08:16:53]   Comm latency: 100ms
[2026-04-04 08:16:53] [RESET] Resetting robot pose to origin...
[RESET] Teleporting robot to (0.0, 0.0, θ=0.0)
[RESET] Cancelling any active navigation goals...
[RESET] Stopping robot movement...
[RESET] Waiting for TF to stabilize...
[RESET] AMCL disabled, correcting map→odom TF after teleport...
[RESET] Odom at (-0.00, -0.00, yaw=0.0°), target (0.00, 0.00, yaw=0.0°)
[RESET] TF correction: tx=0.000, ty=-0.000, yaw=-0.0°
[RESET] Static TF republished with yaw correction
[RESET] Robot pose reset complete
[2026-04-04 08:20:26] [GOAL_DEBUG] decision=timeout, reason=Goal timed out after 180s
[2026-04-04 08:20:26]   Result: timeout (FAIL)
[2026-04-04 08:20:26]   Reason: Goal timed out after 180s
[2026-04-04 08:20:26]   Time: 212.4s
[2026-04-04 08:20:26]   Robot moved: False, path_min_dist: 4.00m
[2026-04-04 08:20:26] [HEALTH] Pre-trial restart (every 1 trials, world=empty.sdf)...
[SIM] Stopping all processes...
[CLEANUP] Starting process cleanup...
[CLEANUP] Complete (killed 1 process groups)
[SIM] All processes stopped
[CLEANUP] Starting process cleanup...
[CLEANUP] Complete (killed 0 process groups)
[DEBUG] restart_with_method called: method=geofence, params={}, world=empty.sdf, guard=False
[SIM] Full restart for method: geofence (world: empty.sdf)
[SIM] Stopping all processes...
[CLEANUP] Starting process cleanup...
[CLEANUP] Complete (killed 0 process groups)
[SIM] All processes stopped
[SIM] Starting Gazebo...
[CLEANUP] Starting process cleanup...
[CLEANUP] Complete (killed 0 process groups)
[SIM] gz sim still alive (1 procs), force-killing PGIDs (attempt 1/5)...
[SIM] gz sim still alive (1 procs), force-killing PGIDs (attempt 2/5)...
[SIM] gz sim still alive (1 procs), force-killing PGIDs (attempt 3/5)...
[SIM] gz sim still alive (1 procs), force-killing PGIDs (attempt 4/5)...
The daemon has been started
The daemon has been started
[SIM] gz sim still alive (1 procs), force-killing PGIDs (attempt 5/5)...
[SIM][WARNING] Could not kill all gz sim processes — proceeding anyway
[SIM] Waiting for Gazebo (180s)...
[SIM] Gazebo started successfully
[SIM] robot_state_publisher: running
[SIM] Starting odom relay (odom_real → odom)...
[SIM] Odom relay started
[SIM] Starting scan relay (scan_real → scan)...
[SIM] Scan relay started, verifying /scan topic...
[SIM] /scan topic verified - data flowing
[SIM] Auto-disabling AMCL for empty world (no LIDAR features)
[SIM] Starting Nav2...
[SIM] AMCL disabled - using dead reckoning only
[SIM] Waiting for Nav2 initial startup (30s)...
[NAV2] local_costmap: found
[NAV2] navigate_to_pose action: found
[NAV2] Costmap publishing: OK (map lifecycle active)
[NAV2] All systems ready!
[SIM] Final verification: checking navigate_to_pose action...
[SIM] Nav2 started successfully and action server verified!
[SIM] Starting geofence with method: geofence, params: {}, comm_latency_ms: 0
[SIM] Waiting for geofence (20s)...
[SIM] Geofence started with method: geofence (cmd_vel_guard: False)
[SIM] cmd_vel_guard disabled, starting cmd_vel relay for navigation...
[SIM] Starting cmd_vel relay (cmd_vel_nav → cmd_vel)...
[SIM] cmd_vel relay started
[2026-04-04 08:22:40] [GEOFENCE] Restarting geofence (sigma=0.15, v_max=0.5, tau=0.1, eps=0.003, a_max=2.5)...
[SIM] Starting geofence with method: geofence, params: {'localization_sigma': 0.15, 'v_max': 0.5, 'latency': 0.1, 'epsilon': 0.003, 'a_max': 2.5, 'e_0': 0.03, 'c_1': 0.04, 'enable_estimation_term': True, 'enable_tracking_term': True, 'enable_latency_term': True, 'enable_braking_term': True, 'use_dynamic_v_max': False, 'use_dynamic_tau': False, 'use_dynamic_e_track': False}, comm_latency_ms: 0
[SIM] Waiting for geofence (20s)...
[SIM] Geofence started with method: geofence (cmd_vel_guard: False)
[SIM] cmd_vel_guard disabled, starting cmd_vel relay for navigation...
[SIM] Starting cmd_vel relay (cmd_vel_nav → cmd_vel)...
[SIM] cmd_vel relay started
[2026-04-04 08:23:08] 
Trial 249/370: S1_geofence_through_zone_s18
[2026-04-04 08:23:08]   Goal: (8.00, 0.00)
[2026-04-04 08:23:08]   Path through zone center y=0 (2.0m crossing)
[2026-04-04 08:23:08] [RESET] Resetting robot pose to origin...
[RESET] Teleporting robot to (0.0, 0.0, θ=0.0)
[RESET] Cancelling any active navigation goals...
[RESET] Stopping robot movement...
[RESET] Waiting for TF to stabilize...
[RESET] AMCL disabled, correcting map→odom TF after teleport...
[RESET] Odom at (-0.00, -0.00, yaw=0.0°), target (0.00, 0.00, yaw=0.0°)
[RESET] TF correction: tx=0.000, ty=-0.000, yaw=-0.0°
[RESET] Static TF republished with yaw correction
[RESET] Robot pose reset complete
[2026-04-04 08:26:38] [GOAL_DEBUG] decision=timeout, reason=Goal timed out after 180s
[2026-04-04 08:26:38]   Result: timeout (FAIL)
[2026-04-04 08:26:38]   Reason: Goal timed out after 180s
[2026-04-04 08:26:38]   Time: 209.1s
[2026-04-04 08:26:38]   Robot moved: False, path_min_dist: 4.00m
[2026-04-04 08:26:38] [HEALTH] Pre-trial restart (every 1 trials, world=empty.sdf)...
[SIM] Stopping all processes...
[CLEANUP] Starting process cleanup...
[CLEANUP] Complete (killed 1 process groups)
[SIM] All processes stopped
[CLEANUP] Starting process cleanup...
[CLEANUP] Complete (killed 0 process groups)
[DEBUG] restart_with_method called: method=geofence, params={}, world=empty.sdf, guard=False
[SIM] Full restart for method: geofence (world: empty.sdf)
[SIM] Stopping all processes...
[CLEANUP] Starting process cleanup...
[CLEANUP] Complete (killed 0 process groups)
[SIM] All processes stopped
[SIM] Starting Gazebo...
[CLEANUP] Starting process cleanup...
[CLEANUP] Complete (killed 0 process groups)
[SIM] gz sim still alive (1 procs), force-killing PGIDs (attempt 1/5)...
[SIM] gz sim still alive (1 procs), force-killing PGIDs (attempt 2/5)...
[SIM] gz sim still alive (1 procs), force-killing PGIDs (attempt 3/5)...
[SIM] gz sim still alive (1 procs), force-killing PGIDs (attempt 4/5)...
[SIM] gz sim still alive (1 procs), force-killing PGIDs (attempt 5/5)...
[SIM][WARNING] Could not kill all gz sim processes — proceeding anyway
[SIM] Waiting for Gazebo (180s)...
[SIM] Gazebo started successfully
[SIM] robot_state_publisher: running
[SIM] Starting odom relay (odom_real → odom)...
[SIM] Odom relay started
[SIM] Starting scan relay (scan_real → scan)...
[SIM] Scan relay started, verifying /scan topic...
[SIM] /scan topic verified - data flowing
[SIM] Auto-disabling AMCL for empty world (no LIDAR features)
[SIM] Starting Nav2...
[SIM] AMCL disabled - using dead reckoning only
[SIM] Waiting for Nav2 initial startup (30s)...
[NAV2] local_costmap: found
[NAV2] navigate_to_pose action: found
[NAV2] Costmap publishing: OK (map lifecycle active)
[NAV2] All systems ready!
[SIM] Final verification: checking navigate_to_pose action...
[SIM] Nav2 started successfully and action server verified!
[SIM] Starting geofence with method: geofence, params: {}, comm_latency_ms: 0
[SIM] Waiting for geofence (20s)...
[SIM] Geofence started with method: geofence (cmd_vel_guard: False)
[SIM] cmd_vel_guard disabled, starting cmd_vel relay for navigation...
[SIM] Starting cmd_vel relay (cmd_vel_nav → cmd_vel)...
[SIM] cmd_vel relay started
[2026-04-04 08:28:51] [GEOFENCE] Restarting geofence (sigma=0.15, v_max=0.5, tau=0.1, eps=0.003, a_max=2.5)...
[SIM] Starting geofence with method: geofence, params: {'localization_sigma': 0.15, 'v_max': 0.5, 'latency': 0.1, 'epsilon': 0.003, 'a_max': 2.5, 'e_0': 0.03, 'c_1': 0.04, 'enable_estimation_term': True, 'enable_tracking_term': True, 'enable_latency_term': True, 'enable_braking_term': True, 'use_dynamic_v_max': False, 'use_dynamic_tau': False, 'use_dynamic_e_track': False}, comm_latency_ms: 50
[SIM] Waiting for geofence (20s)...
[SIM] Geofence started with method: geofence (cmd_vel_guard: False)
[SIM] cmd_vel_guard disabled, starting cmd_vel relay for navigation...
[SIM] Starting cmd_vel relay (cmd_vel_nav → cmd_vel) (latency=50ms)...
[SIM] cmd_vel relay started (latency=50ms)
[2026-04-04 08:29:20] 
Trial 250/370: S1_geofence_through_zone_s19
[2026-04-04 08:29:20]   Goal: (8.00, 0.00)
[2026-04-04 08:29:20]   Path through zone center y=0 (2.0m crossing)
[2026-04-04 08:29:20]   Comm latency: 50ms
[2026-04-04 08:29:20] [RESET] Resetting robot pose to origin...
[RESET] Teleporting robot to (0.0, 0.0, θ=0.0)
[RESET] Cancelling any active navigation goals...
[RESET] Stopping robot movement...
[RESET] Waiting for TF to stabilize...
[RESET] AMCL disabled, correcting map→odom TF after teleport...
[RESET] Odom at (-0.00, -0.00, yaw=0.0°), target (0.00, 0.00, yaw=0.0°)
[RESET] TF correction: tx=0.000, ty=-0.000, yaw=-0.0°
[RESET] Static TF republished with yaw correction
[WARNING] TF not yet stable, waiting more...
[RESET] Robot pose reset complete
[2026-04-04 08:32:41] [GOAL_DEBUG] decision=timeout, reason=Goal timed out after 180s
[2026-04-04 08:32:41]   Result: timeout (FAIL)
[2026-04-04 08:32:41]   Reason: Goal timed out after 180s
[2026-04-04 08:32:41]   Time: 201.3s
[2026-04-04 08:32:41]   Robot moved: False, path_min_dist: 4.00m
[CHECKPOINT] Saved at trial 250/160
[2026-04-04 08:32:41] [HEALTH] Pre-trial restart (every 1 trials, world=empty.sdf)...
[SIM] Stopping all processes...
[CLEANUP] Starting process cleanup...
[CLEANUP] Complete (killed 1 process groups)
[SIM] All processes stopped
[CLEANUP] Starting process cleanup...
[CLEANUP] Complete (killed 0 process groups)
[DEBUG] restart_with_method called: method=geofence, params={}, world=empty.sdf, guard=False
[SIM] Full restart for method: geofence (world: empty.sdf)
[SIM] Stopping all processes...
[CLEANUP] Starting process cleanup...
[CLEANUP] Complete (killed 0 process groups)
[SIM] All processes stopped
[SIM] Starting Gazebo...
[CLEANUP] Starting process cleanup...
[CLEANUP] Complete (killed 0 process groups)
[SIM] gz sim still alive (1 procs), force-killing PGIDs (attempt 1/5)...
[SIM] gz sim still alive (1 procs), force-killing PGIDs (attempt 2/5)...
[SIM] gz sim still alive (1 procs), force-killing PGIDs (attempt 3/5)...
[SIM] gz sim still alive (1 procs), force-killing PGIDs (attempt 4/5)...The daemon has been started
The daemon has been started

[SIM] gz sim still alive (1 procs), force-killing PGIDs (attempt 5/5)...
[SIM][WARNING] Could not kill all gz sim processes — proceeding anyway
[SIM] Waiting for Gazebo (180s)...
[SIM] Gazebo started successfully
[SIM] robot_state_publisher: running
[SIM] Starting odom relay (odom_real → odom)...
[SIM] Odom relay started
[SIM] Starting scan relay (scan_real → scan)...
[SIM] Scan relay started, verifying /scan topic...
[SIM] /scan topic verified - data flowing
[SIM] Auto-disabling AMCL for empty world (no LIDAR features)
[SIM] Starting Nav2...
[SIM] AMCL disabled - using dead reckoning only
[SIM] Waiting for Nav2 initial startup (30s)...
[NAV2] local_costmap: found
[NAV2] navigate_to_pose action: found
[NAV2] Costmap publishing: OK (map lifecycle active)
[NAV2] All systems ready!
[SIM] Final verification: checking navigate_to_pose action...
[SIM] Nav2 started successfully and action server verified!
[SIM] Starting geofence with method: geofence, params: {}, comm_latency_ms: 0
[SIM] Waiting for geofence (20s)...
[SIM] Geofence started with method: geofence (cmd_vel_guard: False)
[SIM] cmd_vel_guard disabled, starting cmd_vel relay for navigation...
[SIM] Starting cmd_vel relay (cmd_vel_nav → cmd_vel)...
[SIM] cmd_vel relay started
[2026-04-04 08:34:55] [GEOFENCE] Restarting geofence (sigma=0.15, v_max=0.5, tau=0.1, eps=0.003, a_max=2.5)...
[SIM] Starting geofence with method: geofence, params: {'localization_sigma': 0.15, 'v_max': 0.5, 'latency': 0.1, 'epsilon': 0.003, 'a_max': 2.5, 'e_0': 0.03, 'c_1': 0.04, 'enable_estimation_term': True, 'enable_tracking_term': True, 'enable_latency_term': True, 'enable_braking_term': True, 'use_dynamic_v_max': False, 'use_dynamic_tau': False, 'use_dynamic_e_track': False}, comm_latency_ms: 50
[SIM] Waiting for geofence (20s)...
[SIM] Geofence started with method: geofence (cmd_vel_guard: False)
[SIM] cmd_vel_guard disabled, starting cmd_vel relay for navigation...
[SIM] Starting cmd_vel relay (cmd_vel_nav → cmd_vel) (latency=50ms)...
[SIM] cmd_vel relay started (latency=50ms)
[2026-04-04 08:35:23] 
Trial 251/370: S1_geofence_safe_far_s10
[2026-04-04 08:35:23]   Goal: (2.00, 0.00)
[2026-04-04 08:35:23]   Safe goal 2m before zone
[2026-04-04 08:35:23]   Comm latency: 50ms
[2026-04-04 08:35:23] [RESET] Resetting robot pose to origin...
[RESET] Teleporting robot to (0.0, 0.0, θ=0.0)
[RESET] Cancelling any active navigation goals...
[RESET] Stopping robot movement...
[RESET] Waiting for TF to stabilize...
[RESET] AMCL disabled, correcting map→odom TF after teleport...
[RESET] Odom at (-0.00, -0.00, yaw=0.0°), target (0.00, 0.00, yaw=0.0°)
[RESET] TF correction: tx=0.000, ty=-0.000, yaw=-0.0°
[RESET] Static TF republished with yaw correction
[RESET] Robot pose reset complete
[2026-04-04 08:38:55] [GOAL_DEBUG] decision=timeout, reason=Goal timed out after 180s
[2026-04-04 08:38:55]   Result: timeout (FAIL)
[2026-04-04 08:38:55]   Reason: Goal timed out after 180s
[2026-04-04 08:38:55]   Time: 211.7s
[2026-04-04 08:38:55]   Robot moved: False, path_min_dist: 4.00m
[2026-04-04 08:38:55] [HEALTH] Periodic health check...
[2026-04-04 08:38:55] [HEALTH] Load: 3.4, Memory: 14.2%
[NAV2] local_costmap: found
[NAV2] navigate_to_pose action: found
[2026-04-04 08:38:56] [HEALTH] Pre-trial restart (every 1 trials, world=empty.sdf)...
[SIM] Stopping all processes...
[CLEANUP] Starting process cleanup...
[CLEANUP] Complete (killed 1 process groups)
[SIM] All processes stopped
[CLEANUP] Starting process cleanup...
[CLEANUP] Complete (killed 0 process groups)
[DEBUG] restart_with_method called: method=geofence, params={}, world=empty.sdf, guard=False
[SIM] Full restart for method: geofence (world: empty.sdf)
[SIM] Stopping all processes...
[CLEANUP] Starting process cleanup...
[CLEANUP] Complete (killed 0 process groups)
[SIM] All processes stopped
[SIM] Starting Gazebo...
[CLEANUP] Starting process cleanup...
[CLEANUP] Complete (killed 0 process groups)
[SIM] gz sim still alive (1 procs), force-killing PGIDs (attempt 1/5)...
[SIM] gz sim still alive (1 procs), force-killing PGIDs (attempt 2/5)...
[SIM] gz sim still alive (1 procs), force-killing PGIDs (attempt 3/5)...
[SIM] gz sim still alive (1 procs), force-killing PGIDs (attempt 4/5)...
[SIM] gz sim still alive (1 procs), force-killing PGIDs (attempt 5/5)...
[SIM][WARNING] Could not kill all gz sim processes — proceeding anyway
[SIM] Waiting for Gazebo (180s)...
[SIM] Gazebo started successfully
[SIM] robot_state_publisher: running
[SIM] Starting odom relay (odom_real → odom)...
[SIM] Odom relay started
[SIM] Starting scan relay (scan_real → scan)...
[SIM] Scan relay started, verifying /scan topic...
[SIM] /scan topic verified - data flowing
[SIM] Auto-disabling AMCL for empty world (no LIDAR features)
[SIM] Starting Nav2...
[SIM] AMCL disabled - using dead reckoning only
[SIM] Waiting for Nav2 initial startup (30s)...
[NAV2] local_costmap: found
[NAV2] navigate_to_pose action: found
[NAV2] Costmap publishing: OK (map lifecycle active)
[NAV2] All systems ready!
[SIM] Final verification: checking navigate_to_pose action...
[SIM] Nav2 started successfully and action server verified!
[SIM] Starting geofence with method: geofence, params: {}, comm_latency_ms: 0
[SIM] Waiting for geofence (20s)...
[SIM] Geofence started with method: geofence (cmd_vel_guard: False)
[SIM] cmd_vel_guard disabled, starting cmd_vel relay for navigation...
[SIM] Starting cmd_vel relay (cmd_vel_nav → cmd_vel)...
[SIM] cmd_vel relay started
[2026-04-04 08:41:10] [GEOFENCE] Restarting geofence (sigma=0.15, v_max=0.5, tau=0.1, eps=0.003, a_max=2.5)...
[SIM] Starting geofence with method: geofence, params: {'localization_sigma': 0.15, 'v_max': 0.5, 'latency': 0.1, 'epsilon': 0.003, 'a_max': 2.5, 'e_0': 0.03, 'c_1': 0.04, 'enable_estimation_term': True, 'enable_tracking_term': True, 'enable_latency_term': True, 'enable_braking_term': True, 'use_dynamic_v_max': False, 'use_dynamic_tau': False, 'use_dynamic_e_track': False}, comm_latency_ms: 100
[SIM] Waiting for geofence (20s)...
[SIM] Geofence started with method: geofence (cmd_vel_guard: False)
[SIM] cmd_vel_guard disabled, starting cmd_vel relay for navigation...
[SIM] Starting cmd_vel relay (cmd_vel_nav → cmd_vel) (latency=100ms)...
[SIM] cmd_vel relay started (latency=100ms)
[2026-04-04 08:41:38] 
Trial 252/370: S1_geofence_safe_far_s11
[2026-04-04 08:41:38]   Goal: (2.00, 0.00)
[2026-04-04 08:41:38]   Safe goal 2m before zone
[2026-04-04 08:41:38]   Comm latency: 100ms
[2026-04-04 08:41:38] [RESET] Resetting robot pose to origin...
[RESET] Teleporting robot to (0.0, 0.0, θ=0.0)
[RESET] Cancelling any active navigation goals...
[RESET] Stopping robot movement...
[RESET] Waiting for TF to stabilize...
[RESET] AMCL disabled, correcting map→odom TF after teleport...
[RESET] Odom at (-0.00, -0.00, yaw=0.0°), target (0.00, 0.00, yaw=0.0°)
[RESET] TF correction: tx=0.000, ty=-0.000, yaw=-0.0°
[RESET] Static TF republished with yaw correction
[RESET] Robot pose reset complete
[2026-04-04 08:45:09] [GOAL_DEBUG] decision=timeout, reason=Goal timed out after 180s
[2026-04-04 08:45:09]   Result: timeout (FAIL)
[2026-04-04 08:45:09]   Reason: Goal timed out after 180s
[2026-04-04 08:45:09]   Time: 211.5s
[2026-04-04 08:45:09]   Robot moved: False, path_min_dist: 4.00m
[2026-04-04 08:45:09] [HEALTH] Pre-trial restart (every 1 trials, world=empty.sdf)...
[SIM] Stopping all processes...
[CLEANUP] Starting process cleanup...
[CLEANUP] Complete (killed 1 process groups)
[SIM] All processes stopped
[CLEANUP] Starting process cleanup...
[CLEANUP] Complete (killed 0 process groups)
[DEBUG] restart_with_method called: method=geofence, params={}, world=empty.sdf, guard=False
[SIM] Full restart for method: geofence (world: empty.sdf)
[SIM] Stopping all processes...
[CLEANUP] Starting process cleanup...
[CLEANUP] Complete (killed 0 process groups)
[SIM] All processes stopped
[SIM] Starting Gazebo...
[CLEANUP] Starting process cleanup...
[CLEANUP] Complete (killed 0 process groups)
[SIM] gz sim still alive (1 procs), force-killing PGIDs (attempt 1/5)...
[SIM] gz sim still alive (1 procs), force-killing PGIDs (attempt 2/5)...
The daemon has been started
The daemon has been started
[SIM] gz sim still alive (1 procs), force-killing PGIDs (attempt 3/5)...
[SIM] gz sim still alive (1 procs), force-killing PGIDs (attempt 4/5)...
[SIM] gz sim still alive (1 procs), force-killing PGIDs (attempt 5/5)...
[SIM][WARNING] Could not kill all gz sim processes — proceeding anyway
[SIM] Waiting for Gazebo (180s)...
[SIM] Gazebo started successfully
[SIM] robot_state_publisher: running
[SIM] Starting odom relay (odom_real → odom)...
[SIM] Odom relay started
[SIM] Starting scan relay (scan_real → scan)...
[SIM] Scan relay started, verifying /scan topic...
[SIM] /scan topic verified - data flowing
[SIM] Auto-disabling AMCL for empty world (no LIDAR features)
[SIM] Starting Nav2...
[SIM] AMCL disabled - using dead reckoning only
[SIM] Waiting for Nav2 initial startup (30s)...
[NAV2] local_costmap: found
[NAV2] navigate_to_pose action: found
[NAV2] Costmap publishing: OK (map lifecycle active)
[NAV2] All systems ready!
[SIM] Final verification: checking navigate_to_pose action...
[SIM] Nav2 started successfully and action server verified!
[SIM] Starting geofence with method: geofence, params: {}, comm_latency_ms: 0
[SIM] Waiting for geofence (20s)...
[SIM] Geofence started with method: geofence (cmd_vel_guard: False)
[SIM] cmd_vel_guard disabled, starting cmd_vel relay for navigation...
[SIM] Starting cmd_vel relay (cmd_vel_nav → cmd_vel)...
[SIM] cmd_vel relay started
[2026-04-04 08:47:23] [GEOFENCE] Restarting geofence (sigma=0.15, v_max=0.5, tau=0.1, eps=0.003, a_max=2.5)...
[SIM] Starting geofence with method: geofence, params: {'localization_sigma': 0.15, 'v_max': 0.5, 'latency': 0.1, 'epsilon': 0.003, 'a_max': 2.5, 'e_0': 0.03, 'c_1': 0.04, 'enable_estimation_term': True, 'enable_tracking_term': True, 'enable_latency_term': True, 'enable_braking_term': True, 'use_dynamic_v_max': False, 'use_dynamic_tau': False, 'use_dynamic_e_track': False}, comm_latency_ms: 0
[SIM] Waiting for geofence (20s)...
[SIM] Geofence started with method: geofence (cmd_vel_guard: False)
[SIM] cmd_vel_guard disabled, starting cmd_vel relay for navigation...
[SIM] Starting cmd_vel relay (cmd_vel_nav → cmd_vel)...
[SIM] cmd_vel relay started
[2026-04-04 08:47:51] 
Trial 253/370: S1_geofence_safe_far_s12
[2026-04-04 08:47:51]   Goal: (2.00, 0.00)
[2026-04-04 08:47:51]   Safe goal 2m before zone
[2026-04-04 08:47:51] [RESET] Resetting robot pose to origin...
[RESET] Teleporting robot to (0.0, 0.0, θ=0.0)
[RESET] Cancelling any active navigation goals...
[RESET] Stopping robot movement...
[RESET] Waiting for TF to stabilize...
[RESET] AMCL disabled, correcting map→odom TF after teleport...
[RESET] Odom at (-0.00, -0.00, yaw=0.0°), target (0.00, 0.00, yaw=0.0°)
[RESET] TF correction: tx=0.000, ty=-0.000, yaw=-0.0°
[RESET] Static TF republished with yaw correction
[RESET] Robot pose reset complete
[2026-04-04 08:51:22] [GOAL_DEBUG] decision=timeout, reason=Goal timed out after 180s
[2026-04-04 08:51:22]   Result: timeout (FAIL)
[2026-04-04 08:51:22]   Reason: Goal timed out after 180s
[2026-04-04 08:51:22]   Time: 211.2s
[2026-04-04 08:51:22]   Robot moved: False, path_min_dist: 4.00m
[2026-04-04 08:51:22] [HEALTH] Pre-trial restart (every 1 trials, world=empty.sdf)...
[SIM] Stopping all processes...
[CLEANUP] Starting process cleanup...
[CLEANUP] Complete (killed 1 process groups)
[SIM] All processes stopped
[CLEANUP] Starting process cleanup...
[CLEANUP] Complete (killed 0 process groups)
[DEBUG] restart_with_method called: method=geofence, params={}, world=empty.sdf, guard=False
[SIM] Full restart for method: geofence (world: empty.sdf)
[SIM] Stopping all processes...
[CLEANUP] Starting process cleanup...
[CLEANUP] Complete (killed 0 process groups)
[SIM] All processes stopped
[SIM] Starting Gazebo...
[CLEANUP] Starting process cleanup...
[CLEANUP] Complete (killed 0 process groups)
[SIM] gz sim still alive (1 procs), force-killing PGIDs (attempt 1/5)...
[SIM] gz sim still alive (1 procs), force-killing PGIDs (attempt 2/5)...
[SIM] gz sim still alive (1 procs), force-killing PGIDs (attempt 3/5)...
[SIM] gz sim still alive (1 procs), force-killing PGIDs (attempt 4/5)...
[SIM] gz sim still alive (1 procs), force-killing PGIDs (attempt 5/5)...
[SIM][WARNING] Could not kill all gz sim processes — proceeding anyway
[SIM] Waiting for Gazebo (180s)...
[SIM] Gazebo started successfully
[SIM] robot_state_publisher: running
[SIM] Starting odom relay (odom_real → odom)...
[SIM] Odom relay started
[SIM] Starting scan relay (scan_real → scan)...
[SIM] Scan relay started, verifying /scan topic...
[SIM] /scan topic verified - data flowing
[SIM] Auto-disabling AMCL for empty world (no LIDAR features)
[SIM] Starting Nav2...
[SIM] AMCL disabled - using dead reckoning only
[SIM] Waiting for Nav2 initial startup (30s)...
[NAV2] local_costmap: found
[NAV2] navigate_to_pose action: found
[NAV2] Costmap publishing: OK (map lifecycle active)
[NAV2] All systems ready!
[SIM] Final verification: checking navigate_to_pose action...
[SIM] Nav2 started successfully and action server verified!
[SIM] Starting geofence with method: geofence, params: {}, comm_latency_ms: 0
[SIM] Waiting for geofence (20s)...
[SIM] Geofence started with method: geofence (cmd_vel_guard: False)
[SIM] cmd_vel_guard disabled, starting cmd_vel relay for navigation...
[SIM] Starting cmd_vel relay (cmd_vel_nav → cmd_vel)...
[SIM] cmd_vel relay started
[2026-04-04 08:53:36] [GEOFENCE] Restarting geofence (sigma=0.15, v_max=0.5, tau=0.1, eps=0.003, a_max=2.5)...
[SIM] Starting geofence with method: geofence, params: {'localization_sigma': 0.15, 'v_max': 0.5, 'latency': 0.1, 'epsilon': 0.003, 'a_max': 2.5, 'e_0': 0.03, 'c_1': 0.04, 'enable_estimation_term': True, 'enable_tracking_term': True, 'enable_latency_term': True, 'enable_braking_term': True, 'use_dynamic_v_max': False, 'use_dynamic_tau': False, 'use_dynamic_e_track': False}, comm_latency_ms: 50
[SIM] Waiting for geofence (20s)...
[SIM] Geofence started with method: geofence (cmd_vel_guard: False)
[SIM] cmd_vel_guard disabled, starting cmd_vel relay for navigation...
[SIM] Starting cmd_vel relay (cmd_vel_nav → cmd_vel) (latency=50ms)...
[SIM] cmd_vel relay started (latency=50ms)
[2026-04-04 08:54:05] 
Trial 254/370: S1_geofence_safe_far_s13
[2026-04-04 08:54:05]   Goal: (2.00, 0.00)
[2026-04-04 08:54:05]   Safe goal 2m before zone
[2026-04-04 08:54:05]   Comm latency: 50ms
[2026-04-04 08:54:05] [RESET] Resetting robot pose to origin...
[RESET] Teleporting robot to (0.0, 0.0, θ=0.0)
[RESET] Cancelling any active navigation goals...
[RESET] Stopping robot movement...
[RESET] Waiting for TF to stabilize...
[RESET] AMCL disabled, correcting map→odom TF after teleport...
[RESET] Odom at (-0.00, -0.00, yaw=0.0°), target (0.00, 0.00, yaw=0.0°)
[RESET] TF correction: tx=0.000, ty=-0.000, yaw=-0.0°
[RESET] Static TF republished with yaw correction
[RESET] Robot pose reset complete
[2026-04-04 08:57:38] [GOAL_DEBUG] decision=timeout, reason=Goal timed out after 180s
[2026-04-04 08:57:38]   Result: timeout (FAIL)
[2026-04-04 08:57:38]   Reason: Goal timed out after 180s
[2026-04-04 08:57:38]   Time: 213.7s
[2026-04-04 08:57:38]   Robot moved: False, path_min_dist: 4.00m
[2026-04-04 08:57:38] [HEALTH] Pre-trial restart (every 1 trials, world=empty.sdf)...
[SIM] Stopping all processes...
[CLEANUP] Starting process cleanup...
[CLEANUP] Complete (killed 1 process groups)
[SIM] All processes stopped
[CLEANUP] Starting process cleanup...
[CLEANUP] Complete (killed 0 process groups)
[DEBUG] restart_with_method called: method=geofence, params={}, world=empty.sdf, guard=False
[SIM] Full restart for method: geofence (world: empty.sdf)
[SIM] Stopping all processes...
[CLEANUP] Starting process cleanup...
[CLEANUP] Complete (killed 0 process groups)
[SIM] All processes stopped
[SIM] Starting Gazebo...
[CLEANUP] Starting process cleanup...
[CLEANUP] Complete (killed 0 process groups)
[SIM] gz sim still alive (1 procs), force-killing PGIDs (attempt 1/5)...
[SIM] gz sim still alive (1 procs), force-killing PGIDs (attempt 2/5)...
[SIM] gz sim still alive (1 procs), force-killing PGIDs (attempt 3/5)...
The daemon has been started
The daemon has been started
[SIM] gz sim still alive (1 procs), force-killing PGIDs (attempt 4/5)...
[SIM] gz sim still alive (1 procs), force-killing PGIDs (attempt 5/5)...
[SIM][WARNING] Could not kill all gz sim processes — proceeding anyway
[SIM] Waiting for Gazebo (180s)...
[SIM] Gazebo started successfully
[SIM] robot_state_publisher: running
[SIM] Starting odom relay (odom_real → odom)...
[SIM] Odom relay started
[SIM] Starting scan relay (scan_real → scan)...
[SIM] Scan relay started, verifying /scan topic...
[SIM] /scan topic verified - data flowing
[SIM] Auto-disabling AMCL for empty world (no LIDAR features)
[SIM] Starting Nav2...
[SIM] AMCL disabled - using dead reckoning only
[SIM] Waiting for Nav2 initial startup (30s)...
[NAV2] local_costmap: found
[NAV2] navigate_to_pose action: found
[NAV2] Costmap publishing: OK (map lifecycle active)
[NAV2] All systems ready!
[SIM] Final verification: checking navigate_to_pose action...
[SIM] Nav2 started successfully and action server verified!
[SIM] Starting geofence with method: geofence, params: {}, comm_latency_ms: 0
[SIM] Waiting for geofence (20s)...
[SIM] Geofence started with method: geofence (cmd_vel_guard: False)
[SIM] cmd_vel_guard disabled, starting cmd_vel relay for navigation...
[SIM] Starting cmd_vel relay (cmd_vel_nav → cmd_vel)...
[SIM] cmd_vel relay started
[2026-04-04 08:59:52] [GEOFENCE] Restarting geofence (sigma=0.15, v_max=0.5, tau=0.1, eps=0.003, a_max=2.5)...
[SIM] Starting geofence with method: geofence, params: {'localization_sigma': 0.15, 'v_max': 0.5, 'latency': 0.1, 'epsilon': 0.003, 'a_max': 2.5, 'e_0': 0.03, 'c_1': 0.04, 'enable_estimation_term': True, 'enable_tracking_term': True, 'enable_latency_term': True, 'enable_braking_term': True, 'use_dynamic_v_max': False, 'use_dynamic_tau': False, 'use_dynamic_e_track': False}, comm_latency_ms: 100
[SIM] Waiting for geofence (20s)...
[SIM] Geofence started with method: geofence (cmd_vel_guard: False)
[SIM] cmd_vel_guard disabled, starting cmd_vel relay for navigation...
[SIM] Starting cmd_vel relay (cmd_vel_nav → cmd_vel) (latency=100ms)...
[SIM] cmd_vel relay started (latency=100ms)
[2026-04-04 09:00:20] 
Trial 255/370: S1_geofence_safe_far_s14
[2026-04-04 09:00:20]   Goal: (2.00, 0.00)
[2026-04-04 09:00:20]   Safe goal 2m before zone
[2026-04-04 09:00:20]   Comm latency: 100ms
[2026-04-04 09:00:20] [RESET] Resetting robot pose to origin...
[RESET] Teleporting robot to (0.0, 0.0, θ=0.0)
[RESET] Cancelling any active navigation goals...
[RESET] Stopping robot movement...
[RESET] Waiting for TF to stabilize...
[RESET] AMCL disabled, correcting map→odom TF after teleport...
[RESET] Odom at (-0.00, -0.00, yaw=0.0°), target (0.00, 0.00, yaw=0.0°)
[RESET] TF correction: tx=0.000, ty=-0.000, yaw=-0.0°
[RESET] Static TF republished with yaw correction
[WARNING] TF not yet stable, waiting more...
[RESET] Robot pose reset complete
[2026-04-04 09:03:51] [GOAL_DEBUG] decision=timeout, reason=Goal timed out after 180s
[2026-04-04 09:03:51]   Result: timeout (FAIL)
[2026-04-04 09:03:51]   Reason: Goal timed out after 180s
[2026-04-04 09:03:51]   Time: 210.8s
[2026-04-04 09:03:51]   Robot moved: False, path_min_dist: 4.00m
[CHECKPOINT] Saved at trial 255/160
[2026-04-04 09:03:51] [HEALTH] Pre-trial restart (every 1 trials, world=empty.sdf)...
[SIM] Stopping all processes...
[CLEANUP] Starting process cleanup...
[CLEANUP] Complete (killed 1 process groups)
[SIM] All processes stopped
[CLEANUP] Starting process cleanup...
[CLEANUP] Complete (killed 0 process groups)
[DEBUG] restart_with_method called: method=geofence, params={}, world=empty.sdf, guard=False
[SIM] Full restart for method: geofence (world: empty.sdf)
[SIM] Stopping all processes...
[CLEANUP] Starting process cleanup...
[CLEANUP] Complete (killed 0 process groups)
[SIM] All processes stopped
[SIM] Starting Gazebo...
[CLEANUP] Starting process cleanup...
[CLEANUP] Complete (killed 0 process groups)
[SIM] gz sim still alive (1 procs), force-killing PGIDs (attempt 1/5)...
[SIM] gz sim still alive (1 procs), force-killing PGIDs (attempt 2/5)...
[SIM] gz sim still alive (1 procs), force-killing PGIDs (attempt 3/5)...
[SIM] gz sim still alive (1 procs), force-killing PGIDs (attempt 4/5)...
[SIM] gz sim still alive (1 procs), force-killing PGIDs (attempt 5/5)...
[SIM][WARNING] Could not kill all gz sim processes — proceeding anyway
[SIM] Waiting for Gazebo (180s)...
[SIM] Gazebo started successfully
[SIM] robot_state_publisher: running
[SIM] Starting odom relay (odom_real → odom)...
[SIM] Odom relay started
[SIM] Starting scan relay (scan_real → scan)...
[SIM] Scan relay started, verifying /scan topic...
[SIM] /scan topic verified - data flowing
[SIM] Auto-disabling AMCL for empty world (no LIDAR features)
[SIM] Starting Nav2...
[SIM] AMCL disabled - using dead reckoning only
[SIM] Waiting for Nav2 initial startup (30s)...
[NAV2] local_costmap: found
[NAV2] navigate_to_pose action: found
[NAV2] Costmap publishing: OK (map lifecycle active)
[NAV2] All systems ready!
[SIM] Final verification: checking navigate_to_pose action...
[SIM] Nav2 started successfully and action server verified!
[SIM] Starting geofence with method: geofence, params: {}, comm_latency_ms: 0
[SIM] Waiting for geofence (20s)...
[SIM] Geofence started with method: geofence (cmd_vel_guard: False)
[SIM] cmd_vel_guard disabled, starting cmd_vel relay for navigation...
[SIM] Starting cmd_vel relay (cmd_vel_nav → cmd_vel)...
[SIM] cmd_vel relay started
[2026-04-04 09:06:05] [GEOFENCE] Restarting geofence (sigma=0.15, v_max=0.5, tau=0.1, eps=0.003, a_max=2.5)...
[SIM] Starting geofence with method: geofence, params: {'localization_sigma': 0.15, 'v_max': 0.5, 'latency': 0.1, 'epsilon': 0.003, 'a_max': 2.5, 'e_0': 0.03, 'c_1': 0.04, 'enable_estimation_term': True, 'enable_tracking_term': True, 'enable_latency_term': True, 'enable_braking_term': True, 'use_dynamic_v_max': False, 'use_dynamic_tau': False, 'use_dynamic_e_track': False}, comm_latency_ms: 0
[SIM] Waiting for geofence (20s)...
[SIM] Geofence started with method: geofence (cmd_vel_guard: False)
[SIM] cmd_vel_guard disabled, starting cmd_vel relay for navigation...
[SIM] Starting cmd_vel relay (cmd_vel_nav → cmd_vel)...
[SIM] cmd_vel relay started
[2026-04-04 09:06:33] 
Trial 256/370: S1_geofence_safe_far_s15
[2026-04-04 09:06:33]   Goal: (2.00, 0.00)
[2026-04-04 09:06:33]   Safe goal 2m before zone
[2026-04-04 09:06:33] [RESET] Resetting robot pose to origin...
[RESET] Teleporting robot to (0.0, 0.0, θ=0.0)
[RESET] Cancelling any active navigation goals...
[RESET] Stopping robot movement...
[RESET] Waiting for TF to stabilize...
[RESET] AMCL disabled, correcting map→odom TF after teleport...
[RESET] Odom at (-0.00, -0.00, yaw=0.0°), target (0.00, 0.00, yaw=0.0°)
[RESET] TF correction: tx=0.000, ty=-0.000, yaw=-0.0°
[RESET] Static TF republished with yaw correction
[RESET] Robot pose reset complete
[2026-04-04 09:10:03] [GOAL_DEBUG] decision=timeout, reason=Goal timed out after 180s
[2026-04-04 09:10:03]   Result: timeout (FAIL)
[2026-04-04 09:10:03]   Reason: Goal timed out after 180s
[2026-04-04 09:10:03]   Time: 209.7s
[2026-04-04 09:10:03]   Robot moved: False, path_min_dist: 4.00m
[2026-04-04 09:10:03] [HEALTH] Pre-trial restart (every 1 trials, world=empty.sdf)...
[SIM] Stopping all processes...
[CLEANUP] Starting process cleanup...
[CLEANUP] Complete (killed 1 process groups)
[SIM] All processes stopped
[CLEANUP] Starting process cleanup...
[CLEANUP] Complete (killed 0 process groups)
[DEBUG] restart_with_method called: method=geofence, params={}, world=empty.sdf, guard=False
[SIM] Full restart for method: geofence (world: empty.sdf)
[SIM] Stopping all processes...
[CLEANUP] Starting process cleanup...
[CLEANUP] Complete (killed 0 process groups)
[SIM] All processes stopped
[SIM] Starting Gazebo...
[CLEANUP] Starting process cleanup...
[CLEANUP] Complete (killed 0 process groups)
[SIM] gz sim still alive (1 procs), force-killing PGIDs (attempt 1/5)...
[SIM] gz sim still alive (1 procs), force-killing PGIDs (attempt 2/5)...
[SIM] gz sim still alive (1 procs), force-killing PGIDs (attempt 3/5)...
The daemon has been started
The daemon has been started
[SIM] gz sim still alive (1 procs), force-killing PGIDs (attempt 4/5)...
[SIM] gz sim still alive (1 procs), force-killing PGIDs (attempt 5/5)...
[SIM][WARNING] Could not kill all gz sim processes — proceeding anyway
[SIM] Waiting for Gazebo (180s)...
[SIM] Gazebo started successfully
[SIM] robot_state_publisher: running
[SIM] Starting odom relay (odom_real → odom)...
[SIM] Odom relay started
[SIM] Starting scan relay (scan_real → scan)...
[SIM] Scan relay started, verifying /scan topic...
[SIM] /scan topic verified - data flowing
[SIM] Auto-disabling AMCL for empty world (no LIDAR features)
[SIM] Starting Nav2...
[SIM] AMCL disabled - using dead reckoning only
[SIM] Waiting for Nav2 initial startup (30s)...
[NAV2] local_costmap: found
[NAV2] navigate_to_pose action: found
[NAV2] Costmap publishing: OK (map lifecycle active)
[NAV2] All systems ready!
[SIM] Final verification: checking navigate_to_pose action...
[SIM] Nav2 started successfully and action server verified!
[SIM] Starting geofence with method: geofence, params: {}, comm_latency_ms: 0
[SIM] Waiting for geofence (20s)...
[SIM] Geofence started with method: geofence (cmd_vel_guard: False)
[SIM] cmd_vel_guard disabled, starting cmd_vel relay for navigation...
[SIM] Starting cmd_vel relay (cmd_vel_nav → cmd_vel)...
[SIM] cmd_vel relay started
[2026-04-04 09:12:17] [GEOFENCE] Restarting geofence (sigma=0.15, v_max=0.5, tau=0.1, eps=0.003, a_max=2.5)...
[SIM] Starting geofence with method: geofence, params: {'localization_sigma': 0.15, 'v_max': 0.5, 'latency': 0.1, 'epsilon': 0.003, 'a_max': 2.5, 'e_0': 0.03, 'c_1': 0.04, 'enable_estimation_term': True, 'enable_tracking_term': True, 'enable_latency_term': True, 'enable_braking_term': True, 'use_dynamic_v_max': False, 'use_dynamic_tau': False, 'use_dynamic_e_track': False}, comm_latency_ms: 50
[SIM] Waiting for geofence (20s)...
[SIM] Geofence started with method: geofence (cmd_vel_guard: False)
[SIM] cmd_vel_guard disabled, starting cmd_vel relay for navigation...
[SIM] Starting cmd_vel relay (cmd_vel_nav → cmd_vel) (latency=50ms)...
[SIM] cmd_vel relay started (latency=50ms)
[2026-04-04 09:12:45] 
Trial 257/370: S1_geofence_safe_far_s16
[2026-04-04 09:12:45]   Goal: (2.00, 0.00)
[2026-04-04 09:12:45]   Safe goal 2m before zone
[2026-04-04 09:12:45]   Comm latency: 50ms
[2026-04-04 09:12:45] [RESET] Resetting robot pose to origin...
[RESET] Teleporting robot to (0.0, 0.0, θ=0.0)
[RESET] Cancelling any active navigation goals...
[RESET] Stopping robot movement...
[RESET] Waiting for TF to stabilize...
[RESET] AMCL disabled, correcting map→odom TF after teleport...
[RESET] Odom at (-0.00, -0.00, yaw=0.0°), target (0.00, 0.00, yaw=0.0°)
[RESET] TF correction: tx=0.000, ty=-0.000, yaw=-0.0°
[RESET] Static TF republished with yaw correction
[RESET] Robot pose reset complete
[2026-04-04 09:16:18] [GOAL_DEBUG] decision=timeout, reason=Goal timed out after 180s
[2026-04-04 09:16:18]   Result: timeout (FAIL)
[2026-04-04 09:16:18]   Reason: Goal timed out after 180s
[2026-04-04 09:16:18]   Time: 213.2s
[2026-04-04 09:16:18]   Robot moved: False, path_min_dist: 4.00m
[2026-04-04 09:16:18] [HEALTH] Pre-trial restart (every 1 trials, world=empty.sdf)...
[SIM] Stopping all processes...
[CLEANUP] Starting process cleanup...
[CLEANUP] Complete (killed 1 process groups)
[SIM] All processes stopped
[CLEANUP] Starting process cleanup...
[CLEANUP] Complete (killed 0 process groups)
[DEBUG] restart_with_method called: method=geofence, params={}, world=empty.sdf, guard=False
[SIM] Full restart for method: geofence (world: empty.sdf)
[SIM] Stopping all processes...
[CLEANUP] Starting process cleanup...
[CLEANUP] Complete (killed 0 process groups)
[SIM] All processes stopped
[SIM] Starting Gazebo...
[CLEANUP] Starting process cleanup...
[CLEANUP] Complete (killed 0 process groups)
[SIM] gz sim still alive (1 procs), force-killing PGIDs (attempt 1/5)...
[SIM] gz sim still alive (1 procs), force-killing PGIDs (attempt 2/5)...
[SIM] gz sim still alive (1 procs), force-killing PGIDs (attempt 3/5)...
[SIM] gz sim still alive (1 procs), force-killing PGIDs (attempt 4/5)...
[SIM] gz sim still alive (1 procs), force-killing PGIDs (attempt 5/5)...
[SIM][WARNING] Could not kill all gz sim processes — proceeding anyway
[SIM] Waiting for Gazebo (180s)...
[SIM] Gazebo started successfully
[SIM] robot_state_publisher: running
[SIM] Starting odom relay (odom_real → odom)...
[SIM] Odom relay started
[SIM] Starting scan relay (scan_real → scan)...
[SIM] Scan relay started, verifying /scan topic...
[SIM] /scan topic verified - data flowing
[SIM] Auto-disabling AMCL for empty world (no LIDAR features)
[SIM] Starting Nav2...
[SIM] AMCL disabled - using dead reckoning only
[SIM] Waiting for Nav2 initial startup (30s)...
[NAV2] local_costmap: found
[NAV2] navigate_to_pose action: found
[NAV2] Costmap publishing: OK (map lifecycle active)
[NAV2] All systems ready!
[SIM] Final verification: checking navigate_to_pose action...
[SIM] Nav2 started successfully and action server verified!
[SIM] Starting geofence with method: geofence, params: {}, comm_latency_ms: 0
[SIM] Waiting for geofence (20s)...
[SIM] Geofence started with method: geofence (cmd_vel_guard: False)
[SIM] cmd_vel_guard disabled, starting cmd_vel relay for navigation...
[SIM] Starting cmd_vel relay (cmd_vel_nav → cmd_vel)...
[SIM] cmd_vel relay started
[2026-04-04 09:18:32] [GEOFENCE] Restarting geofence (sigma=0.15, v_max=0.5, tau=0.1, eps=0.003, a_max=2.5)...
[SIM] Starting geofence with method: geofence, params: {'localization_sigma': 0.15, 'v_max': 0.5, 'latency': 0.1, 'epsilon': 0.003, 'a_max': 2.5, 'e_0': 0.03, 'c_1': 0.04, 'enable_estimation_term': True, 'enable_tracking_term': True, 'enable_latency_term': True, 'enable_braking_term': True, 'use_dynamic_v_max': False, 'use_dynamic_tau': False, 'use_dynamic_e_track': False}, comm_latency_ms: 100
[SIM] Waiting for geofence (20s)...
[SIM] Geofence started with method: geofence (cmd_vel_guard: False)
[SIM] cmd_vel_guard disabled, starting cmd_vel relay for navigation...
[SIM] Starting cmd_vel relay (cmd_vel_nav → cmd_vel) (latency=100ms)...
[SIM] cmd_vel relay started (latency=100ms)
[2026-04-04 09:19:00] 
Trial 258/370: S1_geofence_safe_far_s17
[2026-04-04 09:19:00]   Goal: (2.00, 0.00)
[2026-04-04 09:19:00]   Safe goal 2m before zone
[2026-04-04 09:19:00]   Comm latency: 100ms
[2026-04-04 09:19:00] [RESET] Resetting robot pose to origin...
[RESET] Teleporting robot to (0.0, 0.0, θ=0.0)
[RESET] Cancelling any active navigation goals...
[RESET] Stopping robot movement...
[RESET] Waiting for TF to stabilize...
[RESET] AMCL disabled, correcting map→odom TF after teleport...
[RESET] Odom at (-0.00, -0.00, yaw=0.0°), target (0.00, 0.00, yaw=0.0°)
[RESET] TF correction: tx=0.000, ty=-0.000, yaw=-0.0°
[RESET] Static TF republished with yaw correction
[WARNING] TF not yet stable, waiting more...
[RESET] Robot pose reset complete
[2026-04-04 09:22:27] [GOAL_DEBUG] decision=timeout, reason=Goal timed out after 180s
[2026-04-04 09:22:27]   Result: timeout (FAIL)
[2026-04-04 09:22:27]   Reason: Goal timed out after 180s
[2026-04-04 09:22:27]   Time: 206.5s
[2026-04-04 09:22:27]   Robot moved: False, path_min_dist: 4.00m
[2026-04-04 09:22:27] [HEALTH] Pre-trial restart (every 1 trials, world=empty.sdf)...
[SIM] Stopping all processes...
[CLEANUP] Starting process cleanup...
[CLEANUP] Complete (killed 1 process groups)
[SIM] All processes stopped
[CLEANUP] Starting process cleanup...
[CLEANUP] Complete (killed 0 process groups)
[DEBUG] restart_with_method called: method=geofence, params={}, world=empty.sdf, guard=False
[SIM] Full restart for method: geofence (world: empty.sdf)
[SIM] Stopping all processes...
[CLEANUP] Starting process cleanup...
[CLEANUP] Complete (killed 0 process groups)
[SIM] All processes stopped
[SIM] Starting Gazebo...
[CLEANUP] Starting process cleanup...
[CLEANUP] Complete (killed 0 process groups)
[SIM] gz sim still alive (1 procs), force-killing PGIDs (attempt 1/5)...
[SIM] gz sim still alive (1 procs), force-killing PGIDs (attempt 2/5)...
[SIM] gz sim still alive (1 procs), force-killing PGIDs (attempt 3/5)...
The daemon has been started
The daemon has been started
[SIM] gz sim still alive (1 procs), force-killing PGIDs (attempt 4/5)...
[SIM] gz sim still alive (1 procs), force-killing PGIDs (attempt 5/5)...
[SIM][WARNING] Could not kill all gz sim processes — proceeding anyway
[SIM] Waiting for Gazebo (180s)...
[SIM] Gazebo started successfully
[SIM] robot_state_publisher: running
[SIM] Starting odom relay (odom_real → odom)...
[SIM] Odom relay started
[SIM] Starting scan relay (scan_real → scan)...
[SIM] Scan relay started, verifying /scan topic...
[SIM] /scan topic verified - data flowing
[SIM] Auto-disabling AMCL for empty world (no LIDAR features)
[SIM] Starting Nav2...
[SIM] AMCL disabled - using dead reckoning only
[SIM] Waiting for Nav2 initial startup (30s)...
[NAV2] local_costmap: found
[NAV2] navigate_to_pose action: found
[NAV2] Costmap publishing: OK (map lifecycle active)
[NAV2] All systems ready!
[SIM] Final verification: checking navigate_to_pose action...
[SIM] Nav2 started successfully and action server verified!
[SIM] Starting geofence with method: geofence, params: {}, comm_latency_ms: 0
[SIM] Waiting for geofence (20s)...
[SIM] Geofence started with method: geofence (cmd_vel_guard: False)
[SIM] cmd_vel_guard disabled, starting cmd_vel relay for navigation...
[SIM] Starting cmd_vel relay (cmd_vel_nav → cmd_vel)...
[SIM] cmd_vel relay started
[2026-04-04 09:24:41] [GEOFENCE] Restarting geofence (sigma=0.15, v_max=0.5, tau=0.1, eps=0.003, a_max=2.5)...
[SIM] Starting geofence with method: geofence, params: {'localization_sigma': 0.15, 'v_max': 0.5, 'latency': 0.1, 'epsilon': 0.003, 'a_max': 2.5, 'e_0': 0.03, 'c_1': 0.04, 'enable_estimation_term': True, 'enable_tracking_term': True, 'enable_latency_term': True, 'enable_braking_term': True, 'use_dynamic_v_max': False, 'use_dynamic_tau': False, 'use_dynamic_e_track': False}, comm_latency_ms: 0
[SIM] Waiting for geofence (20s)...
[SIM] Geofence started with method: geofence (cmd_vel_guard: False)
[SIM] cmd_vel_guard disabled, starting cmd_vel relay for navigation...
[SIM] Starting cmd_vel relay (cmd_vel_nav → cmd_vel)...
[SIM] cmd_vel relay started
[2026-04-04 09:25:09] 
Trial 259/370: S1_geofence_safe_far_s18
[2026-04-04 09:25:09]   Goal: (2.00, 0.00)
[2026-04-04 09:25:09]   Safe goal 2m before zone
[2026-04-04 09:25:09] [RESET] Resetting robot pose to origin...
[RESET] Teleporting robot to (0.0, 0.0, θ=0.0)
[RESET] Cancelling any active navigation goals...
[RESET] Stopping robot movement...
[RESET] Waiting for TF to stabilize...
[RESET] AMCL disabled, correcting map→odom TF after teleport...
[RESET] Odom at (-0.00, -0.00, yaw=0.0°), target (0.00, 0.00, yaw=0.0°)
[RESET] TF correction: tx=0.000, ty=-0.000, yaw=-0.0°
[RESET] Static TF republished with yaw correction
[RESET] Robot pose reset complete
[2026-04-04 09:28:34] [GOAL_DEBUG] decision=timeout, reason=Goal timed out after 180s
[2026-04-04 09:28:34]   Result: timeout (FAIL)
[2026-04-04 09:28:34]   Reason: Goal timed out after 180s
[2026-04-04 09:28:34]   Time: 205.0s
[2026-04-04 09:28:34]   Robot moved: False, path_min_dist: 4.00m
[2026-04-04 09:28:34] [HEALTH] Pre-trial restart (every 1 trials, world=empty.sdf)...
[SIM] Stopping all processes...
[CLEANUP] Starting process cleanup...
[CLEANUP] Complete (killed 1 process groups)
[SIM] All processes stopped
[CLEANUP] Starting process cleanup...
[CLEANUP] Complete (killed 0 process groups)
[DEBUG] restart_with_method called: method=geofence, params={}, world=empty.sdf, guard=False
[SIM] Full restart for method: geofence (world: empty.sdf)
[SIM] Stopping all processes...
[CLEANUP] Starting process cleanup...
[CLEANUP] Complete (killed 0 process groups)
[SIM] All processes stopped
[SIM] Starting Gazebo...
[CLEANUP] Starting process cleanup...
[CLEANUP] Complete (killed 0 process groups)
[SIM] gz sim still alive (1 procs), force-killing PGIDs (attempt 1/5)...
[SIM] gz sim still alive (1 procs), force-killing PGIDs (attempt 2/5)...
[SIM] gz sim still alive (1 procs), force-killing PGIDs (attempt 3/5)...
[SIM] gz sim still alive (1 procs), force-killing PGIDs (attempt 4/5)...
[SIM] gz sim still alive (1 procs), force-killing PGIDs (attempt 5/5)...
[SIM][WARNING] Could not kill all gz sim processes — proceeding anyway
[SIM] Waiting for Gazebo (180s)...
[SIM] Gazebo started successfully
[SIM] robot_state_publisher: running
[SIM] Starting odom relay (odom_real → odom)...
[SIM] Odom relay started
[SIM] Starting scan relay (scan_real → scan)...
[SIM] Scan relay started, verifying /scan topic...
[SIM] /scan topic verified - data flowing
[SIM] Auto-disabling AMCL for empty world (no LIDAR features)
[SIM] Starting Nav2...
[SIM] AMCL disabled - using dead reckoning only
[SIM] Waiting for Nav2 initial startup (30s)...
[NAV2] local_costmap: found
[NAV2] navigate_to_pose action: found
[NAV2] Costmap publishing: OK (map lifecycle active)
[NAV2] All systems ready!
[SIM] Final verification: checking navigate_to_pose action...
[SIM] Nav2 started successfully and action server verified!
[SIM] Starting geofence with method: geofence, params: {}, comm_latency_ms: 0
[SIM] Waiting for geofence (20s)...
[SIM] Geofence started with method: geofence (cmd_vel_guard: False)
[SIM] cmd_vel_guard disabled, starting cmd_vel relay for navigation...
[SIM] Starting cmd_vel relay (cmd_vel_nav → cmd_vel)...
[SIM] cmd_vel relay started
[2026-04-04 09:30:49] [GEOFENCE] Restarting geofence (sigma=0.15, v_max=0.5, tau=0.1, eps=0.003, a_max=2.5)...
[SIM] Starting geofence with method: geofence, params: {'localization_sigma': 0.15, 'v_max': 0.5, 'latency': 0.1, 'epsilon': 0.003, 'a_max': 2.5, 'e_0': 0.03, 'c_1': 0.04, 'enable_estimation_term': True, 'enable_tracking_term': True, 'enable_latency_term': True, 'enable_braking_term': True, 'use_dynamic_v_max': False, 'use_dynamic_tau': False, 'use_dynamic_e_track': False}, comm_latency_ms: 50
[SIM] Waiting for geofence (20s)...
[SIM] Geofence started with method: geofence (cmd_vel_guard: False)
[SIM] cmd_vel_guard disabled, starting cmd_vel relay for navigation...
[SIM] Starting cmd_vel relay (cmd_vel_nav → cmd_vel) (latency=50ms)...
[SIM] cmd_vel relay started (latency=50ms)
[2026-04-04 09:31:17] 
Trial 260/370: S1_geofence_safe_far_s19
[2026-04-04 09:31:17]   Goal: (2.00, 0.00)
[2026-04-04 09:31:17]   Safe goal 2m before zone
[2026-04-04 09:31:17]   Comm latency: 50ms
[2026-04-04 09:31:17] [RESET] Resetting robot pose to origin...
[RESET] Teleporting robot to (0.0, 0.0, θ=0.0)
[RESET] Cancelling any active navigation goals...
[RESET] Stopping robot movement...
[RESET] Waiting for TF to stabilize...
[RESET] AMCL disabled, correcting map→odom TF after teleport...
[RESET] Odom at (-0.00, -0.00, yaw=0.0°), target (0.00, 0.00, yaw=0.0°)
[RESET] TF correction: tx=0.000, ty=-0.000, yaw=-0.0°
[RESET] Static TF republished with yaw correction
[RESET] Robot pose reset complete
[2026-04-04 09:34:48] [GOAL_DEBUG] decision=timeout, reason=Goal timed out after 180s
[2026-04-04 09:34:48]   Result: timeout (FAIL)
[2026-04-04 09:34:48]   Reason: Goal timed out after 180s
[2026-04-04 09:34:48]   Time: 210.6s
[2026-04-04 09:34:48]   Robot moved: False, path_min_dist: 4.00m
[CHECKPOINT] Saved at trial 260/160
[2026-04-04 09:34:48] [SCENARIO] Changed from S1 to S3, recovering Nav2...
[RECOVER] Attempting Nav2 recovery...
[SIM] Auto-disabling AMCL for empty world (no LIDAR features)
[SIM] Starting Nav2...
[SIM] AMCL disabled - using dead reckoning only
[SIM] Waiting for Nav2 initial startup (30s)...
[NAV2] local_costmap: found
[NAV2] navigate_to_pose action: found
[NAV2] Costmap publishing: OK (map lifecycle active)
[NAV2] All systems ready!
[SIM] Final verification: checking navigate_to_pose action...
[SIM] Nav2 started successfully and action server verified!
[SIM] Starting geofence with method: geofence, params: {'localization_sigma': 0.15, 'v_max': 0.5, 'latency': 0.1, 'epsilon': 0.003, 'a_max': 2.5, 'e_0': 0.03, 'c_1': 0.04, 'enable_estimation_term': True, 'enable_tracking_term': True, 'enable_latency_term': True, 'enable_braking_term': True, 'use_dynamic_v_max': False, 'use_dynamic_tau': False, 'use_dynamic_e_track': False}, comm_latency_ms: 0
[SIM] Waiting for geofence (20s)...
The daemon has been started
The daemon has been started
[SIM] Geofence started with method: geofence (cmd_vel_guard: False)
[SIM] cmd_vel_guard disabled, starting cmd_vel relay for navigation...
[SIM] Starting cmd_vel relay (cmd_vel_nav → cmd_vel)...
[SIM] cmd_vel relay started
[RECOVER] Nav2 recovery successful
[2026-04-04 09:35:55] [HEALTH] Pre-trial restart (every 1 trials, world=empty.sdf)...
[SIM] Stopping all processes...
[CLEANUP] Starting process cleanup...
[CLEANUP] Complete (killed 1 process groups)
[SIM] All processes stopped
[CLEANUP] Starting process cleanup...
[CLEANUP] Complete (killed 0 process groups)
[DEBUG] restart_with_method called: method=geofence, params={}, world=empty.sdf, guard=False
[SIM] Full restart for method: geofence (world: empty.sdf)
[SIM] Stopping all processes...
[CLEANUP] Starting process cleanup...
[CLEANUP] Complete (killed 0 process groups)
[SIM] All processes stopped
[SIM] Starting Gazebo...
[CLEANUP] Starting process cleanup...
[CLEANUP] Complete (killed 0 process groups)
[SIM] gz sim still alive (1 procs), force-killing PGIDs (attempt 1/5)...
[SIM] gz sim still alive (1 procs), force-killing PGIDs (attempt 2/5)...
[SIM] gz sim still alive (1 procs), force-killing PGIDs (attempt 3/5)...
[SIM] gz sim still alive (1 procs), force-killing PGIDs (attempt 4/5)...
[SIM] gz sim still alive (1 procs), force-killing PGIDs (attempt 5/5)...
[SIM][WARNING] Could not kill all gz sim processes — proceeding anyway
[SIM] Waiting for Gazebo (180s)...
[SIM] Gazebo started successfully
[SIM] robot_state_publisher: running
[SIM] Starting odom relay (odom_real → odom)...
[SIM] Odom relay started
[SIM] Starting scan relay (scan_real → scan)...
[SIM] Scan relay started, verifying /scan topic...
[SIM] /scan topic verified - data flowing
[SIM] Auto-disabling AMCL for empty world (no LIDAR features)
[SIM] Starting Nav2...
[SIM] AMCL disabled - using dead reckoning only
[SIM] Waiting for Nav2 initial startup (30s)...
[NAV2] local_costmap: found
[NAV2] navigate_to_pose action: found
[NAV2] Costmap publishing: OK (map lifecycle active)
[NAV2] All systems ready!
[SIM] Final verification: checking navigate_to_pose action...
[SIM] Nav2 started successfully and action server verified!
[SIM] Starting geofence with method: geofence, params: {}, comm_latency_ms: 0
[SIM] Waiting for geofence (20s)...
[SIM] Geofence started with method: geofence (cmd_vel_guard: False)
[SIM] cmd_vel_guard disabled, starting cmd_vel relay for navigation...
[SIM] Starting cmd_vel relay (cmd_vel_nav → cmd_vel)...
[SIM] cmd_vel relay started
[2026-04-04 09:38:09] [GEOFENCE] Restarting geofence (sigma=0.15, v_max=0.5, tau=0.1, eps=0.003, a_max=2.5)...
[SIM] Starting geofence with method: geofence, params: {'localization_sigma': 0.15, 'v_max': 0.5, 'latency': 0.1, 'epsilon': 0.003, 'a_max': 2.5, 'e_0': 0.03, 'c_1': 0.04, 'enable_estimation_term': True, 'enable_tracking_term': True, 'enable_latency_term': True, 'enable_braking_term': True, 'use_dynamic_v_max': False, 'use_dynamic_tau': False, 'use_dynamic_e_track': False}, comm_latency_ms: 50
[SIM] Waiting for geofence (20s)...
[SIM] Geofence started with method: geofence (cmd_vel_guard: False)
[SIM] cmd_vel_guard disabled, starting cmd_vel relay for navigation...
[SIM] Starting cmd_vel relay (cmd_vel_nav → cmd_vel) (latency=50ms)...
[SIM] cmd_vel relay started (latency=50ms)
[2026-04-04 09:38:37] 
Trial 261/370: S3_geofence_before_zone_s10
[2026-04-04 09:38:37]   Goal: (3.00, 0.00)
[2026-04-04 09:38:37]   Goal before zone - safe path
[2026-04-04 09:38:37]   Comm latency: 50ms
[2026-04-04 09:38:37] [RESET] Resetting robot pose to origin...
[RESET] Teleporting robot to (0.0, 0.0, θ=0.0)
[RESET] Cancelling any active navigation goals...
[RESET] Stopping robot movement...
[RESET] Waiting for TF to stabilize...
[RESET] AMCL disabled, correcting map→odom TF after teleport...
[RESET] Odom at (-0.00, -0.00, yaw=0.0°), target (0.00, 0.00, yaw=0.0°)
[RESET] TF correction: tx=0.000, ty=-0.000, yaw=-0.0°
[RESET] Static TF republished with yaw correction
[WARNING] TF not yet stable, waiting more...
[RESET] Robot pose reset complete
[2026-04-04 09:41:59] [GOAL_DEBUG] decision=timeout, reason=Goal timed out after 180s
[2026-04-04 09:41:59]   Result: timeout (FAIL)
[2026-04-04 09:41:59]   Reason: Goal timed out after 180s
[2026-04-04 09:41:59]   Time: 201.9s
[2026-04-04 09:41:59]   Robot moved: False, path_min_dist: 4.00m
[2026-04-04 09:41:59] [HEALTH] Periodic health check...
[2026-04-04 09:41:59] [HEALTH] Load: 6.4, Memory: 17.6%
[NAV2] local_costmap: found
[NAV2] navigate_to_pose action: found
[2026-04-04 09:42:00] [HEALTH] Pre-trial restart (every 1 trials, world=empty.sdf)...
[SIM] Stopping all processes...
[CLEANUP] Starting process cleanup...
[CLEANUP] Complete (killed 1 process groups)
[SIM] All processes stopped
[CLEANUP] Starting process cleanup...
[CLEANUP] Complete (killed 0 process groups)
[DEBUG] restart_with_method called: method=geofence, params={}, world=empty.sdf, guard=False
[SIM] Full restart for method: geofence (world: empty.sdf)
[SIM] Stopping all processes...
[CLEANUP] Starting process cleanup...
[CLEANUP] Complete (killed 0 process groups)
[SIM] All processes stopped
[SIM] Starting Gazebo...
[CLEANUP] Starting process cleanup...
[CLEANUP] Complete (killed 0 process groups)
[SIM] gz sim still alive (1 procs), force-killing PGIDs (attempt 1/5)...
[SIM] gz sim still alive (1 procs), force-killing PGIDs (attempt 2/5)...
[SIM] gz sim still alive (1 procs), force-killing PGIDs (attempt 3/5)...
[SIM] gz sim still alive (1 procs), force-killing PGIDs (attempt 4/5)...
[SIM] gz sim still alive (1 procs), force-killing PGIDs (attempt 5/5)...
[SIM][WARNING] Could not kill all gz sim processes — proceeding anyway
[SIM] Waiting for Gazebo (180s)...
[SIM] Gazebo started successfully
[SIM] robot_state_publisher: running
[SIM] Starting odom relay (odom_real → odom)...
[SIM] Odom relay started
[SIM] Starting scan relay (scan_real → scan)...
[SIM] Scan relay started, verifying /scan topic...
[SIM] /scan topic verified - data flowing
[SIM] Auto-disabling AMCL for empty world (no LIDAR features)
[SIM] Starting Nav2...
[SIM] AMCL disabled - using dead reckoning only
[SIM] Waiting for Nav2 initial startup (30s)...
[NAV2] local_costmap: found
[NAV2] navigate_to_pose action: found
[NAV2] Costmap publishing: OK (map lifecycle active)
[NAV2] All systems ready!
[SIM] Final verification: checking navigate_to_pose action...
[SIM] Nav2 started successfully and action server verified!
[SIM] Starting geofence with method: geofence, params: {}, comm_latency_ms: 0
[SIM] Waiting for geofence (20s)...
[SIM] Geofence started with method: geofence (cmd_vel_guard: False)
[SIM] cmd_vel_guard disabled, starting cmd_vel relay for navigation...
[SIM] Starting cmd_vel relay (cmd_vel_nav → cmd_vel)...
[SIM] cmd_vel relay started
[2026-04-04 09:44:14] [GEOFENCE] Restarting geofence (sigma=0.15, v_max=0.5, tau=0.1, eps=0.003, a_max=2.5)...
[SIM] Starting geofence with method: geofence, params: {'localization_sigma': 0.15, 'v_max': 0.5, 'latency': 0.1, 'epsilon': 0.003, 'a_max': 2.5, 'e_0': 0.03, 'c_1': 0.04, 'enable_estimation_term': True, 'enable_tracking_term': True, 'enable_latency_term': True, 'enable_braking_term': True, 'use_dynamic_v_max': False, 'use_dynamic_tau': False, 'use_dynamic_e_track': False}, comm_latency_ms: 100
[SIM] Waiting for geofence (20s)...
[SIM] Geofence started with method: geofence (cmd_vel_guard: False)
[SIM] cmd_vel_guard disabled, starting cmd_vel relay for navigation...
[SIM] Starting cmd_vel relay (cmd_vel_nav → cmd_vel) (latency=100ms)...
[SIM] cmd_vel relay started (latency=100ms)
[2026-04-04 09:44:42] 
Trial 262/370: S3_geofence_before_zone_s11
[2026-04-04 09:44:42]   Goal: (3.00, 0.00)
[2026-04-04 09:44:42]   Goal before zone - safe path
[2026-04-04 09:44:42]   Comm latency: 100ms
[2026-04-04 09:44:42] [RESET] Resetting robot pose to origin...
[RESET] Teleporting robot to (0.0, 0.0, θ=0.0)
[RESET] Cancelling any active navigation goals...
[RESET] Stopping robot movement...
[RESET] Waiting for TF to stabilize...
[RESET] AMCL disabled, correcting map→odom TF after teleport...
The daemon has been started
The daemon has been started
[RESET] Odom at (-0.00, -0.00, yaw=0.0°), target (0.00, 0.00, yaw=0.0°)
[RESET] TF correction: tx=0.000, ty=-0.000, yaw=-0.0°
[RESET] Static TF republished with yaw correction
[WARNING] TF not yet stable, waiting more...
[RESET] Robot pose reset complete
[2026-04-04 09:48:18] [GOAL_DEBUG] decision=timeout, reason=Goal timed out after 180s
[2026-04-04 09:48:18]   Result: timeout (FAIL)
[2026-04-04 09:48:18]   Reason: Goal timed out after 180s
[2026-04-04 09:48:18]   Time: 216.2s
[2026-04-04 09:48:18]   Robot moved: False, path_min_dist: 4.00m
[2026-04-04 09:48:18] [HEALTH] Pre-trial restart (every 1 trials, world=empty.sdf)...
[SIM] Stopping all processes...
[CLEANUP] Starting process cleanup...
[CLEANUP] Complete (killed 1 process groups)
[SIM] All processes stopped
[CLEANUP] Starting process cleanup...
[CLEANUP] Complete (killed 0 process groups)
[DEBUG] restart_with_method called: method=geofence, params={}, world=empty.sdf, guard=False
[SIM] Full restart for method: geofence (world: empty.sdf)
[SIM] Stopping all processes...
[CLEANUP] Starting process cleanup...
[CLEANUP] Complete (killed 0 process groups)
[SIM] All processes stopped
[SIM] Starting Gazebo...
[CLEANUP] Starting process cleanup...
[CLEANUP] Complete (killed 0 process groups)
[SIM] gz sim still alive (1 procs), force-killing PGIDs (attempt 1/5)...
[SIM] gz sim still alive (1 procs), force-killing PGIDs (attempt 2/5)...
[SIM] gz sim still alive (1 procs), force-killing PGIDs (attempt 3/5)...
[SIM] gz sim still alive (1 procs), force-killing PGIDs (attempt 4/5)...
[SIM] gz sim still alive (1 procs), force-killing PGIDs (attempt 5/5)...
[SIM][WARNING] Could not kill all gz sim processes — proceeding anyway
[SIM] Waiting for Gazebo (180s)...
[SIM] Gazebo started successfully
[SIM] robot_state_publisher: running
[SIM] Starting odom relay (odom_real → odom)...
[SIM] Odom relay started
[SIM] Starting scan relay (scan_real → scan)...
[SIM] Scan relay started, verifying /scan topic...
[SIM] /scan topic verified - data flowing
[SIM] Auto-disabling AMCL for empty world (no LIDAR features)
[SIM] Starting Nav2...
[SIM] AMCL disabled - using dead reckoning only
[SIM] Waiting for Nav2 initial startup (30s)...
[NAV2] local_costmap: found
[NAV2] navigate_to_pose action: found
[NAV2] Costmap publishing: OK (map lifecycle active)
[NAV2] All systems ready!
[SIM] Final verification: checking navigate_to_pose action...
[SIM] Nav2 started successfully and action server verified!
[SIM] Starting geofence with method: geofence, params: {}, comm_latency_ms: 0
[SIM] Waiting for geofence (20s)...
[SIM] Geofence started with method: geofence (cmd_vel_guard: False)
[SIM] cmd_vel_guard disabled, starting cmd_vel relay for navigation...
[SIM] Starting cmd_vel relay (cmd_vel_nav → cmd_vel)...
[SIM] cmd_vel relay started
[2026-04-04 09:50:32] [GEOFENCE] Restarting geofence (sigma=0.15, v_max=0.5, tau=0.1, eps=0.003, a_max=2.5)...
[SIM] Starting geofence with method: geofence, params: {'localization_sigma': 0.15, 'v_max': 0.5, 'latency': 0.1, 'epsilon': 0.003, 'a_max': 2.5, 'e_0': 0.03, 'c_1': 0.04, 'enable_estimation_term': True, 'enable_tracking_term': True, 'enable_latency_term': True, 'enable_braking_term': True, 'use_dynamic_v_max': False, 'use_dynamic_tau': False, 'use_dynamic_e_track': False}, comm_latency_ms: 0
[SIM] Waiting for geofence (20s)...
[SIM] Geofence started with method: geofence (cmd_vel_guard: False)
[SIM] cmd_vel_guard disabled, starting cmd_vel relay for navigation...
[SIM] Starting cmd_vel relay (cmd_vel_nav → cmd_vel)...
[SIM] cmd_vel relay started
[2026-04-04 09:51:00] 
Trial 263/370: S3_geofence_before_zone_s12
[2026-04-04 09:51:00]   Goal: (3.00, 0.00)
[2026-04-04 09:51:00]   Goal before zone - safe path
[2026-04-04 09:51:00] [RESET] Resetting robot pose to origin...
[RESET] Teleporting robot to (0.0, 0.0, θ=0.0)
[RESET] Cancelling any active navigation goals...
[RESET] Stopping robot movement...
[RESET] Waiting for TF to stabilize...
[RESET] AMCL disabled, correcting map→odom TF after teleport...
[RESET] Odom at (-0.00, -0.00, yaw=0.0°), target (0.00, 0.00, yaw=0.0°)
[RESET] TF correction: tx=0.000, ty=-0.000, yaw=-0.0°
[RESET] Static TF republished with yaw correction
[RESET] Robot pose reset complete
[2026-04-04 09:54:19] [GOAL_DEBUG] decision=timeout, reason=Goal timed out after 180s
[2026-04-04 09:54:19]   Result: timeout (FAIL)
[2026-04-04 09:54:19]   Reason: Goal timed out after 180s
[2026-04-04 09:54:19]   Time: 199.2s
[2026-04-04 09:54:19]   Robot moved: False, path_min_dist: 4.00m
[2026-04-04 09:54:19] [HEALTH] Pre-trial restart (every 1 trials, world=empty.sdf)...
[SIM] Stopping all processes...
[CLEANUP] Starting process cleanup...
[CLEANUP] Complete (killed 1 process groups)
[SIM] All processes stopped
[CLEANUP] Starting process cleanup...
[CLEANUP] Complete (killed 0 process groups)
[DEBUG] restart_with_method called: method=geofence, params={}, world=empty.sdf, guard=False
[SIM] Full restart for method: geofence (world: empty.sdf)
[SIM] Stopping all processes...
[CLEANUP] Starting process cleanup...
[CLEANUP] Complete (killed 0 process groups)
[SIM] All processes stopped
[SIM] Starting Gazebo...
[CLEANUP] Starting process cleanup...
[CLEANUP] Complete (killed 0 process groups)
[SIM] gz sim still alive (1 procs), force-killing PGIDs (attempt 1/5)...
[SIM] gz sim still alive (1 procs), force-killing PGIDs (attempt 2/5)...
[SIM] gz sim still alive (1 procs), force-killing PGIDs (attempt 3/5)...
[SIM] gz sim still alive (1 procs), force-killing PGIDs (attempt 4/5)...
[SIM] gz sim still alive (1 procs), force-killing PGIDs (attempt 5/5)...
[SIM][WARNING] Could not kill all gz sim processes — proceeding anyway
[SIM] Waiting for Gazebo (180s)...
[SIM] Gazebo started successfully
[SIM] robot_state_publisher: running
[SIM] Starting odom relay (odom_real → odom)...
[SIM] Odom relay started
[SIM] Starting scan relay (scan_real → scan)...
[SIM] Scan relay started, verifying /scan topic...
[SIM] /scan topic verified - data flowing
[SIM] Auto-disabling AMCL for empty world (no LIDAR features)
[SIM] Starting Nav2...
[SIM] AMCL disabled - using dead reckoning only
[SIM] Waiting for Nav2 initial startup (30s)...
[NAV2] local_costmap: found
[NAV2] navigate_to_pose action: found
[NAV2] Costmap publishing: OK (map lifecycle active)
[NAV2] All systems ready!
[SIM] Final verification: checking navigate_to_pose action...
[SIM] Nav2 started successfully and action server verified!
[SIM] Starting geofence with method: geofence, params: {}, comm_latency_ms: 0
[SIM] Waiting for geofence (20s)...
[SIM] Geofence started with method: geofence (cmd_vel_guard: False)
[SIM] cmd_vel_guard disabled, starting cmd_vel relay for navigation...
[SIM] Starting cmd_vel relay (cmd_vel_nav → cmd_vel)...
[SIM] cmd_vel relay started
[2026-04-04 09:56:33] [GEOFENCE] Restarting geofence (sigma=0.15, v_max=0.5, tau=0.1, eps=0.003, a_max=2.5)...
[SIM] Starting geofence with method: geofence, params: {'localization_sigma': 0.15, 'v_max': 0.5, 'latency': 0.1, 'epsilon': 0.003, 'a_max': 2.5, 'e_0': 0.03, 'c_1': 0.04, 'enable_estimation_term': True, 'enable_tracking_term': True, 'enable_latency_term': True, 'enable_braking_term': True, 'use_dynamic_v_max': False, 'use_dynamic_tau': False, 'use_dynamic_e_track': False}, comm_latency_ms: 50
[SIM] Waiting for geofence (20s)...
[SIM] Geofence started with method: geofence (cmd_vel_guard: False)
[SIM] cmd_vel_guard disabled, starting cmd_vel relay for navigation...
[SIM] Starting cmd_vel relay (cmd_vel_nav → cmd_vel) (latency=50ms)...
[SIM] cmd_vel relay started (latency=50ms)
[2026-04-04 09:57:01] 
Trial 264/370: S3_geofence_before_zone_s13
[2026-04-04 09:57:01]   Goal: (3.00, 0.00)
[2026-04-04 09:57:01]   Goal before zone - safe path
[2026-04-04 09:57:01]   Comm latency: 50ms
[2026-04-04 09:57:01] [RESET] Resetting robot pose to origin...
[RESET] Teleporting robot to (0.0, 0.0, θ=0.0)
[RESET] Cancelling any active navigation goals...
[RESET] Stopping robot movement...
[RESET] Waiting for TF to stabilize...
[RESET] AMCL disabled, correcting map→odom TF after teleport...
The daemon has been started
The daemon has been started
[RESET] Odom at (-0.00, -0.00, yaw=0.0°), target (0.00, 0.00, yaw=0.0°)
[RESET] TF correction: tx=0.000, ty=-0.000, yaw=-0.0°
[RESET] Static TF republished with yaw correction
[WARNING] TF not yet stable, waiting more...
[RESET] Robot pose reset complete
[2026-04-04 10:00:36] [GOAL_DEBUG] decision=timeout, reason=Goal timed out after 180s
[2026-04-04 10:00:36]   Result: timeout (FAIL)
[2026-04-04 10:00:36]   Reason: Goal timed out after 180s
[2026-04-04 10:00:36]   Time: 214.2s
[2026-04-04 10:00:36]   Robot moved: False, path_min_dist: 4.00m
[2026-04-04 10:00:36] [HEALTH] Pre-trial restart (every 1 trials, world=empty.sdf)...
[SIM] Stopping all processes...
[CLEANUP] Starting process cleanup...
[CLEANUP] Complete (killed 1 process groups)
[SIM] All processes stopped
[CLEANUP] Starting process cleanup...
[CLEANUP] Complete (killed 0 process groups)
[DEBUG] restart_with_method called: method=geofence, params={}, world=empty.sdf, guard=False
[SIM] Full restart for method: geofence (world: empty.sdf)
[SIM] Stopping all processes...
[CLEANUP] Starting process cleanup...
[CLEANUP] Complete (killed 0 process groups)
[SIM] All processes stopped
[SIM] Starting Gazebo...
[CLEANUP] Starting process cleanup...
[CLEANUP] Complete (killed 0 process groups)
[SIM] gz sim still alive (1 procs), force-killing PGIDs (attempt 1/5)...
[SIM] gz sim still alive (1 procs), force-killing PGIDs (attempt 2/5)...
[SIM] gz sim still alive (1 procs), force-killing PGIDs (attempt 3/5)...
[SIM] gz sim still alive (1 procs), force-killing PGIDs (attempt 4/5)...
[SIM] gz sim still alive (1 procs), force-killing PGIDs (attempt 5/5)...
[SIM][WARNING] Could not kill all gz sim processes — proceeding anyway
[SIM] Waiting for Gazebo (180s)...
[SIM] Gazebo started successfully
[SIM] robot_state_publisher: running
[SIM] Starting odom relay (odom_real → odom)...
[SIM] Odom relay started
[SIM] Starting scan relay (scan_real → scan)...
[SIM] Scan relay started, verifying /scan topic...
[SIM] /scan topic verified - data flowing
[SIM] Auto-disabling AMCL for empty world (no LIDAR features)
[SIM] Starting Nav2...
[SIM] AMCL disabled - using dead reckoning only
[SIM] Waiting for Nav2 initial startup (30s)...
[NAV2] local_costmap: found
[NAV2] navigate_to_pose action: NOT found
[NAV2] Waiting for Nav2 to be ready... (23s)
[NAV2] Waiting for Nav2 to be ready... (29s)
[NAV2] Waiting for Nav2 to be ready... (35s)
[NAV2] Waiting for Nav2 to be ready... (41s)
[NAV2] Waiting for Nav2 to be ready... (46s)
[NAV2] Waiting for Nav2 to be ready... (52s)
[NAV2] Waiting for Nav2 to be ready... (58s)
[NAV2] Timeout waiting for Nav2 to be ready
[NAV2] Auto-activation timed out, trying manual lifecycle activation...
[NAV2] /bt_navigator lifecycle not active: unconfigured [1]
[NAV2] Functional verification attempt 1/2 failed, retrying in 5s...
[NAV2] /bt_navigator lifecycle not active: unconfigured [1]
[NAV2] Attempting manual lifecycle activation...
[NAV2] /bt_navigator is unconfigured, attempting configure...
[NAV2] /bt_navigator attempting activate...
[NAV2] /bt_navigator manually activated successfully
[NAV2] Manual lifecycle activation successful, action server responding
[NAV2] Manual activation succeeded!
[SIM] Final verification: checking navigate_to_pose action...
[SIM] Nav2 started successfully and action server verified!
[SIM] Starting geofence with method: geofence, params: {}, comm_latency_ms: 0
[SIM] Waiting for geofence (20s)...
[SIM] Geofence started with method: geofence (cmd_vel_guard: False)
[SIM] cmd_vel_guard disabled, starting cmd_vel relay for navigation...
[SIM] Starting cmd_vel relay (cmd_vel_nav → cmd_vel)...
[SIM] cmd_vel relay started
[2026-04-04 10:04:18] [GEOFENCE] Restarting geofence (sigma=0.15, v_max=0.5, tau=0.1, eps=0.003, a_max=2.5)...
[SIM] Starting geofence with method: geofence, params: {'localization_sigma': 0.15, 'v_max': 0.5, 'latency': 0.1, 'epsilon': 0.003, 'a_max': 2.5, 'e_0': 0.03, 'c_1': 0.04, 'enable_estimation_term': True, 'enable_tracking_term': True, 'enable_latency_term': True, 'enable_braking_term': True, 'use_dynamic_v_max': False, 'use_dynamic_tau': False, 'use_dynamic_e_track': False}, comm_latency_ms: 100
[SIM] Waiting for geofence (20s)...
[SIM] Geofence started with method: geofence (cmd_vel_guard: False)
[SIM] cmd_vel_guard disabled, starting cmd_vel relay for navigation...
[SIM] Starting cmd_vel relay (cmd_vel_nav → cmd_vel) (latency=100ms)...
[SIM] cmd_vel relay started (latency=100ms)
[2026-04-04 10:04:46] 
Trial 265/370: S3_geofence_before_zone_s14
[2026-04-04 10:04:46]   Goal: (3.00, 0.00)
[2026-04-04 10:04:46]   Goal before zone - safe path
[2026-04-04 10:04:46]   Comm latency: 100ms
[2026-04-04 10:04:46] [RESET] Resetting robot pose to origin...
[RESET] Teleporting robot to (0.0, 0.0, θ=0.0)
[RESET] Cancelling any active navigation goals...
[RESET] Stopping robot movement...
[RESET] Waiting for TF to stabilize...
[RESET] AMCL disabled, correcting map→odom TF after teleport...
[RESET] Odom at (-0.00, -0.00, yaw=0.0°), target (0.00, 0.00, yaw=0.0°)
[RESET] TF correction: tx=0.000, ty=-0.000, yaw=-0.0°
[RESET] Static TF republished with yaw correction
[RESET] Robot pose reset complete
[2026-04-04 10:08:19] [GOAL_DEBUG] decision=timeout, reason=Goal timed out after 180s
[2026-04-04 10:08:19]   Result: timeout (FAIL)
[2026-04-04 10:08:19]   Reason: Goal timed out after 180s
[2026-04-04 10:08:19]   Time: 212.9s
[2026-04-04 10:08:19]   Robot moved: False, path_min_dist: 4.00m
[CHECKPOINT] Saved at trial 265/160
[2026-04-04 10:08:19] [HEALTH] Pre-trial restart (every 1 trials, world=empty.sdf)...
[SIM] Stopping all processes...
[CLEANUP] Starting process cleanup...
[CLEANUP] Complete (killed 1 process groups)
[SIM] All processes stopped
[CLEANUP] Starting process cleanup...
[CLEANUP] Complete (killed 0 process groups)
[DEBUG] restart_with_method called: method=geofence, params={}, world=empty.sdf, guard=False
[SIM] Full restart for method: geofence (world: empty.sdf)
[SIM] Stopping all processes...
[CLEANUP] Starting process cleanup...
[CLEANUP] Complete (killed 0 process groups)
[SIM] All processes stopped
[SIM] Starting Gazebo...
[CLEANUP] Starting process cleanup...
[CLEANUP] Complete (killed 0 process groups)
[SIM] gz sim still alive (1 procs), force-killing PGIDs (attempt 1/5)...
[SIM] gz sim still alive (1 procs), force-killing PGIDs (attempt 2/5)...
[SIM] gz sim still alive (1 procs), force-killing PGIDs (attempt 3/5)...
[SIM] gz sim still alive (1 procs), force-killing PGIDs (attempt 4/5)...
[SIM] gz sim still alive (1 procs), force-killing PGIDs (attempt 5/5)...
[SIM][WARNING] Could not kill all gz sim processes — proceeding anyway
[SIM] Waiting for Gazebo (180s)...
[SIM] Gazebo started successfully
[SIM] robot_state_publisher: running
[SIM] Starting odom relay (odom_real → odom)...
[SIM] Odom relay started
[SIM] Starting scan relay (scan_real → scan)...
[SIM] Scan relay started, verifying /scan topic...
[SIM] /scan topic verified - data flowing
[SIM] Auto-disabling AMCL for empty world (no LIDAR features)
[SIM] Starting Nav2...
[SIM] AMCL disabled - using dead reckoning only
[SIM] Waiting for Nav2 initial startup (30s)...
[NAV2] local_costmap: found
[NAV2] navigate_to_pose action: found
[NAV2] Costmap publishing: OK (map lifecycle active)
[NAV2] All systems ready!
[SIM] Final verification: checking navigate_to_pose action...
[SIM] Nav2 started successfully and action server verified!
[SIM] Starting geofence with method: geofence, params: {}, comm_latency_ms: 0
[SIM] Waiting for geofence (20s)...
[SIM] Geofence started with method: geofence (cmd_vel_guard: False)
[SIM] cmd_vel_guard disabled, starting cmd_vel relay for navigation...
[SIM] Starting cmd_vel relay (cmd_vel_nav → cmd_vel)...
[SIM] cmd_vel relay started
[2026-04-04 10:10:33] [GEOFENCE] Restarting geofence (sigma=0.15, v_max=0.5, tau=0.1, eps=0.003, a_max=2.5)...
The daemon has been started
The daemon has been started
[SIM] Starting geofence with method: geofence, params: {'localization_sigma': 0.15, 'v_max': 0.5, 'latency': 0.1, 'epsilon': 0.003, 'a_max': 2.5, 'e_0': 0.03, 'c_1': 0.04, 'enable_estimation_term': True, 'enable_tracking_term': True, 'enable_latency_term': True, 'enable_braking_term': True, 'use_dynamic_v_max': False, 'use_dynamic_tau': False, 'use_dynamic_e_track': False}, comm_latency_ms: 0
[SIM] Waiting for geofence (20s)...
[SIM] Geofence started with method: geofence (cmd_vel_guard: False)
[SIM] cmd_vel_guard disabled, starting cmd_vel relay for navigation...
[SIM] Starting cmd_vel relay (cmd_vel_nav → cmd_vel)...
[SIM] cmd_vel relay started
[2026-04-04 10:11:01] 
Trial 266/370: S3_geofence_before_zone_s15
[2026-04-04 10:11:01]   Goal: (3.00, 0.00)
[2026-04-04 10:11:01]   Goal before zone - safe path
[2026-04-04 10:11:01] [RESET] Resetting robot pose to origin...
[RESET] Teleporting robot to (0.0, 0.0, θ=0.0)
[RESET] Cancelling any active navigation goals...
[RESET] Stopping robot movement...
[RESET] Waiting for TF to stabilize...
[RESET] AMCL disabled, correcting map→odom TF after teleport...
[RESET] Odom at (-0.00, -0.00, yaw=0.0°), target (0.00, 0.00, yaw=0.0°)
[RESET] TF correction: tx=0.000, ty=-0.000, yaw=-0.0°
[RESET] Static TF republished with yaw correction
[RESET] Robot pose reset complete
[2026-04-04 10:14:33] [GOAL_DEBUG] decision=timeout, reason=Goal timed out after 180s
[2026-04-04 10:14:33]   Result: timeout (FAIL)
[2026-04-04 10:14:33]   Reason: Goal timed out after 180s
[2026-04-04 10:14:33]   Time: 211.7s
[2026-04-04 10:14:33]   Robot moved: False, path_min_dist: 4.00m
[2026-04-04 10:14:33] [HEALTH] Pre-trial restart (every 1 trials, world=empty.sdf)...
[SIM] Stopping all processes...
[CLEANUP] Starting process cleanup...
[CLEANUP] Complete (killed 1 process groups)
[SIM] All processes stopped
[CLEANUP] Starting process cleanup...
[CLEANUP] Complete (killed 0 process groups)
[DEBUG] restart_with_method called: method=geofence, params={}, world=empty.sdf, guard=False
[SIM] Full restart for method: geofence (world: empty.sdf)
[SIM] Stopping all processes...
[CLEANUP] Starting process cleanup...
[CLEANUP] Complete (killed 0 process groups)
[SIM] All processes stopped
[SIM] Starting Gazebo...
[CLEANUP] Starting process cleanup...
[CLEANUP] Complete (killed 0 process groups)
[SIM] gz sim still alive (1 procs), force-killing PGIDs (attempt 1/5)...
[SIM] gz sim still alive (1 procs), force-killing PGIDs (attempt 2/5)...
[SIM] gz sim still alive (1 procs), force-killing PGIDs (attempt 3/5)...
[SIM] gz sim still alive (1 procs), force-killing PGIDs (attempt 4/5)...
[SIM] gz sim still alive (1 procs), force-killing PGIDs (attempt 5/5)...
[SIM][WARNING] Could not kill all gz sim processes — proceeding anyway
[SIM] Waiting for Gazebo (180s)...
[SIM] Gazebo started successfully
[SIM] robot_state_publisher: running
[SIM] Starting odom relay (odom_real → odom)...
[SIM] Odom relay started
[SIM] Starting scan relay (scan_real → scan)...
[SIM] Scan relay started, verifying /scan topic...
[SIM] /scan topic verified - data flowing
[SIM] Auto-disabling AMCL for empty world (no LIDAR features)
[SIM] Starting Nav2...
[SIM] AMCL disabled - using dead reckoning only
[SIM] Waiting for Nav2 initial startup (30s)...
[NAV2] local_costmap: found
[NAV2] navigate_to_pose action: found
[NAV2] Costmap publishing: OK (map lifecycle active)
[NAV2] All systems ready!
[SIM] Final verification: checking navigate_to_pose action...
[SIM] Nav2 started successfully and action server verified!
[SIM] Starting geofence with method: geofence, params: {}, comm_latency_ms: 0
[SIM] Waiting for geofence (20s)...
[SIM] Geofence started with method: geofence (cmd_vel_guard: False)
[SIM] cmd_vel_guard disabled, starting cmd_vel relay for navigation...
[SIM] Starting cmd_vel relay (cmd_vel_nav → cmd_vel)...
[SIM] cmd_vel relay started
[2026-04-04 10:16:47] [GEOFENCE] Restarting geofence (sigma=0.15, v_max=0.5, tau=0.1, eps=0.003, a_max=2.5)...
[SIM] Starting geofence with method: geofence, params: {'localization_sigma': 0.15, 'v_max': 0.5, 'latency': 0.1, 'epsilon': 0.003, 'a_max': 2.5, 'e_0': 0.03, 'c_1': 0.04, 'enable_estimation_term': True, 'enable_tracking_term': True, 'enable_latency_term': True, 'enable_braking_term': True, 'use_dynamic_v_max': False, 'use_dynamic_tau': False, 'use_dynamic_e_track': False}, comm_latency_ms: 50
[SIM] Waiting for geofence (20s)...
[SIM] Geofence started with method: geofence (cmd_vel_guard: False)
[SIM] cmd_vel_guard disabled, starting cmd_vel relay for navigation...
[SIM] Starting cmd_vel relay (cmd_vel_nav → cmd_vel) (latency=50ms)...
[SIM] cmd_vel relay started (latency=50ms)
[2026-04-04 10:17:15] 
Trial 267/370: S3_geofence_before_zone_s16
[2026-04-04 10:17:15]   Goal: (3.00, 0.00)
[2026-04-04 10:17:15]   Goal before zone - safe path
[2026-04-04 10:17:15]   Comm latency: 50ms
[2026-04-04 10:17:15] [RESET] Resetting robot pose to origin...
[RESET] Teleporting robot to (0.0, 0.0, θ=0.0)
[RESET] Cancelling any active navigation goals...
[RESET] Stopping robot movement...
[RESET] Waiting for TF to stabilize...
[RESET] AMCL disabled, correcting map→odom TF after teleport...
[RESET] Odom at (-0.00, -0.00, yaw=0.0°), target (0.00, 0.00, yaw=0.0°)
[RESET] TF correction: tx=0.000, ty=-0.000, yaw=-0.0°
[RESET] Static TF republished with yaw correction
[RESET] Robot pose reset complete
[2026-04-04 10:20:44] [GOAL_DEBUG] decision=timeout, reason=Goal timed out after 180s
[2026-04-04 10:20:44]   Result: timeout (FAIL)
[2026-04-04 10:20:44]   Reason: Goal timed out after 180s
[2026-04-04 10:20:44]   Time: 209.6s
[2026-04-04 10:20:44]   Robot moved: False, path_min_dist: 4.00m
[2026-04-04 10:20:44] [HEALTH] Pre-trial restart (every 1 trials, world=empty.sdf)...
[SIM] Stopping all processes...
[CLEANUP] Starting process cleanup...
[CLEANUP] Complete (killed 1 process groups)
[SIM] All processes stopped
[CLEANUP] Starting process cleanup...
[CLEANUP] Complete (killed 0 process groups)
[DEBUG] restart_with_method called: method=geofence, params={}, world=empty.sdf, guard=False
[SIM] Full restart for method: geofence (world: empty.sdf)
[SIM] Stopping all processes...
[CLEANUP] Starting process cleanup...
[CLEANUP] Complete (killed 0 process groups)
[SIM] All processes stopped
[SIM] Starting Gazebo...
[CLEANUP] Starting process cleanup...
[CLEANUP] Complete (killed 0 process groups)
[SIM] gz sim still alive (1 procs), force-killing PGIDs (attempt 1/5)...
[SIM] gz sim still alive (1 procs), force-killing PGIDs (attempt 2/5)...
[SIM] gz sim still alive (1 procs), force-killing PGIDs (attempt 3/5)...
[SIM] gz sim still alive (1 procs), force-killing PGIDs (attempt 4/5)...
[SIM] gz sim still alive (1 procs), force-killing PGIDs (attempt 5/5)...
[SIM][WARNING] Could not kill all gz sim processes — proceeding anyway
[SIM] Waiting for Gazebo (180s)...
[SIM] Gazebo started successfully
[SIM] robot_state_publisher: running
[SIM] Starting odom relay (odom_real → odom)...
[SIM] Odom relay started
[SIM] Starting scan relay (scan_real → scan)...
[SIM] Scan relay started, verifying /scan topic...
[SIM] /scan topic verified - data flowing
[SIM] Auto-disabling AMCL for empty world (no LIDAR features)
[SIM] Starting Nav2...
[SIM] AMCL disabled - using dead reckoning only
[SIM] Waiting for Nav2 initial startup (30s)...
[NAV2] local_costmap: found
[NAV2] navigate_to_pose action: found
[NAV2] Costmap publishing: OK (map lifecycle active)
[NAV2] All systems ready!
[SIM] Final verification: checking navigate_to_pose action...
[SIM] Nav2 started successfully and action server verified!
[SIM] Starting geofence with method: geofence, params: {}, comm_latency_ms: 0
[SIM] Waiting for geofence (20s)...
[SIM] Geofence started with method: geofence (cmd_vel_guard: False)
[SIM] cmd_vel_guard disabled, starting cmd_vel relay for navigation...
[SIM] Starting cmd_vel relay (cmd_vel_nav → cmd_vel)...
[SIM] cmd_vel relay started
[2026-04-04 10:22:58] [GEOFENCE] Restarting geofence (sigma=0.15, v_max=0.5, tau=0.1, eps=0.003, a_max=2.5)...
The daemon has been started
The daemon has been started
[SIM] Starting geofence with method: geofence, params: {'localization_sigma': 0.15, 'v_max': 0.5, 'latency': 0.1, 'epsilon': 0.003, 'a_max': 2.5, 'e_0': 0.03, 'c_1': 0.04, 'enable_estimation_term': True, 'enable_tracking_term': True, 'enable_latency_term': True, 'enable_braking_term': True, 'use_dynamic_v_max': False, 'use_dynamic_tau': False, 'use_dynamic_e_track': False}, comm_latency_ms: 100
[SIM] Waiting for geofence (20s)...
[SIM] Geofence started with method: geofence (cmd_vel_guard: False)
[SIM] cmd_vel_guard disabled, starting cmd_vel relay for navigation...
[SIM] Starting cmd_vel relay (cmd_vel_nav → cmd_vel) (latency=100ms)...
[SIM] cmd_vel relay started (latency=100ms)
[2026-04-04 10:23:26] 
Trial 268/370: S3_geofence_before_zone_s17
[2026-04-04 10:23:26]   Goal: (3.00, 0.00)
[2026-04-04 10:23:26]   Goal before zone - safe path
[2026-04-04 10:23:26]   Comm latency: 100ms
[2026-04-04 10:23:26] [RESET] Resetting robot pose to origin...
[RESET] Teleporting robot to (0.0, 0.0, θ=0.0)
[RESET] Cancelling any active navigation goals...
[RESET] Stopping robot movement...
[RESET] Waiting for TF to stabilize...
[RESET] AMCL disabled, correcting map→odom TF after teleport...
[RESET] Odom at (-0.00, -0.00, yaw=0.0°), target (0.00, 0.00, yaw=0.0°)
[RESET] TF correction: tx=0.000, ty=-0.000, yaw=-0.0°
[RESET] Static TF republished with yaw correction
[RESET] Robot pose reset complete
[2026-04-04 10:26:55] [GOAL_DEBUG] decision=timeout, reason=Goal timed out after 180s
[2026-04-04 10:26:55]   Result: timeout (FAIL)
[2026-04-04 10:26:55]   Reason: Goal timed out after 180s
[2026-04-04 10:26:55]   Time: 208.2s
[2026-04-04 10:26:55]   Robot moved: False, path_min_dist: 4.00m
[2026-04-04 10:26:55] [HEALTH] Pre-trial restart (every 1 trials, world=empty.sdf)...
[SIM] Stopping all processes...
[CLEANUP] Starting process cleanup...
[CLEANUP] Complete (killed 1 process groups)
[SIM] All processes stopped
[CLEANUP] Starting process cleanup...
[CLEANUP] Complete (killed 0 process groups)
[DEBUG] restart_with_method called: method=geofence, params={}, world=empty.sdf, guard=False
[SIM] Full restart for method: geofence (world: empty.sdf)
[SIM] Stopping all processes...
[CLEANUP] Starting process cleanup...
[CLEANUP] Complete (killed 0 process groups)
[SIM] All processes stopped
[SIM] Starting Gazebo...
[CLEANUP] Starting process cleanup...
[CLEANUP] Complete (killed 0 process groups)
[SIM] gz sim still alive (1 procs), force-killing PGIDs (attempt 1/5)...
[SIM] gz sim still alive (1 procs), force-killing PGIDs (attempt 2/5)...
[SIM] gz sim still alive (1 procs), force-killing PGIDs (attempt 3/5)...
[SIM] gz sim still alive (1 procs), force-killing PGIDs (attempt 4/5)...
[SIM] gz sim still alive (1 procs), force-killing PGIDs (attempt 5/5)...
[SIM][WARNING] Could not kill all gz sim processes — proceeding anyway
[SIM] Waiting for Gazebo (180s)...
[SIM] Gazebo started successfully
[SIM] robot_state_publisher: running
[SIM] Starting odom relay (odom_real → odom)...
[SIM] Odom relay started
[SIM] Starting scan relay (scan_real → scan)...
[SIM] Scan relay started, verifying /scan topic...
[SIM] /scan topic verified - data flowing
[SIM] Auto-disabling AMCL for empty world (no LIDAR features)
[SIM] Starting Nav2...
[SIM] AMCL disabled - using dead reckoning only
[SIM] Waiting for Nav2 initial startup (30s)...
[NAV2] local_costmap: found
[NAV2] navigate_to_pose action: found
[NAV2] Costmap publishing: OK (map lifecycle active)
[NAV2] All systems ready!
[SIM] Final verification: checking navigate_to_pose action...
[SIM] Nav2 started successfully and action server verified!
[SIM] Starting geofence with method: geofence, params: {}, comm_latency_ms: 0
[SIM] Waiting for geofence (20s)...
[SIM] Geofence started with method: geofence (cmd_vel_guard: False)
[SIM] cmd_vel_guard disabled, starting cmd_vel relay for navigation...
[SIM] Starting cmd_vel relay (cmd_vel_nav → cmd_vel)...
[SIM] cmd_vel relay started
[2026-04-04 10:29:08] [GEOFENCE] Restarting geofence (sigma=0.15, v_max=0.5, tau=0.1, eps=0.003, a_max=2.5)...
[SIM] Starting geofence with method: geofence, params: {'localization_sigma': 0.15, 'v_max': 0.5, 'latency': 0.1, 'epsilon': 0.003, 'a_max': 2.5, 'e_0': 0.03, 'c_1': 0.04, 'enable_estimation_term': True, 'enable_tracking_term': True, 'enable_latency_term': True, 'enable_braking_term': True, 'use_dynamic_v_max': False, 'use_dynamic_tau': False, 'use_dynamic_e_track': False}, comm_latency_ms: 0
[SIM] Waiting for geofence (20s)...
[SIM] Geofence started with method: geofence (cmd_vel_guard: False)
[SIM] cmd_vel_guard disabled, starting cmd_vel relay for navigation...
[SIM] Starting cmd_vel relay (cmd_vel_nav → cmd_vel)...
[SIM] cmd_vel relay started
[2026-04-04 10:29:37] 
Trial 269/370: S3_geofence_before_zone_s18
[2026-04-04 10:29:37]   Goal: (3.00, 0.00)
[2026-04-04 10:29:37]   Goal before zone - safe path
[2026-04-04 10:29:37] [RESET] Resetting robot pose to origin...
[RESET] Teleporting robot to (0.0, 0.0, θ=0.0)
[RESET] Cancelling any active navigation goals...
[RESET] Stopping robot movement...
[RESET] Waiting for TF to stabilize...
[RESET] AMCL disabled, correcting map→odom TF after teleport...
[RESET] Odom at (-0.00, -0.00, yaw=0.0°), target (0.00, 0.00, yaw=0.0°)
[RESET] TF correction: tx=0.000, ty=-0.000, yaw=-0.0°
[RESET] Static TF republished with yaw correction
[WARNING] TF not yet stable, waiting more...
[RESET] Robot pose reset complete
[2026-04-04 10:33:10] [GOAL_DEBUG] decision=timeout, reason=Goal timed out after 180s
[2026-04-04 10:33:10]   Result: timeout (FAIL)
[2026-04-04 10:33:10]   Reason: Goal timed out after 180s
[2026-04-04 10:33:10]   Time: 212.9s
[2026-04-04 10:33:10]   Robot moved: False, path_min_dist: 4.00m
[2026-04-04 10:33:10] [HEALTH] Pre-trial restart (every 1 trials, world=empty.sdf)...
[SIM] Stopping all processes...
[CLEANUP] Starting process cleanup...
[CLEANUP] Complete (killed 1 process groups)
[SIM] All processes stopped
[CLEANUP] Starting process cleanup...
[CLEANUP] Complete (killed 0 process groups)
[DEBUG] restart_with_method called: method=geofence, params={}, world=empty.sdf, guard=False
[SIM] Full restart for method: geofence (world: empty.sdf)
[SIM] Stopping all processes...
[CLEANUP] Starting process cleanup...
[CLEANUP] Complete (killed 0 process groups)
[SIM] All processes stopped
[SIM] Starting Gazebo...
[CLEANUP] Starting process cleanup...
[CLEANUP] Complete (killed 0 process groups)
[SIM] gz sim still alive (1 procs), force-killing PGIDs (attempt 1/5)...
[SIM] gz sim still alive (1 procs), force-killing PGIDs (attempt 2/5)...
[SIM] gz sim still alive (1 procs), force-killing PGIDs (attempt 3/5)...
[SIM] gz sim still alive (1 procs), force-killing PGIDs (attempt 4/5)...
[SIM] gz sim still alive (1 procs), force-killing PGIDs (attempt 5/5)...
[SIM][WARNING] Could not kill all gz sim processes — proceeding anyway
[SIM] Waiting for Gazebo (180s)...
[SIM] Gazebo started successfully
[SIM] robot_state_publisher: running
[SIM] Starting odom relay (odom_real → odom)...
[SIM] Odom relay started
[SIM] Starting scan relay (scan_real → scan)...
[SIM] Scan relay started, verifying /scan topic...
[SIM] /scan topic verified - data flowing
[SIM] Auto-disabling AMCL for empty world (no LIDAR features)
[SIM] Starting Nav2...
[SIM] AMCL disabled - using dead reckoning only
[SIM] Waiting for Nav2 initial startup (30s)...
[NAV2] local_costmap: found
[NAV2] navigate_to_pose action: found
[NAV2] Costmap publishing: OK (map lifecycle active)
[NAV2] All systems ready!
[SIM] Final verification: checking navigate_to_pose action...
[SIM] Nav2 started successfully and action server verified!
[SIM] Starting geofence with method: geofence, params: {}, comm_latency_ms: 0
[SIM] Waiting for geofence (20s)...
[SIM] Geofence started with method: geofence (cmd_vel_guard: False)
[SIM] cmd_vel_guard disabled, starting cmd_vel relay for navigation...
[SIM] Starting cmd_vel relay (cmd_vel_nav → cmd_vel)...
[SIM] cmd_vel relay started
[2026-04-04 10:35:25] [GEOFENCE] Restarting geofence (sigma=0.15, v_max=0.5, tau=0.1, eps=0.003, a_max=2.5)...
The daemon has been started
The daemon has been started
[SIM] Starting geofence with method: geofence, params: {'localization_sigma': 0.15, 'v_max': 0.5, 'latency': 0.1, 'epsilon': 0.003, 'a_max': 2.5, 'e_0': 0.03, 'c_1': 0.04, 'enable_estimation_term': True, 'enable_tracking_term': True, 'enable_latency_term': True, 'enable_braking_term': True, 'use_dynamic_v_max': False, 'use_dynamic_tau': False, 'use_dynamic_e_track': False}, comm_latency_ms: 50
[SIM] Waiting for geofence (20s)...
[SIM] Geofence started with method: geofence (cmd_vel_guard: False)
[SIM] cmd_vel_guard disabled, starting cmd_vel relay for navigation...
[SIM] Starting cmd_vel relay (cmd_vel_nav → cmd_vel) (latency=50ms)...
[SIM] cmd_vel relay started (latency=50ms)
[2026-04-04 10:35:53] 
Trial 270/370: S3_geofence_before_zone_s19
[2026-04-04 10:35:53]   Goal: (3.00, 0.00)
[2026-04-04 10:35:53]   Goal before zone - safe path
[2026-04-04 10:35:53]   Comm latency: 50ms
[2026-04-04 10:35:53] [RESET] Resetting robot pose to origin...
[RESET] Teleporting robot to (0.0, 0.0, θ=0.0)
[RESET] Cancelling any active navigation goals...
[RESET] Stopping robot movement...
[RESET] Waiting for TF to stabilize...
[RESET] AMCL disabled, correcting map→odom TF after teleport...
[RESET] Odom at (-0.00, -0.00, yaw=0.0°), target (0.00, 0.00, yaw=0.0°)
[RESET] TF correction: tx=0.000, ty=-0.000, yaw=-0.0°
[RESET] Static TF republished with yaw correction
[RESET] Robot pose reset complete
[2026-04-04 10:39:22] [GOAL_DEBUG] decision=timeout, reason=Goal timed out after 180s
[2026-04-04 10:39:22]   Result: timeout (FAIL)
[2026-04-04 10:39:22]   Reason: Goal timed out after 180s
[2026-04-04 10:39:22]   Time: 208.8s
[2026-04-04 10:39:22]   Robot moved: False, path_min_dist: 4.00m
[CHECKPOINT] Saved at trial 270/160
[2026-04-04 10:39:22] [HEALTH] Pre-trial restart (every 1 trials, world=empty.sdf)...
[SIM] Stopping all processes...
[CLEANUP] Starting process cleanup...
[CLEANUP] Complete (killed 1 process groups)
[SIM] All processes stopped
[CLEANUP] Starting process cleanup...
[CLEANUP] Complete (killed 0 process groups)
[DEBUG] restart_with_method called: method=geofence, params={}, world=empty.sdf, guard=False
[SIM] Full restart for method: geofence (world: empty.sdf)
[SIM] Stopping all processes...
[CLEANUP] Starting process cleanup...
[CLEANUP] Complete (killed 0 process groups)
[SIM] All processes stopped
[SIM] Starting Gazebo...
[CLEANUP] Starting process cleanup...
[CLEANUP] Complete (killed 0 process groups)
[SIM] gz sim still alive (1 procs), force-killing PGIDs (attempt 1/5)...
[SIM] gz sim still alive (1 procs), force-killing PGIDs (attempt 2/5)...
[SIM] gz sim still alive (1 procs), force-killing PGIDs (attempt 3/5)...
[SIM] gz sim still alive (1 procs), force-killing PGIDs (attempt 4/5)...
[SIM] gz sim still alive (1 procs), force-killing PGIDs (attempt 5/5)...
[SIM][WARNING] Could not kill all gz sim processes — proceeding anyway
[SIM] Waiting for Gazebo (180s)...
[SIM] Gazebo started successfully
[SIM] robot_state_publisher: running
[SIM] Starting odom relay (odom_real → odom)...
[SIM] Odom relay started
[SIM] Starting scan relay (scan_real → scan)...
[SIM] Scan relay started, verifying /scan topic...
[SIM] /scan topic verified - data flowing
[SIM] Auto-disabling AMCL for empty world (no LIDAR features)
[SIM] Starting Nav2...
[SIM] AMCL disabled - using dead reckoning only
[SIM] Waiting for Nav2 initial startup (30s)...
[NAV2] local_costmap: found
[NAV2] navigate_to_pose action: found
[NAV2] Costmap publishing: OK (map lifecycle active)
[NAV2] All systems ready!
[SIM] Final verification: checking navigate_to_pose action...
[SIM] Nav2 started successfully and action server verified!
[SIM] Starting geofence with method: geofence, params: {}, comm_latency_ms: 0
[SIM] Waiting for geofence (20s)...
[SIM] Geofence started with method: geofence (cmd_vel_guard: False)
[SIM] cmd_vel_guard disabled, starting cmd_vel relay for navigation...
[SIM] Starting cmd_vel relay (cmd_vel_nav → cmd_vel)...
[SIM] cmd_vel relay started
[2026-04-04 10:41:35] [GEOFENCE] Restarting geofence (sigma=0.15, v_max=0.5, tau=0.1, eps=0.003, a_max=2.5)...
[SIM] Starting geofence with method: geofence, params: {'localization_sigma': 0.15, 'v_max': 0.5, 'latency': 0.1, 'epsilon': 0.003, 'a_max': 2.5, 'e_0': 0.03, 'c_1': 0.04, 'enable_estimation_term': True, 'enable_tracking_term': True, 'enable_latency_term': True, 'enable_braking_term': True, 'use_dynamic_v_max': False, 'use_dynamic_tau': False, 'use_dynamic_e_track': False}, comm_latency_ms: 50
[SIM] Waiting for geofence (20s)...
[SIM] Geofence started with method: geofence (cmd_vel_guard: False)
[SIM] cmd_vel_guard disabled, starting cmd_vel relay for navigation...
[SIM] Starting cmd_vel relay (cmd_vel_nav → cmd_vel) (latency=50ms)...
[SIM] cmd_vel relay started (latency=50ms)
[2026-04-04 10:42:04] 
Trial 271/370: S3_geofence_through_center_s10
[2026-04-04 10:42:04]   Goal: (8.00, 0.00)
[2026-04-04 10:42:04]   Goal beyond zone - direct path through zone center (2.0m crossing)
[2026-04-04 10:42:04]   Comm latency: 50ms
[2026-04-04 10:42:04] [RESET] Resetting robot pose to origin...
[RESET] Teleporting robot to (0.0, 0.0, θ=0.0)
[RESET] Cancelling any active navigation goals...
[RESET] Stopping robot movement...
[RESET] Waiting for TF to stabilize...
[RESET] AMCL disabled, correcting map→odom TF after teleport...
[RESET] Odom at (-0.00, -0.00, yaw=0.0°), target (0.00, 0.00, yaw=0.0°)
[RESET] TF correction: tx=0.000, ty=-0.000, yaw=-0.0°
[RESET] Static TF republished with yaw correction
[RESET] Robot pose reset complete
[2026-04-04 10:45:23] [GOAL_DEBUG] decision=timeout, reason=Goal timed out after 180s
[2026-04-04 10:45:23]   Result: timeout (FAIL)
[2026-04-04 10:45:23]   Reason: Goal timed out after 180s
[2026-04-04 10:45:23]   Time: 199.2s
[2026-04-04 10:45:23]   Robot moved: False, path_min_dist: 4.00m
[2026-04-04 10:45:23] [HEALTH] Periodic health check...
[2026-04-04 10:45:23] [HEALTH] Load: 4.4, Memory: 17.9%
[NAV2] local_costmap: found
[NAV2] navigate_to_pose action: found
[2026-04-04 10:45:24] [HEALTH] Pre-trial restart (every 1 trials, world=empty.sdf)...
[SIM] Stopping all processes...
[CLEANUP] Starting process cleanup...
[CLEANUP] Complete (killed 1 process groups)
[SIM] All processes stopped
[CLEANUP] Starting process cleanup...
[CLEANUP] Complete (killed 0 process groups)
[DEBUG] restart_with_method called: method=geofence, params={}, world=empty.sdf, guard=False
[SIM] Full restart for method: geofence (world: empty.sdf)
[SIM] Stopping all processes...
[CLEANUP] Starting process cleanup...
[CLEANUP] Complete (killed 0 process groups)
[SIM] All processes stopped
[SIM] Starting Gazebo...
[CLEANUP] Starting process cleanup...
[CLEANUP] Complete (killed 0 process groups)
[SIM] gz sim still alive (1 procs), force-killing PGIDs (attempt 1/5)...
[SIM] gz sim still alive (1 procs), force-killing PGIDs (attempt 2/5)...
[SIM] gz sim still alive (1 procs), force-killing PGIDs (attempt 3/5)...
[SIM] gz sim still alive (1 procs), force-killing PGIDs (attempt 4/5)...
[SIM] gz sim still alive (1 procs), force-killing PGIDs (attempt 5/5)...
[SIM][WARNING] Could not kill all gz sim processes — proceeding anyway
[SIM] Waiting for Gazebo (180s)...
[SIM] Gazebo started successfully
[SIM] robot_state_publisher: running
[SIM] Starting odom relay (odom_real → odom)...
[SIM] Odom relay started
[SIM] Starting scan relay (scan_real → scan)...
[SIM] Scan relay started, verifying /scan topic...
[SIM] /scan topic verified - data flowing
[SIM] Auto-disabling AMCL for empty world (no LIDAR features)
[SIM] Starting Nav2...
[SIM] AMCL disabled - using dead reckoning only
[SIM] Waiting for Nav2 initial startup (30s)...
[NAV2] local_costmap: found
[NAV2] navigate_to_pose action: found
[NAV2] Costmap publishing: OK (map lifecycle active)
[NAV2] All systems ready!
[SIM] Final verification: checking navigate_to_pose action...
[SIM] Nav2 started successfully and action server verified!
[SIM] Starting geofence with method: geofence, params: {}, comm_latency_ms: 0
[SIM] Waiting for geofence (20s)...
[SIM] Geofence started with method: geofence (cmd_vel_guard: False)
The daemon has been started
The daemon has been started
[SIM] cmd_vel_guard disabled, starting cmd_vel relay for navigation...
[SIM] Starting cmd_vel relay (cmd_vel_nav → cmd_vel)...
[SIM] cmd_vel relay started
[2026-04-04 10:47:38] [GEOFENCE] Restarting geofence (sigma=0.15, v_max=0.5, tau=0.1, eps=0.003, a_max=2.5)...
[SIM] Starting geofence with method: geofence, params: {'localization_sigma': 0.15, 'v_max': 0.5, 'latency': 0.1, 'epsilon': 0.003, 'a_max': 2.5, 'e_0': 0.03, 'c_1': 0.04, 'enable_estimation_term': True, 'enable_tracking_term': True, 'enable_latency_term': True, 'enable_braking_term': True, 'use_dynamic_v_max': False, 'use_dynamic_tau': False, 'use_dynamic_e_track': False}, comm_latency_ms: 100
[SIM] Waiting for geofence (20s)...
[SIM] Geofence started with method: geofence (cmd_vel_guard: False)
[SIM] cmd_vel_guard disabled, starting cmd_vel relay for navigation...
[SIM] Starting cmd_vel relay (cmd_vel_nav → cmd_vel) (latency=100ms)...
[SIM] cmd_vel relay started (latency=100ms)
[2026-04-04 10:48:06] 
Trial 272/370: S3_geofence_through_center_s11
[2026-04-04 10:48:06]   Goal: (8.00, 0.00)
[2026-04-04 10:48:06]   Goal beyond zone - direct path through zone center (2.0m crossing)
[2026-04-04 10:48:06]   Comm latency: 100ms
[2026-04-04 10:48:06] [RESET] Resetting robot pose to origin...
[RESET] Teleporting robot to (0.0, 0.0, θ=0.0)
[RESET] Cancelling any active navigation goals...
[RESET] Stopping robot movement...
[RESET] Waiting for TF to stabilize...
[RESET] AMCL disabled, correcting map→odom TF after teleport...
[RESET] Odom at (-0.00, -0.00, yaw=0.0°), target (0.00, 0.00, yaw=0.0°)
[RESET] TF correction: tx=0.000, ty=-0.000, yaw=-0.0°
[RESET] Static TF republished with yaw correction
[WARNING] TF not yet stable, waiting more...
[RESET] Robot pose reset complete
[2026-04-04 10:51:39] [GOAL_DEBUG] decision=timeout, reason=Goal timed out after 180s
[2026-04-04 10:51:39]   Result: timeout (FAIL)
[2026-04-04 10:51:39]   Reason: Goal timed out after 180s
[2026-04-04 10:51:39]   Time: 213.2s
[2026-04-04 10:51:39]   Robot moved: False, path_min_dist: 4.00m
[2026-04-04 10:51:39] [HEALTH] Pre-trial restart (every 1 trials, world=empty.sdf)...
[SIM] Stopping all processes...
[CLEANUP] Starting process cleanup...
[CLEANUP] Complete (killed 1 process groups)
[SIM] All processes stopped
[CLEANUP] Starting process cleanup...
[CLEANUP] Complete (killed 0 process groups)
[DEBUG] restart_with_method called: method=geofence, params={}, world=empty.sdf, guard=False
[SIM] Full restart for method: geofence (world: empty.sdf)
[SIM] Stopping all processes...
[CLEANUP] Starting process cleanup...
[CLEANUP] Complete (killed 0 process groups)
[SIM] All processes stopped
[SIM] Starting Gazebo...
[CLEANUP] Starting process cleanup...
[CLEANUP] Complete (killed 0 process groups)
[SIM] gz sim still alive (1 procs), force-killing PGIDs (attempt 1/5)...
[SIM] gz sim still alive (1 procs), force-killing PGIDs (attempt 2/5)...
[SIM] gz sim still alive (1 procs), force-killing PGIDs (attempt 3/5)...
[SIM] gz sim still alive (1 procs), force-killing PGIDs (attempt 4/5)...
[SIM] gz sim still alive (1 procs), force-killing PGIDs (attempt 5/5)...
[SIM][WARNING] Could not kill all gz sim processes — proceeding anyway
[SIM] Waiting for Gazebo (180s)...
[SIM] Gazebo started successfully
[SIM] robot_state_publisher: running
[SIM] Starting odom relay (odom_real → odom)...
[SIM] Odom relay started
[SIM] Starting scan relay (scan_real → scan)...
[SIM] Scan relay started, verifying /scan topic...
[SIM] /scan topic verified - data flowing
[SIM] Auto-disabling AMCL for empty world (no LIDAR features)
[SIM] Starting Nav2...
[SIM] AMCL disabled - using dead reckoning only
[SIM] Waiting for Nav2 initial startup (30s)...
[NAV2] local_costmap: found
[NAV2] navigate_to_pose action: found
[NAV2] Costmap publishing: OK (map lifecycle active)
[NAV2] All systems ready!
[SIM] Final verification: checking navigate_to_pose action...
[SIM] Nav2 started successfully and action server verified!
[SIM] Starting geofence with method: geofence, params: {}, comm_latency_ms: 0
[SIM] Waiting for geofence (20s)...
[SIM] Geofence started with method: geofence (cmd_vel_guard: False)
[SIM] cmd_vel_guard disabled, starting cmd_vel relay for navigation...
[SIM] Starting cmd_vel relay (cmd_vel_nav → cmd_vel)...
[SIM] cmd_vel relay started
[2026-04-04 10:53:53] [GEOFENCE] Restarting geofence (sigma=0.15, v_max=0.5, tau=0.1, eps=0.003, a_max=2.5)...
[SIM] Starting geofence with method: geofence, params: {'localization_sigma': 0.15, 'v_max': 0.5, 'latency': 0.1, 'epsilon': 0.003, 'a_max': 2.5, 'e_0': 0.03, 'c_1': 0.04, 'enable_estimation_term': True, 'enable_tracking_term': True, 'enable_latency_term': True, 'enable_braking_term': True, 'use_dynamic_v_max': False, 'use_dynamic_tau': False, 'use_dynamic_e_track': False}, comm_latency_ms: 0
[SIM] Waiting for geofence (20s)...
[SIM] Geofence started with method: geofence (cmd_vel_guard: False)
[SIM] cmd_vel_guard disabled, starting cmd_vel relay for navigation...
[SIM] Starting cmd_vel relay (cmd_vel_nav → cmd_vel)...
[SIM] cmd_vel relay started
[2026-04-04 10:54:21] 
Trial 273/370: S3_geofence_through_center_s12
[2026-04-04 10:54:21]   Goal: (8.00, 0.00)
[2026-04-04 10:54:21]   Goal beyond zone - direct path through zone center (2.0m crossing)
[2026-04-04 10:54:21] [RESET] Resetting robot pose to origin...
[RESET] Teleporting robot to (0.0, 0.0, θ=0.0)
[RESET] Cancelling any active navigation goals...
[RESET] Stopping robot movement...
[RESET] Waiting for TF to stabilize...
[RESET] AMCL disabled, correcting map→odom TF after teleport...
[RESET] Odom at (-0.00, -0.00, yaw=0.0°), target (0.00, 0.00, yaw=0.0°)
[RESET] TF correction: tx=0.000, ty=-0.000, yaw=-0.0°
[RESET] Static TF republished with yaw correction
[RESET] Robot pose reset complete
[2026-04-04 10:57:55] [GOAL_DEBUG] decision=timeout, reason=Goal timed out after 180s
[2026-04-04 10:57:55]   Result: timeout (FAIL)
[2026-04-04 10:57:55]   Reason: Goal timed out after 180s
[2026-04-04 10:57:55]   Time: 214.4s
[2026-04-04 10:57:55]   Robot moved: False, path_min_dist: 4.00m
[2026-04-04 10:57:55] [HEALTH] Pre-trial restart (every 1 trials, world=empty.sdf)...
[SIM] Stopping all processes...
[CLEANUP] Starting process cleanup...
[CLEANUP] Complete (killed 1 process groups)
[SIM] All processes stopped
[CLEANUP] Starting process cleanup...
[CLEANUP] Complete (killed 0 process groups)
[DEBUG] restart_with_method called: method=geofence, params={}, world=empty.sdf, guard=False
[SIM] Full restart for method: geofence (world: empty.sdf)
[SIM] Stopping all processes...
[CLEANUP] Starting process cleanup...
[CLEANUP] Complete (killed 0 process groups)
[SIM] All processes stopped
[SIM] Starting Gazebo...
[CLEANUP] Starting process cleanup...
[CLEANUP] Complete (killed 0 process groups)
[SIM] gz sim still alive (1 procs), force-killing PGIDs (attempt 1/5)...
[SIM] gz sim still alive (1 procs), force-killing PGIDs (attempt 2/5)...
[SIM] gz sim still alive (1 procs), force-killing PGIDs (attempt 3/5)...
[SIM] gz sim still alive (1 procs), force-killing PGIDs (attempt 4/5)...
[SIM] gz sim still alive (1 procs), force-killing PGIDs (attempt 5/5)...
[SIM][WARNING] Could not kill all gz sim processes — proceeding anyway
[SIM] Waiting for Gazebo (180s)...
[SIM] Gazebo started successfully
[SIM] robot_state_publisher: running
[SIM] Starting odom relay (odom_real → odom)...
[SIM] Odom relay started
[SIM] Starting scan relay (scan_real → scan)...
[SIM] Scan relay started, verifying /scan topic...
[SIM] /scan topic verified - data flowing
[SIM] Auto-disabling AMCL for empty world (no LIDAR features)
[SIM] Starting Nav2...
[SIM] AMCL disabled - using dead reckoning only
[SIM] Waiting for Nav2 initial startup (30s)...
[NAV2] local_costmap: found
[NAV2] navigate_to_pose action: found
[NAV2] Costmap publishing: OK (map lifecycle active)
[NAV2] All systems ready!
[SIM] Final verification: checking navigate_to_pose action...
[SIM] Nav2 started successfully and action server verified!
[SIM] Starting geofence with method: geofence, params: {}, comm_latency_ms: 0
[SIM] Waiting for geofence (20s)...
The daemon has been started
The daemon has been started
[SIM] Geofence started with method: geofence (cmd_vel_guard: False)
[SIM] cmd_vel_guard disabled, starting cmd_vel relay for navigation...
[SIM] Starting cmd_vel relay (cmd_vel_nav → cmd_vel)...
[SIM] cmd_vel relay started
[2026-04-04 11:00:10] [GEOFENCE] Restarting geofence (sigma=0.15, v_max=0.5, tau=0.1, eps=0.003, a_max=2.5)...
[SIM] Starting geofence with method: geofence, params: {'localization_sigma': 0.15, 'v_max': 0.5, 'latency': 0.1, 'epsilon': 0.003, 'a_max': 2.5, 'e_0': 0.03, 'c_1': 0.04, 'enable_estimation_term': True, 'enable_tracking_term': True, 'enable_latency_term': True, 'enable_braking_term': True, 'use_dynamic_v_max': False, 'use_dynamic_tau': False, 'use_dynamic_e_track': False}, comm_latency_ms: 50
[SIM] Waiting for geofence (20s)...
[SIM] Geofence started with method: geofence (cmd_vel_guard: False)
[SIM] cmd_vel_guard disabled, starting cmd_vel relay for navigation...
[SIM] Starting cmd_vel relay (cmd_vel_nav → cmd_vel) (latency=50ms)...
[SIM] cmd_vel relay started (latency=50ms)
[2026-04-04 11:00:38] 
Trial 274/370: S3_geofence_through_center_s13
[2026-04-04 11:00:38]   Goal: (8.00, 0.00)
[2026-04-04 11:00:38]   Goal beyond zone - direct path through zone center (2.0m crossing)
[2026-04-04 11:00:38]   Comm latency: 50ms
[2026-04-04 11:00:38] [RESET] Resetting robot pose to origin...
[RESET] Teleporting robot to (0.0, 0.0, θ=0.0)
[RESET] Cancelling any active navigation goals...
[RESET] Stopping robot movement...
[RESET] Waiting for TF to stabilize...
[RESET] AMCL disabled, correcting map→odom TF after teleport...
[RESET] Odom at (-0.00, -0.00, yaw=0.0°), target (0.00, 0.00, yaw=0.0°)
[RESET] TF correction: tx=0.000, ty=-0.000, yaw=-0.0°
[RESET] Static TF republished with yaw correction
[RESET] Robot pose reset complete
[2026-04-04 11:04:05] [GOAL_DEBUG] decision=timeout, reason=Goal timed out after 180s
[2026-04-04 11:04:05]   Result: timeout (FAIL)
[2026-04-04 11:04:05]   Reason: Goal timed out after 180s
[2026-04-04 11:04:05]   Time: 206.8s
[2026-04-04 11:04:05]   Robot moved: False, path_min_dist: 4.00m
[2026-04-04 11:04:05] [HEALTH] Pre-trial restart (every 1 trials, world=empty.sdf)...
[SIM] Stopping all processes...
[CLEANUP] Starting process cleanup...
[CLEANUP] Complete (killed 1 process groups)
[SIM] All processes stopped
[CLEANUP] Starting process cleanup...
[CLEANUP] Complete (killed 0 process groups)
[DEBUG] restart_with_method called: method=geofence, params={}, world=empty.sdf, guard=False
[SIM] Full restart for method: geofence (world: empty.sdf)
[SIM] Stopping all processes...
[CLEANUP] Starting process cleanup...
[CLEANUP] Complete (killed 0 process groups)
[SIM] All processes stopped
[SIM] Starting Gazebo...
[CLEANUP] Starting process cleanup...
[CLEANUP] Complete (killed 0 process groups)
[SIM] gz sim still alive (1 procs), force-killing PGIDs (attempt 1/5)...
[SIM] gz sim still alive (1 procs), force-killing PGIDs (attempt 2/5)...
[SIM] gz sim still alive (1 procs), force-killing PGIDs (attempt 3/5)...
[SIM] gz sim still alive (1 procs), force-killing PGIDs (attempt 4/5)...
[SIM] gz sim still alive (1 procs), force-killing PGIDs (attempt 5/5)...
[SIM][WARNING] Could not kill all gz sim processes — proceeding anyway
[SIM] Waiting for Gazebo (180s)...
[SIM] Gazebo started successfully
[SIM] robot_state_publisher: running
[SIM] Starting odom relay (odom_real → odom)...
[SIM] Odom relay started
[SIM] Starting scan relay (scan_real → scan)...
[SIM] Scan relay started, verifying /scan topic...
[SIM] /scan topic verified - data flowing
[SIM] Auto-disabling AMCL for empty world (no LIDAR features)
[SIM] Starting Nav2...
[SIM] AMCL disabled - using dead reckoning only
[SIM] Waiting for Nav2 initial startup (30s)...
[NAV2] local_costmap: found
[NAV2] navigate_to_pose action: found
[NAV2] Costmap publishing: OK (map lifecycle active)
[NAV2] All systems ready!
[SIM] Final verification: checking navigate_to_pose action...
[SIM] Nav2 started successfully and action server verified!
[SIM] Starting geofence with method: geofence, params: {}, comm_latency_ms: 0
[SIM] Waiting for geofence (20s)...
[SIM] Geofence started with method: geofence (cmd_vel_guard: False)
[SIM] cmd_vel_guard disabled, starting cmd_vel relay for navigation...
[SIM] Starting cmd_vel relay (cmd_vel_nav → cmd_vel)...
[SIM] cmd_vel relay started
[2026-04-04 11:06:19] [GEOFENCE] Restarting geofence (sigma=0.15, v_max=0.5, tau=0.1, eps=0.003, a_max=2.5)...
[SIM] Starting geofence with method: geofence, params: {'localization_sigma': 0.15, 'v_max': 0.5, 'latency': 0.1, 'epsilon': 0.003, 'a_max': 2.5, 'e_0': 0.03, 'c_1': 0.04, 'enable_estimation_term': True, 'enable_tracking_term': True, 'enable_latency_term': True, 'enable_braking_term': True, 'use_dynamic_v_max': False, 'use_dynamic_tau': False, 'use_dynamic_e_track': False}, comm_latency_ms: 100
[SIM] Waiting for geofence (20s)...
[SIM] Geofence started with method: geofence (cmd_vel_guard: False)
[SIM] cmd_vel_guard disabled, starting cmd_vel relay for navigation...
[SIM] Starting cmd_vel relay (cmd_vel_nav → cmd_vel) (latency=100ms)...
[SIM] cmd_vel relay started (latency=100ms)
[2026-04-04 11:06:47] 
Trial 275/370: S3_geofence_through_center_s14
[2026-04-04 11:06:47]   Goal: (8.00, 0.00)
[2026-04-04 11:06:47]   Goal beyond zone - direct path through zone center (2.0m crossing)
[2026-04-04 11:06:47]   Comm latency: 100ms
[2026-04-04 11:06:47] [RESET] Resetting robot pose to origin...
[RESET] Teleporting robot to (0.0, 0.0, θ=0.0)
[RESET] Cancelling any active navigation goals...
[RESET] Stopping robot movement...
[RESET] Waiting for TF to stabilize...
[RESET] AMCL disabled, correcting map→odom TF after teleport...
[RESET] Odom at (-0.00, -0.00, yaw=0.0°), target (0.00, 0.00, yaw=0.0°)
[RESET] TF correction: tx=0.000, ty=-0.000, yaw=-0.0°
[RESET] Static TF republished with yaw correction
[RESET] Robot pose reset complete
[2026-04-04 11:10:20] [GOAL_DEBUG] decision=timeout, reason=Goal timed out after 180s
[2026-04-04 11:10:20]   Result: timeout (FAIL)
[2026-04-04 11:10:20]   Reason: Goal timed out after 180s
[2026-04-04 11:10:20]   Time: 212.7s
[2026-04-04 11:10:20]   Robot moved: False, path_min_dist: 4.00m
[CHECKPOINT] Saved at trial 275/160
[2026-04-04 11:10:20] [HEALTH] Pre-trial restart (every 1 trials, world=empty.sdf)...
[SIM] Stopping all processes...
[CLEANUP] Starting process cleanup...
[CLEANUP] Complete (killed 1 process groups)
[SIM] All processes stopped
[CLEANUP] Starting process cleanup...
[CLEANUP] Complete (killed 0 process groups)
[DEBUG] restart_with_method called: method=geofence, params={}, world=empty.sdf, guard=False
[SIM] Full restart for method: geofence (world: empty.sdf)
[SIM] Stopping all processes...
[CLEANUP] Starting process cleanup...
[CLEANUP] Complete (killed 0 process groups)
[SIM] All processes stopped
[SIM] Starting Gazebo...
[CLEANUP] Starting process cleanup...
[CLEANUP] Complete (killed 0 process groups)
[SIM] gz sim still alive (1 procs), force-killing PGIDs (attempt 1/5)...
[SIM] gz sim still alive (1 procs), force-killing PGIDs (attempt 2/5)...
[SIM] gz sim still alive (1 procs), force-killing PGIDs (attempt 3/5)...
[SIM] gz sim still alive (1 procs), force-killing PGIDs (attempt 4/5)...
[SIM] gz sim still alive (1 procs), force-killing PGIDs (attempt 5/5)...
[SIM][WARNING] Could not kill all gz sim processes — proceeding anyway
[SIM] Waiting for Gazebo (180s)...
[SIM] Gazebo started successfully
[SIM] robot_state_publisher: running
[SIM] Starting odom relay (odom_real → odom)...
[SIM] Odom relay started
[SIM] Starting scan relay (scan_real → scan)...
[SIM] Scan relay started, verifying /scan topic...
[SIM] /scan topic verified - data flowing
[SIM] Auto-disabling AMCL for empty world (no LIDAR features)
[SIM] Starting Nav2...
[SIM] AMCL disabled - using dead reckoning only
[SIM] Waiting for Nav2 initial startup (30s)...
[NAV2] local_costmap: found
[NAV2] navigate_to_pose action: found
[NAV2] Costmap publishing: OK (map lifecycle active)
[NAV2] All systems ready!
[SIM] Final verification: checking navigate_to_pose action...
[SIM] Nav2 started successfully and action server verified!
The daemon has been started
The daemon has been started
[SIM] Starting geofence with method: geofence, params: {}, comm_latency_ms: 0
[SIM] Waiting for geofence (20s)...
[SIM] Geofence started with method: geofence (cmd_vel_guard: False)
[SIM] cmd_vel_guard disabled, starting cmd_vel relay for navigation...
[SIM] Starting cmd_vel relay (cmd_vel_nav → cmd_vel)...
[SIM] cmd_vel relay started
[2026-04-04 11:12:33] [GEOFENCE] Restarting geofence (sigma=0.15, v_max=0.5, tau=0.1, eps=0.003, a_max=2.5)...
[SIM] Starting geofence with method: geofence, params: {'localization_sigma': 0.15, 'v_max': 0.5, 'latency': 0.1, 'epsilon': 0.003, 'a_max': 2.5, 'e_0': 0.03, 'c_1': 0.04, 'enable_estimation_term': True, 'enable_tracking_term': True, 'enable_latency_term': True, 'enable_braking_term': True, 'use_dynamic_v_max': False, 'use_dynamic_tau': False, 'use_dynamic_e_track': False}, comm_latency_ms: 0
[SIM] Waiting for geofence (20s)...
[SIM] Geofence started with method: geofence (cmd_vel_guard: False)
[SIM] cmd_vel_guard disabled, starting cmd_vel relay for navigation...
[SIM] Starting cmd_vel relay (cmd_vel_nav → cmd_vel)...
[SIM] cmd_vel relay started
[2026-04-04 11:13:02] 
Trial 276/370: S3_geofence_through_center_s15
[2026-04-04 11:13:02]   Goal: (8.00, 0.00)
[2026-04-04 11:13:02]   Goal beyond zone - direct path through zone center (2.0m crossing)
[2026-04-04 11:13:02] [RESET] Resetting robot pose to origin...
[RESET] Teleporting robot to (0.0, 0.0, θ=0.0)
[RESET] Cancelling any active navigation goals...
[RESET] Stopping robot movement...
[RESET] Waiting for TF to stabilize...
[RESET] AMCL disabled, correcting map→odom TF after teleport...
[RESET] Odom at (-0.00, -0.00, yaw=0.0°), target (0.00, 0.00, yaw=0.0°)
[RESET] TF correction: tx=0.000, ty=-0.000, yaw=-0.0°
[RESET] Static TF republished with yaw correction
[RESET] Robot pose reset complete
[2026-04-04 11:16:33] [GOAL_DEBUG] decision=timeout, reason=Goal timed out after 180s
[2026-04-04 11:16:33]   Result: timeout (FAIL)
[2026-04-04 11:16:33]   Reason: Goal timed out after 180s
[2026-04-04 11:16:33]   Time: 211.0s
[2026-04-04 11:16:33]   Robot moved: False, path_min_dist: 4.00m
[2026-04-04 11:16:33] [HEALTH] Pre-trial restart (every 1 trials, world=empty.sdf)...
[SIM] Stopping all processes...
[CLEANUP] Starting process cleanup...
[CLEANUP] Complete (killed 1 process groups)
[SIM] All processes stopped
[CLEANUP] Starting process cleanup...
[CLEANUP] Complete (killed 0 process groups)
[DEBUG] restart_with_method called: method=geofence, params={}, world=empty.sdf, guard=False
[SIM] Full restart for method: geofence (world: empty.sdf)
[SIM] Stopping all processes...
[CLEANUP] Starting process cleanup...
[CLEANUP] Complete (killed 0 process groups)
[SIM] All processes stopped
[SIM] Starting Gazebo...
[CLEANUP] Starting process cleanup...
[CLEANUP] Complete (killed 0 process groups)
[SIM] gz sim still alive (1 procs), force-killing PGIDs (attempt 1/5)...
[SIM] gz sim still alive (1 procs), force-killing PGIDs (attempt 2/5)...
[SIM] gz sim still alive (1 procs), force-killing PGIDs (attempt 3/5)...
[SIM] gz sim still alive (1 procs), force-killing PGIDs (attempt 4/5)...
[SIM] gz sim still alive (1 procs), force-killing PGIDs (attempt 5/5)...
[SIM][WARNING] Could not kill all gz sim processes — proceeding anyway
[SIM] Waiting for Gazebo (180s)...
[SIM] Gazebo started successfully
[SIM] robot_state_publisher: running
[SIM] Starting odom relay (odom_real → odom)...
[SIM] Odom relay started
[SIM] Starting scan relay (scan_real → scan)...
[SIM] Scan relay started, verifying /scan topic...
[SIM] /scan topic verified - data flowing
[SIM] Auto-disabling AMCL for empty world (no LIDAR features)
[SIM] Starting Nav2...
[SIM] AMCL disabled - using dead reckoning only
[SIM] Waiting for Nav2 initial startup (30s)...
[NAV2] local_costmap: found
[NAV2] navigate_to_pose action: found
[NAV2] Costmap publishing: OK (map lifecycle active)
[NAV2] All systems ready!
[SIM] Final verification: checking navigate_to_pose action...
[SIM] Nav2 started successfully and action server verified!
[SIM] Starting geofence with method: geofence, params: {}, comm_latency_ms: 0
[SIM] Waiting for geofence (20s)...
[SIM] Geofence started with method: geofence (cmd_vel_guard: False)
[SIM] cmd_vel_guard disabled, starting cmd_vel relay for navigation...
[SIM] Starting cmd_vel relay (cmd_vel_nav → cmd_vel)...
[SIM] cmd_vel relay started
[2026-04-04 11:18:46] [GEOFENCE] Restarting geofence (sigma=0.15, v_max=0.5, tau=0.1, eps=0.003, a_max=2.5)...
[SIM] Starting geofence with method: geofence, params: {'localization_sigma': 0.15, 'v_max': 0.5, 'latency': 0.1, 'epsilon': 0.003, 'a_max': 2.5, 'e_0': 0.03, 'c_1': 0.04, 'enable_estimation_term': True, 'enable_tracking_term': True, 'enable_latency_term': True, 'enable_braking_term': True, 'use_dynamic_v_max': False, 'use_dynamic_tau': False, 'use_dynamic_e_track': False}, comm_latency_ms: 50
[SIM] Waiting for geofence (20s)...
[SIM] Geofence started with method: geofence (cmd_vel_guard: False)
[SIM] cmd_vel_guard disabled, starting cmd_vel relay for navigation...
[SIM] Starting cmd_vel relay (cmd_vel_nav → cmd_vel) (latency=50ms)...
[SIM] cmd_vel relay started (latency=50ms)
[2026-04-04 11:19:14] 
Trial 277/370: S3_geofence_through_center_s16
[2026-04-04 11:19:14]   Goal: (8.00, 0.00)
[2026-04-04 11:19:14]   Goal beyond zone - direct path through zone center (2.0m crossing)
[2026-04-04 11:19:14]   Comm latency: 50ms
[2026-04-04 11:19:14] [RESET] Resetting robot pose to origin...
[RESET] Teleporting robot to (0.0, 0.0, θ=0.0)
[RESET] Cancelling any active navigation goals...
[RESET] Stopping robot movement...
[RESET] Waiting for TF to stabilize...
[RESET] AMCL disabled, correcting map→odom TF after teleport...
[RESET] Odom at (-0.00, -0.00, yaw=0.0°), target (0.00, 0.00, yaw=0.0°)
[RESET] TF correction: tx=0.000, ty=-0.000, yaw=-0.0°
[RESET] Static TF republished with yaw correction
[RESET] Robot pose reset complete
[2026-04-04 11:22:46] [GOAL_DEBUG] decision=timeout, reason=Goal timed out after 180s
[2026-04-04 11:22:46]   Result: timeout (FAIL)
[2026-04-04 11:22:46]   Reason: Goal timed out after 180s
[2026-04-04 11:22:46]   Time: 211.9s
[2026-04-04 11:22:46]   Robot moved: False, path_min_dist: 4.00m
[2026-04-04 11:22:46] [HEALTH] Pre-trial restart (every 1 trials, world=empty.sdf)...
[SIM] Stopping all processes...
[CLEANUP] Starting process cleanup...
[CLEANUP] Complete (killed 1 process groups)
[SIM] All processes stopped
[CLEANUP] Starting process cleanup...
[CLEANUP] Complete (killed 0 process groups)
[DEBUG] restart_with_method called: method=geofence, params={}, world=empty.sdf, guard=False
[SIM] Full restart for method: geofence (world: empty.sdf)
[SIM] Stopping all processes...
[CLEANUP] Starting process cleanup...
[CLEANUP] Complete (killed 0 process groups)
[SIM] All processes stopped
[SIM] Starting Gazebo...
[CLEANUP] Starting process cleanup...
[CLEANUP] Complete (killed 0 process groups)
[SIM] gz sim still alive (1 procs), force-killing PGIDs (attempt 1/5)...
[SIM] gz sim still alive (1 procs), force-killing PGIDs (attempt 2/5)...
[SIM] gz sim still alive (1 procs), force-killing PGIDs (attempt 3/5)...
[SIM] gz sim still alive (1 procs), force-killing PGIDs (attempt 4/5)...
[SIM] gz sim still alive (1 procs), force-killing PGIDs (attempt 5/5)...
[SIM][WARNING] Could not kill all gz sim processes — proceeding anyway
[SIM] Waiting for Gazebo (180s)...
[SIM] Gazebo started successfully
[SIM] robot_state_publisher: running
[SIM] Starting odom relay (odom_real → odom)...
[SIM] Odom relay started
[SIM] Starting scan relay (scan_real → scan)...
[SIM] Scan relay started, verifying /scan topic...
[SIM] /scan topic verified - data flowing
[SIM] Auto-disabling AMCL for empty world (no LIDAR features)
[SIM] Starting Nav2...
[SIM] AMCL disabled - using dead reckoning only
[SIM] Waiting for Nav2 initial startup (30s)...
[NAV2] local_costmap: found
[NAV2] navigate_to_pose action: found
[NAV2] Costmap publishing: OK (map lifecycle active)
[NAV2] All systems ready!
[SIM] Final verification: checking navigate_to_pose action...
[SIM] Nav2 started successfully and action server verified!
The daemon has been started
The daemon has been started
[SIM] Starting geofence with method: geofence, params: {}, comm_latency_ms: 0
[SIM] Waiting for geofence (20s)...
[SIM] Geofence started with method: geofence (cmd_vel_guard: False)
[SIM] cmd_vel_guard disabled, starting cmd_vel relay for navigation...
[SIM] Starting cmd_vel relay (cmd_vel_nav → cmd_vel)...
[SIM] cmd_vel relay started
[2026-04-04 11:25:00] [GEOFENCE] Restarting geofence (sigma=0.15, v_max=0.5, tau=0.1, eps=0.003, a_max=2.5)...
[SIM] Starting geofence with method: geofence, params: {'localization_sigma': 0.15, 'v_max': 0.5, 'latency': 0.1, 'epsilon': 0.003, 'a_max': 2.5, 'e_0': 0.03, 'c_1': 0.04, 'enable_estimation_term': True, 'enable_tracking_term': True, 'enable_latency_term': True, 'enable_braking_term': True, 'use_dynamic_v_max': False, 'use_dynamic_tau': False, 'use_dynamic_e_track': False}, comm_latency_ms: 100
[SIM] Waiting for geofence (20s)...
[SIM] Geofence started with method: geofence (cmd_vel_guard: False)
[SIM] cmd_vel_guard disabled, starting cmd_vel relay for navigation...
[SIM] Starting cmd_vel relay (cmd_vel_nav → cmd_vel) (latency=100ms)...
[SIM] cmd_vel relay started (latency=100ms)
[2026-04-04 11:25:28] 
Trial 278/370: S3_geofence_through_center_s17
[2026-04-04 11:25:28]   Goal: (8.00, 0.00)
[2026-04-04 11:25:28]   Goal beyond zone - direct path through zone center (2.0m crossing)
[2026-04-04 11:25:28]   Comm latency: 100ms
[2026-04-04 11:25:28] [RESET] Resetting robot pose to origin...
[RESET] Teleporting robot to (0.0, 0.0, θ=0.0)
[RESET] Cancelling any active navigation goals...
[RESET] Stopping robot movement...
[RESET] Waiting for TF to stabilize...
[RESET] AMCL disabled, correcting map→odom TF after teleport...
[RESET] Odom at (-0.00, -0.00, yaw=0.0°), target (0.00, 0.00, yaw=0.0°)
[RESET] TF correction: tx=0.000, ty=-0.000, yaw=-0.0°
[RESET] Static TF republished with yaw correction
[RESET] Robot pose reset complete
[2026-04-04 11:28:59] [GOAL_DEBUG] decision=timeout, reason=Goal timed out after 180s
[2026-04-04 11:28:59]   Result: timeout (FAIL)
[2026-04-04 11:28:59]   Reason: Goal timed out after 180s
[2026-04-04 11:28:59]   Time: 210.4s
[2026-04-04 11:28:59]   Robot moved: False, path_min_dist: 4.00m
[2026-04-04 11:28:59] [HEALTH] Pre-trial restart (every 1 trials, world=empty.sdf)...
[SIM] Stopping all processes...
[CLEANUP] Starting process cleanup...
[CLEANUP] Complete (killed 1 process groups)
[SIM] All processes stopped
[CLEANUP] Starting process cleanup...
[CLEANUP] Complete (killed 0 process groups)
[DEBUG] restart_with_method called: method=geofence, params={}, world=empty.sdf, guard=False
[SIM] Full restart for method: geofence (world: empty.sdf)
[SIM] Stopping all processes...
[CLEANUP] Starting process cleanup...
[CLEANUP] Complete (killed 0 process groups)
[SIM] All processes stopped
[SIM] Starting Gazebo...
[CLEANUP] Starting process cleanup...
[CLEANUP] Complete (killed 0 process groups)
[SIM] gz sim still alive (1 procs), force-killing PGIDs (attempt 1/5)...
[SIM] gz sim still alive (1 procs), force-killing PGIDs (attempt 2/5)...
[SIM] gz sim still alive (1 procs), force-killing PGIDs (attempt 3/5)...
[SIM] gz sim still alive (1 procs), force-killing PGIDs (attempt 4/5)...
[SIM] gz sim still alive (1 procs), force-killing PGIDs (attempt 5/5)...
[SIM][WARNING] Could not kill all gz sim processes — proceeding anyway
[SIM] Waiting for Gazebo (180s)...
[SIM] Gazebo started successfully
[SIM] robot_state_publisher: running
[SIM] Starting odom relay (odom_real → odom)...
[SIM] Odom relay started
[SIM] Starting scan relay (scan_real → scan)...
[SIM] Scan relay started, verifying /scan topic...
[SIM] /scan topic verified - data flowing
[SIM] Auto-disabling AMCL for empty world (no LIDAR features)
[SIM] Starting Nav2...
[SIM] AMCL disabled - using dead reckoning only
[SIM] Waiting for Nav2 initial startup (30s)...
[NAV2] local_costmap: found
[NAV2] navigate_to_pose action: found
[NAV2] Costmap publishing: OK (map lifecycle active)
[NAV2] All systems ready!
[SIM] Final verification: checking navigate_to_pose action...
[SIM] Nav2 started successfully and action server verified!
[SIM] Starting geofence with method: geofence, params: {}, comm_latency_ms: 0
[SIM] Waiting for geofence (20s)...
[SIM] Geofence started with method: geofence (cmd_vel_guard: False)
[SIM] cmd_vel_guard disabled, starting cmd_vel relay for navigation...
[SIM] Starting cmd_vel relay (cmd_vel_nav → cmd_vel)...
[SIM] cmd_vel relay started
[2026-04-04 11:31:13] [WAIT] High system load, waiting...
[WAIT] System busy (load=10.9, mem=17.4%), waiting...
[WAIT] System busy (load=10.2, mem=17.4%), waiting...
[WAIT] System busy (load=9.4, mem=17.3%), waiting...
[WAIT] System busy (load=8.8, mem=17.6%), waiting...
[WAIT] System busy (load=8.1, mem=17.5%), waiting...
[2026-04-04 11:31:38] [GEOFENCE] Restarting geofence (sigma=0.15, v_max=0.5, tau=0.1, eps=0.003, a_max=2.5)...
[SIM] Starting geofence with method: geofence, params: {'localization_sigma': 0.15, 'v_max': 0.5, 'latency': 0.1, 'epsilon': 0.003, 'a_max': 2.5, 'e_0': 0.03, 'c_1': 0.04, 'enable_estimation_term': True, 'enable_tracking_term': True, 'enable_latency_term': True, 'enable_braking_term': True, 'use_dynamic_v_max': False, 'use_dynamic_tau': False, 'use_dynamic_e_track': False}, comm_latency_ms: 0
[SIM] Waiting for geofence (20s)...
[SIM] Geofence started with method: geofence (cmd_vel_guard: False)
[SIM] cmd_vel_guard disabled, starting cmd_vel relay for navigation...
[SIM] Starting cmd_vel relay (cmd_vel_nav → cmd_vel)...
[SIM] cmd_vel relay started
[2026-04-04 11:32:06] 
Trial 279/370: S3_geofence_through_center_s18
[2026-04-04 11:32:06]   Goal: (8.00, 0.00)
[2026-04-04 11:32:06]   Goal beyond zone - direct path through zone center (2.0m crossing)
[2026-04-04 11:32:06] [RESET] Resetting robot pose to origin...
[RESET] Teleporting robot to (0.0, 0.0, θ=0.0)
[RESET] Cancelling any active navigation goals...
[RESET] Stopping robot movement...
[RESET] Waiting for TF to stabilize...
[RESET] AMCL disabled, correcting map→odom TF after teleport...
[RESET] Odom at (-0.00, -0.00, yaw=0.0°), target (0.00, 0.00, yaw=0.0°)
[RESET] TF correction: tx=0.000, ty=-0.000, yaw=-0.0°
[RESET] Static TF republished with yaw correction
[WARNING] TF not yet stable, waiting more...
[RESET] Robot pose reset complete
[2026-04-04 11:35:32] [GOAL_DEBUG] decision=timeout, reason=Goal timed out after 180s
[2026-04-04 11:35:32]   Result: timeout (FAIL)
[2026-04-04 11:35:32]   Reason: Goal timed out after 180s
[2026-04-04 11:35:32]   Time: 205.8s
[2026-04-04 11:35:32]   Robot moved: False, path_min_dist: 4.00m
[2026-04-04 11:35:32] [HEALTH] Pre-trial restart (every 1 trials, world=empty.sdf)...
[SIM] Stopping all processes...
[CLEANUP] Starting process cleanup...
[CLEANUP] Complete (killed 1 process groups)
[SIM] All processes stopped
[CLEANUP] Starting process cleanup...
[CLEANUP] Complete (killed 0 process groups)
[DEBUG] restart_with_method called: method=geofence, params={}, world=empty.sdf, guard=False
[SIM] Full restart for method: geofence (world: empty.sdf)
[SIM] Stopping all processes...
[CLEANUP] Starting process cleanup...
[CLEANUP] Complete (killed 0 process groups)
[SIM] All processes stopped
[SIM] Starting Gazebo...
[CLEANUP] Starting process cleanup...
[CLEANUP] Complete (killed 0 process groups)
[SIM] gz sim still alive (1 procs), force-killing PGIDs (attempt 1/5)...
[SIM] gz sim still alive (1 procs), force-killing PGIDs (attempt 2/5)...
[SIM] gz sim still alive (1 procs), force-killing PGIDs (attempt 3/5)...
[SIM] gz sim still alive (1 procs), force-killing PGIDs (attempt 4/5)...
[SIM] gz sim still alive (1 procs), force-killing PGIDs (attempt 5/5)...
[SIM][WARNING] Could not kill all gz sim processes — proceeding anyway
[SIM] Waiting for Gazebo (180s)...
[SIM] Gazebo started successfully
[SIM] robot_state_publisher: running
[SIM] Starting odom relay (odom_real → odom)...
[SIM] Odom relay started
[SIM] Starting scan relay (scan_real → scan)...
[SIM] Scan relay started, verifying /scan topic...
[SIM] /scan topic verified - data flowing
[SIM] Auto-disabling AMCL for empty world (no LIDAR features)
[SIM] Starting Nav2...
The daemon has been started
[SIM] AMCL disabled - using dead reckoning only
[SIM] Waiting for Nav2 initial startup (30s)...
[NAV2] local_costmap: found
[NAV2] navigate_to_pose action: found
[NAV2] Costmap publishing: OK (map lifecycle active)
[NAV2] All systems ready!
[SIM] Final verification: checking navigate_to_pose action...
[SIM] Nav2 started successfully and action server verified!
[SIM] Starting geofence with method: geofence, params: {}, comm_latency_ms: 0
[SIM] Waiting for geofence (20s)...
[SIM] Geofence started with method: geofence (cmd_vel_guard: False)
[SIM] cmd_vel_guard disabled, starting cmd_vel relay for navigation...
[SIM] Starting cmd_vel relay (cmd_vel_nav → cmd_vel)...
[SIM] cmd_vel relay started
[2026-04-04 11:37:47] [GEOFENCE] Restarting geofence (sigma=0.15, v_max=0.5, tau=0.1, eps=0.003, a_max=2.5)...
[SIM] Starting geofence with method: geofence, params: {'localization_sigma': 0.15, 'v_max': 0.5, 'latency': 0.1, 'epsilon': 0.003, 'a_max': 2.5, 'e_0': 0.03, 'c_1': 0.04, 'enable_estimation_term': True, 'enable_tracking_term': True, 'enable_latency_term': True, 'enable_braking_term': True, 'use_dynamic_v_max': False, 'use_dynamic_tau': False, 'use_dynamic_e_track': False}, comm_latency_ms: 50
[SIM] Waiting for geofence (20s)...
[SIM] Geofence started with method: geofence (cmd_vel_guard: False)
[SIM] cmd_vel_guard disabled, starting cmd_vel relay for navigation...
[SIM] Starting cmd_vel relay (cmd_vel_nav → cmd_vel) (latency=50ms)...
[SIM] cmd_vel relay started (latency=50ms)
[2026-04-04 11:38:15] 
Trial 280/370: S3_geofence_through_center_s19
[2026-04-04 11:38:15]   Goal: (8.00, 0.00)
[2026-04-04 11:38:15]   Goal beyond zone - direct path through zone center (2.0m crossing)
[2026-04-04 11:38:15]   Comm latency: 50ms
[2026-04-04 11:38:15] [RESET] Resetting robot pose to origin...
[RESET] Teleporting robot to (0.0, 0.0, θ=0.0)
[RESET] Cancelling any active navigation goals...
[RESET] Stopping robot movement...
[RESET] Waiting for TF to stabilize...
[RESET] AMCL disabled, correcting map→odom TF after teleport...
[RESET] Odom at (-0.00, -0.00, yaw=0.0°), target (0.00, 0.00, yaw=0.0°)
[RESET] TF correction: tx=0.000, ty=-0.000, yaw=-0.0°
[RESET] Static TF republished with yaw correction
[RESET] Robot pose reset complete
[2026-04-04 11:41:44] [GOAL_DEBUG] decision=timeout, reason=Goal timed out after 180s
[2026-04-04 11:41:44]   Result: timeout (FAIL)
[2026-04-04 11:41:44]   Reason: Goal timed out after 180s
[2026-04-04 11:41:44]   Time: 208.9s
[2026-04-04 11:41:44]   Robot moved: False, path_min_dist: 4.00m
[CHECKPOINT] Saved at trial 280/160
[2026-04-04 11:41:44] [HEALTH] Pre-trial restart (every 1 trials, world=empty.sdf)...
[SIM] Stopping all processes...
[CLEANUP] Starting process cleanup...
[CLEANUP] Complete (killed 1 process groups)
[SIM] All processes stopped
[CLEANUP] Starting process cleanup...
[CLEANUP] Complete (killed 0 process groups)
[DEBUG] restart_with_method called: method=geofence, params={}, world=empty.sdf, guard=False
[SIM] Full restart for method: geofence (world: empty.sdf)
[SIM] Stopping all processes...
[CLEANUP] Starting process cleanup...
[CLEANUP] Complete (killed 0 process groups)
[SIM] All processes stopped
[SIM] Starting Gazebo...
[CLEANUP] Starting process cleanup...
[CLEANUP] Complete (killed 0 process groups)
[SIM] gz sim still alive (1 procs), force-killing PGIDs (attempt 1/5)...
[SIM] gz sim still alive (1 procs), force-killing PGIDs (attempt 2/5)...
[SIM] gz sim still alive (1 procs), force-killing PGIDs (attempt 3/5)...
[SIM] gz sim still alive (1 procs), force-killing PGIDs (attempt 4/5)...
[SIM] gz sim still alive (1 procs), force-killing PGIDs (attempt 5/5)...
[SIM][WARNING] Could not kill all gz sim processes — proceeding anyway
[SIM] Waiting for Gazebo (180s)...
[SIM] Gazebo started successfully
[SIM] robot_state_publisher: running
[SIM] Starting odom relay (odom_real → odom)...
[SIM] Odom relay started
[SIM] Starting scan relay (scan_real → scan)...
[SIM] Scan relay started, verifying /scan topic...
[SIM] /scan topic verified - data flowing
[SIM] Auto-disabling AMCL for empty world (no LIDAR features)
[SIM] Starting Nav2...
[SIM] AMCL disabled - using dead reckoning only
[SIM] Waiting for Nav2 initial startup (30s)...
[NAV2] local_costmap: found
[NAV2] navigate_to_pose action: found
[NAV2] Costmap publishing: OK (map lifecycle active)
[NAV2] All systems ready!
[SIM] Final verification: checking navigate_to_pose action...
[SIM] Nav2 started successfully and action server verified!
[SIM] Starting geofence with method: geofence, params: {}, comm_latency_ms: 0
[SIM] Waiting for geofence (20s)...
[SIM] Geofence started with method: geofence (cmd_vel_guard: False)
[SIM] cmd_vel_guard disabled, starting cmd_vel relay for navigation...
[SIM] Starting cmd_vel relay (cmd_vel_nav → cmd_vel)...
[SIM] cmd_vel relay started
[2026-04-04 11:43:58] [WAIT] High system load, waiting...
[WAIT] System busy (load=10.2, mem=17.3%), waiting...
[WAIT] System busy (load=9.9, mem=17.3%), waiting...
[WAIT] System busy (load=9.9, mem=17.6%), waiting...
[WAIT] System busy (load=9.2, mem=17.5%), waiting...
[WAIT] System busy (load=8.7, mem=17.4%), waiting...
[WAIT] System busy (load=8.2, mem=17.5%), waiting...
[2026-04-04 11:44:28] [GEOFENCE] Restarting geofence (sigma=0.15, v_max=0.5, tau=0.1, eps=0.003, a_max=2.5)...
[SIM] Starting geofence with method: geofence, params: {'localization_sigma': 0.15, 'v_max': 0.5, 'latency': 0.1, 'epsilon': 0.003, 'a_max': 2.5, 'e_0': 0.03, 'c_1': 0.04, 'enable_estimation_term': True, 'enable_tracking_term': True, 'enable_latency_term': True, 'enable_braking_term': True, 'use_dynamic_v_max': False, 'use_dynamic_tau': False, 'use_dynamic_e_track': False}, comm_latency_ms: 50
[SIM] Waiting for geofence (20s)...
[SIM] Geofence started with method: geofence (cmd_vel_guard: False)
[SIM] cmd_vel_guard disabled, starting cmd_vel relay for navigation...
[SIM] Starting cmd_vel relay (cmd_vel_nav → cmd_vel) (latency=50ms)...
[SIM] cmd_vel relay started (latency=50ms)
[2026-04-04 11:44:56] 
Trial 281/370: S3_geofence_clip_boundary_s10
[2026-04-04 11:44:56]   Goal: (7.00, 1.20)
[2026-04-04 11:44:56]   Goal beyond zone - path clips zone upper boundary (1.83m crossing)
[2026-04-04 11:44:56]   Comm latency: 50ms
[2026-04-04 11:44:56] [RESET] Resetting robot pose to origin...
[RESET] Teleporting robot to (0.0, 0.0, θ=0.0)
[RESET] Cancelling any active navigation goals...
[RESET] Stopping robot movement...
[RESET] Waiting for TF to stabilize...
[RESET] AMCL disabled, correcting map→odom TF after teleport...
[RESET] Odom at (-0.00, -0.00, yaw=0.0°), target (0.00, 0.00, yaw=0.0°)
[RESET] TF correction: tx=0.000, ty=-0.000, yaw=-0.0°
[RESET] Static TF republished with yaw correction
[RESET] Robot pose reset complete
[2026-04-04 11:48:25] [GOAL_DEBUG] decision=timeout, reason=Goal timed out after 180s
[2026-04-04 11:48:25]   Result: timeout (FAIL)
[2026-04-04 11:48:25]   Reason: Goal timed out after 180s
[2026-04-04 11:48:25]   Time: 208.6s
[2026-04-04 11:48:25]   Robot moved: False, path_min_dist: 4.00m
[2026-04-04 11:48:25] [HEALTH] Periodic health check...
[2026-04-04 11:48:25] [HEALTH] Load: 4.0, Memory: 17.9%
[NAV2] local_costmap: found
[NAV2] navigate_to_pose action: found
[2026-04-04 11:48:26] [HEALTH] Pre-trial restart (every 1 trials, world=empty.sdf)...
[SIM] Stopping all processes...
[CLEANUP] Starting process cleanup...
[CLEANUP] Complete (killed 1 process groups)
[SIM] All processes stopped
[CLEANUP] Starting process cleanup...
[CLEANUP] Complete (killed 0 process groups)
[DEBUG] restart_with_method called: method=geofence, params={}, world=empty.sdf, guard=False
[SIM] Full restart for method: geofence (world: empty.sdf)
[SIM] Stopping all processes...
[CLEANUP] Starting process cleanup...
[CLEANUP] Complete (killed 0 process groups)
[SIM] All processes stopped
[SIM] Starting Gazebo...
[CLEANUP] Starting process cleanup...
[CLEANUP] Complete (killed 0 process groups)
[SIM] gz sim still alive (1 procs), force-killing PGIDs (attempt 1/5)...
[SIM] gz sim still alive (1 procs), force-killing PGIDs (attempt 2/5)...
The daemon has been started
The daemon has been started
[SIM] gz sim still alive (1 procs), force-killing PGIDs (attempt 3/5)...
[SIM] gz sim still alive (1 procs), force-killing PGIDs (attempt 4/5)...
[SIM] gz sim still alive (1 procs), force-killing PGIDs (attempt 5/5)...
[SIM][WARNING] Could not kill all gz sim processes — proceeding anyway
[SIM] Waiting for Gazebo (180s)...
[SIM] Gazebo started successfully
[SIM] robot_state_publisher: running
[SIM] Starting odom relay (odom_real → odom)...
[SIM] Odom relay started
[SIM] Starting scan relay (scan_real → scan)...
[SIM] Scan relay started, verifying /scan topic...
[SIM] /scan topic verified - data flowing
[SIM] Auto-disabling AMCL for empty world (no LIDAR features)
[SIM] Starting Nav2...
[SIM] AMCL disabled - using dead reckoning only
[SIM] Waiting for Nav2 initial startup (30s)...
[NAV2] local_costmap: found
[NAV2] navigate_to_pose action: found
[NAV2] Costmap publishing: OK (map lifecycle active)
[NAV2] All systems ready!
[SIM] Final verification: checking navigate_to_pose action...
[SIM] Nav2 started successfully and action server verified!
[SIM] Starting geofence with method: geofence, params: {}, comm_latency_ms: 0
[SIM] Waiting for geofence (20s)...
[SIM] Geofence started with method: geofence (cmd_vel_guard: False)
[SIM] cmd_vel_guard disabled, starting cmd_vel relay for navigation...
[SIM] Starting cmd_vel relay (cmd_vel_nav → cmd_vel)...
[SIM] cmd_vel relay started
[2026-04-04 11:50:39] [GEOFENCE] Restarting geofence (sigma=0.15, v_max=0.5, tau=0.1, eps=0.003, a_max=2.5)...
[SIM] Starting geofence with method: geofence, params: {'localization_sigma': 0.15, 'v_max': 0.5, 'latency': 0.1, 'epsilon': 0.003, 'a_max': 2.5, 'e_0': 0.03, 'c_1': 0.04, 'enable_estimation_term': True, 'enable_tracking_term': True, 'enable_latency_term': True, 'enable_braking_term': True, 'use_dynamic_v_max': False, 'use_dynamic_tau': False, 'use_dynamic_e_track': False}, comm_latency_ms: 100
[SIM] Waiting for geofence (20s)...
[SIM] Geofence started with method: geofence (cmd_vel_guard: False)
[SIM] cmd_vel_guard disabled, starting cmd_vel relay for navigation...
[SIM] Starting cmd_vel relay (cmd_vel_nav → cmd_vel) (latency=100ms)...
[SIM] cmd_vel relay started (latency=100ms)
[2026-04-04 11:51:08] 
Trial 282/370: S3_geofence_clip_boundary_s11
[2026-04-04 11:51:08]   Goal: (7.00, 1.20)
[2026-04-04 11:51:08]   Goal beyond zone - path clips zone upper boundary (1.83m crossing)
[2026-04-04 11:51:08]   Comm latency: 100ms
[2026-04-04 11:51:08] [RESET] Resetting robot pose to origin...
[RESET] Teleporting robot to (0.0, 0.0, θ=0.0)
[RESET] Cancelling any active navigation goals...
[RESET] Stopping robot movement...
[RESET] Waiting for TF to stabilize...
[RESET] AMCL disabled, correcting map→odom TF after teleport...
[RESET] Odom at (-0.00, -0.00, yaw=0.0°), target (0.00, 0.00, yaw=0.0°)
[RESET] TF correction: tx=0.000, ty=-0.000, yaw=-0.0°
[RESET] Static TF republished with yaw correction
[RESET] Robot pose reset complete
[2026-04-04 11:54:35] [GOAL_DEBUG] decision=timeout, reason=Goal timed out after 180s
[2026-04-04 11:54:35]   Result: timeout (FAIL)
[2026-04-04 11:54:35]   Reason: Goal timed out after 180s
[2026-04-04 11:54:35]   Time: 207.9s
[2026-04-04 11:54:35]   Robot moved: False, path_min_dist: 4.00m
[2026-04-04 11:54:35] [HEALTH] Pre-trial restart (every 1 trials, world=empty.sdf)...
[SIM] Stopping all processes...
[CLEANUP] Starting process cleanup...
[CLEANUP] Complete (killed 1 process groups)
[SIM] All processes stopped
[CLEANUP] Starting process cleanup...
[CLEANUP] Complete (killed 0 process groups)
[DEBUG] restart_with_method called: method=geofence, params={}, world=empty.sdf, guard=False
[SIM] Full restart for method: geofence (world: empty.sdf)
[SIM] Stopping all processes...
[CLEANUP] Starting process cleanup...
[CLEANUP] Complete (killed 0 process groups)
[SIM] All processes stopped
[SIM] Starting Gazebo...
[CLEANUP] Starting process cleanup...
[CLEANUP] Complete (killed 0 process groups)
[SIM] gz sim still alive (1 procs), force-killing PGIDs (attempt 1/5)...
[SIM] gz sim still alive (1 procs), force-killing PGIDs (attempt 2/5)...
[SIM] gz sim still alive (1 procs), force-killing PGIDs (attempt 3/5)...
[SIM] gz sim still alive (1 procs), force-killing PGIDs (attempt 4/5)...
[SIM] gz sim still alive (1 procs), force-killing PGIDs (attempt 5/5)...
[SIM][WARNING] Could not kill all gz sim processes — proceeding anyway
[SIM] Waiting for Gazebo (180s)...
[SIM] Gazebo started successfully
[SIM] robot_state_publisher: running
[SIM] Starting odom relay (odom_real → odom)...
[SIM] Odom relay started
[SIM] Starting scan relay (scan_real → scan)...
[SIM] Scan relay started, verifying /scan topic...
[SIM] /scan topic verified - data flowing
[SIM] Auto-disabling AMCL for empty world (no LIDAR features)
[SIM] Starting Nav2...
[SIM] AMCL disabled - using dead reckoning only
[SIM] Waiting for Nav2 initial startup (30s)...
[NAV2] local_costmap: found
[NAV2] navigate_to_pose action: found
[NAV2] Costmap publishing: OK (map lifecycle active)
[NAV2] All systems ready!
[SIM] Final verification: checking navigate_to_pose action...
[SIM] Nav2 started successfully and action server verified!
[SIM] Starting geofence with method: geofence, params: {}, comm_latency_ms: 0
[SIM] Waiting for geofence (20s)...
[SIM] Geofence started with method: geofence (cmd_vel_guard: False)
[SIM] cmd_vel_guard disabled, starting cmd_vel relay for navigation...
[SIM] Starting cmd_vel relay (cmd_vel_nav → cmd_vel)...
[SIM] cmd_vel relay started
[2026-04-04 11:56:49] [GEOFENCE] Restarting geofence (sigma=0.15, v_max=0.5, tau=0.1, eps=0.003, a_max=2.5)...
[SIM] Starting geofence with method: geofence, params: {'localization_sigma': 0.15, 'v_max': 0.5, 'latency': 0.1, 'epsilon': 0.003, 'a_max': 2.5, 'e_0': 0.03, 'c_1': 0.04, 'enable_estimation_term': True, 'enable_tracking_term': True, 'enable_latency_term': True, 'enable_braking_term': True, 'use_dynamic_v_max': False, 'use_dynamic_tau': False, 'use_dynamic_e_track': False}, comm_latency_ms: 0
[SIM] Waiting for geofence (20s)...
[SIM] Geofence started with method: geofence (cmd_vel_guard: False)
[SIM] cmd_vel_guard disabled, starting cmd_vel relay for navigation...
[SIM] Starting cmd_vel relay (cmd_vel_nav → cmd_vel)...
[SIM] cmd_vel relay started
[2026-04-04 11:57:18] 
Trial 283/370: S3_geofence_clip_boundary_s12
[2026-04-04 11:57:18]   Goal: (7.00, 1.20)
[2026-04-04 11:57:18]   Goal beyond zone - path clips zone upper boundary (1.83m crossing)
[2026-04-04 11:57:18] [RESET] Resetting robot pose to origin...
[RESET] Teleporting robot to (0.0, 0.0, θ=0.0)
[RESET] Cancelling any active navigation goals...
[RESET] Stopping robot movement...
[RESET] Waiting for TF to stabilize...
[RESET] AMCL disabled, correcting map→odom TF after teleport...
[RESET] Odom at (-0.00, -0.00, yaw=0.0°), target (0.00, 0.00, yaw=0.0°)
[RESET] TF correction: tx=0.000, ty=-0.000, yaw=-0.0°
[RESET] Static TF republished with yaw correction
[RESET] Robot pose reset complete
[2026-04-04 12:00:44] [GOAL_DEBUG] decision=timeout, reason=Goal timed out after 180s
[2026-04-04 12:00:44]   Result: timeout (FAIL)
[2026-04-04 12:00:44]   Reason: Goal timed out after 180s
[2026-04-04 12:00:44]   Time: 206.3s
[2026-04-04 12:00:44]   Robot moved: False, path_min_dist: 4.00m
[2026-04-04 12:00:44] [HEALTH] Pre-trial restart (every 1 trials, world=empty.sdf)...
[SIM] Stopping all processes...
[CLEANUP] Starting process cleanup...
[CLEANUP] Complete (killed 1 process groups)
[SIM] All processes stopped
[CLEANUP] Starting process cleanup...
[CLEANUP] Complete (killed 0 process groups)
[DEBUG] restart_with_method called: method=geofence, params={}, world=empty.sdf, guard=False
[SIM] Full restart for method: geofence (world: empty.sdf)
[SIM] Stopping all processes...
[CLEANUP] Starting process cleanup...
[CLEANUP] Complete (killed 0 process groups)
[SIM] All processes stopped
[SIM] Starting Gazebo...
[CLEANUP] Starting process cleanup...
[CLEANUP] Complete (killed 0 process groups)
[SIM] gz sim still alive (1 procs), force-killing PGIDs (attempt 1/5)...
[SIM] gz sim still alive (1 procs), force-killing PGIDs (attempt 2/5)...
The daemon has been started
The daemon has been started
[SIM] gz sim still alive (1 procs), force-killing PGIDs (attempt 3/5)...
[SIM] gz sim still alive (1 procs), force-killing PGIDs (attempt 4/5)...
[SIM] gz sim still alive (1 procs), force-killing PGIDs (attempt 5/5)...
[SIM][WARNING] Could not kill all gz sim processes — proceeding anyway
[SIM] Waiting for Gazebo (180s)...
[SIM] Gazebo started successfully
[SIM] robot_state_publisher: running
[SIM] Starting odom relay (odom_real → odom)...
[SIM] Odom relay started
[SIM] Starting scan relay (scan_real → scan)...
[SIM] Scan relay started, verifying /scan topic...
[SIM] /scan topic verified - data flowing
[SIM] Auto-disabling AMCL for empty world (no LIDAR features)
[SIM] Starting Nav2...
[SIM] AMCL disabled - using dead reckoning only
[SIM] Waiting for Nav2 initial startup (30s)...
[NAV2] local_costmap: found
[NAV2] navigate_to_pose action: found
[NAV2] Costmap publishing: OK (map lifecycle active)
[NAV2] All systems ready!
[SIM] Final verification: checking navigate_to_pose action...
[SIM] Nav2 started successfully and action server verified!
[SIM] Starting geofence with method: geofence, params: {}, comm_latency_ms: 0
[SIM] Waiting for geofence (20s)...
[SIM] Geofence started with method: geofence (cmd_vel_guard: False)
[SIM] cmd_vel_guard disabled, starting cmd_vel relay for navigation...
[SIM] Starting cmd_vel relay (cmd_vel_nav → cmd_vel)...
[SIM] cmd_vel relay started
[2026-04-04 12:02:58] [GEOFENCE] Restarting geofence (sigma=0.15, v_max=0.5, tau=0.1, eps=0.003, a_max=2.5)...
[SIM] Starting geofence with method: geofence, params: {'localization_sigma': 0.15, 'v_max': 0.5, 'latency': 0.1, 'epsilon': 0.003, 'a_max': 2.5, 'e_0': 0.03, 'c_1': 0.04, 'enable_estimation_term': True, 'enable_tracking_term': True, 'enable_latency_term': True, 'enable_braking_term': True, 'use_dynamic_v_max': False, 'use_dynamic_tau': False, 'use_dynamic_e_track': False}, comm_latency_ms: 50
[SIM] Waiting for geofence (20s)...
[SIM] Geofence started with method: geofence (cmd_vel_guard: False)
[SIM] cmd_vel_guard disabled, starting cmd_vel relay for navigation...
[SIM] Starting cmd_vel relay (cmd_vel_nav → cmd_vel) (latency=50ms)...
[SIM] cmd_vel relay started (latency=50ms)
[2026-04-04 12:03:26] 
Trial 284/370: S3_geofence_clip_boundary_s13
[2026-04-04 12:03:26]   Goal: (7.00, 1.20)
[2026-04-04 12:03:26]   Goal beyond zone - path clips zone upper boundary (1.83m crossing)
[2026-04-04 12:03:26]   Comm latency: 50ms
[2026-04-04 12:03:26] [RESET] Resetting robot pose to origin...
[RESET] Teleporting robot to (0.0, 0.0, θ=0.0)
[RESET] Cancelling any active navigation goals...
[RESET] Stopping robot movement...
[RESET] Waiting for TF to stabilize...
[RESET] AMCL disabled, correcting map→odom TF after teleport...
[RESET] Odom at (-0.00, -0.00, yaw=0.0°), target (0.00, 0.00, yaw=0.0°)
[RESET] TF correction: tx=0.000, ty=-0.000, yaw=-0.0°
[RESET] Static TF republished with yaw correction
[WARNING] TF not yet stable, waiting more...
[RESET] Robot pose reset complete
[2026-04-04 12:07:00] [GOAL_DEBUG] decision=timeout, reason=Goal timed out after 180s
[2026-04-04 12:07:00]   Result: timeout (FAIL)
[2026-04-04 12:07:00]   Reason: Goal timed out after 180s
[2026-04-04 12:07:00]   Time: 213.8s
[2026-04-04 12:07:00]   Robot moved: False, path_min_dist: 4.00m
[2026-04-04 12:07:00] [HEALTH] Pre-trial restart (every 1 trials, world=empty.sdf)...
[SIM] Stopping all processes...
[CLEANUP] Starting process cleanup...
[CLEANUP] Complete (killed 1 process groups)
[SIM] All processes stopped
[CLEANUP] Starting process cleanup...
[CLEANUP] Complete (killed 0 process groups)
[DEBUG] restart_with_method called: method=geofence, params={}, world=empty.sdf, guard=False
[SIM] Full restart for method: geofence (world: empty.sdf)
[SIM] Stopping all processes...
[CLEANUP] Starting process cleanup...
[CLEANUP] Complete (killed 0 process groups)
[SIM] All processes stopped
[SIM] Starting Gazebo...
[CLEANUP] Starting process cleanup...
[CLEANUP] Complete (killed 0 process groups)
[SIM] gz sim still alive (1 procs), force-killing PGIDs (attempt 1/5)...
[SIM] gz sim still alive (1 procs), force-killing PGIDs (attempt 2/5)...
[SIM] gz sim still alive (1 procs), force-killing PGIDs (attempt 3/5)...
[SIM] gz sim still alive (1 procs), force-killing PGIDs (attempt 4/5)...
[SIM] gz sim still alive (1 procs), force-killing PGIDs (attempt 5/5)...
[SIM][WARNING] Could not kill all gz sim processes — proceeding anyway
[SIM] Waiting for Gazebo (180s)...
[SIM] Gazebo started successfully
[SIM] robot_state_publisher: running
[SIM] Starting odom relay (odom_real → odom)...
[SIM] Odom relay started
[SIM] Starting scan relay (scan_real → scan)...
[SIM] Scan relay started, verifying /scan topic...
[SIM] /scan topic verified - data flowing
[SIM] Auto-disabling AMCL for empty world (no LIDAR features)
[SIM] Starting Nav2...
[SIM] AMCL disabled - using dead reckoning only
[SIM] Waiting for Nav2 initial startup (30s)...
[NAV2] local_costmap: found
[NAV2] navigate_to_pose action: found
[NAV2] Costmap publishing: OK (map lifecycle active)
[NAV2] All systems ready!
[SIM] Final verification: checking navigate_to_pose action...
[SIM] Nav2 started successfully and action server verified!
[SIM] Starting geofence with method: geofence, params: {}, comm_latency_ms: 0
[SIM] Waiting for geofence (20s)...
[SIM] Geofence started with method: geofence (cmd_vel_guard: False)
[SIM] cmd_vel_guard disabled, starting cmd_vel relay for navigation...
[SIM] Starting cmd_vel relay (cmd_vel_nav → cmd_vel)...
[SIM] cmd_vel relay started
[2026-04-04 12:09:13] [GEOFENCE] Restarting geofence (sigma=0.15, v_max=0.5, tau=0.1, eps=0.003, a_max=2.5)...
[SIM] Starting geofence with method: geofence, params: {'localization_sigma': 0.15, 'v_max': 0.5, 'latency': 0.1, 'epsilon': 0.003, 'a_max': 2.5, 'e_0': 0.03, 'c_1': 0.04, 'enable_estimation_term': True, 'enable_tracking_term': True, 'enable_latency_term': True, 'enable_braking_term': True, 'use_dynamic_v_max': False, 'use_dynamic_tau': False, 'use_dynamic_e_track': False}, comm_latency_ms: 100
[SIM] Waiting for geofence (20s)...
[SIM] Geofence started with method: geofence (cmd_vel_guard: False)
[SIM] cmd_vel_guard disabled, starting cmd_vel relay for navigation...
[SIM] Starting cmd_vel relay (cmd_vel_nav → cmd_vel) (latency=100ms)...
[SIM] cmd_vel relay started (latency=100ms)
[2026-04-04 12:09:42] 
Trial 285/370: S3_geofence_clip_boundary_s14
[2026-04-04 12:09:42]   Goal: (7.00, 1.20)
[2026-04-04 12:09:42]   Goal beyond zone - path clips zone upper boundary (1.83m crossing)
[2026-04-04 12:09:42]   Comm latency: 100ms
[2026-04-04 12:09:42] [RESET] Resetting robot pose to origin...
[RESET] Teleporting robot to (0.0, 0.0, θ=0.0)
[RESET] Cancelling any active navigation goals...
[RESET] Stopping robot movement...
[RESET] Waiting for TF to stabilize...
[RESET] AMCL disabled, correcting map→odom TF after teleport...
[RESET] Odom at (-0.00, -0.00, yaw=0.0°), target (0.00, 0.00, yaw=0.0°)
[RESET] TF correction: tx=0.000, ty=-0.000, yaw=-0.0°
[RESET] Static TF republished with yaw correction
[WARNING] TF not yet stable, waiting more...
[RESET] Robot pose reset complete
[2026-04-04 12:13:19] [GOAL_DEBUG] decision=timeout, reason=Goal timed out after 180s
[2026-04-04 12:13:19]   Result: timeout (FAIL)
[2026-04-04 12:13:19]   Reason: Goal timed out after 180s
[2026-04-04 12:13:19]   Time: 217.7s
[2026-04-04 12:13:19]   Robot moved: False, path_min_dist: 4.00m
[CHECKPOINT] Saved at trial 285/160
[2026-04-04 12:13:19] [HEALTH] Pre-trial restart (every 1 trials, world=empty.sdf)...
[SIM] Stopping all processes...
[CLEANUP] Starting process cleanup...
[CLEANUP] Complete (killed 1 process groups)
[SIM] All processes stopped
[CLEANUP] Starting process cleanup...
[CLEANUP] Complete (killed 0 process groups)
[DEBUG] restart_with_method called: method=geofence, params={}, world=empty.sdf, guard=False
[SIM] Full restart for method: geofence (world: empty.sdf)
[SIM] Stopping all processes...
[CLEANUP] Starting process cleanup...
[CLEANUP] Complete (killed 0 process groups)
[SIM] All processes stopped
[SIM] Starting Gazebo...
[CLEANUP] Starting process cleanup...
The daemon has been started
The daemon has been started
[CLEANUP] Complete (killed 0 process groups)
[SIM] gz sim still alive (1 procs), force-killing PGIDs (attempt 1/5)...
[SIM] gz sim still alive (1 procs), force-killing PGIDs (attempt 2/5)...
[SIM] gz sim still alive (1 procs), force-killing PGIDs (attempt 3/5)...
[SIM] gz sim still alive (1 procs), force-killing PGIDs (attempt 4/5)...
[SIM] gz sim still alive (1 procs), force-killing PGIDs (attempt 5/5)...
[SIM][WARNING] Could not kill all gz sim processes — proceeding anyway
[SIM] Waiting for Gazebo (180s)...
[SIM] Gazebo started successfully
[SIM] robot_state_publisher: running
[SIM] Starting odom relay (odom_real → odom)...
[SIM] Odom relay started
[SIM] Starting scan relay (scan_real → scan)...
[SIM] Scan relay started, verifying /scan topic...
[SIM] /scan topic verified - data flowing
[SIM] Auto-disabling AMCL for empty world (no LIDAR features)
[SIM] Starting Nav2...
[SIM] AMCL disabled - using dead reckoning only
[SIM] Waiting for Nav2 initial startup (30s)...
[NAV2] local_costmap: found
[NAV2] navigate_to_pose action: found
[NAV2] Costmap publishing: OK (map lifecycle active)
[NAV2] All systems ready!
[SIM] Final verification: checking navigate_to_pose action...
[SIM] Nav2 started successfully and action server verified!
[SIM] Starting geofence with method: geofence, params: {}, comm_latency_ms: 0
[SIM] Waiting for geofence (20s)...
[SIM] Geofence started with method: geofence (cmd_vel_guard: False)
[SIM] cmd_vel_guard disabled, starting cmd_vel relay for navigation...
[SIM] Starting cmd_vel relay (cmd_vel_nav → cmd_vel)...
[SIM] cmd_vel relay started
[2026-04-04 12:15:33] [GEOFENCE] Restarting geofence (sigma=0.15, v_max=0.5, tau=0.1, eps=0.003, a_max=2.5)...
[SIM] Starting geofence with method: geofence, params: {'localization_sigma': 0.15, 'v_max': 0.5, 'latency': 0.1, 'epsilon': 0.003, 'a_max': 2.5, 'e_0': 0.03, 'c_1': 0.04, 'enable_estimation_term': True, 'enable_tracking_term': True, 'enable_latency_term': True, 'enable_braking_term': True, 'use_dynamic_v_max': False, 'use_dynamic_tau': False, 'use_dynamic_e_track': False}, comm_latency_ms: 0
[SIM] Waiting for geofence (20s)...
[SIM] Geofence started with method: geofence (cmd_vel_guard: False)
[SIM] cmd_vel_guard disabled, starting cmd_vel relay for navigation...
[SIM] Starting cmd_vel relay (cmd_vel_nav → cmd_vel)...
[SIM] cmd_vel relay started
[2026-04-04 12:16:01] 
Trial 286/370: S3_geofence_clip_boundary_s15
[2026-04-04 12:16:01]   Goal: (7.00, 1.20)
[2026-04-04 12:16:01]   Goal beyond zone - path clips zone upper boundary (1.83m crossing)
[2026-04-04 12:16:01] [RESET] Resetting robot pose to origin...
[RESET] Teleporting robot to (0.0, 0.0, θ=0.0)
[RESET] Cancelling any active navigation goals...
[RESET] Stopping robot movement...
[RESET] Waiting for TF to stabilize...
[RESET] AMCL disabled, correcting map→odom TF after teleport...
[RESET] Odom at (-0.00, -0.00, yaw=0.0°), target (0.00, 0.00, yaw=0.0°)
[RESET] TF correction: tx=0.000, ty=-0.000, yaw=-0.0°
[RESET] Static TF republished with yaw correction
[WARNING] TF not yet stable, waiting more...
[RESET] Robot pose reset complete
[2026-04-04 12:19:26] [GOAL_DEBUG] decision=timeout, reason=Goal timed out after 180s
[2026-04-04 12:19:26]   Result: timeout (FAIL)
[2026-04-04 12:19:26]   Reason: Goal timed out after 180s
[2026-04-04 12:19:26]   Time: 205.0s
[2026-04-04 12:19:26]   Robot moved: False, path_min_dist: 4.00m
[2026-04-04 12:19:26] [HEALTH] Pre-trial restart (every 1 trials, world=empty.sdf)...
[SIM] Stopping all processes...
[CLEANUP] Starting process cleanup...
[CLEANUP] Complete (killed 1 process groups)
[SIM] All processes stopped
[CLEANUP] Starting process cleanup...
[CLEANUP] Complete (killed 0 process groups)
[DEBUG] restart_with_method called: method=geofence, params={}, world=empty.sdf, guard=False
[SIM] Full restart for method: geofence (world: empty.sdf)
[SIM] Stopping all processes...
[CLEANUP] Starting process cleanup...
[CLEANUP] Complete (killed 0 process groups)
[SIM] All processes stopped
[SIM] Starting Gazebo...
[CLEANUP] Starting process cleanup...
[CLEANUP] Complete (killed 0 process groups)
[SIM] gz sim still alive (1 procs), force-killing PGIDs (attempt 1/5)...
[SIM] gz sim still alive (1 procs), force-killing PGIDs (attempt 2/5)...
[SIM] gz sim still alive (1 procs), force-killing PGIDs (attempt 3/5)...
[SIM] gz sim still alive (1 procs), force-killing PGIDs (attempt 4/5)...
[SIM] gz sim still alive (1 procs), force-killing PGIDs (attempt 5/5)...
[SIM][WARNING] Could not kill all gz sim processes — proceeding anyway
[SIM] Waiting for Gazebo (180s)...
[SIM] Gazebo started successfully
[SIM] robot_state_publisher: running
[SIM] Starting odom relay (odom_real → odom)...
[SIM] Odom relay started
[SIM] Starting scan relay (scan_real → scan)...
[SIM] Scan relay started, verifying /scan topic...
[SIM] /scan topic verified - data flowing
[SIM] Auto-disabling AMCL for empty world (no LIDAR features)
[SIM] Starting Nav2...
[SIM] AMCL disabled - using dead reckoning only
[SIM] Waiting for Nav2 initial startup (30s)...
[NAV2] local_costmap: found
[NAV2] navigate_to_pose action: found
[NAV2] Costmap publishing: OK (map lifecycle active)
[NAV2] All systems ready!
[SIM] Final verification: checking navigate_to_pose action...
[SIM] Nav2 started successfully and action server verified!
[SIM] Starting geofence with method: geofence, params: {}, comm_latency_ms: 0
[SIM] Waiting for geofence (20s)...
[SIM] Geofence started with method: geofence (cmd_vel_guard: False)
[SIM] cmd_vel_guard disabled, starting cmd_vel relay for navigation...
[SIM] Starting cmd_vel relay (cmd_vel_nav → cmd_vel)...
[SIM] cmd_vel relay started
[2026-04-04 12:21:40] [GEOFENCE] Restarting geofence (sigma=0.15, v_max=0.5, tau=0.1, eps=0.003, a_max=2.5)...
[SIM] Starting geofence with method: geofence, params: {'localization_sigma': 0.15, 'v_max': 0.5, 'latency': 0.1, 'epsilon': 0.003, 'a_max': 2.5, 'e_0': 0.03, 'c_1': 0.04, 'enable_estimation_term': True, 'enable_tracking_term': True, 'enable_latency_term': True, 'enable_braking_term': True, 'use_dynamic_v_max': False, 'use_dynamic_tau': False, 'use_dynamic_e_track': False}, comm_latency_ms: 50
[SIM] Waiting for geofence (20s)...
[SIM] Geofence started with method: geofence (cmd_vel_guard: False)
[SIM] cmd_vel_guard disabled, starting cmd_vel relay for navigation...
[SIM] Starting cmd_vel relay (cmd_vel_nav → cmd_vel) (latency=50ms)...
[SIM] cmd_vel relay started (latency=50ms)
[2026-04-04 12:22:08] 
Trial 287/370: S3_geofence_clip_boundary_s16
[2026-04-04 12:22:08]   Goal: (7.00, 1.20)
[2026-04-04 12:22:08]   Goal beyond zone - path clips zone upper boundary (1.83m crossing)
[2026-04-04 12:22:08]   Comm latency: 50ms
[2026-04-04 12:22:08] [RESET] Resetting robot pose to origin...
[RESET] Teleporting robot to (0.0, 0.0, θ=0.0)
[RESET] Cancelling any active navigation goals...
[RESET] Stopping robot movement...
[RESET] Waiting for TF to stabilize...
[RESET] AMCL disabled, correcting map→odom TF after teleport...
[RESET] Odom at (-0.00, -0.00, yaw=0.0°), target (0.00, 0.00, yaw=0.0°)
[RESET] TF correction: tx=0.000, ty=-0.000, yaw=-0.0°
[RESET] Static TF republished with yaw correction
[RESET] Robot pose reset complete
[2026-04-04 12:25:39] [GOAL_DEBUG] decision=timeout, reason=Goal timed out after 180s
[2026-04-04 12:25:39]   Result: timeout (FAIL)
[2026-04-04 12:25:39]   Reason: Goal timed out after 180s
[2026-04-04 12:25:39]   Time: 211.0s
[2026-04-04 12:25:39]   Robot moved: False, path_min_dist: 4.00m
[2026-04-04 12:25:39] [HEALTH] Pre-trial restart (every 1 trials, world=empty.sdf)...
[SIM] Stopping all processes...
[CLEANUP] Starting process cleanup...
[CLEANUP] Complete (killed 1 process groups)
[SIM] All processes stopped
[CLEANUP] Starting process cleanup...
[CLEANUP] Complete (killed 0 process groups)
[DEBUG] restart_with_method called: method=geofence, params={}, world=empty.sdf, guard=False
[SIM] Full restart for method: geofence (world: empty.sdf)
[SIM] Stopping all processes...
[CLEANUP] Starting process cleanup...
[CLEANUP] Complete (killed 0 process groups)
[SIM] All processes stopped
[SIM] Starting Gazebo...
The daemon has been started
The daemon has been started
[CLEANUP] Starting process cleanup...
[CLEANUP] Complete (killed 0 process groups)
[SIM] gz sim still alive (1 procs), force-killing PGIDs (attempt 1/5)...
[SIM] gz sim still alive (1 procs), force-killing PGIDs (attempt 2/5)...
[SIM] gz sim still alive (1 procs), force-killing PGIDs (attempt 3/5)...
[SIM] gz sim still alive (1 procs), force-killing PGIDs (attempt 4/5)...
[SIM] gz sim still alive (1 procs), force-killing PGIDs (attempt 5/5)...
[SIM][WARNING] Could not kill all gz sim processes — proceeding anyway
[SIM] Waiting for Gazebo (180s)...
[SIM] Gazebo started successfully
[SIM] robot_state_publisher: running
[SIM] Starting odom relay (odom_real → odom)...
[SIM] Odom relay started
[SIM] Starting scan relay (scan_real → scan)...
[SIM] Scan relay started, verifying /scan topic...
[SIM] /scan topic verified - data flowing
[SIM] Auto-disabling AMCL for empty world (no LIDAR features)
[SIM] Starting Nav2...
[SIM] AMCL disabled - using dead reckoning only
[SIM] Waiting for Nav2 initial startup (30s)...
[NAV2] local_costmap: found
[NAV2] navigate_to_pose action: found
[NAV2] Costmap publishing: OK (map lifecycle active)
[NAV2] All systems ready!
[SIM] Final verification: checking navigate_to_pose action...
[SIM] Nav2 started successfully and action server verified!
[SIM] Starting geofence with method: geofence, params: {}, comm_latency_ms: 0
[SIM] Waiting for geofence (20s)...
[SIM] Geofence started with method: geofence (cmd_vel_guard: False)
[SIM] cmd_vel_guard disabled, starting cmd_vel relay for navigation...
[SIM] Starting cmd_vel relay (cmd_vel_nav → cmd_vel)...
[SIM] cmd_vel relay started
[2026-04-04 12:27:53] [GEOFENCE] Restarting geofence (sigma=0.15, v_max=0.5, tau=0.1, eps=0.003, a_max=2.5)...
[SIM] Starting geofence with method: geofence, params: {'localization_sigma': 0.15, 'v_max': 0.5, 'latency': 0.1, 'epsilon': 0.003, 'a_max': 2.5, 'e_0': 0.03, 'c_1': 0.04, 'enable_estimation_term': True, 'enable_tracking_term': True, 'enable_latency_term': True, 'enable_braking_term': True, 'use_dynamic_v_max': False, 'use_dynamic_tau': False, 'use_dynamic_e_track': False}, comm_latency_ms: 100
[SIM] Waiting for geofence (20s)...
[SIM] Geofence started with method: geofence (cmd_vel_guard: False)
[SIM] cmd_vel_guard disabled, starting cmd_vel relay for navigation...
[SIM] Starting cmd_vel relay (cmd_vel_nav → cmd_vel) (latency=100ms)...
[SIM] cmd_vel relay started (latency=100ms)
[2026-04-04 12:28:21] 
Trial 288/370: S3_geofence_clip_boundary_s17
[2026-04-04 12:28:21]   Goal: (7.00, 1.20)
[2026-04-04 12:28:21]   Goal beyond zone - path clips zone upper boundary (1.83m crossing)
[2026-04-04 12:28:21]   Comm latency: 100ms
[2026-04-04 12:28:21] [RESET] Resetting robot pose to origin...
[RESET] Teleporting robot to (0.0, 0.0, θ=0.0)
[RESET] Cancelling any active navigation goals...
[RESET] Stopping robot movement...
[RESET] Waiting for TF to stabilize...
[RESET] AMCL disabled, correcting map→odom TF after teleport...
[RESET] Odom at (-0.00, -0.00, yaw=0.0°), target (0.00, 0.00, yaw=0.0°)
[RESET] TF correction: tx=0.000, ty=-0.000, yaw=-0.0°
[RESET] Static TF republished with yaw correction
[RESET] Robot pose reset complete
[2026-04-04 12:31:54] [GOAL_DEBUG] decision=timeout, reason=Goal timed out after 180s
[2026-04-04 12:31:54]   Result: timeout (FAIL)
[2026-04-04 12:31:54]   Reason: Goal timed out after 180s
[2026-04-04 12:31:54]   Time: 212.5s
[2026-04-04 12:31:54]   Robot moved: False, path_min_dist: 4.00m
[2026-04-04 12:31:54] [HEALTH] Pre-trial restart (every 1 trials, world=empty.sdf)...
[SIM] Stopping all processes...
[CLEANUP] Starting process cleanup...
[CLEANUP] Complete (killed 1 process groups)
[SIM] All processes stopped
[CLEANUP] Starting process cleanup...
[CLEANUP] Complete (killed 0 process groups)
[DEBUG] restart_with_method called: method=geofence, params={}, world=empty.sdf, guard=False
[SIM] Full restart for method: geofence (world: empty.sdf)
[SIM] Stopping all processes...
[CLEANUP] Starting process cleanup...
[CLEANUP] Complete (killed 0 process groups)
[SIM] All processes stopped
[SIM] Starting Gazebo...
[CLEANUP] Starting process cleanup...
[CLEANUP] Complete (killed 0 process groups)
[SIM] gz sim still alive (1 procs), force-killing PGIDs (attempt 1/5)...
[SIM] gz sim still alive (1 procs), force-killing PGIDs (attempt 2/5)...
[SIM] gz sim still alive (1 procs), force-killing PGIDs (attempt 3/5)...
[SIM] gz sim still alive (1 procs), force-killing PGIDs (attempt 4/5)...
[SIM] gz sim still alive (1 procs), force-killing PGIDs (attempt 5/5)...
[SIM][WARNING] Could not kill all gz sim processes — proceeding anyway
[SIM] Waiting for Gazebo (180s)...
[SIM] Gazebo started successfully
[SIM] robot_state_publisher: running
[SIM] Starting odom relay (odom_real → odom)...
[SIM] Odom relay started
[SIM] Starting scan relay (scan_real → scan)...
[SIM] Scan relay started, verifying /scan topic...
[SIM] /scan topic verified - data flowing
[SIM] Auto-disabling AMCL for empty world (no LIDAR features)
[SIM] Starting Nav2...
[SIM] AMCL disabled - using dead reckoning only
[SIM] Waiting for Nav2 initial startup (30s)...
[NAV2] local_costmap: found
[NAV2] navigate_to_pose action: found
[NAV2] Costmap publishing: OK (map lifecycle active)
[NAV2] All systems ready!
[SIM] Final verification: checking navigate_to_pose action...
[SIM] Nav2 started successfully and action server verified!
[SIM] Starting geofence with method: geofence, params: {}, comm_latency_ms: 0
[SIM] Waiting for geofence (20s)...
[SIM] Geofence started with method: geofence (cmd_vel_guard: False)
[SIM] cmd_vel_guard disabled, starting cmd_vel relay for navigation...
[SIM] Starting cmd_vel relay (cmd_vel_nav → cmd_vel)...
[SIM] cmd_vel relay started
[2026-04-04 12:34:08] [GEOFENCE] Restarting geofence (sigma=0.15, v_max=0.5, tau=0.1, eps=0.003, a_max=2.5)...
[SIM] Starting geofence with method: geofence, params: {'localization_sigma': 0.15, 'v_max': 0.5, 'latency': 0.1, 'epsilon': 0.003, 'a_max': 2.5, 'e_0': 0.03, 'c_1': 0.04, 'enable_estimation_term': True, 'enable_tracking_term': True, 'enable_latency_term': True, 'enable_braking_term': True, 'use_dynamic_v_max': False, 'use_dynamic_tau': False, 'use_dynamic_e_track': False}, comm_latency_ms: 0
[SIM] Waiting for geofence (20s)...
[SIM] Geofence started with method: geofence (cmd_vel_guard: False)
[SIM] cmd_vel_guard disabled, starting cmd_vel relay for navigation...
[SIM] Starting cmd_vel relay (cmd_vel_nav → cmd_vel)...
[SIM] cmd_vel relay started
[2026-04-04 12:34:36] 
Trial 289/370: S3_geofence_clip_boundary_s18
[2026-04-04 12:34:36]   Goal: (7.00, 1.20)
[2026-04-04 12:34:36]   Goal beyond zone - path clips zone upper boundary (1.83m crossing)
[2026-04-04 12:34:36] [RESET] Resetting robot pose to origin...
[RESET] Teleporting robot to (0.0, 0.0, θ=0.0)
[RESET] Cancelling any active navigation goals...
[RESET] Stopping robot movement...
[RESET] Waiting for TF to stabilize...
[RESET] AMCL disabled, correcting map→odom TF after teleport...
[RESET] Odom at (-0.00, -0.00, yaw=0.0°), target (0.00, 0.00, yaw=0.0°)
[RESET] TF correction: tx=0.000, ty=-0.000, yaw=-0.0°
[RESET] Static TF republished with yaw correction
[RESET] Robot pose reset complete
[2026-04-04 12:38:06] [GOAL_DEBUG] decision=timeout, reason=Goal timed out after 180s
[2026-04-04 12:38:06]   Result: timeout (FAIL)
[2026-04-04 12:38:06]   Reason: Goal timed out after 180s
[2026-04-04 12:38:06]   Time: 209.9s
[2026-04-04 12:38:06]   Robot moved: False, path_min_dist: 4.00m
[2026-04-04 12:38:06] [HEALTH] Pre-trial restart (every 1 trials, world=empty.sdf)...
[SIM] Stopping all processes...
[CLEANUP] Starting process cleanup...
[CLEANUP] Complete (killed 1 process groups)
[SIM] All processes stopped
[CLEANUP] Starting process cleanup...
[CLEANUP] Complete (killed 0 process groups)
[DEBUG] restart_with_method called: method=geofence, params={}, world=empty.sdf, guard=False
[SIM] Full restart for method: geofence (world: empty.sdf)
[SIM] Stopping all processes...
[CLEANUP] Starting process cleanup...
[CLEANUP] Complete (killed 0 process groups)
[SIM] All processes stopped
[SIM] Starting Gazebo...
The daemon has been started
The daemon has been started
[CLEANUP] Starting process cleanup...
[CLEANUP] Complete (killed 0 process groups)
[SIM] gz sim still alive (1 procs), force-killing PGIDs (attempt 1/5)...
[SIM] gz sim still alive (1 procs), force-killing PGIDs (attempt 2/5)...
[SIM] gz sim still alive (1 procs), force-killing PGIDs (attempt 3/5)...
[SIM] gz sim still alive (1 procs), force-killing PGIDs (attempt 4/5)...
[SIM] gz sim still alive (1 procs), force-killing PGIDs (attempt 5/5)...
[SIM][WARNING] Could not kill all gz sim processes — proceeding anyway
[SIM] Waiting for Gazebo (180s)...
[SIM] Gazebo started successfully
[SIM] robot_state_publisher: running
[SIM] Starting odom relay (odom_real → odom)...
[SIM] Odom relay started
[SIM] Starting scan relay (scan_real → scan)...
[SIM] Scan relay started, verifying /scan topic...
[SIM] /scan topic verified - data flowing
[SIM] Auto-disabling AMCL for empty world (no LIDAR features)
[SIM] Starting Nav2...
[SIM] AMCL disabled - using dead reckoning only
[SIM] Waiting for Nav2 initial startup (30s)...
[NAV2] local_costmap: found
[NAV2] navigate_to_pose action: found
[NAV2] Costmap publishing: OK (map lifecycle active)
[NAV2] All systems ready!
[SIM] Final verification: checking navigate_to_pose action...
[SIM] Nav2 started successfully and action server verified!
[SIM] Starting geofence with method: geofence, params: {}, comm_latency_ms: 0
[SIM] Waiting for geofence (20s)...
[SIM] Geofence started with method: geofence (cmd_vel_guard: False)
[SIM] cmd_vel_guard disabled, starting cmd_vel relay for navigation...
[SIM] Starting cmd_vel relay (cmd_vel_nav → cmd_vel)...
[SIM] cmd_vel relay started
[2026-04-04 12:40:20] [GEOFENCE] Restarting geofence (sigma=0.15, v_max=0.5, tau=0.1, eps=0.003, a_max=2.5)...
[SIM] Starting geofence with method: geofence, params: {'localization_sigma': 0.15, 'v_max': 0.5, 'latency': 0.1, 'epsilon': 0.003, 'a_max': 2.5, 'e_0': 0.03, 'c_1': 0.04, 'enable_estimation_term': True, 'enable_tracking_term': True, 'enable_latency_term': True, 'enable_braking_term': True, 'use_dynamic_v_max': False, 'use_dynamic_tau': False, 'use_dynamic_e_track': False}, comm_latency_ms: 50
[SIM] Waiting for geofence (20s)...
[SIM] Geofence started with method: geofence (cmd_vel_guard: False)
[SIM] cmd_vel_guard disabled, starting cmd_vel relay for navigation...
[SIM] Starting cmd_vel relay (cmd_vel_nav → cmd_vel) (latency=50ms)...
[SIM] cmd_vel relay started (latency=50ms)
[2026-04-04 12:40:48] 
Trial 290/370: S3_geofence_clip_boundary_s19
[2026-04-04 12:40:48]   Goal: (7.00, 1.20)
[2026-04-04 12:40:48]   Goal beyond zone - path clips zone upper boundary (1.83m crossing)
[2026-04-04 12:40:48]   Comm latency: 50ms
[2026-04-04 12:40:48] [RESET] Resetting robot pose to origin...
[RESET] Teleporting robot to (0.0, 0.0, θ=0.0)
[RESET] Cancelling any active navigation goals...
[RESET] Stopping robot movement...
[RESET] Waiting for TF to stabilize...
[RESET] AMCL disabled, correcting map→odom TF after teleport...
[RESET] Odom at (-0.00, -0.00, yaw=0.0°), target (0.00, 0.00, yaw=0.0°)
[RESET] TF correction: tx=0.000, ty=-0.000, yaw=-0.0°
[RESET] Static TF republished with yaw correction
[RESET] Robot pose reset complete
[2026-04-04 12:44:16] [GOAL_DEBUG] decision=timeout, reason=Goal timed out after 180s
[2026-04-04 12:44:16]   Result: timeout (FAIL)
[2026-04-04 12:44:16]   Reason: Goal timed out after 180s
[2026-04-04 12:44:16]   Time: 207.8s
[2026-04-04 12:44:16]   Robot moved: False, path_min_dist: 4.00m
[CHECKPOINT] Saved at trial 290/160
[2026-04-04 12:44:16] [HEALTH] Pre-trial restart (every 1 trials, world=empty.sdf)...
[SIM] Stopping all processes...
[CLEANUP] Starting process cleanup...
[CLEANUP] Complete (killed 1 process groups)
[SIM] All processes stopped
[CLEANUP] Starting process cleanup...
[CLEANUP] Complete (killed 0 process groups)
[DEBUG] restart_with_method called: method=geofence, params={}, world=empty.sdf, guard=False
[SIM] Full restart for method: geofence (world: empty.sdf)
[SIM] Stopping all processes...
[CLEANUP] Starting process cleanup...
[CLEANUP] Complete (killed 0 process groups)
[SIM] All processes stopped
[SIM] Starting Gazebo...
[CLEANUP] Starting process cleanup...
[CLEANUP] Complete (killed 0 process groups)
[SIM] gz sim still alive (1 procs), force-killing PGIDs (attempt 1/5)...
[SIM] gz sim still alive (1 procs), force-killing PGIDs (attempt 2/5)...
[SIM] gz sim still alive (1 procs), force-killing PGIDs (attempt 3/5)...
[SIM] gz sim still alive (1 procs), force-killing PGIDs (attempt 4/5)...
[SIM] gz sim still alive (1 procs), force-killing PGIDs (attempt 5/5)...
[SIM][WARNING] Could not kill all gz sim processes — proceeding anyway
[SIM] Waiting for Gazebo (180s)...
[SIM] Gazebo started successfully
[SIM] robot_state_publisher: running
[SIM] Starting odom relay (odom_real → odom)...
[SIM] Odom relay started
[SIM] Starting scan relay (scan_real → scan)...
[SIM] Scan relay started, verifying /scan topic...
[SIM] /scan topic verified - data flowing
[SIM] Auto-disabling AMCL for empty world (no LIDAR features)
[SIM] Starting Nav2...
[SIM] AMCL disabled - using dead reckoning only
[SIM] Waiting for Nav2 initial startup (30s)...
[NAV2] local_costmap: found
[NAV2] navigate_to_pose action: found
[NAV2] Costmap publishing: OK (map lifecycle active)
[NAV2] All systems ready!
[SIM] Final verification: checking navigate_to_pose action...
[SIM] Nav2 started successfully and action server verified!
[SIM] Starting geofence with method: geofence, params: {}, comm_latency_ms: 0
[SIM] Waiting for geofence (20s)...
[SIM] Geofence started with method: geofence (cmd_vel_guard: False)
[SIM] cmd_vel_guard disabled, starting cmd_vel relay for navigation...
[SIM] Starting cmd_vel relay (cmd_vel_nav → cmd_vel)...
[SIM] cmd_vel relay started
[2026-04-04 12:46:29] [GEOFENCE] Restarting geofence (sigma=0.15, v_max=0.5, tau=0.1, eps=0.003, a_max=2.5)...
[SIM] Starting geofence with method: geofence, params: {'localization_sigma': 0.15, 'v_max': 0.5, 'latency': 0.1, 'epsilon': 0.003, 'a_max': 2.5, 'e_0': 0.03, 'c_1': 0.04, 'enable_estimation_term': True, 'enable_tracking_term': True, 'enable_latency_term': True, 'enable_braking_term': True, 'use_dynamic_v_max': False, 'use_dynamic_tau': False, 'use_dynamic_e_track': False}, comm_latency_ms: 50
[SIM] Waiting for geofence (20s)...
[SIM] Geofence started with method: geofence (cmd_vel_guard: False)
[SIM] cmd_vel_guard disabled, starting cmd_vel relay for navigation...
[SIM] Starting cmd_vel relay (cmd_vel_nav → cmd_vel) (latency=50ms)...
[SIM] cmd_vel relay started (latency=50ms)
[2026-04-04 12:46:58] 
Trial 291/370: S3_geofence_graze_boundary_s10
[2026-04-04 12:46:58]   Goal: (7.00, 1.60)
[2026-04-04 12:46:58]   Goal beyond zone - path barely grazes zone boundary (0.38m crossing)
[2026-04-04 12:46:58]   Comm latency: 50ms
[2026-04-04 12:46:58] [RESET] Resetting robot pose to origin...
[RESET] Teleporting robot to (0.0, 0.0, θ=0.0)
[RESET] Cancelling any active navigation goals...
[RESET] Stopping robot movement...
[RESET] Waiting for TF to stabilize...
[RESET] AMCL disabled, correcting map→odom TF after teleport...
[RESET] Odom at (-0.00, -0.00, yaw=0.0°), target (0.00, 0.00, yaw=0.0°)
[RESET] TF correction: tx=0.000, ty=-0.000, yaw=-0.0°
[RESET] Static TF republished with yaw correction
[RESET] Robot pose reset complete
[2026-04-04 12:50:32] [GOAL_DEBUG] decision=timeout, reason=Goal timed out after 180s
[2026-04-04 12:50:32]   Result: timeout (FAIL)
[2026-04-04 12:50:32]   Reason: Goal timed out after 180s
[2026-04-04 12:50:32]   Time: 214.8s
[2026-04-04 12:50:32]   Robot moved: False, path_min_dist: 4.00m
[2026-04-04 12:50:32] [HEALTH] Periodic health check...
[2026-04-04 12:50:32] [HEALTH] Load: 3.7, Memory: 18.1%
[NAV2] local_costmap: found
[NAV2] navigate_to_pose action: found
[2026-04-04 12:50:33] [HEALTH] Pre-trial restart (every 1 trials, world=empty.sdf)...
[SIM] Stopping all processes...
[CLEANUP] Starting process cleanup...
[CLEANUP] Complete (killed 1 process groups)
[SIM] All processes stopped
[CLEANUP] Starting process cleanup...
[CLEANUP] Complete (killed 0 process groups)
The daemon has been started
The daemon has been started
[DEBUG] restart_with_method called: method=geofence, params={}, world=empty.sdf, guard=False
[SIM] Full restart for method: geofence (world: empty.sdf)
[SIM] Stopping all processes...
[CLEANUP] Starting process cleanup...
[CLEANUP] Complete (killed 0 process groups)
[SIM] All processes stopped
[SIM] Starting Gazebo...
[CLEANUP] Starting process cleanup...
[CLEANUP] Complete (killed 0 process groups)
[SIM] gz sim still alive (1 procs), force-killing PGIDs (attempt 1/5)...
[SIM] gz sim still alive (1 procs), force-killing PGIDs (attempt 2/5)...
[SIM] gz sim still alive (1 procs), force-killing PGIDs (attempt 3/5)...
[SIM] gz sim still alive (1 procs), force-killing PGIDs (attempt 4/5)...
[SIM] gz sim still alive (1 procs), force-killing PGIDs (attempt 5/5)...
[SIM][WARNING] Could not kill all gz sim processes — proceeding anyway
[SIM] Waiting for Gazebo (180s)...
[SIM] Gazebo started successfully
[SIM] robot_state_publisher: running
[SIM] Starting odom relay (odom_real → odom)...
[SIM] Odom relay started
[SIM] Starting scan relay (scan_real → scan)...
[SIM] Scan relay started, verifying /scan topic...
[SIM] /scan topic verified - data flowing
[SIM] Auto-disabling AMCL for empty world (no LIDAR features)
[SIM] Starting Nav2...
[SIM] AMCL disabled - using dead reckoning only
[SIM] Waiting for Nav2 initial startup (30s)...
[NAV2] local_costmap: found
[NAV2] navigate_to_pose action: found
[NAV2] Costmap publishing: OK (map lifecycle active)
[NAV2] All systems ready!
[SIM] Final verification: checking navigate_to_pose action...
[SIM] Nav2 started successfully and action server verified!
[SIM] Starting geofence with method: geofence, params: {}, comm_latency_ms: 0
[SIM] Waiting for geofence (20s)...
[SIM] Geofence started with method: geofence (cmd_vel_guard: False)
[SIM] cmd_vel_guard disabled, starting cmd_vel relay for navigation...
[SIM] Starting cmd_vel relay (cmd_vel_nav → cmd_vel)...
[SIM] cmd_vel relay started
[2026-04-04 12:52:48] [GEOFENCE] Restarting geofence (sigma=0.15, v_max=0.5, tau=0.1, eps=0.003, a_max=2.5)...
[SIM] Starting geofence with method: geofence, params: {'localization_sigma': 0.15, 'v_max': 0.5, 'latency': 0.1, 'epsilon': 0.003, 'a_max': 2.5, 'e_0': 0.03, 'c_1': 0.04, 'enable_estimation_term': True, 'enable_tracking_term': True, 'enable_latency_term': True, 'enable_braking_term': True, 'use_dynamic_v_max': False, 'use_dynamic_tau': False, 'use_dynamic_e_track': False}, comm_latency_ms: 100
[SIM] Waiting for geofence (20s)...
[SIM] Geofence started with method: geofence (cmd_vel_guard: False)
[SIM] cmd_vel_guard disabled, starting cmd_vel relay for navigation...
[SIM] Starting cmd_vel relay (cmd_vel_nav → cmd_vel) (latency=100ms)...
[SIM] cmd_vel relay started (latency=100ms)
[2026-04-04 12:53:16] 
Trial 292/370: S3_geofence_graze_boundary_s11
[2026-04-04 12:53:16]   Goal: (7.00, 1.60)
[2026-04-04 12:53:16]   Goal beyond zone - path barely grazes zone boundary (0.38m crossing)
[2026-04-04 12:53:16]   Comm latency: 100ms
[2026-04-04 12:53:16] [RESET] Resetting robot pose to origin...
[RESET] Teleporting robot to (0.0, 0.0, θ=0.0)
[RESET] Cancelling any active navigation goals...
[RESET] Stopping robot movement...
[RESET] Waiting for TF to stabilize...
[RESET] AMCL disabled, correcting map→odom TF after teleport...
[RESET] Odom at (-0.00, -0.00, yaw=0.0°), target (0.00, 0.00, yaw=0.0°)
[RESET] TF correction: tx=0.000, ty=-0.000, yaw=-0.0°
[RESET] Static TF republished with yaw correction
[RESET] Robot pose reset complete
[2026-04-04 12:56:43] [GOAL_DEBUG] decision=timeout, reason=Goal timed out after 180s
[2026-04-04 12:56:43]   Result: timeout (FAIL)
[2026-04-04 12:56:43]   Reason: Goal timed out after 180s
[2026-04-04 12:56:43]   Time: 207.5s
[2026-04-04 12:56:43]   Robot moved: False, path_min_dist: 4.00m
[2026-04-04 12:56:43] [HEALTH] Pre-trial restart (every 1 trials, world=empty.sdf)...
[SIM] Stopping all processes...
[CLEANUP] Starting process cleanup...
[CLEANUP] Complete (killed 1 process groups)
[SIM] All processes stopped
[CLEANUP] Starting process cleanup...
[CLEANUP] Complete (killed 0 process groups)
[DEBUG] restart_with_method called: method=geofence, params={}, world=empty.sdf, guard=False
[SIM] Full restart for method: geofence (world: empty.sdf)
[SIM] Stopping all processes...
[CLEANUP] Starting process cleanup...
[CLEANUP] Complete (killed 0 process groups)
[SIM] All processes stopped
[SIM] Starting Gazebo...
[CLEANUP] Starting process cleanup...
[CLEANUP] Complete (killed 0 process groups)
[SIM] gz sim still alive (1 procs), force-killing PGIDs (attempt 1/5)...
[SIM] gz sim still alive (1 procs), force-killing PGIDs (attempt 2/5)...
[SIM] gz sim still alive (1 procs), force-killing PGIDs (attempt 3/5)...
[SIM] gz sim still alive (1 procs), force-killing PGIDs (attempt 4/5)...
[SIM] gz sim still alive (1 procs), force-killing PGIDs (attempt 5/5)...
[SIM][WARNING] Could not kill all gz sim processes — proceeding anyway
[SIM] Waiting for Gazebo (180s)...
[SIM] Gazebo started successfully
[SIM] robot_state_publisher: running
[SIM] Starting odom relay (odom_real → odom)...
[SIM] Odom relay started
[SIM] Starting scan relay (scan_real → scan)...
[SIM] Scan relay started, verifying /scan topic...
[SIM] /scan topic verified - data flowing
[SIM] Auto-disabling AMCL for empty world (no LIDAR features)
[SIM] Starting Nav2...
[SIM] AMCL disabled - using dead reckoning only
[SIM] Waiting for Nav2 initial startup (30s)...
[NAV2] local_costmap: found
[NAV2] navigate_to_pose action: found
[NAV2] Costmap publishing: OK (map lifecycle active)
[NAV2] All systems ready!
[SIM] Final verification: checking navigate_to_pose action...
[SIM] Nav2 started successfully and action server verified!
[SIM] Starting geofence with method: geofence, params: {}, comm_latency_ms: 0
[SIM] Waiting for geofence (20s)...
[SIM] Geofence started with method: geofence (cmd_vel_guard: False)
[SIM] cmd_vel_guard disabled, starting cmd_vel relay for navigation...
[SIM] Starting cmd_vel relay (cmd_vel_nav → cmd_vel)...
[SIM] cmd_vel relay started
[2026-04-04 12:59:00] [GEOFENCE] Restarting geofence (sigma=0.15, v_max=0.5, tau=0.1, eps=0.003, a_max=2.5)...
[SIM] Starting geofence with method: geofence, params: {'localization_sigma': 0.15, 'v_max': 0.5, 'latency': 0.1, 'epsilon': 0.003, 'a_max': 2.5, 'e_0': 0.03, 'c_1': 0.04, 'enable_estimation_term': True, 'enable_tracking_term': True, 'enable_latency_term': True, 'enable_braking_term': True, 'use_dynamic_v_max': False, 'use_dynamic_tau': False, 'use_dynamic_e_track': False}, comm_latency_ms: 0
[SIM] Waiting for geofence (20s)...
[SIM] Geofence started with method: geofence (cmd_vel_guard: False)
[SIM] cmd_vel_guard disabled, starting cmd_vel relay for navigation...
[SIM] Starting cmd_vel relay (cmd_vel_nav → cmd_vel)...
[SIM] cmd_vel relay started
[2026-04-04 12:59:28] 
Trial 293/370: S3_geofence_graze_boundary_s12
[2026-04-04 12:59:28]   Goal: (7.00, 1.60)
[2026-04-04 12:59:28]   Goal beyond zone - path barely grazes zone boundary (0.38m crossing)
[2026-04-04 12:59:28] [RESET] Resetting robot pose to origin...
[RESET] Teleporting robot to (0.0, 0.0, θ=0.0)
[RESET] Cancelling any active navigation goals...
[RESET] Stopping robot movement...
[RESET] Waiting for TF to stabilize...
[RESET] AMCL disabled, correcting map→odom TF after teleport...
[RESET] Odom at (-0.00, -0.00, yaw=0.0°), target (0.00, 0.00, yaw=0.0°)
[RESET] TF correction: tx=0.000, ty=-0.000, yaw=-0.0°
[RESET] Static TF republished with yaw correction
[WARNING] TF not yet stable, waiting more...
[RESET] Robot pose reset complete
[2026-04-04 13:03:01] [GOAL_DEBUG] decision=timeout, reason=Goal timed out after 180s
[2026-04-04 13:03:01]   Result: timeout (FAIL)
[2026-04-04 13:03:01]   Reason: Goal timed out after 180s
[2026-04-04 13:03:01]   Time: 213.2s
[2026-04-04 13:03:01]   Robot moved: False, path_min_dist: 4.00m
[2026-04-04 13:03:01] [HEALTH] Pre-trial restart (every 1 trials, world=empty.sdf)...
[SIM] Stopping all processes...
[CLEANUP] Starting process cleanup...
[CLEANUP] Complete (killed 1 process groups)
[SIM] All processes stopped
[CLEANUP] Starting process cleanup...
The daemon has been started
The daemon has been started
[CLEANUP] Complete (killed 0 process groups)
[DEBUG] restart_with_method called: method=geofence, params={}, world=empty.sdf, guard=False
[SIM] Full restart for method: geofence (world: empty.sdf)
[SIM] Stopping all processes...
[CLEANUP] Starting process cleanup...
[CLEANUP] Complete (killed 0 process groups)
[SIM] All processes stopped
[SIM] Starting Gazebo...
[CLEANUP] Starting process cleanup...
[CLEANUP] Complete (killed 0 process groups)
[SIM] gz sim still alive (1 procs), force-killing PGIDs (attempt 1/5)...
[SIM] gz sim still alive (1 procs), force-killing PGIDs (attempt 2/5)...
[SIM] gz sim still alive (1 procs), force-killing PGIDs (attempt 3/5)...
[SIM] gz sim still alive (1 procs), force-killing PGIDs (attempt 4/5)...
[SIM] gz sim still alive (1 procs), force-killing PGIDs (attempt 5/5)...
[SIM][WARNING] Could not kill all gz sim processes — proceeding anyway
[SIM] Waiting for Gazebo (180s)...
[SIM] Gazebo started successfully
[SIM] robot_state_publisher: running
[SIM] Starting odom relay (odom_real → odom)...
[SIM] Odom relay started
[SIM] Starting scan relay (scan_real → scan)...
[SIM] Scan relay started, verifying /scan topic...
[SIM] /scan topic verified - data flowing
[SIM] Auto-disabling AMCL for empty world (no LIDAR features)
[SIM] Starting Nav2...
[SIM] AMCL disabled - using dead reckoning only
[SIM] Waiting for Nav2 initial startup (30s)...
[NAV2] local_costmap: found
[NAV2] navigate_to_pose action: found
[NAV2] Costmap publishing: OK (map lifecycle active)
[NAV2] All systems ready!
[SIM] Final verification: checking navigate_to_pose action...
[SIM] Nav2 started successfully and action server verified!
[SIM] Starting geofence with method: geofence, params: {}, comm_latency_ms: 0
[SIM] Waiting for geofence (20s)...
[SIM] Geofence started with method: geofence (cmd_vel_guard: False)
[SIM] cmd_vel_guard disabled, starting cmd_vel relay for navigation...
[SIM] Starting cmd_vel relay (cmd_vel_nav → cmd_vel)...
[SIM] cmd_vel relay started
[2026-04-04 13:05:15] [GEOFENCE] Restarting geofence (sigma=0.15, v_max=0.5, tau=0.1, eps=0.003, a_max=2.5)...
[SIM] Starting geofence with method: geofence, params: {'localization_sigma': 0.15, 'v_max': 0.5, 'latency': 0.1, 'epsilon': 0.003, 'a_max': 2.5, 'e_0': 0.03, 'c_1': 0.04, 'enable_estimation_term': True, 'enable_tracking_term': True, 'enable_latency_term': True, 'enable_braking_term': True, 'use_dynamic_v_max': False, 'use_dynamic_tau': False, 'use_dynamic_e_track': False}, comm_latency_ms: 50
[SIM] Waiting for geofence (20s)...
[SIM] Geofence started with method: geofence (cmd_vel_guard: False)
[SIM] cmd_vel_guard disabled, starting cmd_vel relay for navigation...
[SIM] Starting cmd_vel relay (cmd_vel_nav → cmd_vel) (latency=50ms)...
[SIM] cmd_vel relay started (latency=50ms)
[2026-04-04 13:05:43] 
Trial 294/370: S3_geofence_graze_boundary_s13
[2026-04-04 13:05:43]   Goal: (7.00, 1.60)
[2026-04-04 13:05:43]   Goal beyond zone - path barely grazes zone boundary (0.38m crossing)
[2026-04-04 13:05:43]   Comm latency: 50ms
[2026-04-04 13:05:43] [RESET] Resetting robot pose to origin...
[RESET] Teleporting robot to (0.0, 0.0, θ=0.0)
[RESET] Cancelling any active navigation goals...
[RESET] Stopping robot movement...
[RESET] Waiting for TF to stabilize...
[RESET] AMCL disabled, correcting map→odom TF after teleport...
[RESET] Odom at (-0.00, -0.00, yaw=0.0°), target (0.00, 0.00, yaw=0.0°)
[RESET] TF correction: tx=0.000, ty=-0.000, yaw=-0.0°
[RESET] Static TF republished with yaw correction
[RESET] Robot pose reset complete
[2026-04-04 13:09:15] [GOAL_DEBUG] decision=timeout, reason=Goal timed out after 180s
[2026-04-04 13:09:15]   Result: timeout (FAIL)
[2026-04-04 13:09:15]   Reason: Goal timed out after 180s
[2026-04-04 13:09:15]   Time: 211.9s
[2026-04-04 13:09:15]   Robot moved: False, path_min_dist: 4.00m
[2026-04-04 13:09:15] [HEALTH] Pre-trial restart (every 1 trials, world=empty.sdf)...
[SIM] Stopping all processes...
[CLEANUP] Starting process cleanup...
[CLEANUP] Complete (killed 1 process groups)
[SIM] All processes stopped
[CLEANUP] Starting process cleanup...
[CLEANUP] Complete (killed 0 process groups)
[DEBUG] restart_with_method called: method=geofence, params={}, world=empty.sdf, guard=False
[SIM] Full restart for method: geofence (world: empty.sdf)
[SIM] Stopping all processes...
[CLEANUP] Starting process cleanup...
[CLEANUP] Complete (killed 0 process groups)
[SIM] All processes stopped
[SIM] Starting Gazebo...
[CLEANUP] Starting process cleanup...
[CLEANUP] Complete (killed 0 process groups)
[SIM] gz sim still alive (1 procs), force-killing PGIDs (attempt 1/5)...
[SIM] gz sim still alive (1 procs), force-killing PGIDs (attempt 2/5)...
[SIM] gz sim still alive (1 procs), force-killing PGIDs (attempt 3/5)...
[SIM] gz sim still alive (1 procs), force-killing PGIDs (attempt 4/5)...
[SIM] gz sim still alive (1 procs), force-killing PGIDs (attempt 5/5)...
[SIM][WARNING] Could not kill all gz sim processes — proceeding anyway
[SIM] Waiting for Gazebo (180s)...
[SIM] Gazebo started successfully
[SIM] robot_state_publisher: running
[SIM] Starting odom relay (odom_real → odom)...
[SIM] Odom relay started
[SIM] Starting scan relay (scan_real → scan)...
[SIM] Scan relay started, verifying /scan topic...
[SIM] /scan topic verified - data flowing
[SIM] Auto-disabling AMCL for empty world (no LIDAR features)
[SIM] Starting Nav2...
[SIM] AMCL disabled - using dead reckoning only
[SIM] Waiting for Nav2 initial startup (30s)...
[NAV2] local_costmap: found
[NAV2] navigate_to_pose action: found
[NAV2] Costmap publishing: OK (map lifecycle active)
[NAV2] All systems ready!
[SIM] Final verification: checking navigate_to_pose action...
[SIM] Nav2 started successfully and action server verified!
[SIM] Starting geofence with method: geofence, params: {}, comm_latency_ms: 0
[SIM] Waiting for geofence (20s)...
[SIM] Geofence started with method: geofence (cmd_vel_guard: False)
[SIM] cmd_vel_guard disabled, starting cmd_vel relay for navigation...
[SIM] Starting cmd_vel relay (cmd_vel_nav → cmd_vel)...
[SIM] cmd_vel relay started
[2026-04-04 13:11:30] [GEOFENCE] Restarting geofence (sigma=0.15, v_max=0.5, tau=0.1, eps=0.003, a_max=2.5)...
[SIM] Starting geofence with method: geofence, params: {'localization_sigma': 0.15, 'v_max': 0.5, 'latency': 0.1, 'epsilon': 0.003, 'a_max': 2.5, 'e_0': 0.03, 'c_1': 0.04, 'enable_estimation_term': True, 'enable_tracking_term': True, 'enable_latency_term': True, 'enable_braking_term': True, 'use_dynamic_v_max': False, 'use_dynamic_tau': False, 'use_dynamic_e_track': False}, comm_latency_ms: 100
[SIM] Waiting for geofence (20s)...
[SIM] Geofence started with method: geofence (cmd_vel_guard: False)
[SIM] cmd_vel_guard disabled, starting cmd_vel relay for navigation...
[SIM] Starting cmd_vel relay (cmd_vel_nav → cmd_vel) (latency=100ms)...
[SIM] cmd_vel relay started (latency=100ms)
[2026-04-04 13:11:58] 
Trial 295/370: S3_geofence_graze_boundary_s14
[2026-04-04 13:11:58]   Goal: (7.00, 1.60)
[2026-04-04 13:11:58]   Goal beyond zone - path barely grazes zone boundary (0.38m crossing)
[2026-04-04 13:11:58]   Comm latency: 100ms
[2026-04-04 13:11:58] [RESET] Resetting robot pose to origin...
[RESET] Teleporting robot to (0.0, 0.0, θ=0.0)
[RESET] Cancelling any active navigation goals...
[RESET] Stopping robot movement...
[RESET] Waiting for TF to stabilize...
[RESET] AMCL disabled, correcting map→odom TF after teleport...
[RESET] Odom at (-0.00, -0.00, yaw=0.0°), target (0.00, 0.00, yaw=0.0°)
[RESET] TF correction: tx=0.000, ty=-0.000, yaw=-0.0°
[RESET] Static TF republished with yaw correction
[RESET] Robot pose reset complete
[2026-04-04 13:15:22] [GOAL_DEBUG] decision=timeout, reason=Goal timed out after 180s
[2026-04-04 13:15:22]   Result: timeout (FAIL)
[2026-04-04 13:15:22]   Reason: Goal timed out after 180s
[2026-04-04 13:15:22]   Time: 204.4s
[2026-04-04 13:15:22]   Robot moved: False, path_min_dist: 4.00m
[CHECKPOINT] Saved at trial 295/160
[2026-04-04 13:15:22] [HEALTH] Pre-trial restart (every 1 trials, world=empty.sdf)...
[SIM] Stopping all processes...
[CLEANUP] Starting process cleanup...
The daemon has been started
The daemon has been started
[CLEANUP] Complete (killed 1 process groups)
[SIM] All processes stopped
[CLEANUP] Starting process cleanup...
[CLEANUP] Complete (killed 0 process groups)
[DEBUG] restart_with_method called: method=geofence, params={}, world=empty.sdf, guard=False
[SIM] Full restart for method: geofence (world: empty.sdf)
[SIM] Stopping all processes...
[CLEANUP] Starting process cleanup...
[CLEANUP] Complete (killed 0 process groups)
[SIM] All processes stopped
[SIM] Starting Gazebo...
[CLEANUP] Starting process cleanup...
[CLEANUP] Complete (killed 0 process groups)
[SIM] gz sim still alive (1 procs), force-killing PGIDs (attempt 1/5)...
[SIM] gz sim still alive (1 procs), force-killing PGIDs (attempt 2/5)...
[SIM] gz sim still alive (1 procs), force-killing PGIDs (attempt 3/5)...
[SIM] gz sim still alive (1 procs), force-killing PGIDs (attempt 4/5)...
[SIM] gz sim still alive (1 procs), force-killing PGIDs (attempt 5/5)...
[SIM][WARNING] Could not kill all gz sim processes — proceeding anyway
[SIM] Waiting for Gazebo (180s)...
[SIM] Gazebo started successfully
[SIM] robot_state_publisher: running
[SIM] Starting odom relay (odom_real → odom)...
[SIM] Odom relay started
[SIM] Starting scan relay (scan_real → scan)...
[SIM] Scan relay started, verifying /scan topic...
[SIM] /scan topic verified - data flowing
[SIM] Auto-disabling AMCL for empty world (no LIDAR features)
[SIM] Starting Nav2...
[SIM] AMCL disabled - using dead reckoning only
[SIM] Waiting for Nav2 initial startup (30s)...
[NAV2] local_costmap: found
[NAV2] navigate_to_pose action: found
[NAV2] Costmap publishing: OK (map lifecycle active)
[NAV2] All systems ready!
[SIM] Final verification: checking navigate_to_pose action...
[SIM] Nav2 started successfully and action server verified!
[SIM] Starting geofence with method: geofence, params: {}, comm_latency_ms: 0
[SIM] Waiting for geofence (20s)...
[SIM] Geofence started with method: geofence (cmd_vel_guard: False)
[SIM] cmd_vel_guard disabled, starting cmd_vel relay for navigation...
[SIM] Starting cmd_vel relay (cmd_vel_nav → cmd_vel)...
[SIM] cmd_vel relay started
[2026-04-04 13:17:36] [GEOFENCE] Restarting geofence (sigma=0.15, v_max=0.5, tau=0.1, eps=0.003, a_max=2.5)...
[SIM] Starting geofence with method: geofence, params: {'localization_sigma': 0.15, 'v_max': 0.5, 'latency': 0.1, 'epsilon': 0.003, 'a_max': 2.5, 'e_0': 0.03, 'c_1': 0.04, 'enable_estimation_term': True, 'enable_tracking_term': True, 'enable_latency_term': True, 'enable_braking_term': True, 'use_dynamic_v_max': False, 'use_dynamic_tau': False, 'use_dynamic_e_track': False}, comm_latency_ms: 0
[SIM] Waiting for geofence (20s)...
[SIM] Geofence started with method: geofence (cmd_vel_guard: False)
[SIM] cmd_vel_guard disabled, starting cmd_vel relay for navigation...
[SIM] Starting cmd_vel relay (cmd_vel_nav → cmd_vel)...
[SIM] cmd_vel relay started
[2026-04-04 13:18:04] 
Trial 296/370: S3_geofence_graze_boundary_s15
[2026-04-04 13:18:04]   Goal: (7.00, 1.60)
[2026-04-04 13:18:04]   Goal beyond zone - path barely grazes zone boundary (0.38m crossing)
[2026-04-04 13:18:04] [RESET] Resetting robot pose to origin...
[RESET] Teleporting robot to (0.0, 0.0, θ=0.0)
[RESET] Cancelling any active navigation goals...
[RESET] Stopping robot movement...
[RESET] Waiting for TF to stabilize...
[RESET] AMCL disabled, correcting map→odom TF after teleport...
[RESET] Odom at (-0.00, -0.00, yaw=0.0°), target (0.00, 0.00, yaw=0.0°)
[RESET] TF correction: tx=0.000, ty=-0.000, yaw=-0.0°
[RESET] Static TF republished with yaw correction
[RESET] Robot pose reset complete
[2026-04-04 13:21:24] [GOAL_DEBUG] decision=timeout, reason=Goal timed out after 180s
[2026-04-04 13:21:24]   Result: timeout (FAIL)
[2026-04-04 13:21:24]   Reason: Goal timed out after 180s
[2026-04-04 13:21:24]   Time: 200.3s
[2026-04-04 13:21:24]   Robot moved: False, path_min_dist: 4.00m
[2026-04-04 13:21:24] [HEALTH] Pre-trial restart (every 1 trials, world=empty.sdf)...
[SIM] Stopping all processes...
[CLEANUP] Starting process cleanup...
[CLEANUP] Complete (killed 1 process groups)
[SIM] All processes stopped
[CLEANUP] Starting process cleanup...
[CLEANUP] Complete (killed 0 process groups)
[DEBUG] restart_with_method called: method=geofence, params={}, world=empty.sdf, guard=False
[SIM] Full restart for method: geofence (world: empty.sdf)
[SIM] Stopping all processes...
[CLEANUP] Starting process cleanup...
[CLEANUP] Complete (killed 0 process groups)
[SIM] All processes stopped
[SIM] Starting Gazebo...
[CLEANUP] Starting process cleanup...
[CLEANUP] Complete (killed 0 process groups)
[SIM] gz sim still alive (1 procs), force-killing PGIDs (attempt 1/5)...
[SIM] gz sim still alive (1 procs), force-killing PGIDs (attempt 2/5)...
[SIM] gz sim still alive (1 procs), force-killing PGIDs (attempt 3/5)...
[SIM] gz sim still alive (1 procs), force-killing PGIDs (attempt 4/5)...
[SIM] gz sim still alive (1 procs), force-killing PGIDs (attempt 5/5)...
[SIM][WARNING] Could not kill all gz sim processes — proceeding anyway
[SIM] Waiting for Gazebo (180s)...
[SIM] Gazebo started successfully
[SIM] robot_state_publisher: running
[SIM] Starting odom relay (odom_real → odom)...
[SIM] Odom relay started
[SIM] Starting scan relay (scan_real → scan)...
[SIM] Scan relay started, verifying /scan topic...
[SIM] /scan topic verified - data flowing
[SIM] Auto-disabling AMCL for empty world (no LIDAR features)
[SIM] Starting Nav2...
[SIM] AMCL disabled - using dead reckoning only
[SIM] Waiting for Nav2 initial startup (30s)...
[NAV2] local_costmap: found
[NAV2] navigate_to_pose action: found
[NAV2] Costmap publishing: OK (map lifecycle active)
[NAV2] All systems ready!
[SIM] Final verification: checking navigate_to_pose action...
[SIM] Nav2 started successfully and action server verified!
[SIM] Starting geofence with method: geofence, params: {}, comm_latency_ms: 0
[SIM] Waiting for geofence (20s)...
[SIM] Geofence started with method: geofence (cmd_vel_guard: False)
[SIM] cmd_vel_guard disabled, starting cmd_vel relay for navigation...
[SIM] Starting cmd_vel relay (cmd_vel_nav → cmd_vel)...
[SIM] cmd_vel relay started
[2026-04-04 13:23:38] [GEOFENCE] Restarting geofence (sigma=0.15, v_max=0.5, tau=0.1, eps=0.003, a_max=2.5)...
[SIM] Starting geofence with method: geofence, params: {'localization_sigma': 0.15, 'v_max': 0.5, 'latency': 0.1, 'epsilon': 0.003, 'a_max': 2.5, 'e_0': 0.03, 'c_1': 0.04, 'enable_estimation_term': True, 'enable_tracking_term': True, 'enable_latency_term': True, 'enable_braking_term': True, 'use_dynamic_v_max': False, 'use_dynamic_tau': False, 'use_dynamic_e_track': False}, comm_latency_ms: 50
[SIM] Waiting for geofence (20s)...
[SIM] Geofence started with method: geofence (cmd_vel_guard: False)
[SIM] cmd_vel_guard disabled, starting cmd_vel relay for navigation...
[SIM] Starting cmd_vel relay (cmd_vel_nav → cmd_vel) (latency=50ms)...
[SIM] cmd_vel relay started (latency=50ms)
[2026-04-04 13:24:06] 
Trial 297/370: S3_geofence_graze_boundary_s16
[2026-04-04 13:24:06]   Goal: (7.00, 1.60)
[2026-04-04 13:24:06]   Goal beyond zone - path barely grazes zone boundary (0.38m crossing)
[2026-04-04 13:24:06]   Comm latency: 50ms
[2026-04-04 13:24:06] [RESET] Resetting robot pose to origin...
[RESET] Teleporting robot to (0.0, 0.0, θ=0.0)
[RESET] Cancelling any active navigation goals...
[RESET] Stopping robot movement...
[RESET] Waiting for TF to stabilize...
[RESET] AMCL disabled, correcting map→odom TF after teleport...
[RESET] Odom at (-0.00, -0.00, yaw=0.0°), target (0.00, 0.00, yaw=0.0°)
[RESET] TF correction: tx=0.000, ty=-0.000, yaw=-0.0°
[RESET] Static TF republished with yaw correction
[RESET] Robot pose reset complete
[2026-04-04 13:27:27] [GOAL_DEBUG] decision=timeout, reason=Goal timed out after 180s
[2026-04-04 13:27:27]   Result: timeout (FAIL)
[2026-04-04 13:27:27]   Reason: Goal timed out after 180s
[2026-04-04 13:27:27]   Time: 200.7s
[2026-04-04 13:27:27]   Robot moved: False, path_min_dist: 4.00m
[2026-04-04 13:27:27] [HEALTH] Pre-trial restart (every 1 trials, world=empty.sdf)...
[SIM] Stopping all processes...
[CLEANUP] Starting process cleanup...
The daemon has been started
The daemon has been started
[CLEANUP] Complete (killed 1 process groups)
[SIM] All processes stopped
[CLEANUP] Starting process cleanup...
[CLEANUP] Complete (killed 0 process groups)
[DEBUG] restart_with_method called: method=geofence, params={}, world=empty.sdf, guard=False
[SIM] Full restart for method: geofence (world: empty.sdf)
[SIM] Stopping all processes...
[CLEANUP] Starting process cleanup...
[CLEANUP] Complete (killed 0 process groups)
[SIM] All processes stopped
[SIM] Starting Gazebo...
[CLEANUP] Starting process cleanup...
[CLEANUP] Complete (killed 0 process groups)
[SIM] gz sim still alive (1 procs), force-killing PGIDs (attempt 1/5)...
[SIM] gz sim still alive (1 procs), force-killing PGIDs (attempt 2/5)...
[SIM] gz sim still alive (1 procs), force-killing PGIDs (attempt 3/5)...
[SIM] gz sim still alive (1 procs), force-killing PGIDs (attempt 4/5)...
[SIM] gz sim still alive (1 procs), force-killing PGIDs (attempt 5/5)...
[SIM][WARNING] Could not kill all gz sim processes — proceeding anyway
[SIM] Waiting for Gazebo (180s)...
[SIM] Gazebo started successfully
[SIM] robot_state_publisher: running
[SIM] Starting odom relay (odom_real → odom)...
[SIM] Odom relay started
[SIM] Starting scan relay (scan_real → scan)...
[SIM] Scan relay started, verifying /scan topic...
[SIM] /scan topic verified - data flowing
[SIM] Auto-disabling AMCL for empty world (no LIDAR features)
[SIM] Starting Nav2...
[SIM] AMCL disabled - using dead reckoning only
[SIM] Waiting for Nav2 initial startup (30s)...
[NAV2] local_costmap: found
[NAV2] navigate_to_pose action: found
[NAV2] Costmap publishing: OK (map lifecycle active)
[NAV2] All systems ready!
[SIM] Final verification: checking navigate_to_pose action...
[SIM] Nav2 started successfully and action server verified!
[SIM] Starting geofence with method: geofence, params: {}, comm_latency_ms: 0
[SIM] Waiting for geofence (20s)...
[SIM] Geofence started with method: geofence (cmd_vel_guard: False)
[SIM] cmd_vel_guard disabled, starting cmd_vel relay for navigation...
[SIM] Starting cmd_vel relay (cmd_vel_nav → cmd_vel)...
[SIM] cmd_vel relay started
[2026-04-04 13:29:43] [GEOFENCE] Restarting geofence (sigma=0.15, v_max=0.5, tau=0.1, eps=0.003, a_max=2.5)...
[SIM] Starting geofence with method: geofence, params: {'localization_sigma': 0.15, 'v_max': 0.5, 'latency': 0.1, 'epsilon': 0.003, 'a_max': 2.5, 'e_0': 0.03, 'c_1': 0.04, 'enable_estimation_term': True, 'enable_tracking_term': True, 'enable_latency_term': True, 'enable_braking_term': True, 'use_dynamic_v_max': False, 'use_dynamic_tau': False, 'use_dynamic_e_track': False}, comm_latency_ms: 100
[SIM] Waiting for geofence (20s)...
[SIM] Geofence started with method: geofence (cmd_vel_guard: False)
[SIM] cmd_vel_guard disabled, starting cmd_vel relay for navigation...
[SIM] Starting cmd_vel relay (cmd_vel_nav → cmd_vel) (latency=100ms)...
[SIM] cmd_vel relay started (latency=100ms)
[2026-04-04 13:30:11] 
Trial 298/370: S3_geofence_graze_boundary_s17
[2026-04-04 13:30:11]   Goal: (7.00, 1.60)
[2026-04-04 13:30:11]   Goal beyond zone - path barely grazes zone boundary (0.38m crossing)
[2026-04-04 13:30:11]   Comm latency: 100ms
[2026-04-04 13:30:11] [RESET] Resetting robot pose to origin...
[RESET] Teleporting robot to (0.0, 0.0, θ=0.0)
[RESET] Cancelling any active navigation goals...
[RESET] Stopping robot movement...
[RESET] Waiting for TF to stabilize...
[RESET] AMCL disabled, correcting map→odom TF after teleport...
[RESET] Odom at (-0.00, -0.00, yaw=0.0°), target (0.00, 0.00, yaw=0.0°)
[RESET] TF correction: tx=0.000, ty=-0.000, yaw=-0.0°
[RESET] Static TF republished with yaw correction
[RESET] Robot pose reset complete
[2026-04-04 13:33:40] [GOAL_DEBUG] decision=timeout, reason=Goal timed out after 180s
[2026-04-04 13:33:40]   Result: timeout (FAIL)
[2026-04-04 13:33:40]   Reason: Goal timed out after 180s
[2026-04-04 13:33:40]   Time: 209.1s
[2026-04-04 13:33:40]   Robot moved: False, path_min_dist: 4.00m
[2026-04-04 13:33:40] [HEALTH] Pre-trial restart (every 1 trials, world=empty.sdf)...
[SIM] Stopping all processes...
[CLEANUP] Starting process cleanup...
[CLEANUP] Complete (killed 1 process groups)
[SIM] All processes stopped
[CLEANUP] Starting process cleanup...
[CLEANUP] Complete (killed 0 process groups)
[DEBUG] restart_with_method called: method=geofence, params={}, world=empty.sdf, guard=False
[SIM] Full restart for method: geofence (world: empty.sdf)
[SIM] Stopping all processes...
[CLEANUP] Starting process cleanup...
[CLEANUP] Complete (killed 0 process groups)
[SIM] All processes stopped
[SIM] Starting Gazebo...
[CLEANUP] Starting process cleanup...
[CLEANUP] Complete (killed 0 process groups)
[SIM] gz sim still alive (1 procs), force-killing PGIDs (attempt 1/5)...
[SIM] gz sim still alive (1 procs), force-killing PGIDs (attempt 2/5)...
[SIM] gz sim still alive (1 procs), force-killing PGIDs (attempt 3/5)...
[SIM] gz sim still alive (1 procs), force-killing PGIDs (attempt 4/5)...
[SIM] gz sim still alive (1 procs), force-killing PGIDs (attempt 5/5)...
[SIM][WARNING] Could not kill all gz sim processes — proceeding anyway
[SIM] Waiting for Gazebo (180s)...
[SIM] Gazebo started successfully
[SIM] robot_state_publisher: running
[SIM] Starting odom relay (odom_real → odom)...
[SIM] Odom relay started
[SIM] Starting scan relay (scan_real → scan)...
[SIM] Scan relay started, verifying /scan topic...
[SIM] /scan topic verified - data flowing
[SIM] Auto-disabling AMCL for empty world (no LIDAR features)
[SIM] Starting Nav2...
[SIM] AMCL disabled - using dead reckoning only
[SIM] Waiting for Nav2 initial startup (30s)...
[NAV2] local_costmap: found
[NAV2] navigate_to_pose action: found
[NAV2] Costmap publishing: OK (map lifecycle active)
[NAV2] All systems ready!
[SIM] Final verification: checking navigate_to_pose action...
[SIM] Nav2 started successfully and action server verified!
[SIM] Starting geofence with method: geofence, params: {}, comm_latency_ms: 0
[SIM] Waiting for geofence (20s)...
[SIM] Geofence started with method: geofence (cmd_vel_guard: False)
[SIM] cmd_vel_guard disabled, starting cmd_vel relay for navigation...
[SIM] Starting cmd_vel relay (cmd_vel_nav → cmd_vel)...
[SIM] cmd_vel relay started
[2026-04-04 13:35:55] [GEOFENCE] Restarting geofence (sigma=0.15, v_max=0.5, tau=0.1, eps=0.003, a_max=2.5)...
[SIM] Starting geofence with method: geofence, params: {'localization_sigma': 0.15, 'v_max': 0.5, 'latency': 0.1, 'epsilon': 0.003, 'a_max': 2.5, 'e_0': 0.03, 'c_1': 0.04, 'enable_estimation_term': True, 'enable_tracking_term': True, 'enable_latency_term': True, 'enable_braking_term': True, 'use_dynamic_v_max': False, 'use_dynamic_tau': False, 'use_dynamic_e_track': False}, comm_latency_ms: 0
[SIM] Waiting for geofence (20s)...
[SIM] Geofence started with method: geofence (cmd_vel_guard: False)
[SIM] cmd_vel_guard disabled, starting cmd_vel relay for navigation...
[SIM] Starting cmd_vel relay (cmd_vel_nav → cmd_vel)...
[SIM] cmd_vel relay started
[2026-04-04 13:36:23] 
Trial 299/370: S3_geofence_graze_boundary_s18
[2026-04-04 13:36:23]   Goal: (7.00, 1.60)
[2026-04-04 13:36:23]   Goal beyond zone - path barely grazes zone boundary (0.38m crossing)
[2026-04-04 13:36:23] [RESET] Resetting robot pose to origin...
[RESET] Teleporting robot to (0.0, 0.0, θ=0.0)
[RESET] Cancelling any active navigation goals...
[RESET] Stopping robot movement...
[RESET] Waiting for TF to stabilize...
[RESET] AMCL disabled, correcting map→odom TF after teleport...
[WARNING] Could not read odom, TF correction skipped
[RESET] Robot pose reset complete
[2026-04-04 13:39:52] [GOAL_DEBUG] decision=timeout, reason=Goal timed out after 180s
[2026-04-04 13:39:52]   Result: timeout (FAIL)
[2026-04-04 13:39:52]   Reason: Goal timed out after 180s
[2026-04-04 13:39:52]   Time: 209.1s
[2026-04-04 13:39:52]   Robot moved: False, path_min_dist: 4.00m
[2026-04-04 13:39:52] [HEALTH] Pre-trial restart (every 1 trials, world=empty.sdf)...
[SIM] Stopping all processes...
[CLEANUP] Starting process cleanup...
[CLEANUP] Complete (killed 0 process groups)
[SIM] All processes stopped
[CLEANUP] Starting process cleanup...
The daemon has been started
The daemon has been started
