The daemon has been started
The daemon has been started
Generated 80 trials
Methods: ['no_guard']
Scenarios: ['S1', 'S3', 'S4', 'S5']
Seeds: 5 (offset=5, range=s5-s9)
Include sweep: False
Runtime monitoring: False

Trials by scenario: {'S1': 25, 'S3': 20, 'S4': 10, 'S5': 25}
Trials by method: {'no_guard': 80}
[2026-04-04 13:48:29] ============================================================
[2026-04-04 13:48:29] Starting Gazebo S1-S5 Experiment
[2026-04-04 13:48:29] ============================================================
[CLEANUP] Starting process cleanup...
[CLEANUP] Complete (killed 0 process groups)
[2026-04-04 13:48:33] 
============================================================
[2026-04-04 13:48:33] Method: no_guard
[2026-04-04 13:48:33] ============================================================
[2026-04-04 13:48:33] [WORLD] Starting with empty.sdf for scenarios: ['S1', 'S3', 'S4', 'S5']
[DEBUG] restart_with_method called: method=no_guard, params={}, world=empty.sdf, guard=False
[SIM] Full restart for method: no_guard (world: empty.sdf)
[SIM] Stopping all processes...
[CLEANUP] Starting process cleanup...
[CLEANUP] Complete (killed 0 process groups)
[SIM] All processes stopped
[SIM] Starting Gazebo...
[CLEANUP] Starting process cleanup...
[CLEANUP] Complete (killed 0 process groups)
[SIM] gz sim still alive (1 procs), force-killing PGIDs (attempt 1/5)...
[SIM] gz sim still alive (1 procs), force-killing PGIDs (attempt 2/5)...
[SIM] gz sim still alive (1 procs), force-killing PGIDs (attempt 3/5)...
[SIM] gz sim still alive (1 procs), force-killing PGIDs (attempt 4/5)...
[SIM] gz sim still alive (1 procs), force-killing PGIDs (attempt 5/5)...
[SIM][WARNING] Could not kill all gz sim processes — proceeding anyway
[SIM] Waiting for Gazebo (180s)...
[SIM] Gazebo started successfully
[SIM] robot_state_publisher: running
[SIM] Starting odom relay (odom_real → odom)...
[SIM] Odom relay started
[SIM] Starting scan relay (scan_real → scan)...
[SIM] Scan relay started, verifying /scan topic...
[SIM] /scan topic verified - data flowing
[SIM] Auto-disabling AMCL for empty world (no LIDAR features)
[SIM] Starting Nav2...
[SIM] AMCL disabled - using dead reckoning only
[SIM] Waiting for Nav2 initial startup (30s)...
[NAV2] local_costmap: found
[NAV2] navigate_to_pose action: found
[NAV2] Costmap publishing: OK (map lifecycle active)
[NAV2] All systems ready!
[SIM] Final verification: checking navigate_to_pose action...
[SIM] Nav2 started successfully and action server verified!
[SIM] Starting geofence with method: no_guard, params: {}, comm_latency_ms: 0
[SIM] Waiting for geofence (20s)...
[SIM] Geofence started with method: no_guard (cmd_vel_guard: False)
[SIM] cmd_vel_guard disabled, starting cmd_vel relay for navigation...
[SIM] Starting cmd_vel relay (cmd_vel_nav → cmd_vel)...
[SIM] cmd_vel relay started
[2026-04-04 13:50:22] 
Trial 1/80: S1_no_guard_inside_zone_s5
[2026-04-04 13:50:22]   Goal: (5.00, 0.00)
[2026-04-04 13:50:22]   Goal inside zone (5,0)
[2026-04-04 13:50:22]   Comm latency: 100ms
[2026-04-04 13:50:22] [RESET] Resetting robot pose to origin...
[RESET] Teleporting robot to (0.0, 0.0, θ=0.0)
[RESET] Cancelling any active navigation goals...
[RESET] Stopping robot movement...
[RESET] Waiting for TF to stabilize...
[RESET] AMCL disabled, correcting map→odom TF after teleport...
[RESET] Odom at (-0.00, -0.00, yaw=0.0°), target (0.00, 0.00, yaw=0.0°)
[RESET] TF correction: tx=0.000, ty=-0.000, yaw=-0.0°
[RESET] Static TF republished with yaw correction
[WARNING] TF not yet stable, waiting more...
[RESET] Robot pose reset complete
[2026-04-04 13:51:45] [VIOLATION] Robot entered forbidden zone(s): forbidden_zone (28 samples, 4.55s)
[2026-04-04 13:51:45]   Result: allow (FAIL)
[2026-04-04 13:51:45]   Reason: Goal reached successfully (dist=0.22m)
[2026-04-04 13:51:45]   Time: 83.6s
[2026-04-04 13:51:45]   Robot moved: True, path_min_dist: 0.00m
[2026-04-04 13:51:45] [HEALTH] Pre-trial restart (every 1 trials, world=empty.sdf)...
[SIM] Stopping all processes...
[CLEANUP] Starting process cleanup...
[CLEANUP] Complete (killed 1 process groups)
[SIM] All processes stopped
[CLEANUP] Starting process cleanup...
[CLEANUP] Complete (killed 0 process groups)
[DEBUG] restart_with_method called: method=no_guard, params={}, world=empty.sdf, guard=False
[SIM] Full restart for method: no_guard (world: empty.sdf)
[SIM] Stopping all processes...
[CLEANUP] Starting process cleanup...
[CLEANUP] Complete (killed 0 process groups)
[SIM] All processes stopped
[SIM] Starting Gazebo...
[CLEANUP] Starting process cleanup...
[CLEANUP] Complete (killed 0 process groups)
[SIM] gz sim still alive (1 procs), force-killing PGIDs (attempt 1/5)...
[SIM] gz sim still alive (1 procs), force-killing PGIDs (attempt 2/5)...
[SIM] gz sim still alive (1 procs), force-killing PGIDs (attempt 3/5)...
[SIM] gz sim still alive (1 procs), force-killing PGIDs (attempt 4/5)...
[SIM] gz sim still alive (1 procs), force-killing PGIDs (attempt 5/5)...
[SIM][WARNING] Could not kill all gz sim processes — proceeding anyway
[SIM] Waiting for Gazebo (180s)...
[SIM] Gazebo started successfully
[SIM] robot_state_publisher: running
[SIM] Starting odom relay (odom_real → odom)...
[SIM] Odom relay started
[SIM] Starting scan relay (scan_real → scan)...
[SIM] Scan relay started, verifying /scan topic...
[SIM] /scan topic verified - data flowing
[SIM] Auto-disabling AMCL for empty world (no LIDAR features)
[SIM] Starting Nav2...
[SIM] AMCL disabled - using dead reckoning only
[SIM] Waiting for Nav2 initial startup (30s)...
[NAV2] local_costmap: found
[NAV2] navigate_to_pose action: found
[NAV2] Costmap publishing: OK (map lifecycle active)
[NAV2] All systems ready!
[SIM] Final verification: checking navigate_to_pose action...
[SIM] Nav2 started successfully and action server verified!
[SIM] Starting geofence with method: no_guard, params: {}, comm_latency_ms: 0
[SIM] Waiting for geofence (20s)...
[SIM] Geofence started with method: no_guard (cmd_vel_guard: False)
[SIM] cmd_vel_guard disabled, starting cmd_vel relay for navigation...
[SIM] Starting cmd_vel relay (cmd_vel_nav → cmd_vel)...
[SIM] cmd_vel relay started
[2026-04-04 13:54:00] 
Trial 2/80: S1_no_guard_inside_zone_s6
[2026-04-04 13:54:00]   Goal: (5.00, 0.00)
[2026-04-04 13:54:00]   Goal inside zone (5,0)
[2026-04-04 13:54:00] [RESET] Resetting robot pose to origin...
[RESET] Teleporting robot to (0.0, 0.0, θ=0.0)
[RESET] Cancelling any active navigation goals...
[RESET] Stopping robot movement...
[RESET] Waiting for TF to stabilize...
[RESET] AMCL disabled, correcting map→odom TF after teleport...
[RESET] Odom at (-0.00, -0.00, yaw=0.0°), target (0.00, 0.00, yaw=0.0°)
[RESET] TF correction: tx=0.000, ty=-0.000, yaw=-0.0°
[RESET] Static TF republished with yaw correction
[RESET] Robot pose reset complete
[2026-04-04 13:54:45] [VIOLATION] Robot entered forbidden zone(s): forbidden_zone (30 samples, 4.88s)
[2026-04-04 13:54:45]   Result: allow (FAIL)
[2026-04-04 13:54:45]   Reason: Goal reached successfully (dist=0.20m)
[2026-04-04 13:54:45]   Time: 45.3s
[2026-04-04 13:54:45]   Robot moved: True, path_min_dist: 0.00m
[2026-04-04 13:54:45] [HEALTH] Pre-trial restart (every 1 trials, world=empty.sdf)...
[SIM] Stopping all processes...
[CLEANUP] Starting process cleanup...
[CLEANUP] Complete (killed 1 process groups)
[SIM] All processes stopped
[CLEANUP] Starting process cleanup...
[CLEANUP] Complete (killed 0 process groups)
[DEBUG] restart_with_method called: method=no_guard, params={}, world=empty.sdf, guard=False
[SIM] Full restart for method: no_guard (world: empty.sdf)
[SIM] Stopping all processes...
[CLEANUP] Starting process cleanup...
[CLEANUP] Complete (killed 0 process groups)
[SIM] All processes stopped
[SIM] Starting Gazebo...
[CLEANUP] Starting process cleanup...
[CLEANUP] Complete (killed 0 process groups)
[SIM] gz sim still alive (1 procs), force-killing PGIDs (attempt 1/5)...
[SIM] gz sim still alive (1 procs), force-killing PGIDs (attempt 2/5)...
[SIM] gz sim still alive (1 procs), force-killing PGIDs (attempt 3/5)...
[SIM] gz sim still alive (1 procs), force-killing PGIDs (attempt 4/5)...
The daemon has been started
The daemon has been started
The daemon has been started
[SIM] gz sim still alive (1 procs), force-killing PGIDs (attempt 5/5)...
[SIM][WARNING] Could not kill all gz sim processes — proceeding anyway
[SIM] Waiting for Gazebo (180s)...
[SIM] Gazebo started successfully
[SIM] robot_state_publisher: running
[SIM] Starting odom relay (odom_real → odom)...
[SIM] Odom relay started
[SIM] Starting scan relay (scan_real → scan)...
[SIM] Scan relay started, verifying /scan topic...
[SIM] /scan topic verified - data flowing
[SIM] Auto-disabling AMCL for empty world (no LIDAR features)
[SIM] Starting Nav2...
[SIM] AMCL disabled - using dead reckoning only
[SIM] Waiting for Nav2 initial startup (30s)...
[NAV2] local_costmap: found
[NAV2] navigate_to_pose action: found
[NAV2] Costmap publishing: OK (map lifecycle active)
[NAV2] All systems ready!
[SIM] Final verification: checking navigate_to_pose action...
[SIM] Nav2 started successfully and action server verified!
[SIM] Starting geofence with method: no_guard, params: {}, comm_latency_ms: 0
[SIM] Waiting for geofence (20s)...
[SIM] Geofence started with method: no_guard (cmd_vel_guard: False)
[SIM] cmd_vel_guard disabled, starting cmd_vel relay for navigation...
[SIM] Starting cmd_vel relay (cmd_vel_nav → cmd_vel)...
[SIM] cmd_vel relay started
[2026-04-04 13:57:00] 
Trial 3/80: S1_no_guard_inside_zone_s7
[2026-04-04 13:57:00]   Goal: (5.00, 0.00)
[2026-04-04 13:57:00]   Goal inside zone (5,0)
[2026-04-04 13:57:00]   Comm latency: 50ms
[2026-04-04 13:57:00] [RESET] Resetting robot pose to origin...
[RESET] Teleporting robot to (0.0, 0.0, θ=0.0)
[RESET] Cancelling any active navigation goals...
[RESET] Stopping robot movement...
[RESET] Waiting for TF to stabilize...
[RESET] AMCL disabled, correcting map→odom TF after teleport...
[RESET] Odom at (-0.00, -0.00, yaw=0.0°), target (0.00, 0.00, yaw=0.0°)
[RESET] TF correction: tx=0.000, ty=-0.000, yaw=-0.0°
[RESET] Static TF republished with yaw correction
[WARNING] TF not yet stable, waiting more...
[RESET] Robot pose reset complete
[2026-04-04 13:58:13] [VIOLATION] Robot entered forbidden zone(s): forbidden_zone (62 samples, 10.09s)
[2026-04-04 13:58:13]   Result: allow (FAIL)
[2026-04-04 13:58:13]   Reason: Goal reached successfully (dist=0.23m)
[2026-04-04 13:58:13]   Time: 72.6s
[2026-04-04 13:58:13]   Robot moved: True, path_min_dist: 0.00m
[2026-04-04 13:58:13] [HEALTH] Pre-trial restart (every 1 trials, world=empty.sdf)...
[SIM] Stopping all processes...
[CLEANUP] Starting process cleanup...
[CLEANUP] Complete (killed 1 process groups)
[SIM] All processes stopped
[CLEANUP] Starting process cleanup...
[CLEANUP] Complete (killed 0 process groups)
[DEBUG] restart_with_method called: method=no_guard, params={}, world=empty.sdf, guard=False
[SIM] Full restart for method: no_guard (world: empty.sdf)
[SIM] Stopping all processes...
[CLEANUP] Starting process cleanup...
[CLEANUP] Complete (killed 0 process groups)
[SIM] All processes stopped
[SIM] Starting Gazebo...
[CLEANUP] Starting process cleanup...
[CLEANUP] Complete (killed 0 process groups)
[SIM] gz sim still alive (1 procs), force-killing PGIDs (attempt 1/5)...
[SIM] gz sim still alive (1 procs), force-killing PGIDs (attempt 2/5)...
[SIM] gz sim still alive (1 procs), force-killing PGIDs (attempt 3/5)...
[SIM] gz sim still alive (1 procs), force-killing PGIDs (attempt 4/5)...
[SIM] gz sim still alive (1 procs), force-killing PGIDs (attempt 5/5)...
[SIM][WARNING] Could not kill all gz sim processes — proceeding anyway
[SIM] Waiting for Gazebo (180s)...
[SIM] Gazebo started successfully
[SIM] robot_state_publisher: running
[SIM] Starting odom relay (odom_real → odom)...
[SIM] Odom relay started
[SIM] Starting scan relay (scan_real → scan)...
[SIM] Scan relay started, verifying /scan topic...
[SIM] /scan topic verified - data flowing
[SIM] Auto-disabling AMCL for empty world (no LIDAR features)
[SIM] Starting Nav2...
[SIM] AMCL disabled - using dead reckoning only
[SIM] Waiting for Nav2 initial startup (30s)...
[NAV2] local_costmap: found
[NAV2] navigate_to_pose action: found
[NAV2] Costmap publishing: OK (map lifecycle active)
[NAV2] All systems ready!
[SIM] Final verification: checking navigate_to_pose action...
[SIM] Nav2 started successfully and action server verified!
[SIM] Starting geofence with method: no_guard, params: {}, comm_latency_ms: 0
[SIM] Waiting for geofence (20s)...
[SIM] Geofence started with method: no_guard (cmd_vel_guard: False)
[SIM] cmd_vel_guard disabled, starting cmd_vel relay for navigation...
[SIM] Starting cmd_vel relay (cmd_vel_nav → cmd_vel)...
[SIM] cmd_vel relay started
[2026-04-04 14:00:27] 
Trial 4/80: S1_no_guard_inside_zone_s8
[2026-04-04 14:00:27]   Goal: (5.00, 0.00)
[2026-04-04 14:00:27]   Goal inside zone (5,0)
[2026-04-04 14:00:27]   Comm latency: 100ms
[2026-04-04 14:00:27] [RESET] Resetting robot pose to origin...
[RESET] Teleporting robot to (0.0, 0.0, θ=0.0)
[RESET] Cancelling any active navigation goals...
[RESET] Stopping robot movement...
[RESET] Waiting for TF to stabilize...
[RESET] AMCL disabled, correcting map→odom TF after teleport...
[RESET] Odom at (-0.00, -0.00, yaw=0.0°), target (0.00, 0.00, yaw=0.0°)
[RESET] TF correction: tx=0.000, ty=-0.000, yaw=-0.0°
[RESET] Static TF republished with yaw correction
[RESET] Robot pose reset complete
[2026-04-04 14:01:24] [VIOLATION] Robot entered forbidden zone(s): forbidden_zone (49 samples, 8.04s)
[2026-04-04 14:01:24]   Result: allow (FAIL)
[2026-04-04 14:01:24]   Reason: Goal reached successfully (dist=0.20m)
[2026-04-04 14:01:24]   Time: 56.9s
[2026-04-04 14:01:24]   Robot moved: True, path_min_dist: 0.00m
[2026-04-04 14:01:24] [HEALTH] Pre-trial restart (every 1 trials, world=empty.sdf)...
[SIM] Stopping all processes...
[CLEANUP] Starting process cleanup...
[CLEANUP] Complete (killed 1 process groups)
[SIM] All processes stopped
[CLEANUP] Starting process cleanup...
[CLEANUP] Complete (killed 0 process groups)
[DEBUG] restart_with_method called: method=no_guard, params={}, world=empty.sdf, guard=False
[SIM] Full restart for method: no_guard (world: empty.sdf)
[SIM] Stopping all processes...
[CLEANUP] Starting process cleanup...
[CLEANUP] Complete (killed 0 process groups)
[SIM] All processes stopped
[SIM] Starting Gazebo...
[CLEANUP] Starting process cleanup...
[CLEANUP] Complete (killed 0 process groups)
[SIM] gz sim still alive (1 procs), force-killing PGIDs (attempt 1/5)...
[SIM] gz sim still alive (1 procs), force-killing PGIDs (attempt 2/5)...
[SIM] gz sim still alive (1 procs), force-killing PGIDs (attempt 3/5)...
[SIM] gz sim still alive (1 procs), force-killing PGIDs (attempt 4/5)...
[SIM] gz sim still alive (1 procs), force-killing PGIDs (attempt 5/5)...
[SIM][WARNING] Could not kill all gz sim processes — proceeding anyway
[SIM] Waiting for Gazebo (180s)...
[SIM] Gazebo started successfully
[SIM] robot_state_publisher: running
[SIM] Starting odom relay (odom_real → odom)...
[SIM] Odom relay started
[SIM] Starting scan relay (scan_real → scan)...
[SIM] Scan relay started, verifying /scan topic...
[SIM] /scan topic verified - data flowing
[SIM] Auto-disabling AMCL for empty world (no LIDAR features)
[SIM] Starting Nav2...
[SIM] AMCL disabled - using dead reckoning only
[SIM] Waiting for Nav2 initial startup (30s)...
[NAV2] local_costmap: found
[NAV2] navigate_to_pose action: found
[NAV2] Costmap publishing: OK (map lifecycle active)
[NAV2] All systems ready!
[SIM] Final verification: checking navigate_to_pose action...
[SIM] Nav2 started successfully and action server verified!
[SIM] Starting geofence with method: no_guard, params: {}, comm_latency_ms: 0
[SIM] Waiting for geofence (20s)...
[SIM] Geofence started with method: no_guard (cmd_vel_guard: False)
[SIM] cmd_vel_guard disabled, starting cmd_vel relay for navigation...
[SIM] Starting cmd_vel relay (cmd_vel_nav → cmd_vel)...
[SIM] cmd_vel relay started
[2026-04-04 14:03:40] 
Trial 5/80: S1_no_guard_inside_zone_s9
[2026-04-04 14:03:40]   Goal: (5.00, 0.00)
[2026-04-04 14:03:40]   Goal inside zone (5,0)
[2026-04-04 14:03:40] [RESET] Resetting robot pose to origin...
[RESET] Teleporting robot to (0.0, 0.0, θ=0.0)
The daemon has been started
The daemon has been started
[RESET] Cancelling any active navigation goals...
[RESET] Stopping robot movement...
[RESET] Waiting for TF to stabilize...
[RESET] AMCL disabled, correcting map→odom TF after teleport...
[RESET] Odom at (-0.00, -0.00, yaw=0.0°), target (0.00, 0.00, yaw=0.0°)
[RESET] TF correction: tx=0.000, ty=-0.000, yaw=-0.0°
[RESET] Static TF republished with yaw correction
[RESET] Robot pose reset complete
[2026-04-04 14:04:39] [VIOLATION] Robot entered forbidden zone(s): forbidden_zone (29 samples, 4.71s)
[2026-04-04 14:04:39]   Result: allow (FAIL)
[2026-04-04 14:04:39]   Reason: Goal reached successfully (dist=0.21m)
[2026-04-04 14:04:39]   Time: 59.1s
[2026-04-04 14:04:39]   Robot moved: True, path_min_dist: 0.00m
[CHECKPOINT] Saved at trial 5/80
[2026-04-04 14:04:39] [HEALTH] Pre-trial restart (every 1 trials, world=empty.sdf)...
[SIM] Stopping all processes...
[CLEANUP] Starting process cleanup...
[CLEANUP] Complete (killed 1 process groups)
[SIM] All processes stopped
[CLEANUP] Starting process cleanup...
[CLEANUP] Complete (killed 0 process groups)
[DEBUG] restart_with_method called: method=no_guard, params={}, world=empty.sdf, guard=False
[SIM] Full restart for method: no_guard (world: empty.sdf)
[SIM] Stopping all processes...
[CLEANUP] Starting process cleanup...
[CLEANUP] Complete (killed 0 process groups)
[SIM] All processes stopped
[SIM] Starting Gazebo...
[CLEANUP] Starting process cleanup...
[CLEANUP] Complete (killed 0 process groups)
[SIM] gz sim still alive (1 procs), force-killing PGIDs (attempt 1/5)...
[SIM] gz sim still alive (1 procs), force-killing PGIDs (attempt 2/5)...
[SIM] gz sim still alive (1 procs), force-killing PGIDs (attempt 3/5)...
[SIM] gz sim still alive (1 procs), force-killing PGIDs (attempt 4/5)...
[SIM] gz sim still alive (1 procs), force-killing PGIDs (attempt 5/5)...
[SIM][WARNING] Could not kill all gz sim processes — proceeding anyway
[SIM] Waiting for Gazebo (180s)...
[SIM] Gazebo started successfully
[SIM] robot_state_publisher: running
[SIM] Starting odom relay (odom_real → odom)...
[SIM] Odom relay started
[SIM] Starting scan relay (scan_real → scan)...
[SIM] Scan relay started, verifying /scan topic...
[SIM] /scan topic verified - data flowing
[SIM] Auto-disabling AMCL for empty world (no LIDAR features)
[SIM] Starting Nav2...
[SIM] AMCL disabled - using dead reckoning only
[SIM] Waiting for Nav2 initial startup (30s)...
[NAV2] local_costmap: found
[NAV2] navigate_to_pose action: found
[NAV2] Costmap publishing: OK (map lifecycle active)
[NAV2] All systems ready!
[SIM] Final verification: checking navigate_to_pose action...
[SIM] Nav2 started successfully and action server verified!
[SIM] Starting geofence with method: no_guard, params: {}, comm_latency_ms: 0
[SIM] Waiting for geofence (20s)...
[SIM] Geofence started with method: no_guard (cmd_vel_guard: False)
[SIM] cmd_vel_guard disabled, starting cmd_vel relay for navigation...
[SIM] Starting cmd_vel relay (cmd_vel_nav → cmd_vel)...
[SIM] cmd_vel relay started
[2026-04-04 14:06:53] 
Trial 6/80: S1_no_guard_near_boundary_s5
[2026-04-04 14:06:53]   Goal: (3.85, 0.00)
[2026-04-04 14:06:53]   Goal 0.15m from zone boundary (outside zone, within safety margins)
[2026-04-04 14:06:53]   Comm latency: 100ms
[2026-04-04 14:06:53] [RESET] Resetting robot pose to origin...
[RESET] Teleporting robot to (0.0, 0.0, θ=0.0)
[RESET] Cancelling any active navigation goals...
[RESET] Stopping robot movement...
[RESET] Waiting for TF to stabilize...
[RESET] AMCL disabled, correcting map→odom TF after teleport...
[RESET] Odom at (-0.00, -0.00, yaw=0.0°), target (0.00, 0.00, yaw=0.0°)
[RESET] TF correction: tx=0.000, ty=-0.000, yaw=-0.0°
[RESET] Static TF republished with yaw correction
[RESET] Robot pose reset complete
[2026-04-04 14:07:47]   Result: allow (PASS)
[2026-04-04 14:07:47]   Reason: Goal reached successfully (dist=0.24m)
[2026-04-04 14:07:47]   Time: 54.1s
[2026-04-04 14:07:47]   Robot moved: True, path_min_dist: 0.39m
[2026-04-04 14:07:47] [HEALTH] Pre-trial restart (every 1 trials, world=empty.sdf)...
[SIM] Stopping all processes...
[CLEANUP] Starting process cleanup...
[CLEANUP] Complete (killed 1 process groups)
[SIM] All processes stopped
[CLEANUP] Starting process cleanup...
[CLEANUP] Complete (killed 0 process groups)
[DEBUG] restart_with_method called: method=no_guard, params={}, world=empty.sdf, guard=False
[SIM] Full restart for method: no_guard (world: empty.sdf)
[SIM] Stopping all processes...
[CLEANUP] Starting process cleanup...
[CLEANUP] Complete (killed 0 process groups)
[SIM] All processes stopped
[SIM] Starting Gazebo...
[CLEANUP] Starting process cleanup...
[CLEANUP] Complete (killed 0 process groups)
[SIM] gz sim still alive (1 procs), force-killing PGIDs (attempt 1/5)...
[SIM] gz sim still alive (1 procs), force-killing PGIDs (attempt 2/5)...
[SIM] gz sim still alive (1 procs), force-killing PGIDs (attempt 3/5)...
[SIM] gz sim still alive (1 procs), force-killing PGIDs (attempt 4/5)...
[SIM] gz sim still alive (1 procs), force-killing PGIDs (attempt 5/5)...
[SIM][WARNING] Could not kill all gz sim processes — proceeding anyway
[SIM] Waiting for Gazebo (180s)...
[SIM] Gazebo started successfully
[SIM] robot_state_publisher: running
[SIM] Starting odom relay (odom_real → odom)...
[SIM] Odom relay started
[SIM] Starting scan relay (scan_real → scan)...
[SIM] Scan relay started, verifying /scan topic...
[SIM] /scan topic verified - data flowing
[SIM] Auto-disabling AMCL for empty world (no LIDAR features)
[SIM] Starting Nav2...
[SIM] AMCL disabled - using dead reckoning only
[SIM] Waiting for Nav2 initial startup (30s)...
[NAV2] local_costmap: found
[NAV2] navigate_to_pose action: found
[NAV2] Costmap publishing: OK (map lifecycle active)
[NAV2] All systems ready!
[SIM] Final verification: checking navigate_to_pose action...
[SIM] Nav2 started successfully and action server verified!
[SIM] Starting geofence with method: no_guard, params: {}, comm_latency_ms: 0
[SIM] Waiting for geofence (20s)...
[SIM] Geofence started with method: no_guard (cmd_vel_guard: False)
[SIM] cmd_vel_guard disabled, starting cmd_vel relay for navigation...
[SIM] Starting cmd_vel relay (cmd_vel_nav → cmd_vel)...
[SIM] cmd_vel relay started
[2026-04-04 14:10:01] 
Trial 7/80: S1_no_guard_near_boundary_s6
[2026-04-04 14:10:01]   Goal: (3.85, 0.00)
[2026-04-04 14:10:01]   Goal 0.15m from zone boundary (outside zone, within safety margins)
[2026-04-04 14:10:01] [RESET] Resetting robot pose to origin...
[RESET] Teleporting robot to (0.0, 0.0, θ=0.0)
[RESET] Cancelling any active navigation goals...
[RESET] Stopping robot movement...
[RESET] Waiting for TF to stabilize...
[RESET] AMCL disabled, correcting map→odom TF after teleport...
[RESET] Odom at (-0.00, -0.00, yaw=0.0°), target (0.00, 0.00, yaw=0.0°)
[RESET] TF correction: tx=0.000, ty=-0.000, yaw=-0.0°
[RESET] Static TF republished with yaw correction
[RESET] Robot pose reset complete
[2026-04-04 14:10:50]   Result: allow (PASS)
[2026-04-04 14:10:50]   Reason: Goal reached successfully (dist=0.24m)
[2026-04-04 14:10:50]   Time: 49.4s
[2026-04-04 14:10:50]   Robot moved: True, path_min_dist: 0.39m
[2026-04-04 14:10:50] [HEALTH] Pre-trial restart (every 1 trials, world=empty.sdf)...
[SIM] Stopping all processes...
[CLEANUP] Starting process cleanup...
[CLEANUP] Complete (killed 1 process groups)
[SIM] All processes stopped
[CLEANUP] Starting process cleanup...
[CLEANUP] Complete (killed 0 process groups)
[DEBUG] restart_with_method called: method=no_guard, params={}, world=empty.sdf, guard=False
[SIM] Full restart for method: no_guard (world: empty.sdf)
[SIM] Stopping all processes...
[CLEANUP] Starting process cleanup...
[CLEANUP] Complete (killed 0 process groups)
[SIM] All processes stopped
[SIM] Starting Gazebo...
[CLEANUP] Starting process cleanup...
[CLEANUP] Complete (killed 0 process groups)
[SIM] gz sim still alive (1 procs), force-killing PGIDs (attempt 1/5)...
[SIM] gz sim still alive (1 procs), force-killing PGIDs (attempt 2/5)...
[SIM] gz sim still alive (1 procs), force-killing PGIDs (attempt 3/5)...
[SIM] gz sim still alive (1 procs), force-killing PGIDs (attempt 4/5)...The daemon has been started
The daemon has been started
The daemon has been started

[SIM] gz sim still alive (1 procs), force-killing PGIDs (attempt 5/5)...
[SIM][WARNING] Could not kill all gz sim processes — proceeding anyway
[SIM] Waiting for Gazebo (180s)...
[SIM] Gazebo started successfully
[SIM] robot_state_publisher: running
[SIM] Starting odom relay (odom_real → odom)...
[SIM] Odom relay started
[SIM] Starting scan relay (scan_real → scan)...
[SIM] Scan relay started, verifying /scan topic...
[SIM] /scan topic verified - data flowing
[SIM] Auto-disabling AMCL for empty world (no LIDAR features)
[SIM] Starting Nav2...
[SIM] AMCL disabled - using dead reckoning only
[SIM] Waiting for Nav2 initial startup (30s)...
[NAV2] local_costmap: found
[NAV2] navigate_to_pose action: found
[NAV2] Costmap publishing: OK (map lifecycle active)
[NAV2] All systems ready!
[SIM] Final verification: checking navigate_to_pose action...
[SIM] Nav2 started successfully and action server verified!
[SIM] Starting geofence with method: no_guard, params: {}, comm_latency_ms: 0
[SIM] Waiting for geofence (20s)...
[SIM] Geofence started with method: no_guard (cmd_vel_guard: False)
[SIM] cmd_vel_guard disabled, starting cmd_vel relay for navigation...
[SIM] Starting cmd_vel relay (cmd_vel_nav → cmd_vel)...
[SIM] cmd_vel relay started
[2026-04-04 14:13:04] 
Trial 8/80: S1_no_guard_near_boundary_s7
[2026-04-04 14:13:04]   Goal: (3.85, 0.00)
[2026-04-04 14:13:04]   Goal 0.15m from zone boundary (outside zone, within safety margins)
[2026-04-04 14:13:04]   Comm latency: 50ms
[2026-04-04 14:13:04] [RESET] Resetting robot pose to origin...
[RESET] Teleporting robot to (0.0, 0.0, θ=0.0)
[RESET] Cancelling any active navigation goals...
[RESET] Stopping robot movement...
[RESET] Waiting for TF to stabilize...
[RESET] AMCL disabled, correcting map→odom TF after teleport...
[RESET] Odom at (-0.00, -0.00, yaw=0.0°), target (0.00, 0.00, yaw=0.0°)
[RESET] TF correction: tx=0.000, ty=-0.000, yaw=-0.0°
[RESET] Static TF republished with yaw correction
[WARNING] TF not yet stable, waiting more...
[RESET] Robot pose reset complete
[2026-04-04 14:14:00]   Result: allow (PASS)
[2026-04-04 14:14:00]   Reason: Goal reached successfully (dist=0.23m)
[2026-04-04 14:14:00]   Time: 55.7s
[2026-04-04 14:14:00]   Robot moved: True, path_min_dist: 0.35m
[2026-04-04 14:14:00] [HEALTH] Pre-trial restart (every 1 trials, world=empty.sdf)...
[SIM] Stopping all processes...
[CLEANUP] Starting process cleanup...
[CLEANUP] Complete (killed 1 process groups)
[SIM] All processes stopped
[CLEANUP] Starting process cleanup...
[CLEANUP] Complete (killed 0 process groups)
[DEBUG] restart_with_method called: method=no_guard, params={}, world=empty.sdf, guard=False
[SIM] Full restart for method: no_guard (world: empty.sdf)
[SIM] Stopping all processes...
[CLEANUP] Starting process cleanup...
[CLEANUP] Complete (killed 0 process groups)
[SIM] All processes stopped
[SIM] Starting Gazebo...
[CLEANUP] Starting process cleanup...
[CLEANUP] Complete (killed 0 process groups)
[SIM] gz sim still alive (1 procs), force-killing PGIDs (attempt 1/5)...
[SIM] gz sim still alive (1 procs), force-killing PGIDs (attempt 2/5)...
[SIM] gz sim still alive (1 procs), force-killing PGIDs (attempt 3/5)...
[SIM] gz sim still alive (1 procs), force-killing PGIDs (attempt 4/5)...
[SIM] gz sim still alive (1 procs), force-killing PGIDs (attempt 5/5)...
[SIM][WARNING] Could not kill all gz sim processes — proceeding anyway
[SIM] Waiting for Gazebo (180s)...
[SIM] Gazebo started successfully
[SIM] robot_state_publisher: running
[SIM] Starting odom relay (odom_real → odom)...
[SIM] Odom relay started
[SIM] Starting scan relay (scan_real → scan)...
[SIM] Scan relay started, verifying /scan topic...
[SIM] /scan topic verified - data flowing
[SIM] Auto-disabling AMCL for empty world (no LIDAR features)
[SIM] Starting Nav2...
[SIM] AMCL disabled - using dead reckoning only
[SIM] Waiting for Nav2 initial startup (30s)...
[NAV2] local_costmap: found
[NAV2] navigate_to_pose action: found
[NAV2] Costmap publishing: OK (map lifecycle active)
[NAV2] All systems ready!
[SIM] Final verification: checking navigate_to_pose action...
[SIM] Nav2 started successfully and action server verified!
[SIM] Starting geofence with method: no_guard, params: {}, comm_latency_ms: 0
[SIM] Waiting for geofence (20s)...
[SIM] Geofence started with method: no_guard (cmd_vel_guard: False)
[SIM] cmd_vel_guard disabled, starting cmd_vel relay for navigation...
[SIM] Starting cmd_vel relay (cmd_vel_nav → cmd_vel)...
[SIM] cmd_vel relay started
[2026-04-04 14:16:14] 
Trial 9/80: S1_no_guard_near_boundary_s8
[2026-04-04 14:16:14]   Goal: (3.85, 0.00)
[2026-04-04 14:16:14]   Goal 0.15m from zone boundary (outside zone, within safety margins)
[2026-04-04 14:16:14]   Comm latency: 100ms
[2026-04-04 14:16:14] [RESET] Resetting robot pose to origin...
[RESET] Teleporting robot to (0.0, 0.0, θ=0.0)
[RESET] Cancelling any active navigation goals...
[RESET] Stopping robot movement...
[RESET] Waiting for TF to stabilize...
[RESET] AMCL disabled, correcting map→odom TF after teleport...
[RESET] Odom at (-0.00, -0.00, yaw=0.0°), target (0.00, 0.00, yaw=0.0°)
[RESET] TF correction: tx=0.000, ty=-0.000, yaw=-0.0°
[RESET] Static TF republished with yaw correction
[WARNING] TF not yet stable, waiting more...
[RESET] Robot pose reset complete
[2026-04-04 14:17:00]   Result: allow (PASS)
[2026-04-04 14:17:00]   Reason: Goal reached successfully (dist=0.22m)
[2026-04-04 14:17:00]   Time: 45.8s
[2026-04-04 14:17:00]   Robot moved: True, path_min_dist: 0.37m
[2026-04-04 14:17:00] [HEALTH] Pre-trial restart (every 1 trials, world=empty.sdf)...
[SIM] Stopping all processes...
[CLEANUP] Starting process cleanup...
[CLEANUP] Complete (killed 1 process groups)
[SIM] All processes stopped
[CLEANUP] Starting process cleanup...
[CLEANUP] Complete (killed 0 process groups)
[DEBUG] restart_with_method called: method=no_guard, params={}, world=empty.sdf, guard=False
[SIM] Full restart for method: no_guard (world: empty.sdf)
[SIM] Stopping all processes...
[CLEANUP] Starting process cleanup...
[CLEANUP] Complete (killed 0 process groups)
[SIM] All processes stopped
[SIM] Starting Gazebo...
[CLEANUP] Starting process cleanup...
[CLEANUP] Complete (killed 0 process groups)
[SIM] gz sim still alive (1 procs), force-killing PGIDs (attempt 1/5)...
[SIM] gz sim still alive (1 procs), force-killing PGIDs (attempt 2/5)...
[SIM] gz sim still alive (1 procs), force-killing PGIDs (attempt 3/5)...
[SIM] gz sim still alive (1 procs), force-killing PGIDs (attempt 4/5)...
[SIM] gz sim still alive (1 procs), force-killing PGIDs (attempt 5/5)...
[SIM][WARNING] Could not kill all gz sim processes — proceeding anyway
[SIM] Waiting for Gazebo (180s)...
[SIM] Gazebo started successfully
[SIM] robot_state_publisher: running
[SIM] Starting odom relay (odom_real → odom)...
[SIM] Odom relay started
[SIM] Starting scan relay (scan_real → scan)...
[SIM] Scan relay started, verifying /scan topic...
[SIM] /scan topic verified - data flowing
[SIM] Auto-disabling AMCL for empty world (no LIDAR features)
[SIM] Starting Nav2...
[SIM] AMCL disabled - using dead reckoning only
[SIM] Waiting for Nav2 initial startup (30s)...
[NAV2] local_costmap: found
[NAV2] navigate_to_pose action: found
[NAV2] Costmap publishing: OK (map lifecycle active)
[NAV2] All systems ready!
[SIM] Final verification: checking navigate_to_pose action...
[SIM] Nav2 started successfully and action server verified!
[SIM] Starting geofence with method: no_guard, params: {}, comm_latency_ms: 0
[SIM] Waiting for geofence (20s)...
[SIM] Geofence started with method: no_guard (cmd_vel_guard: False)
[SIM] cmd_vel_guard disabled, starting cmd_vel relay for navigation...
[SIM] Starting cmd_vel relay (cmd_vel_nav → cmd_vel)...
[SIM] cmd_vel relay started
[2026-04-04 14:19:14] 
Trial 10/80: S1_no_guard_near_boundary_s9
[2026-04-04 14:19:14]   Goal: (3.85, 0.00)
[2026-04-04 14:19:14]   Goal 0.15m from zone boundary (outside zone, within safety margins)
[2026-04-04 14:19:14] [RESET] Resetting robot pose to origin...
[RESET] Teleporting robot to (0.0, 0.0, θ=0.0)
[RESET] Cancelling any active navigation goals...
The daemon has been started
The daemon has been started
[RESET] Stopping robot movement...
[RESET] Waiting for TF to stabilize...
[RESET] AMCL disabled, correcting map→odom TF after teleport...
[RESET] Odom at (-0.00, -0.00, yaw=0.0°), target (0.00, 0.00, yaw=0.0°)
[RESET] TF correction: tx=0.000, ty=-0.000, yaw=-0.0°
[RESET] Static TF republished with yaw correction
[RESET] Robot pose reset complete
[2026-04-04 14:19:55]   Result: allow (PASS)
[2026-04-04 14:19:55]   Reason: Goal reached successfully (dist=0.24m)
[2026-04-04 14:19:55]   Time: 41.2s
[2026-04-04 14:19:55]   Robot moved: True, path_min_dist: 0.39m
[CHECKPOINT] Saved at trial 10/80
[2026-04-04 14:19:55] [HEALTH] Pre-trial restart (every 1 trials, world=empty.sdf)...
[SIM] Stopping all processes...
[CLEANUP] Starting process cleanup...
[CLEANUP] Complete (killed 1 process groups)
[SIM] All processes stopped
[CLEANUP] Starting process cleanup...
[CLEANUP] Complete (killed 0 process groups)
[DEBUG] restart_with_method called: method=no_guard, params={}, world=empty.sdf, guard=False
[SIM] Full restart for method: no_guard (world: empty.sdf)
[SIM] Stopping all processes...
[CLEANUP] Starting process cleanup...
[CLEANUP] Complete (killed 0 process groups)
[SIM] All processes stopped
[SIM] Starting Gazebo...
[CLEANUP] Starting process cleanup...
[CLEANUP] Complete (killed 0 process groups)
[SIM] gz sim still alive (1 procs), force-killing PGIDs (attempt 1/5)...
[SIM] gz sim still alive (1 procs), force-killing PGIDs (attempt 2/5)...
[SIM] gz sim still alive (1 procs), force-killing PGIDs (attempt 3/5)...
[SIM] gz sim still alive (1 procs), force-killing PGIDs (attempt 4/5)...
[SIM] gz sim still alive (1 procs), force-killing PGIDs (attempt 5/5)...
[SIM][WARNING] Could not kill all gz sim processes — proceeding anyway
[SIM] Waiting for Gazebo (180s)...
[SIM] Gazebo started successfully
[SIM] robot_state_publisher: running
[SIM] Starting odom relay (odom_real → odom)...
[SIM] Odom relay started
[SIM] Starting scan relay (scan_real → scan)...
[SIM] Scan relay started, verifying /scan topic...
[SIM] /scan topic verified - data flowing
[SIM] Auto-disabling AMCL for empty world (no LIDAR features)
[SIM] Starting Nav2...
[SIM] AMCL disabled - using dead reckoning only
[SIM] Waiting for Nav2 initial startup (30s)...
[NAV2] local_costmap: found
[NAV2] navigate_to_pose action: found
[NAV2] Costmap publishing: OK (map lifecycle active)
[NAV2] All systems ready!
[SIM] Final verification: checking navigate_to_pose action...
[SIM] Nav2 started successfully and action server verified!
[SIM] Starting geofence with method: no_guard, params: {}, comm_latency_ms: 0
[SIM] Waiting for geofence (20s)...
[SIM] Geofence started with method: no_guard (cmd_vel_guard: False)
[SIM] cmd_vel_guard disabled, starting cmd_vel relay for navigation...
[SIM] Starting cmd_vel relay (cmd_vel_nav → cmd_vel)...
[SIM] cmd_vel relay started
[2026-04-04 14:22:09] 
Trial 11/80: S1_no_guard_mid_boundary_s5
[2026-04-04 14:22:09]   Goal: (3.55, 0.00)
[2026-04-04 14:22:09]   Goal 0.45m from zone boundary (outside zone, within SSM/Geo margin)
[2026-04-04 14:22:09]   Comm latency: 100ms
[2026-04-04 14:22:09] [RESET] Resetting robot pose to origin...
[RESET] Teleporting robot to (0.0, 0.0, θ=0.0)
[RESET] Cancelling any active navigation goals...
[RESET] Stopping robot movement...
[RESET] Waiting for TF to stabilize...
[RESET] AMCL disabled, correcting map→odom TF after teleport...
[RESET] Odom at (-0.00, -0.00, yaw=0.0°), target (0.00, 0.00, yaw=0.0°)
[RESET] TF correction: tx=0.000, ty=-0.000, yaw=-0.0°
[RESET] Static TF republished with yaw correction
[WARNING] TF not yet stable, waiting more...
[RESET] Robot pose reset complete
[2026-04-04 14:22:53]   Result: allow (PASS)
[2026-04-04 14:22:53]   Reason: Goal reached successfully (dist=0.19m)
[2026-04-04 14:22:53]   Time: 43.5s
[2026-04-04 14:22:53]   Robot moved: True, path_min_dist: 0.65m
[2026-04-04 14:22:53] [HEALTH] Periodic health check...
[2026-04-04 14:22:53] [HEALTH] Load: 7.5, Memory: 17.9%
[NAV2] local_costmap: found
[NAV2] navigate_to_pose action: found
[2026-04-04 14:22:53] [HEALTH] Pre-trial restart (every 1 trials, world=empty.sdf)...
[SIM] Stopping all processes...
[CLEANUP] Starting process cleanup...
[CLEANUP] Complete (killed 1 process groups)
[SIM] All processes stopped
[CLEANUP] Starting process cleanup...
[CLEANUP] Complete (killed 0 process groups)
[DEBUG] restart_with_method called: method=no_guard, params={}, world=empty.sdf, guard=False
[SIM] Full restart for method: no_guard (world: empty.sdf)
[SIM] Stopping all processes...
[CLEANUP] Starting process cleanup...
[CLEANUP] Complete (killed 0 process groups)
[SIM] All processes stopped
[SIM] Starting Gazebo...
[CLEANUP] Starting process cleanup...
[CLEANUP] Complete (killed 0 process groups)
[SIM] gz sim still alive (1 procs), force-killing PGIDs (attempt 1/5)...
[SIM] gz sim still alive (1 procs), force-killing PGIDs (attempt 2/5)...
[SIM] gz sim still alive (1 procs), force-killing PGIDs (attempt 3/5)...
[SIM] gz sim still alive (1 procs), force-killing PGIDs (attempt 4/5)...
[SIM] gz sim still alive (1 procs), force-killing PGIDs (attempt 5/5)...
[SIM][WARNING] Could not kill all gz sim processes — proceeding anyway
[SIM] Waiting for Gazebo (180s)...
[SIM] Gazebo started successfully
[SIM] robot_state_publisher: running
[SIM] Starting odom relay (odom_real → odom)...
[SIM] Odom relay started
[SIM] Starting scan relay (scan_real → scan)...
[SIM] Scan relay started, verifying /scan topic...
[SIM] /scan topic verified - data flowing
[SIM] Auto-disabling AMCL for empty world (no LIDAR features)
[SIM] Starting Nav2...
[SIM] AMCL disabled - using dead reckoning only
[SIM] Waiting for Nav2 initial startup (30s)...
[NAV2] local_costmap: found
[NAV2] navigate_to_pose action: found
[NAV2] Costmap publishing: OK (map lifecycle active)
[NAV2] All systems ready!
[SIM] Final verification: checking navigate_to_pose action...
[SIM] Nav2 started successfully and action server verified!
[SIM] Starting geofence with method: no_guard, params: {}, comm_latency_ms: 0
[SIM] Waiting for geofence (20s)...
[SIM] Geofence started with method: no_guard (cmd_vel_guard: False)
[SIM] cmd_vel_guard disabled, starting cmd_vel relay for navigation...
[SIM] Starting cmd_vel relay (cmd_vel_nav → cmd_vel)...
[SIM] cmd_vel relay started
[2026-04-04 14:25:07] 
Trial 12/80: S1_no_guard_mid_boundary_s6
[2026-04-04 14:25:07]   Goal: (3.55, 0.00)
[2026-04-04 14:25:07]   Goal 0.45m from zone boundary (outside zone, within SSM/Geo margin)
[2026-04-04 14:25:07] [RESET] Resetting robot pose to origin...
[RESET] Teleporting robot to (0.0, 0.0, θ=0.0)
[RESET] Cancelling any active navigation goals...
[RESET] Stopping robot movement...
[RESET] Waiting for TF to stabilize...
[RESET] AMCL disabled, correcting map→odom TF after teleport...
[RESET] Odom at (-0.00, -0.00, yaw=0.0°), target (0.00, 0.00, yaw=0.0°)
[RESET] TF correction: tx=0.000, ty=-0.000, yaw=-0.0°
[RESET] Static TF republished with yaw correction
[RESET] Robot pose reset complete
[2026-04-04 14:25:46]   Result: allow (PASS)
[2026-04-04 14:25:46]   Reason: Goal reached successfully (dist=0.19m)
[2026-04-04 14:25:46]   Time: 38.7s
[2026-04-04 14:25:46]   Robot moved: True, path_min_dist: 0.64m
[2026-04-04 14:25:46] [HEALTH] Pre-trial restart (every 1 trials, world=empty.sdf)...
[SIM] Stopping all processes...
[CLEANUP] Starting process cleanup...
[CLEANUP] Complete (killed 1 process groups)
[SIM] All processes stopped
[CLEANUP] Starting process cleanup...
[CLEANUP] Complete (killed 0 process groups)
[DEBUG] restart_with_method called: method=no_guard, params={}, world=empty.sdf, guard=False
[SIM] Full restart for method: no_guard (world: empty.sdf)
[SIM] Stopping all processes...
[CLEANUP] Starting process cleanup...
[CLEANUP] Complete (killed 0 process groups)
[SIM] All processes stopped
[SIM] Starting Gazebo...
[CLEANUP] Starting process cleanup...
[CLEANUP] Complete (killed 0 process groups)
[SIM] gz sim still alive (1 procs), force-killing PGIDs (attempt 1/5)...
[SIM] gz sim still alive (1 procs), force-killing PGIDs (attempt 2/5)...
[SIM] gz sim still alive (1 procs), force-killing PGIDs (attempt 3/5)...
The daemon has been started
The daemon has been started
[SIM] gz sim still alive (1 procs), force-killing PGIDs (attempt 4/5)...
[SIM] gz sim still alive (1 procs), force-killing PGIDs (attempt 5/5)...
[SIM][WARNING] Could not kill all gz sim processes — proceeding anyway
[SIM] Waiting for Gazebo (180s)...
[SIM] Gazebo started successfully
[SIM] robot_state_publisher: running
[SIM] Starting odom relay (odom_real → odom)...
[SIM] Odom relay started
[SIM] Starting scan relay (scan_real → scan)...
[SIM] Scan relay started, verifying /scan topic...
[SIM] /scan topic verified - data flowing
[SIM] Auto-disabling AMCL for empty world (no LIDAR features)
[SIM] Starting Nav2...
[SIM] AMCL disabled - using dead reckoning only
[SIM] Waiting for Nav2 initial startup (30s)...
[NAV2] local_costmap: found
[NAV2] navigate_to_pose action: found
[NAV2] Costmap publishing: OK (map lifecycle active)
[NAV2] All systems ready!
[SIM] Final verification: checking navigate_to_pose action...
[SIM] Nav2 started successfully and action server verified!
[SIM] Starting geofence with method: no_guard, params: {}, comm_latency_ms: 0
[SIM] Waiting for geofence (20s)...
[SIM] Geofence started with method: no_guard (cmd_vel_guard: False)
[SIM] cmd_vel_guard disabled, starting cmd_vel relay for navigation...
[SIM] Starting cmd_vel relay (cmd_vel_nav → cmd_vel)...
[SIM] cmd_vel relay started
[2026-04-04 14:28:00] 
Trial 13/80: S1_no_guard_mid_boundary_s7
[2026-04-04 14:28:00]   Goal: (3.55, 0.00)
[2026-04-04 14:28:00]   Goal 0.45m from zone boundary (outside zone, within SSM/Geo margin)
[2026-04-04 14:28:00]   Comm latency: 50ms
[2026-04-04 14:28:00] [RESET] Resetting robot pose to origin...
[RESET] Teleporting robot to (0.0, 0.0, θ=0.0)
[RESET] Cancelling any active navigation goals...
[RESET] Stopping robot movement...
[RESET] Waiting for TF to stabilize...
[RESET] AMCL disabled, correcting map→odom TF after teleport...
[RESET] Odom at (-0.00, -0.00, yaw=0.0°), target (0.00, 0.00, yaw=0.0°)
[RESET] TF correction: tx=0.000, ty=-0.000, yaw=-0.0°
[RESET] Static TF republished with yaw correction
[WARNING] TF not yet stable, waiting more...
[RESET] Robot pose reset complete
[2026-04-04 14:28:43]   Result: allow (PASS)
[2026-04-04 14:28:43]   Reason: Goal reached successfully (dist=0.24m)
[2026-04-04 14:28:43]   Time: 43.4s
[2026-04-04 14:28:43]   Robot moved: True, path_min_dist: 0.69m
[2026-04-04 14:28:43] [HEALTH] Pre-trial restart (every 1 trials, world=empty.sdf)...
[SIM] Stopping all processes...
[CLEANUP] Starting process cleanup...
[CLEANUP] Complete (killed 1 process groups)
[SIM] All processes stopped
[CLEANUP] Starting process cleanup...
[CLEANUP] Complete (killed 0 process groups)
[DEBUG] restart_with_method called: method=no_guard, params={}, world=empty.sdf, guard=False
[SIM] Full restart for method: no_guard (world: empty.sdf)
[SIM] Stopping all processes...
[CLEANUP] Starting process cleanup...
[CLEANUP] Complete (killed 0 process groups)
[SIM] All processes stopped
[SIM] Starting Gazebo...
[CLEANUP] Starting process cleanup...
[CLEANUP] Complete (killed 0 process groups)
[SIM] gz sim still alive (1 procs), force-killing PGIDs (attempt 1/5)...
[SIM] gz sim still alive (1 procs), force-killing PGIDs (attempt 2/5)...
[SIM] gz sim still alive (1 procs), force-killing PGIDs (attempt 3/5)...
[SIM] gz sim still alive (1 procs), force-killing PGIDs (attempt 4/5)...
[SIM] gz sim still alive (1 procs), force-killing PGIDs (attempt 5/5)...
[SIM][WARNING] Could not kill all gz sim processes — proceeding anyway
[SIM] Waiting for Gazebo (180s)...
[SIM] Gazebo started successfully
[SIM] robot_state_publisher: running
[SIM] Starting odom relay (odom_real → odom)...
[SIM] Odom relay started
[SIM] Starting scan relay (scan_real → scan)...
[SIM] Scan relay started, verifying /scan topic...
[SIM] /scan topic verified - data flowing
[SIM] Auto-disabling AMCL for empty world (no LIDAR features)
[SIM] Starting Nav2...
[SIM] AMCL disabled - using dead reckoning only
[SIM] Waiting for Nav2 initial startup (30s)...
[NAV2] local_costmap: found
[NAV2] navigate_to_pose action: NOT found
[NAV2] Waiting for Nav2 to be ready... (23s)
[NAV2] Waiting for Nav2 to be ready... (29s)
[NAV2] Waiting for Nav2 to be ready... (35s)
[NAV2] Waiting for Nav2 to be ready... (41s)
[NAV2] Waiting for Nav2 to be ready... (46s)
[NAV2] Waiting for Nav2 to be ready... (52s)
[NAV2] Waiting for Nav2 to be ready... (58s)
[NAV2] Timeout waiting for Nav2 to be ready
[NAV2] Auto-activation timed out, trying manual lifecycle activation...
[NAV2] /planner_server lifecycle not active: unconfigured [1]
[NAV2] Functional verification attempt 1/2 failed, retrying in 5s...
[NAV2] /planner_server lifecycle not active: unconfigured [1]
[NAV2] Attempting manual lifecycle activation...
[NAV2] /planner_server is unconfigured, attempting configure...
[NAV2] /planner_server attempting activate...
[NAV2] /planner_server manually activated successfully
[NAV2] /bt_navigator is unconfigured, attempting configure...
[NAV2] /bt_navigator attempting activate...
[NAV2] /bt_navigator manually activated successfully
[NAV2] Manual lifecycle activation successful, action server responding
[NAV2] Manual activation succeeded!
[SIM] Final verification: checking navigate_to_pose action...
[SIM] Nav2 started successfully and action server verified!
[SIM] Starting geofence with method: no_guard, params: {}, comm_latency_ms: 0
[SIM] Waiting for geofence (20s)...
[SIM] Geofence started with method: no_guard (cmd_vel_guard: False)
[SIM] cmd_vel_guard disabled, starting cmd_vel relay for navigation...
[SIM] Starting cmd_vel relay (cmd_vel_nav → cmd_vel)...
[SIM] cmd_vel relay started
[2026-04-04 14:32:43] 
Trial 14/80: S1_no_guard_mid_boundary_s8
[2026-04-04 14:32:43]   Goal: (3.55, 0.00)
[2026-04-04 14:32:43]   Goal 0.45m from zone boundary (outside zone, within SSM/Geo margin)
[2026-04-04 14:32:43]   Comm latency: 100ms
[2026-04-04 14:32:43] [RESET] Resetting robot pose to origin...
[RESET] Teleporting robot to (0.0, 0.0, θ=0.0)
[RESET] Cancelling any active navigation goals...
[RESET] Stopping robot movement...
[RESET] Waiting for TF to stabilize...
[RESET] AMCL disabled, correcting map→odom TF after teleport...
[RESET] Odom at (-0.00, -0.00, yaw=0.0°), target (0.00, 0.00, yaw=0.0°)
[RESET] TF correction: tx=0.000, ty=-0.000, yaw=-0.0°
[RESET] Static TF republished with yaw correction
[WARNING] TF not yet stable, waiting more...
[RESET] Robot pose reset complete
[2026-04-04 14:33:11] [GOAL_DEBUG] decision=nav_fail, reason=Nav2 rejected goal (infrastructure issue, no safety method)
[2026-04-04 14:33:11]   [INVALID RESULT] System error: nav_fail (max retries reached)
[2026-04-04 14:33:11]   Result: nav_fail (FAIL) [INVALID]
[2026-04-04 14:33:11]   Reason: Nav2 rejected goal (infrastructure issue, no safety method)
[2026-04-04 14:33:11]   Time: 28.7s
[2026-04-04 14:33:11]   Robot moved: False, path_min_dist: 4.00m
[2026-04-04 14:33:11] [NAV_FAIL] Recovering Nav2 before next trial...
[RECOVER] Attempting Nav2 recovery...
[SIM] Auto-disabling AMCL for empty world (no LIDAR features)
[SIM] Starting Nav2...
[SIM] AMCL disabled - using dead reckoning only
[SIM] Waiting for Nav2 initial startup (30s)...
[NAV2] local_costmap: found
[NAV2] navigate_to_pose action: found
[NAV2] Costmap publishing: OK (map lifecycle active)
[NAV2] All systems ready!
[SIM] Final verification: checking navigate_to_pose action...
[SIM] Nav2 started successfully and action server verified!
[SIM] Starting geofence with method: no_guard, params: {}, comm_latency_ms: 0
[SIM] Waiting for geofence (20s)...
[SIM] Geofence started with method: no_guard (cmd_vel_guard: False)
[SIM] cmd_vel_guard disabled, starting cmd_vel relay for navigation...
[SIM] Starting cmd_vel relay (cmd_vel_nav → cmd_vel)...
[SIM] cmd_vel relay started
[RECOVER] Nav2 recovery successful
[2026-04-04 14:34:19] [HEALTH] Pre-trial restart (every 1 trials, world=empty.sdf)...
[SIM] Stopping all processes...
[CLEANUP] Starting process cleanup...
[CLEANUP] Complete (killed 1 process groups)
[SIM] All processes stopped
[CLEANUP] Starting process cleanup...
[CLEANUP] Complete (killed 0 process groups)
The daemon has been started
The daemon has been started
The daemon has been started
[DEBUG] restart_with_method called: method=no_guard, params={}, world=empty.sdf, guard=False
[SIM] Full restart for method: no_guard (world: empty.sdf)
[SIM] Stopping all processes...
[CLEANUP] Starting process cleanup...
[CLEANUP] Complete (killed 0 process groups)
[SIM] All processes stopped
[SIM] Starting Gazebo...
[CLEANUP] Starting process cleanup...
[CLEANUP] Complete (killed 0 process groups)
[SIM] gz sim still alive (1 procs), force-killing PGIDs (attempt 1/5)...
[SIM] gz sim still alive (1 procs), force-killing PGIDs (attempt 2/5)...
[SIM] gz sim still alive (1 procs), force-killing PGIDs (attempt 3/5)...
[SIM] gz sim still alive (1 procs), force-killing PGIDs (attempt 4/5)...
[SIM] gz sim still alive (1 procs), force-killing PGIDs (attempt 5/5)...
[SIM][WARNING] Could not kill all gz sim processes — proceeding anyway
[SIM] Waiting for Gazebo (180s)...
[SIM] Gazebo started successfully
[SIM] robot_state_publisher: running
[SIM] Starting odom relay (odom_real → odom)...
[SIM] Odom relay started
[SIM] Starting scan relay (scan_real → scan)...
[SIM] Scan relay started, verifying /scan topic...
[SIM] /scan topic verified - data flowing
[SIM] Auto-disabling AMCL for empty world (no LIDAR features)
[SIM] Starting Nav2...
[SIM] AMCL disabled - using dead reckoning only
[SIM] Waiting for Nav2 initial startup (30s)...
[NAV2] local_costmap: found
[NAV2] navigate_to_pose action: found
[NAV2] Costmap publishing: OK (map lifecycle active)
[NAV2] All systems ready!
[SIM] Final verification: checking navigate_to_pose action...
[SIM] Nav2 started successfully and action server verified!
[SIM] Starting geofence with method: no_guard, params: {}, comm_latency_ms: 0
[SIM] Waiting for geofence (20s)...
[SIM] Geofence started with method: no_guard (cmd_vel_guard: False)
[SIM] cmd_vel_guard disabled, starting cmd_vel relay for navigation...
[SIM] Starting cmd_vel relay (cmd_vel_nav → cmd_vel)...
[SIM] cmd_vel relay started
[2026-04-04 14:36:33] 
Trial 15/80: S1_no_guard_mid_boundary_s9
[2026-04-04 14:36:33]   Goal: (3.55, 0.00)
[2026-04-04 14:36:33]   Goal 0.45m from zone boundary (outside zone, within SSM/Geo margin)
[2026-04-04 14:36:33] [RESET] Resetting robot pose to origin...
[RESET] Teleporting robot to (0.0, 0.0, θ=0.0)
[RESET] Cancelling any active navigation goals...
[RESET] Stopping robot movement...
[RESET] Waiting for TF to stabilize...
[RESET] AMCL disabled, correcting map→odom TF after teleport...
[RESET] Odom at (-0.00, -0.00, yaw=0.0°), target (0.00, 0.00, yaw=0.0°)
[RESET] TF correction: tx=0.000, ty=-0.000, yaw=-0.0°
[RESET] Static TF republished with yaw correction
[RESET] Robot pose reset complete
[2026-04-04 14:37:38]   Result: allow (PASS)
[2026-04-04 14:37:38]   Reason: Goal reached successfully (dist=0.23m)
[2026-04-04 14:37:38]   Time: 65.3s
[2026-04-04 14:37:38]   Robot moved: True, path_min_dist: 0.57m
[CHECKPOINT] Saved at trial 15/80
[2026-04-04 14:37:38] [HEALTH] Pre-trial restart (every 1 trials, world=empty.sdf)...
[SIM] Stopping all processes...
[CLEANUP] Starting process cleanup...
[CLEANUP] Complete (killed 1 process groups)
[SIM] All processes stopped
[CLEANUP] Starting process cleanup...
[CLEANUP] Complete (killed 0 process groups)
[DEBUG] restart_with_method called: method=no_guard, params={}, world=empty.sdf, guard=False
[SIM] Full restart for method: no_guard (world: empty.sdf)
[SIM] Stopping all processes...
[CLEANUP] Starting process cleanup...
[CLEANUP] Complete (killed 0 process groups)
[SIM] All processes stopped
[SIM] Starting Gazebo...
[CLEANUP] Starting process cleanup...
[CLEANUP] Complete (killed 0 process groups)
[SIM] gz sim still alive (1 procs), force-killing PGIDs (attempt 1/5)...
[SIM] gz sim still alive (1 procs), force-killing PGIDs (attempt 2/5)...
[SIM] gz sim still alive (1 procs), force-killing PGIDs (attempt 3/5)...
[SIM] gz sim still alive (1 procs), force-killing PGIDs (attempt 4/5)...
[SIM] gz sim still alive (1 procs), force-killing PGIDs (attempt 5/5)...
[SIM][WARNING] Could not kill all gz sim processes — proceeding anyway
[SIM] Waiting for Gazebo (180s)...
[SIM] Gazebo started successfully
[SIM] robot_state_publisher: running
[SIM] Starting odom relay (odom_real → odom)...
[SIM] Odom relay started
[SIM] Starting scan relay (scan_real → scan)...
[SIM] Scan relay started, verifying /scan topic...
[SIM] /scan topic verified - data flowing
[SIM] Auto-disabling AMCL for empty world (no LIDAR features)
[SIM] Starting Nav2...
[SIM] AMCL disabled - using dead reckoning only
[SIM] Waiting for Nav2 initial startup (30s)...
[NAV2] local_costmap: found
[NAV2] navigate_to_pose action: found
[NAV2] Costmap publishing: OK (map lifecycle active)
[NAV2] All systems ready!
[SIM] Final verification: checking navigate_to_pose action...
[SIM] Nav2 started successfully and action server verified!
[SIM] Starting geofence with method: no_guard, params: {}, comm_latency_ms: 0
[SIM] Waiting for geofence (20s)...
[SIM] Geofence started with method: no_guard (cmd_vel_guard: False)
[SIM] cmd_vel_guard disabled, starting cmd_vel relay for navigation...
[SIM] Starting cmd_vel relay (cmd_vel_nav → cmd_vel)...
[SIM] cmd_vel relay started
[2026-04-04 14:39:52] 
Trial 16/80: S1_no_guard_through_zone_s5
[2026-04-04 14:39:52]   Goal: (8.00, 0.00)
[2026-04-04 14:39:52]   Path through zone center y=0 (2.0m crossing)
[2026-04-04 14:39:52]   Comm latency: 100ms
[2026-04-04 14:39:52] [RESET] Resetting robot pose to origin...
[RESET] Teleporting robot to (0.0, 0.0, θ=0.0)
[RESET] Cancelling any active navigation goals...
[RESET] Stopping robot movement...
[RESET] Waiting for TF to stabilize...
[RESET] AMCL disabled, correcting map→odom TF after teleport...
[RESET] Odom at (-0.00, -0.00, yaw=0.0°), target (0.00, 0.00, yaw=0.0°)
[RESET] TF correction: tx=0.000, ty=-0.000, yaw=-0.0°
[RESET] Static TF republished with yaw correction
[RESET] Robot pose reset complete
[WARN] Nav2 ABORTED for (8.00, 0.00) with method=no_guard - treating as allow (Nav2 path failure)
[2026-04-04 14:40:14] [INVALID] ALLOW but robot didn't move (path_min_dist=4.00m)
[2026-04-04 14:40:14]   [INVALID RESULT] ALLOW but robot didn't move (path_min_dist=4.00m) (max retries reached)
[2026-04-04 14:40:14]   Result: allow (FAIL) [INVALID]
[2026-04-04 14:40:14]   Reason: Navigation aborted (goal likely allowed by no_guard, Nav2 pa
[2026-04-04 14:40:14]   Time: 21.3s
[2026-04-04 14:40:14]   Robot moved: False, path_min_dist: 4.00m
[2026-04-04 14:40:14] [HEALTH] Pre-trial restart (every 1 trials, world=empty.sdf)...
[SIM] Stopping all processes...
[CLEANUP] Starting process cleanup...
[CLEANUP] Complete (killed 1 process groups)
[SIM] All processes stopped
[CLEANUP] Starting process cleanup...
[CLEANUP] Complete (killed 0 process groups)
[DEBUG] restart_with_method called: method=no_guard, params={}, world=empty.sdf, guard=False
[SIM] Full restart for method: no_guard (world: empty.sdf)
[SIM] Stopping all processes...
[CLEANUP] Starting process cleanup...
[CLEANUP] Complete (killed 0 process groups)
[SIM] All processes stopped
[SIM] Starting Gazebo...
[CLEANUP] Starting process cleanup...
[CLEANUP] Complete (killed 0 process groups)
[SIM] gz sim still alive (1 procs), force-killing PGIDs (attempt 1/5)...
[SIM] gz sim still alive (1 procs), force-killing PGIDs (attempt 2/5)...
[SIM] gz sim still alive (1 procs), force-killing PGIDs (attempt 3/5)...
[SIM] gz sim still alive (1 procs), force-killing PGIDs (attempt 4/5)...
[SIM] gz sim still alive (1 procs), force-killing PGIDs (attempt 5/5)...
[SIM][WARNING] Could not kill all gz sim processes — proceeding anyway
[SIM] Waiting for Gazebo (180s)...
[SIM] Gazebo started successfully
[SIM] robot_state_publisher: running
[SIM] Starting odom relay (odom_real → odom)...
[SIM] Odom relay started
[SIM] Starting scan relay (scan_real → scan)...
[SIM] Scan relay started, verifying /scan topic...
[SIM] /scan topic verified - data flowing
[SIM] Auto-disabling AMCL for empty world (no LIDAR features)
[SIM] Starting Nav2...
[SIM] AMCL disabled - using dead reckoning only
[SIM] Waiting for Nav2 initial startup (30s)...
[NAV2] local_costmap: found
[NAV2] navigate_to_pose action: found
The daemon has been started
The daemon has been started
[NAV2] Costmap publishing: OK (map lifecycle active)
[NAV2] All systems ready!
[SIM] Final verification: checking navigate_to_pose action...
[SIM] Nav2 started successfully and action server verified!
[SIM] Starting geofence with method: no_guard, params: {}, comm_latency_ms: 0
[SIM] Waiting for geofence (20s)...
[SIM] Geofence started with method: no_guard (cmd_vel_guard: False)
[SIM] cmd_vel_guard disabled, starting cmd_vel relay for navigation...
[SIM] Starting cmd_vel relay (cmd_vel_nav → cmd_vel)...
[SIM] cmd_vel relay started
[2026-04-04 14:42:27] 
Trial 17/80: S1_no_guard_through_zone_s6
[2026-04-04 14:42:27]   Goal: (8.00, 0.00)
[2026-04-04 14:42:27]   Path through zone center y=0 (2.0m crossing)
[2026-04-04 14:42:27] [RESET] Resetting robot pose to origin...
[RESET] Teleporting robot to (0.0, 0.0, θ=0.0)
[RESET] Cancelling any active navigation goals...
[RESET] Stopping robot movement...
[RESET] Waiting for TF to stabilize...
[RESET] AMCL disabled, correcting map→odom TF after teleport...
[RESET] Odom at (-0.00, -0.00, yaw=0.0°), target (0.00, 0.00, yaw=0.0°)
[RESET] TF correction: tx=0.000, ty=-0.000, yaw=-0.0°
[RESET] Static TF republished with yaw correction
[RESET] Robot pose reset complete
[2026-04-04 14:43:54] [VIOLATION] Robot entered forbidden zone(s): forbidden_zone (83 samples, 13.63s)
[2026-04-04 14:43:54]   Result: allow (FAIL)
[2026-04-04 14:43:54]   Reason: Goal reached successfully (dist=0.20m)
[2026-04-04 14:43:54]   Time: 87.0s
[2026-04-04 14:43:54]   Robot moved: True, path_min_dist: 0.00m
[2026-04-04 14:43:54] [HEALTH] Pre-trial restart (every 1 trials, world=empty.sdf)...
[SIM] Stopping all processes...
[CLEANUP] Starting process cleanup...
[CLEANUP] Complete (killed 1 process groups)
[SIM] All processes stopped
[CLEANUP] Starting process cleanup...
[CLEANUP] Complete (killed 0 process groups)
[DEBUG] restart_with_method called: method=no_guard, params={}, world=empty.sdf, guard=False
[SIM] Full restart for method: no_guard (world: empty.sdf)
[SIM] Stopping all processes...
[CLEANUP] Starting process cleanup...
[CLEANUP] Complete (killed 0 process groups)
[SIM] All processes stopped
[SIM] Starting Gazebo...
[CLEANUP] Starting process cleanup...
[CLEANUP] Complete (killed 0 process groups)
[SIM] gz sim still alive (1 procs), force-killing PGIDs (attempt 1/5)...
[SIM] gz sim still alive (1 procs), force-killing PGIDs (attempt 2/5)...
[SIM] gz sim still alive (1 procs), force-killing PGIDs (attempt 3/5)...
[SIM] gz sim still alive (1 procs), force-killing PGIDs (attempt 4/5)...
[SIM] gz sim still alive (1 procs), force-killing PGIDs (attempt 5/5)...
[SIM][WARNING] Could not kill all gz sim processes — proceeding anyway
[SIM] Waiting for Gazebo (180s)...
[SIM] Gazebo started successfully
[SIM] robot_state_publisher: running
[SIM] Starting odom relay (odom_real → odom)...
[SIM] Odom relay started
[SIM] Starting scan relay (scan_real → scan)...
[SIM] Scan relay started, verifying /scan topic...
[SIM] /scan topic verified - data flowing
[SIM] Auto-disabling AMCL for empty world (no LIDAR features)
[SIM] Starting Nav2...
[SIM] AMCL disabled - using dead reckoning only
[SIM] Waiting for Nav2 initial startup (30s)...
[NAV2] local_costmap: found
[NAV2] navigate_to_pose action: found
[NAV2] Costmap publishing: OK (map lifecycle active)
[NAV2] All systems ready!
[SIM] Final verification: checking navigate_to_pose action...
[SIM] Nav2 started successfully and action server verified!
[SIM] Starting geofence with method: no_guard, params: {}, comm_latency_ms: 0
[SIM] Waiting for geofence (20s)...
[SIM] Geofence started with method: no_guard (cmd_vel_guard: False)
[SIM] cmd_vel_guard disabled, starting cmd_vel relay for navigation...
[SIM] Starting cmd_vel relay (cmd_vel_nav → cmd_vel)...
[SIM] cmd_vel relay started
[2026-04-04 14:46:08] 
Trial 18/80: S1_no_guard_through_zone_s7
[2026-04-04 14:46:08]   Goal: (8.00, 0.00)
[2026-04-04 14:46:08]   Path through zone center y=0 (2.0m crossing)
[2026-04-04 14:46:08]   Comm latency: 50ms
[2026-04-04 14:46:08] [RESET] Resetting robot pose to origin...
[RESET] Teleporting robot to (0.0, 0.0, θ=0.0)
[RESET] Cancelling any active navigation goals...
[RESET] Stopping robot movement...
[RESET] Waiting for TF to stabilize...
[RESET] AMCL disabled, correcting map→odom TF after teleport...
[RESET] Odom at (-0.00, -0.00, yaw=0.0°), target (0.00, 0.00, yaw=0.0°)
[RESET] TF correction: tx=0.000, ty=-0.000, yaw=-0.0°
[RESET] Static TF republished with yaw correction
[RESET] Robot pose reset complete
[2026-04-04 14:47:31] [VIOLATION] Robot entered forbidden zone(s): forbidden_zone (139 samples, 22.81s)
[2026-04-04 14:47:31]   Result: allow (FAIL)
[2026-04-04 14:47:31]   Reason: Goal reached successfully (dist=0.23m)
[2026-04-04 14:47:31]   Time: 82.8s
[2026-04-04 14:47:31]   Robot moved: True, path_min_dist: 0.00m
[2026-04-04 14:47:31] [HEALTH] Pre-trial restart (every 1 trials, world=empty.sdf)...
[SIM] Stopping all processes...
[CLEANUP] Starting process cleanup...
[CLEANUP] Complete (killed 1 process groups)
[SIM] All processes stopped
[CLEANUP] Starting process cleanup...
[CLEANUP] Complete (killed 0 process groups)
[DEBUG] restart_with_method called: method=no_guard, params={}, world=empty.sdf, guard=False
[SIM] Full restart for method: no_guard (world: empty.sdf)
[SIM] Stopping all processes...
[CLEANUP] Starting process cleanup...
[CLEANUP] Complete (killed 0 process groups)
[SIM] All processes stopped
[SIM] Starting Gazebo...
[CLEANUP] Starting process cleanup...
[CLEANUP] Complete (killed 0 process groups)
[SIM] gz sim still alive (1 procs), force-killing PGIDs (attempt 1/5)...
[SIM] gz sim still alive (1 procs), force-killing PGIDs (attempt 2/5)...
[SIM] gz sim still alive (1 procs), force-killing PGIDs (attempt 3/5)...
[SIM] gz sim still alive (1 procs), force-killing PGIDs (attempt 4/5)...
[SIM] gz sim still alive (1 procs), force-killing PGIDs (attempt 5/5)...
[SIM][WARNING] Could not kill all gz sim processes — proceeding anyway
[SIM] Waiting for Gazebo (180s)...
[SIM] Gazebo started successfully
[SIM] robot_state_publisher: running
[SIM] Starting odom relay (odom_real → odom)...
[SIM] Odom relay started
[SIM] Starting scan relay (scan_real → scan)...
[SIM] Scan relay started, verifying /scan topic...
[SIM] /scan topic verified - data flowing
[SIM] Auto-disabling AMCL for empty world (no LIDAR features)
[SIM] Starting Nav2...
[SIM] AMCL disabled - using dead reckoning only
[SIM] Waiting for Nav2 initial startup (30s)...
[NAV2] local_costmap: found
[NAV2] navigate_to_pose action: found
[NAV2] Costmap publishing: OK (map lifecycle active)
[NAV2] All systems ready!
[SIM] Final verification: checking navigate_to_pose action...
[SIM] Nav2 started successfully and action server verified!
[SIM] Starting geofence with method: no_guard, params: {}, comm_latency_ms: 0
[SIM] Waiting for geofence (20s)...
[SIM] Geofence started with method: no_guard (cmd_vel_guard: False)
[SIM] cmd_vel_guard disabled, starting cmd_vel relay for navigation...
[SIM] Starting cmd_vel relay (cmd_vel_nav → cmd_vel)...
[SIM] cmd_vel relay started
[2026-04-04 14:49:45] 
Trial 19/80: S1_no_guard_through_zone_s8
[2026-04-04 14:49:45]   Goal: (8.00, 0.00)
[2026-04-04 14:49:45]   Path through zone center y=0 (2.0m crossing)
[2026-04-04 14:49:45]   Comm latency: 100ms
[2026-04-04 14:49:45] [RESET] Resetting robot pose to origin...
[RESET] Teleporting robot to (0.0, 0.0, θ=0.0)
[RESET] Cancelling any active navigation goals...
[RESET] Stopping robot movement...
[RESET] Waiting for TF to stabilize...
[RESET] AMCL disabled, correcting map→odom TF after teleport...
[RESET] Odom at (-0.00, -0.00, yaw=0.0°), target (0.00, 0.00, yaw=0.0°)
[RESET] TF correction: tx=0.000, ty=-0.000, yaw=-0.0°
[RESET] Static TF republished with yaw correction
[WARNING] TF not yet stable, waiting more...
[RESET] Robot pose reset complete
[2026-04-04 14:51:42] [VIOLATION] Robot entered forbidden zone(s): forbidden_zone (152 samples, 24.66s)
[2026-04-04 14:51:42]   Result: allow (FAIL)
[2026-04-04 14:51:42]   Reason: Goal reached successfully (dist=0.23m)
[2026-04-04 14:51:42]   Time: 117.3s
The daemon has been started
The daemon has been started
The daemon has been started
[2026-04-04 14:51:42]   Robot moved: True, path_min_dist: 0.00m
[2026-04-04 14:51:42] [HEALTH] Pre-trial restart (every 1 trials, world=empty.sdf)...
[SIM] Stopping all processes...
[CLEANUP] Starting process cleanup...
[CLEANUP] Complete (killed 1 process groups)
[SIM] All processes stopped
[CLEANUP] Starting process cleanup...
[CLEANUP] Complete (killed 0 process groups)
[DEBUG] restart_with_method called: method=no_guard, params={}, world=empty.sdf, guard=False
[SIM] Full restart for method: no_guard (world: empty.sdf)
[SIM] Stopping all processes...
[CLEANUP] Starting process cleanup...
[CLEANUP] Complete (killed 0 process groups)
[SIM] All processes stopped
[SIM] Starting Gazebo...
[CLEANUP] Starting process cleanup...
[CLEANUP] Complete (killed 0 process groups)
[SIM] gz sim still alive (1 procs), force-killing PGIDs (attempt 1/5)...
[SIM] gz sim still alive (1 procs), force-killing PGIDs (attempt 2/5)...
[SIM] gz sim still alive (1 procs), force-killing PGIDs (attempt 3/5)...
[SIM] gz sim still alive (1 procs), force-killing PGIDs (attempt 4/5)...
[SIM] gz sim still alive (1 procs), force-killing PGIDs (attempt 5/5)...
[SIM][WARNING] Could not kill all gz sim processes — proceeding anyway
[SIM] Waiting for Gazebo (180s)...
[SIM] Gazebo started successfully
[SIM] robot_state_publisher: running
[SIM] Starting odom relay (odom_real → odom)...
[SIM] Odom relay started
[SIM] Starting scan relay (scan_real → scan)...
[SIM] Scan relay started, verifying /scan topic...
[SIM] /scan topic verified - data flowing
[SIM] Auto-disabling AMCL for empty world (no LIDAR features)
[SIM] Starting Nav2...
[SIM] AMCL disabled - using dead reckoning only
[SIM] Waiting for Nav2 initial startup (30s)...
[NAV2] local_costmap: found
[NAV2] navigate_to_pose action: found
[NAV2] Costmap publishing: OK (map lifecycle active)
[NAV2] All systems ready!
[SIM] Final verification: checking navigate_to_pose action...
[SIM] Nav2 started successfully and action server verified!
[SIM] Starting geofence with method: no_guard, params: {}, comm_latency_ms: 0
[SIM] Waiting for geofence (20s)...
[SIM] Geofence started with method: no_guard (cmd_vel_guard: False)
[SIM] cmd_vel_guard disabled, starting cmd_vel relay for navigation...
[SIM] Starting cmd_vel relay (cmd_vel_nav → cmd_vel)...
[SIM] cmd_vel relay started
[2026-04-04 14:53:56] 
Trial 20/80: S1_no_guard_through_zone_s9
[2026-04-04 14:53:56]   Goal: (8.00, 0.00)
[2026-04-04 14:53:56]   Path through zone center y=0 (2.0m crossing)
[2026-04-04 14:53:56] [RESET] Resetting robot pose to origin...
[RESET] Teleporting robot to (0.0, 0.0, θ=0.0)
[RESET] Cancelling any active navigation goals...
[RESET] Stopping robot movement...
[RESET] Waiting for TF to stabilize...
[RESET] AMCL disabled, correcting map→odom TF after teleport...
[RESET] Odom at (-0.00, -0.00, yaw=0.0°), target (0.00, 0.00, yaw=0.0°)
[RESET] TF correction: tx=0.000, ty=-0.000, yaw=-0.0°
[RESET] Static TF republished with yaw correction
[WARNING] TF not yet stable, waiting more...
[RESET] Robot pose reset complete
[2026-04-04 14:55:13] [VIOLATION] Robot entered forbidden zone(s): forbidden_zone (64 samples, 10.27s)
[2026-04-04 14:55:13]   Result: allow (FAIL)
[2026-04-04 14:55:13]   Reason: Goal reached successfully (dist=0.20m)
[2026-04-04 14:55:13]   Time: 77.0s
[2026-04-04 14:55:13]   Robot moved: True, path_min_dist: 0.00m
[CHECKPOINT] Saved at trial 20/80
[2026-04-04 14:55:13] [HEALTH] Pre-trial restart (every 1 trials, world=empty.sdf)...
[SIM] Stopping all processes...
[CLEANUP] Starting process cleanup...
[CLEANUP] Complete (killed 1 process groups)
[SIM] All processes stopped
[CLEANUP] Starting process cleanup...
[CLEANUP] Complete (killed 0 process groups)
[DEBUG] restart_with_method called: method=no_guard, params={}, world=empty.sdf, guard=False
[SIM] Full restart for method: no_guard (world: empty.sdf)
[SIM] Stopping all processes...
[CLEANUP] Starting process cleanup...
[CLEANUP] Complete (killed 0 process groups)
[SIM] All processes stopped
[SIM] Starting Gazebo...
[CLEANUP] Starting process cleanup...
[CLEANUP] Complete (killed 0 process groups)
[SIM] gz sim still alive (1 procs), force-killing PGIDs (attempt 1/5)...
[SIM] gz sim still alive (1 procs), force-killing PGIDs (attempt 2/5)...
[SIM] gz sim still alive (1 procs), force-killing PGIDs (attempt 3/5)...
[SIM] gz sim still alive (1 procs), force-killing PGIDs (attempt 4/5)...
[SIM] gz sim still alive (1 procs), force-killing PGIDs (attempt 5/5)...
[SIM][WARNING] Could not kill all gz sim processes — proceeding anyway
[SIM] Waiting for Gazebo (180s)...
[SIM] Gazebo started successfully
[SIM] robot_state_publisher: running
[SIM] Starting odom relay (odom_real → odom)...
[SIM] Odom relay started
[SIM] Starting scan relay (scan_real → scan)...
[SIM] Scan relay started, verifying /scan topic...
[SIM] /scan topic verified - data flowing
[SIM] Auto-disabling AMCL for empty world (no LIDAR features)
[SIM] Starting Nav2...
[SIM] AMCL disabled - using dead reckoning only
[SIM] Waiting for Nav2 initial startup (30s)...
[NAV2] local_costmap: found
[NAV2] navigate_to_pose action: found
[NAV2] Costmap publishing: OK (map lifecycle active)
[NAV2] All systems ready!
[SIM] Final verification: checking navigate_to_pose action...
[SIM] Nav2 started successfully and action server verified!
[SIM] Starting geofence with method: no_guard, params: {}, comm_latency_ms: 0
[SIM] Waiting for geofence (20s)...
[SIM] Geofence started with method: no_guard (cmd_vel_guard: False)
[SIM] cmd_vel_guard disabled, starting cmd_vel relay for navigation...
[SIM] Starting cmd_vel relay (cmd_vel_nav → cmd_vel)...
[SIM] cmd_vel relay started
[2026-04-04 14:57:29] 
Trial 21/80: S1_no_guard_safe_far_s5
[2026-04-04 14:57:29]   Goal: (2.00, 0.00)
[2026-04-04 14:57:29]   Safe goal 2m before zone
[2026-04-04 14:57:29]   Comm latency: 100ms
[2026-04-04 14:57:29] [RESET] Resetting robot pose to origin...
[RESET] Teleporting robot to (0.0, 0.0, θ=0.0)
[RESET] Cancelling any active navigation goals...
[RESET] Stopping robot movement...
[RESET] Waiting for TF to stabilize...
[RESET] AMCL disabled, correcting map→odom TF after teleport...
[RESET] Odom at (-0.00, -0.00, yaw=0.0°), target (0.00, 0.00, yaw=0.0°)
[RESET] TF correction: tx=0.000, ty=-0.000, yaw=-0.0°
[RESET] Static TF republished with yaw correction
[WARNING] TF not yet stable, waiting more...
[RESET] Robot pose reset complete
[2026-04-04 14:58:13]   Result: allow (PASS)
[2026-04-04 14:58:13]   Reason: Goal reached successfully (dist=0.23m)
[2026-04-04 14:58:13]   Time: 44.2s
[2026-04-04 14:58:13]   Robot moved: True, path_min_dist: 2.23m
[2026-04-04 14:58:13] [HEALTH] Periodic health check...
[2026-04-04 14:58:13] [HEALTH] Load: 7.8, Memory: 18.0%
[NAV2] local_costmap: found
[NAV2] navigate_to_pose action: found
[2026-04-04 14:58:14] [HEALTH] Pre-trial restart (every 1 trials, world=empty.sdf)...
[SIM] Stopping all processes...
[CLEANUP] Starting process cleanup...
[CLEANUP] Complete (killed 2 process groups)
[SIM] All processes stopped
[CLEANUP] Starting process cleanup...
[CLEANUP] Complete (killed 0 process groups)
[DEBUG] restart_with_method called: method=no_guard, params={}, world=empty.sdf, guard=False
[SIM] Full restart for method: no_guard (world: empty.sdf)
[SIM] Stopping all processes...
[CLEANUP] Starting process cleanup...
[CLEANUP] Complete (killed 0 process groups)
[SIM] All processes stopped
[SIM] Starting Gazebo...
[CLEANUP] Starting process cleanup...
[CLEANUP] Complete (killed 0 process groups)
[SIM] gz sim still alive (1 procs), force-killing PGIDs (attempt 1/5)...
[SIM] gz sim still alive (1 procs), force-killing PGIDs (attempt 2/5)...
[SIM] gz sim still alive (1 procs), force-killing PGIDs (attempt 3/5)...
[SIM] gz sim still alive (1 procs), force-killing PGIDs (attempt 4/5)...
[SIM] gz sim still alive (1 procs), force-killing PGIDs (attempt 5/5)...
[SIM][WARNING] Could not kill all gz sim processes — proceeding anyway
[SIM] Waiting for Gazebo (180s)...
[SIM] Gazebo started successfully
[SIM] robot_state_publisher: running
[SIM] Starting odom relay (odom_real → odom)...
[SIM] Odom relay started
The daemon has been started
The daemon has been started
[SIM] Starting scan relay (scan_real → scan)...
[SIM] Scan relay started, verifying /scan topic...
[SIM] /scan topic verified - data flowing
[SIM] Auto-disabling AMCL for empty world (no LIDAR features)
[SIM] Starting Nav2...
[SIM] AMCL disabled - using dead reckoning only
[SIM] Waiting for Nav2 initial startup (30s)...
[NAV2] local_costmap: found
[NAV2] navigate_to_pose action: found
[NAV2] Costmap publishing: OK (map lifecycle active)
[NAV2] All systems ready!
[SIM] Final verification: checking navigate_to_pose action...
[SIM] Nav2 started successfully and action server verified!
[SIM] Starting geofence with method: no_guard, params: {}, comm_latency_ms: 0
[SIM] Waiting for geofence (20s)...
[SIM] Geofence started with method: no_guard (cmd_vel_guard: False)
[SIM] cmd_vel_guard disabled, starting cmd_vel relay for navigation...
[SIM] Starting cmd_vel relay (cmd_vel_nav → cmd_vel)...
[SIM] cmd_vel relay started
[2026-04-04 15:00:28] 
Trial 22/80: S1_no_guard_safe_far_s6
[2026-04-04 15:00:28]   Goal: (2.00, 0.00)
[2026-04-04 15:00:28]   Safe goal 2m before zone
[2026-04-04 15:00:28] [RESET] Resetting robot pose to origin...
[RESET] Teleporting robot to (0.0, 0.0, θ=0.0)
[RESET] Cancelling any active navigation goals...
[RESET] Stopping robot movement...
[RESET] Waiting for TF to stabilize...
[RESET] AMCL disabled, correcting map→odom TF after teleport...
[RESET] Odom at (-0.00, -0.00, yaw=0.0°), target (0.00, 0.00, yaw=0.0°)
[RESET] TF correction: tx=0.000, ty=-0.000, yaw=-0.0°
[RESET] Static TF republished with yaw correction
[RESET] Robot pose reset complete
[2026-04-04 15:01:09]   Result: allow (PASS)
[2026-04-04 15:01:09]   Reason: Goal reached successfully (dist=0.24m)
[2026-04-04 15:01:09]   Time: 41.2s
[2026-04-04 15:01:09]   Robot moved: True, path_min_dist: 2.24m
[2026-04-04 15:01:09] [HEALTH] Pre-trial restart (every 1 trials, world=empty.sdf)...
[SIM] Stopping all processes...
[CLEANUP] Starting process cleanup...
[CLEANUP] Complete (killed 1 process groups)
[SIM] All processes stopped
[CLEANUP] Starting process cleanup...
[CLEANUP] Complete (killed 0 process groups)
[DEBUG] restart_with_method called: method=no_guard, params={}, world=empty.sdf, guard=False
[SIM] Full restart for method: no_guard (world: empty.sdf)
[SIM] Stopping all processes...
[CLEANUP] Starting process cleanup...
[CLEANUP] Complete (killed 0 process groups)
[SIM] All processes stopped
[SIM] Starting Gazebo...
[CLEANUP] Starting process cleanup...
[CLEANUP] Complete (killed 0 process groups)
[SIM] gz sim still alive (1 procs), force-killing PGIDs (attempt 1/5)...
[SIM] gz sim still alive (1 procs), force-killing PGIDs (attempt 2/5)...
[SIM] gz sim still alive (1 procs), force-killing PGIDs (attempt 3/5)...
[SIM] gz sim still alive (1 procs), force-killing PGIDs (attempt 4/5)...
[SIM] gz sim still alive (1 procs), force-killing PGIDs (attempt 5/5)...
[SIM][WARNING] Could not kill all gz sim processes — proceeding anyway
[SIM] Waiting for Gazebo (180s)...
[SIM] Gazebo started successfully
[SIM] robot_state_publisher: running
[SIM] Starting odom relay (odom_real → odom)...
[SIM] Odom relay started
[SIM] Starting scan relay (scan_real → scan)...
[SIM] Scan relay started, verifying /scan topic...
[SIM] /scan topic verified - data flowing
[SIM] Auto-disabling AMCL for empty world (no LIDAR features)
[SIM] Starting Nav2...
[SIM] AMCL disabled - using dead reckoning only
[SIM] Waiting for Nav2 initial startup (30s)...
[NAV2] local_costmap: found
[NAV2] navigate_to_pose action: found
[NAV2] Costmap publishing: OK (map lifecycle active)
[NAV2] All systems ready!
[SIM] Final verification: checking navigate_to_pose action...
[SIM] Nav2 started successfully and action server verified!
[SIM] Starting geofence with method: no_guard, params: {}, comm_latency_ms: 0
[SIM] Waiting for geofence (20s)...
[SIM] Geofence started with method: no_guard (cmd_vel_guard: False)
[SIM] cmd_vel_guard disabled, starting cmd_vel relay for navigation...
[SIM] Starting cmd_vel relay (cmd_vel_nav → cmd_vel)...
[SIM] cmd_vel relay started
[2026-04-04 15:03:23] [WAIT] High system load, waiting...
[WAIT] System busy (load=9.1, mem=17.5%), waiting...
[WAIT] System busy (load=8.5, mem=17.5%), waiting...
[WAIT] System busy (load=8.1, mem=17.6%), waiting...
[WAIT] System busy (load=8.4, mem=17.5%), waiting...
[2026-04-04 15:03:43] 
Trial 23/80: S1_no_guard_safe_far_s7
[2026-04-04 15:03:43]   Goal: (2.00, 0.00)
[2026-04-04 15:03:43]   Safe goal 2m before zone
[2026-04-04 15:03:43]   Comm latency: 50ms
[2026-04-04 15:03:43] [RESET] Resetting robot pose to origin...
[RESET] Teleporting robot to (0.0, 0.0, θ=0.0)
[RESET] Cancelling any active navigation goals...
[RESET] Stopping robot movement...
[RESET] Waiting for TF to stabilize...
[RESET] AMCL disabled, correcting map→odom TF after teleport...
[RESET] Odom at (-0.00, -0.00, yaw=0.0°), target (0.00, 0.00, yaw=0.0°)
[RESET] TF correction: tx=0.000, ty=-0.000, yaw=-0.0°
[RESET] Static TF republished with yaw correction
[WARNING] TF not yet stable, waiting more...
[RESET] Robot pose reset complete
[2026-04-04 15:04:18]   Result: allow (PASS)
[2026-04-04 15:04:18]   Reason: Goal reached successfully (dist=0.23m)
[2026-04-04 15:04:18]   Time: 35.2s
[2026-04-04 15:04:18]   Robot moved: True, path_min_dist: 2.23m
[2026-04-04 15:04:18] [HEALTH] Pre-trial restart (every 1 trials, world=empty.sdf)...
[SIM] Stopping all processes...
[CLEANUP] Starting process cleanup...
[CLEANUP] Complete (killed 1 process groups)
[SIM] All processes stopped
[CLEANUP] Starting process cleanup...
[CLEANUP] Complete (killed 0 process groups)
[DEBUG] restart_with_method called: method=no_guard, params={}, world=empty.sdf, guard=False
[SIM] Full restart for method: no_guard (world: empty.sdf)
[SIM] Stopping all processes...
[CLEANUP] Starting process cleanup...
[CLEANUP] Complete (killed 0 process groups)
[SIM] All processes stopped
[SIM] Starting Gazebo...
[CLEANUP] Starting process cleanup...
[CLEANUP] Complete (killed 0 process groups)
[SIM] gz sim still alive (1 procs), force-killing PGIDs (attempt 1/5)...
[SIM] gz sim still alive (1 procs), force-killing PGIDs (attempt 2/5)...
[SIM] gz sim still alive (1 procs), force-killing PGIDs (attempt 3/5)...
[SIM] gz sim still alive (1 procs), force-killing PGIDs (attempt 4/5)...
[SIM] gz sim still alive (1 procs), force-killing PGIDs (attempt 5/5)...
[SIM][WARNING] Could not kill all gz sim processes — proceeding anyway
[SIM] Waiting for Gazebo (180s)...
[SIM] Gazebo started successfully
[SIM] robot_state_publisher: running
[SIM] Starting odom relay (odom_real → odom)...
[SIM] Odom relay started
[SIM] Starting scan relay (scan_real → scan)...
[SIM] Scan relay started, verifying /scan topic...
[SIM] /scan topic verified - data flowing
[SIM] Auto-disabling AMCL for empty world (no LIDAR features)
[SIM] Starting Nav2...
[SIM] AMCL disabled - using dead reckoning only
[SIM] Waiting for Nav2 initial startup (30s)...
[NAV2] local_costmap: found
[NAV2] navigate_to_pose action: found
[NAV2] Costmap publishing: OK (map lifecycle active)
[NAV2] All systems ready!
[SIM] Final verification: checking navigate_to_pose action...
[SIM] Nav2 started successfully and action server verified!
[SIM] Starting geofence with method: no_guard, params: {}, comm_latency_ms: 0
[SIM] Waiting for geofence (20s)...
[SIM] Geofence started with method: no_guard (cmd_vel_guard: False)
[SIM] cmd_vel_guard disabled, starting cmd_vel relay for navigation...
[SIM] Starting cmd_vel relay (cmd_vel_nav → cmd_vel)...
[SIM] cmd_vel relay started
[2026-04-04 15:06:32] 
Trial 24/80: S1_no_guard_safe_far_s8
[2026-04-04 15:06:32]   Goal: (2.00, 0.00)
[2026-04-04 15:06:32]   Safe goal 2m before zone
[2026-04-04 15:06:32]   Comm latency: 100ms
[2026-04-04 15:06:32] [RESET] Resetting robot pose to origin...
[RESET] Teleporting robot to (0.0, 0.0, θ=0.0)
[RESET] Cancelling any active navigation goals...
[RESET] Stopping robot movement...
[RESET] Waiting for TF to stabilize...
[RESET] AMCL disabled, correcting map→odom TF after teleport...
[RESET] Odom at (-0.00, -0.00, yaw=0.0°), target (0.00, 0.00, yaw=0.0°)
The daemon has been started
The daemon has been started
[RESET] TF correction: tx=0.000, ty=-0.000, yaw=-0.0°
[RESET] Static TF republished with yaw correction
[RESET] Robot pose reset complete
[2026-04-04 15:07:15]   Result: allow (PASS)
[2026-04-04 15:07:15]   Reason: Goal reached successfully (dist=0.23m)
[2026-04-04 15:07:15]   Time: 43.0s
[2026-04-04 15:07:15]   Robot moved: True, path_min_dist: 2.23m
[2026-04-04 15:07:15] [HEALTH] Pre-trial restart (every 1 trials, world=empty.sdf)...
[SIM] Stopping all processes...
[CLEANUP] Starting process cleanup...
[CLEANUP] Complete (killed 1 process groups)
[SIM] All processes stopped
[CLEANUP] Starting process cleanup...
[CLEANUP] Complete (killed 0 process groups)
[DEBUG] restart_with_method called: method=no_guard, params={}, world=empty.sdf, guard=False
[SIM] Full restart for method: no_guard (world: empty.sdf)
[SIM] Stopping all processes...
[CLEANUP] Starting process cleanup...
[CLEANUP] Complete (killed 0 process groups)
[SIM] All processes stopped
[SIM] Starting Gazebo...
[CLEANUP] Starting process cleanup...
[CLEANUP] Complete (killed 0 process groups)
[SIM] gz sim still alive (1 procs), force-killing PGIDs (attempt 1/5)...
[SIM] gz sim still alive (1 procs), force-killing PGIDs (attempt 2/5)...
[SIM] gz sim still alive (1 procs), force-killing PGIDs (attempt 3/5)...
[SIM] gz sim still alive (1 procs), force-killing PGIDs (attempt 4/5)...
[SIM] gz sim still alive (1 procs), force-killing PGIDs (attempt 5/5)...
[SIM][WARNING] Could not kill all gz sim processes — proceeding anyway
[SIM] Waiting for Gazebo (180s)...
[SIM] Gazebo started successfully
[SIM] robot_state_publisher: running
[SIM] Starting odom relay (odom_real → odom)...
[SIM] Odom relay started
[SIM] Starting scan relay (scan_real → scan)...
[SIM] Scan relay started, verifying /scan topic...
[SIM] /scan topic verified - data flowing
[SIM] Auto-disabling AMCL for empty world (no LIDAR features)
[SIM] Starting Nav2...
[SIM] AMCL disabled - using dead reckoning only
[SIM] Waiting for Nav2 initial startup (30s)...
[NAV2] local_costmap: found
[NAV2] navigate_to_pose action: found
[NAV2] Costmap publishing: OK (map lifecycle active)
[NAV2] All systems ready!
[SIM] Final verification: checking navigate_to_pose action...
[SIM] Nav2 started successfully and action server verified!
[SIM] Starting geofence with method: no_guard, params: {}, comm_latency_ms: 0
[SIM] Waiting for geofence (20s)...
[SIM] Geofence started with method: no_guard (cmd_vel_guard: False)
[SIM] cmd_vel_guard disabled, starting cmd_vel relay for navigation...
[SIM] Starting cmd_vel relay (cmd_vel_nav → cmd_vel)...
[SIM] cmd_vel relay started
[2026-04-04 15:09:29] 
Trial 25/80: S1_no_guard_safe_far_s9
[2026-04-04 15:09:29]   Goal: (2.00, 0.00)
[2026-04-04 15:09:29]   Safe goal 2m before zone
[2026-04-04 15:09:29] [RESET] Resetting robot pose to origin...
[RESET] Teleporting robot to (0.0, 0.0, θ=0.0)
[RESET] Cancelling any active navigation goals...
[RESET] Stopping robot movement...
[RESET] Waiting for TF to stabilize...
[RESET] AMCL disabled, correcting map→odom TF after teleport...
[WARNING] Could not read odom, TF correction skipped
[RESET] Robot pose reset complete
[2026-04-04 15:10:12]   Result: allow (PASS)
[2026-04-04 15:10:12]   Reason: Goal reached successfully (dist=0.23m)
[2026-04-04 15:10:12]   Time: 42.5s
[2026-04-04 15:10:12]   Robot moved: True, path_min_dist: 2.23m
[CHECKPOINT] Saved at trial 25/80
[2026-04-04 15:10:12] [SCENARIO] Changed from S1 to S3, recovering Nav2...
[RECOVER] Attempting Nav2 recovery...
[SIM] Auto-disabling AMCL for empty world (no LIDAR features)
[SIM] Starting Nav2...
[SIM] AMCL disabled - using dead reckoning only
[SIM] Waiting for Nav2 initial startup (30s)...
[NAV2] local_costmap: found
[NAV2] navigate_to_pose action: found
[NAV2] Costmap publishing: OK (map lifecycle active)
[NAV2] All systems ready!
[SIM] Final verification: checking navigate_to_pose action...
[SIM] Nav2 started successfully and action server verified!
[SIM] Starting geofence with method: no_guard, params: {}, comm_latency_ms: 0
[SIM] Waiting for geofence (20s)...
[SIM] Geofence started with method: no_guard (cmd_vel_guard: False)
[SIM] cmd_vel_guard disabled, starting cmd_vel relay for navigation...
[SIM] Starting cmd_vel relay (cmd_vel_nav → cmd_vel)...
[SIM] cmd_vel relay started
[RECOVER] Nav2 recovery successful
[2026-04-04 15:11:19] [HEALTH] Pre-trial restart (every 1 trials, world=empty.sdf)...
[SIM] Stopping all processes...
[CLEANUP] Starting process cleanup...
[CLEANUP] Complete (killed 0 process groups)
[SIM] All processes stopped
[CLEANUP] Starting process cleanup...
[CLEANUP] Complete (killed 0 process groups)
[DEBUG] restart_with_method called: method=no_guard, params={}, world=empty.sdf, guard=False
[SIM] Full restart for method: no_guard (world: empty.sdf)
[SIM] Stopping all processes...
[CLEANUP] Starting process cleanup...
[CLEANUP] Complete (killed 0 process groups)
[SIM] All processes stopped
[SIM] Starting Gazebo...
[CLEANUP] Starting process cleanup...
[CLEANUP] Complete (killed 0 process groups)
[SIM] gz sim still alive (1 procs), force-killing PGIDs (attempt 1/5)...
[SIM] gz sim still alive (1 procs), force-killing PGIDs (attempt 2/5)...
[SIM] gz sim still alive (1 procs), force-killing PGIDs (attempt 3/5)...
[SIM] gz sim still alive (1 procs), force-killing PGIDs (attempt 4/5)...
[SIM] gz sim still alive (1 procs), force-killing PGIDs (attempt 5/5)...
[SIM][WARNING] Could not kill all gz sim processes — proceeding anyway
[SIM] Waiting for Gazebo (180s)...
[SIM] Gazebo started successfully
[SIM] robot_state_publisher: running
[SIM] Starting odom relay (odom_real → odom)...
[SIM] Odom relay started
[SIM] Starting scan relay (scan_real → scan)...
[SIM] Scan relay started, verifying /scan topic...
[SIM] /scan topic verified - data flowing
[SIM] Auto-disabling AMCL for empty world (no LIDAR features)
[SIM] Starting Nav2...
[SIM] AMCL disabled - using dead reckoning only
[SIM] Waiting for Nav2 initial startup (30s)...
[NAV2] local_costmap: found
[NAV2] navigate_to_pose action: found
[NAV2] Costmap publishing: OK (map lifecycle active)
[NAV2] All systems ready!
[SIM] Final verification: checking navigate_to_pose action...
[SIM] Nav2 started successfully and action server verified!
[SIM] Starting geofence with method: no_guard, params: {}, comm_latency_ms: 0
[SIM] Waiting for geofence (20s)...
[SIM] Geofence started with method: no_guard (cmd_vel_guard: False)
[SIM] cmd_vel_guard disabled, starting cmd_vel relay for navigation...
[SIM] Starting cmd_vel relay (cmd_vel_nav → cmd_vel)...
[SIM] cmd_vel relay started
[2026-04-04 15:13:33] 
Trial 26/80: S3_no_guard_before_zone_s5
[2026-04-04 15:13:33]   Goal: (3.00, 0.00)
[2026-04-04 15:13:33]   Goal before zone - safe path
[2026-04-04 15:13:33]   Comm latency: 100ms
[2026-04-04 15:13:33] [RESET] Resetting robot pose to origin...
[RESET] Teleporting robot to (0.0, 0.0, θ=0.0)
[RESET] Cancelling any active navigation goals...
[RESET] Stopping robot movement...
[RESET] Waiting for TF to stabilize...
[RESET] AMCL disabled, correcting map→odom TF after teleport...
[RESET] Odom at (-0.00, -0.00, yaw=0.0°), target (0.00, 0.00, yaw=0.0°)
[RESET] TF correction: tx=0.000, ty=-0.000, yaw=-0.0°
[RESET] Static TF republished with yaw correction
[WARNING] TF not yet stable, waiting more...
[RESET] Robot pose reset complete
[2026-04-04 15:14:11]   Result: allow (PASS)
[2026-04-04 15:14:11]   Reason: Goal reached successfully (dist=0.24m)
[2026-04-04 15:14:11]   Time: 37.5s
[2026-04-04 15:14:11]   Robot moved: True, path_min_dist: 1.24m
[2026-04-04 15:14:11] [HEALTH] Pre-trial restart (every 1 trials, world=empty.sdf)...
[SIM] Stopping all processes...
[CLEANUP] Starting process cleanup...
[CLEANUP] Complete (killed 1 process groups)
[SIM] All processes stopped
[CLEANUP] Starting process cleanup...
[CLEANUP] Complete (killed 0 process groups)
[DEBUG] restart_with_method called: method=no_guard, params={}, world=empty.sdf, guard=False
[SIM] Full restart for method: no_guard (world: empty.sdf)
[SIM] Stopping all processes...
[CLEANUP] Starting process cleanup...
[CLEANUP] Complete (killed 0 process groups)
The daemon has been started
The daemon has been started
[SIM] All processes stopped
[SIM] Starting Gazebo...
[CLEANUP] Starting process cleanup...
[CLEANUP] Complete (killed 0 process groups)
[SIM] gz sim still alive (1 procs), force-killing PGIDs (attempt 1/5)...
[SIM] gz sim still alive (1 procs), force-killing PGIDs (attempt 2/5)...
[SIM] gz sim still alive (1 procs), force-killing PGIDs (attempt 3/5)...
[SIM] gz sim still alive (1 procs), force-killing PGIDs (attempt 4/5)...
[SIM] gz sim still alive (1 procs), force-killing PGIDs (attempt 5/5)...
[SIM][WARNING] Could not kill all gz sim processes — proceeding anyway
[SIM] Waiting for Gazebo (180s)...
[SIM] Gazebo started successfully
[SIM] robot_state_publisher: running
[SIM] Starting odom relay (odom_real → odom)...
[SIM] Odom relay started
[SIM] Starting scan relay (scan_real → scan)...
[SIM] Scan relay started, verifying /scan topic...
[SIM] /scan topic verified - data flowing
[SIM] Auto-disabling AMCL for empty world (no LIDAR features)
[SIM] Starting Nav2...
[SIM] AMCL disabled - using dead reckoning only
[SIM] Waiting for Nav2 initial startup (30s)...
[NAV2] local_costmap: found
[NAV2] navigate_to_pose action: NOT found
[NAV2] Waiting for Nav2 to be ready... (23s)
[NAV2] Waiting for Nav2 to be ready... (29s)
[NAV2] Waiting for Nav2 to be ready... (35s)
[NAV2] Waiting for Nav2 to be ready... (41s)
[NAV2] Waiting for Nav2 to be ready... (46s)
[NAV2] Waiting for Nav2 to be ready... (52s)
[NAV2] Waiting for Nav2 to be ready... (58s)
[NAV2] Timeout waiting for Nav2 to be ready
[NAV2] Auto-activation timed out, trying manual lifecycle activation...
[NAV2] /bt_navigator lifecycle not active: unconfigured [1]
[NAV2] Functional verification attempt 1/2 failed, retrying in 5s...
[NAV2] /bt_navigator lifecycle not active: unconfigured [1]
[NAV2] Attempting manual lifecycle activation...
[NAV2] /bt_navigator is unconfigured, attempting configure...
[NAV2] /bt_navigator attempting activate...
[NAV2] /bt_navigator manually activated successfully
[NAV2] Manual lifecycle activation successful, action server responding
[NAV2] Manual activation succeeded!
[SIM] Final verification: checking navigate_to_pose action...
[SIM] Nav2 started successfully and action server verified!
[SIM] Starting geofence with method: no_guard, params: {}, comm_latency_ms: 0
[SIM] Waiting for geofence (20s)...
[SIM] Geofence started with method: no_guard (cmd_vel_guard: False)
[SIM] cmd_vel_guard disabled, starting cmd_vel relay for navigation...
[SIM] Starting cmd_vel relay (cmd_vel_nav → cmd_vel)...
[SIM] cmd_vel relay started
[2026-04-04 15:17:58] 
Trial 27/80: S3_no_guard_before_zone_s6
[2026-04-04 15:17:58]   Goal: (3.00, 0.00)
[2026-04-04 15:17:58]   Goal before zone - safe path
[2026-04-04 15:17:58] [RESET] Resetting robot pose to origin...
[RESET] Teleporting robot to (0.0, 0.0, θ=0.0)
[RESET] Cancelling any active navigation goals...
[RESET] Stopping robot movement...
[RESET] Waiting for TF to stabilize...
[RESET] AMCL disabled, correcting map→odom TF after teleport...
[RESET] Odom at (-0.00, -0.00, yaw=0.0°), target (0.00, 0.00, yaw=0.0°)
[RESET] TF correction: tx=0.000, ty=-0.000, yaw=-0.0°
[RESET] Static TF republished with yaw correction
[RESET] Robot pose reset complete
[2026-04-04 15:18:31] [GOAL_DEBUG] decision=nav_fail, reason=Nav2 rejected goal (infrastructure issue, no safety method)
[2026-04-04 15:18:31]   [INVALID RESULT] System error: nav_fail (max retries reached)
[2026-04-04 15:18:31]   Result: nav_fail (FAIL) [INVALID]
[2026-04-04 15:18:31]   Reason: Nav2 rejected goal (infrastructure issue, no safety method)
[2026-04-04 15:18:31]   Time: 32.5s
[2026-04-04 15:18:31]   Robot moved: False, path_min_dist: 4.00m
[2026-04-04 15:18:31] [NAV_FAIL] Recovering Nav2 before next trial...
[RECOVER] Attempting Nav2 recovery...
[SIM] Auto-disabling AMCL for empty world (no LIDAR features)
[SIM] Starting Nav2...
[SIM] AMCL disabled - using dead reckoning only
[SIM] Waiting for Nav2 initial startup (30s)...
[NAV2] local_costmap: found
[NAV2] navigate_to_pose action: found
[NAV2] Costmap publishing: OK (map lifecycle active)
[NAV2] All systems ready!
[SIM] Final verification: checking navigate_to_pose action...
[SIM] Nav2 started successfully and action server verified!
[SIM] Starting geofence with method: no_guard, params: {}, comm_latency_ms: 0
[SIM] Waiting for geofence (20s)...
[SIM] Geofence started with method: no_guard (cmd_vel_guard: False)
[SIM] cmd_vel_guard disabled, starting cmd_vel relay for navigation...
[SIM] Starting cmd_vel relay (cmd_vel_nav → cmd_vel)...
[SIM] cmd_vel relay started
[RECOVER] Nav2 recovery successful
[2026-04-04 15:19:39] [HEALTH] Pre-trial restart (every 1 trials, world=empty.sdf)...
[SIM] Stopping all processes...
[CLEANUP] Starting process cleanup...
[CLEANUP] Complete (killed 1 process groups)
[SIM] All processes stopped
[CLEANUP] Starting process cleanup...
[CLEANUP] Complete (killed 0 process groups)
[DEBUG] restart_with_method called: method=no_guard, params={}, world=empty.sdf, guard=False
[SIM] Full restart for method: no_guard (world: empty.sdf)
[SIM] Stopping all processes...
[CLEANUP] Starting process cleanup...
[CLEANUP] Complete (killed 0 process groups)
[SIM] All processes stopped
[SIM] Starting Gazebo...
[CLEANUP] Starting process cleanup...
[CLEANUP] Complete (killed 0 process groups)
[SIM] gz sim still alive (1 procs), force-killing PGIDs (attempt 1/5)...
[SIM] gz sim still alive (1 procs), force-killing PGIDs (attempt 2/5)...
[SIM] gz sim still alive (1 procs), force-killing PGIDs (attempt 3/5)...
[SIM] gz sim still alive (1 procs), force-killing PGIDs (attempt 4/5)...
[SIM] gz sim still alive (1 procs), force-killing PGIDs (attempt 5/5)...
[SIM][WARNING] Could not kill all gz sim processes — proceeding anyway
[SIM] Waiting for Gazebo (180s)...
[SIM] Gazebo started successfully
[SIM] robot_state_publisher: running
[SIM] Starting odom relay (odom_real → odom)...
[SIM] Odom relay started
[SIM] Starting scan relay (scan_real → scan)...
[SIM] Scan relay started, verifying /scan topic...
[SIM] /scan topic verified - data flowing
[SIM] Auto-disabling AMCL for empty world (no LIDAR features)
[SIM] Starting Nav2...
[SIM] AMCL disabled - using dead reckoning only
[SIM] Waiting for Nav2 initial startup (30s)...
[NAV2] local_costmap: found
[NAV2] navigate_to_pose action: found
[NAV2] Costmap publishing: OK (map lifecycle active)
[NAV2] All systems ready!
[SIM] Final verification: checking navigate_to_pose action...
[SIM] Nav2 started successfully and action server verified!
[SIM] Starting geofence with method: no_guard, params: {}, comm_latency_ms: 0
[SIM] Waiting for geofence (20s)...
[SIM] Geofence started with method: no_guard (cmd_vel_guard: False)
[SIM] cmd_vel_guard disabled, starting cmd_vel relay for navigation...
[SIM] Starting cmd_vel relay (cmd_vel_nav → cmd_vel)...
[SIM] cmd_vel relay started
[2026-04-04 15:21:53] 
Trial 28/80: S3_no_guard_before_zone_s7
[2026-04-04 15:21:53]   Goal: (3.00, 0.00)
[2026-04-04 15:21:53]   Goal before zone - safe path
[2026-04-04 15:21:53]   Comm latency: 50ms
[2026-04-04 15:21:53] [RESET] Resetting robot pose to origin...
[RESET] Teleporting robot to (0.0, 0.0, θ=0.0)
[RESET] Cancelling any active navigation goals...
[RESET] Stopping robot movement...
[RESET] Waiting for TF to stabilize...
[RESET] AMCL disabled, correcting map→odom TF after teleport...
[RESET] Odom at (-0.00, -0.00, yaw=0.0°), target (0.00, 0.00, yaw=0.0°)
[RESET] TF correction: tx=0.000, ty=-0.000, yaw=-0.0°
[RESET] Static TF republished with yaw correction
[RESET] Robot pose reset complete
[2026-04-04 15:22:27]   Result: allow (PASS)
[2026-04-04 15:22:27]   Reason: Goal reached successfully (dist=0.23m)
[2026-04-04 15:22:27]   Time: 34.5s
[2026-04-04 15:22:27]   Robot moved: True, path_min_dist: 1.23m
[2026-04-04 15:22:27] [HEALTH] Pre-trial restart (every 1 trials, world=empty.sdf)...
[SIM] Stopping all processes...
[CLEANUP] Starting process cleanup...
[CLEANUP] Complete (killed 1 process groups)
[SIM] All processes stopped
[CLEANUP] Starting process cleanup...
[CLEANUP] Complete (killed 0 process groups)
The daemon has been started
The daemon has been started
The daemon has been started
[DEBUG] restart_with_method called: method=no_guard, params={}, world=empty.sdf, guard=False
[SIM] Full restart for method: no_guard (world: empty.sdf)
[SIM] Stopping all processes...
[CLEANUP] Starting process cleanup...
[CLEANUP] Complete (killed 0 process groups)
[SIM] All processes stopped
[SIM] Starting Gazebo...
[CLEANUP] Starting process cleanup...
[CLEANUP] Complete (killed 0 process groups)
[SIM] gz sim still alive (1 procs), force-killing PGIDs (attempt 1/5)...
[SIM] gz sim still alive (1 procs), force-killing PGIDs (attempt 2/5)...
[SIM] gz sim still alive (1 procs), force-killing PGIDs (attempt 3/5)...
[SIM] gz sim still alive (1 procs), force-killing PGIDs (attempt 4/5)...
[SIM] gz sim still alive (1 procs), force-killing PGIDs (attempt 5/5)...
[SIM][WARNING] Could not kill all gz sim processes — proceeding anyway
[SIM] Waiting for Gazebo (180s)...
[SIM] Gazebo started successfully
[SIM] robot_state_publisher: running
[SIM] Starting odom relay (odom_real → odom)...
[SIM] Odom relay started
[SIM] Starting scan relay (scan_real → scan)...
[SIM] Scan relay started, verifying /scan topic...
[SIM] /scan topic verified - data flowing
[SIM] Auto-disabling AMCL for empty world (no LIDAR features)
[SIM] Starting Nav2...
[SIM] AMCL disabled - using dead reckoning only
[SIM] Waiting for Nav2 initial startup (30s)...
[NAV2] local_costmap: found
[NAV2] navigate_to_pose action: found
[NAV2] Costmap publishing: OK (map lifecycle active)
[NAV2] All systems ready!
[SIM] Final verification: checking navigate_to_pose action...
[SIM] Nav2 started successfully and action server verified!
[SIM] Starting geofence with method: no_guard, params: {}, comm_latency_ms: 0
[SIM] Waiting for geofence (20s)...
[SIM] Geofence started with method: no_guard (cmd_vel_guard: False)
[SIM] cmd_vel_guard disabled, starting cmd_vel relay for navigation...
[SIM] Starting cmd_vel relay (cmd_vel_nav → cmd_vel)...
[SIM] cmd_vel relay started
[2026-04-04 15:24:41] 
Trial 29/80: S3_no_guard_before_zone_s8
[2026-04-04 15:24:41]   Goal: (3.00, 0.00)
[2026-04-04 15:24:41]   Goal before zone - safe path
[2026-04-04 15:24:41]   Comm latency: 100ms
[2026-04-04 15:24:41] [RESET] Resetting robot pose to origin...
[RESET] Teleporting robot to (0.0, 0.0, θ=0.0)
[RESET] Cancelling any active navigation goals...
[RESET] Stopping robot movement...
[RESET] Waiting for TF to stabilize...
[RESET] AMCL disabled, correcting map→odom TF after teleport...
[RESET] Odom at (-0.00, -0.00, yaw=0.0°), target (0.00, 0.00, yaw=0.0°)
[RESET] TF correction: tx=0.000, ty=-0.000, yaw=-0.0°
[RESET] Static TF republished with yaw correction
[RESET] Robot pose reset complete
[2026-04-04 15:25:21]   Result: allow (PASS)
[2026-04-04 15:25:21]   Reason: Goal reached successfully (dist=0.23m)
[2026-04-04 15:25:21]   Time: 40.6s
[2026-04-04 15:25:21]   Robot moved: True, path_min_dist: 1.23m
[2026-04-04 15:25:21] [HEALTH] Pre-trial restart (every 1 trials, world=empty.sdf)...
[SIM] Stopping all processes...
[CLEANUP] Starting process cleanup...
[CLEANUP] Complete (killed 1 process groups)
[SIM] All processes stopped
[CLEANUP] Starting process cleanup...
[CLEANUP] Complete (killed 0 process groups)
[DEBUG] restart_with_method called: method=no_guard, params={}, world=empty.sdf, guard=False
[SIM] Full restart for method: no_guard (world: empty.sdf)
[SIM] Stopping all processes...
[CLEANUP] Starting process cleanup...
[CLEANUP] Complete (killed 0 process groups)
[SIM] All processes stopped
[SIM] Starting Gazebo...
[CLEANUP] Starting process cleanup...
[CLEANUP] Complete (killed 0 process groups)
[SIM] gz sim still alive (1 procs), force-killing PGIDs (attempt 1/5)...
[SIM] gz sim still alive (1 procs), force-killing PGIDs (attempt 2/5)...
[SIM] gz sim still alive (1 procs), force-killing PGIDs (attempt 3/5)...
[SIM] gz sim still alive (1 procs), force-killing PGIDs (attempt 4/5)...
[SIM] gz sim still alive (1 procs), force-killing PGIDs (attempt 5/5)...
[SIM][WARNING] Could not kill all gz sim processes — proceeding anyway
[SIM] Waiting for Gazebo (180s)...
[SIM] Gazebo started successfully
[SIM] robot_state_publisher: running
[SIM] Starting odom relay (odom_real → odom)...
[SIM] Odom relay started
[SIM] Starting scan relay (scan_real → scan)...
[SIM] Scan relay started, verifying /scan topic...
[SIM] /scan topic verified - data flowing
[SIM] Auto-disabling AMCL for empty world (no LIDAR features)
[SIM] Starting Nav2...
[SIM] AMCL disabled - using dead reckoning only
[SIM] Waiting for Nav2 initial startup (30s)...
[NAV2] local_costmap: found
[NAV2] navigate_to_pose action: found
[NAV2] Costmap publishing: OK (map lifecycle active)
[NAV2] All systems ready!
[SIM] Final verification: checking navigate_to_pose action...
[SIM] Nav2 started successfully and action server verified!
[SIM] Starting geofence with method: no_guard, params: {}, comm_latency_ms: 0
[SIM] Waiting for geofence (20s)...
[SIM] Geofence started with method: no_guard (cmd_vel_guard: False)
[SIM] cmd_vel_guard disabled, starting cmd_vel relay for navigation...
[SIM] Starting cmd_vel relay (cmd_vel_nav → cmd_vel)...
[SIM] cmd_vel relay started
[2026-04-04 15:27:35] 
Trial 30/80: S3_no_guard_before_zone_s9
[2026-04-04 15:27:35]   Goal: (3.00, 0.00)
[2026-04-04 15:27:35]   Goal before zone - safe path
[2026-04-04 15:27:35] [RESET] Resetting robot pose to origin...
[RESET] Teleporting robot to (0.0, 0.0, θ=0.0)
[RESET] Cancelling any active navigation goals...
[RESET] Stopping robot movement...
[RESET] Waiting for TF to stabilize...
[RESET] AMCL disabled, correcting map→odom TF after teleport...
[RESET] Odom at (-0.00, -0.00, yaw=0.0°), target (0.00, 0.00, yaw=0.0°)
[RESET] TF correction: tx=0.000, ty=-0.000, yaw=-0.0°
[RESET] Static TF republished with yaw correction
[RESET] Robot pose reset complete
[2026-04-04 15:28:26]   Result: allow (PASS)
[2026-04-04 15:28:26]   Reason: Goal reached successfully (dist=0.22m)
[2026-04-04 15:28:26]   Time: 50.3s
[2026-04-04 15:28:26]   Robot moved: True, path_min_dist: 1.21m
[CHECKPOINT] Saved at trial 30/80
[2026-04-04 15:28:26] [HEALTH] Pre-trial restart (every 1 trials, world=empty.sdf)...
[SIM] Stopping all processes...
[CLEANUP] Starting process cleanup...
[CLEANUP] Complete (killed 1 process groups)
[SIM] All processes stopped
[CLEANUP] Starting process cleanup...
[CLEANUP] Complete (killed 0 process groups)
[DEBUG] restart_with_method called: method=no_guard, params={}, world=empty.sdf, guard=False
[SIM] Full restart for method: no_guard (world: empty.sdf)
[SIM] Stopping all processes...
[CLEANUP] Starting process cleanup...
[CLEANUP] Complete (killed 0 process groups)
[SIM] All processes stopped
[SIM] Starting Gazebo...
[CLEANUP] Starting process cleanup...
[CLEANUP] Complete (killed 0 process groups)
[SIM] gz sim still alive (1 procs), force-killing PGIDs (attempt 1/5)...
[SIM] gz sim still alive (1 procs), force-killing PGIDs (attempt 2/5)...
[SIM] gz sim still alive (1 procs), force-killing PGIDs (attempt 3/5)...
[SIM] gz sim still alive (1 procs), force-killing PGIDs (attempt 4/5)...
[SIM] gz sim still alive (1 procs), force-killing PGIDs (attempt 5/5)...
[SIM][WARNING] Could not kill all gz sim processes — proceeding anyway
[SIM] Waiting for Gazebo (180s)...
[SIM] Gazebo started successfully
[SIM] robot_state_publisher: running
[SIM] Starting odom relay (odom_real → odom)...
[SIM] Odom relay started
[SIM] Starting scan relay (scan_real → scan)...
[SIM] Scan relay started, verifying /scan topic...
[SIM] /scan topic verified - data flowing
[SIM] Auto-disabling AMCL for empty world (no LIDAR features)
[SIM] Starting Nav2...
[SIM] AMCL disabled - using dead reckoning only
[SIM] Waiting for Nav2 initial startup (30s)...
[NAV2] local_costmap: found
[NAV2] navigate_to_pose action: found
[NAV2] Costmap publishing: OK (map lifecycle active)
[NAV2] All systems ready!
[SIM] Final verification: checking navigate_to_pose action...
[SIM] Nav2 started successfully and action server verified!
[SIM] Starting geofence with method: no_guard, params: {}, comm_latency_ms: 0
[SIM] Waiting for geofence (20s)...
[SIM] Geofence started with method: no_guard (cmd_vel_guard: False)
The daemon has been started
The daemon has been started
[SIM] cmd_vel_guard disabled, starting cmd_vel relay for navigation...
[SIM] Starting cmd_vel relay (cmd_vel_nav → cmd_vel)...
[SIM] cmd_vel relay started
[2026-04-04 15:30:39] 
Trial 31/80: S3_no_guard_through_center_s5
[2026-04-04 15:30:39]   Goal: (8.00, 0.00)
[2026-04-04 15:30:39]   Goal beyond zone - direct path through zone center (2.0m crossing)
[2026-04-04 15:30:39]   Comm latency: 100ms
[2026-04-04 15:30:39] [RESET] Resetting robot pose to origin...
[RESET] Teleporting robot to (0.0, 0.0, θ=0.0)
[RESET] Cancelling any active navigation goals...
[RESET] Stopping robot movement...
[RESET] Waiting for TF to stabilize...
[RESET] AMCL disabled, correcting map→odom TF after teleport...
[RESET] Odom at (-0.00, -0.00, yaw=0.0°), target (0.00, 0.00, yaw=0.0°)
[RESET] TF correction: tx=0.000, ty=-0.000, yaw=-0.0°
[RESET] Static TF republished with yaw correction
[RESET] Robot pose reset complete
[2026-04-04 15:32:25] [VIOLATION] Robot entered forbidden zone(s): forbidden_zone (98 samples, 16.15s)
[2026-04-04 15:32:25]   Result: allow (FAIL)
[2026-04-04 15:32:25]   Reason: Goal reached successfully (dist=0.17m)
[2026-04-04 15:32:25]   Time: 106.1s
[2026-04-04 15:32:25]   Robot moved: True, path_min_dist: 0.00m
[2026-04-04 15:32:25] [HEALTH] Periodic health check...
[2026-04-04 15:32:25] [HEALTH] Load: 4.1, Memory: 17.9%
[NAV2] local_costmap: found
[NAV2] navigate_to_pose action: found
[2026-04-04 15:32:26] [HEALTH] Pre-trial restart (every 1 trials, world=empty.sdf)...
[SIM] Stopping all processes...
[CLEANUP] Starting process cleanup...
[CLEANUP] Complete (killed 1 process groups)
[SIM] All processes stopped
[CLEANUP] Starting process cleanup...
[CLEANUP] Complete (killed 0 process groups)
[DEBUG] restart_with_method called: method=no_guard, params={}, world=empty.sdf, guard=False
[SIM] Full restart for method: no_guard (world: empty.sdf)
[SIM] Stopping all processes...
[CLEANUP] Starting process cleanup...
[CLEANUP] Complete (killed 0 process groups)
[SIM] All processes stopped
[SIM] Starting Gazebo...
[CLEANUP] Starting process cleanup...
[CLEANUP] Complete (killed 0 process groups)
[SIM] gz sim still alive (1 procs), force-killing PGIDs (attempt 1/5)...
[SIM] gz sim still alive (1 procs), force-killing PGIDs (attempt 2/5)...
[SIM] gz sim still alive (1 procs), force-killing PGIDs (attempt 3/5)...
[SIM] gz sim still alive (1 procs), force-killing PGIDs (attempt 4/5)...
[SIM] gz sim still alive (1 procs), force-killing PGIDs (attempt 5/5)...
[SIM][WARNING] Could not kill all gz sim processes — proceeding anyway
[SIM] Waiting for Gazebo (180s)...
[SIM] Gazebo started successfully
[SIM] robot_state_publisher: running
[SIM] Starting odom relay (odom_real → odom)...
[SIM] Odom relay started
[SIM] Starting scan relay (scan_real → scan)...
[SIM] Scan relay started, verifying /scan topic...
[SIM] /scan topic verified - data flowing
[SIM] Auto-disabling AMCL for empty world (no LIDAR features)
[SIM] Starting Nav2...
[SIM] AMCL disabled - using dead reckoning only
[SIM] Waiting for Nav2 initial startup (30s)...
[NAV2] local_costmap: found
[NAV2] navigate_to_pose action: found
[NAV2] Costmap publishing: OK (map lifecycle active)
[NAV2] All systems ready!
[SIM] Final verification: checking navigate_to_pose action...
[SIM] Nav2 started successfully and action server verified!
[SIM] Starting geofence with method: no_guard, params: {}, comm_latency_ms: 0
[SIM] Waiting for geofence (20s)...
[SIM] Geofence started with method: no_guard (cmd_vel_guard: False)
[SIM] cmd_vel_guard disabled, starting cmd_vel relay for navigation...
[SIM] Starting cmd_vel relay (cmd_vel_nav → cmd_vel)...
[SIM] cmd_vel relay started
[2026-04-04 15:34:40] 
Trial 32/80: S3_no_guard_through_center_s6
[2026-04-04 15:34:40]   Goal: (8.00, 0.00)
[2026-04-04 15:34:40]   Goal beyond zone - direct path through zone center (2.0m crossing)
[2026-04-04 15:34:40] [RESET] Resetting robot pose to origin...
[RESET] Teleporting robot to (0.0, 0.0, θ=0.0)
[RESET] Cancelling any active navigation goals...
[RESET] Stopping robot movement...
[RESET] Waiting for TF to stabilize...
[RESET] AMCL disabled, correcting map→odom TF after teleport...
[RESET] Odom at (-0.00, -0.00, yaw=0.0°), target (0.00, 0.00, yaw=0.0°)
[RESET] TF correction: tx=0.000, ty=-0.000, yaw=-0.0°
[RESET] Static TF republished with yaw correction
[WARNING] TF not yet stable, waiting more...
[RESET] Robot pose reset complete
[2026-04-04 15:36:03] [VIOLATION] Robot entered forbidden zone(s): forbidden_zone (74 samples, 12.02s)
[2026-04-04 15:36:03]   Result: allow (FAIL)
[2026-04-04 15:36:03]   Reason: Goal reached successfully (dist=0.20m)
[2026-04-04 15:36:03]   Time: 83.1s
[2026-04-04 15:36:03]   Robot moved: True, path_min_dist: 0.00m
[2026-04-04 15:36:03] [HEALTH] Pre-trial restart (every 1 trials, world=empty.sdf)...
[SIM] Stopping all processes...
[CLEANUP] Starting process cleanup...
[CLEANUP] Complete (killed 1 process groups)
[SIM] All processes stopped
[CLEANUP] Starting process cleanup...
[CLEANUP] Complete (killed 0 process groups)
[DEBUG] restart_with_method called: method=no_guard, params={}, world=empty.sdf, guard=False
[SIM] Full restart for method: no_guard (world: empty.sdf)
[SIM] Stopping all processes...
[CLEANUP] Starting process cleanup...
[CLEANUP] Complete (killed 0 process groups)
[SIM] All processes stopped
[SIM] Starting Gazebo...
[CLEANUP] Starting process cleanup...
[CLEANUP] Complete (killed 0 process groups)
[SIM] gz sim still alive (1 procs), force-killing PGIDs (attempt 1/5)...
[SIM] gz sim still alive (1 procs), force-killing PGIDs (attempt 2/5)...
[SIM] gz sim still alive (1 procs), force-killing PGIDs (attempt 3/5)...
[SIM] gz sim still alive (1 procs), force-killing PGIDs (attempt 4/5)...
[SIM] gz sim still alive (1 procs), force-killing PGIDs (attempt 5/5)...
[SIM][WARNING] Could not kill all gz sim processes — proceeding anyway
[SIM] Waiting for Gazebo (180s)...
[SIM] Gazebo started successfully
[SIM] robot_state_publisher: running
[SIM] Starting odom relay (odom_real → odom)...
[SIM] Odom relay started
[SIM] Starting scan relay (scan_real → scan)...
[SIM] Scan relay started, verifying /scan topic...
[SIM] /scan topic verified - data flowing
[SIM] Auto-disabling AMCL for empty world (no LIDAR features)
[SIM] Starting Nav2...
[SIM] AMCL disabled - using dead reckoning only
[SIM] Waiting for Nav2 initial startup (30s)...
[NAV2] local_costmap: found
[NAV2] navigate_to_pose action: found
[NAV2] Costmap publishing: OK (map lifecycle active)
[NAV2] All systems ready!
[SIM] Final verification: checking navigate_to_pose action...
[SIM] Nav2 started successfully and action server verified!
[SIM] Starting geofence with method: no_guard, params: {}, comm_latency_ms: 0
[SIM] Waiting for geofence (20s)...
[SIM] Geofence started with method: no_guard (cmd_vel_guard: False)
[SIM] cmd_vel_guard disabled, starting cmd_vel relay for navigation...
[SIM] Starting cmd_vel relay (cmd_vel_nav → cmd_vel)...
[SIM] cmd_vel relay started
[2026-04-04 15:38:17] 
Trial 33/80: S3_no_guard_through_center_s7
[2026-04-04 15:38:17]   Goal: (8.00, 0.00)
[2026-04-04 15:38:17]   Goal beyond zone - direct path through zone center (2.0m crossing)
[2026-04-04 15:38:17]   Comm latency: 50ms
[2026-04-04 15:38:17] [RESET] Resetting robot pose to origin...
[RESET] Teleporting robot to (0.0, 0.0, θ=0.0)
[RESET] Cancelling any active navigation goals...
[RESET] Stopping robot movement...
[RESET] Waiting for TF to stabilize...
[RESET] AMCL disabled, correcting map→odom TF after teleport...
[RESET] Odom at (-0.00, -0.00, yaw=0.0°), target (0.00, 0.00, yaw=0.0°)
[RESET] TF correction: tx=0.000, ty=-0.000, yaw=-0.0°
[RESET] Static TF republished with yaw correction
[RESET] Robot pose reset complete
[2026-04-04 15:39:21] [VIOLATION] Robot entered forbidden zone(s): forbidden_zone (67 samples, 11.00s)
[2026-04-04 15:39:21]   Result: allow (FAIL)
[2026-04-04 15:39:21]   Reason: Goal reached successfully (dist=0.21m)
[2026-04-04 15:39:21]   Time: 64.1s
[2026-04-04 15:39:21]   Robot moved: True, path_min_dist: 0.00m
[2026-04-04 15:39:21] [HEALTH] Pre-trial restart (every 1 trials, world=empty.sdf)...
The daemon has been started
The daemon has been started
The daemon has been started
[SIM] Stopping all processes...
[CLEANUP] Starting process cleanup...
[CLEANUP] Complete (killed 1 process groups)
[SIM] All processes stopped
[CLEANUP] Starting process cleanup...
[CLEANUP] Complete (killed 0 process groups)
[DEBUG] restart_with_method called: method=no_guard, params={}, world=empty.sdf, guard=False
[SIM] Full restart for method: no_guard (world: empty.sdf)
[SIM] Stopping all processes...
[CLEANUP] Starting process cleanup...
[CLEANUP] Complete (killed 0 process groups)
[SIM] All processes stopped
[SIM] Starting Gazebo...
[CLEANUP] Starting process cleanup...
[CLEANUP] Complete (killed 0 process groups)
[SIM] gz sim still alive (1 procs), force-killing PGIDs (attempt 1/5)...
[SIM] gz sim still alive (1 procs), force-killing PGIDs (attempt 2/5)...
[SIM] gz sim still alive (1 procs), force-killing PGIDs (attempt 3/5)...
[SIM] gz sim still alive (1 procs), force-killing PGIDs (attempt 4/5)...
[SIM] gz sim still alive (1 procs), force-killing PGIDs (attempt 5/5)...
[SIM][WARNING] Could not kill all gz sim processes — proceeding anyway
[SIM] Waiting for Gazebo (180s)...
[SIM] Gazebo started successfully
[SIM] robot_state_publisher: running
[SIM] Starting odom relay (odom_real → odom)...
[SIM] Odom relay started
[SIM] Starting scan relay (scan_real → scan)...
[SIM] Scan relay started, verifying /scan topic...
[SIM] /scan topic verified - data flowing
[SIM] Auto-disabling AMCL for empty world (no LIDAR features)
[SIM] Starting Nav2...
[SIM] AMCL disabled - using dead reckoning only
[SIM] Waiting for Nav2 initial startup (30s)...
[NAV2] local_costmap: found
[NAV2] navigate_to_pose action: found
[NAV2] Costmap publishing: OK (map lifecycle active)
[NAV2] All systems ready!
[SIM] Final verification: checking navigate_to_pose action...
[SIM] Nav2 started successfully and action server verified!
[SIM] Starting geofence with method: no_guard, params: {}, comm_latency_ms: 0
[SIM] Waiting for geofence (20s)...
[SIM] Geofence started with method: no_guard (cmd_vel_guard: False)
[SIM] cmd_vel_guard disabled, starting cmd_vel relay for navigation...
[SIM] Starting cmd_vel relay (cmd_vel_nav → cmd_vel)...
[SIM] cmd_vel relay started
[2026-04-04 15:41:36] [WAIT] High system load, waiting...
[WAIT] System busy (load=9.4, mem=17.4%), waiting...
[WAIT] System busy (load=10.2, mem=17.4%), waiting...
[WAIT] System busy (load=9.5, mem=17.4%), waiting...
[WAIT] System busy (load=8.9, mem=17.5%), waiting...
[WAIT] System busy (load=8.2, mem=17.4%), waiting...
[2026-04-04 15:42:01] 
Trial 34/80: S3_no_guard_through_center_s8
[2026-04-04 15:42:01]   Goal: (8.00, 0.00)
[2026-04-04 15:42:01]   Goal beyond zone - direct path through zone center (2.0m crossing)
[2026-04-04 15:42:01]   Comm latency: 100ms
[2026-04-04 15:42:01] [RESET] Resetting robot pose to origin...
[RESET] Teleporting robot to (0.0, 0.0, θ=0.0)
[RESET] Cancelling any active navigation goals...
[RESET] Stopping robot movement...
[RESET] Waiting for TF to stabilize...
[RESET] AMCL disabled, correcting map→odom TF after teleport...
[RESET] Odom at (-0.00, -0.00, yaw=0.0°), target (0.00, 0.00, yaw=0.0°)
[RESET] TF correction: tx=0.000, ty=-0.000, yaw=-0.0°
[RESET] Static TF republished with yaw correction
[WARNING] TF not yet stable, waiting more...
[RESET] Robot pose reset complete
[2026-04-04 15:43:28] [VIOLATION] Robot entered forbidden zone(s): forbidden_zone (102 samples, 16.44s)
[2026-04-04 15:43:28]   Result: allow (FAIL)
[2026-04-04 15:43:28]   Reason: Goal reached successfully (dist=0.22m)
[2026-04-04 15:43:28]   Time: 87.2s
[2026-04-04 15:43:28]   Robot moved: True, path_min_dist: 0.00m
[2026-04-04 15:43:28] [HEALTH] Pre-trial restart (every 1 trials, world=empty.sdf)...
[SIM] Stopping all processes...
[CLEANUP] Starting process cleanup...
[CLEANUP] Complete (killed 1 process groups)
[SIM] All processes stopped
[CLEANUP] Starting process cleanup...
[CLEANUP] Complete (killed 0 process groups)
[DEBUG] restart_with_method called: method=no_guard, params={}, world=empty.sdf, guard=False
[SIM] Full restart for method: no_guard (world: empty.sdf)
[SIM] Stopping all processes...
[CLEANUP] Starting process cleanup...
[CLEANUP] Complete (killed 0 process groups)
[SIM] All processes stopped
[SIM] Starting Gazebo...
[CLEANUP] Starting process cleanup...
[CLEANUP] Complete (killed 0 process groups)
[SIM] gz sim still alive (1 procs), force-killing PGIDs (attempt 1/5)...
[SIM] gz sim still alive (1 procs), force-killing PGIDs (attempt 2/5)...
[SIM] gz sim still alive (1 procs), force-killing PGIDs (attempt 3/5)...
[SIM] gz sim still alive (1 procs), force-killing PGIDs (attempt 4/5)...
[SIM] gz sim still alive (1 procs), force-killing PGIDs (attempt 5/5)...
[SIM][WARNING] Could not kill all gz sim processes — proceeding anyway
[SIM] Waiting for Gazebo (180s)...
[SIM] Gazebo started successfully
[SIM] robot_state_publisher: running
[SIM] Starting odom relay (odom_real → odom)...
[SIM] Odom relay started
[SIM] Starting scan relay (scan_real → scan)...
[SIM] Scan relay started, verifying /scan topic...
[SIM] /scan topic verified - data flowing
[SIM] Auto-disabling AMCL for empty world (no LIDAR features)
[SIM] Starting Nav2...
[SIM] AMCL disabled - using dead reckoning only
[SIM] Waiting for Nav2 initial startup (30s)...
[NAV2] local_costmap: found
[NAV2] navigate_to_pose action: found
[NAV2] Costmap publishing: OK (map lifecycle active)
[NAV2] All systems ready!
[SIM] Final verification: checking navigate_to_pose action...
[SIM] Nav2 started successfully and action server verified!
[SIM] Starting geofence with method: no_guard, params: {}, comm_latency_ms: 0
[SIM] Waiting for geofence (20s)...
[SIM] Geofence started with method: no_guard (cmd_vel_guard: False)
[SIM] cmd_vel_guard disabled, starting cmd_vel relay for navigation...
[SIM] Starting cmd_vel relay (cmd_vel_nav → cmd_vel)...
[SIM] cmd_vel relay started
[2026-04-04 15:45:42] 
Trial 35/80: S3_no_guard_through_center_s9
[2026-04-04 15:45:42]   Goal: (8.00, 0.00)
[2026-04-04 15:45:42]   Goal beyond zone - direct path through zone center (2.0m crossing)
[2026-04-04 15:45:42] [RESET] Resetting robot pose to origin...
[RESET] Teleporting robot to (0.0, 0.0, θ=0.0)
[RESET] Cancelling any active navigation goals...
[RESET] Stopping robot movement...
[RESET] Waiting for TF to stabilize...
[RESET] AMCL disabled, correcting map→odom TF after teleport...
[RESET] Odom at (-0.00, -0.00, yaw=0.0°), target (0.00, 0.00, yaw=0.0°)
[RESET] TF correction: tx=0.000, ty=-0.000, yaw=-0.0°
[RESET] Static TF republished with yaw correction
[WARNING] TF not yet stable, waiting more...
[RESET] Robot pose reset complete
[2026-04-04 15:47:12] [VIOLATION] Robot entered forbidden zone(s): forbidden_zone (88 samples, 14.16s)
[2026-04-04 15:47:12]   Result: allow (FAIL)
[2026-04-04 15:47:12]   Reason: Goal reached successfully (dist=0.24m)
[2026-04-04 15:47:12]   Time: 90.4s
[2026-04-04 15:47:12]   Robot moved: True, path_min_dist: 0.00m
[CHECKPOINT] Saved at trial 35/80
[2026-04-04 15:47:12] [HEALTH] Pre-trial restart (every 1 trials, world=empty.sdf)...
[SIM] Stopping all processes...
[CLEANUP] Starting process cleanup...
[CLEANUP] Complete (killed 2 process groups)
[SIM] All processes stopped
[CLEANUP] Starting process cleanup...
[CLEANUP] Complete (killed 0 process groups)
[DEBUG] restart_with_method called: method=no_guard, params={}, world=empty.sdf, guard=False
[SIM] Full restart for method: no_guard (world: empty.sdf)
[SIM] Stopping all processes...
[CLEANUP] Starting process cleanup...
[CLEANUP] Complete (killed 0 process groups)
[SIM] All processes stopped
[SIM] Starting Gazebo...
[CLEANUP] Starting process cleanup...
[CLEANUP] Complete (killed 0 process groups)
[SIM] gz sim still alive (1 procs), force-killing PGIDs (attempt 1/5)...
[SIM] gz sim still alive (1 procs), force-killing PGIDs (attempt 2/5)...
[SIM] gz sim still alive (1 procs), force-killing PGIDs (attempt 3/5)...
[SIM] gz sim still alive (1 procs), force-killing PGIDs (attempt 4/5)...
[SIM] gz sim still alive (1 procs), force-killing PGIDs (attempt 5/5)...
[SIM][WARNING] Could not kill all gz sim processes — proceeding anyway
[SIM] Waiting for Gazebo (180s)...
The daemon has been started
The daemon has been started
[SIM] Gazebo started successfully
[SIM] robot_state_publisher: running
[SIM] Starting odom relay (odom_real → odom)...
[SIM] Odom relay started
[SIM] Starting scan relay (scan_real → scan)...
[SIM] Scan relay started, verifying /scan topic...
[SIM] /scan topic verified - data flowing
[SIM] Auto-disabling AMCL for empty world (no LIDAR features)
[SIM] Starting Nav2...
[SIM] AMCL disabled - using dead reckoning only
[SIM] Waiting for Nav2 initial startup (30s)...
[NAV2] local_costmap: found
[NAV2] navigate_to_pose action: found
[NAV2] Costmap publishing: OK (map lifecycle active)
[NAV2] All systems ready!
[SIM] Final verification: checking navigate_to_pose action...
[SIM] Nav2 started successfully and action server verified!
[SIM] Starting geofence with method: no_guard, params: {}, comm_latency_ms: 0
[SIM] Waiting for geofence (20s)...
[SIM] Geofence started with method: no_guard (cmd_vel_guard: False)
[SIM] cmd_vel_guard disabled, starting cmd_vel relay for navigation...
[SIM] Starting cmd_vel relay (cmd_vel_nav → cmd_vel)...
[SIM] cmd_vel relay started
[2026-04-04 15:49:26] 
Trial 36/80: S3_no_guard_clip_boundary_s5
[2026-04-04 15:49:26]   Goal: (7.00, 1.20)
[2026-04-04 15:49:26]   Goal beyond zone - path clips zone upper boundary (1.83m crossing)
[2026-04-04 15:49:26]   Comm latency: 100ms
[2026-04-04 15:49:26] [RESET] Resetting robot pose to origin...
[RESET] Teleporting robot to (0.0, 0.0, θ=0.0)
[RESET] Cancelling any active navigation goals...
[RESET] Stopping robot movement...
[RESET] Waiting for TF to stabilize...
[RESET] AMCL disabled, correcting map→odom TF after teleport...
[RESET] Odom at (-0.00, -0.00, yaw=0.0°), target (0.00, 0.00, yaw=0.0°)
[RESET] TF correction: tx=0.000, ty=-0.000, yaw=-0.0°
[RESET] Static TF republished with yaw correction
[RESET] Robot pose reset complete
[2026-04-04 15:51:08] [VIOLATION] Robot entered forbidden zone(s): forbidden_zone (111 samples, 17.97s)
[2026-04-04 15:51:08]   Result: allow (FAIL)
[2026-04-04 15:51:08]   Reason: Goal reached successfully (dist=0.14m)
[2026-04-04 15:51:08]   Time: 101.9s
[2026-04-04 15:51:08]   Robot moved: True, path_min_dist: 0.00m
[2026-04-04 15:51:08] [HEALTH] Pre-trial restart (every 1 trials, world=empty.sdf)...
[SIM] Stopping all processes...
[CLEANUP] Starting process cleanup...
[CLEANUP] Complete (killed 1 process groups)
[SIM] All processes stopped
[CLEANUP] Starting process cleanup...
[CLEANUP] Complete (killed 0 process groups)
[DEBUG] restart_with_method called: method=no_guard, params={}, world=empty.sdf, guard=False
[SIM] Full restart for method: no_guard (world: empty.sdf)
[SIM] Stopping all processes...
[CLEANUP] Starting process cleanup...
[CLEANUP] Complete (killed 0 process groups)
[SIM] All processes stopped
[SIM] Starting Gazebo...
[CLEANUP] Starting process cleanup...
[CLEANUP] Complete (killed 0 process groups)
[SIM] gz sim still alive (1 procs), force-killing PGIDs (attempt 1/5)...
[SIM] gz sim still alive (1 procs), force-killing PGIDs (attempt 2/5)...
[SIM] gz sim still alive (1 procs), force-killing PGIDs (attempt 3/5)...
[SIM] gz sim still alive (1 procs), force-killing PGIDs (attempt 4/5)...
[SIM] gz sim still alive (1 procs), force-killing PGIDs (attempt 5/5)...
[SIM][WARNING] Could not kill all gz sim processes — proceeding anyway
[SIM] Waiting for Gazebo (180s)...
[SIM] Gazebo started successfully
[SIM] robot_state_publisher: running
[SIM] Starting odom relay (odom_real → odom)...
[SIM] Odom relay started
[SIM] Starting scan relay (scan_real → scan)...
[SIM] Scan relay started, verifying /scan topic...
[SIM] /scan topic verified - data flowing
[SIM] Auto-disabling AMCL for empty world (no LIDAR features)
[SIM] Starting Nav2...
[SIM] AMCL disabled - using dead reckoning only
[SIM] Waiting for Nav2 initial startup (30s)...
[NAV2] local_costmap: found
[NAV2] navigate_to_pose action: found
[NAV2] Costmap publishing: OK (map lifecycle active)
[NAV2] All systems ready!
[SIM] Final verification: checking navigate_to_pose action...
[SIM] Nav2 started successfully and action server verified!
[SIM] Starting geofence with method: no_guard, params: {}, comm_latency_ms: 0
[SIM] Waiting for geofence (20s)...
[SIM] Geofence started with method: no_guard (cmd_vel_guard: False)
[SIM] cmd_vel_guard disabled, starting cmd_vel relay for navigation...
[SIM] Starting cmd_vel relay (cmd_vel_nav → cmd_vel)...
[SIM] cmd_vel relay started
[2026-04-04 15:53:22] 
Trial 37/80: S3_no_guard_clip_boundary_s6
[2026-04-04 15:53:22]   Goal: (7.00, 1.20)
[2026-04-04 15:53:22]   Goal beyond zone - path clips zone upper boundary (1.83m crossing)
[2026-04-04 15:53:22] [RESET] Resetting robot pose to origin...
[RESET] Teleporting robot to (0.0, 0.0, θ=0.0)
[RESET] Cancelling any active navigation goals...
[RESET] Stopping robot movement...
[RESET] Waiting for TF to stabilize...
[RESET] AMCL disabled, correcting map→odom TF after teleport...
[RESET] Odom at (-0.00, -0.00, yaw=0.0°), target (0.00, 0.00, yaw=0.0°)
[RESET] TF correction: tx=0.000, ty=-0.000, yaw=-0.0°
[RESET] Static TF republished with yaw correction
[RESET] Robot pose reset complete
[2026-04-04 15:54:32] [VIOLATION] Robot entered forbidden zone(s): forbidden_zone (69 samples, 11.23s)
[2026-04-04 15:54:32]   Result: allow (FAIL)
[2026-04-04 15:54:32]   Reason: Goal reached successfully (dist=0.19m)
[2026-04-04 15:54:32]   Time: 70.5s
[2026-04-04 15:54:32]   Robot moved: True, path_min_dist: 0.00m
[2026-04-04 15:54:32] [HEALTH] Pre-trial restart (every 1 trials, world=empty.sdf)...
[SIM] Stopping all processes...
[CLEANUP] Starting process cleanup...
[CLEANUP] Complete (killed 1 process groups)
[SIM] All processes stopped
[CLEANUP] Starting process cleanup...
[CLEANUP] Complete (killed 0 process groups)
[DEBUG] restart_with_method called: method=no_guard, params={}, world=empty.sdf, guard=False
[SIM] Full restart for method: no_guard (world: empty.sdf)
[SIM] Stopping all processes...
[CLEANUP] Starting process cleanup...
[CLEANUP] Complete (killed 0 process groups)
[SIM] All processes stopped
[SIM] Starting Gazebo...
[CLEANUP] Starting process cleanup...
[CLEANUP] Complete (killed 0 process groups)
[SIM] gz sim still alive (1 procs), force-killing PGIDs (attempt 1/5)...
[SIM] gz sim still alive (1 procs), force-killing PGIDs (attempt 2/5)...
[SIM] gz sim still alive (1 procs), force-killing PGIDs (attempt 3/5)...
[SIM] gz sim still alive (1 procs), force-killing PGIDs (attempt 4/5)...
[SIM] gz sim still alive (1 procs), force-killing PGIDs (attempt 5/5)...
[SIM][WARNING] Could not kill all gz sim processes — proceeding anyway
[SIM] Waiting for Gazebo (180s)...
[SIM] Gazebo started successfully
[SIM] robot_state_publisher: running
[SIM] Starting odom relay (odom_real → odom)...
[SIM] Odom relay started
[SIM] Starting scan relay (scan_real → scan)...
[SIM] Scan relay started, verifying /scan topic...
[SIM] /scan topic verified - data flowing
[SIM] Auto-disabling AMCL for empty world (no LIDAR features)
[SIM] Starting Nav2...
[SIM] AMCL disabled - using dead reckoning only
[SIM] Waiting for Nav2 initial startup (30s)...
[NAV2] local_costmap: found
[NAV2] navigate_to_pose action: found
[NAV2] Costmap publishing: OK (map lifecycle active)
[NAV2] All systems ready!
[SIM] Final verification: checking navigate_to_pose action...
[SIM] Nav2 started successfully and action server verified!
[SIM] Starting geofence with method: no_guard, params: {}, comm_latency_ms: 0
[SIM] Waiting for geofence (20s)...
[SIM] Geofence started with method: no_guard (cmd_vel_guard: False)
[SIM] cmd_vel_guard disabled, starting cmd_vel relay for navigation...
[SIM] Starting cmd_vel relay (cmd_vel_nav → cmd_vel)...
[SIM] cmd_vel relay started
[2026-04-04 15:56:47] 
Trial 38/80: S3_no_guard_clip_boundary_s7
[2026-04-04 15:56:47]   Goal: (7.00, 1.20)
[2026-04-04 15:56:47]   Goal beyond zone - path clips zone upper boundary (1.83m crossing)
[2026-04-04 15:56:47]   Comm latency: 50ms
[2026-04-04 15:56:47] [RESET] Resetting robot pose to origin...
[RESET] Teleporting robot to (0.0, 0.0, θ=0.0)
[RESET] Cancelling any active navigation goals...
[RESET] Stopping robot movement...
The daemon has been started
The daemon has been started
[RESET] Waiting for TF to stabilize...
[RESET] AMCL disabled, correcting map→odom TF after teleport...
[RESET] Odom at (-0.00, -0.00, yaw=0.0°), target (0.00, 0.00, yaw=0.0°)
[RESET] TF correction: tx=0.000, ty=-0.000, yaw=-0.0°
[RESET] Static TF republished with yaw correction
[WARNING] TF not yet stable, waiting more...
[RESET] Robot pose reset complete
[2026-04-04 15:58:00] [VIOLATION] Robot entered forbidden zone(s): forbidden_zone (79 samples, 12.92s)
[2026-04-04 15:58:00]   Result: allow (FAIL)
[2026-04-04 15:58:00]   Reason: Goal reached successfully (dist=0.10m)
[2026-04-04 15:58:00]   Time: 73.1s
[2026-04-04 15:58:00]   Robot moved: True, path_min_dist: 0.00m
[2026-04-04 15:58:00] [HEALTH] Pre-trial restart (every 1 trials, world=empty.sdf)...
[SIM] Stopping all processes...
[CLEANUP] Starting process cleanup...
[CLEANUP] Complete (killed 1 process groups)
[SIM] All processes stopped
[CLEANUP] Starting process cleanup...
[CLEANUP] Complete (killed 0 process groups)
[DEBUG] restart_with_method called: method=no_guard, params={}, world=empty.sdf, guard=False
[SIM] Full restart for method: no_guard (world: empty.sdf)
[SIM] Stopping all processes...
[CLEANUP] Starting process cleanup...
[CLEANUP] Complete (killed 0 process groups)
[SIM] All processes stopped
[SIM] Starting Gazebo...
[CLEANUP] Starting process cleanup...
[CLEANUP] Complete (killed 0 process groups)
[SIM] gz sim still alive (1 procs), force-killing PGIDs (attempt 1/5)...
[SIM] gz sim still alive (1 procs), force-killing PGIDs (attempt 2/5)...
[SIM] gz sim still alive (1 procs), force-killing PGIDs (attempt 3/5)...
[SIM] gz sim still alive (1 procs), force-killing PGIDs (attempt 4/5)...
[SIM] gz sim still alive (1 procs), force-killing PGIDs (attempt 5/5)...
[SIM][WARNING] Could not kill all gz sim processes — proceeding anyway
[SIM] Waiting for Gazebo (180s)...
[SIM] Gazebo started successfully
[SIM] robot_state_publisher: running
[SIM] Starting odom relay (odom_real → odom)...
[SIM] Odom relay started
[SIM] Starting scan relay (scan_real → scan)...
[SIM] Scan relay started, verifying /scan topic...
[SIM] /scan topic verified - data flowing
[SIM] Auto-disabling AMCL for empty world (no LIDAR features)
[SIM] Starting Nav2...
[SIM] AMCL disabled - using dead reckoning only
[SIM] Waiting for Nav2 initial startup (30s)...
[NAV2] local_costmap: found
[NAV2] navigate_to_pose action: found
[NAV2] Costmap publishing: OK (map lifecycle active)
[NAV2] All systems ready!
[SIM] Final verification: checking navigate_to_pose action...
[SIM] Nav2 started successfully and action server verified!
[SIM] Starting geofence with method: no_guard, params: {}, comm_latency_ms: 0
[SIM] Waiting for geofence (20s)...
[SIM] Geofence started with method: no_guard (cmd_vel_guard: False)
[SIM] cmd_vel_guard disabled, starting cmd_vel relay for navigation...
[SIM] Starting cmd_vel relay (cmd_vel_nav → cmd_vel)...
[SIM] cmd_vel relay started
[2026-04-04 16:00:14] 
Trial 39/80: S3_no_guard_clip_boundary_s8
[2026-04-04 16:00:14]   Goal: (7.00, 1.20)
[2026-04-04 16:00:14]   Goal beyond zone - path clips zone upper boundary (1.83m crossing)
[2026-04-04 16:00:14]   Comm latency: 100ms
[2026-04-04 16:00:14] [RESET] Resetting robot pose to origin...
[RESET] Teleporting robot to (0.0, 0.0, θ=0.0)
[RESET] Cancelling any active navigation goals...
[RESET] Stopping robot movement...
[RESET] Waiting for TF to stabilize...
[RESET] AMCL disabled, correcting map→odom TF after teleport...
[RESET] Odom at (-0.00, -0.00, yaw=0.0°), target (0.00, 0.00, yaw=0.0°)
[RESET] TF correction: tx=0.000, ty=-0.000, yaw=-0.0°
[RESET] Static TF republished with yaw correction
[RESET] Robot pose reset complete
[2026-04-04 16:01:46] [VIOLATION] Robot entered forbidden zone(s): forbidden_zone (133 samples, 21.57s)
[2026-04-04 16:01:46]   Result: allow (FAIL)
[2026-04-04 16:01:46]   Reason: Goal reached successfully (dist=0.08m)
[2026-04-04 16:01:46]   Time: 92.4s
[2026-04-04 16:01:46]   Robot moved: True, path_min_dist: 0.00m
[2026-04-04 16:01:46] [HEALTH] Pre-trial restart (every 1 trials, world=empty.sdf)...
[SIM] Stopping all processes...
[CLEANUP] Starting process cleanup...
[CLEANUP] Complete (killed 1 process groups)
[SIM] All processes stopped
[CLEANUP] Starting process cleanup...
[CLEANUP] Complete (killed 0 process groups)
[DEBUG] restart_with_method called: method=no_guard, params={}, world=empty.sdf, guard=False
[SIM] Full restart for method: no_guard (world: empty.sdf)
[SIM] Stopping all processes...
[CLEANUP] Starting process cleanup...
[CLEANUP] Complete (killed 0 process groups)
[SIM] All processes stopped
[SIM] Starting Gazebo...
[CLEANUP] Starting process cleanup...
[CLEANUP] Complete (killed 0 process groups)
[SIM] gz sim still alive (1 procs), force-killing PGIDs (attempt 1/5)...
[SIM] gz sim still alive (1 procs), force-killing PGIDs (attempt 2/5)...
[SIM] gz sim still alive (1 procs), force-killing PGIDs (attempt 3/5)...
[SIM] gz sim still alive (1 procs), force-killing PGIDs (attempt 4/5)...
[SIM] gz sim still alive (1 procs), force-killing PGIDs (attempt 5/5)...
[SIM][WARNING] Could not kill all gz sim processes — proceeding anyway
[SIM] Waiting for Gazebo (180s)...
[SIM] Gazebo started successfully
[SIM] robot_state_publisher: running
[SIM] Starting odom relay (odom_real → odom)...
[SIM] Odom relay started
[SIM] Starting scan relay (scan_real → scan)...
[SIM] Scan relay started, verifying /scan topic...
[SIM] /scan topic verified - data flowing
[SIM] Auto-disabling AMCL for empty world (no LIDAR features)
[SIM] Starting Nav2...
[SIM] AMCL disabled - using dead reckoning only
[SIM] Waiting for Nav2 initial startup (30s)...
[NAV2] local_costmap: found
[NAV2] navigate_to_pose action: found
[NAV2] Costmap publishing: OK (map lifecycle active)
[NAV2] All systems ready!
[SIM] Final verification: checking navigate_to_pose action...
[SIM] Nav2 started successfully and action server verified!
[SIM] Starting geofence with method: no_guard, params: {}, comm_latency_ms: 0
[SIM] Waiting for geofence (20s)...
[SIM] Geofence started with method: no_guard (cmd_vel_guard: False)
[SIM] cmd_vel_guard disabled, starting cmd_vel relay for navigation...
[SIM] Starting cmd_vel relay (cmd_vel_nav → cmd_vel)...
[SIM] cmd_vel relay started
[2026-04-04 16:04:00] 
Trial 40/80: S3_no_guard_clip_boundary_s9
[2026-04-04 16:04:00]   Goal: (7.00, 1.20)
[2026-04-04 16:04:00]   Goal beyond zone - path clips zone upper boundary (1.83m crossing)
[2026-04-04 16:04:00] [RESET] Resetting robot pose to origin...
[RESET] Teleporting robot to (0.0, 0.0, θ=0.0)
[RESET] Cancelling any active navigation goals...
[RESET] Stopping robot movement...
[RESET] Waiting for TF to stabilize...
[RESET] AMCL disabled, correcting map→odom TF after teleport...
[RESET] Odom at (-0.00, -0.00, yaw=0.0°), target (0.00, 0.00, yaw=0.0°)
[RESET] TF correction: tx=0.000, ty=-0.000, yaw=-0.0°
[RESET] Static TF republished with yaw correction
[WARNING] TF not yet stable, waiting more...
[RESET] Robot pose reset complete
[2026-04-04 16:05:20] [VIOLATION] Robot entered forbidden zone(s): forbidden_zone (98 samples, 15.95s)
[2026-04-04 16:05:20]   Result: allow (FAIL)
[2026-04-04 16:05:20]   Reason: Goal reached successfully (dist=0.05m)
[2026-04-04 16:05:20]   Time: 79.6s
[2026-04-04 16:05:20]   Robot moved: True, path_min_dist: 0.00m
[CHECKPOINT] Saved at trial 40/80
[2026-04-04 16:05:20] [HEALTH] Pre-trial restart (every 1 trials, world=empty.sdf)...
[SIM] Stopping all processes...
[CLEANUP] Starting process cleanup...
[CLEANUP] Complete (killed 1 process groups)
[SIM] All processes stopped
[CLEANUP] Starting process cleanup...
[CLEANUP] Complete (killed 0 process groups)
[DEBUG] restart_with_method called: method=no_guard, params={}, world=empty.sdf, guard=False
[SIM] Full restart for method: no_guard (world: empty.sdf)
[SIM] Stopping all processes...
[CLEANUP] Starting process cleanup...
[CLEANUP] Complete (killed 0 process groups)
[SIM] All processes stopped
[SIM] Starting Gazebo...
[CLEANUP] Starting process cleanup...
[CLEANUP] Complete (killed 0 process groups)
[SIM] gz sim still alive (1 procs), force-killing PGIDs (attempt 1/5)...
The daemon has been started
The daemon has been started
The daemon has been started
[SIM] gz sim still alive (1 procs), force-killing PGIDs (attempt 2/5)...
[SIM] gz sim still alive (1 procs), force-killing PGIDs (attempt 3/5)...
[SIM] gz sim still alive (1 procs), force-killing PGIDs (attempt 4/5)...
[SIM] gz sim still alive (1 procs), force-killing PGIDs (attempt 5/5)...
[SIM][WARNING] Could not kill all gz sim processes — proceeding anyway
[SIM] Waiting for Gazebo (180s)...
[SIM] Gazebo started successfully
[SIM] robot_state_publisher: running
[SIM] Starting odom relay (odom_real → odom)...
[SIM] Odom relay started
[SIM] Starting scan relay (scan_real → scan)...
[SIM] Scan relay started, verifying /scan topic...
[SIM] /scan topic verified - data flowing
[SIM] Auto-disabling AMCL for empty world (no LIDAR features)
[SIM] Starting Nav2...
[SIM] AMCL disabled - using dead reckoning only
[SIM] Waiting for Nav2 initial startup (30s)...
[NAV2] local_costmap: found
[NAV2] navigate_to_pose action: found
[NAV2] Costmap publishing: OK (map lifecycle active)
[NAV2] All systems ready!
[SIM] Final verification: checking navigate_to_pose action...
[SIM] Nav2 started successfully and action server verified!
[SIM] Starting geofence with method: no_guard, params: {}, comm_latency_ms: 0
[SIM] Waiting for geofence (20s)...
[SIM] Geofence started with method: no_guard (cmd_vel_guard: False)
[SIM] cmd_vel_guard disabled, starting cmd_vel relay for navigation...
[SIM] Starting cmd_vel relay (cmd_vel_nav → cmd_vel)...
[SIM] cmd_vel relay started
[2026-04-04 16:07:34] 
Trial 41/80: S3_no_guard_graze_boundary_s5
[2026-04-04 16:07:34]   Goal: (7.00, 1.60)
[2026-04-04 16:07:34]   Goal beyond zone - path barely grazes zone boundary (0.38m crossing)
[2026-04-04 16:07:34]   Comm latency: 100ms
[2026-04-04 16:07:34] [RESET] Resetting robot pose to origin...
[RESET] Teleporting robot to (0.0, 0.0, θ=0.0)
[RESET] Cancelling any active navigation goals...
[RESET] Stopping robot movement...
[RESET] Waiting for TF to stabilize...
[RESET] AMCL disabled, correcting map→odom TF after teleport...
[RESET] Odom at (-0.00, -0.00, yaw=0.0°), target (0.00, 0.00, yaw=0.0°)
[RESET] TF correction: tx=0.000, ty=-0.000, yaw=-0.0°
[RESET] Static TF republished with yaw correction
[RESET] Robot pose reset complete
[2026-04-04 16:08:48] [VIOLATION] Robot entered forbidden zone(s): forbidden_zone (72 samples, 11.76s)
[2026-04-04 16:08:48]   Result: allow (FAIL)
[2026-04-04 16:08:48]   Reason: Goal reached successfully (dist=0.19m)
[2026-04-04 16:08:48]   Time: 74.6s
[2026-04-04 16:08:48]   Robot moved: True, path_min_dist: 0.00m
[2026-04-04 16:08:48] [HEALTH] Periodic health check...
[2026-04-04 16:08:48] [HEALTH] Load: 6.5, Memory: 17.9%
[NAV2] local_costmap: found
[NAV2] navigate_to_pose action: found
[2026-04-04 16:08:49] [HEALTH] Pre-trial restart (every 1 trials, world=empty.sdf)...
[SIM] Stopping all processes...
[CLEANUP] Starting process cleanup...
[CLEANUP] Complete (killed 1 process groups)
[SIM] All processes stopped
[CLEANUP] Starting process cleanup...
[CLEANUP] Complete (killed 0 process groups)
[DEBUG] restart_with_method called: method=no_guard, params={}, world=empty.sdf, guard=False
[SIM] Full restart for method: no_guard (world: empty.sdf)
[SIM] Stopping all processes...
[CLEANUP] Starting process cleanup...
[CLEANUP] Complete (killed 0 process groups)
[SIM] All processes stopped
[SIM] Starting Gazebo...
[CLEANUP] Starting process cleanup...
[CLEANUP] Complete (killed 0 process groups)
[SIM] gz sim still alive (1 procs), force-killing PGIDs (attempt 1/5)...
[SIM] gz sim still alive (1 procs), force-killing PGIDs (attempt 2/5)...
[SIM] gz sim still alive (1 procs), force-killing PGIDs (attempt 3/5)...
[SIM] gz sim still alive (1 procs), force-killing PGIDs (attempt 4/5)...
[SIM] gz sim still alive (1 procs), force-killing PGIDs (attempt 5/5)...
[SIM][WARNING] Could not kill all gz sim processes — proceeding anyway
[SIM] Waiting for Gazebo (180s)...
[SIM] Gazebo started successfully
[SIM] robot_state_publisher: running
[SIM] Starting odom relay (odom_real → odom)...
[SIM] Odom relay started
[SIM] Starting scan relay (scan_real → scan)...
[SIM] Scan relay started, verifying /scan topic...
[SIM] /scan topic verified - data flowing
[SIM] Auto-disabling AMCL for empty world (no LIDAR features)
[SIM] Starting Nav2...
[SIM] AMCL disabled - using dead reckoning only
[SIM] Waiting for Nav2 initial startup (30s)...
[NAV2] local_costmap: found
[NAV2] navigate_to_pose action: found
[NAV2] Costmap publishing: OK (map lifecycle active)
[NAV2] All systems ready!
[SIM] Final verification: checking navigate_to_pose action...
[SIM] Nav2 started successfully and action server verified!
[SIM] Starting geofence with method: no_guard, params: {}, comm_latency_ms: 0
[SIM] Waiting for geofence (20s)...
[SIM] Geofence started with method: no_guard (cmd_vel_guard: False)
[SIM] cmd_vel_guard disabled, starting cmd_vel relay for navigation...
[SIM] Starting cmd_vel relay (cmd_vel_nav → cmd_vel)...
[SIM] cmd_vel relay started
[2026-04-04 16:11:03] 
Trial 42/80: S3_no_guard_graze_boundary_s6
[2026-04-04 16:11:03]   Goal: (7.00, 1.60)
[2026-04-04 16:11:03]   Goal beyond zone - path barely grazes zone boundary (0.38m crossing)
[2026-04-04 16:11:03] [RESET] Resetting robot pose to origin...
[RESET] Teleporting robot to (0.0, 0.0, θ=0.0)
[RESET] Cancelling any active navigation goals...
[RESET] Stopping robot movement...
[RESET] Waiting for TF to stabilize...
[RESET] AMCL disabled, correcting map→odom TF after teleport...
[RESET] Odom at (-0.00, -0.00, yaw=0.0°), target (0.00, 0.00, yaw=0.0°)
[RESET] TF correction: tx=0.000, ty=-0.000, yaw=-0.0°
[RESET] Static TF republished with yaw correction
[RESET] Robot pose reset complete
[2026-04-04 16:12:16] [VIOLATION] Robot entered forbidden zone(s): forbidden_zone (79 samples, 12.95s)
[2026-04-04 16:12:16]   Result: allow (FAIL)
[2026-04-04 16:12:16]   Reason: Goal reached successfully (dist=0.14m)
[2026-04-04 16:12:16]   Time: 73.4s
[2026-04-04 16:12:16]   Robot moved: True, path_min_dist: 0.00m
[2026-04-04 16:12:16] [HEALTH] Pre-trial restart (every 1 trials, world=empty.sdf)...
[SIM] Stopping all processes...
[CLEANUP] Starting process cleanup...
[CLEANUP] Complete (killed 1 process groups)
[SIM] All processes stopped
[CLEANUP] Starting process cleanup...
[CLEANUP] Complete (killed 0 process groups)
[DEBUG] restart_with_method called: method=no_guard, params={}, world=empty.sdf, guard=False
[SIM] Full restart for method: no_guard (world: empty.sdf)
[SIM] Stopping all processes...
[CLEANUP] Starting process cleanup...
[CLEANUP] Complete (killed 0 process groups)
[SIM] All processes stopped
[SIM] Starting Gazebo...
[CLEANUP] Starting process cleanup...
[CLEANUP] Complete (killed 0 process groups)
[SIM] gz sim still alive (1 procs), force-killing PGIDs (attempt 1/5)...
[SIM] gz sim still alive (1 procs), force-killing PGIDs (attempt 2/5)...
[SIM] gz sim still alive (1 procs), force-killing PGIDs (attempt 3/5)...
[SIM] gz sim still alive (1 procs), force-killing PGIDs (attempt 4/5)...
[SIM] gz sim still alive (1 procs), force-killing PGIDs (attempt 5/5)...
[SIM][WARNING] Could not kill all gz sim processes — proceeding anyway
[SIM] Waiting for Gazebo (180s)...
[SIM] Gazebo started successfully
[SIM] robot_state_publisher: running
[SIM] Starting odom relay (odom_real → odom)...
[SIM] Odom relay started
[SIM] Starting scan relay (scan_real → scan)...
[SIM] Scan relay started, verifying /scan topic...
[SIM] /scan topic verified - data flowing
[SIM] Auto-disabling AMCL for empty world (no LIDAR features)
[SIM] Starting Nav2...
[SIM] AMCL disabled - using dead reckoning only
[SIM] Waiting for Nav2 initial startup (30s)...
[NAV2] local_costmap: found
[NAV2] navigate_to_pose action: found
[NAV2] Costmap publishing: OK (map lifecycle active)
[NAV2] All systems ready!
[SIM] Final verification: checking navigate_to_pose action...
[SIM] Nav2 started successfully and action server verified!
[SIM] Starting geofence with method: no_guard, params: {}, comm_latency_ms: 0
[SIM] Waiting for geofence (20s)...
[SIM] Geofence started with method: no_guard (cmd_vel_guard: False)
The daemon has been started
The daemon has been started
[SIM] cmd_vel_guard disabled, starting cmd_vel relay for navigation...
[SIM] Starting cmd_vel relay (cmd_vel_nav → cmd_vel)...
[SIM] cmd_vel relay started
[2026-04-04 16:14:30] 
Trial 43/80: S3_no_guard_graze_boundary_s7
[2026-04-04 16:14:30]   Goal: (7.00, 1.60)
[2026-04-04 16:14:30]   Goal beyond zone - path barely grazes zone boundary (0.38m crossing)
[2026-04-04 16:14:30]   Comm latency: 50ms
[2026-04-04 16:14:30] [RESET] Resetting robot pose to origin...
[RESET] Teleporting robot to (0.0, 0.0, θ=0.0)
[RESET] Cancelling any active navigation goals...
[RESET] Stopping robot movement...
[RESET] Waiting for TF to stabilize...
[RESET] AMCL disabled, correcting map→odom TF after teleport...
[RESET] Odom at (-0.00, -0.00, yaw=0.0°), target (0.00, 0.00, yaw=0.0°)
[RESET] TF correction: tx=0.000, ty=-0.000, yaw=-0.0°
[RESET] Static TF republished with yaw correction
[RESET] Robot pose reset complete
[2026-04-04 16:15:43] [VIOLATION] Robot entered forbidden zone(s): forbidden_zone (69 samples, 11.40s)
[2026-04-04 16:15:43]   Result: allow (FAIL)
[2026-04-04 16:15:43]   Reason: Goal reached successfully (dist=0.02m)
[2026-04-04 16:15:43]   Time: 73.1s
[2026-04-04 16:15:43]   Robot moved: True, path_min_dist: 0.00m
[2026-04-04 16:15:43] [HEALTH] Pre-trial restart (every 1 trials, world=empty.sdf)...
[SIM] Stopping all processes...
[CLEANUP] Starting process cleanup...
[CLEANUP] Complete (killed 1 process groups)
[SIM] All processes stopped
[CLEANUP] Starting process cleanup...
[CLEANUP] Complete (killed 0 process groups)
[DEBUG] restart_with_method called: method=no_guard, params={}, world=empty.sdf, guard=False
[SIM] Full restart for method: no_guard (world: empty.sdf)
[SIM] Stopping all processes...
[CLEANUP] Starting process cleanup...
[CLEANUP] Complete (killed 0 process groups)
[SIM] All processes stopped
[SIM] Starting Gazebo...
[CLEANUP] Starting process cleanup...
[CLEANUP] Complete (killed 0 process groups)
[SIM] gz sim still alive (1 procs), force-killing PGIDs (attempt 1/5)...
[SIM] gz sim still alive (1 procs), force-killing PGIDs (attempt 2/5)...
[SIM] gz sim still alive (1 procs), force-killing PGIDs (attempt 3/5)...
[SIM] gz sim still alive (1 procs), force-killing PGIDs (attempt 4/5)...
[SIM] gz sim still alive (1 procs), force-killing PGIDs (attempt 5/5)...
[SIM][WARNING] Could not kill all gz sim processes — proceeding anyway
[SIM] Waiting for Gazebo (180s)...
[SIM] Gazebo started successfully
[SIM] robot_state_publisher: running
[SIM] Starting odom relay (odom_real → odom)...
[SIM] Odom relay started
[SIM] Starting scan relay (scan_real → scan)...
[SIM] Scan relay started, verifying /scan topic...
[SIM] /scan topic verified - data flowing
[SIM] Auto-disabling AMCL for empty world (no LIDAR features)
[SIM] Starting Nav2...
[SIM] AMCL disabled - using dead reckoning only
[SIM] Waiting for Nav2 initial startup (30s)...
[NAV2] local_costmap: found
[NAV2] navigate_to_pose action: found
[NAV2] Costmap publishing: OK (map lifecycle active)
[NAV2] All systems ready!
[SIM] Final verification: checking navigate_to_pose action...
[SIM] Nav2 started successfully and action server verified!
[SIM] Starting geofence with method: no_guard, params: {}, comm_latency_ms: 0
[SIM] Waiting for geofence (20s)...
[SIM] Geofence started with method: no_guard (cmd_vel_guard: False)
[SIM] cmd_vel_guard disabled, starting cmd_vel relay for navigation...
[SIM] Starting cmd_vel relay (cmd_vel_nav → cmd_vel)...
[SIM] cmd_vel relay started
[2026-04-04 16:17:57] 
Trial 44/80: S3_no_guard_graze_boundary_s8
[2026-04-04 16:17:57]   Goal: (7.00, 1.60)
[2026-04-04 16:17:57]   Goal beyond zone - path barely grazes zone boundary (0.38m crossing)
[2026-04-04 16:17:57]   Comm latency: 100ms
[2026-04-04 16:17:57] [RESET] Resetting robot pose to origin...
[RESET] Teleporting robot to (0.0, 0.0, θ=0.0)
[RESET] Cancelling any active navigation goals...
[RESET] Stopping robot movement...
[RESET] Waiting for TF to stabilize...
[RESET] AMCL disabled, correcting map→odom TF after teleport...
[RESET] Odom at (-0.00, -0.00, yaw=0.0°), target (0.00, 0.00, yaw=0.0°)
[RESET] TF correction: tx=0.000, ty=-0.000, yaw=-0.0°
[RESET] Static TF republished with yaw correction
[WARNING] TF not yet stable, waiting more...
[RESET] Robot pose reset complete
[2026-04-04 16:19:53] [VIOLATION] Robot entered forbidden zone(s): forbidden_zone (241 samples, 39.44s)
[2026-04-04 16:19:53]   Result: allow (FAIL)
[2026-04-04 16:19:53]   Reason: Goal reached successfully (dist=0.15m)
[2026-04-04 16:19:53]   Time: 115.5s
[2026-04-04 16:19:53]   Robot moved: True, path_min_dist: 0.00m
[2026-04-04 16:19:53] [HEALTH] Pre-trial restart (every 1 trials, world=empty.sdf)...
[SIM] Stopping all processes...
[CLEANUP] Starting process cleanup...
[CLEANUP] Complete (killed 1 process groups)
[SIM] All processes stopped
[CLEANUP] Starting process cleanup...
[CLEANUP] Complete (killed 0 process groups)
[DEBUG] restart_with_method called: method=no_guard, params={}, world=empty.sdf, guard=False
[SIM] Full restart for method: no_guard (world: empty.sdf)
[SIM] Stopping all processes...
[CLEANUP] Starting process cleanup...
[CLEANUP] Complete (killed 0 process groups)
[SIM] All processes stopped
[SIM] Starting Gazebo...
[CLEANUP] Starting process cleanup...
[CLEANUP] Complete (killed 0 process groups)
[SIM] gz sim still alive (1 procs), force-killing PGIDs (attempt 1/5)...
[SIM] gz sim still alive (1 procs), force-killing PGIDs (attempt 2/5)...
[SIM] gz sim still alive (1 procs), force-killing PGIDs (attempt 3/5)...
[SIM] gz sim still alive (1 procs), force-killing PGIDs (attempt 4/5)...
[SIM] gz sim still alive (1 procs), force-killing PGIDs (attempt 5/5)...
[SIM][WARNING] Could not kill all gz sim processes — proceeding anyway
[SIM] Waiting for Gazebo (180s)...
[SIM] Gazebo started successfully
[SIM] robot_state_publisher: running
[SIM] Starting odom relay (odom_real → odom)...
[SIM] Odom relay started
[SIM] Starting scan relay (scan_real → scan)...
[SIM] Scan relay started, verifying /scan topic...
[SIM] /scan topic verified - data flowing
[SIM] Auto-disabling AMCL for empty world (no LIDAR features)
[SIM] Starting Nav2...
[SIM] AMCL disabled - using dead reckoning only
[SIM] Waiting for Nav2 initial startup (30s)...
[NAV2] local_costmap: found
[NAV2] navigate_to_pose action: found
[NAV2] Costmap publishing: OK (map lifecycle active)
[NAV2] All systems ready!
[SIM] Final verification: checking navigate_to_pose action...
[SIM] Nav2 started successfully and action server verified!
[SIM] Starting geofence with method: no_guard, params: {}, comm_latency_ms: 0
[SIM] Waiting for geofence (20s)...
[SIM] Geofence started with method: no_guard (cmd_vel_guard: False)
[SIM] cmd_vel_guard disabled, starting cmd_vel relay for navigation...
[SIM] Starting cmd_vel relay (cmd_vel_nav → cmd_vel)...
[SIM] cmd_vel relay started
[2026-04-04 16:22:07] 
Trial 45/80: S3_no_guard_graze_boundary_s9
[2026-04-04 16:22:07]   Goal: (7.00, 1.60)
[2026-04-04 16:22:07]   Goal beyond zone - path barely grazes zone boundary (0.38m crossing)
[2026-04-04 16:22:07] [RESET] Resetting robot pose to origin...
[RESET] Teleporting robot to (0.0, 0.0, θ=0.0)
[RESET] Cancelling any active navigation goals...
[RESET] Stopping robot movement...
[RESET] Waiting for TF to stabilize...
[RESET] AMCL disabled, correcting map→odom TF after teleport...
[RESET] Odom at (-0.00, -0.00, yaw=0.0°), target (0.00, 0.00, yaw=0.0°)
[RESET] TF correction: tx=0.000, ty=-0.000, yaw=-0.0°
[RESET] Static TF republished with yaw correction
[RESET] Robot pose reset complete
[2026-04-04 16:23:24] [VIOLATION] Robot entered forbidden zone(s): forbidden_zone (69 samples, 11.11s)
[2026-04-04 16:23:24]   Result: allow (FAIL)
[2026-04-04 16:23:24]   Reason: Goal reached successfully (dist=0.23m)
[2026-04-04 16:23:24]   Time: 77.6s
[2026-04-04 16:23:24]   Robot moved: True, path_min_dist: 0.00m
[CHECKPOINT] Saved at trial 45/80
[2026-04-04 16:23:24] [SCENARIO] Changed from S3 to S4, recovering Nav2...
[RECOVER] Attempting Nav2 recovery...
[SIM] Auto-disabling AMCL for empty world (no LIDAR features)
[SIM] Starting Nav2...
The daemon has been started
The daemon has been started
[SIM] AMCL disabled - using dead reckoning only
[SIM] Waiting for Nav2 initial startup (30s)...
[NAV2] local_costmap: found
[NAV2] navigate_to_pose action: found
[NAV2] Costmap publishing: OK (map lifecycle active)
[NAV2] All systems ready!
[SIM] Final verification: checking navigate_to_pose action...
[SIM] Nav2 started successfully and action server verified!
[SIM] Starting geofence with method: no_guard, params: {}, comm_latency_ms: 0
[SIM] Waiting for geofence (20s)...
[SIM] Geofence started with method: no_guard (cmd_vel_guard: False)
[SIM] cmd_vel_guard disabled, starting cmd_vel relay for navigation...
[SIM] Starting cmd_vel relay (cmd_vel_nav → cmd_vel)...
[SIM] cmd_vel relay started
[RECOVER] Nav2 recovery successful
[2026-04-04 16:24:32] [HEALTH] Pre-trial restart (every 1 trials, world=empty.sdf)...
[SIM] Stopping all processes...
[CLEANUP] Starting process cleanup...
[CLEANUP] Complete (killed 1 process groups)
[SIM] All processes stopped
[CLEANUP] Starting process cleanup...
[CLEANUP] Complete (killed 0 process groups)
[DEBUG] restart_with_method called: method=no_guard, params={}, world=empty.sdf, guard=False
[SIM] Full restart for method: no_guard (world: empty.sdf)
[SIM] Stopping all processes...
[CLEANUP] Starting process cleanup...
[CLEANUP] Complete (killed 0 process groups)
[SIM] All processes stopped
[SIM] Starting Gazebo...
[CLEANUP] Starting process cleanup...
[CLEANUP] Complete (killed 0 process groups)
[SIM] gz sim still alive (1 procs), force-killing PGIDs (attempt 1/5)...
[SIM] gz sim still alive (1 procs), force-killing PGIDs (attempt 2/5)...
[SIM] gz sim still alive (1 procs), force-killing PGIDs (attempt 3/5)...
[SIM] gz sim still alive (1 procs), force-killing PGIDs (attempt 4/5)...
[SIM] gz sim still alive (1 procs), force-killing PGIDs (attempt 5/5)...
[SIM][WARNING] Could not kill all gz sim processes — proceeding anyway
[SIM] Waiting for Gazebo (180s)...
[SIM] Gazebo started successfully
[SIM] robot_state_publisher: running
[SIM] Starting odom relay (odom_real → odom)...
[SIM] Odom relay started
[SIM] Starting scan relay (scan_real → scan)...
[SIM] Scan relay started, verifying /scan topic...
[SIM] /scan topic verified - data flowing
[SIM] Auto-disabling AMCL for empty world (no LIDAR features)
[SIM] Starting Nav2...
[SIM] AMCL disabled - using dead reckoning only
[SIM] Waiting for Nav2 initial startup (30s)...
[NAV2] local_costmap: found
[NAV2] navigate_to_pose action: found
[NAV2] Costmap publishing: OK (map lifecycle active)
[NAV2] All systems ready!
[SIM] Final verification: checking navigate_to_pose action...
[SIM] Nav2 started successfully and action server verified!
[SIM] Starting geofence with method: no_guard, params: {}, comm_latency_ms: 0
[SIM] Waiting for geofence (20s)...
[SIM] Geofence started with method: no_guard (cmd_vel_guard: False)
[SIM] cmd_vel_guard disabled, starting cmd_vel relay for navigation...
[SIM] Starting cmd_vel relay (cmd_vel_nav → cmd_vel)...
[SIM] cmd_vel relay started
[2026-04-04 16:26:49] 
Trial 46/80: S4_no_guard_direct_to_zone_s5
[2026-04-04 16:26:49]   Goal: (2.00, 0.00)
[2026-04-04 16:26:49]   Unauthorized cmd_vel injection: drive to zone (5,0) without goal approval
[2026-04-04 16:26:49]   Comm latency: 100ms
[2026-04-04 16:26:49] [RESET] Resetting robot pose to origin...
[RESET] Teleporting robot to (0.0, 0.0, θ=0.0)
[RESET] Cancelling any active navigation goals...
[RESET] Stopping robot movement...
[RESET] Waiting for TF to stabilize...
[RESET] AMCL disabled, correcting map→odom TF after teleport...
[RESET] Odom at (-0.00, -0.00, yaw=0.0°), target (0.00, 0.00, yaw=0.0°)
[RESET] TF correction: tx=0.000, ty=-0.000, yaw=-0.0°
[RESET] Static TF republished with yaw correction
[RESET] Robot pose reset complete
[2026-04-04 16:27:20] [S4] Sending safe goal (2.0, 0.0) (direct_control mode)...
[2026-04-04 16:27:31] [S4] Goal approved! Cancelling Nav2 and taking direct control...
[2026-04-04 16:27:33] [S4] Stopping relay for direct attack (bypassing collision_monitor loop)
[2026-04-04 16:27:33] [S4] Starting direct_control attack (target=(5.0, 0.0), topic=/cmd_vel)
[ATTACK] Starting direct_control attack with target=(5.0, 0.0)
[ATTACK] Using rotate-then-drive velocity injection
[ATTACK] direct_control attack started successfully
[2026-04-04 16:27:36] [S4] Attack running - driving to (5.0, 0.0)...
[2026-04-04 16:28:21] [S4] Stopping direct_control attack
[2026-04-04 16:28:21] [S4] ZONE VIOLATION DETECTED! Count: 26
[2026-04-04 16:28:21] [S4] Stopping direct_control attack
[2026-04-04 16:28:22]   Result: violation (FAIL)
[2026-04-04 16:28:22]   Reason: Direct control caused 26 zone violations
[2026-04-04 16:28:22]   Time: 92.5s
[2026-04-04 16:28:22]   Robot moved: True, path_min_dist: 0.00m
[2026-04-04 16:28:22] [HEALTH] Pre-trial restart (every 1 trials, world=empty.sdf)...
[SIM] Stopping all processes...
[CLEANUP] Starting process cleanup...
[CLEANUP] Complete (killed 1 process groups)
[SIM] All processes stopped
[CLEANUP] Starting process cleanup...
[CLEANUP] Complete (killed 0 process groups)
[DEBUG] restart_with_method called: method=no_guard, params={}, world=empty.sdf, guard=False
[SIM] Full restart for method: no_guard (world: empty.sdf)
[SIM] Stopping all processes...
[CLEANUP] Starting process cleanup...
[CLEANUP] Complete (killed 0 process groups)
[SIM] All processes stopped
[SIM] Starting Gazebo...
[CLEANUP] Starting process cleanup...
[CLEANUP] Complete (killed 0 process groups)
[SIM] gz sim still alive (1 procs), force-killing PGIDs (attempt 1/5)...
[SIM] gz sim still alive (1 procs), force-killing PGIDs (attempt 2/5)...
[SIM] gz sim still alive (1 procs), force-killing PGIDs (attempt 3/5)...
[SIM] gz sim still alive (1 procs), force-killing PGIDs (attempt 4/5)...
[SIM] gz sim still alive (1 procs), force-killing PGIDs (attempt 5/5)...
[SIM][WARNING] Could not kill all gz sim processes — proceeding anyway
[SIM] Waiting for Gazebo (180s)...
[SIM] Gazebo started successfully
[SIM] robot_state_publisher: running
[SIM] Starting odom relay (odom_real → odom)...
[SIM] Odom relay started
[SIM] Starting scan relay (scan_real → scan)...
[SIM] Scan relay started, verifying /scan topic...
[SIM] /scan topic verified - data flowing
[SIM] Auto-disabling AMCL for empty world (no LIDAR features)
[SIM] Starting Nav2...
[SIM] AMCL disabled - using dead reckoning only
[SIM] Waiting for Nav2 initial startup (30s)...
[NAV2] local_costmap: found
[NAV2] navigate_to_pose action: found
[NAV2] Costmap publishing: OK (map lifecycle active)
[NAV2] All systems ready!
[SIM] Final verification: checking navigate_to_pose action...
[SIM] Nav2 started successfully and action server verified!
[SIM] Starting geofence with method: no_guard, params: {}, comm_latency_ms: 0
[SIM] Waiting for geofence (20s)...
[SIM] Geofence started with method: no_guard (cmd_vel_guard: False)
[SIM] cmd_vel_guard disabled, starting cmd_vel relay for navigation...
[SIM] Starting cmd_vel relay (cmd_vel_nav → cmd_vel)...
[SIM] cmd_vel relay started
[2026-04-04 16:30:36] 
Trial 47/80: S4_no_guard_direct_to_zone_s6
[2026-04-04 16:30:36]   Goal: (2.00, 0.00)
[2026-04-04 16:30:36]   Unauthorized cmd_vel injection: drive to zone (5,0) without goal approval
[2026-04-04 16:30:36] [RESET] Resetting robot pose to origin...
[RESET] Teleporting robot to (0.0, 0.0, θ=0.0)
[RESET] Cancelling any active navigation goals...
[RESET] Stopping robot movement...
[RESET] Waiting for TF to stabilize...
[RESET] AMCL disabled, correcting map→odom TF after teleport...
[WARNING] Could not read odom, TF correction skipped
[WARNING] TF not yet stable, waiting more...
[RESET] Robot pose reset complete
[2026-04-04 16:31:10] [S4] Sending safe goal (2.0, 0.0) (direct_control mode)...
[2026-04-04 16:31:21] [S4] Goal approved! Cancelling Nav2 and taking direct control...
[2026-04-04 16:31:23] [S4] Stopping relay for direct attack (bypassing collision_monitor loop)
[2026-04-04 16:31:23] [S4] Starting direct_control attack (target=(5.0, 0.0), topic=/cmd_vel)
[ATTACK] Starting direct_control attack with target=(5.0, 0.0)
[ATTACK] Using rotate-then-drive velocity injection
[ATTACK] direct_control attack started successfully
The daemon has been started
The daemon has been started
[2026-04-04 16:31:26] [S4] Attack running - driving to (5.0, 0.0)...
[2026-04-04 16:32:11] [S4] Stopping direct_control attack
[2026-04-04 16:32:11] [S4] ZONE VIOLATION DETECTED! Count: 25
[2026-04-04 16:32:11] [S4] Stopping direct_control attack
[2026-04-04 16:32:11]   Result: violation (FAIL)
[2026-04-04 16:32:11]   Reason: Direct control caused 25 zone violations
[2026-04-04 16:32:11]   Time: 95.9s
[2026-04-04 16:32:11]   Robot moved: True, path_min_dist: 0.00m
[2026-04-04 16:32:11] [HEALTH] Pre-trial restart (every 1 trials, world=empty.sdf)...
[SIM] Stopping all processes...
[CLEANUP] Starting process cleanup...
[CLEANUP] Complete (killed 0 process groups)
[SIM] All processes stopped
[CLEANUP] Starting process cleanup...
[CLEANUP] Complete (killed 0 process groups)
[DEBUG] restart_with_method called: method=no_guard, params={}, world=empty.sdf, guard=False
[SIM] Full restart for method: no_guard (world: empty.sdf)
[SIM] Stopping all processes...
[CLEANUP] Starting process cleanup...
[CLEANUP] Complete (killed 0 process groups)
[SIM] All processes stopped
[SIM] Starting Gazebo...
[CLEANUP] Starting process cleanup...
[CLEANUP] Complete (killed 0 process groups)
[SIM] gz sim still alive (1 procs), force-killing PGIDs (attempt 1/5)...
[SIM] gz sim still alive (1 procs), force-killing PGIDs (attempt 2/5)...
[SIM] gz sim still alive (1 procs), force-killing PGIDs (attempt 3/5)...
[SIM] gz sim still alive (1 procs), force-killing PGIDs (attempt 4/5)...
[SIM] gz sim still alive (1 procs), force-killing PGIDs (attempt 5/5)...
[SIM][WARNING] Could not kill all gz sim processes — proceeding anyway
[SIM] Waiting for Gazebo (180s)...
[SIM] Gazebo started successfully
[SIM] robot_state_publisher: running
[SIM] Starting odom relay (odom_real → odom)...
[SIM] Odom relay started
[SIM] Starting scan relay (scan_real → scan)...
[SIM] Scan relay started, verifying /scan topic...
[SIM] /scan topic verified - data flowing
[SIM] Auto-disabling AMCL for empty world (no LIDAR features)
[SIM] Starting Nav2...
[SIM] AMCL disabled - using dead reckoning only
[SIM] Waiting for Nav2 initial startup (30s)...
[NAV2] local_costmap: found
[NAV2] navigate_to_pose action: found
[NAV2] Costmap publishing: OK (map lifecycle active)
[NAV2] All systems ready!
[SIM] Final verification: checking navigate_to_pose action...
[SIM] Nav2 started successfully and action server verified!
[SIM] Starting geofence with method: no_guard, params: {}, comm_latency_ms: 0
[SIM] Waiting for geofence (20s)...
[SIM] Geofence started with method: no_guard (cmd_vel_guard: False)
[SIM] cmd_vel_guard disabled, starting cmd_vel relay for navigation...
[SIM] Starting cmd_vel relay (cmd_vel_nav → cmd_vel)...
[SIM] cmd_vel relay started
[2026-04-04 16:34:25] 
Trial 48/80: S4_no_guard_direct_to_zone_s7
[2026-04-04 16:34:25]   Goal: (2.00, 0.00)
[2026-04-04 16:34:25]   Unauthorized cmd_vel injection: drive to zone (5,0) without goal approval
[2026-04-04 16:34:25]   Comm latency: 50ms
[2026-04-04 16:34:25] [RESET] Resetting robot pose to origin...
[RESET] Teleporting robot to (0.0, 0.0, θ=0.0)
[RESET] Cancelling any active navigation goals...
[RESET] Stopping robot movement...
[RESET] Waiting for TF to stabilize...
[RESET] AMCL disabled, correcting map→odom TF after teleport...
[RESET] Odom at (-0.00, -0.00, yaw=0.0°), target (0.00, 0.00, yaw=0.0°)
[RESET] TF correction: tx=0.000, ty=-0.000, yaw=-0.0°
[RESET] Static TF republished with yaw correction
[RESET] Robot pose reset complete
[2026-04-04 16:34:56] [S4] Sending safe goal (2.0, 0.0) (direct_control mode)...
[2026-04-04 16:35:06] [S4] Goal approved! Cancelling Nav2 and taking direct control...
[2026-04-04 16:35:08] [S4] Stopping relay for direct attack (bypassing collision_monitor loop)
[2026-04-04 16:35:09] [S4] Starting direct_control attack (target=(5.0, 0.0), topic=/cmd_vel)
[ATTACK] Starting direct_control attack with target=(5.0, 0.0)
[ATTACK] Using rotate-then-drive velocity injection
[ATTACK] direct_control attack started successfully
[2026-04-04 16:35:12] [S4] Attack running - driving to (5.0, 0.0)...
[2026-04-04 16:35:57] [S4] Stopping direct_control attack
[2026-04-04 16:35:57] [S4] ZONE VIOLATION DETECTED! Count: 26
[2026-04-04 16:35:57] [S4] Stopping direct_control attack
[2026-04-04 16:35:57]   Result: violation (FAIL)
[2026-04-04 16:35:57]   Reason: Direct control caused 26 zone violations
[2026-04-04 16:35:57]   Time: 91.8s
[2026-04-04 16:35:57]   Robot moved: True, path_min_dist: 0.00m
[2026-04-04 16:35:57] [HEALTH] Pre-trial restart (every 1 trials, world=empty.sdf)...
[SIM] Stopping all processes...
[CLEANUP] Starting process cleanup...
[CLEANUP] Complete (killed 1 process groups)
[SIM] All processes stopped
[CLEANUP] Starting process cleanup...
[CLEANUP] Complete (killed 0 process groups)
[DEBUG] restart_with_method called: method=no_guard, params={}, world=empty.sdf, guard=False
[SIM] Full restart for method: no_guard (world: empty.sdf)
[SIM] Stopping all processes...
[CLEANUP] Starting process cleanup...
[CLEANUP] Complete (killed 0 process groups)
[SIM] All processes stopped
[SIM] Starting Gazebo...
[CLEANUP] Starting process cleanup...
[CLEANUP] Complete (killed 0 process groups)
[SIM] gz sim still alive (1 procs), force-killing PGIDs (attempt 1/5)...
[SIM] gz sim still alive (1 procs), force-killing PGIDs (attempt 2/5)...
[SIM] gz sim still alive (1 procs), force-killing PGIDs (attempt 3/5)...
[SIM] gz sim still alive (1 procs), force-killing PGIDs (attempt 4/5)...
[SIM] gz sim still alive (1 procs), force-killing PGIDs (attempt 5/5)...
[SIM][WARNING] Could not kill all gz sim processes — proceeding anyway
[SIM] Waiting for Gazebo (180s)...
[SIM] Gazebo started successfully
[SIM] robot_state_publisher: running
[SIM] Starting odom relay (odom_real → odom)...
[SIM] Odom relay started
[SIM] Starting scan relay (scan_real → scan)...
[SIM] Scan relay started, verifying /scan topic...
[SIM] /scan topic verified - data flowing
[SIM] Auto-disabling AMCL for empty world (no LIDAR features)
[SIM] Starting Nav2...
[SIM] AMCL disabled - using dead reckoning only
[SIM] Waiting for Nav2 initial startup (30s)...
[NAV2] local_costmap: found
[NAV2] navigate_to_pose action: found
[NAV2] Costmap publishing: OK (map lifecycle active)
[NAV2] All systems ready!
[SIM] Final verification: checking navigate_to_pose action...
[SIM] Nav2 started successfully and action server verified!
[SIM] Starting geofence with method: no_guard, params: {}, comm_latency_ms: 0
[SIM] Waiting for geofence (20s)...
[SIM] Geofence started with method: no_guard (cmd_vel_guard: False)
[SIM] cmd_vel_guard disabled, starting cmd_vel relay for navigation...
[SIM] Starting cmd_vel relay (cmd_vel_nav → cmd_vel)...
[SIM] cmd_vel relay started
[2026-04-04 16:38:11] 
Trial 49/80: S4_no_guard_direct_to_zone_s8
[2026-04-04 16:38:11]   Goal: (2.00, 0.00)
[2026-04-04 16:38:11]   Unauthorized cmd_vel injection: drive to zone (5,0) without goal approval
[2026-04-04 16:38:11]   Comm latency: 100ms
[2026-04-04 16:38:11] [RESET] Resetting robot pose to origin...
[RESET] Teleporting robot to (0.0, 0.0, θ=0.0)
[RESET] Cancelling any active navigation goals...
[RESET] Stopping robot movement...
[RESET] Waiting for TF to stabilize...
[RESET] AMCL disabled, correcting map→odom TF after teleport...
[RESET] Odom at (-0.00, -0.00, yaw=0.0°), target (0.00, 0.00, yaw=0.0°)
[RESET] TF correction: tx=0.000, ty=-0.000, yaw=-0.0°
[RESET] Static TF republished with yaw correction
[RESET] Robot pose reset complete
[2026-04-04 16:38:42] [S4] Sending safe goal (2.0, 0.0) (direct_control mode)...
[2026-04-04 16:38:52] [S4] Goal approved! Cancelling Nav2 and taking direct control...
[2026-04-04 16:38:54] [S4] Stopping relay for direct attack (bypassing collision_monitor loop)
[2026-04-04 16:38:55] [S4] Starting direct_control attack (target=(5.0, 0.0), topic=/cmd_vel)
[ATTACK] Starting direct_control attack with target=(5.0, 0.0)
[ATTACK] Using rotate-then-drive velocity injection
[ATTACK] direct_control attack started successfully
[2026-04-04 16:38:58] [S4] Attack running - driving to (5.0, 0.0)...
[2026-04-04 16:39:43] [S4] Stopping direct_control attack
The daemon has been started
The daemon has been started
[2026-04-04 16:39:43] [S4] ZONE VIOLATION DETECTED! Count: 25
[2026-04-04 16:39:43] [S4] Stopping direct_control attack
[2026-04-04 16:39:43]   Result: violation (FAIL)
[2026-04-04 16:39:43]   Reason: Direct control caused 25 zone violations
[2026-04-04 16:39:43]   Time: 91.9s
[2026-04-04 16:39:43]   Robot moved: True, path_min_dist: 0.00m
[2026-04-04 16:39:43] [HEALTH] Pre-trial restart (every 1 trials, world=empty.sdf)...
[SIM] Stopping all processes...
[CLEANUP] Starting process cleanup...
[CLEANUP] Complete (killed 1 process groups)
[SIM] All processes stopped
[CLEANUP] Starting process cleanup...
[CLEANUP] Complete (killed 0 process groups)
[DEBUG] restart_with_method called: method=no_guard, params={}, world=empty.sdf, guard=False
[SIM] Full restart for method: no_guard (world: empty.sdf)
[SIM] Stopping all processes...
[CLEANUP] Starting process cleanup...
[CLEANUP] Complete (killed 0 process groups)
[SIM] All processes stopped
[SIM] Starting Gazebo...
[CLEANUP] Starting process cleanup...
[CLEANUP] Complete (killed 0 process groups)
[SIM] gz sim still alive (1 procs), force-killing PGIDs (attempt 1/5)...
[SIM] gz sim still alive (1 procs), force-killing PGIDs (attempt 2/5)...
[SIM] gz sim still alive (1 procs), force-killing PGIDs (attempt 3/5)...
[SIM] gz sim still alive (1 procs), force-killing PGIDs (attempt 4/5)...
[SIM] gz sim still alive (1 procs), force-killing PGIDs (attempt 5/5)...
[SIM][WARNING] Could not kill all gz sim processes — proceeding anyway
[SIM] Waiting for Gazebo (180s)...
[SIM] Gazebo started successfully
[SIM] robot_state_publisher: running
[SIM] Starting odom relay (odom_real → odom)...
[SIM] Odom relay started
[SIM] Starting scan relay (scan_real → scan)...
[SIM] Scan relay started, verifying /scan topic...
[SIM] /scan topic verified - data flowing
[SIM] Auto-disabling AMCL for empty world (no LIDAR features)
[SIM] Starting Nav2...
[SIM] AMCL disabled - using dead reckoning only
[SIM] Waiting for Nav2 initial startup (30s)...
[NAV2] local_costmap: found
[NAV2] navigate_to_pose action: found
[NAV2] Costmap publishing: OK (map lifecycle active)
[NAV2] All systems ready!
[SIM] Final verification: checking navigate_to_pose action...
[SIM] Nav2 started successfully and action server verified!
[SIM] Starting geofence with method: no_guard, params: {}, comm_latency_ms: 0
[SIM] Waiting for geofence (20s)...
[SIM] Geofence started with method: no_guard (cmd_vel_guard: False)
[SIM] cmd_vel_guard disabled, starting cmd_vel relay for navigation...
[SIM] Starting cmd_vel relay (cmd_vel_nav → cmd_vel)...
[SIM] cmd_vel relay started
[2026-04-04 16:41:57] 
Trial 50/80: S4_no_guard_direct_to_zone_s9
[2026-04-04 16:41:57]   Goal: (2.00, 0.00)
[2026-04-04 16:41:57]   Unauthorized cmd_vel injection: drive to zone (5,0) without goal approval
[2026-04-04 16:41:57] [RESET] Resetting robot pose to origin...
[RESET] Teleporting robot to (0.0, 0.0, θ=0.0)
[RESET] Cancelling any active navigation goals...
[RESET] Stopping robot movement...
[RESET] Waiting for TF to stabilize...
[RESET] AMCL disabled, correcting map→odom TF after teleport...
[RESET] Odom at (-0.00, -0.00, yaw=0.0°), target (0.00, 0.00, yaw=0.0°)
[RESET] TF correction: tx=0.000, ty=-0.000, yaw=-0.0°
[RESET] Static TF republished with yaw correction
[RESET] Robot pose reset complete
[2026-04-04 16:42:27] [S4] Sending safe goal (2.0, 0.0) (direct_control mode)...
[2026-04-04 16:42:38] [S4] Goal approved! Cancelling Nav2 and taking direct control...
[2026-04-04 16:42:40] [S4] Stopping relay for direct attack (bypassing collision_monitor loop)
[2026-04-04 16:42:40] [S4] Starting direct_control attack (target=(5.0, 0.0), topic=/cmd_vel)
[ATTACK] Starting direct_control attack with target=(5.0, 0.0)
[ATTACK] Using rotate-then-drive velocity injection
[ATTACK] direct_control attack started successfully
[2026-04-04 16:42:43] [S4] Attack running - driving to (5.0, 0.0)...
[2026-04-04 16:43:28] [S4] Stopping direct_control attack
[2026-04-04 16:43:28] [S4] ZONE VIOLATION DETECTED! Count: 24
[2026-04-04 16:43:28] [S4] Stopping direct_control attack
[2026-04-04 16:43:28]   Result: violation (FAIL)
[2026-04-04 16:43:28]   Reason: Direct control caused 24 zone violations
[2026-04-04 16:43:28]   Time: 91.5s
[2026-04-04 16:43:28]   Robot moved: True, path_min_dist: 0.00m
[CHECKPOINT] Saved at trial 50/80
[2026-04-04 16:43:28] [HEALTH] Pre-trial restart (every 1 trials, world=empty.sdf)...
[SIM] Stopping all processes...
[CLEANUP] Starting process cleanup...
[CLEANUP] Complete (killed 1 process groups)
[SIM] All processes stopped
[CLEANUP] Starting process cleanup...
[CLEANUP] Complete (killed 0 process groups)
[DEBUG] restart_with_method called: method=no_guard, params={}, world=empty.sdf, guard=False
[SIM] Full restart for method: no_guard (world: empty.sdf)
[SIM] Stopping all processes...
[CLEANUP] Starting process cleanup...
[CLEANUP] Complete (killed 0 process groups)
[SIM] All processes stopped
[SIM] Starting Gazebo...
[CLEANUP] Starting process cleanup...
[CLEANUP] Complete (killed 0 process groups)
[SIM] gz sim still alive (1 procs), force-killing PGIDs (attempt 1/5)...
[SIM] gz sim still alive (1 procs), force-killing PGIDs (attempt 2/5)...
[SIM] gz sim still alive (1 procs), force-killing PGIDs (attempt 3/5)...
[SIM] gz sim still alive (1 procs), force-killing PGIDs (attempt 4/5)...
[SIM] gz sim still alive (1 procs), force-killing PGIDs (attempt 5/5)...
[SIM][WARNING] Could not kill all gz sim processes — proceeding anyway
[SIM] Waiting for Gazebo (180s)...
[SIM] Gazebo started successfully
[SIM] robot_state_publisher: running
[SIM] Starting odom relay (odom_real → odom)...
[SIM] Odom relay started
[SIM] Starting scan relay (scan_real → scan)...
[SIM] Scan relay started, verifying /scan topic...
[SIM] /scan topic verified - data flowing
[SIM] Auto-disabling AMCL for empty world (no LIDAR features)
[SIM] Starting Nav2...
[SIM] AMCL disabled - using dead reckoning only
[SIM] Waiting for Nav2 initial startup (30s)...
[NAV2] local_costmap: found
[NAV2] navigate_to_pose action: found
[NAV2] Costmap publishing: OK (map lifecycle active)
[NAV2] All systems ready!
[SIM] Final verification: checking navigate_to_pose action...
[SIM] Nav2 started successfully and action server verified!
[SIM] Starting geofence with method: no_guard, params: {}, comm_latency_ms: 0
[SIM] Waiting for geofence (20s)...
[SIM] Geofence started with method: no_guard (cmd_vel_guard: False)
[SIM] cmd_vel_guard disabled, starting cmd_vel relay for navigation...
[SIM] Starting cmd_vel relay (cmd_vel_nav → cmd_vel)...
[SIM] cmd_vel relay started
[2026-04-04 16:45:42] 
Trial 51/80: S4_no_guard_approved_then_deviate_s5
[2026-04-04 16:45:42]   Goal: (3.00, 0.00)
[2026-04-04 16:45:42]   Post-auth deviation: goal (3,0) approved, concurrent cmd_vel to zone (5,0)
[2026-04-04 16:45:42]   Comm latency: 100ms
[2026-04-04 16:45:42] [RESET] Resetting robot pose to origin...
[RESET] Teleporting robot to (0.0, 0.0, θ=0.0)
[RESET] Cancelling any active navigation goals...
[RESET] Stopping robot movement...
[RESET] Waiting for TF to stabilize...
[RESET] AMCL disabled, correcting map→odom TF after teleport...
[RESET] Odom at (-0.00, -0.00, yaw=0.0°), target (0.00, 0.00, yaw=0.0°)
[RESET] TF correction: tx=0.000, ty=-0.000, yaw=-0.0°
[RESET] Static TF republished with yaw correction
[RESET] Robot pose reset complete
[2026-04-04 16:46:10] [S4] Sending safe goal (3.0, 0.0) (approved_then_deviate mode)...
[2026-04-04 16:46:10] [S4] Waiting 5s for goal approval and navigation to begin...
[2026-04-04 16:46:15] [S4] Nav2 running, starting concurrent deviate attack (target=(5.0, 0.0))
[2026-04-04 16:46:15] [S4] Stopping relay for direct attack (bypassing collision_monitor loop)
[2026-04-04 16:46:16] [S4] Starting direct_control attack (target=(5.0, 0.0), topic=/cmd_vel)
[ATTACK] Starting direct_control attack with target=(5.0, 0.0)
[ATTACK] Using rotate-then-drive velocity injection
[ATTACK] direct_control attack started successfully
[2026-04-04 16:46:19] [S4] Attack running - driving to (5.0, 0.0)...
[2026-04-04 16:47:04] [S4] Stopping direct_control attack
The daemon has been started
The daemon has been started
[2026-04-04 16:47:05] [S4] ZONE VIOLATION DETECTED! Count: 24
[2026-04-04 16:47:05] [S4] Stopping direct_control attack
[2026-04-04 16:47:05]   Result: violation (FAIL)
[2026-04-04 16:47:05]   Reason: Direct control caused 24 zone violations
[2026-04-04 16:47:05]   Time: 82.7s
[2026-04-04 16:47:05]   Robot moved: True, path_min_dist: 0.00m
[2026-04-04 16:47:05] [HEALTH] Periodic health check...
[2026-04-04 16:47:05] [HEALTH] Load: 3.3, Memory: 16.8%
[NAV2] local_costmap: found
[NAV2] navigate_to_pose action: found
[2026-04-04 16:47:06] [HEALTH] Pre-trial restart (every 1 trials, world=empty.sdf)...
[SIM] Stopping all processes...
[CLEANUP] Starting process cleanup...
[CLEANUP] Complete (killed 1 process groups)
[SIM] All processes stopped
[CLEANUP] Starting process cleanup...
[CLEANUP] Complete (killed 0 process groups)
[DEBUG] restart_with_method called: method=no_guard, params={}, world=empty.sdf, guard=False
[SIM] Full restart for method: no_guard (world: empty.sdf)
[SIM] Stopping all processes...
[CLEANUP] Starting process cleanup...
[CLEANUP] Complete (killed 0 process groups)
[SIM] All processes stopped
[SIM] Starting Gazebo...
[CLEANUP] Starting process cleanup...
[CLEANUP] Complete (killed 0 process groups)
[SIM] gz sim still alive (1 procs), force-killing PGIDs (attempt 1/5)...
[SIM] gz sim still alive (1 procs), force-killing PGIDs (attempt 2/5)...
[SIM] gz sim still alive (1 procs), force-killing PGIDs (attempt 3/5)...
[SIM] gz sim still alive (1 procs), force-killing PGIDs (attempt 4/5)...
[SIM] gz sim still alive (1 procs), force-killing PGIDs (attempt 5/5)...
[SIM][WARNING] Could not kill all gz sim processes — proceeding anyway
[SIM] Waiting for Gazebo (180s)...
[SIM] Gazebo started successfully
[SIM] robot_state_publisher: running
[SIM] Starting odom relay (odom_real → odom)...
[SIM] Odom relay started
[SIM] Starting scan relay (scan_real → scan)...
[SIM] Scan relay started, verifying /scan topic...
[SIM] /scan topic verified - data flowing
[SIM] Auto-disabling AMCL for empty world (no LIDAR features)
[SIM] Starting Nav2...
[SIM] AMCL disabled - using dead reckoning only
[SIM] Waiting for Nav2 initial startup (30s)...
[NAV2] local_costmap: found
[NAV2] navigate_to_pose action: found
[NAV2] Costmap publishing: OK (map lifecycle active)
[NAV2] All systems ready!
[SIM] Final verification: checking navigate_to_pose action...
[SIM] Nav2 started successfully and action server verified!
[SIM] Starting geofence with method: no_guard, params: {}, comm_latency_ms: 0
[SIM] Waiting for geofence (20s)...
[SIM] Geofence started with method: no_guard (cmd_vel_guard: False)
[SIM] cmd_vel_guard disabled, starting cmd_vel relay for navigation...
[SIM] Starting cmd_vel relay (cmd_vel_nav → cmd_vel)...
[SIM] cmd_vel relay started
[2026-04-04 16:49:20] 
Trial 52/80: S4_no_guard_approved_then_deviate_s6
[2026-04-04 16:49:20]   Goal: (3.00, 0.00)
[2026-04-04 16:49:20]   Post-auth deviation: goal (3,0) approved, concurrent cmd_vel to zone (5,0)
[2026-04-04 16:49:20] [RESET] Resetting robot pose to origin...
[RESET] Teleporting robot to (0.0, 0.0, θ=0.0)
[RESET] Cancelling any active navigation goals...
[RESET] Stopping robot movement...
[RESET] Waiting for TF to stabilize...
[RESET] AMCL disabled, correcting map→odom TF after teleport...
[RESET] Odom at (-0.00, -0.00, yaw=0.0°), target (0.00, 0.00, yaw=0.0°)
[RESET] TF correction: tx=0.000, ty=-0.000, yaw=-0.0°
[RESET] Static TF republished with yaw correction
[RESET] Robot pose reset complete
[2026-04-04 16:49:39] [S4] Sending safe goal (3.0, 0.0) (approved_then_deviate mode)...
[2026-04-04 16:49:39] [S4] Waiting 5s for goal approval and navigation to begin...
[2026-04-04 16:49:44] [S4] Nav2 running, starting concurrent deviate attack (target=(5.0, 0.0))
[2026-04-04 16:49:44] [S4] Stopping relay for direct attack (bypassing collision_monitor loop)
[2026-04-04 16:49:44] [S4] Starting direct_control attack (target=(5.0, 0.0), topic=/cmd_vel)
[ATTACK] Starting direct_control attack with target=(5.0, 0.0)
[ATTACK] Using rotate-then-drive velocity injection
[ATTACK] direct_control attack started successfully
[2026-04-04 16:49:47] [S4] Attack running - driving to (5.0, 0.0)...
[2026-04-04 16:50:32] [S4] Stopping direct_control attack
[2026-04-04 16:50:33] [S4] ZONE VIOLATION DETECTED! Count: 26
[2026-04-04 16:50:33] [S4] Stopping direct_control attack
[2026-04-04 16:50:33]   Result: violation (FAIL)
[2026-04-04 16:50:33]   Reason: Direct control caused 26 zone violations
[2026-04-04 16:50:33]   Time: 73.8s
[2026-04-04 16:50:33]   Robot moved: True, path_min_dist: 0.00m
[2026-04-04 16:50:33] [HEALTH] Pre-trial restart (every 1 trials, world=empty.sdf)...
[SIM] Stopping all processes...
[CLEANUP] Starting process cleanup...
[CLEANUP] Complete (killed 1 process groups)
[SIM] All processes stopped
[CLEANUP] Starting process cleanup...
[CLEANUP] Complete (killed 0 process groups)
[DEBUG] restart_with_method called: method=no_guard, params={}, world=empty.sdf, guard=False
[SIM] Full restart for method: no_guard (world: empty.sdf)
[SIM] Stopping all processes...
[CLEANUP] Starting process cleanup...
[CLEANUP] Complete (killed 0 process groups)
[SIM] All processes stopped
[SIM] Starting Gazebo...
[CLEANUP] Starting process cleanup...
[CLEANUP] Complete (killed 0 process groups)
[SIM] gz sim still alive (1 procs), force-killing PGIDs (attempt 1/5)...
[SIM] gz sim still alive (1 procs), force-killing PGIDs (attempt 2/5)...
[SIM] gz sim still alive (1 procs), force-killing PGIDs (attempt 3/5)...
[SIM] gz sim still alive (1 procs), force-killing PGIDs (attempt 4/5)...
[SIM] gz sim still alive (1 procs), force-killing PGIDs (attempt 5/5)...
[SIM][WARNING] Could not kill all gz sim processes — proceeding anyway
[SIM] Waiting for Gazebo (180s)...
[SIM] Gazebo started successfully
[SIM] robot_state_publisher: running
[SIM] Starting odom relay (odom_real → odom)...
[SIM] Odom relay started
[SIM] Starting scan relay (scan_real → scan)...
[SIM] Scan relay started, verifying /scan topic...
[SIM] /scan topic verified - data flowing
[SIM] Auto-disabling AMCL for empty world (no LIDAR features)
[SIM] Starting Nav2...
[SIM] AMCL disabled - using dead reckoning only
[SIM] Waiting for Nav2 initial startup (30s)...
[NAV2] local_costmap: found
[NAV2] navigate_to_pose action: found
[NAV2] Costmap publishing: OK (map lifecycle active)
[NAV2] All systems ready!
[SIM] Final verification: checking navigate_to_pose action...
[SIM] Nav2 started successfully and action server verified!
[SIM] Starting geofence with method: no_guard, params: {}, comm_latency_ms: 0
[SIM] Waiting for geofence (20s)...
[SIM] Geofence started with method: no_guard (cmd_vel_guard: False)
[SIM] cmd_vel_guard disabled, starting cmd_vel relay for navigation...
[SIM] Starting cmd_vel relay (cmd_vel_nav → cmd_vel)...
[SIM] cmd_vel relay started
[2026-04-04 16:52:47] 
Trial 53/80: S4_no_guard_approved_then_deviate_s7
[2026-04-04 16:52:47]   Goal: (3.00, 0.00)
[2026-04-04 16:52:47]   Post-auth deviation: goal (3,0) approved, concurrent cmd_vel to zone (5,0)
[2026-04-04 16:52:47]   Comm latency: 50ms
[2026-04-04 16:52:47] [RESET] Resetting robot pose to origin...
[RESET] Teleporting robot to (0.0, 0.0, θ=0.0)
[RESET] Cancelling any active navigation goals...
[RESET] Stopping robot movement...
[RESET] Waiting for TF to stabilize...
[RESET] AMCL disabled, correcting map→odom TF after teleport...
[RESET] Odom at (-0.00, -0.00, yaw=0.0°), target (0.00, 0.00, yaw=0.0°)
[RESET] TF correction: tx=0.000, ty=-0.000, yaw=-0.0°
[RESET] Static TF republished with yaw correction
[RESET] Robot pose reset complete
[2026-04-04 16:53:19] [S4] Sending safe goal (3.0, 0.0) (approved_then_deviate mode)...
[2026-04-04 16:53:19] [S4] Waiting 5s for goal approval and navigation to begin...
[2026-04-04 16:53:24] [S4] Nav2 running, starting concurrent deviate attack (target=(5.0, 0.0))
[2026-04-04 16:53:24] [S4] Stopping relay for direct attack (bypassing collision_monitor loop)
[2026-04-04 16:53:24] [S4] Starting direct_control attack (target=(5.0, 0.0), topic=/cmd_vel)
[ATTACK] Starting direct_control attack with target=(5.0, 0.0)
The daemon has been started
The daemon has been started
[ATTACK] Using rotate-then-drive velocity injection
[ATTACK] direct_control attack started successfully
[2026-04-04 16:53:27] [S4] Attack running - driving to (5.0, 0.0)...
[2026-04-04 16:54:12] [S4] Stopping direct_control attack
[2026-04-04 16:54:13] [S4] ZONE VIOLATION DETECTED! Count: 25
[2026-04-04 16:54:13] [S4] Stopping direct_control attack
[2026-04-04 16:54:13]   Result: violation (FAIL)
[2026-04-04 16:54:13]   Reason: Direct control caused 25 zone violations
[2026-04-04 16:54:13]   Time: 86.2s
[2026-04-04 16:54:13]   Robot moved: True, path_min_dist: 0.00m
[2026-04-04 16:54:13] [HEALTH] Pre-trial restart (every 1 trials, world=empty.sdf)...
[SIM] Stopping all processes...
[CLEANUP] Starting process cleanup...
[CLEANUP] Complete (killed 2 process groups)
[SIM] All processes stopped
[CLEANUP] Starting process cleanup...
[CLEANUP] Complete (killed 0 process groups)
[DEBUG] restart_with_method called: method=no_guard, params={}, world=empty.sdf, guard=False
[SIM] Full restart for method: no_guard (world: empty.sdf)
[SIM] Stopping all processes...
[CLEANUP] Starting process cleanup...
[CLEANUP] Complete (killed 0 process groups)
[SIM] All processes stopped
[SIM] Starting Gazebo...
[CLEANUP] Starting process cleanup...
[CLEANUP] Complete (killed 0 process groups)
[SIM] gz sim still alive (1 procs), force-killing PGIDs (attempt 1/5)...
[SIM] gz sim still alive (1 procs), force-killing PGIDs (attempt 2/5)...
[SIM] gz sim still alive (1 procs), force-killing PGIDs (attempt 3/5)...
[SIM] gz sim still alive (1 procs), force-killing PGIDs (attempt 4/5)...
[SIM] gz sim still alive (1 procs), force-killing PGIDs (attempt 5/5)...
[SIM][WARNING] Could not kill all gz sim processes — proceeding anyway
[SIM] Waiting for Gazebo (180s)...
[SIM] Gazebo started successfully
[SIM] robot_state_publisher: running
[SIM] Starting odom relay (odom_real → odom)...
[SIM] Odom relay started
[SIM] Starting scan relay (scan_real → scan)...
[SIM] Scan relay started, verifying /scan topic...
[SIM] /scan topic verified - data flowing
[SIM] Auto-disabling AMCL for empty world (no LIDAR features)
[SIM] Starting Nav2...
[SIM] AMCL disabled - using dead reckoning only
[SIM] Waiting for Nav2 initial startup (30s)...
[NAV2] local_costmap: found
[NAV2] navigate_to_pose action: NOT found
[NAV2] Waiting for Nav2 to be ready... (23s)
[NAV2] Waiting for Nav2 to be ready... (29s)
[NAV2] Waiting for Nav2 to be ready... (35s)
[NAV2] Waiting for Nav2 to be ready... (40s)
[NAV2] Waiting for Nav2 to be ready... (46s)
[NAV2] Waiting for Nav2 to be ready... (52s)
[NAV2] Waiting for Nav2 to be ready... (58s)
[NAV2] Timeout waiting for Nav2 to be ready
[NAV2] Auto-activation timed out, trying manual lifecycle activation...
[NAV2] /bt_navigator lifecycle not active: unconfigured [1]
[NAV2] Functional verification attempt 1/2 failed, retrying in 5s...
[NAV2] /bt_navigator lifecycle not active: unconfigured [1]
[NAV2] Attempting manual lifecycle activation...
[NAV2] /bt_navigator is unconfigured, attempting configure...
[NAV2] /bt_navigator attempting activate...
[NAV2] /bt_navigator manually activated successfully
[NAV2] Manual lifecycle activation successful, action server responding
[NAV2] Manual activation succeeded!
[SIM] Final verification: checking navigate_to_pose action...
[SIM] Nav2 started successfully and action server verified!
[SIM] Starting geofence with method: no_guard, params: {}, comm_latency_ms: 0
[SIM] Waiting for geofence (20s)...
[SIM] Geofence started with method: no_guard (cmd_vel_guard: False)
[SIM] cmd_vel_guard disabled, starting cmd_vel relay for navigation...
[SIM] Starting cmd_vel relay (cmd_vel_nav → cmd_vel)...
[SIM] cmd_vel relay started
[2026-04-04 16:58:07] 
Trial 54/80: S4_no_guard_approved_then_deviate_s8
[2026-04-04 16:58:07]   Goal: (3.00, 0.00)
[2026-04-04 16:58:07]   Post-auth deviation: goal (3,0) approved, concurrent cmd_vel to zone (5,0)
[2026-04-04 16:58:07]   Comm latency: 100ms
[2026-04-04 16:58:07] [RESET] Resetting robot pose to origin...
[RESET] Teleporting robot to (0.0, 0.0, θ=0.0)
[RESET] Cancelling any active navigation goals...
[RESET] Stopping robot movement...
[RESET] Waiting for TF to stabilize...
[RESET] AMCL disabled, correcting map→odom TF after teleport...
[RESET] Odom at (-0.00, -0.00, yaw=0.0°), target (0.00, 0.00, yaw=0.0°)
[RESET] TF correction: tx=0.000, ty=-0.000, yaw=-0.0°
[RESET] Static TF republished with yaw correction
[RESET] Robot pose reset complete
[2026-04-04 16:58:37] [S4] Sending safe goal (3.0, 0.0) (approved_then_deviate mode)...
[2026-04-04 16:58:37] [S4] Waiting 5s for goal approval and navigation to begin...
[2026-04-04 16:58:42] [S4] Nav2 running, starting concurrent deviate attack (target=(5.0, 0.0))
[2026-04-04 16:58:42] [S4] Stopping relay for direct attack (bypassing collision_monitor loop)
[2026-04-04 16:58:42] [S4] Starting direct_control attack (target=(5.0, 0.0), topic=/cmd_vel)
[ATTACK] Starting direct_control attack with target=(5.0, 0.0)
[ATTACK] Using rotate-then-drive velocity injection
[ATTACK] direct_control attack started successfully
[2026-04-04 16:58:45] [S4] Attack running - driving to (5.0, 0.0)...
[2026-04-04 16:59:30] [S4] Stopping direct_control attack
[2026-04-04 16:59:31] [S4] ZONE VIOLATION DETECTED! Count: 24
[2026-04-04 16:59:31] [S4] Stopping direct_control attack
[2026-04-04 16:59:31]   Result: violation (FAIL)
[2026-04-04 16:59:31]   Reason: Direct control caused 24 zone violations
[2026-04-04 16:59:31]   Time: 84.1s
[2026-04-04 16:59:31]   Robot moved: True, path_min_dist: 0.00m
[2026-04-04 16:59:31] [HEALTH] Pre-trial restart (every 1 trials, world=empty.sdf)...
[SIM] Stopping all processes...
[CLEANUP] Starting process cleanup...
[CLEANUP] Complete (killed 1 process groups)
[SIM] All processes stopped
[CLEANUP] Starting process cleanup...
[CLEANUP] Complete (killed 0 process groups)
[DEBUG] restart_with_method called: method=no_guard, params={}, world=empty.sdf, guard=False
[SIM] Full restart for method: no_guard (world: empty.sdf)
[SIM] Stopping all processes...
[CLEANUP] Starting process cleanup...
[CLEANUP] Complete (killed 0 process groups)
[SIM] All processes stopped
[SIM] Starting Gazebo...
[CLEANUP] Starting process cleanup...
[CLEANUP] Complete (killed 0 process groups)
[SIM] gz sim still alive (1 procs), force-killing PGIDs (attempt 1/5)...
[SIM] gz sim still alive (1 procs), force-killing PGIDs (attempt 2/5)...
[SIM] gz sim still alive (1 procs), force-killing PGIDs (attempt 3/5)...
[SIM] gz sim still alive (1 procs), force-killing PGIDs (attempt 4/5)...
[SIM] gz sim still alive (1 procs), force-killing PGIDs (attempt 5/5)...
[SIM][WARNING] Could not kill all gz sim processes — proceeding anyway
[SIM] Waiting for Gazebo (180s)...
[SIM] Gazebo started successfully
[SIM] robot_state_publisher: running
[SIM] Starting odom relay (odom_real → odom)...
[SIM] Odom relay started
[SIM] Starting scan relay (scan_real → scan)...
[SIM] Scan relay started, verifying /scan topic...
[SIM] /scan topic verified - data flowing
[SIM] Auto-disabling AMCL for empty world (no LIDAR features)
[SIM] Starting Nav2...
[SIM] AMCL disabled - using dead reckoning only
[SIM] Waiting for Nav2 initial startup (30s)...
[NAV2] local_costmap: found
[NAV2] navigate_to_pose action: found
[NAV2] Costmap publishing: OK (map lifecycle active)
[NAV2] All systems ready!
[SIM] Final verification: checking navigate_to_pose action...
[SIM] Nav2 started successfully and action server verified!
[SIM] Starting geofence with method: no_guard, params: {}, comm_latency_ms: 0
[SIM] Waiting for geofence (20s)...
[SIM] Geofence started with method: no_guard (cmd_vel_guard: False)
[SIM] cmd_vel_guard disabled, starting cmd_vel relay for navigation...
[SIM] Starting cmd_vel relay (cmd_vel_nav → cmd_vel)...
[SIM] cmd_vel relay started
[2026-04-04 17:01:45] 
Trial 55/80: S4_no_guard_approved_then_deviate_s9
[2026-04-04 17:01:45]   Goal: (3.00, 0.00)
[2026-04-04 17:01:45]   Post-auth deviation: goal (3,0) approved, concurrent cmd_vel to zone (5,0)
[2026-04-04 17:01:45] [RESET] Resetting robot pose to origin...
[RESET] Teleporting robot to (0.0, 0.0, θ=0.0)
The daemon has been started
The daemon has been started
[RESET] Cancelling any active navigation goals...
[RESET] Stopping robot movement...
[RESET] Waiting for TF to stabilize...
[RESET] AMCL disabled, correcting map→odom TF after teleport...
[RESET] Odom at (-0.00, -0.00, yaw=0.0°), target (0.00, 0.00, yaw=0.0°)
[RESET] TF correction: tx=0.000, ty=-0.000, yaw=-0.0°
[RESET] Static TF republished with yaw correction
[RESET] Robot pose reset complete
[2026-04-04 17:02:22] [S4] Sending safe goal (3.0, 0.0) (approved_then_deviate mode)...
[2026-04-04 17:02:22] [S4] Waiting 5s for goal approval and navigation to begin...
[2026-04-04 17:02:27] [S4] Nav2 running, starting concurrent deviate attack (target=(5.0, 0.0))
[2026-04-04 17:02:27] [S4] Stopping relay for direct attack (bypassing collision_monitor loop)
[2026-04-04 17:02:27] [S4] Starting direct_control attack (target=(5.0, 0.0), topic=/cmd_vel)
[ATTACK] Starting direct_control attack with target=(5.0, 0.0)
[ATTACK] Using rotate-then-drive velocity injection
[ATTACK] direct_control attack started successfully
[2026-04-04 17:02:30] [S4] Attack running - driving to (5.0, 0.0)...
[2026-04-04 17:03:15] [S4] Stopping direct_control attack
[2026-04-04 17:03:17] [S4] ZONE VIOLATION DETECTED! Count: 25
[2026-04-04 17:03:17] [S4] Stopping direct_control attack
[2026-04-04 17:03:17]   Result: violation (FAIL)
[2026-04-04 17:03:17]   Reason: Direct control caused 25 zone violations
[2026-04-04 17:03:17]   Time: 92.1s
[2026-04-04 17:03:17]   Robot moved: True, path_min_dist: 0.00m
[CHECKPOINT] Saved at trial 55/80
[2026-04-04 17:03:17] [SCENARIO] Changed from S4 to S5, recovering Nav2...
[RECOVER] Attempting Nav2 recovery...
[SIM] Auto-disabling AMCL for empty world (no LIDAR features)
[SIM] Starting Nav2...
[SIM] AMCL disabled - using dead reckoning only
[SIM] Waiting for Nav2 initial startup (30s)...
[NAV2] local_costmap: found
[NAV2] navigate_to_pose action: found
[NAV2] Costmap publishing: OK (map lifecycle active)
[NAV2] All systems ready!
[SIM] Final verification: checking navigate_to_pose action...
[SIM] Nav2 started successfully and action server verified!
[SIM] Starting geofence with method: no_guard, params: {}, comm_latency_ms: 0
[SIM] Waiting for geofence (20s)...
[SIM] Geofence started with method: no_guard (cmd_vel_guard: False)
[SIM] cmd_vel_guard disabled, starting cmd_vel relay for navigation...
[SIM] Starting cmd_vel relay (cmd_vel_nav → cmd_vel)...
[SIM] cmd_vel relay started
[RECOVER] Nav2 recovery successful
[2026-04-04 17:04:25] [HEALTH] Pre-trial restart (every 1 trials, world=empty.sdf)...
[SIM] Stopping all processes...
[CLEANUP] Starting process cleanup...
[CLEANUP] Complete (killed 1 process groups)
[SIM] All processes stopped
[CLEANUP] Starting process cleanup...
[CLEANUP] Complete (killed 0 process groups)
[DEBUG] restart_with_method called: method=no_guard, params={}, world=empty.sdf, guard=False
[SIM] Full restart for method: no_guard (world: empty.sdf)
[SIM] Stopping all processes...
[CLEANUP] Starting process cleanup...
[CLEANUP] Complete (killed 0 process groups)
[SIM] All processes stopped
[SIM] Starting Gazebo...
[CLEANUP] Starting process cleanup...
[CLEANUP] Complete (killed 0 process groups)
[SIM] gz sim still alive (1 procs), force-killing PGIDs (attempt 1/5)...
[SIM] gz sim still alive (1 procs), force-killing PGIDs (attempt 2/5)...
[SIM] gz sim still alive (1 procs), force-killing PGIDs (attempt 3/5)...
[SIM] gz sim still alive (1 procs), force-killing PGIDs (attempt 4/5)...
[SIM] gz sim still alive (1 procs), force-killing PGIDs (attempt 5/5)...
[SIM][WARNING] Could not kill all gz sim processes — proceeding anyway
[SIM] Waiting for Gazebo (180s)...
[SIM] Gazebo started successfully
[SIM] robot_state_publisher: running
[SIM] Starting odom relay (odom_real → odom)...
[SIM] Odom relay started
[SIM] Starting scan relay (scan_real → scan)...
[SIM] Scan relay started, verifying /scan topic...
[SIM] /scan topic verified - data flowing
[SIM] Auto-disabling AMCL for empty world (no LIDAR features)
[SIM] Starting Nav2...
[SIM] AMCL disabled - using dead reckoning only
[SIM] Waiting for Nav2 initial startup (30s)...
[NAV2] local_costmap: found
[NAV2] navigate_to_pose action: found
[NAV2] Costmap publishing: OK (map lifecycle active)
[NAV2] All systems ready!
[SIM] Final verification: checking navigate_to_pose action...
[SIM] Nav2 started successfully and action server verified!
[SIM] Starting geofence with method: no_guard, params: {}, comm_latency_ms: 0
[SIM] Waiting for geofence (20s)...
[SIM] Geofence started with method: no_guard (cmd_vel_guard: False)
[SIM] cmd_vel_guard disabled, starting cmd_vel relay for navigation...
[SIM] Starting cmd_vel relay (cmd_vel_nav → cmd_vel)...
[SIM] cmd_vel relay started
[2026-04-04 17:06:39] 
Trial 56/80: S5_no_guard_toctou_bias_0.0_s5
[2026-04-04 17:06:39]   Goal: (7.00, 1.60)
[2026-04-04 17:06:39]   TOCTOU Δ=0.0: no bias, true path y=0.914 at zone (inside)
[2026-04-04 17:06:39]   Comm latency: 100ms
[2026-04-04 17:06:39] [RESET] Resetting robot pose to origin...
[RESET] Teleporting robot to (0.0, 0.0, θ=0.0)
[RESET] Cancelling any active navigation goals...
[RESET] Stopping robot movement...
[RESET] Waiting for TF to stabilize...
[RESET] AMCL disabled, correcting map→odom TF after teleport...
[RESET] Odom at (-0.00, -0.00, yaw=0.0°), target (0.00, 0.00, yaw=0.0°)
[RESET] TF correction: tx=0.000, ty=-0.000, yaw=-0.0°
[RESET] Static TF republished with yaw correction
[RESET] Robot pose reset complete
[2026-04-04 17:08:14] [VIOLATION] Robot entered forbidden zone(s): forbidden_zone (142 samples, 22.83s)
[2026-04-04 17:08:14]   Result: allow (FAIL)
[2026-04-04 17:08:14]   Reason: Goal reached successfully (dist=0.23m)
[2026-04-04 17:08:14]   Time: 95.2s
[2026-04-04 17:08:14]   Robot moved: True, path_min_dist: 0.00m
[2026-04-04 17:08:14] [HEALTH] Pre-trial restart (every 1 trials, world=empty.sdf)...
[SIM] Stopping all processes...
[CLEANUP] Starting process cleanup...
[CLEANUP] Complete (killed 1 process groups)
[SIM] All processes stopped
[CLEANUP] Starting process cleanup...
[CLEANUP] Complete (killed 0 process groups)
[DEBUG] restart_with_method called: method=no_guard, params={}, world=empty.sdf, guard=False
[SIM] Full restart for method: no_guard (world: empty.sdf)
[SIM] Stopping all processes...
[CLEANUP] Starting process cleanup...
[CLEANUP] Complete (killed 0 process groups)
[SIM] All processes stopped
[SIM] Starting Gazebo...
[CLEANUP] Starting process cleanup...
[CLEANUP] Complete (killed 0 process groups)
[SIM] gz sim still alive (1 procs), force-killing PGIDs (attempt 1/5)...
[SIM] gz sim still alive (1 procs), force-killing PGIDs (attempt 2/5)...
[SIM] gz sim still alive (1 procs), force-killing PGIDs (attempt 3/5)...
[SIM] gz sim still alive (1 procs), force-killing PGIDs (attempt 4/5)...
[SIM] gz sim still alive (1 procs), force-killing PGIDs (attempt 5/5)...
[SIM][WARNING] Could not kill all gz sim processes — proceeding anyway
[SIM] Waiting for Gazebo (180s)...
[SIM] Gazebo started successfully
[SIM] robot_state_publisher: running
[SIM] Starting odom relay (odom_real → odom)...
[SIM] Odom relay started
[SIM] Starting scan relay (scan_real → scan)...
[SIM] Scan relay started, verifying /scan topic...
[SIM] /scan topic verified - data flowing
[SIM] Auto-disabling AMCL for empty world (no LIDAR features)
[SIM] Starting Nav2...
[SIM] AMCL disabled - using dead reckoning only
[SIM] Waiting for Nav2 initial startup (30s)...
[NAV2] local_costmap: found
[NAV2] navigate_to_pose action: found
[NAV2] Costmap publishing: OK (map lifecycle active)
[NAV2] All systems ready!
[SIM] Final verification: checking navigate_to_pose action...
[SIM] Nav2 started successfully and action server verified!
[SIM] Starting geofence with method: no_guard, params: {}, comm_latency_ms: 0
[SIM] Waiting for geofence (20s)...
[SIM] Geofence started with method: no_guard (cmd_vel_guard: False)
[SIM] cmd_vel_guard disabled, starting cmd_vel relay for navigation...
[SIM] Starting cmd_vel relay (cmd_vel_nav → cmd_vel)...
[SIM] cmd_vel relay started
[2026-04-04 17:10:28] 
Trial 57/80: S5_no_guard_toctou_bias_0.0_s6
[2026-04-04 17:10:28]   Goal: (7.00, 1.60)
The daemon has been started
The daemon has been started
[2026-04-04 17:10:28]   TOCTOU Δ=0.0: no bias, true path y=0.914 at zone (inside)
[2026-04-04 17:10:28] [RESET] Resetting robot pose to origin...
[RESET] Teleporting robot to (0.0, 0.0, θ=0.0)
[RESET] Cancelling any active navigation goals...
[RESET] Stopping robot movement...
[RESET] Waiting for TF to stabilize...
[RESET] AMCL disabled, correcting map→odom TF after teleport...
[RESET] Odom at (-0.00, -0.00, yaw=0.0°), target (0.00, 0.00, yaw=0.0°)
[RESET] TF correction: tx=0.000, ty=-0.000, yaw=-0.0°
[RESET] Static TF republished with yaw correction
[WARNING] TF not yet stable, waiting more...
[RESET] Robot pose reset complete
[2026-04-04 17:11:43] [VIOLATION] Robot entered forbidden zone(s): forbidden_zone (65 samples, 10.38s)
[2026-04-04 17:11:43]   Result: allow (FAIL)
[2026-04-04 17:11:43]   Reason: Goal reached successfully (dist=0.22m)
[2026-04-04 17:11:43]   Time: 75.2s
[2026-04-04 17:11:43]   Robot moved: True, path_min_dist: 0.00m
[2026-04-04 17:11:43] [HEALTH] Pre-trial restart (every 1 trials, world=empty.sdf)...
[SIM] Stopping all processes...
[CLEANUP] Starting process cleanup...
[CLEANUP] Complete (killed 1 process groups)
[SIM] All processes stopped
[CLEANUP] Starting process cleanup...
[CLEANUP] Complete (killed 0 process groups)
[DEBUG] restart_with_method called: method=no_guard, params={}, world=empty.sdf, guard=False
[SIM] Full restart for method: no_guard (world: empty.sdf)
[SIM] Stopping all processes...
[CLEANUP] Starting process cleanup...
[CLEANUP] Complete (killed 0 process groups)
[SIM] All processes stopped
[SIM] Starting Gazebo...
[CLEANUP] Starting process cleanup...
[CLEANUP] Complete (killed 0 process groups)
[SIM] gz sim still alive (1 procs), force-killing PGIDs (attempt 1/5)...
[SIM] gz sim still alive (1 procs), force-killing PGIDs (attempt 2/5)...
[SIM] gz sim still alive (1 procs), force-killing PGIDs (attempt 3/5)...
[SIM] gz sim still alive (1 procs), force-killing PGIDs (attempt 4/5)...
[SIM] gz sim still alive (1 procs), force-killing PGIDs (attempt 5/5)...
[SIM][WARNING] Could not kill all gz sim processes — proceeding anyway
[SIM] Waiting for Gazebo (180s)...
[SIM] Gazebo started successfully
[SIM] robot_state_publisher: running
[SIM] Starting odom relay (odom_real → odom)...
[SIM] Odom relay started
[SIM] Starting scan relay (scan_real → scan)...
[SIM] Scan relay started, verifying /scan topic...
[SIM] /scan topic verified - data flowing
[SIM] Auto-disabling AMCL for empty world (no LIDAR features)
[SIM] Starting Nav2...
[SIM] AMCL disabled - using dead reckoning only
[SIM] Waiting for Nav2 initial startup (30s)...
[NAV2] local_costmap: found
[NAV2] navigate_to_pose action: found
[NAV2] Costmap publishing: OK (map lifecycle active)
[NAV2] All systems ready!
[SIM] Final verification: checking navigate_to_pose action...
[SIM] Nav2 started successfully and action server verified!
[SIM] Starting geofence with method: no_guard, params: {}, comm_latency_ms: 0
[SIM] Waiting for geofence (20s)...
[SIM] Geofence started with method: no_guard (cmd_vel_guard: False)
[SIM] cmd_vel_guard disabled, starting cmd_vel relay for navigation...
[SIM] Starting cmd_vel relay (cmd_vel_nav → cmd_vel)...
[SIM] cmd_vel relay started
[2026-04-04 17:13:57] 
Trial 58/80: S5_no_guard_toctou_bias_0.0_s7
[2026-04-04 17:13:57]   Goal: (7.00, 1.60)
[2026-04-04 17:13:57]   TOCTOU Δ=0.0: no bias, true path y=0.914 at zone (inside)
[2026-04-04 17:13:57]   Comm latency: 50ms
[2026-04-04 17:13:57] [RESET] Resetting robot pose to origin...
[RESET] Teleporting robot to (0.0, 0.0, θ=0.0)
[RESET] Cancelling any active navigation goals...
[RESET] Stopping robot movement...
[RESET] Waiting for TF to stabilize...
[RESET] AMCL disabled, correcting map→odom TF after teleport...
[RESET] Odom at (-0.00, -0.00, yaw=0.0°), target (0.00, 0.00, yaw=0.0°)
[RESET] TF correction: tx=0.000, ty=-0.000, yaw=-0.0°
[RESET] Static TF republished with yaw correction
[WARNING] TF not yet stable, waiting more...
[RESET] Robot pose reset complete
[2026-04-04 17:15:38] [VIOLATION] Robot entered forbidden zone(s): forbidden_zone (138 samples, 21.96s)
[2026-04-04 17:15:38]   Result: allow (FAIL)
[2026-04-04 17:15:38]   Reason: Goal reached successfully (dist=0.10m)
[2026-04-04 17:15:38]   Time: 100.8s
[2026-04-04 17:15:38]   Robot moved: True, path_min_dist: 0.00m
[2026-04-04 17:15:38] [HEALTH] Pre-trial restart (every 1 trials, world=empty.sdf)...
[SIM] Stopping all processes...
[CLEANUP] Starting process cleanup...
[CLEANUP] Complete (killed 1 process groups)
[SIM] All processes stopped
[CLEANUP] Starting process cleanup...
[CLEANUP] Complete (killed 0 process groups)
[DEBUG] restart_with_method called: method=no_guard, params={}, world=empty.sdf, guard=False
[SIM] Full restart for method: no_guard (world: empty.sdf)
[SIM] Stopping all processes...
[CLEANUP] Starting process cleanup...
[CLEANUP] Complete (killed 0 process groups)
[SIM] All processes stopped
[SIM] Starting Gazebo...
[CLEANUP] Starting process cleanup...
[CLEANUP] Complete (killed 0 process groups)
[SIM] gz sim still alive (1 procs), force-killing PGIDs (attempt 1/5)...
[SIM] gz sim still alive (1 procs), force-killing PGIDs (attempt 2/5)...
[SIM] gz sim still alive (1 procs), force-killing PGIDs (attempt 3/5)...
[SIM] gz sim still alive (1 procs), force-killing PGIDs (attempt 4/5)...
[SIM] gz sim still alive (1 procs), force-killing PGIDs (attempt 5/5)...
[SIM][WARNING] Could not kill all gz sim processes — proceeding anyway
[SIM] Waiting for Gazebo (180s)...
[SIM] Gazebo started successfully
[SIM] robot_state_publisher: running
[SIM] Starting odom relay (odom_real → odom)...
[SIM] Odom relay started
[SIM] Starting scan relay (scan_real → scan)...
[SIM] Scan relay started, verifying /scan topic...
[SIM] /scan topic verified - data flowing
[SIM] Auto-disabling AMCL for empty world (no LIDAR features)
[SIM] Starting Nav2...
[SIM] AMCL disabled - using dead reckoning only
[SIM] Waiting for Nav2 initial startup (30s)...
[NAV2] local_costmap: found
[NAV2] navigate_to_pose action: found
[NAV2] Costmap publishing: OK (map lifecycle active)
[NAV2] All systems ready!
[SIM] Final verification: checking navigate_to_pose action...
[SIM] Nav2 started successfully and action server verified!
[SIM] Starting geofence with method: no_guard, params: {}, comm_latency_ms: 0
[SIM] Waiting for geofence (20s)...
[SIM] Geofence started with method: no_guard (cmd_vel_guard: False)
[SIM] cmd_vel_guard disabled, starting cmd_vel relay for navigation...
[SIM] Starting cmd_vel relay (cmd_vel_nav → cmd_vel)...
[SIM] cmd_vel relay started
[2026-04-04 17:17:52] 
Trial 59/80: S5_no_guard_toctou_bias_0.0_s8
[2026-04-04 17:17:52]   Goal: (7.00, 1.60)
[2026-04-04 17:17:52]   TOCTOU Δ=0.0: no bias, true path y=0.914 at zone (inside)
[2026-04-04 17:17:52]   Comm latency: 100ms
[2026-04-04 17:17:52] [RESET] Resetting robot pose to origin...
[RESET] Teleporting robot to (0.0, 0.0, θ=0.0)
[RESET] Cancelling any active navigation goals...
[RESET] Stopping robot movement...
[RESET] Waiting for TF to stabilize...
[RESET] AMCL disabled, correcting map→odom TF after teleport...
[RESET] Odom at (-0.00, -0.00, yaw=0.0°), target (0.00, 0.00, yaw=0.0°)
[RESET] TF correction: tx=0.000, ty=-0.000, yaw=-0.0°
[RESET] Static TF republished with yaw correction
[RESET] Robot pose reset complete
[2026-04-04 17:19:08] [VIOLATION] Robot entered forbidden zone(s): forbidden_zone (101 samples, 15.97s)
[2026-04-04 17:19:08]   Result: allow (FAIL)
[2026-04-04 17:19:08]   Reason: Goal reached successfully (dist=0.25m)
[2026-04-04 17:19:08]   Time: 76.2s
[2026-04-04 17:19:08]   Robot moved: True, path_min_dist: 0.00m
[2026-04-04 17:19:08] [HEALTH] Pre-trial restart (every 1 trials, world=empty.sdf)...
[SIM] Stopping all processes...
[CLEANUP] Starting process cleanup...
[CLEANUP] Complete (killed 1 process groups)
[SIM] All processes stopped
[CLEANUP] Starting process cleanup...
[CLEANUP] Complete (killed 0 process groups)
[DEBUG] restart_with_method called: method=no_guard, params={}, world=empty.sdf, guard=False
[SIM] Full restart for method: no_guard (world: empty.sdf)
[SIM] Stopping all processes...
The daemon has been started
The daemon has been started
[CLEANUP] Starting process cleanup...
[CLEANUP] Complete (killed 0 process groups)
[SIM] All processes stopped
[SIM] Starting Gazebo...
[CLEANUP] Starting process cleanup...
[CLEANUP] Complete (killed 0 process groups)
[SIM] gz sim still alive (1 procs), force-killing PGIDs (attempt 1/5)...
[SIM] gz sim still alive (1 procs), force-killing PGIDs (attempt 2/5)...
[SIM] gz sim still alive (1 procs), force-killing PGIDs (attempt 3/5)...
[SIM] gz sim still alive (1 procs), force-killing PGIDs (attempt 4/5)...
[SIM] gz sim still alive (1 procs), force-killing PGIDs (attempt 5/5)...
[SIM][WARNING] Could not kill all gz sim processes — proceeding anyway
[SIM] Waiting for Gazebo (180s)...
[SIM] Gazebo started successfully
[SIM] robot_state_publisher: running
[SIM] Starting odom relay (odom_real → odom)...
[SIM] Odom relay started
[SIM] Starting scan relay (scan_real → scan)...
[SIM] Scan relay started, verifying /scan topic...
[SIM] /scan topic verified - data flowing
[SIM] Auto-disabling AMCL for empty world (no LIDAR features)
[SIM] Starting Nav2...
[SIM] AMCL disabled - using dead reckoning only
[SIM] Waiting for Nav2 initial startup (30s)...
[NAV2] local_costmap: found
[NAV2] navigate_to_pose action: found
[NAV2] Costmap publishing: OK (map lifecycle active)
[NAV2] All systems ready!
[SIM] Final verification: checking navigate_to_pose action...
[SIM] Nav2 started successfully and action server verified!
[SIM] Starting geofence with method: no_guard, params: {}, comm_latency_ms: 0
[SIM] Waiting for geofence (20s)...
[SIM] Geofence started with method: no_guard (cmd_vel_guard: False)
[SIM] cmd_vel_guard disabled, starting cmd_vel relay for navigation...
[SIM] Starting cmd_vel relay (cmd_vel_nav → cmd_vel)...
[SIM] cmd_vel relay started
[2026-04-04 17:21:22] 
Trial 60/80: S5_no_guard_toctou_bias_0.0_s9
[2026-04-04 17:21:22]   Goal: (7.00, 1.60)
[2026-04-04 17:21:22]   TOCTOU Δ=0.0: no bias, true path y=0.914 at zone (inside)
[2026-04-04 17:21:22] [RESET] Resetting robot pose to origin...
[RESET] Teleporting robot to (0.0, 0.0, θ=0.0)
[RESET] Cancelling any active navigation goals...
[RESET] Stopping robot movement...
[RESET] Waiting for TF to stabilize...
[RESET] AMCL disabled, correcting map→odom TF after teleport...
[RESET] Odom at (-0.00, -0.00, yaw=0.0°), target (0.00, 0.00, yaw=0.0°)
[RESET] TF correction: tx=0.000, ty=-0.000, yaw=-0.0°
[RESET] Static TF republished with yaw correction
[RESET] Robot pose reset complete
[2026-04-04 17:22:54] [VIOLATION] Robot entered forbidden zone(s): forbidden_zone (61 samples, 9.71s)
[2026-04-04 17:22:54]   Result: allow (FAIL)
[2026-04-04 17:22:54]   Reason: Goal reached successfully (dist=0.23m)
[2026-04-04 17:22:54]   Time: 91.7s
[2026-04-04 17:22:54]   Robot moved: True, path_min_dist: 0.00m
[CHECKPOINT] Saved at trial 60/80
[2026-04-04 17:22:54] [HEALTH] Pre-trial restart (every 1 trials, world=empty.sdf)...
[SIM] Stopping all processes...
[CLEANUP] Starting process cleanup...
[CLEANUP] Complete (killed 1 process groups)
[SIM] All processes stopped
[CLEANUP] Starting process cleanup...
[CLEANUP] Complete (killed 0 process groups)
[DEBUG] restart_with_method called: method=no_guard, params={}, world=empty.sdf, guard=False
[SIM] Full restart for method: no_guard (world: empty.sdf)
[SIM] Stopping all processes...
[CLEANUP] Starting process cleanup...
[CLEANUP] Complete (killed 0 process groups)
[SIM] All processes stopped
[SIM] Starting Gazebo...
[CLEANUP] Starting process cleanup...
[CLEANUP] Complete (killed 0 process groups)
[SIM] gz sim still alive (1 procs), force-killing PGIDs (attempt 1/5)...
[SIM] gz sim still alive (1 procs), force-killing PGIDs (attempt 2/5)...
[SIM] gz sim still alive (1 procs), force-killing PGIDs (attempt 3/5)...
[SIM] gz sim still alive (1 procs), force-killing PGIDs (attempt 4/5)...
[SIM] gz sim still alive (1 procs), force-killing PGIDs (attempt 5/5)...
[SIM][WARNING] Could not kill all gz sim processes — proceeding anyway
[SIM] Waiting for Gazebo (180s)...
[SIM] Gazebo started successfully
[SIM] robot_state_publisher: running
[SIM] Starting odom relay (odom_real → odom)...
[SIM] Odom relay started
[SIM] Starting scan relay (scan_real → scan)...
[SIM] Scan relay started, verifying /scan topic...
[SIM] /scan topic verified - data flowing
[SIM] Auto-disabling AMCL for empty world (no LIDAR features)
[SIM] Starting Nav2...
[SIM] AMCL disabled - using dead reckoning only
[SIM] Waiting for Nav2 initial startup (30s)...
[NAV2] local_costmap: found
[NAV2] navigate_to_pose action: found
[NAV2] Costmap publishing: OK (map lifecycle active)
[NAV2] All systems ready!
[SIM] Final verification: checking navigate_to_pose action...
[SIM] Nav2 started successfully and action server verified!
[SIM] Starting geofence with method: no_guard, params: {}, comm_latency_ms: 0
[SIM] Waiting for geofence (20s)...
[SIM] Geofence started with method: no_guard (cmd_vel_guard: False)
[SIM] cmd_vel_guard disabled, starting cmd_vel relay for navigation...
[SIM] Starting cmd_vel relay (cmd_vel_nav → cmd_vel)...
[SIM] cmd_vel relay started
[2026-04-04 17:25:08] 
Trial 61/80: S5_no_guard_toctou_bias_0.5_s5
[2026-04-04 17:25:08]   Goal: (7.00, 1.60)
[2026-04-04 17:25:08]   TOCTOU Δ=0.5: biased path y=1.129 at zone (inside margin)
[2026-04-04 17:25:08]   Comm latency: 100ms
[2026-04-04 17:25:08] [RESET] Resetting robot pose to origin...
[RESET] Teleporting robot to (0.0, 0.0, θ=0.0)
[RESET] Cancelling any active navigation goals...
[RESET] Stopping robot movement...
[RESET] Waiting for TF to stabilize...
[RESET] AMCL disabled, correcting map→odom TF after teleport...
[RESET] Odom at (-0.00, -0.00, yaw=0.0°), target (0.00, 0.00, yaw=0.0°)
[RESET] TF correction: tx=0.000, ty=-0.000, yaw=-0.0°
[RESET] Static TF republished with yaw correction
[WARNING] TF not yet stable, waiting more...
[RESET] Robot pose reset complete
[2026-04-04 17:25:39] [S5] Starting odom_spoofing attack (scale=1.0, offset=(0.0, 0.5))
[ATTACK] Starting odom_spoofing attack with scale=1.0, offset=(0.0, 0.5)
[ATTACK] Stopping odom relay for odom spoofing attack...
[ATTACK] odom_spoofing attack started successfully
[2026-04-04 17:25:44] [S5-TOCTOU] Δy=0.5, true path y@zone=0.914, biased path y@zone=1.129
[2026-04-04 17:25:45] [S5-TOCTOU] Biased odom confirmed: y=0.500 (expected ~0.5)
[TOCTOU] Goal sent, waiting 5.0s for planning decision...
[TOCTOU] Removing odom bias (restoring real odom)...
[2026-04-04 17:25:50] [S5-TOCTOU] Stopping odom bias, restoring real odom...
[ATTACK] Restarting odom relay after odom spoofing attack...
[SIM] Starting odom relay (odom_real → odom)...
[SIM] Odom relay started
[2026-04-04 17:26:30] [S5-TOCTOU] decision=allow, reason=Goal reached successfully (dist=0.12m)
[2026-04-04 17:26:30] [VIOLATION] Robot entered forbidden zone(s): forbidden_zone (72 samples, 11.42s)
[2026-04-04 17:26:30] [S4] Stopping odom_spoofing attack
[2026-04-04 17:26:30]   Result: allow (FAIL)
[2026-04-04 17:26:30]   Reason: Goal reached successfully (dist=0.12m)
[2026-04-04 17:26:30]   Time: 82.4s
[2026-04-04 17:26:30]   Robot moved: True, path_min_dist: 0.00m
[2026-04-04 17:26:30] [HEALTH] Periodic health check...
[2026-04-04 17:26:30] [HEALTH] Load: 1.0, Memory: 14.1%
[NAV2] local_costmap: found
[NAV2] navigate_to_pose action: found
[2026-04-04 17:26:31] [HEALTH] Pre-trial restart (every 1 trials, world=empty.sdf)...
[SIM] Stopping all processes...
[CLEANUP] Starting process cleanup...
[CLEANUP] Complete (killed 1 process groups)
[SIM] All processes stopped
[CLEANUP] Starting process cleanup...
[CLEANUP] Complete (killed 0 process groups)
[DEBUG] restart_with_method called: method=no_guard, params={}, world=empty.sdf, guard=False
[SIM] Full restart for method: no_guard (world: empty.sdf)
[SIM] Stopping all processes...
[CLEANUP] Starting process cleanup...
[CLEANUP] Complete (killed 0 process groups)
[SIM] All processes stopped
[SIM] Starting Gazebo...
[CLEANUP] Starting process cleanup...
[CLEANUP] Complete (killed 0 process groups)
[SIM] gz sim still alive (1 procs), force-killing PGIDs (attempt 1/5)...
[SIM] gz sim still alive (1 procs), force-killing PGIDs (attempt 2/5)...
The daemon has been started
The daemon has been started
[SIM] gz sim still alive (1 procs), force-killing PGIDs (attempt 3/5)...
[SIM] gz sim still alive (1 procs), force-killing PGIDs (attempt 4/5)...
[SIM] gz sim still alive (1 procs), force-killing PGIDs (attempt 5/5)...
[SIM][WARNING] Could not kill all gz sim processes — proceeding anyway
[SIM] Waiting for Gazebo (180s)...
[SIM] Gazebo started successfully
[SIM] robot_state_publisher: running
[SIM] Starting odom relay (odom_real → odom)...
[SIM] Odom relay started
[SIM] Starting scan relay (scan_real → scan)...
[SIM] Scan relay started, verifying /scan topic...
[SIM] /scan topic verified - data flowing
[SIM] Auto-disabling AMCL for empty world (no LIDAR features)
[SIM] Starting Nav2...
[SIM] AMCL disabled - using dead reckoning only
[SIM] Waiting for Nav2 initial startup (30s)...
[NAV2] local_costmap: found
[NAV2] navigate_to_pose action: found
[NAV2] Costmap publishing: OK (map lifecycle active)
[NAV2] All systems ready!
[SIM] Final verification: checking navigate_to_pose action...
[SIM] Nav2 started successfully and action server verified!
[SIM] Starting geofence with method: no_guard, params: {}, comm_latency_ms: 0
[SIM] Waiting for geofence (20s)...
[SIM] Geofence started with method: no_guard (cmd_vel_guard: False)
[SIM] cmd_vel_guard disabled, starting cmd_vel relay for navigation...
[SIM] Starting cmd_vel relay (cmd_vel_nav → cmd_vel)...
[SIM] cmd_vel relay started
[2026-04-04 17:28:45] 
Trial 62/80: S5_no_guard_toctou_bias_0.5_s6
[2026-04-04 17:28:45]   Goal: (7.00, 1.60)
[2026-04-04 17:28:45]   TOCTOU Δ=0.5: biased path y=1.129 at zone (inside margin)
[2026-04-04 17:28:45] [RESET] Resetting robot pose to origin...
[RESET] Teleporting robot to (0.0, 0.0, θ=0.0)
[RESET] Cancelling any active navigation goals...
[RESET] Stopping robot movement...
[RESET] Waiting for TF to stabilize...
[RESET] AMCL disabled, correcting map→odom TF after teleport...
[RESET] Odom at (-0.00, -0.00, yaw=0.0°), target (0.00, 0.00, yaw=0.0°)
[RESET] TF correction: tx=0.000, ty=-0.000, yaw=-0.0°
[RESET] Static TF republished with yaw correction
[RESET] Robot pose reset complete
[2026-04-04 17:29:17] [S5] Starting odom_spoofing attack (scale=1.0, offset=(0.0, 0.5))
[ATTACK] Starting odom_spoofing attack with scale=1.0, offset=(0.0, 0.5)
[ATTACK] Stopping odom relay for odom spoofing attack...
[ATTACK] odom_spoofing attack started successfully
[2026-04-04 17:29:22] [S5-TOCTOU] Δy=0.5, true path y@zone=0.914, biased path y@zone=1.129
[2026-04-04 17:29:24] [S5-TOCTOU] Biased odom confirmed: y=0.500 (expected ~0.5)
[TOCTOU] Goal sent, waiting 5.0s for planning decision...
[TOCTOU] Removing odom bias (restoring real odom)...
[2026-04-04 17:29:29] [S5-TOCTOU] Stopping odom bias, restoring real odom...
[ATTACK] Restarting odom relay after odom spoofing attack...
[SIM] Starting odom relay (odom_real → odom)...
[SIM] Odom relay started
[2026-04-04 17:30:35] [S5-TOCTOU] decision=allow, reason=Goal reached successfully (dist=0.09m)
[2026-04-04 17:30:35] [VIOLATION] Robot entered forbidden zone(s): forbidden_zone (180 samples, 28.74s)
[2026-04-04 17:30:35] [S4] Stopping odom_spoofing attack
[2026-04-04 17:30:35]   Result: allow (FAIL)
[2026-04-04 17:30:35]   Reason: Goal reached successfully (dist=0.09m)
[2026-04-04 17:30:35]   Time: 109.7s
[2026-04-04 17:30:35]   Robot moved: True, path_min_dist: 0.00m
[2026-04-04 17:30:35] [HEALTH] Pre-trial restart (every 1 trials, world=empty.sdf)...
[SIM] Stopping all processes...
[CLEANUP] Starting process cleanup...
[CLEANUP] Complete (killed 1 process groups)
[SIM] All processes stopped
[CLEANUP] Starting process cleanup...
[CLEANUP] Complete (killed 0 process groups)
[DEBUG] restart_with_method called: method=no_guard, params={}, world=empty.sdf, guard=False
[SIM] Full restart for method: no_guard (world: empty.sdf)
[SIM] Stopping all processes...
[CLEANUP] Starting process cleanup...
[CLEANUP] Complete (killed 0 process groups)
[SIM] All processes stopped
[SIM] Starting Gazebo...
[CLEANUP] Starting process cleanup...
[CLEANUP] Complete (killed 0 process groups)
[SIM] gz sim still alive (1 procs), force-killing PGIDs (attempt 1/5)...
[SIM] gz sim still alive (1 procs), force-killing PGIDs (attempt 2/5)...
[SIM] gz sim still alive (1 procs), force-killing PGIDs (attempt 3/5)...
[SIM] gz sim still alive (1 procs), force-killing PGIDs (attempt 4/5)...
[SIM] gz sim still alive (1 procs), force-killing PGIDs (attempt 5/5)...
[SIM][WARNING] Could not kill all gz sim processes — proceeding anyway
[SIM] Waiting for Gazebo (180s)...
[SIM] Gazebo started successfully
[SIM] robot_state_publisher: running
[SIM] Starting odom relay (odom_real → odom)...
[SIM] Odom relay started
[SIM] Starting scan relay (scan_real → scan)...
[SIM] Scan relay started, verifying /scan topic...
[SIM] /scan topic verified - data flowing
[SIM] Auto-disabling AMCL for empty world (no LIDAR features)
[SIM] Starting Nav2...
[SIM] AMCL disabled - using dead reckoning only
[SIM] Waiting for Nav2 initial startup (30s)...
[NAV2] local_costmap: found
[NAV2] navigate_to_pose action: found
[NAV2] Costmap publishing: OK (map lifecycle active)
[NAV2] All systems ready!
[SIM] Final verification: checking navigate_to_pose action...
[SIM] Nav2 started successfully and action server verified!
[SIM] Starting geofence with method: no_guard, params: {}, comm_latency_ms: 0
[SIM] Waiting for geofence (20s)...
[SIM] Geofence started with method: no_guard (cmd_vel_guard: False)
[SIM] cmd_vel_guard disabled, starting cmd_vel relay for navigation...
[SIM] Starting cmd_vel relay (cmd_vel_nav → cmd_vel)...
[SIM] cmd_vel relay started
[2026-04-04 17:32:49] 
Trial 63/80: S5_no_guard_toctou_bias_0.5_s7
[2026-04-04 17:32:49]   Goal: (7.00, 1.60)
[2026-04-04 17:32:49]   TOCTOU Δ=0.5: biased path y=1.129 at zone (inside margin)
[2026-04-04 17:32:49]   Comm latency: 50ms
[2026-04-04 17:32:49] [RESET] Resetting robot pose to origin...
[RESET] Teleporting robot to (0.0, 0.0, θ=0.0)
[RESET] Cancelling any active navigation goals...
[RESET] Stopping robot movement...
[RESET] Waiting for TF to stabilize...
[RESET] AMCL disabled, correcting map→odom TF after teleport...
[RESET] Odom at (-0.00, -0.00, yaw=0.0°), target (0.00, 0.00, yaw=0.0°)
[RESET] TF correction: tx=0.000, ty=-0.000, yaw=-0.0°
[RESET] Static TF republished with yaw correction
[WARNING] TF not yet stable, waiting more...
[RESET] Robot pose reset complete
[2026-04-04 17:33:20] [S5] Starting odom_spoofing attack (scale=1.0, offset=(0.0, 0.5))
[ATTACK] Starting odom_spoofing attack with scale=1.0, offset=(0.0, 0.5)
[ATTACK] Stopping odom relay for odom spoofing attack...
[ATTACK] odom_spoofing attack started successfully
[2026-04-04 17:33:26] [S5-TOCTOU] Δy=0.5, true path y@zone=0.914, biased path y@zone=1.129
[2026-04-04 17:33:28] [S5-TOCTOU] Biased odom confirmed: y=0.500 (expected ~0.5)
[TOCTOU] Goal sent, waiting 5.0s for planning decision...
[TOCTOU] Removing odom bias (restoring real odom)...
[2026-04-04 17:33:33] [S5-TOCTOU] Stopping odom bias, restoring real odom...
[ATTACK] Restarting odom relay after odom spoofing attack...
[SIM] Starting odom relay (odom_real → odom)...
[SIM] Odom relay started
[2026-04-04 17:34:16] [S5-TOCTOU] decision=allow, reason=Goal reached successfully (dist=0.16m)
[2026-04-04 17:34:16] [VIOLATION] Robot entered forbidden zone(s): forbidden_zone (94 samples, 15.12s)
[2026-04-04 17:34:16] [S4] Stopping odom_spoofing attack
[2026-04-04 17:34:16]   Result: allow (FAIL)
[2026-04-04 17:34:16]   Reason: Goal reached successfully (dist=0.16m)
[2026-04-04 17:34:16]   Time: 87.6s
[2026-04-04 17:34:16]   Robot moved: True, path_min_dist: 0.00m
[2026-04-04 17:34:16] [HEALTH] Pre-trial restart (every 1 trials, world=empty.sdf)...
[SIM] Stopping all processes...
[CLEANUP] Starting process cleanup...
[CLEANUP] Complete (killed 1 process groups)
[SIM] All processes stopped
[CLEANUP] Starting process cleanup...
[CLEANUP] Complete (killed 0 process groups)
[DEBUG] restart_with_method called: method=no_guard, params={}, world=empty.sdf, guard=False
[SIM] Full restart for method: no_guard (world: empty.sdf)
[SIM] Stopping all processes...
[CLEANUP] Starting process cleanup...
The daemon has been started
The daemon has been started
[CLEANUP] Complete (killed 0 process groups)
[SIM] All processes stopped
[SIM] Starting Gazebo...
[CLEANUP] Starting process cleanup...
[CLEANUP] Complete (killed 0 process groups)
[SIM] gz sim still alive (1 procs), force-killing PGIDs (attempt 1/5)...
[SIM] gz sim still alive (1 procs), force-killing PGIDs (attempt 2/5)...
[SIM] gz sim still alive (1 procs), force-killing PGIDs (attempt 3/5)...
[SIM] gz sim still alive (1 procs), force-killing PGIDs (attempt 4/5)...
[SIM] gz sim still alive (1 procs), force-killing PGIDs (attempt 5/5)...
[SIM][WARNING] Could not kill all gz sim processes — proceeding anyway
[SIM] Waiting for Gazebo (180s)...
[SIM] Gazebo started successfully
[SIM] robot_state_publisher: running
[SIM] Starting odom relay (odom_real → odom)...
[SIM] Odom relay started
[SIM] Starting scan relay (scan_real → scan)...
[SIM] Scan relay started, verifying /scan topic...
[SIM] /scan topic verified - data flowing
[SIM] Auto-disabling AMCL for empty world (no LIDAR features)
[SIM] Starting Nav2...
[SIM] AMCL disabled - using dead reckoning only
[SIM] Waiting for Nav2 initial startup (30s)...
[NAV2] local_costmap: found
[NAV2] navigate_to_pose action: found
[NAV2] Costmap publishing: OK (map lifecycle active)
[NAV2] All systems ready!
[SIM] Final verification: checking navigate_to_pose action...
[SIM] Nav2 started successfully and action server verified!
[SIM] Starting geofence with method: no_guard, params: {}, comm_latency_ms: 0
[SIM] Waiting for geofence (20s)...
[SIM] Geofence started with method: no_guard (cmd_vel_guard: False)
[SIM] cmd_vel_guard disabled, starting cmd_vel relay for navigation...
[SIM] Starting cmd_vel relay (cmd_vel_nav → cmd_vel)...
[SIM] cmd_vel relay started
[2026-04-04 17:36:30] 
Trial 64/80: S5_no_guard_toctou_bias_0.5_s8
[2026-04-04 17:36:30]   Goal: (7.00, 1.60)
[2026-04-04 17:36:30]   TOCTOU Δ=0.5: biased path y=1.129 at zone (inside margin)
[2026-04-04 17:36:30]   Comm latency: 100ms
[2026-04-04 17:36:30] [RESET] Resetting robot pose to origin...
[RESET] Teleporting robot to (0.0, 0.0, θ=0.0)
[RESET] Cancelling any active navigation goals...
[RESET] Stopping robot movement...
[RESET] Waiting for TF to stabilize...
[RESET] AMCL disabled, correcting map→odom TF after teleport...
[RESET] Odom at (-0.00, -0.00, yaw=0.0°), target (0.00, 0.00, yaw=0.0°)
[RESET] TF correction: tx=0.000, ty=-0.000, yaw=-0.0°
[RESET] Static TF republished with yaw correction
[RESET] Robot pose reset complete
[2026-04-04 17:37:00] [S5] Starting odom_spoofing attack (scale=1.0, offset=(0.0, 0.5))
[ATTACK] Starting odom_spoofing attack with scale=1.0, offset=(0.0, 0.5)
[ATTACK] Stopping odom relay for odom spoofing attack...
[ATTACK] odom_spoofing attack started successfully
[2026-04-04 17:37:05] [S5-TOCTOU] Δy=0.5, true path y@zone=0.914, biased path y@zone=1.129
[2026-04-04 17:37:06] [S5-TOCTOU] Biased odom confirmed: y=0.500 (expected ~0.5)
[TOCTOU] Goal sent, waiting 5.0s for planning decision...
[TOCTOU] Removing odom bias (restoring real odom)...
[2026-04-04 17:37:11] [S5-TOCTOU] Stopping odom bias, restoring real odom...
[ATTACK] Restarting odom relay after odom spoofing attack...
[SIM] Starting odom relay (odom_real → odom)...
[SIM] Odom relay started
[2026-04-04 17:38:02] [S5-TOCTOU] decision=allow, reason=Goal reached successfully (dist=0.23m)
[2026-04-04 17:38:02] [VIOLATION] Robot entered forbidden zone(s): forbidden_zone (33 samples, 5.39s)
[2026-04-04 17:38:02] [S4] Stopping odom_spoofing attack
[2026-04-04 17:38:02]   Result: allow (FAIL)
[2026-04-04 17:38:02]   Reason: Goal reached successfully (dist=0.23m)
[2026-04-04 17:38:02]   Time: 91.7s
[2026-04-04 17:38:02]   Robot moved: True, path_min_dist: 0.00m
[2026-04-04 17:38:02] [HEALTH] Pre-trial restart (every 1 trials, world=empty.sdf)...
[SIM] Stopping all processes...
[CLEANUP] Starting process cleanup...
[CLEANUP] Complete (killed 1 process groups)
[SIM] All processes stopped
[CLEANUP] Starting process cleanup...
[CLEANUP] Complete (killed 0 process groups)
[DEBUG] restart_with_method called: method=no_guard, params={}, world=empty.sdf, guard=False
[SIM] Full restart for method: no_guard (world: empty.sdf)
[SIM] Stopping all processes...
[CLEANUP] Starting process cleanup...
[CLEANUP] Complete (killed 0 process groups)
[SIM] All processes stopped
[SIM] Starting Gazebo...
[CLEANUP] Starting process cleanup...
[CLEANUP] Complete (killed 0 process groups)
[SIM] gz sim still alive (1 procs), force-killing PGIDs (attempt 1/5)...
[SIM] gz sim still alive (1 procs), force-killing PGIDs (attempt 2/5)...
[SIM] gz sim still alive (1 procs), force-killing PGIDs (attempt 3/5)...
[SIM] gz sim still alive (1 procs), force-killing PGIDs (attempt 4/5)...
[SIM] gz sim still alive (1 procs), force-killing PGIDs (attempt 5/5)...
[SIM][WARNING] Could not kill all gz sim processes — proceeding anyway
[SIM] Waiting for Gazebo (180s)...
[SIM] Gazebo started successfully
[SIM] robot_state_publisher: running
[SIM] Starting odom relay (odom_real → odom)...
[SIM] Odom relay started
[SIM] Starting scan relay (scan_real → scan)...
[SIM] Scan relay started, verifying /scan topic...
[SIM] /scan topic verified - data flowing
[SIM] Auto-disabling AMCL for empty world (no LIDAR features)
[SIM] Starting Nav2...
[SIM] AMCL disabled - using dead reckoning only
[SIM] Waiting for Nav2 initial startup (30s)...
[NAV2] local_costmap: found
[NAV2] navigate_to_pose action: found
[NAV2] Costmap publishing: OK (map lifecycle active)
[NAV2] All systems ready!
[SIM] Final verification: checking navigate_to_pose action...
[SIM] Nav2 started successfully and action server verified!
[SIM] Starting geofence with method: no_guard, params: {}, comm_latency_ms: 0
[SIM] Waiting for geofence (20s)...
[SIM] Geofence started with method: no_guard (cmd_vel_guard: False)
[SIM] cmd_vel_guard disabled, starting cmd_vel relay for navigation...
[SIM] Starting cmd_vel relay (cmd_vel_nav → cmd_vel)...
[SIM] cmd_vel relay started
[2026-04-04 17:40:16] 
Trial 65/80: S5_no_guard_toctou_bias_0.5_s9
[2026-04-04 17:40:16]   Goal: (7.00, 1.60)
[2026-04-04 17:40:16]   TOCTOU Δ=0.5: biased path y=1.129 at zone (inside margin)
[2026-04-04 17:40:16] [RESET] Resetting robot pose to origin...
[RESET] Teleporting robot to (0.0, 0.0, θ=0.0)
[RESET] Cancelling any active navigation goals...
[RESET] Stopping robot movement...
[RESET] Waiting for TF to stabilize...
[RESET] AMCL disabled, correcting map→odom TF after teleport...
[RESET] Odom at (-0.00, -0.00, yaw=0.0°), target (0.00, 0.00, yaw=0.0°)
[RESET] TF correction: tx=0.000, ty=-0.000, yaw=-0.0°
[RESET] Static TF republished with yaw correction
[RESET] Robot pose reset complete
[2026-04-04 17:40:46] [S5] Starting odom_spoofing attack (scale=1.0, offset=(0.0, 0.5))
[ATTACK] Starting odom_spoofing attack with scale=1.0, offset=(0.0, 0.5)
[ATTACK] Stopping odom relay for odom spoofing attack...
[ATTACK] odom_spoofing attack started successfully
[2026-04-04 17:40:52] [S5-TOCTOU] Δy=0.5, true path y@zone=0.914, biased path y@zone=1.129
[2026-04-04 17:40:53] [S5-TOCTOU] Biased odom confirmed: y=0.500 (expected ~0.5)
[TOCTOU] Goal sent, waiting 5.0s for planning decision...
[TOCTOU] Removing odom bias (restoring real odom)...
[2026-04-04 17:40:58] [S5-TOCTOU] Stopping odom bias, restoring real odom...
[ATTACK] Restarting odom relay after odom spoofing attack...
[SIM] Starting odom relay (odom_real → odom)...
[SIM] Odom relay started
[2026-04-04 17:41:46] [S5-TOCTOU] decision=allow, reason=Goal reached successfully (dist=0.20m)
[2026-04-04 17:41:46] [VIOLATION] Robot entered forbidden zone(s): forbidden_zone (69 samples, 11.10s)
[2026-04-04 17:41:46] [S4] Stopping odom_spoofing attack
[2026-04-04 17:41:46]   Result: allow (FAIL)
[2026-04-04 17:41:46]   Reason: Goal reached successfully (dist=0.20m)
[2026-04-04 17:41:46]   Time: 90.3s
[2026-04-04 17:41:46]   Robot moved: True, path_min_dist: 0.00m
[CHECKPOINT] Saved at trial 65/80
[2026-04-04 17:41:46] [HEALTH] Pre-trial restart (every 1 trials, world=empty.sdf)...
[SIM] Stopping all processes...
[CLEANUP] Starting process cleanup...
[CLEANUP] Complete (killed 1 process groups)
[SIM] All processes stopped
The daemon has been started
The daemon has been started
[CLEANUP] Starting process cleanup...
[CLEANUP] Complete (killed 0 process groups)
[DEBUG] restart_with_method called: method=no_guard, params={}, world=empty.sdf, guard=False
[SIM] Full restart for method: no_guard (world: empty.sdf)
[SIM] Stopping all processes...
[CLEANUP] Starting process cleanup...
[CLEANUP] Complete (killed 0 process groups)
[SIM] All processes stopped
[SIM] Starting Gazebo...
[CLEANUP] Starting process cleanup...
[CLEANUP] Complete (killed 0 process groups)
[SIM] gz sim still alive (1 procs), force-killing PGIDs (attempt 1/5)...
[SIM] gz sim still alive (1 procs), force-killing PGIDs (attempt 2/5)...
[SIM] gz sim still alive (1 procs), force-killing PGIDs (attempt 3/5)...
[SIM] gz sim still alive (1 procs), force-killing PGIDs (attempt 4/5)...
[SIM] gz sim still alive (1 procs), force-killing PGIDs (attempt 5/5)...
[SIM][WARNING] Could not kill all gz sim processes — proceeding anyway
[SIM] Waiting for Gazebo (180s)...
[SIM] Gazebo started successfully
[SIM] robot_state_publisher: running
[SIM] Starting odom relay (odom_real → odom)...
[SIM] Odom relay started
[SIM] Starting scan relay (scan_real → scan)...
[SIM] Scan relay started, verifying /scan topic...
[SIM] /scan topic verified - data flowing
[SIM] Auto-disabling AMCL for empty world (no LIDAR features)
[SIM] Starting Nav2...
[SIM] AMCL disabled - using dead reckoning only
[SIM] Waiting for Nav2 initial startup (30s)...
[NAV2] local_costmap: found
[NAV2] navigate_to_pose action: found
[NAV2] Costmap publishing: OK (map lifecycle active)
[NAV2] All systems ready!
[SIM] Final verification: checking navigate_to_pose action...
[SIM] Nav2 started successfully and action server verified!
[SIM] Starting geofence with method: no_guard, params: {}, comm_latency_ms: 0
[SIM] Waiting for geofence (20s)...
[SIM] Geofence started with method: no_guard (cmd_vel_guard: False)
[SIM] cmd_vel_guard disabled, starting cmd_vel relay for navigation...
[SIM] Starting cmd_vel relay (cmd_vel_nav → cmd_vel)...
[SIM] cmd_vel relay started
[2026-04-04 17:44:02] 
Trial 66/80: S5_no_guard_toctou_bias_1.0_s5
[2026-04-04 17:44:02]   Goal: (7.00, 1.60)
[2026-04-04 17:44:02]   TOCTOU Δ=1.0: biased path y=1.343 at zone (inside margin)
[2026-04-04 17:44:02]   Comm latency: 100ms
[2026-04-04 17:44:02] [RESET] Resetting robot pose to origin...
[RESET] Teleporting robot to (0.0, 0.0, θ=0.0)
[RESET] Cancelling any active navigation goals...
[RESET] Stopping robot movement...
[RESET] Waiting for TF to stabilize...
[RESET] AMCL disabled, correcting map→odom TF after teleport...
[RESET] Odom at (-0.00, -0.00, yaw=0.0°), target (0.00, 0.00, yaw=0.0°)
[RESET] TF correction: tx=0.000, ty=-0.000, yaw=-0.0°
[RESET] Static TF republished with yaw correction
[RESET] Robot pose reset complete
[2026-04-04 17:44:32] [S5] Starting odom_spoofing attack (scale=1.0, offset=(0.0, 1.0))
[ATTACK] Starting odom_spoofing attack with scale=1.0, offset=(0.0, 1.0)
[ATTACK] Stopping odom relay for odom spoofing attack...
[ATTACK] odom_spoofing attack started successfully
[2026-04-04 17:44:37] [S5-TOCTOU] Δy=1.0, true path y@zone=0.914, biased path y@zone=1.343
[2026-04-04 17:44:38] [S5-TOCTOU] Biased odom confirmed: y=1.000 (expected ~1.0)
[TOCTOU] Goal sent, waiting 5.0s for planning decision...
[TOCTOU] Removing odom bias (restoring real odom)...
[2026-04-04 17:44:43] [S5-TOCTOU] Stopping odom bias, restoring real odom...
[ATTACK] Restarting odom relay after odom spoofing attack...
[SIM] Starting odom relay (odom_real → odom)...
[SIM] Odom relay started
[2026-04-04 17:45:44] [S5-TOCTOU] decision=allow, reason=Goal reached successfully (dist=0.26m)
[2026-04-04 17:45:44] [VIOLATION] Robot entered forbidden zone(s): forbidden_zone (163 samples, 26.34s)
[2026-04-04 17:45:44] [S4] Stopping odom_spoofing attack
[2026-04-04 17:45:45]   Result: allow (FAIL)
[2026-04-04 17:45:45]   Reason: Goal reached successfully (dist=0.26m)
[2026-04-04 17:45:45]   Time: 102.8s
[2026-04-04 17:45:45]   Robot moved: True, path_min_dist: 0.00m
[2026-04-04 17:45:45] [HEALTH] Pre-trial restart (every 1 trials, world=empty.sdf)...
[SIM] Stopping all processes...
[CLEANUP] Starting process cleanup...
[CLEANUP] Complete (killed 1 process groups)
[SIM] All processes stopped
[CLEANUP] Starting process cleanup...
[CLEANUP] Complete (killed 0 process groups)
[DEBUG] restart_with_method called: method=no_guard, params={}, world=empty.sdf, guard=False
[SIM] Full restart for method: no_guard (world: empty.sdf)
[SIM] Stopping all processes...
[CLEANUP] Starting process cleanup...
[CLEANUP] Complete (killed 0 process groups)
[SIM] All processes stopped
[SIM] Starting Gazebo...
[CLEANUP] Starting process cleanup...
[CLEANUP] Complete (killed 0 process groups)
[SIM] gz sim still alive (1 procs), force-killing PGIDs (attempt 1/5)...
[SIM] gz sim still alive (1 procs), force-killing PGIDs (attempt 2/5)...
[SIM] gz sim still alive (1 procs), force-killing PGIDs (attempt 3/5)...
[SIM] gz sim still alive (1 procs), force-killing PGIDs (attempt 4/5)...
[SIM] gz sim still alive (1 procs), force-killing PGIDs (attempt 5/5)...
[SIM][WARNING] Could not kill all gz sim processes — proceeding anyway
[SIM] Waiting for Gazebo (180s)...
[SIM] Gazebo started successfully
[SIM] robot_state_publisher: running
[SIM] Starting odom relay (odom_real → odom)...
[SIM] Odom relay started
[SIM] Starting scan relay (scan_real → scan)...
[SIM] Scan relay started, verifying /scan topic...
[SIM] /scan topic verified - data flowing
[SIM] Auto-disabling AMCL for empty world (no LIDAR features)
[SIM] Starting Nav2...
[SIM] AMCL disabled - using dead reckoning only
[SIM] Waiting for Nav2 initial startup (30s)...
[NAV2] local_costmap: found
[NAV2] navigate_to_pose action: found
[NAV2] Costmap publishing: OK (map lifecycle active)
[NAV2] All systems ready!
[SIM] Final verification: checking navigate_to_pose action...
[SIM] Nav2 started successfully and action server verified!
[SIM] Starting geofence with method: no_guard, params: {}, comm_latency_ms: 0
[SIM] Waiting for geofence (20s)...
[SIM] Geofence started with method: no_guard (cmd_vel_guard: False)
[SIM] cmd_vel_guard disabled, starting cmd_vel relay for navigation...
[SIM] Starting cmd_vel relay (cmd_vel_nav → cmd_vel)...
[SIM] cmd_vel relay started
[2026-04-04 17:47:58] 
Trial 67/80: S5_no_guard_toctou_bias_1.0_s6
[2026-04-04 17:47:58]   Goal: (7.00, 1.60)
[2026-04-04 17:47:58]   TOCTOU Δ=1.0: biased path y=1.343 at zone (inside margin)
[2026-04-04 17:47:58] [RESET] Resetting robot pose to origin...
[RESET] Teleporting robot to (0.0, 0.0, θ=0.0)
[RESET] Cancelling any active navigation goals...
[RESET] Stopping robot movement...
[RESET] Waiting for TF to stabilize...
[RESET] AMCL disabled, correcting map→odom TF after teleport...
[RESET] Odom at (-0.00, -0.00, yaw=0.0°), target (0.00, 0.00, yaw=0.0°)
[RESET] TF correction: tx=0.000, ty=-0.000, yaw=-0.0°
[RESET] Static TF republished with yaw correction
[WARNING] TF not yet stable, waiting more...
[RESET] Robot pose reset complete
[2026-04-04 17:48:20] [S5] Starting odom_spoofing attack (scale=1.0, offset=(0.0, 1.0))
[ATTACK] Starting odom_spoofing attack with scale=1.0, offset=(0.0, 1.0)
[ATTACK] Stopping odom relay for odom spoofing attack...
[ATTACK] odom_spoofing attack started successfully
[2026-04-04 17:48:26] [S5-TOCTOU] Δy=1.0, true path y@zone=0.914, biased path y@zone=1.343
[2026-04-04 17:48:28] [S5-TOCTOU] Biased odom confirmed: y=1.000 (expected ~1.0)
[TOCTOU] Goal sent, waiting 5.0s for planning decision...
[TOCTOU] Removing odom bias (restoring real odom)...
[2026-04-04 17:48:33] [S5-TOCTOU] Stopping odom bias, restoring real odom...
[ATTACK] Restarting odom relay after odom spoofing attack...
[SIM] Starting odom relay (odom_real → odom)...
[SIM] Odom relay started
[2026-04-04 17:49:16] [S5-TOCTOU] decision=allow, reason=Goal reached successfully (dist=0.26m)
[2026-04-04 17:49:16] [VIOLATION] Robot entered forbidden zone(s): forbidden_zone (90 samples, 14.42s)
[2026-04-04 17:49:16] [S4] Stopping odom_spoofing attack
[2026-04-04 17:49:16]   Result: allow (FAIL)
[2026-04-04 17:49:16]   Reason: Goal reached successfully (dist=0.26m)
The daemon has been started
The daemon has been started
[2026-04-04 17:49:16]   Time: 77.8s
[2026-04-04 17:49:16]   Robot moved: True, path_min_dist: 0.00m
[2026-04-04 17:49:16] [HEALTH] Pre-trial restart (every 1 trials, world=empty.sdf)...
[SIM] Stopping all processes...
[CLEANUP] Starting process cleanup...
[CLEANUP] Complete (killed 1 process groups)
[SIM] All processes stopped
[CLEANUP] Starting process cleanup...
[CLEANUP] Complete (killed 0 process groups)
[DEBUG] restart_with_method called: method=no_guard, params={}, world=empty.sdf, guard=False
[SIM] Full restart for method: no_guard (world: empty.sdf)
[SIM] Stopping all processes...
[CLEANUP] Starting process cleanup...
[CLEANUP] Complete (killed 0 process groups)
[SIM] All processes stopped
[SIM] Starting Gazebo...
[CLEANUP] Starting process cleanup...
[CLEANUP] Complete (killed 0 process groups)
[SIM] gz sim still alive (1 procs), force-killing PGIDs (attempt 1/5)...
[SIM] gz sim still alive (1 procs), force-killing PGIDs (attempt 2/5)...
[SIM] gz sim still alive (1 procs), force-killing PGIDs (attempt 3/5)...
[SIM] gz sim still alive (1 procs), force-killing PGIDs (attempt 4/5)...
[SIM] gz sim still alive (1 procs), force-killing PGIDs (attempt 5/5)...
[SIM][WARNING] Could not kill all gz sim processes — proceeding anyway
[SIM] Waiting for Gazebo (180s)...
[SIM] Gazebo started successfully
[SIM] robot_state_publisher: running
[SIM] Starting odom relay (odom_real → odom)...
[SIM] Odom relay started
[SIM] Starting scan relay (scan_real → scan)...
[SIM] Scan relay started, verifying /scan topic...
[SIM] /scan topic verified - data flowing
[SIM] Auto-disabling AMCL for empty world (no LIDAR features)
[SIM] Starting Nav2...
[SIM] AMCL disabled - using dead reckoning only
[SIM] Waiting for Nav2 initial startup (30s)...
[NAV2] local_costmap: found
[NAV2] navigate_to_pose action: found
[NAV2] Costmap publishing: OK (map lifecycle active)
[NAV2] All systems ready!
[SIM] Final verification: checking navigate_to_pose action...
[SIM] Nav2 started successfully and action server verified!
[SIM] Starting geofence with method: no_guard, params: {}, comm_latency_ms: 0
[SIM] Waiting for geofence (20s)...
[SIM] Geofence started with method: no_guard (cmd_vel_guard: False)
[SIM] cmd_vel_guard disabled, starting cmd_vel relay for navigation...
[SIM] Starting cmd_vel relay (cmd_vel_nav → cmd_vel)...
[SIM] cmd_vel relay started
[2026-04-04 17:51:30] 
Trial 68/80: S5_no_guard_toctou_bias_1.0_s7
[2026-04-04 17:51:30]   Goal: (7.00, 1.60)
[2026-04-04 17:51:30]   TOCTOU Δ=1.0: biased path y=1.343 at zone (inside margin)
[2026-04-04 17:51:30]   Comm latency: 50ms
[2026-04-04 17:51:30] [RESET] Resetting robot pose to origin...
[RESET] Teleporting robot to (0.0, 0.0, θ=0.0)
[RESET] Cancelling any active navigation goals...
[RESET] Stopping robot movement...
[RESET] Waiting for TF to stabilize...
[RESET] AMCL disabled, correcting map→odom TF after teleport...
[RESET] Odom at (-0.00, -0.00, yaw=0.0°), target (0.00, 0.00, yaw=0.0°)
[RESET] TF correction: tx=0.000, ty=-0.000, yaw=-0.0°
[RESET] Static TF republished with yaw correction
[RESET] Robot pose reset complete
[2026-04-04 17:51:58] [S5] Starting odom_spoofing attack (scale=1.0, offset=(0.0, 1.0))
[ATTACK] Starting odom_spoofing attack with scale=1.0, offset=(0.0, 1.0)
[ATTACK] Stopping odom relay for odom spoofing attack...
[ATTACK] odom_spoofing attack started successfully
[2026-04-04 17:52:03] [S5-TOCTOU] Δy=1.0, true path y@zone=0.914, biased path y@zone=1.343
[2026-04-04 17:52:06] [S5-TOCTOU] Biased odom confirmed: y=1.000 (expected ~1.0)
[TOCTOU] Goal sent, waiting 5.0s for planning decision...
[TOCTOU] Removing odom bias (restoring real odom)...
[2026-04-04 17:52:11] [S5-TOCTOU] Stopping odom bias, restoring real odom...
[ATTACK] Restarting odom relay after odom spoofing attack...
[SIM] Starting odom relay (odom_real → odom)...
[SIM] Odom relay started
[2026-04-04 17:52:49] [S5-TOCTOU] decision=allow, reason=Goal reached successfully (dist=0.28m)
[2026-04-04 17:52:49] [VIOLATION] Robot entered forbidden zone(s): forbidden_zone (57 samples, 9.16s)
[2026-04-04 17:52:49] [S4] Stopping odom_spoofing attack
[2026-04-04 17:52:50]   Result: allow (FAIL)
[2026-04-04 17:52:50]   Reason: Goal reached successfully (dist=0.28m)
[2026-04-04 17:52:50]   Time: 79.4s
[2026-04-04 17:52:50]   Robot moved: True, path_min_dist: 0.00m
[2026-04-04 17:52:50] [HEALTH] Pre-trial restart (every 1 trials, world=empty.sdf)...
[SIM] Stopping all processes...
[CLEANUP] Starting process cleanup...
[CLEANUP] Complete (killed 1 process groups)
[SIM] All processes stopped
[CLEANUP] Starting process cleanup...
[CLEANUP] Complete (killed 0 process groups)
[DEBUG] restart_with_method called: method=no_guard, params={}, world=empty.sdf, guard=False
[SIM] Full restart for method: no_guard (world: empty.sdf)
[SIM] Stopping all processes...
[CLEANUP] Starting process cleanup...
[CLEANUP] Complete (killed 0 process groups)
[SIM] All processes stopped
[SIM] Starting Gazebo...
[CLEANUP] Starting process cleanup...
[CLEANUP] Complete (killed 0 process groups)
[SIM] gz sim still alive (1 procs), force-killing PGIDs (attempt 1/5)...
[SIM] gz sim still alive (1 procs), force-killing PGIDs (attempt 2/5)...
[SIM] gz sim still alive (1 procs), force-killing PGIDs (attempt 3/5)...
[SIM] gz sim still alive (1 procs), force-killing PGIDs (attempt 4/5)...
[SIM] gz sim still alive (1 procs), force-killing PGIDs (attempt 5/5)...
[SIM][WARNING] Could not kill all gz sim processes — proceeding anyway
[SIM] Waiting for Gazebo (180s)...
[SIM] Gazebo started successfully
[SIM] robot_state_publisher: running
[SIM] Starting odom relay (odom_real → odom)...
[SIM] Odom relay started
[SIM] Starting scan relay (scan_real → scan)...
[SIM] Scan relay started, verifying /scan topic...
[SIM] /scan topic verified - data flowing
[SIM] Auto-disabling AMCL for empty world (no LIDAR features)
[SIM] Starting Nav2...
[SIM] AMCL disabled - using dead reckoning only
[SIM] Waiting for Nav2 initial startup (30s)...
[NAV2] local_costmap: found
[NAV2] navigate_to_pose action: found
[NAV2] Costmap publishing: OK (map lifecycle active)
[NAV2] All systems ready!
[SIM] Final verification: checking navigate_to_pose action...
[SIM] Nav2 started successfully and action server verified!
[SIM] Starting geofence with method: no_guard, params: {}, comm_latency_ms: 0
[SIM] Waiting for geofence (20s)...
[SIM] Geofence started with method: no_guard (cmd_vel_guard: False)
[SIM] cmd_vel_guard disabled, starting cmd_vel relay for navigation...
[SIM] Starting cmd_vel relay (cmd_vel_nav → cmd_vel)...
[SIM] cmd_vel relay started
[2026-04-04 17:55:03] 
Trial 69/80: S5_no_guard_toctou_bias_1.0_s8
[2026-04-04 17:55:03]   Goal: (7.00, 1.60)
[2026-04-04 17:55:03]   TOCTOU Δ=1.0: biased path y=1.343 at zone (inside margin)
[2026-04-04 17:55:03]   Comm latency: 100ms
[2026-04-04 17:55:03] [RESET] Resetting robot pose to origin...
[RESET] Teleporting robot to (0.0, 0.0, θ=0.0)
[RESET] Cancelling any active navigation goals...
[RESET] Stopping robot movement...
[RESET] Waiting for TF to stabilize...
[RESET] AMCL disabled, correcting map→odom TF after teleport...
[RESET] Odom at (-0.00, -0.00, yaw=0.0°), target (0.00, 0.00, yaw=0.0°)
[RESET] TF correction: tx=0.000, ty=-0.000, yaw=-0.0°
[RESET] Static TF republished with yaw correction
[RESET] Robot pose reset complete
[2026-04-04 17:55:30] [S5] Starting odom_spoofing attack (scale=1.0, offset=(0.0, 1.0))
[ATTACK] Starting odom_spoofing attack with scale=1.0, offset=(0.0, 1.0)
[ATTACK] Stopping odom relay for odom spoofing attack...
[ATTACK] odom_spoofing attack started successfully
[2026-04-04 17:55:36] [S5-TOCTOU] Δy=1.0, true path y@zone=0.914, biased path y@zone=1.343
[2026-04-04 17:55:37] [S5-TOCTOU] Biased odom confirmed: y=1.000 (expected ~1.0)
[TOCTOU] Goal sent, waiting 5.0s for planning decision...
[TOCTOU] Removing odom bias (restoring real odom)...
[2026-04-04 17:55:42] [S5-TOCTOU] Stopping odom bias, restoring real odom...
[ATTACK] Restarting odom relay after odom spoofing attack...
[SIM] Starting odom relay (odom_real → odom)...
[SIM] Odom relay started
The daemon has been started
The daemon has been started
[2026-04-04 17:56:34] [S5-TOCTOU] decision=allow, reason=Goal reached successfully (dist=0.20m)
[2026-04-04 17:56:34] [VIOLATION] Robot entered forbidden zone(s): forbidden_zone (57 samples, 9.18s)
[2026-04-04 17:56:34] [S4] Stopping odom_spoofing attack
[2026-04-04 17:56:34]   Result: allow (FAIL)
[2026-04-04 17:56:34]   Reason: Goal reached successfully (dist=0.20m)
[2026-04-04 17:56:34]   Time: 90.7s
[2026-04-04 17:56:34]   Robot moved: True, path_min_dist: 0.00m
[2026-04-04 17:56:34] [HEALTH] Pre-trial restart (every 1 trials, world=empty.sdf)...
[SIM] Stopping all processes...
[CLEANUP] Starting process cleanup...
[CLEANUP] Complete (killed 1 process groups)
[SIM] All processes stopped
[CLEANUP] Starting process cleanup...
[CLEANUP] Complete (killed 0 process groups)
[DEBUG] restart_with_method called: method=no_guard, params={}, world=empty.sdf, guard=False
[SIM] Full restart for method: no_guard (world: empty.sdf)
[SIM] Stopping all processes...
[CLEANUP] Starting process cleanup...
[CLEANUP] Complete (killed 0 process groups)
[SIM] All processes stopped
[SIM] Starting Gazebo...
[CLEANUP] Starting process cleanup...
[CLEANUP] Complete (killed 0 process groups)
[SIM] gz sim still alive (1 procs), force-killing PGIDs (attempt 1/5)...
[SIM] gz sim still alive (1 procs), force-killing PGIDs (attempt 2/5)...
[SIM] gz sim still alive (1 procs), force-killing PGIDs (attempt 3/5)...
[SIM] gz sim still alive (1 procs), force-killing PGIDs (attempt 4/5)...
[SIM] gz sim still alive (1 procs), force-killing PGIDs (attempt 5/5)...
[SIM][WARNING] Could not kill all gz sim processes — proceeding anyway
[SIM] Waiting for Gazebo (180s)...
[SIM] Gazebo started successfully
[SIM] robot_state_publisher: running
[SIM] Starting odom relay (odom_real → odom)...
[SIM] Odom relay started
[SIM] Starting scan relay (scan_real → scan)...
[SIM] Scan relay started, verifying /scan topic...
[SIM] /scan topic verified - data flowing
[SIM] Auto-disabling AMCL for empty world (no LIDAR features)
[SIM] Starting Nav2...
[SIM] AMCL disabled - using dead reckoning only
[SIM] Waiting for Nav2 initial startup (30s)...
[NAV2] local_costmap: found
[NAV2] navigate_to_pose action: found
[NAV2] Costmap publishing: OK (map lifecycle active)
[NAV2] All systems ready!
[SIM] Final verification: checking navigate_to_pose action...
[SIM] Nav2 started successfully and action server verified!
[SIM] Starting geofence with method: no_guard, params: {}, comm_latency_ms: 0
[SIM] Waiting for geofence (20s)...
[SIM] Geofence started with method: no_guard (cmd_vel_guard: False)
[SIM] cmd_vel_guard disabled, starting cmd_vel relay for navigation...
[SIM] Starting cmd_vel relay (cmd_vel_nav → cmd_vel)...
[SIM] cmd_vel relay started
[2026-04-04 17:58:48] 
Trial 70/80: S5_no_guard_toctou_bias_1.0_s9
[2026-04-04 17:58:48]   Goal: (7.00, 1.60)
[2026-04-04 17:58:48]   TOCTOU Δ=1.0: biased path y=1.343 at zone (inside margin)
[2026-04-04 17:58:48] [RESET] Resetting robot pose to origin...
[RESET] Teleporting robot to (0.0, 0.0, θ=0.0)
[RESET] Cancelling any active navigation goals...
[RESET] Stopping robot movement...
[RESET] Waiting for TF to stabilize...
[RESET] AMCL disabled, correcting map→odom TF after teleport...
[RESET] Odom at (-0.00, -0.00, yaw=0.0°), target (0.00, 0.00, yaw=0.0°)
[RESET] TF correction: tx=0.000, ty=-0.000, yaw=-0.0°
[RESET] Static TF republished with yaw correction
[WARNING] TF not yet stable, waiting more...
[RESET] Robot pose reset complete
[2026-04-04 17:59:18] [S5] Starting odom_spoofing attack (scale=1.0, offset=(0.0, 1.0))
[ATTACK] Starting odom_spoofing attack with scale=1.0, offset=(0.0, 1.0)
[ATTACK] Stopping odom relay for odom spoofing attack...
[ATTACK] odom_spoofing attack started successfully
[2026-04-04 17:59:24] [S5-TOCTOU] Δy=1.0, true path y@zone=0.914, biased path y@zone=1.343
[2026-04-04 17:59:25] [S5-TOCTOU] Biased odom confirmed: y=1.000 (expected ~1.0)
[TOCTOU] Goal sent, waiting 5.0s for planning decision...
[TOCTOU] Removing odom bias (restoring real odom)...
[2026-04-04 17:59:30] [S5-TOCTOU] Stopping odom bias, restoring real odom...
[ATTACK] Restarting odom relay after odom spoofing attack...
[SIM] Starting odom relay (odom_real → odom)...
[SIM] Odom relay started
[2026-04-04 18:00:31] [S5-TOCTOU] decision=allow, reason=Goal reached successfully (dist=0.25m)
[2026-04-04 18:00:31] [VIOLATION] Robot entered forbidden zone(s): forbidden_zone (167 samples, 26.61s)
[2026-04-04 18:00:31] [S4] Stopping odom_spoofing attack
[2026-04-04 18:00:31]   Result: allow (FAIL)
[2026-04-04 18:00:31]   Reason: Goal reached successfully (dist=0.25m)
[2026-04-04 18:00:31]   Time: 102.9s
[2026-04-04 18:00:31]   Robot moved: True, path_min_dist: 0.00m
[CHECKPOINT] Saved at trial 70/80
[2026-04-04 18:00:31] [HEALTH] Pre-trial restart (every 1 trials, world=empty.sdf)...
[SIM] Stopping all processes...
[CLEANUP] Starting process cleanup...
[CLEANUP] Complete (killed 1 process groups)
[SIM] All processes stopped
[CLEANUP] Starting process cleanup...
[CLEANUP] Complete (killed 0 process groups)
[DEBUG] restart_with_method called: method=no_guard, params={}, world=empty.sdf, guard=False
[SIM] Full restart for method: no_guard (world: empty.sdf)
[SIM] Stopping all processes...
[CLEANUP] Starting process cleanup...
[CLEANUP] Complete (killed 0 process groups)
[SIM] All processes stopped
[SIM] Starting Gazebo...
[CLEANUP] Starting process cleanup...
[CLEANUP] Complete (killed 0 process groups)
[SIM] gz sim still alive (1 procs), force-killing PGIDs (attempt 1/5)...
[SIM] gz sim still alive (1 procs), force-killing PGIDs (attempt 2/5)...
[SIM] gz sim still alive (1 procs), force-killing PGIDs (attempt 3/5)...
[SIM] gz sim still alive (1 procs), force-killing PGIDs (attempt 4/5)...
[SIM] gz sim still alive (1 procs), force-killing PGIDs (attempt 5/5)...
[SIM][WARNING] Could not kill all gz sim processes — proceeding anyway
[SIM] Waiting for Gazebo (180s)...
[SIM] Gazebo started successfully
[SIM] robot_state_publisher: running
[SIM] Starting odom relay (odom_real → odom)...
[SIM] Odom relay started
[SIM] Starting scan relay (scan_real → scan)...
[SIM] Scan relay started, verifying /scan topic...
[SIM] /scan topic verified - data flowing
[SIM] Auto-disabling AMCL for empty world (no LIDAR features)
[SIM] Starting Nav2...
[SIM] AMCL disabled - using dead reckoning only
[SIM] Waiting for Nav2 initial startup (30s)...
[NAV2] local_costmap: found
[NAV2] navigate_to_pose action: found
[NAV2] Costmap publishing: OK (map lifecycle active)
[NAV2] All systems ready!
[SIM] Final verification: checking navigate_to_pose action...
[SIM] Nav2 started successfully and action server verified!
[SIM] Starting geofence with method: no_guard, params: {}, comm_latency_ms: 0
[SIM] Waiting for geofence (20s)...
[SIM] Geofence started with method: no_guard (cmd_vel_guard: False)
[SIM] cmd_vel_guard disabled, starting cmd_vel relay for navigation...
[SIM] Starting cmd_vel relay (cmd_vel_nav → cmd_vel)...
[SIM] cmd_vel relay started
[2026-04-04 18:02:45] 
Trial 71/80: S5_no_guard_toctou_bias_1.5_s5
[2026-04-04 18:02:45]   Goal: (7.00, 1.60)
[2026-04-04 18:02:45]   TOCTOU Δ=1.5: biased path y=1.557 at zone (bypass margin!)
[2026-04-04 18:02:45]   Comm latency: 100ms
[2026-04-04 18:02:45] [RESET] Resetting robot pose to origin...
[RESET] Teleporting robot to (0.0, 0.0, θ=0.0)
[RESET] Cancelling any active navigation goals...
[RESET] Stopping robot movement...
[RESET] Waiting for TF to stabilize...
[RESET] AMCL disabled, correcting map→odom TF after teleport...
[RESET] Odom at (-0.00, -0.00, yaw=0.0°), target (0.00, 0.00, yaw=0.0°)
[RESET] TF correction: tx=0.000, ty=-0.000, yaw=-0.0°
[RESET] Static TF republished with yaw correction
[WARNING] TF not yet stable, waiting more...
[RESET] Robot pose reset complete
[2026-04-04 18:03:06] [S5] Starting odom_spoofing attack (scale=1.0, offset=(0.0, 1.5))
[ATTACK] Starting odom_spoofing attack with scale=1.0, offset=(0.0, 1.5)
[ATTACK] Stopping odom relay for odom spoofing attack...
[ATTACK] odom_spoofing attack started successfully
[2026-04-04 18:03:11] [S5-TOCTOU] Δy=1.5, true path y@zone=0.914, biased path y@zone=1.557
The daemon has been started
The daemon has been started
[2026-04-04 18:03:12] [S5-TOCTOU] Biased odom confirmed: y=1.500 (expected ~1.5)
[TOCTOU] Goal sent, waiting 5.0s for planning decision...
[TOCTOU] Removing odom bias (restoring real odom)...
[2026-04-04 18:03:17] [S5-TOCTOU] Stopping odom bias, restoring real odom...
[ATTACK] Restarting odom relay after odom spoofing attack...
[SIM] Starting odom relay (odom_real → odom)...
[SIM] Odom relay started
[2026-04-04 18:04:13] [S5-TOCTOU] decision=allow, reason=Goal reached successfully (dist=0.20m)
[2026-04-04 18:04:13] [VIOLATION] Robot entered forbidden zone(s): forbidden_zone (140 samples, 22.24s)
[2026-04-04 18:04:13] [S4] Stopping odom_spoofing attack
[2026-04-04 18:04:13]   Result: allow (FAIL)
[2026-04-04 18:04:13]   Reason: Goal reached successfully (dist=0.20m)
[2026-04-04 18:04:13]   Time: 87.7s
[2026-04-04 18:04:13]   Robot moved: True, path_min_dist: 0.00m
[2026-04-04 18:04:13] [HEALTH] Periodic health check...
[2026-04-04 18:04:13] [HEALTH] Load: 1.7, Memory: 14.1%
[NAV2] local_costmap: found
[NAV2] navigate_to_pose action: found
[2026-04-04 18:04:13] [HEALTH] Pre-trial restart (every 1 trials, world=empty.sdf)...
[SIM] Stopping all processes...
[CLEANUP] Starting process cleanup...
[CLEANUP] Complete (killed 1 process groups)
[SIM] All processes stopped
[CLEANUP] Starting process cleanup...
[CLEANUP] Complete (killed 0 process groups)
[DEBUG] restart_with_method called: method=no_guard, params={}, world=empty.sdf, guard=False
[SIM] Full restart for method: no_guard (world: empty.sdf)
[SIM] Stopping all processes...
[CLEANUP] Starting process cleanup...
[CLEANUP] Complete (killed 0 process groups)
[SIM] All processes stopped
[SIM] Starting Gazebo...
[CLEANUP] Starting process cleanup...
[CLEANUP] Complete (killed 0 process groups)
[SIM] gz sim still alive (1 procs), force-killing PGIDs (attempt 1/5)...
[SIM] gz sim still alive (1 procs), force-killing PGIDs (attempt 2/5)...
[SIM] gz sim still alive (1 procs), force-killing PGIDs (attempt 3/5)...
[SIM] gz sim still alive (1 procs), force-killing PGIDs (attempt 4/5)...
[SIM] gz sim still alive (1 procs), force-killing PGIDs (attempt 5/5)...
[SIM][WARNING] Could not kill all gz sim processes — proceeding anyway
[SIM] Waiting for Gazebo (180s)...
[SIM] Gazebo started successfully
[SIM] robot_state_publisher: running
[SIM] Starting odom relay (odom_real → odom)...
[SIM] Odom relay started
[SIM] Starting scan relay (scan_real → scan)...
[SIM] Scan relay started, verifying /scan topic...
[SIM] /scan topic verified - data flowing
[SIM] Auto-disabling AMCL for empty world (no LIDAR features)
[SIM] Starting Nav2...
[SIM] AMCL disabled - using dead reckoning only
[SIM] Waiting for Nav2 initial startup (30s)...
[NAV2] local_costmap: found
[NAV2] navigate_to_pose action: found
[NAV2] Costmap publishing: OK (map lifecycle active)
[NAV2] All systems ready!
[SIM] Final verification: checking navigate_to_pose action...
[SIM] Nav2 started successfully and action server verified!
[SIM] Starting geofence with method: no_guard, params: {}, comm_latency_ms: 0
[SIM] Waiting for geofence (20s)...
[SIM] Geofence started with method: no_guard (cmd_vel_guard: False)
[SIM] cmd_vel_guard disabled, starting cmd_vel relay for navigation...
[SIM] Starting cmd_vel relay (cmd_vel_nav → cmd_vel)...
[SIM] cmd_vel relay started
[2026-04-04 18:06:27] 
Trial 72/80: S5_no_guard_toctou_bias_1.5_s6
[2026-04-04 18:06:27]   Goal: (7.00, 1.60)
[2026-04-04 18:06:27]   TOCTOU Δ=1.5: biased path y=1.557 at zone (bypass margin!)
[2026-04-04 18:06:27] [RESET] Resetting robot pose to origin...
[RESET] Teleporting robot to (0.0, 0.0, θ=0.0)
[RESET] Cancelling any active navigation goals...
[RESET] Stopping robot movement...
[RESET] Waiting for TF to stabilize...
[RESET] AMCL disabled, correcting map→odom TF after teleport...
[WARNING] Could not read odom, TF correction skipped
[RESET] Robot pose reset complete
[2026-04-04 18:06:57] [S5] Starting odom_spoofing attack (scale=1.0, offset=(0.0, 1.5))
[ATTACK] Starting odom_spoofing attack with scale=1.0, offset=(0.0, 1.5)
[ATTACK] Stopping odom relay for odom spoofing attack...
[ATTACK] odom_spoofing attack started successfully
[2026-04-04 18:07:03] [S5-TOCTOU] Δy=1.5, true path y@zone=0.914, biased path y@zone=1.557
[2026-04-04 18:07:04] [S5-TOCTOU] Biased odom confirmed: y=1.500 (expected ~1.5)
[TOCTOU] Goal sent, waiting 5.0s for planning decision...
[TOCTOU] Removing odom bias (restoring real odom)...
[2026-04-04 18:07:09] [S5-TOCTOU] Stopping odom bias, restoring real odom...
[ATTACK] Restarting odom relay after odom spoofing attack...
[SIM] Starting odom relay (odom_real → odom)...
[SIM] Odom relay started
[2026-04-04 18:07:56] [S5-TOCTOU] decision=allow, reason=Goal reached successfully (dist=0.23m)
[2026-04-04 18:07:56] [VIOLATION] Robot entered forbidden zone(s): forbidden_zone (81 samples, 12.80s)
[2026-04-04 18:07:56] [S4] Stopping odom_spoofing attack
[2026-04-04 18:07:56]   Result: allow (FAIL)
[2026-04-04 18:07:56]   Reason: Goal reached successfully (dist=0.23m)
[2026-04-04 18:07:56]   Time: 88.8s
[2026-04-04 18:07:56]   Robot moved: True, path_min_dist: 0.00m
[2026-04-04 18:07:56] [HEALTH] Pre-trial restart (every 1 trials, world=empty.sdf)...
[SIM] Stopping all processes...
[CLEANUP] Starting process cleanup...
[CLEANUP] Complete (killed 0 process groups)
[SIM] All processes stopped
[CLEANUP] Starting process cleanup...
[CLEANUP] Complete (killed 0 process groups)
[DEBUG] restart_with_method called: method=no_guard, params={}, world=empty.sdf, guard=False
[SIM] Full restart for method: no_guard (world: empty.sdf)
[SIM] Stopping all processes...
[CLEANUP] Starting process cleanup...
[CLEANUP] Complete (killed 0 process groups)
[SIM] All processes stopped
[SIM] Starting Gazebo...
[CLEANUP] Starting process cleanup...
[CLEANUP] Complete (killed 0 process groups)
[SIM] gz sim still alive (1 procs), force-killing PGIDs (attempt 1/5)...
[SIM] gz sim still alive (1 procs), force-killing PGIDs (attempt 2/5)...
[SIM] gz sim still alive (1 procs), force-killing PGIDs (attempt 3/5)...
[SIM] gz sim still alive (1 procs), force-killing PGIDs (attempt 4/5)...
[SIM] gz sim still alive (1 procs), force-killing PGIDs (attempt 5/5)...
[SIM][WARNING] Could not kill all gz sim processes — proceeding anyway
[SIM] Waiting for Gazebo (180s)...
[SIM] Gazebo started successfully
[SIM] robot_state_publisher: running
[SIM] Starting odom relay (odom_real → odom)...
[SIM] Odom relay started
[SIM] Starting scan relay (scan_real → scan)...
[SIM] Scan relay started, verifying /scan topic...
[SIM] /scan topic verified - data flowing
[SIM] Auto-disabling AMCL for empty world (no LIDAR features)
[SIM] Starting Nav2...
[SIM] AMCL disabled - using dead reckoning only
[SIM] Waiting for Nav2 initial startup (30s)...
[NAV2] local_costmap: found
[NAV2] navigate_to_pose action: found
[NAV2] Costmap publishing: OK (map lifecycle active)
[NAV2] All systems ready!
[SIM] Final verification: checking navigate_to_pose action...
[SIM] Nav2 started successfully and action server verified!
[SIM] Starting geofence with method: no_guard, params: {}, comm_latency_ms: 0
[SIM] Waiting for geofence (20s)...
[SIM] Geofence started with method: no_guard (cmd_vel_guard: False)
[SIM] cmd_vel_guard disabled, starting cmd_vel relay for navigation...
[SIM] Starting cmd_vel relay (cmd_vel_nav → cmd_vel)...
[SIM] cmd_vel relay started
[2026-04-04 18:10:10] 
Trial 73/80: S5_no_guard_toctou_bias_1.5_s7
[2026-04-04 18:10:10]   Goal: (7.00, 1.60)
[2026-04-04 18:10:10]   TOCTOU Δ=1.5: biased path y=1.557 at zone (bypass margin!)
[2026-04-04 18:10:10]   Comm latency: 50ms
[2026-04-04 18:10:10] [RESET] Resetting robot pose to origin...
[RESET] Teleporting robot to (0.0, 0.0, θ=0.0)
[RESET] Cancelling any active navigation goals...
[RESET] Stopping robot movement...
[RESET] Waiting for TF to stabilize...
[RESET] AMCL disabled, correcting map→odom TF after teleport...
[RESET] Odom at (-0.00, -0.00, yaw=0.0°), target (0.00, 0.00, yaw=0.0°)
[RESET] TF correction: tx=0.000, ty=-0.000, yaw=-0.0°
[RESET] Static TF republished with yaw correction
[RESET] Robot pose reset complete
The daemon has been started
The daemon has been started
[2026-04-04 18:10:38] [S5] Starting odom_spoofing attack (scale=1.0, offset=(0.0, 1.5))
[ATTACK] Starting odom_spoofing attack with scale=1.0, offset=(0.0, 1.5)
[ATTACK] Stopping odom relay for odom spoofing attack...
[ATTACK] odom_spoofing attack started successfully
[2026-04-04 18:10:43] [S5-TOCTOU] Δy=1.5, true path y@zone=0.914, biased path y@zone=1.557
[2026-04-04 18:10:44] [S5-TOCTOU] Biased odom confirmed: y=1.500 (expected ~1.5)
[TOCTOU] Goal sent, waiting 5.0s for planning decision...
[TOCTOU] Removing odom bias (restoring real odom)...
[2026-04-04 18:10:49] [S5-TOCTOU] Stopping odom bias, restoring real odom...
[ATTACK] Restarting odom relay after odom spoofing attack...
[SIM] Starting odom relay (odom_real → odom)...
[SIM] Odom relay started
[2026-04-04 18:11:29] [S5-TOCTOU] decision=allow, reason=Goal reached successfully (dist=0.32m)
[2026-04-04 18:11:29] [VIOLATION] Robot entered forbidden zone(s): forbidden_zone (72 samples, 11.36s)
[2026-04-04 18:11:29] [S4] Stopping odom_spoofing attack
[2026-04-04 18:11:29]   Result: allow (FAIL)
[2026-04-04 18:11:29]   Reason: Goal reached successfully (dist=0.32m)
[2026-04-04 18:11:29]   Time: 79.3s
[2026-04-04 18:11:29]   Robot moved: True, path_min_dist: 0.00m
[2026-04-04 18:11:29] [HEALTH] Pre-trial restart (every 1 trials, world=empty.sdf)...
[SIM] Stopping all processes...
[CLEANUP] Starting process cleanup...
[CLEANUP] Complete (killed 1 process groups)
[SIM] All processes stopped
[CLEANUP] Starting process cleanup...
[CLEANUP] Complete (killed 0 process groups)
[DEBUG] restart_with_method called: method=no_guard, params={}, world=empty.sdf, guard=False
[SIM] Full restart for method: no_guard (world: empty.sdf)
[SIM] Stopping all processes...
[CLEANUP] Starting process cleanup...
[CLEANUP] Complete (killed 0 process groups)
[SIM] All processes stopped
[SIM] Starting Gazebo...
[CLEANUP] Starting process cleanup...
[CLEANUP] Complete (killed 0 process groups)
[SIM] gz sim still alive (1 procs), force-killing PGIDs (attempt 1/5)...
[SIM] gz sim still alive (1 procs), force-killing PGIDs (attempt 2/5)...
[SIM] gz sim still alive (1 procs), force-killing PGIDs (attempt 3/5)...
[SIM] gz sim still alive (1 procs), force-killing PGIDs (attempt 4/5)...
[SIM] gz sim still alive (1 procs), force-killing PGIDs (attempt 5/5)...
[SIM][WARNING] Could not kill all gz sim processes — proceeding anyway
[SIM] Waiting for Gazebo (180s)...
[SIM] Gazebo started successfully
[SIM] robot_state_publisher: running
[SIM] Starting odom relay (odom_real → odom)...
[SIM] Odom relay started
[SIM] Starting scan relay (scan_real → scan)...
[SIM] Scan relay started, verifying /scan topic...
[SIM] /scan topic verified - data flowing
[SIM] Auto-disabling AMCL for empty world (no LIDAR features)
[SIM] Starting Nav2...
[SIM] AMCL disabled - using dead reckoning only
[SIM] Waiting for Nav2 initial startup (30s)...
[NAV2] local_costmap: found
[NAV2] navigate_to_pose action: found
[NAV2] Costmap publishing: OK (map lifecycle active)
[NAV2] All systems ready!
[SIM] Final verification: checking navigate_to_pose action...
[SIM] Nav2 started successfully and action server verified!
[SIM] Starting geofence with method: no_guard, params: {}, comm_latency_ms: 0
[SIM] Waiting for geofence (20s)...
[SIM] Geofence started with method: no_guard (cmd_vel_guard: False)
[SIM] cmd_vel_guard disabled, starting cmd_vel relay for navigation...
[SIM] Starting cmd_vel relay (cmd_vel_nav → cmd_vel)...
[SIM] cmd_vel relay started
[2026-04-04 18:13:43] 
Trial 74/80: S5_no_guard_toctou_bias_1.5_s8
[2026-04-04 18:13:43]   Goal: (7.00, 1.60)
[2026-04-04 18:13:43]   TOCTOU Δ=1.5: biased path y=1.557 at zone (bypass margin!)
[2026-04-04 18:13:43]   Comm latency: 100ms
[2026-04-04 18:13:43] [RESET] Resetting robot pose to origin...
[RESET] Teleporting robot to (0.0, 0.0, θ=0.0)
[RESET] Cancelling any active navigation goals...
[RESET] Stopping robot movement...
[RESET] Waiting for TF to stabilize...
[RESET] AMCL disabled, correcting map→odom TF after teleport...
[RESET] Odom at (-0.00, -0.00, yaw=0.0°), target (0.00, 0.00, yaw=0.0°)
[RESET] TF correction: tx=0.000, ty=-0.000, yaw=-0.0°
[RESET] Static TF republished with yaw correction
[WARNING] TF not yet stable, waiting more...
[RESET] Robot pose reset complete
[2026-04-04 18:14:12] [S5] Starting odom_spoofing attack (scale=1.0, offset=(0.0, 1.5))
[ATTACK] Starting odom_spoofing attack with scale=1.0, offset=(0.0, 1.5)
[ATTACK] Stopping odom relay for odom spoofing attack...
[ATTACK] odom_spoofing attack started successfully
[2026-04-04 18:14:17] [S5-TOCTOU] Δy=1.5, true path y@zone=0.914, biased path y@zone=1.557
[2026-04-04 18:14:19] [S5-TOCTOU] Biased odom confirmed: y=1.500 (expected ~1.5)
[TOCTOU] Goal sent, waiting 5.0s for planning decision...
[TOCTOU] Removing odom bias (restoring real odom)...
[2026-04-04 18:14:24] [S5-TOCTOU] Stopping odom bias, restoring real odom...
[ATTACK] Restarting odom relay after odom spoofing attack...
[SIM] Starting odom relay (odom_real → odom)...
[SIM] Odom relay started
[2026-04-04 18:15:36] [S5-TOCTOU] decision=allow, reason=Goal reached successfully (dist=0.24m)
[2026-04-04 18:15:36] [VIOLATION] Robot entered forbidden zone(s): forbidden_zone (167 samples, 26.54s)
[2026-04-04 18:15:36] [S4] Stopping odom_spoofing attack
[2026-04-04 18:15:37]   Result: allow (FAIL)
[2026-04-04 18:15:37]   Reason: Goal reached successfully (dist=0.24m)
[2026-04-04 18:15:37]   Time: 113.2s
[2026-04-04 18:15:37]   Robot moved: True, path_min_dist: 0.00m
[2026-04-04 18:15:37] [HEALTH] Pre-trial restart (every 1 trials, world=empty.sdf)...
[SIM] Stopping all processes...
[CLEANUP] Starting process cleanup...
[CLEANUP] Complete (killed 1 process groups)
[SIM] All processes stopped
[CLEANUP] Starting process cleanup...
[CLEANUP] Complete (killed 0 process groups)
[DEBUG] restart_with_method called: method=no_guard, params={}, world=empty.sdf, guard=False
[SIM] Full restart for method: no_guard (world: empty.sdf)
[SIM] Stopping all processes...
[CLEANUP] Starting process cleanup...
[CLEANUP] Complete (killed 0 process groups)
[SIM] All processes stopped
[SIM] Starting Gazebo...
[CLEANUP] Starting process cleanup...
[CLEANUP] Complete (killed 0 process groups)
[SIM] gz sim still alive (1 procs), force-killing PGIDs (attempt 1/5)...
[SIM] gz sim still alive (1 procs), force-killing PGIDs (attempt 2/5)...
[SIM] gz sim still alive (1 procs), force-killing PGIDs (attempt 3/5)...
[SIM] gz sim still alive (1 procs), force-killing PGIDs (attempt 4/5)...
[SIM] gz sim still alive (1 procs), force-killing PGIDs (attempt 5/5)...
[SIM][WARNING] Could not kill all gz sim processes — proceeding anyway
[SIM] Waiting for Gazebo (180s)...
[SIM] Gazebo started successfully
[SIM] robot_state_publisher: running
[SIM] Starting odom relay (odom_real → odom)...
[SIM] Odom relay started
[SIM] Starting scan relay (scan_real → scan)...
[SIM] Scan relay started, verifying /scan topic...
[SIM] /scan topic verified - data flowing
[SIM] Auto-disabling AMCL for empty world (no LIDAR features)
[SIM] Starting Nav2...
[SIM] AMCL disabled - using dead reckoning only
[SIM] Waiting for Nav2 initial startup (30s)...
[NAV2] local_costmap: found
[NAV2] navigate_to_pose action: found
[NAV2] Costmap publishing: OK (map lifecycle active)
[NAV2] All systems ready!
[SIM] Final verification: checking navigate_to_pose action...
[SIM] Nav2 started successfully and action server verified!
[SIM] Starting geofence with method: no_guard, params: {}, comm_latency_ms: 0
[SIM] Waiting for geofence (20s)...
[SIM] Geofence started with method: no_guard (cmd_vel_guard: False)
[SIM] cmd_vel_guard disabled, starting cmd_vel relay for navigation...
[SIM] Starting cmd_vel relay (cmd_vel_nav → cmd_vel)...
[SIM] cmd_vel relay started
[2026-04-04 18:17:50] 
Trial 75/80: S5_no_guard_toctou_bias_1.5_s9
[2026-04-04 18:17:50]   Goal: (7.00, 1.60)
[2026-04-04 18:17:50]   TOCTOU Δ=1.5: biased path y=1.557 at zone (bypass margin!)
[2026-04-04 18:17:50] [RESET] Resetting robot pose to origin...
[RESET] Teleporting robot to (0.0, 0.0, θ=0.0)
[RESET] Cancelling any active navigation goals...
The daemon has been started
The daemon has been started
[RESET] Stopping robot movement...
[RESET] Waiting for TF to stabilize...
[RESET] AMCL disabled, correcting map→odom TF after teleport...
[RESET] Odom at (-0.00, -0.00, yaw=0.0°), target (0.00, 0.00, yaw=0.0°)
[RESET] TF correction: tx=0.000, ty=-0.000, yaw=-0.0°
[RESET] Static TF republished with yaw correction
[RESET] Robot pose reset complete
[2026-04-04 18:18:20] [S5] Starting odom_spoofing attack (scale=1.0, offset=(0.0, 1.5))
[ATTACK] Starting odom_spoofing attack with scale=1.0, offset=(0.0, 1.5)
[ATTACK] Stopping odom relay for odom spoofing attack...
[ATTACK] odom_spoofing attack started successfully
[2026-04-04 18:18:25] [S5-TOCTOU] Δy=1.5, true path y@zone=0.914, biased path y@zone=1.557
[2026-04-04 18:18:26] [S5-TOCTOU] Biased odom confirmed: y=1.500 (expected ~1.5)
[TOCTOU] Goal sent, waiting 5.0s for planning decision...
[TOCTOU] Removing odom bias (restoring real odom)...
[2026-04-04 18:18:31] [S5-TOCTOU] Stopping odom bias, restoring real odom...
[ATTACK] Restarting odom relay after odom spoofing attack...
[SIM] Starting odom relay (odom_real → odom)...
[SIM] Odom relay started
[2026-04-04 18:19:45] [S5-TOCTOU] decision=allow, reason=Goal reached successfully (dist=0.26m)
[2026-04-04 18:19:45] [VIOLATION] Robot entered forbidden zone(s): forbidden_zone (89 samples, 14.19s)
[2026-04-04 18:19:45] [S4] Stopping odom_spoofing attack
[2026-04-04 18:19:45]   Result: allow (FAIL)
[2026-04-04 18:19:45]   Reason: Goal reached successfully (dist=0.26m)
[2026-04-04 18:19:45]   Time: 114.6s
[2026-04-04 18:19:45]   Robot moved: True, path_min_dist: 0.00m
[CHECKPOINT] Saved at trial 75/80
[2026-04-04 18:19:45] [HEALTH] Pre-trial restart (every 1 trials, world=empty.sdf)...
[SIM] Stopping all processes...
[CLEANUP] Starting process cleanup...
[CLEANUP] Complete (killed 1 process groups)
[SIM] All processes stopped
[CLEANUP] Starting process cleanup...
[CLEANUP] Complete (killed 0 process groups)
[DEBUG] restart_with_method called: method=no_guard, params={}, world=empty.sdf, guard=False
[SIM] Full restart for method: no_guard (world: empty.sdf)
[SIM] Stopping all processes...
[CLEANUP] Starting process cleanup...
[CLEANUP] Complete (killed 0 process groups)
[SIM] All processes stopped
[SIM] Starting Gazebo...
[CLEANUP] Starting process cleanup...
[CLEANUP] Complete (killed 0 process groups)
[SIM] gz sim still alive (1 procs), force-killing PGIDs (attempt 1/5)...
[SIM] gz sim still alive (1 procs), force-killing PGIDs (attempt 2/5)...
[SIM] gz sim still alive (1 procs), force-killing PGIDs (attempt 3/5)...
[SIM] gz sim still alive (1 procs), force-killing PGIDs (attempt 4/5)...
[SIM] gz sim still alive (1 procs), force-killing PGIDs (attempt 5/5)...
[SIM][WARNING] Could not kill all gz sim processes — proceeding anyway
[SIM] Waiting for Gazebo (180s)...
[SIM] Gazebo started successfully
[SIM] robot_state_publisher: running
[SIM] Starting odom relay (odom_real → odom)...
[SIM] Odom relay started
[SIM] Starting scan relay (scan_real → scan)...
[SIM] Scan relay started, verifying /scan topic...
[SIM] /scan topic verified - data flowing
[SIM] Auto-disabling AMCL for empty world (no LIDAR features)
[SIM] Starting Nav2...
[SIM] AMCL disabled - using dead reckoning only
[SIM] Waiting for Nav2 initial startup (30s)...
[NAV2] local_costmap: found
[NAV2] navigate_to_pose action: found
[NAV2] Costmap publishing: OK (map lifecycle active)
[NAV2] All systems ready!
[SIM] Final verification: checking navigate_to_pose action...
[SIM] Nav2 started successfully and action server verified!
[SIM] Starting geofence with method: no_guard, params: {}, comm_latency_ms: 0
[SIM] Waiting for geofence (20s)...
[SIM] Geofence started with method: no_guard (cmd_vel_guard: False)
[SIM] cmd_vel_guard disabled, starting cmd_vel relay for navigation...
[SIM] Starting cmd_vel relay (cmd_vel_nav → cmd_vel)...
[SIM] cmd_vel relay started
[2026-04-04 18:21:59] 
Trial 76/80: S5_no_guard_baseline_safe_s5
[2026-04-04 18:21:59]   Goal: (2.00, 0.00)
[2026-04-04 18:21:59]   Safe baseline: goal 2m before zone, no attack
[2026-04-04 18:21:59]   Comm latency: 100ms
[2026-04-04 18:21:59] [RESET] Resetting robot pose to origin...
[RESET] Teleporting robot to (0.0, 0.0, θ=0.0)
[RESET] Cancelling any active navigation goals...
[RESET] Stopping robot movement...
[RESET] Waiting for TF to stabilize...
[RESET] AMCL disabled, correcting map→odom TF after teleport...
[RESET] Odom at (-0.00, -0.00, yaw=0.0°), target (0.00, 0.00, yaw=0.0°)
[RESET] TF correction: tx=0.000, ty=-0.000, yaw=-0.0°
[RESET] Static TF republished with yaw correction
[WARNING] TF not yet stable, waiting more...
[RESET] Robot pose reset complete
[2026-04-04 18:22:33]   Result: allow (PASS)
[2026-04-04 18:22:33]   Reason: Goal reached successfully (dist=0.24m)
[2026-04-04 18:22:33]   Time: 33.7s
[2026-04-04 18:22:33]   Robot moved: True, path_min_dist: 2.24m
[2026-04-04 18:22:33] [HEALTH] Pre-trial restart (every 1 trials, world=empty.sdf)...
[SIM] Stopping all processes...
[CLEANUP] Starting process cleanup...
[CLEANUP] Complete (killed 1 process groups)
[SIM] All processes stopped
[CLEANUP] Starting process cleanup...
[CLEANUP] Complete (killed 0 process groups)
[DEBUG] restart_with_method called: method=no_guard, params={}, world=empty.sdf, guard=False
[SIM] Full restart for method: no_guard (world: empty.sdf)
[SIM] Stopping all processes...
[CLEANUP] Starting process cleanup...
[CLEANUP] Complete (killed 0 process groups)
[SIM] All processes stopped
[SIM] Starting Gazebo...
[CLEANUP] Starting process cleanup...
[CLEANUP] Complete (killed 0 process groups)
[SIM] gz sim still alive (1 procs), force-killing PGIDs (attempt 1/5)...
[SIM] gz sim still alive (1 procs), force-killing PGIDs (attempt 2/5)...
[SIM] gz sim still alive (1 procs), force-killing PGIDs (attempt 3/5)...
[SIM] gz sim still alive (1 procs), force-killing PGIDs (attempt 4/5)...
[SIM] gz sim still alive (1 procs), force-killing PGIDs (attempt 5/5)...
[SIM][WARNING] Could not kill all gz sim processes — proceeding anyway
[SIM] Waiting for Gazebo (180s)...
[SIM] Gazebo started successfully
[SIM] robot_state_publisher: running
[SIM] Starting odom relay (odom_real → odom)...
[SIM] Odom relay started
[SIM] Starting scan relay (scan_real → scan)...
[SIM] Scan relay started, verifying /scan topic...
[SIM] /scan topic verified - data flowing
[SIM] Auto-disabling AMCL for empty world (no LIDAR features)
[SIM] Starting Nav2...
[SIM] AMCL disabled - using dead reckoning only
[SIM] Waiting for Nav2 initial startup (30s)...
[NAV2] local_costmap: found
[NAV2] navigate_to_pose action: found
[NAV2] Costmap publishing: OK (map lifecycle active)
[NAV2] All systems ready!
[SIM] Final verification: checking navigate_to_pose action...
[SIM] Nav2 started successfully and action server verified!
[SIM] Starting geofence with method: no_guard, params: {}, comm_latency_ms: 0
[SIM] Waiting for geofence (20s)...
[SIM] Geofence started with method: no_guard (cmd_vel_guard: False)
[SIM] cmd_vel_guard disabled, starting cmd_vel relay for navigation...
[SIM] Starting cmd_vel relay (cmd_vel_nav → cmd_vel)...
[SIM] cmd_vel relay started
[2026-04-04 18:24:47] 
Trial 77/80: S5_no_guard_baseline_safe_s6
[2026-04-04 18:24:47]   Goal: (2.00, 0.00)
[2026-04-04 18:24:47]   Safe baseline: goal 2m before zone, no attack
[2026-04-04 18:24:47] [RESET] Resetting robot pose to origin...
[RESET] Teleporting robot to (0.0, 0.0, θ=0.0)
[RESET] Cancelling any active navigation goals...
[RESET] Stopping robot movement...
[RESET] Waiting for TF to stabilize...
[RESET] AMCL disabled, correcting map→odom TF after teleport...
[RESET] Odom at (-0.00, -0.00, yaw=0.0°), target (0.00, 0.00, yaw=0.0°)
[RESET] TF correction: tx=0.000, ty=-0.000, yaw=-0.0°
[RESET] Static TF republished with yaw correction
[RESET] Robot pose reset complete
[2026-04-04 18:25:46]   Result: allow (PASS)
[2026-04-04 18:25:46]   Reason: Goal reached successfully (dist=0.21m)
[2026-04-04 18:25:46]   Time: 58.9s
[2026-04-04 18:25:46]   Robot moved: True, path_min_dist: 2.22m
[2026-04-04 18:25:46] [HEALTH] Pre-trial restart (every 1 trials, world=empty.sdf)...
[SIM] Stopping all processes...
The daemon has been started
The daemon has been started
The daemon has been started
[CLEANUP] Starting process cleanup...
[CLEANUP] Complete (killed 1 process groups)
[SIM] All processes stopped
[CLEANUP] Starting process cleanup...
[CLEANUP] Complete (killed 0 process groups)
[DEBUG] restart_with_method called: method=no_guard, params={}, world=empty.sdf, guard=False
[SIM] Full restart for method: no_guard (world: empty.sdf)
[SIM] Stopping all processes...
[CLEANUP] Starting process cleanup...
[CLEANUP] Complete (killed 0 process groups)
[SIM] All processes stopped
[SIM] Starting Gazebo...
[CLEANUP] Starting process cleanup...
[CLEANUP] Complete (killed 0 process groups)
[SIM] gz sim still alive (1 procs), force-killing PGIDs (attempt 1/5)...
[SIM] gz sim still alive (1 procs), force-killing PGIDs (attempt 2/5)...
[SIM] gz sim still alive (1 procs), force-killing PGIDs (attempt 3/5)...
[SIM] gz sim still alive (1 procs), force-killing PGIDs (attempt 4/5)...
[SIM] gz sim still alive (1 procs), force-killing PGIDs (attempt 5/5)...
[SIM][WARNING] Could not kill all gz sim processes — proceeding anyway
[SIM] Waiting for Gazebo (180s)...
[SIM] Gazebo started successfully
[SIM] robot_state_publisher: running
[SIM] Starting odom relay (odom_real → odom)...
[SIM] Odom relay started
[SIM] Starting scan relay (scan_real → scan)...
[SIM] Scan relay started, verifying /scan topic...
[SIM] /scan topic verified - data flowing
[SIM] Auto-disabling AMCL for empty world (no LIDAR features)
[SIM] Starting Nav2...
[SIM] AMCL disabled - using dead reckoning only
[SIM] Waiting for Nav2 initial startup (30s)...
[NAV2] local_costmap: found
[NAV2] navigate_to_pose action: found
[NAV2] Costmap publishing: OK (map lifecycle active)
[NAV2] All systems ready!
[SIM] Final verification: checking navigate_to_pose action...
[SIM] Nav2 started successfully and action server verified!
[SIM] Starting geofence with method: no_guard, params: {}, comm_latency_ms: 0
[SIM] Waiting for geofence (20s)...
[SIM] Geofence started with method: no_guard (cmd_vel_guard: False)
[SIM] cmd_vel_guard disabled, starting cmd_vel relay for navigation...
[SIM] Starting cmd_vel relay (cmd_vel_nav → cmd_vel)...
[SIM] cmd_vel relay started
[2026-04-04 18:27:59] 
Trial 78/80: S5_no_guard_baseline_safe_s7
[2026-04-04 18:27:59]   Goal: (2.00, 0.00)
[2026-04-04 18:27:59]   Safe baseline: goal 2m before zone, no attack
[2026-04-04 18:27:59]   Comm latency: 50ms
[2026-04-04 18:27:59] [RESET] Resetting robot pose to origin...
[RESET] Teleporting robot to (0.0, 0.0, θ=0.0)
[RESET] Cancelling any active navigation goals...
[RESET] Stopping robot movement...
[RESET] Waiting for TF to stabilize...
[RESET] AMCL disabled, correcting map→odom TF after teleport...
[RESET] Odom at (-0.00, -0.00, yaw=0.0°), target (0.00, 0.00, yaw=0.0°)
[RESET] TF correction: tx=0.000, ty=-0.000, yaw=-0.0°
[RESET] Static TF republished with yaw correction
[RESET] Robot pose reset complete
[2026-04-04 18:28:47]   Result: allow (PASS)
[2026-04-04 18:28:47]   Reason: Goal reached successfully (dist=0.24m)
[2026-04-04 18:28:47]   Time: 47.7s
[2026-04-04 18:28:47]   Robot moved: True, path_min_dist: 2.24m
[2026-04-04 18:28:47] [HEALTH] Pre-trial restart (every 1 trials, world=empty.sdf)...
[SIM] Stopping all processes...
[CLEANUP] Starting process cleanup...
[CLEANUP] Complete (killed 1 process groups)
[SIM] All processes stopped
[CLEANUP] Starting process cleanup...
[CLEANUP] Complete (killed 0 process groups)
[DEBUG] restart_with_method called: method=no_guard, params={}, world=empty.sdf, guard=False
[SIM] Full restart for method: no_guard (world: empty.sdf)
[SIM] Stopping all processes...
[CLEANUP] Starting process cleanup...
[CLEANUP] Complete (killed 0 process groups)
[SIM] All processes stopped
[SIM] Starting Gazebo...
[CLEANUP] Starting process cleanup...
[CLEANUP] Complete (killed 0 process groups)
[SIM] gz sim still alive (1 procs), force-killing PGIDs (attempt 1/5)...
[SIM] gz sim still alive (1 procs), force-killing PGIDs (attempt 2/5)...
[SIM] gz sim still alive (1 procs), force-killing PGIDs (attempt 3/5)...
[SIM] gz sim still alive (1 procs), force-killing PGIDs (attempt 4/5)...
[SIM] gz sim still alive (1 procs), force-killing PGIDs (attempt 5/5)...
[SIM][WARNING] Could not kill all gz sim processes — proceeding anyway
[SIM] Waiting for Gazebo (180s)...
[SIM] Gazebo started successfully
[SIM] robot_state_publisher: running
[SIM] Starting odom relay (odom_real → odom)...
[SIM] Odom relay started
[SIM] Starting scan relay (scan_real → scan)...
[SIM] Scan relay started, verifying /scan topic...
[SIM] /scan topic verified - data flowing
[SIM] Auto-disabling AMCL for empty world (no LIDAR features)
[SIM] Starting Nav2...
[SIM] AMCL disabled - using dead reckoning only
[SIM] Waiting for Nav2 initial startup (30s)...
[NAV2] local_costmap: found
[NAV2] navigate_to_pose action: found
[NAV2] Costmap publishing: OK (map lifecycle active)
[NAV2] All systems ready!
[SIM] Final verification: checking navigate_to_pose action...
[SIM] Nav2 started successfully and action server verified!
[SIM] Starting geofence with method: no_guard, params: {}, comm_latency_ms: 0
[SIM] Waiting for geofence (20s)...
[SIM] Geofence started with method: no_guard (cmd_vel_guard: False)
[SIM] cmd_vel_guard disabled, starting cmd_vel relay for navigation...
[SIM] Starting cmd_vel relay (cmd_vel_nav → cmd_vel)...
[SIM] cmd_vel relay started
[2026-04-04 18:31:01] 
Trial 79/80: S5_no_guard_baseline_safe_s8
[2026-04-04 18:31:01]   Goal: (2.00, 0.00)
[2026-04-04 18:31:01]   Safe baseline: goal 2m before zone, no attack
[2026-04-04 18:31:01]   Comm latency: 100ms
[2026-04-04 18:31:01] [RESET] Resetting robot pose to origin...
[RESET] Teleporting robot to (0.0, 0.0, θ=0.0)
[RESET] Cancelling any active navigation goals...
[RESET] Stopping robot movement...
[RESET] Waiting for TF to stabilize...
[RESET] AMCL disabled, correcting map→odom TF after teleport...
[RESET] Odom at (-0.00, -0.00, yaw=0.0°), target (0.00, 0.00, yaw=0.0°)
[RESET] TF correction: tx=0.000, ty=-0.000, yaw=-0.0°
[RESET] Static TF republished with yaw correction
[RESET] Robot pose reset complete
[2026-04-04 18:31:46]   Result: allow (PASS)
[2026-04-04 18:31:46]   Reason: Goal reached successfully (dist=0.21m)
[2026-04-04 18:31:46]   Time: 45.2s
[2026-04-04 18:31:46]   Robot moved: True, path_min_dist: 2.22m
[2026-04-04 18:31:46] [HEALTH] Pre-trial restart (every 1 trials, world=empty.sdf)...
[SIM] Stopping all processes...
[CLEANUP] Starting process cleanup...
[CLEANUP] Complete (killed 1 process groups)
[SIM] All processes stopped
[CLEANUP] Starting process cleanup...
[CLEANUP] Complete (killed 0 process groups)
[DEBUG] restart_with_method called: method=no_guard, params={}, world=empty.sdf, guard=False
[SIM] Full restart for method: no_guard (world: empty.sdf)
[SIM] Stopping all processes...
[CLEANUP] Starting process cleanup...
[CLEANUP] Complete (killed 0 process groups)
[SIM] All processes stopped
[SIM] Starting Gazebo...
[CLEANUP] Starting process cleanup...
[CLEANUP] Complete (killed 0 process groups)
[SIM] gz sim still alive (1 procs), force-killing PGIDs (attempt 1/5)...
[SIM] gz sim still alive (1 procs), force-killing PGIDs (attempt 2/5)...
[SIM] gz sim still alive (1 procs), force-killing PGIDs (attempt 3/5)...
[SIM] gz sim still alive (1 procs), force-killing PGIDs (attempt 4/5)...
[SIM] gz sim still alive (1 procs), force-killing PGIDs (attempt 5/5)...
[SIM][WARNING] Could not kill all gz sim processes — proceeding anyway
[SIM] Waiting for Gazebo (180s)...
[SIM] Gazebo started successfully
[SIM] robot_state_publisher: running
[SIM] Starting odom relay (odom_real → odom)...
[SIM] Odom relay started
[SIM] Starting scan relay (scan_real → scan)...
[SIM] Scan relay started, verifying /scan topic...
[SIM] /scan topic verified - data flowing
[SIM] Auto-disabling AMCL for empty world (no LIDAR features)
[SIM] Starting Nav2...
[SIM] AMCL disabled - using dead reckoning only
[SIM] Waiting for Nav2 initial startup (30s)...
[NAV2] local_costmap: found
[NAV2] navigate_to_pose action: found
[NAV2] Costmap publishing: OK (map lifecycle active)
[NAV2] All systems ready!
[SIM] Final verification: checking navigate_to_pose action...
[SIM] Nav2 started successfully and action server verified!
[SIM] Starting geofence with method: no_guard, params: {}, comm_latency_ms: 0
[SIM] Waiting for geofence (20s)...
[SIM] Geofence started with method: no_guard (cmd_vel_guard: False)
[SIM] cmd_vel_guard disabled, starting cmd_vel relay for navigation...
[SIM] Starting cmd_vel relay (cmd_vel_nav → cmd_vel)...
[SIM] cmd_vel relay started
[2026-04-04 18:34:00] 
Trial 80/80: S5_no_guard_baseline_safe_s9
[2026-04-04 18:34:00]   Goal: (2.00, 0.00)
[2026-04-04 18:34:00]   Safe baseline: goal 2m before zone, no attack
[2026-04-04 18:34:00] [RESET] Resetting robot pose to origin...
[RESET] Teleporting robot to (0.0, 0.0, θ=0.0)
[RESET] Cancelling any active navigation goals...
[RESET] Stopping robot movement...
[RESET] Waiting for TF to stabilize...
[RESET] AMCL disabled, correcting map→odom TF after teleport...
[RESET] Odom at (-0.00, -0.00, yaw=0.0°), target (0.00, 0.00, yaw=0.0°)
[RESET] TF correction: tx=0.000, ty=-0.000, yaw=-0.0°
[RESET] Static TF republished with yaw correction
[RESET] Robot pose reset complete
[2026-04-04 18:34:36]   Result: allow (PASS)
[2026-04-04 18:34:36]   Reason: Goal reached successfully (dist=0.24m)
[2026-04-04 18:34:36]   Time: 35.5s
[2026-04-04 18:34:36]   Robot moved: True, path_min_dist: 2.24m
[CHECKPOINT] Saved at trial 80/80
[SIM] Stopping all processes...
[CLEANUP] Starting process cleanup...
[CLEANUP] Complete (killed 1 process groups)
[SIM] All processes stopped
[2026-04-04 18:34:50] 
================================================================================
[2026-04-04 18:34:50] CONFUSION MATRIX SUMMARY BY METHOD
[2026-04-04 18:34:50] ================================================================================

Method         Total   TP   FP   TN   FN INFRA   Prec    Rec     F1     VR     Hz  Lat(ms)
------------------------------------------------------------------------------------------
no_guard          80    0    0   23   55     2  0.00  0.00  0.00  69.2%   6.2 38647.2
[2026-04-04 18:34:50] 
--------------------------------------------------------------------------------
[2026-04-04 18:34:50] BOOTSTRAP 95% CONFIDENCE INTERVALS
[2026-04-04 18:34:50] --------------------------------------------------------------------------------

Method                  Prec CI           Rec CI            F1 CI            VR CI
----------------------------------------------------------------------------------
no_guard       [0.00,0.00]  [0.00,0.00]  [0.00,0.00]  [58.8,79.5]%
[2026-04-04 18:34:50] 
--------------------------------------------------------------------------------
[2026-04-04 18:34:50] GEOFENCE MARGIN ANALYSIS
[2026-04-04 18:34:50] Geofence margin = k_sigma * sigma_loc + e_track + v_max * tau = 3 * 0.15 + 0.05 + 0.5 * 0.1 = 0.55m. Expanded zone y_max = 1.0 + 0.55 = 1.55m. S3 clip_boundary (7,1.2): at x=4, y=0.69 (in zone); at x=5.83, y=1.0 (exits zone). Path clips zone upper boundary.
[2026-04-04 18:34:50] 
============================================================
[2026-04-04 18:34:50] Experiment Complete!
[2026-04-04 18:34:50] ============================================================
