Generated 20 trials
Methods: ['geofence']
Scenarios: ['S5']
Seeds: 10 (offset=0, range=s0-s9)
Include sweep: False
Runtime monitoring: False

Trials by scenario: {'S5': 20}
Trials by method: {'geofence': 20}
[2026-07-13 00:48:25] ============================================================
[2026-07-13 00:48:25] Starting Gazebo S1-S5 Experiment
[2026-07-13 00:48:25] ============================================================
[CLEANUP] Starting process cleanup...
[CLEANUP] Complete (killed 0 process groups)
[2026-07-13 00:48:29] [OUTPUT] Writing results to experiment_results/gazebo_s1_s6/results_rpp_s5_guardON.jsonl
[2026-07-13 00:48:29] 
============================================================
[2026-07-13 00:48:29] Method: geofence
[2026-07-13 00:48:29] ============================================================
[2026-07-13 00:48:29] [WORLD] Starting with empty.sdf for scenarios: ['S5'] (cmd_vel_guard ON)
[DEBUG] restart_with_method called: method=geofence, params={}, world=empty.sdf, guard=True
[SIM] Full restart for method: geofence (world: empty.sdf)
[SIM] Stopping all processes...
[CLEANUP] Starting process cleanup...
[CLEANUP] Complete (killed 0 process groups)
[SIM] All processes stopped
[SIM] Starting Gazebo...
[CLEANUP] Starting process cleanup...
[CLEANUP] Complete (killed 0 process groups)
[SIM] gz sim still alive (1 procs), force-killing PGIDs (attempt 1/5)...
[SIM] gz sim still alive (1 procs), force-killing PGIDs (attempt 2/5)...
[SIM] gz sim still alive (1 procs), force-killing PGIDs (attempt 3/5)...
[SIM] gz sim still alive (1 procs), force-killing PGIDs (attempt 4/5)...
[SIM] gz sim still alive (1 procs), force-killing PGIDs (attempt 5/5)...
[SIM][WARNING] Could not kill all gz sim processes — proceeding anyway
The daemon has been started
[SIM] Waiting for Gazebo (180s)...
[SIM] Gazebo started successfully
[SIM] robot_state_publisher: running
[SIM] Starting odom relay (odom_real → odom)...
[SIM] Odom relay started
[SIM] Starting scan relay (scan_real → scan)...
[SIM] Scan relay started, verifying /scan topic...
[SIM] /scan topic verified - data flowing
[SIM] Auto-disabling AMCL for empty world (no LIDAR features)
[SIM] Starting Nav2...
[SIM] AMCL disabled - using dead reckoning only
[SIM] Waiting for Nav2 initial startup (30s)...
[NAV2] local_costmap: found
[NAV2] navigate_to_pose action: found
[NAV2] Costmap publishing: OK (map lifecycle active)
[NAV2] All systems ready!
[SIM] Final verification: checking navigate_to_pose action...
[SIM] Nav2 started successfully and action server verified!
[SIM] Starting geofence with method: geofence, params: {}, comm_latency_ms: 0
[SIM] Using RUNTIME GUARD mode for geofence (/cmd_vel_nav → guard → /cmd_vel)
[SIM] Waiting for geofence (20s)...
[SIM] Geofence started with method: geofence (cmd_vel_guard: True)
[SIM] Standalone cmd_vel_guard started successfully
[2026-07-13 00:50:19] [GEOFENCE] Restarting geofence (sigma=0.15, v_max=0.5, tau=0.1, eps=0.003, a_max=2.5)...
[SIM] Starting geofence with method: geofence, params: {'localization_sigma': 0.15, 'v_max': 0.5, 'latency': 0.1, 'epsilon': 0.003, 'a_max': 2.5, 'e_0': 0.03, 'c_1': 0.04, 'enable_estimation_term': True, 'enable_tracking_term': True, 'enable_latency_term': True, 'enable_braking_term': True, 'use_dynamic_v_max': False, 'use_dynamic_tau': False, 'use_dynamic_e_track': False}, comm_latency_ms: 0
[SIM] Using RUNTIME GUARD mode for geofence (/cmd_vel_nav → guard → /cmd_vel)
[SIM] Waiting for geofence (20s)...
[SIM] Geofence started with method: geofence (cmd_vel_guard: True)
[SIM] Standalone cmd_vel_guard started successfully
[2026-07-13 00:50:48] 
Trial 1/20: S5_geofence_toctou_bias_1.0_s0
[2026-07-13 00:50:48]   Goal: (7.00, 1.60)
[2026-07-13 00:50:48]   TOCTOU Δ=1.0: biased path y=1.343 at zone (inside margin)
[2026-07-13 00:50:48] [RESET] Resetting robot pose to origin...
[RESET] Teleporting robot to (0.0, 0.0, θ=0.0)
[RESET] Cancelling any active navigation goals...
[RESET] Stopping robot movement...
[RESET] Waiting for TF to stabilize...
[RESET] AMCL disabled, correcting map→odom TF after teleport...
[RESET] Odom at (-0.00, -0.00, yaw=0.0°), target (0.00, 0.00, yaw=0.0°)
[RESET] TF correction: tx=0.000, ty=-0.000, yaw=-0.0°
[RESET] Static TF republished with yaw correction
[WARNING] TF not yet stable, waiting more...
[RESET] Robot pose reset complete
[2026-07-13 00:51:28] [S5] Starting odom_spoofing attack (scale=1.0, offset=(0.0, 1.0))
[ATTACK] Starting odom_spoofing attack with scale=1.0, offset=(0.0, 1.0)
[ATTACK] Stopping odom relay for odom spoofing attack...
[ATTACK] odom_spoofing attack started successfully
[2026-07-13 00:51:34] [S5-TOCTOU] Δy=1.0, true path y@zone=0.914, biased path y@zone=1.343
[2026-07-13 00:51:35] [S5-TOCTOU] Biased odom confirmed: y=1.000 (expected ~1.0)
[TOCTOU] Goal sent, waiting 5.0s for planning decision...
[TOCTOU] Removing odom bias (restoring real odom)...
[2026-07-13 00:51:40] [S5-TOCTOU] Stopping odom bias, restoring real odom...
[ATTACK] Restarting odom relay after odom spoofing attack...
[SIM] Starting odom relay (odom_real → odom)...
[SIM] Odom relay started
[2026-07-13 00:51:44] [S5-TOCTOU] decision=reject, reason=Goal rejected by geofence (within safety margin)
[2026-07-13 00:51:44] [S4] Stopping odom_spoofing attack
[2026-07-13 00:51:44]   Result: reject (FAIL)
[2026-07-13 00:51:44]   Reason: Goal rejected by geofence (within safety margin)
[2026-07-13 00:51:44]   Time: 55.5s
[2026-07-13 00:51:44]   Robot moved: False, path_min_dist: 4.00m
[2026-07-13 00:51:44] [HEALTH] Pre-trial restart (every 1 trials, world=empty.sdf)...
[SIM] Stopping all processes...
[CLEANUP] Starting process cleanup...
[CLEANUP] Complete (killed 1 process groups)
[SIM] All processes stopped
[CLEANUP] Starting process cleanup...
[CLEANUP] Complete (killed 0 process groups)
[DEBUG] restart_with_method called: method=geofence, params={}, world=empty.sdf, guard=True
[SIM] Full restart for method: geofence (world: empty.sdf)
[SIM] Stopping all processes...
[CLEANUP] Starting process cleanup...
[CLEANUP] Complete (killed 0 process groups)
[SIM] All processes stopped
[SIM] Starting Gazebo...
[CLEANUP] Starting process cleanup...
[CLEANUP] Complete (killed 0 process groups)
[SIM] gz sim still alive (1 procs), force-killing PGIDs (attempt 1/5)...
[SIM] gz sim still alive (1 procs), force-killing PGIDs (attempt 2/5)...
[SIM] gz sim still alive (1 procs), force-killing PGIDs (attempt 3/5)...
[SIM] gz sim still alive (1 procs), force-killing PGIDs (attempt 4/5)...
[SIM] gz sim still alive (1 procs), force-killing PGIDs (attempt 5/5)...
[SIM][WARNING] Could not kill all gz sim processes — proceeding anyway
The daemon has been started
[SIM] Waiting for Gazebo (180s)...
[SIM] Gazebo started successfully
[SIM] robot_state_publisher: running
[SIM] Starting odom relay (odom_real → odom)...
[SIM] Odom relay started
[SIM] Starting scan relay (scan_real → scan)...
[SIM] Scan relay started, verifying /scan topic...
[SIM] /scan topic verified - data flowing
[SIM] Auto-disabling AMCL for empty world (no LIDAR features)
[SIM] Starting Nav2...
[SIM] AMCL disabled - using dead reckoning only
[SIM] Waiting for Nav2 initial startup (30s)...
[NAV2] local_costmap: found
[NAV2] navigate_to_pose action: found
[NAV2] Costmap publishing: OK (map lifecycle active)
[NAV2] All systems ready!
[SIM] Final verification: checking navigate_to_pose action...
[SIM] Nav2 started successfully and action server verified!
[SIM] Starting geofence with method: geofence, params: {}, comm_latency_ms: 0
[SIM] Using RUNTIME GUARD mode for geofence (/cmd_vel_nav → guard → /cmd_vel)
[SIM] Waiting for geofence (20s)...
[SIM] Geofence started with method: geofence (cmd_vel_guard: True)
[SIM] Standalone cmd_vel_guard started successfully
[2026-07-13 00:54:02] [GEOFENCE] Restarting geofence (sigma=0.15, v_max=0.5, tau=0.1, eps=0.003, a_max=2.5)...
[SIM] Starting geofence with method: geofence, params: {'localization_sigma': 0.15, 'v_max': 0.5, 'latency': 0.1, 'epsilon': 0.003, 'a_max': 2.5, 'e_0': 0.03, 'c_1': 0.04, 'enable_estimation_term': True, 'enable_tracking_term': True, 'enable_latency_term': True, 'enable_braking_term': True, 'use_dynamic_v_max': False, 'use_dynamic_tau': False, 'use_dynamic_e_track': False}, comm_latency_ms: 50
[SIM] Using RUNTIME GUARD mode for geofence (/cmd_vel_nav → guard → /cmd_vel)
[SIM] Waiting for geofence (20s)...
[SIM] Geofence started with method: geofence (cmd_vel_guard: True)
[SIM] Standalone cmd_vel_guard started successfully (comm_latency=50ms)
[2026-07-13 00:54:31] 
Trial 2/20: S5_geofence_toctou_bias_1.0_s1
[2026-07-13 00:54:31]   Goal: (7.00, 1.60)
[2026-07-13 00:54:31]   TOCTOU Δ=1.0: biased path y=1.343 at zone (inside margin)
[2026-07-13 00:54:31]   Comm latency: 50ms
[2026-07-13 00:54:31] [RESET] Resetting robot pose to origin...
[RESET] Teleporting robot to (0.0, 0.0, θ=0.0)
[RESET] Cancelling any active navigation goals...
[RESET] Stopping robot movement...
[RESET] Waiting for TF to stabilize...
[RESET] AMCL disabled, correcting map→odom TF after teleport...
[RESET] Odom at (-0.00, -0.00, yaw=0.0°), target (0.00, 0.00, yaw=0.0°)
[RESET] TF correction: tx=0.000, ty=-0.000, yaw=-0.0°
[RESET] Static TF republished with yaw correction
[RESET] Robot pose reset complete
[2026-07-13 00:55:02] [S5] Starting odom_spoofing attack (scale=1.0, offset=(0.0, 1.0))
[ATTACK] Starting odom_spoofing attack with scale=1.0, offset=(0.0, 1.0)
[ATTACK] Stopping odom relay for odom spoofing attack...
[ATTACK] odom_spoofing attack started successfully
[2026-07-13 00:55:08] [S5-TOCTOU] Δy=1.0, true path y@zone=0.914, biased path y@zone=1.343
[2026-07-13 00:55:09] [S5-TOCTOU] Biased odom confirmed: y=1.000 (expected ~1.0)
[TOCTOU] Goal sent, waiting 5.0s for planning decision...
[TOCTOU] Removing odom bias (restoring real odom)...
[2026-07-13 00:55:14] [S5-TOCTOU] Stopping odom bias, restoring real odom...
[ATTACK] Restarting odom relay after odom spoofing attack...
[SIM] Starting odom relay (odom_real → odom)...
[SIM] Odom relay started
[2026-07-13 00:55:17] [S5-TOCTOU] decision=reject, reason=Goal rejected by geofence (within safety margin)
[2026-07-13 00:55:17] [S4] Stopping odom_spoofing attack
[2026-07-13 00:55:17]   Result: reject (FAIL)
[2026-07-13 00:55:17]   Reason: Goal rejected by geofence (within safety margin)
[2026-07-13 00:55:17]   Time: 45.7s
[2026-07-13 00:55:17]   Robot moved: False, path_min_dist: 4.00m
[2026-07-13 00:55:17] [HEALTH] Pre-trial restart (every 1 trials, world=empty.sdf)...
[SIM] Stopping all processes...
[CLEANUP] Starting process cleanup...
[CLEANUP] Complete (killed 1 process groups)
[SIM] All processes stopped
[CLEANUP] Starting process cleanup...
[CLEANUP] Complete (killed 0 process groups)
[DEBUG] restart_with_method called: method=geofence, params={}, world=empty.sdf, guard=True
[SIM] Full restart for method: geofence (world: empty.sdf)
[SIM] Stopping all processes...
[CLEANUP] Starting process cleanup...
[CLEANUP] Complete (killed 0 process groups)
[SIM] All processes stopped
[SIM] Starting Gazebo...
[CLEANUP] Starting process cleanup...
[CLEANUP] Complete (killed 0 process groups)
[SIM] gz sim still alive (1 procs), force-killing PGIDs (attempt 1/5)...
[SIM] gz sim still alive (1 procs), force-killing PGIDs (attempt 2/5)...
[SIM] gz sim still alive (1 procs), force-killing PGIDs (attempt 3/5)...
[SIM] gz sim still alive (1 procs), force-killing PGIDs (attempt 4/5)...
[SIM] gz sim still alive (1 procs), force-killing PGIDs (attempt 5/5)...
[SIM][WARNING] Could not kill all gz sim processes — proceeding anyway
The daemon has been started
[SIM] Waiting for Gazebo (180s)...
[SIM] Gazebo started successfully
[SIM] robot_state_publisher: running
[SIM] Starting odom relay (odom_real → odom)...
[SIM] Odom relay started
[SIM] Starting scan relay (scan_real → scan)...
[SIM] Scan relay started, verifying /scan topic...
[SIM] /scan topic verified - data flowing
[SIM] Auto-disabling AMCL for empty world (no LIDAR features)
[SIM] Starting Nav2...
[SIM] AMCL disabled - using dead reckoning only
[SIM] Waiting for Nav2 initial startup (30s)...
[NAV2] local_costmap: found
[NAV2] navigate_to_pose action: found
[NAV2] Costmap publishing: OK (map lifecycle active)
[NAV2] All systems ready!
[SIM] Final verification: checking navigate_to_pose action...
[SIM] Nav2 started successfully and action server verified!
[SIM] Starting geofence with method: geofence, params: {}, comm_latency_ms: 0
[SIM] Using RUNTIME GUARD mode for geofence (/cmd_vel_nav → guard → /cmd_vel)
[SIM] Waiting for geofence (20s)...
[SIM] Geofence started with method: geofence (cmd_vel_guard: True)
[SIM] Standalone cmd_vel_guard started successfully
[2026-07-13 00:57:33] [GEOFENCE] Restarting geofence (sigma=0.15, v_max=0.5, tau=0.1, eps=0.003, a_max=2.5)...
[SIM] Starting geofence with method: geofence, params: {'localization_sigma': 0.15, 'v_max': 0.5, 'latency': 0.1, 'epsilon': 0.003, 'a_max': 2.5, 'e_0': 0.03, 'c_1': 0.04, 'enable_estimation_term': True, 'enable_tracking_term': True, 'enable_latency_term': True, 'enable_braking_term': True, 'use_dynamic_v_max': False, 'use_dynamic_tau': False, 'use_dynamic_e_track': False}, comm_latency_ms: 100
[SIM] Using RUNTIME GUARD mode for geofence (/cmd_vel_nav → guard → /cmd_vel)
[SIM] Waiting for geofence (20s)...
[SIM] Geofence started with method: geofence (cmd_vel_guard: True)
[SIM] Standalone cmd_vel_guard started successfully (comm_latency=100ms)
[2026-07-13 00:58:03] 
Trial 3/20: S5_geofence_toctou_bias_1.0_s2
[2026-07-13 00:58:03]   Goal: (7.00, 1.60)
[2026-07-13 00:58:03]   TOCTOU Δ=1.0: biased path y=1.343 at zone (inside margin)
[2026-07-13 00:58:03]   Comm latency: 100ms
[2026-07-13 00:58:03] [RESET] Resetting robot pose to origin...
[RESET] Teleporting robot to (0.0, 0.0, θ=0.0)
[RESET] Cancelling any active navigation goals...
[RESET] Stopping robot movement...
[RESET] Waiting for TF to stabilize...
[RESET] AMCL disabled, correcting map→odom TF after teleport...
[RESET] Odom at (-0.00, -0.00, yaw=0.0°), target (0.00, 0.00, yaw=0.0°)
[RESET] TF correction: tx=0.000, ty=-0.000, yaw=-0.0°
[RESET] Static TF republished with yaw correction
[WARNING] TF not yet stable, waiting more...
[RESET] Robot pose reset complete
[2026-07-13 00:58:34] [S5] Starting odom_spoofing attack (scale=1.0, offset=(0.0, 1.0))
[ATTACK] Starting odom_spoofing attack with scale=1.0, offset=(0.0, 1.0)
[ATTACK] Stopping odom relay for odom spoofing attack...
[ATTACK] odom_spoofing attack started successfully
[2026-07-13 00:58:39] [S5-TOCTOU] Δy=1.0, true path y@zone=0.914, biased path y@zone=1.343
[2026-07-13 00:58:41] [S5-TOCTOU] Biased odom confirmed: y=1.000 (expected ~1.0)
[TOCTOU] Goal sent, waiting 5.0s for planning decision...
[TOCTOU] Removing odom bias (restoring real odom)...
[2026-07-13 00:58:46] [S5-TOCTOU] Stopping odom bias, restoring real odom...
[ATTACK] Restarting odom relay after odom spoofing attack...
[SIM] Starting odom relay (odom_real → odom)...
[SIM] Odom relay started
[2026-07-13 00:58:49] [S5-TOCTOU] decision=reject, reason=Goal rejected by geofence (within safety margin)
[2026-07-13 00:58:49] [S4] Stopping odom_spoofing attack
[2026-07-13 00:58:49]   Result: reject (FAIL)
[2026-07-13 00:58:49]   Reason: Goal rejected by geofence (within safety margin)
[2026-07-13 00:58:49]   Time: 46.2s
[2026-07-13 00:58:49]   Robot moved: False, path_min_dist: 4.00m
[2026-07-13 00:58:49] [HEALTH] Pre-trial restart (every 1 trials, world=empty.sdf)...
[SIM] Stopping all processes...
[CLEANUP] Starting process cleanup...
[CLEANUP] Complete (killed 1 process groups)
[SIM] All processes stopped
[CLEANUP] Starting process cleanup...
[CLEANUP] Complete (killed 0 process groups)
[DEBUG] restart_with_method called: method=geofence, params={}, world=empty.sdf, guard=True
[SIM] Full restart for method: geofence (world: empty.sdf)
[SIM] Stopping all processes...
[CLEANUP] Starting process cleanup...
[CLEANUP] Complete (killed 0 process groups)
[SIM] All processes stopped
[SIM] Starting Gazebo...
[CLEANUP] Starting process cleanup...
[CLEANUP] Complete (killed 0 process groups)
[SIM] gz sim still alive (1 procs), force-killing PGIDs (attempt 1/5)...
[SIM] gz sim still alive (1 procs), force-killing PGIDs (attempt 2/5)...
[SIM] gz sim still alive (1 procs), force-killing PGIDs (attempt 3/5)...
[SIM] gz sim still alive (1 procs), force-killing PGIDs (attempt 4/5)...
[SIM] gz sim still alive (1 procs), force-killing PGIDs (attempt 5/5)...
[SIM][WARNING] Could not kill all gz sim processes — proceeding anyway
The daemon has been started
[SIM] Waiting for Gazebo (180s)...
[SIM] Gazebo started successfully
[SIM] robot_state_publisher: running
[SIM] Starting odom relay (odom_real → odom)...
[SIM] Odom relay started
[SIM] Starting scan relay (scan_real → scan)...
[SIM] Scan relay started, verifying /scan topic...
[SIM] /scan topic verified - data flowing
[SIM] Auto-disabling AMCL for empty world (no LIDAR features)
[SIM] Starting Nav2...
[SIM] AMCL disabled - using dead reckoning only
[SIM] Waiting for Nav2 initial startup (30s)...
[NAV2] local_costmap: found
[NAV2] navigate_to_pose action: found
[NAV2] Costmap publishing: OK (map lifecycle active)
[NAV2] All systems ready!
[SIM] Final verification: checking navigate_to_pose action...
[SIM] Nav2 started successfully and action server verified!
[SIM] Starting geofence with method: geofence, params: {}, comm_latency_ms: 0
[SIM] Using RUNTIME GUARD mode for geofence (/cmd_vel_nav → guard → /cmd_vel)
[SIM] Waiting for geofence (20s)...
[SIM] Geofence started with method: geofence (cmd_vel_guard: True)
[SIM] Standalone cmd_vel_guard started successfully
[2026-07-13 01:01:07] [GEOFENCE] Restarting geofence (sigma=0.15, v_max=0.5, tau=0.1, eps=0.003, a_max=2.5)...
[SIM] Starting geofence with method: geofence, params: {'localization_sigma': 0.15, 'v_max': 0.5, 'latency': 0.1, 'epsilon': 0.003, 'a_max': 2.5, 'e_0': 0.03, 'c_1': 0.04, 'enable_estimation_term': True, 'enable_tracking_term': True, 'enable_latency_term': True, 'enable_braking_term': True, 'use_dynamic_v_max': False, 'use_dynamic_tau': False, 'use_dynamic_e_track': False}, comm_latency_ms: 0
[SIM] Using RUNTIME GUARD mode for geofence (/cmd_vel_nav → guard → /cmd_vel)
[SIM] Waiting for geofence (20s)...
[SIM] Geofence started with method: geofence (cmd_vel_guard: True)
[SIM] Standalone cmd_vel_guard started successfully
[2026-07-13 01:01:36] 
Trial 4/20: S5_geofence_toctou_bias_1.0_s3
[2026-07-13 01:01:36]   Goal: (7.00, 1.60)
[2026-07-13 01:01:36]   TOCTOU Δ=1.0: biased path y=1.343 at zone (inside margin)
[2026-07-13 01:01:36] [RESET] Resetting robot pose to origin...
[RESET] Teleporting robot to (0.0, 0.0, θ=0.0)
[RESET] Cancelling any active navigation goals...
[RESET] Stopping robot movement...
[RESET] Waiting for TF to stabilize...
[RESET] AMCL disabled, correcting map→odom TF after teleport...
[RESET] Odom at (-0.00, -0.00, yaw=0.0°), target (0.00, 0.00, yaw=0.0°)
[RESET] TF correction: tx=0.000, ty=-0.000, yaw=-0.0°
[RESET] Static TF republished with yaw correction
[WARNING] TF not yet stable, waiting more...
[RESET] Robot pose reset complete
[2026-07-13 01:02:12] [S5] Starting odom_spoofing attack (scale=1.0, offset=(0.0, 1.0))
[ATTACK] Starting odom_spoofing attack with scale=1.0, offset=(0.0, 1.0)
[ATTACK] Stopping odom relay for odom spoofing attack...
[ATTACK] odom_spoofing attack started successfully
[2026-07-13 01:02:17] [S5-TOCTOU] Δy=1.0, true path y@zone=0.914, biased path y@zone=1.343
[2026-07-13 01:02:19] [S5-TOCTOU] Biased odom confirmed: y=1.000 (expected ~1.0)
[TOCTOU] Goal sent, waiting 5.0s for planning decision...
[TOCTOU] Removing odom bias (restoring real odom)...
[2026-07-13 01:02:24] [S5-TOCTOU] Stopping odom bias, restoring real odom...
[ATTACK] Restarting odom relay after odom spoofing attack...
[SIM] Starting odom relay (odom_real → odom)...
[SIM] Odom relay started
[2026-07-13 01:02:27] [S5-TOCTOU] decision=reject, reason=Goal rejected by geofence (within safety margin)
[2026-07-13 01:02:27] [S4] Stopping odom_spoofing attack
[2026-07-13 01:02:27]   Result: reject (FAIL)
[2026-07-13 01:02:27]   Reason: Goal rejected by geofence (within safety margin)
[2026-07-13 01:02:27]   Time: 50.9s
[2026-07-13 01:02:27]   Robot moved: False, path_min_dist: 4.00m
[2026-07-13 01:02:27] [HEALTH] Pre-trial restart (every 1 trials, world=empty.sdf)...
[SIM] Stopping all processes...
[CLEANUP] Starting process cleanup...
[CLEANUP] Complete (killed 1 process groups)
[SIM] All processes stopped
[CLEANUP] Starting process cleanup...
[CLEANUP] Complete (killed 0 process groups)
[DEBUG] restart_with_method called: method=geofence, params={}, world=empty.sdf, guard=True
[SIM] Full restart for method: geofence (world: empty.sdf)
[SIM] Stopping all processes...
[CLEANUP] Starting process cleanup...
[CLEANUP] Complete (killed 0 process groups)
[SIM] All processes stopped
[SIM] Starting Gazebo...
[CLEANUP] Starting process cleanup...
[CLEANUP] Complete (killed 0 process groups)
[SIM] gz sim still alive (1 procs), force-killing PGIDs (attempt 1/5)...
[SIM] gz sim still alive (1 procs), force-killing PGIDs (attempt 2/5)...
[SIM] gz sim still alive (1 procs), force-killing PGIDs (attempt 3/5)...
[SIM] gz sim still alive (1 procs), force-killing PGIDs (attempt 4/5)...
[SIM] gz sim still alive (1 procs), force-killing PGIDs (attempt 5/5)...
[SIM][WARNING] Could not kill all gz sim processes — proceeding anyway
The daemon has been started
[SIM] Waiting for Gazebo (180s)...
[SIM] Gazebo started successfully
[SIM] robot_state_publisher: running
[SIM] Starting odom relay (odom_real → odom)...
[SIM] Odom relay started
[SIM] Starting scan relay (scan_real → scan)...
[SIM] Scan relay started, verifying /scan topic...
[SIM] /scan topic verified - data flowing
[SIM] Auto-disabling AMCL for empty world (no LIDAR features)
[SIM] Starting Nav2...
[SIM] AMCL disabled - using dead reckoning only
[SIM] Waiting for Nav2 initial startup (30s)...
[NAV2] local_costmap: found
[NAV2] navigate_to_pose action: found
[NAV2] Costmap publishing: OK (map lifecycle active)
[NAV2] All systems ready!
[SIM] Final verification: checking navigate_to_pose action...
[SIM] Nav2 started successfully and action server verified!
[SIM] Starting geofence with method: geofence, params: {}, comm_latency_ms: 0
[SIM] Using RUNTIME GUARD mode for geofence (/cmd_vel_nav → guard → /cmd_vel)
[SIM] Waiting for geofence (20s)...
[SIM] Geofence started with method: geofence (cmd_vel_guard: True)
[SIM] Standalone cmd_vel_guard started successfully
[2026-07-13 01:04:46] [GEOFENCE] Restarting geofence (sigma=0.15, v_max=0.5, tau=0.1, eps=0.003, a_max=2.5)...
[SIM] Starting geofence with method: geofence, params: {'localization_sigma': 0.15, 'v_max': 0.5, 'latency': 0.1, 'epsilon': 0.003, 'a_max': 2.5, 'e_0': 0.03, 'c_1': 0.04, 'enable_estimation_term': True, 'enable_tracking_term': True, 'enable_latency_term': True, 'enable_braking_term': True, 'use_dynamic_v_max': False, 'use_dynamic_tau': False, 'use_dynamic_e_track': False}, comm_latency_ms: 50
[SIM] Using RUNTIME GUARD mode for geofence (/cmd_vel_nav → guard → /cmd_vel)
[SIM] Waiting for geofence (20s)...
[SIM] Geofence started with method: geofence (cmd_vel_guard: True)
[SIM] Standalone cmd_vel_guard started successfully (comm_latency=50ms)
[2026-07-13 01:05:15] 
Trial 5/20: S5_geofence_toctou_bias_1.0_s4
[2026-07-13 01:05:15]   Goal: (7.00, 1.60)
[2026-07-13 01:05:15]   TOCTOU Δ=1.0: biased path y=1.343 at zone (inside margin)
[2026-07-13 01:05:15]   Comm latency: 50ms
[2026-07-13 01:05:15] [RESET] Resetting robot pose to origin...
[RESET] Teleporting robot to (0.0, 0.0, θ=0.0)
[RESET] Cancelling any active navigation goals...
[RESET] Stopping robot movement...
[RESET] Waiting for TF to stabilize...
[RESET] AMCL disabled, correcting map→odom TF after teleport...
[RESET] Odom at (-0.00, -0.00, yaw=0.0°), target (0.00, 0.00, yaw=0.0°)
[RESET] TF correction: tx=0.000, ty=-0.000, yaw=-0.0°
[RESET] Static TF republished with yaw correction
[RESET] Robot pose reset complete
[2026-07-13 01:05:47] [S5] Starting odom_spoofing attack (scale=1.0, offset=(0.0, 1.0))
[ATTACK] Starting odom_spoofing attack with scale=1.0, offset=(0.0, 1.0)
[ATTACK] Stopping odom relay for odom spoofing attack...
[ATTACK] odom_spoofing attack started successfully
[2026-07-13 01:05:53] [S5-TOCTOU] Δy=1.0, true path y@zone=0.914, biased path y@zone=1.343
[2026-07-13 01:05:55] [S5-TOCTOU] Biased odom confirmed: y=1.000 (expected ~1.0)
[TOCTOU] Goal sent, waiting 5.0s for planning decision...
[TOCTOU] Removing odom bias (restoring real odom)...
[2026-07-13 01:06:00] [S5-TOCTOU] Stopping odom bias, restoring real odom...
[ATTACK] Restarting odom relay after odom spoofing attack...
[SIM] Starting odom relay (odom_real → odom)...
[SIM] Odom relay started
[2026-07-13 01:06:03] [S5-TOCTOU] decision=reject, reason=Goal rejected by geofence (within safety margin)
[2026-07-13 01:06:03] [S4] Stopping odom_spoofing attack
[2026-07-13 01:06:03]   Result: reject (FAIL)
[2026-07-13 01:06:03]   Reason: Goal rejected by geofence (within safety margin)
[2026-07-13 01:06:03]   Time: 48.1s
[2026-07-13 01:06:03]   Robot moved: False, path_min_dist: 4.00m
[CHECKPOINT] Saved at trial 5/20
[2026-07-13 01:06:03] [HEALTH] Pre-trial restart (every 1 trials, world=empty.sdf)...
[SIM] Stopping all processes...
[CLEANUP] Starting process cleanup...
[CLEANUP] Complete (killed 1 process groups)
[SIM] All processes stopped
[CLEANUP] Starting process cleanup...
[CLEANUP] Complete (killed 0 process groups)
[DEBUG] restart_with_method called: method=geofence, params={}, world=empty.sdf, guard=True
[SIM] Full restart for method: geofence (world: empty.sdf)
[SIM] Stopping all processes...
[CLEANUP] Starting process cleanup...
[CLEANUP] Complete (killed 0 process groups)
[SIM] All processes stopped
[SIM] Starting Gazebo...
[CLEANUP] Starting process cleanup...
[CLEANUP] Complete (killed 0 process groups)
[SIM] gz sim still alive (1 procs), force-killing PGIDs (attempt 1/5)...
[SIM] gz sim still alive (1 procs), force-killing PGIDs (attempt 2/5)...
[SIM] gz sim still alive (1 procs), force-killing PGIDs (attempt 3/5)...
[SIM] gz sim still alive (1 procs), force-killing PGIDs (attempt 4/5)...
[SIM] gz sim still alive (1 procs), force-killing PGIDs (attempt 5/5)...
[SIM][WARNING] Could not kill all gz sim processes — proceeding anyway
The daemon has been started
[SIM] Waiting for Gazebo (180s)...
[SIM] Gazebo started successfully
[SIM] robot_state_publisher: running
[SIM] Starting odom relay (odom_real → odom)...
[SIM] Odom relay started
[SIM] Starting scan relay (scan_real → scan)...
[SIM] Scan relay started, verifying /scan topic...
[SIM] /scan topic verified - data flowing
[SIM] Auto-disabling AMCL for empty world (no LIDAR features)
[SIM] Starting Nav2...
[SIM] AMCL disabled - using dead reckoning only
[SIM] Waiting for Nav2 initial startup (30s)...
[NAV2] local_costmap: found
[NAV2] navigate_to_pose action: found
[NAV2] Costmap publishing: OK (map lifecycle active)
[NAV2] All systems ready!
[SIM] Final verification: checking navigate_to_pose action...
[SIM] Nav2 started successfully and action server verified!
[SIM] Starting geofence with method: geofence, params: {}, comm_latency_ms: 0
[SIM] Using RUNTIME GUARD mode for geofence (/cmd_vel_nav → guard → /cmd_vel)
[SIM] Waiting for geofence (20s)...
[SIM] Geofence started with method: geofence (cmd_vel_guard: True)
[SIM] Standalone cmd_vel_guard started successfully
[2026-07-13 01:08:18] [GEOFENCE] Restarting geofence (sigma=0.15, v_max=0.5, tau=0.1, eps=0.003, a_max=2.5)...
[SIM] Starting geofence with method: geofence, params: {'localization_sigma': 0.15, 'v_max': 0.5, 'latency': 0.1, 'epsilon': 0.003, 'a_max': 2.5, 'e_0': 0.03, 'c_1': 0.04, 'enable_estimation_term': True, 'enable_tracking_term': True, 'enable_latency_term': True, 'enable_braking_term': True, 'use_dynamic_v_max': False, 'use_dynamic_tau': False, 'use_dynamic_e_track': False}, comm_latency_ms: 100
[SIM] Using RUNTIME GUARD mode for geofence (/cmd_vel_nav → guard → /cmd_vel)
[SIM] Waiting for geofence (20s)...
[SIM] Geofence started with method: geofence (cmd_vel_guard: True)
[SIM] Standalone cmd_vel_guard started successfully (comm_latency=100ms)
[2026-07-13 01:08:48] 
Trial 6/20: S5_geofence_toctou_bias_1.0_s5
[2026-07-13 01:08:48]   Goal: (7.00, 1.60)
[2026-07-13 01:08:48]   TOCTOU Δ=1.0: biased path y=1.343 at zone (inside margin)
[2026-07-13 01:08:48]   Comm latency: 100ms
[2026-07-13 01:08:48] [RESET] Resetting robot pose to origin...
[RESET] Teleporting robot to (0.0, 0.0, θ=0.0)
[RESET] Cancelling any active navigation goals...
[RESET] Stopping robot movement...
[RESET] Waiting for TF to stabilize...
[RESET] AMCL disabled, correcting map→odom TF after teleport...
[RESET] Odom at (-0.00, -0.00, yaw=0.0°), target (0.00, 0.00, yaw=0.0°)
[RESET] TF correction: tx=0.000, ty=-0.000, yaw=-0.0°
[RESET] Static TF republished with yaw correction
[RESET] Robot pose reset complete
[2026-07-13 01:09:21] [S5] Starting odom_spoofing attack (scale=1.0, offset=(0.0, 1.0))
[ATTACK] Starting odom_spoofing attack with scale=1.0, offset=(0.0, 1.0)
[ATTACK] Stopping odom relay for odom spoofing attack...
[ATTACK] odom_spoofing attack started successfully
[2026-07-13 01:09:26] [S5-TOCTOU] Δy=1.0, true path y@zone=0.914, biased path y@zone=1.343
[2026-07-13 01:09:27] [S5-TOCTOU] Biased odom confirmed: y=1.000 (expected ~1.0)
[TOCTOU] Goal sent, waiting 5.0s for planning decision...
[TOCTOU] Removing odom bias (restoring real odom)...
[2026-07-13 01:09:32] [S5-TOCTOU] Stopping odom bias, restoring real odom...
[ATTACK] Restarting odom relay after odom spoofing attack...
[SIM] Starting odom relay (odom_real → odom)...
[SIM] Odom relay started
[2026-07-13 01:09:35] [S5-TOCTOU] decision=reject, reason=Goal rejected by geofence (within safety margin)
[2026-07-13 01:09:35] [S4] Stopping odom_spoofing attack
[2026-07-13 01:09:36]   Result: reject (FAIL)
[2026-07-13 01:09:36]   Reason: Goal rejected by geofence (within safety margin)
[2026-07-13 01:09:36]   Time: 47.9s
[2026-07-13 01:09:36]   Robot moved: False, path_min_dist: 4.00m
[2026-07-13 01:09:36] [HEALTH] Pre-trial restart (every 1 trials, world=empty.sdf)...
[SIM] Stopping all processes...
[CLEANUP] Starting process cleanup...
[CLEANUP] Complete (killed 1 process groups)
[SIM] All processes stopped
[CLEANUP] Starting process cleanup...
[CLEANUP] Complete (killed 0 process groups)
[DEBUG] restart_with_method called: method=geofence, params={}, world=empty.sdf, guard=True
[SIM] Full restart for method: geofence (world: empty.sdf)
[SIM] Stopping all processes...
[CLEANUP] Starting process cleanup...
[CLEANUP] Complete (killed 0 process groups)
[SIM] All processes stopped
[SIM] Starting Gazebo...
[CLEANUP] Starting process cleanup...
[CLEANUP] Complete (killed 0 process groups)
[SIM] gz sim still alive (1 procs), force-killing PGIDs (attempt 1/5)...
[SIM] gz sim still alive (1 procs), force-killing PGIDs (attempt 2/5)...
[SIM] gz sim still alive (1 procs), force-killing PGIDs (attempt 3/5)...
[SIM] gz sim still alive (1 procs), force-killing PGIDs (attempt 4/5)...
[SIM] gz sim still alive (1 procs), force-killing PGIDs (attempt 5/5)...
[SIM][WARNING] Could not kill all gz sim processes — proceeding anyway
The daemon has been started
[SIM] Waiting for Gazebo (180s)...
[SIM] Gazebo started successfully
[SIM] robot_state_publisher: running
[SIM] Starting odom relay (odom_real → odom)...
[SIM] Odom relay started
[SIM] Starting scan relay (scan_real → scan)...
[SIM] Scan relay started, verifying /scan topic...
[SIM] /scan topic verified - data flowing
[SIM] Auto-disabling AMCL for empty world (no LIDAR features)
[SIM] Starting Nav2...
[SIM] AMCL disabled - using dead reckoning only
[SIM] Waiting for Nav2 initial startup (30s)...
[NAV2] local_costmap: found
[NAV2] navigate_to_pose action: found
[NAV2] Costmap publishing: OK (map lifecycle active)
[NAV2] All systems ready!
[SIM] Final verification: checking navigate_to_pose action...
[SIM] Nav2 started successfully and action server verified!
[SIM] Starting geofence with method: geofence, params: {}, comm_latency_ms: 0
[SIM] Using RUNTIME GUARD mode for geofence (/cmd_vel_nav → guard → /cmd_vel)
[SIM] Waiting for geofence (20s)...
[SIM] Geofence started with method: geofence (cmd_vel_guard: True)
[SIM] Standalone cmd_vel_guard started successfully
[2026-07-13 01:11:55] [GEOFENCE] Restarting geofence (sigma=0.15, v_max=0.5, tau=0.1, eps=0.003, a_max=2.5)...
[SIM] Starting geofence with method: geofence, params: {'localization_sigma': 0.15, 'v_max': 0.5, 'latency': 0.1, 'epsilon': 0.003, 'a_max': 2.5, 'e_0': 0.03, 'c_1': 0.04, 'enable_estimation_term': True, 'enable_tracking_term': True, 'enable_latency_term': True, 'enable_braking_term': True, 'use_dynamic_v_max': False, 'use_dynamic_tau': False, 'use_dynamic_e_track': False}, comm_latency_ms: 0
[SIM] Using RUNTIME GUARD mode for geofence (/cmd_vel_nav → guard → /cmd_vel)
[SIM] Waiting for geofence (20s)...
[SIM] Geofence started with method: geofence (cmd_vel_guard: True)
[SIM] Standalone cmd_vel_guard started successfully
[2026-07-13 01:12:25] 
Trial 7/20: S5_geofence_toctou_bias_1.0_s6
[2026-07-13 01:12:25]   Goal: (7.00, 1.60)
[2026-07-13 01:12:25]   TOCTOU Δ=1.0: biased path y=1.343 at zone (inside margin)
[2026-07-13 01:12:25] [RESET] Resetting robot pose to origin...
[RESET] Teleporting robot to (0.0, 0.0, θ=0.0)
[RESET] Cancelling any active navigation goals...
[RESET] Stopping robot movement...
[RESET] Waiting for TF to stabilize...
[RESET] AMCL disabled, correcting map→odom TF after teleport...
[RESET] Odom at (-0.00, -0.00, yaw=0.0°), target (0.00, 0.00, yaw=0.0°)
[RESET] TF correction: tx=0.000, ty=-0.000, yaw=-0.0°
[RESET] Static TF republished with yaw correction
[RESET] Robot pose reset complete
[2026-07-13 01:12:47] [S5] Starting odom_spoofing attack (scale=1.0, offset=(0.0, 1.0))
[ATTACK] Starting odom_spoofing attack with scale=1.0, offset=(0.0, 1.0)
[ATTACK] Stopping odom relay for odom spoofing attack...
[ATTACK] odom_spoofing attack started successfully
[2026-07-13 01:12:53] [S5-TOCTOU] Δy=1.0, true path y@zone=0.914, biased path y@zone=1.343
[2026-07-13 01:12:54] [S5-TOCTOU] Biased odom confirmed: y=1.000 (expected ~1.0)
[TOCTOU] Goal sent, waiting 5.0s for planning decision...
[TOCTOU] Removing odom bias (restoring real odom)...
[2026-07-13 01:12:59] [S5-TOCTOU] Stopping odom bias, restoring real odom...
[ATTACK] Restarting odom relay after odom spoofing attack...
[SIM] Starting odom relay (odom_real → odom)...
[SIM] Odom relay started
[2026-07-13 01:13:02] [S5-TOCTOU] decision=reject, reason=Goal rejected by geofence (within safety margin)
[2026-07-13 01:13:02] [S4] Stopping odom_spoofing attack
[2026-07-13 01:13:02]   Result: reject (FAIL)
[2026-07-13 01:13:02]   Reason: Goal rejected by geofence (within safety margin)
[2026-07-13 01:13:02]   Time: 37.9s
[2026-07-13 01:13:02]   Robot moved: False, path_min_dist: 4.00m
[2026-07-13 01:13:02] [HEALTH] Pre-trial restart (every 1 trials, world=empty.sdf)...
[SIM] Stopping all processes...
[CLEANUP] Starting process cleanup...
[CLEANUP] Complete (killed 1 process groups)
[SIM] All processes stopped
[CLEANUP] Starting process cleanup...
[CLEANUP] Complete (killed 0 process groups)
[DEBUG] restart_with_method called: method=geofence, params={}, world=empty.sdf, guard=True
[SIM] Full restart for method: geofence (world: empty.sdf)
[SIM] Stopping all processes...
[CLEANUP] Starting process cleanup...
[CLEANUP] Complete (killed 0 process groups)
[SIM] All processes stopped
[SIM] Starting Gazebo...
[CLEANUP] Starting process cleanup...
[CLEANUP] Complete (killed 0 process groups)
[SIM] gz sim still alive (1 procs), force-killing PGIDs (attempt 1/5)...
[SIM] gz sim still alive (1 procs), force-killing PGIDs (attempt 2/5)...
[SIM] gz sim still alive (1 procs), force-killing PGIDs (attempt 3/5)...
[SIM] gz sim still alive (1 procs), force-killing PGIDs (attempt 4/5)...
[SIM] gz sim still alive (1 procs), force-killing PGIDs (attempt 5/5)...
[SIM][WARNING] Could not kill all gz sim processes — proceeding anyway
The daemon has been started
[SIM] Waiting for Gazebo (180s)...
[SIM] Gazebo started successfully
[SIM] robot_state_publisher: running
[SIM] Starting odom relay (odom_real → odom)...
[SIM] Odom relay started
[SIM] Starting scan relay (scan_real → scan)...
[SIM] Scan relay started, verifying /scan topic...
[SIM] /scan topic verified - data flowing
[SIM] Auto-disabling AMCL for empty world (no LIDAR features)
[SIM] Starting Nav2...
[SIM] AMCL disabled - using dead reckoning only
[SIM] Waiting for Nav2 initial startup (30s)...
[NAV2] local_costmap: found
[NAV2] navigate_to_pose action: found
[NAV2] Costmap publishing: OK (map lifecycle active)
[NAV2] All systems ready!
[SIM] Final verification: checking navigate_to_pose action...
[SIM] Nav2 started successfully and action server verified!
[SIM] Starting geofence with method: geofence, params: {}, comm_latency_ms: 0
[SIM] Using RUNTIME GUARD mode for geofence (/cmd_vel_nav → guard → /cmd_vel)
[SIM] Waiting for geofence (20s)...
[SIM] Geofence started with method: geofence (cmd_vel_guard: True)
[SIM] Standalone cmd_vel_guard started successfully
[2026-07-13 01:15:20] [GEOFENCE] Restarting geofence (sigma=0.15, v_max=0.5, tau=0.1, eps=0.003, a_max=2.5)...
[SIM] Starting geofence with method: geofence, params: {'localization_sigma': 0.15, 'v_max': 0.5, 'latency': 0.1, 'epsilon': 0.003, 'a_max': 2.5, 'e_0': 0.03, 'c_1': 0.04, 'enable_estimation_term': True, 'enable_tracking_term': True, 'enable_latency_term': True, 'enable_braking_term': True, 'use_dynamic_v_max': False, 'use_dynamic_tau': False, 'use_dynamic_e_track': False}, comm_latency_ms: 50
[SIM] Using RUNTIME GUARD mode for geofence (/cmd_vel_nav → guard → /cmd_vel)
[SIM] Waiting for geofence (20s)...
[SIM] Geofence started with method: geofence (cmd_vel_guard: True)
[SIM] Standalone cmd_vel_guard started successfully (comm_latency=50ms)
[2026-07-13 01:15:49] 
Trial 8/20: S5_geofence_toctou_bias_1.0_s7
[2026-07-13 01:15:49]   Goal: (7.00, 1.60)
[2026-07-13 01:15:49]   TOCTOU Δ=1.0: biased path y=1.343 at zone (inside margin)
[2026-07-13 01:15:49]   Comm latency: 50ms
[2026-07-13 01:15:49] [RESET] Resetting robot pose to origin...
[RESET] Teleporting robot to (0.0, 0.0, θ=0.0)
[RESET] Cancelling any active navigation goals...
[RESET] Stopping robot movement...
[RESET] Waiting for TF to stabilize...
[RESET] AMCL disabled, correcting map→odom TF after teleport...
[RESET] Odom at (-0.00, -0.00, yaw=0.0°), target (0.00, 0.00, yaw=0.0°)
[RESET] TF correction: tx=0.000, ty=-0.000, yaw=-0.0°
[RESET] Static TF republished with yaw correction
[RESET] Robot pose reset complete
[2026-07-13 01:16:09] [S5] Starting odom_spoofing attack (scale=1.0, offset=(0.0, 1.0))
[ATTACK] Starting odom_spoofing attack with scale=1.0, offset=(0.0, 1.0)
[ATTACK] Stopping odom relay for odom spoofing attack...
[ATTACK] odom_spoofing attack started successfully
[2026-07-13 01:16:14] [S5-TOCTOU] Δy=1.0, true path y@zone=0.914, biased path y@zone=1.343
[2026-07-13 01:16:16] [S5-TOCTOU] Biased odom confirmed: y=1.000 (expected ~1.0)
[TOCTOU] Goal sent, waiting 5.0s for planning decision...
[TOCTOU] Removing odom bias (restoring real odom)...
[2026-07-13 01:16:21] [S5-TOCTOU] Stopping odom bias, restoring real odom...
[ATTACK] Restarting odom relay after odom spoofing attack...
[SIM] Starting odom relay (odom_real → odom)...
[SIM] Odom relay started
[2026-07-13 01:16:24] [S5-TOCTOU] decision=reject, reason=Goal rejected by geofence (within safety margin)
[2026-07-13 01:16:24] [S4] Stopping odom_spoofing attack
[2026-07-13 01:16:24]   Result: reject (FAIL)
[2026-07-13 01:16:24]   Reason: Goal rejected by geofence (within safety margin)
[2026-07-13 01:16:24]   Time: 35.4s
[2026-07-13 01:16:24]   Robot moved: False, path_min_dist: 4.00m
[2026-07-13 01:16:24] [HEALTH] Pre-trial restart (every 1 trials, world=empty.sdf)...
[SIM] Stopping all processes...
[CLEANUP] Starting process cleanup...
[CLEANUP] Complete (killed 4 process groups)
[SIM] All processes stopped
[CLEANUP] Starting process cleanup...
[CLEANUP] Complete (killed 0 process groups)
[DEBUG] restart_with_method called: method=geofence, params={}, world=empty.sdf, guard=True
[SIM] Full restart for method: geofence (world: empty.sdf)
[SIM] Stopping all processes...
[CLEANUP] Starting process cleanup...
[CLEANUP] Complete (killed 0 process groups)
[SIM] All processes stopped
[SIM] Starting Gazebo...
[CLEANUP] Starting process cleanup...
[CLEANUP] Complete (killed 0 process groups)
[SIM] gz sim still alive (1 procs), force-killing PGIDs (attempt 1/5)...
[SIM] gz sim still alive (1 procs), force-killing PGIDs (attempt 2/5)...
[SIM] gz sim still alive (1 procs), force-killing PGIDs (attempt 3/5)...
[SIM] gz sim still alive (1 procs), force-killing PGIDs (attempt 4/5)...
[SIM] gz sim still alive (1 procs), force-killing PGIDs (attempt 5/5)...
[SIM][WARNING] Could not kill all gz sim processes — proceeding anyway
The daemon has been started
[SIM] Waiting for Gazebo (180s)...
[SIM] Gazebo started successfully
[SIM] robot_state_publisher: running
[SIM] Starting odom relay (odom_real → odom)...
[SIM] Odom relay started
[SIM] Starting scan relay (scan_real → scan)...
[SIM] Scan relay started, verifying /scan topic...
[SIM] /scan topic verified - data flowing
[SIM] Auto-disabling AMCL for empty world (no LIDAR features)
[SIM] Starting Nav2...
[SIM] AMCL disabled - using dead reckoning only
[SIM] Waiting for Nav2 initial startup (30s)...
[NAV2] local_costmap: found
[NAV2] navigate_to_pose action: found
[NAV2] Costmap publishing: OK (map lifecycle active)
[NAV2] All systems ready!
[SIM] Final verification: checking navigate_to_pose action...
[SIM] Nav2 started successfully and action server verified!
[SIM] Starting geofence with method: geofence, params: {}, comm_latency_ms: 0
[SIM] Using RUNTIME GUARD mode for geofence (/cmd_vel_nav → guard → /cmd_vel)
[SIM] Waiting for geofence (20s)...
[SIM] Geofence started with method: geofence (cmd_vel_guard: True)
[SIM] Standalone cmd_vel_guard started successfully
[2026-07-13 01:18:43] [GEOFENCE] Restarting geofence (sigma=0.15, v_max=0.5, tau=0.1, eps=0.003, a_max=2.5)...
[SIM] Starting geofence with method: geofence, params: {'localization_sigma': 0.15, 'v_max': 0.5, 'latency': 0.1, 'epsilon': 0.003, 'a_max': 2.5, 'e_0': 0.03, 'c_1': 0.04, 'enable_estimation_term': True, 'enable_tracking_term': True, 'enable_latency_term': True, 'enable_braking_term': True, 'use_dynamic_v_max': False, 'use_dynamic_tau': False, 'use_dynamic_e_track': False}, comm_latency_ms: 100
[SIM] Using RUNTIME GUARD mode for geofence (/cmd_vel_nav → guard → /cmd_vel)
[SIM] Waiting for geofence (20s)...
[SIM] Geofence started with method: geofence (cmd_vel_guard: True)
[SIM] Standalone cmd_vel_guard started successfully (comm_latency=100ms)
[2026-07-13 01:19:12] 
Trial 9/20: S5_geofence_toctou_bias_1.0_s8
[2026-07-13 01:19:12]   Goal: (7.00, 1.60)
[2026-07-13 01:19:12]   TOCTOU Δ=1.0: biased path y=1.343 at zone (inside margin)
[2026-07-13 01:19:12]   Comm latency: 100ms
[2026-07-13 01:19:12] [RESET] Resetting robot pose to origin...
[RESET] Teleporting robot to (0.0, 0.0, θ=0.0)
[RESET] Cancelling any active navigation goals...
[RESET] Stopping robot movement...
[RESET] Waiting for TF to stabilize...
[RESET] AMCL disabled, correcting map→odom TF after teleport...
[RESET] Odom at (-0.00, -0.00, yaw=0.0°), target (0.00, 0.00, yaw=0.0°)
[RESET] TF correction: tx=0.000, ty=-0.000, yaw=-0.0°
[RESET] Static TF republished with yaw correction
[RESET] Robot pose reset complete
[2026-07-13 01:19:44] [S5] Starting odom_spoofing attack (scale=1.0, offset=(0.0, 1.0))
[ATTACK] Starting odom_spoofing attack with scale=1.0, offset=(0.0, 1.0)
[ATTACK] Stopping odom relay for odom spoofing attack...
[ATTACK] odom_spoofing attack started successfully
[2026-07-13 01:19:50] [S5-TOCTOU] Δy=1.0, true path y@zone=0.914, biased path y@zone=1.343
[2026-07-13 01:19:51] [S5-TOCTOU] Biased odom confirmed: y=1.000 (expected ~1.0)
[TOCTOU] Goal sent, waiting 5.0s for planning decision...
[TOCTOU] Removing odom bias (restoring real odom)...
[2026-07-13 01:19:56] [S5-TOCTOU] Stopping odom bias, restoring real odom...
[ATTACK] Restarting odom relay after odom spoofing attack...
[SIM] Starting odom relay (odom_real → odom)...
[SIM] Odom relay started
[2026-07-13 01:19:59] [S5-TOCTOU] decision=reject, reason=Goal rejected by geofence (within safety margin)
[2026-07-13 01:19:59] [S4] Stopping odom_spoofing attack
[2026-07-13 01:19:59]   Result: reject (FAIL)
[2026-07-13 01:19:59]   Reason: Goal rejected by geofence (within safety margin)
[2026-07-13 01:19:59]   Time: 47.1s
[2026-07-13 01:19:59]   Robot moved: False, path_min_dist: 4.00m
[2026-07-13 01:19:59] [HEALTH] Pre-trial restart (every 1 trials, world=empty.sdf)...
[SIM] Stopping all processes...
[CLEANUP] Starting process cleanup...
[CLEANUP] Complete (killed 1 process groups)
[SIM] All processes stopped
[CLEANUP] Starting process cleanup...
[CLEANUP] Complete (killed 0 process groups)
[DEBUG] restart_with_method called: method=geofence, params={}, world=empty.sdf, guard=True
[SIM] Full restart for method: geofence (world: empty.sdf)
[SIM] Stopping all processes...
[CLEANUP] Starting process cleanup...
[CLEANUP] Complete (killed 0 process groups)
[SIM] All processes stopped
[SIM] Starting Gazebo...
[CLEANUP] Starting process cleanup...
[CLEANUP] Complete (killed 0 process groups)
[SIM] gz sim still alive (1 procs), force-killing PGIDs (attempt 1/5)...
[SIM] gz sim still alive (1 procs), force-killing PGIDs (attempt 2/5)...
[SIM] gz sim still alive (1 procs), force-killing PGIDs (attempt 3/5)...
[SIM] gz sim still alive (1 procs), force-killing PGIDs (attempt 4/5)...
[SIM] gz sim still alive (1 procs), force-killing PGIDs (attempt 5/5)...
[SIM][WARNING] Could not kill all gz sim processes — proceeding anyway
The daemon has been started
[SIM] Waiting for Gazebo (180s)...
[SIM] Gazebo started successfully
[SIM] robot_state_publisher: running
[SIM] Starting odom relay (odom_real → odom)...
[SIM] Odom relay started
[SIM] Starting scan relay (scan_real → scan)...
[SIM] Scan relay started, verifying /scan topic...
[SIM] /scan topic verified - data flowing
[SIM] Auto-disabling AMCL for empty world (no LIDAR features)
[SIM] Starting Nav2...
[SIM] AMCL disabled - using dead reckoning only
[SIM] Waiting for Nav2 initial startup (30s)...
[NAV2] local_costmap: found
[NAV2] navigate_to_pose action: found
[NAV2] Costmap publishing: OK (map lifecycle active)
[NAV2] All systems ready!
[SIM] Final verification: checking navigate_to_pose action...
[SIM] Nav2 started successfully and action server verified!
[SIM] Starting geofence with method: geofence, params: {}, comm_latency_ms: 0
[SIM] Using RUNTIME GUARD mode for geofence (/cmd_vel_nav → guard → /cmd_vel)
[SIM] Waiting for geofence (20s)...
[SIM] Geofence started with method: geofence (cmd_vel_guard: True)
[SIM] Standalone cmd_vel_guard started successfully
[2026-07-13 01:22:19] [GEOFENCE] Restarting geofence (sigma=0.15, v_max=0.5, tau=0.1, eps=0.003, a_max=2.5)...
[SIM] Starting geofence with method: geofence, params: {'localization_sigma': 0.15, 'v_max': 0.5, 'latency': 0.1, 'epsilon': 0.003, 'a_max': 2.5, 'e_0': 0.03, 'c_1': 0.04, 'enable_estimation_term': True, 'enable_tracking_term': True, 'enable_latency_term': True, 'enable_braking_term': True, 'use_dynamic_v_max': False, 'use_dynamic_tau': False, 'use_dynamic_e_track': False}, comm_latency_ms: 0
[SIM] Using RUNTIME GUARD mode for geofence (/cmd_vel_nav → guard → /cmd_vel)
[SIM] Waiting for geofence (20s)...
[SIM] Geofence started with method: geofence (cmd_vel_guard: True)
[SIM] Standalone cmd_vel_guard started successfully
[2026-07-13 01:22:48] 
Trial 10/20: S5_geofence_toctou_bias_1.0_s9
[2026-07-13 01:22:48]   Goal: (7.00, 1.60)
[2026-07-13 01:22:48]   TOCTOU Δ=1.0: biased path y=1.343 at zone (inside margin)
[2026-07-13 01:22:48] [RESET] Resetting robot pose to origin...
[RESET] Teleporting robot to (0.0, 0.0, θ=0.0)
[RESET] Cancelling any active navigation goals...
[RESET] Stopping robot movement...
[RESET] Waiting for TF to stabilize...
[RESET] AMCL disabled, correcting map→odom TF after teleport...
[RESET] Odom at (-0.00, -0.00, yaw=0.0°), target (0.00, 0.00, yaw=0.0°)
[RESET] TF correction: tx=0.000, ty=-0.000, yaw=-0.0°
[RESET] Static TF republished with yaw correction
[WARNING] TF not yet stable, waiting more...
[RESET] Robot pose reset complete
[2026-07-13 01:23:12] [S5] Starting odom_spoofing attack (scale=1.0, offset=(0.0, 1.0))
[ATTACK] Starting odom_spoofing attack with scale=1.0, offset=(0.0, 1.0)
[ATTACK] Stopping odom relay for odom spoofing attack...
[ATTACK] odom_spoofing attack started successfully
[2026-07-13 01:23:17] [S5-TOCTOU] Δy=1.0, true path y@zone=0.914, biased path y@zone=1.343
[2026-07-13 01:23:19] [S5-TOCTOU] Biased odom confirmed: y=1.000 (expected ~1.0)
[TOCTOU] Goal sent, waiting 5.0s for planning decision...
[TOCTOU] Removing odom bias (restoring real odom)...
[2026-07-13 01:23:24] [S5-TOCTOU] Stopping odom bias, restoring real odom...
[ATTACK] Restarting odom relay after odom spoofing attack...
[SIM] Starting odom relay (odom_real → odom)...
[SIM] Odom relay started
[2026-07-13 01:23:27] [S5-TOCTOU] decision=reject, reason=Goal rejected by geofence (within safety margin)
[2026-07-13 01:23:27] [S4] Stopping odom_spoofing attack
[2026-07-13 01:23:27]   Result: reject (FAIL)
[2026-07-13 01:23:27]   Reason: Goal rejected by geofence (within safety margin)
[2026-07-13 01:23:27]   Time: 38.8s
[2026-07-13 01:23:27]   Robot moved: False, path_min_dist: 4.00m
[CHECKPOINT] Saved at trial 10/20
[2026-07-13 01:23:27] [HEALTH] Pre-trial restart (every 1 trials, world=empty.sdf)...
[SIM] Stopping all processes...
[CLEANUP] Starting process cleanup...
[CLEANUP] Complete (killed 1 process groups)
[SIM] All processes stopped
[CLEANUP] Starting process cleanup...
[CLEANUP] Complete (killed 0 process groups)
[DEBUG] restart_with_method called: method=geofence, params={}, world=empty.sdf, guard=True
[SIM] Full restart for method: geofence (world: empty.sdf)
[SIM] Stopping all processes...
[CLEANUP] Starting process cleanup...
[CLEANUP] Complete (killed 0 process groups)
[SIM] All processes stopped
[SIM] Starting Gazebo...
[CLEANUP] Starting process cleanup...
[CLEANUP] Complete (killed 0 process groups)
[SIM] gz sim still alive (1 procs), force-killing PGIDs (attempt 1/5)...
[SIM] gz sim still alive (1 procs), force-killing PGIDs (attempt 2/5)...
[SIM] gz sim still alive (1 procs), force-killing PGIDs (attempt 3/5)...
[SIM] gz sim still alive (1 procs), force-killing PGIDs (attempt 4/5)...
[SIM] gz sim still alive (1 procs), force-killing PGIDs (attempt 5/5)...
[SIM][WARNING] Could not kill all gz sim processes — proceeding anyway
The daemon has been started
[SIM] Waiting for Gazebo (180s)...
[SIM] Gazebo started successfully
[SIM] robot_state_publisher: running
[SIM] Starting odom relay (odom_real → odom)...
[SIM] Odom relay started
[SIM] Starting scan relay (scan_real → scan)...
[SIM] Scan relay started, verifying /scan topic...
[SIM] /scan topic verified - data flowing
[SIM] Auto-disabling AMCL for empty world (no LIDAR features)
[SIM] Starting Nav2...
[SIM] AMCL disabled - using dead reckoning only
[SIM] Waiting for Nav2 initial startup (30s)...
[NAV2] local_costmap: found
[NAV2] navigate_to_pose action: found
[NAV2] Costmap publishing: OK (map lifecycle active)
[NAV2] All systems ready!
[SIM] Final verification: checking navigate_to_pose action...
[SIM] Nav2 started successfully and action server verified!
[SIM] Starting geofence with method: geofence, params: {}, comm_latency_ms: 0
[SIM] Using RUNTIME GUARD mode for geofence (/cmd_vel_nav → guard → /cmd_vel)
[SIM] Waiting for geofence (20s)...
[SIM] Geofence started with method: geofence (cmd_vel_guard: True)
[SIM] Standalone cmd_vel_guard started successfully
[2026-07-13 01:25:42] [GEOFENCE] Restarting geofence (sigma=0.15, v_max=0.5, tau=0.1, eps=0.003, a_max=2.5)...
[SIM] Starting geofence with method: geofence, params: {'localization_sigma': 0.15, 'v_max': 0.5, 'latency': 0.1, 'epsilon': 0.003, 'a_max': 2.5, 'e_0': 0.03, 'c_1': 0.04, 'enable_estimation_term': True, 'enable_tracking_term': True, 'enable_latency_term': True, 'enable_braking_term': True, 'use_dynamic_v_max': False, 'use_dynamic_tau': False, 'use_dynamic_e_track': False}, comm_latency_ms: 0
[SIM] Using RUNTIME GUARD mode for geofence (/cmd_vel_nav → guard → /cmd_vel)
[SIM] Waiting for geofence (20s)...
[SIM] Geofence started with method: geofence (cmd_vel_guard: True)
[SIM] Standalone cmd_vel_guard started successfully
[2026-07-13 01:26:12] 
Trial 11/20: S5_geofence_toctou_bias_1.5_s0
[2026-07-13 01:26:12]   Goal: (7.00, 1.60)
[2026-07-13 01:26:12]   TOCTOU Δ=1.5: biased path y=1.557 at zone (bypass margin!)
[2026-07-13 01:26:12] [RESET] Resetting robot pose to origin...
[RESET] Teleporting robot to (0.0, 0.0, θ=0.0)
[RESET] Cancelling any active navigation goals...
[RESET] Stopping robot movement...
[RESET] Waiting for TF to stabilize...
[RESET] AMCL disabled, correcting map→odom TF after teleport...
[WARNING] Could not read odom, TF correction skipped
[RESET] Robot pose reset complete
[2026-07-13 01:26:43] [S5] Starting odom_spoofing attack (scale=1.0, offset=(0.0, 1.5))
[ATTACK] Starting odom_spoofing attack with scale=1.0, offset=(0.0, 1.5)
[ATTACK] Stopping odom relay for odom spoofing attack...
[ATTACK] odom_spoofing attack started successfully
[2026-07-13 01:26:49] [S5-TOCTOU] Δy=1.5, true path y@zone=0.914, biased path y@zone=1.557
[2026-07-13 01:26:50] [S5-TOCTOU] Biased odom confirmed: y=1.500 (expected ~1.5)
[TOCTOU] Goal sent, waiting 5.0s for planning decision...
[TOCTOU] Removing odom bias (restoring real odom)...
[2026-07-13 01:26:55] [S5-TOCTOU] Stopping odom bias, restoring real odom...
[ATTACK] Restarting odom relay after odom spoofing attack...
[SIM] Starting odom relay (odom_real → odom)...
[SIM] Odom relay started
[2026-07-13 01:29:41] [S5-TOCTOU] decision=reject, reason=Goal rejected by geofence (within safety margin)
[2026-07-13 01:29:41] [TOCTOU-CONSISTENCY] Planning bypassed but runtime guard caught — overriding to 'runtime_reject'
[2026-07-13 01:29:41] [S4] Stopping odom_spoofing attack
[2026-07-13 01:29:41]   Result: runtime_reject (FAIL)
[2026-07-13 01:29:41]   Reason: TOCTOU bypass: planning allowed (bias Δy=1.5), runtime guard
[2026-07-13 01:29:41]   Time: 209.8s
[2026-07-13 01:29:41]   Robot moved: True, path_min_dist: 0.52m
[2026-07-13 01:29:41] [HEALTH] Periodic health check...
[2026-07-13 01:29:41] [HEALTH] Load: 3.0, Memory: 49.8%
[NAV2] local_costmap: found
[NAV2] navigate_to_pose action: found
[2026-07-13 01:29:43] [HEALTH] Pre-trial restart (every 1 trials, world=empty.sdf)...
[SIM] Stopping all processes...
[CLEANUP] Starting process cleanup...
[CLEANUP] Complete (killed 0 process groups)
[SIM] All processes stopped
[CLEANUP] Starting process cleanup...
[CLEANUP] Complete (killed 0 process groups)
[DEBUG] restart_with_method called: method=geofence, params={}, world=empty.sdf, guard=True
[SIM] Full restart for method: geofence (world: empty.sdf)
[SIM] Stopping all processes...
[CLEANUP] Starting process cleanup...
[CLEANUP] Complete (killed 0 process groups)
[SIM] All processes stopped
[SIM] Starting Gazebo...
[CLEANUP] Starting process cleanup...
[CLEANUP] Complete (killed 0 process groups)
[SIM] gz sim still alive (1 procs), force-killing PGIDs (attempt 1/5)...
[SIM] gz sim still alive (1 procs), force-killing PGIDs (attempt 2/5)...
[SIM] gz sim still alive (1 procs), force-killing PGIDs (attempt 3/5)...
[SIM] gz sim still alive (1 procs), force-killing PGIDs (attempt 4/5)...
[SIM] gz sim still alive (1 procs), force-killing PGIDs (attempt 5/5)...
[SIM][WARNING] Could not kill all gz sim processes — proceeding anyway
The daemon has been started
[SIM] Waiting for Gazebo (180s)...
[SIM] Gazebo started successfully
[SIM] robot_state_publisher: running
[SIM] Starting odom relay (odom_real → odom)...
[SIM] Odom relay started
[SIM] Starting scan relay (scan_real → scan)...
[SIM] Scan relay started, verifying /scan topic...
[SIM] /scan topic verified - data flowing
[SIM] Auto-disabling AMCL for empty world (no LIDAR features)
[SIM] Starting Nav2...
[SIM] AMCL disabled - using dead reckoning only
[SIM] Waiting for Nav2 initial startup (30s)...
[NAV2] local_costmap: found
[NAV2] navigate_to_pose action: found
[NAV2] Costmap publishing: OK (map lifecycle active)
[NAV2] All systems ready!
[SIM] Final verification: checking navigate_to_pose action...
[SIM] Nav2 started successfully and action server verified!
[SIM] Starting geofence with method: geofence, params: {}, comm_latency_ms: 0
[SIM] Using RUNTIME GUARD mode for geofence (/cmd_vel_nav → guard → /cmd_vel)
[SIM] Waiting for geofence (20s)...
[SIM] Geofence started with method: geofence (cmd_vel_guard: True)
[SIM] Standalone cmd_vel_guard started successfully
[2026-07-13 01:32:00] [GEOFENCE] Restarting geofence (sigma=0.15, v_max=0.5, tau=0.1, eps=0.003, a_max=2.5)...
[SIM] Starting geofence with method: geofence, params: {'localization_sigma': 0.15, 'v_max': 0.5, 'latency': 0.1, 'epsilon': 0.003, 'a_max': 2.5, 'e_0': 0.03, 'c_1': 0.04, 'enable_estimation_term': True, 'enable_tracking_term': True, 'enable_latency_term': True, 'enable_braking_term': True, 'use_dynamic_v_max': False, 'use_dynamic_tau': False, 'use_dynamic_e_track': False}, comm_latency_ms: 50
[SIM] Using RUNTIME GUARD mode for geofence (/cmd_vel_nav → guard → /cmd_vel)
[SIM] Waiting for geofence (20s)...
[SIM] Geofence started with method: geofence (cmd_vel_guard: True)
[SIM] Standalone cmd_vel_guard started successfully (comm_latency=50ms)
[2026-07-13 01:32:29] 
Trial 12/20: S5_geofence_toctou_bias_1.5_s1
[2026-07-13 01:32:29]   Goal: (7.00, 1.60)
[2026-07-13 01:32:29]   TOCTOU Δ=1.5: biased path y=1.557 at zone (bypass margin!)
[2026-07-13 01:32:29]   Comm latency: 50ms
[2026-07-13 01:32:29] [RESET] Resetting robot pose to origin...
[RESET] Teleporting robot to (0.0, 0.0, θ=0.0)
[RESET] Cancelling any active navigation goals...
[RESET] Stopping robot movement...
[RESET] Waiting for TF to stabilize...
[RESET] AMCL disabled, correcting map→odom TF after teleport...
[RESET] Odom at (-0.00, -0.00, yaw=0.0°), target (0.00, 0.00, yaw=0.0°)
[RESET] TF correction: tx=0.000, ty=-0.000, yaw=-0.0°
[RESET] Static TF republished with yaw correction
[RESET] Robot pose reset complete
[2026-07-13 01:32:59] [S5] Starting odom_spoofing attack (scale=1.0, offset=(0.0, 1.5))
[ATTACK] Starting odom_spoofing attack with scale=1.0, offset=(0.0, 1.5)
[ATTACK] Stopping odom relay for odom spoofing attack...
[ATTACK] odom_spoofing attack started successfully
[2026-07-13 01:33:05] [S5-TOCTOU] Δy=1.5, true path y@zone=0.914, biased path y@zone=1.557
[2026-07-13 01:33:06] [S5-TOCTOU] Biased odom confirmed: y=1.500 (expected ~1.5)
[TOCTOU] Goal sent, waiting 5.0s for planning decision...
[TOCTOU] Removing odom bias (restoring real odom)...
[2026-07-13 01:33:11] [S5-TOCTOU] Stopping odom bias, restoring real odom...
[ATTACK] Restarting odom relay after odom spoofing attack...
[SIM] Starting odom relay (odom_real → odom)...
[SIM] Odom relay started
[2026-07-13 01:35:59] [S5-TOCTOU] decision=reject, reason=Goal rejected by geofence (within safety margin)
[2026-07-13 01:35:59] [TOCTOU-CONSISTENCY] Planning bypassed but runtime guard caught — overriding to 'runtime_reject'
[2026-07-13 01:35:59] [S4] Stopping odom_spoofing attack
[2026-07-13 01:35:59]   Result: runtime_reject (FAIL)
[2026-07-13 01:35:59]   Reason: TOCTOU bypass: planning allowed (bias Δy=1.5), runtime guard
[2026-07-13 01:35:59]   Time: 209.8s
[2026-07-13 01:35:59]   Robot moved: True, path_min_dist: 0.52m
[2026-07-13 01:35:59] [HEALTH] Pre-trial restart (every 1 trials, world=empty.sdf)...
[SIM] Stopping all processes...
[CLEANUP] Starting process cleanup...
[CLEANUP] Complete (killed 1 process groups)
[SIM] All processes stopped
[CLEANUP] Starting process cleanup...
[CLEANUP] Complete (killed 0 process groups)
[DEBUG] restart_with_method called: method=geofence, params={}, world=empty.sdf, guard=True
[SIM] Full restart for method: geofence (world: empty.sdf)
[SIM] Stopping all processes...
[CLEANUP] Starting process cleanup...
[CLEANUP] Complete (killed 0 process groups)
[SIM] All processes stopped
[SIM] Starting Gazebo...
[CLEANUP] Starting process cleanup...
[CLEANUP] Complete (killed 0 process groups)
[SIM] gz sim still alive (1 procs), force-killing PGIDs (attempt 1/5)...
[SIM] gz sim still alive (1 procs), force-killing PGIDs (attempt 2/5)...
[SIM] gz sim still alive (1 procs), force-killing PGIDs (attempt 3/5)...
[SIM] gz sim still alive (1 procs), force-killing PGIDs (attempt 4/5)...
[SIM] gz sim still alive (1 procs), force-killing PGIDs (attempt 5/5)...
[SIM][WARNING] Could not kill all gz sim processes — proceeding anyway
The daemon has been started
[SIM] Waiting for Gazebo (180s)...
[SIM] Gazebo started successfully
[SIM] robot_state_publisher: running
[SIM] Starting odom relay (odom_real → odom)...
[SIM] Odom relay started
[SIM] Starting scan relay (scan_real → scan)...
[SIM] Scan relay started, verifying /scan topic...
[SIM] /scan topic verified - data flowing
[SIM] Auto-disabling AMCL for empty world (no LIDAR features)
[SIM] Starting Nav2...
[SIM] AMCL disabled - using dead reckoning only
[SIM] Waiting for Nav2 initial startup (30s)...
[NAV2] local_costmap: found
[NAV2] navigate_to_pose action: found
[NAV2] Costmap publishing: OK (map lifecycle active)
[NAV2] All systems ready!
[SIM] Final verification: checking navigate_to_pose action...
[SIM] Nav2 started successfully and action server verified!
[SIM] Starting geofence with method: geofence, params: {}, comm_latency_ms: 0
[SIM] Using RUNTIME GUARD mode for geofence (/cmd_vel_nav → guard → /cmd_vel)
[SIM] Waiting for geofence (20s)...
[SIM] Geofence started with method: geofence (cmd_vel_guard: True)
[SIM] Standalone cmd_vel_guard started successfully
[2026-07-13 01:38:17] [GEOFENCE] Restarting geofence (sigma=0.15, v_max=0.5, tau=0.1, eps=0.003, a_max=2.5)...
[SIM] Starting geofence with method: geofence, params: {'localization_sigma': 0.15, 'v_max': 0.5, 'latency': 0.1, 'epsilon': 0.003, 'a_max': 2.5, 'e_0': 0.03, 'c_1': 0.04, 'enable_estimation_term': True, 'enable_tracking_term': True, 'enable_latency_term': True, 'enable_braking_term': True, 'use_dynamic_v_max': False, 'use_dynamic_tau': False, 'use_dynamic_e_track': False}, comm_latency_ms: 100
[SIM] Using RUNTIME GUARD mode for geofence (/cmd_vel_nav → guard → /cmd_vel)
[SIM] Waiting for geofence (20s)...
[SIM] Geofence started with method: geofence (cmd_vel_guard: True)
[SIM] Standalone cmd_vel_guard started successfully (comm_latency=100ms)
[2026-07-13 01:38:46] 
Trial 13/20: S5_geofence_toctou_bias_1.5_s2
[2026-07-13 01:38:46]   Goal: (7.00, 1.60)
[2026-07-13 01:38:46]   TOCTOU Δ=1.5: biased path y=1.557 at zone (bypass margin!)
[2026-07-13 01:38:46]   Comm latency: 100ms
[2026-07-13 01:38:46] [RESET] Resetting robot pose to origin...
[RESET] Teleporting robot to (0.0, 0.0, θ=0.0)
[RESET] Cancelling any active navigation goals...
[RESET] Stopping robot movement...
[RESET] Waiting for TF to stabilize...
[RESET] AMCL disabled, correcting map→odom TF after teleport...
[WARNING] Could not read odom, TF correction skipped
[RESET] Robot pose reset complete
[2026-07-13 01:39:19] [S5] Starting odom_spoofing attack (scale=1.0, offset=(0.0, 1.5))
[ATTACK] Starting odom_spoofing attack with scale=1.0, offset=(0.0, 1.5)
[ATTACK] Stopping odom relay for odom spoofing attack...
[ATTACK] odom_spoofing attack started successfully
[2026-07-13 01:39:25] [S5-TOCTOU] Δy=1.5, true path y@zone=0.914, biased path y@zone=1.557
[2026-07-13 01:39:26] [S5-TOCTOU] Biased odom confirmed: y=1.500 (expected ~1.5)
[TOCTOU] Goal sent, waiting 5.0s for planning decision...
[TOCTOU] Removing odom bias (restoring real odom)...
[2026-07-13 01:39:31] [S5-TOCTOU] Stopping odom bias, restoring real odom...
[ATTACK] Restarting odom relay after odom spoofing attack...
[SIM] Starting odom relay (odom_real → odom)...
[SIM] Odom relay started
[2026-07-13 01:42:21] [S5-TOCTOU] decision=reject, reason=Goal rejected by geofence (within safety margin)
[2026-07-13 01:42:21] [TOCTOU-CONSISTENCY] Planning bypassed but runtime guard caught — overriding to 'runtime_reject'
[2026-07-13 01:42:21] [S4] Stopping odom_spoofing attack
[2026-07-13 01:42:21]   Result: runtime_reject (FAIL)
[2026-07-13 01:42:21]   Reason: TOCTOU bypass: planning allowed (bias Δy=1.5), runtime guard
[2026-07-13 01:42:21]   Time: 214.9s
[2026-07-13 01:42:21]   Robot moved: True, path_min_dist: 0.52m
[2026-07-13 01:42:21] [HEALTH] Pre-trial restart (every 1 trials, world=empty.sdf)...
[SIM] Stopping all processes...
[CLEANUP] Starting process cleanup...
[CLEANUP] Complete (killed 0 process groups)
[SIM] All processes stopped
[CLEANUP] Starting process cleanup...
[CLEANUP] Complete (killed 0 process groups)
[DEBUG] restart_with_method called: method=geofence, params={}, world=empty.sdf, guard=True
[SIM] Full restart for method: geofence (world: empty.sdf)
[SIM] Stopping all processes...
[CLEANUP] Starting process cleanup...
[CLEANUP] Complete (killed 0 process groups)
[SIM] All processes stopped
[SIM] Starting Gazebo...
[CLEANUP] Starting process cleanup...
[CLEANUP] Complete (killed 0 process groups)
[SIM] gz sim still alive (1 procs), force-killing PGIDs (attempt 1/5)...
[SIM] gz sim still alive (1 procs), force-killing PGIDs (attempt 2/5)...
[SIM] gz sim still alive (1 procs), force-killing PGIDs (attempt 3/5)...
[SIM] gz sim still alive (1 procs), force-killing PGIDs (attempt 4/5)...
[SIM] gz sim still alive (1 procs), force-killing PGIDs (attempt 5/5)...
[SIM][WARNING] Could not kill all gz sim processes — proceeding anyway
The daemon has been started
[SIM] Waiting for Gazebo (180s)...
[SIM] Gazebo started successfully
[SIM] robot_state_publisher: running
[SIM] Starting odom relay (odom_real → odom)...
[SIM] Odom relay started
[SIM] Starting scan relay (scan_real → scan)...
[SIM] Scan relay started, verifying /scan topic...
[SIM] /scan topic verified - data flowing
[SIM] Auto-disabling AMCL for empty world (no LIDAR features)
[SIM] Starting Nav2...
[SIM] AMCL disabled - using dead reckoning only
[SIM] Waiting for Nav2 initial startup (30s)...
[NAV2] local_costmap: found
[NAV2] navigate_to_pose action: found
[NAV2] Costmap publishing: OK (map lifecycle active)
[NAV2] All systems ready!
[SIM] Final verification: checking navigate_to_pose action...
[SIM] Nav2 started successfully and action server verified!
[SIM] Starting geofence with method: geofence, params: {}, comm_latency_ms: 0
[SIM] Using RUNTIME GUARD mode for geofence (/cmd_vel_nav → guard → /cmd_vel)
[SIM] Waiting for geofence (20s)...
[SIM] Geofence started with method: geofence (cmd_vel_guard: True)
[SIM] Standalone cmd_vel_guard started successfully
[2026-07-13 01:44:37] [GEOFENCE] Restarting geofence (sigma=0.15, v_max=0.5, tau=0.1, eps=0.003, a_max=2.5)...
[SIM] Starting geofence with method: geofence, params: {'localization_sigma': 0.15, 'v_max': 0.5, 'latency': 0.1, 'epsilon': 0.003, 'a_max': 2.5, 'e_0': 0.03, 'c_1': 0.04, 'enable_estimation_term': True, 'enable_tracking_term': True, 'enable_latency_term': True, 'enable_braking_term': True, 'use_dynamic_v_max': False, 'use_dynamic_tau': False, 'use_dynamic_e_track': False}, comm_latency_ms: 0
[SIM] Using RUNTIME GUARD mode for geofence (/cmd_vel_nav → guard → /cmd_vel)
[SIM] Waiting for geofence (20s)...
[SIM] Geofence started with method: geofence (cmd_vel_guard: True)
[SIM] Standalone cmd_vel_guard started successfully
[2026-07-13 01:45:06] 
Trial 14/20: S5_geofence_toctou_bias_1.5_s3
[2026-07-13 01:45:06]   Goal: (7.00, 1.60)
[2026-07-13 01:45:06]   TOCTOU Δ=1.5: biased path y=1.557 at zone (bypass margin!)
[2026-07-13 01:45:06] [RESET] Resetting robot pose to origin...
[RESET] Teleporting robot to (0.0, 0.0, θ=0.0)
[RESET] Cancelling any active navigation goals...
[RESET] Stopping robot movement...
[RESET] Waiting for TF to stabilize...
[RESET] AMCL disabled, correcting map→odom TF after teleport...
[RESET] Odom at (-0.00, -0.00, yaw=0.0°), target (0.00, 0.00, yaw=0.0°)
[RESET] TF correction: tx=0.000, ty=-0.000, yaw=-0.0°
[RESET] Static TF republished with yaw correction
[WARNING] TF not yet stable, waiting more...
[RESET] Robot pose reset complete
[2026-07-13 01:45:40] [S5] Starting odom_spoofing attack (scale=1.0, offset=(0.0, 1.5))
[ATTACK] Starting odom_spoofing attack with scale=1.0, offset=(0.0, 1.5)
[ATTACK] Stopping odom relay for odom spoofing attack...
[ATTACK] odom_spoofing attack started successfully
[2026-07-13 01:45:46] [S5-TOCTOU] Δy=1.5, true path y@zone=0.914, biased path y@zone=1.557
[2026-07-13 01:45:47] [S5-TOCTOU] Biased odom confirmed: y=1.500 (expected ~1.5)
[TOCTOU] Goal sent, waiting 5.0s for planning decision...
[TOCTOU] Removing odom bias (restoring real odom)...
[2026-07-13 01:45:52] [S5-TOCTOU] Stopping odom bias, restoring real odom...
[ATTACK] Restarting odom relay after odom spoofing attack...
[SIM] Starting odom relay (odom_real → odom)...
[SIM] Odom relay started
[2026-07-13 01:48:40] [S5-TOCTOU] decision=reject, reason=Goal rejected by geofence (within safety margin)
[2026-07-13 01:48:40] [TOCTOU-CONSISTENCY] Planning bypassed but runtime guard caught — overriding to 'runtime_reject'
[2026-07-13 01:48:40] [S4] Stopping odom_spoofing attack
[2026-07-13 01:48:40]   Result: runtime_reject (FAIL)
[2026-07-13 01:48:40]   Reason: TOCTOU bypass: planning allowed (bias Δy=1.5), runtime guard
[2026-07-13 01:48:40]   Time: 213.9s
[2026-07-13 01:48:40]   Robot moved: True, path_min_dist: 0.52m
[2026-07-13 01:48:40] [HEALTH] Pre-trial restart (every 1 trials, world=empty.sdf)...
[SIM] Stopping all processes...
[CLEANUP] Starting process cleanup...
[CLEANUP] Complete (killed 1 process groups)
[SIM] All processes stopped
[CLEANUP] Starting process cleanup...
[CLEANUP] Complete (killed 0 process groups)
[DEBUG] restart_with_method called: method=geofence, params={}, world=empty.sdf, guard=True
[SIM] Full restart for method: geofence (world: empty.sdf)
[SIM] Stopping all processes...
[CLEANUP] Starting process cleanup...
[CLEANUP] Complete (killed 0 process groups)
[SIM] All processes stopped
[SIM] Starting Gazebo...
[CLEANUP] Starting process cleanup...
[CLEANUP] Complete (killed 0 process groups)
[SIM] gz sim still alive (1 procs), force-killing PGIDs (attempt 1/5)...
[SIM] gz sim still alive (1 procs), force-killing PGIDs (attempt 2/5)...
[SIM] gz sim still alive (1 procs), force-killing PGIDs (attempt 3/5)...
[SIM] gz sim still alive (1 procs), force-killing PGIDs (attempt 4/5)...
[SIM] gz sim still alive (1 procs), force-killing PGIDs (attempt 5/5)...
[SIM][WARNING] Could not kill all gz sim processes — proceeding anyway
The daemon has been started
[SIM] Waiting for Gazebo (180s)...
[SIM] Gazebo started successfully
[SIM] robot_state_publisher: running
[SIM] Starting odom relay (odom_real → odom)...
[SIM] Odom relay started
[SIM] Starting scan relay (scan_real → scan)...
[SIM] Scan relay started, verifying /scan topic...
[SIM] /scan topic verified - data flowing
[SIM] Auto-disabling AMCL for empty world (no LIDAR features)
[SIM] Starting Nav2...
[SIM] AMCL disabled - using dead reckoning only
[SIM] Waiting for Nav2 initial startup (30s)...
[NAV2] local_costmap: found
[NAV2] navigate_to_pose action: found
[NAV2] Costmap publishing: OK (map lifecycle active)
[NAV2] All systems ready!
[SIM] Final verification: checking navigate_to_pose action...
[SIM] Nav2 started successfully and action server verified!
[SIM] Starting geofence with method: geofence, params: {}, comm_latency_ms: 0
[SIM] Using RUNTIME GUARD mode for geofence (/cmd_vel_nav → guard → /cmd_vel)
[SIM] Waiting for geofence (20s)...
[SIM] Geofence started with method: geofence (cmd_vel_guard: True)
[SIM] Standalone cmd_vel_guard started successfully
[2026-07-13 01:51:00] [GEOFENCE] Restarting geofence (sigma=0.15, v_max=0.5, tau=0.1, eps=0.003, a_max=2.5)...
[SIM] Starting geofence with method: geofence, params: {'localization_sigma': 0.15, 'v_max': 0.5, 'latency': 0.1, 'epsilon': 0.003, 'a_max': 2.5, 'e_0': 0.03, 'c_1': 0.04, 'enable_estimation_term': True, 'enable_tracking_term': True, 'enable_latency_term': True, 'enable_braking_term': True, 'use_dynamic_v_max': False, 'use_dynamic_tau': False, 'use_dynamic_e_track': False}, comm_latency_ms: 50
[SIM] Using RUNTIME GUARD mode for geofence (/cmd_vel_nav → guard → /cmd_vel)
[SIM] Waiting for geofence (20s)...
[SIM] Geofence started with method: geofence (cmd_vel_guard: True)
[SIM] Standalone cmd_vel_guard started successfully (comm_latency=50ms)
[2026-07-13 01:51:29] 
Trial 15/20: S5_geofence_toctou_bias_1.5_s4
[2026-07-13 01:51:29]   Goal: (7.00, 1.60)
[2026-07-13 01:51:29]   TOCTOU Δ=1.5: biased path y=1.557 at zone (bypass margin!)
[2026-07-13 01:51:29]   Comm latency: 50ms
[2026-07-13 01:51:29] [RESET] Resetting robot pose to origin...
[RESET] Teleporting robot to (0.0, 0.0, θ=0.0)
[RESET] Cancelling any active navigation goals...
[RESET] Stopping robot movement...
[RESET] Waiting for TF to stabilize...
[RESET] AMCL disabled, correcting map→odom TF after teleport...
[RESET] Odom at (-0.00, -0.00, yaw=0.0°), target (0.00, 0.00, yaw=0.0°)
[RESET] TF correction: tx=0.000, ty=-0.000, yaw=-0.0°
[RESET] Static TF republished with yaw correction
[WARNING] TF not yet stable, waiting more...
[RESET] Robot pose reset complete
[2026-07-13 01:52:03] [S5] Starting odom_spoofing attack (scale=1.0, offset=(0.0, 1.5))
[ATTACK] Starting odom_spoofing attack with scale=1.0, offset=(0.0, 1.5)
[ATTACK] Stopping odom relay for odom spoofing attack...
[ATTACK] odom_spoofing attack started successfully
[2026-07-13 01:52:09] [S5-TOCTOU] Δy=1.5, true path y@zone=0.914, biased path y@zone=1.557
[2026-07-13 01:52:10] [S5-TOCTOU] Biased odom confirmed: y=1.500 (expected ~1.5)
[TOCTOU] Goal sent, waiting 5.0s for planning decision...
[TOCTOU] Removing odom bias (restoring real odom)...
[2026-07-13 01:52:15] [S5-TOCTOU] Stopping odom bias, restoring real odom...
[ATTACK] Restarting odom relay after odom spoofing attack...
[SIM] Starting odom relay (odom_real → odom)...
[SIM] Odom relay started
[2026-07-13 01:55:07] [S5-TOCTOU] decision=reject, reason=Goal rejected by geofence (within safety margin)
[2026-07-13 01:55:07] [TOCTOU-CONSISTENCY] Planning bypassed but runtime guard caught — overriding to 'runtime_reject'
[2026-07-13 01:55:07] [S4] Stopping odom_spoofing attack
[2026-07-13 01:55:07]   Result: runtime_reject (FAIL)
[2026-07-13 01:55:07]   Reason: TOCTOU bypass: planning allowed (bias Δy=1.5), runtime guard
[2026-07-13 01:55:07]   Time: 218.0s
[2026-07-13 01:55:07]   Robot moved: True, path_min_dist: 0.50m
[CHECKPOINT] Saved at trial 15/20
[2026-07-13 01:55:07] [HEALTH] Pre-trial restart (every 1 trials, world=empty.sdf)...
[SIM] Stopping all processes...
[CLEANUP] Starting process cleanup...
[CLEANUP] Complete (killed 1 process groups)
[SIM] All processes stopped
[CLEANUP] Starting process cleanup...
[CLEANUP] Complete (killed 0 process groups)
[DEBUG] restart_with_method called: method=geofence, params={}, world=empty.sdf, guard=True
[SIM] Full restart for method: geofence (world: empty.sdf)
[SIM] Stopping all processes...
[CLEANUP] Starting process cleanup...
[CLEANUP] Complete (killed 0 process groups)
[SIM] All processes stopped
[SIM] Starting Gazebo...
[CLEANUP] Starting process cleanup...
[CLEANUP] Complete (killed 0 process groups)
[SIM] gz sim still alive (1 procs), force-killing PGIDs (attempt 1/5)...
[SIM] gz sim still alive (1 procs), force-killing PGIDs (attempt 2/5)...
[SIM] gz sim still alive (1 procs), force-killing PGIDs (attempt 3/5)...
[SIM] gz sim still alive (1 procs), force-killing PGIDs (attempt 4/5)...
[SIM] gz sim still alive (1 procs), force-killing PGIDs (attempt 5/5)...
[SIM][WARNING] Could not kill all gz sim processes — proceeding anyway
The daemon has been started
[SIM] Waiting for Gazebo (180s)...
[SIM] Gazebo started successfully
[SIM] robot_state_publisher: running
[SIM] Starting odom relay (odom_real → odom)...
[SIM] Odom relay started
[SIM] Starting scan relay (scan_real → scan)...
[SIM] Scan relay started, verifying /scan topic...
[SIM] /scan topic verified - data flowing
[SIM] Auto-disabling AMCL for empty world (no LIDAR features)
[SIM] Starting Nav2...
[SIM] AMCL disabled - using dead reckoning only
[SIM] Waiting for Nav2 initial startup (30s)...
[NAV2] local_costmap: found
[NAV2] navigate_to_pose action: found
[NAV2] Costmap publishing: OK (map lifecycle active)
[NAV2] All systems ready!
[SIM] Final verification: checking navigate_to_pose action...
[SIM] Nav2 started successfully and action server verified!
[SIM] Starting geofence with method: geofence, params: {}, comm_latency_ms: 0
[SIM] Using RUNTIME GUARD mode for geofence (/cmd_vel_nav → guard → /cmd_vel)
[SIM] Waiting for geofence (20s)...
[SIM] Geofence started with method: geofence (cmd_vel_guard: True)
[SIM] Standalone cmd_vel_guard started successfully
[2026-07-13 01:57:24] [GEOFENCE] Restarting geofence (sigma=0.15, v_max=0.5, tau=0.1, eps=0.003, a_max=2.5)...
[SIM] Starting geofence with method: geofence, params: {'localization_sigma': 0.15, 'v_max': 0.5, 'latency': 0.1, 'epsilon': 0.003, 'a_max': 2.5, 'e_0': 0.03, 'c_1': 0.04, 'enable_estimation_term': True, 'enable_tracking_term': True, 'enable_latency_term': True, 'enable_braking_term': True, 'use_dynamic_v_max': False, 'use_dynamic_tau': False, 'use_dynamic_e_track': False}, comm_latency_ms: 100
[SIM] Using RUNTIME GUARD mode for geofence (/cmd_vel_nav → guard → /cmd_vel)
[SIM] Waiting for geofence (20s)...
[SIM] Geofence started with method: geofence (cmd_vel_guard: True)
[SIM] Standalone cmd_vel_guard started successfully (comm_latency=100ms)
[2026-07-13 01:57:53] 
Trial 16/20: S5_geofence_toctou_bias_1.5_s5
[2026-07-13 01:57:53]   Goal: (7.00, 1.60)
[2026-07-13 01:57:53]   TOCTOU Δ=1.5: biased path y=1.557 at zone (bypass margin!)
[2026-07-13 01:57:53]   Comm latency: 100ms
[2026-07-13 01:57:53] [RESET] Resetting robot pose to origin...
[RESET] Teleporting robot to (0.0, 0.0, θ=0.0)
[RESET] Cancelling any active navigation goals...
[RESET] Stopping robot movement...
[RESET] Waiting for TF to stabilize...
[RESET] AMCL disabled, correcting map→odom TF after teleport...
[RESET] Odom at (-0.00, -0.00, yaw=0.0°), target (0.00, 0.00, yaw=0.0°)
[RESET] TF correction: tx=0.000, ty=-0.000, yaw=-0.0°
[RESET] Static TF republished with yaw correction
[RESET] Robot pose reset complete
[2026-07-13 01:58:15] [S5] Starting odom_spoofing attack (scale=1.0, offset=(0.0, 1.5))
[ATTACK] Starting odom_spoofing attack with scale=1.0, offset=(0.0, 1.5)
[ATTACK] Stopping odom relay for odom spoofing attack...
[ATTACK] odom_spoofing attack started successfully
[2026-07-13 01:58:21] [S5-TOCTOU] Δy=1.5, true path y@zone=0.914, biased path y@zone=1.557
[2026-07-13 01:58:22] [S5-TOCTOU] Biased odom confirmed: y=1.500 (expected ~1.5)
[TOCTOU] Goal sent, waiting 5.0s for planning decision...
[TOCTOU] Removing odom bias (restoring real odom)...
[2026-07-13 01:58:27] [S5-TOCTOU] Stopping odom bias, restoring real odom...
[ATTACK] Restarting odom relay after odom spoofing attack...
[SIM] Starting odom relay (odom_real → odom)...
[SIM] Odom relay started
[2026-07-13 02:01:17] [S5-TOCTOU] decision=reject, reason=Goal rejected by geofence (within safety margin)
[2026-07-13 02:01:17] [TOCTOU-CONSISTENCY] Planning bypassed but runtime guard caught — overriding to 'runtime_reject'
[2026-07-13 02:01:17] [S4] Stopping odom_spoofing attack
[2026-07-13 02:01:17]   Result: runtime_reject (FAIL)
[2026-07-13 02:01:17]   Reason: TOCTOU bypass: planning allowed (bias Δy=1.5), runtime guard
[2026-07-13 02:01:17]   Time: 203.7s
[2026-07-13 02:01:17]   Robot moved: True, path_min_dist: 0.53m
[2026-07-13 02:01:17] [HEALTH] Pre-trial restart (every 1 trials, world=empty.sdf)...
[SIM] Stopping all processes...
[CLEANUP] Starting process cleanup...
[CLEANUP] Complete (killed 1 process groups)
[SIM] All processes stopped
[CLEANUP] Starting process cleanup...
[CLEANUP] Complete (killed 0 process groups)
[DEBUG] restart_with_method called: method=geofence, params={}, world=empty.sdf, guard=True
[SIM] Full restart for method: geofence (world: empty.sdf)
[SIM] Stopping all processes...
[CLEANUP] Starting process cleanup...
[CLEANUP] Complete (killed 0 process groups)
[SIM] All processes stopped
[SIM] Starting Gazebo...
[CLEANUP] Starting process cleanup...
[CLEANUP] Complete (killed 0 process groups)
[SIM] gz sim still alive (1 procs), force-killing PGIDs (attempt 1/5)...
[SIM] gz sim still alive (1 procs), force-killing PGIDs (attempt 2/5)...
[SIM] gz sim still alive (1 procs), force-killing PGIDs (attempt 3/5)...
[SIM] gz sim still alive (1 procs), force-killing PGIDs (attempt 4/5)...
[SIM] gz sim still alive (1 procs), force-killing PGIDs (attempt 5/5)...
[SIM][WARNING] Could not kill all gz sim processes — proceeding anyway
The daemon has been started
[SIM] Waiting for Gazebo (180s)...
[SIM] Gazebo started successfully
[SIM] robot_state_publisher: running
[SIM] Starting odom relay (odom_real → odom)...
[SIM] Odom relay started
[SIM] Starting scan relay (scan_real → scan)...
[SIM] Scan relay started, verifying /scan topic...
[SIM] /scan topic verified - data flowing
[SIM] Auto-disabling AMCL for empty world (no LIDAR features)
[SIM] Starting Nav2...
[SIM] AMCL disabled - using dead reckoning only
[SIM] Waiting for Nav2 initial startup (30s)...
[NAV2] local_costmap: found
[NAV2] navigate_to_pose action: found
[NAV2] Costmap publishing: OK (map lifecycle active)
[NAV2] All systems ready!
[SIM] Final verification: checking navigate_to_pose action...
[SIM] Nav2 started successfully and action server verified!
[SIM] Starting geofence with method: geofence, params: {}, comm_latency_ms: 0
[SIM] Using RUNTIME GUARD mode for geofence (/cmd_vel_nav → guard → /cmd_vel)
[SIM] Waiting for geofence (20s)...
[SIM] Geofence started with method: geofence (cmd_vel_guard: True)
[SIM] Standalone cmd_vel_guard started successfully
[2026-07-13 02:03:33] [GEOFENCE] Restarting geofence (sigma=0.15, v_max=0.5, tau=0.1, eps=0.003, a_max=2.5)...
[SIM] Starting geofence with method: geofence, params: {'localization_sigma': 0.15, 'v_max': 0.5, 'latency': 0.1, 'epsilon': 0.003, 'a_max': 2.5, 'e_0': 0.03, 'c_1': 0.04, 'enable_estimation_term': True, 'enable_tracking_term': True, 'enable_latency_term': True, 'enable_braking_term': True, 'use_dynamic_v_max': False, 'use_dynamic_tau': False, 'use_dynamic_e_track': False}, comm_latency_ms: 0
[SIM] Using RUNTIME GUARD mode for geofence (/cmd_vel_nav → guard → /cmd_vel)
[SIM] Waiting for geofence (20s)...
[SIM] Geofence started with method: geofence (cmd_vel_guard: True)
[SIM] Standalone cmd_vel_guard started successfully
[2026-07-13 02:04:02] 
Trial 17/20: S5_geofence_toctou_bias_1.5_s6
[2026-07-13 02:04:02]   Goal: (7.00, 1.60)
[2026-07-13 02:04:02]   TOCTOU Δ=1.5: biased path y=1.557 at zone (bypass margin!)
[2026-07-13 02:04:02] [RESET] Resetting robot pose to origin...
[RESET] Teleporting robot to (0.0, 0.0, θ=0.0)
[RESET] Cancelling any active navigation goals...
[RESET] Stopping robot movement...
[RESET] Waiting for TF to stabilize...
[RESET] AMCL disabled, correcting map→odom TF after teleport...
[WARNING] Could not read odom, TF correction skipped
[RESET] Robot pose reset complete
[2026-07-13 02:04:28] [S5] Starting odom_spoofing attack (scale=1.0, offset=(0.0, 1.5))
[ATTACK] Starting odom_spoofing attack with scale=1.0, offset=(0.0, 1.5)
[ATTACK] Stopping odom relay for odom spoofing attack...
[ATTACK] odom_spoofing attack started successfully
[2026-07-13 02:04:34] [S5-TOCTOU] Δy=1.5, true path y@zone=0.914, biased path y@zone=1.557
[2026-07-13 02:04:46] [S5-TOCTOU] Biased odom confirmed: y=1.500 (expected ~1.5)
[TOCTOU] Goal sent, waiting 5.0s for planning decision...
[TOCTOU] Removing odom bias (restoring real odom)...
[2026-07-13 02:04:51] [S5-TOCTOU] Stopping odom bias, restoring real odom...
[ATTACK] Restarting odom relay after odom spoofing attack...
[SIM] Starting odom relay (odom_real → odom)...
[SIM] Odom relay started
[2026-07-13 02:07:38] [S5-TOCTOU] decision=reject, reason=Goal rejected by geofence (within safety margin)
[2026-07-13 02:07:38] [TOCTOU-CONSISTENCY] Planning bypassed but runtime guard caught — overriding to 'runtime_reject'
[2026-07-13 02:07:38] [S4] Stopping odom_spoofing attack
[2026-07-13 02:07:38]   Result: runtime_reject (FAIL)
[2026-07-13 02:07:38]   Reason: TOCTOU bypass: planning allowed (bias Δy=1.5), runtime guard
[2026-07-13 02:07:38]   Time: 215.7s
[2026-07-13 02:07:38]   Robot moved: True, path_min_dist: 0.52m
[2026-07-13 02:07:38] [HEALTH] Pre-trial restart (every 1 trials, world=empty.sdf)...
[SIM] Stopping all processes...
[CLEANUP] Starting process cleanup...
[CLEANUP] Complete (killed 0 process groups)
[SIM] All processes stopped
[CLEANUP] Starting process cleanup...
[CLEANUP] Complete (killed 0 process groups)
[DEBUG] restart_with_method called: method=geofence, params={}, world=empty.sdf, guard=True
[SIM] Full restart for method: geofence (world: empty.sdf)
[SIM] Stopping all processes...
[CLEANUP] Starting process cleanup...
[CLEANUP] Complete (killed 0 process groups)
[SIM] All processes stopped
[SIM] Starting Gazebo...
[CLEANUP] Starting process cleanup...
[CLEANUP] Complete (killed 0 process groups)
[SIM] gz sim still alive (1 procs), force-killing PGIDs (attempt 1/5)...
[SIM] gz sim still alive (1 procs), force-killing PGIDs (attempt 2/5)...
[SIM] gz sim still alive (1 procs), force-killing PGIDs (attempt 3/5)...
[SIM] gz sim still alive (1 procs), force-killing PGIDs (attempt 4/5)...
[SIM] gz sim still alive (1 procs), force-killing PGIDs (attempt 5/5)...
[SIM][WARNING] Could not kill all gz sim processes — proceeding anyway
The daemon has been started
[SIM] Waiting for Gazebo (180s)...
[SIM] Gazebo started successfully
[SIM] robot_state_publisher: running
[SIM] Starting odom relay (odom_real → odom)...
[SIM] Odom relay started
[SIM] Starting scan relay (scan_real → scan)...
[SIM] Scan relay started, verifying /scan topic...
[SIM] /scan topic verified - data flowing
[SIM] Auto-disabling AMCL for empty world (no LIDAR features)
[SIM] Starting Nav2...
[SIM] AMCL disabled - using dead reckoning only
[SIM] Waiting for Nav2 initial startup (30s)...
[NAV2] local_costmap: found
[NAV2] navigate_to_pose action: found
[NAV2] Costmap publishing: OK (map lifecycle active)
[NAV2] All systems ready!
[SIM] Final verification: checking navigate_to_pose action...
[SIM] Nav2 started successfully and action server verified!
[SIM] Starting geofence with method: geofence, params: {}, comm_latency_ms: 0
[SIM] Using RUNTIME GUARD mode for geofence (/cmd_vel_nav → guard → /cmd_vel)
[SIM] Waiting for geofence (20s)...
[SIM] Geofence started with method: geofence (cmd_vel_guard: True)
[SIM] Standalone cmd_vel_guard started successfully
[2026-07-13 02:09:54] [GEOFENCE] Restarting geofence (sigma=0.15, v_max=0.5, tau=0.1, eps=0.003, a_max=2.5)...
[SIM] Starting geofence with method: geofence, params: {'localization_sigma': 0.15, 'v_max': 0.5, 'latency': 0.1, 'epsilon': 0.003, 'a_max': 2.5, 'e_0': 0.03, 'c_1': 0.04, 'enable_estimation_term': True, 'enable_tracking_term': True, 'enable_latency_term': True, 'enable_braking_term': True, 'use_dynamic_v_max': False, 'use_dynamic_tau': False, 'use_dynamic_e_track': False}, comm_latency_ms: 50
[SIM] Using RUNTIME GUARD mode for geofence (/cmd_vel_nav → guard → /cmd_vel)
[SIM] Waiting for geofence (20s)...
[SIM] Geofence started with method: geofence (cmd_vel_guard: True)
[SIM] Standalone cmd_vel_guard started successfully (comm_latency=50ms)
[2026-07-13 02:10:23] 
Trial 18/20: S5_geofence_toctou_bias_1.5_s7
[2026-07-13 02:10:23]   Goal: (7.00, 1.60)
[2026-07-13 02:10:23]   TOCTOU Δ=1.5: biased path y=1.557 at zone (bypass margin!)
[2026-07-13 02:10:23]   Comm latency: 50ms
[2026-07-13 02:10:23] [RESET] Resetting robot pose to origin...
[RESET] Teleporting robot to (0.0, 0.0, θ=0.0)
[RESET] Cancelling any active navigation goals...
[RESET] Stopping robot movement...
[RESET] Waiting for TF to stabilize...
[RESET] AMCL disabled, correcting map→odom TF after teleport...
[RESET] Odom at (-0.00, -0.00, yaw=0.0°), target (0.00, 0.00, yaw=0.0°)
[RESET] TF correction: tx=0.000, ty=-0.000, yaw=-0.0°
[RESET] Static TF republished with yaw correction
[RESET] Robot pose reset complete
[2026-07-13 02:10:56] [S5] Starting odom_spoofing attack (scale=1.0, offset=(0.0, 1.5))
[ATTACK] Starting odom_spoofing attack with scale=1.0, offset=(0.0, 1.5)
[ATTACK] Stopping odom relay for odom spoofing attack...
[ATTACK] odom_spoofing attack started successfully
[2026-07-13 02:11:02] [S5-TOCTOU] Δy=1.5, true path y@zone=0.914, biased path y@zone=1.557
[2026-07-13 02:11:03] [S5-TOCTOU] Biased odom confirmed: y=1.500 (expected ~1.5)
[TOCTOU] Goal sent, waiting 5.0s for planning decision...
[TOCTOU] Removing odom bias (restoring real odom)...
[2026-07-13 02:11:08] [S5-TOCTOU] Stopping odom bias, restoring real odom...
[ATTACK] Restarting odom relay after odom spoofing attack...
[SIM] Starting odom relay (odom_real → odom)...
[SIM] Odom relay started
[2026-07-13 02:13:57] [S5-TOCTOU] decision=reject, reason=Goal rejected by geofence (within safety margin)
[2026-07-13 02:13:57] [TOCTOU-CONSISTENCY] Planning bypassed but runtime guard caught — overriding to 'runtime_reject'
[2026-07-13 02:13:57] [S4] Stopping odom_spoofing attack
[2026-07-13 02:13:57]   Result: runtime_reject (FAIL)
[2026-07-13 02:13:57]   Reason: TOCTOU bypass: planning allowed (bias Δy=1.5), runtime guard
[2026-07-13 02:13:57]   Time: 213.9s
[2026-07-13 02:13:57]   Robot moved: True, path_min_dist: 0.50m
[2026-07-13 02:13:57] [HEALTH] Pre-trial restart (every 1 trials, world=empty.sdf)...
[SIM] Stopping all processes...
[CLEANUP] Starting process cleanup...
[CLEANUP] Complete (killed 1 process groups)
[SIM] All processes stopped
[CLEANUP] Starting process cleanup...
[CLEANUP] Complete (killed 0 process groups)
[DEBUG] restart_with_method called: method=geofence, params={}, world=empty.sdf, guard=True
[SIM] Full restart for method: geofence (world: empty.sdf)
[SIM] Stopping all processes...
[CLEANUP] Starting process cleanup...
[CLEANUP] Complete (killed 0 process groups)
[SIM] All processes stopped
[SIM] Starting Gazebo...
[CLEANUP] Starting process cleanup...
[CLEANUP] Complete (killed 0 process groups)
[SIM] gz sim still alive (1 procs), force-killing PGIDs (attempt 1/5)...
[SIM] gz sim still alive (1 procs), force-killing PGIDs (attempt 2/5)...
[SIM] gz sim still alive (1 procs), force-killing PGIDs (attempt 3/5)...
[SIM] gz sim still alive (1 procs), force-killing PGIDs (attempt 4/5)...
[SIM] gz sim still alive (1 procs), force-killing PGIDs (attempt 5/5)...
[SIM][WARNING] Could not kill all gz sim processes — proceeding anyway
The daemon has been started
[SIM] Waiting for Gazebo (180s)...
[SIM] Gazebo started successfully
[SIM] robot_state_publisher: running
[SIM] Starting odom relay (odom_real → odom)...
[SIM] Odom relay started
[SIM] Starting scan relay (scan_real → scan)...
[SIM] Scan relay started, verifying /scan topic...
[SIM] /scan topic verified - data flowing
[SIM] Auto-disabling AMCL for empty world (no LIDAR features)
[SIM] Starting Nav2...
[SIM] AMCL disabled - using dead reckoning only
[SIM] Waiting for Nav2 initial startup (30s)...
[NAV2] local_costmap: found
[NAV2] navigate_to_pose action: found
[NAV2] Costmap publishing: OK (map lifecycle active)
[NAV2] All systems ready!
[SIM] Final verification: checking navigate_to_pose action...
[SIM] Nav2 started successfully and action server verified!
[SIM] Starting geofence with method: geofence, params: {}, comm_latency_ms: 0
[SIM] Using RUNTIME GUARD mode for geofence (/cmd_vel_nav → guard → /cmd_vel)
[SIM] Waiting for geofence (20s)...
[SIM] Geofence started with method: geofence (cmd_vel_guard: True)
[SIM] Standalone cmd_vel_guard started successfully
[2026-07-13 02:16:14] [GEOFENCE] Restarting geofence (sigma=0.15, v_max=0.5, tau=0.1, eps=0.003, a_max=2.5)...
[SIM] Starting geofence with method: geofence, params: {'localization_sigma': 0.15, 'v_max': 0.5, 'latency': 0.1, 'epsilon': 0.003, 'a_max': 2.5, 'e_0': 0.03, 'c_1': 0.04, 'enable_estimation_term': True, 'enable_tracking_term': True, 'enable_latency_term': True, 'enable_braking_term': True, 'use_dynamic_v_max': False, 'use_dynamic_tau': False, 'use_dynamic_e_track': False}, comm_latency_ms: 100
[SIM] Using RUNTIME GUARD mode for geofence (/cmd_vel_nav → guard → /cmd_vel)
[SIM] Waiting for geofence (20s)...
[SIM] Geofence started with method: geofence (cmd_vel_guard: True)
[SIM] Standalone cmd_vel_guard started successfully (comm_latency=100ms)
[2026-07-13 02:16:43] 
Trial 19/20: S5_geofence_toctou_bias_1.5_s8
[2026-07-13 02:16:43]   Goal: (7.00, 1.60)
[2026-07-13 02:16:43]   TOCTOU Δ=1.5: biased path y=1.557 at zone (bypass margin!)
[2026-07-13 02:16:43]   Comm latency: 100ms
[2026-07-13 02:16:43] [RESET] Resetting robot pose to origin...
[RESET] Teleporting robot to (0.0, 0.0, θ=0.0)
[RESET] Cancelling any active navigation goals...
[RESET] Stopping robot movement...
[RESET] Waiting for TF to stabilize...
[RESET] AMCL disabled, correcting map→odom TF after teleport...
[RESET] Odom at (-0.00, -0.00, yaw=0.0°), target (0.00, 0.00, yaw=0.0°)
[RESET] TF correction: tx=0.000, ty=-0.000, yaw=-0.0°
[RESET] Static TF republished with yaw correction
[RESET] Robot pose reset complete
[2026-07-13 02:17:16] [S5] Starting odom_spoofing attack (scale=1.0, offset=(0.0, 1.5))
[ATTACK] Starting odom_spoofing attack with scale=1.0, offset=(0.0, 1.5)
[ATTACK] Stopping odom relay for odom spoofing attack...
[ATTACK] odom_spoofing attack started successfully
[2026-07-13 02:17:22] [S5-TOCTOU] Δy=1.5, true path y@zone=0.914, biased path y@zone=1.557
[2026-07-13 02:17:23] [S5-TOCTOU] Biased odom confirmed: y=1.500 (expected ~1.5)
[TOCTOU] Goal sent, waiting 5.0s for planning decision...
[TOCTOU] Removing odom bias (restoring real odom)...
[2026-07-13 02:17:28] [S5-TOCTOU] Stopping odom bias, restoring real odom...
[ATTACK] Restarting odom relay after odom spoofing attack...
[SIM] Starting odom relay (odom_real → odom)...
[SIM] Odom relay started
[2026-07-13 02:20:23] [S5-TOCTOU] decision=reject, reason=Goal rejected by geofence (within safety margin)
[2026-07-13 02:20:23] [TOCTOU-CONSISTENCY] Planning bypassed but runtime guard caught — overriding to 'runtime_reject'
[2026-07-13 02:20:23] [S4] Stopping odom_spoofing attack
[2026-07-13 02:20:23]   Result: runtime_reject (FAIL)
[2026-07-13 02:20:23]   Reason: TOCTOU bypass: planning allowed (bias Δy=1.5), runtime guard
[2026-07-13 02:20:23]   Time: 219.4s
[2026-07-13 02:20:23]   Robot moved: True, path_min_dist: 0.52m
[2026-07-13 02:20:23] [HEALTH] Pre-trial restart (every 1 trials, world=empty.sdf)...
[SIM] Stopping all processes...
[CLEANUP] Starting process cleanup...
[CLEANUP] Complete (killed 1 process groups)
[SIM] All processes stopped
[CLEANUP] Starting process cleanup...
[CLEANUP] Complete (killed 0 process groups)
[DEBUG] restart_with_method called: method=geofence, params={}, world=empty.sdf, guard=True
[SIM] Full restart for method: geofence (world: empty.sdf)
[SIM] Stopping all processes...
[CLEANUP] Starting process cleanup...
[CLEANUP] Complete (killed 0 process groups)
[SIM] All processes stopped
[SIM] Starting Gazebo...
[CLEANUP] Starting process cleanup...
[CLEANUP] Complete (killed 0 process groups)
[SIM] gz sim still alive (1 procs), force-killing PGIDs (attempt 1/5)...
[SIM] gz sim still alive (1 procs), force-killing PGIDs (attempt 2/5)...
[SIM] gz sim still alive (1 procs), force-killing PGIDs (attempt 3/5)...
[SIM] gz sim still alive (1 procs), force-killing PGIDs (attempt 4/5)...
[SIM] gz sim still alive (1 procs), force-killing PGIDs (attempt 5/5)...
[SIM][WARNING] Could not kill all gz sim processes — proceeding anyway
The daemon has been started
[SIM] Waiting for Gazebo (180s)...
[SIM] Gazebo started successfully
[SIM] robot_state_publisher: running
[SIM] Starting odom relay (odom_real → odom)...
[SIM] Odom relay started
[SIM] Starting scan relay (scan_real → scan)...
[SIM] Scan relay started, verifying /scan topic...
[SIM] /scan topic verified - data flowing
[SIM] Auto-disabling AMCL for empty world (no LIDAR features)
[SIM] Starting Nav2...
[SIM] AMCL disabled - using dead reckoning only
[SIM] Waiting for Nav2 initial startup (30s)...
[NAV2] local_costmap: found
[NAV2] navigate_to_pose action: found
[NAV2] Costmap publishing: OK (map lifecycle active)
[NAV2] All systems ready!
[SIM] Final verification: checking navigate_to_pose action...
[SIM] Nav2 started successfully and action server verified!
[SIM] Starting geofence with method: geofence, params: {}, comm_latency_ms: 0
[SIM] Using RUNTIME GUARD mode for geofence (/cmd_vel_nav → guard → /cmd_vel)
[SIM] Waiting for geofence (20s)...
[SIM] Geofence started with method: geofence (cmd_vel_guard: True)
[SIM] Standalone cmd_vel_guard started successfully
[2026-07-13 02:22:39] [GEOFENCE] Restarting geofence (sigma=0.15, v_max=0.5, tau=0.1, eps=0.003, a_max=2.5)...
[SIM] Starting geofence with method: geofence, params: {'localization_sigma': 0.15, 'v_max': 0.5, 'latency': 0.1, 'epsilon': 0.003, 'a_max': 2.5, 'e_0': 0.03, 'c_1': 0.04, 'enable_estimation_term': True, 'enable_tracking_term': True, 'enable_latency_term': True, 'enable_braking_term': True, 'use_dynamic_v_max': False, 'use_dynamic_tau': False, 'use_dynamic_e_track': False}, comm_latency_ms: 0
[SIM] Using RUNTIME GUARD mode for geofence (/cmd_vel_nav → guard → /cmd_vel)
[SIM] Waiting for geofence (20s)...
[SIM] Geofence started with method: geofence (cmd_vel_guard: True)
[SIM] Standalone cmd_vel_guard started successfully
[2026-07-13 02:23:08] 
Trial 20/20: S5_geofence_toctou_bias_1.5_s9
[2026-07-13 02:23:08]   Goal: (7.00, 1.60)
[2026-07-13 02:23:08]   TOCTOU Δ=1.5: biased path y=1.557 at zone (bypass margin!)
[2026-07-13 02:23:08] [RESET] Resetting robot pose to origin...
[RESET] Teleporting robot to (0.0, 0.0, θ=0.0)
[RESET] Cancelling any active navigation goals...
[RESET] Stopping robot movement...
[RESET] Waiting for TF to stabilize...
[RESET] AMCL disabled, correcting map→odom TF after teleport...
[RESET] Odom at (-0.00, -0.00, yaw=0.0°), target (0.00, 0.00, yaw=0.0°)
[RESET] TF correction: tx=0.000, ty=-0.000, yaw=-0.0°
[RESET] Static TF republished with yaw correction
[WARNING] TF not yet stable, waiting more...
[RESET] Robot pose reset complete
[2026-07-13 02:23:44] [S5] Starting odom_spoofing attack (scale=1.0, offset=(0.0, 1.5))
[ATTACK] Starting odom_spoofing attack with scale=1.0, offset=(0.0, 1.5)
[ATTACK] Stopping odom relay for odom spoofing attack...
[ATTACK] odom_spoofing attack started successfully
[2026-07-13 02:23:50] [S5-TOCTOU] Δy=1.5, true path y@zone=0.914, biased path y@zone=1.557
[2026-07-13 02:23:51] [S5-TOCTOU] Biased odom confirmed: y=1.500 (expected ~1.5)
[TOCTOU] Goal sent, waiting 5.0s for planning decision...
[TOCTOU] Removing odom bias (restoring real odom)...
[2026-07-13 02:23:56] [S5-TOCTOU] Stopping odom bias, restoring real odom...
[ATTACK] Restarting odom relay after odom spoofing attack...
[SIM] Starting odom relay (odom_real → odom)...
[SIM] Odom relay started
[2026-07-13 02:26:44] [S5-TOCTOU] decision=reject, reason=Goal rejected by geofence (within safety margin)
[2026-07-13 02:26:44] [TOCTOU-CONSISTENCY] Planning bypassed but runtime guard caught — overriding to 'runtime_reject'
[2026-07-13 02:26:44] [S4] Stopping odom_spoofing attack
[2026-07-13 02:26:44]   Result: runtime_reject (FAIL)
[2026-07-13 02:26:44]   Reason: TOCTOU bypass: planning allowed (bias Δy=1.5), runtime guard
[2026-07-13 02:26:44]   Time: 215.9s
[2026-07-13 02:26:44]   Robot moved: True, path_min_dist: 0.59m
[CHECKPOINT] Saved at trial 20/20
[SIM] Stopping all processes...
[CLEANUP] Starting process cleanup...
[CLEANUP] Complete (killed 1 process groups)
[SIM] All processes stopped
[2026-07-13 02:26:58] 
================================================================================
[2026-07-13 02:26:58] CONFUSION MATRIX SUMMARY BY METHOD
[2026-07-13 02:26:58] ================================================================================

Method         Total   TP   FP   TN   FN INFRA   Prec    Rec     F1     VR     Hz  Lat(ms)
------------------------------------------------------------------------------------------
geofence          20   20    0    0    0     0  1.00  1.00  1.00   0.0%   6.1 91225.8
[2026-07-13 02:26:58] 
--------------------------------------------------------------------------------
[2026-07-13 02:26:58] BOOTSTRAP 95% CONFIDENCE INTERVALS
[2026-07-13 02:26:58] --------------------------------------------------------------------------------

Method                  Prec CI           Rec CI            F1 CI            VR CI
----------------------------------------------------------------------------------
geofence       [1.00,1.00]  [1.00,1.00]  [1.00,1.00]  [0.0,0.0]%
[2026-07-13 02:26:58] 
--------------------------------------------------------------------------------
[2026-07-13 02:26:58] GEOFENCE MARGIN ANALYSIS
[2026-07-13 02:26:58] Geofence margin = k_sigma * sigma_loc + e_track + v_max * tau = 3 * 0.15 + 0.05 + 0.5 * 0.1 = 0.55m. Expanded zone y_max = 1.0 + 0.55 = 1.55m. S3 clip_boundary (7,1.2): at x=4, y=0.69 (in zone); at x=5.83, y=1.0 (exits zone). Path clips zone upper boundary.
[2026-07-13 02:26:58] 
============================================================
[2026-07-13 02:26:58] Experiment Complete!
[2026-07-13 02:26:58] ============================================================
