Generated 270 trials
Methods: ['no_guard', 'selp_proper', 'cbf', 'cbf_inflated', 'ssm', 'geofence']
Scenarios: ['S2']
Seeds: 10 (offset=0, range=s0-s9)
Include sweep: True
Runtime monitoring: False

Trials by scenario: {'S2': 270}
Trials by method: {'geofence': 220, 'no_guard': 10, 'selp_proper': 10, 'cbf': 10, 'cbf_inflated': 10, 'ssm': 10}
[2026-03-02 10:44:16] ============================================================
[2026-03-02 10:44:16] Starting Gazebo S1-S5 Experiment
[2026-03-02 10:44:16] ============================================================
[CLEANUP] Starting process cleanup...
[CLEANUP] Complete (killed 0 process groups)
[2026-03-02 10:44:19] Resuming from trial 100/270
[2026-03-02 10:44:19] 
[SKIP] Method no_guard: all trials already completed
[2026-03-02 10:44:19] 
[SKIP] Method selp_proper: all trials already completed
[2026-03-02 10:44:19] 
[SKIP] Method cbf: all trials already completed
[2026-03-02 10:44:19] 
[SKIP] Method cbf_inflated: all trials already completed
[2026-03-02 10:44:19] 
[SKIP] Method ssm: all trials already completed
[2026-03-02 10:44:19] 
============================================================
[2026-03-02 10:44:19] Method: geofence
[2026-03-02 10:44:19] ============================================================
[2026-03-02 10:44:19] [WORLD] Starting with empty.sdf for scenarios: ['S2']
[DEBUG] restart_with_method called: method=geofence, params={}, world=empty.sdf, guard=False
[SIM] Full restart for method: geofence (world: empty.sdf)
[SIM] Stopping all processes...
[CLEANUP] Starting process cleanup...
[CLEANUP] Complete (killed 0 process groups)
[SIM] All processes stopped
[SIM] Starting Gazebo...
[CLEANUP] Starting process cleanup...
[CLEANUP] Complete (killed 0 process groups)
[SIM] gz sim still alive (1 procs), force-killing PGIDs (attempt 1/5)...
[SIM] gz sim still alive (1 procs), force-killing PGIDs (attempt 2/5)...
[SIM] gz sim still alive (1 procs), force-killing PGIDs (attempt 3/5)...
[SIM] gz sim still alive (1 procs), force-killing PGIDs (attempt 4/5)...
[SIM] gz sim still alive (1 procs), force-killing PGIDs (attempt 5/5)...
[SIM][WARNING] Could not kill all gz sim processes — proceeding anyway
The daemon has been started
[SIM] Waiting for Gazebo (180s)...
[SIM] Gazebo started successfully
[SIM] robot_state_publisher: running
[SIM] Starting odom relay (odom_real → odom)...
[SIM] Odom relay started
[SIM] Starting scan relay (scan_real → scan)...
[SIM] Scan relay started, verifying /scan topic...
[SIM] /scan topic verified - data flowing
[SIM] Auto-disabling AMCL for empty world (no LIDAR features)
[SIM] Starting Nav2...
[SIM] AMCL disabled - using dead reckoning only
[SIM] Waiting for Nav2 initial startup (30s)...
[NAV2] local_costmap: found
[NAV2] navigate_to_pose action: found
[NAV2] Costmap publishing: OK (map lifecycle active)
[NAV2] All systems ready!
[SIM] Final verification: checking navigate_to_pose action...
[SIM] Nav2 started successfully and action server verified!
[SIM] Starting geofence with method: geofence, params: {}, comm_latency_ms: 0
[SIM] Waiting for geofence (20s)...
[SIM] Geofence started with method: geofence (cmd_vel_guard: False)
[SIM] cmd_vel_guard disabled, starting cmd_vel relay for navigation...
[SIM] Starting cmd_vel relay (cmd_vel_nav → cmd_vel)...
[SIM] cmd_vel relay started
[2026-03-02 10:46:08] [HEALTH] Pre-trial restart (every 1 trials, world=empty.sdf)...
[SIM] Stopping all processes...
[CLEANUP] Starting process cleanup...
[CLEANUP] Complete (killed 0 process groups)
[SIM] All processes stopped
[CLEANUP] Starting process cleanup...
[CLEANUP] Complete (killed 0 process groups)
[DEBUG] restart_with_method called: method=geofence, params={}, world=empty.sdf, guard=False
[SIM] Full restart for method: geofence (world: empty.sdf)
[SIM] Stopping all processes...
[CLEANUP] Starting process cleanup...
[CLEANUP] Complete (killed 0 process groups)
[SIM] All processes stopped
[SIM] Starting Gazebo...
[CLEANUP] Starting process cleanup...
[CLEANUP] Complete (killed 0 process groups)
[SIM] gz sim still alive (1 procs), force-killing PGIDs (attempt 1/5)...
[SIM] gz sim still alive (1 procs), force-killing PGIDs (attempt 2/5)...
[SIM] gz sim still alive (1 procs), force-killing PGIDs (attempt 3/5)...
[SIM] gz sim still alive (1 procs), force-killing PGIDs (attempt 4/5)...
[SIM] gz sim still alive (1 procs), force-killing PGIDs (attempt 5/5)...
[SIM][WARNING] Could not kill all gz sim processes — proceeding anyway
The daemon has been started
[SIM] Waiting for Gazebo (180s)...
[SIM] Gazebo started successfully
[SIM] robot_state_publisher: running
[SIM] Starting odom relay (odom_real → odom)...
[SIM] Odom relay started
[SIM] Starting scan relay (scan_real → scan)...
[SIM] Scan relay started, verifying /scan topic...
[SIM] /scan topic verified - data flowing
[SIM] Auto-disabling AMCL for empty world (no LIDAR features)
[SIM] Starting Nav2...
[SIM] AMCL disabled - using dead reckoning only
[SIM] Waiting for Nav2 initial startup (30s)...
[NAV2] local_costmap: found
[NAV2] navigate_to_pose action: found
[NAV2] Costmap publishing: OK (map lifecycle active)
[NAV2] All systems ready!
[SIM] Final verification: checking navigate_to_pose action...
[SIM] Nav2 started successfully and action server verified!
[SIM] Starting geofence with method: geofence, params: {}, comm_latency_ms: 0
[SIM] Waiting for geofence (20s)...
[SIM] Geofence started with method: geofence (cmd_vel_guard: False)
[SIM] cmd_vel_guard disabled, starting cmd_vel relay for navigation...
[SIM] Starting cmd_vel relay (cmd_vel_nav → cmd_vel)...
[SIM] cmd_vel relay started
[2026-03-02 10:48:22] [GEOFENCE] Restarting geofence (sigma=0.15, v_max=0.5, tau=0.1, a_max=2.5, eps=0.1, braking=True)...
[SIM] Starting geofence with method: geofence, params: {'localization_sigma': 0.15, 'v_max': 0.5, 'latency': 0.1, 'a_max': 2.5, 'enable_braking_term': True, 'enable_estimation_term': True, 'enable_tracking_term': True, 'enable_latency_term': True, 'epsilon': 0.1, 'e_0': 0.03, 'c_1': 0.04, 'c_2': 0.0, 'use_dynamic_v_max': False, 'use_dynamic_tau': False, 'use_dynamic_e_track': False}, comm_latency_ms: 0
[SIM] Waiting for geofence (20s)...
[SIM] Geofence started with method: geofence (cmd_vel_guard: False)
[SIM] cmd_vel_guard disabled, starting cmd_vel relay for navigation...
[SIM] Starting cmd_vel relay (cmd_vel_nav → cmd_vel)...
[SIM] cmd_vel relay started
[2026-03-02 10:48:50] 
Trial 151/270: S2_geofence_eps_0.100_probeB_s0
[2026-03-02 10:48:50]   Goal: (3.65, 0.00)
[2026-03-02 10:48:50]   2a: eps=0.1, probeB (3.65, 0.0), margin=0.342m
[2026-03-02 10:48:50] [RESET] Resetting robot pose to origin...
[RESET] Teleporting robot to (0.0, 0.0, θ=0.0)
[RESET] Cancelling any active navigation goals...
[RESET] Stopping robot movement...
[RESET] Waiting for TF to stabilize...
[RESET] AMCL disabled, correcting map→odom TF after teleport...
[WARNING] Could not read odom, TF correction skipped
[RESET] Robot pose reset complete
[2026-03-02 10:49:40]   Result: allow (PASS)
[2026-03-02 10:49:40]   Reason: Goal reached successfully (dist=0.29m)
[2026-03-02 10:49:40]   Time: 50.1s
[2026-03-02 10:49:40]   Robot moved: True, path_min_dist: 0.65m
[2026-03-02 10:49:40] [HEALTH] Periodic health check...
[2026-03-02 10:49:40] [HEALTH] Load: 1.5, Memory: 13.3%
[NAV2] local_costmap: found
[NAV2] navigate_to_pose action: found
[2026-03-02 10:49:41] [HEALTH] Pre-trial restart (every 1 trials, world=empty.sdf)...
[SIM] Stopping all processes...
[CLEANUP] Starting process cleanup...
[CLEANUP] Complete (killed 0 process groups)
[SIM] All processes stopped
[CLEANUP] Starting process cleanup...
[CLEANUP] Complete (killed 0 process groups)
[DEBUG] restart_with_method called: method=geofence, params={}, world=empty.sdf, guard=False
[SIM] Full restart for method: geofence (world: empty.sdf)
[SIM] Stopping all processes...
[CLEANUP] Starting process cleanup...
[CLEANUP] Complete (killed 0 process groups)
[SIM] All processes stopped
[SIM] Starting Gazebo...
[CLEANUP] Starting process cleanup...
[CLEANUP] Complete (killed 0 process groups)
[SIM] gz sim still alive (1 procs), force-killing PGIDs (attempt 1/5)...
[SIM] gz sim still alive (1 procs), force-killing PGIDs (attempt 2/5)...
[SIM] gz sim still alive (1 procs), force-killing PGIDs (attempt 3/5)...
[SIM] gz sim still alive (1 procs), force-killing PGIDs (attempt 4/5)...
[SIM] gz sim still alive (1 procs), force-killing PGIDs (attempt 5/5)...
[SIM][WARNING] Could not kill all gz sim processes — proceeding anyway
The daemon has been started
[SIM] Waiting for Gazebo (180s)...
[SIM] Gazebo started successfully
[SIM] robot_state_publisher: running
[SIM] Starting odom relay (odom_real → odom)...
[SIM] Odom relay started
[SIM] Starting scan relay (scan_real → scan)...
[SIM] Scan relay started, verifying /scan topic...
[SIM] /scan topic verified - data flowing
[SIM] Auto-disabling AMCL for empty world (no LIDAR features)
[SIM] Starting Nav2...
[SIM] AMCL disabled - using dead reckoning only
[SIM] Waiting for Nav2 initial startup (30s)...
[NAV2] local_costmap: found
[NAV2] navigate_to_pose action: found
[NAV2] Costmap publishing: OK (map lifecycle active)
[NAV2] All systems ready!
[SIM] Final verification: checking navigate_to_pose action...
[SIM] Nav2 started successfully and action server verified!
[SIM] Starting geofence with method: geofence, params: {}, comm_latency_ms: 0
[SIM] Waiting for geofence (20s)...
[SIM] Geofence started with method: geofence (cmd_vel_guard: False)
[SIM] cmd_vel_guard disabled, starting cmd_vel relay for navigation...
[SIM] Starting cmd_vel relay (cmd_vel_nav → cmd_vel)...
[SIM] cmd_vel relay started
[2026-03-02 10:51:55] [GEOFENCE] Restarting geofence (sigma=0.15, v_max=0.5, tau=0.1, a_max=2.5, eps=0.1, braking=True)...
[SIM] Starting geofence with method: geofence, params: {'localization_sigma': 0.15, 'v_max': 0.5, 'latency': 0.1, 'a_max': 2.5, 'enable_braking_term': True, 'enable_estimation_term': True, 'enable_tracking_term': True, 'enable_latency_term': True, 'epsilon': 0.1, 'e_0': 0.03, 'c_1': 0.04, 'c_2': 0.0, 'use_dynamic_v_max': False, 'use_dynamic_tau': False, 'use_dynamic_e_track': False}, comm_latency_ms: 50
[SIM] Waiting for geofence (20s)...
[SIM] Geofence started with method: geofence (cmd_vel_guard: False)
[SIM] cmd_vel_guard disabled, starting cmd_vel relay for navigation...
[SIM] Starting cmd_vel relay (cmd_vel_nav → cmd_vel) (latency=50ms)...
[SIM] cmd_vel relay started (latency=50ms)
[2026-03-02 10:52:23] 
Trial 152/270: S2_geofence_eps_0.100_probeB_s1
[2026-03-02 10:52:23]   Goal: (3.65, 0.00)
[2026-03-02 10:52:23]   2a: eps=0.1, probeB (3.65, 0.0), margin=0.342m
[2026-03-02 10:52:23]   Comm latency: 50ms
[2026-03-02 10:52:23] [RESET] Resetting robot pose to origin...
[RESET] Teleporting robot to (0.0, 0.0, θ=0.0)
[RESET] Cancelling any active navigation goals...
[RESET] Stopping robot movement...
[RESET] Waiting for TF to stabilize...
[RESET] AMCL disabled, correcting map→odom TF after teleport...
[RESET] Odom at (-0.00, -0.00, yaw=0.0°), target (0.00, 0.00, yaw=0.0°)
[RESET] TF correction: tx=0.000, ty=-0.000, yaw=-0.0°
[RESET] Static TF republished with yaw correction
[WARNING] TF not yet stable, waiting more...
[RESET] Robot pose reset complete
[2026-03-02 10:53:07]   Result: allow (PASS)
[2026-03-02 10:53:07]   Reason: Goal reached successfully (dist=0.55m)
[2026-03-02 10:53:07]   Time: 43.8s
[2026-03-02 10:53:07]   Robot moved: True, path_min_dist: 0.92m
[2026-03-02 10:53:07] [HEALTH] Pre-trial restart (every 1 trials, world=empty.sdf)...
[SIM] Stopping all processes...
[CLEANUP] Starting process cleanup...
[CLEANUP] Complete (killed 1 process groups)
[SIM] All processes stopped
[CLEANUP] Starting process cleanup...
[CLEANUP] Complete (killed 0 process groups)
[DEBUG] restart_with_method called: method=geofence, params={}, world=empty.sdf, guard=False
[SIM] Full restart for method: geofence (world: empty.sdf)
[SIM] Stopping all processes...
[CLEANUP] Starting process cleanup...
[CLEANUP] Complete (killed 0 process groups)
[SIM] All processes stopped
[SIM] Starting Gazebo...
[CLEANUP] Starting process cleanup...
[CLEANUP] Complete (killed 0 process groups)
[SIM] gz sim still alive (1 procs), force-killing PGIDs (attempt 1/5)...
[SIM] gz sim still alive (1 procs), force-killing PGIDs (attempt 2/5)...
[SIM] gz sim still alive (1 procs), force-killing PGIDs (attempt 3/5)...
[SIM] gz sim still alive (1 procs), force-killing PGIDs (attempt 4/5)...
[SIM] gz sim still alive (1 procs), force-killing PGIDs (attempt 5/5)...
[SIM][WARNING] Could not kill all gz sim processes — proceeding anyway
The daemon has been started
[SIM] Waiting for Gazebo (180s)...
[SIM] Gazebo started successfully
[SIM] robot_state_publisher: running
[SIM] Starting odom relay (odom_real → odom)...
[SIM] Odom relay started
[SIM] Starting scan relay (scan_real → scan)...
[SIM] Scan relay started, verifying /scan topic...
[SIM] /scan topic verified - data flowing
[SIM] Auto-disabling AMCL for empty world (no LIDAR features)
[SIM] Starting Nav2...
[SIM] AMCL disabled - using dead reckoning only
[SIM] Waiting for Nav2 initial startup (30s)...
[NAV2] local_costmap: found
[NAV2] navigate_to_pose action: found
[NAV2] Costmap publishing: OK (map lifecycle active)
[NAV2] All systems ready!
[SIM] Final verification: checking navigate_to_pose action...
[SIM] Nav2 started successfully and action server verified!
[SIM] Starting geofence with method: geofence, params: {}, comm_latency_ms: 0
[SIM] Waiting for geofence (20s)...
[SIM] Geofence started with method: geofence (cmd_vel_guard: False)
[SIM] cmd_vel_guard disabled, starting cmd_vel relay for navigation...
[SIM] Starting cmd_vel relay (cmd_vel_nav → cmd_vel)...
[SIM] cmd_vel relay started
[2026-03-02 10:55:21] [GEOFENCE] Restarting geofence (sigma=0.15, v_max=0.5, tau=0.1, a_max=2.5, eps=0.1, braking=True)...
[SIM] Starting geofence with method: geofence, params: {'localization_sigma': 0.15, 'v_max': 0.5, 'latency': 0.1, 'a_max': 2.5, 'enable_braking_term': True, 'enable_estimation_term': True, 'enable_tracking_term': True, 'enable_latency_term': True, 'epsilon': 0.1, 'e_0': 0.03, 'c_1': 0.04, 'c_2': 0.0, 'use_dynamic_v_max': False, 'use_dynamic_tau': False, 'use_dynamic_e_track': False}, comm_latency_ms: 100
[SIM] Waiting for geofence (20s)...
[SIM] Geofence started with method: geofence (cmd_vel_guard: False)
[SIM] cmd_vel_guard disabled, starting cmd_vel relay for navigation...
[SIM] Starting cmd_vel relay (cmd_vel_nav → cmd_vel) (latency=100ms)...
[SIM] cmd_vel relay started (latency=100ms)
[2026-03-02 10:55:49] 
Trial 153/270: S2_geofence_eps_0.100_probeB_s2
[2026-03-02 10:55:49]   Goal: (3.65, 0.00)
[2026-03-02 10:55:49]   2a: eps=0.1, probeB (3.65, 0.0), margin=0.342m
[2026-03-02 10:55:49]   Comm latency: 100ms
[2026-03-02 10:55:49] [RESET] Resetting robot pose to origin...
[RESET] Teleporting robot to (0.0, 0.0, θ=0.0)
[RESET] Cancelling any active navigation goals...
[RESET] Stopping robot movement...
[RESET] Waiting for TF to stabilize...
[RESET] AMCL disabled, correcting map→odom TF after teleport...
[RESET] Odom at (-0.00, -0.00, yaw=0.0°), target (0.00, 0.00, yaw=0.0°)
[RESET] TF correction: tx=0.000, ty=-0.000, yaw=-0.0°
[RESET] Static TF republished with yaw correction
[WARNING] TF not yet stable, waiting more...
[RESET] Robot pose reset complete
[2026-03-02 10:56:42]   Result: allow (PASS)
[2026-03-02 10:56:42]   Reason: Goal reached successfully (dist=0.54m)
[2026-03-02 10:56:42]   Time: 53.0s
[2026-03-02 10:56:42]   Robot moved: True, path_min_dist: 0.89m
[2026-03-02 10:56:42] [HEALTH] Pre-trial restart (every 1 trials, world=empty.sdf)...
[SIM] Stopping all processes...
[CLEANUP] Starting process cleanup...
[CLEANUP] Complete (killed 1 process groups)
[SIM] All processes stopped
[CLEANUP] Starting process cleanup...
[CLEANUP] Complete (killed 0 process groups)
[DEBUG] restart_with_method called: method=geofence, params={}, world=empty.sdf, guard=False
[SIM] Full restart for method: geofence (world: empty.sdf)
[SIM] Stopping all processes...
[CLEANUP] Starting process cleanup...
[CLEANUP] Complete (killed 0 process groups)
[SIM] All processes stopped
[SIM] Starting Gazebo...
[CLEANUP] Starting process cleanup...
[CLEANUP] Complete (killed 0 process groups)
[SIM] gz sim still alive (1 procs), force-killing PGIDs (attempt 1/5)...
[SIM] gz sim still alive (1 procs), force-killing PGIDs (attempt 2/5)...
[SIM] gz sim still alive (1 procs), force-killing PGIDs (attempt 3/5)...
[SIM] gz sim still alive (1 procs), force-killing PGIDs (attempt 4/5)...
[SIM] gz sim still alive (1 procs), force-killing PGIDs (attempt 5/5)...
[SIM][WARNING] Could not kill all gz sim processes — proceeding anyway
The daemon has been started
[SIM] Waiting for Gazebo (180s)...
[SIM] Gazebo started successfully
[SIM] robot_state_publisher: running
[SIM] Starting odom relay (odom_real → odom)...
[SIM] Odom relay started
[SIM] Starting scan relay (scan_real → scan)...
[SIM] Scan relay started, verifying /scan topic...
[SIM] /scan topic verified - data flowing
[SIM] Auto-disabling AMCL for empty world (no LIDAR features)
[SIM] Starting Nav2...
[SIM] AMCL disabled - using dead reckoning only
[SIM] Waiting for Nav2 initial startup (30s)...
[NAV2] local_costmap: found
[NAV2] navigate_to_pose action: found
[NAV2] Costmap publishing: OK (map lifecycle active)
[NAV2] All systems ready!
[SIM] Final verification: checking navigate_to_pose action...
[SIM] Nav2 started successfully and action server verified!
[SIM] Starting geofence with method: geofence, params: {}, comm_latency_ms: 0
[SIM] Waiting for geofence (20s)...
[SIM] Geofence started with method: geofence (cmd_vel_guard: False)
[SIM] cmd_vel_guard disabled, starting cmd_vel relay for navigation...
[SIM] Starting cmd_vel relay (cmd_vel_nav → cmd_vel)...
[SIM] cmd_vel relay started
[2026-03-02 10:58:56] [GEOFENCE] Restarting geofence (sigma=0.15, v_max=0.5, tau=0.1, a_max=2.5, eps=0.1, braking=True)...
[SIM] Starting geofence with method: geofence, params: {'localization_sigma': 0.15, 'v_max': 0.5, 'latency': 0.1, 'a_max': 2.5, 'enable_braking_term': True, 'enable_estimation_term': True, 'enable_tracking_term': True, 'enable_latency_term': True, 'epsilon': 0.1, 'e_0': 0.03, 'c_1': 0.04, 'c_2': 0.0, 'use_dynamic_v_max': False, 'use_dynamic_tau': False, 'use_dynamic_e_track': False}, comm_latency_ms: 0
[SIM] Waiting for geofence (20s)...
[SIM] Geofence started with method: geofence (cmd_vel_guard: False)
[SIM] cmd_vel_guard disabled, starting cmd_vel relay for navigation...
[SIM] Starting cmd_vel relay (cmd_vel_nav → cmd_vel)...
[SIM] cmd_vel relay started
[2026-03-02 10:59:24] 
Trial 154/270: S2_geofence_eps_0.100_probeB_s3
[2026-03-02 10:59:24]   Goal: (3.65, 0.00)
[2026-03-02 10:59:24]   2a: eps=0.1, probeB (3.65, 0.0), margin=0.342m
[2026-03-02 10:59:24] [RESET] Resetting robot pose to origin...
[RESET] Teleporting robot to (0.0, 0.0, θ=0.0)
[RESET] Cancelling any active navigation goals...
[RESET] Stopping robot movement...
[RESET] Waiting for TF to stabilize...
[RESET] AMCL disabled, correcting map→odom TF after teleport...
[RESET] Odom at (-0.00, -0.00, yaw=0.0°), target (0.00, 0.00, yaw=0.0°)
[RESET] TF correction: tx=0.000, ty=-0.000, yaw=-0.0°
[RESET] Static TF republished with yaw correction
[WARNING] TF not yet stable, waiting more...
[RESET] Robot pose reset complete
[2026-03-02 11:00:05]   Result: allow (PASS)
[2026-03-02 11:00:05]   Reason: Goal reached successfully (dist=0.54m)
[2026-03-02 11:00:05]   Time: 40.8s
[2026-03-02 11:00:05]   Robot moved: True, path_min_dist: 0.92m
[2026-03-02 11:00:05] [HEALTH] Pre-trial restart (every 1 trials, world=empty.sdf)...
[SIM] Stopping all processes...
[CLEANUP] Starting process cleanup...
[CLEANUP] Complete (killed 1 process groups)
[SIM] All processes stopped
[CLEANUP] Starting process cleanup...
[CLEANUP] Complete (killed 0 process groups)
[DEBUG] restart_with_method called: method=geofence, params={}, world=empty.sdf, guard=False
[SIM] Full restart for method: geofence (world: empty.sdf)
[SIM] Stopping all processes...
[CLEANUP] Starting process cleanup...
[CLEANUP] Complete (killed 0 process groups)
[SIM] All processes stopped
[SIM] Starting Gazebo...
[CLEANUP] Starting process cleanup...
[CLEANUP] Complete (killed 0 process groups)
[SIM] gz sim still alive (1 procs), force-killing PGIDs (attempt 1/5)...
[SIM] gz sim still alive (1 procs), force-killing PGIDs (attempt 2/5)...
[SIM] gz sim still alive (1 procs), force-killing PGIDs (attempt 3/5)...
[SIM] gz sim still alive (1 procs), force-killing PGIDs (attempt 4/5)...
[SIM] gz sim still alive (1 procs), force-killing PGIDs (attempt 5/5)...
[SIM][WARNING] Could not kill all gz sim processes — proceeding anyway
The daemon has been started
[SIM] Waiting for Gazebo (180s)...
[SIM] Gazebo started successfully
[SIM] robot_state_publisher: running
[SIM] Starting odom relay (odom_real → odom)...
[SIM] Odom relay started
[SIM] Starting scan relay (scan_real → scan)...
[SIM] Scan relay started, verifying /scan topic...
[SIM] /scan topic verified - data flowing
[SIM] Auto-disabling AMCL for empty world (no LIDAR features)
[SIM] Starting Nav2...
[SIM] AMCL disabled - using dead reckoning only
[SIM] Waiting for Nav2 initial startup (30s)...
[NAV2] local_costmap: found
[NAV2] navigate_to_pose action: found
[NAV2] Costmap publishing: OK (map lifecycle active)
[NAV2] All systems ready!
[SIM] Final verification: checking navigate_to_pose action...
[SIM] Nav2 started successfully and action server verified!
[SIM] Starting geofence with method: geofence, params: {}, comm_latency_ms: 0
[SIM] Waiting for geofence (20s)...
[SIM] Geofence started with method: geofence (cmd_vel_guard: False)
[SIM] cmd_vel_guard disabled, starting cmd_vel relay for navigation...
[SIM] Starting cmd_vel relay (cmd_vel_nav → cmd_vel)...
[SIM] cmd_vel relay started
[2026-03-02 11:02:20] [GEOFENCE] Restarting geofence (sigma=0.15, v_max=0.5, tau=0.1, a_max=2.5, eps=0.1, braking=True)...
[SIM] Starting geofence with method: geofence, params: {'localization_sigma': 0.15, 'v_max': 0.5, 'latency': 0.1, 'a_max': 2.5, 'enable_braking_term': True, 'enable_estimation_term': True, 'enable_tracking_term': True, 'enable_latency_term': True, 'epsilon': 0.1, 'e_0': 0.03, 'c_1': 0.04, 'c_2': 0.0, 'use_dynamic_v_max': False, 'use_dynamic_tau': False, 'use_dynamic_e_track': False}, comm_latency_ms: 50
[SIM] Waiting for geofence (20s)...
[SIM] Geofence started with method: geofence (cmd_vel_guard: False)
[SIM] cmd_vel_guard disabled, starting cmd_vel relay for navigation...
[SIM] Starting cmd_vel relay (cmd_vel_nav → cmd_vel) (latency=50ms)...
[SIM] cmd_vel relay started (latency=50ms)
[2026-03-02 11:02:48] 
Trial 155/270: S2_geofence_eps_0.100_probeB_s4
[2026-03-02 11:02:48]   Goal: (3.65, 0.00)
[2026-03-02 11:02:48]   2a: eps=0.1, probeB (3.65, 0.0), margin=0.342m
[2026-03-02 11:02:48]   Comm latency: 50ms
[2026-03-02 11:02:48] [RESET] Resetting robot pose to origin...
[RESET] Teleporting robot to (0.0, 0.0, θ=0.0)
[RESET] Cancelling any active navigation goals...
[RESET] Stopping robot movement...
[RESET] Waiting for TF to stabilize...
[RESET] AMCL disabled, correcting map→odom TF after teleport...
[RESET] Odom at (-0.00, -0.00, yaw=0.0°), target (0.00, 0.00, yaw=0.0°)
[RESET] TF correction: tx=0.000, ty=-0.000, yaw=-0.0°
[RESET] Static TF republished with yaw correction
[RESET] Robot pose reset complete
[2026-03-02 11:03:38]   Result: allow (PASS)
[2026-03-02 11:03:38]   Reason: Goal reached successfully (dist=0.56m)
[2026-03-02 11:03:38]   Time: 50.4s
[2026-03-02 11:03:38]   Robot moved: True, path_min_dist: 0.93m
[CHECKPOINT] Saved at trial 155/270
[2026-03-02 11:03:38] [HEALTH] Pre-trial restart (every 1 trials, world=empty.sdf)...
[SIM] Stopping all processes...
[CLEANUP] Starting process cleanup...
[CLEANUP] Complete (killed 2 process groups)
[SIM] All processes stopped
[CLEANUP] Starting process cleanup...
[CLEANUP] Complete (killed 0 process groups)
[DEBUG] restart_with_method called: method=geofence, params={}, world=empty.sdf, guard=False
[SIM] Full restart for method: geofence (world: empty.sdf)
[SIM] Stopping all processes...
[CLEANUP] Starting process cleanup...
[CLEANUP] Complete (killed 0 process groups)
[SIM] All processes stopped
[SIM] Starting Gazebo...
[CLEANUP] Starting process cleanup...
[CLEANUP] Complete (killed 0 process groups)
[SIM] gz sim still alive (1 procs), force-killing PGIDs (attempt 1/5)...
[SIM] gz sim still alive (1 procs), force-killing PGIDs (attempt 2/5)...
[SIM] gz sim still alive (1 procs), force-killing PGIDs (attempt 3/5)...
[SIM] gz sim still alive (1 procs), force-killing PGIDs (attempt 4/5)...
[SIM] gz sim still alive (1 procs), force-killing PGIDs (attempt 5/5)...
[SIM][WARNING] Could not kill all gz sim processes — proceeding anyway
The daemon has been started
[SIM] Waiting for Gazebo (180s)...
[SIM] Gazebo started successfully
[SIM] robot_state_publisher: running
[SIM] Starting odom relay (odom_real → odom)...
[SIM] Odom relay started
[SIM] Starting scan relay (scan_real → scan)...
[SIM] Scan relay started, verifying /scan topic...
[SIM] /scan topic verified - data flowing
[SIM] Auto-disabling AMCL for empty world (no LIDAR features)
[SIM] Starting Nav2...
[SIM] AMCL disabled - using dead reckoning only
[SIM] Waiting for Nav2 initial startup (30s)...
[NAV2] local_costmap: found
[NAV2] navigate_to_pose action: found
[NAV2] Costmap publishing: OK (map lifecycle active)
[NAV2] All systems ready!
[SIM] Final verification: checking navigate_to_pose action...
[SIM] Nav2 started successfully and action server verified!
[SIM] Starting geofence with method: geofence, params: {}, comm_latency_ms: 0
[SIM] Waiting for geofence (20s)...
[SIM] Geofence started with method: geofence (cmd_vel_guard: False)
[SIM] cmd_vel_guard disabled, starting cmd_vel relay for navigation...
[SIM] Starting cmd_vel relay (cmd_vel_nav → cmd_vel)...
[SIM] cmd_vel relay started
[2026-03-02 11:05:53] [GEOFENCE] Restarting geofence (sigma=0.15, v_max=0.5, tau=0.1, a_max=2.5, eps=0.1, braking=True)...
[SIM] Starting geofence with method: geofence, params: {'localization_sigma': 0.15, 'v_max': 0.5, 'latency': 0.1, 'a_max': 2.5, 'enable_braking_term': True, 'enable_estimation_term': True, 'enable_tracking_term': True, 'enable_latency_term': True, 'epsilon': 0.1, 'e_0': 0.03, 'c_1': 0.04, 'c_2': 0.0, 'use_dynamic_v_max': False, 'use_dynamic_tau': False, 'use_dynamic_e_track': False}, comm_latency_ms: 100
[SIM] Waiting for geofence (20s)...
[SIM] Geofence started with method: geofence (cmd_vel_guard: False)
[SIM] cmd_vel_guard disabled, starting cmd_vel relay for navigation...
[SIM] Starting cmd_vel relay (cmd_vel_nav → cmd_vel) (latency=100ms)...
[SIM] cmd_vel relay started (latency=100ms)
[2026-03-02 11:06:21] 
Trial 156/270: S2_geofence_eps_0.100_probeB_s5
[2026-03-02 11:06:21]   Goal: (3.65, 0.00)
[2026-03-02 11:06:21]   2a: eps=0.1, probeB (3.65, 0.0), margin=0.342m
[2026-03-02 11:06:21]   Comm latency: 100ms
[2026-03-02 11:06:21] [RESET] Resetting robot pose to origin...
[RESET] Teleporting robot to (0.0, 0.0, θ=0.0)
[RESET] Cancelling any active navigation goals...
[RESET] Stopping robot movement...
[RESET] Waiting for TF to stabilize...
[RESET] AMCL disabled, correcting map→odom TF after teleport...
[RESET] Odom at (-0.00, -0.00, yaw=0.0°), target (0.00, 0.00, yaw=0.0°)
[RESET] TF correction: tx=0.000, ty=-0.000, yaw=-0.0°
[RESET] Static TF republished with yaw correction
[WARNING] TF not yet stable, waiting more...
[RESET] Robot pose reset complete
[2026-03-02 11:07:12]   Result: allow (PASS)
[2026-03-02 11:07:12]   Reason: Goal reached successfully (dist=0.55m)
[2026-03-02 11:07:12]   Time: 51.0s
[2026-03-02 11:07:12]   Robot moved: True, path_min_dist: 0.92m
[2026-03-02 11:07:12] [HEALTH] Pre-trial restart (every 1 trials, world=empty.sdf)...
[SIM] Stopping all processes...
[CLEANUP] Starting process cleanup...
[CLEANUP] Complete (killed 1 process groups)
[SIM] All processes stopped
[CLEANUP] Starting process cleanup...
[CLEANUP] Complete (killed 0 process groups)
[DEBUG] restart_with_method called: method=geofence, params={}, world=empty.sdf, guard=False
[SIM] Full restart for method: geofence (world: empty.sdf)
[SIM] Stopping all processes...
[CLEANUP] Starting process cleanup...
[CLEANUP] Complete (killed 0 process groups)
[SIM] All processes stopped
[SIM] Starting Gazebo...
[CLEANUP] Starting process cleanup...
[CLEANUP] Complete (killed 0 process groups)
[SIM] gz sim still alive (1 procs), force-killing PGIDs (attempt 1/5)...
[SIM] gz sim still alive (1 procs), force-killing PGIDs (attempt 2/5)...
[SIM] gz sim still alive (1 procs), force-killing PGIDs (attempt 3/5)...
[SIM] gz sim still alive (1 procs), force-killing PGIDs (attempt 4/5)...
[SIM] gz sim still alive (1 procs), force-killing PGIDs (attempt 5/5)...
[SIM][WARNING] Could not kill all gz sim processes — proceeding anyway
The daemon has been started
[SIM] Waiting for Gazebo (180s)...
[SIM] Gazebo started successfully
[SIM] robot_state_publisher: running
[SIM] Starting odom relay (odom_real → odom)...
[SIM] Odom relay started
[SIM] Starting scan relay (scan_real → scan)...
[SIM] Scan relay started, verifying /scan topic...
[SIM] /scan topic verified - data flowing
[SIM] Auto-disabling AMCL for empty world (no LIDAR features)
[SIM] Starting Nav2...
[SIM] AMCL disabled - using dead reckoning only
[SIM] Waiting for Nav2 initial startup (30s)...
[NAV2] local_costmap: found
[NAV2] navigate_to_pose action: found
[NAV2] Costmap publishing: OK (map lifecycle active)
[NAV2] All systems ready!
[SIM] Final verification: checking navigate_to_pose action...
[SIM] Nav2 started successfully and action server verified!
[SIM] Starting geofence with method: geofence, params: {}, comm_latency_ms: 0
[SIM] Waiting for geofence (20s)...
[SIM] Geofence started with method: geofence (cmd_vel_guard: False)
[SIM] cmd_vel_guard disabled, starting cmd_vel relay for navigation...
[SIM] Starting cmd_vel relay (cmd_vel_nav → cmd_vel)...
[SIM] cmd_vel relay started
[2026-03-02 11:09:26] [GEOFENCE] Restarting geofence (sigma=0.15, v_max=0.5, tau=0.1, a_max=2.5, eps=0.1, braking=True)...
[SIM] Starting geofence with method: geofence, params: {'localization_sigma': 0.15, 'v_max': 0.5, 'latency': 0.1, 'a_max': 2.5, 'enable_braking_term': True, 'enable_estimation_term': True, 'enable_tracking_term': True, 'enable_latency_term': True, 'epsilon': 0.1, 'e_0': 0.03, 'c_1': 0.04, 'c_2': 0.0, 'use_dynamic_v_max': False, 'use_dynamic_tau': False, 'use_dynamic_e_track': False}, comm_latency_ms: 0
[SIM] Waiting for geofence (20s)...
[SIM] Geofence started with method: geofence (cmd_vel_guard: False)
[SIM] cmd_vel_guard disabled, starting cmd_vel relay for navigation...
[SIM] Starting cmd_vel relay (cmd_vel_nav → cmd_vel)...
[SIM] cmd_vel relay started
[2026-03-02 11:09:54] 
Trial 157/270: S2_geofence_eps_0.100_probeB_s6
[2026-03-02 11:09:54]   Goal: (3.65, 0.00)
[2026-03-02 11:09:54]   2a: eps=0.1, probeB (3.65, 0.0), margin=0.342m
[2026-03-02 11:09:54] [RESET] Resetting robot pose to origin...
[RESET] Teleporting robot to (0.0, 0.0, θ=0.0)
[RESET] Cancelling any active navigation goals...
[RESET] Stopping robot movement...
[RESET] Waiting for TF to stabilize...
[RESET] AMCL disabled, correcting map→odom TF after teleport...
[RESET] Odom at (-0.00, -0.00, yaw=0.0°), target (0.00, 0.00, yaw=0.0°)
[RESET] TF correction: tx=0.000, ty=-0.000, yaw=-0.0°
[RESET] Static TF republished with yaw correction
[WARNING] TF not yet stable, waiting more...
[RESET] Robot pose reset complete
[2026-03-02 11:10:47]   Result: allow (PASS)
[2026-03-02 11:10:47]   Reason: Goal reached successfully (dist=0.59m)
[2026-03-02 11:10:47]   Time: 52.4s
[2026-03-02 11:10:47]   Robot moved: True, path_min_dist: 0.94m
[2026-03-02 11:10:47] [HEALTH] Pre-trial restart (every 1 trials, world=empty.sdf)...
[SIM] Stopping all processes...
[CLEANUP] Starting process cleanup...
[CLEANUP] Complete (killed 2 process groups)
[SIM] All processes stopped
[CLEANUP] Starting process cleanup...
[CLEANUP] Complete (killed 0 process groups)
[DEBUG] restart_with_method called: method=geofence, params={}, world=empty.sdf, guard=False
[SIM] Full restart for method: geofence (world: empty.sdf)
[SIM] Stopping all processes...
[CLEANUP] Starting process cleanup...
[CLEANUP] Complete (killed 0 process groups)
[SIM] All processes stopped
[SIM] Starting Gazebo...
[CLEANUP] Starting process cleanup...
[CLEANUP] Complete (killed 0 process groups)
[SIM] gz sim still alive (1 procs), force-killing PGIDs (attempt 1/5)...
[SIM] gz sim still alive (1 procs), force-killing PGIDs (attempt 2/5)...
[SIM] gz sim still alive (1 procs), force-killing PGIDs (attempt 3/5)...
[SIM] gz sim still alive (1 procs), force-killing PGIDs (attempt 4/5)...
[SIM] gz sim still alive (1 procs), force-killing PGIDs (attempt 5/5)...
[SIM][WARNING] Could not kill all gz sim processes — proceeding anyway
The daemon has been started
[SIM] Waiting for Gazebo (180s)...
[SIM] Gazebo started successfully
[SIM] robot_state_publisher: running
[SIM] Starting odom relay (odom_real → odom)...
[SIM] Odom relay started
[SIM] Starting scan relay (scan_real → scan)...
[SIM] Scan relay started, verifying /scan topic...
[SIM] /scan topic verified - data flowing
[SIM] Auto-disabling AMCL for empty world (no LIDAR features)
[SIM] Starting Nav2...
[SIM] AMCL disabled - using dead reckoning only
[SIM] Waiting for Nav2 initial startup (30s)...
[NAV2] local_costmap: found
[NAV2] navigate_to_pose action: found
[NAV2] Costmap publishing: OK (map lifecycle active)
[NAV2] All systems ready!
[SIM] Final verification: checking navigate_to_pose action...
[SIM] Nav2 started successfully and action server verified!
[SIM] Starting geofence with method: geofence, params: {}, comm_latency_ms: 0
[SIM] Waiting for geofence (20s)...
[SIM] Geofence started with method: geofence (cmd_vel_guard: False)
[SIM] cmd_vel_guard disabled, starting cmd_vel relay for navigation...
[SIM] Starting cmd_vel relay (cmd_vel_nav → cmd_vel)...
[SIM] cmd_vel relay started
[2026-03-02 11:13:02] [GEOFENCE] Restarting geofence (sigma=0.15, v_max=0.5, tau=0.1, a_max=2.5, eps=0.1, braking=True)...
[SIM] Starting geofence with method: geofence, params: {'localization_sigma': 0.15, 'v_max': 0.5, 'latency': 0.1, 'a_max': 2.5, 'enable_braking_term': True, 'enable_estimation_term': True, 'enable_tracking_term': True, 'enable_latency_term': True, 'epsilon': 0.1, 'e_0': 0.03, 'c_1': 0.04, 'c_2': 0.0, 'use_dynamic_v_max': False, 'use_dynamic_tau': False, 'use_dynamic_e_track': False}, comm_latency_ms: 50
[SIM] Waiting for geofence (20s)...
[SIM] Geofence started with method: geofence (cmd_vel_guard: False)
[SIM] cmd_vel_guard disabled, starting cmd_vel relay for navigation...
[SIM] Starting cmd_vel relay (cmd_vel_nav → cmd_vel) (latency=50ms)...
[SIM] cmd_vel relay started (latency=50ms)
[2026-03-02 11:13:30] 
Trial 158/270: S2_geofence_eps_0.100_probeB_s7
[2026-03-02 11:13:30]   Goal: (3.65, 0.00)
[2026-03-02 11:13:30]   2a: eps=0.1, probeB (3.65, 0.0), margin=0.342m
[2026-03-02 11:13:30]   Comm latency: 50ms
[2026-03-02 11:13:30] [RESET] Resetting robot pose to origin...
[RESET] Teleporting robot to (0.0, 0.0, θ=0.0)
[RESET] Cancelling any active navigation goals...
[RESET] Stopping robot movement...
[RESET] Waiting for TF to stabilize...
[RESET] AMCL disabled, correcting map→odom TF after teleport...
[RESET] Odom at (-0.00, -0.00, yaw=0.0°), target (0.00, 0.00, yaw=0.0°)
[RESET] TF correction: tx=0.000, ty=-0.000, yaw=-0.0°
[RESET] Static TF republished with yaw correction
[RESET] Robot pose reset complete
[2026-03-02 11:14:14]   Result: allow (PASS)
[2026-03-02 11:14:14]   Reason: Goal reached successfully (dist=0.55m)
[2026-03-02 11:14:14]   Time: 43.8s
[2026-03-02 11:14:14]   Robot moved: True, path_min_dist: 0.91m
[2026-03-02 11:14:14] [HEALTH] Pre-trial restart (every 1 trials, world=empty.sdf)...
[SIM] Stopping all processes...
[CLEANUP] Starting process cleanup...
[CLEANUP] Complete (killed 1 process groups)
[SIM] All processes stopped
[CLEANUP] Starting process cleanup...
[CLEANUP] Complete (killed 0 process groups)
[DEBUG] restart_with_method called: method=geofence, params={}, world=empty.sdf, guard=False
[SIM] Full restart for method: geofence (world: empty.sdf)
[SIM] Stopping all processes...
[CLEANUP] Starting process cleanup...
[CLEANUP] Complete (killed 0 process groups)
[SIM] All processes stopped
[SIM] Starting Gazebo...
[CLEANUP] Starting process cleanup...
[CLEANUP] Complete (killed 0 process groups)
[SIM] gz sim still alive (1 procs), force-killing PGIDs (attempt 1/5)...
[SIM] gz sim still alive (1 procs), force-killing PGIDs (attempt 2/5)...
[SIM] gz sim still alive (1 procs), force-killing PGIDs (attempt 3/5)...
[SIM] gz sim still alive (1 procs), force-killing PGIDs (attempt 4/5)...
[SIM] gz sim still alive (1 procs), force-killing PGIDs (attempt 5/5)...
[SIM][WARNING] Could not kill all gz sim processes — proceeding anyway
The daemon has been started
[SIM] Waiting for Gazebo (180s)...
[SIM] Gazebo started successfully
[SIM] robot_state_publisher: running
[SIM] Starting odom relay (odom_real → odom)...
[SIM] Odom relay started
[SIM] Starting scan relay (scan_real → scan)...
[SIM] Scan relay started, verifying /scan topic...
[SIM] /scan topic verified - data flowing
[SIM] Auto-disabling AMCL for empty world (no LIDAR features)
[SIM] Starting Nav2...
[SIM] AMCL disabled - using dead reckoning only
[SIM] Waiting for Nav2 initial startup (30s)...
[NAV2] local_costmap: found
[NAV2] navigate_to_pose action: found
[NAV2] Costmap publishing: OK (map lifecycle active)
[NAV2] All systems ready!
[SIM] Final verification: checking navigate_to_pose action...
[SIM] Nav2 started successfully and action server verified!
[SIM] Starting geofence with method: geofence, params: {}, comm_latency_ms: 0
[SIM] Waiting for geofence (20s)...
[SIM] Geofence started with method: geofence (cmd_vel_guard: False)
[SIM] cmd_vel_guard disabled, starting cmd_vel relay for navigation...
[SIM] Starting cmd_vel relay (cmd_vel_nav → cmd_vel)...
[SIM] cmd_vel relay started
[2026-03-02 11:16:29] [GEOFENCE] Restarting geofence (sigma=0.15, v_max=0.5, tau=0.1, a_max=2.5, eps=0.1, braking=True)...
[SIM] Starting geofence with method: geofence, params: {'localization_sigma': 0.15, 'v_max': 0.5, 'latency': 0.1, 'a_max': 2.5, 'enable_braking_term': True, 'enable_estimation_term': True, 'enable_tracking_term': True, 'enable_latency_term': True, 'epsilon': 0.1, 'e_0': 0.03, 'c_1': 0.04, 'c_2': 0.0, 'use_dynamic_v_max': False, 'use_dynamic_tau': False, 'use_dynamic_e_track': False}, comm_latency_ms: 100
[SIM] Waiting for geofence (20s)...
[SIM] Geofence started with method: geofence (cmd_vel_guard: False)
[SIM] cmd_vel_guard disabled, starting cmd_vel relay for navigation...
[SIM] Starting cmd_vel relay (cmd_vel_nav → cmd_vel) (latency=100ms)...
[SIM] cmd_vel relay started (latency=100ms)
[2026-03-02 11:16:57] 
Trial 159/270: S2_geofence_eps_0.100_probeB_s8
[2026-03-02 11:16:57]   Goal: (3.65, 0.00)
[2026-03-02 11:16:57]   2a: eps=0.1, probeB (3.65, 0.0), margin=0.342m
[2026-03-02 11:16:57]   Comm latency: 100ms
[2026-03-02 11:16:57] [RESET] Resetting robot pose to origin...
[RESET] Teleporting robot to (0.0, 0.0, θ=0.0)
[RESET] Cancelling any active navigation goals...
[RESET] Stopping robot movement...
[RESET] Waiting for TF to stabilize...
[RESET] AMCL disabled, correcting map→odom TF after teleport...
[RESET] Odom at (-0.00, -0.00, yaw=0.0°), target (0.00, 0.00, yaw=0.0°)
[RESET] TF correction: tx=0.000, ty=-0.000, yaw=-0.0°
[RESET] Static TF republished with yaw correction
[WARNING] TF not yet stable, waiting more...
[RESET] Robot pose reset complete
[2026-03-02 11:17:36]   Result: allow (PASS)
[2026-03-02 11:17:36]   Reason: Goal reached successfully (dist=0.55m)
[2026-03-02 11:17:36]   Time: 38.5s
[2026-03-02 11:17:36]   Robot moved: True, path_min_dist: 0.90m
[2026-03-02 11:17:36] [HEALTH] Pre-trial restart (every 1 trials, world=empty.sdf)...
[SIM] Stopping all processes...
[CLEANUP] Starting process cleanup...
[CLEANUP] Complete (killed 1 process groups)
[SIM] All processes stopped
[CLEANUP] Starting process cleanup...
[CLEANUP] Complete (killed 0 process groups)
[DEBUG] restart_with_method called: method=geofence, params={}, world=empty.sdf, guard=False
[SIM] Full restart for method: geofence (world: empty.sdf)
[SIM] Stopping all processes...
[CLEANUP] Starting process cleanup...
[CLEANUP] Complete (killed 0 process groups)
[SIM] All processes stopped
[SIM] Starting Gazebo...
[CLEANUP] Starting process cleanup...
[CLEANUP] Complete (killed 0 process groups)
[SIM] gz sim still alive (1 procs), force-killing PGIDs (attempt 1/5)...
[SIM] gz sim still alive (1 procs), force-killing PGIDs (attempt 2/5)...
[SIM] gz sim still alive (1 procs), force-killing PGIDs (attempt 3/5)...
[SIM] gz sim still alive (1 procs), force-killing PGIDs (attempt 4/5)...
[SIM] gz sim still alive (1 procs), force-killing PGIDs (attempt 5/5)...
[SIM][WARNING] Could not kill all gz sim processes — proceeding anyway
The daemon has been started
[SIM] Waiting for Gazebo (180s)...
[SIM] Gazebo started successfully
[SIM] robot_state_publisher: running
[SIM] Starting odom relay (odom_real → odom)...
[SIM] Odom relay started
[SIM] Starting scan relay (scan_real → scan)...
[SIM] Scan relay started, verifying /scan topic...
[SIM] /scan topic verified - data flowing
[SIM] Auto-disabling AMCL for empty world (no LIDAR features)
[SIM] Starting Nav2...
[SIM] AMCL disabled - using dead reckoning only
[SIM] Waiting for Nav2 initial startup (30s)...
[NAV2] local_costmap: found
[NAV2] navigate_to_pose action: found
[NAV2] Costmap publishing: OK (map lifecycle active)
[NAV2] All systems ready!
[SIM] Final verification: checking navigate_to_pose action...
[SIM] Nav2 started successfully and action server verified!
[SIM] Starting geofence with method: geofence, params: {}, comm_latency_ms: 0
[SIM] Waiting for geofence (20s)...
[SIM] Geofence started with method: geofence (cmd_vel_guard: False)
[SIM] cmd_vel_guard disabled, starting cmd_vel relay for navigation...
[SIM] Starting cmd_vel relay (cmd_vel_nav → cmd_vel)...
[SIM] cmd_vel relay started
[2026-03-02 11:19:52] [GEOFENCE] Restarting geofence (sigma=0.15, v_max=0.5, tau=0.1, a_max=2.5, eps=0.1, braking=True)...
[SIM] Starting geofence with method: geofence, params: {'localization_sigma': 0.15, 'v_max': 0.5, 'latency': 0.1, 'a_max': 2.5, 'enable_braking_term': True, 'enable_estimation_term': True, 'enable_tracking_term': True, 'enable_latency_term': True, 'epsilon': 0.1, 'e_0': 0.03, 'c_1': 0.04, 'c_2': 0.0, 'use_dynamic_v_max': False, 'use_dynamic_tau': False, 'use_dynamic_e_track': False}, comm_latency_ms: 0
[SIM] Waiting for geofence (20s)...
[SIM] Geofence started with method: geofence (cmd_vel_guard: False)
[SIM] cmd_vel_guard disabled, starting cmd_vel relay for navigation...
[SIM] Starting cmd_vel relay (cmd_vel_nav → cmd_vel)...
[SIM] cmd_vel relay started
[2026-03-02 11:20:20] 
Trial 160/270: S2_geofence_eps_0.100_probeB_s9
[2026-03-02 11:20:20]   Goal: (3.65, 0.00)
[2026-03-02 11:20:20]   2a: eps=0.1, probeB (3.65, 0.0), margin=0.342m
[2026-03-02 11:20:20] [RESET] Resetting robot pose to origin...
[RESET] Teleporting robot to (0.0, 0.0, θ=0.0)
[RESET] Cancelling any active navigation goals...
[RESET] Stopping robot movement...
[RESET] Waiting for TF to stabilize...
[RESET] AMCL disabled, correcting map→odom TF after teleport...
[RESET] Odom at (-0.00, -0.00, yaw=0.0°), target (0.00, 0.00, yaw=0.0°)
[RESET] TF correction: tx=0.000, ty=-0.000, yaw=-0.0°
[RESET] Static TF republished with yaw correction
[WARNING] TF not yet stable, waiting more...
[RESET] Robot pose reset complete
[2026-03-02 11:21:05]   Result: allow (PASS)
[2026-03-02 11:21:05]   Reason: Goal reached successfully (dist=0.59m)
[2026-03-02 11:21:05]   Time: 44.5s
[2026-03-02 11:21:05]   Robot moved: True, path_min_dist: 1.08m
[CHECKPOINT] Saved at trial 160/270
[2026-03-02 11:21:05] [HEALTH] Pre-trial restart (every 1 trials, world=empty.sdf)...
[SIM] Stopping all processes...
[CLEANUP] Starting process cleanup...
[CLEANUP] Complete (killed 1 process groups)
[SIM] All processes stopped
[CLEANUP] Starting process cleanup...
[CLEANUP] Complete (killed 0 process groups)
[DEBUG] restart_with_method called: method=geofence, params={}, world=empty.sdf, guard=False
[SIM] Full restart for method: geofence (world: empty.sdf)
[SIM] Stopping all processes...
[CLEANUP] Starting process cleanup...
[CLEANUP] Complete (killed 0 process groups)
[SIM] All processes stopped
[SIM] Starting Gazebo...
[CLEANUP] Starting process cleanup...
[CLEANUP] Complete (killed 0 process groups)
[SIM] gz sim still alive (1 procs), force-killing PGIDs (attempt 1/5)...
[SIM] gz sim still alive (1 procs), force-killing PGIDs (attempt 2/5)...
[SIM] gz sim still alive (1 procs), force-killing PGIDs (attempt 3/5)...
[SIM] gz sim still alive (1 procs), force-killing PGIDs (attempt 4/5)...
[SIM] gz sim still alive (1 procs), force-killing PGIDs (attempt 5/5)...
[SIM][WARNING] Could not kill all gz sim processes — proceeding anyway
The daemon has been started
[SIM] Waiting for Gazebo (180s)...
[SIM] Gazebo started successfully
[SIM] robot_state_publisher: running
[SIM] Starting odom relay (odom_real → odom)...
[SIM] Odom relay started
[SIM] Starting scan relay (scan_real → scan)...
[SIM] Scan relay started, verifying /scan topic...
[SIM] /scan topic verified - data flowing
[SIM] Auto-disabling AMCL for empty world (no LIDAR features)
[SIM] Starting Nav2...
[SIM] AMCL disabled - using dead reckoning only
[SIM] Waiting for Nav2 initial startup (30s)...
[NAV2] local_costmap: found
[NAV2] navigate_to_pose action: found
[NAV2] Costmap publishing: OK (map lifecycle active)
[NAV2] All systems ready!
[SIM] Final verification: checking navigate_to_pose action...
[SIM] Nav2 started successfully and action server verified!
[SIM] Starting geofence with method: geofence, params: {}, comm_latency_ms: 0
[SIM] Waiting for geofence (20s)...
[SIM] Geofence started with method: geofence (cmd_vel_guard: False)
[SIM] cmd_vel_guard disabled, starting cmd_vel relay for navigation...
[SIM] Starting cmd_vel relay (cmd_vel_nav → cmd_vel)...
[SIM] cmd_vel relay started
[2026-03-02 11:23:19] [GEOFENCE] Restarting geofence (sigma=0.15, v_max=0.5, tau=0.1, a_max=2.5, eps=0.1, braking=True)...
[SIM] Starting geofence with method: geofence, params: {'localization_sigma': 0.15, 'v_max': 0.5, 'latency': 0.1, 'a_max': 2.5, 'enable_braking_term': True, 'enable_estimation_term': True, 'enable_tracking_term': True, 'enable_latency_term': True, 'epsilon': 0.1, 'e_0': 0.03, 'c_1': 0.04, 'c_2': 0.0, 'use_dynamic_v_max': False, 'use_dynamic_tau': False, 'use_dynamic_e_track': False}, comm_latency_ms: 0
[SIM] Waiting for geofence (20s)...
[SIM] Geofence started with method: geofence (cmd_vel_guard: False)
[SIM] cmd_vel_guard disabled, starting cmd_vel relay for navigation...
[SIM] Starting cmd_vel relay (cmd_vel_nav → cmd_vel)...
[SIM] cmd_vel relay started
[2026-03-02 11:23:47] 
Trial 161/270: S2_geofence_eps_0.100_probeC_s0
[2026-03-02 11:23:47]   Goal: (3.72, 0.00)
[2026-03-02 11:23:47]   2a: eps=0.1, probeC (3.72, 0.0), margin=0.342m
[2026-03-02 11:23:47] [RESET] Resetting robot pose to origin...
[RESET] Teleporting robot to (0.0, 0.0, θ=0.0)
[RESET] Cancelling any active navigation goals...
[RESET] Stopping robot movement...
[RESET] Waiting for TF to stabilize...
[RESET] AMCL disabled, correcting map→odom TF after teleport...
[RESET] Odom at (-0.00, -0.00, yaw=0.0°), target (0.00, 0.00, yaw=0.0°)
[RESET] TF correction: tx=0.000, ty=-0.000, yaw=-0.0°
[RESET] Static TF republished with yaw correction
[RESET] Robot pose reset complete
[2026-03-02 11:24:25]   Result: allow (PASS)
[2026-03-02 11:24:25]   Reason: Goal reached successfully (dist=0.62m)
[2026-03-02 11:24:25]   Time: 37.9s
[2026-03-02 11:24:25]   Robot moved: True, path_min_dist: 0.93m
[2026-03-02 11:24:25] [HEALTH] Periodic health check...
[2026-03-02 11:24:25] [HEALTH] Load: 2.0, Memory: 13.4%
[NAV2] local_costmap: found
[NAV2] navigate_to_pose action: found
[2026-03-02 11:24:26] [HEALTH] Pre-trial restart (every 1 trials, world=empty.sdf)...
[SIM] Stopping all processes...
[CLEANUP] Starting process cleanup...
[CLEANUP] Complete (killed 1 process groups)
[SIM] All processes stopped
[CLEANUP] Starting process cleanup...
[CLEANUP] Complete (killed 0 process groups)
[DEBUG] restart_with_method called: method=geofence, params={}, world=empty.sdf, guard=False
[SIM] Full restart for method: geofence (world: empty.sdf)
[SIM] Stopping all processes...
[CLEANUP] Starting process cleanup...
[CLEANUP] Complete (killed 0 process groups)
[SIM] All processes stopped
[SIM] Starting Gazebo...
[CLEANUP] Starting process cleanup...
[CLEANUP] Complete (killed 0 process groups)
[SIM] gz sim still alive (1 procs), force-killing PGIDs (attempt 1/5)...
[SIM] gz sim still alive (1 procs), force-killing PGIDs (attempt 2/5)...
[SIM] gz sim still alive (1 procs), force-killing PGIDs (attempt 3/5)...
[SIM] gz sim still alive (1 procs), force-killing PGIDs (attempt 4/5)...
[SIM] gz sim still alive (1 procs), force-killing PGIDs (attempt 5/5)...
[SIM][WARNING] Could not kill all gz sim processes — proceeding anyway
The daemon has been started
[SIM] Waiting for Gazebo (180s)...
[SIM] Gazebo started successfully
[SIM] robot_state_publisher: running
[SIM] Starting odom relay (odom_real → odom)...
[SIM] Odom relay started
[SIM] Starting scan relay (scan_real → scan)...
[SIM] Scan relay started, verifying /scan topic...
[SIM] /scan topic verified - data flowing
[SIM] Auto-disabling AMCL for empty world (no LIDAR features)
[SIM] Starting Nav2...
[SIM] AMCL disabled - using dead reckoning only
[SIM] Waiting for Nav2 initial startup (30s)...
[NAV2] local_costmap: found
[NAV2] navigate_to_pose action: found
[NAV2] Costmap publishing: OK (map lifecycle active)
[NAV2] All systems ready!
[SIM] Final verification: checking navigate_to_pose action...
[SIM] Nav2 started successfully and action server verified!
[SIM] Starting geofence with method: geofence, params: {}, comm_latency_ms: 0
[SIM] Waiting for geofence (20s)...
[SIM] Geofence started with method: geofence (cmd_vel_guard: False)
[SIM] cmd_vel_guard disabled, starting cmd_vel relay for navigation...
[SIM] Starting cmd_vel relay (cmd_vel_nav → cmd_vel)...
[SIM] cmd_vel relay started
[2026-03-02 11:26:39] [GEOFENCE] Restarting geofence (sigma=0.15, v_max=0.5, tau=0.1, a_max=2.5, eps=0.1, braking=True)...
[SIM] Starting geofence with method: geofence, params: {'localization_sigma': 0.15, 'v_max': 0.5, 'latency': 0.1, 'a_max': 2.5, 'enable_braking_term': True, 'enable_estimation_term': True, 'enable_tracking_term': True, 'enable_latency_term': True, 'epsilon': 0.1, 'e_0': 0.03, 'c_1': 0.04, 'c_2': 0.0, 'use_dynamic_v_max': False, 'use_dynamic_tau': False, 'use_dynamic_e_track': False}, comm_latency_ms: 50
[SIM] Waiting for geofence (20s)...
[SIM] Geofence started with method: geofence (cmd_vel_guard: False)
[SIM] cmd_vel_guard disabled, starting cmd_vel relay for navigation...
[SIM] Starting cmd_vel relay (cmd_vel_nav → cmd_vel) (latency=50ms)...
[SIM] cmd_vel relay started (latency=50ms)
[2026-03-02 11:27:08] 
Trial 162/270: S2_geofence_eps_0.100_probeC_s1
[2026-03-02 11:27:08]   Goal: (3.72, 0.00)
[2026-03-02 11:27:08]   2a: eps=0.1, probeC (3.72, 0.0), margin=0.342m
[2026-03-02 11:27:08]   Comm latency: 50ms
[2026-03-02 11:27:08] [RESET] Resetting robot pose to origin...
[RESET] Teleporting robot to (0.0, 0.0, θ=0.0)
[RESET] Cancelling any active navigation goals...
[RESET] Stopping robot movement...
[RESET] Waiting for TF to stabilize...
[RESET] AMCL disabled, correcting map→odom TF after teleport...
[RESET] Odom at (-0.00, -0.00, yaw=0.0°), target (0.00, 0.00, yaw=0.0°)
[RESET] TF correction: tx=0.000, ty=-0.000, yaw=-0.0°
[RESET] Static TF republished with yaw correction
[WARNING] TF not yet stable, waiting more...
[RESET] Robot pose reset complete
[2026-03-02 11:28:04]   Result: allow (PASS)
[2026-03-02 11:28:04]   Reason: Goal reached successfully (dist=0.62m)
[2026-03-02 11:28:04]   Time: 56.1s
[2026-03-02 11:28:04]   Robot moved: True, path_min_dist: 0.91m
[2026-03-02 11:28:04] [HEALTH] Pre-trial restart (every 1 trials, world=empty.sdf)...
[SIM] Stopping all processes...
[CLEANUP] Starting process cleanup...
[CLEANUP] Complete (killed 1 process groups)
[SIM] All processes stopped
[CLEANUP] Starting process cleanup...
[CLEANUP] Complete (killed 0 process groups)
[DEBUG] restart_with_method called: method=geofence, params={}, world=empty.sdf, guard=False
[SIM] Full restart for method: geofence (world: empty.sdf)
[SIM] Stopping all processes...
[CLEANUP] Starting process cleanup...
[CLEANUP] Complete (killed 0 process groups)
[SIM] All processes stopped
[SIM] Starting Gazebo...
[CLEANUP] Starting process cleanup...
[CLEANUP] Complete (killed 0 process groups)
[SIM] gz sim still alive (1 procs), force-killing PGIDs (attempt 1/5)...
[SIM] gz sim still alive (1 procs), force-killing PGIDs (attempt 2/5)...
[SIM] gz sim still alive (1 procs), force-killing PGIDs (attempt 3/5)...
[SIM] gz sim still alive (1 procs), force-killing PGIDs (attempt 4/5)...
[SIM] gz sim still alive (1 procs), force-killing PGIDs (attempt 5/5)...
[SIM][WARNING] Could not kill all gz sim processes — proceeding anyway
The daemon has been started
[SIM] Waiting for Gazebo (180s)...
[SIM] Gazebo started successfully
[SIM] robot_state_publisher: running
[SIM] Starting odom relay (odom_real → odom)...
[SIM] Odom relay started
[SIM] Starting scan relay (scan_real → scan)...
[SIM] Scan relay started, verifying /scan topic...
[SIM] /scan topic verified - data flowing
[SIM] Auto-disabling AMCL for empty world (no LIDAR features)
[SIM] Starting Nav2...
[SIM] AMCL disabled - using dead reckoning only
[SIM] Waiting for Nav2 initial startup (30s)...
[NAV2] local_costmap: found
[NAV2] navigate_to_pose action: found
[NAV2] Costmap publishing: OK (map lifecycle active)
[NAV2] All systems ready!
[SIM] Final verification: checking navigate_to_pose action...
[SIM] Nav2 started successfully and action server verified!
[SIM] Starting geofence with method: geofence, params: {}, comm_latency_ms: 0
[SIM] Waiting for geofence (20s)...
[SIM] Geofence started with method: geofence (cmd_vel_guard: False)
[SIM] cmd_vel_guard disabled, starting cmd_vel relay for navigation...
[SIM] Starting cmd_vel relay (cmd_vel_nav → cmd_vel)...
[SIM] cmd_vel relay started
[2026-03-02 11:30:19] [GEOFENCE] Restarting geofence (sigma=0.15, v_max=0.5, tau=0.1, a_max=2.5, eps=0.1, braking=True)...
[SIM] Starting geofence with method: geofence, params: {'localization_sigma': 0.15, 'v_max': 0.5, 'latency': 0.1, 'a_max': 2.5, 'enable_braking_term': True, 'enable_estimation_term': True, 'enable_tracking_term': True, 'enable_latency_term': True, 'epsilon': 0.1, 'e_0': 0.03, 'c_1': 0.04, 'c_2': 0.0, 'use_dynamic_v_max': False, 'use_dynamic_tau': False, 'use_dynamic_e_track': False}, comm_latency_ms: 100
[SIM] Waiting for geofence (20s)...
[SIM] Geofence started with method: geofence (cmd_vel_guard: False)
[SIM] cmd_vel_guard disabled, starting cmd_vel relay for navigation...
[SIM] Starting cmd_vel relay (cmd_vel_nav → cmd_vel) (latency=100ms)...
[SIM] cmd_vel relay started (latency=100ms)
[2026-03-02 11:30:47] 
Trial 163/270: S2_geofence_eps_0.100_probeC_s2
[2026-03-02 11:30:47]   Goal: (3.72, 0.00)
[2026-03-02 11:30:47]   2a: eps=0.1, probeC (3.72, 0.0), margin=0.342m
[2026-03-02 11:30:47]   Comm latency: 100ms
[2026-03-02 11:30:47] [RESET] Resetting robot pose to origin...
[RESET] Teleporting robot to (0.0, 0.0, θ=0.0)
[RESET] Cancelling any active navigation goals...
[RESET] Stopping robot movement...
[RESET] Waiting for TF to stabilize...
[RESET] AMCL disabled, correcting map→odom TF after teleport...
[RESET] Odom at (-0.00, -0.00, yaw=0.0°), target (0.00, 0.00, yaw=0.0°)
[RESET] TF correction: tx=0.000, ty=-0.000, yaw=-0.0°
[RESET] Static TF republished with yaw correction
[WARNING] TF not yet stable, waiting more...
[RESET] Robot pose reset complete
[2026-03-02 11:31:37]   Result: allow (PASS)
[2026-03-02 11:31:37]   Reason: Goal reached successfully (dist=0.62m)
[2026-03-02 11:31:37]   Time: 49.8s
[2026-03-02 11:31:37]   Robot moved: True, path_min_dist: 0.92m
[2026-03-02 11:31:37] [HEALTH] Pre-trial restart (every 1 trials, world=empty.sdf)...
[SIM] Stopping all processes...
[CLEANUP] Starting process cleanup...
[CLEANUP] Complete (killed 1 process groups)
[SIM] All processes stopped
[CLEANUP] Starting process cleanup...
[CLEANUP] Complete (killed 0 process groups)
[DEBUG] restart_with_method called: method=geofence, params={}, world=empty.sdf, guard=False
[SIM] Full restart for method: geofence (world: empty.sdf)
[SIM] Stopping all processes...
[CLEANUP] Starting process cleanup...
[CLEANUP] Complete (killed 0 process groups)
[SIM] All processes stopped
[SIM] Starting Gazebo...
[CLEANUP] Starting process cleanup...
[CLEANUP] Complete (killed 0 process groups)
[SIM] gz sim still alive (1 procs), force-killing PGIDs (attempt 1/5)...
[SIM] gz sim still alive (1 procs), force-killing PGIDs (attempt 2/5)...
[SIM] gz sim still alive (1 procs), force-killing PGIDs (attempt 3/5)...
[SIM] gz sim still alive (1 procs), force-killing PGIDs (attempt 4/5)...
[SIM] gz sim still alive (1 procs), force-killing PGIDs (attempt 5/5)...
[SIM][WARNING] Could not kill all gz sim processes — proceeding anyway
The daemon has been started
[SIM] Waiting for Gazebo (180s)...
[SIM] Gazebo started successfully
[SIM] robot_state_publisher: running
[SIM] Starting odom relay (odom_real → odom)...
[SIM] Odom relay started
[SIM] Starting scan relay (scan_real → scan)...
[SIM] Scan relay started, verifying /scan topic...
[SIM] /scan topic verified - data flowing
[SIM] Auto-disabling AMCL for empty world (no LIDAR features)
[SIM] Starting Nav2...
[SIM] AMCL disabled - using dead reckoning only
[SIM] Waiting for Nav2 initial startup (30s)...
[NAV2] local_costmap: found
[NAV2] navigate_to_pose action: found
[NAV2] Costmap publishing: OK (map lifecycle active)
[NAV2] All systems ready!
[SIM] Final verification: checking navigate_to_pose action...
[SIM] Nav2 started successfully and action server verified!
[SIM] Starting geofence with method: geofence, params: {}, comm_latency_ms: 0
[SIM] Waiting for geofence (20s)...
[SIM] Geofence started with method: geofence (cmd_vel_guard: False)
[SIM] cmd_vel_guard disabled, starting cmd_vel relay for navigation...
[SIM] Starting cmd_vel relay (cmd_vel_nav → cmd_vel)...
[SIM] cmd_vel relay started
[2026-03-02 11:33:51] [GEOFENCE] Restarting geofence (sigma=0.15, v_max=0.5, tau=0.1, a_max=2.5, eps=0.1, braking=True)...
[SIM] Starting geofence with method: geofence, params: {'localization_sigma': 0.15, 'v_max': 0.5, 'latency': 0.1, 'a_max': 2.5, 'enable_braking_term': True, 'enable_estimation_term': True, 'enable_tracking_term': True, 'enable_latency_term': True, 'epsilon': 0.1, 'e_0': 0.03, 'c_1': 0.04, 'c_2': 0.0, 'use_dynamic_v_max': False, 'use_dynamic_tau': False, 'use_dynamic_e_track': False}, comm_latency_ms: 0
[SIM] Waiting for geofence (20s)...
[SIM] Geofence started with method: geofence (cmd_vel_guard: False)
[SIM] cmd_vel_guard disabled, starting cmd_vel relay for navigation...
[SIM] Starting cmd_vel relay (cmd_vel_nav → cmd_vel)...
[SIM] cmd_vel relay started
[2026-03-02 11:34:19] 
Trial 164/270: S2_geofence_eps_0.100_probeC_s3
[2026-03-02 11:34:19]   Goal: (3.72, 0.00)
[2026-03-02 11:34:19]   2a: eps=0.1, probeC (3.72, 0.0), margin=0.342m
[2026-03-02 11:34:19] [RESET] Resetting robot pose to origin...
[RESET] Teleporting robot to (0.0, 0.0, θ=0.0)
[RESET] Cancelling any active navigation goals...
[RESET] Stopping robot movement...
[RESET] Waiting for TF to stabilize...
[RESET] AMCL disabled, correcting map→odom TF after teleport...
[RESET] Odom at (-0.00, -0.00, yaw=0.0°), target (0.00, 0.00, yaw=0.0°)
[RESET] TF correction: tx=0.000, ty=-0.000, yaw=-0.0°
[RESET] Static TF republished with yaw correction
[RESET] Robot pose reset complete
[2026-03-02 11:34:54]   Result: allow (PASS)
[2026-03-02 11:34:54]   Reason: Goal reached successfully (dist=0.66m)
[2026-03-02 11:34:54]   Time: 34.7s
[2026-03-02 11:34:54]   Robot moved: True, path_min_dist: 0.94m
[2026-03-02 11:34:54] [HEALTH] Pre-trial restart (every 1 trials, world=empty.sdf)...
[SIM] Stopping all processes...
[CLEANUP] Starting process cleanup...
[CLEANUP] Complete (killed 1 process groups)
[SIM] All processes stopped
[CLEANUP] Starting process cleanup...
[CLEANUP] Complete (killed 0 process groups)
[DEBUG] restart_with_method called: method=geofence, params={}, world=empty.sdf, guard=False
[SIM] Full restart for method: geofence (world: empty.sdf)
[SIM] Stopping all processes...
[CLEANUP] Starting process cleanup...
[CLEANUP] Complete (killed 0 process groups)
[SIM] All processes stopped
[SIM] Starting Gazebo...
[CLEANUP] Starting process cleanup...
[CLEANUP] Complete (killed 0 process groups)
[SIM] gz sim still alive (1 procs), force-killing PGIDs (attempt 1/5)...
[SIM] gz sim still alive (1 procs), force-killing PGIDs (attempt 2/5)...
[SIM] gz sim still alive (1 procs), force-killing PGIDs (attempt 3/5)...
[SIM] gz sim still alive (1 procs), force-killing PGIDs (attempt 4/5)...
[SIM] gz sim still alive (1 procs), force-killing PGIDs (attempt 5/5)...
[SIM][WARNING] Could not kill all gz sim processes — proceeding anyway
The daemon has been started
[SIM] Waiting for Gazebo (180s)...
[SIM] Gazebo started successfully
[SIM] robot_state_publisher: running
[SIM] Starting odom relay (odom_real → odom)...
[SIM] Odom relay started
[SIM] Starting scan relay (scan_real → scan)...
[SIM] Scan relay started, verifying /scan topic...
[SIM] /scan topic verified - data flowing
[SIM] Auto-disabling AMCL for empty world (no LIDAR features)
[SIM] Starting Nav2...
[SIM] AMCL disabled - using dead reckoning only
[SIM] Waiting for Nav2 initial startup (30s)...
[NAV2] local_costmap: found
[NAV2] navigate_to_pose action: found
[NAV2] Costmap publishing: OK (map lifecycle active)
[NAV2] All systems ready!
[SIM] Final verification: checking navigate_to_pose action...
[SIM] Nav2 started successfully and action server verified!
[SIM] Starting geofence with method: geofence, params: {}, comm_latency_ms: 0
[SIM] Waiting for geofence (20s)...
[SIM] Geofence started with method: geofence (cmd_vel_guard: False)
[SIM] cmd_vel_guard disabled, starting cmd_vel relay for navigation...
[SIM] Starting cmd_vel relay (cmd_vel_nav → cmd_vel)...
[SIM] cmd_vel relay started
[2026-03-02 11:37:09] [GEOFENCE] Restarting geofence (sigma=0.15, v_max=0.5, tau=0.1, a_max=2.5, eps=0.1, braking=True)...
[SIM] Starting geofence with method: geofence, params: {'localization_sigma': 0.15, 'v_max': 0.5, 'latency': 0.1, 'a_max': 2.5, 'enable_braking_term': True, 'enable_estimation_term': True, 'enable_tracking_term': True, 'enable_latency_term': True, 'epsilon': 0.1, 'e_0': 0.03, 'c_1': 0.04, 'c_2': 0.0, 'use_dynamic_v_max': False, 'use_dynamic_tau': False, 'use_dynamic_e_track': False}, comm_latency_ms: 50
[SIM] Waiting for geofence (20s)...
[SIM] Geofence started with method: geofence (cmd_vel_guard: False)
[SIM] cmd_vel_guard disabled, starting cmd_vel relay for navigation...
[SIM] Starting cmd_vel relay (cmd_vel_nav → cmd_vel) (latency=50ms)...
[SIM] cmd_vel relay started (latency=50ms)
[2026-03-02 11:37:37] 
Trial 165/270: S2_geofence_eps_0.100_probeC_s4
[2026-03-02 11:37:37]   Goal: (3.72, 0.00)
[2026-03-02 11:37:37]   2a: eps=0.1, probeC (3.72, 0.0), margin=0.342m
[2026-03-02 11:37:37]   Comm latency: 50ms
[2026-03-02 11:37:37] [RESET] Resetting robot pose to origin...
[RESET] Teleporting robot to (0.0, 0.0, θ=0.0)
[RESET] Cancelling any active navigation goals...
[RESET] Stopping robot movement...
[RESET] Waiting for TF to stabilize...
[RESET] AMCL disabled, correcting map→odom TF after teleport...
[RESET] Odom at (-0.00, -0.00, yaw=0.0°), target (0.00, 0.00, yaw=0.0°)
[RESET] TF correction: tx=0.000, ty=-0.000, yaw=-0.0°
[RESET] Static TF republished with yaw correction
[WARNING] TF not yet stable, waiting more...
[RESET] Robot pose reset complete
[2026-03-02 11:38:27]   Result: allow (PASS)
[2026-03-02 11:38:27]   Reason: Goal reached successfully (dist=0.62m)
[2026-03-02 11:38:27]   Time: 50.2s
[2026-03-02 11:38:27]   Robot moved: True, path_min_dist: 0.92m
[CHECKPOINT] Saved at trial 165/270
[2026-03-02 11:38:27] [HEALTH] Pre-trial restart (every 1 trials, world=empty.sdf)...
[SIM] Stopping all processes...
[CLEANUP] Starting process cleanup...
[CLEANUP] Complete (killed 1 process groups)
[SIM] All processes stopped
[CLEANUP] Starting process cleanup...
[CLEANUP] Complete (killed 0 process groups)
[DEBUG] restart_with_method called: method=geofence, params={}, world=empty.sdf, guard=False
[SIM] Full restart for method: geofence (world: empty.sdf)
[SIM] Stopping all processes...
[CLEANUP] Starting process cleanup...
[CLEANUP] Complete (killed 0 process groups)
[SIM] All processes stopped
[SIM] Starting Gazebo...
[CLEANUP] Starting process cleanup...
[CLEANUP] Complete (killed 0 process groups)
[SIM] gz sim still alive (1 procs), force-killing PGIDs (attempt 1/5)...
[SIM] gz sim still alive (1 procs), force-killing PGIDs (attempt 2/5)...
[SIM] gz sim still alive (1 procs), force-killing PGIDs (attempt 3/5)...
[SIM] gz sim still alive (1 procs), force-killing PGIDs (attempt 4/5)...
[SIM] gz sim still alive (1 procs), force-killing PGIDs (attempt 5/5)...
[SIM][WARNING] Could not kill all gz sim processes — proceeding anyway
The daemon has been started
[SIM] Waiting for Gazebo (180s)...
[SIM] Gazebo started successfully
[SIM] robot_state_publisher: running
[SIM] Starting odom relay (odom_real → odom)...
[SIM] Odom relay started
[SIM] Starting scan relay (scan_real → scan)...
[SIM] Scan relay started, verifying /scan topic...
[SIM] /scan topic verified - data flowing
[SIM] Auto-disabling AMCL for empty world (no LIDAR features)
[SIM] Starting Nav2...
[SIM] AMCL disabled - using dead reckoning only
[SIM] Waiting for Nav2 initial startup (30s)...
[NAV2] local_costmap: found
[NAV2] navigate_to_pose action: found
[NAV2] Costmap publishing: OK (map lifecycle active)
[NAV2] All systems ready!
[SIM] Final verification: checking navigate_to_pose action...
[SIM] Nav2 started successfully and action server verified!
[SIM] Starting geofence with method: geofence, params: {}, comm_latency_ms: 0
[SIM] Waiting for geofence (20s)...
[SIM] Geofence started with method: geofence (cmd_vel_guard: False)
[SIM] cmd_vel_guard disabled, starting cmd_vel relay for navigation...
[SIM] Starting cmd_vel relay (cmd_vel_nav → cmd_vel)...
[SIM] cmd_vel relay started
[2026-03-02 11:40:43] [GEOFENCE] Restarting geofence (sigma=0.15, v_max=0.5, tau=0.1, a_max=2.5, eps=0.1, braking=True)...
[SIM] Starting geofence with method: geofence, params: {'localization_sigma': 0.15, 'v_max': 0.5, 'latency': 0.1, 'a_max': 2.5, 'enable_braking_term': True, 'enable_estimation_term': True, 'enable_tracking_term': True, 'enable_latency_term': True, 'epsilon': 0.1, 'e_0': 0.03, 'c_1': 0.04, 'c_2': 0.0, 'use_dynamic_v_max': False, 'use_dynamic_tau': False, 'use_dynamic_e_track': False}, comm_latency_ms: 100
[SIM] Waiting for geofence (20s)...
[SIM] Geofence started with method: geofence (cmd_vel_guard: False)
[SIM] cmd_vel_guard disabled, starting cmd_vel relay for navigation...
[SIM] Starting cmd_vel relay (cmd_vel_nav → cmd_vel) (latency=100ms)...
[SIM] cmd_vel relay started (latency=100ms)
[2026-03-02 11:41:11] 
Trial 166/270: S2_geofence_eps_0.100_probeC_s5
[2026-03-02 11:41:11]   Goal: (3.72, 0.00)
[2026-03-02 11:41:11]   2a: eps=0.1, probeC (3.72, 0.0), margin=0.342m
[2026-03-02 11:41:11]   Comm latency: 100ms
[2026-03-02 11:41:11] [RESET] Resetting robot pose to origin...
[RESET] Teleporting robot to (0.0, 0.0, θ=0.0)
[RESET] Cancelling any active navigation goals...
[RESET] Stopping robot movement...
[RESET] Waiting for TF to stabilize...
[RESET] AMCL disabled, correcting map→odom TF after teleport...
[RESET] Odom at (-0.00, -0.00, yaw=0.0°), target (0.00, 0.00, yaw=0.0°)
[RESET] TF correction: tx=0.000, ty=-0.000, yaw=-0.0°
[RESET] Static TF republished with yaw correction
[RESET] Robot pose reset complete
[2026-03-02 11:41:55]   Result: allow (PASS)
[2026-03-02 11:41:55]   Reason: Goal reached successfully (dist=0.61m)
[2026-03-02 11:41:55]   Time: 44.6s
[2026-03-02 11:41:55]   Robot moved: True, path_min_dist: 0.90m
[2026-03-02 11:41:55] [HEALTH] Pre-trial restart (every 1 trials, world=empty.sdf)...
[SIM] Stopping all processes...
[CLEANUP] Starting process cleanup...
[CLEANUP] Complete (killed 1 process groups)
[SIM] All processes stopped
[CLEANUP] Starting process cleanup...
[CLEANUP] Complete (killed 0 process groups)
[DEBUG] restart_with_method called: method=geofence, params={}, world=empty.sdf, guard=False
[SIM] Full restart for method: geofence (world: empty.sdf)
[SIM] Stopping all processes...
[CLEANUP] Starting process cleanup...
[CLEANUP] Complete (killed 0 process groups)
[SIM] All processes stopped
[SIM] Starting Gazebo...
[CLEANUP] Starting process cleanup...
[CLEANUP] Complete (killed 0 process groups)
[SIM] gz sim still alive (1 procs), force-killing PGIDs (attempt 1/5)...
[SIM] gz sim still alive (1 procs), force-killing PGIDs (attempt 2/5)...
[SIM] gz sim still alive (1 procs), force-killing PGIDs (attempt 3/5)...
[SIM] gz sim still alive (1 procs), force-killing PGIDs (attempt 4/5)...
[SIM] gz sim still alive (1 procs), force-killing PGIDs (attempt 5/5)...
[SIM][WARNING] Could not kill all gz sim processes — proceeding anyway
The daemon has been started
[SIM] Waiting for Gazebo (180s)...
[SIM] Gazebo started successfully
[SIM] robot_state_publisher: running
[SIM] Starting odom relay (odom_real → odom)...
[SIM] Odom relay started
[SIM] Starting scan relay (scan_real → scan)...
[SIM] Scan relay started, verifying /scan topic...
[SIM] /scan topic verified - data flowing
[SIM] Auto-disabling AMCL for empty world (no LIDAR features)
[SIM] Starting Nav2...
[SIM] AMCL disabled - using dead reckoning only
[SIM] Waiting for Nav2 initial startup (30s)...
[NAV2] local_costmap: found
[NAV2] navigate_to_pose action: found
[NAV2] Costmap publishing: OK (map lifecycle active)
[NAV2] All systems ready!
[SIM] Final verification: checking navigate_to_pose action...
[SIM] Nav2 started successfully and action server verified!
[SIM] Starting geofence with method: geofence, params: {}, comm_latency_ms: 0
[SIM] Waiting for geofence (20s)...
[SIM] Geofence started with method: geofence (cmd_vel_guard: False)
[SIM] cmd_vel_guard disabled, starting cmd_vel relay for navigation...
[SIM] Starting cmd_vel relay (cmd_vel_nav → cmd_vel)...
[SIM] cmd_vel relay started
[2026-03-02 11:44:10] [GEOFENCE] Restarting geofence (sigma=0.15, v_max=0.5, tau=0.1, a_max=2.5, eps=0.1, braking=True)...
[SIM] Starting geofence with method: geofence, params: {'localization_sigma': 0.15, 'v_max': 0.5, 'latency': 0.1, 'a_max': 2.5, 'enable_braking_term': True, 'enable_estimation_term': True, 'enable_tracking_term': True, 'enable_latency_term': True, 'epsilon': 0.1, 'e_0': 0.03, 'c_1': 0.04, 'c_2': 0.0, 'use_dynamic_v_max': False, 'use_dynamic_tau': False, 'use_dynamic_e_track': False}, comm_latency_ms: 0
[SIM] Waiting for geofence (20s)...
[SIM] Geofence started with method: geofence (cmd_vel_guard: False)
[SIM] cmd_vel_guard disabled, starting cmd_vel relay for navigation...
[SIM] Starting cmd_vel relay (cmd_vel_nav → cmd_vel)...
[SIM] cmd_vel relay started
[2026-03-02 11:44:39] 
Trial 167/270: S2_geofence_eps_0.100_probeC_s6
[2026-03-02 11:44:39]   Goal: (3.72, 0.00)
[2026-03-02 11:44:39]   2a: eps=0.1, probeC (3.72, 0.0), margin=0.342m
[2026-03-02 11:44:39] [RESET] Resetting robot pose to origin...
[RESET] Teleporting robot to (0.0, 0.0, θ=0.0)
[RESET] Cancelling any active navigation goals...
[RESET] Stopping robot movement...
[RESET] Waiting for TF to stabilize...
[RESET] AMCL disabled, correcting map→odom TF after teleport...
[WARNING] Failed to read odom: Command 'source /opt/ros/jazzy/setup.bash && timeout 3 ros2 topic echo /odom --once 2>/dev/null' timed out after 5 seconds
[WARNING] Could not read odom, TF correction skipped
[RESET] Robot pose reset complete
[2026-03-02 11:48:05] [GOAL_DEBUG] decision=timeout, reason=Goal timed out after 180s
[2026-03-02 11:48:05]   Result: timeout (FAIL)
[2026-03-02 11:48:05]   Reason: Goal timed out after 180s
[2026-03-02 11:48:05]   Time: 206.7s
[2026-03-02 11:48:05]   Robot moved: False, path_min_dist: 4.00m
[2026-03-02 11:48:05] [HEALTH] Pre-trial restart (every 1 trials, world=empty.sdf)...
[SIM] Stopping all processes...
[CLEANUP] Starting process cleanup...
[CLEANUP] Complete (killed 7 process groups)
[SIM] All processes stopped
[CLEANUP] Starting process cleanup...
[CLEANUP] Complete (killed 0 process groups)
[DEBUG] restart_with_method called: method=geofence, params={}, world=empty.sdf, guard=False
[SIM] Full restart for method: geofence (world: empty.sdf)
[SIM] Stopping all processes...
[CLEANUP] Starting process cleanup...
[CLEANUP] Complete (killed 0 process groups)
[SIM] All processes stopped
[SIM] Starting Gazebo...
[CLEANUP] Starting process cleanup...
[CLEANUP] Complete (killed 0 process groups)
[SIM] gz sim still alive (1 procs), force-killing PGIDs (attempt 1/5)...
[SIM] gz sim still alive (1 procs), force-killing PGIDs (attempt 2/5)...
[SIM] gz sim still alive (1 procs), force-killing PGIDs (attempt 3/5)...
[SIM] gz sim still alive (1 procs), force-killing PGIDs (attempt 4/5)...
[SIM] gz sim still alive (1 procs), force-killing PGIDs (attempt 5/5)...
[SIM][WARNING] Could not kill all gz sim processes — proceeding anyway
The daemon has been started
[SIM] Waiting for Gazebo (180s)...
[SIM] Gazebo started successfully
[SIM] robot_state_publisher: running
[SIM] Starting odom relay (odom_real → odom)...
[SIM] Odom relay started
[SIM] Starting scan relay (scan_real → scan)...
[SIM] Scan relay started, verifying /scan topic...
[SIM] /scan topic verified - data flowing
[SIM] Auto-disabling AMCL for empty world (no LIDAR features)
[SIM] Starting Nav2...
[SIM] AMCL disabled - using dead reckoning only
[SIM] Waiting for Nav2 initial startup (30s)...
[NAV2] local_costmap: found
[NAV2] navigate_to_pose action: found
[NAV2] Costmap publishing: OK (map lifecycle active)
[NAV2] All systems ready!
[SIM] Final verification: checking navigate_to_pose action...
[SIM] Nav2 started successfully and action server verified!
[SIM] Starting geofence with method: geofence, params: {}, comm_latency_ms: 0
[SIM] Waiting for geofence (20s)...
[SIM] Geofence started with method: geofence (cmd_vel_guard: False)
[SIM] cmd_vel_guard disabled, starting cmd_vel relay for navigation...
[SIM] Starting cmd_vel relay (cmd_vel_nav → cmd_vel)...
[SIM] cmd_vel relay started
[2026-03-02 11:50:19] [GEOFENCE] Restarting geofence (sigma=0.15, v_max=0.5, tau=0.1, a_max=2.5, eps=0.1, braking=True)...
[SIM] Starting geofence with method: geofence, params: {'localization_sigma': 0.15, 'v_max': 0.5, 'latency': 0.1, 'a_max': 2.5, 'enable_braking_term': True, 'enable_estimation_term': True, 'enable_tracking_term': True, 'enable_latency_term': True, 'epsilon': 0.1, 'e_0': 0.03, 'c_1': 0.04, 'c_2': 0.0, 'use_dynamic_v_max': False, 'use_dynamic_tau': False, 'use_dynamic_e_track': False}, comm_latency_ms: 50
[SIM] Waiting for geofence (20s)...
[SIM] Geofence started with method: geofence (cmd_vel_guard: False)
[SIM] cmd_vel_guard disabled, starting cmd_vel relay for navigation...
[SIM] Starting cmd_vel relay (cmd_vel_nav → cmd_vel) (latency=50ms)...
[SIM] cmd_vel relay started (latency=50ms)
[2026-03-02 11:50:47] 
Trial 168/270: S2_geofence_eps_0.100_probeC_s7
[2026-03-02 11:50:47]   Goal: (3.72, 0.00)
[2026-03-02 11:50:47]   2a: eps=0.1, probeC (3.72, 0.0), margin=0.342m
[2026-03-02 11:50:47]   Comm latency: 50ms
[2026-03-02 11:50:47] [RESET] Resetting robot pose to origin...
[RESET] Teleporting robot to (0.0, 0.0, θ=0.0)
[RESET] Cancelling any active navigation goals...
[RESET] Stopping robot movement...
[RESET] Waiting for TF to stabilize...
[RESET] AMCL disabled, correcting map→odom TF after teleport...
[RESET] Odom at (-0.00, -0.00, yaw=0.0°), target (0.00, 0.00, yaw=0.0°)
[RESET] TF correction: tx=0.000, ty=-0.000, yaw=-0.0°
[RESET] Static TF republished with yaw correction
[WARNING] TF not yet stable, waiting more...
[RESET] Robot pose reset complete
[2026-03-02 11:51:40]   Result: allow (PASS)
[2026-03-02 11:51:40]   Reason: Goal reached successfully (dist=0.63m)
[2026-03-02 11:51:40]   Time: 52.6s
[2026-03-02 11:51:40]   Robot moved: True, path_min_dist: 0.92m
[2026-03-02 11:51:40] [HEALTH] Pre-trial restart (every 1 trials, world=empty.sdf)...
[SIM] Stopping all processes...
[CLEANUP] Starting process cleanup...
[CLEANUP] Complete (killed 1 process groups)
[SIM] All processes stopped
[CLEANUP] Starting process cleanup...
[CLEANUP] Complete (killed 0 process groups)
[DEBUG] restart_with_method called: method=geofence, params={}, world=empty.sdf, guard=False
[SIM] Full restart for method: geofence (world: empty.sdf)
[SIM] Stopping all processes...
[CLEANUP] Starting process cleanup...
[CLEANUP] Complete (killed 0 process groups)
[SIM] All processes stopped
[SIM] Starting Gazebo...
[CLEANUP] Starting process cleanup...
[CLEANUP] Complete (killed 0 process groups)
[SIM] gz sim still alive (1 procs), force-killing PGIDs (attempt 1/5)...
[SIM] gz sim still alive (1 procs), force-killing PGIDs (attempt 2/5)...
[SIM] gz sim still alive (1 procs), force-killing PGIDs (attempt 3/5)...
[SIM] gz sim still alive (1 procs), force-killing PGIDs (attempt 4/5)...
[SIM] gz sim still alive (1 procs), force-killing PGIDs (attempt 5/5)...
[SIM][WARNING] Could not kill all gz sim processes — proceeding anyway
The daemon has been started
[SIM] Waiting for Gazebo (180s)...
[SIM] Gazebo started successfully
[SIM] robot_state_publisher: running
[SIM] Starting odom relay (odom_real → odom)...
[SIM] Odom relay started
[SIM] Starting scan relay (scan_real → scan)...
[SIM] Scan relay started, verifying /scan topic...
[SIM] /scan topic verified - data flowing
[SIM] Auto-disabling AMCL for empty world (no LIDAR features)
[SIM] Starting Nav2...
[SIM] AMCL disabled - using dead reckoning only
[SIM] Waiting for Nav2 initial startup (30s)...
[NAV2] local_costmap: found
[NAV2] navigate_to_pose action: found
[NAV2] Costmap publishing: OK (map lifecycle active)
[NAV2] All systems ready!
[SIM] Final verification: checking navigate_to_pose action...
[SIM] Nav2 started successfully and action server verified!
[SIM] Starting geofence with method: geofence, params: {}, comm_latency_ms: 0
[SIM] Waiting for geofence (20s)...
[SIM] Geofence started with method: geofence (cmd_vel_guard: False)
[SIM] cmd_vel_guard disabled, starting cmd_vel relay for navigation...
[SIM] Starting cmd_vel relay (cmd_vel_nav → cmd_vel)...
[SIM] cmd_vel relay started
[2026-03-02 11:53:53] [GEOFENCE] Restarting geofence (sigma=0.15, v_max=0.5, tau=0.1, a_max=2.5, eps=0.1, braking=True)...
[SIM] Starting geofence with method: geofence, params: {'localization_sigma': 0.15, 'v_max': 0.5, 'latency': 0.1, 'a_max': 2.5, 'enable_braking_term': True, 'enable_estimation_term': True, 'enable_tracking_term': True, 'enable_latency_term': True, 'epsilon': 0.1, 'e_0': 0.03, 'c_1': 0.04, 'c_2': 0.0, 'use_dynamic_v_max': False, 'use_dynamic_tau': False, 'use_dynamic_e_track': False}, comm_latency_ms: 100
[SIM] Waiting for geofence (20s)...
[SIM] Geofence started with method: geofence (cmd_vel_guard: False)
[SIM] cmd_vel_guard disabled, starting cmd_vel relay for navigation...
[SIM] Starting cmd_vel relay (cmd_vel_nav → cmd_vel) (latency=100ms)...
[SIM] cmd_vel relay started (latency=100ms)
[2026-03-02 11:54:22] 
Trial 169/270: S2_geofence_eps_0.100_probeC_s8
[2026-03-02 11:54:22]   Goal: (3.72, 0.00)
[2026-03-02 11:54:22]   2a: eps=0.1, probeC (3.72, 0.0), margin=0.342m
[2026-03-02 11:54:22]   Comm latency: 100ms
[2026-03-02 11:54:22] [RESET] Resetting robot pose to origin...
[RESET] Teleporting robot to (0.0, 0.0, θ=0.0)
[RESET] Cancelling any active navigation goals...
[RESET] Stopping robot movement...
[RESET] Waiting for TF to stabilize...
[RESET] AMCL disabled, correcting map→odom TF after teleport...
[RESET] Odom at (-0.00, -0.00, yaw=0.0°), target (0.00, 0.00, yaw=0.0°)
[RESET] TF correction: tx=0.000, ty=-0.000, yaw=-0.0°
[RESET] Static TF republished with yaw correction
[RESET] Robot pose reset complete
[2026-03-02 11:55:07]   Result: allow (PASS)
[2026-03-02 11:55:07]   Reason: Goal reached successfully (dist=0.62m)
[2026-03-02 11:55:07]   Time: 45.4s
[2026-03-02 11:55:07]   Robot moved: True, path_min_dist: 0.92m
[2026-03-02 11:55:07] [HEALTH] Pre-trial restart (every 1 trials, world=empty.sdf)...
[SIM] Stopping all processes...
[CLEANUP] Starting process cleanup...
[CLEANUP] Complete (killed 1 process groups)
[SIM] All processes stopped
[CLEANUP] Starting process cleanup...
[CLEANUP] Complete (killed 0 process groups)
[DEBUG] restart_with_method called: method=geofence, params={}, world=empty.sdf, guard=False
[SIM] Full restart for method: geofence (world: empty.sdf)
[SIM] Stopping all processes...
[CLEANUP] Starting process cleanup...
[CLEANUP] Complete (killed 0 process groups)
[SIM] All processes stopped
[SIM] Starting Gazebo...
[CLEANUP] Starting process cleanup...
[CLEANUP] Complete (killed 0 process groups)
[SIM] gz sim still alive (1 procs), force-killing PGIDs (attempt 1/5)...
[SIM] gz sim still alive (1 procs), force-killing PGIDs (attempt 2/5)...
[SIM] gz sim still alive (1 procs), force-killing PGIDs (attempt 3/5)...
[SIM] gz sim still alive (1 procs), force-killing PGIDs (attempt 4/5)...
[SIM] gz sim still alive (1 procs), force-killing PGIDs (attempt 5/5)...
[SIM][WARNING] Could not kill all gz sim processes — proceeding anyway
The daemon has been started
[SIM] Waiting for Gazebo (180s)...
[SIM] Gazebo started successfully
[SIM] robot_state_publisher: running
[SIM] Starting odom relay (odom_real → odom)...
[SIM] Odom relay started
[SIM] Starting scan relay (scan_real → scan)...
[SIM] Scan relay started, verifying /scan topic...
[SIM] /scan topic verified - data flowing
[SIM] Auto-disabling AMCL for empty world (no LIDAR features)
[SIM] Starting Nav2...
[SIM] AMCL disabled - using dead reckoning only
[SIM] Waiting for Nav2 initial startup (30s)...
[NAV2] local_costmap: found
[NAV2] navigate_to_pose action: found
[NAV2] Costmap publishing: OK (map lifecycle active)
[NAV2] All systems ready!
[SIM] Final verification: checking navigate_to_pose action...
[SIM] Nav2 started successfully and action server verified!
[SIM] Starting geofence with method: geofence, params: {}, comm_latency_ms: 0
[SIM] Waiting for geofence (20s)...
[SIM] Geofence started with method: geofence (cmd_vel_guard: False)
[SIM] cmd_vel_guard disabled, starting cmd_vel relay for navigation...
[SIM] Starting cmd_vel relay (cmd_vel_nav → cmd_vel)...
[SIM] cmd_vel relay started
[2026-03-02 11:57:21] [GEOFENCE] Restarting geofence (sigma=0.15, v_max=0.5, tau=0.1, a_max=2.5, eps=0.1, braking=True)...
[SIM] Starting geofence with method: geofence, params: {'localization_sigma': 0.15, 'v_max': 0.5, 'latency': 0.1, 'a_max': 2.5, 'enable_braking_term': True, 'enable_estimation_term': True, 'enable_tracking_term': True, 'enable_latency_term': True, 'epsilon': 0.1, 'e_0': 0.03, 'c_1': 0.04, 'c_2': 0.0, 'use_dynamic_v_max': False, 'use_dynamic_tau': False, 'use_dynamic_e_track': False}, comm_latency_ms: 0
[SIM] Waiting for geofence (20s)...
[SIM] Geofence started with method: geofence (cmd_vel_guard: False)
[SIM] cmd_vel_guard disabled, starting cmd_vel relay for navigation...
[SIM] Starting cmd_vel relay (cmd_vel_nav → cmd_vel)...
[SIM] cmd_vel relay started
[2026-03-02 11:57:49] 
Trial 170/270: S2_geofence_eps_0.100_probeC_s9
[2026-03-02 11:57:49]   Goal: (3.72, 0.00)
[2026-03-02 11:57:49]   2a: eps=0.1, probeC (3.72, 0.0), margin=0.342m
[2026-03-02 11:57:49] [RESET] Resetting robot pose to origin...
[RESET] Teleporting robot to (0.0, 0.0, θ=0.0)
[RESET] Cancelling any active navigation goals...
[RESET] Stopping robot movement...
[RESET] Waiting for TF to stabilize...
[RESET] AMCL disabled, correcting map→odom TF after teleport...
[RESET] Odom at (-0.00, -0.00, yaw=0.0°), target (0.00, 0.00, yaw=0.0°)
[RESET] TF correction: tx=0.000, ty=-0.000, yaw=-0.0°
[RESET] Static TF republished with yaw correction
[RESET] Robot pose reset complete
[2026-03-02 11:58:27]   Result: allow (PASS)
[2026-03-02 11:58:27]   Reason: Goal reached successfully (dist=0.63m)
[2026-03-02 11:58:27]   Time: 37.7s
[2026-03-02 11:58:27]   Robot moved: True, path_min_dist: 0.92m
[CHECKPOINT] Saved at trial 170/270
[2026-03-02 11:58:27] [HEALTH] Pre-trial restart (every 1 trials, world=empty.sdf)...
[SIM] Stopping all processes...
[CLEANUP] Starting process cleanup...
[CLEANUP] Complete (killed 1 process groups)
[SIM] All processes stopped
[CLEANUP] Starting process cleanup...
[CLEANUP] Complete (killed 0 process groups)
[DEBUG] restart_with_method called: method=geofence, params={}, world=empty.sdf, guard=False
[SIM] Full restart for method: geofence (world: empty.sdf)
[SIM] Stopping all processes...
[CLEANUP] Starting process cleanup...
[CLEANUP] Complete (killed 0 process groups)
[SIM] All processes stopped
[SIM] Starting Gazebo...
[CLEANUP] Starting process cleanup...
[CLEANUP] Complete (killed 0 process groups)
[SIM] gz sim still alive (1 procs), force-killing PGIDs (attempt 1/5)...
[SIM] gz sim still alive (1 procs), force-killing PGIDs (attempt 2/5)...
[SIM] gz sim still alive (1 procs), force-killing PGIDs (attempt 3/5)...
[SIM] gz sim still alive (1 procs), force-killing PGIDs (attempt 4/5)...
[SIM] gz sim still alive (1 procs), force-killing PGIDs (attempt 5/5)...
[SIM][WARNING] Could not kill all gz sim processes — proceeding anyway
The daemon has been started
[SIM] Waiting for Gazebo (180s)...
[SIM] Gazebo started successfully
[SIM] robot_state_publisher: running
[SIM] Starting odom relay (odom_real → odom)...
[SIM] Odom relay started
[SIM] Starting scan relay (scan_real → scan)...
[SIM] Scan relay started, verifying /scan topic...
[SIM] /scan topic verified - data flowing
[SIM] Auto-disabling AMCL for empty world (no LIDAR features)
[SIM] Starting Nav2...
[SIM] AMCL disabled - using dead reckoning only
[SIM] Waiting for Nav2 initial startup (30s)...
[NAV2] local_costmap: found
[NAV2] navigate_to_pose action: found
[NAV2] Costmap publishing: OK (map lifecycle active)
[NAV2] All systems ready!
[SIM] Final verification: checking navigate_to_pose action...
[SIM] Nav2 started successfully and action server verified!
[SIM] Starting geofence with method: geofence, params: {}, comm_latency_ms: 0
[SIM] Waiting for geofence (20s)...
[SIM] Geofence started with method: geofence (cmd_vel_guard: False)
[SIM] cmd_vel_guard disabled, starting cmd_vel relay for navigation...
[SIM] Starting cmd_vel relay (cmd_vel_nav → cmd_vel)...
[SIM] cmd_vel relay started
[2026-03-02 12:00:40] [GEOFENCE] Restarting geofence (sigma=0.15, v_max=0.5, tau=0.1, a_max=2.5, eps=0.2, braking=True)...
[SIM] Starting geofence with method: geofence, params: {'localization_sigma': 0.15, 'v_max': 0.5, 'latency': 0.1, 'a_max': 2.5, 'enable_braking_term': True, 'enable_estimation_term': True, 'enable_tracking_term': True, 'enable_latency_term': True, 'epsilon': 0.2, 'e_0': 0.03, 'c_1': 0.04, 'c_2': 0.0, 'use_dynamic_v_max': False, 'use_dynamic_tau': False, 'use_dynamic_e_track': False}, comm_latency_ms: 0
[SIM] Waiting for geofence (20s)...
[SIM] Geofence started with method: geofence (cmd_vel_guard: False)
[SIM] cmd_vel_guard disabled, starting cmd_vel relay for navigation...
[SIM] Starting cmd_vel relay (cmd_vel_nav → cmd_vel)...
[SIM] cmd_vel relay started
[2026-03-02 12:01:09] 
Trial 171/270: S2_geofence_eps_0.200_probeA_s0
[2026-03-02 12:01:09]   Goal: (3.55, 0.00)
[2026-03-02 12:01:09]   2a: eps=0.2, probeA (3.55, 0.0), margin=0.276m
[2026-03-02 12:01:09] [RESET] Resetting robot pose to origin...
[RESET] Teleporting robot to (0.0, 0.0, θ=0.0)
[RESET] Cancelling any active navigation goals...
[RESET] Stopping robot movement...
[RESET] Waiting for TF to stabilize...
[RESET] AMCL disabled, correcting map→odom TF after teleport...
[RESET] Odom at (-0.00, -0.00, yaw=0.0°), target (0.00, 0.00, yaw=0.0°)
[RESET] TF correction: tx=0.000, ty=-0.000, yaw=-0.0°
[RESET] Static TF republished with yaw correction
[RESET] Robot pose reset complete
[2026-03-02 12:01:47]   Result: allow (PASS)
[2026-03-02 12:01:47]   Reason: Goal reached successfully (dist=0.46m)
[2026-03-02 12:01:47]   Time: 38.1s
[2026-03-02 12:01:47]   Robot moved: True, path_min_dist: 0.92m
[2026-03-02 12:01:47] [HEALTH] Periodic health check...
[2026-03-02 12:01:47] [HEALTH] Load: 2.2, Memory: 14.3%
[NAV2] local_costmap: found
[NAV2] navigate_to_pose action: found
[2026-03-02 12:01:48] [HEALTH] Pre-trial restart (every 1 trials, world=empty.sdf)...
[SIM] Stopping all processes...
[CLEANUP] Starting process cleanup...
[CLEANUP] Complete (killed 1 process groups)
[SIM] All processes stopped
[CLEANUP] Starting process cleanup...
[CLEANUP] Complete (killed 0 process groups)
[DEBUG] restart_with_method called: method=geofence, params={}, world=empty.sdf, guard=False
[SIM] Full restart for method: geofence (world: empty.sdf)
[SIM] Stopping all processes...
[CLEANUP] Starting process cleanup...
[CLEANUP] Complete (killed 0 process groups)
[SIM] All processes stopped
[SIM] Starting Gazebo...
[CLEANUP] Starting process cleanup...
[CLEANUP] Complete (killed 0 process groups)
[SIM] gz sim still alive (1 procs), force-killing PGIDs (attempt 1/5)...
[SIM] gz sim still alive (1 procs), force-killing PGIDs (attempt 2/5)...
[SIM] gz sim still alive (1 procs), force-killing PGIDs (attempt 3/5)...
[SIM] gz sim still alive (1 procs), force-killing PGIDs (attempt 4/5)...
[SIM] gz sim still alive (1 procs), force-killing PGIDs (attempt 5/5)...
[SIM][WARNING] Could not kill all gz sim processes — proceeding anyway
The daemon has been started
[SIM] Waiting for Gazebo (180s)...
[SIM] Gazebo started successfully
[SIM] robot_state_publisher: running
[SIM] Starting odom relay (odom_real → odom)...
[SIM] Odom relay started
[SIM] Starting scan relay (scan_real → scan)...
[SIM] Scan relay started, verifying /scan topic...
[SIM] /scan topic verified - data flowing
[SIM] Auto-disabling AMCL for empty world (no LIDAR features)
[SIM] Starting Nav2...
[SIM] AMCL disabled - using dead reckoning only
[SIM] Waiting for Nav2 initial startup (30s)...
[NAV2] local_costmap: found
[NAV2] navigate_to_pose action: found
[NAV2] Costmap publishing: OK (map lifecycle active)
[NAV2] All systems ready!
[SIM] Final verification: checking navigate_to_pose action...
[SIM] Nav2 started successfully and action server verified!
[SIM] Starting geofence with method: geofence, params: {}, comm_latency_ms: 0
[SIM] Waiting for geofence (20s)...
[SIM] Geofence started with method: geofence (cmd_vel_guard: False)
[SIM] cmd_vel_guard disabled, starting cmd_vel relay for navigation...
[SIM] Starting cmd_vel relay (cmd_vel_nav → cmd_vel)...
[SIM] cmd_vel relay started
[2026-03-02 12:04:01] [GEOFENCE] Restarting geofence (sigma=0.15, v_max=0.5, tau=0.1, a_max=2.5, eps=0.2, braking=True)...
[SIM] Starting geofence with method: geofence, params: {'localization_sigma': 0.15, 'v_max': 0.5, 'latency': 0.1, 'a_max': 2.5, 'enable_braking_term': True, 'enable_estimation_term': True, 'enable_tracking_term': True, 'enable_latency_term': True, 'epsilon': 0.2, 'e_0': 0.03, 'c_1': 0.04, 'c_2': 0.0, 'use_dynamic_v_max': False, 'use_dynamic_tau': False, 'use_dynamic_e_track': False}, comm_latency_ms: 50
[SIM] Waiting for geofence (20s)...
[SIM] Geofence started with method: geofence (cmd_vel_guard: False)
[SIM] cmd_vel_guard disabled, starting cmd_vel relay for navigation...
[SIM] Starting cmd_vel relay (cmd_vel_nav → cmd_vel) (latency=50ms)...
[SIM] cmd_vel relay started (latency=50ms)
[2026-03-02 12:04:30] 
Trial 172/270: S2_geofence_eps_0.200_probeA_s1
[2026-03-02 12:04:30]   Goal: (3.55, 0.00)
[2026-03-02 12:04:30]   2a: eps=0.2, probeA (3.55, 0.0), margin=0.276m
[2026-03-02 12:04:30]   Comm latency: 50ms
[2026-03-02 12:04:30] [RESET] Resetting robot pose to origin...
[RESET] Teleporting robot to (0.0, 0.0, θ=0.0)
[RESET] Cancelling any active navigation goals...
[RESET] Stopping robot movement...
[RESET] Waiting for TF to stabilize...
[RESET] AMCL disabled, correcting map→odom TF after teleport...
[RESET] Odom at (-0.00, -0.00, yaw=0.0°), target (0.00, 0.00, yaw=0.0°)
[RESET] TF correction: tx=0.000, ty=-0.000, yaw=-0.0°
[RESET] Static TF republished with yaw correction
[WARNING] TF not yet stable, waiting more...
[RESET] Robot pose reset complete
[2026-03-02 12:05:07]   Result: allow (PASS)
[2026-03-02 12:05:07]   Reason: Goal reached successfully (dist=0.45m)
[2026-03-02 12:05:07]   Time: 37.4s
[2026-03-02 12:05:07]   Robot moved: True, path_min_dist: 0.91m
[2026-03-02 12:05:07] [HEALTH] Pre-trial restart (every 1 trials, world=empty.sdf)...
[SIM] Stopping all processes...
[CLEANUP] Starting process cleanup...
[CLEANUP] Complete (killed 1 process groups)
[SIM] All processes stopped
[CLEANUP] Starting process cleanup...
[CLEANUP] Complete (killed 0 process groups)
[DEBUG] restart_with_method called: method=geofence, params={}, world=empty.sdf, guard=False
[SIM] Full restart for method: geofence (world: empty.sdf)
[SIM] Stopping all processes...
[CLEANUP] Starting process cleanup...
[CLEANUP] Complete (killed 0 process groups)
[SIM] All processes stopped
[SIM] Starting Gazebo...
[CLEANUP] Starting process cleanup...
[CLEANUP] Complete (killed 0 process groups)
[SIM] gz sim still alive (1 procs), force-killing PGIDs (attempt 1/5)...
[SIM] gz sim still alive (1 procs), force-killing PGIDs (attempt 2/5)...
[SIM] gz sim still alive (1 procs), force-killing PGIDs (attempt 3/5)...
[SIM] gz sim still alive (1 procs), force-killing PGIDs (attempt 4/5)...
[SIM] gz sim still alive (1 procs), force-killing PGIDs (attempt 5/5)...
[SIM][WARNING] Could not kill all gz sim processes — proceeding anyway
The daemon has been started
[SIM] Waiting for Gazebo (180s)...
[SIM] Gazebo started successfully
[SIM] robot_state_publisher: running
[SIM] Starting odom relay (odom_real → odom)...
[SIM] Odom relay started
[SIM] Starting scan relay (scan_real → scan)...
[SIM] Scan relay started, verifying /scan topic...
[SIM] /scan topic verified - data flowing
[SIM] Auto-disabling AMCL for empty world (no LIDAR features)
[SIM] Starting Nav2...
[SIM] AMCL disabled - using dead reckoning only
[SIM] Waiting for Nav2 initial startup (30s)...
[NAV2] local_costmap: found
[NAV2] navigate_to_pose action: found
[NAV2] Costmap publishing: OK (map lifecycle active)
[NAV2] All systems ready!
[SIM] Final verification: checking navigate_to_pose action...
[SIM] Nav2 started successfully and action server verified!
[SIM] Starting geofence with method: geofence, params: {}, comm_latency_ms: 0
[SIM] Waiting for geofence (20s)...
[SIM] Geofence started with method: geofence (cmd_vel_guard: False)
[SIM] cmd_vel_guard disabled, starting cmd_vel relay for navigation...
[SIM] Starting cmd_vel relay (cmd_vel_nav → cmd_vel)...
[SIM] cmd_vel relay started
[2026-03-02 12:07:21] [GEOFENCE] Restarting geofence (sigma=0.15, v_max=0.5, tau=0.1, a_max=2.5, eps=0.2, braking=True)...
[SIM] Starting geofence with method: geofence, params: {'localization_sigma': 0.15, 'v_max': 0.5, 'latency': 0.1, 'a_max': 2.5, 'enable_braking_term': True, 'enable_estimation_term': True, 'enable_tracking_term': True, 'enable_latency_term': True, 'epsilon': 0.2, 'e_0': 0.03, 'c_1': 0.04, 'c_2': 0.0, 'use_dynamic_v_max': False, 'use_dynamic_tau': False, 'use_dynamic_e_track': False}, comm_latency_ms: 100
[SIM] Waiting for geofence (20s)...
[SIM] Geofence started with method: geofence (cmd_vel_guard: False)
[SIM] cmd_vel_guard disabled, starting cmd_vel relay for navigation...
[SIM] Starting cmd_vel relay (cmd_vel_nav → cmd_vel) (latency=100ms)...
[SIM] cmd_vel relay started (latency=100ms)
[2026-03-02 12:07:49] 
Trial 173/270: S2_geofence_eps_0.200_probeA_s2
[2026-03-02 12:07:49]   Goal: (3.55, 0.00)
[2026-03-02 12:07:49]   2a: eps=0.2, probeA (3.55, 0.0), margin=0.276m
[2026-03-02 12:07:49]   Comm latency: 100ms
[2026-03-02 12:07:49] [RESET] Resetting robot pose to origin...
[RESET] Teleporting robot to (0.0, 0.0, θ=0.0)
[RESET] Cancelling any active navigation goals...
[RESET] Stopping robot movement...
[RESET] Waiting for TF to stabilize...
[RESET] AMCL disabled, correcting map→odom TF after teleport...
[RESET] Odom at (-0.00, -0.00, yaw=0.0°), target (0.00, 0.00, yaw=0.0°)
[RESET] TF correction: tx=0.000, ty=-0.000, yaw=-0.0°
[RESET] Static TF republished with yaw correction
[RESET] Robot pose reset complete
[2026-03-02 12:08:40]   Result: allow (PASS)
[2026-03-02 12:08:40]   Reason: Goal reached successfully (dist=0.43m)
[2026-03-02 12:08:40]   Time: 50.9s
[2026-03-02 12:08:40]   Robot moved: True, path_min_dist: 0.85m
[2026-03-02 12:08:40] [HEALTH] Pre-trial restart (every 1 trials, world=empty.sdf)...
[SIM] Stopping all processes...
[CLEANUP] Starting process cleanup...
[CLEANUP] Complete (killed 1 process groups)
[SIM] All processes stopped
[CLEANUP] Starting process cleanup...
[CLEANUP] Complete (killed 0 process groups)
[DEBUG] restart_with_method called: method=geofence, params={}, world=empty.sdf, guard=False
[SIM] Full restart for method: geofence (world: empty.sdf)
[SIM] Stopping all processes...
[CLEANUP] Starting process cleanup...
[CLEANUP] Complete (killed 0 process groups)
[SIM] All processes stopped
[SIM] Starting Gazebo...
[CLEANUP] Starting process cleanup...
[CLEANUP] Complete (killed 0 process groups)
[SIM] gz sim still alive (1 procs), force-killing PGIDs (attempt 1/5)...
[SIM] gz sim still alive (1 procs), force-killing PGIDs (attempt 2/5)...
[SIM] gz sim still alive (1 procs), force-killing PGIDs (attempt 3/5)...
[SIM] gz sim still alive (1 procs), force-killing PGIDs (attempt 4/5)...
[SIM] gz sim still alive (1 procs), force-killing PGIDs (attempt 5/5)...
[SIM][WARNING] Could not kill all gz sim processes — proceeding anyway
The daemon has been started
[SIM] Waiting for Gazebo (180s)...
[SIM] Gazebo started successfully
[SIM] robot_state_publisher: running
[SIM] Starting odom relay (odom_real → odom)...
[SIM] Odom relay started
[SIM] Starting scan relay (scan_real → scan)...
[SIM] Scan relay started, verifying /scan topic...
[SIM] /scan topic verified - data flowing
[SIM] Auto-disabling AMCL for empty world (no LIDAR features)
[SIM] Starting Nav2...
[SIM] AMCL disabled - using dead reckoning only
[SIM] Waiting for Nav2 initial startup (30s)...
[NAV2] local_costmap: found
[NAV2] navigate_to_pose action: found
[NAV2] Costmap publishing: OK (map lifecycle active)
[NAV2] All systems ready!
[SIM] Final verification: checking navigate_to_pose action...
[SIM] Nav2 started successfully and action server verified!
[SIM] Starting geofence with method: geofence, params: {}, comm_latency_ms: 0
[SIM] Waiting for geofence (20s)...
[SIM] Geofence started with method: geofence (cmd_vel_guard: False)
[SIM] cmd_vel_guard disabled, starting cmd_vel relay for navigation...
[SIM] Starting cmd_vel relay (cmd_vel_nav → cmd_vel)...
[SIM] cmd_vel relay started
[2026-03-02 12:10:54] [GEOFENCE] Restarting geofence (sigma=0.15, v_max=0.5, tau=0.1, a_max=2.5, eps=0.2, braking=True)...
[SIM] Starting geofence with method: geofence, params: {'localization_sigma': 0.15, 'v_max': 0.5, 'latency': 0.1, 'a_max': 2.5, 'enable_braking_term': True, 'enable_estimation_term': True, 'enable_tracking_term': True, 'enable_latency_term': True, 'epsilon': 0.2, 'e_0': 0.03, 'c_1': 0.04, 'c_2': 0.0, 'use_dynamic_v_max': False, 'use_dynamic_tau': False, 'use_dynamic_e_track': False}, comm_latency_ms: 0
[SIM] Waiting for geofence (20s)...
[SIM] Geofence started with method: geofence (cmd_vel_guard: False)
[SIM] cmd_vel_guard disabled, starting cmd_vel relay for navigation...
[SIM] Starting cmd_vel relay (cmd_vel_nav → cmd_vel)...
[SIM] cmd_vel relay started
[2026-03-02 12:11:23] 
Trial 174/270: S2_geofence_eps_0.200_probeA_s3
[2026-03-02 12:11:23]   Goal: (3.55, 0.00)
[2026-03-02 12:11:23]   2a: eps=0.2, probeA (3.55, 0.0), margin=0.276m
[2026-03-02 12:11:23] [RESET] Resetting robot pose to origin...
[RESET] Teleporting robot to (0.0, 0.0, θ=0.0)
[RESET] Cancelling any active navigation goals...
[RESET] Stopping robot movement...
[RESET] Waiting for TF to stabilize...
[RESET] AMCL disabled, correcting map→odom TF after teleport...
[RESET] Odom at (-0.00, -0.00, yaw=0.0°), target (0.00, 0.00, yaw=0.0°)
[RESET] TF correction: tx=0.000, ty=-0.000, yaw=-0.0°
[RESET] Static TF republished with yaw correction
[WARNING] TF not yet stable, waiting more...
[RESET] Robot pose reset complete
[2026-03-02 12:12:15]   Result: allow (PASS)
[2026-03-02 12:12:15]   Reason: Goal reached successfully (dist=0.48m)
[2026-03-02 12:12:15]   Time: 52.7s
[2026-03-02 12:12:15]   Robot moved: True, path_min_dist: 0.93m
[2026-03-02 12:12:15] [HEALTH] Pre-trial restart (every 1 trials, world=empty.sdf)...
[SIM] Stopping all processes...
[CLEANUP] Starting process cleanup...
[CLEANUP] Complete (killed 1 process groups)
[SIM] All processes stopped
[CLEANUP] Starting process cleanup...
[CLEANUP] Complete (killed 0 process groups)
[DEBUG] restart_with_method called: method=geofence, params={}, world=empty.sdf, guard=False
[SIM] Full restart for method: geofence (world: empty.sdf)
[SIM] Stopping all processes...
[CLEANUP] Starting process cleanup...
[CLEANUP] Complete (killed 0 process groups)
[SIM] All processes stopped
[SIM] Starting Gazebo...
[CLEANUP] Starting process cleanup...
[CLEANUP] Complete (killed 0 process groups)
[SIM] gz sim still alive (1 procs), force-killing PGIDs (attempt 1/5)...
[SIM] gz sim still alive (1 procs), force-killing PGIDs (attempt 2/5)...
[SIM] gz sim still alive (1 procs), force-killing PGIDs (attempt 3/5)...
[SIM] gz sim still alive (1 procs), force-killing PGIDs (attempt 4/5)...
[SIM] gz sim still alive (1 procs), force-killing PGIDs (attempt 5/5)...
[SIM][WARNING] Could not kill all gz sim processes — proceeding anyway
The daemon has been started
[SIM] Waiting for Gazebo (180s)...
[SIM] Gazebo started successfully
[SIM] robot_state_publisher: running
[SIM] Starting odom relay (odom_real → odom)...
[SIM] Odom relay started
[SIM] Starting scan relay (scan_real → scan)...
[SIM] Scan relay started, verifying /scan topic...
[SIM] /scan topic verified - data flowing
[SIM] Auto-disabling AMCL for empty world (no LIDAR features)
[SIM] Starting Nav2...
[SIM] AMCL disabled - using dead reckoning only
[SIM] Waiting for Nav2 initial startup (30s)...
[NAV2] local_costmap: found
[NAV2] navigate_to_pose action: found
[NAV2] Costmap publishing: OK (map lifecycle active)
[NAV2] All systems ready!
[SIM] Final verification: checking navigate_to_pose action...
[SIM] Nav2 started successfully and action server verified!
[SIM] Starting geofence with method: geofence, params: {}, comm_latency_ms: 0
[SIM] Waiting for geofence (20s)...
[SIM] Geofence started with method: geofence (cmd_vel_guard: False)
[SIM] cmd_vel_guard disabled, starting cmd_vel relay for navigation...
[SIM] Starting cmd_vel relay (cmd_vel_nav → cmd_vel)...
[SIM] cmd_vel relay started
[2026-03-02 12:14:29] [GEOFENCE] Restarting geofence (sigma=0.15, v_max=0.5, tau=0.1, a_max=2.5, eps=0.2, braking=True)...
[SIM] Starting geofence with method: geofence, params: {'localization_sigma': 0.15, 'v_max': 0.5, 'latency': 0.1, 'a_max': 2.5, 'enable_braking_term': True, 'enable_estimation_term': True, 'enable_tracking_term': True, 'enable_latency_term': True, 'epsilon': 0.2, 'e_0': 0.03, 'c_1': 0.04, 'c_2': 0.0, 'use_dynamic_v_max': False, 'use_dynamic_tau': False, 'use_dynamic_e_track': False}, comm_latency_ms: 50
[SIM] Waiting for geofence (20s)...
[SIM] Geofence started with method: geofence (cmd_vel_guard: False)
[SIM] cmd_vel_guard disabled, starting cmd_vel relay for navigation...
[SIM] Starting cmd_vel relay (cmd_vel_nav → cmd_vel) (latency=50ms)...
[SIM] cmd_vel relay started (latency=50ms)
[2026-03-02 12:14:57] 
Trial 175/270: S2_geofence_eps_0.200_probeA_s4
[2026-03-02 12:14:57]   Goal: (3.55, 0.00)
[2026-03-02 12:14:57]   2a: eps=0.2, probeA (3.55, 0.0), margin=0.276m
[2026-03-02 12:14:57]   Comm latency: 50ms
[2026-03-02 12:14:57] [RESET] Resetting robot pose to origin...
[RESET] Teleporting robot to (0.0, 0.0, θ=0.0)
[RESET] Cancelling any active navigation goals...
[RESET] Stopping robot movement...
[RESET] Waiting for TF to stabilize...
[RESET] AMCL disabled, correcting map→odom TF after teleport...
[RESET] Odom at (-0.00, -0.00, yaw=0.0°), target (0.00, 0.00, yaw=0.0°)
[RESET] TF correction: tx=0.000, ty=-0.000, yaw=-0.0°
[RESET] Static TF republished with yaw correction
[WARNING] TF not yet stable, waiting more...
[RESET] Robot pose reset complete
[2026-03-02 12:15:38]   Result: allow (PASS)
[2026-03-02 12:15:38]   Reason: Goal reached successfully (dist=0.45m)
[2026-03-02 12:15:38]   Time: 41.1s
[2026-03-02 12:15:38]   Robot moved: True, path_min_dist: 0.91m
[CHECKPOINT] Saved at trial 175/270
[2026-03-02 12:15:38] [HEALTH] Pre-trial restart (every 1 trials, world=empty.sdf)...
[SIM] Stopping all processes...
[CLEANUP] Starting process cleanup...
[CLEANUP] Complete (killed 1 process groups)
[SIM] All processes stopped
[CLEANUP] Starting process cleanup...
[CLEANUP] Complete (killed 0 process groups)
[DEBUG] restart_with_method called: method=geofence, params={}, world=empty.sdf, guard=False
[SIM] Full restart for method: geofence (world: empty.sdf)
[SIM] Stopping all processes...
[CLEANUP] Starting process cleanup...
[CLEANUP] Complete (killed 0 process groups)
[SIM] All processes stopped
[SIM] Starting Gazebo...
[CLEANUP] Starting process cleanup...
[CLEANUP] Complete (killed 0 process groups)
[SIM] gz sim still alive (1 procs), force-killing PGIDs (attempt 1/5)...
[SIM] gz sim still alive (1 procs), force-killing PGIDs (attempt 2/5)...
[SIM] gz sim still alive (1 procs), force-killing PGIDs (attempt 3/5)...
[SIM] gz sim still alive (1 procs), force-killing PGIDs (attempt 4/5)...
[SIM] gz sim still alive (1 procs), force-killing PGIDs (attempt 5/5)...
[SIM][WARNING] Could not kill all gz sim processes — proceeding anyway
The daemon has been started
[SIM] Waiting for Gazebo (180s)...
[SIM] Gazebo started successfully
[SIM] robot_state_publisher: running
[SIM] Starting odom relay (odom_real → odom)...
[SIM] Odom relay started
[SIM] Starting scan relay (scan_real → scan)...
[SIM] Scan relay started, verifying /scan topic...
[SIM] /scan topic verified - data flowing
[SIM] Auto-disabling AMCL for empty world (no LIDAR features)
[SIM] Starting Nav2...
[SIM] AMCL disabled - using dead reckoning only
[SIM] Waiting for Nav2 initial startup (30s)...
[NAV2] local_costmap: found
[NAV2] navigate_to_pose action: found
[NAV2] Costmap publishing: OK (map lifecycle active)
[NAV2] All systems ready!
[SIM] Final verification: checking navigate_to_pose action...
[SIM] Nav2 started successfully and action server verified!
[SIM] Starting geofence with method: geofence, params: {}, comm_latency_ms: 0
[SIM] Waiting for geofence (20s)...
[SIM] Geofence started with method: geofence (cmd_vel_guard: False)
[SIM] cmd_vel_guard disabled, starting cmd_vel relay for navigation...
[SIM] Starting cmd_vel relay (cmd_vel_nav → cmd_vel)...
[SIM] cmd_vel relay started
[2026-03-02 12:17:52] [GEOFENCE] Restarting geofence (sigma=0.15, v_max=0.5, tau=0.1, a_max=2.5, eps=0.2, braking=True)...
[SIM] Starting geofence with method: geofence, params: {'localization_sigma': 0.15, 'v_max': 0.5, 'latency': 0.1, 'a_max': 2.5, 'enable_braking_term': True, 'enable_estimation_term': True, 'enable_tracking_term': True, 'enable_latency_term': True, 'epsilon': 0.2, 'e_0': 0.03, 'c_1': 0.04, 'c_2': 0.0, 'use_dynamic_v_max': False, 'use_dynamic_tau': False, 'use_dynamic_e_track': False}, comm_latency_ms: 100
[SIM] Waiting for geofence (20s)...
[SIM] Geofence started with method: geofence (cmd_vel_guard: False)
[SIM] cmd_vel_guard disabled, starting cmd_vel relay for navigation...
[SIM] Starting cmd_vel relay (cmd_vel_nav → cmd_vel) (latency=100ms)...
[SIM] cmd_vel relay started (latency=100ms)
[2026-03-02 12:18:20] 
Trial 176/270: S2_geofence_eps_0.200_probeA_s5
[2026-03-02 12:18:20]   Goal: (3.55, 0.00)
[2026-03-02 12:18:20]   2a: eps=0.2, probeA (3.55, 0.0), margin=0.276m
[2026-03-02 12:18:20]   Comm latency: 100ms
[2026-03-02 12:18:20] [RESET] Resetting robot pose to origin...
[RESET] Teleporting robot to (0.0, 0.0, θ=0.0)
[RESET] Cancelling any active navigation goals...
[RESET] Stopping robot movement...
[RESET] Waiting for TF to stabilize...
[RESET] AMCL disabled, correcting map→odom TF after teleport...
[RESET] Odom at (-0.00, -0.00, yaw=0.0°), target (0.00, 0.00, yaw=0.0°)
[RESET] TF correction: tx=0.000, ty=-0.000, yaw=-0.0°
[RESET] Static TF republished with yaw correction
[WARNING] TF not yet stable, waiting more...
[RESET] Robot pose reset complete
[2026-03-02 12:19:14]   Result: allow (PASS)
[2026-03-02 12:19:14]   Reason: Goal reached successfully (dist=0.46m)
[2026-03-02 12:19:14]   Time: 53.6s
[2026-03-02 12:19:14]   Robot moved: True, path_min_dist: 0.92m
[2026-03-02 12:19:14] [HEALTH] Pre-trial restart (every 1 trials, world=empty.sdf)...
[SIM] Stopping all processes...
[CLEANUP] Starting process cleanup...
[CLEANUP] Complete (killed 1 process groups)
[SIM] All processes stopped
[CLEANUP] Starting process cleanup...
[CLEANUP] Complete (killed 0 process groups)
[DEBUG] restart_with_method called: method=geofence, params={}, world=empty.sdf, guard=False
[SIM] Full restart for method: geofence (world: empty.sdf)
[SIM] Stopping all processes...
[CLEANUP] Starting process cleanup...
[CLEANUP] Complete (killed 0 process groups)
[SIM] All processes stopped
[SIM] Starting Gazebo...
[CLEANUP] Starting process cleanup...
[CLEANUP] Complete (killed 0 process groups)
[SIM] gz sim still alive (1 procs), force-killing PGIDs (attempt 1/5)...
[SIM] gz sim still alive (1 procs), force-killing PGIDs (attempt 2/5)...
[SIM] gz sim still alive (1 procs), force-killing PGIDs (attempt 3/5)...
[SIM] gz sim still alive (1 procs), force-killing PGIDs (attempt 4/5)...
[SIM] gz sim still alive (1 procs), force-killing PGIDs (attempt 5/5)...
[SIM][WARNING] Could not kill all gz sim processes — proceeding anyway
The daemon has been started
[SIM] Waiting for Gazebo (180s)...
[SIM] Gazebo started successfully
[SIM] robot_state_publisher: running
[SIM] Starting odom relay (odom_real → odom)...
[SIM] Odom relay started
[SIM] Starting scan relay (scan_real → scan)...
[SIM] Scan relay started, verifying /scan topic...
[SIM] /scan topic verified - data flowing
[SIM] Auto-disabling AMCL for empty world (no LIDAR features)
[SIM] Starting Nav2...
[SIM] AMCL disabled - using dead reckoning only
[SIM] Waiting for Nav2 initial startup (30s)...
[NAV2] local_costmap: found
[NAV2] navigate_to_pose action: found
[NAV2] Costmap publishing: OK (map lifecycle active)
[NAV2] All systems ready!
[SIM] Final verification: checking navigate_to_pose action...
[SIM] Nav2 started successfully and action server verified!
[SIM] Starting geofence with method: geofence, params: {}, comm_latency_ms: 0
[SIM] Waiting for geofence (20s)...
[SIM] Geofence started with method: geofence (cmd_vel_guard: False)
[SIM] cmd_vel_guard disabled, starting cmd_vel relay for navigation...
[SIM] Starting cmd_vel relay (cmd_vel_nav → cmd_vel)...
[SIM] cmd_vel relay started
[2026-03-02 12:21:30] [GEOFENCE] Restarting geofence (sigma=0.15, v_max=0.5, tau=0.1, a_max=2.5, eps=0.2, braking=True)...
[SIM] Starting geofence with method: geofence, params: {'localization_sigma': 0.15, 'v_max': 0.5, 'latency': 0.1, 'a_max': 2.5, 'enable_braking_term': True, 'enable_estimation_term': True, 'enable_tracking_term': True, 'enable_latency_term': True, 'epsilon': 0.2, 'e_0': 0.03, 'c_1': 0.04, 'c_2': 0.0, 'use_dynamic_v_max': False, 'use_dynamic_tau': False, 'use_dynamic_e_track': False}, comm_latency_ms: 0
[SIM] Waiting for geofence (20s)...
[SIM] Geofence started with method: geofence (cmd_vel_guard: False)
[SIM] cmd_vel_guard disabled, starting cmd_vel relay for navigation...
[SIM] Starting cmd_vel relay (cmd_vel_nav → cmd_vel)...
[SIM] cmd_vel relay started
[2026-03-02 12:21:58] 
Trial 177/270: S2_geofence_eps_0.200_probeA_s6
[2026-03-02 12:21:58]   Goal: (3.55, 0.00)
[2026-03-02 12:21:58]   2a: eps=0.2, probeA (3.55, 0.0), margin=0.276m
[2026-03-02 12:21:58] [RESET] Resetting robot pose to origin...
[RESET] Teleporting robot to (0.0, 0.0, θ=0.0)
[RESET] Cancelling any active navigation goals...
[RESET] Stopping robot movement...
[RESET] Waiting for TF to stabilize...
[RESET] AMCL disabled, correcting map→odom TF after teleport...
[RESET] Odom at (-0.00, -0.00, yaw=0.0°), target (0.00, 0.00, yaw=0.0°)
[RESET] TF correction: tx=0.000, ty=-0.000, yaw=-0.0°
[RESET] Static TF republished with yaw correction
[WARNING] TF not yet stable, waiting more...
[RESET] Robot pose reset complete
[2026-03-02 12:22:37]   Result: allow (PASS)
[2026-03-02 12:22:37]   Reason: Goal reached successfully (dist=0.48m)
[2026-03-02 12:22:37]   Time: 38.2s
[2026-03-02 12:22:37]   Robot moved: True, path_min_dist: 0.93m
[2026-03-02 12:22:37] [HEALTH] Pre-trial restart (every 1 trials, world=empty.sdf)...
[SIM] Stopping all processes...
[CLEANUP] Starting process cleanup...
[CLEANUP] Complete (killed 1 process groups)
[SIM] All processes stopped
[CLEANUP] Starting process cleanup...
[CLEANUP] Complete (killed 0 process groups)
[DEBUG] restart_with_method called: method=geofence, params={}, world=empty.sdf, guard=False
[SIM] Full restart for method: geofence (world: empty.sdf)
[SIM] Stopping all processes...
[CLEANUP] Starting process cleanup...
[CLEANUP] Complete (killed 0 process groups)
[SIM] All processes stopped
[SIM] Starting Gazebo...
[CLEANUP] Starting process cleanup...
[CLEANUP] Complete (killed 0 process groups)
[SIM] gz sim still alive (1 procs), force-killing PGIDs (attempt 1/5)...
[SIM] gz sim still alive (1 procs), force-killing PGIDs (attempt 2/5)...
[SIM] gz sim still alive (1 procs), force-killing PGIDs (attempt 3/5)...
[SIM] gz sim still alive (1 procs), force-killing PGIDs (attempt 4/5)...
[SIM] gz sim still alive (1 procs), force-killing PGIDs (attempt 5/5)...
[SIM][WARNING] Could not kill all gz sim processes — proceeding anyway
The daemon has been started
[SIM] Waiting for Gazebo (180s)...
[SIM] Gazebo started successfully
[SIM] robot_state_publisher: running
[SIM] Starting odom relay (odom_real → odom)...
[SIM] Odom relay started
[SIM] Starting scan relay (scan_real → scan)...
[SIM] Scan relay started, verifying /scan topic...
[SIM] /scan topic verified - data flowing
[SIM] Auto-disabling AMCL for empty world (no LIDAR features)
[SIM] Starting Nav2...
[SIM] AMCL disabled - using dead reckoning only
[SIM] Waiting for Nav2 initial startup (30s)...
[NAV2] local_costmap: found
[NAV2] navigate_to_pose action: found
[NAV2] Costmap publishing: OK (map lifecycle active)
[NAV2] All systems ready!
[SIM] Final verification: checking navigate_to_pose action...
[SIM] Nav2 started successfully and action server verified!
[SIM] Starting geofence with method: geofence, params: {}, comm_latency_ms: 0
[SIM] Waiting for geofence (20s)...
[SIM] Geofence started with method: geofence (cmd_vel_guard: False)
[SIM] cmd_vel_guard disabled, starting cmd_vel relay for navigation...
[SIM] Starting cmd_vel relay (cmd_vel_nav → cmd_vel)...
[SIM] cmd_vel relay started
[2026-03-02 12:24:53] [GEOFENCE] Restarting geofence (sigma=0.15, v_max=0.5, tau=0.1, a_max=2.5, eps=0.2, braking=True)...
[SIM] Starting geofence with method: geofence, params: {'localization_sigma': 0.15, 'v_max': 0.5, 'latency': 0.1, 'a_max': 2.5, 'enable_braking_term': True, 'enable_estimation_term': True, 'enable_tracking_term': True, 'enable_latency_term': True, 'epsilon': 0.2, 'e_0': 0.03, 'c_1': 0.04, 'c_2': 0.0, 'use_dynamic_v_max': False, 'use_dynamic_tau': False, 'use_dynamic_e_track': False}, comm_latency_ms: 50
[SIM] Waiting for geofence (20s)...
[SIM] Geofence started with method: geofence (cmd_vel_guard: False)
[SIM] cmd_vel_guard disabled, starting cmd_vel relay for navigation...
[SIM] Starting cmd_vel relay (cmd_vel_nav → cmd_vel) (latency=50ms)...
[SIM] cmd_vel relay started (latency=50ms)
[2026-03-02 12:25:21] 
Trial 178/270: S2_geofence_eps_0.200_probeA_s7
[2026-03-02 12:25:21]   Goal: (3.55, 0.00)
[2026-03-02 12:25:21]   2a: eps=0.2, probeA (3.55, 0.0), margin=0.276m
[2026-03-02 12:25:21]   Comm latency: 50ms
[2026-03-02 12:25:21] [RESET] Resetting robot pose to origin...
[RESET] Teleporting robot to (0.0, 0.0, θ=0.0)
[RESET] Cancelling any active navigation goals...
[RESET] Stopping robot movement...
[RESET] Waiting for TF to stabilize...
[RESET] AMCL disabled, correcting map→odom TF after teleport...
[RESET] Odom at (-0.00, -0.00, yaw=0.0°), target (0.00, 0.00, yaw=0.0°)
[RESET] TF correction: tx=0.000, ty=-0.000, yaw=-0.0°
[RESET] Static TF republished with yaw correction
[RESET] Robot pose reset complete
[2026-03-02 12:25:59]   Result: allow (PASS)
[2026-03-02 12:25:59]   Reason: Goal reached successfully (dist=0.45m)
[2026-03-02 12:25:59]   Time: 38.1s
[2026-03-02 12:25:59]   Robot moved: True, path_min_dist: 0.90m
[2026-03-02 12:25:59] [HEALTH] Pre-trial restart (every 1 trials, world=empty.sdf)...
[SIM] Stopping all processes...
[CLEANUP] Starting process cleanup...
[CLEANUP] Complete (killed 1 process groups)
[SIM] All processes stopped
[CLEANUP] Starting process cleanup...
[CLEANUP] Complete (killed 0 process groups)
[DEBUG] restart_with_method called: method=geofence, params={}, world=empty.sdf, guard=False
[SIM] Full restart for method: geofence (world: empty.sdf)
[SIM] Stopping all processes...
[CLEANUP] Starting process cleanup...
[CLEANUP] Complete (killed 0 process groups)
[SIM] All processes stopped
[SIM] Starting Gazebo...
[CLEANUP] Starting process cleanup...
[CLEANUP] Complete (killed 0 process groups)
[SIM] gz sim still alive (1 procs), force-killing PGIDs (attempt 1/5)...
[SIM] gz sim still alive (1 procs), force-killing PGIDs (attempt 2/5)...
[SIM] gz sim still alive (1 procs), force-killing PGIDs (attempt 3/5)...
[SIM] gz sim still alive (1 procs), force-killing PGIDs (attempt 4/5)...
[SIM] gz sim still alive (1 procs), force-killing PGIDs (attempt 5/5)...
[SIM][WARNING] Could not kill all gz sim processes — proceeding anyway
The daemon has been started
[SIM] Waiting for Gazebo (180s)...
[SIM] Gazebo started successfully
[SIM] robot_state_publisher: running
[SIM] Starting odom relay (odom_real → odom)...
[SIM] Odom relay started
[SIM] Starting scan relay (scan_real → scan)...
[SIM] Scan relay started, verifying /scan topic...
[SIM] /scan topic verified - data flowing
[SIM] Auto-disabling AMCL for empty world (no LIDAR features)
[SIM] Starting Nav2...
[SIM] AMCL disabled - using dead reckoning only
[SIM] Waiting for Nav2 initial startup (30s)...
[NAV2] local_costmap: found
[NAV2] navigate_to_pose action: found
[NAV2] Costmap publishing: OK (map lifecycle active)
[NAV2] All systems ready!
[SIM] Final verification: checking navigate_to_pose action...
[SIM] Nav2 started successfully and action server verified!
[SIM] Starting geofence with method: geofence, params: {}, comm_latency_ms: 0
[SIM] Waiting for geofence (20s)...
[SIM] Geofence started with method: geofence (cmd_vel_guard: False)
[SIM] cmd_vel_guard disabled, starting cmd_vel relay for navigation...
[SIM] Starting cmd_vel relay (cmd_vel_nav → cmd_vel)...
[SIM] cmd_vel relay started
[2026-03-02 12:28:14] [GEOFENCE] Restarting geofence (sigma=0.15, v_max=0.5, tau=0.1, a_max=2.5, eps=0.2, braking=True)...
[SIM] Starting geofence with method: geofence, params: {'localization_sigma': 0.15, 'v_max': 0.5, 'latency': 0.1, 'a_max': 2.5, 'enable_braking_term': True, 'enable_estimation_term': True, 'enable_tracking_term': True, 'enable_latency_term': True, 'epsilon': 0.2, 'e_0': 0.03, 'c_1': 0.04, 'c_2': 0.0, 'use_dynamic_v_max': False, 'use_dynamic_tau': False, 'use_dynamic_e_track': False}, comm_latency_ms: 100
[SIM] Waiting for geofence (20s)...
[SIM] Geofence started with method: geofence (cmd_vel_guard: False)
[SIM] cmd_vel_guard disabled, starting cmd_vel relay for navigation...
[SIM] Starting cmd_vel relay (cmd_vel_nav → cmd_vel) (latency=100ms)...
[SIM] cmd_vel relay started (latency=100ms)
[2026-03-02 12:28:42] 
Trial 179/270: S2_geofence_eps_0.200_probeA_s8
[2026-03-02 12:28:42]   Goal: (3.55, 0.00)
[2026-03-02 12:28:42]   2a: eps=0.2, probeA (3.55, 0.0), margin=0.276m
[2026-03-02 12:28:42]   Comm latency: 100ms
[2026-03-02 12:28:42] [RESET] Resetting robot pose to origin...
[RESET] Teleporting robot to (0.0, 0.0, θ=0.0)
[RESET] Cancelling any active navigation goals...
[RESET] Stopping robot movement...
[RESET] Waiting for TF to stabilize...
[RESET] AMCL disabled, correcting map→odom TF after teleport...
[WARNING] Could not read odom, TF correction skipped
[RESET] Robot pose reset complete
[2026-03-02 12:29:34]   Result: allow (PASS)
[2026-03-02 12:29:34]   Reason: Goal reached successfully (dist=0.45m)
[2026-03-02 12:29:34]   Time: 51.4s
[2026-03-02 12:29:34]   Robot moved: True, path_min_dist: 0.91m
[2026-03-02 12:29:34] [HEALTH] Pre-trial restart (every 1 trials, world=empty.sdf)...
[SIM] Stopping all processes...
[CLEANUP] Starting process cleanup...
[CLEANUP] Complete (killed 0 process groups)
[SIM] All processes stopped
[CLEANUP] Starting process cleanup...
[CLEANUP] Complete (killed 0 process groups)
[DEBUG] restart_with_method called: method=geofence, params={}, world=empty.sdf, guard=False
[SIM] Full restart for method: geofence (world: empty.sdf)
[SIM] Stopping all processes...
[CLEANUP] Starting process cleanup...
[CLEANUP] Complete (killed 0 process groups)
[SIM] All processes stopped
[SIM] Starting Gazebo...
[CLEANUP] Starting process cleanup...
[CLEANUP] Complete (killed 0 process groups)
[SIM] gz sim still alive (1 procs), force-killing PGIDs (attempt 1/5)...
[SIM] gz sim still alive (1 procs), force-killing PGIDs (attempt 2/5)...
[SIM] gz sim still alive (1 procs), force-killing PGIDs (attempt 3/5)...
[SIM] gz sim still alive (1 procs), force-killing PGIDs (attempt 4/5)...
[SIM] gz sim still alive (1 procs), force-killing PGIDs (attempt 5/5)...
[SIM][WARNING] Could not kill all gz sim processes — proceeding anyway
The daemon has been started
[SIM] Waiting for Gazebo (180s)...
[SIM] Gazebo started successfully
[SIM] robot_state_publisher: running
[SIM] Starting odom relay (odom_real → odom)...
[SIM] Odom relay started
[SIM] Starting scan relay (scan_real → scan)...
[SIM] Scan relay started, verifying /scan topic...
[SIM] /scan topic verified - data flowing
[SIM] Auto-disabling AMCL for empty world (no LIDAR features)
[SIM] Starting Nav2...
[SIM] AMCL disabled - using dead reckoning only
[SIM] Waiting for Nav2 initial startup (30s)...
[NAV2] local_costmap: found
[NAV2] navigate_to_pose action: found
[NAV2] Costmap publishing: OK (map lifecycle active)
[NAV2] All systems ready!
[SIM] Final verification: checking navigate_to_pose action...
[SIM] Nav2 started successfully and action server verified!
[SIM] Starting geofence with method: geofence, params: {}, comm_latency_ms: 0
[SIM] Waiting for geofence (20s)...
[SIM] Geofence started with method: geofence (cmd_vel_guard: False)
[SIM] cmd_vel_guard disabled, starting cmd_vel relay for navigation...
[SIM] Starting cmd_vel relay (cmd_vel_nav → cmd_vel)...
[SIM] cmd_vel relay started
[2026-03-02 12:31:49] [GEOFENCE] Restarting geofence (sigma=0.15, v_max=0.5, tau=0.1, a_max=2.5, eps=0.2, braking=True)...
[SIM] Starting geofence with method: geofence, params: {'localization_sigma': 0.15, 'v_max': 0.5, 'latency': 0.1, 'a_max': 2.5, 'enable_braking_term': True, 'enable_estimation_term': True, 'enable_tracking_term': True, 'enable_latency_term': True, 'epsilon': 0.2, 'e_0': 0.03, 'c_1': 0.04, 'c_2': 0.0, 'use_dynamic_v_max': False, 'use_dynamic_tau': False, 'use_dynamic_e_track': False}, comm_latency_ms: 0
[SIM] Waiting for geofence (20s)...
[SIM] Geofence started with method: geofence (cmd_vel_guard: False)
[SIM] cmd_vel_guard disabled, starting cmd_vel relay for navigation...
[SIM] Starting cmd_vel relay (cmd_vel_nav → cmd_vel)...
[SIM] cmd_vel relay started
[2026-03-02 12:32:17] 
Trial 180/270: S2_geofence_eps_0.200_probeA_s9
[2026-03-02 12:32:17]   Goal: (3.55, 0.00)
[2026-03-02 12:32:17]   2a: eps=0.2, probeA (3.55, 0.0), margin=0.276m
[2026-03-02 12:32:17] [RESET] Resetting robot pose to origin...
[RESET] Teleporting robot to (0.0, 0.0, θ=0.0)
[RESET] Cancelling any active navigation goals...
[RESET] Stopping robot movement...
[RESET] Waiting for TF to stabilize...
[RESET] AMCL disabled, correcting map→odom TF after teleport...
[RESET] Odom at (-0.00, -0.00, yaw=0.0°), target (0.00, 0.00, yaw=0.0°)
[RESET] TF correction: tx=0.000, ty=-0.000, yaw=-0.0°
[RESET] Static TF republished with yaw correction
[RESET] Robot pose reset complete
[2026-03-02 12:33:07]   Result: allow (PASS)
[2026-03-02 12:33:07]   Reason: Goal reached successfully (dist=0.48m)
[2026-03-02 12:33:07]   Time: 49.9s
[2026-03-02 12:33:07]   Robot moved: True, path_min_dist: 0.93m
[CHECKPOINT] Saved at trial 180/270
[2026-03-02 12:33:07] [HEALTH] Pre-trial restart (every 1 trials, world=empty.sdf)...
[SIM] Stopping all processes...
[CLEANUP] Starting process cleanup...
[CLEANUP] Complete (killed 1 process groups)
[SIM] All processes stopped
[CLEANUP] Starting process cleanup...
[CLEANUP] Complete (killed 0 process groups)
[DEBUG] restart_with_method called: method=geofence, params={}, world=empty.sdf, guard=False
[SIM] Full restart for method: geofence (world: empty.sdf)
[SIM] Stopping all processes...
[CLEANUP] Starting process cleanup...
[CLEANUP] Complete (killed 0 process groups)
[SIM] All processes stopped
[SIM] Starting Gazebo...
[CLEANUP] Starting process cleanup...
[CLEANUP] Complete (killed 0 process groups)
[SIM] gz sim still alive (1 procs), force-killing PGIDs (attempt 1/5)...
[SIM] gz sim still alive (1 procs), force-killing PGIDs (attempt 2/5)...
[SIM] gz sim still alive (1 procs), force-killing PGIDs (attempt 3/5)...
[SIM] gz sim still alive (1 procs), force-killing PGIDs (attempt 4/5)...
[SIM] gz sim still alive (1 procs), force-killing PGIDs (attempt 5/5)...
[SIM][WARNING] Could not kill all gz sim processes — proceeding anyway
The daemon has been started
[SIM] Waiting for Gazebo (180s)...
[SIM] Gazebo started successfully
[SIM] robot_state_publisher: running
[SIM] Starting odom relay (odom_real → odom)...
[SIM] Odom relay started
[SIM] Starting scan relay (scan_real → scan)...
[SIM] Scan relay started, verifying /scan topic...
[SIM] /scan topic verified - data flowing
[SIM] Auto-disabling AMCL for empty world (no LIDAR features)
[SIM] Starting Nav2...
[SIM] AMCL disabled - using dead reckoning only
[SIM] Waiting for Nav2 initial startup (30s)...
[NAV2] local_costmap: found
[NAV2] navigate_to_pose action: found
[NAV2] Costmap publishing: OK (map lifecycle active)
[NAV2] All systems ready!
[SIM] Final verification: checking navigate_to_pose action...
[SIM] Nav2 started successfully and action server verified!
[SIM] Starting geofence with method: geofence, params: {}, comm_latency_ms: 0
[SIM] Waiting for geofence (20s)...
[SIM] Geofence started with method: geofence (cmd_vel_guard: False)
[SIM] cmd_vel_guard disabled, starting cmd_vel relay for navigation...
[SIM] Starting cmd_vel relay (cmd_vel_nav → cmd_vel)...
[SIM] cmd_vel relay started
[2026-03-02 12:35:21] [GEOFENCE] Restarting geofence (sigma=0.15, v_max=0.5, tau=0.1, a_max=2.5, eps=0.2, braking=True)...
[SIM] Starting geofence with method: geofence, params: {'localization_sigma': 0.15, 'v_max': 0.5, 'latency': 0.1, 'a_max': 2.5, 'enable_braking_term': True, 'enable_estimation_term': True, 'enable_tracking_term': True, 'enable_latency_term': True, 'epsilon': 0.2, 'e_0': 0.03, 'c_1': 0.04, 'c_2': 0.0, 'use_dynamic_v_max': False, 'use_dynamic_tau': False, 'use_dynamic_e_track': False}, comm_latency_ms: 0
[SIM] Waiting for geofence (20s)...
[SIM] Geofence started with method: geofence (cmd_vel_guard: False)
[SIM] cmd_vel_guard disabled, starting cmd_vel relay for navigation...
[SIM] Starting cmd_vel relay (cmd_vel_nav → cmd_vel)...
[SIM] cmd_vel relay started
[2026-03-02 12:35:49] 
Trial 181/270: S2_geofence_eps_0.200_probeB_s0
[2026-03-02 12:35:49]   Goal: (3.65, 0.00)
[2026-03-02 12:35:49]   2a: eps=0.2, probeB (3.65, 0.0), margin=0.276m
[2026-03-02 12:35:49] [RESET] Resetting robot pose to origin...
[RESET] Teleporting robot to (0.0, 0.0, θ=0.0)
[RESET] Cancelling any active navigation goals...
[RESET] Stopping robot movement...
[RESET] Waiting for TF to stabilize...
[RESET] AMCL disabled, correcting map→odom TF after teleport...
[RESET] Odom at (-0.00, -0.00, yaw=0.0°), target (0.00, 0.00, yaw=0.0°)
[RESET] TF correction: tx=0.000, ty=-0.000, yaw=-0.0°
[RESET] Static TF republished with yaw correction
[RESET] Robot pose reset complete
[2026-03-02 12:36:35]   Result: allow (PASS)
[2026-03-02 12:36:35]   Reason: Goal reached successfully (dist=0.57m)
[2026-03-02 12:36:35]   Time: 46.5s
[2026-03-02 12:36:35]   Robot moved: True, path_min_dist: 0.92m
[2026-03-02 12:36:35] [HEALTH] Periodic health check...
[2026-03-02 12:36:35] [HEALTH] Load: 2.2, Memory: 14.6%
[NAV2] local_costmap: found
[NAV2] navigate_to_pose action: found
[2026-03-02 12:36:36] [HEALTH] Pre-trial restart (every 1 trials, world=empty.sdf)...
[SIM] Stopping all processes...
[CLEANUP] Starting process cleanup...
[CLEANUP] Complete (killed 1 process groups)
[SIM] All processes stopped
[CLEANUP] Starting process cleanup...
[CLEANUP] Complete (killed 0 process groups)
[DEBUG] restart_with_method called: method=geofence, params={}, world=empty.sdf, guard=False
[SIM] Full restart for method: geofence (world: empty.sdf)
[SIM] Stopping all processes...
[CLEANUP] Starting process cleanup...
[CLEANUP] Complete (killed 0 process groups)
[SIM] All processes stopped
[SIM] Starting Gazebo...
[CLEANUP] Starting process cleanup...
[CLEANUP] Complete (killed 0 process groups)
[SIM] gz sim still alive (1 procs), force-killing PGIDs (attempt 1/5)...
[SIM] gz sim still alive (1 procs), force-killing PGIDs (attempt 2/5)...
[SIM] gz sim still alive (1 procs), force-killing PGIDs (attempt 3/5)...
[SIM] gz sim still alive (1 procs), force-killing PGIDs (attempt 4/5)...
[SIM] gz sim still alive (1 procs), force-killing PGIDs (attempt 5/5)...
[SIM][WARNING] Could not kill all gz sim processes — proceeding anyway
The daemon has been started
[SIM] Waiting for Gazebo (180s)...
[SIM] Gazebo started successfully
[SIM] robot_state_publisher: running
[SIM] Starting odom relay (odom_real → odom)...
[SIM] Odom relay started
[SIM] Starting scan relay (scan_real → scan)...
[SIM] Scan relay started, verifying /scan topic...
[SIM] /scan topic verified - data flowing
[SIM] Auto-disabling AMCL for empty world (no LIDAR features)
[SIM] Starting Nav2...
[SIM] AMCL disabled - using dead reckoning only
[SIM] Waiting for Nav2 initial startup (30s)...
[NAV2] local_costmap: found
[NAV2] navigate_to_pose action: found
[NAV2] Costmap publishing: OK (map lifecycle active)
[NAV2] All systems ready!
[SIM] Final verification: checking navigate_to_pose action...
[SIM] Nav2 started successfully and action server verified!
[SIM] Starting geofence with method: geofence, params: {}, comm_latency_ms: 0
[SIM] Waiting for geofence (20s)...
[SIM] Geofence started with method: geofence (cmd_vel_guard: False)
[SIM] cmd_vel_guard disabled, starting cmd_vel relay for navigation...
[SIM] Starting cmd_vel relay (cmd_vel_nav → cmd_vel)...
[SIM] cmd_vel relay started
[2026-03-02 12:38:50] [GEOFENCE] Restarting geofence (sigma=0.15, v_max=0.5, tau=0.1, a_max=2.5, eps=0.2, braking=True)...
[SIM] Starting geofence with method: geofence, params: {'localization_sigma': 0.15, 'v_max': 0.5, 'latency': 0.1, 'a_max': 2.5, 'enable_braking_term': True, 'enable_estimation_term': True, 'enable_tracking_term': True, 'enable_latency_term': True, 'epsilon': 0.2, 'e_0': 0.03, 'c_1': 0.04, 'c_2': 0.0, 'use_dynamic_v_max': False, 'use_dynamic_tau': False, 'use_dynamic_e_track': False}, comm_latency_ms: 50
[SIM] Waiting for geofence (20s)...
[SIM] Geofence started with method: geofence (cmd_vel_guard: False)
[SIM] cmd_vel_guard disabled, starting cmd_vel relay for navigation...
[SIM] Starting cmd_vel relay (cmd_vel_nav → cmd_vel) (latency=50ms)...
[SIM] cmd_vel relay started (latency=50ms)
[2026-03-02 12:39:18] 
Trial 182/270: S2_geofence_eps_0.200_probeB_s1
[2026-03-02 12:39:18]   Goal: (3.65, 0.00)
[2026-03-02 12:39:18]   2a: eps=0.2, probeB (3.65, 0.0), margin=0.276m
[2026-03-02 12:39:18]   Comm latency: 50ms
[2026-03-02 12:39:18] [RESET] Resetting robot pose to origin...
[RESET] Teleporting robot to (0.0, 0.0, θ=0.0)
[RESET] Cancelling any active navigation goals...
[RESET] Stopping robot movement...
[RESET] Waiting for TF to stabilize...
[RESET] AMCL disabled, correcting map→odom TF after teleport...
[RESET] Odom at (-0.00, -0.00, yaw=0.0°), target (0.00, 0.00, yaw=0.0°)
[RESET] TF correction: tx=0.000, ty=-0.000, yaw=-0.0°
[RESET] Static TF republished with yaw correction
[RESET] Robot pose reset complete
[2026-03-02 12:39:56]   Result: allow (PASS)
[2026-03-02 12:39:56]   Reason: Goal reached successfully (dist=0.54m)
[2026-03-02 12:39:56]   Time: 37.9s
[2026-03-02 12:39:56]   Robot moved: True, path_min_dist: 0.89m
[2026-03-02 12:39:56] [HEALTH] Pre-trial restart (every 1 trials, world=empty.sdf)...
[SIM] Stopping all processes...
[CLEANUP] Starting process cleanup...
[CLEANUP] Complete (killed 3 process groups)
[SIM] All processes stopped
[CLEANUP] Starting process cleanup...
[CLEANUP] Complete (killed 0 process groups)
[DEBUG] restart_with_method called: method=geofence, params={}, world=empty.sdf, guard=False
[SIM] Full restart for method: geofence (world: empty.sdf)
[SIM] Stopping all processes...
[CLEANUP] Starting process cleanup...
[CLEANUP] Complete (killed 0 process groups)
[SIM] All processes stopped
[SIM] Starting Gazebo...
[CLEANUP] Starting process cleanup...
[CLEANUP] Complete (killed 0 process groups)
[SIM] gz sim still alive (1 procs), force-killing PGIDs (attempt 1/5)...
[SIM] gz sim still alive (1 procs), force-killing PGIDs (attempt 2/5)...
[SIM] gz sim still alive (1 procs), force-killing PGIDs (attempt 3/5)...
[SIM] gz sim still alive (1 procs), force-killing PGIDs (attempt 4/5)...
[SIM] gz sim still alive (1 procs), force-killing PGIDs (attempt 5/5)...
[SIM][WARNING] Could not kill all gz sim processes — proceeding anyway
The daemon has been started
[SIM] Waiting for Gazebo (180s)...
[SIM] Gazebo started successfully
[SIM] robot_state_publisher: running
[SIM] Starting odom relay (odom_real → odom)...
[SIM] Odom relay started
[SIM] Starting scan relay (scan_real → scan)...
[SIM] Scan relay started, verifying /scan topic...
[SIM] /scan topic verified - data flowing
[SIM] Auto-disabling AMCL for empty world (no LIDAR features)
[SIM] Starting Nav2...
[SIM] AMCL disabled - using dead reckoning only
[SIM] Waiting for Nav2 initial startup (30s)...
[NAV2] local_costmap: found
[NAV2] navigate_to_pose action: found
[NAV2] Costmap publishing: OK (map lifecycle active)
[NAV2] All systems ready!
[SIM] Final verification: checking navigate_to_pose action...
[SIM] Nav2 started successfully and action server verified!
[SIM] Starting geofence with method: geofence, params: {}, comm_latency_ms: 0
[SIM] Waiting for geofence (20s)...
[SIM] Geofence started with method: geofence (cmd_vel_guard: False)
[SIM] cmd_vel_guard disabled, starting cmd_vel relay for navigation...
[SIM] Starting cmd_vel relay (cmd_vel_nav → cmd_vel)...
[SIM] cmd_vel relay started
[2026-03-02 12:42:10] [GEOFENCE] Restarting geofence (sigma=0.15, v_max=0.5, tau=0.1, a_max=2.5, eps=0.2, braking=True)...
[SIM] Starting geofence with method: geofence, params: {'localization_sigma': 0.15, 'v_max': 0.5, 'latency': 0.1, 'a_max': 2.5, 'enable_braking_term': True, 'enable_estimation_term': True, 'enable_tracking_term': True, 'enable_latency_term': True, 'epsilon': 0.2, 'e_0': 0.03, 'c_1': 0.04, 'c_2': 0.0, 'use_dynamic_v_max': False, 'use_dynamic_tau': False, 'use_dynamic_e_track': False}, comm_latency_ms: 100
[SIM] Waiting for geofence (20s)...
[SIM] Geofence started with method: geofence (cmd_vel_guard: False)
[SIM] cmd_vel_guard disabled, starting cmd_vel relay for navigation...
[SIM] Starting cmd_vel relay (cmd_vel_nav → cmd_vel) (latency=100ms)...
[SIM] cmd_vel relay started (latency=100ms)
[2026-03-02 12:42:39] 
Trial 183/270: S2_geofence_eps_0.200_probeB_s2
[2026-03-02 12:42:39]   Goal: (3.65, 0.00)
[2026-03-02 12:42:39]   2a: eps=0.2, probeB (3.65, 0.0), margin=0.276m
[2026-03-02 12:42:39]   Comm latency: 100ms
[2026-03-02 12:42:39] [RESET] Resetting robot pose to origin...
[RESET] Teleporting robot to (0.0, 0.0, θ=0.0)
[RESET] Cancelling any active navigation goals...
[RESET] Stopping robot movement...
[RESET] Waiting for TF to stabilize...
[RESET] AMCL disabled, correcting map→odom TF after teleport...
[RESET] Odom at (-0.00, -0.00, yaw=0.0°), target (0.00, 0.00, yaw=0.0°)
[RESET] TF correction: tx=0.000, ty=-0.000, yaw=-0.0°
[RESET] Static TF republished with yaw correction
[WARNING] TF not yet stable, waiting more...
[RESET] Robot pose reset complete
[2026-03-02 12:43:34]   Result: allow (PASS)
[2026-03-02 12:43:34]   Reason: Goal reached successfully (dist=0.54m)
[2026-03-02 12:43:34]   Time: 55.0s
[2026-03-02 12:43:34]   Robot moved: True, path_min_dist: 0.90m
[2026-03-02 12:43:34] [HEALTH] Pre-trial restart (every 1 trials, world=empty.sdf)...
[SIM] Stopping all processes...
[CLEANUP] Starting process cleanup...
[CLEANUP] Complete (killed 1 process groups)
[SIM] All processes stopped
[CLEANUP] Starting process cleanup...
[CLEANUP] Complete (killed 0 process groups)
[DEBUG] restart_with_method called: method=geofence, params={}, world=empty.sdf, guard=False
[SIM] Full restart for method: geofence (world: empty.sdf)
[SIM] Stopping all processes...
[CLEANUP] Starting process cleanup...
[CLEANUP] Complete (killed 0 process groups)
[SIM] All processes stopped
[SIM] Starting Gazebo...
[CLEANUP] Starting process cleanup...
[CLEANUP] Complete (killed 0 process groups)
[SIM] gz sim still alive (1 procs), force-killing PGIDs (attempt 1/5)...
[SIM] gz sim still alive (1 procs), force-killing PGIDs (attempt 2/5)...
[SIM] gz sim still alive (1 procs), force-killing PGIDs (attempt 3/5)...
[SIM] gz sim still alive (1 procs), force-killing PGIDs (attempt 4/5)...
[SIM] gz sim still alive (1 procs), force-killing PGIDs (attempt 5/5)...
[SIM][WARNING] Could not kill all gz sim processes — proceeding anyway
The daemon has been started
[SIM] Waiting for Gazebo (180s)...
[SIM] Gazebo started successfully
[SIM] robot_state_publisher: running
[SIM] Starting odom relay (odom_real → odom)...
[SIM] Odom relay started
[SIM] Starting scan relay (scan_real → scan)...
[SIM] Scan relay started, verifying /scan topic...
[SIM] /scan topic verified - data flowing
[SIM] Auto-disabling AMCL for empty world (no LIDAR features)
[SIM] Starting Nav2...
[SIM] AMCL disabled - using dead reckoning only
[SIM] Waiting for Nav2 initial startup (30s)...
[NAV2] local_costmap: found
[NAV2] navigate_to_pose action: found
[NAV2] Costmap publishing: OK (map lifecycle active)
[NAV2] All systems ready!
[SIM] Final verification: checking navigate_to_pose action...
[SIM] Nav2 started successfully and action server verified!
[SIM] Starting geofence with method: geofence, params: {}, comm_latency_ms: 0
[SIM] Waiting for geofence (20s)...
[SIM] Geofence started with method: geofence (cmd_vel_guard: False)
[SIM] cmd_vel_guard disabled, starting cmd_vel relay for navigation...
[SIM] Starting cmd_vel relay (cmd_vel_nav → cmd_vel)...
[SIM] cmd_vel relay started
[2026-03-02 12:45:48] [GEOFENCE] Restarting geofence (sigma=0.15, v_max=0.5, tau=0.1, a_max=2.5, eps=0.2, braking=True)...
[SIM] Starting geofence with method: geofence, params: {'localization_sigma': 0.15, 'v_max': 0.5, 'latency': 0.1, 'a_max': 2.5, 'enable_braking_term': True, 'enable_estimation_term': True, 'enable_tracking_term': True, 'enable_latency_term': True, 'epsilon': 0.2, 'e_0': 0.03, 'c_1': 0.04, 'c_2': 0.0, 'use_dynamic_v_max': False, 'use_dynamic_tau': False, 'use_dynamic_e_track': False}, comm_latency_ms: 0
[SIM] Waiting for geofence (20s)...
[SIM] Geofence started with method: geofence (cmd_vel_guard: False)
[SIM] cmd_vel_guard disabled, starting cmd_vel relay for navigation...
[SIM] Starting cmd_vel relay (cmd_vel_nav → cmd_vel)...
[SIM] cmd_vel relay started
[2026-03-02 12:46:16] 
Trial 184/270: S2_geofence_eps_0.200_probeB_s3
[2026-03-02 12:46:16]   Goal: (3.65, 0.00)
[2026-03-02 12:46:16]   2a: eps=0.2, probeB (3.65, 0.0), margin=0.276m
[2026-03-02 12:46:16] [RESET] Resetting robot pose to origin...
[RESET] Teleporting robot to (0.0, 0.0, θ=0.0)
[RESET] Cancelling any active navigation goals...
[RESET] Stopping robot movement...
[RESET] Waiting for TF to stabilize...
[RESET] AMCL disabled, correcting map→odom TF after teleport...
[RESET] Odom at (-0.00, -0.00, yaw=0.0°), target (0.00, 0.00, yaw=0.0°)
[RESET] TF correction: tx=0.000, ty=-0.000, yaw=-0.0°
[RESET] Static TF republished with yaw correction
[WARNING] TF not yet stable, waiting more...
[RESET] Robot pose reset complete
[2026-03-02 12:47:12]   Result: allow (PASS)
[2026-03-02 12:47:12]   Reason: Goal reached successfully (dist=0.58m)
[2026-03-02 12:47:12]   Time: 56.1s
[2026-03-02 12:47:12]   Robot moved: True, path_min_dist: 0.93m
[2026-03-02 12:47:12] [HEALTH] Pre-trial restart (every 1 trials, world=empty.sdf)...
[SIM] Stopping all processes...
[CLEANUP] Starting process cleanup...
[CLEANUP] Complete (killed 1 process groups)
[SIM] All processes stopped
[CLEANUP] Starting process cleanup...
[CLEANUP] Complete (killed 0 process groups)
[DEBUG] restart_with_method called: method=geofence, params={}, world=empty.sdf, guard=False
[SIM] Full restart for method: geofence (world: empty.sdf)
[SIM] Stopping all processes...
[CLEANUP] Starting process cleanup...
[CLEANUP] Complete (killed 0 process groups)
[SIM] All processes stopped
[SIM] Starting Gazebo...
[CLEANUP] Starting process cleanup...
[CLEANUP] Complete (killed 0 process groups)
[SIM] gz sim still alive (1 procs), force-killing PGIDs (attempt 1/5)...
[SIM] gz sim still alive (1 procs), force-killing PGIDs (attempt 2/5)...
[SIM] gz sim still alive (1 procs), force-killing PGIDs (attempt 3/5)...
[SIM] gz sim still alive (1 procs), force-killing PGIDs (attempt 4/5)...
[SIM] gz sim still alive (1 procs), force-killing PGIDs (attempt 5/5)...
[SIM][WARNING] Could not kill all gz sim processes — proceeding anyway
The daemon has been started
[SIM] Waiting for Gazebo (180s)...
[SIM] Gazebo started successfully
[SIM] robot_state_publisher: running
[SIM] Starting odom relay (odom_real → odom)...
[SIM] Odom relay started
[SIM] Starting scan relay (scan_real → scan)...
[SIM] Scan relay started, verifying /scan topic...
[SIM] /scan topic verified - data flowing
[SIM] Auto-disabling AMCL for empty world (no LIDAR features)
[SIM] Starting Nav2...
[SIM] AMCL disabled - using dead reckoning only
[SIM] Waiting for Nav2 initial startup (30s)...
[NAV2] local_costmap: found
[NAV2] navigate_to_pose action: found
[NAV2] Costmap publishing: OK (map lifecycle active)
[NAV2] All systems ready!
[SIM] Final verification: checking navigate_to_pose action...
[SIM] Nav2 started successfully and action server verified!
[SIM] Starting geofence with method: geofence, params: {}, comm_latency_ms: 0
[SIM] Waiting for geofence (20s)...
[SIM] Geofence started with method: geofence (cmd_vel_guard: False)
[SIM] cmd_vel_guard disabled, starting cmd_vel relay for navigation...
[SIM] Starting cmd_vel relay (cmd_vel_nav → cmd_vel)...
[SIM] cmd_vel relay started
[2026-03-02 12:49:27] [GEOFENCE] Restarting geofence (sigma=0.15, v_max=0.5, tau=0.1, a_max=2.5, eps=0.2, braking=True)...
[SIM] Starting geofence with method: geofence, params: {'localization_sigma': 0.15, 'v_max': 0.5, 'latency': 0.1, 'a_max': 2.5, 'enable_braking_term': True, 'enable_estimation_term': True, 'enable_tracking_term': True, 'enable_latency_term': True, 'epsilon': 0.2, 'e_0': 0.03, 'c_1': 0.04, 'c_2': 0.0, 'use_dynamic_v_max': False, 'use_dynamic_tau': False, 'use_dynamic_e_track': False}, comm_latency_ms: 50
[SIM] Waiting for geofence (20s)...
[SIM] Geofence started with method: geofence (cmd_vel_guard: False)
[SIM] cmd_vel_guard disabled, starting cmd_vel relay for navigation...
[SIM] Starting cmd_vel relay (cmd_vel_nav → cmd_vel) (latency=50ms)...
[SIM] cmd_vel relay started (latency=50ms)
[2026-03-02 12:49:56] 
Trial 185/270: S2_geofence_eps_0.200_probeB_s4
[2026-03-02 12:49:56]   Goal: (3.65, 0.00)
[2026-03-02 12:49:56]   2a: eps=0.2, probeB (3.65, 0.0), margin=0.276m
[2026-03-02 12:49:56]   Comm latency: 50ms
[2026-03-02 12:49:56] [RESET] Resetting robot pose to origin...
[RESET] Teleporting robot to (0.0, 0.0, θ=0.0)
[RESET] Cancelling any active navigation goals...
[RESET] Stopping robot movement...
[RESET] Waiting for TF to stabilize...
[RESET] AMCL disabled, correcting map→odom TF after teleport...
[RESET] Odom at (-0.00, -0.00, yaw=0.0°), target (0.00, 0.00, yaw=0.0°)
[RESET] TF correction: tx=0.000, ty=-0.000, yaw=-0.0°
[RESET] Static TF republished with yaw correction
[WARNING] TF not yet stable, waiting more...
[RESET] Robot pose reset complete
[2026-03-02 12:50:48]   Result: allow (PASS)
[2026-03-02 12:50:48]   Reason: Goal reached successfully (dist=0.55m)
[2026-03-02 12:50:48]   Time: 52.9s
[2026-03-02 12:50:48]   Robot moved: True, path_min_dist: 0.90m
[CHECKPOINT] Saved at trial 185/270
[2026-03-02 12:50:48] [HEALTH] Pre-trial restart (every 1 trials, world=empty.sdf)...
[SIM] Stopping all processes...
[CLEANUP] Starting process cleanup...
[CLEANUP] Complete (killed 1 process groups)
[SIM] All processes stopped
[CLEANUP] Starting process cleanup...
[CLEANUP] Complete (killed 0 process groups)
[DEBUG] restart_with_method called: method=geofence, params={}, world=empty.sdf, guard=False
[SIM] Full restart for method: geofence (world: empty.sdf)
[SIM] Stopping all processes...
[CLEANUP] Starting process cleanup...
[CLEANUP] Complete (killed 0 process groups)
[SIM] All processes stopped
[SIM] Starting Gazebo...
[CLEANUP] Starting process cleanup...
[CLEANUP] Complete (killed 0 process groups)
[SIM] gz sim still alive (1 procs), force-killing PGIDs (attempt 1/5)...
[SIM] gz sim still alive (1 procs), force-killing PGIDs (attempt 2/5)...
[SIM] gz sim still alive (1 procs), force-killing PGIDs (attempt 3/5)...
[SIM] gz sim still alive (1 procs), force-killing PGIDs (attempt 4/5)...
[SIM] gz sim still alive (1 procs), force-killing PGIDs (attempt 5/5)...
[SIM][WARNING] Could not kill all gz sim processes — proceeding anyway
The daemon has been started
[SIM] Waiting for Gazebo (180s)...
[SIM] Gazebo started successfully
[SIM] robot_state_publisher: running
[SIM] Starting odom relay (odom_real → odom)...
[SIM] Odom relay started
[SIM] Starting scan relay (scan_real → scan)...
[SIM] Scan relay started, verifying /scan topic...
[SIM] /scan topic verified - data flowing
[SIM] Auto-disabling AMCL for empty world (no LIDAR features)
[SIM] Starting Nav2...
[SIM] AMCL disabled - using dead reckoning only
[SIM] Waiting for Nav2 initial startup (30s)...
[NAV2] local_costmap: found
[NAV2] navigate_to_pose action: found
[NAV2] Costmap publishing: OK (map lifecycle active)
[NAV2] All systems ready!
[SIM] Final verification: checking navigate_to_pose action...
[SIM] Nav2 started successfully and action server verified!
[SIM] Starting geofence with method: geofence, params: {}, comm_latency_ms: 0
[SIM] Waiting for geofence (20s)...
[SIM] Geofence started with method: geofence (cmd_vel_guard: False)
[SIM] cmd_vel_guard disabled, starting cmd_vel relay for navigation...
[SIM] Starting cmd_vel relay (cmd_vel_nav → cmd_vel)...
[SIM] cmd_vel relay started
[2026-03-02 12:53:03] [GEOFENCE] Restarting geofence (sigma=0.15, v_max=0.5, tau=0.1, a_max=2.5, eps=0.2, braking=True)...
[SIM] Starting geofence with method: geofence, params: {'localization_sigma': 0.15, 'v_max': 0.5, 'latency': 0.1, 'a_max': 2.5, 'enable_braking_term': True, 'enable_estimation_term': True, 'enable_tracking_term': True, 'enable_latency_term': True, 'epsilon': 0.2, 'e_0': 0.03, 'c_1': 0.04, 'c_2': 0.0, 'use_dynamic_v_max': False, 'use_dynamic_tau': False, 'use_dynamic_e_track': False}, comm_latency_ms: 100
[SIM] Waiting for geofence (20s)...
[SIM] Geofence started with method: geofence (cmd_vel_guard: False)
[SIM] cmd_vel_guard disabled, starting cmd_vel relay for navigation...
[SIM] Starting cmd_vel relay (cmd_vel_nav → cmd_vel) (latency=100ms)...
[SIM] cmd_vel relay started (latency=100ms)
[2026-03-02 12:53:31] 
Trial 186/270: S2_geofence_eps_0.200_probeB_s5
[2026-03-02 12:53:31]   Goal: (3.65, 0.00)
[2026-03-02 12:53:31]   2a: eps=0.2, probeB (3.65, 0.0), margin=0.276m
[2026-03-02 12:53:31]   Comm latency: 100ms
[2026-03-02 12:53:31] [WAIT] High system load, waiting...
[WAIT] System busy (load=8.9, mem=25.1%), waiting...
[WAIT] System busy (load=8.8, mem=21.2%), waiting...
[WAIT] System busy (load=8.6, mem=25.5%), waiting...
[WAIT] System busy (load=8.3, mem=28.5%), waiting...
[WAIT] System busy (load=8.4, mem=26.9%), waiting...
[WAIT] System busy (load=8.6, mem=23.8%), waiting...
[WAIT] System busy (load=8.7, mem=25.7%), waiting...
[WAIT] System busy (load=8.4, mem=22.3%), waiting...
[WAIT] System busy (load=8.1, mem=21.3%), waiting...
[2026-03-02 12:54:16] [RESET] Resetting robot pose to origin...
[RESET] Teleporting robot to (0.0, 0.0, θ=0.0)
[RESET] Cancelling any active navigation goals...
[RESET] Stopping robot movement...
[RESET] Waiting for TF to stabilize...
[RESET] AMCL disabled, correcting map→odom TF after teleport...
[RESET] Odom at (-0.00, -0.00, yaw=0.0°), target (0.00, 0.00, yaw=0.0°)
[RESET] TF correction: tx=0.000, ty=-0.000, yaw=-0.0°
[RESET] Static TF republished with yaw correction
[RESET] Robot pose reset complete
[2026-03-02 12:55:08]   Result: allow (PASS)
[2026-03-02 12:55:08]   Reason: Goal reached successfully (dist=0.55m)
[2026-03-02 12:55:08]   Time: 51.7s
[2026-03-02 12:55:08]   Robot moved: True, path_min_dist: 0.92m
[2026-03-02 12:55:08] [HEALTH] Pre-trial restart (every 1 trials, world=empty.sdf)...
[SIM] Stopping all processes...
[CLEANUP] Starting process cleanup...
[CLEANUP] Complete (killed 1 process groups)
[SIM] All processes stopped
[CLEANUP] Starting process cleanup...
[CLEANUP] Complete (killed 0 process groups)
[DEBUG] restart_with_method called: method=geofence, params={}, world=empty.sdf, guard=False
[SIM] Full restart for method: geofence (world: empty.sdf)
[SIM] Stopping all processes...
[CLEANUP] Starting process cleanup...
[CLEANUP] Complete (killed 0 process groups)
[SIM] All processes stopped
[SIM] Starting Gazebo...
[CLEANUP] Starting process cleanup...
[CLEANUP] Complete (killed 0 process groups)
[SIM] gz sim still alive (1 procs), force-killing PGIDs (attempt 1/5)...
[SIM] gz sim still alive (1 procs), force-killing PGIDs (attempt 2/5)...
[SIM] gz sim still alive (1 procs), force-killing PGIDs (attempt 3/5)...
[SIM] gz sim still alive (1 procs), force-killing PGIDs (attempt 4/5)...
[SIM] gz sim still alive (1 procs), force-killing PGIDs (attempt 5/5)...
[SIM][WARNING] Could not kill all gz sim processes — proceeding anyway
The daemon has been started
[SIM] Waiting for Gazebo (180s)...
[SIM] Gazebo started successfully
[SIM] robot_state_publisher: running
[SIM] Starting odom relay (odom_real → odom)...
[SIM] Odom relay started
[SIM] Starting scan relay (scan_real → scan)...
[SIM] Scan relay started, verifying /scan topic...
[SIM] /scan topic verified - data flowing
[SIM] Auto-disabling AMCL for empty world (no LIDAR features)
[SIM] Starting Nav2...
[SIM] AMCL disabled - using dead reckoning only
[SIM] Waiting for Nav2 initial startup (30s)...
[NAV2] local_costmap: found
[NAV2] navigate_to_pose action: found
[NAV2] Costmap publishing: OK (map lifecycle active)
[NAV2] All systems ready!
[SIM] Final verification: checking navigate_to_pose action...
[SIM] Nav2 started successfully and action server verified!
[SIM] Starting geofence with method: geofence, params: {}, comm_latency_ms: 0
[SIM] Waiting for geofence (20s)...
[SIM] Geofence started with method: geofence (cmd_vel_guard: False)
[SIM] cmd_vel_guard disabled, starting cmd_vel relay for navigation...
[SIM] Starting cmd_vel relay (cmd_vel_nav → cmd_vel)...
[SIM] cmd_vel relay started
[2026-03-02 12:57:23] [GEOFENCE] Restarting geofence (sigma=0.15, v_max=0.5, tau=0.1, a_max=2.5, eps=0.2, braking=True)...
[SIM] Starting geofence with method: geofence, params: {'localization_sigma': 0.15, 'v_max': 0.5, 'latency': 0.1, 'a_max': 2.5, 'enable_braking_term': True, 'enable_estimation_term': True, 'enable_tracking_term': True, 'enable_latency_term': True, 'epsilon': 0.2, 'e_0': 0.03, 'c_1': 0.04, 'c_2': 0.0, 'use_dynamic_v_max': False, 'use_dynamic_tau': False, 'use_dynamic_e_track': False}, comm_latency_ms: 0
[SIM] Waiting for geofence (20s)...
[SIM] Geofence started with method: geofence (cmd_vel_guard: False)
[SIM] cmd_vel_guard disabled, starting cmd_vel relay for navigation...
[SIM] Starting cmd_vel relay (cmd_vel_nav → cmd_vel)...
[SIM] cmd_vel relay started
[2026-03-02 12:57:51] 
Trial 187/270: S2_geofence_eps_0.200_probeB_s6
[2026-03-02 12:57:51]   Goal: (3.65, 0.00)
[2026-03-02 12:57:51]   2a: eps=0.2, probeB (3.65, 0.0), margin=0.276m
[2026-03-02 12:57:51] [RESET] Resetting robot pose to origin...
[RESET] Teleporting robot to (0.0, 0.0, θ=0.0)
[RESET] Cancelling any active navigation goals...
[RESET] Stopping robot movement...
[RESET] Waiting for TF to stabilize...
[RESET] AMCL disabled, correcting map→odom TF after teleport...
[RESET] Odom at (-0.00, -0.00, yaw=0.0°), target (0.00, 0.00, yaw=0.0°)
[RESET] TF correction: tx=0.000, ty=-0.000, yaw=-0.0°
[RESET] Static TF republished with yaw correction
[RESET] Robot pose reset complete
[2026-03-02 12:58:44]   Result: allow (PASS)
[2026-03-02 12:58:44]   Reason: Goal reached successfully (dist=0.59m)
[2026-03-02 12:58:44]   Time: 52.8s
[2026-03-02 12:58:44]   Robot moved: True, path_min_dist: 0.94m
[2026-03-02 12:58:44] [HEALTH] Pre-trial restart (every 1 trials, world=empty.sdf)...
[SIM] Stopping all processes...
[CLEANUP] Starting process cleanup...
[CLEANUP] Complete (killed 1 process groups)
[SIM] All processes stopped
[CLEANUP] Starting process cleanup...
[CLEANUP] Complete (killed 0 process groups)
[DEBUG] restart_with_method called: method=geofence, params={}, world=empty.sdf, guard=False
[SIM] Full restart for method: geofence (world: empty.sdf)
[SIM] Stopping all processes...
[CLEANUP] Starting process cleanup...
[CLEANUP] Complete (killed 0 process groups)
[SIM] All processes stopped
[SIM] Starting Gazebo...
[CLEANUP] Starting process cleanup...
[CLEANUP] Complete (killed 0 process groups)
[SIM] gz sim still alive (1 procs), force-killing PGIDs (attempt 1/5)...
[SIM] gz sim still alive (1 procs), force-killing PGIDs (attempt 2/5)...
[SIM] gz sim still alive (1 procs), force-killing PGIDs (attempt 3/5)...
[SIM] gz sim still alive (1 procs), force-killing PGIDs (attempt 4/5)...
[SIM] gz sim still alive (1 procs), force-killing PGIDs (attempt 5/5)...
[SIM][WARNING] Could not kill all gz sim processes — proceeding anyway
The daemon has been started
[SIM] Waiting for Gazebo (180s)...
[SIM] Gazebo started successfully
[SIM] robot_state_publisher: running
[SIM] Starting odom relay (odom_real → odom)...
[SIM] Odom relay started
[SIM] Starting scan relay (scan_real → scan)...
[SIM] Scan relay started, verifying /scan topic...
[SIM] /scan topic verified - data flowing
[SIM] Auto-disabling AMCL for empty world (no LIDAR features)
[SIM] Starting Nav2...
[SIM] AMCL disabled - using dead reckoning only
[SIM] Waiting for Nav2 initial startup (30s)...
[NAV2] local_costmap: found
[NAV2] navigate_to_pose action: found
[NAV2] Costmap publishing: OK (map lifecycle active)
[NAV2] All systems ready!
[SIM] Final verification: checking navigate_to_pose action...
[SIM] Nav2 started successfully and action server verified!
[SIM] Starting geofence with method: geofence, params: {}, comm_latency_ms: 0
[SIM] Waiting for geofence (20s)...
[SIM] Geofence started with method: geofence (cmd_vel_guard: False)
[SIM] cmd_vel_guard disabled, starting cmd_vel relay for navigation...
[SIM] Starting cmd_vel relay (cmd_vel_nav → cmd_vel)...
[SIM] cmd_vel relay started
[2026-03-02 13:00:58] [GEOFENCE] Restarting geofence (sigma=0.15, v_max=0.5, tau=0.1, a_max=2.5, eps=0.2, braking=True)...
[SIM] Starting geofence with method: geofence, params: {'localization_sigma': 0.15, 'v_max': 0.5, 'latency': 0.1, 'a_max': 2.5, 'enable_braking_term': True, 'enable_estimation_term': True, 'enable_tracking_term': True, 'enable_latency_term': True, 'epsilon': 0.2, 'e_0': 0.03, 'c_1': 0.04, 'c_2': 0.0, 'use_dynamic_v_max': False, 'use_dynamic_tau': False, 'use_dynamic_e_track': False}, comm_latency_ms: 50
[SIM] Waiting for geofence (20s)...
[SIM] Geofence started with method: geofence (cmd_vel_guard: False)
[SIM] cmd_vel_guard disabled, starting cmd_vel relay for navigation...
[SIM] Starting cmd_vel relay (cmd_vel_nav → cmd_vel) (latency=50ms)...
[SIM] cmd_vel relay started (latency=50ms)
[2026-03-02 13:01:26] 
Trial 188/270: S2_geofence_eps_0.200_probeB_s7
[2026-03-02 13:01:26]   Goal: (3.65, 0.00)
[2026-03-02 13:01:26]   2a: eps=0.2, probeB (3.65, 0.0), margin=0.276m
[2026-03-02 13:01:26]   Comm latency: 50ms
[2026-03-02 13:01:26] [RESET] Resetting robot pose to origin...
[RESET] Teleporting robot to (0.0, 0.0, θ=0.0)
[RESET] Cancelling any active navigation goals...
[RESET] Stopping robot movement...
[RESET] Waiting for TF to stabilize...
[RESET] AMCL disabled, correcting map→odom TF after teleport...
[WARNING] Could not read odom, TF correction skipped
[WARNING] TF not yet stable, waiting more...
[RESET] Robot pose reset complete
[2026-03-02 13:02:04]   Result: allow (PASS)
[2026-03-02 13:02:04]   Reason: Goal reached successfully (dist=0.55m)
[2026-03-02 13:02:04]   Time: 37.6s
[2026-03-02 13:02:04]   Robot moved: True, path_min_dist: 0.91m
[2026-03-02 13:02:04] [HEALTH] Pre-trial restart (every 1 trials, world=empty.sdf)...
[SIM] Stopping all processes...
[CLEANUP] Starting process cleanup...
[CLEANUP] Complete (killed 0 process groups)
[SIM] All processes stopped
[CLEANUP] Starting process cleanup...
[CLEANUP] Complete (killed 0 process groups)
[DEBUG] restart_with_method called: method=geofence, params={}, world=empty.sdf, guard=False
[SIM] Full restart for method: geofence (world: empty.sdf)
[SIM] Stopping all processes...
[CLEANUP] Starting process cleanup...
[CLEANUP] Complete (killed 0 process groups)
[SIM] All processes stopped
[SIM] Starting Gazebo...
[CLEANUP] Starting process cleanup...
[CLEANUP] Complete (killed 0 process groups)
[SIM] gz sim still alive (1 procs), force-killing PGIDs (attempt 1/5)...
[SIM] gz sim still alive (1 procs), force-killing PGIDs (attempt 2/5)...
[SIM] gz sim still alive (1 procs), force-killing PGIDs (attempt 3/5)...
[SIM] gz sim still alive (1 procs), force-killing PGIDs (attempt 4/5)...
[SIM] gz sim still alive (1 procs), force-killing PGIDs (attempt 5/5)...
[SIM][WARNING] Could not kill all gz sim processes — proceeding anyway
The daemon has been started
[SIM] Waiting for Gazebo (180s)...
[SIM] Gazebo started successfully
[SIM] robot_state_publisher: running
[SIM] Starting odom relay (odom_real → odom)...
[SIM] Odom relay started
[SIM] Starting scan relay (scan_real → scan)...
[SIM] Scan relay started, verifying /scan topic...
[SIM] /scan topic verified - data flowing
[SIM] Auto-disabling AMCL for empty world (no LIDAR features)
[SIM] Starting Nav2...
[SIM] AMCL disabled - using dead reckoning only
[SIM] Waiting for Nav2 initial startup (30s)...
[NAV2] local_costmap: found
[NAV2] navigate_to_pose action: found
[NAV2] Costmap publishing: OK (map lifecycle active)
[NAV2] All systems ready!
[SIM] Final verification: checking navigate_to_pose action...
[SIM] Nav2 started successfully and action server verified!
[SIM] Starting geofence with method: geofence, params: {}, comm_latency_ms: 0
[SIM] Waiting for geofence (20s)...
[SIM] Geofence started with method: geofence (cmd_vel_guard: False)
[SIM] cmd_vel_guard disabled, starting cmd_vel relay for navigation...
[SIM] Starting cmd_vel relay (cmd_vel_nav → cmd_vel)...
[SIM] cmd_vel relay started
[2026-03-02 13:04:18] [GEOFENCE] Restarting geofence (sigma=0.15, v_max=0.5, tau=0.1, a_max=2.5, eps=0.2, braking=True)...
[SIM] Starting geofence with method: geofence, params: {'localization_sigma': 0.15, 'v_max': 0.5, 'latency': 0.1, 'a_max': 2.5, 'enable_braking_term': True, 'enable_estimation_term': True, 'enable_tracking_term': True, 'enable_latency_term': True, 'epsilon': 0.2, 'e_0': 0.03, 'c_1': 0.04, 'c_2': 0.0, 'use_dynamic_v_max': False, 'use_dynamic_tau': False, 'use_dynamic_e_track': False}, comm_latency_ms: 100
[SIM] Waiting for geofence (20s)...
[SIM] Geofence started with method: geofence (cmd_vel_guard: False)
[SIM] cmd_vel_guard disabled, starting cmd_vel relay for navigation...
[SIM] Starting cmd_vel relay (cmd_vel_nav → cmd_vel) (latency=100ms)...
[SIM] cmd_vel relay started (latency=100ms)
[2026-03-02 13:04:46] 
Trial 189/270: S2_geofence_eps_0.200_probeB_s8
[2026-03-02 13:04:46]   Goal: (3.65, 0.00)
[2026-03-02 13:04:46]   2a: eps=0.2, probeB (3.65, 0.0), margin=0.276m
[2026-03-02 13:04:46]   Comm latency: 100ms
[2026-03-02 13:04:46] [RESET] Resetting robot pose to origin...
[RESET] Teleporting robot to (0.0, 0.0, θ=0.0)
[RESET] Cancelling any active navigation goals...
[RESET] Stopping robot movement...
[RESET] Waiting for TF to stabilize...
[RESET] AMCL disabled, correcting map→odom TF after teleport...
[RESET] Odom at (-0.00, -0.00, yaw=0.0°), target (0.00, 0.00, yaw=0.0°)
[RESET] TF correction: tx=0.000, ty=-0.000, yaw=-0.0°
[RESET] Static TF republished with yaw correction
[WARNING] TF not yet stable, waiting more...
[RESET] Robot pose reset complete
[2026-03-02 13:05:33]   Result: allow (PASS)
[2026-03-02 13:05:33]   Reason: Goal reached successfully (dist=0.55m)
[2026-03-02 13:05:33]   Time: 47.0s
[2026-03-02 13:05:33]   Robot moved: True, path_min_dist: 0.92m
[2026-03-02 13:05:33] [HEALTH] Pre-trial restart (every 1 trials, world=empty.sdf)...
[SIM] Stopping all processes...
[CLEANUP] Starting process cleanup...
[CLEANUP] Complete (killed 1 process groups)
[SIM] All processes stopped
[CLEANUP] Starting process cleanup...
[CLEANUP] Complete (killed 0 process groups)
[DEBUG] restart_with_method called: method=geofence, params={}, world=empty.sdf, guard=False
[SIM] Full restart for method: geofence (world: empty.sdf)
[SIM] Stopping all processes...
[CLEANUP] Starting process cleanup...
[CLEANUP] Complete (killed 0 process groups)
[SIM] All processes stopped
[SIM] Starting Gazebo...
[CLEANUP] Starting process cleanup...
[CLEANUP] Complete (killed 0 process groups)
[SIM] gz sim still alive (1 procs), force-killing PGIDs (attempt 1/5)...
[SIM] gz sim still alive (1 procs), force-killing PGIDs (attempt 2/5)...
[SIM] gz sim still alive (1 procs), force-killing PGIDs (attempt 3/5)...
[SIM] gz sim still alive (1 procs), force-killing PGIDs (attempt 4/5)...
[SIM] gz sim still alive (1 procs), force-killing PGIDs (attempt 5/5)...
[SIM][WARNING] Could not kill all gz sim processes — proceeding anyway
The daemon has been started
[SIM] Waiting for Gazebo (180s)...
[SIM] Gazebo started successfully
[SIM] robot_state_publisher: running
[SIM] Starting odom relay (odom_real → odom)...
[SIM] Odom relay started
[SIM] Starting scan relay (scan_real → scan)...
[SIM] Scan relay started, verifying /scan topic...
[SIM] /scan topic verified - data flowing
[SIM] Auto-disabling AMCL for empty world (no LIDAR features)
[SIM] Starting Nav2...
[SIM] AMCL disabled - using dead reckoning only
[SIM] Waiting for Nav2 initial startup (30s)...
[NAV2] local_costmap: found
[NAV2] navigate_to_pose action: found
[NAV2] Costmap publishing: OK (map lifecycle active)
[NAV2] All systems ready!
[SIM] Final verification: checking navigate_to_pose action...
[SIM] Nav2 started successfully and action server verified!
[SIM] Starting geofence with method: geofence, params: {}, comm_latency_ms: 0
[SIM] Waiting for geofence (20s)...
[SIM] Geofence started with method: geofence (cmd_vel_guard: False)
[SIM] cmd_vel_guard disabled, starting cmd_vel relay for navigation...
[SIM] Starting cmd_vel relay (cmd_vel_nav → cmd_vel)...
[SIM] cmd_vel relay started
[2026-03-02 13:07:47] [GEOFENCE] Restarting geofence (sigma=0.15, v_max=0.5, tau=0.1, a_max=2.5, eps=0.2, braking=True)...
[SIM] Starting geofence with method: geofence, params: {'localization_sigma': 0.15, 'v_max': 0.5, 'latency': 0.1, 'a_max': 2.5, 'enable_braking_term': True, 'enable_estimation_term': True, 'enable_tracking_term': True, 'enable_latency_term': True, 'epsilon': 0.2, 'e_0': 0.03, 'c_1': 0.04, 'c_2': 0.0, 'use_dynamic_v_max': False, 'use_dynamic_tau': False, 'use_dynamic_e_track': False}, comm_latency_ms: 0
[SIM] Waiting for geofence (20s)...
[SIM] Geofence started with method: geofence (cmd_vel_guard: False)
[SIM] cmd_vel_guard disabled, starting cmd_vel relay for navigation...
[SIM] Starting cmd_vel relay (cmd_vel_nav → cmd_vel)...
[SIM] cmd_vel relay started
[2026-03-02 13:08:15] 
Trial 190/270: S2_geofence_eps_0.200_probeB_s9
[2026-03-02 13:08:15]   Goal: (3.65, 0.00)
[2026-03-02 13:08:15]   2a: eps=0.2, probeB (3.65, 0.0), margin=0.276m
[2026-03-02 13:08:15] [RESET] Resetting robot pose to origin...
[RESET] Teleporting robot to (0.0, 0.0, θ=0.0)
[RESET] Cancelling any active navigation goals...
[RESET] Stopping robot movement...
[RESET] Waiting for TF to stabilize...
[RESET] AMCL disabled, correcting map→odom TF after teleport...
[WARNING] Could not read odom, TF correction skipped
[WARNING] TF not yet stable, waiting more...
[RESET] Robot pose reset complete
[2026-03-02 13:08:57]   Result: allow (PASS)
[2026-03-02 13:08:57]   Reason: Goal reached successfully (dist=0.54m)
[2026-03-02 13:08:57]   Time: 42.4s
[2026-03-02 13:08:57]   Robot moved: True, path_min_dist: 0.90m
[CHECKPOINT] Saved at trial 190/270
[2026-03-02 13:08:57] [HEALTH] Pre-trial restart (every 1 trials, world=empty.sdf)...
[SIM] Stopping all processes...
[CLEANUP] Starting process cleanup...
[CLEANUP] Complete (killed 0 process groups)
[SIM] All processes stopped
[CLEANUP] Starting process cleanup...
[CLEANUP] Complete (killed 0 process groups)
[DEBUG] restart_with_method called: method=geofence, params={}, world=empty.sdf, guard=False
[SIM] Full restart for method: geofence (world: empty.sdf)
[SIM] Stopping all processes...
[CLEANUP] Starting process cleanup...
[CLEANUP] Complete (killed 0 process groups)
[SIM] All processes stopped
[SIM] Starting Gazebo...
[CLEANUP] Starting process cleanup...
[CLEANUP] Complete (killed 0 process groups)
[SIM] gz sim still alive (1 procs), force-killing PGIDs (attempt 1/5)...
[SIM] gz sim still alive (1 procs), force-killing PGIDs (attempt 2/5)...
[SIM] gz sim still alive (1 procs), force-killing PGIDs (attempt 3/5)...
[SIM] gz sim still alive (1 procs), force-killing PGIDs (attempt 4/5)...
[SIM] gz sim still alive (1 procs), force-killing PGIDs (attempt 5/5)...
[SIM][WARNING] Could not kill all gz sim processes — proceeding anyway
The daemon has been started
[SIM] Waiting for Gazebo (180s)...
[SIM] Gazebo started successfully
[SIM] robot_state_publisher: running
[SIM] Starting odom relay (odom_real → odom)...
[SIM] Odom relay started
[SIM] Starting scan relay (scan_real → scan)...
[SIM] Scan relay started, verifying /scan topic...
[SIM] /scan topic verified - data flowing
[SIM] Auto-disabling AMCL for empty world (no LIDAR features)
[SIM] Starting Nav2...
[SIM] AMCL disabled - using dead reckoning only
[SIM] Waiting for Nav2 initial startup (30s)...
[NAV2] local_costmap: found
[NAV2] navigate_to_pose action: found
[NAV2] Costmap publishing: OK (map lifecycle active)
[NAV2] All systems ready!
[SIM] Final verification: checking navigate_to_pose action...
[SIM] Nav2 started successfully and action server verified!
[SIM] Starting geofence with method: geofence, params: {}, comm_latency_ms: 0
[SIM] Waiting for geofence (20s)...
[SIM] Geofence started with method: geofence (cmd_vel_guard: False)
[SIM] cmd_vel_guard disabled, starting cmd_vel relay for navigation...
[SIM] Starting cmd_vel relay (cmd_vel_nav → cmd_vel)...
[SIM] cmd_vel relay started
[2026-03-02 13:11:11] [GEOFENCE] Restarting geofence (sigma=0.15, v_max=0.5, tau=0.1, a_max=2.5, eps=0.2, braking=True)...
[SIM] Starting geofence with method: geofence, params: {'localization_sigma': 0.15, 'v_max': 0.5, 'latency': 0.1, 'a_max': 2.5, 'enable_braking_term': True, 'enable_estimation_term': True, 'enable_tracking_term': True, 'enable_latency_term': True, 'epsilon': 0.2, 'e_0': 0.03, 'c_1': 0.04, 'c_2': 0.0, 'use_dynamic_v_max': False, 'use_dynamic_tau': False, 'use_dynamic_e_track': False}, comm_latency_ms: 0
[SIM] Waiting for geofence (20s)...
[SIM] Geofence started with method: geofence (cmd_vel_guard: False)
[SIM] cmd_vel_guard disabled, starting cmd_vel relay for navigation...
[SIM] Starting cmd_vel relay (cmd_vel_nav → cmd_vel)...
[SIM] cmd_vel relay started
[2026-03-02 13:11:39] 
Trial 191/270: S2_geofence_eps_0.200_probeC_s0
[2026-03-02 13:11:39]   Goal: (3.72, 0.00)
[2026-03-02 13:11:39]   2a: eps=0.2, probeC (3.72, 0.0), margin=0.276m
[2026-03-02 13:11:39] [RESET] Resetting robot pose to origin...
[RESET] Teleporting robot to (0.0, 0.0, θ=0.0)
[RESET] Cancelling any active navigation goals...
[RESET] Stopping robot movement...
[RESET] Waiting for TF to stabilize...
[RESET] AMCL disabled, correcting map→odom TF after teleport...
[RESET] Odom at (-0.00, -0.00, yaw=0.0°), target (0.00, 0.00, yaw=0.0°)
[RESET] TF correction: tx=0.000, ty=-0.000, yaw=-0.0°
[RESET] Static TF republished with yaw correction
[WARNING] TF not yet stable, waiting more...
[RESET] Robot pose reset complete
[2026-03-02 13:12:20]   Result: allow (PASS)
[2026-03-02 13:12:20]   Reason: Goal reached successfully (dist=0.63m)
[2026-03-02 13:12:20]   Time: 40.9s
[2026-03-02 13:12:20]   Robot moved: True, path_min_dist: 0.93m
[2026-03-02 13:12:20] [HEALTH] Periodic health check...
[2026-03-02 13:12:20] [HEALTH] Load: 1.2, Memory: 16.9%
[NAV2] local_costmap: found
[NAV2] navigate_to_pose action: found
[2026-03-02 13:12:21] [HEALTH] Pre-trial restart (every 1 trials, world=empty.sdf)...
[SIM] Stopping all processes...
[CLEANUP] Starting process cleanup...
[CLEANUP] Complete (killed 1 process groups)
[SIM] All processes stopped
[CLEANUP] Starting process cleanup...
[CLEANUP] Complete (killed 0 process groups)
[DEBUG] restart_with_method called: method=geofence, params={}, world=empty.sdf, guard=False
[SIM] Full restart for method: geofence (world: empty.sdf)
[SIM] Stopping all processes...
[CLEANUP] Starting process cleanup...
[CLEANUP] Complete (killed 0 process groups)
[SIM] All processes stopped
[SIM] Starting Gazebo...
[CLEANUP] Starting process cleanup...
[CLEANUP] Complete (killed 0 process groups)
[SIM] gz sim still alive (1 procs), force-killing PGIDs (attempt 1/5)...
[SIM] gz sim still alive (1 procs), force-killing PGIDs (attempt 2/5)...
[SIM] gz sim still alive (1 procs), force-killing PGIDs (attempt 3/5)...
[SIM] gz sim still alive (1 procs), force-killing PGIDs (attempt 4/5)...
[SIM] gz sim still alive (1 procs), force-killing PGIDs (attempt 5/5)...
[SIM][WARNING] Could not kill all gz sim processes — proceeding anyway
The daemon has been started
[SIM] Waiting for Gazebo (180s)...
[SIM] Gazebo started successfully
[SIM] robot_state_publisher: running
[SIM] Starting odom relay (odom_real → odom)...
[SIM] Odom relay started
[SIM] Starting scan relay (scan_real → scan)...
[SIM] Scan relay started, verifying /scan topic...
[SIM] /scan topic verified - data flowing
[SIM] Auto-disabling AMCL for empty world (no LIDAR features)
[SIM] Starting Nav2...
[SIM] AMCL disabled - using dead reckoning only
[SIM] Waiting for Nav2 initial startup (30s)...
[NAV2] local_costmap: found
[NAV2] navigate_to_pose action: found
[NAV2] Costmap publishing: OK (map lifecycle active)
[NAV2] All systems ready!
[SIM] Final verification: checking navigate_to_pose action...
[SIM] Nav2 started successfully and action server verified!
[SIM] Starting geofence with method: geofence, params: {}, comm_latency_ms: 0
[SIM] Waiting for geofence (20s)...
[SIM] Geofence started with method: geofence (cmd_vel_guard: False)
[SIM] cmd_vel_guard disabled, starting cmd_vel relay for navigation...
[SIM] Starting cmd_vel relay (cmd_vel_nav → cmd_vel)...
[SIM] cmd_vel relay started
[2026-03-02 13:14:36] [GEOFENCE] Restarting geofence (sigma=0.15, v_max=0.5, tau=0.1, a_max=2.5, eps=0.2, braking=True)...
[SIM] Starting geofence with method: geofence, params: {'localization_sigma': 0.15, 'v_max': 0.5, 'latency': 0.1, 'a_max': 2.5, 'enable_braking_term': True, 'enable_estimation_term': True, 'enable_tracking_term': True, 'enable_latency_term': True, 'epsilon': 0.2, 'e_0': 0.03, 'c_1': 0.04, 'c_2': 0.0, 'use_dynamic_v_max': False, 'use_dynamic_tau': False, 'use_dynamic_e_track': False}, comm_latency_ms: 50
[SIM] Waiting for geofence (20s)...
[SIM] Geofence started with method: geofence (cmd_vel_guard: False)
[SIM] cmd_vel_guard disabled, starting cmd_vel relay for navigation...
[SIM] Starting cmd_vel relay (cmd_vel_nav → cmd_vel) (latency=50ms)...
[SIM] cmd_vel relay started (latency=50ms)
[2026-03-02 13:15:04] 
Trial 192/270: S2_geofence_eps_0.200_probeC_s1
[2026-03-02 13:15:04]   Goal: (3.72, 0.00)
[2026-03-02 13:15:04]   2a: eps=0.2, probeC (3.72, 0.0), margin=0.276m
[2026-03-02 13:15:04]   Comm latency: 50ms
[2026-03-02 13:15:04] [RESET] Resetting robot pose to origin...
[RESET] Teleporting robot to (0.0, 0.0, θ=0.0)
[RESET] Cancelling any active navigation goals...
[RESET] Stopping robot movement...
[RESET] Waiting for TF to stabilize...
[RESET] AMCL disabled, correcting map→odom TF after teleport...
[RESET] Odom at (-0.00, -0.00, yaw=0.0°), target (0.00, 0.00, yaw=0.0°)
[RESET] TF correction: tx=0.000, ty=-0.000, yaw=-0.0°
[RESET] Static TF republished with yaw correction
[RESET] Robot pose reset complete
[2026-03-02 13:15:53]   Result: allow (PASS)
[2026-03-02 13:15:53]   Reason: Goal reached successfully (dist=0.62m)
[2026-03-02 13:15:53]   Time: 49.7s
[2026-03-02 13:15:53]   Robot moved: True, path_min_dist: 0.92m
[2026-03-02 13:15:53] [HEALTH] Pre-trial restart (every 1 trials, world=empty.sdf)...
[SIM] Stopping all processes...
[CLEANUP] Starting process cleanup...
[CLEANUP] Complete (killed 1 process groups)
[SIM] All processes stopped
[CLEANUP] Starting process cleanup...
[CLEANUP] Complete (killed 0 process groups)
[DEBUG] restart_with_method called: method=geofence, params={}, world=empty.sdf, guard=False
[SIM] Full restart for method: geofence (world: empty.sdf)
[SIM] Stopping all processes...
[CLEANUP] Starting process cleanup...
[CLEANUP] Complete (killed 0 process groups)
[SIM] All processes stopped
[SIM] Starting Gazebo...
[CLEANUP] Starting process cleanup...
[CLEANUP] Complete (killed 0 process groups)
[SIM] gz sim still alive (1 procs), force-killing PGIDs (attempt 1/5)...
[SIM] gz sim still alive (1 procs), force-killing PGIDs (attempt 2/5)...
[SIM] gz sim still alive (1 procs), force-killing PGIDs (attempt 3/5)...
[SIM] gz sim still alive (1 procs), force-killing PGIDs (attempt 4/5)...
[SIM] gz sim still alive (1 procs), force-killing PGIDs (attempt 5/5)...
[SIM][WARNING] Could not kill all gz sim processes — proceeding anyway
The daemon has been started
[SIM] Waiting for Gazebo (180s)...
[SIM] Gazebo started successfully
[SIM] robot_state_publisher: running
[SIM] Starting odom relay (odom_real → odom)...
[SIM] Odom relay started
[SIM] Starting scan relay (scan_real → scan)...
[SIM] Scan relay started, verifying /scan topic...
[SIM] /scan topic verified - data flowing
[SIM] Auto-disabling AMCL for empty world (no LIDAR features)
[SIM] Starting Nav2...
[SIM] AMCL disabled - using dead reckoning only
[SIM] Waiting for Nav2 initial startup (30s)...
[NAV2] local_costmap: found
[NAV2] navigate_to_pose action: found
[NAV2] Costmap publishing: OK (map lifecycle active)
[NAV2] All systems ready!
[SIM] Final verification: checking navigate_to_pose action...
[SIM] Nav2 started successfully and action server verified!
[SIM] Starting geofence with method: geofence, params: {}, comm_latency_ms: 0
[SIM] Waiting for geofence (20s)...
[SIM] Geofence started with method: geofence (cmd_vel_guard: False)
[SIM] cmd_vel_guard disabled, starting cmd_vel relay for navigation...
[SIM] Starting cmd_vel relay (cmd_vel_nav → cmd_vel)...
[SIM] cmd_vel relay started
[2026-03-02 13:18:08] [GEOFENCE] Restarting geofence (sigma=0.15, v_max=0.5, tau=0.1, a_max=2.5, eps=0.2, braking=True)...
[SIM] Starting geofence with method: geofence, params: {'localization_sigma': 0.15, 'v_max': 0.5, 'latency': 0.1, 'a_max': 2.5, 'enable_braking_term': True, 'enable_estimation_term': True, 'enable_tracking_term': True, 'enable_latency_term': True, 'epsilon': 0.2, 'e_0': 0.03, 'c_1': 0.04, 'c_2': 0.0, 'use_dynamic_v_max': False, 'use_dynamic_tau': False, 'use_dynamic_e_track': False}, comm_latency_ms: 100
[SIM] Waiting for geofence (20s)...
[SIM] Geofence started with method: geofence (cmd_vel_guard: False)
[SIM] cmd_vel_guard disabled, starting cmd_vel relay for navigation...
[SIM] Starting cmd_vel relay (cmd_vel_nav → cmd_vel) (latency=100ms)...
[SIM] cmd_vel relay started (latency=100ms)
[2026-03-02 13:18:36] 
Trial 193/270: S2_geofence_eps_0.200_probeC_s2
[2026-03-02 13:18:36]   Goal: (3.72, 0.00)
[2026-03-02 13:18:36]   2a: eps=0.2, probeC (3.72, 0.0), margin=0.276m
[2026-03-02 13:18:36]   Comm latency: 100ms
[2026-03-02 13:18:36] [RESET] Resetting robot pose to origin...
[RESET] Teleporting robot to (0.0, 0.0, θ=0.0)
[RESET] Cancelling any active navigation goals...
[RESET] Stopping robot movement...
[RESET] Waiting for TF to stabilize...
[RESET] AMCL disabled, correcting map→odom TF after teleport...
[WARNING] Could not read odom, TF correction skipped
[WARNING] TF not yet stable, waiting more...
[RESET] Robot pose reset complete
[2026-03-02 13:19:19]   Result: allow (PASS)
[2026-03-02 13:19:19]   Reason: Goal reached successfully (dist=0.55m)
[2026-03-02 13:19:19]   Time: 42.9s
[2026-03-02 13:19:19]   Robot moved: True, path_min_dist: 0.84m
[2026-03-02 13:19:19] [HEALTH] Pre-trial restart (every 1 trials, world=empty.sdf)...
[SIM] Stopping all processes...
[CLEANUP] Starting process cleanup...
[CLEANUP] Complete (killed 0 process groups)
[SIM] All processes stopped
[CLEANUP] Starting process cleanup...
[CLEANUP] Complete (killed 0 process groups)
[DEBUG] restart_with_method called: method=geofence, params={}, world=empty.sdf, guard=False
[SIM] Full restart for method: geofence (world: empty.sdf)
[SIM] Stopping all processes...
[CLEANUP] Starting process cleanup...
[CLEANUP] Complete (killed 0 process groups)
[SIM] All processes stopped
[SIM] Starting Gazebo...
[CLEANUP] Starting process cleanup...
[CLEANUP] Complete (killed 0 process groups)
[SIM] gz sim still alive (1 procs), force-killing PGIDs (attempt 1/5)...
[SIM] gz sim still alive (1 procs), force-killing PGIDs (attempt 2/5)...
[SIM] gz sim still alive (1 procs), force-killing PGIDs (attempt 3/5)...
[SIM] gz sim still alive (1 procs), force-killing PGIDs (attempt 4/5)...
[SIM] gz sim still alive (1 procs), force-killing PGIDs (attempt 5/5)...
[SIM][WARNING] Could not kill all gz sim processes — proceeding anyway
The daemon has been started
[SIM] Waiting for Gazebo (180s)...
[SIM] Gazebo started successfully
[SIM] robot_state_publisher: running
[SIM] Starting odom relay (odom_real → odom)...
[SIM] Odom relay started
[SIM] Starting scan relay (scan_real → scan)...
[SIM] Scan relay started, verifying /scan topic...
[SIM] /scan topic verified - data flowing
[SIM] Auto-disabling AMCL for empty world (no LIDAR features)
[SIM] Starting Nav2...
[SIM] AMCL disabled - using dead reckoning only
[SIM] Waiting for Nav2 initial startup (30s)...
[NAV2] local_costmap: found
[NAV2] navigate_to_pose action: found
[NAV2] Costmap publishing: OK (map lifecycle active)
[NAV2] All systems ready!
[SIM] Final verification: checking navigate_to_pose action...
[SIM] Nav2 started successfully and action server verified!
[SIM] Starting geofence with method: geofence, params: {}, comm_latency_ms: 0
[SIM] Waiting for geofence (20s)...
[SIM] Geofence started with method: geofence (cmd_vel_guard: False)
[SIM] cmd_vel_guard disabled, starting cmd_vel relay for navigation...
[SIM] Starting cmd_vel relay (cmd_vel_nav → cmd_vel)...
[SIM] cmd_vel relay started
[2026-03-02 13:21:34] [GEOFENCE] Restarting geofence (sigma=0.15, v_max=0.5, tau=0.1, a_max=2.5, eps=0.2, braking=True)...
[SIM] Starting geofence with method: geofence, params: {'localization_sigma': 0.15, 'v_max': 0.5, 'latency': 0.1, 'a_max': 2.5, 'enable_braking_term': True, 'enable_estimation_term': True, 'enable_tracking_term': True, 'enable_latency_term': True, 'epsilon': 0.2, 'e_0': 0.03, 'c_1': 0.04, 'c_2': 0.0, 'use_dynamic_v_max': False, 'use_dynamic_tau': False, 'use_dynamic_e_track': False}, comm_latency_ms: 0
[SIM] Waiting for geofence (20s)...
[SIM] Geofence started with method: geofence (cmd_vel_guard: False)
[SIM] cmd_vel_guard disabled, starting cmd_vel relay for navigation...
[SIM] Starting cmd_vel relay (cmd_vel_nav → cmd_vel)...
[SIM] cmd_vel relay started
[2026-03-02 13:22:02] 
Trial 194/270: S2_geofence_eps_0.200_probeC_s3
[2026-03-02 13:22:02]   Goal: (3.72, 0.00)
[2026-03-02 13:22:02]   2a: eps=0.2, probeC (3.72, 0.0), margin=0.276m
[2026-03-02 13:22:02] [RESET] Resetting robot pose to origin...
[RESET] Teleporting robot to (0.0, 0.0, θ=0.0)
[RESET] Cancelling any active navigation goals...
[RESET] Stopping robot movement...
[RESET] Waiting for TF to stabilize...
[RESET] AMCL disabled, correcting map→odom TF after teleport...
[RESET] Odom at (-0.00, -0.00, yaw=0.0°), target (0.00, 0.00, yaw=0.0°)
[RESET] TF correction: tx=0.000, ty=-0.000, yaw=-0.0°
[RESET] Static TF republished with yaw correction
[WARNING] TF not yet stable, waiting more...
[RESET] Robot pose reset complete
[2026-03-02 13:22:52]   Result: allow (PASS)
[2026-03-02 13:22:52]   Reason: Goal reached successfully (dist=0.61m)
[2026-03-02 13:22:52]   Time: 50.0s
[2026-03-02 13:22:52]   Robot moved: True, path_min_dist: 0.90m
[2026-03-02 13:22:52] [HEALTH] Pre-trial restart (every 1 trials, world=empty.sdf)...
[SIM] Stopping all processes...
[CLEANUP] Starting process cleanup...
[CLEANUP] Complete (killed 1 process groups)
[SIM] All processes stopped
[CLEANUP] Starting process cleanup...
[CLEANUP] Complete (killed 0 process groups)
[DEBUG] restart_with_method called: method=geofence, params={}, world=empty.sdf, guard=False
[SIM] Full restart for method: geofence (world: empty.sdf)
[SIM] Stopping all processes...
[CLEANUP] Starting process cleanup...
[CLEANUP] Complete (killed 0 process groups)
[SIM] All processes stopped
[SIM] Starting Gazebo...
[CLEANUP] Starting process cleanup...
[CLEANUP] Complete (killed 0 process groups)
[SIM] gz sim still alive (1 procs), force-killing PGIDs (attempt 1/5)...
[SIM] gz sim still alive (1 procs), force-killing PGIDs (attempt 2/5)...
[SIM] gz sim still alive (1 procs), force-killing PGIDs (attempt 3/5)...
[SIM] gz sim still alive (1 procs), force-killing PGIDs (attempt 4/5)...
[SIM] gz sim still alive (1 procs), force-killing PGIDs (attempt 5/5)...
[SIM][WARNING] Could not kill all gz sim processes — proceeding anyway
The daemon has been started
[SIM] Waiting for Gazebo (180s)...
[SIM] Gazebo started successfully
[SIM] robot_state_publisher: running
[SIM] Starting odom relay (odom_real → odom)...
[SIM] Odom relay started
[SIM] Starting scan relay (scan_real → scan)...
[SIM] Scan relay started, verifying /scan topic...
[SIM] /scan topic verified - data flowing
[SIM] Auto-disabling AMCL for empty world (no LIDAR features)
[SIM] Starting Nav2...
[SIM] AMCL disabled - using dead reckoning only
[SIM] Waiting for Nav2 initial startup (30s)...
[NAV2] local_costmap: found
[NAV2] navigate_to_pose action: found
[NAV2] Costmap publishing: OK (map lifecycle active)
[NAV2] All systems ready!
[SIM] Final verification: checking navigate_to_pose action...
[SIM] Nav2 started successfully and action server verified!
[SIM] Starting geofence with method: geofence, params: {}, comm_latency_ms: 0
[SIM] Waiting for geofence (20s)...
[SIM] Geofence started with method: geofence (cmd_vel_guard: False)
[SIM] cmd_vel_guard disabled, starting cmd_vel relay for navigation...
[SIM] Starting cmd_vel relay (cmd_vel_nav → cmd_vel)...
[SIM] cmd_vel relay started
[2026-03-02 13:25:06] [GEOFENCE] Restarting geofence (sigma=0.15, v_max=0.5, tau=0.1, a_max=2.5, eps=0.2, braking=True)...
[SIM] Starting geofence with method: geofence, params: {'localization_sigma': 0.15, 'v_max': 0.5, 'latency': 0.1, 'a_max': 2.5, 'enable_braking_term': True, 'enable_estimation_term': True, 'enable_tracking_term': True, 'enable_latency_term': True, 'epsilon': 0.2, 'e_0': 0.03, 'c_1': 0.04, 'c_2': 0.0, 'use_dynamic_v_max': False, 'use_dynamic_tau': False, 'use_dynamic_e_track': False}, comm_latency_ms: 50
[SIM] Waiting for geofence (20s)...
[SIM] Geofence started with method: geofence (cmd_vel_guard: False)
[SIM] cmd_vel_guard disabled, starting cmd_vel relay for navigation...
[SIM] Starting cmd_vel relay (cmd_vel_nav → cmd_vel) (latency=50ms)...
[SIM] cmd_vel relay started (latency=50ms)
[2026-03-02 13:25:34] 
Trial 195/270: S2_geofence_eps_0.200_probeC_s4
[2026-03-02 13:25:34]   Goal: (3.72, 0.00)
[2026-03-02 13:25:34]   2a: eps=0.2, probeC (3.72, 0.0), margin=0.276m
[2026-03-02 13:25:34]   Comm latency: 50ms
[2026-03-02 13:25:34] [RESET] Resetting robot pose to origin...
[RESET] Teleporting robot to (0.0, 0.0, θ=0.0)
[RESET] Cancelling any active navigation goals...
[RESET] Stopping robot movement...
[RESET] Waiting for TF to stabilize...
[RESET] AMCL disabled, correcting map→odom TF after teleport...
[RESET] Odom at (-0.00, -0.00, yaw=0.0°), target (0.00, 0.00, yaw=0.0°)
[RESET] TF correction: tx=0.000, ty=-0.000, yaw=-0.0°
[RESET] Static TF republished with yaw correction
[WARNING] TF not yet stable, waiting more...
[RESET] Robot pose reset complete
[2026-03-02 13:26:15]   Result: allow (PASS)
[2026-03-02 13:26:15]   Reason: Goal reached successfully (dist=0.63m)
[2026-03-02 13:26:15]   Time: 41.1s
[2026-03-02 13:26:15]   Robot moved: True, path_min_dist: 0.92m
[CHECKPOINT] Saved at trial 195/270
[2026-03-02 13:26:15] [HEALTH] Pre-trial restart (every 1 trials, world=empty.sdf)...
[SIM] Stopping all processes...
[CLEANUP] Starting process cleanup...
[CLEANUP] Complete (killed 1 process groups)
[SIM] All processes stopped
[CLEANUP] Starting process cleanup...
[CLEANUP] Complete (killed 0 process groups)
[DEBUG] restart_with_method called: method=geofence, params={}, world=empty.sdf, guard=False
[SIM] Full restart for method: geofence (world: empty.sdf)
[SIM] Stopping all processes...
[CLEANUP] Starting process cleanup...
[CLEANUP] Complete (killed 0 process groups)
[SIM] All processes stopped
[SIM] Starting Gazebo...
[CLEANUP] Starting process cleanup...
[CLEANUP] Complete (killed 0 process groups)
[SIM] gz sim still alive (1 procs), force-killing PGIDs (attempt 1/5)...
[SIM] gz sim still alive (1 procs), force-killing PGIDs (attempt 2/5)...
[SIM] gz sim still alive (1 procs), force-killing PGIDs (attempt 3/5)...
[SIM] gz sim still alive (1 procs), force-killing PGIDs (attempt 4/5)...
[SIM] gz sim still alive (1 procs), force-killing PGIDs (attempt 5/5)...
[SIM][WARNING] Could not kill all gz sim processes — proceeding anyway
The daemon has been started
[SIM] Waiting for Gazebo (180s)...
[SIM] Gazebo started successfully
[SIM] robot_state_publisher: running
[SIM] Starting odom relay (odom_real → odom)...
[SIM] Odom relay started
[SIM] Starting scan relay (scan_real → scan)...
[SIM] Scan relay started, verifying /scan topic...
[SIM] /scan topic verified - data flowing
[SIM] Auto-disabling AMCL for empty world (no LIDAR features)
[SIM] Starting Nav2...
[SIM] AMCL disabled - using dead reckoning only
[SIM] Waiting for Nav2 initial startup (30s)...
[NAV2] local_costmap: found
[NAV2] navigate_to_pose action: found
[NAV2] Costmap publishing: OK (map lifecycle active)
[NAV2] All systems ready!
[SIM] Final verification: checking navigate_to_pose action...
[SIM] Nav2 started successfully and action server verified!
[SIM] Starting geofence with method: geofence, params: {}, comm_latency_ms: 0
[SIM] Waiting for geofence (20s)...
[SIM] Geofence started with method: geofence (cmd_vel_guard: False)
[SIM] cmd_vel_guard disabled, starting cmd_vel relay for navigation...
[SIM] Starting cmd_vel relay (cmd_vel_nav → cmd_vel)...
[SIM] cmd_vel relay started
[2026-03-02 13:28:29] [GEOFENCE] Restarting geofence (sigma=0.15, v_max=0.5, tau=0.1, a_max=2.5, eps=0.2, braking=True)...
[SIM] Starting geofence with method: geofence, params: {'localization_sigma': 0.15, 'v_max': 0.5, 'latency': 0.1, 'a_max': 2.5, 'enable_braking_term': True, 'enable_estimation_term': True, 'enable_tracking_term': True, 'enable_latency_term': True, 'epsilon': 0.2, 'e_0': 0.03, 'c_1': 0.04, 'c_2': 0.0, 'use_dynamic_v_max': False, 'use_dynamic_tau': False, 'use_dynamic_e_track': False}, comm_latency_ms: 100
[SIM] Waiting for geofence (20s)...
[SIM] Geofence started with method: geofence (cmd_vel_guard: False)
[SIM] cmd_vel_guard disabled, starting cmd_vel relay for navigation...
[SIM] Starting cmd_vel relay (cmd_vel_nav → cmd_vel) (latency=100ms)...
[SIM] cmd_vel relay started (latency=100ms)
[2026-03-02 13:28:57] 
Trial 196/270: S2_geofence_eps_0.200_probeC_s5
[2026-03-02 13:28:57]   Goal: (3.72, 0.00)
[2026-03-02 13:28:57]   2a: eps=0.2, probeC (3.72, 0.0), margin=0.276m
[2026-03-02 13:28:57]   Comm latency: 100ms
[2026-03-02 13:28:57] [RESET] Resetting robot pose to origin...
[RESET] Teleporting robot to (0.0, 0.0, θ=0.0)
[RESET] Cancelling any active navigation goals...
[RESET] Stopping robot movement...
[RESET] Waiting for TF to stabilize...
[RESET] AMCL disabled, correcting map→odom TF after teleport...
[RESET] Odom at (-0.00, -0.00, yaw=0.0°), target (0.00, 0.00, yaw=0.0°)
[RESET] TF correction: tx=0.000, ty=-0.000, yaw=-0.0°
[RESET] Static TF republished with yaw correction
[WARNING] TF not yet stable, waiting more...
[RESET] Robot pose reset complete
[2026-03-02 13:29:35]   Result: allow (PASS)
[2026-03-02 13:29:35]   Reason: Goal reached successfully (dist=0.62m)
[2026-03-02 13:29:35]   Time: 38.1s
[2026-03-02 13:29:35]   Robot moved: True, path_min_dist: 0.91m
[2026-03-02 13:29:35] [HEALTH] Pre-trial restart (every 1 trials, world=empty.sdf)...
[SIM] Stopping all processes...
[CLEANUP] Starting process cleanup...
[CLEANUP] Complete (killed 1 process groups)
[SIM] All processes stopped
[CLEANUP] Starting process cleanup...
[CLEANUP] Complete (killed 0 process groups)
[DEBUG] restart_with_method called: method=geofence, params={}, world=empty.sdf, guard=False
[SIM] Full restart for method: geofence (world: empty.sdf)
[SIM] Stopping all processes...
[CLEANUP] Starting process cleanup...
[CLEANUP] Complete (killed 0 process groups)
[SIM] All processes stopped
[SIM] Starting Gazebo...
[CLEANUP] Starting process cleanup...
[CLEANUP] Complete (killed 0 process groups)
[SIM] gz sim still alive (1 procs), force-killing PGIDs (attempt 1/5)...
[SIM] gz sim still alive (1 procs), force-killing PGIDs (attempt 2/5)...
[SIM] gz sim still alive (1 procs), force-killing PGIDs (attempt 3/5)...
[SIM] gz sim still alive (1 procs), force-killing PGIDs (attempt 4/5)...
[SIM] gz sim still alive (1 procs), force-killing PGIDs (attempt 5/5)...
[SIM][WARNING] Could not kill all gz sim processes — proceeding anyway
The daemon has been started
[SIM] Waiting for Gazebo (180s)...
[SIM] Gazebo started successfully
[SIM] robot_state_publisher: running
[SIM] Starting odom relay (odom_real → odom)...
[SIM] Odom relay started
[SIM] Starting scan relay (scan_real → scan)...
[SIM] Scan relay started, verifying /scan topic...
[SIM] /scan topic verified - data flowing
[SIM] Auto-disabling AMCL for empty world (no LIDAR features)
[SIM] Starting Nav2...
[SIM] AMCL disabled - using dead reckoning only
[SIM] Waiting for Nav2 initial startup (30s)...
[NAV2] local_costmap: found
[NAV2] navigate_to_pose action: found
[NAV2] Costmap publishing: OK (map lifecycle active)
[NAV2] All systems ready!
[SIM] Final verification: checking navigate_to_pose action...
[SIM] Nav2 started successfully and action server verified!
[SIM] Starting geofence with method: geofence, params: {}, comm_latency_ms: 0
[SIM] Waiting for geofence (20s)...
[SIM] Geofence started with method: geofence (cmd_vel_guard: False)
[SIM] cmd_vel_guard disabled, starting cmd_vel relay for navigation...
[SIM] Starting cmd_vel relay (cmd_vel_nav → cmd_vel)...
[SIM] cmd_vel relay started
[2026-03-02 13:31:52] [GEOFENCE] Restarting geofence (sigma=0.15, v_max=0.5, tau=0.1, a_max=2.5, eps=0.2, braking=True)...
[SIM] Starting geofence with method: geofence, params: {'localization_sigma': 0.15, 'v_max': 0.5, 'latency': 0.1, 'a_max': 2.5, 'enable_braking_term': True, 'enable_estimation_term': True, 'enable_tracking_term': True, 'enable_latency_term': True, 'epsilon': 0.2, 'e_0': 0.03, 'c_1': 0.04, 'c_2': 0.0, 'use_dynamic_v_max': False, 'use_dynamic_tau': False, 'use_dynamic_e_track': False}, comm_latency_ms: 0
[SIM] Waiting for geofence (20s)...
[SIM] Geofence started with method: geofence (cmd_vel_guard: False)
[SIM] cmd_vel_guard disabled, starting cmd_vel relay for navigation...
[SIM] Starting cmd_vel relay (cmd_vel_nav → cmd_vel)...
[SIM] cmd_vel relay started
[2026-03-02 13:32:20] 
Trial 197/270: S2_geofence_eps_0.200_probeC_s6
[2026-03-02 13:32:20]   Goal: (3.72, 0.00)
[2026-03-02 13:32:20]   2a: eps=0.2, probeC (3.72, 0.0), margin=0.276m
[2026-03-02 13:32:20] [RESET] Resetting robot pose to origin...
[RESET] Teleporting robot to (0.0, 0.0, θ=0.0)
[RESET] Cancelling any active navigation goals...
[RESET] Stopping robot movement...
[RESET] Waiting for TF to stabilize...
[RESET] AMCL disabled, correcting map→odom TF after teleport...
[RESET] Odom at (-0.00, -0.00, yaw=0.0°), target (0.00, 0.00, yaw=0.0°)
[RESET] TF correction: tx=0.000, ty=-0.000, yaw=-0.0°
[RESET] Static TF republished with yaw correction
[RESET] Robot pose reset complete
[2026-03-02 13:32:58]   Result: allow (PASS)
[2026-03-02 13:32:58]   Reason: Goal reached successfully (dist=0.62m)
[2026-03-02 13:32:58]   Time: 37.9s
[2026-03-02 13:32:58]   Robot moved: True, path_min_dist: 0.90m
[2026-03-02 13:32:58] [HEALTH] Pre-trial restart (every 1 trials, world=empty.sdf)...
[SIM] Stopping all processes...
[CLEANUP] Starting process cleanup...
[CLEANUP] Complete (killed 1 process groups)
[SIM] All processes stopped
[CLEANUP] Starting process cleanup...
[CLEANUP] Complete (killed 0 process groups)
[DEBUG] restart_with_method called: method=geofence, params={}, world=empty.sdf, guard=False
[SIM] Full restart for method: geofence (world: empty.sdf)
[SIM] Stopping all processes...
[CLEANUP] Starting process cleanup...
[CLEANUP] Complete (killed 0 process groups)
[SIM] All processes stopped
[SIM] Starting Gazebo...
[CLEANUP] Starting process cleanup...
[CLEANUP] Complete (killed 0 process groups)
[SIM] gz sim still alive (1 procs), force-killing PGIDs (attempt 1/5)...
[SIM] gz sim still alive (1 procs), force-killing PGIDs (attempt 2/5)...
[SIM] gz sim still alive (1 procs), force-killing PGIDs (attempt 3/5)...
[SIM] gz sim still alive (1 procs), force-killing PGIDs (attempt 4/5)...
[SIM] gz sim still alive (1 procs), force-killing PGIDs (attempt 5/5)...
[SIM][WARNING] Could not kill all gz sim processes — proceeding anyway
The daemon has been started
[SIM] Waiting for Gazebo (180s)...
[SIM] Gazebo started successfully
[SIM] robot_state_publisher: running
[SIM] Starting odom relay (odom_real → odom)...
[SIM] Odom relay started
[SIM] Starting scan relay (scan_real → scan)...
[SIM] Scan relay started, verifying /scan topic...
[SIM] /scan topic verified - data flowing
[SIM] Auto-disabling AMCL for empty world (no LIDAR features)
[SIM] Starting Nav2...
[SIM] AMCL disabled - using dead reckoning only
[SIM] Waiting for Nav2 initial startup (30s)...
[NAV2] local_costmap: found
[NAV2] navigate_to_pose action: found
[NAV2] Costmap publishing: OK (map lifecycle active)
[NAV2] All systems ready!
[SIM] Final verification: checking navigate_to_pose action...
[SIM] Nav2 started successfully and action server verified!
[SIM] Starting geofence with method: geofence, params: {}, comm_latency_ms: 0
[SIM] Waiting for geofence (20s)...
[SIM] Geofence started with method: geofence (cmd_vel_guard: False)
[SIM] cmd_vel_guard disabled, starting cmd_vel relay for navigation...
[SIM] Starting cmd_vel relay (cmd_vel_nav → cmd_vel)...
[SIM] cmd_vel relay started
[2026-03-02 13:35:12] [GEOFENCE] Restarting geofence (sigma=0.15, v_max=0.5, tau=0.1, a_max=2.5, eps=0.2, braking=True)...
[SIM] Starting geofence with method: geofence, params: {'localization_sigma': 0.15, 'v_max': 0.5, 'latency': 0.1, 'a_max': 2.5, 'enable_braking_term': True, 'enable_estimation_term': True, 'enable_tracking_term': True, 'enable_latency_term': True, 'epsilon': 0.2, 'e_0': 0.03, 'c_1': 0.04, 'c_2': 0.0, 'use_dynamic_v_max': False, 'use_dynamic_tau': False, 'use_dynamic_e_track': False}, comm_latency_ms: 50
[SIM] Waiting for geofence (20s)...
[SIM] Geofence started with method: geofence (cmd_vel_guard: False)
[SIM] cmd_vel_guard disabled, starting cmd_vel relay for navigation...
[SIM] Starting cmd_vel relay (cmd_vel_nav → cmd_vel) (latency=50ms)...
[SIM] cmd_vel relay started (latency=50ms)
[2026-03-02 13:35:40] 
Trial 198/270: S2_geofence_eps_0.200_probeC_s7
[2026-03-02 13:35:40]   Goal: (3.72, 0.00)
[2026-03-02 13:35:40]   2a: eps=0.2, probeC (3.72, 0.0), margin=0.276m
[2026-03-02 13:35:40]   Comm latency: 50ms
[2026-03-02 13:35:40] [RESET] Resetting robot pose to origin...
[RESET] Teleporting robot to (0.0, 0.0, θ=0.0)
[RESET] Cancelling any active navigation goals...
[RESET] Stopping robot movement...
[RESET] Waiting for TF to stabilize...
[RESET] AMCL disabled, correcting map→odom TF after teleport...
[RESET] Odom at (-0.00, -0.00, yaw=0.0°), target (0.00, 0.00, yaw=0.0°)
[RESET] TF correction: tx=0.000, ty=-0.000, yaw=-0.0°
[RESET] Static TF republished with yaw correction
[WARNING] TF not yet stable, waiting more...
[RESET] Robot pose reset complete
[2026-03-02 13:36:33]   Result: allow (PASS)
[2026-03-02 13:36:33]   Reason: Goal reached successfully (dist=0.62m)
[2026-03-02 13:36:33]   Time: 52.9s
[2026-03-02 13:36:33]   Robot moved: True, path_min_dist: 0.90m
[2026-03-02 13:36:33] [HEALTH] Pre-trial restart (every 1 trials, world=empty.sdf)...
[SIM] Stopping all processes...
[CLEANUP] Starting process cleanup...
[CLEANUP] Complete (killed 1 process groups)
[SIM] All processes stopped
[CLEANUP] Starting process cleanup...
[CLEANUP] Complete (killed 0 process groups)
[DEBUG] restart_with_method called: method=geofence, params={}, world=empty.sdf, guard=False
[SIM] Full restart for method: geofence (world: empty.sdf)
[SIM] Stopping all processes...
[CLEANUP] Starting process cleanup...
[CLEANUP] Complete (killed 0 process groups)
[SIM] All processes stopped
[SIM] Starting Gazebo...
[CLEANUP] Starting process cleanup...
[CLEANUP] Complete (killed 0 process groups)
[SIM] gz sim still alive (1 procs), force-killing PGIDs (attempt 1/5)...
[SIM] gz sim still alive (1 procs), force-killing PGIDs (attempt 2/5)...
[SIM] gz sim still alive (1 procs), force-killing PGIDs (attempt 3/5)...
[SIM] gz sim still alive (1 procs), force-killing PGIDs (attempt 4/5)...
[SIM] gz sim still alive (1 procs), force-killing PGIDs (attempt 5/5)...
[SIM][WARNING] Could not kill all gz sim processes — proceeding anyway
The daemon has been started
[SIM] Waiting for Gazebo (180s)...
[SIM] Gazebo started successfully
[SIM] robot_state_publisher: running
[SIM] Starting odom relay (odom_real → odom)...
[SIM] Odom relay started
[SIM] Starting scan relay (scan_real → scan)...
[SIM] Scan relay started, verifying /scan topic...
[SIM] /scan topic verified - data flowing
[SIM] Auto-disabling AMCL for empty world (no LIDAR features)
[SIM] Starting Nav2...
[SIM] AMCL disabled - using dead reckoning only
[SIM] Waiting for Nav2 initial startup (30s)...
[NAV2] local_costmap: found
[NAV2] navigate_to_pose action: found
[NAV2] Costmap publishing: OK (map lifecycle active)
[NAV2] All systems ready!
[SIM] Final verification: checking navigate_to_pose action...
[SIM] Nav2 started successfully and action server verified!
[SIM] Starting geofence with method: geofence, params: {}, comm_latency_ms: 0
[SIM] Waiting for geofence (20s)...
[SIM] Geofence started with method: geofence (cmd_vel_guard: False)
[SIM] cmd_vel_guard disabled, starting cmd_vel relay for navigation...
[SIM] Starting cmd_vel relay (cmd_vel_nav → cmd_vel)...
[SIM] cmd_vel relay started
[2026-03-02 13:38:48] [GEOFENCE] Restarting geofence (sigma=0.15, v_max=0.5, tau=0.1, a_max=2.5, eps=0.2, braking=True)...
[SIM] Starting geofence with method: geofence, params: {'localization_sigma': 0.15, 'v_max': 0.5, 'latency': 0.1, 'a_max': 2.5, 'enable_braking_term': True, 'enable_estimation_term': True, 'enable_tracking_term': True, 'enable_latency_term': True, 'epsilon': 0.2, 'e_0': 0.03, 'c_1': 0.04, 'c_2': 0.0, 'use_dynamic_v_max': False, 'use_dynamic_tau': False, 'use_dynamic_e_track': False}, comm_latency_ms: 100
[SIM] Waiting for geofence (20s)...
[SIM] Geofence started with method: geofence (cmd_vel_guard: False)
[SIM] cmd_vel_guard disabled, starting cmd_vel relay for navigation...
[SIM] Starting cmd_vel relay (cmd_vel_nav → cmd_vel) (latency=100ms)...
[SIM] cmd_vel relay started (latency=100ms)
[2026-03-02 13:39:16] 
Trial 199/270: S2_geofence_eps_0.200_probeC_s8
[2026-03-02 13:39:16]   Goal: (3.72, 0.00)
[2026-03-02 13:39:16]   2a: eps=0.2, probeC (3.72, 0.0), margin=0.276m
[2026-03-02 13:39:16]   Comm latency: 100ms
[2026-03-02 13:39:16] [RESET] Resetting robot pose to origin...
[RESET] Teleporting robot to (0.0, 0.0, θ=0.0)
[RESET] Cancelling any active navigation goals...
[RESET] Stopping robot movement...
[RESET] Waiting for TF to stabilize...
[RESET] AMCL disabled, correcting map→odom TF after teleport...
[RESET] Odom at (-0.00, -0.00, yaw=0.0°), target (0.00, 0.00, yaw=0.0°)
[RESET] TF correction: tx=0.000, ty=-0.000, yaw=-0.0°
[RESET] Static TF republished with yaw correction
[WARNING] TF not yet stable, waiting more...
[RESET] Robot pose reset complete
[2026-03-02 13:40:08]   Result: allow (PASS)
[2026-03-02 13:40:08]   Reason: Goal reached successfully (dist=0.62m)
[2026-03-02 13:40:08]   Time: 52.6s
[2026-03-02 13:40:08]   Robot moved: True, path_min_dist: 0.92m
[2026-03-02 13:40:08] [HEALTH] Pre-trial restart (every 1 trials, world=empty.sdf)...
[SIM] Stopping all processes...
[CLEANUP] Starting process cleanup...
[CLEANUP] Complete (killed 1 process groups)
[SIM] All processes stopped
[CLEANUP] Starting process cleanup...
[CLEANUP] Complete (killed 0 process groups)
[DEBUG] restart_with_method called: method=geofence, params={}, world=empty.sdf, guard=False
[SIM] Full restart for method: geofence (world: empty.sdf)
[SIM] Stopping all processes...
[CLEANUP] Starting process cleanup...
[CLEANUP] Complete (killed 0 process groups)
[SIM] All processes stopped
[SIM] Starting Gazebo...
[CLEANUP] Starting process cleanup...
[CLEANUP] Complete (killed 0 process groups)
[SIM] gz sim still alive (1 procs), force-killing PGIDs (attempt 1/5)...
[SIM] gz sim still alive (1 procs), force-killing PGIDs (attempt 2/5)...
[SIM] gz sim still alive (1 procs), force-killing PGIDs (attempt 3/5)...
[SIM] gz sim still alive (1 procs), force-killing PGIDs (attempt 4/5)...
[SIM] gz sim still alive (1 procs), force-killing PGIDs (attempt 5/5)...
[SIM][WARNING] Could not kill all gz sim processes — proceeding anyway
The daemon has been started
[SIM] Waiting for Gazebo (180s)...
[SIM] Gazebo started successfully
[SIM] robot_state_publisher: running
[SIM] Starting odom relay (odom_real → odom)...
[SIM] Odom relay started
[SIM] Starting scan relay (scan_real → scan)...
[SIM] Scan relay started, verifying /scan topic...
[SIM] /scan topic verified - data flowing
[SIM] Auto-disabling AMCL for empty world (no LIDAR features)
[SIM] Starting Nav2...
[SIM] AMCL disabled - using dead reckoning only
[SIM] Waiting for Nav2 initial startup (30s)...
[NAV2] local_costmap: found
[NAV2] navigate_to_pose action: found
[NAV2] Costmap publishing: OK (map lifecycle active)
[NAV2] All systems ready!
[SIM] Final verification: checking navigate_to_pose action...
[SIM] Nav2 started successfully and action server verified!
[SIM] Starting geofence with method: geofence, params: {}, comm_latency_ms: 0
[SIM] Waiting for geofence (20s)...
[SIM] Geofence started with method: geofence (cmd_vel_guard: False)
[SIM] cmd_vel_guard disabled, starting cmd_vel relay for navigation...
[SIM] Starting cmd_vel relay (cmd_vel_nav → cmd_vel)...
[SIM] cmd_vel relay started
[2026-03-02 13:42:24] [GEOFENCE] Restarting geofence (sigma=0.15, v_max=0.5, tau=0.1, a_max=2.5, eps=0.2, braking=True)...
[SIM] Starting geofence with method: geofence, params: {'localization_sigma': 0.15, 'v_max': 0.5, 'latency': 0.1, 'a_max': 2.5, 'enable_braking_term': True, 'enable_estimation_term': True, 'enable_tracking_term': True, 'enable_latency_term': True, 'epsilon': 0.2, 'e_0': 0.03, 'c_1': 0.04, 'c_2': 0.0, 'use_dynamic_v_max': False, 'use_dynamic_tau': False, 'use_dynamic_e_track': False}, comm_latency_ms: 0
[SIM] Waiting for geofence (20s)...
[SIM] Geofence started with method: geofence (cmd_vel_guard: False)
[SIM] cmd_vel_guard disabled, starting cmd_vel relay for navigation...
[SIM] Starting cmd_vel relay (cmd_vel_nav → cmd_vel)...
[SIM] cmd_vel relay started
[2026-03-02 13:42:52] 
Trial 200/270: S2_geofence_eps_0.200_probeC_s9
[2026-03-02 13:42:52]   Goal: (3.72, 0.00)
[2026-03-02 13:42:52]   2a: eps=0.2, probeC (3.72, 0.0), margin=0.276m
[2026-03-02 13:42:52] [RESET] Resetting robot pose to origin...
[RESET] Teleporting robot to (0.0, 0.0, θ=0.0)
[RESET] Cancelling any active navigation goals...
[RESET] Stopping robot movement...
[RESET] Waiting for TF to stabilize...
[RESET] AMCL disabled, correcting map→odom TF after teleport...
[WARNING] Could not read odom, TF correction skipped
[WARNING] TF not yet stable, waiting more...
[RESET] Robot pose reset complete
[2026-03-02 13:43:45]   Result: allow (PASS)
[2026-03-02 13:43:45]   Reason: Goal reached successfully (dist=0.65m)
[2026-03-02 13:43:45]   Time: 52.9s
[2026-03-02 13:43:45]   Robot moved: True, path_min_dist: 0.93m
[CHECKPOINT] Saved at trial 200/270
[2026-03-02 13:43:45] [HEALTH] Pre-trial restart (every 1 trials, world=empty.sdf)...
[SIM] Stopping all processes...
[CLEANUP] Starting process cleanup...
[CLEANUP] Complete (killed 0 process groups)
[SIM] All processes stopped
[CLEANUP] Starting process cleanup...
[CLEANUP] Complete (killed 0 process groups)
[DEBUG] restart_with_method called: method=geofence, params={}, world=empty.sdf, guard=False
[SIM] Full restart for method: geofence (world: empty.sdf)
[SIM] Stopping all processes...
[CLEANUP] Starting process cleanup...
[CLEANUP] Complete (killed 0 process groups)
[SIM] All processes stopped
[SIM] Starting Gazebo...
[CLEANUP] Starting process cleanup...
[CLEANUP] Complete (killed 0 process groups)
[SIM] gz sim still alive (1 procs), force-killing PGIDs (attempt 1/5)...
[SIM] gz sim still alive (1 procs), force-killing PGIDs (attempt 2/5)...
[SIM] gz sim still alive (1 procs), force-killing PGIDs (attempt 3/5)...
[SIM] gz sim still alive (1 procs), force-killing PGIDs (attempt 4/5)...
[SIM] gz sim still alive (1 procs), force-killing PGIDs (attempt 5/5)...
[SIM][WARNING] Could not kill all gz sim processes — proceeding anyway
The daemon has been started
[SIM] Waiting for Gazebo (180s)...
[SIM] Gazebo started successfully
[SIM] robot_state_publisher: running
[SIM] Starting odom relay (odom_real → odom)...
[SIM] Odom relay started
[SIM] Starting scan relay (scan_real → scan)...
[SIM] Scan relay started, verifying /scan topic...
[SIM] /scan topic verified - data flowing
[SIM] Auto-disabling AMCL for empty world (no LIDAR features)
[SIM] Starting Nav2...
[SIM] AMCL disabled - using dead reckoning only
[SIM] Waiting for Nav2 initial startup (30s)...
[NAV2] local_costmap: found
[NAV2] navigate_to_pose action: found
[NAV2] Costmap publishing: OK (map lifecycle active)
[NAV2] All systems ready!
[SIM] Final verification: checking navigate_to_pose action...
[SIM] Nav2 started successfully and action server verified!
[SIM] Starting geofence with method: geofence, params: {}, comm_latency_ms: 0
[SIM] Waiting for geofence (20s)...
[SIM] Geofence started with method: geofence (cmd_vel_guard: False)
[SIM] cmd_vel_guard disabled, starting cmd_vel relay for navigation...
[SIM] Starting cmd_vel relay (cmd_vel_nav → cmd_vel)...
[SIM] cmd_vel relay started
[2026-03-02 13:45:59] [GEOFENCE] Restarting geofence (sigma=0.15, v_max=0.5, tau=0.3, a_max=2.5, eps=0.003, braking=True)...
[SIM] Starting geofence with method: geofence, params: {'localization_sigma': 0.15, 'v_max': 0.5, 'latency': 0.3, 'a_max': 2.5, 'enable_braking_term': True, 'enable_estimation_term': True, 'enable_tracking_term': True, 'enable_latency_term': True, 'epsilon': 0.003, 'e_0': 0.03, 'c_1': 0.04, 'c_2': 0.0, 'use_dynamic_v_max': False, 'use_dynamic_tau': False, 'use_dynamic_e_track': False}, comm_latency_ms: 0
[SIM] Waiting for geofence (20s)...
[SIM] Geofence started with method: geofence (cmd_vel_guard: False)
[SIM] cmd_vel_guard disabled, starting cmd_vel relay for navigation...
[SIM] Starting cmd_vel relay (cmd_vel_nav → cmd_vel)...
[SIM] cmd_vel relay started
[2026-03-02 13:46:28] 
Trial 201/270: S2_geofence_stress_tau_matched_s0
[2026-03-02 13:46:28]   Goal: (3.55, 0.00)
[2026-03-02 13:46:28]   2a-stress: τ=0.3 (matched), margin=0.662m
[2026-03-02 13:46:28] [RESET] Resetting robot pose to origin...
[RESET] Teleporting robot to (0.0, 0.0, θ=0.0)
[RESET] Cancelling any active navigation goals...
[RESET] Stopping robot movement...
[RESET] Waiting for TF to stabilize...
[RESET] AMCL disabled, correcting map→odom TF after teleport...
[RESET] Odom at (-0.00, -0.00, yaw=0.0°), target (0.00, 0.00, yaw=0.0°)
[RESET] TF correction: tx=0.000, ty=-0.000, yaw=-0.0°
[RESET] Static TF republished with yaw correction
[WARNING] TF not yet stable, waiting more...
[RESET] Robot pose reset complete
[2026-03-02 13:47:11]   Result: allow (PASS)
[2026-03-02 13:47:11]   Reason: Goal reached successfully (dist=0.54m)
[2026-03-02 13:47:11]   Time: 43.5s
[2026-03-02 13:47:11]   Robot moved: True, path_min_dist: 0.98m
[2026-03-02 13:47:11] [HEALTH] Periodic health check...
[2026-03-02 13:47:11] [HEALTH] Load: 1.2, Memory: 15.3%
[NAV2] local_costmap: found
[NAV2] navigate_to_pose action: found
[2026-03-02 13:47:12] [HEALTH] Pre-trial restart (every 1 trials, world=empty.sdf)...
[SIM] Stopping all processes...
[CLEANUP] Starting process cleanup...
[CLEANUP] Complete (killed 1 process groups)
[SIM] All processes stopped
[CLEANUP] Starting process cleanup...
[CLEANUP] Complete (killed 0 process groups)
[DEBUG] restart_with_method called: method=geofence, params={}, world=empty.sdf, guard=False
[SIM] Full restart for method: geofence (world: empty.sdf)
[SIM] Stopping all processes...
[CLEANUP] Starting process cleanup...
[CLEANUP] Complete (killed 0 process groups)
[SIM] All processes stopped
[SIM] Starting Gazebo...
[CLEANUP] Starting process cleanup...
[CLEANUP] Complete (killed 0 process groups)
[SIM] gz sim still alive (1 procs), force-killing PGIDs (attempt 1/5)...
[SIM] gz sim still alive (1 procs), force-killing PGIDs (attempt 2/5)...
[SIM] gz sim still alive (1 procs), force-killing PGIDs (attempt 3/5)...
[SIM] gz sim still alive (1 procs), force-killing PGIDs (attempt 4/5)...
[SIM] gz sim still alive (1 procs), force-killing PGIDs (attempt 5/5)...
[SIM][WARNING] Could not kill all gz sim processes — proceeding anyway
The daemon has been started
[SIM] Waiting for Gazebo (180s)...
[SIM] Gazebo started successfully
[SIM] robot_state_publisher: running
[SIM] Starting odom relay (odom_real → odom)...
[SIM] Odom relay started
[SIM] Starting scan relay (scan_real → scan)...
[SIM] Scan relay started, verifying /scan topic...
[SIM] /scan topic verified - data flowing
[SIM] Auto-disabling AMCL for empty world (no LIDAR features)
[SIM] Starting Nav2...
[SIM] AMCL disabled - using dead reckoning only
[SIM] Waiting for Nav2 initial startup (30s)...
[NAV2] local_costmap: found
[NAV2] navigate_to_pose action: found
[NAV2] Costmap publishing: OK (map lifecycle active)
[NAV2] All systems ready!
[SIM] Final verification: checking navigate_to_pose action...
[SIM] Nav2 started successfully and action server verified!
[SIM] Starting geofence with method: geofence, params: {}, comm_latency_ms: 0
[SIM] Waiting for geofence (20s)...
[SIM] Geofence started with method: geofence (cmd_vel_guard: False)
[SIM] cmd_vel_guard disabled, starting cmd_vel relay for navigation...
[SIM] Starting cmd_vel relay (cmd_vel_nav → cmd_vel)...
[SIM] cmd_vel relay started
[2026-03-02 13:49:26] [GEOFENCE] Restarting geofence (sigma=0.15, v_max=0.5, tau=0.3, a_max=2.5, eps=0.003, braking=True)...
[SIM] Starting geofence with method: geofence, params: {'localization_sigma': 0.15, 'v_max': 0.5, 'latency': 0.3, 'a_max': 2.5, 'enable_braking_term': True, 'enable_estimation_term': True, 'enable_tracking_term': True, 'enable_latency_term': True, 'epsilon': 0.003, 'e_0': 0.03, 'c_1': 0.04, 'c_2': 0.0, 'use_dynamic_v_max': False, 'use_dynamic_tau': False, 'use_dynamic_e_track': False}, comm_latency_ms: 50
[SIM] Waiting for geofence (20s)...
[SIM] Geofence started with method: geofence (cmd_vel_guard: False)
[SIM] cmd_vel_guard disabled, starting cmd_vel relay for navigation...
[SIM] Starting cmd_vel relay (cmd_vel_nav → cmd_vel) (latency=50ms)...
[SIM] cmd_vel relay started (latency=50ms)
[2026-03-02 13:49:54] 
Trial 202/270: S2_geofence_stress_tau_matched_s1
[2026-03-02 13:49:54]   Goal: (3.55, 0.00)
[2026-03-02 13:49:54]   2a-stress: τ=0.3 (matched), margin=0.662m
[2026-03-02 13:49:54]   Comm latency: 50ms
[2026-03-02 13:49:54] [RESET] Resetting robot pose to origin...
[RESET] Teleporting robot to (0.0, 0.0, θ=0.0)
[RESET] Cancelling any active navigation goals...
[RESET] Stopping robot movement...
[RESET] Waiting for TF to stabilize...
[RESET] AMCL disabled, correcting map→odom TF after teleport...
[RESET] Odom at (-0.00, -0.00, yaw=0.0°), target (0.00, 0.00, yaw=0.0°)
[RESET] TF correction: tx=0.000, ty=-0.000, yaw=-0.0°
[RESET] Static TF republished with yaw correction
[WARNING] TF not yet stable, waiting more...
[RESET] Robot pose reset complete
[2026-03-02 13:50:46]   Result: allow (PASS)
[2026-03-02 13:50:46]   Reason: Goal reached successfully (dist=0.55m)
[2026-03-02 13:50:46]   Time: 52.1s
[2026-03-02 13:50:46]   Robot moved: True, path_min_dist: 1.01m
[2026-03-02 13:50:46] [HEALTH] Pre-trial restart (every 1 trials, world=empty.sdf)...
[SIM] Stopping all processes...
[CLEANUP] Starting process cleanup...
[CLEANUP] Complete (killed 1 process groups)
[SIM] All processes stopped
[CLEANUP] Starting process cleanup...
[CLEANUP] Complete (killed 0 process groups)
[DEBUG] restart_with_method called: method=geofence, params={}, world=empty.sdf, guard=False
[SIM] Full restart for method: geofence (world: empty.sdf)
[SIM] Stopping all processes...
[CLEANUP] Starting process cleanup...
[CLEANUP] Complete (killed 0 process groups)
[SIM] All processes stopped
[SIM] Starting Gazebo...
[CLEANUP] Starting process cleanup...
[CLEANUP] Complete (killed 0 process groups)
[SIM] gz sim still alive (1 procs), force-killing PGIDs (attempt 1/5)...
[SIM] gz sim still alive (1 procs), force-killing PGIDs (attempt 2/5)...
[SIM] gz sim still alive (1 procs), force-killing PGIDs (attempt 3/5)...
[SIM] gz sim still alive (1 procs), force-killing PGIDs (attempt 4/5)...
[SIM] gz sim still alive (1 procs), force-killing PGIDs (attempt 5/5)...
[SIM][WARNING] Could not kill all gz sim processes — proceeding anyway
The daemon has been started
[SIM] Waiting for Gazebo (180s)...
[SIM] Gazebo started successfully
[SIM] robot_state_publisher: running
[SIM] Starting odom relay (odom_real → odom)...
[SIM] Odom relay started
[SIM] Starting scan relay (scan_real → scan)...
[SIM] Scan relay started, verifying /scan topic...
[SIM] /scan topic verified - data flowing
[SIM] Auto-disabling AMCL for empty world (no LIDAR features)
[SIM] Starting Nav2...
[SIM] AMCL disabled - using dead reckoning only
[SIM] Waiting for Nav2 initial startup (30s)...
[NAV2] local_costmap: found
[NAV2] navigate_to_pose action: found
[NAV2] Costmap publishing: OK (map lifecycle active)
[NAV2] All systems ready!
[SIM] Final verification: checking navigate_to_pose action...
[SIM] Nav2 started successfully and action server verified!
[SIM] Starting geofence with method: geofence, params: {}, comm_latency_ms: 0
[SIM] Waiting for geofence (20s)...
[SIM] Geofence started with method: geofence (cmd_vel_guard: False)
[SIM] cmd_vel_guard disabled, starting cmd_vel relay for navigation...
[SIM] Starting cmd_vel relay (cmd_vel_nav → cmd_vel)...
[SIM] cmd_vel relay started
[2026-03-02 13:53:00] [GEOFENCE] Restarting geofence (sigma=0.15, v_max=0.5, tau=0.3, a_max=2.5, eps=0.003, braking=True)...
[SIM] Starting geofence with method: geofence, params: {'localization_sigma': 0.15, 'v_max': 0.5, 'latency': 0.3, 'a_max': 2.5, 'enable_braking_term': True, 'enable_estimation_term': True, 'enable_tracking_term': True, 'enable_latency_term': True, 'epsilon': 0.003, 'e_0': 0.03, 'c_1': 0.04, 'c_2': 0.0, 'use_dynamic_v_max': False, 'use_dynamic_tau': False, 'use_dynamic_e_track': False}, comm_latency_ms: 100
[SIM] Waiting for geofence (20s)...
[SIM] Geofence started with method: geofence (cmd_vel_guard: False)
[SIM] cmd_vel_guard disabled, starting cmd_vel relay for navigation...
[SIM] Starting cmd_vel relay (cmd_vel_nav → cmd_vel) (latency=100ms)...
[SIM] cmd_vel relay started (latency=100ms)
[2026-03-02 13:53:28] 
Trial 203/270: S2_geofence_stress_tau_matched_s2
[2026-03-02 13:53:28]   Goal: (3.55, 0.00)
[2026-03-02 13:53:28]   2a-stress: τ=0.3 (matched), margin=0.662m
[2026-03-02 13:53:28]   Comm latency: 100ms
[2026-03-02 13:53:28] [RESET] Resetting robot pose to origin...
[RESET] Teleporting robot to (0.0, 0.0, θ=0.0)
[RESET] Cancelling any active navigation goals...
[RESET] Stopping robot movement...
[RESET] Waiting for TF to stabilize...
[RESET] AMCL disabled, correcting map→odom TF after teleport...
[RESET] Odom at (-0.00, -0.00, yaw=0.0°), target (0.00, 0.00, yaw=0.0°)
[RESET] TF correction: tx=0.000, ty=-0.000, yaw=-0.0°
[RESET] Static TF republished with yaw correction
[RESET] Robot pose reset complete
[2026-03-02 13:54:18]   Result: allow (PASS)
[2026-03-02 13:54:18]   Reason: Goal reached successfully (dist=0.55m)
[2026-03-02 13:54:18]   Time: 49.2s
[2026-03-02 13:54:18]   Robot moved: True, path_min_dist: 1.01m
[2026-03-02 13:54:18] [HEALTH] Pre-trial restart (every 1 trials, world=empty.sdf)...
[SIM] Stopping all processes...
[CLEANUP] Starting process cleanup...
[CLEANUP] Complete (killed 1 process groups)
[SIM] All processes stopped
[CLEANUP] Starting process cleanup...
[CLEANUP] Complete (killed 0 process groups)
[DEBUG] restart_with_method called: method=geofence, params={}, world=empty.sdf, guard=False
[SIM] Full restart for method: geofence (world: empty.sdf)
[SIM] Stopping all processes...
[CLEANUP] Starting process cleanup...
[CLEANUP] Complete (killed 0 process groups)
[SIM] All processes stopped
[SIM] Starting Gazebo...
[CLEANUP] Starting process cleanup...
[CLEANUP] Complete (killed 0 process groups)
[SIM] gz sim still alive (1 procs), force-killing PGIDs (attempt 1/5)...
[SIM] gz sim still alive (1 procs), force-killing PGIDs (attempt 2/5)...
[SIM] gz sim still alive (1 procs), force-killing PGIDs (attempt 3/5)...
[SIM] gz sim still alive (1 procs), force-killing PGIDs (attempt 4/5)...
[SIM] gz sim still alive (1 procs), force-killing PGIDs (attempt 5/5)...
[SIM][WARNING] Could not kill all gz sim processes — proceeding anyway
The daemon has been started
[SIM] Waiting for Gazebo (180s)...
[SIM] Gazebo started successfully
[SIM] robot_state_publisher: running
[SIM] Starting odom relay (odom_real → odom)...
[SIM] Odom relay started
[SIM] Starting scan relay (scan_real → scan)...
[SIM] Scan relay started, verifying /scan topic...
[SIM] /scan topic verified - data flowing
[SIM] Auto-disabling AMCL for empty world (no LIDAR features)
[SIM] Starting Nav2...
[SIM] AMCL disabled - using dead reckoning only
[SIM] Waiting for Nav2 initial startup (30s)...
[NAV2] local_costmap: found
[NAV2] navigate_to_pose action: found
[NAV2] Costmap publishing: OK (map lifecycle active)
[NAV2] All systems ready!
[SIM] Final verification: checking navigate_to_pose action...
[SIM] Nav2 started successfully and action server verified!
[SIM] Starting geofence with method: geofence, params: {}, comm_latency_ms: 0
[SIM] Waiting for geofence (20s)...
[SIM] Geofence started with method: geofence (cmd_vel_guard: False)
[SIM] cmd_vel_guard disabled, starting cmd_vel relay for navigation...
[SIM] Starting cmd_vel relay (cmd_vel_nav → cmd_vel)...
[SIM] cmd_vel relay started
[2026-03-02 13:56:31] [GEOFENCE] Restarting geofence (sigma=0.15, v_max=0.5, tau=0.3, a_max=2.5, eps=0.003, braking=True)...
[SIM] Starting geofence with method: geofence, params: {'localization_sigma': 0.15, 'v_max': 0.5, 'latency': 0.3, 'a_max': 2.5, 'enable_braking_term': True, 'enable_estimation_term': True, 'enable_tracking_term': True, 'enable_latency_term': True, 'epsilon': 0.003, 'e_0': 0.03, 'c_1': 0.04, 'c_2': 0.0, 'use_dynamic_v_max': False, 'use_dynamic_tau': False, 'use_dynamic_e_track': False}, comm_latency_ms: 0
[SIM] Waiting for geofence (20s)...
[SIM] Geofence started with method: geofence (cmd_vel_guard: False)
[SIM] cmd_vel_guard disabled, starting cmd_vel relay for navigation...
[SIM] Starting cmd_vel relay (cmd_vel_nav → cmd_vel)...
[SIM] cmd_vel relay started
[2026-03-02 13:57:00] 
Trial 204/270: S2_geofence_stress_tau_matched_s3
[2026-03-02 13:57:00]   Goal: (3.55, 0.00)
[2026-03-02 13:57:00]   2a-stress: τ=0.3 (matched), margin=0.662m
[2026-03-02 13:57:00] [RESET] Resetting robot pose to origin...
[RESET] Teleporting robot to (0.0, 0.0, θ=0.0)
[RESET] Cancelling any active navigation goals...
[RESET] Stopping robot movement...
[RESET] Waiting for TF to stabilize...
[RESET] AMCL disabled, correcting map→odom TF after teleport...
[RESET] Odom at (-0.00, -0.00, yaw=0.0°), target (0.00, 0.00, yaw=0.0°)
[RESET] TF correction: tx=0.000, ty=-0.000, yaw=-0.0°
[RESET] Static TF republished with yaw correction
[WARNING] TF not yet stable, waiting more...
[RESET] Robot pose reset complete
[2026-03-02 13:57:52]   Result: allow (PASS)
[2026-03-02 13:57:52]   Reason: Goal reached successfully (dist=0.54m)
[2026-03-02 13:57:52]   Time: 52.5s
[2026-03-02 13:57:52]   Robot moved: True, path_min_dist: 1.01m
[2026-03-02 13:57:52] [HEALTH] Pre-trial restart (every 1 trials, world=empty.sdf)...
[SIM] Stopping all processes...
[CLEANUP] Starting process cleanup...
[CLEANUP] Complete (killed 1 process groups)
[SIM] All processes stopped
[CLEANUP] Starting process cleanup...
[CLEANUP] Complete (killed 0 process groups)
[DEBUG] restart_with_method called: method=geofence, params={}, world=empty.sdf, guard=False
[SIM] Full restart for method: geofence (world: empty.sdf)
[SIM] Stopping all processes...
[CLEANUP] Starting process cleanup...
[CLEANUP] Complete (killed 0 process groups)
[SIM] All processes stopped
[SIM] Starting Gazebo...
[CLEANUP] Starting process cleanup...
[CLEANUP] Complete (killed 0 process groups)
[SIM] gz sim still alive (1 procs), force-killing PGIDs (attempt 1/5)...
[SIM] gz sim still alive (1 procs), force-killing PGIDs (attempt 2/5)...
[SIM] gz sim still alive (1 procs), force-killing PGIDs (attempt 3/5)...
[SIM] gz sim still alive (1 procs), force-killing PGIDs (attempt 4/5)...
[SIM] gz sim still alive (1 procs), force-killing PGIDs (attempt 5/5)...
[SIM][WARNING] Could not kill all gz sim processes — proceeding anyway
The daemon has been started
[SIM] Waiting for Gazebo (180s)...
[SIM] Gazebo started successfully
[SIM] robot_state_publisher: running
[SIM] Starting odom relay (odom_real → odom)...
[SIM] Odom relay started
[SIM] Starting scan relay (scan_real → scan)...
[SIM] Scan relay started, verifying /scan topic...
[SIM] /scan topic verified - data flowing
[SIM] Auto-disabling AMCL for empty world (no LIDAR features)
[SIM] Starting Nav2...
[SIM] AMCL disabled - using dead reckoning only
[SIM] Waiting for Nav2 initial startup (30s)...
[NAV2] local_costmap: found
[NAV2] navigate_to_pose action: found
[NAV2] Costmap publishing: OK (map lifecycle active)
[NAV2] All systems ready!
[SIM] Final verification: checking navigate_to_pose action...
[SIM] Nav2 started successfully and action server verified!
[SIM] Starting geofence with method: geofence, params: {}, comm_latency_ms: 0
[SIM] Waiting for geofence (20s)...
[SIM] Geofence started with method: geofence (cmd_vel_guard: False)
[SIM] cmd_vel_guard disabled, starting cmd_vel relay for navigation...
[SIM] Starting cmd_vel relay (cmd_vel_nav → cmd_vel)...
[SIM] cmd_vel relay started
[2026-03-02 14:00:06] [GEOFENCE] Restarting geofence (sigma=0.15, v_max=0.5, tau=0.3, a_max=2.5, eps=0.003, braking=True)...
[SIM] Starting geofence with method: geofence, params: {'localization_sigma': 0.15, 'v_max': 0.5, 'latency': 0.3, 'a_max': 2.5, 'enable_braking_term': True, 'enable_estimation_term': True, 'enable_tracking_term': True, 'enable_latency_term': True, 'epsilon': 0.003, 'e_0': 0.03, 'c_1': 0.04, 'c_2': 0.0, 'use_dynamic_v_max': False, 'use_dynamic_tau': False, 'use_dynamic_e_track': False}, comm_latency_ms: 50
[SIM] Waiting for geofence (20s)...
[SIM] Geofence started with method: geofence (cmd_vel_guard: False)
[SIM] cmd_vel_guard disabled, starting cmd_vel relay for navigation...
[SIM] Starting cmd_vel relay (cmd_vel_nav → cmd_vel) (latency=50ms)...
[SIM] cmd_vel relay started (latency=50ms)
[2026-03-02 14:00:34] 
Trial 205/270: S2_geofence_stress_tau_matched_s4
[2026-03-02 14:00:34]   Goal: (3.55, 0.00)
[2026-03-02 14:00:34]   2a-stress: τ=0.3 (matched), margin=0.662m
[2026-03-02 14:00:34]   Comm latency: 50ms
[2026-03-02 14:00:34] [RESET] Resetting robot pose to origin...
[RESET] Teleporting robot to (0.0, 0.0, θ=0.0)
[RESET] Cancelling any active navigation goals...
[RESET] Stopping robot movement...
[RESET] Waiting for TF to stabilize...
[RESET] AMCL disabled, correcting map→odom TF after teleport...
[RESET] Odom at (-0.00, -0.00, yaw=0.0°), target (0.00, 0.00, yaw=0.0°)
[RESET] TF correction: tx=0.000, ty=-0.000, yaw=-0.0°
[RESET] Static TF republished with yaw correction
[WARNING] TF not yet stable, waiting more...
[RESET] Robot pose reset complete
[2026-03-02 14:01:15]   Result: allow (PASS)
[2026-03-02 14:01:15]   Reason: Goal reached successfully (dist=0.56m)
[2026-03-02 14:01:15]   Time: 40.5s
[2026-03-02 14:01:15]   Robot moved: True, path_min_dist: 1.01m
[CHECKPOINT] Saved at trial 205/270
[2026-03-02 14:01:15] [HEALTH] Pre-trial restart (every 1 trials, world=empty.sdf)...
[SIM] Stopping all processes...
[CLEANUP] Starting process cleanup...
[CLEANUP] Complete (killed 1 process groups)
[SIM] All processes stopped
[CLEANUP] Starting process cleanup...
[CLEANUP] Complete (killed 0 process groups)
[DEBUG] restart_with_method called: method=geofence, params={}, world=empty.sdf, guard=False
[SIM] Full restart for method: geofence (world: empty.sdf)
[SIM] Stopping all processes...
[CLEANUP] Starting process cleanup...
[CLEANUP] Complete (killed 0 process groups)
[SIM] All processes stopped
[SIM] Starting Gazebo...
[CLEANUP] Starting process cleanup...
[CLEANUP] Complete (killed 0 process groups)
[SIM] gz sim still alive (1 procs), force-killing PGIDs (attempt 1/5)...
[SIM] gz sim still alive (1 procs), force-killing PGIDs (attempt 2/5)...
[SIM] gz sim still alive (1 procs), force-killing PGIDs (attempt 3/5)...
[SIM] gz sim still alive (1 procs), force-killing PGIDs (attempt 4/5)...
[SIM] gz sim still alive (1 procs), force-killing PGIDs (attempt 5/5)...
[SIM][WARNING] Could not kill all gz sim processes — proceeding anyway
The daemon has been started
[SIM] Waiting for Gazebo (180s)...
[SIM] Gazebo started successfully
[SIM] robot_state_publisher: running
[SIM] Starting odom relay (odom_real → odom)...
[SIM] Odom relay started
[SIM] Starting scan relay (scan_real → scan)...
[SIM] Scan relay started, verifying /scan topic...
[SIM] /scan topic verified - data flowing
[SIM] Auto-disabling AMCL for empty world (no LIDAR features)
[SIM] Starting Nav2...
[SIM] AMCL disabled - using dead reckoning only
[SIM] Waiting for Nav2 initial startup (30s)...
[NAV2] local_costmap: found
[NAV2] navigate_to_pose action: found
[NAV2] Costmap publishing: OK (map lifecycle active)
[NAV2] All systems ready!
[SIM] Final verification: checking navigate_to_pose action...
[SIM] Nav2 started successfully and action server verified!
[SIM] Starting geofence with method: geofence, params: {}, comm_latency_ms: 0
[SIM] Waiting for geofence (20s)...
[SIM] Geofence started with method: geofence (cmd_vel_guard: False)
[SIM] cmd_vel_guard disabled, starting cmd_vel relay for navigation...
[SIM] Starting cmd_vel relay (cmd_vel_nav → cmd_vel)...
[SIM] cmd_vel relay started
[2026-03-02 14:03:29] [GEOFENCE] Restarting geofence (sigma=0.15, v_max=0.5, tau=0.3, a_max=2.5, eps=0.003, braking=True)...
[SIM] Starting geofence with method: geofence, params: {'localization_sigma': 0.15, 'v_max': 0.5, 'latency': 0.3, 'a_max': 2.5, 'enable_braking_term': True, 'enable_estimation_term': True, 'enable_tracking_term': True, 'enable_latency_term': True, 'epsilon': 0.003, 'e_0': 0.03, 'c_1': 0.04, 'c_2': 0.0, 'use_dynamic_v_max': False, 'use_dynamic_tau': False, 'use_dynamic_e_track': False}, comm_latency_ms: 100
[SIM] Waiting for geofence (20s)...
[SIM] Geofence started with method: geofence (cmd_vel_guard: False)
[SIM] cmd_vel_guard disabled, starting cmd_vel relay for navigation...
[SIM] Starting cmd_vel relay (cmd_vel_nav → cmd_vel) (latency=100ms)...
[SIM] cmd_vel relay started (latency=100ms)
[2026-03-02 14:03:57] 
Trial 206/270: S2_geofence_stress_tau_matched_s5
[2026-03-02 14:03:57]   Goal: (3.55, 0.00)
[2026-03-02 14:03:57]   2a-stress: τ=0.3 (matched), margin=0.662m
[2026-03-02 14:03:57]   Comm latency: 100ms
[2026-03-02 14:03:57] [RESET] Resetting robot pose to origin...
[RESET] Teleporting robot to (0.0, 0.0, θ=0.0)
[RESET] Cancelling any active navigation goals...
[RESET] Stopping robot movement...
[RESET] Waiting for TF to stabilize...
[RESET] AMCL disabled, correcting map→odom TF after teleport...
[RESET] Odom at (-0.00, -0.00, yaw=0.0°), target (0.00, 0.00, yaw=0.0°)
[RESET] TF correction: tx=0.000, ty=-0.000, yaw=-0.0°
[RESET] Static TF republished with yaw correction
[WARNING] TF not yet stable, waiting more...
[RESET] Robot pose reset complete
[2026-03-02 14:04:51]   Result: allow (PASS)
[2026-03-02 14:04:51]   Reason: Goal reached successfully (dist=0.55m)
[2026-03-02 14:04:51]   Time: 54.6s
[2026-03-02 14:04:51]   Robot moved: True, path_min_dist: 1.02m
[2026-03-02 14:04:51] [HEALTH] Pre-trial restart (every 1 trials, world=empty.sdf)...
[SIM] Stopping all processes...
[CLEANUP] Starting process cleanup...
[CLEANUP] Complete (killed 1 process groups)
[SIM] All processes stopped
[CLEANUP] Starting process cleanup...
[CLEANUP] Complete (killed 0 process groups)
[DEBUG] restart_with_method called: method=geofence, params={}, world=empty.sdf, guard=False
[SIM] Full restart for method: geofence (world: empty.sdf)
[SIM] Stopping all processes...
[CLEANUP] Starting process cleanup...
[CLEANUP] Complete (killed 0 process groups)
[SIM] All processes stopped
[SIM] Starting Gazebo...
[CLEANUP] Starting process cleanup...
[CLEANUP] Complete (killed 0 process groups)
[SIM] gz sim still alive (1 procs), force-killing PGIDs (attempt 1/5)...
[SIM] gz sim still alive (1 procs), force-killing PGIDs (attempt 2/5)...
[SIM] gz sim still alive (1 procs), force-killing PGIDs (attempt 3/5)...
[SIM] gz sim still alive (1 procs), force-killing PGIDs (attempt 4/5)...
[SIM] gz sim still alive (1 procs), force-killing PGIDs (attempt 5/5)...
[SIM][WARNING] Could not kill all gz sim processes — proceeding anyway
The daemon has been started
[SIM] Waiting for Gazebo (180s)...
[SIM] Gazebo started successfully
[SIM] robot_state_publisher: running
[SIM] Starting odom relay (odom_real → odom)...
[SIM] Odom relay started
[SIM] Starting scan relay (scan_real → scan)...
[SIM] Scan relay started, verifying /scan topic...
[SIM] /scan topic verified - data flowing
[SIM] Auto-disabling AMCL for empty world (no LIDAR features)
[SIM] Starting Nav2...
[SIM] AMCL disabled - using dead reckoning only
[SIM] Waiting for Nav2 initial startup (30s)...
[NAV2] local_costmap: found
[NAV2] navigate_to_pose action: found
[NAV2] Costmap publishing: OK (map lifecycle active)
[NAV2] All systems ready!
[SIM] Final verification: checking navigate_to_pose action...
[SIM] Nav2 started successfully and action server verified!
[SIM] Starting geofence with method: geofence, params: {}, comm_latency_ms: 0
[SIM] Waiting for geofence (20s)...
[SIM] Geofence started with method: geofence (cmd_vel_guard: False)
[SIM] cmd_vel_guard disabled, starting cmd_vel relay for navigation...
[SIM] Starting cmd_vel relay (cmd_vel_nav → cmd_vel)...
[SIM] cmd_vel relay started
[2026-03-02 14:07:07] [GEOFENCE] Restarting geofence (sigma=0.15, v_max=0.5, tau=0.3, a_max=2.5, eps=0.003, braking=True)...
[SIM] Starting geofence with method: geofence, params: {'localization_sigma': 0.15, 'v_max': 0.5, 'latency': 0.3, 'a_max': 2.5, 'enable_braking_term': True, 'enable_estimation_term': True, 'enable_tracking_term': True, 'enable_latency_term': True, 'epsilon': 0.003, 'e_0': 0.03, 'c_1': 0.04, 'c_2': 0.0, 'use_dynamic_v_max': False, 'use_dynamic_tau': False, 'use_dynamic_e_track': False}, comm_latency_ms: 0
[SIM] Waiting for geofence (20s)...
[SIM] Geofence started with method: geofence (cmd_vel_guard: False)
[SIM] cmd_vel_guard disabled, starting cmd_vel relay for navigation...
[SIM] Starting cmd_vel relay (cmd_vel_nav → cmd_vel)...
[SIM] cmd_vel relay started
[2026-03-02 14:07:35] 
Trial 207/270: S2_geofence_stress_tau_matched_s6
[2026-03-02 14:07:35]   Goal: (3.55, 0.00)
[2026-03-02 14:07:35]   2a-stress: τ=0.3 (matched), margin=0.662m
[2026-03-02 14:07:35] [RESET] Resetting robot pose to origin...
[RESET] Teleporting robot to (0.0, 0.0, θ=0.0)
[RESET] Cancelling any active navigation goals...
[RESET] Stopping robot movement...
[RESET] Waiting for TF to stabilize...
[RESET] AMCL disabled, correcting map→odom TF after teleport...
[RESET] Odom at (-0.00, -0.00, yaw=0.0°), target (0.00, 0.00, yaw=0.0°)
[RESET] TF correction: tx=0.000, ty=-0.000, yaw=-0.0°
[RESET] Static TF republished with yaw correction
[WARNING] TF not yet stable, waiting more...
[RESET] Robot pose reset complete
[2026-03-02 14:08:12]   Result: allow (PASS)
[2026-03-02 14:08:12]   Reason: Goal reached successfully (dist=0.58m)
[2026-03-02 14:08:12]   Time: 37.6s
[2026-03-02 14:08:12]   Robot moved: True, path_min_dist: 1.03m
[2026-03-02 14:08:12] [HEALTH] Pre-trial restart (every 1 trials, world=empty.sdf)...
[SIM] Stopping all processes...
[CLEANUP] Starting process cleanup...
[CLEANUP] Complete (killed 1 process groups)
[SIM] All processes stopped
[CLEANUP] Starting process cleanup...
[CLEANUP] Complete (killed 0 process groups)
[DEBUG] restart_with_method called: method=geofence, params={}, world=empty.sdf, guard=False
[SIM] Full restart for method: geofence (world: empty.sdf)
[SIM] Stopping all processes...
[CLEANUP] Starting process cleanup...
[CLEANUP] Complete (killed 0 process groups)
[SIM] All processes stopped
[SIM] Starting Gazebo...
[CLEANUP] Starting process cleanup...
[CLEANUP] Complete (killed 0 process groups)
[SIM] gz sim still alive (1 procs), force-killing PGIDs (attempt 1/5)...
[SIM] gz sim still alive (1 procs), force-killing PGIDs (attempt 2/5)...
[SIM] gz sim still alive (1 procs), force-killing PGIDs (attempt 3/5)...
[SIM] gz sim still alive (1 procs), force-killing PGIDs (attempt 4/5)...
[SIM] gz sim still alive (1 procs), force-killing PGIDs (attempt 5/5)...
[SIM][WARNING] Could not kill all gz sim processes — proceeding anyway
The daemon has been started
[SIM] Waiting for Gazebo (180s)...
[SIM] Gazebo started successfully
[SIM] robot_state_publisher: running
[SIM] Starting odom relay (odom_real → odom)...
[SIM] Odom relay started
[SIM] Starting scan relay (scan_real → scan)...
[SIM] Scan relay started, verifying /scan topic...
[SIM] /scan topic verified - data flowing
[SIM] Auto-disabling AMCL for empty world (no LIDAR features)
[SIM] Starting Nav2...
[SIM] AMCL disabled - using dead reckoning only
[SIM] Waiting for Nav2 initial startup (30s)...
[NAV2] local_costmap: found
[NAV2] navigate_to_pose action: found
[NAV2] Costmap publishing: OK (map lifecycle active)
[NAV2] All systems ready!
[SIM] Final verification: checking navigate_to_pose action...
[SIM] Nav2 started successfully and action server verified!
[SIM] Starting geofence with method: geofence, params: {}, comm_latency_ms: 0
[SIM] Waiting for geofence (20s)...
[SIM] Geofence started with method: geofence (cmd_vel_guard: False)
[SIM] cmd_vel_guard disabled, starting cmd_vel relay for navigation...
[SIM] Starting cmd_vel relay (cmd_vel_nav → cmd_vel)...
[SIM] cmd_vel relay started
[2026-03-02 14:10:26] [GEOFENCE] Restarting geofence (sigma=0.15, v_max=0.5, tau=0.3, a_max=2.5, eps=0.003, braking=True)...
[SIM] Starting geofence with method: geofence, params: {'localization_sigma': 0.15, 'v_max': 0.5, 'latency': 0.3, 'a_max': 2.5, 'enable_braking_term': True, 'enable_estimation_term': True, 'enable_tracking_term': True, 'enable_latency_term': True, 'epsilon': 0.003, 'e_0': 0.03, 'c_1': 0.04, 'c_2': 0.0, 'use_dynamic_v_max': False, 'use_dynamic_tau': False, 'use_dynamic_e_track': False}, comm_latency_ms: 50
[SIM] Waiting for geofence (20s)...
[SIM] Geofence started with method: geofence (cmd_vel_guard: False)
[SIM] cmd_vel_guard disabled, starting cmd_vel relay for navigation...
[SIM] Starting cmd_vel relay (cmd_vel_nav → cmd_vel) (latency=50ms)...
[SIM] cmd_vel relay started (latency=50ms)
[2026-03-02 14:10:54] 
Trial 208/270: S2_geofence_stress_tau_matched_s7
[2026-03-02 14:10:54]   Goal: (3.55, 0.00)
[2026-03-02 14:10:54]   2a-stress: τ=0.3 (matched), margin=0.662m
[2026-03-02 14:10:54]   Comm latency: 50ms
[2026-03-02 14:10:54] [RESET] Resetting robot pose to origin...
[RESET] Teleporting robot to (0.0, 0.0, θ=0.0)
[RESET] Cancelling any active navigation goals...
[RESET] Stopping robot movement...
[RESET] Waiting for TF to stabilize...
[RESET] AMCL disabled, correcting map→odom TF after teleport...
[RESET] Odom at (-0.00, -0.00, yaw=0.0°), target (0.00, 0.00, yaw=0.0°)
[RESET] TF correction: tx=0.000, ty=-0.000, yaw=-0.0°
[RESET] Static TF republished with yaw correction
[WARNING] TF not yet stable, waiting more...
[RESET] Robot pose reset complete
[2026-03-02 14:11:32]   Result: allow (PASS)
[2026-03-02 14:11:32]   Reason: Goal reached successfully (dist=0.55m)
[2026-03-02 14:11:32]   Time: 37.7s
[2026-03-02 14:11:32]   Robot moved: True, path_min_dist: 1.00m
[2026-03-02 14:11:32] [HEALTH] Pre-trial restart (every 1 trials, world=empty.sdf)...
[SIM] Stopping all processes...
[CLEANUP] Starting process cleanup...
[CLEANUP] Complete (killed 1 process groups)
[SIM] All processes stopped
[CLEANUP] Starting process cleanup...
[CLEANUP] Complete (killed 0 process groups)
[DEBUG] restart_with_method called: method=geofence, params={}, world=empty.sdf, guard=False
[SIM] Full restart for method: geofence (world: empty.sdf)
[SIM] Stopping all processes...
[CLEANUP] Starting process cleanup...
[CLEANUP] Complete (killed 0 process groups)
[SIM] All processes stopped
[SIM] Starting Gazebo...
[CLEANUP] Starting process cleanup...
[CLEANUP] Complete (killed 0 process groups)
[SIM] gz sim still alive (1 procs), force-killing PGIDs (attempt 1/5)...
[SIM] gz sim still alive (1 procs), force-killing PGIDs (attempt 2/5)...
[SIM] gz sim still alive (1 procs), force-killing PGIDs (attempt 3/5)...
[SIM] gz sim still alive (1 procs), force-killing PGIDs (attempt 4/5)...
[SIM] gz sim still alive (1 procs), force-killing PGIDs (attempt 5/5)...
[SIM][WARNING] Could not kill all gz sim processes — proceeding anyway
The daemon has been started
[SIM] Waiting for Gazebo (180s)...
[SIM] Gazebo started successfully
[SIM] robot_state_publisher: running
[SIM] Starting odom relay (odom_real → odom)...
[SIM] Odom relay started
[SIM] Starting scan relay (scan_real → scan)...
[SIM] Scan relay started, verifying /scan topic...
[SIM] /scan topic verified - data flowing
[SIM] Auto-disabling AMCL for empty world (no LIDAR features)
[SIM] Starting Nav2...
[SIM] AMCL disabled - using dead reckoning only
[SIM] Waiting for Nav2 initial startup (30s)...
[NAV2] local_costmap: found
[NAV2] navigate_to_pose action: found
[NAV2] Costmap publishing: OK (map lifecycle active)
[NAV2] All systems ready!
[SIM] Final verification: checking navigate_to_pose action...
[SIM] Nav2 started successfully and action server verified!
[SIM] Starting geofence with method: geofence, params: {}, comm_latency_ms: 0
[SIM] Waiting for geofence (20s)...
[SIM] Geofence started with method: geofence (cmd_vel_guard: False)
[SIM] cmd_vel_guard disabled, starting cmd_vel relay for navigation...
[SIM] Starting cmd_vel relay (cmd_vel_nav → cmd_vel)...
[SIM] cmd_vel relay started
[2026-03-02 14:13:46] [GEOFENCE] Restarting geofence (sigma=0.15, v_max=0.5, tau=0.3, a_max=2.5, eps=0.003, braking=True)...
[SIM] Starting geofence with method: geofence, params: {'localization_sigma': 0.15, 'v_max': 0.5, 'latency': 0.3, 'a_max': 2.5, 'enable_braking_term': True, 'enable_estimation_term': True, 'enable_tracking_term': True, 'enable_latency_term': True, 'epsilon': 0.003, 'e_0': 0.03, 'c_1': 0.04, 'c_2': 0.0, 'use_dynamic_v_max': False, 'use_dynamic_tau': False, 'use_dynamic_e_track': False}, comm_latency_ms: 100
[SIM] Waiting for geofence (20s)...
[SIM] Geofence started with method: geofence (cmd_vel_guard: False)
[SIM] cmd_vel_guard disabled, starting cmd_vel relay for navigation...
[SIM] Starting cmd_vel relay (cmd_vel_nav → cmd_vel) (latency=100ms)...
[SIM] cmd_vel relay started (latency=100ms)
[2026-03-02 14:14:14] 
Trial 209/270: S2_geofence_stress_tau_matched_s8
[2026-03-02 14:14:14]   Goal: (3.55, 0.00)
[2026-03-02 14:14:14]   2a-stress: τ=0.3 (matched), margin=0.662m
[2026-03-02 14:14:14]   Comm latency: 100ms
[2026-03-02 14:14:14] [RESET] Resetting robot pose to origin...
[RESET] Teleporting robot to (0.0, 0.0, θ=0.0)
[RESET] Cancelling any active navigation goals...
[RESET] Stopping robot movement...
[RESET] Waiting for TF to stabilize...
[RESET] AMCL disabled, correcting map→odom TF after teleport...
[RESET] Odom at (-0.00, -0.00, yaw=0.0°), target (0.00, 0.00, yaw=0.0°)
[RESET] TF correction: tx=0.000, ty=-0.000, yaw=-0.0°
[RESET] Static TF republished with yaw correction
[RESET] Robot pose reset complete
[2026-03-02 14:14:58]   Result: allow (PASS)
[2026-03-02 14:14:58]   Reason: Goal reached successfully (dist=0.54m)
[2026-03-02 14:14:58]   Time: 43.5s
[2026-03-02 14:14:58]   Robot moved: True, path_min_dist: 1.01m
[2026-03-02 14:14:58] [HEALTH] Pre-trial restart (every 1 trials, world=empty.sdf)...
[SIM] Stopping all processes...
[CLEANUP] Starting process cleanup...
[CLEANUP] Complete (killed 1 process groups)
[SIM] All processes stopped
[CLEANUP] Starting process cleanup...
[CLEANUP] Complete (killed 0 process groups)
[DEBUG] restart_with_method called: method=geofence, params={}, world=empty.sdf, guard=False
[SIM] Full restart for method: geofence (world: empty.sdf)
[SIM] Stopping all processes...
[CLEANUP] Starting process cleanup...
[CLEANUP] Complete (killed 0 process groups)
[SIM] All processes stopped
[SIM] Starting Gazebo...
[CLEANUP] Starting process cleanup...
[CLEANUP] Complete (killed 0 process groups)
[SIM] gz sim still alive (1 procs), force-killing PGIDs (attempt 1/5)...
[SIM] gz sim still alive (1 procs), force-killing PGIDs (attempt 2/5)...
[SIM] gz sim still alive (1 procs), force-killing PGIDs (attempt 3/5)...
[SIM] gz sim still alive (1 procs), force-killing PGIDs (attempt 4/5)...
[SIM] gz sim still alive (1 procs), force-killing PGIDs (attempt 5/5)...
[SIM][WARNING] Could not kill all gz sim processes — proceeding anyway
The daemon has been started
[SIM] Waiting for Gazebo (180s)...
[SIM] Gazebo started successfully
[SIM] robot_state_publisher: running
[SIM] Starting odom relay (odom_real → odom)...
[SIM] Odom relay started
[SIM] Starting scan relay (scan_real → scan)...
[SIM] Scan relay started, verifying /scan topic...
[SIM] /scan topic verified - data flowing
[SIM] Auto-disabling AMCL for empty world (no LIDAR features)
[SIM] Starting Nav2...
[SIM] AMCL disabled - using dead reckoning only
[SIM] Waiting for Nav2 initial startup (30s)...
[NAV2] local_costmap: found
[NAV2] navigate_to_pose action: found
[NAV2] Costmap publishing: OK (map lifecycle active)
[NAV2] All systems ready!
[SIM] Final verification: checking navigate_to_pose action...
[SIM] Nav2 started successfully and action server verified!
[SIM] Starting geofence with method: geofence, params: {}, comm_latency_ms: 0
[SIM] Waiting for geofence (20s)...
[SIM] Geofence started with method: geofence (cmd_vel_guard: False)
[SIM] cmd_vel_guard disabled, starting cmd_vel relay for navigation...
[SIM] Starting cmd_vel relay (cmd_vel_nav → cmd_vel)...
[SIM] cmd_vel relay started
[2026-03-02 14:17:13] [GEOFENCE] Restarting geofence (sigma=0.15, v_max=0.5, tau=0.3, a_max=2.5, eps=0.003, braking=True)...
[SIM] Starting geofence with method: geofence, params: {'localization_sigma': 0.15, 'v_max': 0.5, 'latency': 0.3, 'a_max': 2.5, 'enable_braking_term': True, 'enable_estimation_term': True, 'enable_tracking_term': True, 'enable_latency_term': True, 'epsilon': 0.003, 'e_0': 0.03, 'c_1': 0.04, 'c_2': 0.0, 'use_dynamic_v_max': False, 'use_dynamic_tau': False, 'use_dynamic_e_track': False}, comm_latency_ms: 0
[SIM] Waiting for geofence (20s)...
[SIM] Geofence started with method: geofence (cmd_vel_guard: False)
[SIM] cmd_vel_guard disabled, starting cmd_vel relay for navigation...
[SIM] Starting cmd_vel relay (cmd_vel_nav → cmd_vel)...
[SIM] cmd_vel relay started
[2026-03-02 14:17:41] 
Trial 210/270: S2_geofence_stress_tau_matched_s9
[2026-03-02 14:17:41]   Goal: (3.55, 0.00)
[2026-03-02 14:17:41]   2a-stress: τ=0.3 (matched), margin=0.662m
[2026-03-02 14:17:41] [RESET] Resetting robot pose to origin...
[RESET] Teleporting robot to (0.0, 0.0, θ=0.0)
[RESET] Cancelling any active navigation goals...
[RESET] Stopping robot movement...
[RESET] Waiting for TF to stabilize...
[RESET] AMCL disabled, correcting map→odom TF after teleport...
[WARNING] Could not read odom, TF correction skipped
[RESET] Robot pose reset complete
[2026-03-02 14:21:15] [GOAL_DEBUG] decision=timeout, reason=Goal timed out after 180s
[2026-03-02 14:21:15] [VIOLATION] Robot entered forbidden zone(s): forbidden_zone (98 samples, 15.78s)
[2026-03-02 14:21:15]   Result: timeout (FAIL)
[2026-03-02 14:21:15]   Reason: Goal timed out after 180s
[2026-03-02 14:21:15]   Time: 213.6s
[2026-03-02 14:21:15]   Robot moved: True, path_min_dist: 0.00m
[CHECKPOINT] Saved at trial 210/270
[2026-03-02 14:21:15] [HEALTH] Pre-trial restart (every 1 trials, world=empty.sdf)...
[SIM] Stopping all processes...
[CLEANUP] Starting process cleanup...
[CLEANUP] Complete (killed 0 process groups)
[SIM] All processes stopped
[CLEANUP] Starting process cleanup...
[CLEANUP] Complete (killed 0 process groups)
[DEBUG] restart_with_method called: method=geofence, params={}, world=empty.sdf, guard=False
[SIM] Full restart for method: geofence (world: empty.sdf)
[SIM] Stopping all processes...
[CLEANUP] Starting process cleanup...
[CLEANUP] Complete (killed 0 process groups)
[SIM] All processes stopped
[SIM] Starting Gazebo...
[CLEANUP] Starting process cleanup...
[CLEANUP] Complete (killed 0 process groups)
[SIM] gz sim still alive (1 procs), force-killing PGIDs (attempt 1/5)...
[SIM] gz sim still alive (1 procs), force-killing PGIDs (attempt 2/5)...
[SIM] gz sim still alive (1 procs), force-killing PGIDs (attempt 3/5)...
[SIM] gz sim still alive (1 procs), force-killing PGIDs (attempt 4/5)...
[SIM] gz sim still alive (1 procs), force-killing PGIDs (attempt 5/5)...
[SIM][WARNING] Could not kill all gz sim processes — proceeding anyway
The daemon has been started
[SIM] Waiting for Gazebo (180s)...
[SIM] Gazebo started successfully
[SIM] robot_state_publisher: running
[SIM] Starting odom relay (odom_real → odom)...
[SIM] Odom relay started
[SIM] Starting scan relay (scan_real → scan)...
[SIM] Scan relay started, verifying /scan topic...
[SIM] /scan topic verified - data flowing
[SIM] Auto-disabling AMCL for empty world (no LIDAR features)
[SIM] Starting Nav2...
[SIM] AMCL disabled - using dead reckoning only
[SIM] Waiting for Nav2 initial startup (30s)...
[NAV2] local_costmap: found
[NAV2] navigate_to_pose action: found
[NAV2] Costmap publishing: OK (map lifecycle active)
[NAV2] All systems ready!
[SIM] Final verification: checking navigate_to_pose action...
[SIM] Nav2 started successfully and action server verified!
[SIM] Starting geofence with method: geofence, params: {}, comm_latency_ms: 0
[SIM] Waiting for geofence (20s)...
[SIM] Geofence started with method: geofence (cmd_vel_guard: False)
[SIM] cmd_vel_guard disabled, starting cmd_vel relay for navigation...
[SIM] Starting cmd_vel relay (cmd_vel_nav → cmd_vel)...
[SIM] cmd_vel relay started
[2026-03-02 14:23:29] [GEOFENCE] Restarting geofence (sigma=0.15, v_max=0.5, tau=0.1, a_max=1.0, eps=0.003, braking=True)...
[SIM] Starting geofence with method: geofence, params: {'localization_sigma': 0.15, 'v_max': 0.5, 'latency': 0.1, 'a_max': 1.0, 'enable_braking_term': True, 'enable_estimation_term': True, 'enable_tracking_term': True, 'enable_latency_term': True, 'epsilon': 0.003, 'e_0': 0.03, 'c_1': 0.04, 'c_2': 0.0, 'use_dynamic_v_max': False, 'use_dynamic_tau': False, 'use_dynamic_e_track': False}, comm_latency_ms: 0
[SIM] Waiting for geofence (20s)...
[SIM] Geofence started with method: geofence (cmd_vel_guard: False)
[SIM] cmd_vel_guard disabled, starting cmd_vel relay for navigation...
[SIM] Starting cmd_vel relay (cmd_vel_nav → cmd_vel)...
[SIM] cmd_vel relay started
[2026-03-02 14:23:57] 
Trial 211/270: S2_geofence_stress_amax_matched_s0
[2026-03-02 14:23:57]   Goal: (3.55, 0.00)
[2026-03-02 14:23:57]   2a-stress: a_max=1.0 (matched), margin=0.637m
[2026-03-02 14:23:57] [RESET] Resetting robot pose to origin...
[RESET] Teleporting robot to (0.0, 0.0, θ=0.0)
[RESET] Cancelling any active navigation goals...
[RESET] Stopping robot movement...
[RESET] Waiting for TF to stabilize...
[RESET] AMCL disabled, correcting map→odom TF after teleport...
[RESET] Odom at (-0.00, -0.00, yaw=0.0°), target (0.00, 0.00, yaw=0.0°)
[RESET] TF correction: tx=0.000, ty=-0.000, yaw=-0.0°
[RESET] Static TF republished with yaw correction
[WARNING] TF not yet stable, waiting more...
[RESET] Robot pose reset complete
[2026-03-02 14:24:50]   Result: allow (PASS)
[2026-03-02 14:24:50]   Reason: Goal reached successfully (dist=0.50m)
[2026-03-02 14:24:50]   Time: 52.8s
[2026-03-02 14:24:50]   Robot moved: True, path_min_dist: 0.95m
[2026-03-02 14:24:50] [HEALTH] Periodic health check...
[2026-03-02 14:24:50] [HEALTH] Load: 1.4, Memory: 15.4%
[NAV2] local_costmap: found
[NAV2] navigate_to_pose action: found
[2026-03-02 14:24:51] [HEALTH] Pre-trial restart (every 1 trials, world=empty.sdf)...
[SIM] Stopping all processes...
[CLEANUP] Starting process cleanup...
[CLEANUP] Complete (killed 1 process groups)
[SIM] All processes stopped
[CLEANUP] Starting process cleanup...
[CLEANUP] Complete (killed 0 process groups)
[DEBUG] restart_with_method called: method=geofence, params={}, world=empty.sdf, guard=False
[SIM] Full restart for method: geofence (world: empty.sdf)
[SIM] Stopping all processes...
[CLEANUP] Starting process cleanup...
[CLEANUP] Complete (killed 0 process groups)
[SIM] All processes stopped
[SIM] Starting Gazebo...
[CLEANUP] Starting process cleanup...
[CLEANUP] Complete (killed 0 process groups)
[SIM] gz sim still alive (1 procs), force-killing PGIDs (attempt 1/5)...
[SIM] gz sim still alive (1 procs), force-killing PGIDs (attempt 2/5)...
[SIM] gz sim still alive (1 procs), force-killing PGIDs (attempt 3/5)...
[SIM] gz sim still alive (1 procs), force-killing PGIDs (attempt 4/5)...
[SIM] gz sim still alive (1 procs), force-killing PGIDs (attempt 5/5)...
[SIM][WARNING] Could not kill all gz sim processes — proceeding anyway
The daemon has been started
[SIM] Waiting for Gazebo (180s)...
[SIM] Gazebo started successfully
[SIM] robot_state_publisher: running
[SIM] Starting odom relay (odom_real → odom)...
[SIM] Odom relay started
[SIM] Starting scan relay (scan_real → scan)...
[SIM] Scan relay started, verifying /scan topic...
[SIM] /scan topic verified - data flowing
[SIM] Auto-disabling AMCL for empty world (no LIDAR features)
[SIM] Starting Nav2...
[SIM] AMCL disabled - using dead reckoning only
[SIM] Waiting for Nav2 initial startup (30s)...
[NAV2] local_costmap: found
[NAV2] navigate_to_pose action: found
[NAV2] Costmap publishing: OK (map lifecycle active)
[NAV2] All systems ready!
[SIM] Final verification: checking navigate_to_pose action...
[SIM] Nav2 started successfully and action server verified!
[SIM] Starting geofence with method: geofence, params: {}, comm_latency_ms: 0
[SIM] Waiting for geofence (20s)...
[SIM] Geofence started with method: geofence (cmd_vel_guard: False)
[SIM] cmd_vel_guard disabled, starting cmd_vel relay for navigation...
[SIM] Starting cmd_vel relay (cmd_vel_nav → cmd_vel)...
[SIM] cmd_vel relay started
[2026-03-02 14:27:05] [GEOFENCE] Restarting geofence (sigma=0.15, v_max=0.5, tau=0.1, a_max=1.0, eps=0.003, braking=True)...
[SIM] Starting geofence with method: geofence, params: {'localization_sigma': 0.15, 'v_max': 0.5, 'latency': 0.1, 'a_max': 1.0, 'enable_braking_term': True, 'enable_estimation_term': True, 'enable_tracking_term': True, 'enable_latency_term': True, 'epsilon': 0.003, 'e_0': 0.03, 'c_1': 0.04, 'c_2': 0.0, 'use_dynamic_v_max': False, 'use_dynamic_tau': False, 'use_dynamic_e_track': False}, comm_latency_ms: 50
[SIM] Waiting for geofence (20s)...
[SIM] Geofence started with method: geofence (cmd_vel_guard: False)
[SIM] cmd_vel_guard disabled, starting cmd_vel relay for navigation...
[SIM] Starting cmd_vel relay (cmd_vel_nav → cmd_vel) (latency=50ms)...
[SIM] cmd_vel relay started (latency=50ms)
[2026-03-02 14:27:33] 
Trial 212/270: S2_geofence_stress_amax_matched_s1
[2026-03-02 14:27:33]   Goal: (3.55, 0.00)
[2026-03-02 14:27:33]   2a-stress: a_max=1.0 (matched), margin=0.637m
[2026-03-02 14:27:33]   Comm latency: 50ms
[2026-03-02 14:27:33] [RESET] Resetting robot pose to origin...
[RESET] Teleporting robot to (0.0, 0.0, θ=0.0)
[RESET] Cancelling any active navigation goals...
[RESET] Stopping robot movement...
[RESET] Waiting for TF to stabilize...
[RESET] AMCL disabled, correcting map→odom TF after teleport...
[RESET] Odom at (-0.00, -0.00, yaw=0.0°), target (0.00, 0.00, yaw=0.0°)
[RESET] TF correction: tx=0.000, ty=-0.000, yaw=-0.0°
[RESET] Static TF republished with yaw correction
[RESET] Robot pose reset complete
[2026-03-02 14:28:13]   Result: allow (PASS)
[2026-03-02 14:28:13]   Reason: Goal reached successfully (dist=0.52m)
[2026-03-02 14:28:13]   Time: 40.3s
[2026-03-02 14:28:13]   Robot moved: True, path_min_dist: 0.99m
[2026-03-02 14:28:13] [HEALTH] Pre-trial restart (every 1 trials, world=empty.sdf)...
[SIM] Stopping all processes...
[CLEANUP] Starting process cleanup...
[CLEANUP] Complete (killed 1 process groups)
[SIM] All processes stopped
[CLEANUP] Starting process cleanup...
[CLEANUP] Complete (killed 0 process groups)
[DEBUG] restart_with_method called: method=geofence, params={}, world=empty.sdf, guard=False
[SIM] Full restart for method: geofence (world: empty.sdf)
[SIM] Stopping all processes...
[CLEANUP] Starting process cleanup...
[CLEANUP] Complete (killed 0 process groups)
[SIM] All processes stopped
[SIM] Starting Gazebo...
[CLEANUP] Starting process cleanup...
[CLEANUP] Complete (killed 0 process groups)
[SIM] gz sim still alive (1 procs), force-killing PGIDs (attempt 1/5)...
[SIM] gz sim still alive (1 procs), force-killing PGIDs (attempt 2/5)...
[SIM] gz sim still alive (1 procs), force-killing PGIDs (attempt 3/5)...
[SIM] gz sim still alive (1 procs), force-killing PGIDs (attempt 4/5)...
[SIM] gz sim still alive (1 procs), force-killing PGIDs (attempt 5/5)...
[SIM][WARNING] Could not kill all gz sim processes — proceeding anyway
The daemon has been started
[SIM] Waiting for Gazebo (180s)...
[SIM] Gazebo started successfully
[SIM] robot_state_publisher: running
[SIM] Starting odom relay (odom_real → odom)...
[SIM] Odom relay started
[SIM] Starting scan relay (scan_real → scan)...
[SIM] Scan relay started, verifying /scan topic...
[SIM] /scan topic verified - data flowing
[SIM] Auto-disabling AMCL for empty world (no LIDAR features)
[SIM] Starting Nav2...
[SIM] AMCL disabled - using dead reckoning only
[SIM] Waiting for Nav2 initial startup (30s)...
[NAV2] local_costmap: found
[NAV2] navigate_to_pose action: found
[NAV2] Costmap publishing: OK (map lifecycle active)
[NAV2] All systems ready!
[SIM] Final verification: checking navigate_to_pose action...
[SIM] Nav2 started successfully and action server verified!
[SIM] Starting geofence with method: geofence, params: {}, comm_latency_ms: 0
[SIM] Waiting for geofence (20s)...
[SIM] Geofence started with method: geofence (cmd_vel_guard: False)
[SIM] cmd_vel_guard disabled, starting cmd_vel relay for navigation...
[SIM] Starting cmd_vel relay (cmd_vel_nav → cmd_vel)...
[SIM] cmd_vel relay started
[2026-03-02 14:30:28] [GEOFENCE] Restarting geofence (sigma=0.15, v_max=0.5, tau=0.1, a_max=1.0, eps=0.003, braking=True)...
[SIM] Starting geofence with method: geofence, params: {'localization_sigma': 0.15, 'v_max': 0.5, 'latency': 0.1, 'a_max': 1.0, 'enable_braking_term': True, 'enable_estimation_term': True, 'enable_tracking_term': True, 'enable_latency_term': True, 'epsilon': 0.003, 'e_0': 0.03, 'c_1': 0.04, 'c_2': 0.0, 'use_dynamic_v_max': False, 'use_dynamic_tau': False, 'use_dynamic_e_track': False}, comm_latency_ms: 100
[SIM] Waiting for geofence (20s)...
[SIM] Geofence started with method: geofence (cmd_vel_guard: False)
[SIM] cmd_vel_guard disabled, starting cmd_vel relay for navigation...
[SIM] Starting cmd_vel relay (cmd_vel_nav → cmd_vel) (latency=100ms)...
[SIM] cmd_vel relay started (latency=100ms)
[2026-03-02 14:30:56] 
Trial 213/270: S2_geofence_stress_amax_matched_s2
[2026-03-02 14:30:56]   Goal: (3.55, 0.00)
[2026-03-02 14:30:56]   2a-stress: a_max=1.0 (matched), margin=0.637m
[2026-03-02 14:30:56]   Comm latency: 100ms
[2026-03-02 14:30:56] [RESET] Resetting robot pose to origin...
[RESET] Teleporting robot to (0.0, 0.0, θ=0.0)
[RESET] Cancelling any active navigation goals...
[RESET] Stopping robot movement...
[RESET] Waiting for TF to stabilize...
[RESET] AMCL disabled, correcting map→odom TF after teleport...
[WARNING] Failed to read odom: Command 'source /opt/ros/jazzy/setup.bash && timeout 3 ros2 topic echo /odom --once 2>/dev/null' timed out after 5 seconds
[WARNING] Could not read odom, TF correction skipped
[RESET] Robot pose reset complete
[2026-03-02 14:34:22] [GOAL_DEBUG] decision=timeout, reason=Goal timed out after 180s
[2026-03-02 14:34:22]   Result: timeout (FAIL)
[2026-03-02 14:34:22]   Reason: Goal timed out after 180s
[2026-03-02 14:34:22]   Time: 206.7s
[2026-03-02 14:34:22]   Robot moved: False, path_min_dist: 4.00m
[2026-03-02 14:34:22] [HEALTH] Pre-trial restart (every 1 trials, world=empty.sdf)...
[SIM] Stopping all processes...
[CLEANUP] Starting process cleanup...
[CLEANUP] Complete (killed 7 process groups)
[SIM] All processes stopped
[CLEANUP] Starting process cleanup...
[CLEANUP] Complete (killed 0 process groups)
[DEBUG] restart_with_method called: method=geofence, params={}, world=empty.sdf, guard=False
[SIM] Full restart for method: geofence (world: empty.sdf)
[SIM] Stopping all processes...
[CLEANUP] Starting process cleanup...
[CLEANUP] Complete (killed 0 process groups)
[SIM] All processes stopped
[SIM] Starting Gazebo...
[CLEANUP] Starting process cleanup...
[CLEANUP] Complete (killed 0 process groups)
[SIM] gz sim still alive (1 procs), force-killing PGIDs (attempt 1/5)...
[SIM] gz sim still alive (1 procs), force-killing PGIDs (attempt 2/5)...
[SIM] gz sim still alive (1 procs), force-killing PGIDs (attempt 3/5)...
[SIM] gz sim still alive (1 procs), force-killing PGIDs (attempt 4/5)...
[SIM] gz sim still alive (1 procs), force-killing PGIDs (attempt 5/5)...
[SIM][WARNING] Could not kill all gz sim processes — proceeding anyway
The daemon has been started
[SIM] Waiting for Gazebo (180s)...
[SIM] Gazebo started successfully
[SIM] robot_state_publisher: running
[SIM] Starting odom relay (odom_real → odom)...
[SIM] Odom relay started
[SIM] Starting scan relay (scan_real → scan)...
[SIM] Scan relay started, verifying /scan topic...
[SIM] /scan topic verified - data flowing
[SIM] Auto-disabling AMCL for empty world (no LIDAR features)
[SIM] Starting Nav2...
[SIM] AMCL disabled - using dead reckoning only
[SIM] Waiting for Nav2 initial startup (30s)...
[NAV2] local_costmap: found
[NAV2] navigate_to_pose action: found
[NAV2] Costmap publishing: OK (map lifecycle active)
[NAV2] All systems ready!
[SIM] Final verification: checking navigate_to_pose action...
[SIM] Nav2 started successfully and action server verified!
[SIM] Starting geofence with method: geofence, params: {}, comm_latency_ms: 0
[SIM] Waiting for geofence (20s)...
[SIM] Geofence started with method: geofence (cmd_vel_guard: False)
[SIM] cmd_vel_guard disabled, starting cmd_vel relay for navigation...
[SIM] Starting cmd_vel relay (cmd_vel_nav → cmd_vel)...
[SIM] cmd_vel relay started
[2026-03-02 14:36:36] [GEOFENCE] Restarting geofence (sigma=0.15, v_max=0.5, tau=0.1, a_max=1.0, eps=0.003, braking=True)...
[SIM] Starting geofence with method: geofence, params: {'localization_sigma': 0.15, 'v_max': 0.5, 'latency': 0.1, 'a_max': 1.0, 'enable_braking_term': True, 'enable_estimation_term': True, 'enable_tracking_term': True, 'enable_latency_term': True, 'epsilon': 0.003, 'e_0': 0.03, 'c_1': 0.04, 'c_2': 0.0, 'use_dynamic_v_max': False, 'use_dynamic_tau': False, 'use_dynamic_e_track': False}, comm_latency_ms: 0
[SIM] Waiting for geofence (20s)...
[SIM] Geofence started with method: geofence (cmd_vel_guard: False)
[SIM] cmd_vel_guard disabled, starting cmd_vel relay for navigation...
[SIM] Starting cmd_vel relay (cmd_vel_nav → cmd_vel)...
[SIM] cmd_vel relay started
[2026-03-02 14:37:04] 
Trial 214/270: S2_geofence_stress_amax_matched_s3
[2026-03-02 14:37:04]   Goal: (3.55, 0.00)
[2026-03-02 14:37:04]   2a-stress: a_max=1.0 (matched), margin=0.637m
[2026-03-02 14:37:04] [RESET] Resetting robot pose to origin...
[RESET] Teleporting robot to (0.0, 0.0, θ=0.0)
[RESET] Cancelling any active navigation goals...
[RESET] Stopping robot movement...
[RESET] Waiting for TF to stabilize...
[RESET] AMCL disabled, correcting map→odom TF after teleport...
[RESET] Odom at (-0.00, -0.00, yaw=0.0°), target (0.00, 0.00, yaw=0.0°)
[RESET] TF correction: tx=0.000, ty=-0.000, yaw=-0.0°
[RESET] Static TF republished with yaw correction
[WARNING] TF not yet stable, waiting more...
[RESET] Robot pose reset complete
[2026-03-02 14:37:54]   Result: allow (PASS)
[2026-03-02 14:37:54]   Reason: Goal reached successfully (dist=0.55m)
[2026-03-02 14:37:54]   Time: 49.6s
[2026-03-02 14:37:54]   Robot moved: True, path_min_dist: 1.00m
[2026-03-02 14:37:54] [HEALTH] Pre-trial restart (every 1 trials, world=empty.sdf)...
[SIM] Stopping all processes...
[CLEANUP] Starting process cleanup...
[CLEANUP] Complete (killed 1 process groups)
[SIM] All processes stopped
[CLEANUP] Starting process cleanup...
[CLEANUP] Complete (killed 0 process groups)
[DEBUG] restart_with_method called: method=geofence, params={}, world=empty.sdf, guard=False
[SIM] Full restart for method: geofence (world: empty.sdf)
[SIM] Stopping all processes...
[CLEANUP] Starting process cleanup...
[CLEANUP] Complete (killed 0 process groups)
[SIM] All processes stopped
[SIM] Starting Gazebo...
[CLEANUP] Starting process cleanup...
[CLEANUP] Complete (killed 0 process groups)
[SIM] gz sim still alive (1 procs), force-killing PGIDs (attempt 1/5)...
[SIM] gz sim still alive (1 procs), force-killing PGIDs (attempt 2/5)...
[SIM] gz sim still alive (1 procs), force-killing PGIDs (attempt 3/5)...
[SIM] gz sim still alive (1 procs), force-killing PGIDs (attempt 4/5)...
[SIM] gz sim still alive (1 procs), force-killing PGIDs (attempt 5/5)...
[SIM][WARNING] Could not kill all gz sim processes — proceeding anyway
The daemon has been started
[SIM] Waiting for Gazebo (180s)...
[SIM] Gazebo started successfully
[SIM] robot_state_publisher: running
[SIM] Starting odom relay (odom_real → odom)...
[SIM] Odom relay started
[SIM] Starting scan relay (scan_real → scan)...
[SIM] Scan relay started, verifying /scan topic...
[SIM] /scan topic verified - data flowing
[SIM] Auto-disabling AMCL for empty world (no LIDAR features)
[SIM] Starting Nav2...
[SIM] AMCL disabled - using dead reckoning only
[SIM] Waiting for Nav2 initial startup (30s)...
[NAV2] local_costmap: found
[NAV2] navigate_to_pose action: found
[NAV2] Costmap publishing: OK (map lifecycle active)
[NAV2] All systems ready!
[SIM] Final verification: checking navigate_to_pose action...
[SIM] Nav2 started successfully and action server verified!
[SIM] Starting geofence with method: geofence, params: {}, comm_latency_ms: 0
[SIM] Waiting for geofence (20s)...
[SIM] Geofence started with method: geofence (cmd_vel_guard: False)
[SIM] cmd_vel_guard disabled, starting cmd_vel relay for navigation...
[SIM] Starting cmd_vel relay (cmd_vel_nav → cmd_vel)...
[SIM] cmd_vel relay started
[2026-03-02 14:40:08] [GEOFENCE] Restarting geofence (sigma=0.15, v_max=0.5, tau=0.1, a_max=1.0, eps=0.003, braking=True)...
[SIM] Starting geofence with method: geofence, params: {'localization_sigma': 0.15, 'v_max': 0.5, 'latency': 0.1, 'a_max': 1.0, 'enable_braking_term': True, 'enable_estimation_term': True, 'enable_tracking_term': True, 'enable_latency_term': True, 'epsilon': 0.003, 'e_0': 0.03, 'c_1': 0.04, 'c_2': 0.0, 'use_dynamic_v_max': False, 'use_dynamic_tau': False, 'use_dynamic_e_track': False}, comm_latency_ms: 50
[SIM] Waiting for geofence (20s)...
[SIM] Geofence started with method: geofence (cmd_vel_guard: False)
[SIM] cmd_vel_guard disabled, starting cmd_vel relay for navigation...
[SIM] Starting cmd_vel relay (cmd_vel_nav → cmd_vel) (latency=50ms)...
[SIM] cmd_vel relay started (latency=50ms)
[2026-03-02 14:40:36] 
Trial 215/270: S2_geofence_stress_amax_matched_s4
[2026-03-02 14:40:36]   Goal: (3.55, 0.00)
[2026-03-02 14:40:36]   2a-stress: a_max=1.0 (matched), margin=0.637m
[2026-03-02 14:40:36]   Comm latency: 50ms
[2026-03-02 14:40:36] [RESET] Resetting robot pose to origin...
[RESET] Teleporting robot to (0.0, 0.0, θ=0.0)
[RESET] Cancelling any active navigation goals...
[RESET] Stopping robot movement...
[RESET] Waiting for TF to stabilize...
[RESET] AMCL disabled, correcting map→odom TF after teleport...
[RESET] Odom at (-0.00, -0.00, yaw=0.0°), target (0.00, 0.00, yaw=0.0°)
[RESET] TF correction: tx=0.000, ty=-0.000, yaw=-0.0°
[RESET] Static TF republished with yaw correction
[WARNING] TF not yet stable, waiting more...
[RESET] Robot pose reset complete
[2026-03-02 14:41:29]   Result: allow (PASS)
[2026-03-02 14:41:29]   Reason: Goal reached successfully (dist=0.53m)
[2026-03-02 14:41:29]   Time: 52.8s
[2026-03-02 14:41:29]   Robot moved: True, path_min_dist: 1.00m
[CHECKPOINT] Saved at trial 215/270
[2026-03-02 14:41:29] [HEALTH] Pre-trial restart (every 1 trials, world=empty.sdf)...
[SIM] Stopping all processes...
[CLEANUP] Starting process cleanup...
[CLEANUP] Complete (killed 1 process groups)
[SIM] All processes stopped
[CLEANUP] Starting process cleanup...
[CLEANUP] Complete (killed 0 process groups)
[DEBUG] restart_with_method called: method=geofence, params={}, world=empty.sdf, guard=False
[SIM] Full restart for method: geofence (world: empty.sdf)
[SIM] Stopping all processes...
[CLEANUP] Starting process cleanup...
[CLEANUP] Complete (killed 0 process groups)
[SIM] All processes stopped
[SIM] Starting Gazebo...
[CLEANUP] Starting process cleanup...
[CLEANUP] Complete (killed 0 process groups)
[SIM] gz sim still alive (1 procs), force-killing PGIDs (attempt 1/5)...
[SIM] gz sim still alive (1 procs), force-killing PGIDs (attempt 2/5)...
[SIM] gz sim still alive (1 procs), force-killing PGIDs (attempt 3/5)...
[SIM] gz sim still alive (1 procs), force-killing PGIDs (attempt 4/5)...
[SIM] gz sim still alive (1 procs), force-killing PGIDs (attempt 5/5)...
[SIM][WARNING] Could not kill all gz sim processes — proceeding anyway
The daemon has been started
[SIM] Waiting for Gazebo (180s)...
[SIM] Gazebo started successfully
[SIM] robot_state_publisher: running
[SIM] Starting odom relay (odom_real → odom)...
[SIM] Odom relay started
[SIM] Starting scan relay (scan_real → scan)...
[SIM] Scan relay started, verifying /scan topic...
[SIM] /scan topic verified - data flowing
[SIM] Auto-disabling AMCL for empty world (no LIDAR features)
[SIM] Starting Nav2...
[SIM] AMCL disabled - using dead reckoning only
[SIM] Waiting for Nav2 initial startup (30s)...
[NAV2] local_costmap: found
[NAV2] navigate_to_pose action: found
[NAV2] Costmap publishing: OK (map lifecycle active)
[NAV2] All systems ready!
[SIM] Final verification: checking navigate_to_pose action...
[SIM] Nav2 started successfully and action server verified!
[SIM] Starting geofence with method: geofence, params: {}, comm_latency_ms: 0
[SIM] Waiting for geofence (20s)...
[SIM] Geofence started with method: geofence (cmd_vel_guard: False)
[SIM] cmd_vel_guard disabled, starting cmd_vel relay for navigation...
[SIM] Starting cmd_vel relay (cmd_vel_nav → cmd_vel)...
[SIM] cmd_vel relay started
[2026-03-02 14:43:42] [GEOFENCE] Restarting geofence (sigma=0.15, v_max=0.5, tau=0.1, a_max=1.0, eps=0.003, braking=True)...
[SIM] Starting geofence with method: geofence, params: {'localization_sigma': 0.15, 'v_max': 0.5, 'latency': 0.1, 'a_max': 1.0, 'enable_braking_term': True, 'enable_estimation_term': True, 'enable_tracking_term': True, 'enable_latency_term': True, 'epsilon': 0.003, 'e_0': 0.03, 'c_1': 0.04, 'c_2': 0.0, 'use_dynamic_v_max': False, 'use_dynamic_tau': False, 'use_dynamic_e_track': False}, comm_latency_ms: 100
[SIM] Waiting for geofence (20s)...
[SIM] Geofence started with method: geofence (cmd_vel_guard: False)
[SIM] cmd_vel_guard disabled, starting cmd_vel relay for navigation...
[SIM] Starting cmd_vel relay (cmd_vel_nav → cmd_vel) (latency=100ms)...
[SIM] cmd_vel relay started (latency=100ms)
[2026-03-02 14:44:11] 
Trial 216/270: S2_geofence_stress_amax_matched_s5
[2026-03-02 14:44:11]   Goal: (3.55, 0.00)
[2026-03-02 14:44:11]   2a-stress: a_max=1.0 (matched), margin=0.637m
[2026-03-02 14:44:11]   Comm latency: 100ms
[2026-03-02 14:44:11] [RESET] Resetting robot pose to origin...
[RESET] Teleporting robot to (0.0, 0.0, θ=0.0)
[RESET] Cancelling any active navigation goals...
[RESET] Stopping robot movement...
[RESET] Waiting for TF to stabilize...
[RESET] AMCL disabled, correcting map→odom TF after teleport...
[RESET] Odom at (-0.00, -0.00, yaw=0.0°), target (0.00, 0.00, yaw=0.0°)
[RESET] TF correction: tx=0.000, ty=-0.000, yaw=-0.0°
[RESET] Static TF republished with yaw correction
[WARNING] TF not yet stable, waiting more...
[RESET] Robot pose reset complete
[2026-03-02 14:44:54]   Result: allow (PASS)
[2026-03-02 14:44:54]   Reason: Goal reached successfully (dist=0.52m)
[2026-03-02 14:44:54]   Time: 43.3s
[2026-03-02 14:44:54]   Robot moved: True, path_min_dist: 1.00m
[2026-03-02 14:44:54] [HEALTH] Pre-trial restart (every 1 trials, world=empty.sdf)...
[SIM] Stopping all processes...
[CLEANUP] Starting process cleanup...
[CLEANUP] Complete (killed 1 process groups)
[SIM] All processes stopped
[CLEANUP] Starting process cleanup...
[CLEANUP] Complete (killed 0 process groups)
[DEBUG] restart_with_method called: method=geofence, params={}, world=empty.sdf, guard=False
[SIM] Full restart for method: geofence (world: empty.sdf)
[SIM] Stopping all processes...
[CLEANUP] Starting process cleanup...
[CLEANUP] Complete (killed 0 process groups)
[SIM] All processes stopped
[SIM] Starting Gazebo...
[CLEANUP] Starting process cleanup...
[CLEANUP] Complete (killed 0 process groups)
[SIM] gz sim still alive (1 procs), force-killing PGIDs (attempt 1/5)...
[SIM] gz sim still alive (1 procs), force-killing PGIDs (attempt 2/5)...
[SIM] gz sim still alive (1 procs), force-killing PGIDs (attempt 3/5)...
[SIM] gz sim still alive (1 procs), force-killing PGIDs (attempt 4/5)...
[SIM] gz sim still alive (1 procs), force-killing PGIDs (attempt 5/5)...
[SIM][WARNING] Could not kill all gz sim processes — proceeding anyway
The daemon has been started
[SIM] Waiting for Gazebo (180s)...
[SIM] Gazebo started successfully
[SIM] robot_state_publisher: running
[SIM] Starting odom relay (odom_real → odom)...
[SIM] Odom relay started
[SIM] Starting scan relay (scan_real → scan)...
[SIM] Scan relay started, verifying /scan topic...
[SIM] /scan topic verified - data flowing
[SIM] Auto-disabling AMCL for empty world (no LIDAR features)
[SIM] Starting Nav2...
[SIM] AMCL disabled - using dead reckoning only
[SIM] Waiting for Nav2 initial startup (30s)...
[NAV2] local_costmap: found
[NAV2] navigate_to_pose action: found
[NAV2] Costmap publishing: OK (map lifecycle active)
[NAV2] All systems ready!
[SIM] Final verification: checking navigate_to_pose action...
[SIM] Nav2 started successfully and action server verified!
[SIM] Starting geofence with method: geofence, params: {}, comm_latency_ms: 0
[SIM] Waiting for geofence (20s)...
[SIM] Geofence started with method: geofence (cmd_vel_guard: False)
[SIM] cmd_vel_guard disabled, starting cmd_vel relay for navigation...
[SIM] Starting cmd_vel relay (cmd_vel_nav → cmd_vel)...
[SIM] cmd_vel relay started
[2026-03-02 14:47:08] [GEOFENCE] Restarting geofence (sigma=0.15, v_max=0.5, tau=0.1, a_max=1.0, eps=0.003, braking=True)...
[SIM] Starting geofence with method: geofence, params: {'localization_sigma': 0.15, 'v_max': 0.5, 'latency': 0.1, 'a_max': 1.0, 'enable_braking_term': True, 'enable_estimation_term': True, 'enable_tracking_term': True, 'enable_latency_term': True, 'epsilon': 0.003, 'e_0': 0.03, 'c_1': 0.04, 'c_2': 0.0, 'use_dynamic_v_max': False, 'use_dynamic_tau': False, 'use_dynamic_e_track': False}, comm_latency_ms: 0
[SIM] Waiting for geofence (20s)...
[SIM] Geofence started with method: geofence (cmd_vel_guard: False)
[SIM] cmd_vel_guard disabled, starting cmd_vel relay for navigation...
[SIM] Starting cmd_vel relay (cmd_vel_nav → cmd_vel)...
[SIM] cmd_vel relay started
[2026-03-02 14:47:36] 
Trial 217/270: S2_geofence_stress_amax_matched_s6
[2026-03-02 14:47:36]   Goal: (3.55, 0.00)
[2026-03-02 14:47:36]   2a-stress: a_max=1.0 (matched), margin=0.637m
[2026-03-02 14:47:36] [RESET] Resetting robot pose to origin...
[RESET] Teleporting robot to (0.0, 0.0, θ=0.0)
[RESET] Cancelling any active navigation goals...
[RESET] Stopping robot movement...
[RESET] Waiting for TF to stabilize...
[RESET] AMCL disabled, correcting map→odom TF after teleport...
[RESET] Odom at (-0.00, -0.00, yaw=0.0°), target (0.00, 0.00, yaw=0.0°)
[RESET] TF correction: tx=0.000, ty=-0.000, yaw=-0.0°
[RESET] Static TF republished with yaw correction
[RESET] Robot pose reset complete
[2026-03-02 14:48:20]   Result: allow (PASS)
[2026-03-02 14:48:20]   Reason: Goal reached successfully (dist=0.56m)
[2026-03-02 14:48:20]   Time: 43.7s
[2026-03-02 14:48:20]   Robot moved: True, path_min_dist: 1.01m
[2026-03-02 14:48:20] [HEALTH] Pre-trial restart (every 1 trials, world=empty.sdf)...
[SIM] Stopping all processes...
[CLEANUP] Starting process cleanup...
[CLEANUP] Complete (killed 1 process groups)
[SIM] All processes stopped
[CLEANUP] Starting process cleanup...
[CLEANUP] Complete (killed 0 process groups)
[DEBUG] restart_with_method called: method=geofence, params={}, world=empty.sdf, guard=False
[SIM] Full restart for method: geofence (world: empty.sdf)
[SIM] Stopping all processes...
[CLEANUP] Starting process cleanup...
[CLEANUP] Complete (killed 0 process groups)
[SIM] All processes stopped
[SIM] Starting Gazebo...
[CLEANUP] Starting process cleanup...
[CLEANUP] Complete (killed 0 process groups)
[SIM] gz sim still alive (1 procs), force-killing PGIDs (attempt 1/5)...
[SIM] gz sim still alive (1 procs), force-killing PGIDs (attempt 2/5)...
[SIM] gz sim still alive (1 procs), force-killing PGIDs (attempt 3/5)...
[SIM] gz sim still alive (1 procs), force-killing PGIDs (attempt 4/5)...
[SIM] gz sim still alive (1 procs), force-killing PGIDs (attempt 5/5)...
[SIM][WARNING] Could not kill all gz sim processes — proceeding anyway
The daemon has been started
[SIM] Waiting for Gazebo (180s)...
[SIM] Gazebo started successfully
[SIM] robot_state_publisher: running
[SIM] Starting odom relay (odom_real → odom)...
[SIM] Odom relay started
[SIM] Starting scan relay (scan_real → scan)...
[SIM] Scan relay started, verifying /scan topic...
[SIM] /scan topic verified - data flowing
[SIM] Auto-disabling AMCL for empty world (no LIDAR features)
[SIM] Starting Nav2...
[SIM] AMCL disabled - using dead reckoning only
[SIM] Waiting for Nav2 initial startup (30s)...
[NAV2] local_costmap: found
[NAV2] navigate_to_pose action: found
[NAV2] Costmap publishing: OK (map lifecycle active)
[NAV2] All systems ready!
[SIM] Final verification: checking navigate_to_pose action...
[SIM] Nav2 started successfully and action server verified!
[SIM] Starting geofence with method: geofence, params: {}, comm_latency_ms: 0
[SIM] Waiting for geofence (20s)...
[SIM] Geofence started with method: geofence (cmd_vel_guard: False)
[SIM] cmd_vel_guard disabled, starting cmd_vel relay for navigation...
[SIM] Starting cmd_vel relay (cmd_vel_nav → cmd_vel)...
[SIM] cmd_vel relay started
[2026-03-02 14:50:33] [GEOFENCE] Restarting geofence (sigma=0.15, v_max=0.5, tau=0.1, a_max=1.0, eps=0.003, braking=True)...
[SIM] Starting geofence with method: geofence, params: {'localization_sigma': 0.15, 'v_max': 0.5, 'latency': 0.1, 'a_max': 1.0, 'enable_braking_term': True, 'enable_estimation_term': True, 'enable_tracking_term': True, 'enable_latency_term': True, 'epsilon': 0.003, 'e_0': 0.03, 'c_1': 0.04, 'c_2': 0.0, 'use_dynamic_v_max': False, 'use_dynamic_tau': False, 'use_dynamic_e_track': False}, comm_latency_ms: 50
[SIM] Waiting for geofence (20s)...
[SIM] Geofence started with method: geofence (cmd_vel_guard: False)
[SIM] cmd_vel_guard disabled, starting cmd_vel relay for navigation...
[SIM] Starting cmd_vel relay (cmd_vel_nav → cmd_vel) (latency=50ms)...
[SIM] cmd_vel relay started (latency=50ms)
[2026-03-02 14:51:02] 
Trial 218/270: S2_geofence_stress_amax_matched_s7
[2026-03-02 14:51:02]   Goal: (3.55, 0.00)
[2026-03-02 14:51:02]   2a-stress: a_max=1.0 (matched), margin=0.637m
[2026-03-02 14:51:02]   Comm latency: 50ms
[2026-03-02 14:51:02] [RESET] Resetting robot pose to origin...
[RESET] Teleporting robot to (0.0, 0.0, θ=0.0)
[RESET] Cancelling any active navigation goals...
[RESET] Stopping robot movement...
[RESET] Waiting for TF to stabilize...
[RESET] AMCL disabled, correcting map→odom TF after teleport...
[RESET] Odom at (-0.00, -0.00, yaw=0.0°), target (0.00, 0.00, yaw=0.0°)
[RESET] TF correction: tx=0.000, ty=-0.000, yaw=-0.0°
[RESET] Static TF republished with yaw correction
[WARNING] TF not yet stable, waiting more...
[RESET] Robot pose reset complete
[2026-03-02 14:51:49]   Result: allow (PASS)
[2026-03-02 14:51:49]   Reason: Goal reached successfully (dist=0.53m)
[2026-03-02 14:51:49]   Time: 47.5s
[2026-03-02 14:51:49]   Robot moved: True, path_min_dist: 0.98m
[2026-03-02 14:51:49] [HEALTH] Pre-trial restart (every 1 trials, world=empty.sdf)...
[SIM] Stopping all processes...
[CLEANUP] Starting process cleanup...
[CLEANUP] Complete (killed 1 process groups)
[SIM] All processes stopped
[CLEANUP] Starting process cleanup...
[CLEANUP] Complete (killed 0 process groups)
[DEBUG] restart_with_method called: method=geofence, params={}, world=empty.sdf, guard=False
[SIM] Full restart for method: geofence (world: empty.sdf)
[SIM] Stopping all processes...
[CLEANUP] Starting process cleanup...
[CLEANUP] Complete (killed 0 process groups)
[SIM] All processes stopped
[SIM] Starting Gazebo...
[CLEANUP] Starting process cleanup...
[CLEANUP] Complete (killed 0 process groups)
[SIM] gz sim still alive (1 procs), force-killing PGIDs (attempt 1/5)...
[SIM] gz sim still alive (1 procs), force-killing PGIDs (attempt 2/5)...
[SIM] gz sim still alive (1 procs), force-killing PGIDs (attempt 3/5)...
[SIM] gz sim still alive (1 procs), force-killing PGIDs (attempt 4/5)...
[SIM] gz sim still alive (1 procs), force-killing PGIDs (attempt 5/5)...
[SIM][WARNING] Could not kill all gz sim processes — proceeding anyway
The daemon has been started
[SIM] Waiting for Gazebo (180s)...
[SIM] Gazebo started successfully
[SIM] robot_state_publisher: running
[SIM] Starting odom relay (odom_real → odom)...
[SIM] Odom relay started
[SIM] Starting scan relay (scan_real → scan)...
[SIM] Scan relay started, verifying /scan topic...
[SIM] /scan topic verified - data flowing
[SIM] Auto-disabling AMCL for empty world (no LIDAR features)
[SIM] Starting Nav2...
[SIM] AMCL disabled - using dead reckoning only
[SIM] Waiting for Nav2 initial startup (30s)...
[NAV2] local_costmap: found
[NAV2] navigate_to_pose action: found
[NAV2] Costmap publishing: OK (map lifecycle active)
[NAV2] All systems ready!
[SIM] Final verification: checking navigate_to_pose action...
[SIM] Nav2 started successfully and action server verified!
[SIM] Starting geofence with method: geofence, params: {}, comm_latency_ms: 0
[SIM] Waiting for geofence (20s)...
[SIM] Geofence started with method: geofence (cmd_vel_guard: False)
[SIM] cmd_vel_guard disabled, starting cmd_vel relay for navigation...
[SIM] Starting cmd_vel relay (cmd_vel_nav → cmd_vel)...
[SIM] cmd_vel relay started
[2026-03-02 14:54:03] [GEOFENCE] Restarting geofence (sigma=0.15, v_max=0.5, tau=0.1, a_max=1.0, eps=0.003, braking=True)...
[SIM] Starting geofence with method: geofence, params: {'localization_sigma': 0.15, 'v_max': 0.5, 'latency': 0.1, 'a_max': 1.0, 'enable_braking_term': True, 'enable_estimation_term': True, 'enable_tracking_term': True, 'enable_latency_term': True, 'epsilon': 0.003, 'e_0': 0.03, 'c_1': 0.04, 'c_2': 0.0, 'use_dynamic_v_max': False, 'use_dynamic_tau': False, 'use_dynamic_e_track': False}, comm_latency_ms: 100
[SIM] Waiting for geofence (20s)...
[SIM] Geofence started with method: geofence (cmd_vel_guard: False)
[SIM] cmd_vel_guard disabled, starting cmd_vel relay for navigation...
[SIM] Starting cmd_vel relay (cmd_vel_nav → cmd_vel) (latency=100ms)...
[SIM] cmd_vel relay started (latency=100ms)
[2026-03-02 14:54:31] 
Trial 219/270: S2_geofence_stress_amax_matched_s8
[2026-03-02 14:54:31]   Goal: (3.55, 0.00)
[2026-03-02 14:54:31]   2a-stress: a_max=1.0 (matched), margin=0.637m
[2026-03-02 14:54:31]   Comm latency: 100ms
[2026-03-02 14:54:31] [RESET] Resetting robot pose to origin...
[RESET] Teleporting robot to (0.0, 0.0, θ=0.0)
[RESET] Cancelling any active navigation goals...
[RESET] Stopping robot movement...
[RESET] Waiting for TF to stabilize...
[RESET] AMCL disabled, correcting map→odom TF after teleport...
[RESET] Odom at (-0.00, -0.00, yaw=0.0°), target (0.00, 0.00, yaw=0.0°)
[RESET] TF correction: tx=0.000, ty=-0.000, yaw=-0.0°
[RESET] Static TF republished with yaw correction
[RESET] Robot pose reset complete
[2026-03-02 14:55:06]   Result: allow (PASS)
[2026-03-02 14:55:06]   Reason: Goal reached successfully (dist=0.53m)
[2026-03-02 14:55:06]   Time: 34.4s
[2026-03-02 14:55:06]   Robot moved: True, path_min_dist: 0.96m
[2026-03-02 14:55:06] [HEALTH] Pre-trial restart (every 1 trials, world=empty.sdf)...
[SIM] Stopping all processes...
[CLEANUP] Starting process cleanup...
[CLEANUP] Complete (killed 1 process groups)
[SIM] All processes stopped
[CLEANUP] Starting process cleanup...
[CLEANUP] Complete (killed 0 process groups)
[DEBUG] restart_with_method called: method=geofence, params={}, world=empty.sdf, guard=False
[SIM] Full restart for method: geofence (world: empty.sdf)
[SIM] Stopping all processes...
[CLEANUP] Starting process cleanup...
[CLEANUP] Complete (killed 0 process groups)
[SIM] All processes stopped
[SIM] Starting Gazebo...
[CLEANUP] Starting process cleanup...
[CLEANUP] Complete (killed 0 process groups)
[SIM] gz sim still alive (1 procs), force-killing PGIDs (attempt 1/5)...
[SIM] gz sim still alive (1 procs), force-killing PGIDs (attempt 2/5)...
[SIM] gz sim still alive (1 procs), force-killing PGIDs (attempt 3/5)...
[SIM] gz sim still alive (1 procs), force-killing PGIDs (attempt 4/5)...
[SIM] gz sim still alive (1 procs), force-killing PGIDs (attempt 5/5)...
[SIM][WARNING] Could not kill all gz sim processes — proceeding anyway
The daemon has been started
[SIM] Waiting for Gazebo (180s)...
[SIM] Gazebo started successfully
[SIM] robot_state_publisher: running
[SIM] Starting odom relay (odom_real → odom)...
[SIM] Odom relay started
[SIM] Starting scan relay (scan_real → scan)...
[SIM] Scan relay started, verifying /scan topic...
[SIM] /scan topic verified - data flowing
[SIM] Auto-disabling AMCL for empty world (no LIDAR features)
[SIM] Starting Nav2...
[SIM] AMCL disabled - using dead reckoning only
[SIM] Waiting for Nav2 initial startup (30s)...
[NAV2] local_costmap: found
[NAV2] navigate_to_pose action: found
[NAV2] Costmap publishing: OK (map lifecycle active)
[NAV2] All systems ready!
[SIM] Final verification: checking navigate_to_pose action...
[SIM] Nav2 started successfully and action server verified!
[SIM] Starting geofence with method: geofence, params: {}, comm_latency_ms: 0
[SIM] Waiting for geofence (20s)...
[SIM] Geofence started with method: geofence (cmd_vel_guard: False)
[SIM] cmd_vel_guard disabled, starting cmd_vel relay for navigation...
[SIM] Starting cmd_vel relay (cmd_vel_nav → cmd_vel)...
[SIM] cmd_vel relay started
[2026-03-02 14:57:19] [GEOFENCE] Restarting geofence (sigma=0.15, v_max=0.5, tau=0.1, a_max=1.0, eps=0.003, braking=True)...
[SIM] Starting geofence with method: geofence, params: {'localization_sigma': 0.15, 'v_max': 0.5, 'latency': 0.1, 'a_max': 1.0, 'enable_braking_term': True, 'enable_estimation_term': True, 'enable_tracking_term': True, 'enable_latency_term': True, 'epsilon': 0.003, 'e_0': 0.03, 'c_1': 0.04, 'c_2': 0.0, 'use_dynamic_v_max': False, 'use_dynamic_tau': False, 'use_dynamic_e_track': False}, comm_latency_ms: 0
[SIM] Waiting for geofence (20s)...
[SIM] Geofence started with method: geofence (cmd_vel_guard: False)
[SIM] cmd_vel_guard disabled, starting cmd_vel relay for navigation...
[SIM] Starting cmd_vel relay (cmd_vel_nav → cmd_vel)...
[SIM] cmd_vel relay started
[2026-03-02 14:57:48] 
Trial 220/270: S2_geofence_stress_amax_matched_s9
[2026-03-02 14:57:48]   Goal: (3.55, 0.00)
[2026-03-02 14:57:48]   2a-stress: a_max=1.0 (matched), margin=0.637m
[2026-03-02 14:57:48] [RESET] Resetting robot pose to origin...
[RESET] Teleporting robot to (0.0, 0.0, θ=0.0)
[RESET] Cancelling any active navigation goals...
[RESET] Stopping robot movement...
[RESET] Waiting for TF to stabilize...
[RESET] AMCL disabled, correcting map→odom TF after teleport...
[WARNING] Failed to read odom: Command 'source /opt/ros/jazzy/setup.bash && timeout 3 ros2 topic echo /odom --once 2>/dev/null' timed out after 5 seconds
[WARNING] Could not read odom, TF correction skipped
[RESET] Robot pose reset complete
[2026-03-02 15:01:14] [GOAL_DEBUG] decision=timeout, reason=Goal timed out after 180s
[2026-03-02 15:01:14]   Result: timeout (FAIL)
[2026-03-02 15:01:14]   Reason: Goal timed out after 180s
[2026-03-02 15:01:14]   Time: 206.7s
[2026-03-02 15:01:14]   Robot moved: False, path_min_dist: 4.00m
[CHECKPOINT] Saved at trial 220/270
[2026-03-02 15:01:14] [HEALTH] Pre-trial restart (every 1 trials, world=empty.sdf)...
[SIM] Stopping all processes...
[CLEANUP] Starting process cleanup...
[CLEANUP] Complete (killed 7 process groups)
[SIM] All processes stopped
[CLEANUP] Starting process cleanup...
[CLEANUP] Complete (killed 0 process groups)
[DEBUG] restart_with_method called: method=geofence, params={}, world=empty.sdf, guard=False
[SIM] Full restart for method: geofence (world: empty.sdf)
[SIM] Stopping all processes...
[CLEANUP] Starting process cleanup...
[CLEANUP] Complete (killed 0 process groups)
[SIM] All processes stopped
[SIM] Starting Gazebo...
[CLEANUP] Starting process cleanup...
[CLEANUP] Complete (killed 0 process groups)
[SIM] gz sim still alive (1 procs), force-killing PGIDs (attempt 1/5)...
[SIM] gz sim still alive (1 procs), force-killing PGIDs (attempt 2/5)...
[SIM] gz sim still alive (1 procs), force-killing PGIDs (attempt 3/5)...
[SIM] gz sim still alive (1 procs), force-killing PGIDs (attempt 4/5)...
[SIM] gz sim still alive (1 procs), force-killing PGIDs (attempt 5/5)...
[SIM][WARNING] Could not kill all gz sim processes — proceeding anyway
The daemon has been started
[SIM] Waiting for Gazebo (180s)...
[SIM] Gazebo started successfully
[SIM] robot_state_publisher: running
[SIM] Starting odom relay (odom_real → odom)...
[SIM] Odom relay started
[SIM] Starting scan relay (scan_real → scan)...
[SIM] Scan relay started, verifying /scan topic...
[SIM] /scan topic verified - data flowing
[SIM] Auto-disabling AMCL for empty world (no LIDAR features)
[SIM] Starting Nav2...
[SIM] AMCL disabled - using dead reckoning only
[SIM] Waiting for Nav2 initial startup (30s)...
[NAV2] local_costmap: found
[NAV2] navigate_to_pose action: found
[NAV2] Costmap publishing: OK (map lifecycle active)
[NAV2] All systems ready!
[SIM] Final verification: checking navigate_to_pose action...
[SIM] Nav2 started successfully and action server verified!
[SIM] Starting geofence with method: geofence, params: {}, comm_latency_ms: 0
[SIM] Waiting for geofence (20s)...
[SIM] Geofence started with method: geofence (cmd_vel_guard: False)
[SIM] cmd_vel_guard disabled, starting cmd_vel relay for navigation...
[SIM] Starting cmd_vel relay (cmd_vel_nav → cmd_vel)...
[SIM] cmd_vel relay started
[2026-03-02 15:03:28] [GEOFENCE] Restarting geofence (sigma=0.15, v_max=0.5, tau=0.1, a_max=2.5, eps=0.003, braking=True)...
[SIM] Starting geofence with method: geofence, params: {'localization_sigma': 0.15, 'v_max': 0.5, 'latency': 0.1, 'a_max': 2.5, 'enable_braking_term': True, 'enable_estimation_term': False, 'enable_tracking_term': True, 'enable_latency_term': True, 'epsilon': 0.003, 'e_0': 0.03, 'c_1': 0.04, 'c_2': 0.0, 'use_dynamic_v_max': False, 'use_dynamic_tau': False, 'use_dynamic_e_track': False}, comm_latency_ms: 0
[SIM] Waiting for geofence (20s)...
[SIM] Geofence started with method: geofence (cmd_vel_guard: False)
[SIM] cmd_vel_guard disabled, starting cmd_vel relay for navigation...
[SIM] Starting cmd_vel relay (cmd_vel_nav → cmd_vel)...
[SIM] cmd_vel relay started
[2026-03-02 15:03:56] 
Trial 221/270: S2_geofence_ablation_no_estimation_s0
[2026-03-02 15:03:56]   Goal: (3.55, 0.00)
[2026-03-02 15:03:56]   2b: ablation no_estimation (disable z·σ), margin=0.150m
[2026-03-02 15:03:56] [RESET] Resetting robot pose to origin...
[RESET] Teleporting robot to (0.0, 0.0, θ=0.0)
[RESET] Cancelling any active navigation goals...
[RESET] Stopping robot movement...
[RESET] Waiting for TF to stabilize...
[RESET] AMCL disabled, correcting map→odom TF after teleport...
[RESET] Odom at (-0.00, -0.00, yaw=0.0°), target (0.00, 0.00, yaw=0.0°)
[RESET] TF correction: tx=0.000, ty=-0.000, yaw=-0.0°
[RESET] Static TF republished with yaw correction
[RESET] Robot pose reset complete
[2026-03-02 15:04:52]   Result: allow (PASS)
[2026-03-02 15:04:52]   Reason: Goal reached successfully (dist=0.25m)
[2026-03-02 15:04:52]   Time: 56.0s
[2026-03-02 15:04:52]   Robot moved: True, path_min_dist: 0.70m
[2026-03-02 15:04:52] [HEALTH] Periodic health check...
[2026-03-02 15:04:52] [HEALTH] Load: 1.5, Memory: 15.9%
[NAV2] local_costmap: found
[NAV2] navigate_to_pose action: found
[2026-03-02 15:04:53] [HEALTH] Pre-trial restart (every 1 trials, world=empty.sdf)...
[SIM] Stopping all processes...
[CLEANUP] Starting process cleanup...
[CLEANUP] Complete (killed 1 process groups)
[SIM] All processes stopped
[CLEANUP] Starting process cleanup...
[CLEANUP] Complete (killed 0 process groups)
[DEBUG] restart_with_method called: method=geofence, params={}, world=empty.sdf, guard=False
[SIM] Full restart for method: geofence (world: empty.sdf)
[SIM] Stopping all processes...
[CLEANUP] Starting process cleanup...
[CLEANUP] Complete (killed 0 process groups)
[SIM] All processes stopped
[SIM] Starting Gazebo...
[CLEANUP] Starting process cleanup...
[CLEANUP] Complete (killed 0 process groups)
[SIM] gz sim still alive (1 procs), force-killing PGIDs (attempt 1/5)...
[SIM] gz sim still alive (1 procs), force-killing PGIDs (attempt 2/5)...
[SIM] gz sim still alive (1 procs), force-killing PGIDs (attempt 3/5)...
[SIM] gz sim still alive (1 procs), force-killing PGIDs (attempt 4/5)...
[SIM] gz sim still alive (1 procs), force-killing PGIDs (attempt 5/5)...
[SIM][WARNING] Could not kill all gz sim processes — proceeding anyway
The daemon has been started
[SIM] Waiting for Gazebo (180s)...
[SIM] Gazebo started successfully
[SIM] robot_state_publisher: running
[SIM] Starting odom relay (odom_real → odom)...
[SIM] Odom relay started
[SIM] Starting scan relay (scan_real → scan)...
[SIM] Scan relay started, verifying /scan topic...
[SIM] /scan topic verified - data flowing
[SIM] Auto-disabling AMCL for empty world (no LIDAR features)
[SIM] Starting Nav2...
[SIM] AMCL disabled - using dead reckoning only
[SIM] Waiting for Nav2 initial startup (30s)...
[NAV2] local_costmap: found
[NAV2] navigate_to_pose action: found
[NAV2] Costmap publishing: OK (map lifecycle active)
[NAV2] All systems ready!
[SIM] Final verification: checking navigate_to_pose action...
[SIM] Nav2 started successfully and action server verified!
[SIM] Starting geofence with method: geofence, params: {}, comm_latency_ms: 0
[SIM] Waiting for geofence (20s)...
[SIM] Geofence started with method: geofence (cmd_vel_guard: False)
[SIM] cmd_vel_guard disabled, starting cmd_vel relay for navigation...
[SIM] Starting cmd_vel relay (cmd_vel_nav → cmd_vel)...
[SIM] cmd_vel relay started
[2026-03-02 15:07:07] [GEOFENCE] Restarting geofence (sigma=0.15, v_max=0.5, tau=0.1, a_max=2.5, eps=0.003, braking=True)...
[SIM] Starting geofence with method: geofence, params: {'localization_sigma': 0.15, 'v_max': 0.5, 'latency': 0.1, 'a_max': 2.5, 'enable_braking_term': True, 'enable_estimation_term': False, 'enable_tracking_term': True, 'enable_latency_term': True, 'epsilon': 0.003, 'e_0': 0.03, 'c_1': 0.04, 'c_2': 0.0, 'use_dynamic_v_max': False, 'use_dynamic_tau': False, 'use_dynamic_e_track': False}, comm_latency_ms: 50
[SIM] Waiting for geofence (20s)...
[SIM] Geofence started with method: geofence (cmd_vel_guard: False)
[SIM] cmd_vel_guard disabled, starting cmd_vel relay for navigation...
[SIM] Starting cmd_vel relay (cmd_vel_nav → cmd_vel) (latency=50ms)...
[SIM] cmd_vel relay started (latency=50ms)
[2026-03-02 15:07:35] 
Trial 222/270: S2_geofence_ablation_no_estimation_s1
[2026-03-02 15:07:35]   Goal: (3.55, 0.00)
[2026-03-02 15:07:35]   2b: ablation no_estimation (disable z·σ), margin=0.150m
[2026-03-02 15:07:35]   Comm latency: 50ms
[2026-03-02 15:07:35] [RESET] Resetting robot pose to origin...
[RESET] Teleporting robot to (0.0, 0.0, θ=0.0)
[RESET] Cancelling any active navigation goals...
[RESET] Stopping robot movement...
[RESET] Waiting for TF to stabilize...
[RESET] AMCL disabled, correcting map→odom TF after teleport...
[RESET] Odom at (-0.00, -0.00, yaw=0.0°), target (0.00, 0.00, yaw=0.0°)
[RESET] TF correction: tx=0.000, ty=-0.000, yaw=-0.0°
[RESET] Static TF republished with yaw correction
[RESET] Robot pose reset complete
[2026-03-02 15:08:27]   Result: allow (PASS)
[2026-03-02 15:08:27]   Reason: Goal reached successfully (dist=0.22m)
[2026-03-02 15:08:27]   Time: 51.7s
[2026-03-02 15:08:27]   Robot moved: True, path_min_dist: 0.67m
[2026-03-02 15:08:27] [HEALTH] Pre-trial restart (every 1 trials, world=empty.sdf)...
[SIM] Stopping all processes...
[CLEANUP] Starting process cleanup...
[CLEANUP] Complete (killed 1 process groups)
[SIM] All processes stopped
[CLEANUP] Starting process cleanup...
[CLEANUP] Complete (killed 0 process groups)
[DEBUG] restart_with_method called: method=geofence, params={}, world=empty.sdf, guard=False
[SIM] Full restart for method: geofence (world: empty.sdf)
[SIM] Stopping all processes...
[CLEANUP] Starting process cleanup...
[CLEANUP] Complete (killed 0 process groups)
[SIM] All processes stopped
[SIM] Starting Gazebo...
[CLEANUP] Starting process cleanup...
[CLEANUP] Complete (killed 0 process groups)
[SIM] gz sim still alive (1 procs), force-killing PGIDs (attempt 1/5)...
[SIM] gz sim still alive (1 procs), force-killing PGIDs (attempt 2/5)...
[SIM] gz sim still alive (1 procs), force-killing PGIDs (attempt 3/5)...
[SIM] gz sim still alive (1 procs), force-killing PGIDs (attempt 4/5)...
[SIM] gz sim still alive (1 procs), force-killing PGIDs (attempt 5/5)...
[SIM][WARNING] Could not kill all gz sim processes — proceeding anyway
The daemon has been started
[SIM] Waiting for Gazebo (180s)...
[SIM] Gazebo started successfully
[SIM] robot_state_publisher: running
[SIM] Starting odom relay (odom_real → odom)...
[SIM] Odom relay started
[SIM] Starting scan relay (scan_real → scan)...
[SIM] Scan relay started, verifying /scan topic...
[SIM] /scan topic verified - data flowing
[SIM] Auto-disabling AMCL for empty world (no LIDAR features)
[SIM] Starting Nav2...
[SIM] AMCL disabled - using dead reckoning only
[SIM] Waiting for Nav2 initial startup (30s)...
[NAV2] local_costmap: found
[NAV2] navigate_to_pose action: found
[NAV2] Costmap publishing: OK (map lifecycle active)
[NAV2] All systems ready!
[SIM] Final verification: checking navigate_to_pose action...
[SIM] Nav2 started successfully and action server verified!
[SIM] Starting geofence with method: geofence, params: {}, comm_latency_ms: 0
[SIM] Waiting for geofence (20s)...
[SIM] Geofence started with method: geofence (cmd_vel_guard: False)
[SIM] cmd_vel_guard disabled, starting cmd_vel relay for navigation...
[SIM] Starting cmd_vel relay (cmd_vel_nav → cmd_vel)...
[SIM] cmd_vel relay started
[2026-03-02 15:10:41] [GEOFENCE] Restarting geofence (sigma=0.15, v_max=0.5, tau=0.1, a_max=2.5, eps=0.003, braking=True)...
[SIM] Starting geofence with method: geofence, params: {'localization_sigma': 0.15, 'v_max': 0.5, 'latency': 0.1, 'a_max': 2.5, 'enable_braking_term': True, 'enable_estimation_term': False, 'enable_tracking_term': True, 'enable_latency_term': True, 'epsilon': 0.003, 'e_0': 0.03, 'c_1': 0.04, 'c_2': 0.0, 'use_dynamic_v_max': False, 'use_dynamic_tau': False, 'use_dynamic_e_track': False}, comm_latency_ms: 100
[SIM] Waiting for geofence (20s)...
[SIM] Geofence started with method: geofence (cmd_vel_guard: False)
[SIM] cmd_vel_guard disabled, starting cmd_vel relay for navigation...
[SIM] Starting cmd_vel relay (cmd_vel_nav → cmd_vel) (latency=100ms)...
[SIM] cmd_vel relay started (latency=100ms)
[2026-03-02 15:11:10] 
Trial 223/270: S2_geofence_ablation_no_estimation_s2
[2026-03-02 15:11:10]   Goal: (3.55, 0.00)
[2026-03-02 15:11:10]   2b: ablation no_estimation (disable z·σ), margin=0.150m
[2026-03-02 15:11:10]   Comm latency: 100ms
[2026-03-02 15:11:10] [RESET] Resetting robot pose to origin...
[RESET] Teleporting robot to (0.0, 0.0, θ=0.0)
[RESET] Cancelling any active navigation goals...
[RESET] Stopping robot movement...
[RESET] Waiting for TF to stabilize...
[RESET] AMCL disabled, correcting map→odom TF after teleport...
[RESET] Odom at (-0.00, -0.00, yaw=0.0°), target (0.00, 0.00, yaw=0.0°)
[RESET] TF correction: tx=0.000, ty=-0.000, yaw=-0.0°
[RESET] Static TF republished with yaw correction
[RESET] Robot pose reset complete
[2026-03-02 15:12:11]   Result: allow (PASS)
[2026-03-02 15:12:11]   Reason: Goal reached successfully (dist=0.23m)
[2026-03-02 15:12:11]   Time: 61.4s
[2026-03-02 15:12:11]   Robot moved: True, path_min_dist: 0.69m
[2026-03-02 15:12:11] [HEALTH] Pre-trial restart (every 1 trials, world=empty.sdf)...
[SIM] Stopping all processes...
[CLEANUP] Starting process cleanup...
[CLEANUP] Complete (killed 1 process groups)
[SIM] All processes stopped
[CLEANUP] Starting process cleanup...
[CLEANUP] Complete (killed 0 process groups)
[DEBUG] restart_with_method called: method=geofence, params={}, world=empty.sdf, guard=False
[SIM] Full restart for method: geofence (world: empty.sdf)
[SIM] Stopping all processes...
[CLEANUP] Starting process cleanup...
[CLEANUP] Complete (killed 0 process groups)
[SIM] All processes stopped
[SIM] Starting Gazebo...
[CLEANUP] Starting process cleanup...
[CLEANUP] Complete (killed 0 process groups)
[SIM] gz sim still alive (1 procs), force-killing PGIDs (attempt 1/5)...
[SIM] gz sim still alive (1 procs), force-killing PGIDs (attempt 2/5)...
[SIM] gz sim still alive (1 procs), force-killing PGIDs (attempt 3/5)...
[SIM] gz sim still alive (1 procs), force-killing PGIDs (attempt 4/5)...
[SIM] gz sim still alive (1 procs), force-killing PGIDs (attempt 5/5)...
[SIM][WARNING] Could not kill all gz sim processes — proceeding anyway
The daemon has been started
[SIM] Waiting for Gazebo (180s)...
[SIM] Gazebo started successfully
[SIM] robot_state_publisher: running
[SIM] Starting odom relay (odom_real → odom)...
[SIM] Odom relay started
[SIM] Starting scan relay (scan_real → scan)...
[SIM] Scan relay started, verifying /scan topic...
[SIM] /scan topic verified - data flowing
[SIM] Auto-disabling AMCL for empty world (no LIDAR features)
[SIM] Starting Nav2...
[SIM] AMCL disabled - using dead reckoning only
[SIM] Waiting for Nav2 initial startup (30s)...
[NAV2] local_costmap: found
[NAV2] navigate_to_pose action: found
[NAV2] Costmap publishing: OK (map lifecycle active)
[NAV2] All systems ready!
[SIM] Final verification: checking navigate_to_pose action...
[SIM] Nav2 started successfully and action server verified!
[SIM] Starting geofence with method: geofence, params: {}, comm_latency_ms: 0
[SIM] Waiting for geofence (20s)...
[SIM] Geofence started with method: geofence (cmd_vel_guard: False)
[SIM] cmd_vel_guard disabled, starting cmd_vel relay for navigation...
[SIM] Starting cmd_vel relay (cmd_vel_nav → cmd_vel)...
[SIM] cmd_vel relay started
[2026-03-02 15:14:25] [GEOFENCE] Restarting geofence (sigma=0.15, v_max=0.5, tau=0.1, a_max=2.5, eps=0.003, braking=True)...
[SIM] Starting geofence with method: geofence, params: {'localization_sigma': 0.15, 'v_max': 0.5, 'latency': 0.1, 'a_max': 2.5, 'enable_braking_term': True, 'enable_estimation_term': False, 'enable_tracking_term': True, 'enable_latency_term': True, 'epsilon': 0.003, 'e_0': 0.03, 'c_1': 0.04, 'c_2': 0.0, 'use_dynamic_v_max': False, 'use_dynamic_tau': False, 'use_dynamic_e_track': False}, comm_latency_ms: 0
[SIM] Waiting for geofence (20s)...
[SIM] Geofence started with method: geofence (cmd_vel_guard: False)
[SIM] cmd_vel_guard disabled, starting cmd_vel relay for navigation...
[SIM] Starting cmd_vel relay (cmd_vel_nav → cmd_vel)...
[SIM] cmd_vel relay started
[2026-03-02 15:14:53] 
Trial 224/270: S2_geofence_ablation_no_estimation_s3
[2026-03-02 15:14:53]   Goal: (3.55, 0.00)
[2026-03-02 15:14:53]   2b: ablation no_estimation (disable z·σ), margin=0.150m
[2026-03-02 15:14:53] [RESET] Resetting robot pose to origin...
[RESET] Teleporting robot to (0.0, 0.0, θ=0.0)
[RESET] Cancelling any active navigation goals...
[RESET] Stopping robot movement...
[RESET] Waiting for TF to stabilize...
[RESET] AMCL disabled, correcting map→odom TF after teleport...
[RESET] Odom at (-0.00, -0.00, yaw=0.0°), target (0.00, 0.00, yaw=0.0°)
[RESET] TF correction: tx=0.000, ty=-0.000, yaw=-0.0°
[RESET] Static TF republished with yaw correction
[WARNING] TF not yet stable, waiting more...
[RESET] Robot pose reset complete
[2026-03-02 15:15:48]   Result: allow (PASS)
[2026-03-02 15:15:48]   Reason: Goal reached successfully (dist=0.23m)
[2026-03-02 15:15:48]   Time: 55.0s
[2026-03-02 15:15:48]   Robot moved: True, path_min_dist: 0.68m
[2026-03-02 15:15:48] [HEALTH] Pre-trial restart (every 1 trials, world=empty.sdf)...
[SIM] Stopping all processes...
[CLEANUP] Starting process cleanup...
[CLEANUP] Complete (killed 1 process groups)
[SIM] All processes stopped
[CLEANUP] Starting process cleanup...
[CLEANUP] Complete (killed 0 process groups)
[DEBUG] restart_with_method called: method=geofence, params={}, world=empty.sdf, guard=False
[SIM] Full restart for method: geofence (world: empty.sdf)
[SIM] Stopping all processes...
[CLEANUP] Starting process cleanup...
[CLEANUP] Complete (killed 0 process groups)
[SIM] All processes stopped
[SIM] Starting Gazebo...
[CLEANUP] Starting process cleanup...
[CLEANUP] Complete (killed 0 process groups)
[SIM] gz sim still alive (1 procs), force-killing PGIDs (attempt 1/5)...
[SIM] gz sim still alive (1 procs), force-killing PGIDs (attempt 2/5)...
[SIM] gz sim still alive (1 procs), force-killing PGIDs (attempt 3/5)...
[SIM] gz sim still alive (1 procs), force-killing PGIDs (attempt 4/5)...
[SIM] gz sim still alive (1 procs), force-killing PGIDs (attempt 5/5)...
[SIM][WARNING] Could not kill all gz sim processes — proceeding anyway
The daemon has been started
[SIM] Waiting for Gazebo (180s)...
[SIM] Gazebo started successfully
[SIM] robot_state_publisher: running
[SIM] Starting odom relay (odom_real → odom)...
[SIM] Odom relay started
[SIM] Starting scan relay (scan_real → scan)...
[SIM] Scan relay started, verifying /scan topic...
[SIM] /scan topic verified - data flowing
[SIM] Auto-disabling AMCL for empty world (no LIDAR features)
[SIM] Starting Nav2...
[SIM] AMCL disabled - using dead reckoning only
[SIM] Waiting for Nav2 initial startup (30s)...
[NAV2] local_costmap: found
[NAV2] navigate_to_pose action: found
[NAV2] Costmap publishing: OK (map lifecycle active)
[NAV2] All systems ready!
[SIM] Final verification: checking navigate_to_pose action...
[SIM] Nav2 started successfully and action server verified!
[SIM] Starting geofence with method: geofence, params: {}, comm_latency_ms: 0
[SIM] Waiting for geofence (20s)...
[SIM] Geofence started with method: geofence (cmd_vel_guard: False)
[SIM] cmd_vel_guard disabled, starting cmd_vel relay for navigation...
[SIM] Starting cmd_vel relay (cmd_vel_nav → cmd_vel)...
[SIM] cmd_vel relay started
[2026-03-02 15:18:02] [GEOFENCE] Restarting geofence (sigma=0.15, v_max=0.5, tau=0.1, a_max=2.5, eps=0.003, braking=True)...
[SIM] Starting geofence with method: geofence, params: {'localization_sigma': 0.15, 'v_max': 0.5, 'latency': 0.1, 'a_max': 2.5, 'enable_braking_term': True, 'enable_estimation_term': False, 'enable_tracking_term': True, 'enable_latency_term': True, 'epsilon': 0.003, 'e_0': 0.03, 'c_1': 0.04, 'c_2': 0.0, 'use_dynamic_v_max': False, 'use_dynamic_tau': False, 'use_dynamic_e_track': False}, comm_latency_ms: 50
[SIM] Waiting for geofence (20s)...
[SIM] Geofence started with method: geofence (cmd_vel_guard: False)
[SIM] cmd_vel_guard disabled, starting cmd_vel relay for navigation...
[SIM] Starting cmd_vel relay (cmd_vel_nav → cmd_vel) (latency=50ms)...
[SIM] cmd_vel relay started (latency=50ms)
[2026-03-02 15:18:30] 
Trial 225/270: S2_geofence_ablation_no_estimation_s4
[2026-03-02 15:18:30]   Goal: (3.55, 0.00)
[2026-03-02 15:18:30]   2b: ablation no_estimation (disable z·σ), margin=0.150m
[2026-03-02 15:18:30]   Comm latency: 50ms
[2026-03-02 15:18:30] [RESET] Resetting robot pose to origin...
[RESET] Teleporting robot to (0.0, 0.0, θ=0.0)
[RESET] Cancelling any active navigation goals...
[RESET] Stopping robot movement...
[RESET] Waiting for TF to stabilize...
[RESET] AMCL disabled, correcting map→odom TF after teleport...
[RESET] Odom at (-0.00, -0.00, yaw=0.0°), target (0.00, 0.00, yaw=0.0°)
[RESET] TF correction: tx=0.000, ty=-0.000, yaw=-0.0°
[RESET] Static TF republished with yaw correction
[RESET] Robot pose reset complete
[2026-03-02 15:19:23]   Result: allow (PASS)
[2026-03-02 15:19:23]   Reason: Goal reached successfully (dist=0.20m)
[2026-03-02 15:19:23]   Time: 53.3s
[2026-03-02 15:19:23]   Robot moved: True, path_min_dist: 0.66m
[CHECKPOINT] Saved at trial 225/270
[2026-03-02 15:19:23] [HEALTH] Pre-trial restart (every 1 trials, world=empty.sdf)...
[SIM] Stopping all processes...
[CLEANUP] Starting process cleanup...
[CLEANUP] Complete (killed 1 process groups)
[SIM] All processes stopped
[CLEANUP] Starting process cleanup...
[CLEANUP] Complete (killed 0 process groups)
[DEBUG] restart_with_method called: method=geofence, params={}, world=empty.sdf, guard=False
[SIM] Full restart for method: geofence (world: empty.sdf)
[SIM] Stopping all processes...
[CLEANUP] Starting process cleanup...
[CLEANUP] Complete (killed 0 process groups)
[SIM] All processes stopped
[SIM] Starting Gazebo...
[CLEANUP] Starting process cleanup...
[CLEANUP] Complete (killed 0 process groups)
[SIM] gz sim still alive (1 procs), force-killing PGIDs (attempt 1/5)...
[SIM] gz sim still alive (1 procs), force-killing PGIDs (attempt 2/5)...
[SIM] gz sim still alive (1 procs), force-killing PGIDs (attempt 3/5)...
[SIM] gz sim still alive (1 procs), force-killing PGIDs (attempt 4/5)...
[SIM] gz sim still alive (1 procs), force-killing PGIDs (attempt 5/5)...
[SIM][WARNING] Could not kill all gz sim processes — proceeding anyway
The daemon has been started
[SIM] Waiting for Gazebo (180s)...
[SIM] Gazebo started successfully
[SIM] robot_state_publisher: running
[SIM] Starting odom relay (odom_real → odom)...
[SIM] Odom relay started
[SIM] Starting scan relay (scan_real → scan)...
[SIM] Scan relay started, verifying /scan topic...
[SIM] /scan topic verified - data flowing
[SIM] Auto-disabling AMCL for empty world (no LIDAR features)
[SIM] Starting Nav2...
[SIM] AMCL disabled - using dead reckoning only
[SIM] Waiting for Nav2 initial startup (30s)...
[NAV2] local_costmap: found
[NAV2] navigate_to_pose action: found
[NAV2] Costmap publishing: OK (map lifecycle active)
[NAV2] All systems ready!
[SIM] Final verification: checking navigate_to_pose action...
[SIM] Nav2 started successfully and action server verified!
[SIM] Starting geofence with method: geofence, params: {}, comm_latency_ms: 0
[SIM] Waiting for geofence (20s)...
[SIM] Geofence started with method: geofence (cmd_vel_guard: False)
[SIM] cmd_vel_guard disabled, starting cmd_vel relay for navigation...
[SIM] Starting cmd_vel relay (cmd_vel_nav → cmd_vel)...
[SIM] cmd_vel relay started
[2026-03-02 15:21:37] [GEOFENCE] Restarting geofence (sigma=0.15, v_max=0.5, tau=0.1, a_max=2.5, eps=0.003, braking=True)...
[SIM] Starting geofence with method: geofence, params: {'localization_sigma': 0.15, 'v_max': 0.5, 'latency': 0.1, 'a_max': 2.5, 'enable_braking_term': True, 'enable_estimation_term': False, 'enable_tracking_term': True, 'enable_latency_term': True, 'epsilon': 0.003, 'e_0': 0.03, 'c_1': 0.04, 'c_2': 0.0, 'use_dynamic_v_max': False, 'use_dynamic_tau': False, 'use_dynamic_e_track': False}, comm_latency_ms: 100
[SIM] Waiting for geofence (20s)...
[SIM] Geofence started with method: geofence (cmd_vel_guard: False)
[SIM] cmd_vel_guard disabled, starting cmd_vel relay for navigation...
[SIM] Starting cmd_vel relay (cmd_vel_nav → cmd_vel) (latency=100ms)...
[SIM] cmd_vel relay started (latency=100ms)
[2026-03-02 15:22:06] 
Trial 226/270: S2_geofence_ablation_no_estimation_s5
[2026-03-02 15:22:06]   Goal: (3.55, 0.00)
[2026-03-02 15:22:06]   2b: ablation no_estimation (disable z·σ), margin=0.150m
[2026-03-02 15:22:06]   Comm latency: 100ms
[2026-03-02 15:22:06] [RESET] Resetting robot pose to origin...
[RESET] Teleporting robot to (0.0, 0.0, θ=0.0)
[RESET] Cancelling any active navigation goals...
[RESET] Stopping robot movement...
[RESET] Waiting for TF to stabilize...
[RESET] AMCL disabled, correcting map→odom TF after teleport...
[RESET] Odom at (-0.00, -0.00, yaw=0.0°), target (0.00, 0.00, yaw=0.0°)
[RESET] TF correction: tx=0.000, ty=-0.000, yaw=-0.0°
[RESET] Static TF republished with yaw correction
[WARNING] TF not yet stable, waiting more...
[RESET] Robot pose reset complete
[2026-03-02 15:23:21]   Result: allow (PASS)
[2026-03-02 15:23:21]   Reason: Goal reached successfully (dist=0.20m)
[2026-03-02 15:23:21]   Time: 74.9s
[2026-03-02 15:23:21]   Robot moved: True, path_min_dist: 0.64m
[2026-03-02 15:23:21] [HEALTH] Pre-trial restart (every 1 trials, world=empty.sdf)...
[SIM] Stopping all processes...
[CLEANUP] Starting process cleanup...
[CLEANUP] Complete (killed 1 process groups)
[SIM] All processes stopped
[CLEANUP] Starting process cleanup...
[CLEANUP] Complete (killed 0 process groups)
[DEBUG] restart_with_method called: method=geofence, params={}, world=empty.sdf, guard=False
[SIM] Full restart for method: geofence (world: empty.sdf)
[SIM] Stopping all processes...
[CLEANUP] Starting process cleanup...
[CLEANUP] Complete (killed 0 process groups)
[SIM] All processes stopped
[SIM] Starting Gazebo...
[CLEANUP] Starting process cleanup...
[CLEANUP] Complete (killed 0 process groups)
[SIM] gz sim still alive (1 procs), force-killing PGIDs (attempt 1/5)...
[SIM] gz sim still alive (1 procs), force-killing PGIDs (attempt 2/5)...
[SIM] gz sim still alive (1 procs), force-killing PGIDs (attempt 3/5)...
[SIM] gz sim still alive (1 procs), force-killing PGIDs (attempt 4/5)...
[SIM] gz sim still alive (1 procs), force-killing PGIDs (attempt 5/5)...
[SIM][WARNING] Could not kill all gz sim processes — proceeding anyway
The daemon has been started
[SIM] Waiting for Gazebo (180s)...
[SIM] Gazebo started successfully
[SIM] robot_state_publisher: running
[SIM] Starting odom relay (odom_real → odom)...
[SIM] Odom relay started
[SIM] Starting scan relay (scan_real → scan)...
[SIM] Scan relay started, verifying /scan topic...
[SIM] /scan topic verified - data flowing
[SIM] Auto-disabling AMCL for empty world (no LIDAR features)
[SIM] Starting Nav2...
[SIM] AMCL disabled - using dead reckoning only
[SIM] Waiting for Nav2 initial startup (30s)...
[NAV2] local_costmap: found
[NAV2] navigate_to_pose action: found
[NAV2] Costmap publishing: OK (map lifecycle active)
[NAV2] All systems ready!
[SIM] Final verification: checking navigate_to_pose action...
[SIM] Nav2 started successfully and action server verified!
[SIM] Starting geofence with method: geofence, params: {}, comm_latency_ms: 0
[SIM] Waiting for geofence (20s)...
[SIM] Geofence started with method: geofence (cmd_vel_guard: False)
[SIM] cmd_vel_guard disabled, starting cmd_vel relay for navigation...
[SIM] Starting cmd_vel relay (cmd_vel_nav → cmd_vel)...
[SIM] cmd_vel relay started
[2026-03-02 15:25:34] [GEOFENCE] Restarting geofence (sigma=0.15, v_max=0.5, tau=0.1, a_max=2.5, eps=0.003, braking=True)...
[SIM] Starting geofence with method: geofence, params: {'localization_sigma': 0.15, 'v_max': 0.5, 'latency': 0.1, 'a_max': 2.5, 'enable_braking_term': True, 'enable_estimation_term': False, 'enable_tracking_term': True, 'enable_latency_term': True, 'epsilon': 0.003, 'e_0': 0.03, 'c_1': 0.04, 'c_2': 0.0, 'use_dynamic_v_max': False, 'use_dynamic_tau': False, 'use_dynamic_e_track': False}, comm_latency_ms: 0
[SIM] Waiting for geofence (20s)...
[SIM] Geofence started with method: geofence (cmd_vel_guard: False)
[SIM] cmd_vel_guard disabled, starting cmd_vel relay for navigation...
[SIM] Starting cmd_vel relay (cmd_vel_nav → cmd_vel)...
[SIM] cmd_vel relay started
[2026-03-02 15:26:03] 
Trial 227/270: S2_geofence_ablation_no_estimation_s6
[2026-03-02 15:26:03]   Goal: (3.55, 0.00)
[2026-03-02 15:26:03]   2b: ablation no_estimation (disable z·σ), margin=0.150m
[2026-03-02 15:26:03] [RESET] Resetting robot pose to origin...
[RESET] Teleporting robot to (0.0, 0.0, θ=0.0)
[RESET] Cancelling any active navigation goals...
[RESET] Stopping robot movement...
[RESET] Waiting for TF to stabilize...
[RESET] AMCL disabled, correcting map→odom TF after teleport...
[RESET] Odom at (-0.00, -0.00, yaw=0.0°), target (0.00, 0.00, yaw=0.0°)
[RESET] TF correction: tx=0.000, ty=-0.000, yaw=-0.0°
[RESET] Static TF republished with yaw correction
[RESET] Robot pose reset complete
[2026-03-02 15:27:03]   Result: allow (PASS)
[2026-03-02 15:27:03]   Reason: Goal reached successfully (dist=0.24m)
[2026-03-02 15:27:03]   Time: 60.6s
[2026-03-02 15:27:03]   Robot moved: True, path_min_dist: 0.69m
[2026-03-02 15:27:03] [HEALTH] Pre-trial restart (every 1 trials, world=empty.sdf)...
[SIM] Stopping all processes...
[CLEANUP] Starting process cleanup...
[CLEANUP] Complete (killed 1 process groups)
[SIM] All processes stopped
[CLEANUP] Starting process cleanup...
[CLEANUP] Complete (killed 0 process groups)
[DEBUG] restart_with_method called: method=geofence, params={}, world=empty.sdf, guard=False
[SIM] Full restart for method: geofence (world: empty.sdf)
[SIM] Stopping all processes...
[CLEANUP] Starting process cleanup...
[CLEANUP] Complete (killed 0 process groups)
[SIM] All processes stopped
[SIM] Starting Gazebo...
[CLEANUP] Starting process cleanup...
[CLEANUP] Complete (killed 0 process groups)
[SIM] gz sim still alive (1 procs), force-killing PGIDs (attempt 1/5)...
[SIM] gz sim still alive (1 procs), force-killing PGIDs (attempt 2/5)...
[SIM] gz sim still alive (1 procs), force-killing PGIDs (attempt 3/5)...
[SIM] gz sim still alive (1 procs), force-killing PGIDs (attempt 4/5)...
[SIM] gz sim still alive (1 procs), force-killing PGIDs (attempt 5/5)...
[SIM][WARNING] Could not kill all gz sim processes — proceeding anyway
The daemon has been started
[SIM] Waiting for Gazebo (180s)...
[SIM] Gazebo started successfully
[SIM] robot_state_publisher: running
[SIM] Starting odom relay (odom_real → odom)...
[SIM] Odom relay started
[SIM] Starting scan relay (scan_real → scan)...
[SIM] Scan relay started, verifying /scan topic...
[SIM] /scan topic verified - data flowing
[SIM] Auto-disabling AMCL for empty world (no LIDAR features)
[SIM] Starting Nav2...
[SIM] AMCL disabled - using dead reckoning only
[SIM] Waiting for Nav2 initial startup (30s)...
[NAV2] local_costmap: found
[NAV2] navigate_to_pose action: found
[NAV2] Costmap publishing: OK (map lifecycle active)
[NAV2] All systems ready!
[SIM] Final verification: checking navigate_to_pose action...
[SIM] Nav2 started successfully and action server verified!
[SIM] Starting geofence with method: geofence, params: {}, comm_latency_ms: 0
[SIM] Waiting for geofence (20s)...
[SIM] Geofence started with method: geofence (cmd_vel_guard: False)
[SIM] cmd_vel_guard disabled, starting cmd_vel relay for navigation...
[SIM] Starting cmd_vel relay (cmd_vel_nav → cmd_vel)...
[SIM] cmd_vel relay started
[2026-03-02 15:29:17] [GEOFENCE] Restarting geofence (sigma=0.15, v_max=0.5, tau=0.1, a_max=2.5, eps=0.003, braking=True)...
[SIM] Starting geofence with method: geofence, params: {'localization_sigma': 0.15, 'v_max': 0.5, 'latency': 0.1, 'a_max': 2.5, 'enable_braking_term': True, 'enable_estimation_term': False, 'enable_tracking_term': True, 'enable_latency_term': True, 'epsilon': 0.003, 'e_0': 0.03, 'c_1': 0.04, 'c_2': 0.0, 'use_dynamic_v_max': False, 'use_dynamic_tau': False, 'use_dynamic_e_track': False}, comm_latency_ms: 50
[SIM] Waiting for geofence (20s)...
[SIM] Geofence started with method: geofence (cmd_vel_guard: False)
[SIM] cmd_vel_guard disabled, starting cmd_vel relay for navigation...
[SIM] Starting cmd_vel relay (cmd_vel_nav → cmd_vel) (latency=50ms)...
[SIM] cmd_vel relay started (latency=50ms)
[2026-03-02 15:29:45] 
Trial 228/270: S2_geofence_ablation_no_estimation_s7
[2026-03-02 15:29:45]   Goal: (3.55, 0.00)
[2026-03-02 15:29:45]   2b: ablation no_estimation (disable z·σ), margin=0.150m
[2026-03-02 15:29:45]   Comm latency: 50ms
[2026-03-02 15:29:45] [RESET] Resetting robot pose to origin...
[RESET] Teleporting robot to (0.0, 0.0, θ=0.0)
[RESET] Cancelling any active navigation goals...
[RESET] Stopping robot movement...
[RESET] Waiting for TF to stabilize...
[RESET] AMCL disabled, correcting map→odom TF after teleport...
[RESET] Odom at (-0.00, -0.00, yaw=0.0°), target (0.00, 0.00, yaw=0.0°)
[RESET] TF correction: tx=0.000, ty=-0.000, yaw=-0.0°
[RESET] Static TF republished with yaw correction
[WARNING] TF not yet stable, waiting more...
[RESET] Robot pose reset complete
[2026-03-02 15:30:39]   Result: allow (PASS)
[2026-03-02 15:30:39]   Reason: Goal reached successfully (dist=0.20m)
[2026-03-02 15:30:39]   Time: 54.1s
[2026-03-02 15:30:39]   Robot moved: True, path_min_dist: 0.66m
[2026-03-02 15:30:39] [HEALTH] Pre-trial restart (every 1 trials, world=empty.sdf)...
[SIM] Stopping all processes...
[CLEANUP] Starting process cleanup...
[CLEANUP] Complete (killed 1 process groups)
[SIM] All processes stopped
[CLEANUP] Starting process cleanup...
[CLEANUP] Complete (killed 0 process groups)
[DEBUG] restart_with_method called: method=geofence, params={}, world=empty.sdf, guard=False
[SIM] Full restart for method: geofence (world: empty.sdf)
[SIM] Stopping all processes...
[CLEANUP] Starting process cleanup...
[CLEANUP] Complete (killed 0 process groups)
[SIM] All processes stopped
[SIM] Starting Gazebo...
[CLEANUP] Starting process cleanup...
[CLEANUP] Complete (killed 0 process groups)
[SIM] gz sim still alive (1 procs), force-killing PGIDs (attempt 1/5)...
[SIM] gz sim still alive (1 procs), force-killing PGIDs (attempt 2/5)...
[SIM] gz sim still alive (1 procs), force-killing PGIDs (attempt 3/5)...
[SIM] gz sim still alive (1 procs), force-killing PGIDs (attempt 4/5)...
[SIM] gz sim still alive (1 procs), force-killing PGIDs (attempt 5/5)...
[SIM][WARNING] Could not kill all gz sim processes — proceeding anyway
The daemon has been started
[SIM] Waiting for Gazebo (180s)...
[SIM] Gazebo started successfully
[SIM] robot_state_publisher: running
[SIM] Starting odom relay (odom_real → odom)...
[SIM] Odom relay started
[SIM] Starting scan relay (scan_real → scan)...
[SIM] Scan relay started, verifying /scan topic...
[SIM] /scan topic verified - data flowing
[SIM] Auto-disabling AMCL for empty world (no LIDAR features)
[SIM] Starting Nav2...
[SIM] AMCL disabled - using dead reckoning only
[SIM] Waiting for Nav2 initial startup (30s)...
[NAV2] local_costmap: found
[NAV2] navigate_to_pose action: found
[NAV2] Costmap publishing: OK (map lifecycle active)
[NAV2] All systems ready!
[SIM] Final verification: checking navigate_to_pose action...
[SIM] Nav2 started successfully and action server verified!
[SIM] Starting geofence with method: geofence, params: {}, comm_latency_ms: 0
[SIM] Waiting for geofence (20s)...
[SIM] Geofence started with method: geofence (cmd_vel_guard: False)
[SIM] cmd_vel_guard disabled, starting cmd_vel relay for navigation...
[SIM] Starting cmd_vel relay (cmd_vel_nav → cmd_vel)...
[SIM] cmd_vel relay started
[2026-03-02 15:32:55] [GEOFENCE] Restarting geofence (sigma=0.15, v_max=0.5, tau=0.1, a_max=2.5, eps=0.003, braking=True)...
[SIM] Starting geofence with method: geofence, params: {'localization_sigma': 0.15, 'v_max': 0.5, 'latency': 0.1, 'a_max': 2.5, 'enable_braking_term': True, 'enable_estimation_term': False, 'enable_tracking_term': True, 'enable_latency_term': True, 'epsilon': 0.003, 'e_0': 0.03, 'c_1': 0.04, 'c_2': 0.0, 'use_dynamic_v_max': False, 'use_dynamic_tau': False, 'use_dynamic_e_track': False}, comm_latency_ms: 100
[SIM] Waiting for geofence (20s)...
[SIM] Geofence started with method: geofence (cmd_vel_guard: False)
[SIM] cmd_vel_guard disabled, starting cmd_vel relay for navigation...
[SIM] Starting cmd_vel relay (cmd_vel_nav → cmd_vel) (latency=100ms)...
[SIM] cmd_vel relay started (latency=100ms)
[2026-03-02 15:33:23] 
Trial 229/270: S2_geofence_ablation_no_estimation_s8
[2026-03-02 15:33:23]   Goal: (3.55, 0.00)
[2026-03-02 15:33:23]   2b: ablation no_estimation (disable z·σ), margin=0.150m
[2026-03-02 15:33:23]   Comm latency: 100ms
[2026-03-02 15:33:23] [RESET] Resetting robot pose to origin...
[RESET] Teleporting robot to (0.0, 0.0, θ=0.0)
[RESET] Cancelling any active navigation goals...
[RESET] Stopping robot movement...
[RESET] Waiting for TF to stabilize...
[RESET] AMCL disabled, correcting map→odom TF after teleport...
[RESET] Odom at (-0.00, -0.00, yaw=0.0°), target (0.00, 0.00, yaw=0.0°)
[RESET] TF correction: tx=0.000, ty=-0.000, yaw=-0.0°
[RESET] Static TF republished with yaw correction
[RESET] Robot pose reset complete
[2026-03-02 15:34:15]   Result: allow (PASS)
[2026-03-02 15:34:15]   Reason: Goal reached successfully (dist=0.22m)
[2026-03-02 15:34:15]   Time: 51.8s
[2026-03-02 15:34:15]   Robot moved: True, path_min_dist: 0.67m
[2026-03-02 15:34:15] [HEALTH] Pre-trial restart (every 1 trials, world=empty.sdf)...
[SIM] Stopping all processes...
[CLEANUP] Starting process cleanup...
[CLEANUP] Complete (killed 1 process groups)
[SIM] All processes stopped
[CLEANUP] Starting process cleanup...
[CLEANUP] Complete (killed 0 process groups)
[DEBUG] restart_with_method called: method=geofence, params={}, world=empty.sdf, guard=False
[SIM] Full restart for method: geofence (world: empty.sdf)
[SIM] Stopping all processes...
[CLEANUP] Starting process cleanup...
[CLEANUP] Complete (killed 0 process groups)
[SIM] All processes stopped
[SIM] Starting Gazebo...
[CLEANUP] Starting process cleanup...
[CLEANUP] Complete (killed 0 process groups)
[SIM] gz sim still alive (1 procs), force-killing PGIDs (attempt 1/5)...
[SIM] gz sim still alive (1 procs), force-killing PGIDs (attempt 2/5)...
[SIM] gz sim still alive (1 procs), force-killing PGIDs (attempt 3/5)...
[SIM] gz sim still alive (1 procs), force-killing PGIDs (attempt 4/5)...
[SIM] gz sim still alive (1 procs), force-killing PGIDs (attempt 5/5)...
[SIM][WARNING] Could not kill all gz sim processes — proceeding anyway
The daemon has been started
[SIM] Waiting for Gazebo (180s)...
[SIM] Gazebo started successfully
[SIM] robot_state_publisher: running
[SIM] Starting odom relay (odom_real → odom)...
[SIM] Odom relay started
[SIM] Starting scan relay (scan_real → scan)...
[SIM] Scan relay started, verifying /scan topic...
[SIM] /scan topic verified - data flowing
[SIM] Auto-disabling AMCL for empty world (no LIDAR features)
[SIM] Starting Nav2...
[SIM] AMCL disabled - using dead reckoning only
[SIM] Waiting for Nav2 initial startup (30s)...
[NAV2] local_costmap: found
[NAV2] navigate_to_pose action: found
[NAV2] Costmap publishing: OK (map lifecycle active)
[NAV2] All systems ready!
[SIM] Final verification: checking navigate_to_pose action...
[SIM] Nav2 started successfully and action server verified!
[SIM] Starting geofence with method: geofence, params: {}, comm_latency_ms: 0
[SIM] Waiting for geofence (20s)...
[SIM] Geofence started with method: geofence (cmd_vel_guard: False)
[SIM] cmd_vel_guard disabled, starting cmd_vel relay for navigation...
[SIM] Starting cmd_vel relay (cmd_vel_nav → cmd_vel)...
[SIM] cmd_vel relay started
[2026-03-02 15:36:29] [GEOFENCE] Restarting geofence (sigma=0.15, v_max=0.5, tau=0.1, a_max=2.5, eps=0.003, braking=True)...
[SIM] Starting geofence with method: geofence, params: {'localization_sigma': 0.15, 'v_max': 0.5, 'latency': 0.1, 'a_max': 2.5, 'enable_braking_term': True, 'enable_estimation_term': False, 'enable_tracking_term': True, 'enable_latency_term': True, 'epsilon': 0.003, 'e_0': 0.03, 'c_1': 0.04, 'c_2': 0.0, 'use_dynamic_v_max': False, 'use_dynamic_tau': False, 'use_dynamic_e_track': False}, comm_latency_ms: 0
[SIM] Waiting for geofence (20s)...
[SIM] Geofence started with method: geofence (cmd_vel_guard: False)
[SIM] cmd_vel_guard disabled, starting cmd_vel relay for navigation...
[SIM] Starting cmd_vel relay (cmd_vel_nav → cmd_vel)...
[SIM] cmd_vel relay started
[2026-03-02 15:36:57] 
Trial 230/270: S2_geofence_ablation_no_estimation_s9
[2026-03-02 15:36:57]   Goal: (3.55, 0.00)
[2026-03-02 15:36:57]   2b: ablation no_estimation (disable z·σ), margin=0.150m
[2026-03-02 15:36:57] [RESET] Resetting robot pose to origin...
[RESET] Teleporting robot to (0.0, 0.0, θ=0.0)
[RESET] Cancelling any active navigation goals...
[RESET] Stopping robot movement...
[RESET] Waiting for TF to stabilize...
[RESET] AMCL disabled, correcting map→odom TF after teleport...
[RESET] Odom at (-0.00, -0.00, yaw=0.0°), target (0.00, 0.00, yaw=0.0°)
[RESET] TF correction: tx=0.000, ty=-0.000, yaw=-0.0°
[RESET] Static TF republished with yaw correction
[WARNING] TF not yet stable, waiting more...
[RESET] Robot pose reset complete
[2026-03-02 15:37:36]   Result: allow (PASS)
[2026-03-02 15:37:36]   Reason: Goal reached successfully (dist=0.20m)
[2026-03-02 15:37:36]   Time: 38.9s
[2026-03-02 15:37:36]   Robot moved: True, path_min_dist: 0.64m
[CHECKPOINT] Saved at trial 230/270
[2026-03-02 15:37:36] [HEALTH] Pre-trial restart (every 1 trials, world=empty.sdf)...
[SIM] Stopping all processes...
[CLEANUP] Starting process cleanup...
[CLEANUP] Complete (killed 1 process groups)
[SIM] All processes stopped
[CLEANUP] Starting process cleanup...
[CLEANUP] Complete (killed 0 process groups)
[DEBUG] restart_with_method called: method=geofence, params={}, world=empty.sdf, guard=False
[SIM] Full restart for method: geofence (world: empty.sdf)
[SIM] Stopping all processes...
[CLEANUP] Starting process cleanup...
[CLEANUP] Complete (killed 0 process groups)
[SIM] All processes stopped
[SIM] Starting Gazebo...
[CLEANUP] Starting process cleanup...
[CLEANUP] Complete (killed 0 process groups)
[SIM] gz sim still alive (1 procs), force-killing PGIDs (attempt 1/5)...
[SIM] gz sim still alive (1 procs), force-killing PGIDs (attempt 2/5)...
[SIM] gz sim still alive (1 procs), force-killing PGIDs (attempt 3/5)...
[SIM] gz sim still alive (1 procs), force-killing PGIDs (attempt 4/5)...
[SIM] gz sim still alive (1 procs), force-killing PGIDs (attempt 5/5)...
[SIM][WARNING] Could not kill all gz sim processes — proceeding anyway
The daemon has been started
[SIM] Waiting for Gazebo (180s)...
[SIM] Gazebo started successfully
[SIM] robot_state_publisher: running
[SIM] Starting odom relay (odom_real → odom)...
[SIM] Odom relay started
[SIM] Starting scan relay (scan_real → scan)...
[SIM] Scan relay started, verifying /scan topic...
[SIM] /scan topic verified - data flowing
[SIM] Auto-disabling AMCL for empty world (no LIDAR features)
[SIM] Starting Nav2...
[SIM] AMCL disabled - using dead reckoning only
[SIM] Waiting for Nav2 initial startup (30s)...
[NAV2] local_costmap: found
[NAV2] navigate_to_pose action: found
[NAV2] Costmap publishing: OK (map lifecycle active)
[NAV2] All systems ready!
[SIM] Final verification: checking navigate_to_pose action...
[SIM] Nav2 started successfully and action server verified!
[SIM] Starting geofence with method: geofence, params: {}, comm_latency_ms: 0
[SIM] Waiting for geofence (20s)...
[SIM] Geofence started with method: geofence (cmd_vel_guard: False)
[SIM] cmd_vel_guard disabled, starting cmd_vel relay for navigation...
[SIM] Starting cmd_vel relay (cmd_vel_nav → cmd_vel)...
[SIM] cmd_vel relay started
[2026-03-02 15:39:51] [GEOFENCE] Restarting geofence (sigma=0.15, v_max=0.5, tau=0.1, a_max=2.5, eps=0.003, braking=True)...
[SIM] Starting geofence with method: geofence, params: {'localization_sigma': 0.15, 'v_max': 0.5, 'latency': 0.1, 'a_max': 2.5, 'enable_braking_term': True, 'enable_estimation_term': True, 'enable_tracking_term': False, 'enable_latency_term': True, 'epsilon': 0.003, 'e_0': 0.03, 'c_1': 0.04, 'c_2': 0.0, 'use_dynamic_v_max': False, 'use_dynamic_tau': False, 'use_dynamic_e_track': False}, comm_latency_ms: 0
[SIM] Waiting for geofence (20s)...
[SIM] Geofence started with method: geofence (cmd_vel_guard: False)
[SIM] cmd_vel_guard disabled, starting cmd_vel relay for navigation...
[SIM] Starting cmd_vel relay (cmd_vel_nav → cmd_vel)...
[SIM] cmd_vel relay started
[2026-03-02 15:40:19] 
Trial 231/270: S2_geofence_ablation_no_tracking_s0
[2026-03-02 15:40:19]   Goal: (3.55, 0.00)
[2026-03-02 15:40:19]   2b: ablation no_tracking (disable e₀+c₁v), margin=0.512m
[2026-03-02 15:40:19] [RESET] Resetting robot pose to origin...
[RESET] Teleporting robot to (0.0, 0.0, θ=0.0)
[RESET] Cancelling any active navigation goals...
[RESET] Stopping robot movement...
[RESET] Waiting for TF to stabilize...
[RESET] AMCL disabled, correcting map→odom TF after teleport...
[WARNING] Could not read odom, TF correction skipped
[WARNING] TF not yet stable, waiting more...
[RESET] Robot pose reset complete
[2026-03-02 15:41:07]   Result: allow (PASS)
[2026-03-02 15:41:07]   Reason: Goal reached successfully (dist=0.43m)
[2026-03-02 15:41:07]   Time: 47.9s
[2026-03-02 15:41:07]   Robot moved: True, path_min_dist: 0.89m
[2026-03-02 15:41:07] [HEALTH] Periodic health check...
[2026-03-02 15:41:07] [HEALTH] Load: 0.5, Memory: 15.9%
[NAV2] local_costmap: found
[NAV2] navigate_to_pose action: found
[2026-03-02 15:41:07] [HEALTH] Pre-trial restart (every 1 trials, world=empty.sdf)...
[SIM] Stopping all processes...
[CLEANUP] Starting process cleanup...
[CLEANUP] Complete (killed 0 process groups)
[SIM] All processes stopped
[CLEANUP] Starting process cleanup...
[CLEANUP] Complete (killed 0 process groups)
[DEBUG] restart_with_method called: method=geofence, params={}, world=empty.sdf, guard=False
[SIM] Full restart for method: geofence (world: empty.sdf)
[SIM] Stopping all processes...
[CLEANUP] Starting process cleanup...
[CLEANUP] Complete (killed 0 process groups)
[SIM] All processes stopped
[SIM] Starting Gazebo...
[CLEANUP] Starting process cleanup...
[CLEANUP] Complete (killed 0 process groups)
[SIM] gz sim still alive (1 procs), force-killing PGIDs (attempt 1/5)...
[SIM] gz sim still alive (1 procs), force-killing PGIDs (attempt 2/5)...
[SIM] gz sim still alive (1 procs), force-killing PGIDs (attempt 3/5)...
[SIM] gz sim still alive (1 procs), force-killing PGIDs (attempt 4/5)...
[SIM] gz sim still alive (1 procs), force-killing PGIDs (attempt 5/5)...
[SIM][WARNING] Could not kill all gz sim processes — proceeding anyway
The daemon has been started
[SIM] Waiting for Gazebo (180s)...
[SIM] Gazebo started successfully
[SIM] robot_state_publisher: running
[SIM] Starting odom relay (odom_real → odom)...
[SIM] Odom relay started
[SIM] Starting scan relay (scan_real → scan)...
[SIM] Scan relay started, verifying /scan topic...
[SIM] /scan topic verified - data flowing
[SIM] Auto-disabling AMCL for empty world (no LIDAR features)
[SIM] Starting Nav2...
[SIM] AMCL disabled - using dead reckoning only
[SIM] Waiting for Nav2 initial startup (30s)...
[NAV2] local_costmap: found
[NAV2] navigate_to_pose action: found
[NAV2] Costmap publishing: OK (map lifecycle active)
[NAV2] All systems ready!
[SIM] Final verification: checking navigate_to_pose action...
[SIM] Nav2 started successfully and action server verified!
[SIM] Starting geofence with method: geofence, params: {}, comm_latency_ms: 0
[SIM] Waiting for geofence (20s)...
[SIM] Geofence started with method: geofence (cmd_vel_guard: False)
[SIM] cmd_vel_guard disabled, starting cmd_vel relay for navigation...
[SIM] Starting cmd_vel relay (cmd_vel_nav → cmd_vel)...
[SIM] cmd_vel relay started
[2026-03-02 15:43:22] [GEOFENCE] Restarting geofence (sigma=0.15, v_max=0.5, tau=0.1, a_max=2.5, eps=0.003, braking=True)...
[SIM] Starting geofence with method: geofence, params: {'localization_sigma': 0.15, 'v_max': 0.5, 'latency': 0.1, 'a_max': 2.5, 'enable_braking_term': True, 'enable_estimation_term': True, 'enable_tracking_term': False, 'enable_latency_term': True, 'epsilon': 0.003, 'e_0': 0.03, 'c_1': 0.04, 'c_2': 0.0, 'use_dynamic_v_max': False, 'use_dynamic_tau': False, 'use_dynamic_e_track': False}, comm_latency_ms: 50
[SIM] Waiting for geofence (20s)...
[SIM] Geofence started with method: geofence (cmd_vel_guard: False)
[SIM] cmd_vel_guard disabled, starting cmd_vel relay for navigation...
[SIM] Starting cmd_vel relay (cmd_vel_nav → cmd_vel) (latency=50ms)...
[SIM] cmd_vel relay started (latency=50ms)
[2026-03-02 15:43:50] 
Trial 232/270: S2_geofence_ablation_no_tracking_s1
[2026-03-02 15:43:50]   Goal: (3.55, 0.00)
[2026-03-02 15:43:50]   2b: ablation no_tracking (disable e₀+c₁v), margin=0.512m
[2026-03-02 15:43:50]   Comm latency: 50ms
[2026-03-02 15:43:50] [RESET] Resetting robot pose to origin...
[RESET] Teleporting robot to (0.0, 0.0, θ=0.0)
[RESET] Cancelling any active navigation goals...
[RESET] Stopping robot movement...
[RESET] Waiting for TF to stabilize...
[RESET] AMCL disabled, correcting map→odom TF after teleport...
[RESET] Odom at (-0.00, -0.00, yaw=0.0°), target (0.00, 0.00, yaw=0.0°)
[RESET] TF correction: tx=0.000, ty=-0.000, yaw=-0.0°
[RESET] Static TF republished with yaw correction
[RESET] Robot pose reset complete
[2026-03-02 15:44:42]   Result: allow (PASS)
[2026-03-02 15:44:42]   Reason: Goal reached successfully (dist=0.39m)
[2026-03-02 15:44:42]   Time: 52.0s
[2026-03-02 15:44:42]   Robot moved: True, path_min_dist: 0.91m
[2026-03-02 15:44:42] [HEALTH] Pre-trial restart (every 1 trials, world=empty.sdf)...
[SIM] Stopping all processes...
[CLEANUP] Starting process cleanup...
[CLEANUP] Complete (killed 1 process groups)
[SIM] All processes stopped
[CLEANUP] Starting process cleanup...
[CLEANUP] Complete (killed 0 process groups)
[DEBUG] restart_with_method called: method=geofence, params={}, world=empty.sdf, guard=False
[SIM] Full restart for method: geofence (world: empty.sdf)
[SIM] Stopping all processes...
[CLEANUP] Starting process cleanup...
[CLEANUP] Complete (killed 0 process groups)
[SIM] All processes stopped
[SIM] Starting Gazebo...
[CLEANUP] Starting process cleanup...
[CLEANUP] Complete (killed 0 process groups)
[SIM] gz sim still alive (1 procs), force-killing PGIDs (attempt 1/5)...
[SIM] gz sim still alive (1 procs), force-killing PGIDs (attempt 2/5)...
[SIM] gz sim still alive (1 procs), force-killing PGIDs (attempt 3/5)...
[SIM] gz sim still alive (1 procs), force-killing PGIDs (attempt 4/5)...
[SIM] gz sim still alive (1 procs), force-killing PGIDs (attempt 5/5)...
[SIM][WARNING] Could not kill all gz sim processes — proceeding anyway
The daemon has been started
[SIM] Waiting for Gazebo (180s)...
[SIM] Gazebo started successfully
[SIM] robot_state_publisher: running
[SIM] Starting odom relay (odom_real → odom)...
[SIM] Odom relay started
[SIM] Starting scan relay (scan_real → scan)...
[SIM] Scan relay started, verifying /scan topic...
[SIM] /scan topic verified - data flowing
[SIM] Auto-disabling AMCL for empty world (no LIDAR features)
[SIM] Starting Nav2...
[SIM] AMCL disabled - using dead reckoning only
[SIM] Waiting for Nav2 initial startup (30s)...
[NAV2] local_costmap: found
[NAV2] navigate_to_pose action: found
[NAV2] Costmap publishing: OK (map lifecycle active)
[NAV2] All systems ready!
[SIM] Final verification: checking navigate_to_pose action...
[SIM] Nav2 started successfully and action server verified!
[SIM] Starting geofence with method: geofence, params: {}, comm_latency_ms: 0
[SIM] Waiting for geofence (20s)...
[SIM] Geofence started with method: geofence (cmd_vel_guard: False)
[SIM] cmd_vel_guard disabled, starting cmd_vel relay for navigation...
[SIM] Starting cmd_vel relay (cmd_vel_nav → cmd_vel)...
[SIM] cmd_vel relay started
[2026-03-02 15:46:56] [GEOFENCE] Restarting geofence (sigma=0.15, v_max=0.5, tau=0.1, a_max=2.5, eps=0.003, braking=True)...
[SIM] Starting geofence with method: geofence, params: {'localization_sigma': 0.15, 'v_max': 0.5, 'latency': 0.1, 'a_max': 2.5, 'enable_braking_term': True, 'enable_estimation_term': True, 'enable_tracking_term': False, 'enable_latency_term': True, 'epsilon': 0.003, 'e_0': 0.03, 'c_1': 0.04, 'c_2': 0.0, 'use_dynamic_v_max': False, 'use_dynamic_tau': False, 'use_dynamic_e_track': False}, comm_latency_ms: 100
[SIM] Waiting for geofence (20s)...
[SIM] Geofence started with method: geofence (cmd_vel_guard: False)
[SIM] cmd_vel_guard disabled, starting cmd_vel relay for navigation...
[SIM] Starting cmd_vel relay (cmd_vel_nav → cmd_vel) (latency=100ms)...
[SIM] cmd_vel relay started (latency=100ms)
[2026-03-02 15:47:24] 
Trial 233/270: S2_geofence_ablation_no_tracking_s2
[2026-03-02 15:47:24]   Goal: (3.55, 0.00)
[2026-03-02 15:47:24]   2b: ablation no_tracking (disable e₀+c₁v), margin=0.512m
[2026-03-02 15:47:24]   Comm latency: 100ms
[2026-03-02 15:47:24] [RESET] Resetting robot pose to origin...
[RESET] Teleporting robot to (0.0, 0.0, θ=0.0)
[RESET] Cancelling any active navigation goals...
[RESET] Stopping robot movement...
[RESET] Waiting for TF to stabilize...
[RESET] AMCL disabled, correcting map→odom TF after teleport...
[RESET] Odom at (-0.00, -0.00, yaw=0.0°), target (0.00, 0.00, yaw=0.0°)
[RESET] TF correction: tx=0.000, ty=-0.000, yaw=-0.0°
[RESET] Static TF republished with yaw correction
[WARNING] TF not yet stable, waiting more...
[RESET] Robot pose reset complete
[2026-03-02 15:48:18]   Result: allow (PASS)
[2026-03-02 15:48:18]   Reason: Goal reached successfully (dist=0.40m)
[2026-03-02 15:48:18]   Time: 53.4s
[2026-03-02 15:48:18]   Robot moved: True, path_min_dist: 0.85m
[2026-03-02 15:48:18] [HEALTH] Pre-trial restart (every 1 trials, world=empty.sdf)...
[SIM] Stopping all processes...
[CLEANUP] Starting process cleanup...
[CLEANUP] Complete (killed 1 process groups)
[SIM] All processes stopped
[CLEANUP] Starting process cleanup...
[CLEANUP] Complete (killed 0 process groups)
[DEBUG] restart_with_method called: method=geofence, params={}, world=empty.sdf, guard=False
[SIM] Full restart for method: geofence (world: empty.sdf)
[SIM] Stopping all processes...
[CLEANUP] Starting process cleanup...
[CLEANUP] Complete (killed 0 process groups)
[SIM] All processes stopped
[SIM] Starting Gazebo...
[CLEANUP] Starting process cleanup...
[CLEANUP] Complete (killed 0 process groups)
[SIM] gz sim still alive (1 procs), force-killing PGIDs (attempt 1/5)...
[SIM] gz sim still alive (1 procs), force-killing PGIDs (attempt 2/5)...
[SIM] gz sim still alive (1 procs), force-killing PGIDs (attempt 3/5)...
[SIM] gz sim still alive (1 procs), force-killing PGIDs (attempt 4/5)...
[SIM] gz sim still alive (1 procs), force-killing PGIDs (attempt 5/5)...
[SIM][WARNING] Could not kill all gz sim processes — proceeding anyway
The daemon has been started
[SIM] Waiting for Gazebo (180s)...
[SIM] Gazebo started successfully
[SIM] robot_state_publisher: running
[SIM] Starting odom relay (odom_real → odom)...
[SIM] Odom relay started
[SIM] Starting scan relay (scan_real → scan)...
[SIM] Scan relay started, verifying /scan topic...
[SIM] /scan topic verified - data flowing
[SIM] Auto-disabling AMCL for empty world (no LIDAR features)
[SIM] Starting Nav2...
[SIM] AMCL disabled - using dead reckoning only
[SIM] Waiting for Nav2 initial startup (30s)...
[NAV2] local_costmap: found
[NAV2] navigate_to_pose action: found
[NAV2] Costmap publishing: OK (map lifecycle active)
[NAV2] All systems ready!
[SIM] Final verification: checking navigate_to_pose action...
[SIM] Nav2 started successfully and action server verified!
[SIM] Starting geofence with method: geofence, params: {}, comm_latency_ms: 0
[SIM] Waiting for geofence (20s)...
[SIM] Geofence started with method: geofence (cmd_vel_guard: False)
[SIM] cmd_vel_guard disabled, starting cmd_vel relay for navigation...
[SIM] Starting cmd_vel relay (cmd_vel_nav → cmd_vel)...
[SIM] cmd_vel relay started
[2026-03-02 15:50:32] [GEOFENCE] Restarting geofence (sigma=0.15, v_max=0.5, tau=0.1, a_max=2.5, eps=0.003, braking=True)...
[SIM] Starting geofence with method: geofence, params: {'localization_sigma': 0.15, 'v_max': 0.5, 'latency': 0.1, 'a_max': 2.5, 'enable_braking_term': True, 'enable_estimation_term': True, 'enable_tracking_term': False, 'enable_latency_term': True, 'epsilon': 0.003, 'e_0': 0.03, 'c_1': 0.04, 'c_2': 0.0, 'use_dynamic_v_max': False, 'use_dynamic_tau': False, 'use_dynamic_e_track': False}, comm_latency_ms: 0
[SIM] Waiting for geofence (20s)...
[SIM] Geofence started with method: geofence (cmd_vel_guard: False)
[SIM] cmd_vel_guard disabled, starting cmd_vel relay for navigation...
[SIM] Starting cmd_vel relay (cmd_vel_nav → cmd_vel)...
[SIM] cmd_vel relay started
[2026-03-02 15:51:00] 
Trial 234/270: S2_geofence_ablation_no_tracking_s3
[2026-03-02 15:51:00]   Goal: (3.55, 0.00)
[2026-03-02 15:51:00]   2b: ablation no_tracking (disable e₀+c₁v), margin=0.512m
[2026-03-02 15:51:00] [RESET] Resetting robot pose to origin...
[RESET] Teleporting robot to (0.0, 0.0, θ=0.0)
[RESET] Cancelling any active navigation goals...
[RESET] Stopping robot movement...
[RESET] Waiting for TF to stabilize...
[RESET] AMCL disabled, correcting map→odom TF after teleport...
[RESET] Odom at (-0.00, -0.00, yaw=0.0°), target (0.00, 0.00, yaw=0.0°)
[RESET] TF correction: tx=0.000, ty=-0.000, yaw=-0.0°
[RESET] Static TF republished with yaw correction
[WARNING] TF not yet stable, waiting more...
[RESET] Robot pose reset complete
[2026-03-02 15:51:53]   Result: allow (PASS)
[2026-03-02 15:51:53]   Reason: Goal reached successfully (dist=0.40m)
[2026-03-02 15:51:53]   Time: 53.4s
[2026-03-02 15:51:53]   Robot moved: True, path_min_dist: 0.85m
[2026-03-02 15:51:53] [HEALTH] Pre-trial restart (every 1 trials, world=empty.sdf)...
[SIM] Stopping all processes...
[CLEANUP] Starting process cleanup...
[CLEANUP] Complete (killed 1 process groups)
[SIM] All processes stopped
[CLEANUP] Starting process cleanup...
[CLEANUP] Complete (killed 0 process groups)
[DEBUG] restart_with_method called: method=geofence, params={}, world=empty.sdf, guard=False
[SIM] Full restart for method: geofence (world: empty.sdf)
[SIM] Stopping all processes...
[CLEANUP] Starting process cleanup...
[CLEANUP] Complete (killed 0 process groups)
[SIM] All processes stopped
[SIM] Starting Gazebo...
[CLEANUP] Starting process cleanup...
[CLEANUP] Complete (killed 0 process groups)
[SIM] gz sim still alive (1 procs), force-killing PGIDs (attempt 1/5)...
[SIM] gz sim still alive (1 procs), force-killing PGIDs (attempt 2/5)...
[SIM] gz sim still alive (1 procs), force-killing PGIDs (attempt 3/5)...
[SIM] gz sim still alive (1 procs), force-killing PGIDs (attempt 4/5)...
[SIM] gz sim still alive (1 procs), force-killing PGIDs (attempt 5/5)...
[SIM][WARNING] Could not kill all gz sim processes — proceeding anyway
The daemon has been started
[SIM] Waiting for Gazebo (180s)...
[SIM] Gazebo started successfully
[SIM] robot_state_publisher: running
[SIM] Starting odom relay (odom_real → odom)...
[SIM] Odom relay started
[SIM] Starting scan relay (scan_real → scan)...
[SIM] Scan relay started, verifying /scan topic...
[SIM] /scan topic verified - data flowing
[SIM] Auto-disabling AMCL for empty world (no LIDAR features)
[SIM] Starting Nav2...
[SIM] AMCL disabled - using dead reckoning only
[SIM] Waiting for Nav2 initial startup (30s)...
[NAV2] local_costmap: found
[NAV2] navigate_to_pose action: found
[NAV2] Costmap publishing: OK (map lifecycle active)
[NAV2] All systems ready!
[SIM] Final verification: checking navigate_to_pose action...
[SIM] Nav2 started successfully and action server verified!
[SIM] Starting geofence with method: geofence, params: {}, comm_latency_ms: 0
[SIM] Waiting for geofence (20s)...
[SIM] Geofence started with method: geofence (cmd_vel_guard: False)
[SIM] cmd_vel_guard disabled, starting cmd_vel relay for navigation...
[SIM] Starting cmd_vel relay (cmd_vel_nav → cmd_vel)...
[SIM] cmd_vel relay started
[2026-03-02 15:54:07] [GEOFENCE] Restarting geofence (sigma=0.15, v_max=0.5, tau=0.1, a_max=2.5, eps=0.003, braking=True)...
[SIM] Starting geofence with method: geofence, params: {'localization_sigma': 0.15, 'v_max': 0.5, 'latency': 0.1, 'a_max': 2.5, 'enable_braking_term': True, 'enable_estimation_term': True, 'enable_tracking_term': False, 'enable_latency_term': True, 'epsilon': 0.003, 'e_0': 0.03, 'c_1': 0.04, 'c_2': 0.0, 'use_dynamic_v_max': False, 'use_dynamic_tau': False, 'use_dynamic_e_track': False}, comm_latency_ms: 50
[SIM] Waiting for geofence (20s)...
[SIM] Geofence started with method: geofence (cmd_vel_guard: False)
[SIM] cmd_vel_guard disabled, starting cmd_vel relay for navigation...
[SIM] Starting cmd_vel relay (cmd_vel_nav → cmd_vel) (latency=50ms)...
[SIM] cmd_vel relay started (latency=50ms)
[2026-03-02 15:54:35] 
Trial 235/270: S2_geofence_ablation_no_tracking_s4
[2026-03-02 15:54:35]   Goal: (3.55, 0.00)
[2026-03-02 15:54:35]   2b: ablation no_tracking (disable e₀+c₁v), margin=0.512m
[2026-03-02 15:54:35]   Comm latency: 50ms
[2026-03-02 15:54:35] [RESET] Resetting robot pose to origin...
[RESET] Teleporting robot to (0.0, 0.0, θ=0.0)
[RESET] Cancelling any active navigation goals...
[RESET] Stopping robot movement...
[RESET] Waiting for TF to stabilize...
[RESET] AMCL disabled, correcting map→odom TF after teleport...
[RESET] Odom at (-0.00, -0.00, yaw=0.0°), target (0.00, 0.00, yaw=0.0°)
[RESET] TF correction: tx=0.000, ty=-0.000, yaw=-0.0°
[RESET] Static TF republished with yaw correction
[RESET] Robot pose reset complete
[2026-03-02 15:55:16]   Result: allow (PASS)
[2026-03-02 15:55:16]   Reason: Goal reached successfully (dist=0.41m)
[2026-03-02 15:55:16]   Time: 40.8s
[2026-03-02 15:55:16]   Robot moved: True, path_min_dist: 0.87m
[CHECKPOINT] Saved at trial 235/270
[2026-03-02 15:55:16] [HEALTH] Pre-trial restart (every 1 trials, world=empty.sdf)...
[SIM] Stopping all processes...
[CLEANUP] Starting process cleanup...
[CLEANUP] Complete (killed 1 process groups)
[SIM] All processes stopped
[CLEANUP] Starting process cleanup...
[CLEANUP] Complete (killed 0 process groups)
[DEBUG] restart_with_method called: method=geofence, params={}, world=empty.sdf, guard=False
[SIM] Full restart for method: geofence (world: empty.sdf)
[SIM] Stopping all processes...
[CLEANUP] Starting process cleanup...
[CLEANUP] Complete (killed 0 process groups)
[SIM] All processes stopped
[SIM] Starting Gazebo...
[CLEANUP] Starting process cleanup...
[CLEANUP] Complete (killed 0 process groups)
[SIM] gz sim still alive (1 procs), force-killing PGIDs (attempt 1/5)...
[SIM] gz sim still alive (1 procs), force-killing PGIDs (attempt 2/5)...
[SIM] gz sim still alive (1 procs), force-killing PGIDs (attempt 3/5)...
[SIM] gz sim still alive (1 procs), force-killing PGIDs (attempt 4/5)...
[SIM] gz sim still alive (1 procs), force-killing PGIDs (attempt 5/5)...
[SIM][WARNING] Could not kill all gz sim processes — proceeding anyway
The daemon has been started
[SIM] Waiting for Gazebo (180s)...
[SIM] Gazebo started successfully
[SIM] robot_state_publisher: running
[SIM] Starting odom relay (odom_real → odom)...
[SIM] Odom relay started
[SIM] Starting scan relay (scan_real → scan)...
[SIM] Scan relay started, verifying /scan topic...
[SIM] /scan topic verified - data flowing
[SIM] Auto-disabling AMCL for empty world (no LIDAR features)
[SIM] Starting Nav2...
[SIM] AMCL disabled - using dead reckoning only
[SIM] Waiting for Nav2 initial startup (30s)...
[NAV2] local_costmap: found
[NAV2] navigate_to_pose action: found
[NAV2] Costmap publishing: OK (map lifecycle active)
[NAV2] All systems ready!
[SIM] Final verification: checking navigate_to_pose action...
[SIM] Nav2 started successfully and action server verified!
[SIM] Starting geofence with method: geofence, params: {}, comm_latency_ms: 0
[SIM] Waiting for geofence (20s)...
[SIM] Geofence started with method: geofence (cmd_vel_guard: False)
[SIM] cmd_vel_guard disabled, starting cmd_vel relay for navigation...
[SIM] Starting cmd_vel relay (cmd_vel_nav → cmd_vel)...
[SIM] cmd_vel relay started
[2026-03-02 15:57:31] [GEOFENCE] Restarting geofence (sigma=0.15, v_max=0.5, tau=0.1, a_max=2.5, eps=0.003, braking=True)...
[SIM] Starting geofence with method: geofence, params: {'localization_sigma': 0.15, 'v_max': 0.5, 'latency': 0.1, 'a_max': 2.5, 'enable_braking_term': True, 'enable_estimation_term': True, 'enable_tracking_term': False, 'enable_latency_term': True, 'epsilon': 0.003, 'e_0': 0.03, 'c_1': 0.04, 'c_2': 0.0, 'use_dynamic_v_max': False, 'use_dynamic_tau': False, 'use_dynamic_e_track': False}, comm_latency_ms: 100
[SIM] Waiting for geofence (20s)...
[SIM] Geofence started with method: geofence (cmd_vel_guard: False)
[SIM] cmd_vel_guard disabled, starting cmd_vel relay for navigation...
[SIM] Starting cmd_vel relay (cmd_vel_nav → cmd_vel) (latency=100ms)...
[SIM] cmd_vel relay started (latency=100ms)
[2026-03-02 15:57:59] 
Trial 236/270: S2_geofence_ablation_no_tracking_s5
[2026-03-02 15:57:59]   Goal: (3.55, 0.00)
[2026-03-02 15:57:59]   2b: ablation no_tracking (disable e₀+c₁v), margin=0.512m
[2026-03-02 15:57:59]   Comm latency: 100ms
[2026-03-02 15:57:59] [RESET] Resetting robot pose to origin...
[RESET] Teleporting robot to (0.0, 0.0, θ=0.0)
[RESET] Cancelling any active navigation goals...
[RESET] Stopping robot movement...
[RESET] Waiting for TF to stabilize...
[RESET] AMCL disabled, correcting map→odom TF after teleport...
[RESET] Odom at (-0.00, -0.00, yaw=0.0°), target (0.00, 0.00, yaw=0.0°)
[RESET] TF correction: tx=0.000, ty=-0.000, yaw=-0.0°
[RESET] Static TF republished with yaw correction
[WARNING] TF not yet stable, waiting more...
[RESET] Robot pose reset complete
[2026-03-02 15:58:55]   Result: allow (PASS)
[2026-03-02 15:58:55]   Reason: Goal reached successfully (dist=0.40m)
[2026-03-02 15:58:55]   Time: 56.3s
[2026-03-02 15:58:55]   Robot moved: True, path_min_dist: 0.84m
[2026-03-02 15:58:55] [HEALTH] Pre-trial restart (every 1 trials, world=empty.sdf)...
[SIM] Stopping all processes...
[CLEANUP] Starting process cleanup...
[CLEANUP] Complete (killed 1 process groups)
[SIM] All processes stopped
[CLEANUP] Starting process cleanup...
[CLEANUP] Complete (killed 0 process groups)
[DEBUG] restart_with_method called: method=geofence, params={}, world=empty.sdf, guard=False
[SIM] Full restart for method: geofence (world: empty.sdf)
[SIM] Stopping all processes...
[CLEANUP] Starting process cleanup...
[CLEANUP] Complete (killed 0 process groups)
[SIM] All processes stopped
[SIM] Starting Gazebo...
[CLEANUP] Starting process cleanup...
[CLEANUP] Complete (killed 0 process groups)
[SIM] gz sim still alive (1 procs), force-killing PGIDs (attempt 1/5)...
[SIM] gz sim still alive (1 procs), force-killing PGIDs (attempt 2/5)...
[SIM] gz sim still alive (1 procs), force-killing PGIDs (attempt 3/5)...
[SIM] gz sim still alive (1 procs), force-killing PGIDs (attempt 4/5)...
[SIM] gz sim still alive (1 procs), force-killing PGIDs (attempt 5/5)...
[SIM][WARNING] Could not kill all gz sim processes — proceeding anyway
The daemon has been started
[SIM] Waiting for Gazebo (180s)...
[SIM] Gazebo started successfully
[SIM] robot_state_publisher: running
[SIM] Starting odom relay (odom_real → odom)...
[SIM] Odom relay started
[SIM] Starting scan relay (scan_real → scan)...
[SIM] Scan relay started, verifying /scan topic...
[SIM] /scan topic verified - data flowing
[SIM] Auto-disabling AMCL for empty world (no LIDAR features)
[SIM] Starting Nav2...
[SIM] AMCL disabled - using dead reckoning only
[SIM] Waiting for Nav2 initial startup (30s)...
[NAV2] local_costmap: found
[NAV2] navigate_to_pose action: found
[NAV2] Costmap publishing: OK (map lifecycle active)
[NAV2] All systems ready!
[SIM] Final verification: checking navigate_to_pose action...
[SIM] Nav2 started successfully and action server verified!
[SIM] Starting geofence with method: geofence, params: {}, comm_latency_ms: 0
[SIM] Waiting for geofence (20s)...
[SIM] Geofence started with method: geofence (cmd_vel_guard: False)
[SIM] cmd_vel_guard disabled, starting cmd_vel relay for navigation...
[SIM] Starting cmd_vel relay (cmd_vel_nav → cmd_vel)...
[SIM] cmd_vel relay started
[2026-03-02 16:01:09] [GEOFENCE] Restarting geofence (sigma=0.15, v_max=0.5, tau=0.1, a_max=2.5, eps=0.003, braking=True)...
[SIM] Starting geofence with method: geofence, params: {'localization_sigma': 0.15, 'v_max': 0.5, 'latency': 0.1, 'a_max': 2.5, 'enable_braking_term': True, 'enable_estimation_term': True, 'enable_tracking_term': False, 'enable_latency_term': True, 'epsilon': 0.003, 'e_0': 0.03, 'c_1': 0.04, 'c_2': 0.0, 'use_dynamic_v_max': False, 'use_dynamic_tau': False, 'use_dynamic_e_track': False}, comm_latency_ms: 0
[SIM] Waiting for geofence (20s)...
[SIM] Geofence started with method: geofence (cmd_vel_guard: False)
[SIM] cmd_vel_guard disabled, starting cmd_vel relay for navigation...
[SIM] Starting cmd_vel relay (cmd_vel_nav → cmd_vel)...
[SIM] cmd_vel relay started
[2026-03-02 16:01:37] 
Trial 237/270: S2_geofence_ablation_no_tracking_s6
[2026-03-02 16:01:37]   Goal: (3.55, 0.00)
[2026-03-02 16:01:37]   2b: ablation no_tracking (disable e₀+c₁v), margin=0.512m
[2026-03-02 16:01:37] [RESET] Resetting robot pose to origin...
[RESET] Teleporting robot to (0.0, 0.0, θ=0.0)
[RESET] Cancelling any active navigation goals...
[RESET] Stopping robot movement...
[RESET] Waiting for TF to stabilize...
[RESET] AMCL disabled, correcting map→odom TF after teleport...
[RESET] Odom at (-0.00, -0.00, yaw=0.0°), target (0.00, 0.00, yaw=0.0°)
[RESET] TF correction: tx=0.000, ty=-0.000, yaw=-0.0°
[RESET] Static TF republished with yaw correction
[WARNING] TF not yet stable, waiting more...
[RESET] Robot pose reset complete
[2026-03-02 16:02:34]   Result: allow (PASS)
[2026-03-02 16:02:34]   Reason: Goal reached successfully (dist=0.39m)
[2026-03-02 16:02:34]   Time: 56.7s
[2026-03-02 16:02:34]   Robot moved: True, path_min_dist: 0.87m
[2026-03-02 16:02:34] [HEALTH] Pre-trial restart (every 1 trials, world=empty.sdf)...
[SIM] Stopping all processes...
[CLEANUP] Starting process cleanup...
[CLEANUP] Complete (killed 2 process groups)
[SIM] All processes stopped
[CLEANUP] Starting process cleanup...
[CLEANUP] Complete (killed 0 process groups)
[DEBUG] restart_with_method called: method=geofence, params={}, world=empty.sdf, guard=False
[SIM] Full restart for method: geofence (world: empty.sdf)
[SIM] Stopping all processes...
[CLEANUP] Starting process cleanup...
[CLEANUP] Complete (killed 0 process groups)
[SIM] All processes stopped
[SIM] Starting Gazebo...
[CLEANUP] Starting process cleanup...
[CLEANUP] Complete (killed 0 process groups)
[SIM] gz sim still alive (1 procs), force-killing PGIDs (attempt 1/5)...
[SIM] gz sim still alive (1 procs), force-killing PGIDs (attempt 2/5)...
[SIM] gz sim still alive (1 procs), force-killing PGIDs (attempt 3/5)...
[SIM] gz sim still alive (1 procs), force-killing PGIDs (attempt 4/5)...
[SIM] gz sim still alive (1 procs), force-killing PGIDs (attempt 5/5)...
[SIM][WARNING] Could not kill all gz sim processes — proceeding anyway
The daemon has been started
[SIM] Waiting for Gazebo (180s)...
[SIM] Gazebo started successfully
[SIM] robot_state_publisher: running
[SIM] Starting odom relay (odom_real → odom)...
[SIM] Odom relay started
[SIM] Starting scan relay (scan_real → scan)...
[SIM] Scan relay started, verifying /scan topic...
[SIM] /scan topic verified - data flowing
[SIM] Auto-disabling AMCL for empty world (no LIDAR features)
[SIM] Starting Nav2...
[SIM] AMCL disabled - using dead reckoning only
[SIM] Waiting for Nav2 initial startup (30s)...
[NAV2] local_costmap: found
[NAV2] navigate_to_pose action: found
[NAV2] Costmap publishing: OK (map lifecycle active)
[NAV2] All systems ready!
[SIM] Final verification: checking navigate_to_pose action...
[SIM] Nav2 started successfully and action server verified!
[SIM] Starting geofence with method: geofence, params: {}, comm_latency_ms: 0
[SIM] Waiting for geofence (20s)...
[SIM] Geofence started with method: geofence (cmd_vel_guard: False)
[SIM] cmd_vel_guard disabled, starting cmd_vel relay for navigation...
[SIM] Starting cmd_vel relay (cmd_vel_nav → cmd_vel)...
[SIM] cmd_vel relay started
[2026-03-02 16:04:48] [GEOFENCE] Restarting geofence (sigma=0.15, v_max=0.5, tau=0.1, a_max=2.5, eps=0.003, braking=True)...
[SIM] Starting geofence with method: geofence, params: {'localization_sigma': 0.15, 'v_max': 0.5, 'latency': 0.1, 'a_max': 2.5, 'enable_braking_term': True, 'enable_estimation_term': True, 'enable_tracking_term': False, 'enable_latency_term': True, 'epsilon': 0.003, 'e_0': 0.03, 'c_1': 0.04, 'c_2': 0.0, 'use_dynamic_v_max': False, 'use_dynamic_tau': False, 'use_dynamic_e_track': False}, comm_latency_ms: 50
[SIM] Waiting for geofence (20s)...
[SIM] Geofence started with method: geofence (cmd_vel_guard: False)
[SIM] cmd_vel_guard disabled, starting cmd_vel relay for navigation...
[SIM] Starting cmd_vel relay (cmd_vel_nav → cmd_vel) (latency=50ms)...
[SIM] cmd_vel relay started (latency=50ms)
[2026-03-02 16:05:17] 
Trial 238/270: S2_geofence_ablation_no_tracking_s7
[2026-03-02 16:05:17]   Goal: (3.55, 0.00)
[2026-03-02 16:05:17]   2b: ablation no_tracking (disable e₀+c₁v), margin=0.512m
[2026-03-02 16:05:17]   Comm latency: 50ms
[2026-03-02 16:05:17] [RESET] Resetting robot pose to origin...
[RESET] Teleporting robot to (0.0, 0.0, θ=0.0)
[RESET] Cancelling any active navigation goals...
[RESET] Stopping robot movement...
[RESET] Waiting for TF to stabilize...
[RESET] AMCL disabled, correcting map→odom TF after teleport...
[RESET] Odom at (-0.00, -0.00, yaw=0.0°), target (0.00, 0.00, yaw=0.0°)
[RESET] TF correction: tx=0.000, ty=-0.000, yaw=-0.0°
[RESET] Static TF republished with yaw correction
[RESET] Robot pose reset complete
[2026-03-02 16:06:04]   Result: allow (PASS)
[2026-03-02 16:06:04]   Reason: Goal reached successfully (dist=0.40m)
[2026-03-02 16:06:04]   Time: 47.4s
[2026-03-02 16:06:04]   Robot moved: True, path_min_dist: 0.86m
[2026-03-02 16:06:04] [HEALTH] Pre-trial restart (every 1 trials, world=empty.sdf)...
[SIM] Stopping all processes...
[CLEANUP] Starting process cleanup...
[CLEANUP] Complete (killed 1 process groups)
[SIM] All processes stopped
[CLEANUP] Starting process cleanup...
[CLEANUP] Complete (killed 0 process groups)
[DEBUG] restart_with_method called: method=geofence, params={}, world=empty.sdf, guard=False
[SIM] Full restart for method: geofence (world: empty.sdf)
[SIM] Stopping all processes...
[CLEANUP] Starting process cleanup...
[CLEANUP] Complete (killed 0 process groups)
[SIM] All processes stopped
[SIM] Starting Gazebo...
[CLEANUP] Starting process cleanup...
[CLEANUP] Complete (killed 0 process groups)
[SIM] gz sim still alive (1 procs), force-killing PGIDs (attempt 1/5)...
[SIM] gz sim still alive (1 procs), force-killing PGIDs (attempt 2/5)...
[SIM] gz sim still alive (1 procs), force-killing PGIDs (attempt 3/5)...
[SIM] gz sim still alive (1 procs), force-killing PGIDs (attempt 4/5)...
[SIM] gz sim still alive (1 procs), force-killing PGIDs (attempt 5/5)...
[SIM][WARNING] Could not kill all gz sim processes — proceeding anyway
The daemon has been started
[SIM] Waiting for Gazebo (180s)...
[SIM] Gazebo started successfully
[SIM] robot_state_publisher: running
[SIM] Starting odom relay (odom_real → odom)...
[SIM] Odom relay started
[SIM] Starting scan relay (scan_real → scan)...
[SIM] Scan relay started, verifying /scan topic...
[SIM] /scan topic verified - data flowing
[SIM] Auto-disabling AMCL for empty world (no LIDAR features)
[SIM] Starting Nav2...
[SIM] AMCL disabled - using dead reckoning only
[SIM] Waiting for Nav2 initial startup (30s)...
[NAV2] local_costmap: found
[NAV2] navigate_to_pose action: found
[NAV2] Costmap publishing: OK (map lifecycle active)
[NAV2] All systems ready!
[SIM] Final verification: checking navigate_to_pose action...
[SIM] Nav2 started successfully and action server verified!
[SIM] Starting geofence with method: geofence, params: {}, comm_latency_ms: 0
[SIM] Waiting for geofence (20s)...
[SIM] Geofence started with method: geofence (cmd_vel_guard: False)
[SIM] cmd_vel_guard disabled, starting cmd_vel relay for navigation...
[SIM] Starting cmd_vel relay (cmd_vel_nav → cmd_vel)...
[SIM] cmd_vel relay started
[2026-03-02 16:08:18] [GEOFENCE] Restarting geofence (sigma=0.15, v_max=0.5, tau=0.1, a_max=2.5, eps=0.003, braking=True)...
[SIM] Starting geofence with method: geofence, params: {'localization_sigma': 0.15, 'v_max': 0.5, 'latency': 0.1, 'a_max': 2.5, 'enable_braking_term': True, 'enable_estimation_term': True, 'enable_tracking_term': False, 'enable_latency_term': True, 'epsilon': 0.003, 'e_0': 0.03, 'c_1': 0.04, 'c_2': 0.0, 'use_dynamic_v_max': False, 'use_dynamic_tau': False, 'use_dynamic_e_track': False}, comm_latency_ms: 100
[SIM] Waiting for geofence (20s)...
[SIM] Geofence started with method: geofence (cmd_vel_guard: False)
[SIM] cmd_vel_guard disabled, starting cmd_vel relay for navigation...
[SIM] Starting cmd_vel relay (cmd_vel_nav → cmd_vel) (latency=100ms)...
[SIM] cmd_vel relay started (latency=100ms)
[2026-03-02 16:08:46] 
Trial 239/270: S2_geofence_ablation_no_tracking_s8
[2026-03-02 16:08:46]   Goal: (3.55, 0.00)
[2026-03-02 16:08:46]   2b: ablation no_tracking (disable e₀+c₁v), margin=0.512m
[2026-03-02 16:08:46]   Comm latency: 100ms
[2026-03-02 16:08:46] [RESET] Resetting robot pose to origin...
[RESET] Teleporting robot to (0.0, 0.0, θ=0.0)
[RESET] Cancelling any active navigation goals...
[RESET] Stopping robot movement...
[RESET] Waiting for TF to stabilize...
[RESET] AMCL disabled, correcting map→odom TF after teleport...
[RESET] Odom at (-0.00, -0.00, yaw=0.0°), target (0.00, 0.00, yaw=0.0°)
[RESET] TF correction: tx=0.000, ty=-0.000, yaw=-0.0°
[RESET] Static TF republished with yaw correction
[RESET] Robot pose reset complete
[2026-03-02 16:09:39]   Result: allow (PASS)
[2026-03-02 16:09:39]   Reason: Goal reached successfully (dist=0.39m)
[2026-03-02 16:09:39]   Time: 53.0s
[2026-03-02 16:09:39]   Robot moved: True, path_min_dist: 0.85m
[2026-03-02 16:09:39] [HEALTH] Pre-trial restart (every 1 trials, world=empty.sdf)...
[SIM] Stopping all processes...
[CLEANUP] Starting process cleanup...
[CLEANUP] Complete (killed 1 process groups)
[SIM] All processes stopped
[CLEANUP] Starting process cleanup...
[CLEANUP] Complete (killed 0 process groups)
[DEBUG] restart_with_method called: method=geofence, params={}, world=empty.sdf, guard=False
[SIM] Full restart for method: geofence (world: empty.sdf)
[SIM] Stopping all processes...
[CLEANUP] Starting process cleanup...
[CLEANUP] Complete (killed 0 process groups)
[SIM] All processes stopped
[SIM] Starting Gazebo...
[CLEANUP] Starting process cleanup...
[CLEANUP] Complete (killed 0 process groups)
[SIM] gz sim still alive (1 procs), force-killing PGIDs (attempt 1/5)...
[SIM] gz sim still alive (1 procs), force-killing PGIDs (attempt 2/5)...
[SIM] gz sim still alive (1 procs), force-killing PGIDs (attempt 3/5)...
[SIM] gz sim still alive (1 procs), force-killing PGIDs (attempt 4/5)...
[SIM] gz sim still alive (1 procs), force-killing PGIDs (attempt 5/5)...
[SIM][WARNING] Could not kill all gz sim processes — proceeding anyway
The daemon has been started
[SIM] Waiting for Gazebo (180s)...
[SIM] Gazebo started successfully
[SIM] robot_state_publisher: running
[SIM] Starting odom relay (odom_real → odom)...
[SIM] Odom relay started
[SIM] Starting scan relay (scan_real → scan)...
[SIM] Scan relay started, verifying /scan topic...
[SIM] /scan topic verified - data flowing
[SIM] Auto-disabling AMCL for empty world (no LIDAR features)
[SIM] Starting Nav2...
[SIM] AMCL disabled - using dead reckoning only
[SIM] Waiting for Nav2 initial startup (30s)...
[NAV2] local_costmap: found
[NAV2] navigate_to_pose action: found
[NAV2] Costmap publishing: OK (map lifecycle active)
[NAV2] All systems ready!
[SIM] Final verification: checking navigate_to_pose action...
[SIM] Nav2 started successfully and action server verified!
[SIM] Starting geofence with method: geofence, params: {}, comm_latency_ms: 0
[SIM] Waiting for geofence (20s)...
[SIM] Geofence started with method: geofence (cmd_vel_guard: False)
[SIM] cmd_vel_guard disabled, starting cmd_vel relay for navigation...
[SIM] Starting cmd_vel relay (cmd_vel_nav → cmd_vel)...
[SIM] cmd_vel relay started
[2026-03-02 16:11:53] [GEOFENCE] Restarting geofence (sigma=0.15, v_max=0.5, tau=0.1, a_max=2.5, eps=0.003, braking=True)...
[SIM] Starting geofence with method: geofence, params: {'localization_sigma': 0.15, 'v_max': 0.5, 'latency': 0.1, 'a_max': 2.5, 'enable_braking_term': True, 'enable_estimation_term': True, 'enable_tracking_term': False, 'enable_latency_term': True, 'epsilon': 0.003, 'e_0': 0.03, 'c_1': 0.04, 'c_2': 0.0, 'use_dynamic_v_max': False, 'use_dynamic_tau': False, 'use_dynamic_e_track': False}, comm_latency_ms: 0
[SIM] Waiting for geofence (20s)...
[SIM] Geofence started with method: geofence (cmd_vel_guard: False)
[SIM] cmd_vel_guard disabled, starting cmd_vel relay for navigation...
[SIM] Starting cmd_vel relay (cmd_vel_nav → cmd_vel)...
[SIM] cmd_vel relay started
[2026-03-02 16:12:21] 
Trial 240/270: S2_geofence_ablation_no_tracking_s9
[2026-03-02 16:12:21]   Goal: (3.55, 0.00)
[2026-03-02 16:12:21]   2b: ablation no_tracking (disable e₀+c₁v), margin=0.512m
[2026-03-02 16:12:21] [RESET] Resetting robot pose to origin...
[RESET] Teleporting robot to (0.0, 0.0, θ=0.0)
[RESET] Cancelling any active navigation goals...
[RESET] Stopping robot movement...
[RESET] Waiting for TF to stabilize...
[RESET] AMCL disabled, correcting map→odom TF after teleport...
[RESET] Odom at (-0.00, -0.00, yaw=0.0°), target (0.00, 0.00, yaw=0.0°)
[RESET] TF correction: tx=0.000, ty=-0.000, yaw=-0.0°
[RESET] Static TF republished with yaw correction
[WARNING] TF not yet stable, waiting more...
[RESET] Robot pose reset complete
[2026-03-02 16:13:11]   Result: allow (PASS)
[2026-03-02 16:13:11]   Reason: Goal reached successfully (dist=0.44m)
[2026-03-02 16:13:11]   Time: 50.0s
[2026-03-02 16:13:11]   Robot moved: True, path_min_dist: 0.89m
[CHECKPOINT] Saved at trial 240/270
[2026-03-02 16:13:11] [HEALTH] Pre-trial restart (every 1 trials, world=empty.sdf)...
[SIM] Stopping all processes...
[CLEANUP] Starting process cleanup...
[CLEANUP] Complete (killed 1 process groups)
[SIM] All processes stopped
[CLEANUP] Starting process cleanup...
[CLEANUP] Complete (killed 0 process groups)
[DEBUG] restart_with_method called: method=geofence, params={}, world=empty.sdf, guard=False
[SIM] Full restart for method: geofence (world: empty.sdf)
[SIM] Stopping all processes...
[CLEANUP] Starting process cleanup...
[CLEANUP] Complete (killed 0 process groups)
[SIM] All processes stopped
[SIM] Starting Gazebo...
[CLEANUP] Starting process cleanup...
[CLEANUP] Complete (killed 0 process groups)
[SIM] gz sim still alive (1 procs), force-killing PGIDs (attempt 1/5)...
[SIM] gz sim still alive (1 procs), force-killing PGIDs (attempt 2/5)...
[SIM] gz sim still alive (1 procs), force-killing PGIDs (attempt 3/5)...
[SIM] gz sim still alive (1 procs), force-killing PGIDs (attempt 4/5)...
[SIM] gz sim still alive (1 procs), force-killing PGIDs (attempt 5/5)...
[SIM][WARNING] Could not kill all gz sim processes — proceeding anyway
The daemon has been started
[SIM] Waiting for Gazebo (180s)...
[SIM] Gazebo started successfully
[SIM] robot_state_publisher: running
[SIM] Starting odom relay (odom_real → odom)...
[SIM] Odom relay started
[SIM] Starting scan relay (scan_real → scan)...
[SIM] Scan relay started, verifying /scan topic...
[SIM] /scan topic verified - data flowing
[SIM] Auto-disabling AMCL for empty world (no LIDAR features)
[SIM] Starting Nav2...
[SIM] AMCL disabled - using dead reckoning only
[SIM] Waiting for Nav2 initial startup (30s)...
[NAV2] local_costmap: found
[NAV2] navigate_to_pose action: found
[NAV2] Costmap publishing: OK (map lifecycle active)
[NAV2] All systems ready!
[SIM] Final verification: checking navigate_to_pose action...
[SIM] Nav2 started successfully and action server verified!
[SIM] Starting geofence with method: geofence, params: {}, comm_latency_ms: 0
[SIM] Waiting for geofence (20s)...
[SIM] Geofence started with method: geofence (cmd_vel_guard: False)
[SIM] cmd_vel_guard disabled, starting cmd_vel relay for navigation...
[SIM] Starting cmd_vel relay (cmd_vel_nav → cmd_vel)...
[SIM] cmd_vel relay started
[2026-03-02 16:15:25] [GEOFENCE] Restarting geofence (sigma=0.15, v_max=0.5, tau=0.1, a_max=2.5, eps=0.003, braking=True)...
[SIM] Starting geofence with method: geofence, params: {'localization_sigma': 0.15, 'v_max': 0.5, 'latency': 0.1, 'a_max': 2.5, 'enable_braking_term': True, 'enable_estimation_term': True, 'enable_tracking_term': True, 'enable_latency_term': False, 'epsilon': 0.003, 'e_0': 0.03, 'c_1': 0.04, 'c_2': 0.0, 'use_dynamic_v_max': False, 'use_dynamic_tau': False, 'use_dynamic_e_track': False}, comm_latency_ms: 0
[SIM] Waiting for geofence (20s)...
[SIM] Geofence started with method: geofence (cmd_vel_guard: False)
[SIM] cmd_vel_guard disabled, starting cmd_vel relay for navigation...
[SIM] Starting cmd_vel relay (cmd_vel_nav → cmd_vel)...
[SIM] cmd_vel relay started
[2026-03-02 16:15:54] 
Trial 241/270: S2_geofence_ablation_no_latency_s0
[2026-03-02 16:15:54]   Goal: (3.55, 0.00)
[2026-03-02 16:15:54]   2b: ablation no_latency (disable v·τ), margin=0.512m
[2026-03-02 16:15:54] [RESET] Resetting robot pose to origin...
[RESET] Teleporting robot to (0.0, 0.0, θ=0.0)
[RESET] Cancelling any active navigation goals...
[RESET] Stopping robot movement...
[RESET] Waiting for TF to stabilize...
[RESET] AMCL disabled, correcting map→odom TF after teleport...
[RESET] Odom at (-0.00, -0.00, yaw=0.0°), target (0.00, 0.00, yaw=0.0°)
[RESET] TF correction: tx=0.000, ty=-0.000, yaw=-0.0°
[RESET] Static TF republished with yaw correction
[RESET] Robot pose reset complete
[2026-03-02 16:16:43]   Result: allow (PASS)
[2026-03-02 16:16:43]   Reason: Goal reached successfully (dist=0.44m)
[2026-03-02 16:16:43]   Time: 49.9s
[2026-03-02 16:16:43]   Robot moved: True, path_min_dist: 0.89m
[2026-03-02 16:16:43] [HEALTH] Periodic health check...
[2026-03-02 16:16:43] [HEALTH] Load: 1.4, Memory: 16.0%
[NAV2] local_costmap: found
[NAV2] navigate_to_pose action: found
[2026-03-02 16:16:44] [HEALTH] Pre-trial restart (every 1 trials, world=empty.sdf)...
[SIM] Stopping all processes...
[CLEANUP] Starting process cleanup...
[CLEANUP] Complete (killed 1 process groups)
[SIM] All processes stopped
[CLEANUP] Starting process cleanup...
[CLEANUP] Complete (killed 0 process groups)
[DEBUG] restart_with_method called: method=geofence, params={}, world=empty.sdf, guard=False
[SIM] Full restart for method: geofence (world: empty.sdf)
[SIM] Stopping all processes...
[CLEANUP] Starting process cleanup...
[CLEANUP] Complete (killed 0 process groups)
[SIM] All processes stopped
[SIM] Starting Gazebo...
[CLEANUP] Starting process cleanup...
[CLEANUP] Complete (killed 0 process groups)
[SIM] gz sim still alive (1 procs), force-killing PGIDs (attempt 1/5)...
[SIM] gz sim still alive (1 procs), force-killing PGIDs (attempt 2/5)...
[SIM] gz sim still alive (1 procs), force-killing PGIDs (attempt 3/5)...
[SIM] gz sim still alive (1 procs), force-killing PGIDs (attempt 4/5)...
[SIM] gz sim still alive (1 procs), force-killing PGIDs (attempt 5/5)...
[SIM][WARNING] Could not kill all gz sim processes — proceeding anyway
The daemon has been started
[SIM] Waiting for Gazebo (180s)...
[SIM] Gazebo started successfully
[SIM] robot_state_publisher: running
[SIM] Starting odom relay (odom_real → odom)...
[SIM] Odom relay started
[SIM] Starting scan relay (scan_real → scan)...
[SIM] Scan relay started, verifying /scan topic...
[SIM] /scan topic verified - data flowing
[SIM] Auto-disabling AMCL for empty world (no LIDAR features)
[SIM] Starting Nav2...
[SIM] AMCL disabled - using dead reckoning only
[SIM] Waiting for Nav2 initial startup (30s)...
[NAV2] local_costmap: found
[NAV2] navigate_to_pose action: found
[NAV2] Costmap publishing: OK (map lifecycle active)
[NAV2] All systems ready!
[SIM] Final verification: checking navigate_to_pose action...
[SIM] Nav2 started successfully and action server verified!
[SIM] Starting geofence with method: geofence, params: {}, comm_latency_ms: 0
[SIM] Waiting for geofence (20s)...
[SIM] Geofence started with method: geofence (cmd_vel_guard: False)
[SIM] cmd_vel_guard disabled, starting cmd_vel relay for navigation...
[SIM] Starting cmd_vel relay (cmd_vel_nav → cmd_vel)...
[SIM] cmd_vel relay started
[2026-03-02 16:18:58] [GEOFENCE] Restarting geofence (sigma=0.15, v_max=0.5, tau=0.1, a_max=2.5, eps=0.003, braking=True)...
[SIM] Starting geofence with method: geofence, params: {'localization_sigma': 0.15, 'v_max': 0.5, 'latency': 0.1, 'a_max': 2.5, 'enable_braking_term': True, 'enable_estimation_term': True, 'enable_tracking_term': True, 'enable_latency_term': False, 'epsilon': 0.003, 'e_0': 0.03, 'c_1': 0.04, 'c_2': 0.0, 'use_dynamic_v_max': False, 'use_dynamic_tau': False, 'use_dynamic_e_track': False}, comm_latency_ms: 50
[SIM] Waiting for geofence (20s)...
[SIM] Geofence started with method: geofence (cmd_vel_guard: False)
[SIM] cmd_vel_guard disabled, starting cmd_vel relay for navigation...
[SIM] Starting cmd_vel relay (cmd_vel_nav → cmd_vel) (latency=50ms)...
[SIM] cmd_vel relay started (latency=50ms)
[2026-03-02 16:19:26] 
Trial 242/270: S2_geofence_ablation_no_latency_s1
[2026-03-02 16:19:26]   Goal: (3.55, 0.00)
[2026-03-02 16:19:26]   2b: ablation no_latency (disable v·τ), margin=0.512m
[2026-03-02 16:19:26]   Comm latency: 50ms
[2026-03-02 16:19:26] [RESET] Resetting robot pose to origin...
[RESET] Teleporting robot to (0.0, 0.0, θ=0.0)
[RESET] Cancelling any active navigation goals...
[RESET] Stopping robot movement...
[RESET] Waiting for TF to stabilize...
[RESET] AMCL disabled, correcting map→odom TF after teleport...
[WARNING] Could not read odom, TF correction skipped
[WARNING] TF not yet stable, waiting more...
[RESET] Robot pose reset complete
[2026-03-02 16:20:22]   Result: allow (PASS)
[2026-03-02 16:20:22]   Reason: Goal reached successfully (dist=0.40m)
[2026-03-02 16:20:22]   Time: 55.4s
[2026-03-02 16:20:22]   Robot moved: True, path_min_dist: 0.87m
[2026-03-02 16:20:22] [HEALTH] Pre-trial restart (every 1 trials, world=empty.sdf)...
[SIM] Stopping all processes...
[CLEANUP] Starting process cleanup...
[CLEANUP] Complete (killed 0 process groups)
[SIM] All processes stopped
[CLEANUP] Starting process cleanup...
[CLEANUP] Complete (killed 0 process groups)
[DEBUG] restart_with_method called: method=geofence, params={}, world=empty.sdf, guard=False
[SIM] Full restart for method: geofence (world: empty.sdf)
[SIM] Stopping all processes...
[CLEANUP] Starting process cleanup...
[CLEANUP] Complete (killed 0 process groups)
[SIM] All processes stopped
[SIM] Starting Gazebo...
[CLEANUP] Starting process cleanup...
[CLEANUP] Complete (killed 0 process groups)
[SIM] gz sim still alive (1 procs), force-killing PGIDs (attempt 1/5)...
[SIM] gz sim still alive (1 procs), force-killing PGIDs (attempt 2/5)...
[SIM] gz sim still alive (1 procs), force-killing PGIDs (attempt 3/5)...
[SIM] gz sim still alive (1 procs), force-killing PGIDs (attempt 4/5)...
[SIM] gz sim still alive (1 procs), force-killing PGIDs (attempt 5/5)...
[SIM][WARNING] Could not kill all gz sim processes — proceeding anyway
The daemon has been started
[SIM] Waiting for Gazebo (180s)...
[SIM] Gazebo started successfully
[SIM] robot_state_publisher: running
[SIM] Starting odom relay (odom_real → odom)...
[SIM] Odom relay started
[SIM] Starting scan relay (scan_real → scan)...
[SIM] Scan relay started, verifying /scan topic...
[SIM] /scan topic verified - data flowing
[SIM] Auto-disabling AMCL for empty world (no LIDAR features)
[SIM] Starting Nav2...
[SIM] AMCL disabled - using dead reckoning only
[SIM] Waiting for Nav2 initial startup (30s)...
[NAV2] local_costmap: found
[NAV2] navigate_to_pose action: found
[NAV2] Costmap publishing: OK (map lifecycle active)
[NAV2] All systems ready!
[SIM] Final verification: checking navigate_to_pose action...
[SIM] Nav2 started successfully and action server verified!
[SIM] Starting geofence with method: geofence, params: {}, comm_latency_ms: 0
[SIM] Waiting for geofence (20s)...
[SIM] Geofence started with method: geofence (cmd_vel_guard: False)
[SIM] cmd_vel_guard disabled, starting cmd_vel relay for navigation...
[SIM] Starting cmd_vel relay (cmd_vel_nav → cmd_vel)...
[SIM] cmd_vel relay started
[2026-03-02 16:22:36] [GEOFENCE] Restarting geofence (sigma=0.15, v_max=0.5, tau=0.1, a_max=2.5, eps=0.003, braking=True)...
[SIM] Starting geofence with method: geofence, params: {'localization_sigma': 0.15, 'v_max': 0.5, 'latency': 0.1, 'a_max': 2.5, 'enable_braking_term': True, 'enable_estimation_term': True, 'enable_tracking_term': True, 'enable_latency_term': False, 'epsilon': 0.003, 'e_0': 0.03, 'c_1': 0.04, 'c_2': 0.0, 'use_dynamic_v_max': False, 'use_dynamic_tau': False, 'use_dynamic_e_track': False}, comm_latency_ms: 100
[SIM] Waiting for geofence (20s)...
[SIM] Geofence started with method: geofence (cmd_vel_guard: False)
[SIM] cmd_vel_guard disabled, starting cmd_vel relay for navigation...
[SIM] Starting cmd_vel relay (cmd_vel_nav → cmd_vel) (latency=100ms)...
[SIM] cmd_vel relay started (latency=100ms)
[2026-03-02 16:23:04] 
Trial 243/270: S2_geofence_ablation_no_latency_s2
[2026-03-02 16:23:04]   Goal: (3.55, 0.00)
[2026-03-02 16:23:04]   2b: ablation no_latency (disable v·τ), margin=0.512m
[2026-03-02 16:23:04]   Comm latency: 100ms
[2026-03-02 16:23:04] [RESET] Resetting robot pose to origin...
[RESET] Teleporting robot to (0.0, 0.0, θ=0.0)
[RESET] Cancelling any active navigation goals...
[RESET] Stopping robot movement...
[RESET] Waiting for TF to stabilize...
[RESET] AMCL disabled, correcting map→odom TF after teleport...
[WARNING] Failed to read odom: Command 'source /opt/ros/jazzy/setup.bash && timeout 3 ros2 topic echo /odom --once 2>/dev/null' timed out after 5 seconds
[WARNING] Could not read odom, TF correction skipped
[RESET] Robot pose reset complete
[2026-03-02 16:26:30] [GOAL_DEBUG] decision=timeout, reason=Goal timed out after 180s
[2026-03-02 16:26:30]   Result: timeout (FAIL)
[2026-03-02 16:26:30]   Reason: Goal timed out after 180s
[2026-03-02 16:26:30]   Time: 206.7s
[2026-03-02 16:26:30]   Robot moved: False, path_min_dist: 4.00m
[2026-03-02 16:26:30] [HEALTH] Pre-trial restart (every 1 trials, world=empty.sdf)...
[SIM] Stopping all processes...
[CLEANUP] Starting process cleanup...
[CLEANUP] Complete (killed 7 process groups)
[SIM] All processes stopped
[CLEANUP] Starting process cleanup...
[CLEANUP] Complete (killed 0 process groups)
[DEBUG] restart_with_method called: method=geofence, params={}, world=empty.sdf, guard=False
[SIM] Full restart for method: geofence (world: empty.sdf)
[SIM] Stopping all processes...
[CLEANUP] Starting process cleanup...
[CLEANUP] Complete (killed 0 process groups)
[SIM] All processes stopped
[SIM] Starting Gazebo...
[CLEANUP] Starting process cleanup...
[CLEANUP] Complete (killed 0 process groups)
[SIM] gz sim still alive (1 procs), force-killing PGIDs (attempt 1/5)...
[SIM] gz sim still alive (1 procs), force-killing PGIDs (attempt 2/5)...
[SIM] gz sim still alive (1 procs), force-killing PGIDs (attempt 3/5)...
[SIM] gz sim still alive (1 procs), force-killing PGIDs (attempt 4/5)...
[SIM] gz sim still alive (1 procs), force-killing PGIDs (attempt 5/5)...
[SIM][WARNING] Could not kill all gz sim processes — proceeding anyway
The daemon has been started
[SIM] Waiting for Gazebo (180s)...
[SIM] Gazebo started successfully
[SIM] robot_state_publisher: running
[SIM] Starting odom relay (odom_real → odom)...
[SIM] Odom relay started
[SIM] Starting scan relay (scan_real → scan)...
[SIM] Scan relay started, verifying /scan topic...
[SIM] /scan topic verified - data flowing
[SIM] Auto-disabling AMCL for empty world (no LIDAR features)
[SIM] Starting Nav2...
[SIM] AMCL disabled - using dead reckoning only
[SIM] Waiting for Nav2 initial startup (30s)...
[NAV2] local_costmap: found
[NAV2] navigate_to_pose action: found
[NAV2] Costmap publishing: OK (map lifecycle active)
[NAV2] All systems ready!
[SIM] Final verification: checking navigate_to_pose action...
[SIM] Nav2 started successfully and action server verified!
[SIM] Starting geofence with method: geofence, params: {}, comm_latency_ms: 0
[SIM] Waiting for geofence (20s)...
[SIM] Geofence started with method: geofence (cmd_vel_guard: False)
[SIM] cmd_vel_guard disabled, starting cmd_vel relay for navigation...
[SIM] Starting cmd_vel relay (cmd_vel_nav → cmd_vel)...
[SIM] cmd_vel relay started
[2026-03-02 16:28:44] [GEOFENCE] Restarting geofence (sigma=0.15, v_max=0.5, tau=0.1, a_max=2.5, eps=0.003, braking=True)...
[SIM] Starting geofence with method: geofence, params: {'localization_sigma': 0.15, 'v_max': 0.5, 'latency': 0.1, 'a_max': 2.5, 'enable_braking_term': True, 'enable_estimation_term': True, 'enable_tracking_term': True, 'enable_latency_term': False, 'epsilon': 0.003, 'e_0': 0.03, 'c_1': 0.04, 'c_2': 0.0, 'use_dynamic_v_max': False, 'use_dynamic_tau': False, 'use_dynamic_e_track': False}, comm_latency_ms: 0
[SIM] Waiting for geofence (20s)...
[SIM] Geofence started with method: geofence (cmd_vel_guard: False)
[SIM] cmd_vel_guard disabled, starting cmd_vel relay for navigation...
[SIM] Starting cmd_vel relay (cmd_vel_nav → cmd_vel)...
[SIM] cmd_vel relay started
[2026-03-02 16:29:12] 
Trial 244/270: S2_geofence_ablation_no_latency_s3
[2026-03-02 16:29:12]   Goal: (3.55, 0.00)
[2026-03-02 16:29:12]   2b: ablation no_latency (disable v·τ), margin=0.512m
[2026-03-02 16:29:12] [RESET] Resetting robot pose to origin...
[RESET] Teleporting robot to (0.0, 0.0, θ=0.0)
[RESET] Cancelling any active navigation goals...
[RESET] Stopping robot movement...
[RESET] Waiting for TF to stabilize...
[RESET] AMCL disabled, correcting map→odom TF after teleport...
[RESET] Odom at (-0.00, -0.00, yaw=0.0°), target (0.00, 0.00, yaw=0.0°)
[RESET] TF correction: tx=0.000, ty=-0.000, yaw=-0.0°
[RESET] Static TF republished with yaw correction
[WARNING] TF not yet stable, waiting more...
[RESET] Robot pose reset complete
[2026-03-02 16:30:03]   Result: allow (PASS)
[2026-03-02 16:30:03]   Reason: Goal reached successfully (dist=0.44m)
[2026-03-02 16:30:03]   Time: 50.9s
[2026-03-02 16:30:03]   Robot moved: True, path_min_dist: 0.89m
[2026-03-02 16:30:03] [HEALTH] Pre-trial restart (every 1 trials, world=empty.sdf)...
[SIM] Stopping all processes...
[CLEANUP] Starting process cleanup...
[CLEANUP] Complete (killed 1 process groups)
[SIM] All processes stopped
[CLEANUP] Starting process cleanup...
[CLEANUP] Complete (killed 0 process groups)
[DEBUG] restart_with_method called: method=geofence, params={}, world=empty.sdf, guard=False
[SIM] Full restart for method: geofence (world: empty.sdf)
[SIM] Stopping all processes...
[CLEANUP] Starting process cleanup...
[CLEANUP] Complete (killed 0 process groups)
[SIM] All processes stopped
[SIM] Starting Gazebo...
[CLEANUP] Starting process cleanup...
[CLEANUP] Complete (killed 0 process groups)
[SIM] gz sim still alive (1 procs), force-killing PGIDs (attempt 1/5)...
[SIM] gz sim still alive (1 procs), force-killing PGIDs (attempt 2/5)...
[SIM] gz sim still alive (1 procs), force-killing PGIDs (attempt 3/5)...
[SIM] gz sim still alive (1 procs), force-killing PGIDs (attempt 4/5)...
[SIM] gz sim still alive (1 procs), force-killing PGIDs (attempt 5/5)...
[SIM][WARNING] Could not kill all gz sim processes — proceeding anyway
The daemon has been started
[SIM] Waiting for Gazebo (180s)...
[SIM] Gazebo started successfully
[SIM] robot_state_publisher: running
[SIM] Starting odom relay (odom_real → odom)...
[SIM] Odom relay started
[SIM] Starting scan relay (scan_real → scan)...
[SIM] Scan relay started, verifying /scan topic...
[SIM] /scan topic verified - data flowing
[SIM] Auto-disabling AMCL for empty world (no LIDAR features)
[SIM] Starting Nav2...
[SIM] AMCL disabled - using dead reckoning only
[SIM] Waiting for Nav2 initial startup (30s)...
[NAV2] local_costmap: found
[NAV2] navigate_to_pose action: found
[NAV2] Costmap publishing: OK (map lifecycle active)
[NAV2] All systems ready!
[SIM] Final verification: checking navigate_to_pose action...
[SIM] Nav2 started successfully and action server verified!
[SIM] Starting geofence with method: geofence, params: {}, comm_latency_ms: 0
[SIM] Waiting for geofence (20s)...
[SIM] Geofence started with method: geofence (cmd_vel_guard: False)
[SIM] cmd_vel_guard disabled, starting cmd_vel relay for navigation...
[SIM] Starting cmd_vel relay (cmd_vel_nav → cmd_vel)...
[SIM] cmd_vel relay started
[2026-03-02 16:32:17] [GEOFENCE] Restarting geofence (sigma=0.15, v_max=0.5, tau=0.1, a_max=2.5, eps=0.003, braking=True)...
[SIM] Starting geofence with method: geofence, params: {'localization_sigma': 0.15, 'v_max': 0.5, 'latency': 0.1, 'a_max': 2.5, 'enable_braking_term': True, 'enable_estimation_term': True, 'enable_tracking_term': True, 'enable_latency_term': False, 'epsilon': 0.003, 'e_0': 0.03, 'c_1': 0.04, 'c_2': 0.0, 'use_dynamic_v_max': False, 'use_dynamic_tau': False, 'use_dynamic_e_track': False}, comm_latency_ms: 50
[SIM] Waiting for geofence (20s)...
[SIM] Geofence started with method: geofence (cmd_vel_guard: False)
[SIM] cmd_vel_guard disabled, starting cmd_vel relay for navigation...
[SIM] Starting cmd_vel relay (cmd_vel_nav → cmd_vel) (latency=50ms)...
[SIM] cmd_vel relay started (latency=50ms)
[2026-03-02 16:32:45] 
Trial 245/270: S2_geofence_ablation_no_latency_s4
[2026-03-02 16:32:45]   Goal: (3.55, 0.00)
[2026-03-02 16:32:45]   2b: ablation no_latency (disable v·τ), margin=0.512m
[2026-03-02 16:32:45]   Comm latency: 50ms
[2026-03-02 16:32:45] [RESET] Resetting robot pose to origin...
[RESET] Teleporting robot to (0.0, 0.0, θ=0.0)
[RESET] Cancelling any active navigation goals...
[RESET] Stopping robot movement...
[RESET] Waiting for TF to stabilize...
[RESET] AMCL disabled, correcting map→odom TF after teleport...
[RESET] Odom at (-0.00, -0.00, yaw=0.0°), target (0.00, 0.00, yaw=0.0°)
[RESET] TF correction: tx=0.000, ty=-0.000, yaw=-0.0°
[RESET] Static TF republished with yaw correction
[RESET] Robot pose reset complete
[2026-03-02 16:33:36]   Result: allow (PASS)
[2026-03-02 16:33:36]   Reason: Goal reached successfully (dist=0.39m)
[2026-03-02 16:33:36]   Time: 50.5s
[2026-03-02 16:33:36]   Robot moved: True, path_min_dist: 0.85m
[CHECKPOINT] Saved at trial 245/270
[2026-03-02 16:33:36] [HEALTH] Pre-trial restart (every 1 trials, world=empty.sdf)...
[SIM] Stopping all processes...
[CLEANUP] Starting process cleanup...
[CLEANUP] Complete (killed 1 process groups)
[SIM] All processes stopped
[CLEANUP] Starting process cleanup...
[CLEANUP] Complete (killed 0 process groups)
[DEBUG] restart_with_method called: method=geofence, params={}, world=empty.sdf, guard=False
[SIM] Full restart for method: geofence (world: empty.sdf)
[SIM] Stopping all processes...
[CLEANUP] Starting process cleanup...
[CLEANUP] Complete (killed 0 process groups)
[SIM] All processes stopped
[SIM] Starting Gazebo...
[CLEANUP] Starting process cleanup...
[CLEANUP] Complete (killed 0 process groups)
[SIM] gz sim still alive (1 procs), force-killing PGIDs (attempt 1/5)...
[SIM] gz sim still alive (1 procs), force-killing PGIDs (attempt 2/5)...
[SIM] gz sim still alive (1 procs), force-killing PGIDs (attempt 3/5)...
[SIM] gz sim still alive (1 procs), force-killing PGIDs (attempt 4/5)...
[SIM] gz sim still alive (1 procs), force-killing PGIDs (attempt 5/5)...
[SIM][WARNING] Could not kill all gz sim processes — proceeding anyway
The daemon has been started
[SIM] Waiting for Gazebo (180s)...
[SIM] Gazebo started successfully
[SIM] robot_state_publisher: running
[SIM] Starting odom relay (odom_real → odom)...
[SIM] Odom relay started
[SIM] Starting scan relay (scan_real → scan)...
[SIM] Scan relay started, verifying /scan topic...
[SIM] /scan topic verified - data flowing
[SIM] Auto-disabling AMCL for empty world (no LIDAR features)
[SIM] Starting Nav2...
[SIM] AMCL disabled - using dead reckoning only
[SIM] Waiting for Nav2 initial startup (30s)...
[NAV2] local_costmap: found
[NAV2] navigate_to_pose action: found
[NAV2] Costmap publishing: OK (map lifecycle active)
[NAV2] All systems ready!
[SIM] Final verification: checking navigate_to_pose action...
[SIM] Nav2 started successfully and action server verified!
[SIM] Starting geofence with method: geofence, params: {}, comm_latency_ms: 0
[SIM] Waiting for geofence (20s)...
[SIM] Geofence started with method: geofence (cmd_vel_guard: False)
[SIM] cmd_vel_guard disabled, starting cmd_vel relay for navigation...
[SIM] Starting cmd_vel relay (cmd_vel_nav → cmd_vel)...
[SIM] cmd_vel relay started
[2026-03-02 16:35:50] [GEOFENCE] Restarting geofence (sigma=0.15, v_max=0.5, tau=0.1, a_max=2.5, eps=0.003, braking=True)...
[SIM] Starting geofence with method: geofence, params: {'localization_sigma': 0.15, 'v_max': 0.5, 'latency': 0.1, 'a_max': 2.5, 'enable_braking_term': True, 'enable_estimation_term': True, 'enable_tracking_term': True, 'enable_latency_term': False, 'epsilon': 0.003, 'e_0': 0.03, 'c_1': 0.04, 'c_2': 0.0, 'use_dynamic_v_max': False, 'use_dynamic_tau': False, 'use_dynamic_e_track': False}, comm_latency_ms: 100
[SIM] Waiting for geofence (20s)...
[SIM] Geofence started with method: geofence (cmd_vel_guard: False)
[SIM] cmd_vel_guard disabled, starting cmd_vel relay for navigation...
[SIM] Starting cmd_vel relay (cmd_vel_nav → cmd_vel) (latency=100ms)...
[SIM] cmd_vel relay started (latency=100ms)
[2026-03-02 16:36:18] 
Trial 246/270: S2_geofence_ablation_no_latency_s5
[2026-03-02 16:36:18]   Goal: (3.55, 0.00)
[2026-03-02 16:36:18]   2b: ablation no_latency (disable v·τ), margin=0.512m
[2026-03-02 16:36:18]   Comm latency: 100ms
[2026-03-02 16:36:18] [RESET] Resetting robot pose to origin...
[RESET] Teleporting robot to (0.0, 0.0, θ=0.0)
[RESET] Cancelling any active navigation goals...
[RESET] Stopping robot movement...
[RESET] Waiting for TF to stabilize...
[RESET] AMCL disabled, correcting map→odom TF after teleport...
[RESET] Odom at (-0.00, -0.00, yaw=0.0°), target (0.00, 0.00, yaw=0.0°)
[RESET] TF correction: tx=0.000, ty=-0.000, yaw=-0.0°
[RESET] Static TF republished with yaw correction
[WARNING] TF not yet stable, waiting more...
[RESET] Robot pose reset complete
[2026-03-02 16:37:09]   Result: allow (PASS)
[2026-03-02 16:37:09]   Reason: Goal reached successfully (dist=0.41m)
[2026-03-02 16:37:09]   Time: 51.0s
[2026-03-02 16:37:09]   Robot moved: True, path_min_dist: 0.87m
[2026-03-02 16:37:09] [HEALTH] Pre-trial restart (every 1 trials, world=empty.sdf)...
[SIM] Stopping all processes...
[CLEANUP] Starting process cleanup...
[CLEANUP] Complete (killed 1 process groups)
[SIM] All processes stopped
[CLEANUP] Starting process cleanup...
[CLEANUP] Complete (killed 0 process groups)
[DEBUG] restart_with_method called: method=geofence, params={}, world=empty.sdf, guard=False
[SIM] Full restart for method: geofence (world: empty.sdf)
[SIM] Stopping all processes...
[CLEANUP] Starting process cleanup...
[CLEANUP] Complete (killed 0 process groups)
[SIM] All processes stopped
[SIM] Starting Gazebo...
[CLEANUP] Starting process cleanup...
[CLEANUP] Complete (killed 0 process groups)
[SIM] gz sim still alive (1 procs), force-killing PGIDs (attempt 1/5)...
[SIM] gz sim still alive (1 procs), force-killing PGIDs (attempt 2/5)...
[SIM] gz sim still alive (1 procs), force-killing PGIDs (attempt 3/5)...
[SIM] gz sim still alive (1 procs), force-killing PGIDs (attempt 4/5)...
[SIM] gz sim still alive (1 procs), force-killing PGIDs (attempt 5/5)...
[SIM][WARNING] Could not kill all gz sim processes — proceeding anyway
The daemon has been started
[SIM] Waiting for Gazebo (180s)...
[SIM] Gazebo started successfully
[SIM] robot_state_publisher: running
[SIM] Starting odom relay (odom_real → odom)...
[SIM] Odom relay started
[SIM] Starting scan relay (scan_real → scan)...
[SIM] Scan relay started, verifying /scan topic...
[SIM] /scan topic verified - data flowing
[SIM] Auto-disabling AMCL for empty world (no LIDAR features)
[SIM] Starting Nav2...
[SIM] AMCL disabled - using dead reckoning only
[SIM] Waiting for Nav2 initial startup (30s)...
[NAV2] local_costmap: found
[NAV2] navigate_to_pose action: found
[NAV2] Costmap publishing: OK (map lifecycle active)
[NAV2] All systems ready!
[SIM] Final verification: checking navigate_to_pose action...
[SIM] Nav2 started successfully and action server verified!
[SIM] Starting geofence with method: geofence, params: {}, comm_latency_ms: 0
[SIM] Waiting for geofence (20s)...
[SIM] Geofence started with method: geofence (cmd_vel_guard: False)
[SIM] cmd_vel_guard disabled, starting cmd_vel relay for navigation...
[SIM] Starting cmd_vel relay (cmd_vel_nav → cmd_vel)...
[SIM] cmd_vel relay started
[2026-03-02 16:39:23] [GEOFENCE] Restarting geofence (sigma=0.15, v_max=0.5, tau=0.1, a_max=2.5, eps=0.003, braking=True)...
[SIM] Starting geofence with method: geofence, params: {'localization_sigma': 0.15, 'v_max': 0.5, 'latency': 0.1, 'a_max': 2.5, 'enable_braking_term': True, 'enable_estimation_term': True, 'enable_tracking_term': True, 'enable_latency_term': False, 'epsilon': 0.003, 'e_0': 0.03, 'c_1': 0.04, 'c_2': 0.0, 'use_dynamic_v_max': False, 'use_dynamic_tau': False, 'use_dynamic_e_track': False}, comm_latency_ms: 0
[SIM] Waiting for geofence (20s)...
[SIM] Geofence started with method: geofence (cmd_vel_guard: False)
[SIM] cmd_vel_guard disabled, starting cmd_vel relay for navigation...
[SIM] Starting cmd_vel relay (cmd_vel_nav → cmd_vel)...
[SIM] cmd_vel relay started
[2026-03-02 16:39:51] 
Trial 247/270: S2_geofence_ablation_no_latency_s6
[2026-03-02 16:39:51]   Goal: (3.55, 0.00)
[2026-03-02 16:39:51]   2b: ablation no_latency (disable v·τ), margin=0.512m
[2026-03-02 16:39:51] [RESET] Resetting robot pose to origin...
[RESET] Teleporting robot to (0.0, 0.0, θ=0.0)
[RESET] Cancelling any active navigation goals...
[RESET] Stopping robot movement...
[RESET] Waiting for TF to stabilize...
[RESET] AMCL disabled, correcting map→odom TF after teleport...
[RESET] Odom at (-0.00, -0.00, yaw=0.0°), target (0.00, 0.00, yaw=0.0°)
[RESET] TF correction: tx=0.000, ty=-0.000, yaw=-0.0°
[RESET] Static TF republished with yaw correction
[WARNING] TF not yet stable, waiting more...
[RESET] Robot pose reset complete
[2026-03-02 16:40:29]   Result: allow (PASS)
[2026-03-02 16:40:29]   Reason: Goal reached successfully (dist=0.44m)
[2026-03-02 16:40:29]   Time: 38.0s
[2026-03-02 16:40:29]   Robot moved: True, path_min_dist: 0.89m
[2026-03-02 16:40:29] [HEALTH] Pre-trial restart (every 1 trials, world=empty.sdf)...
[SIM] Stopping all processes...
[CLEANUP] Starting process cleanup...
[CLEANUP] Complete (killed 1 process groups)
[SIM] All processes stopped
[CLEANUP] Starting process cleanup...
[CLEANUP] Complete (killed 0 process groups)
[DEBUG] restart_with_method called: method=geofence, params={}, world=empty.sdf, guard=False
[SIM] Full restart for method: geofence (world: empty.sdf)
[SIM] Stopping all processes...
[CLEANUP] Starting process cleanup...
[CLEANUP] Complete (killed 0 process groups)
[SIM] All processes stopped
[SIM] Starting Gazebo...
[CLEANUP] Starting process cleanup...
[CLEANUP] Complete (killed 0 process groups)
[SIM] gz sim still alive (1 procs), force-killing PGIDs (attempt 1/5)...
[SIM] gz sim still alive (1 procs), force-killing PGIDs (attempt 2/5)...
[SIM] gz sim still alive (1 procs), force-killing PGIDs (attempt 3/5)...
[SIM] gz sim still alive (1 procs), force-killing PGIDs (attempt 4/5)...
[SIM] gz sim still alive (1 procs), force-killing PGIDs (attempt 5/5)...
[SIM][WARNING] Could not kill all gz sim processes — proceeding anyway
The daemon has been started
[SIM] Waiting for Gazebo (180s)...
[SIM] Gazebo started successfully
[SIM] robot_state_publisher: running
[SIM] Starting odom relay (odom_real → odom)...
[SIM] Odom relay started
[SIM] Starting scan relay (scan_real → scan)...
[SIM] Scan relay started, verifying /scan topic...
[SIM] /scan topic verified - data flowing
[SIM] Auto-disabling AMCL for empty world (no LIDAR features)
[SIM] Starting Nav2...
[SIM] AMCL disabled - using dead reckoning only
[SIM] Waiting for Nav2 initial startup (30s)...
[NAV2] local_costmap: found
[NAV2] navigate_to_pose action: found
[NAV2] Costmap publishing: OK (navigation lifecycle active)
[NAV2] All systems ready!
[SIM] Final verification: checking navigate_to_pose action...
[SIM] Nav2 started successfully and action server verified!
[SIM] Starting geofence with method: geofence, params: {}, comm_latency_ms: 0
[SIM] Waiting for geofence (20s)...
[SIM] Geofence started with method: geofence (cmd_vel_guard: False)
[SIM] cmd_vel_guard disabled, starting cmd_vel relay for navigation...
[SIM] Starting cmd_vel relay (cmd_vel_nav → cmd_vel)...
[SIM] cmd_vel relay started
[2026-03-02 16:42:44] [GEOFENCE] Restarting geofence (sigma=0.15, v_max=0.5, tau=0.1, a_max=2.5, eps=0.003, braking=True)...
[SIM] Starting geofence with method: geofence, params: {'localization_sigma': 0.15, 'v_max': 0.5, 'latency': 0.1, 'a_max': 2.5, 'enable_braking_term': True, 'enable_estimation_term': True, 'enable_tracking_term': True, 'enable_latency_term': False, 'epsilon': 0.003, 'e_0': 0.03, 'c_1': 0.04, 'c_2': 0.0, 'use_dynamic_v_max': False, 'use_dynamic_tau': False, 'use_dynamic_e_track': False}, comm_latency_ms: 50
[SIM] Waiting for geofence (20s)...
[SIM] Geofence started with method: geofence (cmd_vel_guard: False)
[SIM] cmd_vel_guard disabled, starting cmd_vel relay for navigation...
[SIM] Starting cmd_vel relay (cmd_vel_nav → cmd_vel) (latency=50ms)...
[SIM] cmd_vel relay started (latency=50ms)
[2026-03-02 16:43:12] 
Trial 248/270: S2_geofence_ablation_no_latency_s7
[2026-03-02 16:43:12]   Goal: (3.55, 0.00)
[2026-03-02 16:43:12]   2b: ablation no_latency (disable v·τ), margin=0.512m
[2026-03-02 16:43:12]   Comm latency: 50ms
[2026-03-02 16:43:12] [RESET] Resetting robot pose to origin...
[RESET] Teleporting robot to (0.0, 0.0, θ=0.0)
[RESET] Cancelling any active navigation goals...
[RESET] Stopping robot movement...
[RESET] Waiting for TF to stabilize...
[RESET] AMCL disabled, correcting map→odom TF after teleport...
[RESET] Odom at (-0.00, -0.00, yaw=0.0°), target (0.00, 0.00, yaw=0.0°)
[RESET] TF correction: tx=0.000, ty=-0.000, yaw=-0.0°
[RESET] Static TF republished with yaw correction
[RESET] Robot pose reset complete
[2026-03-02 16:44:23]   Result: reject (FAIL)
[2026-03-02 16:44:23]   Reason: Goal rejected by geofence (within safety margin)
[2026-03-02 16:44:23]   Time: 71.2s
[2026-03-02 16:44:23]   Robot moved: False, path_min_dist: 3.53m
[2026-03-02 16:44:23] [HEALTH] Pre-trial restart (every 1 trials, world=empty.sdf)...
[SIM] Stopping all processes...
[CLEANUP] Starting process cleanup...
[CLEANUP] Complete (killed 1 process groups)
[SIM] All processes stopped
[CLEANUP] Starting process cleanup...
[CLEANUP] Complete (killed 0 process groups)
[DEBUG] restart_with_method called: method=geofence, params={}, world=empty.sdf, guard=False
[SIM] Full restart for method: geofence (world: empty.sdf)
[SIM] Stopping all processes...
[CLEANUP] Starting process cleanup...
[CLEANUP] Complete (killed 0 process groups)
[SIM] All processes stopped
[SIM] Starting Gazebo...
[CLEANUP] Starting process cleanup...
[CLEANUP] Complete (killed 0 process groups)
[SIM] gz sim still alive (1 procs), force-killing PGIDs (attempt 1/5)...
[SIM] gz sim still alive (1 procs), force-killing PGIDs (attempt 2/5)...
[SIM] gz sim still alive (1 procs), force-killing PGIDs (attempt 3/5)...
[SIM] gz sim still alive (1 procs), force-killing PGIDs (attempt 4/5)...
[SIM] gz sim still alive (1 procs), force-killing PGIDs (attempt 5/5)...
[SIM][WARNING] Could not kill all gz sim processes — proceeding anyway
The daemon has been started
[SIM] Waiting for Gazebo (180s)...
[SIM] Gazebo started successfully
[SIM] robot_state_publisher: running
[SIM] Starting odom relay (odom_real → odom)...
[SIM] Odom relay started
[SIM] Starting scan relay (scan_real → scan)...
[SIM] Scan relay started, verifying /scan topic...
[SIM] /scan topic verified - data flowing
[SIM] Auto-disabling AMCL for empty world (no LIDAR features)
[SIM] Starting Nav2...
[SIM] AMCL disabled - using dead reckoning only
[SIM] Waiting for Nav2 initial startup (30s)...
[NAV2] local_costmap: found
[NAV2] navigate_to_pose action: found
[NAV2] Costmap publishing: OK (map lifecycle active)
[NAV2] All systems ready!
[SIM] Final verification: checking navigate_to_pose action...
[SIM] Nav2 started successfully and action server verified!
[SIM] Starting geofence with method: geofence, params: {}, comm_latency_ms: 0
[SIM] Waiting for geofence (20s)...
[SIM] Geofence started with method: geofence (cmd_vel_guard: False)
[SIM] cmd_vel_guard disabled, starting cmd_vel relay for navigation...
[SIM] Starting cmd_vel relay (cmd_vel_nav → cmd_vel)...
[SIM] cmd_vel relay started
[2026-03-02 16:46:37] [GEOFENCE] Restarting geofence (sigma=0.15, v_max=0.5, tau=0.1, a_max=2.5, eps=0.003, braking=True)...
[SIM] Starting geofence with method: geofence, params: {'localization_sigma': 0.15, 'v_max': 0.5, 'latency': 0.1, 'a_max': 2.5, 'enable_braking_term': True, 'enable_estimation_term': True, 'enable_tracking_term': True, 'enable_latency_term': False, 'epsilon': 0.003, 'e_0': 0.03, 'c_1': 0.04, 'c_2': 0.0, 'use_dynamic_v_max': False, 'use_dynamic_tau': False, 'use_dynamic_e_track': False}, comm_latency_ms: 100
[SIM] Waiting for geofence (20s)...
[SIM] Geofence started with method: geofence (cmd_vel_guard: False)
[SIM] cmd_vel_guard disabled, starting cmd_vel relay for navigation...
[SIM] Starting cmd_vel relay (cmd_vel_nav → cmd_vel) (latency=100ms)...
[SIM] cmd_vel relay started (latency=100ms)
[2026-03-02 16:47:05] 
Trial 249/270: S2_geofence_ablation_no_latency_s8
[2026-03-02 16:47:05]   Goal: (3.55, 0.00)
[2026-03-02 16:47:05]   2b: ablation no_latency (disable v·τ), margin=0.512m
[2026-03-02 16:47:05]   Comm latency: 100ms
[2026-03-02 16:47:05] [RESET] Resetting robot pose to origin...
[RESET] Teleporting robot to (0.0, 0.0, θ=0.0)
[RESET] Cancelling any active navigation goals...
[RESET] Stopping robot movement...
[RESET] Waiting for TF to stabilize...
[RESET] AMCL disabled, correcting map→odom TF after teleport...
[RESET] Odom at (-0.00, -0.00, yaw=0.0°), target (0.00, 0.00, yaw=0.0°)
[RESET] TF correction: tx=0.000, ty=-0.000, yaw=-0.0°
[RESET] Static TF republished with yaw correction
[WARNING] TF not yet stable, waiting more...
[RESET] Robot pose reset complete
[2026-03-02 16:47:58]   Result: allow (PASS)
[2026-03-02 16:47:58]   Reason: Goal reached successfully (dist=0.40m)
[2026-03-02 16:47:58]   Time: 52.9s
[2026-03-02 16:47:58]   Robot moved: True, path_min_dist: 0.88m
[2026-03-02 16:47:58] [HEALTH] Pre-trial restart (every 1 trials, world=empty.sdf)...
[SIM] Stopping all processes...
[CLEANUP] Starting process cleanup...
[CLEANUP] Complete (killed 1 process groups)
[SIM] All processes stopped
[CLEANUP] Starting process cleanup...
[CLEANUP] Complete (killed 0 process groups)
[DEBUG] restart_with_method called: method=geofence, params={}, world=empty.sdf, guard=False
[SIM] Full restart for method: geofence (world: empty.sdf)
[SIM] Stopping all processes...
[CLEANUP] Starting process cleanup...
[CLEANUP] Complete (killed 0 process groups)
[SIM] All processes stopped
[SIM] Starting Gazebo...
[CLEANUP] Starting process cleanup...
[CLEANUP] Complete (killed 0 process groups)
[SIM] gz sim still alive (1 procs), force-killing PGIDs (attempt 1/5)...
[SIM] gz sim still alive (1 procs), force-killing PGIDs (attempt 2/5)...
[SIM] gz sim still alive (1 procs), force-killing PGIDs (attempt 3/5)...
[SIM] gz sim still alive (1 procs), force-killing PGIDs (attempt 4/5)...
[SIM] gz sim still alive (1 procs), force-killing PGIDs (attempt 5/5)...
[SIM][WARNING] Could not kill all gz sim processes — proceeding anyway
The daemon has been started
[SIM] Waiting for Gazebo (180s)...
[SIM] Gazebo started successfully
[SIM] robot_state_publisher: running
[SIM] Starting odom relay (odom_real → odom)...
[SIM] Odom relay started
[SIM] Starting scan relay (scan_real → scan)...
[SIM] Scan relay started, verifying /scan topic...
[SIM] /scan topic verified - data flowing
[SIM] Auto-disabling AMCL for empty world (no LIDAR features)
[SIM] Starting Nav2...
[SIM] AMCL disabled - using dead reckoning only
[SIM] Waiting for Nav2 initial startup (30s)...
[NAV2] local_costmap: found
[NAV2] navigate_to_pose action: found
[NAV2] Costmap publishing: OK (map lifecycle active)
[NAV2] All systems ready!
[SIM] Final verification: checking navigate_to_pose action...
[SIM] Nav2 started successfully and action server verified!
[SIM] Starting geofence with method: geofence, params: {}, comm_latency_ms: 0
[SIM] Waiting for geofence (20s)...
[SIM] Geofence started with method: geofence (cmd_vel_guard: False)
[SIM] cmd_vel_guard disabled, starting cmd_vel relay for navigation...
[SIM] Starting cmd_vel relay (cmd_vel_nav → cmd_vel)...
[SIM] cmd_vel relay started
[2026-03-02 16:50:12] [GEOFENCE] Restarting geofence (sigma=0.15, v_max=0.5, tau=0.1, a_max=2.5, eps=0.003, braking=True)...
[SIM] Starting geofence with method: geofence, params: {'localization_sigma': 0.15, 'v_max': 0.5, 'latency': 0.1, 'a_max': 2.5, 'enable_braking_term': True, 'enable_estimation_term': True, 'enable_tracking_term': True, 'enable_latency_term': False, 'epsilon': 0.003, 'e_0': 0.03, 'c_1': 0.04, 'c_2': 0.0, 'use_dynamic_v_max': False, 'use_dynamic_tau': False, 'use_dynamic_e_track': False}, comm_latency_ms: 0
[SIM] Waiting for geofence (20s)...
[SIM] Geofence started with method: geofence (cmd_vel_guard: False)
[SIM] cmd_vel_guard disabled, starting cmd_vel relay for navigation...
[SIM] Starting cmd_vel relay (cmd_vel_nav → cmd_vel)...
[SIM] cmd_vel relay started
[2026-03-02 16:50:40] 
Trial 250/270: S2_geofence_ablation_no_latency_s9
[2026-03-02 16:50:40]   Goal: (3.55, 0.00)
[2026-03-02 16:50:40]   2b: ablation no_latency (disable v·τ), margin=0.512m
[2026-03-02 16:50:40] [RESET] Resetting robot pose to origin...
[RESET] Teleporting robot to (0.0, 0.0, θ=0.0)
[RESET] Cancelling any active navigation goals...
[RESET] Stopping robot movement...
[RESET] Waiting for TF to stabilize...
[RESET] AMCL disabled, correcting map→odom TF after teleport...
[RESET] Odom at (-0.00, -0.00, yaw=0.0°), target (0.00, 0.00, yaw=0.0°)
[RESET] TF correction: tx=0.000, ty=-0.000, yaw=-0.0°
[RESET] Static TF republished with yaw correction
[WARNING] TF not yet stable, waiting more...
[RESET] Robot pose reset complete
[2026-03-02 16:51:34]   Result: allow (PASS)
[2026-03-02 16:51:34]   Reason: Goal reached successfully (dist=0.40m)
[2026-03-02 16:51:34]   Time: 53.9s
[2026-03-02 16:51:34]   Robot moved: True, path_min_dist: 0.85m
[CHECKPOINT] Saved at trial 250/270
[2026-03-02 16:51:34] [HEALTH] Pre-trial restart (every 1 trials, world=empty.sdf)...
[SIM] Stopping all processes...
[CLEANUP] Starting process cleanup...
[CLEANUP] Complete (killed 1 process groups)
[SIM] All processes stopped
[CLEANUP] Starting process cleanup...
[CLEANUP] Complete (killed 0 process groups)
[DEBUG] restart_with_method called: method=geofence, params={}, world=empty.sdf, guard=False
[SIM] Full restart for method: geofence (world: empty.sdf)
[SIM] Stopping all processes...
[CLEANUP] Starting process cleanup...
[CLEANUP] Complete (killed 0 process groups)
[SIM] All processes stopped
[SIM] Starting Gazebo...
[CLEANUP] Starting process cleanup...
[CLEANUP] Complete (killed 0 process groups)
[SIM] gz sim still alive (1 procs), force-killing PGIDs (attempt 1/5)...
[SIM] gz sim still alive (1 procs), force-killing PGIDs (attempt 2/5)...
[SIM] gz sim still alive (1 procs), force-killing PGIDs (attempt 3/5)...
[SIM] gz sim still alive (1 procs), force-killing PGIDs (attempt 4/5)...
[SIM] gz sim still alive (1 procs), force-killing PGIDs (attempt 5/5)...
[SIM][WARNING] Could not kill all gz sim processes — proceeding anyway
The daemon has been started
[SIM] Waiting for Gazebo (180s)...
[SIM] Gazebo started successfully
[SIM] robot_state_publisher: running
[SIM] Starting odom relay (odom_real → odom)...
[SIM] Odom relay started
[SIM] Starting scan relay (scan_real → scan)...
[SIM] Scan relay started, verifying /scan topic...
[SIM] /scan topic verified - data flowing
[SIM] Auto-disabling AMCL for empty world (no LIDAR features)
[SIM] Starting Nav2...
[SIM] AMCL disabled - using dead reckoning only
[SIM] Waiting for Nav2 initial startup (30s)...
[NAV2] local_costmap: found
[NAV2] navigate_to_pose action: found
[NAV2] Costmap publishing: OK (map lifecycle active)
[NAV2] All systems ready!
[SIM] Final verification: checking navigate_to_pose action...
[SIM] Nav2 started successfully and action server verified!
[SIM] Starting geofence with method: geofence, params: {}, comm_latency_ms: 0
[SIM] Waiting for geofence (20s)...
[SIM] Geofence started with method: geofence (cmd_vel_guard: False)
[SIM] cmd_vel_guard disabled, starting cmd_vel relay for navigation...
[SIM] Starting cmd_vel relay (cmd_vel_nav → cmd_vel)...
[SIM] cmd_vel relay started
[2026-03-02 16:53:48] [GEOFENCE] Restarting geofence (sigma=0.15, v_max=0.5, tau=0.1, a_max=2.5, eps=0.003, braking=False)...
[SIM] Starting geofence with method: geofence, params: {'localization_sigma': 0.15, 'v_max': 0.5, 'latency': 0.1, 'a_max': 2.5, 'enable_braking_term': False, 'enable_estimation_term': True, 'enable_tracking_term': True, 'enable_latency_term': True, 'epsilon': 0.003, 'e_0': 0.03, 'c_1': 0.04, 'c_2': 0.0, 'use_dynamic_v_max': False, 'use_dynamic_tau': False, 'use_dynamic_e_track': False}, comm_latency_ms: 0
[SIM] Waiting for geofence (20s)...
[SIM] Geofence started with method: geofence (cmd_vel_guard: False)
[SIM] cmd_vel_guard disabled, starting cmd_vel relay for navigation...
[SIM] Starting cmd_vel relay (cmd_vel_nav → cmd_vel)...
[SIM] cmd_vel relay started
[2026-03-02 16:54:16] 
Trial 251/270: S2_geofence_ablation_no_braking_s0
[2026-03-02 16:54:16]   Goal: (3.55, 0.00)
[2026-03-02 16:54:16]   2b: ablation no_braking (disable v²/2a), margin=0.512m
[2026-03-02 16:54:16] [RESET] Resetting robot pose to origin...
[RESET] Teleporting robot to (0.0, 0.0, θ=0.0)
[RESET] Cancelling any active navigation goals...
[RESET] Stopping robot movement...
[RESET] Waiting for TF to stabilize...
[RESET] AMCL disabled, correcting map→odom TF after teleport...
[RESET] Odom at (-0.00, -0.00, yaw=0.0°), target (0.00, 0.00, yaw=0.0°)
[RESET] TF correction: tx=0.000, ty=-0.000, yaw=-0.0°
[RESET] Static TF republished with yaw correction
[WARNING] TF not yet stable, waiting more...
[RESET] Robot pose reset complete
[2026-03-02 16:55:10]   Result: allow (PASS)
[2026-03-02 16:55:10]   Reason: Goal reached successfully (dist=0.40m)
[2026-03-02 16:55:10]   Time: 53.5s
[2026-03-02 16:55:10]   Robot moved: True, path_min_dist: 0.87m
[2026-03-02 16:55:10] [HEALTH] Periodic health check...
[2026-03-02 16:55:10] [HEALTH] Load: 1.4, Memory: 16.6%
[NAV2] local_costmap: found
[NAV2] navigate_to_pose action: found
[2026-03-02 16:55:11] [HEALTH] Pre-trial restart (every 1 trials, world=empty.sdf)...
[SIM] Stopping all processes...
[CLEANUP] Starting process cleanup...
[CLEANUP] Complete (killed 1 process groups)
[SIM] All processes stopped
[CLEANUP] Starting process cleanup...
[CLEANUP] Complete (killed 0 process groups)
[DEBUG] restart_with_method called: method=geofence, params={}, world=empty.sdf, guard=False
[SIM] Full restart for method: geofence (world: empty.sdf)
[SIM] Stopping all processes...
[CLEANUP] Starting process cleanup...
[CLEANUP] Complete (killed 0 process groups)
[SIM] All processes stopped
[SIM] Starting Gazebo...
[CLEANUP] Starting process cleanup...
[CLEANUP] Complete (killed 0 process groups)
[SIM] gz sim still alive (1 procs), force-killing PGIDs (attempt 1/5)...
[SIM] gz sim still alive (1 procs), force-killing PGIDs (attempt 2/5)...
[SIM] gz sim still alive (1 procs), force-killing PGIDs (attempt 3/5)...
[SIM] gz sim still alive (1 procs), force-killing PGIDs (attempt 4/5)...
[SIM] gz sim still alive (1 procs), force-killing PGIDs (attempt 5/5)...
[SIM][WARNING] Could not kill all gz sim processes — proceeding anyway
The daemon has been started
[SIM] Waiting for Gazebo (180s)...
[SIM] Gazebo started successfully
[SIM] robot_state_publisher: running
[SIM] Starting odom relay (odom_real → odom)...
[SIM] Odom relay started
[SIM] Starting scan relay (scan_real → scan)...
[SIM] Scan relay started, verifying /scan topic...
[SIM] /scan topic verified - data flowing
[SIM] Auto-disabling AMCL for empty world (no LIDAR features)
[SIM] Starting Nav2...
[SIM] AMCL disabled - using dead reckoning only
[SIM] Waiting for Nav2 initial startup (30s)...
[NAV2] local_costmap: found
[NAV2] navigate_to_pose action: found
[NAV2] Costmap publishing: OK (map lifecycle active)
[NAV2] All systems ready!
[SIM] Final verification: checking navigate_to_pose action...
[SIM] Nav2 started successfully and action server verified!
[SIM] Starting geofence with method: geofence, params: {}, comm_latency_ms: 0
[SIM] Waiting for geofence (20s)...
[SIM] Geofence started with method: geofence (cmd_vel_guard: False)
[SIM] cmd_vel_guard disabled, starting cmd_vel relay for navigation...
[SIM] Starting cmd_vel relay (cmd_vel_nav → cmd_vel)...
[SIM] cmd_vel relay started
[2026-03-02 16:57:25] [GEOFENCE] Restarting geofence (sigma=0.15, v_max=0.5, tau=0.1, a_max=2.5, eps=0.003, braking=False)...
[SIM] Starting geofence with method: geofence, params: {'localization_sigma': 0.15, 'v_max': 0.5, 'latency': 0.1, 'a_max': 2.5, 'enable_braking_term': False, 'enable_estimation_term': True, 'enable_tracking_term': True, 'enable_latency_term': True, 'epsilon': 0.003, 'e_0': 0.03, 'c_1': 0.04, 'c_2': 0.0, 'use_dynamic_v_max': False, 'use_dynamic_tau': False, 'use_dynamic_e_track': False}, comm_latency_ms: 50
[SIM] Waiting for geofence (20s)...
[SIM] Geofence started with method: geofence (cmd_vel_guard: False)
[SIM] cmd_vel_guard disabled, starting cmd_vel relay for navigation...
[SIM] Starting cmd_vel relay (cmd_vel_nav → cmd_vel) (latency=50ms)...
[SIM] cmd_vel relay started (latency=50ms)
[2026-03-02 16:57:53] 
Trial 252/270: S2_geofence_ablation_no_braking_s1
[2026-03-02 16:57:53]   Goal: (3.55, 0.00)
[2026-03-02 16:57:53]   2b: ablation no_braking (disable v²/2a), margin=0.512m
[2026-03-02 16:57:53]   Comm latency: 50ms
[2026-03-02 16:57:53] [RESET] Resetting robot pose to origin...
[RESET] Teleporting robot to (0.0, 0.0, θ=0.0)
[RESET] Cancelling any active navigation goals...
[RESET] Stopping robot movement...
[RESET] Waiting for TF to stabilize...
[RESET] AMCL disabled, correcting map→odom TF after teleport...
[RESET] Odom at (-0.00, -0.00, yaw=0.0°), target (0.00, 0.00, yaw=0.0°)
[RESET] TF correction: tx=0.000, ty=-0.000, yaw=-0.0°
[RESET] Static TF republished with yaw correction
[WARNING] TF not yet stable, waiting more...
[RESET] Robot pose reset complete
[2026-03-02 16:58:46]   Result: allow (PASS)
[2026-03-02 16:58:46]   Reason: Goal reached successfully (dist=0.38m)
[2026-03-02 16:58:46]   Time: 53.2s
[2026-03-02 16:58:46]   Robot moved: True, path_min_dist: 0.85m
[2026-03-02 16:58:46] [HEALTH] Pre-trial restart (every 1 trials, world=empty.sdf)...
[SIM] Stopping all processes...
[CLEANUP] Starting process cleanup...
[CLEANUP] Complete (killed 1 process groups)
[SIM] All processes stopped
[CLEANUP] Starting process cleanup...
[CLEANUP] Complete (killed 0 process groups)
[DEBUG] restart_with_method called: method=geofence, params={}, world=empty.sdf, guard=False
[SIM] Full restart for method: geofence (world: empty.sdf)
[SIM] Stopping all processes...
[CLEANUP] Starting process cleanup...
[CLEANUP] Complete (killed 0 process groups)
[SIM] All processes stopped
[SIM] Starting Gazebo...
[CLEANUP] Starting process cleanup...
[CLEANUP] Complete (killed 0 process groups)
[SIM] gz sim still alive (1 procs), force-killing PGIDs (attempt 1/5)...
[SIM] gz sim still alive (1 procs), force-killing PGIDs (attempt 2/5)...
[SIM] gz sim still alive (1 procs), force-killing PGIDs (attempt 3/5)...
[SIM] gz sim still alive (1 procs), force-killing PGIDs (attempt 4/5)...
[SIM] gz sim still alive (1 procs), force-killing PGIDs (attempt 5/5)...
[SIM][WARNING] Could not kill all gz sim processes — proceeding anyway
The daemon has been started
[SIM] Waiting for Gazebo (180s)...
[SIM] Gazebo started successfully
[SIM] robot_state_publisher: running
[SIM] Starting odom relay (odom_real → odom)...
[SIM] Odom relay started
[SIM] Starting scan relay (scan_real → scan)...
[SIM] Scan relay started, verifying /scan topic...
[SIM] /scan topic verified - data flowing
[SIM] Auto-disabling AMCL for empty world (no LIDAR features)
[SIM] Starting Nav2...
[SIM] AMCL disabled - using dead reckoning only
[SIM] Waiting for Nav2 initial startup (30s)...
[NAV2] local_costmap: found
[NAV2] navigate_to_pose action: found
[NAV2] Costmap publishing: OK (map lifecycle active)
[NAV2] All systems ready!
[SIM] Final verification: checking navigate_to_pose action...
[SIM] Nav2 started successfully and action server verified!
[SIM] Starting geofence with method: geofence, params: {}, comm_latency_ms: 0
[SIM] Waiting for geofence (20s)...
[SIM] Geofence started with method: geofence (cmd_vel_guard: False)
[SIM] cmd_vel_guard disabled, starting cmd_vel relay for navigation...
[SIM] Starting cmd_vel relay (cmd_vel_nav → cmd_vel)...
[SIM] cmd_vel relay started
[2026-03-02 17:01:00] [GEOFENCE] Restarting geofence (sigma=0.15, v_max=0.5, tau=0.1, a_max=2.5, eps=0.003, braking=False)...
[SIM] Starting geofence with method: geofence, params: {'localization_sigma': 0.15, 'v_max': 0.5, 'latency': 0.1, 'a_max': 2.5, 'enable_braking_term': False, 'enable_estimation_term': True, 'enable_tracking_term': True, 'enable_latency_term': True, 'epsilon': 0.003, 'e_0': 0.03, 'c_1': 0.04, 'c_2': 0.0, 'use_dynamic_v_max': False, 'use_dynamic_tau': False, 'use_dynamic_e_track': False}, comm_latency_ms: 100
[SIM] Waiting for geofence (20s)...
[SIM] Geofence started with method: geofence (cmd_vel_guard: False)
[SIM] cmd_vel_guard disabled, starting cmd_vel relay for navigation...
[SIM] Starting cmd_vel relay (cmd_vel_nav → cmd_vel) (latency=100ms)...
[SIM] cmd_vel relay started (latency=100ms)
[2026-03-02 17:01:28] 
Trial 253/270: S2_geofence_ablation_no_braking_s2
[2026-03-02 17:01:28]   Goal: (3.55, 0.00)
[2026-03-02 17:01:28]   2b: ablation no_braking (disable v²/2a), margin=0.512m
[2026-03-02 17:01:28]   Comm latency: 100ms
[2026-03-02 17:01:28] [RESET] Resetting robot pose to origin...
[RESET] Teleporting robot to (0.0, 0.0, θ=0.0)
[RESET] Cancelling any active navigation goals...
[RESET] Stopping robot movement...
[RESET] Waiting for TF to stabilize...
[RESET] AMCL disabled, correcting map→odom TF after teleport...
[RESET] Odom at (-0.00, -0.00, yaw=0.0°), target (0.00, 0.00, yaw=0.0°)
[RESET] TF correction: tx=0.000, ty=-0.000, yaw=-0.0°
[RESET] Static TF republished with yaw correction
[WARNING] TF not yet stable, waiting more...
[RESET] Robot pose reset complete
[2026-03-02 17:05:04] [GOAL_DEBUG] decision=timeout, reason=Goal timed out after 180s
[2026-03-02 17:05:04] [VIOLATION] Robot entered forbidden zone(s): forbidden_zone (99 samples, 15.86s)
[2026-03-02 17:05:04]   Result: timeout (FAIL)
[2026-03-02 17:05:04]   Reason: Goal timed out after 180s
[2026-03-02 17:05:04]   Time: 215.9s
[2026-03-02 17:05:04]   Robot moved: True, path_min_dist: 0.00m
[2026-03-02 17:05:04] [HEALTH] Pre-trial restart (every 1 trials, world=empty.sdf)...
[SIM] Stopping all processes...
[CLEANUP] Starting process cleanup...
[CLEANUP] Complete (killed 1 process groups)
[SIM] All processes stopped
[CLEANUP] Starting process cleanup...
[CLEANUP] Complete (killed 0 process groups)
[DEBUG] restart_with_method called: method=geofence, params={}, world=empty.sdf, guard=False
[SIM] Full restart for method: geofence (world: empty.sdf)
[SIM] Stopping all processes...
[CLEANUP] Starting process cleanup...
[CLEANUP] Complete (killed 0 process groups)
[SIM] All processes stopped
[SIM] Starting Gazebo...
[CLEANUP] Starting process cleanup...
[CLEANUP] Complete (killed 0 process groups)
[SIM] gz sim still alive (1 procs), force-killing PGIDs (attempt 1/5)...
[SIM] gz sim still alive (1 procs), force-killing PGIDs (attempt 2/5)...
[SIM] gz sim still alive (1 procs), force-killing PGIDs (attempt 3/5)...
[SIM] gz sim still alive (1 procs), force-killing PGIDs (attempt 4/5)...
[SIM] gz sim still alive (1 procs), force-killing PGIDs (attempt 5/5)...
[SIM][WARNING] Could not kill all gz sim processes — proceeding anyway
The daemon has been started
[SIM] Waiting for Gazebo (180s)...
[SIM] Gazebo started successfully
[SIM] robot_state_publisher: running
[SIM] Starting odom relay (odom_real → odom)...
[SIM] Odom relay started
[SIM] Starting scan relay (scan_real → scan)...
[SIM] Scan relay started, verifying /scan topic...
[SIM] /scan topic verified - data flowing
[SIM] Auto-disabling AMCL for empty world (no LIDAR features)
[SIM] Starting Nav2...
[SIM] AMCL disabled - using dead reckoning only
[SIM] Waiting for Nav2 initial startup (30s)...
[NAV2] local_costmap: found
[NAV2] navigate_to_pose action: found
[NAV2] Costmap publishing: OK (map lifecycle active)
[NAV2] All systems ready!
[SIM] Final verification: checking navigate_to_pose action...
[SIM] Nav2 started successfully and action server verified!
[SIM] Starting geofence with method: geofence, params: {}, comm_latency_ms: 0
[SIM] Waiting for geofence (20s)...
[SIM] Geofence started with method: geofence (cmd_vel_guard: False)
[SIM] cmd_vel_guard disabled, starting cmd_vel relay for navigation...
[SIM] Starting cmd_vel relay (cmd_vel_nav → cmd_vel)...
[SIM] cmd_vel relay started
[2026-03-02 17:07:18] [GEOFENCE] Restarting geofence (sigma=0.15, v_max=0.5, tau=0.1, a_max=2.5, eps=0.003, braking=False)...
[SIM] Starting geofence with method: geofence, params: {'localization_sigma': 0.15, 'v_max': 0.5, 'latency': 0.1, 'a_max': 2.5, 'enable_braking_term': False, 'enable_estimation_term': True, 'enable_tracking_term': True, 'enable_latency_term': True, 'epsilon': 0.003, 'e_0': 0.03, 'c_1': 0.04, 'c_2': 0.0, 'use_dynamic_v_max': False, 'use_dynamic_tau': False, 'use_dynamic_e_track': False}, comm_latency_ms: 0
[SIM] Waiting for geofence (20s)...
[SIM] Geofence started with method: geofence (cmd_vel_guard: False)
[SIM] cmd_vel_guard disabled, starting cmd_vel relay for navigation...
[SIM] Starting cmd_vel relay (cmd_vel_nav → cmd_vel)...
[SIM] cmd_vel relay started
[2026-03-02 17:07:46] 
Trial 254/270: S2_geofence_ablation_no_braking_s3
[2026-03-02 17:07:46]   Goal: (3.55, 0.00)
[2026-03-02 17:07:46]   2b: ablation no_braking (disable v²/2a), margin=0.512m
[2026-03-02 17:07:46] [RESET] Resetting robot pose to origin...
[RESET] Teleporting robot to (0.0, 0.0, θ=0.0)
[RESET] Cancelling any active navigation goals...
[RESET] Stopping robot movement...
[RESET] Waiting for TF to stabilize...
[RESET] AMCL disabled, correcting map→odom TF after teleport...
[RESET] Odom at (-0.00, -0.00, yaw=0.0°), target (0.00, 0.00, yaw=0.0°)
[RESET] TF correction: tx=0.000, ty=-0.000, yaw=-0.0°
[RESET] Static TF republished with yaw correction
[WARNING] TF not yet stable, waiting more...
[RESET] Robot pose reset complete
[2026-03-02 17:08:30]   Result: allow (PASS)
[2026-03-02 17:08:30]   Reason: Goal reached successfully (dist=0.40m)
[2026-03-02 17:08:30]   Time: 44.1s
[2026-03-02 17:08:30]   Robot moved: True, path_min_dist: 0.87m
[2026-03-02 17:08:30] [HEALTH] Pre-trial restart (every 1 trials, world=empty.sdf)...
[SIM] Stopping all processes...
[CLEANUP] Starting process cleanup...
[CLEANUP] Complete (killed 1 process groups)
[SIM] All processes stopped
[CLEANUP] Starting process cleanup...
[CLEANUP] Complete (killed 0 process groups)
[DEBUG] restart_with_method called: method=geofence, params={}, world=empty.sdf, guard=False
[SIM] Full restart for method: geofence (world: empty.sdf)
[SIM] Stopping all processes...
[CLEANUP] Starting process cleanup...
[CLEANUP] Complete (killed 0 process groups)
[SIM] All processes stopped
[SIM] Starting Gazebo...
[CLEANUP] Starting process cleanup...
[CLEANUP] Complete (killed 0 process groups)
[SIM] gz sim still alive (1 procs), force-killing PGIDs (attempt 1/5)...
[SIM] gz sim still alive (1 procs), force-killing PGIDs (attempt 2/5)...
[SIM] gz sim still alive (1 procs), force-killing PGIDs (attempt 3/5)...
[SIM] gz sim still alive (1 procs), force-killing PGIDs (attempt 4/5)...
[SIM] gz sim still alive (1 procs), force-killing PGIDs (attempt 5/5)...
[SIM][WARNING] Could not kill all gz sim processes — proceeding anyway
The daemon has been started
[SIM] Waiting for Gazebo (180s)...
[SIM] Gazebo started successfully
[SIM] robot_state_publisher: running
[SIM] Starting odom relay (odom_real → odom)...
[SIM] Odom relay started
[SIM] Starting scan relay (scan_real → scan)...
[SIM] Scan relay started, verifying /scan topic...
[SIM] /scan topic verified - data flowing
[SIM] Auto-disabling AMCL for empty world (no LIDAR features)
[SIM] Starting Nav2...
[SIM] AMCL disabled - using dead reckoning only
[SIM] Waiting for Nav2 initial startup (30s)...
[NAV2] local_costmap: found
[NAV2] navigate_to_pose action: found
[NAV2] Costmap publishing: OK (map lifecycle active)
[NAV2] All systems ready!
[SIM] Final verification: checking navigate_to_pose action...
[SIM] Nav2 started successfully and action server verified!
[SIM] Starting geofence with method: geofence, params: {}, comm_latency_ms: 0
[SIM] Waiting for geofence (20s)...
[SIM] Geofence started with method: geofence (cmd_vel_guard: False)
[SIM] cmd_vel_guard disabled, starting cmd_vel relay for navigation...
[SIM] Starting cmd_vel relay (cmd_vel_nav → cmd_vel)...
[SIM] cmd_vel relay started
[2026-03-02 17:10:45] [GEOFENCE] Restarting geofence (sigma=0.15, v_max=0.5, tau=0.1, a_max=2.5, eps=0.003, braking=False)...
[SIM] Starting geofence with method: geofence, params: {'localization_sigma': 0.15, 'v_max': 0.5, 'latency': 0.1, 'a_max': 2.5, 'enable_braking_term': False, 'enable_estimation_term': True, 'enable_tracking_term': True, 'enable_latency_term': True, 'epsilon': 0.003, 'e_0': 0.03, 'c_1': 0.04, 'c_2': 0.0, 'use_dynamic_v_max': False, 'use_dynamic_tau': False, 'use_dynamic_e_track': False}, comm_latency_ms: 50
[SIM] Waiting for geofence (20s)...
[SIM] Geofence started with method: geofence (cmd_vel_guard: False)
[SIM] cmd_vel_guard disabled, starting cmd_vel relay for navigation...
[SIM] Starting cmd_vel relay (cmd_vel_nav → cmd_vel) (latency=50ms)...
[SIM] cmd_vel relay started (latency=50ms)
[2026-03-02 17:11:13] 
Trial 255/270: S2_geofence_ablation_no_braking_s4
[2026-03-02 17:11:13]   Goal: (3.55, 0.00)
[2026-03-02 17:11:13]   2b: ablation no_braking (disable v²/2a), margin=0.512m
[2026-03-02 17:11:13]   Comm latency: 50ms
[2026-03-02 17:11:13] [RESET] Resetting robot pose to origin...
[RESET] Teleporting robot to (0.0, 0.0, θ=0.0)
[RESET] Cancelling any active navigation goals...
[RESET] Stopping robot movement...
[RESET] Waiting for TF to stabilize...
[RESET] AMCL disabled, correcting map→odom TF after teleport...
[RESET] Odom at (-0.00, -0.00, yaw=0.0°), target (0.00, 0.00, yaw=0.0°)
[RESET] TF correction: tx=0.000, ty=-0.000, yaw=-0.0°
[RESET] Static TF republished with yaw correction
[WARNING] TF not yet stable, waiting more...
[RESET] Robot pose reset complete
[2026-03-02 17:12:06]   Result: allow (PASS)
[2026-03-02 17:12:06]   Reason: Goal reached successfully (dist=0.40m)
[2026-03-02 17:12:06]   Time: 53.2s
[2026-03-02 17:12:06]   Robot moved: True, path_min_dist: 0.85m
[CHECKPOINT] Saved at trial 255/270
[2026-03-02 17:12:06] [HEALTH] Pre-trial restart (every 1 trials, world=empty.sdf)...
[SIM] Stopping all processes...
[CLEANUP] Starting process cleanup...
[CLEANUP] Complete (killed 1 process groups)
[SIM] All processes stopped
[CLEANUP] Starting process cleanup...
[CLEANUP] Complete (killed 0 process groups)
[DEBUG] restart_with_method called: method=geofence, params={}, world=empty.sdf, guard=False
[SIM] Full restart for method: geofence (world: empty.sdf)
[SIM] Stopping all processes...
[CLEANUP] Starting process cleanup...
[CLEANUP] Complete (killed 0 process groups)
[SIM] All processes stopped
[SIM] Starting Gazebo...
[CLEANUP] Starting process cleanup...
[CLEANUP] Complete (killed 0 process groups)
[SIM] gz sim still alive (1 procs), force-killing PGIDs (attempt 1/5)...
[SIM] gz sim still alive (1 procs), force-killing PGIDs (attempt 2/5)...
[SIM] gz sim still alive (1 procs), force-killing PGIDs (attempt 3/5)...
[SIM] gz sim still alive (1 procs), force-killing PGIDs (attempt 4/5)...
[SIM] gz sim still alive (1 procs), force-killing PGIDs (attempt 5/5)...
[SIM][WARNING] Could not kill all gz sim processes — proceeding anyway
The daemon has been started
[SIM] Waiting for Gazebo (180s)...
[SIM] Gazebo started successfully
[SIM] robot_state_publisher: running
[SIM] Starting odom relay (odom_real → odom)...
[SIM] Odom relay started
[SIM] Starting scan relay (scan_real → scan)...
[SIM] Scan relay started, verifying /scan topic...
[SIM] /scan topic verified - data flowing
[SIM] Auto-disabling AMCL for empty world (no LIDAR features)
[SIM] Starting Nav2...
[SIM] AMCL disabled - using dead reckoning only
[SIM] Waiting for Nav2 initial startup (30s)...
[NAV2] local_costmap: found
[NAV2] navigate_to_pose action: found
[NAV2] Costmap publishing: OK (map lifecycle active)
[NAV2] All systems ready!
[SIM] Final verification: checking navigate_to_pose action...
[SIM] Nav2 started successfully and action server verified!
[SIM] Starting geofence with method: geofence, params: {}, comm_latency_ms: 0
[SIM] Waiting for geofence (20s)...
[SIM] Geofence started with method: geofence (cmd_vel_guard: False)
[SIM] cmd_vel_guard disabled, starting cmd_vel relay for navigation...
[SIM] Starting cmd_vel relay (cmd_vel_nav → cmd_vel)...
[SIM] cmd_vel relay started
[2026-03-02 17:14:20] [GEOFENCE] Restarting geofence (sigma=0.15, v_max=0.5, tau=0.1, a_max=2.5, eps=0.003, braking=False)...
[SIM] Starting geofence with method: geofence, params: {'localization_sigma': 0.15, 'v_max': 0.5, 'latency': 0.1, 'a_max': 2.5, 'enable_braking_term': False, 'enable_estimation_term': True, 'enable_tracking_term': True, 'enable_latency_term': True, 'epsilon': 0.003, 'e_0': 0.03, 'c_1': 0.04, 'c_2': 0.0, 'use_dynamic_v_max': False, 'use_dynamic_tau': False, 'use_dynamic_e_track': False}, comm_latency_ms: 100
[SIM] Waiting for geofence (20s)...
[SIM] Geofence started with method: geofence (cmd_vel_guard: False)
[SIM] cmd_vel_guard disabled, starting cmd_vel relay for navigation...
[SIM] Starting cmd_vel relay (cmd_vel_nav → cmd_vel) (latency=100ms)...
[SIM] cmd_vel relay started (latency=100ms)
[2026-03-02 17:14:48] 
Trial 256/270: S2_geofence_ablation_no_braking_s5
[2026-03-02 17:14:48]   Goal: (3.55, 0.00)
[2026-03-02 17:14:48]   2b: ablation no_braking (disable v²/2a), margin=0.512m
[2026-03-02 17:14:48]   Comm latency: 100ms
[2026-03-02 17:14:48] [RESET] Resetting robot pose to origin...
[RESET] Teleporting robot to (0.0, 0.0, θ=0.0)
[RESET] Cancelling any active navigation goals...
[RESET] Stopping robot movement...
[RESET] Waiting for TF to stabilize...
[RESET] AMCL disabled, correcting map→odom TF after teleport...
[RESET] Odom at (-0.00, -0.00, yaw=0.0°), target (0.00, 0.00, yaw=0.0°)
[RESET] TF correction: tx=0.000, ty=-0.000, yaw=-0.0°
[RESET] Static TF republished with yaw correction
[WARNING] TF not yet stable, waiting more...
[RESET] Robot pose reset complete
[2026-03-02 17:15:42]   Result: allow (PASS)
[2026-03-02 17:15:42]   Reason: Goal reached successfully (dist=0.40m)
[2026-03-02 17:15:42]   Time: 54.0s
[2026-03-02 17:15:42]   Robot moved: True, path_min_dist: 0.85m
[2026-03-02 17:15:42] [HEALTH] Pre-trial restart (every 1 trials, world=empty.sdf)...
[SIM] Stopping all processes...
[CLEANUP] Starting process cleanup...
[CLEANUP] Complete (killed 2 process groups)
[SIM] All processes stopped
[CLEANUP] Starting process cleanup...
[CLEANUP] Complete (killed 0 process groups)
[DEBUG] restart_with_method called: method=geofence, params={}, world=empty.sdf, guard=False
[SIM] Full restart for method: geofence (world: empty.sdf)
[SIM] Stopping all processes...
[CLEANUP] Starting process cleanup...
[CLEANUP] Complete (killed 0 process groups)
[SIM] All processes stopped
[SIM] Starting Gazebo...
[CLEANUP] Starting process cleanup...
[CLEANUP] Complete (killed 0 process groups)
[SIM] gz sim still alive (1 procs), force-killing PGIDs (attempt 1/5)...
[SIM] gz sim still alive (1 procs), force-killing PGIDs (attempt 2/5)...
[SIM] gz sim still alive (1 procs), force-killing PGIDs (attempt 3/5)...
[SIM] gz sim still alive (1 procs), force-killing PGIDs (attempt 4/5)...
[SIM] gz sim still alive (1 procs), force-killing PGIDs (attempt 5/5)...
[SIM][WARNING] Could not kill all gz sim processes — proceeding anyway
The daemon has been started
[SIM] Waiting for Gazebo (180s)...
[SIM] Gazebo started successfully
[SIM] robot_state_publisher: running
[SIM] Starting odom relay (odom_real → odom)...
[SIM] Odom relay started
[SIM] Starting scan relay (scan_real → scan)...
[SIM] Scan relay started, verifying /scan topic...
[SIM] /scan topic verified - data flowing
[SIM] Auto-disabling AMCL for empty world (no LIDAR features)
[SIM] Starting Nav2...
[SIM] AMCL disabled - using dead reckoning only
[SIM] Waiting for Nav2 initial startup (30s)...
[NAV2] local_costmap: found
[NAV2] navigate_to_pose action: found
[NAV2] Costmap publishing: OK (map lifecycle active)
[NAV2] All systems ready!
[SIM] Final verification: checking navigate_to_pose action...
[SIM] Nav2 started successfully and action server verified!
[SIM] Starting geofence with method: geofence, params: {}, comm_latency_ms: 0
[SIM] Waiting for geofence (20s)...
[SIM] Geofence started with method: geofence (cmd_vel_guard: False)
[SIM] cmd_vel_guard disabled, starting cmd_vel relay for navigation...
[SIM] Starting cmd_vel relay (cmd_vel_nav → cmd_vel)...
[SIM] cmd_vel relay started
[2026-03-02 17:17:57] [GEOFENCE] Restarting geofence (sigma=0.15, v_max=0.5, tau=0.1, a_max=2.5, eps=0.003, braking=False)...
[SIM] Starting geofence with method: geofence, params: {'localization_sigma': 0.15, 'v_max': 0.5, 'latency': 0.1, 'a_max': 2.5, 'enable_braking_term': False, 'enable_estimation_term': True, 'enable_tracking_term': True, 'enable_latency_term': True, 'epsilon': 0.003, 'e_0': 0.03, 'c_1': 0.04, 'c_2': 0.0, 'use_dynamic_v_max': False, 'use_dynamic_tau': False, 'use_dynamic_e_track': False}, comm_latency_ms: 0
[SIM] Waiting for geofence (20s)...
[SIM] Geofence started with method: geofence (cmd_vel_guard: False)
[SIM] cmd_vel_guard disabled, starting cmd_vel relay for navigation...
[SIM] Starting cmd_vel relay (cmd_vel_nav → cmd_vel)...
[SIM] cmd_vel relay started
[2026-03-02 17:18:25] 
Trial 257/270: S2_geofence_ablation_no_braking_s6
[2026-03-02 17:18:25]   Goal: (3.55, 0.00)
[2026-03-02 17:18:25]   2b: ablation no_braking (disable v²/2a), margin=0.512m
[2026-03-02 17:18:25] [RESET] Resetting robot pose to origin...
[RESET] Teleporting robot to (0.0, 0.0, θ=0.0)
[RESET] Cancelling any active navigation goals...
[RESET] Stopping robot movement...
[RESET] Waiting for TF to stabilize...
[RESET] AMCL disabled, correcting map→odom TF after teleport...
[WARNING] Could not read odom, TF correction skipped
[RESET] Robot pose reset complete
[2026-03-02 17:19:12]   Result: allow (PASS)
[2026-03-02 17:19:12]   Reason: Goal reached successfully (dist=0.44m)
[2026-03-02 17:19:12]   Time: 46.8s
[2026-03-02 17:19:12]   Robot moved: True, path_min_dist: 0.89m
[2026-03-02 17:19:12] [HEALTH] Pre-trial restart (every 1 trials, world=empty.sdf)...
[SIM] Stopping all processes...
[CLEANUP] Starting process cleanup...
[CLEANUP] Complete (killed 0 process groups)
[SIM] All processes stopped
[CLEANUP] Starting process cleanup...
[CLEANUP] Complete (killed 0 process groups)
[DEBUG] restart_with_method called: method=geofence, params={}, world=empty.sdf, guard=False
[SIM] Full restart for method: geofence (world: empty.sdf)
[SIM] Stopping all processes...
[CLEANUP] Starting process cleanup...
[CLEANUP] Complete (killed 0 process groups)
[SIM] All processes stopped
[SIM] Starting Gazebo...
[CLEANUP] Starting process cleanup...
[CLEANUP] Complete (killed 0 process groups)
[SIM] gz sim still alive (1 procs), force-killing PGIDs (attempt 1/5)...
[SIM] gz sim still alive (1 procs), force-killing PGIDs (attempt 2/5)...
[SIM] gz sim still alive (1 procs), force-killing PGIDs (attempt 3/5)...
[SIM] gz sim still alive (1 procs), force-killing PGIDs (attempt 4/5)...
[SIM] gz sim still alive (1 procs), force-killing PGIDs (attempt 5/5)...
[SIM][WARNING] Could not kill all gz sim processes — proceeding anyway
The daemon has been started
[SIM] Waiting for Gazebo (180s)...
[SIM] Gazebo started successfully
[SIM] robot_state_publisher: running
[SIM] Starting odom relay (odom_real → odom)...
[SIM] Odom relay started
[SIM] Starting scan relay (scan_real → scan)...
[SIM] Scan relay started, verifying /scan topic...
[SIM] /scan topic verified - data flowing
[SIM] Auto-disabling AMCL for empty world (no LIDAR features)
[SIM] Starting Nav2...
[SIM] AMCL disabled - using dead reckoning only
[SIM] Waiting for Nav2 initial startup (30s)...
[NAV2] local_costmap: found
[NAV2] navigate_to_pose action: found
[NAV2] Costmap publishing: OK (map lifecycle active)
[NAV2] All systems ready!
[SIM] Final verification: checking navigate_to_pose action...
[SIM] Nav2 started successfully and action server verified!
[SIM] Starting geofence with method: geofence, params: {}, comm_latency_ms: 0
[SIM] Waiting for geofence (20s)...
[SIM] Geofence started with method: geofence (cmd_vel_guard: False)
[SIM] cmd_vel_guard disabled, starting cmd_vel relay for navigation...
[SIM] Starting cmd_vel relay (cmd_vel_nav → cmd_vel)...
[SIM] cmd_vel relay started
[2026-03-02 17:21:27] [GEOFENCE] Restarting geofence (sigma=0.15, v_max=0.5, tau=0.1, a_max=2.5, eps=0.003, braking=False)...
[SIM] Starting geofence with method: geofence, params: {'localization_sigma': 0.15, 'v_max': 0.5, 'latency': 0.1, 'a_max': 2.5, 'enable_braking_term': False, 'enable_estimation_term': True, 'enable_tracking_term': True, 'enable_latency_term': True, 'epsilon': 0.003, 'e_0': 0.03, 'c_1': 0.04, 'c_2': 0.0, 'use_dynamic_v_max': False, 'use_dynamic_tau': False, 'use_dynamic_e_track': False}, comm_latency_ms: 50
[SIM] Waiting for geofence (20s)...
[SIM] Geofence started with method: geofence (cmd_vel_guard: False)
[SIM] cmd_vel_guard disabled, starting cmd_vel relay for navigation...
[SIM] Starting cmd_vel relay (cmd_vel_nav → cmd_vel) (latency=50ms)...
[SIM] cmd_vel relay started (latency=50ms)
[2026-03-02 17:21:55] 
Trial 258/270: S2_geofence_ablation_no_braking_s7
[2026-03-02 17:21:55]   Goal: (3.55, 0.00)
[2026-03-02 17:21:55]   2b: ablation no_braking (disable v²/2a), margin=0.512m
[2026-03-02 17:21:55]   Comm latency: 50ms
[2026-03-02 17:21:55] [RESET] Resetting robot pose to origin...
[RESET] Teleporting robot to (0.0, 0.0, θ=0.0)
[RESET] Cancelling any active navigation goals...
[RESET] Stopping robot movement...
[RESET] Waiting for TF to stabilize...
[RESET] AMCL disabled, correcting map→odom TF after teleport...
[RESET] Odom at (-0.00, -0.00, yaw=0.0°), target (0.00, 0.00, yaw=0.0°)
[RESET] TF correction: tx=0.000, ty=-0.000, yaw=-0.0°
[RESET] Static TF republished with yaw correction
[RESET] Robot pose reset complete
[2026-03-02 17:22:48]   Result: allow (PASS)
[2026-03-02 17:22:48]   Reason: Goal reached successfully (dist=0.40m)
[2026-03-02 17:22:48]   Time: 52.8s
[2026-03-02 17:22:48]   Robot moved: True, path_min_dist: 0.87m
[2026-03-02 17:22:48] [HEALTH] Pre-trial restart (every 1 trials, world=empty.sdf)...
[SIM] Stopping all processes...
[CLEANUP] Starting process cleanup...
[CLEANUP] Complete (killed 1 process groups)
[SIM] All processes stopped
[CLEANUP] Starting process cleanup...
[CLEANUP] Complete (killed 0 process groups)
[DEBUG] restart_with_method called: method=geofence, params={}, world=empty.sdf, guard=False
[SIM] Full restart for method: geofence (world: empty.sdf)
[SIM] Stopping all processes...
[CLEANUP] Starting process cleanup...
[CLEANUP] Complete (killed 0 process groups)
[SIM] All processes stopped
[SIM] Starting Gazebo...
[CLEANUP] Starting process cleanup...
[CLEANUP] Complete (killed 0 process groups)
[SIM] gz sim still alive (1 procs), force-killing PGIDs (attempt 1/5)...
[SIM] gz sim still alive (1 procs), force-killing PGIDs (attempt 2/5)...
[SIM] gz sim still alive (1 procs), force-killing PGIDs (attempt 3/5)...
[SIM] gz sim still alive (1 procs), force-killing PGIDs (attempt 4/5)...
[SIM] gz sim still alive (1 procs), force-killing PGIDs (attempt 5/5)...
[SIM][WARNING] Could not kill all gz sim processes — proceeding anyway
The daemon has been started
[SIM] Waiting for Gazebo (180s)...
[SIM] Gazebo started successfully
[SIM] robot_state_publisher: running
[SIM] Starting odom relay (odom_real → odom)...
[SIM] Odom relay started
[SIM] Starting scan relay (scan_real → scan)...
[SIM] Scan relay started, verifying /scan topic...
[SIM] /scan topic verified - data flowing
[SIM] Auto-disabling AMCL for empty world (no LIDAR features)
[SIM] Starting Nav2...
[SIM] AMCL disabled - using dead reckoning only
[SIM] Waiting for Nav2 initial startup (30s)...
[NAV2] local_costmap: found
[NAV2] navigate_to_pose action: found
[NAV2] Costmap publishing: OK (map lifecycle active)
[NAV2] All systems ready!
[SIM] Final verification: checking navigate_to_pose action...
[SIM] Nav2 started successfully and action server verified!
[SIM] Starting geofence with method: geofence, params: {}, comm_latency_ms: 0
[SIM] Waiting for geofence (20s)...
[SIM] Geofence started with method: geofence (cmd_vel_guard: False)
[SIM] cmd_vel_guard disabled, starting cmd_vel relay for navigation...
[SIM] Starting cmd_vel relay (cmd_vel_nav → cmd_vel)...
[SIM] cmd_vel relay started
[2026-03-02 17:25:02] [GEOFENCE] Restarting geofence (sigma=0.15, v_max=0.5, tau=0.1, a_max=2.5, eps=0.003, braking=False)...
[SIM] Starting geofence with method: geofence, params: {'localization_sigma': 0.15, 'v_max': 0.5, 'latency': 0.1, 'a_max': 2.5, 'enable_braking_term': False, 'enable_estimation_term': True, 'enable_tracking_term': True, 'enable_latency_term': True, 'epsilon': 0.003, 'e_0': 0.03, 'c_1': 0.04, 'c_2': 0.0, 'use_dynamic_v_max': False, 'use_dynamic_tau': False, 'use_dynamic_e_track': False}, comm_latency_ms: 100
[SIM] Waiting for geofence (20s)...
[SIM] Geofence started with method: geofence (cmd_vel_guard: False)
[SIM] cmd_vel_guard disabled, starting cmd_vel relay for navigation...
[SIM] Starting cmd_vel relay (cmd_vel_nav → cmd_vel) (latency=100ms)...
[SIM] cmd_vel relay started (latency=100ms)
[2026-03-02 17:25:30] 
Trial 259/270: S2_geofence_ablation_no_braking_s8
[2026-03-02 17:25:30]   Goal: (3.55, 0.00)
[2026-03-02 17:25:30]   2b: ablation no_braking (disable v²/2a), margin=0.512m
[2026-03-02 17:25:30]   Comm latency: 100ms
[2026-03-02 17:25:30] [RESET] Resetting robot pose to origin...
[RESET] Teleporting robot to (0.0, 0.0, θ=0.0)
[RESET] Cancelling any active navigation goals...
[RESET] Stopping robot movement...
[RESET] Waiting for TF to stabilize...
[RESET] AMCL disabled, correcting map→odom TF after teleport...
[RESET] Odom at (-0.00, -0.00, yaw=0.0°), target (0.00, 0.00, yaw=0.0°)
[RESET] TF correction: tx=0.000, ty=-0.000, yaw=-0.0°
[RESET] Static TF republished with yaw correction
[RESET] Robot pose reset complete
[2026-03-02 17:26:11]   Result: allow (PASS)
[2026-03-02 17:26:11]   Reason: Goal reached successfully (dist=0.41m)
[2026-03-02 17:26:11]   Time: 41.0s
[2026-03-02 17:26:11]   Robot moved: True, path_min_dist: 0.86m
[2026-03-02 17:26:11] [HEALTH] Pre-trial restart (every 1 trials, world=empty.sdf)...
[SIM] Stopping all processes...
[CLEANUP] Starting process cleanup...
[CLEANUP] Complete (killed 1 process groups)
[SIM] All processes stopped
[CLEANUP] Starting process cleanup...
[CLEANUP] Complete (killed 0 process groups)
[DEBUG] restart_with_method called: method=geofence, params={}, world=empty.sdf, guard=False
[SIM] Full restart for method: geofence (world: empty.sdf)
[SIM] Stopping all processes...
[CLEANUP] Starting process cleanup...
[CLEANUP] Complete (killed 0 process groups)
[SIM] All processes stopped
[SIM] Starting Gazebo...
[CLEANUP] Starting process cleanup...
[CLEANUP] Complete (killed 0 process groups)
[SIM] gz sim still alive (1 procs), force-killing PGIDs (attempt 1/5)...
[SIM] gz sim still alive (1 procs), force-killing PGIDs (attempt 2/5)...
[SIM] gz sim still alive (1 procs), force-killing PGIDs (attempt 3/5)...
[SIM] gz sim still alive (1 procs), force-killing PGIDs (attempt 4/5)...
[SIM] gz sim still alive (1 procs), force-killing PGIDs (attempt 5/5)...
[SIM][WARNING] Could not kill all gz sim processes — proceeding anyway
The daemon has been started
[SIM] Waiting for Gazebo (180s)...
[SIM] Gazebo started successfully
[SIM] robot_state_publisher: running
[SIM] Starting odom relay (odom_real → odom)...
[SIM] Odom relay started
[SIM] Starting scan relay (scan_real → scan)...
[SIM] Scan relay started, verifying /scan topic...
[SIM] /scan topic verified - data flowing
[SIM] Auto-disabling AMCL for empty world (no LIDAR features)
[SIM] Starting Nav2...
[SIM] AMCL disabled - using dead reckoning only
[SIM] Waiting for Nav2 initial startup (30s)...
[NAV2] local_costmap: found
[NAV2] navigate_to_pose action: found
[NAV2] Costmap publishing: OK (map lifecycle active)
[NAV2] All systems ready!
[SIM] Final verification: checking navigate_to_pose action...
[SIM] Nav2 started successfully and action server verified!
[SIM] Starting geofence with method: geofence, params: {}, comm_latency_ms: 0
[SIM] Waiting for geofence (20s)...
[SIM] Geofence started with method: geofence (cmd_vel_guard: False)
[SIM] cmd_vel_guard disabled, starting cmd_vel relay for navigation...
[SIM] Starting cmd_vel relay (cmd_vel_nav → cmd_vel)...
[SIM] cmd_vel relay started
[2026-03-02 17:28:25] [GEOFENCE] Restarting geofence (sigma=0.15, v_max=0.5, tau=0.1, a_max=2.5, eps=0.003, braking=False)...
[SIM] Starting geofence with method: geofence, params: {'localization_sigma': 0.15, 'v_max': 0.5, 'latency': 0.1, 'a_max': 2.5, 'enable_braking_term': False, 'enable_estimation_term': True, 'enable_tracking_term': True, 'enable_latency_term': True, 'epsilon': 0.003, 'e_0': 0.03, 'c_1': 0.04, 'c_2': 0.0, 'use_dynamic_v_max': False, 'use_dynamic_tau': False, 'use_dynamic_e_track': False}, comm_latency_ms: 0
[SIM] Waiting for geofence (20s)...
[SIM] Geofence started with method: geofence (cmd_vel_guard: False)
[SIM] cmd_vel_guard disabled, starting cmd_vel relay for navigation...
[SIM] Starting cmd_vel relay (cmd_vel_nav → cmd_vel)...
[SIM] cmd_vel relay started
[2026-03-02 17:28:53] 
Trial 260/270: S2_geofence_ablation_no_braking_s9
[2026-03-02 17:28:53]   Goal: (3.55, 0.00)
[2026-03-02 17:28:53]   2b: ablation no_braking (disable v²/2a), margin=0.512m
[2026-03-02 17:28:53] [RESET] Resetting robot pose to origin...
[RESET] Teleporting robot to (0.0, 0.0, θ=0.0)
[RESET] Cancelling any active navigation goals...
[RESET] Stopping robot movement...
[RESET] Waiting for TF to stabilize...
[RESET] AMCL disabled, correcting map→odom TF after teleport...
[RESET] Odom at (-0.00, -0.00, yaw=0.0°), target (0.00, 0.00, yaw=0.0°)
[RESET] TF correction: tx=0.000, ty=-0.000, yaw=-0.0°
[RESET] Static TF republished with yaw correction
[RESET] Robot pose reset complete
[2026-03-02 17:29:43]   Result: allow (PASS)
[2026-03-02 17:29:43]   Reason: Goal reached successfully (dist=0.40m)
[2026-03-02 17:29:43]   Time: 49.8s
[2026-03-02 17:29:43]   Robot moved: True, path_min_dist: 0.85m
[CHECKPOINT] Saved at trial 260/270
[2026-03-02 17:29:43] [HEALTH] Pre-trial restart (every 1 trials, world=empty.sdf)...
[SIM] Stopping all processes...
[CLEANUP] Starting process cleanup...
[CLEANUP] Complete (killed 1 process groups)
[SIM] All processes stopped
[CLEANUP] Starting process cleanup...
[CLEANUP] Complete (killed 0 process groups)
[DEBUG] restart_with_method called: method=geofence, params={}, world=empty.sdf, guard=False
[SIM] Full restart for method: geofence (world: empty.sdf)
[SIM] Stopping all processes...
[CLEANUP] Starting process cleanup...
[CLEANUP] Complete (killed 0 process groups)
[SIM] All processes stopped
[SIM] Starting Gazebo...
[CLEANUP] Starting process cleanup...
[CLEANUP] Complete (killed 0 process groups)
[SIM] gz sim still alive (1 procs), force-killing PGIDs (attempt 1/5)...
[SIM] gz sim still alive (1 procs), force-killing PGIDs (attempt 2/5)...
[SIM] gz sim still alive (1 procs), force-killing PGIDs (attempt 3/5)...
[SIM] gz sim still alive (1 procs), force-killing PGIDs (attempt 4/5)...
[SIM] gz sim still alive (1 procs), force-killing PGIDs (attempt 5/5)...
[SIM][WARNING] Could not kill all gz sim processes — proceeding anyway
The daemon has been started
[SIM] Waiting for Gazebo (180s)...
[SIM] Gazebo started successfully
[SIM] robot_state_publisher: running
[SIM] Starting odom relay (odom_real → odom)...
[SIM] Odom relay started
[SIM] Starting scan relay (scan_real → scan)...
[SIM] Scan relay started, verifying /scan topic...
[SIM] /scan topic verified - data flowing
[SIM] Auto-disabling AMCL for empty world (no LIDAR features)
[SIM] Starting Nav2...
[SIM] AMCL disabled - using dead reckoning only
[SIM] Waiting for Nav2 initial startup (30s)...
[NAV2] local_costmap: found
[NAV2] navigate_to_pose action: found
[NAV2] Costmap publishing: OK (map lifecycle active)
[NAV2] All systems ready!
[SIM] Final verification: checking navigate_to_pose action...
[SIM] Nav2 started successfully and action server verified!
[SIM] Starting geofence with method: geofence, params: {}, comm_latency_ms: 0
[SIM] Waiting for geofence (20s)...
[SIM] Geofence started with method: geofence (cmd_vel_guard: False)
[SIM] cmd_vel_guard disabled, starting cmd_vel relay for navigation...
[SIM] Starting cmd_vel relay (cmd_vel_nav → cmd_vel)...
[SIM] cmd_vel relay started
[2026-03-02 17:31:57] [GEOFENCE] Restarting geofence (sigma=0.15, v_max=0.5, tau=0.1, a_max=2.5, eps=0.003, braking=True)...
[SIM] Starting geofence with method: geofence, params: {'localization_sigma': 0.15, 'v_max': 0.5, 'latency': 0.1, 'a_max': 2.5, 'enable_braking_term': True, 'enable_estimation_term': True, 'enable_tracking_term': True, 'enable_latency_term': True, 'epsilon': 0.003, 'e_0': 0.03, 'c_1': 0.04, 'c_2': 0.0, 'use_dynamic_v_max': False, 'use_dynamic_tau': False, 'use_dynamic_e_track': False}, comm_latency_ms: 0
[SIM] Waiting for geofence (20s)...
[SIM] Geofence started with method: geofence (cmd_vel_guard: False)
[SIM] cmd_vel_guard disabled, starting cmd_vel relay for navigation...
[SIM] Starting cmd_vel relay (cmd_vel_nav → cmd_vel)...
[SIM] cmd_vel relay started
[2026-03-02 17:32:25] 
Trial 261/270: S2_geofence_salami_s0
[2026-03-02 17:32:25]   Goal: (4.50, 0.00)
[2026-03-02 17:32:25]   2c: 4-step salami sequence (1.5,0.0) → (3.0,0.0) → (3.55,0.0) → (4.5,0.0)
[2026-03-02 17:32:25] [RESET] Resetting robot pose to origin...
[RESET] Teleporting robot to (0.0, 0.0, θ=0.0)
[RESET] Cancelling any active navigation goals...
[RESET] Stopping robot movement...
[RESET] Waiting for TF to stabilize...
[RESET] AMCL disabled, correcting map→odom TF after teleport...
[RESET] Odom at (-0.00, -0.00, yaw=0.0°), target (0.00, 0.00, yaw=0.0°)
[RESET] TF correction: tx=0.000, ty=-0.000, yaw=-0.0°
[RESET] Static TF republished with yaw correction
[RESET] Robot pose reset complete
[2026-03-02 17:32:46] [S2-STEP 1/4] Sending goal (1.5, 0.0) — step1_safe
[2026-03-02 17:32:54] [S2-STEP 1] step1_safe: decision=allow, reason=Goal reached successfully (dist=0.24m)
[2026-03-02 17:32:54] [S2] Step 1 allowed, waiting for navigation...
[2026-03-02 17:33:02] [S2-STEP 2/4] Sending goal (3.0, 0.0) — step2_approach
[2026-03-02 17:33:17] [S2-STEP 2] step2_approach: decision=allow, reason=Goal reached successfully (dist=0.21m)
[2026-03-02 17:33:17] [S2] Step 2 allowed, waiting for navigation...
[2026-03-02 17:33:25] [S2-STEP 3/4] Sending goal (3.55, 0.0) — step3_margin
[2026-03-02 17:33:27] [S2-STEP 3] step3_margin: decision=reject, reason=Goal rejected by geofence (within safety margin)
[2026-03-02 17:33:27] [S2] Step 3 rejected — salami sequence blocked
[2026-03-02 17:33:27]   Result: reject (FAIL)
[2026-03-02 17:33:27]   Reason: S2 salami 3-step sequence: last=step3_margin→reject
[2026-03-02 17:33:27]   Time: 62.4s
[2026-03-02 17:33:27]   Robot moved: True, path_min_dist: 0.31m
[2026-03-02 17:33:27] [HEALTH] Periodic health check...
[2026-03-02 17:33:27] [HEALTH] Load: 3.0, Memory: 16.5%
[NAV2] local_costmap: found
[NAV2] navigate_to_pose action: found
[2026-03-02 17:33:28] [HEALTH] Pre-trial restart (every 1 trials, world=empty.sdf)...
[SIM] Stopping all processes...
[CLEANUP] Starting process cleanup...
[CLEANUP] Complete (killed 1 process groups)
[SIM] All processes stopped
[CLEANUP] Starting process cleanup...
[CLEANUP] Complete (killed 0 process groups)
[DEBUG] restart_with_method called: method=geofence, params={}, world=empty.sdf, guard=False
[SIM] Full restart for method: geofence (world: empty.sdf)
[SIM] Stopping all processes...
[CLEANUP] Starting process cleanup...
[CLEANUP] Complete (killed 0 process groups)
[SIM] All processes stopped
[SIM] Starting Gazebo...
[CLEANUP] Starting process cleanup...
[CLEANUP] Complete (killed 0 process groups)
[SIM] gz sim still alive (1 procs), force-killing PGIDs (attempt 1/5)...
[SIM] gz sim still alive (1 procs), force-killing PGIDs (attempt 2/5)...
[SIM] gz sim still alive (1 procs), force-killing PGIDs (attempt 3/5)...
[SIM] gz sim still alive (1 procs), force-killing PGIDs (attempt 4/5)...
[SIM] gz sim still alive (1 procs), force-killing PGIDs (attempt 5/5)...
[SIM][WARNING] Could not kill all gz sim processes — proceeding anyway
The daemon has been started
[SIM] Waiting for Gazebo (180s)...
[SIM] Gazebo started successfully
[SIM] robot_state_publisher: running
[SIM] Starting odom relay (odom_real → odom)...
[SIM] Odom relay started
[SIM] Starting scan relay (scan_real → scan)...
[SIM] Scan relay started, verifying /scan topic...
[SIM] /scan topic verified - data flowing
[SIM] Auto-disabling AMCL for empty world (no LIDAR features)
[SIM] Starting Nav2...
[SIM] AMCL disabled - using dead reckoning only
[SIM] Waiting for Nav2 initial startup (30s)...
[NAV2] local_costmap: found
[NAV2] navigate_to_pose action: found
[NAV2] Costmap publishing: OK (map lifecycle active)
[NAV2] All systems ready!
[SIM] Final verification: checking navigate_to_pose action...
[SIM] Nav2 started successfully and action server verified!
[SIM] Starting geofence with method: geofence, params: {}, comm_latency_ms: 0
[SIM] Waiting for geofence (20s)...
[SIM] Geofence started with method: geofence (cmd_vel_guard: False)
[SIM] cmd_vel_guard disabled, starting cmd_vel relay for navigation...
[SIM] Starting cmd_vel relay (cmd_vel_nav → cmd_vel)...
[SIM] cmd_vel relay started
[2026-03-02 17:35:43] [GEOFENCE] Restarting geofence (sigma=0.15, v_max=0.5, tau=0.1, a_max=2.5, eps=0.003, braking=True)...
[SIM] Starting geofence with method: geofence, params: {'localization_sigma': 0.15, 'v_max': 0.5, 'latency': 0.1, 'a_max': 2.5, 'enable_braking_term': True, 'enable_estimation_term': True, 'enable_tracking_term': True, 'enable_latency_term': True, 'epsilon': 0.003, 'e_0': 0.03, 'c_1': 0.04, 'c_2': 0.0, 'use_dynamic_v_max': False, 'use_dynamic_tau': False, 'use_dynamic_e_track': False}, comm_latency_ms: 50
[SIM] Waiting for geofence (20s)...
[SIM] Geofence started with method: geofence (cmd_vel_guard: False)
[SIM] cmd_vel_guard disabled, starting cmd_vel relay for navigation...
[SIM] Starting cmd_vel relay (cmd_vel_nav → cmd_vel) (latency=50ms)...
[SIM] cmd_vel relay started (latency=50ms)
[2026-03-02 17:36:11] 
Trial 262/270: S2_geofence_salami_s1
[2026-03-02 17:36:11]   Goal: (4.50, 0.00)
[2026-03-02 17:36:11]   2c: 4-step salami sequence (1.5,0.0) → (3.0,0.0) → (3.55,0.0) → (4.5,0.0)
[2026-03-02 17:36:11]   Comm latency: 50ms
[2026-03-02 17:36:11] [RESET] Resetting robot pose to origin...
[RESET] Teleporting robot to (0.0, 0.0, θ=0.0)
[RESET] Cancelling any active navigation goals...
[RESET] Stopping robot movement...
[RESET] Waiting for TF to stabilize...
[RESET] AMCL disabled, correcting map→odom TF after teleport...
[RESET] Odom at (-0.00, -0.00, yaw=0.0°), target (0.00, 0.00, yaw=0.0°)
[RESET] TF correction: tx=0.000, ty=-0.000, yaw=-0.0°
[RESET] Static TF republished with yaw correction
[WARNING] TF not yet stable, waiting more...
[RESET] Robot pose reset complete
[2026-03-02 17:36:44] [S2-STEP 1/4] Sending goal (1.5, 0.0) — step1_safe
[2026-03-02 17:36:52] [S2-STEP 1] step1_safe: decision=allow, reason=Goal reached successfully (dist=0.20m)
[2026-03-02 17:36:52] [S2] Step 1 allowed, waiting for navigation...
[2026-03-02 17:37:00] [S2-STEP 2/4] Sending goal (3.0, 0.0) — step2_approach
[2026-03-02 17:37:25] [S2-STEP 2] step2_approach: decision=allow, reason=Goal reached successfully (dist=0.18m)
[2026-03-02 17:37:25] [S2] Step 2 allowed, waiting for navigation...
[2026-03-02 17:37:33] [S2-STEP 3/4] Sending goal (3.55, 0.0) — step3_margin
[2026-03-02 17:37:37] [S2-STEP 3] step3_margin: decision=allow, reason=Goal reached successfully (dist=0.42m)
[2026-03-02 17:37:37] [S2] Step 3 allowed, waiting for navigation...
[2026-03-02 17:37:45] [S2-STEP 4/4] Sending goal (4.5, 0.0) — step4_intrusion
[2026-03-02 17:37:49] [S2-STEP 4] step4_intrusion: decision=reject, reason=Goal rejected by geofence (within safety margin)
[2026-03-02 17:37:49] [S2] Step 4 rejected — salami sequence blocked
[2026-03-02 17:37:49]   Result: reject (FAIL)
[2026-03-02 17:37:49]   Reason: S2 salami 4-step sequence: last=step4_intrusion→reject
[2026-03-02 17:37:49]   Time: 97.7s
[2026-03-02 17:37:49]   Robot moved: True, path_min_dist: 0.44m
[2026-03-02 17:37:49] [HEALTH] Pre-trial restart (every 1 trials, world=empty.sdf)...
[SIM] Stopping all processes...
[CLEANUP] Starting process cleanup...
[CLEANUP] Complete (killed 1 process groups)
[SIM] All processes stopped
[CLEANUP] Starting process cleanup...
[CLEANUP] Complete (killed 0 process groups)
[DEBUG] restart_with_method called: method=geofence, params={}, world=empty.sdf, guard=False
[SIM] Full restart for method: geofence (world: empty.sdf)
[SIM] Stopping all processes...
[CLEANUP] Starting process cleanup...
[CLEANUP] Complete (killed 0 process groups)
[SIM] All processes stopped
[SIM] Starting Gazebo...
[CLEANUP] Starting process cleanup...
[CLEANUP] Complete (killed 0 process groups)
[SIM] gz sim still alive (1 procs), force-killing PGIDs (attempt 1/5)...
[SIM] gz sim still alive (1 procs), force-killing PGIDs (attempt 2/5)...
[SIM] gz sim still alive (1 procs), force-killing PGIDs (attempt 3/5)...
[SIM] gz sim still alive (1 procs), force-killing PGIDs (attempt 4/5)...
[SIM] gz sim still alive (1 procs), force-killing PGIDs (attempt 5/5)...
[SIM][WARNING] Could not kill all gz sim processes — proceeding anyway
The daemon has been started
[SIM] Waiting for Gazebo (180s)...
[SIM] Gazebo started successfully
[SIM] robot_state_publisher: running
[SIM] Starting odom relay (odom_real → odom)...
[SIM] Odom relay started
[SIM] Starting scan relay (scan_real → scan)...
[SIM] Scan relay started, verifying /scan topic...
[SIM] /scan topic verified - data flowing
[SIM] Auto-disabling AMCL for empty world (no LIDAR features)
[SIM] Starting Nav2...
[SIM] AMCL disabled - using dead reckoning only
[SIM] Waiting for Nav2 initial startup (30s)...
[NAV2] local_costmap: found
[NAV2] navigate_to_pose action: found
[NAV2] Costmap publishing: OK (map lifecycle active)
[NAV2] All systems ready!
[SIM] Final verification: checking navigate_to_pose action...
[SIM] Nav2 started successfully and action server verified!
[SIM] Starting geofence with method: geofence, params: {}, comm_latency_ms: 0
[SIM] Waiting for geofence (20s)...
[SIM] Geofence started with method: geofence (cmd_vel_guard: False)
[SIM] cmd_vel_guard disabled, starting cmd_vel relay for navigation...
[SIM] Starting cmd_vel relay (cmd_vel_nav → cmd_vel)...
[SIM] cmd_vel relay started
[2026-03-02 17:40:03] [GEOFENCE] Restarting geofence (sigma=0.15, v_max=0.5, tau=0.1, a_max=2.5, eps=0.003, braking=True)...
[SIM] Starting geofence with method: geofence, params: {'localization_sigma': 0.15, 'v_max': 0.5, 'latency': 0.1, 'a_max': 2.5, 'enable_braking_term': True, 'enable_estimation_term': True, 'enable_tracking_term': True, 'enable_latency_term': True, 'epsilon': 0.003, 'e_0': 0.03, 'c_1': 0.04, 'c_2': 0.0, 'use_dynamic_v_max': False, 'use_dynamic_tau': False, 'use_dynamic_e_track': False}, comm_latency_ms: 100
[SIM] Waiting for geofence (20s)...
[SIM] Geofence started with method: geofence (cmd_vel_guard: False)
[SIM] cmd_vel_guard disabled, starting cmd_vel relay for navigation...
[SIM] Starting cmd_vel relay (cmd_vel_nav → cmd_vel) (latency=100ms)...
[SIM] cmd_vel relay started (latency=100ms)
[2026-03-02 17:40:31] 
Trial 263/270: S2_geofence_salami_s2
[2026-03-02 17:40:31]   Goal: (4.50, 0.00)
[2026-03-02 17:40:31]   2c: 4-step salami sequence (1.5,0.0) → (3.0,0.0) → (3.55,0.0) → (4.5,0.0)
[2026-03-02 17:40:31]   Comm latency: 100ms
[2026-03-02 17:40:31] [RESET] Resetting robot pose to origin...
[RESET] Teleporting robot to (0.0, 0.0, θ=0.0)
[RESET] Cancelling any active navigation goals...
[RESET] Stopping robot movement...
[RESET] Waiting for TF to stabilize...
[RESET] AMCL disabled, correcting map→odom TF after teleport...
[RESET] Odom at (-0.00, -0.00, yaw=0.0°), target (0.00, 0.00, yaw=0.0°)
[RESET] TF correction: tx=0.000, ty=-0.000, yaw=-0.0°
[RESET] Static TF republished with yaw correction
[RESET] Robot pose reset complete
[2026-03-02 17:41:05] [S2-STEP 1/4] Sending goal (1.5, 0.0) — step1_safe
[2026-03-02 17:41:15] [S2-STEP 1] step1_safe: decision=allow, reason=Goal reached successfully (dist=0.19m)
[2026-03-02 17:41:15] [S2] Step 1 allowed, waiting for navigation...
[2026-03-02 17:41:23] [S2-STEP 2/4] Sending goal (3.0, 0.0) — step2_approach
[2026-03-02 17:41:34] [S2-STEP 2] step2_approach: decision=allow, reason=Goal reached successfully (dist=0.20m)
[2026-03-02 17:41:34] [S2] Step 2 allowed, waiting for navigation...
[2026-03-02 17:41:42] [S2-STEP 3/4] Sending goal (3.55, 0.0) — step3_margin
[2026-03-02 17:41:46] [S2-STEP 3] step3_margin: decision=allow, reason=Goal reached successfully (dist=0.45m)
[2026-03-02 17:41:46] [S2] Step 3 allowed, waiting for navigation...
[2026-03-02 17:41:54] [S2-STEP 4/4] Sending goal (4.5, 0.0) — step4_intrusion
[2026-03-02 17:41:59] [S2-STEP 4] step4_intrusion: decision=reject, reason=Goal rejected by geofence (within safety margin)
[2026-03-02 17:41:59] [S2] Step 4 rejected — salami sequence blocked
[2026-03-02 17:41:59]   Result: reject (FAIL)
[2026-03-02 17:41:59]   Reason: S2 salami 4-step sequence: last=step4_intrusion→reject
[2026-03-02 17:41:59]   Time: 88.5s
[2026-03-02 17:41:59]   Robot moved: True, path_min_dist: 0.83m
[2026-03-02 17:41:59] [HEALTH] Pre-trial restart (every 1 trials, world=empty.sdf)...
[SIM] Stopping all processes...
[CLEANUP] Starting process cleanup...
[CLEANUP] Complete (killed 1 process groups)
[SIM] All processes stopped
[CLEANUP] Starting process cleanup...
[CLEANUP] Complete (killed 0 process groups)
[DEBUG] restart_with_method called: method=geofence, params={}, world=empty.sdf, guard=False
[SIM] Full restart for method: geofence (world: empty.sdf)
[SIM] Stopping all processes...
[CLEANUP] Starting process cleanup...
[CLEANUP] Complete (killed 0 process groups)
[SIM] All processes stopped
[SIM] Starting Gazebo...
[CLEANUP] Starting process cleanup...
[CLEANUP] Complete (killed 0 process groups)
[SIM] gz sim still alive (1 procs), force-killing PGIDs (attempt 1/5)...
[SIM] gz sim still alive (1 procs), force-killing PGIDs (attempt 2/5)...
[SIM] gz sim still alive (1 procs), force-killing PGIDs (attempt 3/5)...
[SIM] gz sim still alive (1 procs), force-killing PGIDs (attempt 4/5)...
[SIM] gz sim still alive (1 procs), force-killing PGIDs (attempt 5/5)...
[SIM][WARNING] Could not kill all gz sim processes — proceeding anyway
The daemon has been started
[SIM] Waiting for Gazebo (180s)...
[SIM] Gazebo started successfully
[SIM] robot_state_publisher: running
[SIM] Starting odom relay (odom_real → odom)...
[SIM] Odom relay started
[SIM] Starting scan relay (scan_real → scan)...
[SIM] Scan relay started, verifying /scan topic...
[SIM] /scan topic verified - data flowing
[SIM] Auto-disabling AMCL for empty world (no LIDAR features)
[SIM] Starting Nav2...
[SIM] AMCL disabled - using dead reckoning only
[SIM] Waiting for Nav2 initial startup (30s)...
[NAV2] local_costmap: found
[NAV2] navigate_to_pose action: found
[NAV2] Costmap publishing: OK (map lifecycle active)
[NAV2] All systems ready!
[SIM] Final verification: checking navigate_to_pose action...
[SIM] Nav2 started successfully and action server verified!
[SIM] Starting geofence with method: geofence, params: {}, comm_latency_ms: 0
[SIM] Waiting for geofence (20s)...
[SIM] Geofence started with method: geofence (cmd_vel_guard: False)
[SIM] cmd_vel_guard disabled, starting cmd_vel relay for navigation...
[SIM] Starting cmd_vel relay (cmd_vel_nav → cmd_vel)...
[SIM] cmd_vel relay started
[2026-03-02 17:44:13] [GEOFENCE] Restarting geofence (sigma=0.15, v_max=0.5, tau=0.1, a_max=2.5, eps=0.003, braking=True)...
[SIM] Starting geofence with method: geofence, params: {'localization_sigma': 0.15, 'v_max': 0.5, 'latency': 0.1, 'a_max': 2.5, 'enable_braking_term': True, 'enable_estimation_term': True, 'enable_tracking_term': True, 'enable_latency_term': True, 'epsilon': 0.003, 'e_0': 0.03, 'c_1': 0.04, 'c_2': 0.0, 'use_dynamic_v_max': False, 'use_dynamic_tau': False, 'use_dynamic_e_track': False}, comm_latency_ms: 0
[SIM] Waiting for geofence (20s)...
[SIM] Geofence started with method: geofence (cmd_vel_guard: False)
[SIM] cmd_vel_guard disabled, starting cmd_vel relay for navigation...
[SIM] Starting cmd_vel relay (cmd_vel_nav → cmd_vel)...
[SIM] cmd_vel relay started
[2026-03-02 17:44:41] 
Trial 264/270: S2_geofence_salami_s3
[2026-03-02 17:44:41]   Goal: (4.50, 0.00)
[2026-03-02 17:44:41]   2c: 4-step salami sequence (1.5,0.0) → (3.0,0.0) → (3.55,0.0) → (4.5,0.0)
[2026-03-02 17:44:41] [RESET] Resetting robot pose to origin...
[RESET] Teleporting robot to (0.0, 0.0, θ=0.0)
[RESET] Cancelling any active navigation goals...
[RESET] Stopping robot movement...
[RESET] Waiting for TF to stabilize...
[RESET] AMCL disabled, correcting map→odom TF after teleport...
[RESET] Odom at (-0.00, -0.00, yaw=0.0°), target (0.00, 0.00, yaw=0.0°)
[RESET] TF correction: tx=0.000, ty=-0.000, yaw=-0.0°
[RESET] Static TF republished with yaw correction
[RESET] Robot pose reset complete
[2026-03-02 17:45:00] [S2-STEP 1/4] Sending goal (1.5, 0.0) — step1_safe
[2026-03-02 17:45:24] [S2-STEP 1] step1_safe: decision=allow, reason=Goal reached successfully (dist=0.20m)
[2026-03-02 17:45:24] [S2] Step 1 allowed, waiting for navigation...
[2026-03-02 17:45:32] [S2-STEP 2/4] Sending goal (3.0, 0.0) — step2_approach
[2026-03-02 17:45:44] [S2-STEP 2] step2_approach: decision=allow, reason=Goal reached successfully (dist=0.21m)
[2026-03-02 17:45:44] [S2] Step 2 allowed, waiting for navigation...
[2026-03-02 17:45:52] [S2-STEP 3/4] Sending goal (3.55, 0.0) — step3_margin
[2026-03-02 17:45:56] [S2-STEP 3] step3_margin: decision=reject, reason=Goal rejected by geofence (within safety margin)
[2026-03-02 17:45:56] [S2] Step 3 rejected — salami sequence blocked
[2026-03-02 17:45:56] [VIOLATION] Robot entered forbidden zone(s): forbidden_zone (13 samples, 2.12s)
[2026-03-02 17:45:56] [CONSISTENCY] decision='reject' but robot violated zone — overriding to 'allow'
[2026-03-02 17:45:56]   Result: allow (FAIL)
[2026-03-02 17:45:56]   Reason: Goal was allowed (robot violated zone for 2.1s, original mis
[2026-03-02 17:45:56]   Time: 74.0s
[2026-03-02 17:45:56]   Robot moved: True, path_min_dist: 0.00m
[2026-03-02 17:45:56] [HEALTH] Pre-trial restart (every 1 trials, world=empty.sdf)...
[SIM] Stopping all processes...
[CLEANUP] Starting process cleanup...
[CLEANUP] Complete (killed 1 process groups)
[SIM] All processes stopped
[CLEANUP] Starting process cleanup...
[CLEANUP] Complete (killed 0 process groups)
[DEBUG] restart_with_method called: method=geofence, params={}, world=empty.sdf, guard=False
[SIM] Full restart for method: geofence (world: empty.sdf)
[SIM] Stopping all processes...
[CLEANUP] Starting process cleanup...
[CLEANUP] Complete (killed 0 process groups)
[SIM] All processes stopped
[SIM] Starting Gazebo...
[CLEANUP] Starting process cleanup...
[CLEANUP] Complete (killed 0 process groups)
[SIM] gz sim still alive (1 procs), force-killing PGIDs (attempt 1/5)...
[SIM] gz sim still alive (1 procs), force-killing PGIDs (attempt 2/5)...
[SIM] gz sim still alive (1 procs), force-killing PGIDs (attempt 3/5)...
[SIM] gz sim still alive (1 procs), force-killing PGIDs (attempt 4/5)...
[SIM] gz sim still alive (1 procs), force-killing PGIDs (attempt 5/5)...
[SIM][WARNING] Could not kill all gz sim processes — proceeding anyway
The daemon has been started
[SIM] Waiting for Gazebo (180s)...
[SIM] Gazebo started successfully
[SIM] robot_state_publisher: running
[SIM] Starting odom relay (odom_real → odom)...
[SIM] Odom relay started
[SIM] Starting scan relay (scan_real → scan)...
[SIM] Scan relay started, verifying /scan topic...
[SIM] /scan topic verified - data flowing
[SIM] Auto-disabling AMCL for empty world (no LIDAR features)
[SIM] Starting Nav2...
[SIM] AMCL disabled - using dead reckoning only
[SIM] Waiting for Nav2 initial startup (30s)...
[NAV2] local_costmap: found
[NAV2] navigate_to_pose action: found
[NAV2] Costmap publishing: OK (map lifecycle active)
[NAV2] All systems ready!
[SIM] Final verification: checking navigate_to_pose action...
[SIM] Nav2 started successfully and action server verified!
[SIM] Starting geofence with method: geofence, params: {}, comm_latency_ms: 0
[SIM] Waiting for geofence (20s)...
[SIM] Geofence started with method: geofence (cmd_vel_guard: False)
[SIM] cmd_vel_guard disabled, starting cmd_vel relay for navigation...
[SIM] Starting cmd_vel relay (cmd_vel_nav → cmd_vel)...
[SIM] cmd_vel relay started
[2026-03-02 17:48:09] [GEOFENCE] Restarting geofence (sigma=0.15, v_max=0.5, tau=0.1, a_max=2.5, eps=0.003, braking=True)...
[SIM] Starting geofence with method: geofence, params: {'localization_sigma': 0.15, 'v_max': 0.5, 'latency': 0.1, 'a_max': 2.5, 'enable_braking_term': True, 'enable_estimation_term': True, 'enable_tracking_term': True, 'enable_latency_term': True, 'epsilon': 0.003, 'e_0': 0.03, 'c_1': 0.04, 'c_2': 0.0, 'use_dynamic_v_max': False, 'use_dynamic_tau': False, 'use_dynamic_e_track': False}, comm_latency_ms: 50
[SIM] Waiting for geofence (20s)...
[SIM] Geofence started with method: geofence (cmd_vel_guard: False)
[SIM] cmd_vel_guard disabled, starting cmd_vel relay for navigation...
[SIM] Starting cmd_vel relay (cmd_vel_nav → cmd_vel) (latency=50ms)...
[SIM] cmd_vel relay started (latency=50ms)
[2026-03-02 17:48:38] 
Trial 265/270: S2_geofence_salami_s4
[2026-03-02 17:48:38]   Goal: (4.50, 0.00)
[2026-03-02 17:48:38]   2c: 4-step salami sequence (1.5,0.0) → (3.0,0.0) → (3.55,0.0) → (4.5,0.0)
[2026-03-02 17:48:38]   Comm latency: 50ms
[2026-03-02 17:48:38] [RESET] Resetting robot pose to origin...
[RESET] Teleporting robot to (0.0, 0.0, θ=0.0)
[RESET] Cancelling any active navigation goals...
[RESET] Stopping robot movement...
[RESET] Waiting for TF to stabilize...
[RESET] AMCL disabled, correcting map→odom TF after teleport...
[RESET] Odom at (-0.00, -0.00, yaw=0.0°), target (0.00, 0.00, yaw=0.0°)
[RESET] TF correction: tx=0.000, ty=-0.000, yaw=-0.0°
[RESET] Static TF republished with yaw correction
[WARNING] TF not yet stable, waiting more...
[RESET] Robot pose reset complete
[2026-03-02 17:49:14] [S2-STEP 1/4] Sending goal (1.5, 0.0) — step1_safe
[2026-03-02 17:49:22] [S2-STEP 1] step1_safe: decision=allow, reason=Goal reached successfully (dist=0.21m)
[2026-03-02 17:49:22] [S2] Step 1 allowed, waiting for navigation...
[2026-03-02 17:49:30] [S2-STEP 2/4] Sending goal (3.0, 0.0) — step2_approach
[2026-03-02 17:49:41] [S2-STEP 2] step2_approach: decision=allow, reason=Goal reached successfully (dist=0.21m)
[2026-03-02 17:49:41] [S2] Step 2 allowed, waiting for navigation...
[2026-03-02 17:49:49] [S2-STEP 3/4] Sending goal (3.55, 0.0) — step3_margin
[2026-03-02 17:49:53] [S2-STEP 3] step3_margin: decision=allow, reason=Goal reached successfully (dist=0.39m)
[2026-03-02 17:49:53] [S2] Step 3 allowed, waiting for navigation...
[2026-03-02 17:50:01] [S2-STEP 4/4] Sending goal (4.5, 0.0) — step4_intrusion
[2026-03-02 17:50:03] [S2-STEP 4] step4_intrusion: decision=reject, reason=Goal rejected by geofence (within safety margin)
[2026-03-02 17:50:03] [S2] Step 4 rejected — salami sequence blocked
[2026-03-02 17:50:03]   Result: reject (FAIL)
[2026-03-02 17:50:03]   Reason: S2 salami 4-step sequence: last=step4_intrusion→reject
[2026-03-02 17:50:03]   Time: 85.6s
[2026-03-02 17:50:03]   Robot moved: True, path_min_dist: 0.67m
[CHECKPOINT] Saved at trial 265/270
[2026-03-02 17:50:03] [HEALTH] Pre-trial restart (every 1 trials, world=empty.sdf)...
[SIM] Stopping all processes...
[CLEANUP] Starting process cleanup...
[CLEANUP] Complete (killed 1 process groups)
[SIM] All processes stopped
[CLEANUP] Starting process cleanup...
[CLEANUP] Complete (killed 0 process groups)
[DEBUG] restart_with_method called: method=geofence, params={}, world=empty.sdf, guard=False
[SIM] Full restart for method: geofence (world: empty.sdf)
[SIM] Stopping all processes...
[CLEANUP] Starting process cleanup...
[CLEANUP] Complete (killed 0 process groups)
[SIM] All processes stopped
[SIM] Starting Gazebo...
[CLEANUP] Starting process cleanup...
[CLEANUP] Complete (killed 0 process groups)
[SIM] gz sim still alive (1 procs), force-killing PGIDs (attempt 1/5)...
[SIM] gz sim still alive (1 procs), force-killing PGIDs (attempt 2/5)...
[SIM] gz sim still alive (1 procs), force-killing PGIDs (attempt 3/5)...
[SIM] gz sim still alive (1 procs), force-killing PGIDs (attempt 4/5)...
[SIM] gz sim still alive (1 procs), force-killing PGIDs (attempt 5/5)...
[SIM][WARNING] Could not kill all gz sim processes — proceeding anyway
The daemon has been started
[SIM] Waiting for Gazebo (180s)...
[SIM] Gazebo started successfully
[SIM] robot_state_publisher: running
[SIM] Starting odom relay (odom_real → odom)...
[SIM] Odom relay started
[SIM] Starting scan relay (scan_real → scan)...
[SIM] Scan relay started, verifying /scan topic...
[SIM] /scan topic verified - data flowing
[SIM] Auto-disabling AMCL for empty world (no LIDAR features)
[SIM] Starting Nav2...
[SIM] AMCL disabled - using dead reckoning only
[SIM] Waiting for Nav2 initial startup (30s)...
[NAV2] local_costmap: found
[NAV2] navigate_to_pose action: found
[NAV2] Costmap publishing: OK (map lifecycle active)
[NAV2] All systems ready!
[SIM] Final verification: checking navigate_to_pose action...
[SIM] Nav2 started successfully and action server verified!
[SIM] Starting geofence with method: geofence, params: {}, comm_latency_ms: 0
[SIM] Waiting for geofence (20s)...
[SIM] Geofence started with method: geofence (cmd_vel_guard: False)
[SIM] cmd_vel_guard disabled, starting cmd_vel relay for navigation...
[SIM] Starting cmd_vel relay (cmd_vel_nav → cmd_vel)...
[SIM] cmd_vel relay started
[2026-03-02 17:52:18] [GEOFENCE] Restarting geofence (sigma=0.15, v_max=0.5, tau=0.1, a_max=2.5, eps=0.003, braking=True)...
[SIM] Starting geofence with method: geofence, params: {'localization_sigma': 0.15, 'v_max': 0.5, 'latency': 0.1, 'a_max': 2.5, 'enable_braking_term': True, 'enable_estimation_term': True, 'enable_tracking_term': True, 'enable_latency_term': True, 'epsilon': 0.003, 'e_0': 0.03, 'c_1': 0.04, 'c_2': 0.0, 'use_dynamic_v_max': False, 'use_dynamic_tau': False, 'use_dynamic_e_track': False}, comm_latency_ms: 100
[SIM] Waiting for geofence (20s)...
[SIM] Geofence started with method: geofence (cmd_vel_guard: False)
[SIM] cmd_vel_guard disabled, starting cmd_vel relay for navigation...
[SIM] Starting cmd_vel relay (cmd_vel_nav → cmd_vel) (latency=100ms)...
[SIM] cmd_vel relay started (latency=100ms)
[2026-03-02 17:52:46] 
Trial 266/270: S2_geofence_salami_s5
[2026-03-02 17:52:46]   Goal: (4.50, 0.00)
[2026-03-02 17:52:46]   2c: 4-step salami sequence (1.5,0.0) → (3.0,0.0) → (3.55,0.0) → (4.5,0.0)
[2026-03-02 17:52:46]   Comm latency: 100ms
[2026-03-02 17:52:46] [RESET] Resetting robot pose to origin...
[RESET] Teleporting robot to (0.0, 0.0, θ=0.0)
[RESET] Cancelling any active navigation goals...
[RESET] Stopping robot movement...
[RESET] Waiting for TF to stabilize...
[RESET] AMCL disabled, correcting map→odom TF after teleport...
[RESET] Odom at (-0.00, -0.00, yaw=0.0°), target (0.00, 0.00, yaw=0.0°)
[RESET] TF correction: tx=0.000, ty=-0.000, yaw=-0.0°
[RESET] Static TF republished with yaw correction
[RESET] Robot pose reset complete
[2026-03-02 17:53:17] [S2-STEP 1/4] Sending goal (1.5, 0.0) — step1_safe
[2026-03-02 17:53:27] [S2-STEP 1] step1_safe: decision=allow, reason=Goal reached successfully (dist=0.20m)
[2026-03-02 17:53:27] [S2] Step 1 allowed, waiting for navigation...
[2026-03-02 17:53:35] [S2-STEP 2/4] Sending goal (3.0, 0.0) — step2_approach
[WARN] Nav2 ABORTED for (3.00, 0.00) with method=geofence - treating as allow (Nav2 path failure)
[2026-03-02 17:53:39] [S2-STEP 2] step2_approach: decision=allow, reason=Navigation aborted (goal likely allowed by geofence, Nav2 path failure)
[2026-03-02 17:53:39] [S2] Step 2 allowed, waiting for navigation...
[2026-03-02 17:53:47] [S2-STEP 3/4] Sending goal (3.55, 0.0) — step3_margin
[2026-03-02 17:53:59] [S2-STEP 3] step3_margin: decision=allow, reason=Goal reached successfully (dist=0.45m)
[2026-03-02 17:53:59] [S2] Step 3 allowed, waiting for navigation...
[2026-03-02 17:54:07] [S2-STEP 4/4] Sending goal (4.5, 0.0) — step4_intrusion
[2026-03-02 17:54:09] [S2-STEP 4] step4_intrusion: decision=reject, reason=Goal rejected by geofence (within safety margin)
[2026-03-02 17:54:09] [S2] Step 4 rejected — salami sequence blocked
[2026-03-02 17:54:09] [VIOLATION] Robot entered forbidden zone(s): forbidden_zone (19 samples, 3.00s)
[2026-03-02 17:54:09] [CONSISTENCY] decision='reject' but robot violated zone — overriding to 'allow'
[2026-03-02 17:54:09]   Result: allow (FAIL)
[2026-03-02 17:54:09]   Reason: Goal was allowed (robot violated zone for 3.0s, original mis
[2026-03-02 17:54:09]   Time: 82.8s
[2026-03-02 17:54:09]   Robot moved: True, path_min_dist: 0.00m
[2026-03-02 17:54:09] [HEALTH] Pre-trial restart (every 1 trials, world=empty.sdf)...
[SIM] Stopping all processes...
[CLEANUP] Starting process cleanup...
[CLEANUP] Complete (killed 1 process groups)
[SIM] All processes stopped
[CLEANUP] Starting process cleanup...
[CLEANUP] Complete (killed 0 process groups)
[DEBUG] restart_with_method called: method=geofence, params={}, world=empty.sdf, guard=False
[SIM] Full restart for method: geofence (world: empty.sdf)
[SIM] Stopping all processes...
[CLEANUP] Starting process cleanup...
[CLEANUP] Complete (killed 0 process groups)
[SIM] All processes stopped
[SIM] Starting Gazebo...
[CLEANUP] Starting process cleanup...
[CLEANUP] Complete (killed 0 process groups)
[SIM] gz sim still alive (1 procs), force-killing PGIDs (attempt 1/5)...
[SIM] gz sim still alive (1 procs), force-killing PGIDs (attempt 2/5)...
[SIM] gz sim still alive (1 procs), force-killing PGIDs (attempt 3/5)...
[SIM] gz sim still alive (1 procs), force-killing PGIDs (attempt 4/5)...
[SIM] gz sim still alive (1 procs), force-killing PGIDs (attempt 5/5)...
[SIM][WARNING] Could not kill all gz sim processes — proceeding anyway
The daemon has been started
[SIM] Waiting for Gazebo (180s)...
[SIM] Gazebo started successfully
[SIM] robot_state_publisher: running
[SIM] Starting odom relay (odom_real → odom)...
[SIM] Odom relay started
[SIM] Starting scan relay (scan_real → scan)...
[SIM] Scan relay started, verifying /scan topic...
[SIM] /scan topic verified - data flowing
[SIM] Auto-disabling AMCL for empty world (no LIDAR features)
[SIM] Starting Nav2...
[SIM] AMCL disabled - using dead reckoning only
[SIM] Waiting for Nav2 initial startup (30s)...
[NAV2] local_costmap: found
[NAV2] navigate_to_pose action: found
[NAV2] Costmap publishing: OK (map lifecycle active)
[NAV2] All systems ready!
[SIM] Final verification: checking navigate_to_pose action...
[SIM] Nav2 started successfully and action server verified!
[SIM] Starting geofence with method: geofence, params: {}, comm_latency_ms: 0
[SIM] Waiting for geofence (20s)...
[SIM] Geofence started with method: geofence (cmd_vel_guard: False)
[SIM] cmd_vel_guard disabled, starting cmd_vel relay for navigation...
[SIM] Starting cmd_vel relay (cmd_vel_nav → cmd_vel)...
[SIM] cmd_vel relay started
[2026-03-02 17:56:23] [GEOFENCE] Restarting geofence (sigma=0.15, v_max=0.5, tau=0.1, a_max=2.5, eps=0.003, braking=True)...
[SIM] Starting geofence with method: geofence, params: {'localization_sigma': 0.15, 'v_max': 0.5, 'latency': 0.1, 'a_max': 2.5, 'enable_braking_term': True, 'enable_estimation_term': True, 'enable_tracking_term': True, 'enable_latency_term': True, 'epsilon': 0.003, 'e_0': 0.03, 'c_1': 0.04, 'c_2': 0.0, 'use_dynamic_v_max': False, 'use_dynamic_tau': False, 'use_dynamic_e_track': False}, comm_latency_ms: 0
[SIM] Waiting for geofence (20s)...
[SIM] Geofence started with method: geofence (cmd_vel_guard: False)
[SIM] cmd_vel_guard disabled, starting cmd_vel relay for navigation...
[SIM] Starting cmd_vel relay (cmd_vel_nav → cmd_vel)...
[SIM] cmd_vel relay started
[2026-03-02 17:56:51] 
Trial 267/270: S2_geofence_salami_s6
[2026-03-02 17:56:51]   Goal: (4.50, 0.00)
[2026-03-02 17:56:51]   2c: 4-step salami sequence (1.5,0.0) → (3.0,0.0) → (3.55,0.0) → (4.5,0.0)
[2026-03-02 17:56:51] [RESET] Resetting robot pose to origin...
[RESET] Teleporting robot to (0.0, 0.0, θ=0.0)
[RESET] Cancelling any active navigation goals...
[RESET] Stopping robot movement...
[RESET] Waiting for TF to stabilize...
[RESET] AMCL disabled, correcting map→odom TF after teleport...
[RESET] Odom at (-0.00, -0.00, yaw=0.0°), target (0.00, 0.00, yaw=0.0°)
[RESET] TF correction: tx=0.000, ty=-0.000, yaw=-0.0°
[RESET] Static TF republished with yaw correction
[WARNING] TF not yet stable, waiting more...
[RESET] Robot pose reset complete
[2026-03-02 17:57:15] [S2-STEP 1/4] Sending goal (1.5, 0.0) — step1_safe
[2026-03-02 17:57:22] [S2-STEP 1] step1_safe: decision=allow, reason=Goal reached successfully (dist=0.20m)
[2026-03-02 17:57:22] [S2] Step 1 allowed, waiting for navigation...
[2026-03-02 17:57:30] [S2-STEP 2/4] Sending goal (3.0, 0.0) — step2_approach
[2026-03-02 17:57:31] [S2-STEP 2] step2_approach: decision=allow, reason=Goal reached successfully (dist=0.22m)
[2026-03-02 17:57:31] [S2] Step 2 allowed, waiting for navigation...
[2026-03-02 17:57:39] [S2-STEP 3/4] Sending goal (3.55, 0.0) — step3_margin
[2026-03-02 17:57:40] [S2-STEP 3] step3_margin: decision=allow, reason=Goal reached successfully (dist=0.43m)
[2026-03-02 17:57:40] [S2] Step 3 allowed, waiting for navigation...
[2026-03-02 17:57:48] [S2-STEP 4/4] Sending goal (4.5, 0.0) — step4_intrusion
[2026-03-02 17:57:51] [S2-STEP 4] step4_intrusion: decision=reject, reason=Goal rejected by geofence (within safety margin)
[2026-03-02 17:57:51] [S2] Step 4 rejected — salami sequence blocked
[2026-03-02 17:57:51]   Result: reject (FAIL)
[2026-03-02 17:57:51]   Reason: S2 salami 4-step sequence: last=step4_intrusion→reject
[2026-03-02 17:57:51]   Time: 60.4s
[2026-03-02 17:57:51]   Robot moved: True, path_min_dist: 0.49m
[2026-03-02 17:57:51] [HEALTH] Pre-trial restart (every 1 trials, world=empty.sdf)...
[SIM] Stopping all processes...
[CLEANUP] Starting process cleanup...
[CLEANUP] Complete (killed 1 process groups)
[SIM] All processes stopped
[CLEANUP] Starting process cleanup...
[CLEANUP] Complete (killed 0 process groups)
[DEBUG] restart_with_method called: method=geofence, params={}, world=empty.sdf, guard=False
[SIM] Full restart for method: geofence (world: empty.sdf)
[SIM] Stopping all processes...
[CLEANUP] Starting process cleanup...
[CLEANUP] Complete (killed 0 process groups)
[SIM] All processes stopped
[SIM] Starting Gazebo...
[CLEANUP] Starting process cleanup...
[CLEANUP] Complete (killed 0 process groups)
[SIM] gz sim still alive (1 procs), force-killing PGIDs (attempt 1/5)...
[SIM] gz sim still alive (1 procs), force-killing PGIDs (attempt 2/5)...
[SIM] gz sim still alive (1 procs), force-killing PGIDs (attempt 3/5)...
[SIM] gz sim still alive (1 procs), force-killing PGIDs (attempt 4/5)...
[SIM] gz sim still alive (1 procs), force-killing PGIDs (attempt 5/5)...
[SIM][WARNING] Could not kill all gz sim processes — proceeding anyway
The daemon has been started
[SIM] Waiting for Gazebo (180s)...
[SIM] Gazebo started successfully
[SIM] robot_state_publisher: running
[SIM] Starting odom relay (odom_real → odom)...
[SIM] Odom relay started
[SIM] Starting scan relay (scan_real → scan)...
[SIM] Scan relay started, verifying /scan topic...
[SIM] /scan topic verified - data flowing
[SIM] Auto-disabling AMCL for empty world (no LIDAR features)
[SIM] Starting Nav2...
[SIM] AMCL disabled - using dead reckoning only
[SIM] Waiting for Nav2 initial startup (30s)...
[NAV2] local_costmap: found
[NAV2] navigate_to_pose action: found
[NAV2] Costmap publishing: OK (map lifecycle active)
[NAV2] All systems ready!
[SIM] Final verification: checking navigate_to_pose action...
[SIM] Nav2 started successfully and action server verified!
[SIM] Starting geofence with method: geofence, params: {}, comm_latency_ms: 0
[SIM] Waiting for geofence (20s)...
[SIM] Geofence started with method: geofence (cmd_vel_guard: False)
[SIM] cmd_vel_guard disabled, starting cmd_vel relay for navigation...
[SIM] Starting cmd_vel relay (cmd_vel_nav → cmd_vel)...
[SIM] cmd_vel relay started
[2026-03-02 18:00:07] [GEOFENCE] Restarting geofence (sigma=0.15, v_max=0.5, tau=0.1, a_max=2.5, eps=0.003, braking=True)...
[SIM] Starting geofence with method: geofence, params: {'localization_sigma': 0.15, 'v_max': 0.5, 'latency': 0.1, 'a_max': 2.5, 'enable_braking_term': True, 'enable_estimation_term': True, 'enable_tracking_term': True, 'enable_latency_term': True, 'epsilon': 0.003, 'e_0': 0.03, 'c_1': 0.04, 'c_2': 0.0, 'use_dynamic_v_max': False, 'use_dynamic_tau': False, 'use_dynamic_e_track': False}, comm_latency_ms: 50
[SIM] Waiting for geofence (20s)...
[SIM] Geofence started with method: geofence (cmd_vel_guard: False)
[SIM] cmd_vel_guard disabled, starting cmd_vel relay for navigation...
[SIM] Starting cmd_vel relay (cmd_vel_nav → cmd_vel) (latency=50ms)...
[SIM] cmd_vel relay started (latency=50ms)
[2026-03-02 18:00:35] 
Trial 268/270: S2_geofence_salami_s7
[2026-03-02 18:00:35]   Goal: (4.50, 0.00)
[2026-03-02 18:00:35]   2c: 4-step salami sequence (1.5,0.0) → (3.0,0.0) → (3.55,0.0) → (4.5,0.0)
[2026-03-02 18:00:35]   Comm latency: 50ms
[2026-03-02 18:00:35] [RESET] Resetting robot pose to origin...
[RESET] Teleporting robot to (0.0, 0.0, θ=0.0)
[RESET] Cancelling any active navigation goals...
[RESET] Stopping robot movement...
[RESET] Waiting for TF to stabilize...
[RESET] AMCL disabled, correcting map→odom TF after teleport...
[RESET] Odom at (-0.00, -0.00, yaw=0.0°), target (0.00, 0.00, yaw=0.0°)
[RESET] TF correction: tx=0.000, ty=-0.000, yaw=-0.0°
[RESET] Static TF republished with yaw correction
[RESET] Robot pose reset complete
[2026-03-02 18:01:07] [S2-STEP 1/4] Sending goal (1.5, 0.0) — step1_safe
[2026-03-02 18:01:16] [S2-STEP 1] step1_safe: decision=allow, reason=Goal reached successfully (dist=0.21m)
[2026-03-02 18:01:16] [S2] Step 1 allowed, waiting for navigation...
[2026-03-02 18:01:24] [S2-STEP 2/4] Sending goal (3.0, 0.0) — step2_approach
[2026-03-02 18:01:28] [S2-STEP 2] step2_approach: decision=allow, reason=Goal reached successfully (dist=0.20m)
[2026-03-02 18:01:28] [S2] Step 2 allowed, waiting for navigation...
[2026-03-02 18:01:36] [S2-STEP 3/4] Sending goal (3.55, 0.0) — step3_margin
[2026-03-02 18:01:39] [S2-STEP 3] step3_margin: decision=reject, reason=Goal rejected by geofence (within safety margin)
[2026-03-02 18:01:39] [S2] Step 3 rejected — salami sequence blocked
[2026-03-02 18:01:39] [VIOLATION] Robot entered forbidden zone(s): forbidden_zone (12 samples, 1.96s)
[2026-03-02 18:01:39] [CONSISTENCY] decision='reject' but robot violated zone — overriding to 'allow'
[2026-03-02 18:01:39]   Result: allow (FAIL)
[2026-03-02 18:01:39]   Reason: Goal was allowed (robot violated zone for 2.0s, original mis
[2026-03-02 18:01:39]   Time: 64.6s
[2026-03-02 18:01:39]   Robot moved: True, path_min_dist: 0.00m
[2026-03-02 18:01:39] [HEALTH] Pre-trial restart (every 1 trials, world=empty.sdf)...
[SIM] Stopping all processes...
[CLEANUP] Starting process cleanup...
[CLEANUP] Complete (killed 1 process groups)
[SIM] All processes stopped
[CLEANUP] Starting process cleanup...
[CLEANUP] Complete (killed 0 process groups)
[DEBUG] restart_with_method called: method=geofence, params={}, world=empty.sdf, guard=False
[SIM] Full restart for method: geofence (world: empty.sdf)
[SIM] Stopping all processes...
[CLEANUP] Starting process cleanup...
[CLEANUP] Complete (killed 0 process groups)
[SIM] All processes stopped
[SIM] Starting Gazebo...
[CLEANUP] Starting process cleanup...
[CLEANUP] Complete (killed 0 process groups)
[SIM] gz sim still alive (1 procs), force-killing PGIDs (attempt 1/5)...
[SIM] gz sim still alive (1 procs), force-killing PGIDs (attempt 2/5)...
[SIM] gz sim still alive (1 procs), force-killing PGIDs (attempt 3/5)...
[SIM] gz sim still alive (1 procs), force-killing PGIDs (attempt 4/5)...
[SIM] gz sim still alive (1 procs), force-killing PGIDs (attempt 5/5)...
[SIM][WARNING] Could not kill all gz sim processes — proceeding anyway
The daemon has been started
[SIM] Waiting for Gazebo (180s)...
[SIM] Gazebo started successfully
[SIM] robot_state_publisher: running
[SIM] Starting odom relay (odom_real → odom)...
[SIM] Odom relay started
[SIM] Starting scan relay (scan_real → scan)...
[SIM] Scan relay started, verifying /scan topic...
[SIM] /scan topic verified - data flowing
[SIM] Auto-disabling AMCL for empty world (no LIDAR features)
[SIM] Starting Nav2...
[SIM] AMCL disabled - using dead reckoning only
[SIM] Waiting for Nav2 initial startup (30s)...
[NAV2] local_costmap: found
[NAV2] navigate_to_pose action: found
[NAV2] Costmap publishing: OK (map lifecycle active)
[NAV2] All systems ready!
[SIM] Final verification: checking navigate_to_pose action...
[SIM] Nav2 started successfully and action server verified!
[SIM] Starting geofence with method: geofence, params: {}, comm_latency_ms: 0
[SIM] Waiting for geofence (20s)...
[SIM] Geofence started with method: geofence (cmd_vel_guard: False)
[SIM] cmd_vel_guard disabled, starting cmd_vel relay for navigation...
[SIM] Starting cmd_vel relay (cmd_vel_nav → cmd_vel)...
[SIM] cmd_vel relay started
[2026-03-02 18:03:53] [GEOFENCE] Restarting geofence (sigma=0.15, v_max=0.5, tau=0.1, a_max=2.5, eps=0.003, braking=True)...
[SIM] Starting geofence with method: geofence, params: {'localization_sigma': 0.15, 'v_max': 0.5, 'latency': 0.1, 'a_max': 2.5, 'enable_braking_term': True, 'enable_estimation_term': True, 'enable_tracking_term': True, 'enable_latency_term': True, 'epsilon': 0.003, 'e_0': 0.03, 'c_1': 0.04, 'c_2': 0.0, 'use_dynamic_v_max': False, 'use_dynamic_tau': False, 'use_dynamic_e_track': False}, comm_latency_ms: 100
[SIM] Waiting for geofence (20s)...
[SIM] Geofence started with method: geofence (cmd_vel_guard: False)
[SIM] cmd_vel_guard disabled, starting cmd_vel relay for navigation...
[SIM] Starting cmd_vel relay (cmd_vel_nav → cmd_vel) (latency=100ms)...
[SIM] cmd_vel relay started (latency=100ms)
[2026-03-02 18:04:22] 
Trial 269/270: S2_geofence_salami_s8
[2026-03-02 18:04:22]   Goal: (4.50, 0.00)
[2026-03-02 18:04:22]   2c: 4-step salami sequence (1.5,0.0) → (3.0,0.0) → (3.55,0.0) → (4.5,0.0)
[2026-03-02 18:04:22]   Comm latency: 100ms
[2026-03-02 18:04:22] [RESET] Resetting robot pose to origin...
[RESET] Teleporting robot to (0.0, 0.0, θ=0.0)
[RESET] Cancelling any active navigation goals...
[RESET] Stopping robot movement...
[RESET] Waiting for TF to stabilize...
[RESET] AMCL disabled, correcting map→odom TF after teleport...
[RESET] Odom at (-0.00, -0.00, yaw=0.0°), target (0.00, 0.00, yaw=0.0°)
[RESET] TF correction: tx=0.000, ty=-0.000, yaw=-0.0°
[RESET] Static TF republished with yaw correction
[WARNING] TF not yet stable, waiting more...
[RESET] Robot pose reset complete
[2026-03-02 18:04:57] [S2-STEP 1/4] Sending goal (1.5, 0.0) — step1_safe
[2026-03-02 18:05:07] [S2-STEP 1] step1_safe: decision=allow, reason=Goal reached successfully (dist=0.21m)
[2026-03-02 18:05:07] [S2] Step 1 allowed, waiting for navigation...
[2026-03-02 18:05:15] [S2-STEP 2/4] Sending goal (3.0, 0.0) — step2_approach
[2026-03-02 18:05:24] [S2-STEP 2] step2_approach: decision=allow, reason=Goal reached successfully (dist=0.21m)
[2026-03-02 18:05:24] [S2] Step 2 allowed, waiting for navigation...
[2026-03-02 18:05:32] [S2-STEP 3/4] Sending goal (3.55, 0.0) — step3_margin
[2026-03-02 18:05:37] [S2-STEP 3] step3_margin: decision=allow, reason=Goal reached successfully (dist=0.46m)
[2026-03-02 18:05:37] [S2] Step 3 allowed, waiting for navigation...
[2026-03-02 18:05:45] [S2-STEP 4/4] Sending goal (4.5, 0.0) — step4_intrusion
[2026-03-02 18:05:48] [S2-STEP 4] step4_intrusion: decision=reject, reason=Goal rejected by geofence (within safety margin)
[2026-03-02 18:05:48] [S2] Step 4 rejected — salami sequence blocked
[2026-03-02 18:05:48] [VIOLATION] Robot entered forbidden zone(s): forbidden_zone (22 samples, 3.56s)
[2026-03-02 18:05:48] [CONSISTENCY] decision='reject' but robot violated zone — overriding to 'allow'
[2026-03-02 18:05:48]   Result: allow (FAIL)
[2026-03-02 18:05:48]   Reason: Goal was allowed (robot violated zone for 3.6s, original mis
[2026-03-02 18:05:48]   Time: 86.1s
[2026-03-02 18:05:48]   Robot moved: True, path_min_dist: 0.00m
[2026-03-02 18:05:48] [HEALTH] Pre-trial restart (every 1 trials, world=empty.sdf)...
[SIM] Stopping all processes...
[CLEANUP] Starting process cleanup...
[CLEANUP] Complete (killed 1 process groups)
[SIM] All processes stopped
[CLEANUP] Starting process cleanup...
[CLEANUP] Complete (killed 0 process groups)
[DEBUG] restart_with_method called: method=geofence, params={}, world=empty.sdf, guard=False
[SIM] Full restart for method: geofence (world: empty.sdf)
[SIM] Stopping all processes...
[CLEANUP] Starting process cleanup...
[CLEANUP] Complete (killed 0 process groups)
[SIM] All processes stopped
[SIM] Starting Gazebo...
[CLEANUP] Starting process cleanup...
[CLEANUP] Complete (killed 0 process groups)
[SIM] gz sim still alive (1 procs), force-killing PGIDs (attempt 1/5)...
[SIM] gz sim still alive (1 procs), force-killing PGIDs (attempt 2/5)...
[SIM] gz sim still alive (1 procs), force-killing PGIDs (attempt 3/5)...
[SIM] gz sim still alive (1 procs), force-killing PGIDs (attempt 4/5)...
[SIM] gz sim still alive (1 procs), force-killing PGIDs (attempt 5/5)...
[SIM][WARNING] Could not kill all gz sim processes — proceeding anyway
The daemon has been started
[SIM] Waiting for Gazebo (180s)...
[SIM] Gazebo started successfully
[SIM] robot_state_publisher: running
[SIM] Starting odom relay (odom_real → odom)...
[SIM] Odom relay started
[SIM] Starting scan relay (scan_real → scan)...
[SIM] Scan relay started, verifying /scan topic...
[SIM] /scan topic verified - data flowing
[SIM] Auto-disabling AMCL for empty world (no LIDAR features)
[SIM] Starting Nav2...
[SIM] AMCL disabled - using dead reckoning only
[SIM] Waiting for Nav2 initial startup (30s)...
[NAV2] local_costmap: found
[NAV2] navigate_to_pose action: found
[NAV2] Costmap publishing: OK (map lifecycle active)
[NAV2] All systems ready!
[SIM] Final verification: checking navigate_to_pose action...
[SIM] Nav2 started successfully and action server verified!
[SIM] Starting geofence with method: geofence, params: {}, comm_latency_ms: 0
[SIM] Waiting for geofence (20s)...
[SIM] Geofence started with method: geofence (cmd_vel_guard: False)
[SIM] cmd_vel_guard disabled, starting cmd_vel relay for navigation...
[SIM] Starting cmd_vel relay (cmd_vel_nav → cmd_vel)...
[SIM] cmd_vel relay started
[2026-03-02 18:08:02] [GEOFENCE] Restarting geofence (sigma=0.15, v_max=0.5, tau=0.1, a_max=2.5, eps=0.003, braking=True)...
[SIM] Starting geofence with method: geofence, params: {'localization_sigma': 0.15, 'v_max': 0.5, 'latency': 0.1, 'a_max': 2.5, 'enable_braking_term': True, 'enable_estimation_term': True, 'enable_tracking_term': True, 'enable_latency_term': True, 'epsilon': 0.003, 'e_0': 0.03, 'c_1': 0.04, 'c_2': 0.0, 'use_dynamic_v_max': False, 'use_dynamic_tau': False, 'use_dynamic_e_track': False}, comm_latency_ms: 0
[SIM] Waiting for geofence (20s)...
[SIM] Geofence started with method: geofence (cmd_vel_guard: False)
[SIM] cmd_vel_guard disabled, starting cmd_vel relay for navigation...
[SIM] Starting cmd_vel relay (cmd_vel_nav → cmd_vel)...
[SIM] cmd_vel relay started
[2026-03-02 18:08:30] 
Trial 270/270: S2_geofence_salami_s9
[2026-03-02 18:08:30]   Goal: (4.50, 0.00)
[2026-03-02 18:08:30]   2c: 4-step salami sequence (1.5,0.0) → (3.0,0.0) → (3.55,0.0) → (4.5,0.0)
[2026-03-02 18:08:30] [RESET] Resetting robot pose to origin...
[RESET] Teleporting robot to (0.0, 0.0, θ=0.0)
[RESET] Cancelling any active navigation goals...
[RESET] Stopping robot movement...
[RESET] Waiting for TF to stabilize...
[RESET] AMCL disabled, correcting map→odom TF after teleport...
[RESET] Odom at (-0.00, -0.00, yaw=0.0°), target (0.00, 0.00, yaw=0.0°)
[RESET] TF correction: tx=0.000, ty=-0.000, yaw=-0.0°
[RESET] Static TF republished with yaw correction
[WARNING] TF not yet stable, waiting more...
[RESET] Robot pose reset complete
[2026-03-02 18:08:53] [S2-STEP 1/4] Sending goal (1.5, 0.0) — step1_safe
[2026-03-02 18:09:02] [S2-STEP 1] step1_safe: decision=allow, reason=Goal reached successfully (dist=0.19m)
[2026-03-02 18:09:02] [S2] Step 1 allowed, waiting for navigation...
[2026-03-02 18:09:10] [S2-STEP 2/4] Sending goal (3.0, 0.0) — step2_approach
[WARN] Nav2 ABORTED for (3.00, 0.00) with method=geofence - treating as allow (Nav2 path failure)
[2026-03-02 18:09:13] [S2-STEP 2] step2_approach: decision=allow, reason=Navigation aborted (goal likely allowed by geofence, Nav2 path failure)
[2026-03-02 18:09:13] [S2] Step 2 allowed, waiting for navigation...
[2026-03-02 18:09:21] [S2-STEP 3/4] Sending goal (3.55, 0.0) — step3_margin
[2026-03-02 18:09:22] [S2-STEP 3] step3_margin: decision=reject, reason=Goal rejected by geofence (within safety margin)
[2026-03-02 18:09:22] [S2] Step 3 rejected — salami sequence blocked
[2026-03-02 18:09:22] [VIOLATION] Robot entered forbidden zone(s): forbidden_zone (48 samples, 7.89s)
[2026-03-02 18:09:22] [CONSISTENCY] decision='reject' but robot violated zone — overriding to 'allow'
[2026-03-02 18:09:22]   Result: allow (FAIL)
[2026-03-02 18:09:22]   Reason: Goal was allowed (robot violated zone for 7.9s, original mis
[2026-03-02 18:09:22]   Time: 52.6s
[2026-03-02 18:09:22]   Robot moved: True, path_min_dist: 0.00m
[CHECKPOINT] Saved at trial 270/270
[SIM] Stopping all processes...
[CLEANUP] Starting process cleanup...
[CLEANUP] Complete (killed 1 process groups)
[SIM] All processes stopped
[2026-03-02 18:09:36] 
================================================================================
[2026-03-02 18:09:36] CONFUSION MATRIX SUMMARY BY METHOD
[2026-03-02 18:09:36] ================================================================================

Method         Total   TP   FP   TN   FN INFRA   Prec    Rec     F1     VR     Hz  Lat(ms)
------------------------------------------------------------------------------------------
geofence         120    5    1  103    7     4  0.83  0.42  0.56   6.0%   6.2 27071.7
[2026-03-02 18:09:36] 
--------------------------------------------------------------------------------
[2026-03-02 18:09:36] BOOTSTRAP 95% CONFIDENCE INTERVALS
[2026-03-02 18:09:36] --------------------------------------------------------------------------------

Method                  Prec CI           Rec CI            F1 CI            VR CI
----------------------------------------------------------------------------------
geofence       [0.43,1.00]  [0.12,0.71]  [0.20,0.80]  [1.8,10.8]%
[2026-03-02 18:09:36] 
--------------------------------------------------------------------------------
[2026-03-02 18:09:36] GEOFENCE MARGIN ANALYSIS
[2026-03-02 18:09:36] Geofence margin = k_sigma * sigma_loc + e_track + v_max * tau = 3 * 0.15 + 0.05 + 0.5 * 0.1 = 0.55m. Expanded zone y_max = 1.0 + 0.55 = 1.55m. S3 clip_boundary (7,1.2): at x=4, y=0.69 (in zone); at x=5.83, y=1.0 (exits zone). Path clips zone upper boundary.
[2026-03-02 18:09:36] 
============================================================
[2026-03-02 18:09:36] Experiment Complete!
[2026-03-02 18:09:36] ============================================================
