Generated 1290 trials
Methods: ['no_guard', 'selp_proper', 'cbf', 'cbf_inflated', 'ssm', 'geofence']
Scenarios: ['S3', 'S4', 'S5']
Seeds: 10 (offset=0, range=s0-s9)
Include sweep: True
Runtime monitoring: False

Trials by scenario: {'S3': 450, 'S4': 390, 'S5': 450}
Trials by method: {'geofence': 740, 'no_guard': 110, 'selp_proper': 110, 'cbf': 110, 'cbf_inflated': 110, 'ssm': 110}
[2026-03-04 08:57:59] ============================================================
[2026-03-04 08:57:59] Starting Gazebo S1-S5 Experiment
[2026-03-04 08:57:59] ============================================================
[CLEANUP] Starting process cleanup...
[CLEANUP] Complete (killed 0 process groups)
[2026-03-04 08:58:03] Resuming from trial 325/1290
[2026-03-04 08:58:03] 
[SKIP] Method no_guard: all trials already completed
[2026-03-04 08:58:03] 
[SKIP] Method selp_proper: all trials already completed
[2026-03-04 08:58:03] 
============================================================
[2026-03-04 08:58:03] Method: cbf
[2026-03-04 08:58:03] ============================================================
[2026-03-04 08:58:03] [RUNTIME] Enabling runtime monitoring for cbf
[2026-03-04 08:58:03] [WORLD] Starting with empty.sdf for scenarios: ['S3', 'S4', 'S5'] (cmd_vel_guard ON)
[DEBUG] restart_with_method called: method=cbf, params={'enable_runtime_monitoring': True, 'runtime_monitoring_rate': 10.0}, world=empty.sdf, guard=True
[SIM] Full restart for method: cbf (world: empty.sdf)
[SIM] Stopping all processes...
[CLEANUP] Starting process cleanup...
[CLEANUP] Complete (killed 0 process groups)
[SIM] All processes stopped
[SIM] Starting Gazebo...
[CLEANUP] Starting process cleanup...
[CLEANUP] Complete (killed 0 process groups)
[SIM] gz sim still alive (1 procs), force-killing PGIDs (attempt 1/5)...
[SIM] gz sim still alive (1 procs), force-killing PGIDs (attempt 2/5)...
[SIM] gz sim still alive (1 procs), force-killing PGIDs (attempt 3/5)...
[SIM] gz sim still alive (1 procs), force-killing PGIDs (attempt 4/5)...
[SIM] gz sim still alive (1 procs), force-killing PGIDs (attempt 5/5)...
[SIM][WARNING] Could not kill all gz sim processes — proceeding anyway
The daemon has been started
[SIM] Waiting for Gazebo (180s)...
[SIM] Gazebo started successfully
[SIM] robot_state_publisher: running
[SIM] Starting odom relay (odom_real → odom)...
[SIM] Odom relay started
[SIM] Starting scan relay (scan_real → scan)...
[SIM] Scan relay started, verifying /scan topic...
[SIM] /scan topic verified - data flowing
[SIM] Auto-disabling AMCL for empty world (no LIDAR features)
[SIM] Starting Nav2...
[SIM] AMCL disabled - using dead reckoning only
[SIM] Waiting for Nav2 initial startup (30s)...
[NAV2] local_costmap: found
[NAV2] navigate_to_pose action: found
[NAV2] Costmap publishing: OK (map lifecycle active)
[NAV2] All systems ready!
[SIM] Final verification: checking navigate_to_pose action...
[SIM] Nav2 started successfully and action server verified!
[SIM] Starting geofence with method: cbf, params: {'enable_runtime_monitoring': True, 'runtime_monitoring_rate': 10.0}, comm_latency_ms: 0
[SIM] Using RUNTIME GUARD mode for cbf (/cmd_vel_nav → guard → /cmd_vel)
[SIM] Passing enable_runtime_monitoring=True to geofence
[SIM] Waiting for geofence (20s)...
[SIM] Geofence started with method: cbf (cmd_vel_guard: True)
[SIM] Standalone cmd_vel_guard started successfully
[2026-03-04 08:59:52] [HEALTH] Pre-trial restart (every 1 trials, world=empty.sdf)...
[SIM] Stopping all processes...
[CLEANUP] Starting process cleanup...
[CLEANUP] Complete (killed 0 process groups)
[SIM] All processes stopped
[CLEANUP] Starting process cleanup...
[CLEANUP] Complete (killed 0 process groups)
[DEBUG] restart_with_method called: method=cbf, params={'enable_runtime_monitoring': True, 'runtime_monitoring_rate': 10.0}, world=empty.sdf, guard=True
[SIM] Full restart for method: cbf (world: empty.sdf)
[SIM] Stopping all processes...
[CLEANUP] Starting process cleanup...
[CLEANUP] Complete (killed 0 process groups)
[SIM] All processes stopped
[SIM] Starting Gazebo...
[CLEANUP] Starting process cleanup...
[CLEANUP] Complete (killed 0 process groups)
[SIM] gz sim still alive (1 procs), force-killing PGIDs (attempt 1/5)...
[SIM] gz sim still alive (1 procs), force-killing PGIDs (attempt 2/5)...
[SIM] gz sim still alive (1 procs), force-killing PGIDs (attempt 3/5)...
[SIM] gz sim still alive (1 procs), force-killing PGIDs (attempt 4/5)...
[SIM] gz sim still alive (1 procs), force-killing PGIDs (attempt 5/5)...
[SIM][WARNING] Could not kill all gz sim processes — proceeding anyway
The daemon has been started
[SIM] Waiting for Gazebo (180s)...
[SIM] Gazebo started successfully
[SIM] robot_state_publisher: running
[SIM] Starting odom relay (odom_real → odom)...
[SIM] Odom relay started
[SIM] Starting scan relay (scan_real → scan)...
[SIM] Scan relay started, verifying /scan topic...
[SIM] /scan topic verified - data flowing
[SIM] Auto-disabling AMCL for empty world (no LIDAR features)
[SIM] Starting Nav2...
[SIM] AMCL disabled - using dead reckoning only
[SIM] Waiting for Nav2 initial startup (30s)...
[NAV2] local_costmap: found
[NAV2] navigate_to_pose action: found
[NAV2] Costmap publishing: OK (map lifecycle active)
[NAV2] All systems ready!
[SIM] Final verification: checking navigate_to_pose action...
[SIM] Nav2 started successfully and action server verified!
[SIM] Starting geofence with method: cbf, params: {'enable_runtime_monitoring': True, 'runtime_monitoring_rate': 10.0}, comm_latency_ms: 0
[SIM] Using RUNTIME GUARD mode for cbf (/cmd_vel_nav → guard → /cmd_vel)
[SIM] Passing enable_runtime_monitoring=True to geofence
[SIM] Waiting for geofence (20s)...
[SIM] Geofence started with method: cbf (cmd_vel_guard: True)
[SIM] Standalone cmd_vel_guard started successfully
[2026-03-04 09:02:07] [CBF] Restarting geofence (sigma=0.15, v_max=0.5, tau=0.1, a_max=2.5, eps=0.003, braking=True)...
[SIM] Starting geofence with method: cbf, params: {'enable_runtime_monitoring': True, 'runtime_monitoring_rate': 10.0, 'localization_sigma': 0.15, 'v_max': 0.5, 'latency': 0.1, 'a_max': 2.5, 'enable_braking_term': True, 'enable_estimation_term': True, 'enable_tracking_term': True, 'enable_latency_term': True, 'epsilon': 0.003, 'e_0': 0.03, 'c_1': 0.04, 'c_2': 0.0}, comm_latency_ms: 100
[SIM] Using RUNTIME GUARD mode for cbf (/cmd_vel_nav → guard → /cmd_vel)
[SIM] Passing enable_runtime_monitoring=True to geofence
[SIM] Waiting for geofence (20s)...
[SIM] Geofence started with method: cbf (cmd_vel_guard: True)
[SIM] Standalone cmd_vel_guard started successfully (comm_latency=100ms)
[2026-03-04 09:02:36] 
Trial 256/1290: S3_cbf_graze_boundary_s5
[2026-03-04 09:02:36]   Goal: (7.00, 1.60)
[2026-03-04 09:02:36]   3e: Path barely grazes zone boundary (0.38m crossing)
[2026-03-04 09:02:36]   Comm latency: 100ms
[2026-03-04 09:02:36] [RESET] Resetting robot pose to origin...
[RESET] Teleporting robot to (0.0, 0.0, θ=0.0)
[RESET] Cancelling any active navigation goals...
[RESET] Stopping robot movement...
[RESET] Waiting for TF to stabilize...
[RESET] AMCL disabled, correcting map→odom TF after teleport...
[RESET] Odom at (-0.00, -0.00, yaw=0.0°), target (0.00, 0.00, yaw=0.0°)
[RESET] TF correction: tx=0.000, ty=-0.000, yaw=-0.0°
[RESET] Static TF republished with yaw correction
[WARNING] TF not yet stable, waiting more...
[RESET] Robot pose reset complete
[WARN] Nav2 ABORTED for (7.00, 1.60) with method=cbf - treating as allow (Nav2 path failure)
[2026-03-04 09:06:05] [VIOLATION] Robot entered forbidden zone(s): forbidden_zone (11 samples, 1.72s)
[2026-03-04 09:06:05]   Result: allow (FAIL)
[2026-03-04 09:06:05]   Reason: Navigation aborted (goal likely allowed by cbf, Nav2 path fa
[2026-03-04 09:06:05]   Time: 208.9s
[2026-03-04 09:06:05]   Robot moved: True, path_min_dist: 0.00m
[2026-03-04 09:06:05] [HEALTH] Pre-trial restart (every 1 trials, world=empty.sdf)...
[SIM] Stopping all processes...
[CLEANUP] Starting process cleanup...
[CLEANUP] Complete (killed 1 process groups)
[SIM] All processes stopped
[CLEANUP] Starting process cleanup...
[CLEANUP] Complete (killed 0 process groups)
[DEBUG] restart_with_method called: method=cbf, params={'enable_runtime_monitoring': True, 'runtime_monitoring_rate': 10.0}, world=empty.sdf, guard=True
[SIM] Full restart for method: cbf (world: empty.sdf)
[SIM] Stopping all processes...
[CLEANUP] Starting process cleanup...
[CLEANUP] Complete (killed 0 process groups)
[SIM] All processes stopped
[SIM] Starting Gazebo...
[CLEANUP] Starting process cleanup...
[CLEANUP] Complete (killed 0 process groups)
[SIM] gz sim still alive (1 procs), force-killing PGIDs (attempt 1/5)...
[SIM] gz sim still alive (1 procs), force-killing PGIDs (attempt 2/5)...
[SIM] gz sim still alive (1 procs), force-killing PGIDs (attempt 3/5)...
[SIM] gz sim still alive (1 procs), force-killing PGIDs (attempt 4/5)...
[SIM] gz sim still alive (1 procs), force-killing PGIDs (attempt 5/5)...
[SIM][WARNING] Could not kill all gz sim processes — proceeding anyway
The daemon has been started
[SIM] Waiting for Gazebo (180s)...
[SIM] Gazebo started successfully
[SIM] robot_state_publisher: running
[SIM] Starting odom relay (odom_real → odom)...
[SIM] Odom relay started
[SIM] Starting scan relay (scan_real → scan)...
[SIM] Scan relay started, verifying /scan topic...
[SIM] /scan topic verified - data flowing
[SIM] Auto-disabling AMCL for empty world (no LIDAR features)
[SIM] Starting Nav2...
[SIM] AMCL disabled - using dead reckoning only
[SIM] Waiting for Nav2 initial startup (30s)...
[NAV2] local_costmap: found
[NAV2] navigate_to_pose action: found
[NAV2] Costmap publishing: OK (map lifecycle active)
[NAV2] All systems ready!
[SIM] Final verification: checking navigate_to_pose action...
[SIM] Nav2 started successfully and action server verified!
[SIM] Starting geofence with method: cbf, params: {'enable_runtime_monitoring': True, 'runtime_monitoring_rate': 10.0}, comm_latency_ms: 0
[SIM] Using RUNTIME GUARD mode for cbf (/cmd_vel_nav → guard → /cmd_vel)
[SIM] Passing enable_runtime_monitoring=True to geofence
[SIM] Waiting for geofence (20s)...
[SIM] Geofence started with method: cbf (cmd_vel_guard: True)
[SIM] Standalone cmd_vel_guard started successfully
[2026-03-04 09:08:19] [CBF] Restarting geofence (sigma=0.15, v_max=0.5, tau=0.1, a_max=2.5, eps=0.003, braking=True)...
[SIM] Starting geofence with method: cbf, params: {'enable_runtime_monitoring': True, 'runtime_monitoring_rate': 10.0, 'localization_sigma': 0.15, 'v_max': 0.5, 'latency': 0.1, 'a_max': 2.5, 'enable_braking_term': True, 'enable_estimation_term': True, 'enable_tracking_term': True, 'enable_latency_term': True, 'epsilon': 0.003, 'e_0': 0.03, 'c_1': 0.04, 'c_2': 0.0}, comm_latency_ms: 0
[SIM] Using RUNTIME GUARD mode for cbf (/cmd_vel_nav → guard → /cmd_vel)
[SIM] Passing enable_runtime_monitoring=True to geofence
[SIM] Waiting for geofence (20s)...
[SIM] Geofence started with method: cbf (cmd_vel_guard: True)
[SIM] Standalone cmd_vel_guard started successfully
[2026-03-04 09:08:48] 
Trial 257/1290: S3_cbf_graze_boundary_s6
[2026-03-04 09:08:48]   Goal: (7.00, 1.60)
[2026-03-04 09:08:48]   3e: Path barely grazes zone boundary (0.38m crossing)
[2026-03-04 09:08:48] [RESET] Resetting robot pose to origin...
[RESET] Teleporting robot to (0.0, 0.0, θ=0.0)
[RESET] Cancelling any active navigation goals...
[RESET] Stopping robot movement...
[RESET] Waiting for TF to stabilize...
[RESET] AMCL disabled, correcting map→odom TF after teleport...
[RESET] Odom at (-0.00, -0.00, yaw=0.0°), target (0.00, 0.00, yaw=0.0°)
[RESET] TF correction: tx=0.000, ty=-0.000, yaw=-0.0°
[RESET] Static TF republished with yaw correction
[RESET] Robot pose reset complete
[WARN] Nav2 ABORTED for (7.00, 1.60) with method=cbf - treating as allow (Nav2 path failure)
[2026-03-04 09:09:12] [INVALID] ALLOW but robot didn't move (path_min_dist=4.00m)
[2026-03-04 09:09:12]   [INVALID→RUNTIME_REJECT] ALLOW but robot didn't move (path_min_dist=4.00m) — cmd_vel_guard blocked. Accepting as runtime_reject.
[2026-03-04 09:09:12]   Result: runtime_reject (FAIL)
[2026-03-04 09:09:12]   Reason: Runtime guard blocked (robot didn't move, path_min=4.00m)
[2026-03-04 09:09:12]   Time: 23.6s
[2026-03-04 09:09:12]   Robot moved: False, path_min_dist: 4.00m
[2026-03-04 09:09:12] [HEALTH] Pre-trial restart (every 1 trials, world=empty.sdf)...
[SIM] Stopping all processes...
[CLEANUP] Starting process cleanup...
[CLEANUP] Complete (killed 1 process groups)
[SIM] All processes stopped
[CLEANUP] Starting process cleanup...
[CLEANUP] Complete (killed 0 process groups)
[DEBUG] restart_with_method called: method=cbf, params={'enable_runtime_monitoring': True, 'runtime_monitoring_rate': 10.0}, world=empty.sdf, guard=True
[SIM] Full restart for method: cbf (world: empty.sdf)
[SIM] Stopping all processes...
[CLEANUP] Starting process cleanup...
[CLEANUP] Complete (killed 0 process groups)
[SIM] All processes stopped
[SIM] Starting Gazebo...
[CLEANUP] Starting process cleanup...
[CLEANUP] Complete (killed 0 process groups)
[SIM] gz sim still alive (1 procs), force-killing PGIDs (attempt 1/5)...
[SIM] gz sim still alive (1 procs), force-killing PGIDs (attempt 2/5)...
[SIM] gz sim still alive (1 procs), force-killing PGIDs (attempt 3/5)...
[SIM] gz sim still alive (1 procs), force-killing PGIDs (attempt 4/5)...
[SIM] gz sim still alive (1 procs), force-killing PGIDs (attempt 5/5)...
[SIM][WARNING] Could not kill all gz sim processes — proceeding anyway
The daemon has been started
[SIM] Waiting for Gazebo (180s)...
[SIM] Gazebo started successfully
[SIM] robot_state_publisher: running
[SIM] Starting odom relay (odom_real → odom)...
[SIM] Odom relay started
[SIM] Starting scan relay (scan_real → scan)...
[SIM] Scan relay started, verifying /scan topic...
[SIM] /scan topic verified - data flowing
[SIM] Auto-disabling AMCL for empty world (no LIDAR features)
[SIM] Starting Nav2...
[SIM] AMCL disabled - using dead reckoning only
[SIM] Waiting for Nav2 initial startup (30s)...
[NAV2] local_costmap: found
[NAV2] navigate_to_pose action: found
[NAV2] Costmap publishing: OK (map lifecycle active)
[NAV2] All systems ready!
[SIM] Final verification: checking navigate_to_pose action...
[SIM] Nav2 started successfully and action server verified!
[SIM] Starting geofence with method: cbf, params: {'enable_runtime_monitoring': True, 'runtime_monitoring_rate': 10.0}, comm_latency_ms: 0
[SIM] Using RUNTIME GUARD mode for cbf (/cmd_vel_nav → guard → /cmd_vel)
[SIM] Passing enable_runtime_monitoring=True to geofence
[SIM] Waiting for geofence (20s)...
[SIM] Geofence started with method: cbf (cmd_vel_guard: True)
[SIM] Standalone cmd_vel_guard started successfully
[2026-03-04 09:11:26] [CBF] Restarting geofence (sigma=0.15, v_max=0.5, tau=0.1, a_max=2.5, eps=0.003, braking=True)...
[SIM] Starting geofence with method: cbf, params: {'enable_runtime_monitoring': True, 'runtime_monitoring_rate': 10.0, 'localization_sigma': 0.15, 'v_max': 0.5, 'latency': 0.1, 'a_max': 2.5, 'enable_braking_term': True, 'enable_estimation_term': True, 'enable_tracking_term': True, 'enable_latency_term': True, 'epsilon': 0.003, 'e_0': 0.03, 'c_1': 0.04, 'c_2': 0.0}, comm_latency_ms: 50
[SIM] Using RUNTIME GUARD mode for cbf (/cmd_vel_nav → guard → /cmd_vel)
[SIM] Passing enable_runtime_monitoring=True to geofence
[SIM] Waiting for geofence (20s)...
[SIM] Geofence started with method: cbf (cmd_vel_guard: True)
[SIM] Standalone cmd_vel_guard started successfully (comm_latency=50ms)
[2026-03-04 09:11:55] 
Trial 258/1290: S3_cbf_graze_boundary_s7
[2026-03-04 09:11:55]   Goal: (7.00, 1.60)
[2026-03-04 09:11:55]   3e: Path barely grazes zone boundary (0.38m crossing)
[2026-03-04 09:11:55]   Comm latency: 50ms
[2026-03-04 09:11:55] [RESET] Resetting robot pose to origin...
[RESET] Teleporting robot to (0.0, 0.0, θ=0.0)
[RESET] Cancelling any active navigation goals...
[RESET] Stopping robot movement...
[RESET] Waiting for TF to stabilize...
[RESET] AMCL disabled, correcting map→odom TF after teleport...
[RESET] Odom at (-0.00, -0.00, yaw=0.0°), target (0.00, 0.00, yaw=0.0°)
[RESET] TF correction: tx=0.000, ty=-0.000, yaw=-0.0°
[RESET] Static TF republished with yaw correction
[RESET] Robot pose reset complete
[2026-03-04 09:14:17] [VIOLATION] Robot entered forbidden zone(s): forbidden_zone (410 samples, 65.09s)
[2026-03-04 09:14:17]   Result: allow (FAIL)
[2026-03-04 09:14:17]   Reason: Goal reached successfully (dist=0.18m)
[2026-03-04 09:14:17]   Time: 142.1s
[2026-03-04 09:14:17]   Robot moved: True, path_min_dist: 0.00m
[2026-03-04 09:14:17] [HEALTH] Pre-trial restart (every 1 trials, world=empty.sdf)...
[SIM] Stopping all processes...
[CLEANUP] Starting process cleanup...
[CLEANUP] Complete (killed 1 process groups)
[SIM] All processes stopped
[CLEANUP] Starting process cleanup...
[CLEANUP] Complete (killed 0 process groups)
[DEBUG] restart_with_method called: method=cbf, params={'enable_runtime_monitoring': True, 'runtime_monitoring_rate': 10.0}, world=empty.sdf, guard=True
[SIM] Full restart for method: cbf (world: empty.sdf)
[SIM] Stopping all processes...
[CLEANUP] Starting process cleanup...
[CLEANUP] Complete (killed 0 process groups)
[SIM] All processes stopped
[SIM] Starting Gazebo...
[CLEANUP] Starting process cleanup...
[CLEANUP] Complete (killed 0 process groups)
[SIM] gz sim still alive (1 procs), force-killing PGIDs (attempt 1/5)...
[SIM] gz sim still alive (1 procs), force-killing PGIDs (attempt 2/5)...
[SIM] gz sim still alive (1 procs), force-killing PGIDs (attempt 3/5)...
[SIM] gz sim still alive (1 procs), force-killing PGIDs (attempt 4/5)...
[SIM] gz sim still alive (1 procs), force-killing PGIDs (attempt 5/5)...
[SIM][WARNING] Could not kill all gz sim processes — proceeding anyway
The daemon has been started
[SIM] Waiting for Gazebo (180s)...
[SIM] Gazebo started successfully
[SIM] robot_state_publisher: running
[SIM] Starting odom relay (odom_real → odom)...
[SIM] Odom relay started
[SIM] Starting scan relay (scan_real → scan)...
[SIM] Scan relay started, verifying /scan topic...
[SIM] /scan topic verified - data flowing
[SIM] Auto-disabling AMCL for empty world (no LIDAR features)
[SIM] Starting Nav2...
[SIM] AMCL disabled - using dead reckoning only
[SIM] Waiting for Nav2 initial startup (30s)...
[NAV2] local_costmap: found
[NAV2] navigate_to_pose action: found
[NAV2] Costmap publishing: OK (map lifecycle active)
[NAV2] All systems ready!
[SIM] Final verification: checking navigate_to_pose action...
[SIM] Nav2 started successfully and action server verified!
[SIM] Starting geofence with method: cbf, params: {'enable_runtime_monitoring': True, 'runtime_monitoring_rate': 10.0}, comm_latency_ms: 0
[SIM] Using RUNTIME GUARD mode for cbf (/cmd_vel_nav → guard → /cmd_vel)
[SIM] Passing enable_runtime_monitoring=True to geofence
[SIM] Waiting for geofence (20s)...
[SIM] Geofence started with method: cbf (cmd_vel_guard: True)
[SIM] Standalone cmd_vel_guard started successfully
[2026-03-04 09:16:32] [CBF] Restarting geofence (sigma=0.15, v_max=0.5, tau=0.1, a_max=2.5, eps=0.003, braking=True)...
[SIM] Starting geofence with method: cbf, params: {'enable_runtime_monitoring': True, 'runtime_monitoring_rate': 10.0, 'localization_sigma': 0.15, 'v_max': 0.5, 'latency': 0.1, 'a_max': 2.5, 'enable_braking_term': True, 'enable_estimation_term': True, 'enable_tracking_term': True, 'enable_latency_term': True, 'epsilon': 0.003, 'e_0': 0.03, 'c_1': 0.04, 'c_2': 0.0}, comm_latency_ms: 100
[SIM] Using RUNTIME GUARD mode for cbf (/cmd_vel_nav → guard → /cmd_vel)
[SIM] Passing enable_runtime_monitoring=True to geofence
[SIM] Waiting for geofence (20s)...
[SIM] Geofence started with method: cbf (cmd_vel_guard: True)
[SIM] Standalone cmd_vel_guard started successfully (comm_latency=100ms)
[2026-03-04 09:17:01] 
Trial 259/1290: S3_cbf_graze_boundary_s8
[2026-03-04 09:17:01]   Goal: (7.00, 1.60)
[2026-03-04 09:17:01]   3e: Path barely grazes zone boundary (0.38m crossing)
[2026-03-04 09:17:01]   Comm latency: 100ms
[2026-03-04 09:17:01] [RESET] Resetting robot pose to origin...
[RESET] Teleporting robot to (0.0, 0.0, θ=0.0)
[RESET] Cancelling any active navigation goals...
[RESET] Stopping robot movement...
[RESET] Waiting for TF to stabilize...
[RESET] AMCL disabled, correcting map→odom TF after teleport...
[RESET] Odom at (-0.00, -0.00, yaw=0.0°), target (0.00, 0.00, yaw=0.0°)
[RESET] TF correction: tx=0.000, ty=-0.000, yaw=-0.0°
[RESET] Static TF republished with yaw correction
[WARNING] TF not yet stable, waiting more...
[RESET] Robot pose reset complete
[2026-03-04 09:20:32] [GOAL_DEBUG] decision=timeout, reason=Goal timed out after 180s
[2026-03-04 09:20:32] [VIOLATION] Robot entered forbidden zone(s): forbidden_zone (101 samples, 15.94s)
[2026-03-04 09:20:32]   Result: timeout (FAIL)
[2026-03-04 09:20:32]   Reason: Goal timed out after 180s
[2026-03-04 09:20:32]   Time: 211.3s
[2026-03-04 09:20:32]   Robot moved: True, path_min_dist: 0.00m
[2026-03-04 09:20:32] [HEALTH] Pre-trial restart (every 1 trials, world=empty.sdf)...
[SIM] Stopping all processes...
[CLEANUP] Starting process cleanup...
[CLEANUP] Complete (killed 1 process groups)
[SIM] All processes stopped
[CLEANUP] Starting process cleanup...
[CLEANUP] Complete (killed 0 process groups)
[DEBUG] restart_with_method called: method=cbf, params={'enable_runtime_monitoring': True, 'runtime_monitoring_rate': 10.0}, world=empty.sdf, guard=True
[SIM] Full restart for method: cbf (world: empty.sdf)
[SIM] Stopping all processes...
[CLEANUP] Starting process cleanup...
[CLEANUP] Complete (killed 0 process groups)
[SIM] All processes stopped
[SIM] Starting Gazebo...
[CLEANUP] Starting process cleanup...
[CLEANUP] Complete (killed 0 process groups)
[SIM] gz sim still alive (1 procs), force-killing PGIDs (attempt 1/5)...
[SIM] gz sim still alive (1 procs), force-killing PGIDs (attempt 2/5)...
[SIM] gz sim still alive (1 procs), force-killing PGIDs (attempt 3/5)...
[SIM] gz sim still alive (1 procs), force-killing PGIDs (attempt 4/5)...
[SIM] gz sim still alive (1 procs), force-killing PGIDs (attempt 5/5)...
[SIM][WARNING] Could not kill all gz sim processes — proceeding anyway
The daemon has been started
[SIM] Waiting for Gazebo (180s)...
[SIM] Gazebo started successfully
[SIM] robot_state_publisher: running
[SIM] Starting odom relay (odom_real → odom)...
[SIM] Odom relay started
[SIM] Starting scan relay (scan_real → scan)...
[SIM] Scan relay started, verifying /scan topic...
[SIM] /scan topic verified - data flowing
[SIM] Auto-disabling AMCL for empty world (no LIDAR features)
[SIM] Starting Nav2...
[SIM] AMCL disabled - using dead reckoning only
[SIM] Waiting for Nav2 initial startup (30s)...
[NAV2] local_costmap: found
[NAV2] navigate_to_pose action: found
[NAV2] Costmap publishing: OK (map lifecycle active)
[NAV2] All systems ready!
[SIM] Final verification: checking navigate_to_pose action...
[SIM] Nav2 started successfully and action server verified!
[SIM] Starting geofence with method: cbf, params: {'enable_runtime_monitoring': True, 'runtime_monitoring_rate': 10.0}, comm_latency_ms: 0
[SIM] Using RUNTIME GUARD mode for cbf (/cmd_vel_nav → guard → /cmd_vel)
[SIM] Passing enable_runtime_monitoring=True to geofence
[SIM] Waiting for geofence (20s)...
[SIM] Geofence started with method: cbf (cmd_vel_guard: True)
[SIM] Standalone cmd_vel_guard started successfully
[2026-03-04 09:22:47] [CBF] Restarting geofence (sigma=0.15, v_max=0.5, tau=0.1, a_max=2.5, eps=0.003, braking=True)...
[SIM] Starting geofence with method: cbf, params: {'enable_runtime_monitoring': True, 'runtime_monitoring_rate': 10.0, 'localization_sigma': 0.15, 'v_max': 0.5, 'latency': 0.1, 'a_max': 2.5, 'enable_braking_term': True, 'enable_estimation_term': True, 'enable_tracking_term': True, 'enable_latency_term': True, 'epsilon': 0.003, 'e_0': 0.03, 'c_1': 0.04, 'c_2': 0.0}, comm_latency_ms: 0
[SIM] Using RUNTIME GUARD mode for cbf (/cmd_vel_nav → guard → /cmd_vel)
[SIM] Passing enable_runtime_monitoring=True to geofence
[SIM] Waiting for geofence (20s)...
[SIM] Geofence started with method: cbf (cmd_vel_guard: True)
[SIM] Standalone cmd_vel_guard started successfully
[2026-03-04 09:23:16] 
Trial 260/1290: S3_cbf_graze_boundary_s9
[2026-03-04 09:23:16]   Goal: (7.00, 1.60)
[2026-03-04 09:23:16]   3e: Path barely grazes zone boundary (0.38m crossing)
[2026-03-04 09:23:16] [RESET] Resetting robot pose to origin...
[RESET] Teleporting robot to (0.0, 0.0, θ=0.0)
[RESET] Cancelling any active navigation goals...
[RESET] Stopping robot movement...
[RESET] Waiting for TF to stabilize...
[RESET] AMCL disabled, correcting map→odom TF after teleport...
[RESET] Odom at (-0.00, -0.00, yaw=0.0°), target (0.00, 0.00, yaw=0.0°)
[RESET] TF correction: tx=0.000, ty=-0.000, yaw=-0.0°
[RESET] Static TF republished with yaw correction
[RESET] Robot pose reset complete
[2026-03-04 09:25:11] [VIOLATION] Robot entered forbidden zone(s): forbidden_zone (135 samples, 21.93s)
[2026-03-04 09:25:11]   Result: allow (FAIL)
[2026-03-04 09:25:11]   Reason: Goal reached successfully (dist=0.20m)
[2026-03-04 09:25:11]   Time: 115.6s
[2026-03-04 09:25:11]   Robot moved: True, path_min_dist: 0.00m
[CHECKPOINT] Saved at trial 260/1290
[2026-03-04 09:25:11] [GUARD] cmd_vel_guard OFF for S4
[DEBUG] restart_with_method called: method=cbf, params={'enable_runtime_monitoring': True, 'runtime_monitoring_rate': 10.0}, world=empty.sdf, guard=False
[SIM] Guard state changed (True → False), forcing restart
[SIM] Full restart for method: cbf (world: empty.sdf)
[SIM] Stopping all processes...
[CLEANUP] Starting process cleanup...
[CLEANUP] Complete (killed 2 process groups)
[SIM] All processes stopped
[SIM] Starting Gazebo...
[CLEANUP] Starting process cleanup...
[CLEANUP] Complete (killed 0 process groups)
[SIM] gz sim still alive (1 procs), force-killing PGIDs (attempt 1/5)...
[SIM] gz sim still alive (1 procs), force-killing PGIDs (attempt 2/5)...
[SIM] gz sim still alive (1 procs), force-killing PGIDs (attempt 3/5)...
[SIM] gz sim still alive (1 procs), force-killing PGIDs (attempt 4/5)...
[SIM] gz sim still alive (1 procs), force-killing PGIDs (attempt 5/5)...
[SIM][WARNING] Could not kill all gz sim processes — proceeding anyway
The daemon has been started
[SIM] Waiting for Gazebo (180s)...
[SIM] Gazebo started successfully
[SIM] robot_state_publisher: running
[SIM] Starting odom relay (odom_real → odom)...
[SIM] Odom relay started
[SIM] Starting scan relay (scan_real → scan)...
[SIM] Scan relay started, verifying /scan topic...
[SIM] /scan topic verified - data flowing
[SIM] Auto-disabling AMCL for empty world (no LIDAR features)
[SIM] Starting Nav2...
[SIM] AMCL disabled - using dead reckoning only
[SIM] Waiting for Nav2 initial startup (30s)...
[NAV2] local_costmap: found
[NAV2] navigate_to_pose action: found
[NAV2] Costmap publishing: OK (map lifecycle active)
[NAV2] All systems ready!
[SIM] Final verification: checking navigate_to_pose action...
[SIM] Nav2 started successfully and action server verified!
[SIM] Starting geofence with method: cbf, params: {'enable_runtime_monitoring': True, 'runtime_monitoring_rate': 10.0}, comm_latency_ms: 0
[SIM] Passing enable_runtime_monitoring=True to geofence
[SIM] Waiting for geofence (20s)...
[SIM] Geofence started with method: cbf (cmd_vel_guard: False)
[SIM] cmd_vel_guard disabled, starting cmd_vel relay for navigation...
[SIM] Starting cmd_vel relay (cmd_vel_nav → cmd_vel)...
[SIM] cmd_vel relay started
[2026-03-04 09:27:00] [HEALTH] Pre-trial restart (every 1 trials, world=empty.sdf)...
[SIM] Stopping all processes...
[CLEANUP] Starting process cleanup...
[CLEANUP] Complete (killed 0 process groups)
[SIM] All processes stopped
[CLEANUP] Starting process cleanup...
[CLEANUP] Complete (killed 0 process groups)
[DEBUG] restart_with_method called: method=cbf, params={'enable_runtime_monitoring': True, 'runtime_monitoring_rate': 10.0}, world=empty.sdf, guard=False
[SIM] Full restart for method: cbf (world: empty.sdf)
[SIM] Stopping all processes...
[CLEANUP] Starting process cleanup...
[CLEANUP] Complete (killed 0 process groups)
[SIM] All processes stopped
[SIM] Starting Gazebo...
[CLEANUP] Starting process cleanup...
[CLEANUP] Complete (killed 0 process groups)
[SIM] gz sim still alive (1 procs), force-killing PGIDs (attempt 1/5)...
[SIM] gz sim still alive (1 procs), force-killing PGIDs (attempt 2/5)...
[SIM] gz sim still alive (1 procs), force-killing PGIDs (attempt 3/5)...
[SIM] gz sim still alive (1 procs), force-killing PGIDs (attempt 4/5)...
[SIM] gz sim still alive (1 procs), force-killing PGIDs (attempt 5/5)...
[SIM][WARNING] Could not kill all gz sim processes — proceeding anyway
The daemon has been started
[SIM] Waiting for Gazebo (180s)...
[SIM] Gazebo started successfully
[SIM] robot_state_publisher: running
[SIM] Starting odom relay (odom_real → odom)...
[SIM] Odom relay started
[SIM] Starting scan relay (scan_real → scan)...
[SIM] Scan relay started, verifying /scan topic...
[SIM] /scan topic verified - data flowing
[SIM] Auto-disabling AMCL for empty world (no LIDAR features)
[SIM] Starting Nav2...
[SIM] AMCL disabled - using dead reckoning only
[SIM] Waiting for Nav2 initial startup (30s)...
[NAV2] local_costmap: found
[NAV2] navigate_to_pose action: found
[NAV2] Costmap publishing: OK (map lifecycle active)
[NAV2] All systems ready!
[SIM] Final verification: checking navigate_to_pose action...
[SIM] Nav2 started successfully and action server verified!
[SIM] Starting geofence with method: cbf, params: {'enable_runtime_monitoring': True, 'runtime_monitoring_rate': 10.0}, comm_latency_ms: 0
[SIM] Passing enable_runtime_monitoring=True to geofence
[SIM] Waiting for geofence (20s)...
[SIM] Geofence started with method: cbf (cmd_vel_guard: False)
[SIM] cmd_vel_guard disabled, starting cmd_vel relay for navigation...
[SIM] Starting cmd_vel relay (cmd_vel_nav → cmd_vel)...
[SIM] cmd_vel relay started
[2026-03-04 09:29:13] [CBF] Restarting geofence (sigma=0.15, v_max=0.5, tau=0.1, a_max=2.5, eps=0.003, braking=True)...
[SIM] Starting geofence with method: cbf, params: {'enable_runtime_monitoring': True, 'runtime_monitoring_rate': 10.0, 'localization_sigma': 0.15, 'v_max': 0.5, 'latency': 0.1, 'a_max': 2.5, 'enable_braking_term': True, 'enable_estimation_term': True, 'enable_tracking_term': True, 'enable_latency_term': True, 'epsilon': 0.003, 'e_0': 0.03, 'c_1': 0.04, 'c_2': 0.0}, comm_latency_ms: 0
[SIM] Passing enable_runtime_monitoring=True to geofence
[SIM] Waiting for geofence (20s)...
[SIM] Geofence started with method: cbf (cmd_vel_guard: False)
[SIM] cmd_vel_guard disabled, starting cmd_vel relay for navigation...
[SIM] Starting cmd_vel relay (cmd_vel_nav → cmd_vel)...
[SIM] cmd_vel relay started
[2026-03-04 09:29:42] 
Trial 261/1290: S4_cbf_direct_to_zone_s0
[2026-03-04 09:29:42]   Goal: (2.00, 0.00)
[2026-03-04 09:29:42]   4e: Unauthorized cmd_vel injection (0.5 m/s)
[2026-03-04 09:29:42] [RESET] Resetting robot pose to origin...
[RESET] Teleporting robot to (0.0, 0.0, θ=0.0)
[RESET] Cancelling any active navigation goals...
[RESET] Stopping robot movement...
[RESET] Waiting for TF to stabilize...
[RESET] AMCL disabled, correcting map→odom TF after teleport...
[RESET] Odom at (-0.00, -0.00, yaw=0.0°), target (0.00, 0.00, yaw=0.0°)
[RESET] TF correction: tx=0.000, ty=-0.000, yaw=-0.0°
[RESET] Static TF republished with yaw correction
[WARNING] TF not yet stable, waiting more...
[RESET] Robot pose reset complete
[2026-03-04 09:30:07] [S4] Sending safe goal (2.0, 0.0) (direct_control mode)...
[2026-03-04 09:30:17] [S4] Goal approved! Cancelling Nav2 and taking direct control...
[2026-03-04 09:30:19] [S4] Stopping relay for direct attack (bypassing collision_monitor loop)
[2026-03-04 09:30:20] [S4] Starting direct_control attack (target=(5.0, 0.0), topic=/cmd_vel, speed=0.5)
[ATTACK] Starting direct_control attack with target=(5.0, 0.0)
[ATTACK] Using rotate-then-drive velocity injection
[ATTACK] direct_control attack started successfully
[2026-03-04 09:30:23] [S4] Attack running - driving to (5.0, 0.0)...
[2026-03-04 09:31:08] [S4] Stopping direct_control attack
[2026-03-04 09:31:08] [S4] ZONE VIOLATION DETECTED! Count: 25
[2026-03-04 09:31:08] [S4] Stopping direct_control attack
[2026-03-04 09:31:08]   Result: violation (FAIL)
[2026-03-04 09:31:08]   Reason: Direct control caused 25 zone violations
[2026-03-04 09:31:08]   Time: 86.2s
[2026-03-04 09:31:08]   Robot moved: True, path_min_dist: 0.00m
[2026-03-04 09:31:08] [HEALTH] Periodic health check...
[2026-03-04 09:31:08] [HEALTH] Load: 0.8, Memory: 8.9%
[NAV2] local_costmap: found
[NAV2] navigate_to_pose action: found
[2026-03-04 09:31:09] [HEALTH] Pre-trial restart (every 1 trials, world=empty.sdf)...
[SIM] Stopping all processes...
[CLEANUP] Starting process cleanup...
[CLEANUP] Complete (killed 1 process groups)
[SIM] All processes stopped
[CLEANUP] Starting process cleanup...
[CLEANUP] Complete (killed 0 process groups)
[DEBUG] restart_with_method called: method=cbf, params={'enable_runtime_monitoring': True, 'runtime_monitoring_rate': 10.0}, world=empty.sdf, guard=False
[SIM] Full restart for method: cbf (world: empty.sdf)
[SIM] Stopping all processes...
[CLEANUP] Starting process cleanup...
[CLEANUP] Complete (killed 0 process groups)
[SIM] All processes stopped
[SIM] Starting Gazebo...
[CLEANUP] Starting process cleanup...
[CLEANUP] Complete (killed 0 process groups)
[SIM] gz sim still alive (1 procs), force-killing PGIDs (attempt 1/5)...
[SIM] gz sim still alive (1 procs), force-killing PGIDs (attempt 2/5)...
[SIM] gz sim still alive (1 procs), force-killing PGIDs (attempt 3/5)...
[SIM] gz sim still alive (1 procs), force-killing PGIDs (attempt 4/5)...
[SIM] gz sim still alive (1 procs), force-killing PGIDs (attempt 5/5)...
[SIM][WARNING] Could not kill all gz sim processes — proceeding anyway
The daemon has been started
[SIM] Waiting for Gazebo (180s)...
[SIM] Gazebo started successfully
[SIM] robot_state_publisher: running
[SIM] Starting odom relay (odom_real → odom)...
[SIM] Odom relay started
[SIM] Starting scan relay (scan_real → scan)...
[SIM] Scan relay started, verifying /scan topic...
[SIM] /scan topic verified - data flowing
[SIM] Auto-disabling AMCL for empty world (no LIDAR features)
[SIM] Starting Nav2...
[SIM] AMCL disabled - using dead reckoning only
[SIM] Waiting for Nav2 initial startup (30s)...
[NAV2] local_costmap: found
[NAV2] navigate_to_pose action: found
[NAV2] Costmap publishing: OK (map lifecycle active)
[NAV2] All systems ready!
[SIM] Final verification: checking navigate_to_pose action...
[SIM] Nav2 started successfully and action server verified!
[SIM] Starting geofence with method: cbf, params: {'enable_runtime_monitoring': True, 'runtime_monitoring_rate': 10.0}, comm_latency_ms: 0
[SIM] Passing enable_runtime_monitoring=True to geofence
[SIM] Waiting for geofence (20s)...
[SIM] Geofence started with method: cbf (cmd_vel_guard: False)
[SIM] cmd_vel_guard disabled, starting cmd_vel relay for navigation...
[SIM] Starting cmd_vel relay (cmd_vel_nav → cmd_vel)...
[SIM] cmd_vel relay started
[2026-03-04 09:33:23] [CBF] Restarting geofence (sigma=0.15, v_max=0.5, tau=0.1, a_max=2.5, eps=0.003, braking=True)...
[SIM] Starting geofence with method: cbf, params: {'enable_runtime_monitoring': True, 'runtime_monitoring_rate': 10.0, 'localization_sigma': 0.15, 'v_max': 0.5, 'latency': 0.1, 'a_max': 2.5, 'enable_braking_term': True, 'enable_estimation_term': True, 'enable_tracking_term': True, 'enable_latency_term': True, 'epsilon': 0.003, 'e_0': 0.03, 'c_1': 0.04, 'c_2': 0.0}, comm_latency_ms: 50
[SIM] Passing enable_runtime_monitoring=True to geofence
[SIM] Waiting for geofence (20s)...
[SIM] Geofence started with method: cbf (cmd_vel_guard: False)
[SIM] cmd_vel_guard disabled, starting cmd_vel relay for navigation...
[SIM] Starting cmd_vel relay (cmd_vel_nav → cmd_vel) (latency=50ms)...
[SIM] cmd_vel relay started (latency=50ms)
[2026-03-04 09:33:51] 
Trial 262/1290: S4_cbf_direct_to_zone_s1
[2026-03-04 09:33:51]   Goal: (2.00, 0.00)
[2026-03-04 09:33:51]   4e: Unauthorized cmd_vel injection (0.5 m/s)
[2026-03-04 09:33:51]   Comm latency: 50ms
[2026-03-04 09:33:51] [RESET] Resetting robot pose to origin...
[RESET] Teleporting robot to (0.0, 0.0, θ=0.0)
[RESET] Cancelling any active navigation goals...
[RESET] Stopping robot movement...
[RESET] Waiting for TF to stabilize...
[RESET] AMCL disabled, correcting map→odom TF after teleport...
[RESET] Odom at (-0.00, -0.00, yaw=0.0°), target (0.00, 0.00, yaw=0.0°)
[RESET] TF correction: tx=0.000, ty=-0.000, yaw=-0.0°
[RESET] Static TF republished with yaw correction
[RESET] Robot pose reset complete
[2026-03-04 09:34:19] [S4] Sending safe goal (2.0, 0.0) (direct_control mode)...
[2026-03-04 09:34:29] [S4] Goal approved! Cancelling Nav2 and taking direct control...
[2026-03-04 09:34:31] [S4] Stopping relay for direct attack (bypassing collision_monitor loop)
[2026-03-04 09:34:32] [S4] Starting direct_control attack (target=(5.0, 0.0), topic=/cmd_vel, speed=0.5)
[ATTACK] Starting direct_control attack with target=(5.0, 0.0)
[ATTACK] Using rotate-then-drive velocity injection
[ATTACK] direct_control attack started successfully
[2026-03-04 09:34:35] [S4] Attack running - driving to (5.0, 0.0)...
[2026-03-04 09:35:20] [S4] Stopping direct_control attack
[2026-03-04 09:35:20] [S4] Stopping direct_control attack
[2026-03-04 09:35:20]   Result: allow (FAIL)
[2026-03-04 09:35:20]   Reason: No runtime guard, attack moved robot (min_dist=0.61m, no vio
[2026-03-04 09:35:20]   Time: 89.0s
[2026-03-04 09:35:20]   Robot moved: True, path_min_dist: 0.61m
[2026-03-04 09:35:20] [HEALTH] Pre-trial restart (every 1 trials, world=empty.sdf)...
[SIM] Stopping all processes...
[CLEANUP] Starting process cleanup...
[CLEANUP] Complete (killed 1 process groups)
[SIM] All processes stopped
[CLEANUP] Starting process cleanup...
[CLEANUP] Complete (killed 0 process groups)
[DEBUG] restart_with_method called: method=cbf, params={'enable_runtime_monitoring': True, 'runtime_monitoring_rate': 10.0}, world=empty.sdf, guard=False
[SIM] Full restart for method: cbf (world: empty.sdf)
[SIM] Stopping all processes...
[CLEANUP] Starting process cleanup...
[CLEANUP] Complete (killed 0 process groups)
[SIM] All processes stopped
[SIM] Starting Gazebo...
[CLEANUP] Starting process cleanup...
[CLEANUP] Complete (killed 0 process groups)
[SIM] gz sim still alive (1 procs), force-killing PGIDs (attempt 1/5)...
[SIM] gz sim still alive (1 procs), force-killing PGIDs (attempt 2/5)...
[SIM] gz sim still alive (1 procs), force-killing PGIDs (attempt 3/5)...
[SIM] gz sim still alive (1 procs), force-killing PGIDs (attempt 4/5)...
[SIM] gz sim still alive (1 procs), force-killing PGIDs (attempt 5/5)...
[SIM][WARNING] Could not kill all gz sim processes — proceeding anyway
The daemon has been started
[SIM] Waiting for Gazebo (180s)...
[SIM] Gazebo started successfully
[SIM] robot_state_publisher: running
[SIM] Starting odom relay (odom_real → odom)...
[SIM] Odom relay started
[SIM] Starting scan relay (scan_real → scan)...
[SIM] Scan relay started, verifying /scan topic...
[SIM] /scan topic verified - data flowing
[SIM] Auto-disabling AMCL for empty world (no LIDAR features)
[SIM] Starting Nav2...
[SIM] AMCL disabled - using dead reckoning only
[SIM] Waiting for Nav2 initial startup (30s)...
[NAV2] local_costmap: found
[NAV2] navigate_to_pose action: found
[NAV2] Costmap publishing: OK (map lifecycle active)
[NAV2] All systems ready!
[SIM] Final verification: checking navigate_to_pose action...
[SIM] Nav2 started successfully and action server verified!
[SIM] Starting geofence with method: cbf, params: {'enable_runtime_monitoring': True, 'runtime_monitoring_rate': 10.0}, comm_latency_ms: 0
[SIM] Passing enable_runtime_monitoring=True to geofence
[SIM] Waiting for geofence (20s)...
[SIM] Geofence started with method: cbf (cmd_vel_guard: False)
[SIM] cmd_vel_guard disabled, starting cmd_vel relay for navigation...
[SIM] Starting cmd_vel relay (cmd_vel_nav → cmd_vel)...
[SIM] cmd_vel relay started
[2026-03-04 09:37:33] [CBF] Restarting geofence (sigma=0.15, v_max=0.5, tau=0.1, a_max=2.5, eps=0.003, braking=True)...
[SIM] Starting geofence with method: cbf, params: {'enable_runtime_monitoring': True, 'runtime_monitoring_rate': 10.0, 'localization_sigma': 0.15, 'v_max': 0.5, 'latency': 0.1, 'a_max': 2.5, 'enable_braking_term': True, 'enable_estimation_term': True, 'enable_tracking_term': True, 'enable_latency_term': True, 'epsilon': 0.003, 'e_0': 0.03, 'c_1': 0.04, 'c_2': 0.0}, comm_latency_ms: 100
[SIM] Passing enable_runtime_monitoring=True to geofence
[SIM] Waiting for geofence (20s)...
[SIM] Geofence started with method: cbf (cmd_vel_guard: False)
[SIM] cmd_vel_guard disabled, starting cmd_vel relay for navigation...
[SIM] Starting cmd_vel relay (cmd_vel_nav → cmd_vel) (latency=100ms)...
[SIM] cmd_vel relay started (latency=100ms)
[2026-03-04 09:38:02] 
Trial 263/1290: S4_cbf_direct_to_zone_s2
[2026-03-04 09:38:02]   Goal: (2.00, 0.00)
[2026-03-04 09:38:02]   4e: Unauthorized cmd_vel injection (0.5 m/s)
[2026-03-04 09:38:02]   Comm latency: 100ms
[2026-03-04 09:38:02] [RESET] Resetting robot pose to origin...
[RESET] Teleporting robot to (0.0, 0.0, θ=0.0)
[RESET] Cancelling any active navigation goals...
[RESET] Stopping robot movement...
[RESET] Waiting for TF to stabilize...
[RESET] AMCL disabled, correcting map→odom TF after teleport...
[RESET] Odom at (-0.00, -0.00, yaw=0.0°), target (0.00, 0.00, yaw=0.0°)
[RESET] TF correction: tx=0.000, ty=-0.000, yaw=-0.0°
[RESET] Static TF republished with yaw correction
[RESET] Robot pose reset complete
[2026-03-04 09:38:33] [S4] Sending safe goal (2.0, 0.0) (direct_control mode)...
[2026-03-04 09:38:43] [S4] Goal approved! Cancelling Nav2 and taking direct control...
[2026-03-04 09:38:45] [S4] Stopping relay for direct attack (bypassing collision_monitor loop)
[2026-03-04 09:38:46] [S4] Starting direct_control attack (target=(5.0, 0.0), topic=/cmd_vel, speed=0.5)
[ATTACK] Starting direct_control attack with target=(5.0, 0.0)
[ATTACK] Using rotate-then-drive velocity injection
[ATTACK] direct_control attack started successfully
[2026-03-04 09:38:49] [S4] Attack running - driving to (5.0, 0.0)...
[2026-03-04 09:39:34] [S4] Stopping direct_control attack
[2026-03-04 09:39:34] [S4] ZONE VIOLATION DETECTED! Count: 26
[2026-03-04 09:39:34] [S4] Stopping direct_control attack
[2026-03-04 09:39:34]   Result: violation (FAIL)
[2026-03-04 09:39:34]   Reason: Direct control caused 26 zone violations
[2026-03-04 09:39:34]   Time: 92.3s
[2026-03-04 09:39:34]   Robot moved: True, path_min_dist: 0.00m
[2026-03-04 09:39:34] [HEALTH] Pre-trial restart (every 1 trials, world=empty.sdf)...
[SIM] Stopping all processes...
[CLEANUP] Starting process cleanup...
[CLEANUP] Complete (killed 1 process groups)
[SIM] All processes stopped
[CLEANUP] Starting process cleanup...
[CLEANUP] Complete (killed 0 process groups)
[DEBUG] restart_with_method called: method=cbf, params={'enable_runtime_monitoring': True, 'runtime_monitoring_rate': 10.0}, world=empty.sdf, guard=False
[SIM] Full restart for method: cbf (world: empty.sdf)
[SIM] Stopping all processes...
[CLEANUP] Starting process cleanup...
[CLEANUP] Complete (killed 0 process groups)
[SIM] All processes stopped
[SIM] Starting Gazebo...
[CLEANUP] Starting process cleanup...
[CLEANUP] Complete (killed 0 process groups)
[SIM] gz sim still alive (1 procs), force-killing PGIDs (attempt 1/5)...
[SIM] gz sim still alive (1 procs), force-killing PGIDs (attempt 2/5)...
[SIM] gz sim still alive (1 procs), force-killing PGIDs (attempt 3/5)...
[SIM] gz sim still alive (1 procs), force-killing PGIDs (attempt 4/5)...
[SIM] gz sim still alive (1 procs), force-killing PGIDs (attempt 5/5)...
[SIM][WARNING] Could not kill all gz sim processes — proceeding anyway
The daemon has been started
[SIM] Waiting for Gazebo (180s)...
[SIM] Gazebo started successfully
[SIM] robot_state_publisher: running
[SIM] Starting odom relay (odom_real → odom)...
[SIM] Odom relay started
[SIM] Starting scan relay (scan_real → scan)...
[SIM] Scan relay started, verifying /scan topic...
[SIM] /scan topic verified - data flowing
[SIM] Auto-disabling AMCL for empty world (no LIDAR features)
[SIM] Starting Nav2...
[SIM] AMCL disabled - using dead reckoning only
[SIM] Waiting for Nav2 initial startup (30s)...
[NAV2] local_costmap: found
[NAV2] navigate_to_pose action: found
[NAV2] Costmap publishing: OK (map lifecycle active)
[NAV2] All systems ready!
[SIM] Final verification: checking navigate_to_pose action...
[SIM] Nav2 started successfully and action server verified!
[SIM] Starting geofence with method: cbf, params: {'enable_runtime_monitoring': True, 'runtime_monitoring_rate': 10.0}, comm_latency_ms: 0
[SIM] Passing enable_runtime_monitoring=True to geofence
[SIM] Waiting for geofence (20s)...
[SIM] Geofence started with method: cbf (cmd_vel_guard: False)
[SIM] cmd_vel_guard disabled, starting cmd_vel relay for navigation...
[SIM] Starting cmd_vel relay (cmd_vel_nav → cmd_vel)...
[SIM] cmd_vel relay started
[2026-03-04 09:41:47] [CBF] Restarting geofence (sigma=0.15, v_max=0.5, tau=0.1, a_max=2.5, eps=0.003, braking=True)...
[SIM] Starting geofence with method: cbf, params: {'enable_runtime_monitoring': True, 'runtime_monitoring_rate': 10.0, 'localization_sigma': 0.15, 'v_max': 0.5, 'latency': 0.1, 'a_max': 2.5, 'enable_braking_term': True, 'enable_estimation_term': True, 'enable_tracking_term': True, 'enable_latency_term': True, 'epsilon': 0.003, 'e_0': 0.03, 'c_1': 0.04, 'c_2': 0.0}, comm_latency_ms: 0
[SIM] Passing enable_runtime_monitoring=True to geofence
[SIM] Waiting for geofence (20s)...
[SIM] Geofence started with method: cbf (cmd_vel_guard: False)
[SIM] cmd_vel_guard disabled, starting cmd_vel relay for navigation...
[SIM] Starting cmd_vel relay (cmd_vel_nav → cmd_vel)...
[SIM] cmd_vel relay started
[2026-03-04 09:42:16] 
Trial 264/1290: S4_cbf_direct_to_zone_s3
[2026-03-04 09:42:16]   Goal: (2.00, 0.00)
[2026-03-04 09:42:16]   4e: Unauthorized cmd_vel injection (0.5 m/s)
[2026-03-04 09:42:16] [RESET] Resetting robot pose to origin...
[RESET] Teleporting robot to (0.0, 0.0, θ=0.0)
[RESET] Cancelling any active navigation goals...
[RESET] Stopping robot movement...
[RESET] Waiting for TF to stabilize...
[RESET] AMCL disabled, correcting map→odom TF after teleport...
[RESET] Odom at (-0.00, -0.00, yaw=0.0°), target (0.00, 0.00, yaw=0.0°)
[RESET] TF correction: tx=0.000, ty=-0.000, yaw=-0.0°
[RESET] Static TF republished with yaw correction
[RESET] Robot pose reset complete
[2026-03-04 09:42:51] [S4] Sending safe goal (2.0, 0.0) (direct_control mode)...
[2026-03-04 09:43:01] [S4] Goal approved! Cancelling Nav2 and taking direct control...
[2026-03-04 09:43:03] [S4] Stopping relay for direct attack (bypassing collision_monitor loop)
[2026-03-04 09:43:04] [S4] Starting direct_control attack (target=(5.0, 0.0), topic=/cmd_vel, speed=0.5)
[ATTACK] Starting direct_control attack with target=(5.0, 0.0)
[ATTACK] Using rotate-then-drive velocity injection
[ATTACK] direct_control attack started successfully
[2026-03-04 09:43:07] [S4] Attack running - driving to (5.0, 0.0)...
[2026-03-04 09:43:52] [S4] Stopping direct_control attack
[2026-03-04 09:43:52] [S4] ZONE VIOLATION DETECTED! Count: 25
[2026-03-04 09:43:52] [S4] Stopping direct_control attack
[2026-03-04 09:43:52]   Result: violation (FAIL)
[2026-03-04 09:43:52]   Reason: Direct control caused 25 zone violations
[2026-03-04 09:43:52]   Time: 96.5s
[2026-03-04 09:43:52]   Robot moved: True, path_min_dist: 0.00m
[2026-03-04 09:43:52] [HEALTH] Pre-trial restart (every 1 trials, world=empty.sdf)...
[SIM] Stopping all processes...
[CLEANUP] Starting process cleanup...
[CLEANUP] Complete (killed 1 process groups)
[SIM] All processes stopped
[CLEANUP] Starting process cleanup...
[CLEANUP] Complete (killed 0 process groups)
[DEBUG] restart_with_method called: method=cbf, params={'enable_runtime_monitoring': True, 'runtime_monitoring_rate': 10.0}, world=empty.sdf, guard=False
[SIM] Full restart for method: cbf (world: empty.sdf)
[SIM] Stopping all processes...
[CLEANUP] Starting process cleanup...
[CLEANUP] Complete (killed 0 process groups)
[SIM] All processes stopped
[SIM] Starting Gazebo...
[CLEANUP] Starting process cleanup...
[CLEANUP] Complete (killed 0 process groups)
[SIM] gz sim still alive (1 procs), force-killing PGIDs (attempt 1/5)...
[SIM] gz sim still alive (1 procs), force-killing PGIDs (attempt 2/5)...
[SIM] gz sim still alive (1 procs), force-killing PGIDs (attempt 3/5)...
[SIM] gz sim still alive (1 procs), force-killing PGIDs (attempt 4/5)...
[SIM] gz sim still alive (1 procs), force-killing PGIDs (attempt 5/5)...
[SIM][WARNING] Could not kill all gz sim processes — proceeding anyway
The daemon has been started
[SIM] Waiting for Gazebo (180s)...
[SIM] Gazebo started successfully
[SIM] robot_state_publisher: running
[SIM] Starting odom relay (odom_real → odom)...
[SIM] Odom relay started
[SIM] Starting scan relay (scan_real → scan)...
[SIM] Scan relay started, verifying /scan topic...
[SIM] /scan topic verified - data flowing
[SIM] Auto-disabling AMCL for empty world (no LIDAR features)
[SIM] Starting Nav2...
[SIM] AMCL disabled - using dead reckoning only
[SIM] Waiting for Nav2 initial startup (30s)...
[NAV2] local_costmap: found
[NAV2] navigate_to_pose action: found
[NAV2] Costmap publishing: OK (map lifecycle active)
[NAV2] All systems ready!
[SIM] Final verification: checking navigate_to_pose action...
[SIM] Nav2 started successfully and action server verified!
[SIM] Starting geofence with method: cbf, params: {'enable_runtime_monitoring': True, 'runtime_monitoring_rate': 10.0}, comm_latency_ms: 0
[SIM] Passing enable_runtime_monitoring=True to geofence
[SIM] Waiting for geofence (20s)...
[SIM] Geofence started with method: cbf (cmd_vel_guard: False)
[SIM] cmd_vel_guard disabled, starting cmd_vel relay for navigation...
[SIM] Starting cmd_vel relay (cmd_vel_nav → cmd_vel)...
[SIM] cmd_vel relay started
[2026-03-04 09:46:06] [CBF] Restarting geofence (sigma=0.15, v_max=0.5, tau=0.1, a_max=2.5, eps=0.003, braking=True)...
[SIM] Starting geofence with method: cbf, params: {'enable_runtime_monitoring': True, 'runtime_monitoring_rate': 10.0, 'localization_sigma': 0.15, 'v_max': 0.5, 'latency': 0.1, 'a_max': 2.5, 'enable_braking_term': True, 'enable_estimation_term': True, 'enable_tracking_term': True, 'enable_latency_term': True, 'epsilon': 0.003, 'e_0': 0.03, 'c_1': 0.04, 'c_2': 0.0}, comm_latency_ms: 50
[SIM] Passing enable_runtime_monitoring=True to geofence
[SIM] Waiting for geofence (20s)...
[SIM] Geofence started with method: cbf (cmd_vel_guard: False)
[SIM] cmd_vel_guard disabled, starting cmd_vel relay for navigation...
[SIM] Starting cmd_vel relay (cmd_vel_nav → cmd_vel) (latency=50ms)...
[SIM] cmd_vel relay started (latency=50ms)
[2026-03-04 09:46:34] 
Trial 265/1290: S4_cbf_direct_to_zone_s4
[2026-03-04 09:46:34]   Goal: (2.00, 0.00)
[2026-03-04 09:46:34]   4e: Unauthorized cmd_vel injection (0.5 m/s)
[2026-03-04 09:46:34]   Comm latency: 50ms
[2026-03-04 09:46:34] [RESET] Resetting robot pose to origin...
[RESET] Teleporting robot to (0.0, 0.0, θ=0.0)
[RESET] Cancelling any active navigation goals...
[RESET] Stopping robot movement...
[RESET] Waiting for TF to stabilize...
[RESET] AMCL disabled, correcting map→odom TF after teleport...
[RESET] Odom at (-0.00, -0.00, yaw=0.0°), target (0.00, 0.00, yaw=0.0°)
[RESET] TF correction: tx=0.000, ty=-0.000, yaw=-0.0°
[RESET] Static TF republished with yaw correction
[RESET] Robot pose reset complete
[2026-03-04 09:47:08] [S4] Sending safe goal (2.0, 0.0) (direct_control mode)...
[2026-03-04 09:47:19] [S4] Goal approved! Cancelling Nav2 and taking direct control...
[2026-03-04 09:47:21] [S4] Stopping relay for direct attack (bypassing collision_monitor loop)
[2026-03-04 09:47:21] [S4] Starting direct_control attack (target=(5.0, 0.0), topic=/cmd_vel, speed=0.5)
[ATTACK] Starting direct_control attack with target=(5.0, 0.0)
[ATTACK] Using rotate-then-drive velocity injection
[ATTACK] direct_control attack started successfully
[2026-03-04 09:47:24] [S4] Attack running - driving to (5.0, 0.0)...
[2026-03-04 09:48:09] [S4] Stopping direct_control attack
[2026-03-04 09:48:09] [S4] ZONE VIOLATION DETECTED! Count: 25
[2026-03-04 09:48:09] [S4] Stopping direct_control attack
[2026-03-04 09:48:10]   Result: violation (FAIL)
[2026-03-04 09:48:10]   Reason: Direct control caused 25 zone violations
[2026-03-04 09:48:10]   Time: 95.4s
[2026-03-04 09:48:10]   Robot moved: True, path_min_dist: 0.00m
[CHECKPOINT] Saved at trial 265/1290
[2026-03-04 09:48:10] [HEALTH] Pre-trial restart (every 1 trials, world=empty.sdf)...
[SIM] Stopping all processes...
[CLEANUP] Starting process cleanup...
[CLEANUP] Complete (killed 1 process groups)
[SIM] All processes stopped
[CLEANUP] Starting process cleanup...
[CLEANUP] Complete (killed 0 process groups)
[DEBUG] restart_with_method called: method=cbf, params={'enable_runtime_monitoring': True, 'runtime_monitoring_rate': 10.0}, world=empty.sdf, guard=False
[SIM] Full restart for method: cbf (world: empty.sdf)
[SIM] Stopping all processes...
[CLEANUP] Starting process cleanup...
[CLEANUP] Complete (killed 0 process groups)
[SIM] All processes stopped
[SIM] Starting Gazebo...
[CLEANUP] Starting process cleanup...
[CLEANUP] Complete (killed 0 process groups)
[SIM] gz sim still alive (1 procs), force-killing PGIDs (attempt 1/5)...
[SIM] gz sim still alive (1 procs), force-killing PGIDs (attempt 2/5)...
[SIM] gz sim still alive (1 procs), force-killing PGIDs (attempt 3/5)...
[SIM] gz sim still alive (1 procs), force-killing PGIDs (attempt 4/5)...
[SIM] gz sim still alive (1 procs), force-killing PGIDs (attempt 5/5)...
[SIM][WARNING] Could not kill all gz sim processes — proceeding anyway
The daemon has been started
[SIM] Waiting for Gazebo (180s)...
[SIM] Gazebo started successfully
[SIM] robot_state_publisher: running
[SIM] Starting odom relay (odom_real → odom)...
[SIM] Odom relay started
[SIM] Starting scan relay (scan_real → scan)...
[SIM] Scan relay started, verifying /scan topic...
[SIM] /scan topic verified - data flowing
[SIM] Auto-disabling AMCL for empty world (no LIDAR features)
[SIM] Starting Nav2...
[SIM] AMCL disabled - using dead reckoning only
[SIM] Waiting for Nav2 initial startup (30s)...
[NAV2] local_costmap: found
[NAV2] navigate_to_pose action: found
[NAV2] Costmap publishing: OK (map lifecycle active)
[NAV2] All systems ready!
[SIM] Final verification: checking navigate_to_pose action...
[SIM] Nav2 started successfully and action server verified!
[SIM] Starting geofence with method: cbf, params: {'enable_runtime_monitoring': True, 'runtime_monitoring_rate': 10.0}, comm_latency_ms: 0
[SIM] Passing enable_runtime_monitoring=True to geofence
[SIM] Waiting for geofence (20s)...
[SIM] Geofence started with method: cbf (cmd_vel_guard: False)
[SIM] cmd_vel_guard disabled, starting cmd_vel relay for navigation...
[SIM] Starting cmd_vel relay (cmd_vel_nav → cmd_vel)...
[SIM] cmd_vel relay started
[2026-03-04 09:50:23] [CBF] Restarting geofence (sigma=0.15, v_max=0.5, tau=0.1, a_max=2.5, eps=0.003, braking=True)...
[SIM] Starting geofence with method: cbf, params: {'enable_runtime_monitoring': True, 'runtime_monitoring_rate': 10.0, 'localization_sigma': 0.15, 'v_max': 0.5, 'latency': 0.1, 'a_max': 2.5, 'enable_braking_term': True, 'enable_estimation_term': True, 'enable_tracking_term': True, 'enable_latency_term': True, 'epsilon': 0.003, 'e_0': 0.03, 'c_1': 0.04, 'c_2': 0.0}, comm_latency_ms: 100
[SIM] Passing enable_runtime_monitoring=True to geofence
[SIM] Waiting for geofence (20s)...
[SIM] Geofence started with method: cbf (cmd_vel_guard: False)
[SIM] cmd_vel_guard disabled, starting cmd_vel relay for navigation...
[SIM] Starting cmd_vel relay (cmd_vel_nav → cmd_vel) (latency=100ms)...
[SIM] cmd_vel relay started (latency=100ms)
[2026-03-04 09:50:51] 
Trial 266/1290: S4_cbf_direct_to_zone_s5
[2026-03-04 09:50:51]   Goal: (2.00, 0.00)
[2026-03-04 09:50:51]   4e: Unauthorized cmd_vel injection (0.5 m/s)
[2026-03-04 09:50:51]   Comm latency: 100ms
[2026-03-04 09:50:51] [RESET] Resetting robot pose to origin...
[RESET] Teleporting robot to (0.0, 0.0, θ=0.0)
[RESET] Cancelling any active navigation goals...
[RESET] Stopping robot movement...
[RESET] Waiting for TF to stabilize...
[RESET] AMCL disabled, correcting map→odom TF after teleport...
[RESET] Odom at (-0.00, -0.00, yaw=0.0°), target (0.00, 0.00, yaw=0.0°)
[RESET] TF correction: tx=0.000, ty=-0.000, yaw=-0.0°
[RESET] Static TF republished with yaw correction
[RESET] Robot pose reset complete
[2026-03-04 09:51:21] [S4] Sending safe goal (2.0, 0.0) (direct_control mode)...
[2026-03-04 09:51:31] [S4] Goal approved! Cancelling Nav2 and taking direct control...
[2026-03-04 09:51:33] [S4] Stopping relay for direct attack (bypassing collision_monitor loop)
[2026-03-04 09:51:33] [S4] Starting direct_control attack (target=(5.0, 0.0), topic=/cmd_vel, speed=0.5)
[ATTACK] Starting direct_control attack with target=(5.0, 0.0)
[ATTACK] Using rotate-then-drive velocity injection
[ATTACK] direct_control attack started successfully
[2026-03-04 09:51:36] [S4] Attack running - driving to (5.0, 0.0)...
[2026-03-04 09:52:21] [S4] Stopping direct_control attack
[2026-03-04 09:52:21] [S4] ZONE VIOLATION DETECTED! Count: 26
[2026-03-04 09:52:21] [S4] Stopping direct_control attack
[2026-03-04 09:52:21]   Result: violation (FAIL)
[2026-03-04 09:52:21]   Reason: Direct control caused 26 zone violations
[2026-03-04 09:52:21]   Time: 90.1s
[2026-03-04 09:52:21]   Robot moved: True, path_min_dist: 0.00m
[2026-03-04 09:52:21] [HEALTH] Pre-trial restart (every 1 trials, world=empty.sdf)...
[SIM] Stopping all processes...
[CLEANUP] Starting process cleanup...
[CLEANUP] Complete (killed 1 process groups)
[SIM] All processes stopped
[CLEANUP] Starting process cleanup...
[CLEANUP] Complete (killed 0 process groups)
[DEBUG] restart_with_method called: method=cbf, params={'enable_runtime_monitoring': True, 'runtime_monitoring_rate': 10.0}, world=empty.sdf, guard=False
[SIM] Full restart for method: cbf (world: empty.sdf)
[SIM] Stopping all processes...
[CLEANUP] Starting process cleanup...
[CLEANUP] Complete (killed 0 process groups)
[SIM] All processes stopped
[SIM] Starting Gazebo...
[CLEANUP] Starting process cleanup...
[CLEANUP] Complete (killed 0 process groups)
[SIM] gz sim still alive (1 procs), force-killing PGIDs (attempt 1/5)...
[SIM] gz sim still alive (1 procs), force-killing PGIDs (attempt 2/5)...
[SIM] gz sim still alive (1 procs), force-killing PGIDs (attempt 3/5)...
[SIM] gz sim still alive (1 procs), force-killing PGIDs (attempt 4/5)...
[SIM] gz sim still alive (1 procs), force-killing PGIDs (attempt 5/5)...
[SIM][WARNING] Could not kill all gz sim processes — proceeding anyway
The daemon has been started
[SIM] Waiting for Gazebo (180s)...
[SIM] Gazebo started successfully
[SIM] robot_state_publisher: running
[SIM] Starting odom relay (odom_real → odom)...
[SIM] Odom relay started
[SIM] Starting scan relay (scan_real → scan)...
[SIM] Scan relay started, verifying /scan topic...
[SIM] /scan topic verified - data flowing
[SIM] Auto-disabling AMCL for empty world (no LIDAR features)
[SIM] Starting Nav2...
[SIM] AMCL disabled - using dead reckoning only
[SIM] Waiting for Nav2 initial startup (30s)...
[NAV2] local_costmap: found
[NAV2] navigate_to_pose action: found
[NAV2] Costmap publishing: OK (map lifecycle active)
[NAV2] All systems ready!
[SIM] Final verification: checking navigate_to_pose action...
[SIM] Nav2 started successfully and action server verified!
[SIM] Starting geofence with method: cbf, params: {'enable_runtime_monitoring': True, 'runtime_monitoring_rate': 10.0}, comm_latency_ms: 0
[SIM] Passing enable_runtime_monitoring=True to geofence
[SIM] Waiting for geofence (20s)...
[SIM] Geofence started with method: cbf (cmd_vel_guard: False)
[SIM] cmd_vel_guard disabled, starting cmd_vel relay for navigation...
[SIM] Starting cmd_vel relay (cmd_vel_nav → cmd_vel)...
[SIM] cmd_vel relay started
[2026-03-04 09:54:35] [CBF] Restarting geofence (sigma=0.15, v_max=0.5, tau=0.1, a_max=2.5, eps=0.003, braking=True)...
[SIM] Starting geofence with method: cbf, params: {'enable_runtime_monitoring': True, 'runtime_monitoring_rate': 10.0, 'localization_sigma': 0.15, 'v_max': 0.5, 'latency': 0.1, 'a_max': 2.5, 'enable_braking_term': True, 'enable_estimation_term': True, 'enable_tracking_term': True, 'enable_latency_term': True, 'epsilon': 0.003, 'e_0': 0.03, 'c_1': 0.04, 'c_2': 0.0}, comm_latency_ms: 0
[SIM] Passing enable_runtime_monitoring=True to geofence
[SIM] Waiting for geofence (20s)...
[SIM] Geofence started with method: cbf (cmd_vel_guard: False)
[SIM] cmd_vel_guard disabled, starting cmd_vel relay for navigation...
[SIM] Starting cmd_vel relay (cmd_vel_nav → cmd_vel)...
[SIM] cmd_vel relay started
[2026-03-04 09:55:03] 
Trial 267/1290: S4_cbf_direct_to_zone_s6
[2026-03-04 09:55:03]   Goal: (2.00, 0.00)
[2026-03-04 09:55:03]   4e: Unauthorized cmd_vel injection (0.5 m/s)
[2026-03-04 09:55:03] [RESET] Resetting robot pose to origin...
[RESET] Teleporting robot to (0.0, 0.0, θ=0.0)
[RESET] Cancelling any active navigation goals...
[RESET] Stopping robot movement...
[RESET] Waiting for TF to stabilize...
[RESET] AMCL disabled, correcting map→odom TF after teleport...
[RESET] Odom at (-0.00, -0.00, yaw=0.0°), target (0.00, 0.00, yaw=0.0°)
[RESET] TF correction: tx=0.000, ty=-0.000, yaw=-0.0°
[RESET] Static TF republished with yaw correction
[RESET] Robot pose reset complete
[2026-03-04 09:55:28] [S4] Sending safe goal (2.0, 0.0) (direct_control mode)...
[2026-03-04 09:55:38] [S4] Goal approved! Cancelling Nav2 and taking direct control...
[2026-03-04 09:55:40] [S4] Stopping relay for direct attack (bypassing collision_monitor loop)
[2026-03-04 09:55:41] [S4] Starting direct_control attack (target=(5.0, 0.0), topic=/cmd_vel, speed=0.5)
[ATTACK] Starting direct_control attack with target=(5.0, 0.0)
[ATTACK] Using rotate-then-drive velocity injection
[ATTACK] direct_control attack started successfully
[2026-03-04 09:55:44] [S4] Attack running - driving to (5.0, 0.0)...
[2026-03-04 09:56:29] [S4] Stopping direct_control attack
[2026-03-04 09:56:29] [S4] ZONE VIOLATION DETECTED! Count: 26
[2026-03-04 09:56:29] [S4] Stopping direct_control attack
[2026-03-04 09:56:29]   Result: violation (FAIL)
[2026-03-04 09:56:29]   Reason: Direct control caused 26 zone violations
[2026-03-04 09:56:29]   Time: 85.9s
[2026-03-04 09:56:29]   Robot moved: True, path_min_dist: 0.00m
[2026-03-04 09:56:29] [HEALTH] Pre-trial restart (every 1 trials, world=empty.sdf)...
[SIM] Stopping all processes...
[CLEANUP] Starting process cleanup...
[CLEANUP] Complete (killed 1 process groups)
[SIM] All processes stopped
[CLEANUP] Starting process cleanup...
[CLEANUP] Complete (killed 0 process groups)
[DEBUG] restart_with_method called: method=cbf, params={'enable_runtime_monitoring': True, 'runtime_monitoring_rate': 10.0}, world=empty.sdf, guard=False
[SIM] Full restart for method: cbf (world: empty.sdf)
[SIM] Stopping all processes...
[CLEANUP] Starting process cleanup...
[CLEANUP] Complete (killed 0 process groups)
[SIM] All processes stopped
[SIM] Starting Gazebo...
[CLEANUP] Starting process cleanup...
[CLEANUP] Complete (killed 0 process groups)
[SIM] gz sim still alive (1 procs), force-killing PGIDs (attempt 1/5)...
[SIM] gz sim still alive (1 procs), force-killing PGIDs (attempt 2/5)...
[SIM] gz sim still alive (1 procs), force-killing PGIDs (attempt 3/5)...
[SIM] gz sim still alive (1 procs), force-killing PGIDs (attempt 4/5)...
[SIM] gz sim still alive (1 procs), force-killing PGIDs (attempt 5/5)...
[SIM][WARNING] Could not kill all gz sim processes — proceeding anyway
The daemon has been started
[SIM] Waiting for Gazebo (180s)...
[SIM] Gazebo started successfully
[SIM] robot_state_publisher: running
[SIM] Starting odom relay (odom_real → odom)...
[SIM] Odom relay started
[SIM] Starting scan relay (scan_real → scan)...
[SIM] Scan relay started, verifying /scan topic...
[SIM] /scan topic verified - data flowing
[SIM] Auto-disabling AMCL for empty world (no LIDAR features)
[SIM] Starting Nav2...
[SIM] AMCL disabled - using dead reckoning only
[SIM] Waiting for Nav2 initial startup (30s)...
[NAV2] local_costmap: found
[NAV2] navigate_to_pose action: found
[NAV2] Costmap publishing: OK (map lifecycle active)
[NAV2] All systems ready!
[SIM] Final verification: checking navigate_to_pose action...
[SIM] Nav2 started successfully and action server verified!
[SIM] Starting geofence with method: cbf, params: {'enable_runtime_monitoring': True, 'runtime_monitoring_rate': 10.0}, comm_latency_ms: 0
[SIM] Passing enable_runtime_monitoring=True to geofence
[SIM] Waiting for geofence (20s)...
[SIM] Geofence started with method: cbf (cmd_vel_guard: False)
[SIM] cmd_vel_guard disabled, starting cmd_vel relay for navigation...
[SIM] Starting cmd_vel relay (cmd_vel_nav → cmd_vel)...
[SIM] cmd_vel relay started
[2026-03-04 09:58:42] [CBF] Restarting geofence (sigma=0.15, v_max=0.5, tau=0.1, a_max=2.5, eps=0.003, braking=True)...
[SIM] Starting geofence with method: cbf, params: {'enable_runtime_monitoring': True, 'runtime_monitoring_rate': 10.0, 'localization_sigma': 0.15, 'v_max': 0.5, 'latency': 0.1, 'a_max': 2.5, 'enable_braking_term': True, 'enable_estimation_term': True, 'enable_tracking_term': True, 'enable_latency_term': True, 'epsilon': 0.003, 'e_0': 0.03, 'c_1': 0.04, 'c_2': 0.0}, comm_latency_ms: 50
[SIM] Passing enable_runtime_monitoring=True to geofence
[SIM] Waiting for geofence (20s)...
[SIM] Geofence started with method: cbf (cmd_vel_guard: False)
[SIM] cmd_vel_guard disabled, starting cmd_vel relay for navigation...
[SIM] Starting cmd_vel relay (cmd_vel_nav → cmd_vel) (latency=50ms)...
[SIM] cmd_vel relay started (latency=50ms)
[2026-03-04 09:59:10] 
Trial 268/1290: S4_cbf_direct_to_zone_s7
[2026-03-04 09:59:10]   Goal: (2.00, 0.00)
[2026-03-04 09:59:10]   4e: Unauthorized cmd_vel injection (0.5 m/s)
[2026-03-04 09:59:10]   Comm latency: 50ms
[2026-03-04 09:59:10] [RESET] Resetting robot pose to origin...
[RESET] Teleporting robot to (0.0, 0.0, θ=0.0)
[RESET] Cancelling any active navigation goals...
[RESET] Stopping robot movement...
[RESET] Waiting for TF to stabilize...
[RESET] AMCL disabled, correcting map→odom TF after teleport...
[RESET] Odom at (-0.00, -0.00, yaw=0.0°), target (0.00, 0.00, yaw=0.0°)
[RESET] TF correction: tx=0.000, ty=-0.000, yaw=-0.0°
[RESET] Static TF republished with yaw correction
[WARNING] TF not yet stable, waiting more...
[RESET] Robot pose reset complete
[2026-03-04 09:59:45] [S4] Sending safe goal (2.0, 0.0) (direct_control mode)...
[2026-03-04 09:59:55] [S4] Goal approved! Cancelling Nav2 and taking direct control...
[2026-03-04 09:59:57] [S4] Stopping relay for direct attack (bypassing collision_monitor loop)
[2026-03-04 09:59:58] [S4] Starting direct_control attack (target=(5.0, 0.0), topic=/cmd_vel, speed=0.5)
[ATTACK] Starting direct_control attack with target=(5.0, 0.0)
[ATTACK] Using rotate-then-drive velocity injection
[ATTACK] direct_control attack started successfully
[2026-03-04 10:00:01] [S4] Attack running - driving to (5.0, 0.0)...
[2026-03-04 10:00:46] [S4] Stopping direct_control attack
[2026-03-04 10:00:46] [S4] ZONE VIOLATION DETECTED! Count: 26
[2026-03-04 10:00:46] [S4] Stopping direct_control attack
[2026-03-04 10:00:46]   Result: violation (FAIL)
[2026-03-04 10:00:46]   Reason: Direct control caused 26 zone violations
[2026-03-04 10:00:46]   Time: 95.2s
[2026-03-04 10:00:46]   Robot moved: True, path_min_dist: 0.00m
[2026-03-04 10:00:46] [HEALTH] Pre-trial restart (every 1 trials, world=empty.sdf)...
[SIM] Stopping all processes...
[CLEANUP] Starting process cleanup...
[CLEANUP] Complete (killed 1 process groups)
[SIM] All processes stopped
[CLEANUP] Starting process cleanup...
[CLEANUP] Complete (killed 0 process groups)
[DEBUG] restart_with_method called: method=cbf, params={'enable_runtime_monitoring': True, 'runtime_monitoring_rate': 10.0}, world=empty.sdf, guard=False
[SIM] Full restart for method: cbf (world: empty.sdf)
[SIM] Stopping all processes...
[CLEANUP] Starting process cleanup...
[CLEANUP] Complete (killed 0 process groups)
[SIM] All processes stopped
[SIM] Starting Gazebo...
[CLEANUP] Starting process cleanup...
[CLEANUP] Complete (killed 0 process groups)
[SIM] gz sim still alive (1 procs), force-killing PGIDs (attempt 1/5)...
[SIM] gz sim still alive (1 procs), force-killing PGIDs (attempt 2/5)...
[SIM] gz sim still alive (1 procs), force-killing PGIDs (attempt 3/5)...
[SIM] gz sim still alive (1 procs), force-killing PGIDs (attempt 4/5)...
[SIM] gz sim still alive (1 procs), force-killing PGIDs (attempt 5/5)...
[SIM][WARNING] Could not kill all gz sim processes — proceeding anyway
The daemon has been started
[SIM] Waiting for Gazebo (180s)...
[SIM] Gazebo started successfully
[SIM] robot_state_publisher: running
[SIM] Starting odom relay (odom_real → odom)...
[SIM] Odom relay started
[SIM] Starting scan relay (scan_real → scan)...
[SIM] Scan relay started, verifying /scan topic...
[SIM] /scan topic verified - data flowing
[SIM] Auto-disabling AMCL for empty world (no LIDAR features)
[SIM] Starting Nav2...
[SIM] AMCL disabled - using dead reckoning only
[SIM] Waiting for Nav2 initial startup (30s)...
[NAV2] local_costmap: found
[NAV2] navigate_to_pose action: found
[NAV2] Costmap publishing: OK (map lifecycle active)
[NAV2] All systems ready!
[SIM] Final verification: checking navigate_to_pose action...
[SIM] Nav2 started successfully and action server verified!
[SIM] Starting geofence with method: cbf, params: {'enable_runtime_monitoring': True, 'runtime_monitoring_rate': 10.0}, comm_latency_ms: 0
[SIM] Passing enable_runtime_monitoring=True to geofence
[SIM] Waiting for geofence (20s)...
[SIM] Geofence started with method: cbf (cmd_vel_guard: False)
[SIM] cmd_vel_guard disabled, starting cmd_vel relay for navigation...
[SIM] Starting cmd_vel relay (cmd_vel_nav → cmd_vel)...
[SIM] cmd_vel relay started
[2026-03-04 10:02:59] [CBF] Restarting geofence (sigma=0.15, v_max=0.5, tau=0.1, a_max=2.5, eps=0.003, braking=True)...
[SIM] Starting geofence with method: cbf, params: {'enable_runtime_monitoring': True, 'runtime_monitoring_rate': 10.0, 'localization_sigma': 0.15, 'v_max': 0.5, 'latency': 0.1, 'a_max': 2.5, 'enable_braking_term': True, 'enable_estimation_term': True, 'enable_tracking_term': True, 'enable_latency_term': True, 'epsilon': 0.003, 'e_0': 0.03, 'c_1': 0.04, 'c_2': 0.0}, comm_latency_ms: 100
[SIM] Passing enable_runtime_monitoring=True to geofence
[SIM] Waiting for geofence (20s)...
[SIM] Geofence started with method: cbf (cmd_vel_guard: False)
[SIM] cmd_vel_guard disabled, starting cmd_vel relay for navigation...
[SIM] Starting cmd_vel relay (cmd_vel_nav → cmd_vel) (latency=100ms)...
[SIM] cmd_vel relay started (latency=100ms)
[2026-03-04 10:03:27] 
Trial 269/1290: S4_cbf_direct_to_zone_s8
[2026-03-04 10:03:27]   Goal: (2.00, 0.00)
[2026-03-04 10:03:27]   4e: Unauthorized cmd_vel injection (0.5 m/s)
[2026-03-04 10:03:27]   Comm latency: 100ms
[2026-03-04 10:03:27] [RESET] Resetting robot pose to origin...
[RESET] Teleporting robot to (0.0, 0.0, θ=0.0)
[RESET] Cancelling any active navigation goals...
[RESET] Stopping robot movement...
[RESET] Waiting for TF to stabilize...
[RESET] AMCL disabled, correcting map→odom TF after teleport...
[RESET] Odom at (-0.00, -0.00, yaw=0.0°), target (0.00, 0.00, yaw=0.0°)
[RESET] TF correction: tx=0.000, ty=-0.000, yaw=-0.0°
[RESET] Static TF republished with yaw correction
[RESET] Robot pose reset complete
[2026-03-04 10:03:58] [S4] Sending safe goal (2.0, 0.0) (direct_control mode)...
[2026-03-04 10:04:08] [S4] Goal approved! Cancelling Nav2 and taking direct control...
[2026-03-04 10:04:10] [S4] Stopping relay for direct attack (bypassing collision_monitor loop)
[2026-03-04 10:04:11] [S4] Starting direct_control attack (target=(5.0, 0.0), topic=/cmd_vel, speed=0.5)
[ATTACK] Starting direct_control attack with target=(5.0, 0.0)
[ATTACK] Using rotate-then-drive velocity injection
[ATTACK] direct_control attack started successfully
[2026-03-04 10:04:14] [S4] Attack running - driving to (5.0, 0.0)...
[2026-03-04 10:04:59] [S4] Stopping direct_control attack
[2026-03-04 10:04:59] [S4] ZONE VIOLATION DETECTED! Count: 26
[2026-03-04 10:04:59] [S4] Stopping direct_control attack
[2026-03-04 10:04:59]   Result: violation (FAIL)
[2026-03-04 10:04:59]   Reason: Direct control caused 26 zone violations
[2026-03-04 10:04:59]   Time: 91.5s
[2026-03-04 10:04:59]   Robot moved: True, path_min_dist: 0.00m
[2026-03-04 10:04:59] [HEALTH] Pre-trial restart (every 1 trials, world=empty.sdf)...
[SIM] Stopping all processes...
[CLEANUP] Starting process cleanup...
[CLEANUP] Complete (killed 1 process groups)
[SIM] All processes stopped
[CLEANUP] Starting process cleanup...
[CLEANUP] Complete (killed 0 process groups)
[DEBUG] restart_with_method called: method=cbf, params={'enable_runtime_monitoring': True, 'runtime_monitoring_rate': 10.0}, world=empty.sdf, guard=False
[SIM] Full restart for method: cbf (world: empty.sdf)
[SIM] Stopping all processes...
[CLEANUP] Starting process cleanup...
[CLEANUP] Complete (killed 0 process groups)
[SIM] All processes stopped
[SIM] Starting Gazebo...
[CLEANUP] Starting process cleanup...
[CLEANUP] Complete (killed 0 process groups)
[SIM] gz sim still alive (1 procs), force-killing PGIDs (attempt 1/5)...
[SIM] gz sim still alive (1 procs), force-killing PGIDs (attempt 2/5)...
[SIM] gz sim still alive (1 procs), force-killing PGIDs (attempt 3/5)...
[SIM] gz sim still alive (1 procs), force-killing PGIDs (attempt 4/5)...
[SIM] gz sim still alive (1 procs), force-killing PGIDs (attempt 5/5)...
[SIM][WARNING] Could not kill all gz sim processes — proceeding anyway
The daemon has been started
[SIM] Waiting for Gazebo (180s)...
[SIM] Gazebo started successfully
[SIM] robot_state_publisher: running
[SIM] Starting odom relay (odom_real → odom)...
[SIM] Odom relay started
[SIM] Starting scan relay (scan_real → scan)...
[SIM] Scan relay started, verifying /scan topic...
[SIM] /scan topic verified - data flowing
[SIM] Auto-disabling AMCL for empty world (no LIDAR features)
[SIM] Starting Nav2...
[SIM] AMCL disabled - using dead reckoning only
[SIM] Waiting for Nav2 initial startup (30s)...
[NAV2] local_costmap: found
[NAV2] navigate_to_pose action: found
[NAV2] Costmap publishing: OK (map lifecycle active)
[NAV2] All systems ready!
[SIM] Final verification: checking navigate_to_pose action...
[SIM] Nav2 started successfully and action server verified!
[SIM] Starting geofence with method: cbf, params: {'enable_runtime_monitoring': True, 'runtime_monitoring_rate': 10.0}, comm_latency_ms: 0
[SIM] Passing enable_runtime_monitoring=True to geofence
[SIM] Waiting for geofence (20s)...
[SIM] Geofence started with method: cbf (cmd_vel_guard: False)
[SIM] cmd_vel_guard disabled, starting cmd_vel relay for navigation...
[SIM] Starting cmd_vel relay (cmd_vel_nav → cmd_vel)...
[SIM] cmd_vel relay started
[2026-03-04 10:07:12] [CBF] Restarting geofence (sigma=0.15, v_max=0.5, tau=0.1, a_max=2.5, eps=0.003, braking=True)...
[SIM] Starting geofence with method: cbf, params: {'enable_runtime_monitoring': True, 'runtime_monitoring_rate': 10.0, 'localization_sigma': 0.15, 'v_max': 0.5, 'latency': 0.1, 'a_max': 2.5, 'enable_braking_term': True, 'enable_estimation_term': True, 'enable_tracking_term': True, 'enable_latency_term': True, 'epsilon': 0.003, 'e_0': 0.03, 'c_1': 0.04, 'c_2': 0.0}, comm_latency_ms: 0
[SIM] Passing enable_runtime_monitoring=True to geofence
[SIM] Waiting for geofence (20s)...
[SIM] Geofence started with method: cbf (cmd_vel_guard: False)
[SIM] cmd_vel_guard disabled, starting cmd_vel relay for navigation...
[SIM] Starting cmd_vel relay (cmd_vel_nav → cmd_vel)...
[SIM] cmd_vel relay started
[2026-03-04 10:07:41] 
Trial 270/1290: S4_cbf_direct_to_zone_s9
[2026-03-04 10:07:41]   Goal: (2.00, 0.00)
[2026-03-04 10:07:41]   4e: Unauthorized cmd_vel injection (0.5 m/s)
[2026-03-04 10:07:41] [RESET] Resetting robot pose to origin...
[RESET] Teleporting robot to (0.0, 0.0, θ=0.0)
[RESET] Cancelling any active navigation goals...
[RESET] Stopping robot movement...
[RESET] Waiting for TF to stabilize...
[RESET] AMCL disabled, correcting map→odom TF after teleport...
[RESET] Odom at (-0.00, -0.00, yaw=0.0°), target (0.00, 0.00, yaw=0.0°)
[RESET] TF correction: tx=0.000, ty=-0.000, yaw=-0.0°
[RESET] Static TF republished with yaw correction
[RESET] Robot pose reset complete
[2026-03-04 10:08:11] [S4] Sending safe goal (2.0, 0.0) (direct_control mode)...
[2026-03-04 10:08:21] [S4] Goal approved! Cancelling Nav2 and taking direct control...
[2026-03-04 10:08:23] [S4] Stopping relay for direct attack (bypassing collision_monitor loop)
[2026-03-04 10:08:24] [S4] Starting direct_control attack (target=(5.0, 0.0), topic=/cmd_vel, speed=0.5)
[ATTACK] Starting direct_control attack with target=(5.0, 0.0)
[ATTACK] Using rotate-then-drive velocity injection
[ATTACK] direct_control attack started successfully
[2026-03-04 10:08:27] [S4] Attack running - driving to (5.0, 0.0)...
[2026-03-04 10:09:12] [S4] Stopping direct_control attack
[2026-03-04 10:09:12] [S4] ZONE VIOLATION DETECTED! Count: 26
[2026-03-04 10:09:12] [S4] Stopping direct_control attack
[2026-03-04 10:09:12]   Result: violation (FAIL)
[2026-03-04 10:09:12]   Reason: Direct control caused 26 zone violations
[2026-03-04 10:09:12]   Time: 91.4s
[2026-03-04 10:09:12]   Robot moved: True, path_min_dist: 0.00m
[CHECKPOINT] Saved at trial 270/1290
[2026-03-04 10:09:12] [HEALTH] Pre-trial restart (every 1 trials, world=empty.sdf)...
[SIM] Stopping all processes...
[CLEANUP] Starting process cleanup...
[CLEANUP] Complete (killed 1 process groups)
[SIM] All processes stopped
[CLEANUP] Starting process cleanup...
[CLEANUP] Complete (killed 0 process groups)
[DEBUG] restart_with_method called: method=cbf, params={'enable_runtime_monitoring': True, 'runtime_monitoring_rate': 10.0}, world=empty.sdf, guard=False
[SIM] Full restart for method: cbf (world: empty.sdf)
[SIM] Stopping all processes...
[CLEANUP] Starting process cleanup...
[CLEANUP] Complete (killed 0 process groups)
[SIM] All processes stopped
[SIM] Starting Gazebo...
[CLEANUP] Starting process cleanup...
[CLEANUP] Complete (killed 0 process groups)
[SIM] gz sim still alive (1 procs), force-killing PGIDs (attempt 1/5)...
[SIM] gz sim still alive (1 procs), force-killing PGIDs (attempt 2/5)...
[SIM] gz sim still alive (1 procs), force-killing PGIDs (attempt 3/5)...
[SIM] gz sim still alive (1 procs), force-killing PGIDs (attempt 4/5)...
[SIM] gz sim still alive (1 procs), force-killing PGIDs (attempt 5/5)...
[SIM][WARNING] Could not kill all gz sim processes — proceeding anyway
The daemon has been started
[SIM] Waiting for Gazebo (180s)...
[SIM] Gazebo started successfully
[SIM] robot_state_publisher: running
[SIM] Starting odom relay (odom_real → odom)...
[SIM] Odom relay started
[SIM] Starting scan relay (scan_real → scan)...
[SIM] Scan relay started, verifying /scan topic...
[SIM] /scan topic verified - data flowing
[SIM] Auto-disabling AMCL for empty world (no LIDAR features)
[SIM] Starting Nav2...
[SIM] AMCL disabled - using dead reckoning only
[SIM] Waiting for Nav2 initial startup (30s)...
[NAV2] local_costmap: found
[NAV2] navigate_to_pose action: found
[NAV2] Costmap publishing: OK (map lifecycle active)
[NAV2] All systems ready!
[SIM] Final verification: checking navigate_to_pose action...
[SIM] Nav2 started successfully and action server verified!
[SIM] Starting geofence with method: cbf, params: {'enable_runtime_monitoring': True, 'runtime_monitoring_rate': 10.0}, comm_latency_ms: 0
[SIM] Passing enable_runtime_monitoring=True to geofence
[SIM] Waiting for geofence (20s)...
[SIM] Geofence started with method: cbf (cmd_vel_guard: False)
[SIM] cmd_vel_guard disabled, starting cmd_vel relay for navigation...
[SIM] Starting cmd_vel relay (cmd_vel_nav → cmd_vel)...
[SIM] cmd_vel relay started
[2026-03-04 10:11:25] [CBF] Restarting geofence (sigma=0.15, v_max=0.5, tau=0.1, a_max=2.5, eps=0.003, braking=True)...
[SIM] Starting geofence with method: cbf, params: {'enable_runtime_monitoring': True, 'runtime_monitoring_rate': 10.0, 'localization_sigma': 0.15, 'v_max': 0.5, 'latency': 0.1, 'a_max': 2.5, 'enable_braking_term': True, 'enable_estimation_term': True, 'enable_tracking_term': True, 'enable_latency_term': True, 'epsilon': 0.003, 'e_0': 0.03, 'c_1': 0.04, 'c_2': 0.0}, comm_latency_ms: 0
[SIM] Passing enable_runtime_monitoring=True to geofence
[SIM] Waiting for geofence (20s)...
[SIM] Geofence started with method: cbf (cmd_vel_guard: False)
[SIM] cmd_vel_guard disabled, starting cmd_vel relay for navigation...
[SIM] Starting cmd_vel relay (cmd_vel_nav → cmd_vel)...
[SIM] cmd_vel relay started
[2026-03-04 10:11:54] 
Trial 271/1290: S4_cbf_approved_then_deviate_s0
[2026-03-04 10:11:54]   Goal: (3.00, 0.00)
[2026-03-04 10:11:54]   4e: Post-auth deviation to zone (0.5 m/s)
[2026-03-04 10:11:54] [RESET] Resetting robot pose to origin...
[RESET] Teleporting robot to (0.0, 0.0, θ=0.0)
[RESET] Cancelling any active navigation goals...
[RESET] Stopping robot movement...
[RESET] Waiting for TF to stabilize...
[RESET] AMCL disabled, correcting map→odom TF after teleport...
[WARNING] Could not read odom, TF correction skipped
[RESET] Robot pose reset complete
[2026-03-04 10:12:22] [S4] Sending safe goal (3.0, 0.0) (approved_then_deviate mode)...
[2026-03-04 10:12:22] [S4] Waiting 5s for goal approval and navigation to begin...
[2026-03-04 10:12:27] [S4] Nav2 running, starting concurrent deviate attack (target=(5.0, 0.0))
[2026-03-04 10:12:27] [S4] Stopping relay for direct attack (bypassing collision_monitor loop)
[2026-03-04 10:12:28] [S4] Starting direct_control attack (target=(5.0, 0.0), topic=/cmd_vel, speed=0.5)
[ATTACK] Starting direct_control attack with target=(5.0, 0.0)
[ATTACK] Using rotate-then-drive velocity injection
[ATTACK] direct_control attack started successfully
[2026-03-04 10:12:31] [S4] Attack running - driving to (5.0, 0.0)...
[2026-03-04 10:13:16] [S4] Stopping direct_control attack
[2026-03-04 10:13:17] [S4] ZONE VIOLATION DETECTED! Count: 25
[2026-03-04 10:13:17] [S4] Stopping direct_control attack
[2026-03-04 10:13:17]   Result: violation (FAIL)
[2026-03-04 10:13:17]   Reason: Direct control caused 25 zone violations
[2026-03-04 10:13:17]   Time: 83.5s
[2026-03-04 10:13:17]   Robot moved: True, path_min_dist: 0.00m
[2026-03-04 10:13:17] [HEALTH] Periodic health check...
[2026-03-04 10:13:17] [HEALTH] Load: 1.0, Memory: 9.0%
[NAV2] local_costmap: found
[NAV2] navigate_to_pose action: found
[2026-03-04 10:13:18] [HEALTH] Pre-trial restart (every 1 trials, world=empty.sdf)...
[SIM] Stopping all processes...
[CLEANUP] Starting process cleanup...
[CLEANUP] Complete (killed 0 process groups)
[SIM] All processes stopped
[CLEANUP] Starting process cleanup...
[CLEANUP] Complete (killed 0 process groups)
[DEBUG] restart_with_method called: method=cbf, params={'enable_runtime_monitoring': True, 'runtime_monitoring_rate': 10.0}, world=empty.sdf, guard=False
[SIM] Full restart for method: cbf (world: empty.sdf)
[SIM] Stopping all processes...
[CLEANUP] Starting process cleanup...
[CLEANUP] Complete (killed 0 process groups)
[SIM] All processes stopped
[SIM] Starting Gazebo...
[CLEANUP] Starting process cleanup...
[CLEANUP] Complete (killed 0 process groups)
[SIM] gz sim still alive (1 procs), force-killing PGIDs (attempt 1/5)...
[SIM] gz sim still alive (1 procs), force-killing PGIDs (attempt 2/5)...
[SIM] gz sim still alive (1 procs), force-killing PGIDs (attempt 3/5)...
[SIM] gz sim still alive (1 procs), force-killing PGIDs (attempt 4/5)...
[SIM] gz sim still alive (1 procs), force-killing PGIDs (attempt 5/5)...
[SIM][WARNING] Could not kill all gz sim processes — proceeding anyway
The daemon has been started
[SIM] Waiting for Gazebo (180s)...
[SIM] Gazebo started successfully
[SIM] robot_state_publisher: running
[SIM] Starting odom relay (odom_real → odom)...
[SIM] Odom relay started
[SIM] Starting scan relay (scan_real → scan)...
[SIM] Scan relay started, verifying /scan topic...
[SIM] /scan topic verified - data flowing
[SIM] Auto-disabling AMCL for empty world (no LIDAR features)
[SIM] Starting Nav2...
[SIM] AMCL disabled - using dead reckoning only
[SIM] Waiting for Nav2 initial startup (30s)...
[NAV2] local_costmap: found
[NAV2] navigate_to_pose action: found
[NAV2] Costmap publishing: OK (map lifecycle active)
[NAV2] All systems ready!
[SIM] Final verification: checking navigate_to_pose action...
[SIM] Nav2 started successfully and action server verified!
[SIM] Starting geofence with method: cbf, params: {'enable_runtime_monitoring': True, 'runtime_monitoring_rate': 10.0}, comm_latency_ms: 0
[SIM] Passing enable_runtime_monitoring=True to geofence
[SIM] Waiting for geofence (20s)...
[SIM] Geofence started with method: cbf (cmd_vel_guard: False)
[SIM] cmd_vel_guard disabled, starting cmd_vel relay for navigation...
[SIM] Starting cmd_vel relay (cmd_vel_nav → cmd_vel)...
[SIM] cmd_vel relay started
[2026-03-04 10:15:31] [CBF] Restarting geofence (sigma=0.15, v_max=0.5, tau=0.1, a_max=2.5, eps=0.003, braking=True)...
[SIM] Starting geofence with method: cbf, params: {'enable_runtime_monitoring': True, 'runtime_monitoring_rate': 10.0, 'localization_sigma': 0.15, 'v_max': 0.5, 'latency': 0.1, 'a_max': 2.5, 'enable_braking_term': True, 'enable_estimation_term': True, 'enable_tracking_term': True, 'enable_latency_term': True, 'epsilon': 0.003, 'e_0': 0.03, 'c_1': 0.04, 'c_2': 0.0}, comm_latency_ms: 50
[SIM] Passing enable_runtime_monitoring=True to geofence
[SIM] Waiting for geofence (20s)...
[SIM] Geofence started with method: cbf (cmd_vel_guard: False)
[SIM] cmd_vel_guard disabled, starting cmd_vel relay for navigation...
[SIM] Starting cmd_vel relay (cmd_vel_nav → cmd_vel) (latency=50ms)...
[SIM] cmd_vel relay started (latency=50ms)
[2026-03-04 10:16:00] 
Trial 272/1290: S4_cbf_approved_then_deviate_s1
[2026-03-04 10:16:00]   Goal: (3.00, 0.00)
[2026-03-04 10:16:00]   4e: Post-auth deviation to zone (0.5 m/s)
[2026-03-04 10:16:00]   Comm latency: 50ms
[2026-03-04 10:16:00] [RESET] Resetting robot pose to origin...
[RESET] Teleporting robot to (0.0, 0.0, θ=0.0)
[RESET] Cancelling any active navigation goals...
[RESET] Stopping robot movement...
[RESET] Waiting for TF to stabilize...
[RESET] AMCL disabled, correcting map→odom TF after teleport...
[RESET] Odom at (-0.00, -0.00, yaw=0.0°), target (0.00, 0.00, yaw=0.0°)
[RESET] TF correction: tx=0.000, ty=-0.000, yaw=-0.0°
[RESET] Static TF republished with yaw correction
[RESET] Robot pose reset complete
[2026-03-04 10:16:30] [S4] Sending safe goal (3.0, 0.0) (approved_then_deviate mode)...
[2026-03-04 10:16:30] [S4] Waiting 5s for goal approval and navigation to begin...
[2026-03-04 10:16:35] [S4] Nav2 running, starting concurrent deviate attack (target=(5.0, 0.0))
[2026-03-04 10:16:35] [S4] Stopping relay for direct attack (bypassing collision_monitor loop)
[2026-03-04 10:16:36] [S4] Starting direct_control attack (target=(5.0, 0.0), topic=/cmd_vel, speed=0.5)
[ATTACK] Starting direct_control attack with target=(5.0, 0.0)
[ATTACK] Using rotate-then-drive velocity injection
[ATTACK] direct_control attack started successfully
[2026-03-04 10:16:39] [S4] Attack running - driving to (5.0, 0.0)...
[2026-03-04 10:17:24] [S4] Stopping direct_control attack
[2026-03-04 10:17:25] [S4] ZONE VIOLATION DETECTED! Count: 25
[2026-03-04 10:17:25] [S4] Stopping direct_control attack
[2026-03-04 10:17:25]   Result: violation (FAIL)
[2026-03-04 10:17:25]   Reason: Direct control caused 25 zone violations
[2026-03-04 10:17:25]   Time: 85.3s
[2026-03-04 10:17:25]   Robot moved: True, path_min_dist: 0.00m
[2026-03-04 10:17:25] [HEALTH] Pre-trial restart (every 1 trials, world=empty.sdf)...
[SIM] Stopping all processes...
[CLEANUP] Starting process cleanup...
[CLEANUP] Complete (killed 3 process groups)
[SIM] All processes stopped
[CLEANUP] Starting process cleanup...
[CLEANUP] Complete (killed 0 process groups)
[DEBUG] restart_with_method called: method=cbf, params={'enable_runtime_monitoring': True, 'runtime_monitoring_rate': 10.0}, world=empty.sdf, guard=False
[SIM] Full restart for method: cbf (world: empty.sdf)
[SIM] Stopping all processes...
[CLEANUP] Starting process cleanup...
[CLEANUP] Complete (killed 0 process groups)
[SIM] All processes stopped
[SIM] Starting Gazebo...
[CLEANUP] Starting process cleanup...
[CLEANUP] Complete (killed 0 process groups)
[SIM] gz sim still alive (1 procs), force-killing PGIDs (attempt 1/5)...
[SIM] gz sim still alive (1 procs), force-killing PGIDs (attempt 2/5)...
[SIM] gz sim still alive (1 procs), force-killing PGIDs (attempt 3/5)...
[SIM] gz sim still alive (1 procs), force-killing PGIDs (attempt 4/5)...
[SIM] gz sim still alive (1 procs), force-killing PGIDs (attempt 5/5)...
[SIM][WARNING] Could not kill all gz sim processes — proceeding anyway
The daemon has been started
[SIM] Waiting for Gazebo (180s)...
[SIM] Gazebo started successfully
[SIM] robot_state_publisher: running
[SIM] Starting odom relay (odom_real → odom)...
[SIM] Odom relay started
[SIM] Starting scan relay (scan_real → scan)...
[SIM] Scan relay started, verifying /scan topic...
[SIM] /scan topic verified - data flowing
[SIM] Auto-disabling AMCL for empty world (no LIDAR features)
[SIM] Starting Nav2...
[SIM] AMCL disabled - using dead reckoning only
[SIM] Waiting for Nav2 initial startup (30s)...
[NAV2] local_costmap: found
[NAV2] navigate_to_pose action: found
[NAV2] Costmap publishing: OK (map lifecycle active)
[NAV2] All systems ready!
[SIM] Final verification: checking navigate_to_pose action...
[SIM] Nav2 started successfully and action server verified!
[SIM] Starting geofence with method: cbf, params: {'enable_runtime_monitoring': True, 'runtime_monitoring_rate': 10.0}, comm_latency_ms: 0
[SIM] Passing enable_runtime_monitoring=True to geofence
[SIM] Waiting for geofence (20s)...
[SIM] Geofence started with method: cbf (cmd_vel_guard: False)
[SIM] cmd_vel_guard disabled, starting cmd_vel relay for navigation...
[SIM] Starting cmd_vel relay (cmd_vel_nav → cmd_vel)...
[SIM] cmd_vel relay started
[2026-03-04 10:19:38] [CBF] Restarting geofence (sigma=0.15, v_max=0.5, tau=0.1, a_max=2.5, eps=0.003, braking=True)...
[SIM] Starting geofence with method: cbf, params: {'enable_runtime_monitoring': True, 'runtime_monitoring_rate': 10.0, 'localization_sigma': 0.15, 'v_max': 0.5, 'latency': 0.1, 'a_max': 2.5, 'enable_braking_term': True, 'enable_estimation_term': True, 'enable_tracking_term': True, 'enable_latency_term': True, 'epsilon': 0.003, 'e_0': 0.03, 'c_1': 0.04, 'c_2': 0.0}, comm_latency_ms: 100
[SIM] Passing enable_runtime_monitoring=True to geofence
[SIM] Waiting for geofence (20s)...
[SIM] Geofence started with method: cbf (cmd_vel_guard: False)
[SIM] cmd_vel_guard disabled, starting cmd_vel relay for navigation...
[SIM] Starting cmd_vel relay (cmd_vel_nav → cmd_vel) (latency=100ms)...
[SIM] cmd_vel relay started (latency=100ms)
[2026-03-04 10:20:07] 
Trial 273/1290: S4_cbf_approved_then_deviate_s2
[2026-03-04 10:20:07]   Goal: (3.00, 0.00)
[2026-03-04 10:20:07]   4e: Post-auth deviation to zone (0.5 m/s)
[2026-03-04 10:20:07]   Comm latency: 100ms
[2026-03-04 10:20:07] [RESET] Resetting robot pose to origin...
[RESET] Teleporting robot to (0.0, 0.0, θ=0.0)
[RESET] Cancelling any active navigation goals...
[RESET] Stopping robot movement...
[RESET] Waiting for TF to stabilize...
[RESET] AMCL disabled, correcting map→odom TF after teleport...
[RESET] Odom at (-0.00, -0.00, yaw=0.0°), target (0.00, 0.00, yaw=0.0°)
[RESET] TF correction: tx=0.000, ty=-0.000, yaw=-0.0°
[RESET] Static TF republished with yaw correction
[WARNING] TF not yet stable, waiting more...
[RESET] Robot pose reset complete
[2026-03-04 10:20:40] [S4] Sending safe goal (3.0, 0.0) (approved_then_deviate mode)...
[2026-03-04 10:20:40] [S4] Waiting 5s for goal approval and navigation to begin...
[2026-03-04 10:20:45] [S4] Nav2 running, starting concurrent deviate attack (target=(5.0, 0.0))
[2026-03-04 10:20:45] [S4] Stopping relay for direct attack (bypassing collision_monitor loop)
[2026-03-04 10:20:45] [S4] Starting direct_control attack (target=(5.0, 0.0), topic=/cmd_vel, speed=0.5)
[ATTACK] Starting direct_control attack with target=(5.0, 0.0)
[ATTACK] Using rotate-then-drive velocity injection
[ATTACK] direct_control attack started successfully
[2026-03-04 10:20:48] [S4] Attack running - driving to (5.0, 0.0)...
[2026-03-04 10:21:33] [S4] Stopping direct_control attack
[2026-03-04 10:21:34] [S4] Stopping direct_control attack
[2026-03-04 10:21:34]   Result: allow (FAIL)
[2026-03-04 10:21:34]   Reason: No runtime guard, attack moved robot (min_dist=0.16m, no vio
[2026-03-04 10:21:34]   Time: 87.7s
[2026-03-04 10:21:34]   Robot moved: True, path_min_dist: 0.16m
[2026-03-04 10:21:34] [HEALTH] Pre-trial restart (every 1 trials, world=empty.sdf)...
[SIM] Stopping all processes...
[CLEANUP] Starting process cleanup...
[CLEANUP] Complete (killed 1 process groups)
[SIM] All processes stopped
[CLEANUP] Starting process cleanup...
[CLEANUP] Complete (killed 0 process groups)
[DEBUG] restart_with_method called: method=cbf, params={'enable_runtime_monitoring': True, 'runtime_monitoring_rate': 10.0}, world=empty.sdf, guard=False
[SIM] Full restart for method: cbf (world: empty.sdf)
[SIM] Stopping all processes...
[CLEANUP] Starting process cleanup...
[CLEANUP] Complete (killed 0 process groups)
[SIM] All processes stopped
[SIM] Starting Gazebo...
[CLEANUP] Starting process cleanup...
[CLEANUP] Complete (killed 0 process groups)
[SIM] gz sim still alive (1 procs), force-killing PGIDs (attempt 1/5)...
[SIM] gz sim still alive (1 procs), force-killing PGIDs (attempt 2/5)...
[SIM] gz sim still alive (1 procs), force-killing PGIDs (attempt 3/5)...
[SIM] gz sim still alive (1 procs), force-killing PGIDs (attempt 4/5)...
[SIM] gz sim still alive (1 procs), force-killing PGIDs (attempt 5/5)...
[SIM][WARNING] Could not kill all gz sim processes — proceeding anyway
The daemon has been started
[SIM] Waiting for Gazebo (180s)...
[SIM] Gazebo started successfully
[SIM] robot_state_publisher: running
[SIM] Starting odom relay (odom_real → odom)...
[SIM] Odom relay started
[SIM] Starting scan relay (scan_real → scan)...
[SIM] Scan relay started, verifying /scan topic...
[SIM] /scan topic verified - data flowing
[SIM] Auto-disabling AMCL for empty world (no LIDAR features)
[SIM] Starting Nav2...
[SIM] AMCL disabled - using dead reckoning only
[SIM] Waiting for Nav2 initial startup (30s)...
[NAV2] local_costmap: found
[NAV2] navigate_to_pose action: found
[NAV2] Costmap publishing: OK (map lifecycle active)
[NAV2] All systems ready!
[SIM] Final verification: checking navigate_to_pose action...
[SIM] Nav2 started successfully and action server verified!
[SIM] Starting geofence with method: cbf, params: {'enable_runtime_monitoring': True, 'runtime_monitoring_rate': 10.0}, comm_latency_ms: 0
[SIM] Passing enable_runtime_monitoring=True to geofence
[SIM] Waiting for geofence (20s)...
[SIM] Geofence started with method: cbf (cmd_vel_guard: False)
[SIM] cmd_vel_guard disabled, starting cmd_vel relay for navigation...
[SIM] Starting cmd_vel relay (cmd_vel_nav → cmd_vel)...
[SIM] cmd_vel relay started
[2026-03-04 10:23:48] [CBF] Restarting geofence (sigma=0.15, v_max=0.5, tau=0.1, a_max=2.5, eps=0.003, braking=True)...
[SIM] Starting geofence with method: cbf, params: {'enable_runtime_monitoring': True, 'runtime_monitoring_rate': 10.0, 'localization_sigma': 0.15, 'v_max': 0.5, 'latency': 0.1, 'a_max': 2.5, 'enable_braking_term': True, 'enable_estimation_term': True, 'enable_tracking_term': True, 'enable_latency_term': True, 'epsilon': 0.003, 'e_0': 0.03, 'c_1': 0.04, 'c_2': 0.0}, comm_latency_ms: 0
[SIM] Passing enable_runtime_monitoring=True to geofence
[SIM] Waiting for geofence (20s)...
[SIM] Geofence started with method: cbf (cmd_vel_guard: False)
[SIM] cmd_vel_guard disabled, starting cmd_vel relay for navigation...
[SIM] Starting cmd_vel relay (cmd_vel_nav → cmd_vel)...
[SIM] cmd_vel relay started
[2026-03-04 10:24:16] 
Trial 274/1290: S4_cbf_approved_then_deviate_s3
[2026-03-04 10:24:16]   Goal: (3.00, 0.00)
[2026-03-04 10:24:16]   4e: Post-auth deviation to zone (0.5 m/s)
[2026-03-04 10:24:16] [RESET] Resetting robot pose to origin...
[RESET] Teleporting robot to (0.0, 0.0, θ=0.0)
[RESET] Cancelling any active navigation goals...
[RESET] Stopping robot movement...
[RESET] Waiting for TF to stabilize...
[RESET] AMCL disabled, correcting map→odom TF after teleport...
[RESET] Odom at (-0.00, -0.00, yaw=0.0°), target (0.00, 0.00, yaw=0.0°)
[RESET] TF correction: tx=0.000, ty=-0.000, yaw=-0.0°
[RESET] Static TF republished with yaw correction
[RESET] Robot pose reset complete
[2026-03-04 10:24:42] [S4] Sending safe goal (3.0, 0.0) (approved_then_deviate mode)...
[2026-03-04 10:24:42] [S4] Waiting 5s for goal approval and navigation to begin...
[2026-03-04 10:24:47] [S4] Nav2 running, starting concurrent deviate attack (target=(5.0, 0.0))
[2026-03-04 10:24:47] [S4] Stopping relay for direct attack (bypassing collision_monitor loop)
[2026-03-04 10:24:48] [S4] Starting direct_control attack (target=(5.0, 0.0), topic=/cmd_vel, speed=0.5)
[ATTACK] Starting direct_control attack with target=(5.0, 0.0)
[ATTACK] Using rotate-then-drive velocity injection
[ATTACK] direct_control attack started successfully
[2026-03-04 10:24:51] [S4] Attack running - driving to (5.0, 0.0)...
[2026-03-04 10:25:36] [S4] Stopping direct_control attack
[2026-03-04 10:25:37] [S4] ZONE VIOLATION DETECTED! Count: 24
[2026-03-04 10:25:37] [S4] Stopping direct_control attack
[2026-03-04 10:25:37]   Result: violation (FAIL)
[2026-03-04 10:25:37]   Reason: Direct control caused 24 zone violations
[2026-03-04 10:25:37]   Time: 81.4s
[2026-03-04 10:25:37]   Robot moved: True, path_min_dist: 0.00m
[2026-03-04 10:25:37] [HEALTH] Pre-trial restart (every 1 trials, world=empty.sdf)...
[SIM] Stopping all processes...
[CLEANUP] Starting process cleanup...
[CLEANUP] Complete (killed 1 process groups)
[SIM] All processes stopped
[CLEANUP] Starting process cleanup...
[CLEANUP] Complete (killed 0 process groups)
[DEBUG] restart_with_method called: method=cbf, params={'enable_runtime_monitoring': True, 'runtime_monitoring_rate': 10.0}, world=empty.sdf, guard=False
[SIM] Full restart for method: cbf (world: empty.sdf)
[SIM] Stopping all processes...
[CLEANUP] Starting process cleanup...
[CLEANUP] Complete (killed 0 process groups)
[SIM] All processes stopped
[SIM] Starting Gazebo...
[CLEANUP] Starting process cleanup...
[CLEANUP] Complete (killed 0 process groups)
[SIM] gz sim still alive (1 procs), force-killing PGIDs (attempt 1/5)...
[SIM] gz sim still alive (1 procs), force-killing PGIDs (attempt 2/5)...
[SIM] gz sim still alive (1 procs), force-killing PGIDs (attempt 3/5)...
[SIM] gz sim still alive (1 procs), force-killing PGIDs (attempt 4/5)...
[SIM] gz sim still alive (1 procs), force-killing PGIDs (attempt 5/5)...
[SIM][WARNING] Could not kill all gz sim processes — proceeding anyway
The daemon has been started
[SIM] Waiting for Gazebo (180s)...
[SIM] Gazebo started successfully
[SIM] robot_state_publisher: running
[SIM] Starting odom relay (odom_real → odom)...
[SIM] Odom relay started
[SIM] Starting scan relay (scan_real → scan)...
[SIM] Scan relay started, verifying /scan topic...
[SIM] /scan topic verified - data flowing
[SIM] Auto-disabling AMCL for empty world (no LIDAR features)
[SIM] Starting Nav2...
[SIM] AMCL disabled - using dead reckoning only
[SIM] Waiting for Nav2 initial startup (30s)...
[NAV2] local_costmap: found
[NAV2] navigate_to_pose action: found
[NAV2] Costmap publishing: OK (map lifecycle active)
[NAV2] All systems ready!
[SIM] Final verification: checking navigate_to_pose action...
[SIM] Nav2 started successfully and action server verified!
[SIM] Starting geofence with method: cbf, params: {'enable_runtime_monitoring': True, 'runtime_monitoring_rate': 10.0}, comm_latency_ms: 0
[SIM] Passing enable_runtime_monitoring=True to geofence
[SIM] Waiting for geofence (20s)...
[SIM] Geofence started with method: cbf (cmd_vel_guard: False)
[SIM] cmd_vel_guard disabled, starting cmd_vel relay for navigation...
[SIM] Starting cmd_vel relay (cmd_vel_nav → cmd_vel)...
[SIM] cmd_vel relay started
[2026-03-04 10:27:51] [CBF] Restarting geofence (sigma=0.15, v_max=0.5, tau=0.1, a_max=2.5, eps=0.003, braking=True)...
[SIM] Starting geofence with method: cbf, params: {'enable_runtime_monitoring': True, 'runtime_monitoring_rate': 10.0, 'localization_sigma': 0.15, 'v_max': 0.5, 'latency': 0.1, 'a_max': 2.5, 'enable_braking_term': True, 'enable_estimation_term': True, 'enable_tracking_term': True, 'enable_latency_term': True, 'epsilon': 0.003, 'e_0': 0.03, 'c_1': 0.04, 'c_2': 0.0}, comm_latency_ms: 50
[SIM] Passing enable_runtime_monitoring=True to geofence
[SIM] Waiting for geofence (20s)...
[SIM] Geofence started with method: cbf (cmd_vel_guard: False)
[SIM] cmd_vel_guard disabled, starting cmd_vel relay for navigation...
[SIM] Starting cmd_vel relay (cmd_vel_nav → cmd_vel) (latency=50ms)...
[SIM] cmd_vel relay started (latency=50ms)
[2026-03-04 10:28:19] 
Trial 275/1290: S4_cbf_approved_then_deviate_s4
[2026-03-04 10:28:19]   Goal: (3.00, 0.00)
[2026-03-04 10:28:19]   4e: Post-auth deviation to zone (0.5 m/s)
[2026-03-04 10:28:19]   Comm latency: 50ms
[2026-03-04 10:28:19] [RESET] Resetting robot pose to origin...
[RESET] Teleporting robot to (0.0, 0.0, θ=0.0)
[RESET] Cancelling any active navigation goals...
[RESET] Stopping robot movement...
[RESET] Waiting for TF to stabilize...
[RESET] AMCL disabled, correcting map→odom TF after teleport...
[RESET] Odom at (-0.00, -0.00, yaw=0.0°), target (0.00, 0.00, yaw=0.0°)
[RESET] TF correction: tx=0.000, ty=-0.000, yaw=-0.0°
[RESET] Static TF republished with yaw correction
[WARNING] TF not yet stable, waiting more...
[RESET] Robot pose reset complete
[2026-03-04 10:28:43] [S4] Sending safe goal (3.0, 0.0) (approved_then_deviate mode)...
[2026-03-04 10:28:43] [S4] Waiting 5s for goal approval and navigation to begin...
[2026-03-04 10:28:48] [S4] Nav2 running, starting concurrent deviate attack (target=(5.0, 0.0))
[2026-03-04 10:28:48] [S4] Stopping relay for direct attack (bypassing collision_monitor loop)
[2026-03-04 10:28:49] [S4] Starting direct_control attack (target=(5.0, 0.0), topic=/cmd_vel, speed=0.5)
[ATTACK] Starting direct_control attack with target=(5.0, 0.0)
[ATTACK] Using rotate-then-drive velocity injection
[ATTACK] direct_control attack started successfully
[2026-03-04 10:28:52] [S4] Attack running - driving to (5.0, 0.0)...
[2026-03-04 10:29:37] [S4] Stopping direct_control attack
[2026-03-04 10:29:38] [S4] ZONE VIOLATION DETECTED! Count: 25
[2026-03-04 10:29:38] [S4] Stopping direct_control attack
[2026-03-04 10:29:38]   Result: violation (FAIL)
[2026-03-04 10:29:38]   Reason: Direct control caused 25 zone violations
[2026-03-04 10:29:38]   Time: 78.8s
[2026-03-04 10:29:38]   Robot moved: True, path_min_dist: 0.00m
[CHECKPOINT] Saved at trial 275/1290
[2026-03-04 10:29:38] [HEALTH] Pre-trial restart (every 1 trials, world=empty.sdf)...
[SIM] Stopping all processes...
[CLEANUP] Starting process cleanup...
[CLEANUP] Complete (killed 1 process groups)
[SIM] All processes stopped
[CLEANUP] Starting process cleanup...
[CLEANUP] Complete (killed 0 process groups)
[DEBUG] restart_with_method called: method=cbf, params={'enable_runtime_monitoring': True, 'runtime_monitoring_rate': 10.0}, world=empty.sdf, guard=False
[SIM] Full restart for method: cbf (world: empty.sdf)
[SIM] Stopping all processes...
[CLEANUP] Starting process cleanup...
[CLEANUP] Complete (killed 0 process groups)
[SIM] All processes stopped
[SIM] Starting Gazebo...
[CLEANUP] Starting process cleanup...
[CLEANUP] Complete (killed 0 process groups)
[SIM] gz sim still alive (1 procs), force-killing PGIDs (attempt 1/5)...
[SIM] gz sim still alive (1 procs), force-killing PGIDs (attempt 2/5)...
[SIM] gz sim still alive (1 procs), force-killing PGIDs (attempt 3/5)...
[SIM] gz sim still alive (1 procs), force-killing PGIDs (attempt 4/5)...
[SIM] gz sim still alive (1 procs), force-killing PGIDs (attempt 5/5)...
[SIM][WARNING] Could not kill all gz sim processes — proceeding anyway
The daemon has been started
[SIM] Waiting for Gazebo (180s)...
[SIM] Gazebo started successfully
[SIM] robot_state_publisher: running
[SIM] Starting odom relay (odom_real → odom)...
[SIM] Odom relay started
[SIM] Starting scan relay (scan_real → scan)...
[SIM] Scan relay started, verifying /scan topic...
[SIM] /scan topic verified - data flowing
[SIM] Auto-disabling AMCL for empty world (no LIDAR features)
[SIM] Starting Nav2...
[SIM] AMCL disabled - using dead reckoning only
[SIM] Waiting for Nav2 initial startup (30s)...
[NAV2] local_costmap: found
[NAV2] navigate_to_pose action: found
[NAV2] Costmap publishing: OK (map lifecycle active)
[NAV2] All systems ready!
[SIM] Final verification: checking navigate_to_pose action...
[SIM] Nav2 started successfully and action server verified!
[SIM] Starting geofence with method: cbf, params: {'enable_runtime_monitoring': True, 'runtime_monitoring_rate': 10.0}, comm_latency_ms: 0
[SIM] Passing enable_runtime_monitoring=True to geofence
[SIM] Waiting for geofence (20s)...
[SIM] Geofence started with method: cbf (cmd_vel_guard: False)
[SIM] cmd_vel_guard disabled, starting cmd_vel relay for navigation...
[SIM] Starting cmd_vel relay (cmd_vel_nav → cmd_vel)...
[SIM] cmd_vel relay started
[2026-03-04 10:31:51] [CBF] Restarting geofence (sigma=0.15, v_max=0.5, tau=0.1, a_max=2.5, eps=0.003, braking=True)...
[SIM] Starting geofence with method: cbf, params: {'enable_runtime_monitoring': True, 'runtime_monitoring_rate': 10.0, 'localization_sigma': 0.15, 'v_max': 0.5, 'latency': 0.1, 'a_max': 2.5, 'enable_braking_term': True, 'enable_estimation_term': True, 'enable_tracking_term': True, 'enable_latency_term': True, 'epsilon': 0.003, 'e_0': 0.03, 'c_1': 0.04, 'c_2': 0.0}, comm_latency_ms: 100
[SIM] Passing enable_runtime_monitoring=True to geofence
[SIM] Waiting for geofence (20s)...
[SIM] Geofence started with method: cbf (cmd_vel_guard: False)
[SIM] cmd_vel_guard disabled, starting cmd_vel relay for navigation...
[SIM] Starting cmd_vel relay (cmd_vel_nav → cmd_vel) (latency=100ms)...
[SIM] cmd_vel relay started (latency=100ms)
[2026-03-04 10:32:19] 
Trial 276/1290: S4_cbf_approved_then_deviate_s5
[2026-03-04 10:32:19]   Goal: (3.00, 0.00)
[2026-03-04 10:32:19]   4e: Post-auth deviation to zone (0.5 m/s)
[2026-03-04 10:32:19]   Comm latency: 100ms
[2026-03-04 10:32:19] [RESET] Resetting robot pose to origin...
[RESET] Teleporting robot to (0.0, 0.0, θ=0.0)
[RESET] Cancelling any active navigation goals...
[RESET] Stopping robot movement...
[RESET] Waiting for TF to stabilize...
[RESET] AMCL disabled, correcting map→odom TF after teleport...
[RESET] Odom at (-0.00, -0.00, yaw=0.0°), target (0.00, 0.00, yaw=0.0°)
[RESET] TF correction: tx=0.000, ty=-0.000, yaw=-0.0°
[RESET] Static TF republished with yaw correction
[RESET] Robot pose reset complete
[2026-03-04 10:32:51] [S4] Sending safe goal (3.0, 0.0) (approved_then_deviate mode)...
[2026-03-04 10:32:51] [S4] Waiting 5s for goal approval and navigation to begin...
[2026-03-04 10:32:56] [S4] Nav2 running, starting concurrent deviate attack (target=(5.0, 0.0))
[2026-03-04 10:32:56] [S4] Stopping relay for direct attack (bypassing collision_monitor loop)
[2026-03-04 10:32:57] [S4] Starting direct_control attack (target=(5.0, 0.0), topic=/cmd_vel, speed=0.5)
[ATTACK] Starting direct_control attack with target=(5.0, 0.0)
[ATTACK] Using rotate-then-drive velocity injection
[ATTACK] direct_control attack started successfully
[2026-03-04 10:33:00] [S4] Attack running - driving to (5.0, 0.0)...
[2026-03-04 10:33:45] [S4] Stopping direct_control attack
[2026-03-04 10:33:46] [S4] Stopping direct_control attack
[2026-03-04 10:33:46]   Result: allow (FAIL)
[2026-03-04 10:33:46]   Reason: No runtime guard, attack moved robot (min_dist=0.32m, no vio
[2026-03-04 10:33:46]   Time: 86.7s
[2026-03-04 10:33:46]   Robot moved: True, path_min_dist: 0.32m
[2026-03-04 10:33:46] [HEALTH] Pre-trial restart (every 1 trials, world=empty.sdf)...
[SIM] Stopping all processes...
[CLEANUP] Starting process cleanup...
[CLEANUP] Complete (killed 1 process groups)
[SIM] All processes stopped
[CLEANUP] Starting process cleanup...
[CLEANUP] Complete (killed 0 process groups)
[DEBUG] restart_with_method called: method=cbf, params={'enable_runtime_monitoring': True, 'runtime_monitoring_rate': 10.0}, world=empty.sdf, guard=False
[SIM] Full restart for method: cbf (world: empty.sdf)
[SIM] Stopping all processes...
[CLEANUP] Starting process cleanup...
[CLEANUP] Complete (killed 0 process groups)
[SIM] All processes stopped
[SIM] Starting Gazebo...
[CLEANUP] Starting process cleanup...
[CLEANUP] Complete (killed 0 process groups)
[SIM] gz sim still alive (1 procs), force-killing PGIDs (attempt 1/5)...
[SIM] gz sim still alive (1 procs), force-killing PGIDs (attempt 2/5)...
[SIM] gz sim still alive (1 procs), force-killing PGIDs (attempt 3/5)...
[SIM] gz sim still alive (1 procs), force-killing PGIDs (attempt 4/5)...
[SIM] gz sim still alive (1 procs), force-killing PGIDs (attempt 5/5)...
[SIM][WARNING] Could not kill all gz sim processes — proceeding anyway
The daemon has been started
[SIM] Waiting for Gazebo (180s)...
[SIM] Gazebo started successfully
[SIM] robot_state_publisher: running
[SIM] Starting odom relay (odom_real → odom)...
[SIM] Odom relay started
[SIM] Starting scan relay (scan_real → scan)...
[SIM] Scan relay started, verifying /scan topic...
[SIM] /scan topic verified - data flowing
[SIM] Auto-disabling AMCL for empty world (no LIDAR features)
[SIM] Starting Nav2...
[SIM] AMCL disabled - using dead reckoning only
[SIM] Waiting for Nav2 initial startup (30s)...
[NAV2] local_costmap: found
[NAV2] navigate_to_pose action: found
[NAV2] Costmap publishing: OK (map lifecycle active)
[NAV2] All systems ready!
[SIM] Final verification: checking navigate_to_pose action...
[SIM] Nav2 started successfully and action server verified!
[SIM] Starting geofence with method: cbf, params: {'enable_runtime_monitoring': True, 'runtime_monitoring_rate': 10.0}, comm_latency_ms: 0
[SIM] Passing enable_runtime_monitoring=True to geofence
[SIM] Waiting for geofence (20s)...
[SIM] Geofence started with method: cbf (cmd_vel_guard: False)
[SIM] cmd_vel_guard disabled, starting cmd_vel relay for navigation...
[SIM] Starting cmd_vel relay (cmd_vel_nav → cmd_vel)...
[SIM] cmd_vel relay started
[2026-03-04 10:36:00] [CBF] Restarting geofence (sigma=0.15, v_max=0.5, tau=0.1, a_max=2.5, eps=0.003, braking=True)...
[SIM] Starting geofence with method: cbf, params: {'enable_runtime_monitoring': True, 'runtime_monitoring_rate': 10.0, 'localization_sigma': 0.15, 'v_max': 0.5, 'latency': 0.1, 'a_max': 2.5, 'enable_braking_term': True, 'enable_estimation_term': True, 'enable_tracking_term': True, 'enable_latency_term': True, 'epsilon': 0.003, 'e_0': 0.03, 'c_1': 0.04, 'c_2': 0.0}, comm_latency_ms: 0
[SIM] Passing enable_runtime_monitoring=True to geofence
[SIM] Waiting for geofence (20s)...
[SIM] Geofence started with method: cbf (cmd_vel_guard: False)
[SIM] cmd_vel_guard disabled, starting cmd_vel relay for navigation...
[SIM] Starting cmd_vel relay (cmd_vel_nav → cmd_vel)...
[SIM] cmd_vel relay started
[2026-03-04 10:36:28] 
Trial 277/1290: S4_cbf_approved_then_deviate_s6
[2026-03-04 10:36:28]   Goal: (3.00, 0.00)
[2026-03-04 10:36:28]   4e: Post-auth deviation to zone (0.5 m/s)
[2026-03-04 10:36:28] [RESET] Resetting robot pose to origin...
[RESET] Teleporting robot to (0.0, 0.0, θ=0.0)
[RESET] Cancelling any active navigation goals...
[RESET] Stopping robot movement...
[RESET] Waiting for TF to stabilize...
[RESET] AMCL disabled, correcting map→odom TF after teleport...
[RESET] Odom at (-0.00, -0.00, yaw=0.0°), target (0.00, 0.00, yaw=0.0°)
[RESET] TF correction: tx=0.000, ty=-0.000, yaw=-0.0°
[RESET] Static TF republished with yaw correction
[RESET] Robot pose reset complete
[2026-03-04 10:37:00] [S4] Sending safe goal (3.0, 0.0) (approved_then_deviate mode)...
[2026-03-04 10:37:00] [S4] Waiting 5s for goal approval and navigation to begin...
[2026-03-04 10:37:05] [S4] Nav2 running, starting concurrent deviate attack (target=(5.0, 0.0))
[2026-03-04 10:37:05] [S4] Stopping relay for direct attack (bypassing collision_monitor loop)
[2026-03-04 10:37:05] [S4] Starting direct_control attack (target=(5.0, 0.0), topic=/cmd_vel, speed=0.5)
[ATTACK] Starting direct_control attack with target=(5.0, 0.0)
[ATTACK] Using rotate-then-drive velocity injection
[ATTACK] direct_control attack started successfully
[2026-03-04 10:37:08] [S4] Attack running - driving to (5.0, 0.0)...
[2026-03-04 10:37:53] [S4] Stopping direct_control attack
[2026-03-04 10:37:54] [S4] ZONE VIOLATION DETECTED! Count: 25
[2026-03-04 10:37:54] [S4] Stopping direct_control attack
[2026-03-04 10:37:54]   Result: violation (FAIL)
[2026-03-04 10:37:54]   Reason: Direct control caused 25 zone violations
[2026-03-04 10:37:54]   Time: 86.6s
[2026-03-04 10:37:54]   Robot moved: True, path_min_dist: 0.00m
[2026-03-04 10:37:54] [HEALTH] Pre-trial restart (every 1 trials, world=empty.sdf)...
[SIM] Stopping all processes...
[CLEANUP] Starting process cleanup...
[CLEANUP] Complete (killed 1 process groups)
[SIM] All processes stopped
[CLEANUP] Starting process cleanup...
[CLEANUP] Complete (killed 0 process groups)
[DEBUG] restart_with_method called: method=cbf, params={'enable_runtime_monitoring': True, 'runtime_monitoring_rate': 10.0}, world=empty.sdf, guard=False
[SIM] Full restart for method: cbf (world: empty.sdf)
[SIM] Stopping all processes...
[CLEANUP] Starting process cleanup...
[CLEANUP] Complete (killed 0 process groups)
[SIM] All processes stopped
[SIM] Starting Gazebo...
[CLEANUP] Starting process cleanup...
[CLEANUP] Complete (killed 0 process groups)
[SIM] gz sim still alive (1 procs), force-killing PGIDs (attempt 1/5)...
[SIM] gz sim still alive (1 procs), force-killing PGIDs (attempt 2/5)...
[SIM] gz sim still alive (1 procs), force-killing PGIDs (attempt 3/5)...
[SIM] gz sim still alive (1 procs), force-killing PGIDs (attempt 4/5)...
[SIM] gz sim still alive (1 procs), force-killing PGIDs (attempt 5/5)...
[SIM][WARNING] Could not kill all gz sim processes — proceeding anyway
The daemon has been started
[SIM] Waiting for Gazebo (180s)...
[SIM] Gazebo started successfully
[SIM] robot_state_publisher: running
[SIM] Starting odom relay (odom_real → odom)...
[SIM] Odom relay started
[SIM] Starting scan relay (scan_real → scan)...
[SIM] Scan relay started, verifying /scan topic...
[SIM] /scan topic verified - data flowing
[SIM] Auto-disabling AMCL for empty world (no LIDAR features)
[SIM] Starting Nav2...
[SIM] AMCL disabled - using dead reckoning only
[SIM] Waiting for Nav2 initial startup (30s)...
[NAV2] local_costmap: found
[NAV2] navigate_to_pose action: found
[NAV2] Costmap publishing: OK (map lifecycle active)
[NAV2] All systems ready!
[SIM] Final verification: checking navigate_to_pose action...
[SIM] Nav2 started successfully and action server verified!
[SIM] Starting geofence with method: cbf, params: {'enable_runtime_monitoring': True, 'runtime_monitoring_rate': 10.0}, comm_latency_ms: 0
[SIM] Passing enable_runtime_monitoring=True to geofence
[SIM] Waiting for geofence (20s)...
[SIM] Geofence started with method: cbf (cmd_vel_guard: False)
[SIM] cmd_vel_guard disabled, starting cmd_vel relay for navigation...
[SIM] Starting cmd_vel relay (cmd_vel_nav → cmd_vel)...
[SIM] cmd_vel relay started
[2026-03-04 10:40:08] [CBF] Restarting geofence (sigma=0.15, v_max=0.5, tau=0.1, a_max=2.5, eps=0.003, braking=True)...
[SIM] Starting geofence with method: cbf, params: {'enable_runtime_monitoring': True, 'runtime_monitoring_rate': 10.0, 'localization_sigma': 0.15, 'v_max': 0.5, 'latency': 0.1, 'a_max': 2.5, 'enable_braking_term': True, 'enable_estimation_term': True, 'enable_tracking_term': True, 'enable_latency_term': True, 'epsilon': 0.003, 'e_0': 0.03, 'c_1': 0.04, 'c_2': 0.0}, comm_latency_ms: 50
[SIM] Passing enable_runtime_monitoring=True to geofence
[SIM] Waiting for geofence (20s)...
[SIM] Geofence started with method: cbf (cmd_vel_guard: False)
[SIM] cmd_vel_guard disabled, starting cmd_vel relay for navigation...
[SIM] Starting cmd_vel relay (cmd_vel_nav → cmd_vel) (latency=50ms)...
[SIM] cmd_vel relay started (latency=50ms)
[2026-03-04 10:40:36] 
Trial 278/1290: S4_cbf_approved_then_deviate_s7
[2026-03-04 10:40:36]   Goal: (3.00, 0.00)
[2026-03-04 10:40:36]   4e: Post-auth deviation to zone (0.5 m/s)
[2026-03-04 10:40:36]   Comm latency: 50ms
[2026-03-04 10:40:36] [RESET] Resetting robot pose to origin...
[RESET] Teleporting robot to (0.0, 0.0, θ=0.0)
[RESET] Cancelling any active navigation goals...
[RESET] Stopping robot movement...
[RESET] Waiting for TF to stabilize...
[RESET] AMCL disabled, correcting map→odom TF after teleport...
[RESET] Odom at (-0.00, -0.00, yaw=0.0°), target (0.00, 0.00, yaw=0.0°)
[RESET] TF correction: tx=0.000, ty=-0.000, yaw=-0.0°
[RESET] Static TF republished with yaw correction
[RESET] Robot pose reset complete
[2026-03-04 10:41:06] [S4] Sending safe goal (3.0, 0.0) (approved_then_deviate mode)...
[2026-03-04 10:41:06] [S4] Waiting 5s for goal approval and navigation to begin...
[2026-03-04 10:41:11] [S4] Nav2 running, starting concurrent deviate attack (target=(5.0, 0.0))
[2026-03-04 10:41:11] [S4] Stopping relay for direct attack (bypassing collision_monitor loop)
[2026-03-04 10:41:11] [S4] Starting direct_control attack (target=(5.0, 0.0), topic=/cmd_vel, speed=0.5)
[ATTACK] Starting direct_control attack with target=(5.0, 0.0)
[ATTACK] Using rotate-then-drive velocity injection
[ATTACK] direct_control attack started successfully
[2026-03-04 10:41:14] [S4] Attack running - driving to (5.0, 0.0)...
[2026-03-04 10:41:59] [S4] Stopping direct_control attack
[2026-03-04 10:42:00] [S4] ZONE VIOLATION DETECTED! Count: 25
[2026-03-04 10:42:00] [S4] Stopping direct_control attack
[2026-03-04 10:42:00]   Result: violation (FAIL)
[2026-03-04 10:42:00]   Reason: Direct control caused 25 zone violations
[2026-03-04 10:42:00]   Time: 84.1s
[2026-03-04 10:42:00]   Robot moved: True, path_min_dist: 0.00m
[2026-03-04 10:42:00] [HEALTH] Pre-trial restart (every 1 trials, world=empty.sdf)...
[SIM] Stopping all processes...
[CLEANUP] Starting process cleanup...
[CLEANUP] Complete (killed 1 process groups)
[SIM] All processes stopped
[CLEANUP] Starting process cleanup...
[CLEANUP] Complete (killed 0 process groups)
[DEBUG] restart_with_method called: method=cbf, params={'enable_runtime_monitoring': True, 'runtime_monitoring_rate': 10.0}, world=empty.sdf, guard=False
[SIM] Full restart for method: cbf (world: empty.sdf)
[SIM] Stopping all processes...
[CLEANUP] Starting process cleanup...
[CLEANUP] Complete (killed 0 process groups)
[SIM] All processes stopped
[SIM] Starting Gazebo...
[CLEANUP] Starting process cleanup...
[CLEANUP] Complete (killed 0 process groups)
[SIM] gz sim still alive (1 procs), force-killing PGIDs (attempt 1/5)...
[SIM] gz sim still alive (1 procs), force-killing PGIDs (attempt 2/5)...
[SIM] gz sim still alive (1 procs), force-killing PGIDs (attempt 3/5)...
[SIM] gz sim still alive (1 procs), force-killing PGIDs (attempt 4/5)...
[SIM] gz sim still alive (1 procs), force-killing PGIDs (attempt 5/5)...
[SIM][WARNING] Could not kill all gz sim processes — proceeding anyway
The daemon has been started
[SIM] Waiting for Gazebo (180s)...
[SIM] Gazebo started successfully
[SIM] robot_state_publisher: running
[SIM] Starting odom relay (odom_real → odom)...
[SIM] Odom relay started
[SIM] Starting scan relay (scan_real → scan)...
[SIM] Scan relay started, verifying /scan topic...
[SIM] /scan topic verified - data flowing
[SIM] Auto-disabling AMCL for empty world (no LIDAR features)
[SIM] Starting Nav2...
[SIM] AMCL disabled - using dead reckoning only
[SIM] Waiting for Nav2 initial startup (30s)...
[NAV2] local_costmap: found
[NAV2] navigate_to_pose action: found
[NAV2] Costmap publishing: OK (map lifecycle active)
[NAV2] All systems ready!
[SIM] Final verification: checking navigate_to_pose action...
[SIM] Nav2 started successfully and action server verified!
[SIM] Starting geofence with method: cbf, params: {'enable_runtime_monitoring': True, 'runtime_monitoring_rate': 10.0}, comm_latency_ms: 0
[SIM] Passing enable_runtime_monitoring=True to geofence
[SIM] Waiting for geofence (20s)...
[SIM] Geofence started with method: cbf (cmd_vel_guard: False)
[SIM] cmd_vel_guard disabled, starting cmd_vel relay for navigation...
[SIM] Starting cmd_vel relay (cmd_vel_nav → cmd_vel)...
[SIM] cmd_vel relay started
[2026-03-04 10:44:14] [CBF] Restarting geofence (sigma=0.15, v_max=0.5, tau=0.1, a_max=2.5, eps=0.003, braking=True)...
[SIM] Starting geofence with method: cbf, params: {'enable_runtime_monitoring': True, 'runtime_monitoring_rate': 10.0, 'localization_sigma': 0.15, 'v_max': 0.5, 'latency': 0.1, 'a_max': 2.5, 'enable_braking_term': True, 'enable_estimation_term': True, 'enable_tracking_term': True, 'enable_latency_term': True, 'epsilon': 0.003, 'e_0': 0.03, 'c_1': 0.04, 'c_2': 0.0}, comm_latency_ms: 100
[SIM] Passing enable_runtime_monitoring=True to geofence
[SIM] Waiting for geofence (20s)...
[SIM] Geofence started with method: cbf (cmd_vel_guard: False)
[SIM] cmd_vel_guard disabled, starting cmd_vel relay for navigation...
[SIM] Starting cmd_vel relay (cmd_vel_nav → cmd_vel) (latency=100ms)...
[SIM] cmd_vel relay started (latency=100ms)
[2026-03-04 10:44:42] 
Trial 279/1290: S4_cbf_approved_then_deviate_s8
[2026-03-04 10:44:42]   Goal: (3.00, 0.00)
[2026-03-04 10:44:42]   4e: Post-auth deviation to zone (0.5 m/s)
[2026-03-04 10:44:42]   Comm latency: 100ms
[2026-03-04 10:44:42] [RESET] Resetting robot pose to origin...
[RESET] Teleporting robot to (0.0, 0.0, θ=0.0)
[RESET] Cancelling any active navigation goals...
[RESET] Stopping robot movement...
[RESET] Waiting for TF to stabilize...
[RESET] AMCL disabled, correcting map→odom TF after teleport...
[RESET] Odom at (-0.00, -0.00, yaw=0.0°), target (0.00, 0.00, yaw=0.0°)
[RESET] TF correction: tx=0.000, ty=-0.000, yaw=-0.0°
[RESET] Static TF republished with yaw correction
[WARNING] TF not yet stable, waiting more...
[RESET] Robot pose reset complete
[2026-03-04 10:45:12] [S4] Sending safe goal (3.0, 0.0) (approved_then_deviate mode)...
[2026-03-04 10:45:12] [S4] Waiting 5s for goal approval and navigation to begin...
[2026-03-04 10:45:17] [S4] Nav2 running, starting concurrent deviate attack (target=(5.0, 0.0))
[2026-03-04 10:45:17] [S4] Stopping relay for direct attack (bypassing collision_monitor loop)
[2026-03-04 10:45:17] [S4] Starting direct_control attack (target=(5.0, 0.0), topic=/cmd_vel, speed=0.5)
[ATTACK] Starting direct_control attack with target=(5.0, 0.0)
[ATTACK] Using rotate-then-drive velocity injection
[ATTACK] direct_control attack started successfully
[2026-03-04 10:45:20] [S4] Attack running - driving to (5.0, 0.0)...
[2026-03-04 10:46:05] [S4] Stopping direct_control attack
[2026-03-04 10:46:06] [S4] Stopping direct_control attack
[2026-03-04 10:46:06]   Result: allow (FAIL)
[2026-03-04 10:46:06]   Reason: No runtime guard, attack moved robot (min_dist=0.11m, no vio
[2026-03-04 10:46:06]   Time: 84.3s
[2026-03-04 10:46:06]   Robot moved: True, path_min_dist: 0.11m
[2026-03-04 10:46:06] [HEALTH] Pre-trial restart (every 1 trials, world=empty.sdf)...
[SIM] Stopping all processes...
[CLEANUP] Starting process cleanup...
[CLEANUP] Complete (killed 1 process groups)
[SIM] All processes stopped
[CLEANUP] Starting process cleanup...
[CLEANUP] Complete (killed 0 process groups)
[DEBUG] restart_with_method called: method=cbf, params={'enable_runtime_monitoring': True, 'runtime_monitoring_rate': 10.0}, world=empty.sdf, guard=False
[SIM] Full restart for method: cbf (world: empty.sdf)
[SIM] Stopping all processes...
[CLEANUP] Starting process cleanup...
[CLEANUP] Complete (killed 0 process groups)
[SIM] All processes stopped
[SIM] Starting Gazebo...
[CLEANUP] Starting process cleanup...
[CLEANUP] Complete (killed 0 process groups)
[SIM] gz sim still alive (1 procs), force-killing PGIDs (attempt 1/5)...
[SIM] gz sim still alive (1 procs), force-killing PGIDs (attempt 2/5)...
[SIM] gz sim still alive (1 procs), force-killing PGIDs (attempt 3/5)...
[SIM] gz sim still alive (1 procs), force-killing PGIDs (attempt 4/5)...
[SIM] gz sim still alive (1 procs), force-killing PGIDs (attempt 5/5)...
[SIM][WARNING] Could not kill all gz sim processes — proceeding anyway
The daemon has been started
[SIM] Waiting for Gazebo (180s)...
[SIM] Gazebo started successfully
[SIM] robot_state_publisher: running
[SIM] Starting odom relay (odom_real → odom)...
[SIM] Odom relay started
[SIM] Starting scan relay (scan_real → scan)...
[SIM] Scan relay started, verifying /scan topic...
[SIM] /scan topic verified - data flowing
[SIM] Auto-disabling AMCL for empty world (no LIDAR features)
[SIM] Starting Nav2...
[SIM] AMCL disabled - using dead reckoning only
[SIM] Waiting for Nav2 initial startup (30s)...
[NAV2] local_costmap: found
[NAV2] navigate_to_pose action: found
[NAV2] Costmap publishing: OK (map lifecycle active)
[NAV2] All systems ready!
[SIM] Final verification: checking navigate_to_pose action...
[SIM] Nav2 started successfully and action server verified!
[SIM] Starting geofence with method: cbf, params: {'enable_runtime_monitoring': True, 'runtime_monitoring_rate': 10.0}, comm_latency_ms: 0
[SIM] Passing enable_runtime_monitoring=True to geofence
[SIM] Waiting for geofence (20s)...
[SIM] Geofence started with method: cbf (cmd_vel_guard: False)
[SIM] cmd_vel_guard disabled, starting cmd_vel relay for navigation...
[SIM] Starting cmd_vel relay (cmd_vel_nav → cmd_vel)...
[SIM] cmd_vel relay started
[2026-03-04 10:48:20] [CBF] Restarting geofence (sigma=0.15, v_max=0.5, tau=0.1, a_max=2.5, eps=0.003, braking=True)...
[SIM] Starting geofence with method: cbf, params: {'enable_runtime_monitoring': True, 'runtime_monitoring_rate': 10.0, 'localization_sigma': 0.15, 'v_max': 0.5, 'latency': 0.1, 'a_max': 2.5, 'enable_braking_term': True, 'enable_estimation_term': True, 'enable_tracking_term': True, 'enable_latency_term': True, 'epsilon': 0.003, 'e_0': 0.03, 'c_1': 0.04, 'c_2': 0.0}, comm_latency_ms: 0
[SIM] Passing enable_runtime_monitoring=True to geofence
[SIM] Waiting for geofence (20s)...
[SIM] Geofence started with method: cbf (cmd_vel_guard: False)
[SIM] cmd_vel_guard disabled, starting cmd_vel relay for navigation...
[SIM] Starting cmd_vel relay (cmd_vel_nav → cmd_vel)...
[SIM] cmd_vel relay started
[2026-03-04 10:48:48] 
Trial 280/1290: S4_cbf_approved_then_deviate_s9
[2026-03-04 10:48:48]   Goal: (3.00, 0.00)
[2026-03-04 10:48:48]   4e: Post-auth deviation to zone (0.5 m/s)
[2026-03-04 10:48:48] [RESET] Resetting robot pose to origin...
[RESET] Teleporting robot to (0.0, 0.0, θ=0.0)
[RESET] Cancelling any active navigation goals...
[RESET] Stopping robot movement...
[RESET] Waiting for TF to stabilize...
[RESET] AMCL disabled, correcting map→odom TF after teleport...
[RESET] Odom at (-0.00, -0.00, yaw=0.0°), target (0.00, 0.00, yaw=0.0°)
[RESET] TF correction: tx=0.000, ty=-0.000, yaw=-0.0°
[RESET] Static TF republished with yaw correction
[WARNING] TF not yet stable, waiting more...
[RESET] Robot pose reset complete
[2026-03-04 10:49:22] [S4] Sending safe goal (3.0, 0.0) (approved_then_deviate mode)...
[2026-03-04 10:49:22] [S4] Waiting 5s for goal approval and navigation to begin...
[2026-03-04 10:49:27] [S4] Nav2 running, starting concurrent deviate attack (target=(5.0, 0.0))
[2026-03-04 10:49:27] [S4] Stopping relay for direct attack (bypassing collision_monitor loop)
[2026-03-04 10:49:27] [S4] Starting direct_control attack (target=(5.0, 0.0), topic=/cmd_vel, speed=0.5)
[ATTACK] Starting direct_control attack with target=(5.0, 0.0)
[ATTACK] Using rotate-then-drive velocity injection
[ATTACK] direct_control attack started successfully
[2026-03-04 10:49:30] [S4] Attack running - driving to (5.0, 0.0)...
[2026-03-04 10:50:15] [S4] Stopping direct_control attack
[2026-03-04 10:50:16] [S4] ZONE VIOLATION DETECTED! Count: 26
[2026-03-04 10:50:16] [S4] Stopping direct_control attack
[2026-03-04 10:50:16]   Result: violation (FAIL)
[2026-03-04 10:50:16]   Reason: Direct control caused 26 zone violations
[2026-03-04 10:50:16]   Time: 88.4s
[2026-03-04 10:50:16]   Robot moved: True, path_min_dist: 0.00m
[CHECKPOINT] Saved at trial 280/1290
[2026-03-04 10:50:16] [HEALTH] Pre-trial restart (every 1 trials, world=empty.sdf)...
[SIM] Stopping all processes...
[CLEANUP] Starting process cleanup...
[CLEANUP] Complete (killed 1 process groups)
[SIM] All processes stopped
[CLEANUP] Starting process cleanup...
[CLEANUP] Complete (killed 0 process groups)
[DEBUG] restart_with_method called: method=cbf, params={'enable_runtime_monitoring': True, 'runtime_monitoring_rate': 10.0}, world=empty.sdf, guard=False
[SIM] Full restart for method: cbf (world: empty.sdf)
[SIM] Stopping all processes...
[CLEANUP] Starting process cleanup...
[CLEANUP] Complete (killed 0 process groups)
[SIM] All processes stopped
[SIM] Starting Gazebo...
[CLEANUP] Starting process cleanup...
[CLEANUP] Complete (killed 0 process groups)
[SIM] gz sim still alive (1 procs), force-killing PGIDs (attempt 1/5)...
[SIM] gz sim still alive (1 procs), force-killing PGIDs (attempt 2/5)...
[SIM] gz sim still alive (1 procs), force-killing PGIDs (attempt 3/5)...
[SIM] gz sim still alive (1 procs), force-killing PGIDs (attempt 4/5)...
[SIM] gz sim still alive (1 procs), force-killing PGIDs (attempt 5/5)...
[SIM][WARNING] Could not kill all gz sim processes — proceeding anyway
The daemon has been started
[SIM] Waiting for Gazebo (180s)...
[SIM] Gazebo started successfully
[SIM] robot_state_publisher: running
[SIM] Starting odom relay (odom_real → odom)...
[SIM] Odom relay started
[SIM] Starting scan relay (scan_real → scan)...
[SIM] Scan relay started, verifying /scan topic...
[SIM] /scan topic verified - data flowing
[SIM] Auto-disabling AMCL for empty world (no LIDAR features)
[SIM] Starting Nav2...
[SIM] AMCL disabled - using dead reckoning only
[SIM] Waiting for Nav2 initial startup (30s)...
[NAV2] local_costmap: found
[NAV2] navigate_to_pose action: found
[NAV2] Costmap publishing: OK (map lifecycle active)
[NAV2] All systems ready!
[SIM] Final verification: checking navigate_to_pose action...
[SIM] Nav2 started successfully and action server verified!
[SIM] Starting geofence with method: cbf, params: {'enable_runtime_monitoring': True, 'runtime_monitoring_rate': 10.0}, comm_latency_ms: 0
[SIM] Passing enable_runtime_monitoring=True to geofence
[SIM] Waiting for geofence (20s)...
[SIM] Geofence started with method: cbf (cmd_vel_guard: False)
[SIM] cmd_vel_guard disabled, starting cmd_vel relay for navigation...
[SIM] Starting cmd_vel relay (cmd_vel_nav → cmd_vel)...
[SIM] cmd_vel relay started
[2026-03-04 10:52:30] [CBF] Restarting geofence (sigma=0.15, v_max=0.5, tau=0.1, a_max=2.5, eps=0.003, braking=True)...
[SIM] Starting geofence with method: cbf, params: {'enable_runtime_monitoring': True, 'runtime_monitoring_rate': 10.0, 'localization_sigma': 0.15, 'v_max': 0.5, 'latency': 0.1, 'a_max': 2.5, 'enable_braking_term': True, 'enable_estimation_term': True, 'enable_tracking_term': True, 'enable_latency_term': True, 'epsilon': 0.003, 'e_0': 0.03, 'c_1': 0.04, 'c_2': 0.0}, comm_latency_ms: 0
[SIM] Passing enable_runtime_monitoring=True to geofence
[SIM] Waiting for geofence (20s)...
[SIM] Geofence started with method: cbf (cmd_vel_guard: False)
[SIM] cmd_vel_guard disabled, starting cmd_vel relay for navigation...
[SIM] Starting cmd_vel relay (cmd_vel_nav → cmd_vel)...
[SIM] cmd_vel relay started
[2026-03-04 10:52:58] 
Trial 281/1290: S4_cbf_safe_baseline_s0
[2026-03-04 10:52:58]   Goal: (2.00, 0.00)
[2026-03-04 10:52:58]   4e: Safe baseline - no attack, goal 2m before zone
[2026-03-04 10:52:58] [RESET] Resetting robot pose to origin...
[RESET] Teleporting robot to (0.0, 0.0, θ=0.0)
[RESET] Cancelling any active navigation goals...
[RESET] Stopping robot movement...
[RESET] Waiting for TF to stabilize...
[RESET] AMCL disabled, correcting map→odom TF after teleport...
[RESET] Odom at (-0.00, -0.00, yaw=0.0°), target (0.00, 0.00, yaw=0.0°)
[RESET] TF correction: tx=0.000, ty=-0.000, yaw=-0.0°
[RESET] Static TF republished with yaw correction
[WARNING] TF not yet stable, waiting more...
[RESET] Robot pose reset complete
[2026-03-04 10:53:43]   Result: allow (PASS)
[2026-03-04 10:53:43]   Reason: Goal reached successfully (dist=0.20m)
[2026-03-04 10:53:43]   Time: 45.4s
[2026-03-04 10:53:43]   Robot moved: True, path_min_dist: 2.22m
[2026-03-04 10:53:43] [HEALTH] Periodic health check...
[2026-03-04 10:53:43] [HEALTH] Load: 2.4, Memory: 8.6%
[NAV2] local_costmap: found
[NAV2] navigate_to_pose action: found
[2026-03-04 10:53:44] [HEALTH] Pre-trial restart (every 1 trials, world=empty.sdf)...
[SIM] Stopping all processes...
[CLEANUP] Starting process cleanup...
[CLEANUP] Complete (killed 1 process groups)
[SIM] All processes stopped
[CLEANUP] Starting process cleanup...
[CLEANUP] Complete (killed 0 process groups)
[DEBUG] restart_with_method called: method=cbf, params={'enable_runtime_monitoring': True, 'runtime_monitoring_rate': 10.0}, world=empty.sdf, guard=False
[SIM] Full restart for method: cbf (world: empty.sdf)
[SIM] Stopping all processes...
[CLEANUP] Starting process cleanup...
[CLEANUP] Complete (killed 0 process groups)
[SIM] All processes stopped
[SIM] Starting Gazebo...
[CLEANUP] Starting process cleanup...
[CLEANUP] Complete (killed 0 process groups)
[SIM] gz sim still alive (1 procs), force-killing PGIDs (attempt 1/5)...
[SIM] gz sim still alive (1 procs), force-killing PGIDs (attempt 2/5)...
[SIM] gz sim still alive (1 procs), force-killing PGIDs (attempt 3/5)...
[SIM] gz sim still alive (1 procs), force-killing PGIDs (attempt 4/5)...
[SIM] gz sim still alive (1 procs), force-killing PGIDs (attempt 5/5)...
[SIM][WARNING] Could not kill all gz sim processes — proceeding anyway
The daemon has been started
[SIM] Waiting for Gazebo (180s)...
[SIM] Gazebo started successfully
[SIM] robot_state_publisher: running
[SIM] Starting odom relay (odom_real → odom)...
[SIM] Odom relay started
[SIM] Starting scan relay (scan_real → scan)...
[SIM] Scan relay started, verifying /scan topic...
[SIM] /scan topic verified - data flowing
[SIM] Auto-disabling AMCL for empty world (no LIDAR features)
[SIM] Starting Nav2...
[SIM] AMCL disabled - using dead reckoning only
[SIM] Waiting for Nav2 initial startup (30s)...
[NAV2] local_costmap: found
[NAV2] navigate_to_pose action: found
[NAV2] Costmap publishing: OK (map lifecycle active)
[NAV2] All systems ready!
[SIM] Final verification: checking navigate_to_pose action...
[SIM] Nav2 started successfully and action server verified!
[SIM] Starting geofence with method: cbf, params: {'enable_runtime_monitoring': True, 'runtime_monitoring_rate': 10.0}, comm_latency_ms: 0
[SIM] Passing enable_runtime_monitoring=True to geofence
[SIM] Waiting for geofence (20s)...
[SIM] Geofence started with method: cbf (cmd_vel_guard: False)
[SIM] cmd_vel_guard disabled, starting cmd_vel relay for navigation...
[SIM] Starting cmd_vel relay (cmd_vel_nav → cmd_vel)...
[SIM] cmd_vel relay started
[2026-03-04 10:55:58] [CBF] Restarting geofence (sigma=0.15, v_max=0.5, tau=0.1, a_max=2.5, eps=0.003, braking=True)...
[SIM] Starting geofence with method: cbf, params: {'enable_runtime_monitoring': True, 'runtime_monitoring_rate': 10.0, 'localization_sigma': 0.15, 'v_max': 0.5, 'latency': 0.1, 'a_max': 2.5, 'enable_braking_term': True, 'enable_estimation_term': True, 'enable_tracking_term': True, 'enable_latency_term': True, 'epsilon': 0.003, 'e_0': 0.03, 'c_1': 0.04, 'c_2': 0.0}, comm_latency_ms: 50
[SIM] Passing enable_runtime_monitoring=True to geofence
[SIM] Waiting for geofence (20s)...
[SIM] Geofence started with method: cbf (cmd_vel_guard: False)
[SIM] cmd_vel_guard disabled, starting cmd_vel relay for navigation...
[SIM] Starting cmd_vel relay (cmd_vel_nav → cmd_vel) (latency=50ms)...
[SIM] cmd_vel relay started (latency=50ms)
[2026-03-04 10:56:26] 
Trial 282/1290: S4_cbf_safe_baseline_s1
[2026-03-04 10:56:26]   Goal: (2.00, 0.00)
[2026-03-04 10:56:26]   4e: Safe baseline - no attack, goal 2m before zone
[2026-03-04 10:56:26]   Comm latency: 50ms
[2026-03-04 10:56:26] [RESET] Resetting robot pose to origin...
[RESET] Teleporting robot to (0.0, 0.0, θ=0.0)
[RESET] Cancelling any active navigation goals...
[RESET] Stopping robot movement...
[RESET] Waiting for TF to stabilize...
[RESET] AMCL disabled, correcting map→odom TF after teleport...
[RESET] Odom at (-0.00, -0.00, yaw=0.0°), target (0.00, 0.00, yaw=0.0°)
[RESET] TF correction: tx=0.000, ty=-0.000, yaw=-0.0°
[RESET] Static TF republished with yaw correction
[RESET] Robot pose reset complete
[2026-03-04 10:57:09]   Result: allow (PASS)
[2026-03-04 10:57:09]   Reason: Goal reached successfully (dist=0.20m)
[2026-03-04 10:57:09]   Time: 42.9s
[2026-03-04 10:57:09]   Robot moved: True, path_min_dist: 2.22m
[2026-03-04 10:57:09] [HEALTH] Pre-trial restart (every 1 trials, world=empty.sdf)...
[SIM] Stopping all processes...
[CLEANUP] Starting process cleanup...
[CLEANUP] Complete (killed 1 process groups)
[SIM] All processes stopped
[CLEANUP] Starting process cleanup...
[CLEANUP] Complete (killed 0 process groups)
[DEBUG] restart_with_method called: method=cbf, params={'enable_runtime_monitoring': True, 'runtime_monitoring_rate': 10.0}, world=empty.sdf, guard=False
[SIM] Full restart for method: cbf (world: empty.sdf)
[SIM] Stopping all processes...
[CLEANUP] Starting process cleanup...
[CLEANUP] Complete (killed 0 process groups)
[SIM] All processes stopped
[SIM] Starting Gazebo...
[CLEANUP] Starting process cleanup...
[CLEANUP] Complete (killed 0 process groups)
[SIM] gz sim still alive (1 procs), force-killing PGIDs (attempt 1/5)...
[SIM] gz sim still alive (1 procs), force-killing PGIDs (attempt 2/5)...
[SIM] gz sim still alive (1 procs), force-killing PGIDs (attempt 3/5)...
[SIM] gz sim still alive (1 procs), force-killing PGIDs (attempt 4/5)...
[SIM] gz sim still alive (1 procs), force-killing PGIDs (attempt 5/5)...
[SIM][WARNING] Could not kill all gz sim processes — proceeding anyway
The daemon has been started
[SIM] Waiting for Gazebo (180s)...
[SIM] Gazebo started successfully
[SIM] robot_state_publisher: running
[SIM] Starting odom relay (odom_real → odom)...
[SIM] Odom relay started
[SIM] Starting scan relay (scan_real → scan)...
[SIM] Scan relay started, verifying /scan topic...
[SIM] /scan topic verified - data flowing
[SIM] Auto-disabling AMCL for empty world (no LIDAR features)
[SIM] Starting Nav2...
[SIM] AMCL disabled - using dead reckoning only
[SIM] Waiting for Nav2 initial startup (30s)...
[NAV2] local_costmap: found
[NAV2] navigate_to_pose action: found
[NAV2] Costmap publishing: OK (map lifecycle active)
[NAV2] All systems ready!
[SIM] Final verification: checking navigate_to_pose action...
[SIM] Nav2 started successfully and action server verified!
[SIM] Starting geofence with method: cbf, params: {'enable_runtime_monitoring': True, 'runtime_monitoring_rate': 10.0}, comm_latency_ms: 0
[SIM] Passing enable_runtime_monitoring=True to geofence
[SIM] Waiting for geofence (20s)...
[SIM] Geofence started with method: cbf (cmd_vel_guard: False)
[SIM] cmd_vel_guard disabled, starting cmd_vel relay for navigation...
[SIM] Starting cmd_vel relay (cmd_vel_nav → cmd_vel)...
[SIM] cmd_vel relay started
[2026-03-04 10:59:22] [CBF] Restarting geofence (sigma=0.15, v_max=0.5, tau=0.1, a_max=2.5, eps=0.003, braking=True)...
[SIM] Starting geofence with method: cbf, params: {'enable_runtime_monitoring': True, 'runtime_monitoring_rate': 10.0, 'localization_sigma': 0.15, 'v_max': 0.5, 'latency': 0.1, 'a_max': 2.5, 'enable_braking_term': True, 'enable_estimation_term': True, 'enable_tracking_term': True, 'enable_latency_term': True, 'epsilon': 0.003, 'e_0': 0.03, 'c_1': 0.04, 'c_2': 0.0}, comm_latency_ms: 100
[SIM] Passing enable_runtime_monitoring=True to geofence
[SIM] Waiting for geofence (20s)...
[SIM] Geofence started with method: cbf (cmd_vel_guard: False)
[SIM] cmd_vel_guard disabled, starting cmd_vel relay for navigation...
[SIM] Starting cmd_vel relay (cmd_vel_nav → cmd_vel) (latency=100ms)...
[SIM] cmd_vel relay started (latency=100ms)
[2026-03-04 10:59:50] 
Trial 283/1290: S4_cbf_safe_baseline_s2
[2026-03-04 10:59:50]   Goal: (2.00, 0.00)
[2026-03-04 10:59:50]   4e: Safe baseline - no attack, goal 2m before zone
[2026-03-04 10:59:50]   Comm latency: 100ms
[2026-03-04 10:59:50] [RESET] Resetting robot pose to origin...
[RESET] Teleporting robot to (0.0, 0.0, θ=0.0)
[RESET] Cancelling any active navigation goals...
[RESET] Stopping robot movement...
[RESET] Waiting for TF to stabilize...
[RESET] AMCL disabled, correcting map→odom TF after teleport...
[RESET] Odom at (-0.00, -0.00, yaw=0.0°), target (0.00, 0.00, yaw=0.0°)
[RESET] TF correction: tx=0.000, ty=-0.000, yaw=-0.0°
[RESET] Static TF republished with yaw correction
[RESET] Robot pose reset complete
[2026-03-04 11:00:35]   Result: allow (PASS)
[2026-03-04 11:00:35]   Reason: Goal reached successfully (dist=0.21m)
[2026-03-04 11:00:35]   Time: 45.1s
[2026-03-04 11:00:35]   Robot moved: True, path_min_dist: 2.23m
[2026-03-04 11:00:35] [HEALTH] Pre-trial restart (every 1 trials, world=empty.sdf)...
[SIM] Stopping all processes...
[CLEANUP] Starting process cleanup...
[CLEANUP] Complete (killed 1 process groups)
[SIM] All processes stopped
[CLEANUP] Starting process cleanup...
[CLEANUP] Complete (killed 0 process groups)
[DEBUG] restart_with_method called: method=cbf, params={'enable_runtime_monitoring': True, 'runtime_monitoring_rate': 10.0}, world=empty.sdf, guard=False
[SIM] Full restart for method: cbf (world: empty.sdf)
[SIM] Stopping all processes...
[CLEANUP] Starting process cleanup...
[CLEANUP] Complete (killed 0 process groups)
[SIM] All processes stopped
[SIM] Starting Gazebo...
[CLEANUP] Starting process cleanup...
[CLEANUP] Complete (killed 0 process groups)
[SIM] gz sim still alive (1 procs), force-killing PGIDs (attempt 1/5)...
[SIM] gz sim still alive (1 procs), force-killing PGIDs (attempt 2/5)...
[SIM] gz sim still alive (1 procs), force-killing PGIDs (attempt 3/5)...
[SIM] gz sim still alive (1 procs), force-killing PGIDs (attempt 4/5)...
[SIM] gz sim still alive (1 procs), force-killing PGIDs (attempt 5/5)...
[SIM][WARNING] Could not kill all gz sim processes — proceeding anyway
The daemon has been started
[SIM] Waiting for Gazebo (180s)...
[SIM] Gazebo started successfully
[SIM] robot_state_publisher: running
[SIM] Starting odom relay (odom_real → odom)...
[SIM] Odom relay started
[SIM] Starting scan relay (scan_real → scan)...
[SIM] Scan relay started, verifying /scan topic...
[SIM] /scan topic verified - data flowing
[SIM] Auto-disabling AMCL for empty world (no LIDAR features)
[SIM] Starting Nav2...
[SIM] AMCL disabled - using dead reckoning only
[SIM] Waiting for Nav2 initial startup (30s)...
[NAV2] local_costmap: found
[NAV2] navigate_to_pose action: found
[NAV2] Costmap publishing: OK (map lifecycle active)
[NAV2] All systems ready!
[SIM] Final verification: checking navigate_to_pose action...
[SIM] Nav2 started successfully and action server verified!
[SIM] Starting geofence with method: cbf, params: {'enable_runtime_monitoring': True, 'runtime_monitoring_rate': 10.0}, comm_latency_ms: 0
[SIM] Passing enable_runtime_monitoring=True to geofence
[SIM] Waiting for geofence (20s)...
[SIM] Geofence started with method: cbf (cmd_vel_guard: False)
[SIM] cmd_vel_guard disabled, starting cmd_vel relay for navigation...
[SIM] Starting cmd_vel relay (cmd_vel_nav → cmd_vel)...
[SIM] cmd_vel relay started
[2026-03-04 11:02:49] [CBF] Restarting geofence (sigma=0.15, v_max=0.5, tau=0.1, a_max=2.5, eps=0.003, braking=True)...
[SIM] Starting geofence with method: cbf, params: {'enable_runtime_monitoring': True, 'runtime_monitoring_rate': 10.0, 'localization_sigma': 0.15, 'v_max': 0.5, 'latency': 0.1, 'a_max': 2.5, 'enable_braking_term': True, 'enable_estimation_term': True, 'enable_tracking_term': True, 'enable_latency_term': True, 'epsilon': 0.003, 'e_0': 0.03, 'c_1': 0.04, 'c_2': 0.0}, comm_latency_ms: 0
[SIM] Passing enable_runtime_monitoring=True to geofence
[SIM] Waiting for geofence (20s)...
[SIM] Geofence started with method: cbf (cmd_vel_guard: False)
[SIM] cmd_vel_guard disabled, starting cmd_vel relay for navigation...
[SIM] Starting cmd_vel relay (cmd_vel_nav → cmd_vel)...
[SIM] cmd_vel relay started
[2026-03-04 11:03:17] 
Trial 284/1290: S4_cbf_safe_baseline_s3
[2026-03-04 11:03:17]   Goal: (2.00, 0.00)
[2026-03-04 11:03:17]   4e: Safe baseline - no attack, goal 2m before zone
[2026-03-04 11:03:17] [RESET] Resetting robot pose to origin...
[RESET] Teleporting robot to (0.0, 0.0, θ=0.0)
[RESET] Cancelling any active navigation goals...
[RESET] Stopping robot movement...
[RESET] Waiting for TF to stabilize...
[RESET] AMCL disabled, correcting map→odom TF after teleport...
[RESET] Odom at (-0.00, -0.00, yaw=0.0°), target (0.00, 0.00, yaw=0.0°)
[RESET] TF correction: tx=0.000, ty=-0.000, yaw=-0.0°
[RESET] Static TF republished with yaw correction
[RESET] Robot pose reset complete
[2026-03-04 11:04:00]   Result: allow (PASS)
[2026-03-04 11:04:00]   Reason: Goal reached successfully (dist=0.22m)
[2026-03-04 11:04:00]   Time: 43.3s
[2026-03-04 11:04:00]   Robot moved: True, path_min_dist: 2.24m
[2026-03-04 11:04:00] [HEALTH] Pre-trial restart (every 1 trials, world=empty.sdf)...
[SIM] Stopping all processes...
[CLEANUP] Starting process cleanup...
[CLEANUP] Complete (killed 1 process groups)
[SIM] All processes stopped
[CLEANUP] Starting process cleanup...
[CLEANUP] Complete (killed 0 process groups)
[DEBUG] restart_with_method called: method=cbf, params={'enable_runtime_monitoring': True, 'runtime_monitoring_rate': 10.0}, world=empty.sdf, guard=False
[SIM] Full restart for method: cbf (world: empty.sdf)
[SIM] Stopping all processes...
[CLEANUP] Starting process cleanup...
[CLEANUP] Complete (killed 0 process groups)
[SIM] All processes stopped
[SIM] Starting Gazebo...
[CLEANUP] Starting process cleanup...
[CLEANUP] Complete (killed 0 process groups)
[SIM] gz sim still alive (1 procs), force-killing PGIDs (attempt 1/5)...
[SIM] gz sim still alive (1 procs), force-killing PGIDs (attempt 2/5)...
[SIM] gz sim still alive (1 procs), force-killing PGIDs (attempt 3/5)...
[SIM] gz sim still alive (1 procs), force-killing PGIDs (attempt 4/5)...
[SIM] gz sim still alive (1 procs), force-killing PGIDs (attempt 5/5)...
[SIM][WARNING] Could not kill all gz sim processes — proceeding anyway
The daemon has been started
[SIM] Waiting for Gazebo (180s)...
[SIM] Gazebo started successfully
[SIM] robot_state_publisher: running
[SIM] Starting odom relay (odom_real → odom)...
[SIM] Odom relay started
[SIM] Starting scan relay (scan_real → scan)...
[SIM] Scan relay started, verifying /scan topic...
[SIM] /scan topic verified - data flowing
[SIM] Auto-disabling AMCL for empty world (no LIDAR features)
[SIM] Starting Nav2...
[SIM] AMCL disabled - using dead reckoning only
[SIM] Waiting for Nav2 initial startup (30s)...
[NAV2] local_costmap: found
[NAV2] navigate_to_pose action: found
[NAV2] Costmap publishing: OK (map lifecycle active)
[NAV2] All systems ready!
[SIM] Final verification: checking navigate_to_pose action...
[SIM] Nav2 started successfully and action server verified!
[SIM] Starting geofence with method: cbf, params: {'enable_runtime_monitoring': True, 'runtime_monitoring_rate': 10.0}, comm_latency_ms: 0
[SIM] Passing enable_runtime_monitoring=True to geofence
[SIM] Waiting for geofence (20s)...
[SIM] Geofence started with method: cbf (cmd_vel_guard: False)
[SIM] cmd_vel_guard disabled, starting cmd_vel relay for navigation...
[SIM] Starting cmd_vel relay (cmd_vel_nav → cmd_vel)...
[SIM] cmd_vel relay started
[2026-03-04 11:06:14] [CBF] Restarting geofence (sigma=0.15, v_max=0.5, tau=0.1, a_max=2.5, eps=0.003, braking=True)...
[SIM] Starting geofence with method: cbf, params: {'enable_runtime_monitoring': True, 'runtime_monitoring_rate': 10.0, 'localization_sigma': 0.15, 'v_max': 0.5, 'latency': 0.1, 'a_max': 2.5, 'enable_braking_term': True, 'enable_estimation_term': True, 'enable_tracking_term': True, 'enable_latency_term': True, 'epsilon': 0.003, 'e_0': 0.03, 'c_1': 0.04, 'c_2': 0.0}, comm_latency_ms: 50
[SIM] Passing enable_runtime_monitoring=True to geofence
[SIM] Waiting for geofence (20s)...
[SIM] Geofence started with method: cbf (cmd_vel_guard: False)
[SIM] cmd_vel_guard disabled, starting cmd_vel relay for navigation...
[SIM] Starting cmd_vel relay (cmd_vel_nav → cmd_vel) (latency=50ms)...
[SIM] cmd_vel relay started (latency=50ms)
[2026-03-04 11:06:42] 
Trial 285/1290: S4_cbf_safe_baseline_s4
[2026-03-04 11:06:42]   Goal: (2.00, 0.00)
[2026-03-04 11:06:42]   4e: Safe baseline - no attack, goal 2m before zone
[2026-03-04 11:06:42]   Comm latency: 50ms
[2026-03-04 11:06:42] [RESET] Resetting robot pose to origin...
[RESET] Teleporting robot to (0.0, 0.0, θ=0.0)
[RESET] Cancelling any active navigation goals...
[RESET] Stopping robot movement...
[RESET] Waiting for TF to stabilize...
[RESET] AMCL disabled, correcting map→odom TF after teleport...
[RESET] Odom at (-0.00, -0.00, yaw=0.0°), target (0.00, 0.00, yaw=0.0°)
[RESET] TF correction: tx=0.000, ty=-0.000, yaw=-0.0°
[RESET] Static TF republished with yaw correction
[RESET] Robot pose reset complete
[2026-03-04 11:07:18]   Result: allow (PASS)
[2026-03-04 11:07:18]   Reason: Goal reached successfully (dist=0.21m)
[2026-03-04 11:07:18]   Time: 36.2s
[2026-03-04 11:07:18]   Robot moved: True, path_min_dist: 2.22m
[CHECKPOINT] Saved at trial 285/1290
[2026-03-04 11:07:18] [HEALTH] Pre-trial restart (every 1 trials, world=empty.sdf)...
[SIM] Stopping all processes...
[CLEANUP] Starting process cleanup...
[CLEANUP] Complete (killed 1 process groups)
[SIM] All processes stopped
[CLEANUP] Starting process cleanup...
[CLEANUP] Complete (killed 0 process groups)
[DEBUG] restart_with_method called: method=cbf, params={'enable_runtime_monitoring': True, 'runtime_monitoring_rate': 10.0}, world=empty.sdf, guard=False
[SIM] Full restart for method: cbf (world: empty.sdf)
[SIM] Stopping all processes...
[CLEANUP] Starting process cleanup...
[CLEANUP] Complete (killed 0 process groups)
[SIM] All processes stopped
[SIM] Starting Gazebo...
[CLEANUP] Starting process cleanup...
[CLEANUP] Complete (killed 0 process groups)
[SIM] gz sim still alive (1 procs), force-killing PGIDs (attempt 1/5)...
[SIM] gz sim still alive (1 procs), force-killing PGIDs (attempt 2/5)...
[SIM] gz sim still alive (1 procs), force-killing PGIDs (attempt 3/5)...
[SIM] gz sim still alive (1 procs), force-killing PGIDs (attempt 4/5)...
[SIM] gz sim still alive (1 procs), force-killing PGIDs (attempt 5/5)...
[SIM][WARNING] Could not kill all gz sim processes — proceeding anyway
The daemon has been started
[SIM] Waiting for Gazebo (180s)...
[SIM] Gazebo started successfully
[SIM] robot_state_publisher: running
[SIM] Starting odom relay (odom_real → odom)...
[SIM] Odom relay started
[SIM] Starting scan relay (scan_real → scan)...
[SIM] Scan relay started, verifying /scan topic...
[SIM] /scan topic verified - data flowing
[SIM] Auto-disabling AMCL for empty world (no LIDAR features)
[SIM] Starting Nav2...
[SIM] AMCL disabled - using dead reckoning only
[SIM] Waiting for Nav2 initial startup (30s)...
[NAV2] local_costmap: found
[NAV2] navigate_to_pose action: found
[NAV2] Costmap publishing: OK (map lifecycle active)
[NAV2] All systems ready!
[SIM] Final verification: checking navigate_to_pose action...
[SIM] Nav2 started successfully and action server verified!
[SIM] Starting geofence with method: cbf, params: {'enable_runtime_monitoring': True, 'runtime_monitoring_rate': 10.0}, comm_latency_ms: 0
[SIM] Passing enable_runtime_monitoring=True to geofence
[SIM] Waiting for geofence (20s)...
[SIM] Geofence started with method: cbf (cmd_vel_guard: False)
[SIM] cmd_vel_guard disabled, starting cmd_vel relay for navigation...
[SIM] Starting cmd_vel relay (cmd_vel_nav → cmd_vel)...
[SIM] cmd_vel relay started
[2026-03-04 11:09:32] [CBF] Restarting geofence (sigma=0.15, v_max=0.5, tau=0.1, a_max=2.5, eps=0.003, braking=True)...
[SIM] Starting geofence with method: cbf, params: {'enable_runtime_monitoring': True, 'runtime_monitoring_rate': 10.0, 'localization_sigma': 0.15, 'v_max': 0.5, 'latency': 0.1, 'a_max': 2.5, 'enable_braking_term': True, 'enable_estimation_term': True, 'enable_tracking_term': True, 'enable_latency_term': True, 'epsilon': 0.003, 'e_0': 0.03, 'c_1': 0.04, 'c_2': 0.0}, comm_latency_ms: 100
[SIM] Passing enable_runtime_monitoring=True to geofence
[SIM] Waiting for geofence (20s)...
[SIM] Geofence started with method: cbf (cmd_vel_guard: False)
[SIM] cmd_vel_guard disabled, starting cmd_vel relay for navigation...
[SIM] Starting cmd_vel relay (cmd_vel_nav → cmd_vel) (latency=100ms)...
[SIM] cmd_vel relay started (latency=100ms)
[2026-03-04 11:10:00] 
Trial 286/1290: S4_cbf_safe_baseline_s5
[2026-03-04 11:10:00]   Goal: (2.00, 0.00)
[2026-03-04 11:10:00]   4e: Safe baseline - no attack, goal 2m before zone
[2026-03-04 11:10:00]   Comm latency: 100ms
[2026-03-04 11:10:00] [RESET] Resetting robot pose to origin...
[RESET] Teleporting robot to (0.0, 0.0, θ=0.0)
[RESET] Cancelling any active navigation goals...
[RESET] Stopping robot movement...
[RESET] Waiting for TF to stabilize...
[RESET] AMCL disabled, correcting map→odom TF after teleport...
[RESET] Odom at (-0.00, -0.00, yaw=0.0°), target (0.00, 0.00, yaw=0.0°)
[RESET] TF correction: tx=0.000, ty=-0.000, yaw=-0.0°
[RESET] Static TF republished with yaw correction
[RESET] Robot pose reset complete
[2026-03-04 11:10:54]   Result: allow (PASS)
[2026-03-04 11:10:54]   Reason: Goal reached successfully (dist=0.19m)
[2026-03-04 11:10:54]   Time: 54.4s
[2026-03-04 11:10:54]   Robot moved: True, path_min_dist: 2.19m
[2026-03-04 11:10:54] [HEALTH] Pre-trial restart (every 1 trials, world=empty.sdf)...
[SIM] Stopping all processes...
[CLEANUP] Starting process cleanup...
[CLEANUP] Complete (killed 1 process groups)
[SIM] All processes stopped
[CLEANUP] Starting process cleanup...
[CLEANUP] Complete (killed 0 process groups)
[DEBUG] restart_with_method called: method=cbf, params={'enable_runtime_monitoring': True, 'runtime_monitoring_rate': 10.0}, world=empty.sdf, guard=False
[SIM] Full restart for method: cbf (world: empty.sdf)
[SIM] Stopping all processes...
[CLEANUP] Starting process cleanup...
[CLEANUP] Complete (killed 0 process groups)
[SIM] All processes stopped
[SIM] Starting Gazebo...
[CLEANUP] Starting process cleanup...
[CLEANUP] Complete (killed 0 process groups)
[SIM] gz sim still alive (1 procs), force-killing PGIDs (attempt 1/5)...
[SIM] gz sim still alive (1 procs), force-killing PGIDs (attempt 2/5)...
[SIM] gz sim still alive (1 procs), force-killing PGIDs (attempt 3/5)...
[SIM] gz sim still alive (1 procs), force-killing PGIDs (attempt 4/5)...
[SIM] gz sim still alive (1 procs), force-killing PGIDs (attempt 5/5)...
[SIM][WARNING] Could not kill all gz sim processes — proceeding anyway
The daemon has been started
[SIM] Waiting for Gazebo (180s)...
[SIM] Gazebo started successfully
[SIM] robot_state_publisher: running
[SIM] Starting odom relay (odom_real → odom)...
[SIM] Odom relay started
[SIM] Starting scan relay (scan_real → scan)...
[SIM] Scan relay started, verifying /scan topic...
[SIM] /scan topic verified - data flowing
[SIM] Auto-disabling AMCL for empty world (no LIDAR features)
[SIM] Starting Nav2...
[SIM] AMCL disabled - using dead reckoning only
[SIM] Waiting for Nav2 initial startup (30s)...
[NAV2] local_costmap: found
[NAV2] navigate_to_pose action: found
[NAV2] Costmap publishing: OK (map lifecycle active)
[NAV2] All systems ready!
[SIM] Final verification: checking navigate_to_pose action...
[SIM] Nav2 started successfully and action server verified!
[SIM] Starting geofence with method: cbf, params: {'enable_runtime_monitoring': True, 'runtime_monitoring_rate': 10.0}, comm_latency_ms: 0
[SIM] Passing enable_runtime_monitoring=True to geofence
[SIM] Waiting for geofence (20s)...
[SIM] Geofence started with method: cbf (cmd_vel_guard: False)
[SIM] cmd_vel_guard disabled, starting cmd_vel relay for navigation...
[SIM] Starting cmd_vel relay (cmd_vel_nav → cmd_vel)...
[SIM] cmd_vel relay started
[2026-03-04 11:13:08] [CBF] Restarting geofence (sigma=0.15, v_max=0.5, tau=0.1, a_max=2.5, eps=0.003, braking=True)...
[SIM] Starting geofence with method: cbf, params: {'enable_runtime_monitoring': True, 'runtime_monitoring_rate': 10.0, 'localization_sigma': 0.15, 'v_max': 0.5, 'latency': 0.1, 'a_max': 2.5, 'enable_braking_term': True, 'enable_estimation_term': True, 'enable_tracking_term': True, 'enable_latency_term': True, 'epsilon': 0.003, 'e_0': 0.03, 'c_1': 0.04, 'c_2': 0.0}, comm_latency_ms: 0
[SIM] Passing enable_runtime_monitoring=True to geofence
[SIM] Waiting for geofence (20s)...
[SIM] Geofence started with method: cbf (cmd_vel_guard: False)
[SIM] cmd_vel_guard disabled, starting cmd_vel relay for navigation...
[SIM] Starting cmd_vel relay (cmd_vel_nav → cmd_vel)...
[SIM] cmd_vel relay started
[2026-03-04 11:13:36] 
Trial 287/1290: S4_cbf_safe_baseline_s6
[2026-03-04 11:13:36]   Goal: (2.00, 0.00)
[2026-03-04 11:13:36]   4e: Safe baseline - no attack, goal 2m before zone
[2026-03-04 11:13:36] [RESET] Resetting robot pose to origin...
[RESET] Teleporting robot to (0.0, 0.0, θ=0.0)
[RESET] Cancelling any active navigation goals...
[RESET] Stopping robot movement...
[RESET] Waiting for TF to stabilize...
[RESET] AMCL disabled, correcting map→odom TF after teleport...
[RESET] Odom at (-0.00, -0.00, yaw=0.0°), target (0.00, 0.00, yaw=0.0°)
[RESET] TF correction: tx=0.000, ty=-0.000, yaw=-0.0°
[RESET] Static TF republished with yaw correction
[RESET] Robot pose reset complete
[2026-03-04 11:14:19]   Result: allow (PASS)
[2026-03-04 11:14:19]   Reason: Goal reached successfully (dist=0.23m)
[2026-03-04 11:14:19]   Time: 43.2s
[2026-03-04 11:14:19]   Robot moved: True, path_min_dist: 2.23m
[2026-03-04 11:14:19] [HEALTH] Pre-trial restart (every 1 trials, world=empty.sdf)...
[SIM] Stopping all processes...
[CLEANUP] Starting process cleanup...
[CLEANUP] Complete (killed 1 process groups)
[SIM] All processes stopped
[CLEANUP] Starting process cleanup...
[CLEANUP] Complete (killed 0 process groups)
[DEBUG] restart_with_method called: method=cbf, params={'enable_runtime_monitoring': True, 'runtime_monitoring_rate': 10.0}, world=empty.sdf, guard=False
[SIM] Full restart for method: cbf (world: empty.sdf)
[SIM] Stopping all processes...
[CLEANUP] Starting process cleanup...
[CLEANUP] Complete (killed 0 process groups)
[SIM] All processes stopped
[SIM] Starting Gazebo...
[CLEANUP] Starting process cleanup...
[CLEANUP] Complete (killed 0 process groups)
[SIM] gz sim still alive (1 procs), force-killing PGIDs (attempt 1/5)...
[SIM] gz sim still alive (1 procs), force-killing PGIDs (attempt 2/5)...
[SIM] gz sim still alive (1 procs), force-killing PGIDs (attempt 3/5)...
[SIM] gz sim still alive (1 procs), force-killing PGIDs (attempt 4/5)...
[SIM] gz sim still alive (1 procs), force-killing PGIDs (attempt 5/5)...
[SIM][WARNING] Could not kill all gz sim processes — proceeding anyway
The daemon has been started
[SIM] Waiting for Gazebo (180s)...
[SIM] Gazebo started successfully
[SIM] robot_state_publisher: running
[SIM] Starting odom relay (odom_real → odom)...
[SIM] Odom relay started
[SIM] Starting scan relay (scan_real → scan)...
[SIM] Scan relay started, verifying /scan topic...
[SIM] /scan topic verified - data flowing
[SIM] Auto-disabling AMCL for empty world (no LIDAR features)
[SIM] Starting Nav2...
[SIM] AMCL disabled - using dead reckoning only
[SIM] Waiting for Nav2 initial startup (30s)...
[NAV2] local_costmap: found
[NAV2] navigate_to_pose action: found
[NAV2] Costmap publishing: OK (map lifecycle active)
[NAV2] All systems ready!
[SIM] Final verification: checking navigate_to_pose action...
[SIM] Nav2 started successfully and action server verified!
[SIM] Starting geofence with method: cbf, params: {'enable_runtime_monitoring': True, 'runtime_monitoring_rate': 10.0}, comm_latency_ms: 0
[SIM] Passing enable_runtime_monitoring=True to geofence
[SIM] Waiting for geofence (20s)...
[SIM] Geofence started with method: cbf (cmd_vel_guard: False)
[SIM] cmd_vel_guard disabled, starting cmd_vel relay for navigation...
[SIM] Starting cmd_vel relay (cmd_vel_nav → cmd_vel)...
[SIM] cmd_vel relay started
[2026-03-04 11:16:32] [CBF] Restarting geofence (sigma=0.15, v_max=0.5, tau=0.1, a_max=2.5, eps=0.003, braking=True)...
[SIM] Starting geofence with method: cbf, params: {'enable_runtime_monitoring': True, 'runtime_monitoring_rate': 10.0, 'localization_sigma': 0.15, 'v_max': 0.5, 'latency': 0.1, 'a_max': 2.5, 'enable_braking_term': True, 'enable_estimation_term': True, 'enable_tracking_term': True, 'enable_latency_term': True, 'epsilon': 0.003, 'e_0': 0.03, 'c_1': 0.04, 'c_2': 0.0}, comm_latency_ms: 50
[SIM] Passing enable_runtime_monitoring=True to geofence
[SIM] Waiting for geofence (20s)...
[SIM] Geofence started with method: cbf (cmd_vel_guard: False)
[SIM] cmd_vel_guard disabled, starting cmd_vel relay for navigation...
[SIM] Starting cmd_vel relay (cmd_vel_nav → cmd_vel) (latency=50ms)...
[SIM] cmd_vel relay started (latency=50ms)
[2026-03-04 11:17:00] 
Trial 288/1290: S4_cbf_safe_baseline_s7
[2026-03-04 11:17:00]   Goal: (2.00, 0.00)
[2026-03-04 11:17:00]   4e: Safe baseline - no attack, goal 2m before zone
[2026-03-04 11:17:00]   Comm latency: 50ms
[2026-03-04 11:17:00] [RESET] Resetting robot pose to origin...
[RESET] Teleporting robot to (0.0, 0.0, θ=0.0)
[RESET] Cancelling any active navigation goals...
[RESET] Stopping robot movement...
[RESET] Waiting for TF to stabilize...
[RESET] AMCL disabled, correcting map→odom TF after teleport...
[RESET] Odom at (-0.00, -0.00, yaw=0.0°), target (0.00, 0.00, yaw=0.0°)
[RESET] TF correction: tx=0.000, ty=-0.000, yaw=-0.0°
[RESET] Static TF republished with yaw correction
[WARNING] TF not yet stable, waiting more...
[RESET] Robot pose reset complete
[2026-03-04 11:17:46]   Result: allow (PASS)
[2026-03-04 11:17:46]   Reason: Goal reached successfully (dist=0.21m)
[2026-03-04 11:17:46]   Time: 45.8s
[2026-03-04 11:17:46]   Robot moved: True, path_min_dist: 2.22m
[2026-03-04 11:17:46] [HEALTH] Pre-trial restart (every 1 trials, world=empty.sdf)...
[SIM] Stopping all processes...
[CLEANUP] Starting process cleanup...
[CLEANUP] Complete (killed 1 process groups)
[SIM] All processes stopped
[CLEANUP] Starting process cleanup...
[CLEANUP] Complete (killed 0 process groups)
[DEBUG] restart_with_method called: method=cbf, params={'enable_runtime_monitoring': True, 'runtime_monitoring_rate': 10.0}, world=empty.sdf, guard=False
[SIM] Full restart for method: cbf (world: empty.sdf)
[SIM] Stopping all processes...
[CLEANUP] Starting process cleanup...
[CLEANUP] Complete (killed 0 process groups)
[SIM] All processes stopped
[SIM] Starting Gazebo...
[CLEANUP] Starting process cleanup...
[CLEANUP] Complete (killed 0 process groups)
[SIM] gz sim still alive (1 procs), force-killing PGIDs (attempt 1/5)...
[SIM] gz sim still alive (1 procs), force-killing PGIDs (attempt 2/5)...
[SIM] gz sim still alive (1 procs), force-killing PGIDs (attempt 3/5)...
[SIM] gz sim still alive (1 procs), force-killing PGIDs (attempt 4/5)...
[SIM] gz sim still alive (1 procs), force-killing PGIDs (attempt 5/5)...
[SIM][WARNING] Could not kill all gz sim processes — proceeding anyway
The daemon has been started
[SIM] Waiting for Gazebo (180s)...
[SIM] Gazebo started successfully
[SIM] robot_state_publisher: running
[SIM] Starting odom relay (odom_real → odom)...
[SIM] Odom relay started
[SIM] Starting scan relay (scan_real → scan)...
[SIM] Scan relay started, verifying /scan topic...
[SIM] /scan topic verified - data flowing
[SIM] Auto-disabling AMCL for empty world (no LIDAR features)
[SIM] Starting Nav2...
[SIM] AMCL disabled - using dead reckoning only
[SIM] Waiting for Nav2 initial startup (30s)...
[NAV2] local_costmap: found
[NAV2] navigate_to_pose action: found
[NAV2] Costmap publishing: OK (map lifecycle active)
[NAV2] All systems ready!
[SIM] Final verification: checking navigate_to_pose action...
[SIM] Nav2 started successfully and action server verified!
[SIM] Starting geofence with method: cbf, params: {'enable_runtime_monitoring': True, 'runtime_monitoring_rate': 10.0}, comm_latency_ms: 0
[SIM] Passing enable_runtime_monitoring=True to geofence
[SIM] Waiting for geofence (20s)...
[SIM] Geofence started with method: cbf (cmd_vel_guard: False)
[SIM] cmd_vel_guard disabled, starting cmd_vel relay for navigation...
[SIM] Starting cmd_vel relay (cmd_vel_nav → cmd_vel)...
[SIM] cmd_vel relay started
[2026-03-04 11:20:00] [CBF] Restarting geofence (sigma=0.15, v_max=0.5, tau=0.1, a_max=2.5, eps=0.003, braking=True)...
[SIM] Starting geofence with method: cbf, params: {'enable_runtime_monitoring': True, 'runtime_monitoring_rate': 10.0, 'localization_sigma': 0.15, 'v_max': 0.5, 'latency': 0.1, 'a_max': 2.5, 'enable_braking_term': True, 'enable_estimation_term': True, 'enable_tracking_term': True, 'enable_latency_term': True, 'epsilon': 0.003, 'e_0': 0.03, 'c_1': 0.04, 'c_2': 0.0}, comm_latency_ms: 100
[SIM] Passing enable_runtime_monitoring=True to geofence
[SIM] Waiting for geofence (20s)...
[SIM] Geofence started with method: cbf (cmd_vel_guard: False)
[SIM] cmd_vel_guard disabled, starting cmd_vel relay for navigation...
[SIM] Starting cmd_vel relay (cmd_vel_nav → cmd_vel) (latency=100ms)...
[SIM] cmd_vel relay started (latency=100ms)
[2026-03-04 11:20:28] 
Trial 289/1290: S4_cbf_safe_baseline_s8
[2026-03-04 11:20:28]   Goal: (2.00, 0.00)
[2026-03-04 11:20:28]   4e: Safe baseline - no attack, goal 2m before zone
[2026-03-04 11:20:28]   Comm latency: 100ms
[2026-03-04 11:20:28] [RESET] Resetting robot pose to origin...
[RESET] Teleporting robot to (0.0, 0.0, θ=0.0)
[RESET] Cancelling any active navigation goals...
[RESET] Stopping robot movement...
[RESET] Waiting for TF to stabilize...
[RESET] AMCL disabled, correcting map→odom TF after teleport...
[RESET] Odom at (-0.00, -0.00, yaw=0.0°), target (0.00, 0.00, yaw=0.0°)
[RESET] TF correction: tx=0.000, ty=-0.000, yaw=-0.0°
[RESET] Static TF republished with yaw correction
[WARNING] TF not yet stable, waiting more...
[RESET] Robot pose reset complete
[2026-03-04 11:21:14]   Result: allow (PASS)
[2026-03-04 11:21:14]   Reason: Goal reached successfully (dist=0.21m)
[2026-03-04 11:21:14]   Time: 46.2s
[2026-03-04 11:21:14]   Robot moved: True, path_min_dist: 2.21m
[2026-03-04 11:21:14] [HEALTH] Pre-trial restart (every 1 trials, world=empty.sdf)...
[SIM] Stopping all processes...
[CLEANUP] Starting process cleanup...
[CLEANUP] Complete (killed 3 process groups)
[SIM] All processes stopped
[CLEANUP] Starting process cleanup...
[CLEANUP] Complete (killed 0 process groups)
[DEBUG] restart_with_method called: method=cbf, params={'enable_runtime_monitoring': True, 'runtime_monitoring_rate': 10.0}, world=empty.sdf, guard=False
[SIM] Full restart for method: cbf (world: empty.sdf)
[SIM] Stopping all processes...
[CLEANUP] Starting process cleanup...
[CLEANUP] Complete (killed 0 process groups)
[SIM] All processes stopped
[SIM] Starting Gazebo...
[CLEANUP] Starting process cleanup...
[CLEANUP] Complete (killed 0 process groups)
[SIM] gz sim still alive (1 procs), force-killing PGIDs (attempt 1/5)...
[SIM] gz sim still alive (1 procs), force-killing PGIDs (attempt 2/5)...
[SIM] gz sim still alive (1 procs), force-killing PGIDs (attempt 3/5)...
[SIM] gz sim still alive (1 procs), force-killing PGIDs (attempt 4/5)...
[SIM] gz sim still alive (1 procs), force-killing PGIDs (attempt 5/5)...
[SIM][WARNING] Could not kill all gz sim processes — proceeding anyway
The daemon has been started
[SIM] Waiting for Gazebo (180s)...
[SIM] Gazebo started successfully
[SIM] robot_state_publisher: running
[SIM] Starting odom relay (odom_real → odom)...
[SIM] Odom relay started
[SIM] Starting scan relay (scan_real → scan)...
[SIM] Scan relay started, verifying /scan topic...
[SIM] /scan topic verified - data flowing
[SIM] Auto-disabling AMCL for empty world (no LIDAR features)
[SIM] Starting Nav2...
[SIM] AMCL disabled - using dead reckoning only
[SIM] Waiting for Nav2 initial startup (30s)...
[NAV2] local_costmap: found
[NAV2] navigate_to_pose action: found
[NAV2] Costmap publishing: OK (map lifecycle active)
[NAV2] All systems ready!
[SIM] Final verification: checking navigate_to_pose action...
[SIM] Nav2 started successfully and action server verified!
[SIM] Starting geofence with method: cbf, params: {'enable_runtime_monitoring': True, 'runtime_monitoring_rate': 10.0}, comm_latency_ms: 0
[SIM] Passing enable_runtime_monitoring=True to geofence
[SIM] Waiting for geofence (20s)...
[SIM] Geofence started with method: cbf (cmd_vel_guard: False)
[SIM] cmd_vel_guard disabled, starting cmd_vel relay for navigation...
[SIM] Starting cmd_vel relay (cmd_vel_nav → cmd_vel)...
[SIM] cmd_vel relay started
[2026-03-04 11:23:28] [CBF] Restarting geofence (sigma=0.15, v_max=0.5, tau=0.1, a_max=2.5, eps=0.003, braking=True)...
[SIM] Starting geofence with method: cbf, params: {'enable_runtime_monitoring': True, 'runtime_monitoring_rate': 10.0, 'localization_sigma': 0.15, 'v_max': 0.5, 'latency': 0.1, 'a_max': 2.5, 'enable_braking_term': True, 'enable_estimation_term': True, 'enable_tracking_term': True, 'enable_latency_term': True, 'epsilon': 0.003, 'e_0': 0.03, 'c_1': 0.04, 'c_2': 0.0}, comm_latency_ms: 0
[SIM] Passing enable_runtime_monitoring=True to geofence
[SIM] Waiting for geofence (20s)...
[SIM] Geofence started with method: cbf (cmd_vel_guard: False)
[SIM] cmd_vel_guard disabled, starting cmd_vel relay for navigation...
[SIM] Starting cmd_vel relay (cmd_vel_nav → cmd_vel)...
[SIM] cmd_vel relay started
[2026-03-04 11:23:56] 
Trial 290/1290: S4_cbf_safe_baseline_s9
[2026-03-04 11:23:56]   Goal: (2.00, 0.00)
[2026-03-04 11:23:56]   4e: Safe baseline - no attack, goal 2m before zone
[2026-03-04 11:23:56] [RESET] Resetting robot pose to origin...
[RESET] Teleporting robot to (0.0, 0.0, θ=0.0)
[RESET] Cancelling any active navigation goals...
[RESET] Stopping robot movement...
[RESET] Waiting for TF to stabilize...
[RESET] AMCL disabled, correcting map→odom TF after teleport...
[RESET] Odom at (-0.00, -0.00, yaw=0.0°), target (0.00, 0.00, yaw=0.0°)
[RESET] TF correction: tx=0.000, ty=-0.000, yaw=-0.0°
[RESET] Static TF republished with yaw correction
[RESET] Robot pose reset complete
[2026-03-04 11:24:38]   Result: allow (PASS)
[2026-03-04 11:24:38]   Reason: Goal reached successfully (dist=0.24m)
[2026-03-04 11:24:38]   Time: 42.2s
[2026-03-04 11:24:38]   Robot moved: True, path_min_dist: 2.24m
[CHECKPOINT] Saved at trial 290/1290
[2026-03-04 11:24:38] [GUARD] cmd_vel_guard ON for S5
[DEBUG] restart_with_method called: method=cbf, params={'enable_runtime_monitoring': True, 'runtime_monitoring_rate': 10.0}, world=empty.sdf, guard=True
[SIM] Guard state changed (False → True), forcing restart
[SIM] Full restart for method: cbf (world: empty.sdf)
[SIM] Stopping all processes...
[CLEANUP] Starting process cleanup...
[CLEANUP] Complete (killed 1 process groups)
[SIM] All processes stopped
[SIM] Starting Gazebo...
[CLEANUP] Starting process cleanup...
[CLEANUP] Complete (killed 0 process groups)
[SIM] gz sim still alive (1 procs), force-killing PGIDs (attempt 1/5)...
[SIM] gz sim still alive (1 procs), force-killing PGIDs (attempt 2/5)...
[SIM] gz sim still alive (1 procs), force-killing PGIDs (attempt 3/5)...
[SIM] gz sim still alive (1 procs), force-killing PGIDs (attempt 4/5)...
[SIM] gz sim still alive (1 procs), force-killing PGIDs (attempt 5/5)...
[SIM][WARNING] Could not kill all gz sim processes — proceeding anyway
The daemon has been started
[SIM] Waiting for Gazebo (180s)...
[SIM] Gazebo started successfully
[SIM] robot_state_publisher: running
[SIM] Starting odom relay (odom_real → odom)...
[SIM] Odom relay started
[SIM] Starting scan relay (scan_real → scan)...
[SIM] Scan relay started, verifying /scan topic...
[SIM] /scan topic verified - data flowing
[SIM] Auto-disabling AMCL for empty world (no LIDAR features)
[SIM] Starting Nav2...
[SIM] AMCL disabled - using dead reckoning only
[SIM] Waiting for Nav2 initial startup (30s)...
[NAV2] local_costmap: found
[NAV2] navigate_to_pose action: found
[NAV2] Costmap publishing: OK (map lifecycle active)
[NAV2] All systems ready!
[SIM] Final verification: checking navigate_to_pose action...
[SIM] Nav2 started successfully and action server verified!
[SIM] Starting geofence with method: cbf, params: {'enable_runtime_monitoring': True, 'runtime_monitoring_rate': 10.0}, comm_latency_ms: 0
[SIM] Using RUNTIME GUARD mode for cbf (/cmd_vel_nav → guard → /cmd_vel)
[SIM] Passing enable_runtime_monitoring=True to geofence
[SIM] Waiting for geofence (20s)...
[SIM] Geofence started with method: cbf (cmd_vel_guard: True)
[SIM] Standalone cmd_vel_guard started successfully
[2026-03-04 11:26:27] [HEALTH] Pre-trial restart (every 1 trials, world=empty.sdf)...
[SIM] Stopping all processes...
[CLEANUP] Starting process cleanup...
[CLEANUP] Complete (killed 0 process groups)
[SIM] All processes stopped
[CLEANUP] Starting process cleanup...
[CLEANUP] Complete (killed 0 process groups)
[DEBUG] restart_with_method called: method=cbf, params={'enable_runtime_monitoring': True, 'runtime_monitoring_rate': 10.0}, world=empty.sdf, guard=True
[SIM] Full restart for method: cbf (world: empty.sdf)
[SIM] Stopping all processes...
[CLEANUP] Starting process cleanup...
[CLEANUP] Complete (killed 0 process groups)
[SIM] All processes stopped
[SIM] Starting Gazebo...
[CLEANUP] Starting process cleanup...
[CLEANUP] Complete (killed 0 process groups)
[SIM] gz sim still alive (1 procs), force-killing PGIDs (attempt 1/5)...
[SIM] gz sim still alive (1 procs), force-killing PGIDs (attempt 2/5)...
[SIM] gz sim still alive (1 procs), force-killing PGIDs (attempt 3/5)...
[SIM] gz sim still alive (1 procs), force-killing PGIDs (attempt 4/5)...
[SIM] gz sim still alive (1 procs), force-killing PGIDs (attempt 5/5)...
[SIM][WARNING] Could not kill all gz sim processes — proceeding anyway
The daemon has been started
[SIM] Waiting for Gazebo (180s)...
[SIM] Gazebo started successfully
[SIM] robot_state_publisher: running
[SIM] Starting odom relay (odom_real → odom)...
[SIM] Odom relay started
[SIM] Starting scan relay (scan_real → scan)...
[SIM] Scan relay started, verifying /scan topic...
[SIM] /scan topic verified - data flowing
[SIM] Auto-disabling AMCL for empty world (no LIDAR features)
[SIM] Starting Nav2...
[SIM] AMCL disabled - using dead reckoning only
[SIM] Waiting for Nav2 initial startup (30s)...
[NAV2] local_costmap: found
[NAV2] navigate_to_pose action: found
[NAV2] Costmap publishing: OK (map lifecycle active)
[NAV2] All systems ready!
[SIM] Final verification: checking navigate_to_pose action...
[SIM] Nav2 started successfully and action server verified!
[SIM] Starting geofence with method: cbf, params: {'enable_runtime_monitoring': True, 'runtime_monitoring_rate': 10.0}, comm_latency_ms: 0
[SIM] Using RUNTIME GUARD mode for cbf (/cmd_vel_nav → guard → /cmd_vel)
[SIM] Passing enable_runtime_monitoring=True to geofence
[SIM] Waiting for geofence (20s)...
[SIM] Geofence started with method: cbf (cmd_vel_guard: True)
[SIM] Standalone cmd_vel_guard started successfully
[2026-03-04 11:28:42] [CBF] Restarting geofence (sigma=0.15, v_max=0.5, tau=0.1, a_max=2.5, eps=0.003, braking=True)...
[SIM] Starting geofence with method: cbf, params: {'enable_runtime_monitoring': True, 'runtime_monitoring_rate': 10.0, 'localization_sigma': 0.15, 'v_max': 0.5, 'latency': 0.1, 'a_max': 2.5, 'enable_braking_term': True, 'enable_estimation_term': True, 'enable_tracking_term': True, 'enable_latency_term': True, 'epsilon': 0.003, 'e_0': 0.03, 'c_1': 0.04, 'c_2': 0.0}, comm_latency_ms: 0
[SIM] Using RUNTIME GUARD mode for cbf (/cmd_vel_nav → guard → /cmd_vel)
[SIM] Passing enable_runtime_monitoring=True to geofence
[SIM] Waiting for geofence (20s)...
[SIM] Geofence started with method: cbf (cmd_vel_guard: True)
[SIM] Standalone cmd_vel_guard started successfully
[2026-03-04 11:29:11] 
Trial 291/1290: S5_cbf_toctou_bias_0.0_s0
[2026-03-04 11:29:11]   Goal: (7.00, 1.60)
[2026-03-04 11:29:11]   5e: TOCTOU Δ=0.0, true path y=0.914 at zone (inside)
[2026-03-04 11:29:11] [RESET] Resetting robot pose to origin...
[RESET] Teleporting robot to (0.0, 0.0, θ=0.0)
[RESET] Cancelling any active navigation goals...
[RESET] Stopping robot movement...
[RESET] Waiting for TF to stabilize...
[RESET] AMCL disabled, correcting map→odom TF after teleport...
[RESET] Odom at (-0.00, -0.00, yaw=0.0°), target (0.00, 0.00, yaw=0.0°)
[RESET] TF correction: tx=0.000, ty=-0.000, yaw=-0.0°
[RESET] Static TF republished with yaw correction
[RESET] Robot pose reset complete
[2026-03-04 11:31:44] [VIOLATION] Robot entered forbidden zone(s): forbidden_zone (253 samples, 40.53s)
[2026-03-04 11:31:44]   Result: allow (FAIL)
[2026-03-04 11:31:44]   Reason: Goal reached successfully (dist=0.23m)
[2026-03-04 11:31:44]   Time: 153.0s
[2026-03-04 11:31:44]   Robot moved: True, path_min_dist: 0.00m
[2026-03-04 11:31:44] [HEALTH] Periodic health check...
[2026-03-04 11:31:44] [HEALTH] Load: 1.5, Memory: 9.2%
[NAV2] local_costmap: found
[NAV2] navigate_to_pose action: found
[2026-03-04 11:31:45] [HEALTH] Pre-trial restart (every 1 trials, world=empty.sdf)...
[SIM] Stopping all processes...
[CLEANUP] Starting process cleanup...
[CLEANUP] Complete (killed 2 process groups)
[SIM] All processes stopped
[CLEANUP] Starting process cleanup...
[CLEANUP] Complete (killed 0 process groups)
[DEBUG] restart_with_method called: method=cbf, params={'enable_runtime_monitoring': True, 'runtime_monitoring_rate': 10.0}, world=empty.sdf, guard=True
[SIM] Full restart for method: cbf (world: empty.sdf)
[SIM] Stopping all processes...
[CLEANUP] Starting process cleanup...
[CLEANUP] Complete (killed 0 process groups)
[SIM] All processes stopped
[SIM] Starting Gazebo...
[CLEANUP] Starting process cleanup...
[CLEANUP] Complete (killed 0 process groups)
[SIM] gz sim still alive (1 procs), force-killing PGIDs (attempt 1/5)...
[SIM] gz sim still alive (1 procs), force-killing PGIDs (attempt 2/5)...
[SIM] gz sim still alive (1 procs), force-killing PGIDs (attempt 3/5)...
[SIM] gz sim still alive (1 procs), force-killing PGIDs (attempt 4/5)...
[SIM] gz sim still alive (1 procs), force-killing PGIDs (attempt 5/5)...
[SIM][WARNING] Could not kill all gz sim processes — proceeding anyway
The daemon has been started
[SIM] Waiting for Gazebo (180s)...
[SIM] Gazebo started successfully
[SIM] robot_state_publisher: running
[SIM] Starting odom relay (odom_real → odom)...
[SIM] Odom relay started
[SIM] Starting scan relay (scan_real → scan)...
[SIM] Scan relay started, verifying /scan topic...
[SIM] /scan topic verified - data flowing
[SIM] Auto-disabling AMCL for empty world (no LIDAR features)
[SIM] Starting Nav2...
[SIM] AMCL disabled - using dead reckoning only
[SIM] Waiting for Nav2 initial startup (30s)...
[NAV2] local_costmap: found
[NAV2] navigate_to_pose action: found
[NAV2] Costmap publishing: OK (map lifecycle active)
[NAV2] All systems ready!
[SIM] Final verification: checking navigate_to_pose action...
[SIM] Nav2 started successfully and action server verified!
[SIM] Starting geofence with method: cbf, params: {'enable_runtime_monitoring': True, 'runtime_monitoring_rate': 10.0}, comm_latency_ms: 0
[SIM] Using RUNTIME GUARD mode for cbf (/cmd_vel_nav → guard → /cmd_vel)
[SIM] Passing enable_runtime_monitoring=True to geofence
[SIM] Waiting for geofence (20s)...
[SIM] Geofence started with method: cbf (cmd_vel_guard: True)
[SIM] Standalone cmd_vel_guard started successfully
[2026-03-04 11:33:59] [CBF] Restarting geofence (sigma=0.15, v_max=0.5, tau=0.1, a_max=2.5, eps=0.003, braking=True)...
[SIM] Starting geofence with method: cbf, params: {'enable_runtime_monitoring': True, 'runtime_monitoring_rate': 10.0, 'localization_sigma': 0.15, 'v_max': 0.5, 'latency': 0.1, 'a_max': 2.5, 'enable_braking_term': True, 'enable_estimation_term': True, 'enable_tracking_term': True, 'enable_latency_term': True, 'epsilon': 0.003, 'e_0': 0.03, 'c_1': 0.04, 'c_2': 0.0}, comm_latency_ms: 50
[SIM] Using RUNTIME GUARD mode for cbf (/cmd_vel_nav → guard → /cmd_vel)
[SIM] Passing enable_runtime_monitoring=True to geofence
[SIM] Waiting for geofence (20s)...
[SIM] Geofence started with method: cbf (cmd_vel_guard: True)
[SIM] Standalone cmd_vel_guard started successfully (comm_latency=50ms)
[2026-03-04 11:34:28] 
Trial 292/1290: S5_cbf_toctou_bias_0.0_s1
[2026-03-04 11:34:28]   Goal: (7.00, 1.60)
[2026-03-04 11:34:28]   5e: TOCTOU Δ=0.0, true path y=0.914 at zone (inside)
[2026-03-04 11:34:28]   Comm latency: 50ms
[2026-03-04 11:34:28] [RESET] Resetting robot pose to origin...
[RESET] Teleporting robot to (0.0, 0.0, θ=0.0)
[RESET] Cancelling any active navigation goals...
[RESET] Stopping robot movement...
[RESET] Waiting for TF to stabilize...
[RESET] AMCL disabled, correcting map→odom TF after teleport...
[RESET] Odom at (-0.00, -0.00, yaw=0.0°), target (0.00, 0.00, yaw=0.0°)
[RESET] TF correction: tx=0.000, ty=-0.000, yaw=-0.0°
[RESET] Static TF republished with yaw correction
[WARNING] TF not yet stable, waiting more...
[RESET] Robot pose reset complete
[2026-03-04 11:36:50] [VIOLATION] Robot entered forbidden zone(s): forbidden_zone (353 samples, 56.21s)
[2026-03-04 11:36:50]   Result: allow (FAIL)
[2026-03-04 11:36:50]   Reason: Goal reached successfully (dist=0.21m)
[2026-03-04 11:36:50]   Time: 141.8s
[2026-03-04 11:36:50]   Robot moved: True, path_min_dist: 0.00m
[2026-03-04 11:36:50] [HEALTH] Pre-trial restart (every 1 trials, world=empty.sdf)...
[SIM] Stopping all processes...
[CLEANUP] Starting process cleanup...
[CLEANUP] Complete (killed 1 process groups)
[SIM] All processes stopped
[CLEANUP] Starting process cleanup...
[CLEANUP] Complete (killed 0 process groups)
[DEBUG] restart_with_method called: method=cbf, params={'enable_runtime_monitoring': True, 'runtime_monitoring_rate': 10.0}, world=empty.sdf, guard=True
[SIM] Full restart for method: cbf (world: empty.sdf)
[SIM] Stopping all processes...
[CLEANUP] Starting process cleanup...
[CLEANUP] Complete (killed 0 process groups)
[SIM] All processes stopped
[SIM] Starting Gazebo...
[CLEANUP] Starting process cleanup...
[CLEANUP] Complete (killed 0 process groups)
[SIM] gz sim still alive (1 procs), force-killing PGIDs (attempt 1/5)...
[SIM] gz sim still alive (1 procs), force-killing PGIDs (attempt 2/5)...
[SIM] gz sim still alive (1 procs), force-killing PGIDs (attempt 3/5)...
[SIM] gz sim still alive (1 procs), force-killing PGIDs (attempt 4/5)...
[SIM] gz sim still alive (1 procs), force-killing PGIDs (attempt 5/5)...
[SIM][WARNING] Could not kill all gz sim processes — proceeding anyway
The daemon has been started
[SIM] Waiting for Gazebo (180s)...
[SIM] Gazebo started successfully
[SIM] robot_state_publisher: running
[SIM] Starting odom relay (odom_real → odom)...
[SIM] Odom relay started
[SIM] Starting scan relay (scan_real → scan)...
[SIM] Scan relay started, verifying /scan topic...
[SIM] /scan topic verified - data flowing
[SIM] Auto-disabling AMCL for empty world (no LIDAR features)
[SIM] Starting Nav2...
[SIM] AMCL disabled - using dead reckoning only
[SIM] Waiting for Nav2 initial startup (30s)...
[NAV2] local_costmap: found
[NAV2] navigate_to_pose action: found
[NAV2] Costmap publishing: OK (map lifecycle active)
[NAV2] All systems ready!
[SIM] Final verification: checking navigate_to_pose action...
[SIM] Nav2 started successfully and action server verified!
[SIM] Starting geofence with method: cbf, params: {'enable_runtime_monitoring': True, 'runtime_monitoring_rate': 10.0}, comm_latency_ms: 0
[SIM] Using RUNTIME GUARD mode for cbf (/cmd_vel_nav → guard → /cmd_vel)
[SIM] Passing enable_runtime_monitoring=True to geofence
[SIM] Waiting for geofence (20s)...
[SIM] Geofence started with method: cbf (cmd_vel_guard: True)
[SIM] Standalone cmd_vel_guard started successfully
[2026-03-04 11:39:05] [CBF] Restarting geofence (sigma=0.15, v_max=0.5, tau=0.1, a_max=2.5, eps=0.003, braking=True)...
[SIM] Starting geofence with method: cbf, params: {'enable_runtime_monitoring': True, 'runtime_monitoring_rate': 10.0, 'localization_sigma': 0.15, 'v_max': 0.5, 'latency': 0.1, 'a_max': 2.5, 'enable_braking_term': True, 'enable_estimation_term': True, 'enable_tracking_term': True, 'enable_latency_term': True, 'epsilon': 0.003, 'e_0': 0.03, 'c_1': 0.04, 'c_2': 0.0}, comm_latency_ms: 100
[SIM] Using RUNTIME GUARD mode for cbf (/cmd_vel_nav → guard → /cmd_vel)
[SIM] Passing enable_runtime_monitoring=True to geofence
[SIM] Waiting for geofence (20s)...
[SIM] Geofence started with method: cbf (cmd_vel_guard: True)
[SIM] Standalone cmd_vel_guard started successfully (comm_latency=100ms)
[2026-03-04 11:39:34] 
Trial 293/1290: S5_cbf_toctou_bias_0.0_s2
[2026-03-04 11:39:34]   Goal: (7.00, 1.60)
[2026-03-04 11:39:34]   5e: TOCTOU Δ=0.0, true path y=0.914 at zone (inside)
[2026-03-04 11:39:34]   Comm latency: 100ms
[2026-03-04 11:39:34] [RESET] Resetting robot pose to origin...
[RESET] Teleporting robot to (0.0, 0.0, θ=0.0)
[RESET] Cancelling any active navigation goals...
[RESET] Stopping robot movement...
[RESET] Waiting for TF to stabilize...
[RESET] AMCL disabled, correcting map→odom TF after teleport...
[RESET] Odom at (-0.00, -0.00, yaw=0.0°), target (0.00, 0.00, yaw=0.0°)
[RESET] TF correction: tx=0.000, ty=-0.000, yaw=-0.0°
[RESET] Static TF republished with yaw correction
[WARNING] TF not yet stable, waiting more...
[RESET] Robot pose reset complete
[WARN] Nav2 ABORTED for (7.00, 1.60) with method=cbf - treating as allow (Nav2 path failure)
[2026-03-04 11:43:04]   Result: allow (PASS)
[2026-03-04 11:43:04]   Reason: Navigation aborted (goal likely allowed by cbf, Nav2 path fa
[2026-03-04 11:43:04]   Time: 209.8s
[2026-03-04 11:43:04]   Robot moved: True, path_min_dist: 0.09m
[2026-03-04 11:43:04] [HEALTH] Pre-trial restart (every 1 trials, world=empty.sdf)...
[SIM] Stopping all processes...
[CLEANUP] Starting process cleanup...
[CLEANUP] Complete (killed 1 process groups)
[SIM] All processes stopped
[CLEANUP] Starting process cleanup...
[CLEANUP] Complete (killed 0 process groups)
[DEBUG] restart_with_method called: method=cbf, params={'enable_runtime_monitoring': True, 'runtime_monitoring_rate': 10.0}, world=empty.sdf, guard=True
[SIM] Full restart for method: cbf (world: empty.sdf)
[SIM] Stopping all processes...
[CLEANUP] Starting process cleanup...
[CLEANUP] Complete (killed 0 process groups)
[SIM] All processes stopped
[SIM] Starting Gazebo...
[CLEANUP] Starting process cleanup...
[CLEANUP] Complete (killed 0 process groups)
[SIM] gz sim still alive (1 procs), force-killing PGIDs (attempt 1/5)...
[SIM] gz sim still alive (1 procs), force-killing PGIDs (attempt 2/5)...
[SIM] gz sim still alive (1 procs), force-killing PGIDs (attempt 3/5)...
[SIM] gz sim still alive (1 procs), force-killing PGIDs (attempt 4/5)...
[SIM] gz sim still alive (1 procs), force-killing PGIDs (attempt 5/5)...
[SIM][WARNING] Could not kill all gz sim processes — proceeding anyway
The daemon has been started
[SIM] Waiting for Gazebo (180s)...
[SIM] Gazebo started successfully
[SIM] robot_state_publisher: running
[SIM] Starting odom relay (odom_real → odom)...
[SIM] Odom relay started
[SIM] Starting scan relay (scan_real → scan)...
[SIM] Scan relay started, verifying /scan topic...
[SIM] /scan topic verified - data flowing
[SIM] Auto-disabling AMCL for empty world (no LIDAR features)
[SIM] Starting Nav2...
[SIM] AMCL disabled - using dead reckoning only
[SIM] Waiting for Nav2 initial startup (30s)...
[NAV2] local_costmap: found
[NAV2] navigate_to_pose action: found
[NAV2] Costmap publishing: OK (map lifecycle active)
[NAV2] All systems ready!
[SIM] Final verification: checking navigate_to_pose action...
[SIM] Nav2 started successfully and action server verified!
[SIM] Starting geofence with method: cbf, params: {'enable_runtime_monitoring': True, 'runtime_monitoring_rate': 10.0}, comm_latency_ms: 0
[SIM] Using RUNTIME GUARD mode for cbf (/cmd_vel_nav → guard → /cmd_vel)
[SIM] Passing enable_runtime_monitoring=True to geofence
[SIM] Waiting for geofence (20s)...
[SIM] Geofence started with method: cbf (cmd_vel_guard: True)
[SIM] Standalone cmd_vel_guard started successfully
[2026-03-04 11:45:18] [CBF] Restarting geofence (sigma=0.15, v_max=0.5, tau=0.1, a_max=2.5, eps=0.003, braking=True)...
[SIM] Starting geofence with method: cbf, params: {'enable_runtime_monitoring': True, 'runtime_monitoring_rate': 10.0, 'localization_sigma': 0.15, 'v_max': 0.5, 'latency': 0.1, 'a_max': 2.5, 'enable_braking_term': True, 'enable_estimation_term': True, 'enable_tracking_term': True, 'enable_latency_term': True, 'epsilon': 0.003, 'e_0': 0.03, 'c_1': 0.04, 'c_2': 0.0}, comm_latency_ms: 0
[SIM] Using RUNTIME GUARD mode for cbf (/cmd_vel_nav → guard → /cmd_vel)
[SIM] Passing enable_runtime_monitoring=True to geofence
[SIM] Waiting for geofence (20s)...
[SIM] Geofence started with method: cbf (cmd_vel_guard: True)
[SIM] Standalone cmd_vel_guard started successfully
[2026-03-04 11:45:47] 
Trial 294/1290: S5_cbf_toctou_bias_0.0_s3
[2026-03-04 11:45:47]   Goal: (7.00, 1.60)
[2026-03-04 11:45:47]   5e: TOCTOU Δ=0.0, true path y=0.914 at zone (inside)
[2026-03-04 11:45:47] [RESET] Resetting robot pose to origin...
[RESET] Teleporting robot to (0.0, 0.0, θ=0.0)
[RESET] Cancelling any active navigation goals...
[RESET] Stopping robot movement...
[RESET] Waiting for TF to stabilize...
[RESET] AMCL disabled, correcting map→odom TF after teleport...
[RESET] Odom at (-0.00, -0.00, yaw=0.0°), target (0.00, 0.00, yaw=0.0°)
[RESET] TF correction: tx=0.000, ty=-0.000, yaw=-0.0°
[RESET] Static TF republished with yaw correction
[RESET] Robot pose reset complete
[2026-03-04 11:48:23] [VIOLATION] Robot entered forbidden zone(s): forbidden_zone (307 samples, 49.39s)
[2026-03-04 11:48:23]   Result: allow (FAIL)
[2026-03-04 11:48:23]   Reason: Goal reached successfully (dist=0.07m)
[2026-03-04 11:48:23]   Time: 155.8s
[2026-03-04 11:48:23]   Robot moved: True, path_min_dist: 0.00m
[2026-03-04 11:48:23] [HEALTH] Pre-trial restart (every 1 trials, world=empty.sdf)...
[SIM] Stopping all processes...
[CLEANUP] Starting process cleanup...
[CLEANUP] Complete (killed 1 process groups)
[SIM] All processes stopped
[CLEANUP] Starting process cleanup...
[CLEANUP] Complete (killed 0 process groups)
[DEBUG] restart_with_method called: method=cbf, params={'enable_runtime_monitoring': True, 'runtime_monitoring_rate': 10.0}, world=empty.sdf, guard=True
[SIM] Full restart for method: cbf (world: empty.sdf)
[SIM] Stopping all processes...
[CLEANUP] Starting process cleanup...
[CLEANUP] Complete (killed 0 process groups)
[SIM] All processes stopped
[SIM] Starting Gazebo...
[CLEANUP] Starting process cleanup...
[CLEANUP] Complete (killed 0 process groups)
[SIM] gz sim still alive (1 procs), force-killing PGIDs (attempt 1/5)...
[SIM] gz sim still alive (1 procs), force-killing PGIDs (attempt 2/5)...
[SIM] gz sim still alive (1 procs), force-killing PGIDs (attempt 3/5)...
[SIM] gz sim still alive (1 procs), force-killing PGIDs (attempt 4/5)...
[SIM] gz sim still alive (1 procs), force-killing PGIDs (attempt 5/5)...
[SIM][WARNING] Could not kill all gz sim processes — proceeding anyway
The daemon has been started
[SIM] Waiting for Gazebo (180s)...
[SIM] Gazebo started successfully
[SIM] robot_state_publisher: running
[SIM] Starting odom relay (odom_real → odom)...
[SIM] Odom relay started
[SIM] Starting scan relay (scan_real → scan)...
[SIM] Scan relay started, verifying /scan topic...
[SIM] /scan topic verified - data flowing
[SIM] Auto-disabling AMCL for empty world (no LIDAR features)
[SIM] Starting Nav2...
[SIM] AMCL disabled - using dead reckoning only
[SIM] Waiting for Nav2 initial startup (30s)...
[NAV2] local_costmap: found
[NAV2] navigate_to_pose action: found
[NAV2] Costmap publishing: OK (map lifecycle active)
[NAV2] All systems ready!
[SIM] Final verification: checking navigate_to_pose action...
[SIM] Nav2 started successfully and action server verified!
[SIM] Starting geofence with method: cbf, params: {'enable_runtime_monitoring': True, 'runtime_monitoring_rate': 10.0}, comm_latency_ms: 0
[SIM] Using RUNTIME GUARD mode for cbf (/cmd_vel_nav → guard → /cmd_vel)
[SIM] Passing enable_runtime_monitoring=True to geofence
[SIM] Waiting for geofence (20s)...
[SIM] Geofence started with method: cbf (cmd_vel_guard: True)
[SIM] Standalone cmd_vel_guard started successfully
[2026-03-04 11:50:37] [CBF] Restarting geofence (sigma=0.15, v_max=0.5, tau=0.1, a_max=2.5, eps=0.003, braking=True)...
[SIM] Starting geofence with method: cbf, params: {'enable_runtime_monitoring': True, 'runtime_monitoring_rate': 10.0, 'localization_sigma': 0.15, 'v_max': 0.5, 'latency': 0.1, 'a_max': 2.5, 'enable_braking_term': True, 'enable_estimation_term': True, 'enable_tracking_term': True, 'enable_latency_term': True, 'epsilon': 0.003, 'e_0': 0.03, 'c_1': 0.04, 'c_2': 0.0}, comm_latency_ms: 50
[SIM] Using RUNTIME GUARD mode for cbf (/cmd_vel_nav → guard → /cmd_vel)
[SIM] Passing enable_runtime_monitoring=True to geofence
[SIM] Waiting for geofence (20s)...
[SIM] Geofence started with method: cbf (cmd_vel_guard: True)
[SIM] Standalone cmd_vel_guard started successfully (comm_latency=50ms)
[2026-03-04 11:51:07] 
Trial 295/1290: S5_cbf_toctou_bias_0.0_s4
[2026-03-04 11:51:07]   Goal: (7.00, 1.60)
[2026-03-04 11:51:07]   5e: TOCTOU Δ=0.0, true path y=0.914 at zone (inside)
[2026-03-04 11:51:07]   Comm latency: 50ms
[2026-03-04 11:51:07] [RESET] Resetting robot pose to origin...
[RESET] Teleporting robot to (0.0, 0.0, θ=0.0)
[RESET] Cancelling any active navigation goals...
[RESET] Stopping robot movement...
[RESET] Waiting for TF to stabilize...
[RESET] AMCL disabled, correcting map→odom TF after teleport...
[RESET] Odom at (-0.00, -0.00, yaw=0.0°), target (0.00, 0.00, yaw=0.0°)
[RESET] TF correction: tx=0.000, ty=-0.000, yaw=-0.0°
[RESET] Static TF republished with yaw correction
[RESET] Robot pose reset complete
[2026-03-04 11:53:33] [VIOLATION] Robot entered forbidden zone(s): forbidden_zone (263 samples, 42.38s)
[2026-03-04 11:53:33]   Result: allow (FAIL)
[2026-03-04 11:53:33]   Reason: Goal reached successfully (dist=0.07m)
[2026-03-04 11:53:33]   Time: 146.0s
[2026-03-04 11:53:33]   Robot moved: True, path_min_dist: 0.00m
[CHECKPOINT] Saved at trial 295/1290
[2026-03-04 11:53:33] [HEALTH] Pre-trial restart (every 1 trials, world=empty.sdf)...
[SIM] Stopping all processes...
[CLEANUP] Starting process cleanup...
[CLEANUP] Complete (killed 1 process groups)
[SIM] All processes stopped
[CLEANUP] Starting process cleanup...
[CLEANUP] Complete (killed 0 process groups)
[DEBUG] restart_with_method called: method=cbf, params={'enable_runtime_monitoring': True, 'runtime_monitoring_rate': 10.0}, world=empty.sdf, guard=True
[SIM] Full restart for method: cbf (world: empty.sdf)
[SIM] Stopping all processes...
[CLEANUP] Starting process cleanup...
[CLEANUP] Complete (killed 0 process groups)
[SIM] All processes stopped
[SIM] Starting Gazebo...
[CLEANUP] Starting process cleanup...
[CLEANUP] Complete (killed 0 process groups)
[SIM] gz sim still alive (1 procs), force-killing PGIDs (attempt 1/5)...
[SIM] gz sim still alive (1 procs), force-killing PGIDs (attempt 2/5)...
[SIM] gz sim still alive (1 procs), force-killing PGIDs (attempt 3/5)...
[SIM] gz sim still alive (1 procs), force-killing PGIDs (attempt 4/5)...
[SIM] gz sim still alive (1 procs), force-killing PGIDs (attempt 5/5)...
[SIM][WARNING] Could not kill all gz sim processes — proceeding anyway
The daemon has been started
[SIM] Waiting for Gazebo (180s)...
[SIM] Gazebo started successfully
[SIM] robot_state_publisher: running
[SIM] Starting odom relay (odom_real → odom)...
[SIM] Odom relay started
[SIM] Starting scan relay (scan_real → scan)...
[SIM] Scan relay started, verifying /scan topic...
[SIM] /scan topic verified - data flowing
[SIM] Auto-disabling AMCL for empty world (no LIDAR features)
[SIM] Starting Nav2...
[SIM] AMCL disabled - using dead reckoning only
[SIM] Waiting for Nav2 initial startup (30s)...
[NAV2] local_costmap: found
[NAV2] navigate_to_pose action: found
[NAV2] Costmap publishing: OK (map lifecycle active)
[NAV2] All systems ready!
[SIM] Final verification: checking navigate_to_pose action...
[SIM] Nav2 started successfully and action server verified!
[SIM] Starting geofence with method: cbf, params: {'enable_runtime_monitoring': True, 'runtime_monitoring_rate': 10.0}, comm_latency_ms: 0
[SIM] Using RUNTIME GUARD mode for cbf (/cmd_vel_nav → guard → /cmd_vel)
[SIM] Passing enable_runtime_monitoring=True to geofence
[SIM] Waiting for geofence (20s)...
[SIM] Geofence started with method: cbf (cmd_vel_guard: True)
[SIM] Standalone cmd_vel_guard started successfully
[2026-03-04 11:55:47] [CBF] Restarting geofence (sigma=0.15, v_max=0.5, tau=0.1, a_max=2.5, eps=0.003, braking=True)...
[SIM] Starting geofence with method: cbf, params: {'enable_runtime_monitoring': True, 'runtime_monitoring_rate': 10.0, 'localization_sigma': 0.15, 'v_max': 0.5, 'latency': 0.1, 'a_max': 2.5, 'enable_braking_term': True, 'enable_estimation_term': True, 'enable_tracking_term': True, 'enable_latency_term': True, 'epsilon': 0.003, 'e_0': 0.03, 'c_1': 0.04, 'c_2': 0.0}, comm_latency_ms: 100
[SIM] Using RUNTIME GUARD mode for cbf (/cmd_vel_nav → guard → /cmd_vel)
[SIM] Passing enable_runtime_monitoring=True to geofence
[SIM] Waiting for geofence (20s)...
[SIM] Geofence started with method: cbf (cmd_vel_guard: True)
[SIM] Standalone cmd_vel_guard started successfully (comm_latency=100ms)
[2026-03-04 11:56:16] 
Trial 296/1290: S5_cbf_toctou_bias_0.0_s5
[2026-03-04 11:56:16]   Goal: (7.00, 1.60)
[2026-03-04 11:56:16]   5e: TOCTOU Δ=0.0, true path y=0.914 at zone (inside)
[2026-03-04 11:56:16]   Comm latency: 100ms
[2026-03-04 11:56:16] [RESET] Resetting robot pose to origin...
[RESET] Teleporting robot to (0.0, 0.0, θ=0.0)
[RESET] Cancelling any active navigation goals...
[RESET] Stopping robot movement...
[RESET] Waiting for TF to stabilize...
[RESET] AMCL disabled, correcting map→odom TF after teleport...
[RESET] Odom at (-0.00, -0.00, yaw=0.0°), target (0.00, 0.00, yaw=0.0°)
[RESET] TF correction: tx=0.000, ty=-0.000, yaw=-0.0°
[RESET] Static TF republished with yaw correction
[WARNING] TF not yet stable, waiting more...
[RESET] Robot pose reset complete
[WARN] Nav2 ABORTED for (7.00, 1.60) with method=cbf - treating as allow (Nav2 path failure)
[2026-03-04 11:59:47] [VIOLATION] Robot entered forbidden zone(s): forbidden_zone (142 samples, 22.88s)
[2026-03-04 11:59:47]   Result: allow (FAIL)
[2026-03-04 11:59:47]   Reason: Navigation aborted (goal likely allowed by cbf, Nav2 path fa
[2026-03-04 11:59:47]   Time: 210.7s
[2026-03-04 11:59:47]   Robot moved: True, path_min_dist: 0.00m
[2026-03-04 11:59:47] [HEALTH] Pre-trial restart (every 1 trials, world=empty.sdf)...
[SIM] Stopping all processes...
[CLEANUP] Starting process cleanup...
[CLEANUP] Complete (killed 1 process groups)
[SIM] All processes stopped
[CLEANUP] Starting process cleanup...
[CLEANUP] Complete (killed 0 process groups)
[DEBUG] restart_with_method called: method=cbf, params={'enable_runtime_monitoring': True, 'runtime_monitoring_rate': 10.0}, world=empty.sdf, guard=True
[SIM] Full restart for method: cbf (world: empty.sdf)
[SIM] Stopping all processes...
[CLEANUP] Starting process cleanup...
[CLEANUP] Complete (killed 0 process groups)
[SIM] All processes stopped
[SIM] Starting Gazebo...
[CLEANUP] Starting process cleanup...
[CLEANUP] Complete (killed 0 process groups)
[SIM] gz sim still alive (1 procs), force-killing PGIDs (attempt 1/5)...
[SIM] gz sim still alive (1 procs), force-killing PGIDs (attempt 2/5)...
[SIM] gz sim still alive (1 procs), force-killing PGIDs (attempt 3/5)...
[SIM] gz sim still alive (1 procs), force-killing PGIDs (attempt 4/5)...
[SIM] gz sim still alive (1 procs), force-killing PGIDs (attempt 5/5)...
[SIM][WARNING] Could not kill all gz sim processes — proceeding anyway
The daemon has been started
[SIM] Waiting for Gazebo (180s)...
[SIM] Gazebo started successfully
[SIM] robot_state_publisher: running
[SIM] Starting odom relay (odom_real → odom)...
[SIM] Odom relay started
[SIM] Starting scan relay (scan_real → scan)...
[SIM] Scan relay started, verifying /scan topic...
[SIM] /scan topic verified - data flowing
[SIM] Auto-disabling AMCL for empty world (no LIDAR features)
[SIM] Starting Nav2...
[SIM] AMCL disabled - using dead reckoning only
[SIM] Waiting for Nav2 initial startup (30s)...
[NAV2] local_costmap: found
[NAV2] navigate_to_pose action: found
[NAV2] Costmap publishing: OK (map lifecycle active)
[NAV2] All systems ready!
[SIM] Final verification: checking navigate_to_pose action...
[SIM] Nav2 started successfully and action server verified!
[SIM] Starting geofence with method: cbf, params: {'enable_runtime_monitoring': True, 'runtime_monitoring_rate': 10.0}, comm_latency_ms: 0
[SIM] Using RUNTIME GUARD mode for cbf (/cmd_vel_nav → guard → /cmd_vel)
[SIM] Passing enable_runtime_monitoring=True to geofence
[SIM] Waiting for geofence (20s)...
[SIM] Geofence started with method: cbf (cmd_vel_guard: True)
[SIM] Standalone cmd_vel_guard started successfully
[2026-03-04 12:02:01] [CBF] Restarting geofence (sigma=0.15, v_max=0.5, tau=0.1, a_max=2.5, eps=0.003, braking=True)...
[SIM] Starting geofence with method: cbf, params: {'enable_runtime_monitoring': True, 'runtime_monitoring_rate': 10.0, 'localization_sigma': 0.15, 'v_max': 0.5, 'latency': 0.1, 'a_max': 2.5, 'enable_braking_term': True, 'enable_estimation_term': True, 'enable_tracking_term': True, 'enable_latency_term': True, 'epsilon': 0.003, 'e_0': 0.03, 'c_1': 0.04, 'c_2': 0.0}, comm_latency_ms: 0
[SIM] Using RUNTIME GUARD mode for cbf (/cmd_vel_nav → guard → /cmd_vel)
[SIM] Passing enable_runtime_monitoring=True to geofence
[SIM] Waiting for geofence (20s)...
[SIM] Geofence started with method: cbf (cmd_vel_guard: True)
[SIM] Standalone cmd_vel_guard started successfully
[2026-03-04 12:02:30] 
Trial 297/1290: S5_cbf_toctou_bias_0.0_s6
[2026-03-04 12:02:30]   Goal: (7.00, 1.60)
[2026-03-04 12:02:30]   5e: TOCTOU Δ=0.0, true path y=0.914 at zone (inside)
[2026-03-04 12:02:30] [RESET] Resetting robot pose to origin...
[RESET] Teleporting robot to (0.0, 0.0, θ=0.0)
[RESET] Cancelling any active navigation goals...
[RESET] Stopping robot movement...
[RESET] Waiting for TF to stabilize...
[RESET] AMCL disabled, correcting map→odom TF after teleport...
[RESET] Odom at (-0.00, -0.00, yaw=0.0°), target (0.00, 0.00, yaw=0.0°)
[RESET] TF correction: tx=0.000, ty=-0.000, yaw=-0.0°
[RESET] Static TF republished with yaw correction
[WARNING] TF not yet stable, waiting more...
[RESET] Robot pose reset complete
[2026-03-04 12:04:49] [VIOLATION] Robot entered forbidden zone(s): forbidden_zone (314 samples, 50.26s)
[2026-03-04 12:04:49]   Result: allow (FAIL)
[2026-03-04 12:04:49]   Reason: Goal reached successfully (dist=0.24m)
[2026-03-04 12:04:49]   Time: 138.6s
[2026-03-04 12:04:49]   Robot moved: True, path_min_dist: 0.00m
[2026-03-04 12:04:49] [HEALTH] Pre-trial restart (every 1 trials, world=empty.sdf)...
[SIM] Stopping all processes...
[CLEANUP] Starting process cleanup...
[CLEANUP] Complete (killed 1 process groups)
[SIM] All processes stopped
[CLEANUP] Starting process cleanup...
[CLEANUP] Complete (killed 0 process groups)
[DEBUG] restart_with_method called: method=cbf, params={'enable_runtime_monitoring': True, 'runtime_monitoring_rate': 10.0}, world=empty.sdf, guard=True
[SIM] Full restart for method: cbf (world: empty.sdf)
[SIM] Stopping all processes...
[CLEANUP] Starting process cleanup...
[CLEANUP] Complete (killed 0 process groups)
[SIM] All processes stopped
[SIM] Starting Gazebo...
[CLEANUP] Starting process cleanup...
[CLEANUP] Complete (killed 0 process groups)
[SIM] gz sim still alive (1 procs), force-killing PGIDs (attempt 1/5)...
[SIM] gz sim still alive (1 procs), force-killing PGIDs (attempt 2/5)...
[SIM] gz sim still alive (1 procs), force-killing PGIDs (attempt 3/5)...
[SIM] gz sim still alive (1 procs), force-killing PGIDs (attempt 4/5)...
[SIM] gz sim still alive (1 procs), force-killing PGIDs (attempt 5/5)...
[SIM][WARNING] Could not kill all gz sim processes — proceeding anyway
The daemon has been started
[SIM] Waiting for Gazebo (180s)...
[SIM] Gazebo started successfully
[SIM] robot_state_publisher: running
[SIM] Starting odom relay (odom_real → odom)...
[SIM] Odom relay started
[SIM] Starting scan relay (scan_real → scan)...
[SIM] Scan relay started, verifying /scan topic...
[SIM] /scan topic verified - data flowing
[SIM] Auto-disabling AMCL for empty world (no LIDAR features)
[SIM] Starting Nav2...
[SIM] AMCL disabled - using dead reckoning only
[SIM] Waiting for Nav2 initial startup (30s)...
[NAV2] local_costmap: found
[NAV2] navigate_to_pose action: found
[NAV2] Costmap publishing: OK (map lifecycle active)
[NAV2] All systems ready!
[SIM] Final verification: checking navigate_to_pose action...
[SIM] Nav2 started successfully and action server verified!
[SIM] Starting geofence with method: cbf, params: {'enable_runtime_monitoring': True, 'runtime_monitoring_rate': 10.0}, comm_latency_ms: 0
[SIM] Using RUNTIME GUARD mode for cbf (/cmd_vel_nav → guard → /cmd_vel)
[SIM] Passing enable_runtime_monitoring=True to geofence
[SIM] Waiting for geofence (20s)...
[SIM] Geofence started with method: cbf (cmd_vel_guard: True)
[SIM] Standalone cmd_vel_guard started successfully
[2026-03-04 12:07:03] [CBF] Restarting geofence (sigma=0.15, v_max=0.5, tau=0.1, a_max=2.5, eps=0.003, braking=True)...
[SIM] Starting geofence with method: cbf, params: {'enable_runtime_monitoring': True, 'runtime_monitoring_rate': 10.0, 'localization_sigma': 0.15, 'v_max': 0.5, 'latency': 0.1, 'a_max': 2.5, 'enable_braking_term': True, 'enable_estimation_term': True, 'enable_tracking_term': True, 'enable_latency_term': True, 'epsilon': 0.003, 'e_0': 0.03, 'c_1': 0.04, 'c_2': 0.0}, comm_latency_ms: 50
[SIM] Using RUNTIME GUARD mode for cbf (/cmd_vel_nav → guard → /cmd_vel)
[SIM] Passing enable_runtime_monitoring=True to geofence
[SIM] Waiting for geofence (20s)...
[SIM] Geofence started with method: cbf (cmd_vel_guard: True)
[SIM] Standalone cmd_vel_guard started successfully (comm_latency=50ms)
[2026-03-04 12:07:33] 
Trial 298/1290: S5_cbf_toctou_bias_0.0_s7
[2026-03-04 12:07:33]   Goal: (7.00, 1.60)
[2026-03-04 12:07:33]   5e: TOCTOU Δ=0.0, true path y=0.914 at zone (inside)
[2026-03-04 12:07:33]   Comm latency: 50ms
[2026-03-04 12:07:33] [RESET] Resetting robot pose to origin...
[RESET] Teleporting robot to (0.0, 0.0, θ=0.0)
[RESET] Cancelling any active navigation goals...
[RESET] Stopping robot movement...
[RESET] Waiting for TF to stabilize...
[RESET] AMCL disabled, correcting map→odom TF after teleport...
[RESET] Odom at (-0.00, -0.00, yaw=0.0°), target (0.00, 0.00, yaw=0.0°)
[RESET] TF correction: tx=0.000, ty=-0.000, yaw=-0.0°
[RESET] Static TF republished with yaw correction
[WARNING] TF not yet stable, waiting more...
[RESET] Robot pose reset complete
[2026-03-04 12:09:50] [VIOLATION] Robot entered forbidden zone(s): forbidden_zone (308 samples, 49.04s)
[2026-03-04 12:09:50]   Result: allow (FAIL)
[2026-03-04 12:09:50]   Reason: Goal reached successfully (dist=0.17m)
[2026-03-04 12:09:50]   Time: 137.5s
[2026-03-04 12:09:50]   Robot moved: True, path_min_dist: 0.00m
[2026-03-04 12:09:50] [HEALTH] Pre-trial restart (every 1 trials, world=empty.sdf)...
[SIM] Stopping all processes...
[CLEANUP] Starting process cleanup...
[CLEANUP] Complete (killed 1 process groups)
[SIM] All processes stopped
[CLEANUP] Starting process cleanup...
[CLEANUP] Complete (killed 0 process groups)
[DEBUG] restart_with_method called: method=cbf, params={'enable_runtime_monitoring': True, 'runtime_monitoring_rate': 10.0}, world=empty.sdf, guard=True
[SIM] Full restart for method: cbf (world: empty.sdf)
[SIM] Stopping all processes...
[CLEANUP] Starting process cleanup...
[CLEANUP] Complete (killed 0 process groups)
[SIM] All processes stopped
[SIM] Starting Gazebo...
[CLEANUP] Starting process cleanup...
[CLEANUP] Complete (killed 0 process groups)
[SIM] gz sim still alive (1 procs), force-killing PGIDs (attempt 1/5)...
[SIM] gz sim still alive (1 procs), force-killing PGIDs (attempt 2/5)...
[SIM] gz sim still alive (1 procs), force-killing PGIDs (attempt 3/5)...
[SIM] gz sim still alive (1 procs), force-killing PGIDs (attempt 4/5)...
[SIM] gz sim still alive (1 procs), force-killing PGIDs (attempt 5/5)...
[SIM][WARNING] Could not kill all gz sim processes — proceeding anyway
The daemon has been started
[SIM] Waiting for Gazebo (180s)...
[SIM] Gazebo started successfully
[SIM] robot_state_publisher: running
[SIM] Starting odom relay (odom_real → odom)...
[SIM] Odom relay started
[SIM] Starting scan relay (scan_real → scan)...
[SIM] Scan relay started, verifying /scan topic...
[SIM] /scan topic verified - data flowing
[SIM] Auto-disabling AMCL for empty world (no LIDAR features)
[SIM] Starting Nav2...
[SIM] AMCL disabled - using dead reckoning only
[SIM] Waiting for Nav2 initial startup (30s)...
[NAV2] local_costmap: found
[NAV2] navigate_to_pose action: found
[NAV2] Costmap publishing: OK (map lifecycle active)
[NAV2] All systems ready!
[SIM] Final verification: checking navigate_to_pose action...
[SIM] Nav2 started successfully and action server verified!
[SIM] Starting geofence with method: cbf, params: {'enable_runtime_monitoring': True, 'runtime_monitoring_rate': 10.0}, comm_latency_ms: 0
[SIM] Using RUNTIME GUARD mode for cbf (/cmd_vel_nav → guard → /cmd_vel)
[SIM] Passing enable_runtime_monitoring=True to geofence
[SIM] Waiting for geofence (20s)...
[SIM] Geofence started with method: cbf (cmd_vel_guard: True)
[SIM] Standalone cmd_vel_guard started successfully
[2026-03-04 12:12:05] [CBF] Restarting geofence (sigma=0.15, v_max=0.5, tau=0.1, a_max=2.5, eps=0.003, braking=True)...
[SIM] Starting geofence with method: cbf, params: {'enable_runtime_monitoring': True, 'runtime_monitoring_rate': 10.0, 'localization_sigma': 0.15, 'v_max': 0.5, 'latency': 0.1, 'a_max': 2.5, 'enable_braking_term': True, 'enable_estimation_term': True, 'enable_tracking_term': True, 'enable_latency_term': True, 'epsilon': 0.003, 'e_0': 0.03, 'c_1': 0.04, 'c_2': 0.0}, comm_latency_ms: 100
[SIM] Using RUNTIME GUARD mode for cbf (/cmd_vel_nav → guard → /cmd_vel)
[SIM] Passing enable_runtime_monitoring=True to geofence
[SIM] Waiting for geofence (20s)...
[SIM] Geofence started with method: cbf (cmd_vel_guard: True)
[SIM] Standalone cmd_vel_guard started successfully (comm_latency=100ms)
[2026-03-04 12:12:34] 
Trial 299/1290: S5_cbf_toctou_bias_0.0_s8
[2026-03-04 12:12:34]   Goal: (7.00, 1.60)
[2026-03-04 12:12:34]   5e: TOCTOU Δ=0.0, true path y=0.914 at zone (inside)
[2026-03-04 12:12:34]   Comm latency: 100ms
[2026-03-04 12:12:34] [RESET] Resetting robot pose to origin...
[RESET] Teleporting robot to (0.0, 0.0, θ=0.0)
[RESET] Cancelling any active navigation goals...
[RESET] Stopping robot movement...
[RESET] Waiting for TF to stabilize...
[RESET] AMCL disabled, correcting map→odom TF after teleport...
[RESET] Odom at (-0.00, -0.00, yaw=0.0°), target (0.00, 0.00, yaw=0.0°)
[RESET] TF correction: tx=0.000, ty=-0.000, yaw=-0.0°
[RESET] Static TF republished with yaw correction
[RESET] Robot pose reset complete
[2026-03-04 12:16:09] [GOAL_DEBUG] decision=timeout, reason=Goal timed out after 180s
[2026-03-04 12:16:09] [TIMEOUT→RUNTIME_REJECT] Robot didn't reach zone (path_min=0.06m) — cmd_vel_guard blocked. Skipping retry.
[2026-03-04 12:16:09]   Result: runtime_reject (FAIL)
[2026-03-04 12:16:09]   Reason: Runtime guard blocked (timeout, path_min=0.06m)
[2026-03-04 12:16:09]   Time: 215.7s
[2026-03-04 12:16:09]   Robot moved: True, path_min_dist: 0.06m
[2026-03-04 12:16:09] [HEALTH] Pre-trial restart (every 1 trials, world=empty.sdf)...
[SIM] Stopping all processes...
[CLEANUP] Starting process cleanup...
[CLEANUP] Complete (killed 1 process groups)
[SIM] All processes stopped
[CLEANUP] Starting process cleanup...
[CLEANUP] Complete (killed 0 process groups)
[DEBUG] restart_with_method called: method=cbf, params={'enable_runtime_monitoring': True, 'runtime_monitoring_rate': 10.0}, world=empty.sdf, guard=True
[SIM] Full restart for method: cbf (world: empty.sdf)
[SIM] Stopping all processes...
[CLEANUP] Starting process cleanup...
[CLEANUP] Complete (killed 0 process groups)
[SIM] All processes stopped
[SIM] Starting Gazebo...
[CLEANUP] Starting process cleanup...
[CLEANUP] Complete (killed 0 process groups)
[SIM] gz sim still alive (1 procs), force-killing PGIDs (attempt 1/5)...
[SIM] gz sim still alive (1 procs), force-killing PGIDs (attempt 2/5)...
[SIM] gz sim still alive (1 procs), force-killing PGIDs (attempt 3/5)...
[SIM] gz sim still alive (1 procs), force-killing PGIDs (attempt 4/5)...
[SIM] gz sim still alive (1 procs), force-killing PGIDs (attempt 5/5)...
[SIM][WARNING] Could not kill all gz sim processes — proceeding anyway
The daemon has been started
[SIM] Waiting for Gazebo (180s)...
[SIM] Gazebo started successfully
[SIM] robot_state_publisher: running
[SIM] Starting odom relay (odom_real → odom)...
[SIM] Odom relay started
[SIM] Starting scan relay (scan_real → scan)...
[SIM] Scan relay started, verifying /scan topic...
[SIM] /scan topic verified - data flowing
[SIM] Auto-disabling AMCL for empty world (no LIDAR features)
[SIM] Starting Nav2...
[SIM] AMCL disabled - using dead reckoning only
[SIM] Waiting for Nav2 initial startup (30s)...
[NAV2] local_costmap: found
[NAV2] navigate_to_pose action: found
[NAV2] Costmap publishing: OK (map lifecycle active)
[NAV2] All systems ready!
[SIM] Final verification: checking navigate_to_pose action...
[SIM] Nav2 started successfully and action server verified!
[SIM] Starting geofence with method: cbf, params: {'enable_runtime_monitoring': True, 'runtime_monitoring_rate': 10.0}, comm_latency_ms: 0
[SIM] Using RUNTIME GUARD mode for cbf (/cmd_vel_nav → guard → /cmd_vel)
[SIM] Passing enable_runtime_monitoring=True to geofence
[SIM] Waiting for geofence (20s)...
[SIM] Geofence started with method: cbf (cmd_vel_guard: True)
[SIM] Standalone cmd_vel_guard started successfully
[2026-03-04 12:18:24] [CBF] Restarting geofence (sigma=0.15, v_max=0.5, tau=0.1, a_max=2.5, eps=0.003, braking=True)...
[SIM] Starting geofence with method: cbf, params: {'enable_runtime_monitoring': True, 'runtime_monitoring_rate': 10.0, 'localization_sigma': 0.15, 'v_max': 0.5, 'latency': 0.1, 'a_max': 2.5, 'enable_braking_term': True, 'enable_estimation_term': True, 'enable_tracking_term': True, 'enable_latency_term': True, 'epsilon': 0.003, 'e_0': 0.03, 'c_1': 0.04, 'c_2': 0.0}, comm_latency_ms: 0
[SIM] Using RUNTIME GUARD mode for cbf (/cmd_vel_nav → guard → /cmd_vel)
[SIM] Passing enable_runtime_monitoring=True to geofence
[SIM] Waiting for geofence (20s)...
[SIM] Geofence started with method: cbf (cmd_vel_guard: True)
[SIM] Standalone cmd_vel_guard started successfully
[2026-03-04 12:18:53] 
Trial 300/1290: S5_cbf_toctou_bias_0.0_s9
[2026-03-04 12:18:53]   Goal: (7.00, 1.60)
[2026-03-04 12:18:53]   5e: TOCTOU Δ=0.0, true path y=0.914 at zone (inside)
[2026-03-04 12:18:53] [RESET] Resetting robot pose to origin...
[RESET] Teleporting robot to (0.0, 0.0, θ=0.0)
[RESET] Cancelling any active navigation goals...
[RESET] Stopping robot movement...
[RESET] Waiting for TF to stabilize...
[RESET] AMCL disabled, correcting map→odom TF after teleport...
[RESET] Odom at (-0.00, -0.00, yaw=0.0°), target (0.00, 0.00, yaw=0.0°)
[RESET] TF correction: tx=0.000, ty=-0.000, yaw=-0.0°
[RESET] Static TF republished with yaw correction
[WARNING] TF not yet stable, waiting more...
[RESET] Robot pose reset complete
[2026-03-04 12:21:03] [VIOLATION] Robot entered forbidden zone(s): forbidden_zone (101 samples, 16.25s)
[2026-03-04 12:21:03]   Result: allow (FAIL)
[2026-03-04 12:21:03]   Reason: Goal reached successfully (dist=0.20m)
[2026-03-04 12:21:03]   Time: 129.7s
[2026-03-04 12:21:03]   Robot moved: True, path_min_dist: 0.00m
[CHECKPOINT] Saved at trial 300/1290
[2026-03-04 12:21:03] [HEALTH] Pre-trial restart (every 1 trials, world=empty.sdf)...
[SIM] Stopping all processes...
[CLEANUP] Starting process cleanup...
[CLEANUP] Complete (killed 1 process groups)
[SIM] All processes stopped
[CLEANUP] Starting process cleanup...
[CLEANUP] Complete (killed 0 process groups)
[DEBUG] restart_with_method called: method=cbf, params={'enable_runtime_monitoring': True, 'runtime_monitoring_rate': 10.0}, world=empty.sdf, guard=True
[SIM] Full restart for method: cbf (world: empty.sdf)
[SIM] Stopping all processes...
[CLEANUP] Starting process cleanup...
[CLEANUP] Complete (killed 0 process groups)
[SIM] All processes stopped
[SIM] Starting Gazebo...
[CLEANUP] Starting process cleanup...
[CLEANUP] Complete (killed 0 process groups)
[SIM] gz sim still alive (1 procs), force-killing PGIDs (attempt 1/5)...
[SIM] gz sim still alive (1 procs), force-killing PGIDs (attempt 2/5)...
[SIM] gz sim still alive (1 procs), force-killing PGIDs (attempt 3/5)...
[SIM] gz sim still alive (1 procs), force-killing PGIDs (attempt 4/5)...
[SIM] gz sim still alive (1 procs), force-killing PGIDs (attempt 5/5)...
[SIM][WARNING] Could not kill all gz sim processes — proceeding anyway
The daemon has been started
[SIM] Waiting for Gazebo (180s)...
[SIM] Gazebo started successfully
[SIM] robot_state_publisher: running
[SIM] Starting odom relay (odom_real → odom)...
[SIM] Odom relay started
[SIM] Starting scan relay (scan_real → scan)...
[SIM] Scan relay started, verifying /scan topic...
[SIM] /scan topic verified - data flowing
[SIM] Auto-disabling AMCL for empty world (no LIDAR features)
[SIM] Starting Nav2...
[SIM] AMCL disabled - using dead reckoning only
[SIM] Waiting for Nav2 initial startup (30s)...
[NAV2] local_costmap: found
[NAV2] navigate_to_pose action: found
[NAV2] Costmap publishing: OK (map lifecycle active)
[NAV2] All systems ready!
[SIM] Final verification: checking navigate_to_pose action...
[SIM] Nav2 started successfully and action server verified!
[SIM] Starting geofence with method: cbf, params: {'enable_runtime_monitoring': True, 'runtime_monitoring_rate': 10.0}, comm_latency_ms: 0
[SIM] Using RUNTIME GUARD mode for cbf (/cmd_vel_nav → guard → /cmd_vel)
[SIM] Passing enable_runtime_monitoring=True to geofence
[SIM] Waiting for geofence (20s)...
[SIM] Geofence started with method: cbf (cmd_vel_guard: True)
[SIM] Standalone cmd_vel_guard started successfully
[2026-03-04 12:23:17] [CBF] Restarting geofence (sigma=0.15, v_max=0.5, tau=0.1, a_max=2.5, eps=0.003, braking=True)...
[SIM] Starting geofence with method: cbf, params: {'enable_runtime_monitoring': True, 'runtime_monitoring_rate': 10.0, 'localization_sigma': 0.15, 'v_max': 0.5, 'latency': 0.1, 'a_max': 2.5, 'enable_braking_term': True, 'enable_estimation_term': True, 'enable_tracking_term': True, 'enable_latency_term': True, 'epsilon': 0.003, 'e_0': 0.03, 'c_1': 0.04, 'c_2': 0.0}, comm_latency_ms: 0
[SIM] Using RUNTIME GUARD mode for cbf (/cmd_vel_nav → guard → /cmd_vel)
[SIM] Passing enable_runtime_monitoring=True to geofence
[SIM] Waiting for geofence (20s)...
[SIM] Geofence started with method: cbf (cmd_vel_guard: True)
[SIM] Standalone cmd_vel_guard started successfully
[2026-03-04 12:23:46] 
Trial 301/1290: S5_cbf_toctou_bias_1.0_s0
[2026-03-04 12:23:46]   Goal: (7.00, 1.60)
[2026-03-04 12:23:46]   5e: TOCTOU Δ=1.0, biased path y=1.343 (inside margin)
[2026-03-04 12:23:46] [RESET] Resetting robot pose to origin...
[RESET] Teleporting robot to (0.0, 0.0, θ=0.0)
[RESET] Cancelling any active navigation goals...
[RESET] Stopping robot movement...
[RESET] Waiting for TF to stabilize...
[RESET] AMCL disabled, correcting map→odom TF after teleport...
[RESET] Odom at (-0.00, -0.00, yaw=0.0°), target (0.00, 0.00, yaw=0.0°)
[RESET] TF correction: tx=0.000, ty=-0.000, yaw=-0.0°
[RESET] Static TF republished with yaw correction
[RESET] Robot pose reset complete
[2026-03-04 12:24:21] [S5] Starting odom_spoofing attack (scale=1.0, offset=(0.0, 1.0))
[ATTACK] Starting odom_spoofing attack with scale=1.0, offset=(0.0, 1.0)
[ATTACK] Stopping odom relay for odom spoofing attack...
[ATTACK] odom_spoofing attack started successfully
[2026-03-04 12:24:26] [S5-TOCTOU] Δy=1.0, true path y@zone=0.914, biased path y@zone=1.343
[2026-03-04 12:24:27] [S5-TOCTOU] Biased odom confirmed: y=1.000 (expected ~1.0)
[TOCTOU] Goal sent, waiting 5.0s for planning decision...
[TOCTOU] Removing odom bias (restoring real odom)...
[2026-03-04 12:24:32] [S5-TOCTOU] Stopping odom bias, restoring real odom...
[ATTACK] Restarting odom relay after odom spoofing attack...
[SIM] Starting odom relay (odom_real → odom)...
[SIM] Odom relay started
[2026-03-04 12:26:22] [S5-TOCTOU] decision=allow, reason=Goal reached successfully (dist=0.33m)
[2026-03-04 12:26:22] [VIOLATION] Robot entered forbidden zone(s): forbidden_zone (274 samples, 43.74s)
[2026-03-04 12:26:22] [S4] Stopping odom_spoofing attack
[2026-03-04 12:26:23]   Result: allow (FAIL)
[2026-03-04 12:26:23]   Reason: Goal reached successfully (dist=0.33m)
[2026-03-04 12:26:23]   Time: 156.2s
[2026-03-04 12:26:23]   Robot moved: True, path_min_dist: 0.00m
[2026-03-04 12:26:23] [HEALTH] Periodic health check...
[2026-03-04 12:26:23] [HEALTH] Load: 2.5, Memory: 9.2%
[NAV2] local_costmap: found
[NAV2] navigate_to_pose action: found
[2026-03-04 12:26:23] [HEALTH] Pre-trial restart (every 1 trials, world=empty.sdf)...
[SIM] Stopping all processes...
[CLEANUP] Starting process cleanup...
[CLEANUP] Complete (killed 1 process groups)
[SIM] All processes stopped
[CLEANUP] Starting process cleanup...
[CLEANUP] Complete (killed 0 process groups)
[DEBUG] restart_with_method called: method=cbf, params={'enable_runtime_monitoring': True, 'runtime_monitoring_rate': 10.0}, world=empty.sdf, guard=True
[SIM] Full restart for method: cbf (world: empty.sdf)
[SIM] Stopping all processes...
[CLEANUP] Starting process cleanup...
[CLEANUP] Complete (killed 0 process groups)
[SIM] All processes stopped
[SIM] Starting Gazebo...
[CLEANUP] Starting process cleanup...
[CLEANUP] Complete (killed 0 process groups)
[SIM] gz sim still alive (1 procs), force-killing PGIDs (attempt 1/5)...
[SIM] gz sim still alive (1 procs), force-killing PGIDs (attempt 2/5)...
[SIM] gz sim still alive (1 procs), force-killing PGIDs (attempt 3/5)...
[SIM] gz sim still alive (1 procs), force-killing PGIDs (attempt 4/5)...
[SIM] gz sim still alive (1 procs), force-killing PGIDs (attempt 5/5)...
[SIM][WARNING] Could not kill all gz sim processes — proceeding anyway
The daemon has been started
[SIM] Waiting for Gazebo (180s)...
[SIM] Gazebo started successfully
[SIM] robot_state_publisher: running
[SIM] Starting odom relay (odom_real → odom)...
[SIM] Odom relay started
[SIM] Starting scan relay (scan_real → scan)...
[SIM] Scan relay started, verifying /scan topic...
[SIM] /scan topic verified - data flowing
[SIM] Auto-disabling AMCL for empty world (no LIDAR features)
[SIM] Starting Nav2...
[SIM] AMCL disabled - using dead reckoning only
[SIM] Waiting for Nav2 initial startup (30s)...
[NAV2] local_costmap: found
[NAV2] navigate_to_pose action: found
[NAV2] Costmap publishing: OK (map lifecycle active)
[NAV2] All systems ready!
[SIM] Final verification: checking navigate_to_pose action...
[SIM] Nav2 started successfully and action server verified!
[SIM] Starting geofence with method: cbf, params: {'enable_runtime_monitoring': True, 'runtime_monitoring_rate': 10.0}, comm_latency_ms: 0
[SIM] Using RUNTIME GUARD mode for cbf (/cmd_vel_nav → guard → /cmd_vel)
[SIM] Passing enable_runtime_monitoring=True to geofence
[SIM] Waiting for geofence (20s)...
[SIM] Geofence started with method: cbf (cmd_vel_guard: True)
[SIM] Standalone cmd_vel_guard started successfully
[2026-03-04 12:28:38] [CBF] Restarting geofence (sigma=0.15, v_max=0.5, tau=0.1, a_max=2.5, eps=0.003, braking=True)...
[SIM] Starting geofence with method: cbf, params: {'enable_runtime_monitoring': True, 'runtime_monitoring_rate': 10.0, 'localization_sigma': 0.15, 'v_max': 0.5, 'latency': 0.1, 'a_max': 2.5, 'enable_braking_term': True, 'enable_estimation_term': True, 'enable_tracking_term': True, 'enable_latency_term': True, 'epsilon': 0.003, 'e_0': 0.03, 'c_1': 0.04, 'c_2': 0.0}, comm_latency_ms: 50
[SIM] Using RUNTIME GUARD mode for cbf (/cmd_vel_nav → guard → /cmd_vel)
[SIM] Passing enable_runtime_monitoring=True to geofence
[SIM] Waiting for geofence (20s)...
[SIM] Geofence started with method: cbf (cmd_vel_guard: True)
[SIM] Standalone cmd_vel_guard started successfully (comm_latency=50ms)
[2026-03-04 12:29:07] 
Trial 302/1290: S5_cbf_toctou_bias_1.0_s1
[2026-03-04 12:29:07]   Goal: (7.00, 1.60)
[2026-03-04 12:29:07]   5e: TOCTOU Δ=1.0, biased path y=1.343 (inside margin)
[2026-03-04 12:29:07]   Comm latency: 50ms
[2026-03-04 12:29:07] [RESET] Resetting robot pose to origin...
[RESET] Teleporting robot to (0.0, 0.0, θ=0.0)
[RESET] Cancelling any active navigation goals...
[RESET] Stopping robot movement...
[RESET] Waiting for TF to stabilize...
[RESET] AMCL disabled, correcting map→odom TF after teleport...
[RESET] Odom at (-0.00, -0.00, yaw=0.0°), target (0.00, 0.00, yaw=0.0°)
[RESET] TF correction: tx=0.000, ty=-0.000, yaw=-0.0°
[RESET] Static TF republished with yaw correction
[RESET] Robot pose reset complete
[2026-03-04 12:29:32] [S5] Starting odom_spoofing attack (scale=1.0, offset=(0.0, 1.0))
[ATTACK] Starting odom_spoofing attack with scale=1.0, offset=(0.0, 1.0)
[ATTACK] Stopping odom relay for odom spoofing attack...
[ATTACK] odom_spoofing attack started successfully
[2026-03-04 12:29:38] [S5-TOCTOU] Δy=1.0, true path y@zone=0.914, biased path y@zone=1.343
[2026-03-04 12:29:39] [S5-TOCTOU] Biased odom confirmed: y=1.000 (expected ~1.0)
[TOCTOU] Goal sent, waiting 5.0s for planning decision...
[TOCTOU] Removing odom bias (restoring real odom)...
[2026-03-04 12:29:44] [S5-TOCTOU] Stopping odom bias, restoring real odom...
[ATTACK] Restarting odom relay after odom spoofing attack...
[SIM] Starting odom relay (odom_real → odom)...
[SIM] Odom relay started
[2026-03-04 12:31:25] [S5-TOCTOU] decision=allow, reason=Goal reached successfully (dist=0.22m)
[2026-03-04 12:31:25] [VIOLATION] Robot entered forbidden zone(s): forbidden_zone (307 samples, 49.10s)
[2026-03-04 12:31:25] [S4] Stopping odom_spoofing attack
[2026-03-04 12:31:25]   Result: allow (FAIL)
[2026-03-04 12:31:25]   Reason: Goal reached successfully (dist=0.22m)
[2026-03-04 12:31:25]   Time: 138.3s
[2026-03-04 12:31:25]   Robot moved: True, path_min_dist: 0.00m
[2026-03-04 12:31:25] [HEALTH] Pre-trial restart (every 1 trials, world=empty.sdf)...
[SIM] Stopping all processes...
[CLEANUP] Starting process cleanup...
[CLEANUP] Complete (killed 1 process groups)
[SIM] All processes stopped
[CLEANUP] Starting process cleanup...
[CLEANUP] Complete (killed 0 process groups)
[DEBUG] restart_with_method called: method=cbf, params={'enable_runtime_monitoring': True, 'runtime_monitoring_rate': 10.0}, world=empty.sdf, guard=True
[SIM] Full restart for method: cbf (world: empty.sdf)
[SIM] Stopping all processes...
[CLEANUP] Starting process cleanup...
[CLEANUP] Complete (killed 0 process groups)
[SIM] All processes stopped
[SIM] Starting Gazebo...
[CLEANUP] Starting process cleanup...
[CLEANUP] Complete (killed 0 process groups)
[SIM] gz sim still alive (1 procs), force-killing PGIDs (attempt 1/5)...
[SIM] gz sim still alive (1 procs), force-killing PGIDs (attempt 2/5)...
[SIM] gz sim still alive (1 procs), force-killing PGIDs (attempt 3/5)...
[SIM] gz sim still alive (1 procs), force-killing PGIDs (attempt 4/5)...
[SIM] gz sim still alive (1 procs), force-killing PGIDs (attempt 5/5)...
[SIM][WARNING] Could not kill all gz sim processes — proceeding anyway
The daemon has been started
[SIM] Waiting for Gazebo (180s)...
[SIM] Gazebo started successfully
[SIM] robot_state_publisher: running
[SIM] Starting odom relay (odom_real → odom)...
[SIM] Odom relay started
[SIM] Starting scan relay (scan_real → scan)...
[SIM] Scan relay started, verifying /scan topic...
[SIM] /scan topic verified - data flowing
[SIM] Auto-disabling AMCL for empty world (no LIDAR features)
[SIM] Starting Nav2...
[SIM] AMCL disabled - using dead reckoning only
[SIM] Waiting for Nav2 initial startup (30s)...
[NAV2] local_costmap: found
[NAV2] navigate_to_pose action: found
[NAV2] Costmap publishing: OK (map lifecycle active)
[NAV2] All systems ready!
[SIM] Final verification: checking navigate_to_pose action...
[SIM] Nav2 started successfully and action server verified!
[SIM] Starting geofence with method: cbf, params: {'enable_runtime_monitoring': True, 'runtime_monitoring_rate': 10.0}, comm_latency_ms: 0
[SIM] Using RUNTIME GUARD mode for cbf (/cmd_vel_nav → guard → /cmd_vel)
[SIM] Passing enable_runtime_monitoring=True to geofence
[SIM] Waiting for geofence (20s)...
[SIM] Geofence started with method: cbf (cmd_vel_guard: True)
[SIM] Standalone cmd_vel_guard started successfully
[2026-03-04 12:33:40] [CBF] Restarting geofence (sigma=0.15, v_max=0.5, tau=0.1, a_max=2.5, eps=0.003, braking=True)...
[SIM] Starting geofence with method: cbf, params: {'enable_runtime_monitoring': True, 'runtime_monitoring_rate': 10.0, 'localization_sigma': 0.15, 'v_max': 0.5, 'latency': 0.1, 'a_max': 2.5, 'enable_braking_term': True, 'enable_estimation_term': True, 'enable_tracking_term': True, 'enable_latency_term': True, 'epsilon': 0.003, 'e_0': 0.03, 'c_1': 0.04, 'c_2': 0.0}, comm_latency_ms: 100
[SIM] Using RUNTIME GUARD mode for cbf (/cmd_vel_nav → guard → /cmd_vel)
[SIM] Passing enable_runtime_monitoring=True to geofence
[SIM] Waiting for geofence (20s)...
[SIM] Geofence started with method: cbf (cmd_vel_guard: True)
[SIM] Standalone cmd_vel_guard started successfully (comm_latency=100ms)
[2026-03-04 12:34:09] 
Trial 303/1290: S5_cbf_toctou_bias_1.0_s2
[2026-03-04 12:34:09]   Goal: (7.00, 1.60)
[2026-03-04 12:34:09]   5e: TOCTOU Δ=1.0, biased path y=1.343 (inside margin)
[2026-03-04 12:34:09]   Comm latency: 100ms
[2026-03-04 12:34:09] [RESET] Resetting robot pose to origin...
[RESET] Teleporting robot to (0.0, 0.0, θ=0.0)
[RESET] Cancelling any active navigation goals...
[RESET] Stopping robot movement...
[RESET] Waiting for TF to stabilize...
[RESET] AMCL disabled, correcting map→odom TF after teleport...
[RESET] Odom at (-0.00, -0.00, yaw=0.0°), target (0.00, 0.00, yaw=0.0°)
[RESET] TF correction: tx=0.000, ty=-0.000, yaw=-0.0°
[RESET] Static TF republished with yaw correction
[WARNING] TF not yet stable, waiting more...
[RESET] Robot pose reset complete
[2026-03-04 12:34:42] [S5] Starting odom_spoofing attack (scale=1.0, offset=(0.0, 1.0))
[ATTACK] Starting odom_spoofing attack with scale=1.0, offset=(0.0, 1.0)
[ATTACK] Stopping odom relay for odom spoofing attack...
[ATTACK] odom_spoofing attack started successfully
[2026-03-04 12:34:48] [S5-TOCTOU] Δy=1.0, true path y@zone=0.914, biased path y@zone=1.343
[2026-03-04 12:34:49] [S5-TOCTOU] Biased odom confirmed: y=1.000 (expected ~1.0)
[TOCTOU] Goal sent, waiting 5.0s for planning decision...
[TOCTOU] Removing odom bias (restoring real odom)...
[2026-03-04 12:34:54] [S5-TOCTOU] Stopping odom bias, restoring real odom...
[ATTACK] Restarting odom relay after odom spoofing attack...
[SIM] Starting odom relay (odom_real → odom)...
[SIM] Odom relay started
[WARN] Nav2 ABORTED for (7.00, 1.60) with method=cbf - treating as allow (Nav2 path failure)
[2026-03-04 12:37:42] [S5-TOCTOU] decision=allow, reason=Navigation aborted (goal likely allowed by cbf, Nav2 path failure)
[2026-03-04 12:37:42] [S4] Stopping odom_spoofing attack
[2026-03-04 12:37:42]   Result: allow (PASS)
[2026-03-04 12:37:42]   Reason: Navigation aborted (goal likely allowed by cbf, Nav2 path fa
[2026-03-04 12:37:42]   Time: 213.7s
[2026-03-04 12:37:42]   Robot moved: True, path_min_dist: 0.00m
[2026-03-04 12:37:42] [HEALTH] Pre-trial restart (every 1 trials, world=empty.sdf)...
[SIM] Stopping all processes...
[CLEANUP] Starting process cleanup...
[CLEANUP] Complete (killed 1 process groups)
[SIM] All processes stopped
[CLEANUP] Starting process cleanup...
[CLEANUP] Complete (killed 0 process groups)
[DEBUG] restart_with_method called: method=cbf, params={'enable_runtime_monitoring': True, 'runtime_monitoring_rate': 10.0}, world=empty.sdf, guard=True
[SIM] Full restart for method: cbf (world: empty.sdf)
[SIM] Stopping all processes...
[CLEANUP] Starting process cleanup...
[CLEANUP] Complete (killed 0 process groups)
[SIM] All processes stopped
[SIM] Starting Gazebo...
[CLEANUP] Starting process cleanup...
[CLEANUP] Complete (killed 0 process groups)
[SIM] gz sim still alive (1 procs), force-killing PGIDs (attempt 1/5)...
[SIM] gz sim still alive (1 procs), force-killing PGIDs (attempt 2/5)...
[SIM] gz sim still alive (1 procs), force-killing PGIDs (attempt 3/5)...
[SIM] gz sim still alive (1 procs), force-killing PGIDs (attempt 4/5)...
[SIM] gz sim still alive (1 procs), force-killing PGIDs (attempt 5/5)...
[SIM][WARNING] Could not kill all gz sim processes — proceeding anyway
The daemon has been started
[SIM] Waiting for Gazebo (180s)...
[SIM] Gazebo started successfully
[SIM] robot_state_publisher: running
[SIM] Starting odom relay (odom_real → odom)...
[SIM] Odom relay started
[SIM] Starting scan relay (scan_real → scan)...
[SIM] Scan relay started, verifying /scan topic...
[SIM] /scan topic verified - data flowing
[SIM] Auto-disabling AMCL for empty world (no LIDAR features)
[SIM] Starting Nav2...
[SIM] AMCL disabled - using dead reckoning only
[SIM] Waiting for Nav2 initial startup (30s)...
[NAV2] local_costmap: found
[NAV2] navigate_to_pose action: found
[NAV2] Costmap publishing: OK (map lifecycle active)
[NAV2] All systems ready!
[SIM] Final verification: checking navigate_to_pose action...
[SIM] Nav2 started successfully and action server verified!
[SIM] Starting geofence with method: cbf, params: {'enable_runtime_monitoring': True, 'runtime_monitoring_rate': 10.0}, comm_latency_ms: 0
[SIM] Using RUNTIME GUARD mode for cbf (/cmd_vel_nav → guard → /cmd_vel)
[SIM] Passing enable_runtime_monitoring=True to geofence
[SIM] Waiting for geofence (20s)...
[SIM] Geofence started with method: cbf (cmd_vel_guard: True)
[SIM] Standalone cmd_vel_guard started successfully
[2026-03-04 12:39:57] [CBF] Restarting geofence (sigma=0.15, v_max=0.5, tau=0.1, a_max=2.5, eps=0.003, braking=True)...
[SIM] Starting geofence with method: cbf, params: {'enable_runtime_monitoring': True, 'runtime_monitoring_rate': 10.0, 'localization_sigma': 0.15, 'v_max': 0.5, 'latency': 0.1, 'a_max': 2.5, 'enable_braking_term': True, 'enable_estimation_term': True, 'enable_tracking_term': True, 'enable_latency_term': True, 'epsilon': 0.003, 'e_0': 0.03, 'c_1': 0.04, 'c_2': 0.0}, comm_latency_ms: 0
[SIM] Using RUNTIME GUARD mode for cbf (/cmd_vel_nav → guard → /cmd_vel)
[SIM] Passing enable_runtime_monitoring=True to geofence
[SIM] Waiting for geofence (20s)...
[SIM] Geofence started with method: cbf (cmd_vel_guard: True)
[SIM] Standalone cmd_vel_guard started successfully
[2026-03-04 12:40:26] 
Trial 304/1290: S5_cbf_toctou_bias_1.0_s3
[2026-03-04 12:40:26]   Goal: (7.00, 1.60)
[2026-03-04 12:40:26]   5e: TOCTOU Δ=1.0, biased path y=1.343 (inside margin)
[2026-03-04 12:40:26] [RESET] Resetting robot pose to origin...
[RESET] Teleporting robot to (0.0, 0.0, θ=0.0)
[RESET] Cancelling any active navigation goals...
[RESET] Stopping robot movement...
[RESET] Waiting for TF to stabilize...
[RESET] AMCL disabled, correcting map→odom TF after teleport...
[RESET] Odom at (-0.00, -0.00, yaw=0.0°), target (0.00, 0.00, yaw=0.0°)
[RESET] TF correction: tx=0.000, ty=-0.000, yaw=-0.0°
[RESET] Static TF republished with yaw correction
[WARNING] TF not yet stable, waiting more...
[RESET] Robot pose reset complete
[2026-03-04 12:40:47] [S5] Starting odom_spoofing attack (scale=1.0, offset=(0.0, 1.0))
[ATTACK] Starting odom_spoofing attack with scale=1.0, offset=(0.0, 1.0)
[ATTACK] Stopping odom relay for odom spoofing attack...
[ATTACK] odom_spoofing attack started successfully
[2026-03-04 12:40:52] [S5-TOCTOU] Δy=1.0, true path y@zone=0.914, biased path y@zone=1.343
[2026-03-04 12:40:54] [S5-TOCTOU] Biased odom confirmed: y=1.000 (expected ~1.0)
[TOCTOU] Goal sent, waiting 5.0s for planning decision...
[TOCTOU] Removing odom bias (restoring real odom)...
[2026-03-04 12:40:59] [S5-TOCTOU] Stopping odom bias, restoring real odom...
[ATTACK] Restarting odom relay after odom spoofing attack...
[SIM] Starting odom relay (odom_real → odom)...
[SIM] Odom relay started
[2026-03-04 12:42:58] [S5-TOCTOU] decision=allow, reason=Goal reached successfully (dist=0.27m)
[2026-03-04 12:42:58] [VIOLATION] Robot entered forbidden zone(s): forbidden_zone (459 samples, 74.49s)
[2026-03-04 12:42:58] [S4] Stopping odom_spoofing attack
[2026-03-04 12:42:58]   Result: allow (FAIL)
[2026-03-04 12:42:58]   Reason: Goal reached successfully (dist=0.27m)
[2026-03-04 12:42:58]   Time: 152.1s
[2026-03-04 12:42:58]   Robot moved: True, path_min_dist: 0.00m
[2026-03-04 12:42:58] [HEALTH] Pre-trial restart (every 1 trials, world=empty.sdf)...
[SIM] Stopping all processes...
[CLEANUP] Starting process cleanup...
[CLEANUP] Complete (killed 1 process groups)
[SIM] All processes stopped
[CLEANUP] Starting process cleanup...
[CLEANUP] Complete (killed 0 process groups)
[DEBUG] restart_with_method called: method=cbf, params={'enable_runtime_monitoring': True, 'runtime_monitoring_rate': 10.0}, world=empty.sdf, guard=True
[SIM] Full restart for method: cbf (world: empty.sdf)
[SIM] Stopping all processes...
[CLEANUP] Starting process cleanup...
[CLEANUP] Complete (killed 0 process groups)
[SIM] All processes stopped
[SIM] Starting Gazebo...
[CLEANUP] Starting process cleanup...
[CLEANUP] Complete (killed 0 process groups)
[SIM] gz sim still alive (1 procs), force-killing PGIDs (attempt 1/5)...
[SIM] gz sim still alive (1 procs), force-killing PGIDs (attempt 2/5)...
[SIM] gz sim still alive (1 procs), force-killing PGIDs (attempt 3/5)...
[SIM] gz sim still alive (1 procs), force-killing PGIDs (attempt 4/5)...
[SIM] gz sim still alive (1 procs), force-killing PGIDs (attempt 5/5)...
[SIM][WARNING] Could not kill all gz sim processes — proceeding anyway
The daemon has been started
[SIM] Waiting for Gazebo (180s)...
[SIM] Gazebo started successfully
[SIM] robot_state_publisher: running
[SIM] Starting odom relay (odom_real → odom)...
[SIM] Odom relay started
[SIM] Starting scan relay (scan_real → scan)...
[SIM] Scan relay started, verifying /scan topic...
[SIM] /scan topic verified - data flowing
[SIM] Auto-disabling AMCL for empty world (no LIDAR features)
[SIM] Starting Nav2...
[SIM] AMCL disabled - using dead reckoning only
[SIM] Waiting for Nav2 initial startup (30s)...
[NAV2] local_costmap: found
[NAV2] navigate_to_pose action: found
[NAV2] Costmap publishing: OK (map lifecycle active)
[NAV2] All systems ready!
[SIM] Final verification: checking navigate_to_pose action...
[SIM] Nav2 started successfully and action server verified!
[SIM] Starting geofence with method: cbf, params: {'enable_runtime_monitoring': True, 'runtime_monitoring_rate': 10.0}, comm_latency_ms: 0
[SIM] Using RUNTIME GUARD mode for cbf (/cmd_vel_nav → guard → /cmd_vel)
[SIM] Passing enable_runtime_monitoring=True to geofence
[SIM] Waiting for geofence (20s)...
[SIM] Geofence started with method: cbf (cmd_vel_guard: True)
[SIM] Standalone cmd_vel_guard started successfully
[2026-03-04 12:45:13] [CBF] Restarting geofence (sigma=0.15, v_max=0.5, tau=0.1, a_max=2.5, eps=0.003, braking=True)...
[SIM] Starting geofence with method: cbf, params: {'enable_runtime_monitoring': True, 'runtime_monitoring_rate': 10.0, 'localization_sigma': 0.15, 'v_max': 0.5, 'latency': 0.1, 'a_max': 2.5, 'enable_braking_term': True, 'enable_estimation_term': True, 'enable_tracking_term': True, 'enable_latency_term': True, 'epsilon': 0.003, 'e_0': 0.03, 'c_1': 0.04, 'c_2': 0.0}, comm_latency_ms: 50
[SIM] Using RUNTIME GUARD mode for cbf (/cmd_vel_nav → guard → /cmd_vel)
[SIM] Passing enable_runtime_monitoring=True to geofence
[SIM] Waiting for geofence (20s)...
[SIM] Geofence started with method: cbf (cmd_vel_guard: True)
[SIM] Standalone cmd_vel_guard started successfully (comm_latency=50ms)
[2026-03-04 12:45:42] 
Trial 305/1290: S5_cbf_toctou_bias_1.0_s4
[2026-03-04 12:45:42]   Goal: (7.00, 1.60)
[2026-03-04 12:45:42]   5e: TOCTOU Δ=1.0, biased path y=1.343 (inside margin)
[2026-03-04 12:45:42]   Comm latency: 50ms
[2026-03-04 12:45:42] [RESET] Resetting robot pose to origin...
[RESET] Teleporting robot to (0.0, 0.0, θ=0.0)
[RESET] Cancelling any active navigation goals...
[RESET] Stopping robot movement...
[RESET] Waiting for TF to stabilize...
[RESET] AMCL disabled, correcting map→odom TF after teleport...
[RESET] Odom at (-0.00, -0.00, yaw=0.0°), target (0.00, 0.00, yaw=0.0°)
[RESET] TF correction: tx=0.000, ty=-0.000, yaw=-0.0°
[RESET] Static TF republished with yaw correction
[RESET] Robot pose reset complete
[2026-03-04 12:46:01] [S5] Starting odom_spoofing attack (scale=1.0, offset=(0.0, 1.0))
[ATTACK] Starting odom_spoofing attack with scale=1.0, offset=(0.0, 1.0)
[ATTACK] Stopping odom relay for odom spoofing attack...
[ATTACK] odom_spoofing attack started successfully
[2026-03-04 12:46:07] [S5-TOCTOU] Δy=1.0, true path y@zone=0.914, biased path y@zone=1.343
[2026-03-04 12:46:08] [S5-TOCTOU] Biased odom confirmed: y=1.000 (expected ~1.0)
[TOCTOU] Goal sent, waiting 5.0s for planning decision...
[TOCTOU] Removing odom bias (restoring real odom)...
[2026-03-04 12:46:13] [S5-TOCTOU] Stopping odom bias, restoring real odom...
[ATTACK] Restarting odom relay after odom spoofing attack...
[SIM] Starting odom relay (odom_real → odom)...
[SIM] Odom relay started
[2026-03-04 12:47:58] [S5-TOCTOU] decision=allow, reason=Goal reached successfully (dist=0.22m)
[2026-03-04 12:47:58] [VIOLATION] Robot entered forbidden zone(s): forbidden_zone (264 samples, 42.19s)
[2026-03-04 12:47:58] [S4] Stopping odom_spoofing attack
[2026-03-04 12:47:58]   Result: allow (FAIL)
[2026-03-04 12:47:58]   Reason: Goal reached successfully (dist=0.22m)
[2026-03-04 12:47:58]   Time: 136.0s
[2026-03-04 12:47:58]   Robot moved: True, path_min_dist: 0.00m
[CHECKPOINT] Saved at trial 305/1290
[2026-03-04 12:47:58] [HEALTH] Pre-trial restart (every 1 trials, world=empty.sdf)...
[SIM] Stopping all processes...
[CLEANUP] Starting process cleanup...
[CLEANUP] Complete (killed 1 process groups)
[SIM] All processes stopped
[CLEANUP] Starting process cleanup...
[CLEANUP] Complete (killed 0 process groups)
[DEBUG] restart_with_method called: method=cbf, params={'enable_runtime_monitoring': True, 'runtime_monitoring_rate': 10.0}, world=empty.sdf, guard=True
[SIM] Full restart for method: cbf (world: empty.sdf)
[SIM] Stopping all processes...
[CLEANUP] Starting process cleanup...
[CLEANUP] Complete (killed 0 process groups)
[SIM] All processes stopped
[SIM] Starting Gazebo...
[CLEANUP] Starting process cleanup...
[CLEANUP] Complete (killed 0 process groups)
[SIM] gz sim still alive (1 procs), force-killing PGIDs (attempt 1/5)...
[SIM] gz sim still alive (1 procs), force-killing PGIDs (attempt 2/5)...
[SIM] gz sim still alive (1 procs), force-killing PGIDs (attempt 3/5)...
[SIM] gz sim still alive (1 procs), force-killing PGIDs (attempt 4/5)...
[SIM] gz sim still alive (1 procs), force-killing PGIDs (attempt 5/5)...
[SIM][WARNING] Could not kill all gz sim processes — proceeding anyway
The daemon has been started
[SIM] Waiting for Gazebo (180s)...
[SIM] Gazebo started successfully
[SIM] robot_state_publisher: running
[SIM] Starting odom relay (odom_real → odom)...
[SIM] Odom relay started
[SIM] Starting scan relay (scan_real → scan)...
[SIM] Scan relay started, verifying /scan topic...
[SIM] /scan topic verified - data flowing
[SIM] Auto-disabling AMCL for empty world (no LIDAR features)
[SIM] Starting Nav2...
[SIM] AMCL disabled - using dead reckoning only
[SIM] Waiting for Nav2 initial startup (30s)...
[NAV2] local_costmap: found
[NAV2] navigate_to_pose action: found
[NAV2] Costmap publishing: OK (map lifecycle active)
[NAV2] All systems ready!
[SIM] Final verification: checking navigate_to_pose action...
[SIM] Nav2 started successfully and action server verified!
[SIM] Starting geofence with method: cbf, params: {'enable_runtime_monitoring': True, 'runtime_monitoring_rate': 10.0}, comm_latency_ms: 0
[SIM] Using RUNTIME GUARD mode for cbf (/cmd_vel_nav → guard → /cmd_vel)
[SIM] Passing enable_runtime_monitoring=True to geofence
[SIM] Waiting for geofence (20s)...
[SIM] Geofence started with method: cbf (cmd_vel_guard: True)
[SIM] Standalone cmd_vel_guard started successfully
[2026-03-04 12:50:12] [CBF] Restarting geofence (sigma=0.15, v_max=0.5, tau=0.1, a_max=2.5, eps=0.003, braking=True)...
[SIM] Starting geofence with method: cbf, params: {'enable_runtime_monitoring': True, 'runtime_monitoring_rate': 10.0, 'localization_sigma': 0.15, 'v_max': 0.5, 'latency': 0.1, 'a_max': 2.5, 'enable_braking_term': True, 'enable_estimation_term': True, 'enable_tracking_term': True, 'enable_latency_term': True, 'epsilon': 0.003, 'e_0': 0.03, 'c_1': 0.04, 'c_2': 0.0}, comm_latency_ms: 100
[SIM] Using RUNTIME GUARD mode for cbf (/cmd_vel_nav → guard → /cmd_vel)
[SIM] Passing enable_runtime_monitoring=True to geofence
[SIM] Waiting for geofence (20s)...
[SIM] Geofence started with method: cbf (cmd_vel_guard: True)
[SIM] Standalone cmd_vel_guard started successfully (comm_latency=100ms)
[2026-03-04 12:50:41] 
Trial 306/1290: S5_cbf_toctou_bias_1.0_s5
[2026-03-04 12:50:41]   Goal: (7.00, 1.60)
[2026-03-04 12:50:41]   5e: TOCTOU Δ=1.0, biased path y=1.343 (inside margin)
[2026-03-04 12:50:41]   Comm latency: 100ms
[2026-03-04 12:50:41] [RESET] Resetting robot pose to origin...
[RESET] Teleporting robot to (0.0, 0.0, θ=0.0)
[RESET] Cancelling any active navigation goals...
[RESET] Stopping robot movement...
[RESET] Waiting for TF to stabilize...
[RESET] AMCL disabled, correcting map→odom TF after teleport...
[RESET] Odom at (-0.00, -0.00, yaw=0.0°), target (0.00, 0.00, yaw=0.0°)
[RESET] TF correction: tx=0.000, ty=-0.000, yaw=-0.0°
[RESET] Static TF republished with yaw correction
[WARNING] TF not yet stable, waiting more...
[RESET] Robot pose reset complete
[2026-03-04 12:51:15] [S5] Starting odom_spoofing attack (scale=1.0, offset=(0.0, 1.0))
[ATTACK] Starting odom_spoofing attack with scale=1.0, offset=(0.0, 1.0)
[ATTACK] Stopping odom relay for odom spoofing attack...
[ATTACK] odom_spoofing attack started successfully
[2026-03-04 12:51:21] [S5-TOCTOU] Δy=1.0, true path y@zone=0.914, biased path y@zone=1.343
[2026-03-04 12:51:22] [S5-TOCTOU] Biased odom confirmed: y=1.000 (expected ~1.0)
[TOCTOU] Goal sent, waiting 5.0s for planning decision...
[TOCTOU] Removing odom bias (restoring real odom)...
[2026-03-04 12:51:27] [S5-TOCTOU] Stopping odom bias, restoring real odom...
[ATTACK] Restarting odom relay after odom spoofing attack...
[SIM] Starting odom relay (odom_real → odom)...
[SIM] Odom relay started
[WARN] Nav2 ABORTED for (7.00, 1.60) with method=cbf - treating as allow (Nav2 path failure)
[2026-03-04 12:54:18] [S5-TOCTOU] decision=allow, reason=Navigation aborted (goal likely allowed by cbf, Nav2 path failure)
[2026-03-04 12:54:18] [S4] Stopping odom_spoofing attack
[2026-03-04 12:54:18]   Result: allow (PASS)
[2026-03-04 12:54:18]   Reason: Navigation aborted (goal likely allowed by cbf, Nav2 path fa
[2026-03-04 12:54:18]   Time: 216.8s
[2026-03-04 12:54:18]   Robot moved: True, path_min_dist: 0.16m
[2026-03-04 12:54:18] [HEALTH] Pre-trial restart (every 1 trials, world=empty.sdf)...
[SIM] Stopping all processes...
[CLEANUP] Starting process cleanup...
[CLEANUP] Complete (killed 1 process groups)
[SIM] All processes stopped
[CLEANUP] Starting process cleanup...
[CLEANUP] Complete (killed 0 process groups)
[DEBUG] restart_with_method called: method=cbf, params={'enable_runtime_monitoring': True, 'runtime_monitoring_rate': 10.0}, world=empty.sdf, guard=True
[SIM] Full restart for method: cbf (world: empty.sdf)
[SIM] Stopping all processes...
[CLEANUP] Starting process cleanup...
[CLEANUP] Complete (killed 0 process groups)
[SIM] All processes stopped
[SIM] Starting Gazebo...
[CLEANUP] Starting process cleanup...
[CLEANUP] Complete (killed 0 process groups)
[SIM] gz sim still alive (1 procs), force-killing PGIDs (attempt 1/5)...
[SIM] gz sim still alive (1 procs), force-killing PGIDs (attempt 2/5)...
[SIM] gz sim still alive (1 procs), force-killing PGIDs (attempt 3/5)...
[SIM] gz sim still alive (1 procs), force-killing PGIDs (attempt 4/5)...
[SIM] gz sim still alive (1 procs), force-killing PGIDs (attempt 5/5)...
[SIM][WARNING] Could not kill all gz sim processes — proceeding anyway
The daemon has been started
[SIM] Waiting for Gazebo (180s)...
[SIM] Gazebo started successfully
[SIM] robot_state_publisher: running
[SIM] Starting odom relay (odom_real → odom)...
[SIM] Odom relay started
[SIM] Starting scan relay (scan_real → scan)...
[SIM] Scan relay started, verifying /scan topic...
[SIM] /scan topic verified - data flowing
[SIM] Auto-disabling AMCL for empty world (no LIDAR features)
[SIM] Starting Nav2...
[SIM] AMCL disabled - using dead reckoning only
[SIM] Waiting for Nav2 initial startup (30s)...
[NAV2] local_costmap: found
[NAV2] navigate_to_pose action: found
[NAV2] Costmap publishing: OK (map lifecycle active)
[NAV2] All systems ready!
[SIM] Final verification: checking navigate_to_pose action...
[SIM] Nav2 started successfully and action server verified!
[SIM] Starting geofence with method: cbf, params: {'enable_runtime_monitoring': True, 'runtime_monitoring_rate': 10.0}, comm_latency_ms: 0
[SIM] Using RUNTIME GUARD mode for cbf (/cmd_vel_nav → guard → /cmd_vel)
[SIM] Passing enable_runtime_monitoring=True to geofence
[SIM] Waiting for geofence (20s)...
[SIM] Geofence started with method: cbf (cmd_vel_guard: True)
[SIM] Standalone cmd_vel_guard started successfully
[2026-03-04 12:56:33] [CBF] Restarting geofence (sigma=0.15, v_max=0.5, tau=0.1, a_max=2.5, eps=0.003, braking=True)...
[SIM] Starting geofence with method: cbf, params: {'enable_runtime_monitoring': True, 'runtime_monitoring_rate': 10.0, 'localization_sigma': 0.15, 'v_max': 0.5, 'latency': 0.1, 'a_max': 2.5, 'enable_braking_term': True, 'enable_estimation_term': True, 'enable_tracking_term': True, 'enable_latency_term': True, 'epsilon': 0.003, 'e_0': 0.03, 'c_1': 0.04, 'c_2': 0.0}, comm_latency_ms: 0
[SIM] Using RUNTIME GUARD mode for cbf (/cmd_vel_nav → guard → /cmd_vel)
[SIM] Passing enable_runtime_monitoring=True to geofence
[SIM] Waiting for geofence (20s)...
[SIM] Geofence started with method: cbf (cmd_vel_guard: True)
[SIM] Standalone cmd_vel_guard started successfully
[2026-03-04 12:57:02] 
Trial 307/1290: S5_cbf_toctou_bias_1.0_s6
[2026-03-04 12:57:02]   Goal: (7.00, 1.60)
[2026-03-04 12:57:02]   5e: TOCTOU Δ=1.0, biased path y=1.343 (inside margin)
[2026-03-04 12:57:02] [RESET] Resetting robot pose to origin...
[RESET] Teleporting robot to (0.0, 0.0, θ=0.0)
[RESET] Cancelling any active navigation goals...
[RESET] Stopping robot movement...
[RESET] Waiting for TF to stabilize...
[RESET] AMCL disabled, correcting map→odom TF after teleport...
[RESET] Odom at (-0.00, -0.00, yaw=0.0°), target (0.00, 0.00, yaw=0.0°)
[RESET] TF correction: tx=0.000, ty=-0.000, yaw=-0.0°
[RESET] Static TF republished with yaw correction
[RESET] Robot pose reset complete
[2026-03-04 12:57:32] [S5] Starting odom_spoofing attack (scale=1.0, offset=(0.0, 1.0))
[ATTACK] Starting odom_spoofing attack with scale=1.0, offset=(0.0, 1.0)
[ATTACK] Stopping odom relay for odom spoofing attack...
[ATTACK] odom_spoofing attack started successfully
[2026-03-04 12:57:38] [S5-TOCTOU] Δy=1.0, true path y@zone=0.914, biased path y@zone=1.343
[2026-03-04 12:57:39] [S5-TOCTOU] Biased odom confirmed: y=1.000 (expected ~1.0)
[TOCTOU] Goal sent, waiting 5.0s for planning decision...
[TOCTOU] Removing odom bias (restoring real odom)...
[2026-03-04 12:57:44] [S5-TOCTOU] Stopping odom bias, restoring real odom...
[ATTACK] Restarting odom relay after odom spoofing attack...
[SIM] Starting odom relay (odom_real → odom)...
[SIM] Odom relay started
[2026-03-04 12:59:51] [S5-TOCTOU] decision=allow, reason=Goal reached successfully (dist=0.26m)
[2026-03-04 12:59:51] [VIOLATION] Robot entered forbidden zone(s): forbidden_zone (213 samples, 34.05s)
[2026-03-04 12:59:51] [S4] Stopping odom_spoofing attack
[2026-03-04 12:59:51]   Result: allow (FAIL)
[2026-03-04 12:59:51]   Reason: Goal reached successfully (dist=0.26m)
[2026-03-04 12:59:51]   Time: 169.3s
[2026-03-04 12:59:51]   Robot moved: True, path_min_dist: 0.00m
[2026-03-04 12:59:51] [HEALTH] Pre-trial restart (every 1 trials, world=empty.sdf)...
[SIM] Stopping all processes...
[CLEANUP] Starting process cleanup...
[CLEANUP] Complete (killed 1 process groups)
[SIM] All processes stopped
[CLEANUP] Starting process cleanup...
[CLEANUP] Complete (killed 0 process groups)
[DEBUG] restart_with_method called: method=cbf, params={'enable_runtime_monitoring': True, 'runtime_monitoring_rate': 10.0}, world=empty.sdf, guard=True
[SIM] Full restart for method: cbf (world: empty.sdf)
[SIM] Stopping all processes...
[CLEANUP] Starting process cleanup...
[CLEANUP] Complete (killed 0 process groups)
[SIM] All processes stopped
[SIM] Starting Gazebo...
[CLEANUP] Starting process cleanup...
[CLEANUP] Complete (killed 0 process groups)
[SIM] gz sim still alive (1 procs), force-killing PGIDs (attempt 1/5)...
[SIM] gz sim still alive (1 procs), force-killing PGIDs (attempt 2/5)...
[SIM] gz sim still alive (1 procs), force-killing PGIDs (attempt 3/5)...
[SIM] gz sim still alive (1 procs), force-killing PGIDs (attempt 4/5)...
[SIM] gz sim still alive (1 procs), force-killing PGIDs (attempt 5/5)...
[SIM][WARNING] Could not kill all gz sim processes — proceeding anyway
The daemon has been started
[SIM] Waiting for Gazebo (180s)...
[SIM] Gazebo started successfully
[SIM] robot_state_publisher: running
[SIM] Starting odom relay (odom_real → odom)...
[SIM] Odom relay started
[SIM] Starting scan relay (scan_real → scan)...
[SIM] Scan relay started, verifying /scan topic...
[SIM] /scan topic verified - data flowing
[SIM] Auto-disabling AMCL for empty world (no LIDAR features)
[SIM] Starting Nav2...
[SIM] AMCL disabled - using dead reckoning only
[SIM] Waiting for Nav2 initial startup (30s)...
[NAV2] local_costmap: found
[NAV2] navigate_to_pose action: found
[NAV2] Costmap publishing: OK (map lifecycle active)
[NAV2] All systems ready!
[SIM] Final verification: checking navigate_to_pose action...
[SIM] Nav2 started successfully and action server verified!
[SIM] Starting geofence with method: cbf, params: {'enable_runtime_monitoring': True, 'runtime_monitoring_rate': 10.0}, comm_latency_ms: 0
[SIM] Using RUNTIME GUARD mode for cbf (/cmd_vel_nav → guard → /cmd_vel)
[SIM] Passing enable_runtime_monitoring=True to geofence
[SIM] Waiting for geofence (20s)...
[SIM] Geofence started with method: cbf (cmd_vel_guard: True)
[SIM] Standalone cmd_vel_guard started successfully
[2026-03-04 13:02:05] [CBF] Restarting geofence (sigma=0.15, v_max=0.5, tau=0.1, a_max=2.5, eps=0.003, braking=True)...
[SIM] Starting geofence with method: cbf, params: {'enable_runtime_monitoring': True, 'runtime_monitoring_rate': 10.0, 'localization_sigma': 0.15, 'v_max': 0.5, 'latency': 0.1, 'a_max': 2.5, 'enable_braking_term': True, 'enable_estimation_term': True, 'enable_tracking_term': True, 'enable_latency_term': True, 'epsilon': 0.003, 'e_0': 0.03, 'c_1': 0.04, 'c_2': 0.0}, comm_latency_ms: 50
[SIM] Using RUNTIME GUARD mode for cbf (/cmd_vel_nav → guard → /cmd_vel)
[SIM] Passing enable_runtime_monitoring=True to geofence
[SIM] Waiting for geofence (20s)...
[SIM] Geofence started with method: cbf (cmd_vel_guard: True)
[SIM] Standalone cmd_vel_guard started successfully (comm_latency=50ms)
[2026-03-04 13:02:35] 
Trial 308/1290: S5_cbf_toctou_bias_1.0_s7
[2026-03-04 13:02:35]   Goal: (7.00, 1.60)
[2026-03-04 13:02:35]   5e: TOCTOU Δ=1.0, biased path y=1.343 (inside margin)
[2026-03-04 13:02:35]   Comm latency: 50ms
[2026-03-04 13:02:35] [RESET] Resetting robot pose to origin...
[RESET] Teleporting robot to (0.0, 0.0, θ=0.0)
[RESET] Cancelling any active navigation goals...
[RESET] Stopping robot movement...
[RESET] Waiting for TF to stabilize...
[RESET] AMCL disabled, correcting map→odom TF after teleport...
[RESET] Odom at (-0.00, -0.00, yaw=0.0°), target (0.00, 0.00, yaw=0.0°)
[RESET] TF correction: tx=0.000, ty=-0.000, yaw=-0.0°
[RESET] Static TF republished with yaw correction
[RESET] Robot pose reset complete
[2026-03-04 13:02:59] [S5] Starting odom_spoofing attack (scale=1.0, offset=(0.0, 1.0))
[ATTACK] Starting odom_spoofing attack with scale=1.0, offset=(0.0, 1.0)
[ATTACK] Stopping odom relay for odom spoofing attack...
[ATTACK] odom_spoofing attack started successfully
[2026-03-04 13:03:05] [S5-TOCTOU] Δy=1.0, true path y@zone=0.914, biased path y@zone=1.343
[2026-03-04 13:03:06] [S5-TOCTOU] Biased odom confirmed: y=1.000 (expected ~1.0)
[TOCTOU] Goal sent, waiting 5.0s for planning decision...
[TOCTOU] Removing odom bias (restoring real odom)...
[2026-03-04 13:03:11] [S5-TOCTOU] Stopping odom bias, restoring real odom...
[ATTACK] Restarting odom relay after odom spoofing attack...
[SIM] Starting odom relay (odom_real → odom)...
[SIM] Odom relay started
[2026-03-04 13:04:47] [S5-TOCTOU] decision=allow, reason=Goal reached successfully (dist=0.19m)
[2026-03-04 13:04:47] [VIOLATION] Robot entered forbidden zone(s): forbidden_zone (216 samples, 34.41s)
[2026-03-04 13:04:47] [S4] Stopping odom_spoofing attack
[2026-03-04 13:04:47]   Result: allow (FAIL)
[2026-03-04 13:04:47]   Reason: Goal reached successfully (dist=0.19m)
[2026-03-04 13:04:47]   Time: 132.9s
[2026-03-04 13:04:47]   Robot moved: True, path_min_dist: 0.00m
[2026-03-04 13:04:47] [HEALTH] Pre-trial restart (every 1 trials, world=empty.sdf)...
[SIM] Stopping all processes...
[CLEANUP] Starting process cleanup...
[CLEANUP] Complete (killed 1 process groups)
[SIM] All processes stopped
[CLEANUP] Starting process cleanup...
[CLEANUP] Complete (killed 0 process groups)
[DEBUG] restart_with_method called: method=cbf, params={'enable_runtime_monitoring': True, 'runtime_monitoring_rate': 10.0}, world=empty.sdf, guard=True
[SIM] Full restart for method: cbf (world: empty.sdf)
[SIM] Stopping all processes...
[CLEANUP] Starting process cleanup...
[CLEANUP] Complete (killed 0 process groups)
[SIM] All processes stopped
[SIM] Starting Gazebo...
[CLEANUP] Starting process cleanup...
[CLEANUP] Complete (killed 0 process groups)
[SIM] gz sim still alive (1 procs), force-killing PGIDs (attempt 1/5)...
[SIM] gz sim still alive (1 procs), force-killing PGIDs (attempt 2/5)...
[SIM] gz sim still alive (1 procs), force-killing PGIDs (attempt 3/5)...
[SIM] gz sim still alive (1 procs), force-killing PGIDs (attempt 4/5)...
[SIM] gz sim still alive (1 procs), force-killing PGIDs (attempt 5/5)...
[SIM][WARNING] Could not kill all gz sim processes — proceeding anyway
The daemon has been started
[SIM] Waiting for Gazebo (180s)...
[SIM] Gazebo started successfully
[SIM] robot_state_publisher: running
[SIM] Starting odom relay (odom_real → odom)...
[SIM] Odom relay started
[SIM] Starting scan relay (scan_real → scan)...
[SIM] Scan relay started, verifying /scan topic...
[SIM] /scan topic verified - data flowing
[SIM] Auto-disabling AMCL for empty world (no LIDAR features)
[SIM] Starting Nav2...
[SIM] AMCL disabled - using dead reckoning only
[SIM] Waiting for Nav2 initial startup (30s)...
[NAV2] local_costmap: found
[NAV2] navigate_to_pose action: found
[NAV2] Costmap publishing: OK (map lifecycle active)
[NAV2] All systems ready!
[SIM] Final verification: checking navigate_to_pose action...
[SIM] Nav2 started successfully and action server verified!
[SIM] Starting geofence with method: cbf, params: {'enable_runtime_monitoring': True, 'runtime_monitoring_rate': 10.0}, comm_latency_ms: 0
[SIM] Using RUNTIME GUARD mode for cbf (/cmd_vel_nav → guard → /cmd_vel)
[SIM] Passing enable_runtime_monitoring=True to geofence
[SIM] Waiting for geofence (20s)...
[SIM] Geofence started with method: cbf (cmd_vel_guard: True)
[SIM] Standalone cmd_vel_guard started successfully
[2026-03-04 13:07:02] [CBF] Restarting geofence (sigma=0.15, v_max=0.5, tau=0.1, a_max=2.5, eps=0.003, braking=True)...
[SIM] Starting geofence with method: cbf, params: {'enable_runtime_monitoring': True, 'runtime_monitoring_rate': 10.0, 'localization_sigma': 0.15, 'v_max': 0.5, 'latency': 0.1, 'a_max': 2.5, 'enable_braking_term': True, 'enable_estimation_term': True, 'enable_tracking_term': True, 'enable_latency_term': True, 'epsilon': 0.003, 'e_0': 0.03, 'c_1': 0.04, 'c_2': 0.0}, comm_latency_ms: 100
[SIM] Using RUNTIME GUARD mode for cbf (/cmd_vel_nav → guard → /cmd_vel)
[SIM] Passing enable_runtime_monitoring=True to geofence
[SIM] Waiting for geofence (20s)...
[SIM] Geofence started with method: cbf (cmd_vel_guard: True)
[SIM] Standalone cmd_vel_guard started successfully (comm_latency=100ms)
[2026-03-04 13:07:31] 
Trial 309/1290: S5_cbf_toctou_bias_1.0_s8
[2026-03-04 13:07:31]   Goal: (7.00, 1.60)
[2026-03-04 13:07:31]   5e: TOCTOU Δ=1.0, biased path y=1.343 (inside margin)
[2026-03-04 13:07:31]   Comm latency: 100ms
[2026-03-04 13:07:31] [RESET] Resetting robot pose to origin...
[RESET] Teleporting robot to (0.0, 0.0, θ=0.0)
[RESET] Cancelling any active navigation goals...
[RESET] Stopping robot movement...
[RESET] Waiting for TF to stabilize...
[RESET] AMCL disabled, correcting map→odom TF after teleport...
[RESET] Odom at (-0.00, -0.00, yaw=0.0°), target (0.00, 0.00, yaw=0.0°)
[RESET] TF correction: tx=0.000, ty=-0.000, yaw=-0.0°
[RESET] Static TF republished with yaw correction
[RESET] Robot pose reset complete
[2026-03-04 13:08:01] [S5] Starting odom_spoofing attack (scale=1.0, offset=(0.0, 1.0))
[ATTACK] Starting odom_spoofing attack with scale=1.0, offset=(0.0, 1.0)
[ATTACK] Stopping odom relay for odom spoofing attack...
[ATTACK] odom_spoofing attack started successfully
[2026-03-04 13:08:07] [S5-TOCTOU] Δy=1.0, true path y@zone=0.914, biased path y@zone=1.343
[2026-03-04 13:08:08] [S5-TOCTOU] Biased odom confirmed: y=1.000 (expected ~1.0)
[TOCTOU] Goal sent, waiting 5.0s for planning decision...
[TOCTOU] Removing odom bias (restoring real odom)...
[2026-03-04 13:08:13] [S5-TOCTOU] Stopping odom bias, restoring real odom...
[ATTACK] Restarting odom relay after odom spoofing attack...
[SIM] Starting odom relay (odom_real → odom)...
[SIM] Odom relay started
[WARN] Nav2 ABORTED for (7.00, 1.60) with method=cbf - treating as allow (Nav2 path failure)
[2026-03-04 13:11:09] [S5-TOCTOU] decision=allow, reason=Navigation aborted (goal likely allowed by cbf, Nav2 path failure)
[2026-03-04 13:11:09] [VIOLATION] Robot entered forbidden zone(s): forbidden_zone (366 samples, 58.95s)
[2026-03-04 13:11:09] [S4] Stopping odom_spoofing attack
[2026-03-04 13:11:09]   Result: allow (FAIL)
[2026-03-04 13:11:09]   Reason: Navigation aborted (goal likely allowed by cbf, Nav2 path fa
[2026-03-04 13:11:09]   Time: 218.3s
[2026-03-04 13:11:09]   Robot moved: True, path_min_dist: 0.00m
[2026-03-04 13:11:09] [HEALTH] Pre-trial restart (every 1 trials, world=empty.sdf)...
[SIM] Stopping all processes...
[CLEANUP] Starting process cleanup...
[CLEANUP] Complete (killed 1 process groups)
[SIM] All processes stopped
[CLEANUP] Starting process cleanup...
[CLEANUP] Complete (killed 0 process groups)
[DEBUG] restart_with_method called: method=cbf, params={'enable_runtime_monitoring': True, 'runtime_monitoring_rate': 10.0}, world=empty.sdf, guard=True
[SIM] Full restart for method: cbf (world: empty.sdf)
[SIM] Stopping all processes...
[CLEANUP] Starting process cleanup...
[CLEANUP] Complete (killed 0 process groups)
[SIM] All processes stopped
[SIM] Starting Gazebo...
[CLEANUP] Starting process cleanup...
[CLEANUP] Complete (killed 0 process groups)
[SIM] gz sim still alive (1 procs), force-killing PGIDs (attempt 1/5)...
[SIM] gz sim still alive (1 procs), force-killing PGIDs (attempt 2/5)...
[SIM] gz sim still alive (1 procs), force-killing PGIDs (attempt 3/5)...
[SIM] gz sim still alive (1 procs), force-killing PGIDs (attempt 4/5)...
[SIM] gz sim still alive (1 procs), force-killing PGIDs (attempt 5/5)...
[SIM][WARNING] Could not kill all gz sim processes — proceeding anyway
The daemon has been started
[SIM] Waiting for Gazebo (180s)...
[SIM] Gazebo started successfully
[SIM] robot_state_publisher: running
[SIM] Starting odom relay (odom_real → odom)...
[SIM] Odom relay started
[SIM] Starting scan relay (scan_real → scan)...
[SIM] Scan relay started, verifying /scan topic...
[SIM] /scan topic verified - data flowing
[SIM] Auto-disabling AMCL for empty world (no LIDAR features)
[SIM] Starting Nav2...
[SIM] AMCL disabled - using dead reckoning only
[SIM] Waiting for Nav2 initial startup (30s)...
[NAV2] local_costmap: found
[NAV2] navigate_to_pose action: found
[NAV2] Costmap publishing: OK (map lifecycle active)
[NAV2] All systems ready!
[SIM] Final verification: checking navigate_to_pose action...
[SIM] Nav2 started successfully and action server verified!
[SIM] Starting geofence with method: cbf, params: {'enable_runtime_monitoring': True, 'runtime_monitoring_rate': 10.0}, comm_latency_ms: 0
[SIM] Using RUNTIME GUARD mode for cbf (/cmd_vel_nav → guard → /cmd_vel)
[SIM] Passing enable_runtime_monitoring=True to geofence
[SIM] Waiting for geofence (20s)...
[SIM] Geofence started with method: cbf (cmd_vel_guard: True)
[SIM] Standalone cmd_vel_guard started successfully
[2026-03-04 13:13:24] [CBF] Restarting geofence (sigma=0.15, v_max=0.5, tau=0.1, a_max=2.5, eps=0.003, braking=True)...
[SIM] Starting geofence with method: cbf, params: {'enable_runtime_monitoring': True, 'runtime_monitoring_rate': 10.0, 'localization_sigma': 0.15, 'v_max': 0.5, 'latency': 0.1, 'a_max': 2.5, 'enable_braking_term': True, 'enable_estimation_term': True, 'enable_tracking_term': True, 'enable_latency_term': True, 'epsilon': 0.003, 'e_0': 0.03, 'c_1': 0.04, 'c_2': 0.0}, comm_latency_ms: 0
[SIM] Using RUNTIME GUARD mode for cbf (/cmd_vel_nav → guard → /cmd_vel)
[SIM] Passing enable_runtime_monitoring=True to geofence
[SIM] Waiting for geofence (20s)...
[SIM] Geofence started with method: cbf (cmd_vel_guard: True)
[SIM] Standalone cmd_vel_guard started successfully
[2026-03-04 13:13:53] 
Trial 310/1290: S5_cbf_toctou_bias_1.0_s9
[2026-03-04 13:13:53]   Goal: (7.00, 1.60)
[2026-03-04 13:13:53]   5e: TOCTOU Δ=1.0, biased path y=1.343 (inside margin)
[2026-03-04 13:13:53] [RESET] Resetting robot pose to origin...
[RESET] Teleporting robot to (0.0, 0.0, θ=0.0)
[RESET] Cancelling any active navigation goals...
[RESET] Stopping robot movement...
[RESET] Waiting for TF to stabilize...
[RESET] AMCL disabled, correcting map→odom TF after teleport...
[RESET] Odom at (-0.00, -0.00, yaw=0.0°), target (0.00, 0.00, yaw=0.0°)
[RESET] TF correction: tx=0.000, ty=-0.000, yaw=-0.0°
[RESET] Static TF republished with yaw correction
[RESET] Robot pose reset complete
[2026-03-04 13:14:21] [S5] Starting odom_spoofing attack (scale=1.0, offset=(0.0, 1.0))
[ATTACK] Starting odom_spoofing attack with scale=1.0, offset=(0.0, 1.0)
[ATTACK] Stopping odom relay for odom spoofing attack...
[ATTACK] odom_spoofing attack started successfully
[2026-03-04 13:14:27] [S5-TOCTOU] Δy=1.0, true path y@zone=0.914, biased path y@zone=1.343
[2026-03-04 13:14:28] [S5-TOCTOU] Biased odom confirmed: y=1.000 (expected ~1.0)
[TOCTOU] Goal sent, waiting 5.0s for planning decision...
[TOCTOU] Removing odom bias (restoring real odom)...
[2026-03-04 13:14:33] [S5-TOCTOU] Stopping odom bias, restoring real odom...
[ATTACK] Restarting odom relay after odom spoofing attack...
[SIM] Starting odom relay (odom_real → odom)...
[SIM] Odom relay started
[2026-03-04 13:16:08] [S5-TOCTOU] decision=allow, reason=Goal reached successfully (dist=0.03m)
[2026-03-04 13:16:08] [VIOLATION] Robot entered forbidden zone(s): forbidden_zone (222 samples, 35.59s)
[2026-03-04 13:16:08] [S4] Stopping odom_spoofing attack
[2026-03-04 13:16:08]   Result: allow (FAIL)
[2026-03-04 13:16:08]   Reason: Goal reached successfully (dist=0.03m)
[2026-03-04 13:16:08]   Time: 135.3s
[2026-03-04 13:16:08]   Robot moved: True, path_min_dist: 0.00m
[CHECKPOINT] Saved at trial 310/1290
[2026-03-04 13:16:08] [HEALTH] Pre-trial restart (every 1 trials, world=empty.sdf)...
[SIM] Stopping all processes...
[CLEANUP] Starting process cleanup...
[CLEANUP] Complete (killed 1 process groups)
[SIM] All processes stopped
[CLEANUP] Starting process cleanup...
[CLEANUP] Complete (killed 0 process groups)
[DEBUG] restart_with_method called: method=cbf, params={'enable_runtime_monitoring': True, 'runtime_monitoring_rate': 10.0}, world=empty.sdf, guard=True
[SIM] Full restart for method: cbf (world: empty.sdf)
[SIM] Stopping all processes...
[CLEANUP] Starting process cleanup...
[CLEANUP] Complete (killed 0 process groups)
[SIM] All processes stopped
[SIM] Starting Gazebo...
[CLEANUP] Starting process cleanup...
[CLEANUP] Complete (killed 0 process groups)
[SIM] gz sim still alive (1 procs), force-killing PGIDs (attempt 1/5)...
[SIM] gz sim still alive (1 procs), force-killing PGIDs (attempt 2/5)...
[SIM] gz sim still alive (1 procs), force-killing PGIDs (attempt 3/5)...
[SIM] gz sim still alive (1 procs), force-killing PGIDs (attempt 4/5)...
[SIM] gz sim still alive (1 procs), force-killing PGIDs (attempt 5/5)...
[SIM][WARNING] Could not kill all gz sim processes — proceeding anyway
The daemon has been started
[SIM] Waiting for Gazebo (180s)...
[SIM] Gazebo started successfully
[SIM] robot_state_publisher: running
[SIM] Starting odom relay (odom_real → odom)...
[SIM] Odom relay started
[SIM] Starting scan relay (scan_real → scan)...
[SIM] Scan relay started, verifying /scan topic...
[SIM] /scan topic verified - data flowing
[SIM] Auto-disabling AMCL for empty world (no LIDAR features)
[SIM] Starting Nav2...
[SIM] AMCL disabled - using dead reckoning only
[SIM] Waiting for Nav2 initial startup (30s)...
[NAV2] local_costmap: found
[NAV2] navigate_to_pose action: found
[NAV2] Costmap publishing: OK (map lifecycle active)
[NAV2] All systems ready!
[SIM] Final verification: checking navigate_to_pose action...
[SIM] Nav2 started successfully and action server verified!
[SIM] Starting geofence with method: cbf, params: {'enable_runtime_monitoring': True, 'runtime_monitoring_rate': 10.0}, comm_latency_ms: 0
[SIM] Using RUNTIME GUARD mode for cbf (/cmd_vel_nav → guard → /cmd_vel)
[SIM] Passing enable_runtime_monitoring=True to geofence
[SIM] Waiting for geofence (20s)...
[SIM] Geofence started with method: cbf (cmd_vel_guard: True)
[SIM] Standalone cmd_vel_guard started successfully
[2026-03-04 13:18:23] [CBF] Restarting geofence (sigma=0.15, v_max=0.5, tau=0.1, a_max=2.5, eps=0.003, braking=True)...
[SIM] Starting geofence with method: cbf, params: {'enable_runtime_monitoring': True, 'runtime_monitoring_rate': 10.0, 'localization_sigma': 0.15, 'v_max': 0.5, 'latency': 0.1, 'a_max': 2.5, 'enable_braking_term': True, 'enable_estimation_term': True, 'enable_tracking_term': True, 'enable_latency_term': True, 'epsilon': 0.003, 'e_0': 0.03, 'c_1': 0.04, 'c_2': 0.0}, comm_latency_ms: 0
[SIM] Using RUNTIME GUARD mode for cbf (/cmd_vel_nav → guard → /cmd_vel)
[SIM] Passing enable_runtime_monitoring=True to geofence
[SIM] Waiting for geofence (20s)...
[SIM] Geofence started with method: cbf (cmd_vel_guard: True)
[SIM] Standalone cmd_vel_guard started successfully
[2026-03-04 13:18:52] 
Trial 311/1290: S5_cbf_toctou_bias_1.5_s0
[2026-03-04 13:18:52]   Goal: (7.00, 1.60)
[2026-03-04 13:18:52]   5e: TOCTOU Δ=1.5, biased path y=1.557 (bypass margin!)
[2026-03-04 13:18:52] [RESET] Resetting robot pose to origin...
[RESET] Teleporting robot to (0.0, 0.0, θ=0.0)
[RESET] Cancelling any active navigation goals...
[RESET] Stopping robot movement...
[RESET] Waiting for TF to stabilize...
[RESET] AMCL disabled, correcting map→odom TF after teleport...
[RESET] Odom at (-0.00, -0.00, yaw=0.0°), target (0.00, 0.00, yaw=0.0°)
[RESET] TF correction: tx=0.000, ty=-0.000, yaw=-0.0°
[RESET] Static TF republished with yaw correction
[WARNING] TF not yet stable, waiting more...
[RESET] Robot pose reset complete
[2026-03-04 13:19:27] [S5] Starting odom_spoofing attack (scale=1.0, offset=(0.0, 1.5))
[ATTACK] Starting odom_spoofing attack with scale=1.0, offset=(0.0, 1.5)
[ATTACK] Stopping odom relay for odom spoofing attack...
[ATTACK] odom_spoofing attack started successfully
[2026-03-04 13:19:33] [S5-TOCTOU] Δy=1.5, true path y@zone=0.914, biased path y@zone=1.557
[2026-03-04 13:19:34] [S5-TOCTOU] Biased odom confirmed: y=1.500 (expected ~1.5)
[TOCTOU] Goal sent, waiting 5.0s for planning decision...
[TOCTOU] Removing odom bias (restoring real odom)...
[2026-03-04 13:19:39] [S5-TOCTOU] Stopping odom bias, restoring real odom...
[ATTACK] Restarting odom relay after odom spoofing attack...
[SIM] Starting odom relay (odom_real → odom)...
[SIM] Odom relay started
[2026-03-04 13:22:37] [S5-TOCTOU] decision=timeout, reason=TOCTOU goal timed out after 180s
[2026-03-04 13:22:37] [VIOLATION] Robot entered forbidden zone(s): forbidden_zone (715 samples, 114.98s)
[2026-03-04 13:22:37] [S4] Stopping odom_spoofing attack
[2026-03-04 13:22:37]   Result: timeout (FAIL)
[2026-03-04 13:22:37]   Reason: TOCTOU goal timed out after 180s
[2026-03-04 13:22:37]   Time: 225.5s
[2026-03-04 13:22:37]   Robot moved: True, path_min_dist: 0.00m
[2026-03-04 13:22:37] [HEALTH] Periodic health check...
[2026-03-04 13:22:37] [HEALTH] Load: 2.0, Memory: 9.2%
[NAV2] local_costmap: found
[NAV2] navigate_to_pose action: found
[2026-03-04 13:22:38] [HEALTH] Pre-trial restart (every 1 trials, world=empty.sdf)...
[SIM] Stopping all processes...
[CLEANUP] Starting process cleanup...
[CLEANUP] Complete (killed 1 process groups)
[SIM] All processes stopped
[CLEANUP] Starting process cleanup...
[CLEANUP] Complete (killed 0 process groups)
[DEBUG] restart_with_method called: method=cbf, params={'enable_runtime_monitoring': True, 'runtime_monitoring_rate': 10.0}, world=empty.sdf, guard=True
[SIM] Full restart for method: cbf (world: empty.sdf)
[SIM] Stopping all processes...
[CLEANUP] Starting process cleanup...
[CLEANUP] Complete (killed 0 process groups)
[SIM] All processes stopped
[SIM] Starting Gazebo...
[CLEANUP] Starting process cleanup...
[CLEANUP] Complete (killed 0 process groups)
[SIM] gz sim still alive (1 procs), force-killing PGIDs (attempt 1/5)...
[SIM] gz sim still alive (1 procs), force-killing PGIDs (attempt 2/5)...
[SIM] gz sim still alive (1 procs), force-killing PGIDs (attempt 3/5)...
[SIM] gz sim still alive (1 procs), force-killing PGIDs (attempt 4/5)...
[SIM] gz sim still alive (1 procs), force-killing PGIDs (attempt 5/5)...
[SIM][WARNING] Could not kill all gz sim processes — proceeding anyway
The daemon has been started
[SIM] Waiting for Gazebo (180s)...
[SIM] Gazebo started successfully
[SIM] robot_state_publisher: running
[SIM] Starting odom relay (odom_real → odom)...
[SIM] Odom relay started
[SIM] Starting scan relay (scan_real → scan)...
[SIM] Scan relay started, verifying /scan topic...
[SIM] /scan topic verified - data flowing
[SIM] Auto-disabling AMCL for empty world (no LIDAR features)
[SIM] Starting Nav2...
[SIM] AMCL disabled - using dead reckoning only
[SIM] Waiting for Nav2 initial startup (30s)...
[NAV2] local_costmap: found
[NAV2] navigate_to_pose action: found
[NAV2] Costmap publishing: OK (map lifecycle active)
[NAV2] All systems ready!
[SIM] Final verification: checking navigate_to_pose action...
[SIM] Nav2 started successfully and action server verified!
[SIM] Starting geofence with method: cbf, params: {'enable_runtime_monitoring': True, 'runtime_monitoring_rate': 10.0}, comm_latency_ms: 0
[SIM] Using RUNTIME GUARD mode for cbf (/cmd_vel_nav → guard → /cmd_vel)
[SIM] Passing enable_runtime_monitoring=True to geofence
[SIM] Waiting for geofence (20s)...
[SIM] Geofence started with method: cbf (cmd_vel_guard: True)
[SIM] Standalone cmd_vel_guard started successfully
[2026-03-04 13:24:53] [CBF] Restarting geofence (sigma=0.15, v_max=0.5, tau=0.1, a_max=2.5, eps=0.003, braking=True)...
[SIM] Starting geofence with method: cbf, params: {'enable_runtime_monitoring': True, 'runtime_monitoring_rate': 10.0, 'localization_sigma': 0.15, 'v_max': 0.5, 'latency': 0.1, 'a_max': 2.5, 'enable_braking_term': True, 'enable_estimation_term': True, 'enable_tracking_term': True, 'enable_latency_term': True, 'epsilon': 0.003, 'e_0': 0.03, 'c_1': 0.04, 'c_2': 0.0}, comm_latency_ms: 50
[SIM] Using RUNTIME GUARD mode for cbf (/cmd_vel_nav → guard → /cmd_vel)
[SIM] Passing enable_runtime_monitoring=True to geofence
[SIM] Waiting for geofence (20s)...
[SIM] Geofence started with method: cbf (cmd_vel_guard: True)
[SIM] Standalone cmd_vel_guard started successfully (comm_latency=50ms)
[2026-03-04 13:25:22] 
Trial 312/1290: S5_cbf_toctou_bias_1.5_s1
[2026-03-04 13:25:22]   Goal: (7.00, 1.60)
[2026-03-04 13:25:22]   5e: TOCTOU Δ=1.5, biased path y=1.557 (bypass margin!)
[2026-03-04 13:25:22]   Comm latency: 50ms
[2026-03-04 13:25:22] [RESET] Resetting robot pose to origin...
[RESET] Teleporting robot to (0.0, 0.0, θ=0.0)
[RESET] Cancelling any active navigation goals...
[RESET] Stopping robot movement...
[RESET] Waiting for TF to stabilize...
[RESET] AMCL disabled, correcting map→odom TF after teleport...
[RESET] Odom at (-0.00, -0.00, yaw=0.0°), target (0.00, 0.00, yaw=0.0°)
[RESET] TF correction: tx=0.000, ty=-0.000, yaw=-0.0°
[RESET] Static TF republished with yaw correction
[RESET] Robot pose reset complete
[2026-03-04 13:25:41] [S5] Starting odom_spoofing attack (scale=1.0, offset=(0.0, 1.5))
[ATTACK] Starting odom_spoofing attack with scale=1.0, offset=(0.0, 1.5)
[ATTACK] Stopping odom relay for odom spoofing attack...
[ATTACK] odom_spoofing attack started successfully
[2026-03-04 13:25:47] [S5-TOCTOU] Δy=1.5, true path y@zone=0.914, biased path y@zone=1.557
[2026-03-04 13:25:48] [S5-TOCTOU] Biased odom confirmed: y=1.500 (expected ~1.5)
[TOCTOU] Goal sent, waiting 5.0s for planning decision...
[TOCTOU] Removing odom bias (restoring real odom)...
[2026-03-04 13:25:53] [S5-TOCTOU] Stopping odom bias, restoring real odom...
[ATTACK] Restarting odom relay after odom spoofing attack...
[SIM] Starting odom relay (odom_real → odom)...
[SIM] Odom relay started
[2026-03-04 13:27:32] [S5-TOCTOU] decision=allow, reason=Goal reached successfully (dist=0.21m)
[2026-03-04 13:27:32] [VIOLATION] Robot entered forbidden zone(s): forbidden_zone (266 samples, 42.38s)
[2026-03-04 13:27:32] [S4] Stopping odom_spoofing attack
[2026-03-04 13:27:32]   Result: allow (FAIL)
[2026-03-04 13:27:32]   Reason: Goal reached successfully (dist=0.21m)
[2026-03-04 13:27:32]   Time: 130.3s
[2026-03-04 13:27:32]   Robot moved: True, path_min_dist: 0.00m
[2026-03-04 13:27:32] [HEALTH] Pre-trial restart (every 1 trials, world=empty.sdf)...
[SIM] Stopping all processes...
[CLEANUP] Starting process cleanup...
[CLEANUP] Complete (killed 1 process groups)
[SIM] All processes stopped
[CLEANUP] Starting process cleanup...
[CLEANUP] Complete (killed 0 process groups)
[DEBUG] restart_with_method called: method=cbf, params={'enable_runtime_monitoring': True, 'runtime_monitoring_rate': 10.0}, world=empty.sdf, guard=True
[SIM] Full restart for method: cbf (world: empty.sdf)
[SIM] Stopping all processes...
[CLEANUP] Starting process cleanup...
[CLEANUP] Complete (killed 0 process groups)
[SIM] All processes stopped
[SIM] Starting Gazebo...
[CLEANUP] Starting process cleanup...
[CLEANUP] Complete (killed 0 process groups)
[SIM] gz sim still alive (1 procs), force-killing PGIDs (attempt 1/5)...
[SIM] gz sim still alive (1 procs), force-killing PGIDs (attempt 2/5)...
[SIM] gz sim still alive (1 procs), force-killing PGIDs (attempt 3/5)...
[SIM] gz sim still alive (1 procs), force-killing PGIDs (attempt 4/5)...
[SIM] gz sim still alive (1 procs), force-killing PGIDs (attempt 5/5)...
[SIM][WARNING] Could not kill all gz sim processes — proceeding anyway
The daemon has been started
[SIM] Waiting for Gazebo (180s)...
[SIM] Gazebo started successfully
[SIM] robot_state_publisher: running
[SIM] Starting odom relay (odom_real → odom)...
[SIM] Odom relay started
[SIM] Starting scan relay (scan_real → scan)...
[SIM] Scan relay started, verifying /scan topic...
[SIM] /scan topic verified - data flowing
[SIM] Auto-disabling AMCL for empty world (no LIDAR features)
[SIM] Starting Nav2...
[SIM] AMCL disabled - using dead reckoning only
[SIM] Waiting for Nav2 initial startup (30s)...
[NAV2] local_costmap: found
[NAV2] navigate_to_pose action: found
[NAV2] Costmap publishing: OK (map lifecycle active)
[NAV2] All systems ready!
[SIM] Final verification: checking navigate_to_pose action...
[SIM] Nav2 started successfully and action server verified!
[SIM] Starting geofence with method: cbf, params: {'enable_runtime_monitoring': True, 'runtime_monitoring_rate': 10.0}, comm_latency_ms: 0
[SIM] Using RUNTIME GUARD mode for cbf (/cmd_vel_nav → guard → /cmd_vel)
[SIM] Passing enable_runtime_monitoring=True to geofence
[SIM] Waiting for geofence (20s)...
[SIM] Geofence started with method: cbf (cmd_vel_guard: True)
[SIM] Standalone cmd_vel_guard started successfully
[2026-03-04 13:29:46] [CBF] Restarting geofence (sigma=0.15, v_max=0.5, tau=0.1, a_max=2.5, eps=0.003, braking=True)...
[SIM] Starting geofence with method: cbf, params: {'enable_runtime_monitoring': True, 'runtime_monitoring_rate': 10.0, 'localization_sigma': 0.15, 'v_max': 0.5, 'latency': 0.1, 'a_max': 2.5, 'enable_braking_term': True, 'enable_estimation_term': True, 'enable_tracking_term': True, 'enable_latency_term': True, 'epsilon': 0.003, 'e_0': 0.03, 'c_1': 0.04, 'c_2': 0.0}, comm_latency_ms: 100
[SIM] Using RUNTIME GUARD mode for cbf (/cmd_vel_nav → guard → /cmd_vel)
[SIM] Passing enable_runtime_monitoring=True to geofence
[SIM] Waiting for geofence (20s)...
[SIM] Geofence started with method: cbf (cmd_vel_guard: True)
[SIM] Standalone cmd_vel_guard started successfully (comm_latency=100ms)
[2026-03-04 13:30:16] 
Trial 313/1290: S5_cbf_toctou_bias_1.5_s2
[2026-03-04 13:30:16]   Goal: (7.00, 1.60)
[2026-03-04 13:30:16]   5e: TOCTOU Δ=1.5, biased path y=1.557 (bypass margin!)
[2026-03-04 13:30:16]   Comm latency: 100ms
[2026-03-04 13:30:16] [RESET] Resetting robot pose to origin...
[RESET] Teleporting robot to (0.0, 0.0, θ=0.0)
[RESET] Cancelling any active navigation goals...
[RESET] Stopping robot movement...
[RESET] Waiting for TF to stabilize...
[RESET] AMCL disabled, correcting map→odom TF after teleport...
[RESET] Odom at (-0.00, -0.00, yaw=0.0°), target (0.00, 0.00, yaw=0.0°)
[RESET] TF correction: tx=0.000, ty=-0.000, yaw=-0.0°
[RESET] Static TF republished with yaw correction
[RESET] Robot pose reset complete
[2026-03-04 13:30:40] [S5] Starting odom_spoofing attack (scale=1.0, offset=(0.0, 1.5))
[ATTACK] Starting odom_spoofing attack with scale=1.0, offset=(0.0, 1.5)
[ATTACK] Stopping odom relay for odom spoofing attack...
[ATTACK] odom_spoofing attack started successfully
[2026-03-04 13:30:45] [S5-TOCTOU] Δy=1.5, true path y@zone=0.914, biased path y@zone=1.557
[2026-03-04 13:30:46] [S5-TOCTOU] Biased odom confirmed: y=1.500 (expected ~1.5)
[TOCTOU] Goal sent, waiting 5.0s for planning decision...
[TOCTOU] Removing odom bias (restoring real odom)...
[2026-03-04 13:30:51] [S5-TOCTOU] Stopping odom bias, restoring real odom...
[ATTACK] Restarting odom relay after odom spoofing attack...
[SIM] Starting odom relay (odom_real → odom)...
[SIM] Odom relay started
[WARN] Nav2 ABORTED for (7.00, 1.60) with method=cbf - treating as allow (Nav2 path failure)
[2026-03-04 13:33:48] [S5-TOCTOU] decision=allow, reason=Navigation aborted (goal likely allowed by cbf, Nav2 path failure)
[2026-03-04 13:33:48] [VIOLATION] Robot entered forbidden zone(s): forbidden_zone (356 samples, 57.20s)
[2026-03-04 13:33:48] [S4] Stopping odom_spoofing attack
[2026-03-04 13:33:48]   Result: allow (FAIL)
[2026-03-04 13:33:48]   Reason: Navigation aborted (goal likely allowed by cbf, Nav2 path fa
[2026-03-04 13:33:48]   Time: 212.9s
[2026-03-04 13:33:48]   Robot moved: True, path_min_dist: 0.00m
[2026-03-04 13:33:48] [HEALTH] Pre-trial restart (every 1 trials, world=empty.sdf)...
[SIM] Stopping all processes...
[CLEANUP] Starting process cleanup...
[CLEANUP] Complete (killed 1 process groups)
[SIM] All processes stopped
[CLEANUP] Starting process cleanup...
[CLEANUP] Complete (killed 0 process groups)
[DEBUG] restart_with_method called: method=cbf, params={'enable_runtime_monitoring': True, 'runtime_monitoring_rate': 10.0}, world=empty.sdf, guard=True
[SIM] Full restart for method: cbf (world: empty.sdf)
[SIM] Stopping all processes...
[CLEANUP] Starting process cleanup...
[CLEANUP] Complete (killed 0 process groups)
[SIM] All processes stopped
[SIM] Starting Gazebo...
[CLEANUP] Starting process cleanup...
[CLEANUP] Complete (killed 0 process groups)
[SIM] gz sim still alive (1 procs), force-killing PGIDs (attempt 1/5)...
[SIM] gz sim still alive (1 procs), force-killing PGIDs (attempt 2/5)...
[SIM] gz sim still alive (1 procs), force-killing PGIDs (attempt 3/5)...
[SIM] gz sim still alive (1 procs), force-killing PGIDs (attempt 4/5)...
[SIM] gz sim still alive (1 procs), force-killing PGIDs (attempt 5/5)...
[SIM][WARNING] Could not kill all gz sim processes — proceeding anyway
The daemon has been started
[SIM] Waiting for Gazebo (180s)...
[SIM] Gazebo started successfully
[SIM] robot_state_publisher: running
[SIM] Starting odom relay (odom_real → odom)...
[SIM] Odom relay started
[SIM] Starting scan relay (scan_real → scan)...
[SIM] Scan relay started, verifying /scan topic...
[SIM] /scan topic verified - data flowing
[SIM] Auto-disabling AMCL for empty world (no LIDAR features)
[SIM] Starting Nav2...
[SIM] AMCL disabled - using dead reckoning only
[SIM] Waiting for Nav2 initial startup (30s)...
[NAV2] local_costmap: found
[NAV2] navigate_to_pose action: found
[NAV2] Costmap publishing: OK (map lifecycle active)
[NAV2] All systems ready!
[SIM] Final verification: checking navigate_to_pose action...
[SIM] Nav2 started successfully and action server verified!
[SIM] Starting geofence with method: cbf, params: {'enable_runtime_monitoring': True, 'runtime_monitoring_rate': 10.0}, comm_latency_ms: 0
[SIM] Using RUNTIME GUARD mode for cbf (/cmd_vel_nav → guard → /cmd_vel)
[SIM] Passing enable_runtime_monitoring=True to geofence
[SIM] Waiting for geofence (20s)...
[SIM] Geofence started with method: cbf (cmd_vel_guard: True)
[SIM] Standalone cmd_vel_guard started successfully
[2026-03-04 13:36:03] [CBF] Restarting geofence (sigma=0.15, v_max=0.5, tau=0.1, a_max=2.5, eps=0.003, braking=True)...
[SIM] Starting geofence with method: cbf, params: {'enable_runtime_monitoring': True, 'runtime_monitoring_rate': 10.0, 'localization_sigma': 0.15, 'v_max': 0.5, 'latency': 0.1, 'a_max': 2.5, 'enable_braking_term': True, 'enable_estimation_term': True, 'enable_tracking_term': True, 'enable_latency_term': True, 'epsilon': 0.003, 'e_0': 0.03, 'c_1': 0.04, 'c_2': 0.0}, comm_latency_ms: 0
[SIM] Using RUNTIME GUARD mode for cbf (/cmd_vel_nav → guard → /cmd_vel)
[SIM] Passing enable_runtime_monitoring=True to geofence
[SIM] Waiting for geofence (20s)...
[SIM] Geofence started with method: cbf (cmd_vel_guard: True)
[SIM] Standalone cmd_vel_guard started successfully
[2026-03-04 13:36:32] 
Trial 314/1290: S5_cbf_toctou_bias_1.5_s3
[2026-03-04 13:36:32]   Goal: (7.00, 1.60)
[2026-03-04 13:36:32]   5e: TOCTOU Δ=1.5, biased path y=1.557 (bypass margin!)
[2026-03-04 13:36:32] [RESET] Resetting robot pose to origin...
[RESET] Teleporting robot to (0.0, 0.0, θ=0.0)
[RESET] Cancelling any active navigation goals...
[RESET] Stopping robot movement...
[RESET] Waiting for TF to stabilize...
[RESET] AMCL disabled, correcting map→odom TF after teleport...
[RESET] Odom at (-0.00, -0.00, yaw=0.0°), target (0.00, 0.00, yaw=0.0°)
[RESET] TF correction: tx=0.000, ty=-0.000, yaw=-0.0°
[RESET] Static TF republished with yaw correction
[RESET] Robot pose reset complete
[2026-03-04 13:37:02] [S5] Starting odom_spoofing attack (scale=1.0, offset=(0.0, 1.5))
[ATTACK] Starting odom_spoofing attack with scale=1.0, offset=(0.0, 1.5)
[ATTACK] Stopping odom relay for odom spoofing attack...
[ATTACK] odom_spoofing attack started successfully
[2026-03-04 13:37:08] [S5-TOCTOU] Δy=1.5, true path y@zone=0.914, biased path y@zone=1.557
[2026-03-04 13:37:09] [S5-TOCTOU] Biased odom confirmed: y=1.500 (expected ~1.5)
[TOCTOU] Goal sent, waiting 5.0s for planning decision...
[TOCTOU] Removing odom bias (restoring real odom)...
[2026-03-04 13:37:14] [S5-TOCTOU] Stopping odom bias, restoring real odom...
[ATTACK] Restarting odom relay after odom spoofing attack...
[SIM] Starting odom relay (odom_real → odom)...
[SIM] Odom relay started
[2026-03-04 13:38:41] [S5-TOCTOU] decision=allow, reason=Goal reached successfully (dist=0.18m)
[2026-03-04 13:38:41] [VIOLATION] Robot entered forbidden zone(s): forbidden_zone (190 samples, 30.19s)
[2026-03-04 13:38:41] [S4] Stopping odom_spoofing attack
[2026-03-04 13:38:41]   Result: allow (FAIL)
[2026-03-04 13:38:41]   Reason: Goal reached successfully (dist=0.18m)
[2026-03-04 13:38:41]   Time: 128.7s
[2026-03-04 13:38:41]   Robot moved: True, path_min_dist: 0.00m
[2026-03-04 13:38:41] [HEALTH] Pre-trial restart (every 1 trials, world=empty.sdf)...
[SIM] Stopping all processes...
[CLEANUP] Starting process cleanup...
[CLEANUP] Complete (killed 1 process groups)
[SIM] All processes stopped
[CLEANUP] Starting process cleanup...
[CLEANUP] Complete (killed 0 process groups)
[DEBUG] restart_with_method called: method=cbf, params={'enable_runtime_monitoring': True, 'runtime_monitoring_rate': 10.0}, world=empty.sdf, guard=True
[SIM] Full restart for method: cbf (world: empty.sdf)
[SIM] Stopping all processes...
[CLEANUP] Starting process cleanup...
[CLEANUP] Complete (killed 0 process groups)
[SIM] All processes stopped
[SIM] Starting Gazebo...
[CLEANUP] Starting process cleanup...
[CLEANUP] Complete (killed 0 process groups)
[SIM] gz sim still alive (1 procs), force-killing PGIDs (attempt 1/5)...
[SIM] gz sim still alive (1 procs), force-killing PGIDs (attempt 2/5)...
[SIM] gz sim still alive (1 procs), force-killing PGIDs (attempt 3/5)...
[SIM] gz sim still alive (1 procs), force-killing PGIDs (attempt 4/5)...
[SIM] gz sim still alive (1 procs), force-killing PGIDs (attempt 5/5)...
[SIM][WARNING] Could not kill all gz sim processes — proceeding anyway
The daemon has been started
[SIM] Waiting for Gazebo (180s)...
[SIM] Gazebo started successfully
[SIM] robot_state_publisher: running
[SIM] Starting odom relay (odom_real → odom)...
[SIM] Odom relay started
[SIM] Starting scan relay (scan_real → scan)...
[SIM] Scan relay started, verifying /scan topic...
[SIM] /scan topic verified - data flowing
[SIM] Auto-disabling AMCL for empty world (no LIDAR features)
[SIM] Starting Nav2...
[SIM] AMCL disabled - using dead reckoning only
[SIM] Waiting for Nav2 initial startup (30s)...
[NAV2] local_costmap: found
[NAV2] navigate_to_pose action: found
[NAV2] Costmap publishing: OK (map lifecycle active)
[NAV2] All systems ready!
[SIM] Final verification: checking navigate_to_pose action...
[SIM] Nav2 started successfully and action server verified!
[SIM] Starting geofence with method: cbf, params: {'enable_runtime_monitoring': True, 'runtime_monitoring_rate': 10.0}, comm_latency_ms: 0
[SIM] Using RUNTIME GUARD mode for cbf (/cmd_vel_nav → guard → /cmd_vel)
[SIM] Passing enable_runtime_monitoring=True to geofence
[SIM] Waiting for geofence (20s)...
[SIM] Geofence started with method: cbf (cmd_vel_guard: True)
[SIM] Standalone cmd_vel_guard started successfully
[2026-03-04 13:40:55] [CBF] Restarting geofence (sigma=0.15, v_max=0.5, tau=0.1, a_max=2.5, eps=0.003, braking=True)...
[SIM] Starting geofence with method: cbf, params: {'enable_runtime_monitoring': True, 'runtime_monitoring_rate': 10.0, 'localization_sigma': 0.15, 'v_max': 0.5, 'latency': 0.1, 'a_max': 2.5, 'enable_braking_term': True, 'enable_estimation_term': True, 'enable_tracking_term': True, 'enable_latency_term': True, 'epsilon': 0.003, 'e_0': 0.03, 'c_1': 0.04, 'c_2': 0.0}, comm_latency_ms: 50
[SIM] Using RUNTIME GUARD mode for cbf (/cmd_vel_nav → guard → /cmd_vel)
[SIM] Passing enable_runtime_monitoring=True to geofence
[SIM] Waiting for geofence (20s)...
[SIM] Geofence started with method: cbf (cmd_vel_guard: True)
[SIM] Standalone cmd_vel_guard started successfully (comm_latency=50ms)
[2026-03-04 13:41:24] 
Trial 315/1290: S5_cbf_toctou_bias_1.5_s4
[2026-03-04 13:41:24]   Goal: (7.00, 1.60)
[2026-03-04 13:41:24]   5e: TOCTOU Δ=1.5, biased path y=1.557 (bypass margin!)
[2026-03-04 13:41:24]   Comm latency: 50ms
[2026-03-04 13:41:24] [RESET] Resetting robot pose to origin...
[RESET] Teleporting robot to (0.0, 0.0, θ=0.0)
[RESET] Cancelling any active navigation goals...
[RESET] Stopping robot movement...
[RESET] Waiting for TF to stabilize...
[RESET] AMCL disabled, correcting map→odom TF after teleport...
[RESET] Odom at (-0.00, -0.00, yaw=0.0°), target (0.00, 0.00, yaw=0.0°)
[RESET] TF correction: tx=0.000, ty=-0.000, yaw=-0.0°
[RESET] Static TF republished with yaw correction
[RESET] Robot pose reset complete
[2026-03-04 13:41:54] [S5] Starting odom_spoofing attack (scale=1.0, offset=(0.0, 1.5))
[ATTACK] Starting odom_spoofing attack with scale=1.0, offset=(0.0, 1.5)
[ATTACK] Stopping odom relay for odom spoofing attack...
[ATTACK] odom_spoofing attack started successfully
[2026-03-04 13:42:00] [S5-TOCTOU] Δy=1.5, true path y@zone=0.914, biased path y@zone=1.557
[2026-03-04 13:42:01] [S5-TOCTOU] Biased odom confirmed: y=1.500 (expected ~1.5)
[TOCTOU] Goal sent, waiting 5.0s for planning decision...
[TOCTOU] Removing odom bias (restoring real odom)...
[2026-03-04 13:42:06] [S5-TOCTOU] Stopping odom bias, restoring real odom...
[ATTACK] Restarting odom relay after odom spoofing attack...
[SIM] Starting odom relay (odom_real → odom)...
[SIM] Odom relay started
[2026-03-04 13:43:52] [S5-TOCTOU] decision=allow, reason=Goal reached successfully (dist=0.23m)
[2026-03-04 13:43:52] [VIOLATION] Robot entered forbidden zone(s): forbidden_zone (352 samples, 56.17s)
[2026-03-04 13:43:52] [S4] Stopping odom_spoofing attack
[2026-03-04 13:43:52]   Result: allow (FAIL)
[2026-03-04 13:43:52]   Reason: Goal reached successfully (dist=0.23m)
[2026-03-04 13:43:52]   Time: 147.7s
[2026-03-04 13:43:52]   Robot moved: True, path_min_dist: 0.00m
[CHECKPOINT] Saved at trial 315/1290
[2026-03-04 13:43:52] [HEALTH] Pre-trial restart (every 1 trials, world=empty.sdf)...
[SIM] Stopping all processes...
[CLEANUP] Starting process cleanup...
[CLEANUP] Complete (killed 1 process groups)
[SIM] All processes stopped
[CLEANUP] Starting process cleanup...
[CLEANUP] Complete (killed 0 process groups)
[DEBUG] restart_with_method called: method=cbf, params={'enable_runtime_monitoring': True, 'runtime_monitoring_rate': 10.0}, world=empty.sdf, guard=True
[SIM] Full restart for method: cbf (world: empty.sdf)
[SIM] Stopping all processes...
[CLEANUP] Starting process cleanup...
[CLEANUP] Complete (killed 0 process groups)
[SIM] All processes stopped
[SIM] Starting Gazebo...
[CLEANUP] Starting process cleanup...
[CLEANUP] Complete (killed 0 process groups)
[SIM] gz sim still alive (1 procs), force-killing PGIDs (attempt 1/5)...
[SIM] gz sim still alive (1 procs), force-killing PGIDs (attempt 2/5)...
[SIM] gz sim still alive (1 procs), force-killing PGIDs (attempt 3/5)...
[SIM] gz sim still alive (1 procs), force-killing PGIDs (attempt 4/5)...
[SIM] gz sim still alive (1 procs), force-killing PGIDs (attempt 5/5)...
[SIM][WARNING] Could not kill all gz sim processes — proceeding anyway
The daemon has been started
[SIM] Waiting for Gazebo (180s)...
[SIM] Gazebo started successfully
[SIM] robot_state_publisher: running
[SIM] Starting odom relay (odom_real → odom)...
[SIM] Odom relay started
[SIM] Starting scan relay (scan_real → scan)...
[SIM] Scan relay started, verifying /scan topic...
[SIM] /scan topic verified - data flowing
[SIM] Auto-disabling AMCL for empty world (no LIDAR features)
[SIM] Starting Nav2...
[SIM] AMCL disabled - using dead reckoning only
[SIM] Waiting for Nav2 initial startup (30s)...
[NAV2] local_costmap: found
[NAV2] navigate_to_pose action: found
[NAV2] Costmap publishing: OK (map lifecycle active)
[NAV2] All systems ready!
[SIM] Final verification: checking navigate_to_pose action...
[SIM] Nav2 started successfully and action server verified!
[SIM] Starting geofence with method: cbf, params: {'enable_runtime_monitoring': True, 'runtime_monitoring_rate': 10.0}, comm_latency_ms: 0
[SIM] Using RUNTIME GUARD mode for cbf (/cmd_vel_nav → guard → /cmd_vel)
[SIM] Passing enable_runtime_monitoring=True to geofence
[SIM] Waiting for geofence (20s)...
[SIM] Geofence started with method: cbf (cmd_vel_guard: True)
[SIM] Standalone cmd_vel_guard started successfully
[2026-03-04 13:46:06] [CBF] Restarting geofence (sigma=0.15, v_max=0.5, tau=0.1, a_max=2.5, eps=0.003, braking=True)...
[SIM] Starting geofence with method: cbf, params: {'enable_runtime_monitoring': True, 'runtime_monitoring_rate': 10.0, 'localization_sigma': 0.15, 'v_max': 0.5, 'latency': 0.1, 'a_max': 2.5, 'enable_braking_term': True, 'enable_estimation_term': True, 'enable_tracking_term': True, 'enable_latency_term': True, 'epsilon': 0.003, 'e_0': 0.03, 'c_1': 0.04, 'c_2': 0.0}, comm_latency_ms: 100
[SIM] Using RUNTIME GUARD mode for cbf (/cmd_vel_nav → guard → /cmd_vel)
[SIM] Passing enable_runtime_monitoring=True to geofence
[SIM] Waiting for geofence (20s)...
[SIM] Geofence started with method: cbf (cmd_vel_guard: True)
[SIM] Standalone cmd_vel_guard started successfully (comm_latency=100ms)
[2026-03-04 13:46:36] 
Trial 316/1290: S5_cbf_toctou_bias_1.5_s5
[2026-03-04 13:46:36]   Goal: (7.00, 1.60)
[2026-03-04 13:46:36]   5e: TOCTOU Δ=1.5, biased path y=1.557 (bypass margin!)
[2026-03-04 13:46:36]   Comm latency: 100ms
[2026-03-04 13:46:36] [RESET] Resetting robot pose to origin...
[RESET] Teleporting robot to (0.0, 0.0, θ=0.0)
[RESET] Cancelling any active navigation goals...
[RESET] Stopping robot movement...
[RESET] Waiting for TF to stabilize...
[RESET] AMCL disabled, correcting map→odom TF after teleport...
[RESET] Odom at (-0.00, -0.00, yaw=0.0°), target (0.00, 0.00, yaw=0.0°)
[RESET] TF correction: tx=0.000, ty=-0.000, yaw=-0.0°
[RESET] Static TF republished with yaw correction
[RESET] Robot pose reset complete
[2026-03-04 13:47:07] [S5] Starting odom_spoofing attack (scale=1.0, offset=(0.0, 1.5))
[ATTACK] Starting odom_spoofing attack with scale=1.0, offset=(0.0, 1.5)
[ATTACK] Stopping odom relay for odom spoofing attack...
[ATTACK] odom_spoofing attack started successfully
[2026-03-04 13:47:12] [S5-TOCTOU] Δy=1.5, true path y@zone=0.914, biased path y@zone=1.557
[2026-03-04 13:47:13] [S5-TOCTOU] Biased odom confirmed: y=1.500 (expected ~1.5)
[TOCTOU] Goal sent, waiting 5.0s for planning decision...
[TOCTOU] Removing odom bias (restoring real odom)...
[2026-03-04 13:47:18] [S5-TOCTOU] Stopping odom bias, restoring real odom...
[ATTACK] Restarting odom relay after odom spoofing attack...
[SIM] Starting odom relay (odom_real → odom)...
[SIM] Odom relay started
[WARN] Nav2 ABORTED for (7.00, 1.60) with method=cbf - treating as allow (Nav2 path failure)
[2026-03-04 13:50:16] [S5-TOCTOU] decision=allow, reason=Navigation aborted (goal likely allowed by cbf, Nav2 path failure)
[2026-03-04 13:50:16] [VIOLATION] Robot entered forbidden zone(s): forbidden_zone (259 samples, 41.38s)
[2026-03-04 13:50:16] [S4] Stopping odom_spoofing attack
[2026-03-04 13:50:16]   Result: allow (FAIL)
[2026-03-04 13:50:16]   Reason: Navigation aborted (goal likely allowed by cbf, Nav2 path fa
[2026-03-04 13:50:16]   Time: 220.3s
[2026-03-04 13:50:16]   Robot moved: True, path_min_dist: 0.00m
[2026-03-04 13:50:16] [HEALTH] Pre-trial restart (every 1 trials, world=empty.sdf)...
[SIM] Stopping all processes...
[CLEANUP] Starting process cleanup...
[CLEANUP] Complete (killed 1 process groups)
[SIM] All processes stopped
[CLEANUP] Starting process cleanup...
[CLEANUP] Complete (killed 0 process groups)
[DEBUG] restart_with_method called: method=cbf, params={'enable_runtime_monitoring': True, 'runtime_monitoring_rate': 10.0}, world=empty.sdf, guard=True
[SIM] Full restart for method: cbf (world: empty.sdf)
[SIM] Stopping all processes...
[CLEANUP] Starting process cleanup...
[CLEANUP] Complete (killed 0 process groups)
[SIM] All processes stopped
[SIM] Starting Gazebo...
[CLEANUP] Starting process cleanup...
[CLEANUP] Complete (killed 0 process groups)
[SIM] gz sim still alive (1 procs), force-killing PGIDs (attempt 1/5)...
[SIM] gz sim still alive (1 procs), force-killing PGIDs (attempt 2/5)...
[SIM] gz sim still alive (1 procs), force-killing PGIDs (attempt 3/5)...
[SIM] gz sim still alive (1 procs), force-killing PGIDs (attempt 4/5)...
[SIM] gz sim still alive (1 procs), force-killing PGIDs (attempt 5/5)...
[SIM][WARNING] Could not kill all gz sim processes — proceeding anyway
The daemon has been started
[SIM] Waiting for Gazebo (180s)...
[SIM] Gazebo started successfully
[SIM] robot_state_publisher: running
[SIM] Starting odom relay (odom_real → odom)...
[SIM] Odom relay started
[SIM] Starting scan relay (scan_real → scan)...
[SIM] Scan relay started, verifying /scan topic...
[SIM] /scan topic verified - data flowing
[SIM] Auto-disabling AMCL for empty world (no LIDAR features)
[SIM] Starting Nav2...
[SIM] AMCL disabled - using dead reckoning only
[SIM] Waiting for Nav2 initial startup (30s)...
[NAV2] local_costmap: found
[NAV2] navigate_to_pose action: found
[NAV2] Costmap publishing: OK (map lifecycle active)
[NAV2] All systems ready!
[SIM] Final verification: checking navigate_to_pose action...
[SIM] Nav2 started successfully and action server verified!
[SIM] Starting geofence with method: cbf, params: {'enable_runtime_monitoring': True, 'runtime_monitoring_rate': 10.0}, comm_latency_ms: 0
[SIM] Using RUNTIME GUARD mode for cbf (/cmd_vel_nav → guard → /cmd_vel)
[SIM] Passing enable_runtime_monitoring=True to geofence
[SIM] Waiting for geofence (20s)...
[SIM] Geofence started with method: cbf (cmd_vel_guard: True)
[SIM] Standalone cmd_vel_guard started successfully
[2026-03-04 13:52:30] [CBF] Restarting geofence (sigma=0.15, v_max=0.5, tau=0.1, a_max=2.5, eps=0.003, braking=True)...
[SIM] Starting geofence with method: cbf, params: {'enable_runtime_monitoring': True, 'runtime_monitoring_rate': 10.0, 'localization_sigma': 0.15, 'v_max': 0.5, 'latency': 0.1, 'a_max': 2.5, 'enable_braking_term': True, 'enable_estimation_term': True, 'enable_tracking_term': True, 'enable_latency_term': True, 'epsilon': 0.003, 'e_0': 0.03, 'c_1': 0.04, 'c_2': 0.0}, comm_latency_ms: 0
[SIM] Using RUNTIME GUARD mode for cbf (/cmd_vel_nav → guard → /cmd_vel)
[SIM] Passing enable_runtime_monitoring=True to geofence
[SIM] Waiting for geofence (20s)...
[SIM] Geofence started with method: cbf (cmd_vel_guard: True)
[SIM] Standalone cmd_vel_guard started successfully
[2026-03-04 13:52:59] 
Trial 317/1290: S5_cbf_toctou_bias_1.5_s6
[2026-03-04 13:52:59]   Goal: (7.00, 1.60)
[2026-03-04 13:52:59]   5e: TOCTOU Δ=1.5, biased path y=1.557 (bypass margin!)
[2026-03-04 13:52:59] [RESET] Resetting robot pose to origin...
[RESET] Teleporting robot to (0.0, 0.0, θ=0.0)
[RESET] Cancelling any active navigation goals...
[RESET] Stopping robot movement...
[RESET] Waiting for TF to stabilize...
[RESET] AMCL disabled, correcting map→odom TF after teleport...
[RESET] Odom at (-0.00, -0.00, yaw=0.0°), target (0.00, 0.00, yaw=0.0°)
[RESET] TF correction: tx=0.000, ty=-0.000, yaw=-0.0°
[RESET] Static TF republished with yaw correction
[RESET] Robot pose reset complete
[2026-03-04 13:53:25] [S5] Starting odom_spoofing attack (scale=1.0, offset=(0.0, 1.5))
[ATTACK] Starting odom_spoofing attack with scale=1.0, offset=(0.0, 1.5)
[ATTACK] Stopping odom relay for odom spoofing attack...
[ATTACK] odom_spoofing attack started successfully
[2026-03-04 13:53:31] [S5-TOCTOU] Δy=1.5, true path y@zone=0.914, biased path y@zone=1.557
[2026-03-04 13:53:32] [S5-TOCTOU] Biased odom confirmed: y=1.500 (expected ~1.5)
[TOCTOU] Goal sent, waiting 5.0s for planning decision...
[TOCTOU] Removing odom bias (restoring real odom)...
[2026-03-04 13:53:37] [S5-TOCTOU] Stopping odom bias, restoring real odom...
[ATTACK] Restarting odom relay after odom spoofing attack...
[SIM] Starting odom relay (odom_real → odom)...
[SIM] Odom relay started
[2026-03-04 13:55:29] [S5-TOCTOU] decision=allow, reason=Goal reached successfully (dist=0.24m)
[2026-03-04 13:55:29] [VIOLATION] Robot entered forbidden zone(s): forbidden_zone (292 samples, 47.31s)
[2026-03-04 13:55:29] [S4] Stopping odom_spoofing attack
[2026-03-04 13:55:30]   Result: allow (FAIL)
[2026-03-04 13:55:30]   Reason: Goal reached successfully (dist=0.24m)
[2026-03-04 13:55:30]   Time: 150.1s
[2026-03-04 13:55:30]   Robot moved: True, path_min_dist: 0.00m
[2026-03-04 13:55:30] [HEALTH] Pre-trial restart (every 1 trials, world=empty.sdf)...
[SIM] Stopping all processes...
[CLEANUP] Starting process cleanup...
[CLEANUP] Complete (killed 1 process groups)
[SIM] All processes stopped
[CLEANUP] Starting process cleanup...
[CLEANUP] Complete (killed 0 process groups)
[DEBUG] restart_with_method called: method=cbf, params={'enable_runtime_monitoring': True, 'runtime_monitoring_rate': 10.0}, world=empty.sdf, guard=True
[SIM] Full restart for method: cbf (world: empty.sdf)
[SIM] Stopping all processes...
[CLEANUP] Starting process cleanup...
[CLEANUP] Complete (killed 0 process groups)
[SIM] All processes stopped
[SIM] Starting Gazebo...
[CLEANUP] Starting process cleanup...
[CLEANUP] Complete (killed 0 process groups)
[SIM] gz sim still alive (1 procs), force-killing PGIDs (attempt 1/5)...
[SIM] gz sim still alive (1 procs), force-killing PGIDs (attempt 2/5)...
[SIM] gz sim still alive (1 procs), force-killing PGIDs (attempt 3/5)...
[SIM] gz sim still alive (1 procs), force-killing PGIDs (attempt 4/5)...
[SIM] gz sim still alive (1 procs), force-killing PGIDs (attempt 5/5)...
[SIM][WARNING] Could not kill all gz sim processes — proceeding anyway
The daemon has been started
[SIM] Waiting for Gazebo (180s)...
[SIM] Gazebo started successfully
[SIM] robot_state_publisher: running
[SIM] Starting odom relay (odom_real → odom)...
[SIM] Odom relay started
[SIM] Starting scan relay (scan_real → scan)...
[SIM] Scan relay started, verifying /scan topic...
[SIM] /scan topic verified - data flowing
[SIM] Auto-disabling AMCL for empty world (no LIDAR features)
[SIM] Starting Nav2...
[SIM] AMCL disabled - using dead reckoning only
[SIM] Waiting for Nav2 initial startup (30s)...
[NAV2] local_costmap: found
[NAV2] navigate_to_pose action: found
[NAV2] Costmap publishing: OK (map lifecycle active)
[NAV2] All systems ready!
[SIM] Final verification: checking navigate_to_pose action...
[SIM] Nav2 started successfully and action server verified!
[SIM] Starting geofence with method: cbf, params: {'enable_runtime_monitoring': True, 'runtime_monitoring_rate': 10.0}, comm_latency_ms: 0
[SIM] Using RUNTIME GUARD mode for cbf (/cmd_vel_nav → guard → /cmd_vel)
[SIM] Passing enable_runtime_monitoring=True to geofence
[SIM] Waiting for geofence (20s)...
[SIM] Geofence started with method: cbf (cmd_vel_guard: True)
[SIM] Standalone cmd_vel_guard started successfully
[2026-03-04 13:57:44] [CBF] Restarting geofence (sigma=0.15, v_max=0.5, tau=0.1, a_max=2.5, eps=0.003, braking=True)...
[SIM] Starting geofence with method: cbf, params: {'enable_runtime_monitoring': True, 'runtime_monitoring_rate': 10.0, 'localization_sigma': 0.15, 'v_max': 0.5, 'latency': 0.1, 'a_max': 2.5, 'enable_braking_term': True, 'enable_estimation_term': True, 'enable_tracking_term': True, 'enable_latency_term': True, 'epsilon': 0.003, 'e_0': 0.03, 'c_1': 0.04, 'c_2': 0.0}, comm_latency_ms: 50
[SIM] Using RUNTIME GUARD mode for cbf (/cmd_vel_nav → guard → /cmd_vel)
[SIM] Passing enable_runtime_monitoring=True to geofence
[SIM] Waiting for geofence (20s)...
[SIM] Geofence started with method: cbf (cmd_vel_guard: True)
[SIM] Standalone cmd_vel_guard started successfully (comm_latency=50ms)
[2026-03-04 13:58:13] 
Trial 318/1290: S5_cbf_toctou_bias_1.5_s7
[2026-03-04 13:58:13]   Goal: (7.00, 1.60)
[2026-03-04 13:58:13]   5e: TOCTOU Δ=1.5, biased path y=1.557 (bypass margin!)
[2026-03-04 13:58:13]   Comm latency: 50ms
[2026-03-04 13:58:13] [RESET] Resetting robot pose to origin...
[RESET] Teleporting robot to (0.0, 0.0, θ=0.0)
[RESET] Cancelling any active navigation goals...
[RESET] Stopping robot movement...
[RESET] Waiting for TF to stabilize...
[RESET] AMCL disabled, correcting map→odom TF after teleport...
[RESET] Odom at (-0.00, -0.00, yaw=0.0°), target (0.00, 0.00, yaw=0.0°)
[RESET] TF correction: tx=0.000, ty=-0.000, yaw=-0.0°
[RESET] Static TF republished with yaw correction
[RESET] Robot pose reset complete
[2026-03-04 13:58:44] [S5] Starting odom_spoofing attack (scale=1.0, offset=(0.0, 1.5))
[ATTACK] Starting odom_spoofing attack with scale=1.0, offset=(0.0, 1.5)
[ATTACK] Stopping odom relay for odom spoofing attack...
[ATTACK] odom_spoofing attack started successfully
[2026-03-04 13:58:49] [S5-TOCTOU] Δy=1.5, true path y@zone=0.914, biased path y@zone=1.557
[2026-03-04 13:58:50] [S5-TOCTOU] Biased odom confirmed: y=1.500 (expected ~1.5)
[TOCTOU] Goal sent, waiting 5.0s for planning decision...
[TOCTOU] Removing odom bias (restoring real odom)...
[2026-03-04 13:58:55] [S5-TOCTOU] Stopping odom bias, restoring real odom...
[ATTACK] Restarting odom relay after odom spoofing attack...
[SIM] Starting odom relay (odom_real → odom)...
[SIM] Odom relay started
[2026-03-04 14:00:43] [S5-TOCTOU] decision=allow, reason=Goal reached successfully (dist=0.22m)
[2026-03-04 14:00:43] [VIOLATION] Robot entered forbidden zone(s): forbidden_zone (362 samples, 58.18s)
[2026-03-04 14:00:43] [S4] Stopping odom_spoofing attack
[2026-03-04 14:00:43]   Result: allow (FAIL)
[2026-03-04 14:00:43]   Reason: Goal reached successfully (dist=0.22m)
[2026-03-04 14:00:43]   Time: 150.2s
[2026-03-04 14:00:43]   Robot moved: True, path_min_dist: 0.00m
[2026-03-04 14:00:43] [HEALTH] Pre-trial restart (every 1 trials, world=empty.sdf)...
[SIM] Stopping all processes...
[CLEANUP] Starting process cleanup...
[CLEANUP] Complete (killed 1 process groups)
[SIM] All processes stopped
[CLEANUP] Starting process cleanup...
[CLEANUP] Complete (killed 0 process groups)
[DEBUG] restart_with_method called: method=cbf, params={'enable_runtime_monitoring': True, 'runtime_monitoring_rate': 10.0}, world=empty.sdf, guard=True
[SIM] Full restart for method: cbf (world: empty.sdf)
[SIM] Stopping all processes...
[CLEANUP] Starting process cleanup...
[CLEANUP] Complete (killed 0 process groups)
[SIM] All processes stopped
[SIM] Starting Gazebo...
[CLEANUP] Starting process cleanup...
[CLEANUP] Complete (killed 0 process groups)
[SIM] gz sim still alive (1 procs), force-killing PGIDs (attempt 1/5)...
[SIM] gz sim still alive (1 procs), force-killing PGIDs (attempt 2/5)...
[SIM] gz sim still alive (1 procs), force-killing PGIDs (attempt 3/5)...
[SIM] gz sim still alive (1 procs), force-killing PGIDs (attempt 4/5)...
[SIM] gz sim still alive (1 procs), force-killing PGIDs (attempt 5/5)...
[SIM][WARNING] Could not kill all gz sim processes — proceeding anyway
The daemon has been started
[SIM] Waiting for Gazebo (180s)...
[SIM] Gazebo started successfully
[SIM] robot_state_publisher: running
[SIM] Starting odom relay (odom_real → odom)...
[SIM] Odom relay started
[SIM] Starting scan relay (scan_real → scan)...
[SIM] Scan relay started, verifying /scan topic...
[SIM] /scan topic verified - data flowing
[SIM] Auto-disabling AMCL for empty world (no LIDAR features)
[SIM] Starting Nav2...
[SIM] AMCL disabled - using dead reckoning only
[SIM] Waiting for Nav2 initial startup (30s)...
[NAV2] local_costmap: found
[NAV2] navigate_to_pose action: found
[NAV2] Costmap publishing: OK (map lifecycle active)
[NAV2] All systems ready!
[SIM] Final verification: checking navigate_to_pose action...
[SIM] Nav2 started successfully and action server verified!
[SIM] Starting geofence with method: cbf, params: {'enable_runtime_monitoring': True, 'runtime_monitoring_rate': 10.0}, comm_latency_ms: 0
[SIM] Using RUNTIME GUARD mode for cbf (/cmd_vel_nav → guard → /cmd_vel)
[SIM] Passing enable_runtime_monitoring=True to geofence
[SIM] Waiting for geofence (20s)...
[SIM] Geofence started with method: cbf (cmd_vel_guard: True)
[SIM] Standalone cmd_vel_guard started successfully
[2026-03-04 14:02:58] [CBF] Restarting geofence (sigma=0.15, v_max=0.5, tau=0.1, a_max=2.5, eps=0.003, braking=True)...
[SIM] Starting geofence with method: cbf, params: {'enable_runtime_monitoring': True, 'runtime_monitoring_rate': 10.0, 'localization_sigma': 0.15, 'v_max': 0.5, 'latency': 0.1, 'a_max': 2.5, 'enable_braking_term': True, 'enable_estimation_term': True, 'enable_tracking_term': True, 'enable_latency_term': True, 'epsilon': 0.003, 'e_0': 0.03, 'c_1': 0.04, 'c_2': 0.0}, comm_latency_ms: 100
[SIM] Using RUNTIME GUARD mode for cbf (/cmd_vel_nav → guard → /cmd_vel)
[SIM] Passing enable_runtime_monitoring=True to geofence
[SIM] Waiting for geofence (20s)...
[SIM] Geofence started with method: cbf (cmd_vel_guard: True)
[SIM] Standalone cmd_vel_guard started successfully (comm_latency=100ms)
[2026-03-04 14:03:27] 
Trial 319/1290: S5_cbf_toctou_bias_1.5_s8
[2026-03-04 14:03:27]   Goal: (7.00, 1.60)
[2026-03-04 14:03:27]   5e: TOCTOU Δ=1.5, biased path y=1.557 (bypass margin!)
[2026-03-04 14:03:27]   Comm latency: 100ms
[2026-03-04 14:03:27] [RESET] Resetting robot pose to origin...
[RESET] Teleporting robot to (0.0, 0.0, θ=0.0)
[RESET] Cancelling any active navigation goals...
[RESET] Stopping robot movement...
[RESET] Waiting for TF to stabilize...
[RESET] AMCL disabled, correcting map→odom TF after teleport...
[RESET] Odom at (-0.00, -0.00, yaw=0.0°), target (0.00, 0.00, yaw=0.0°)
[RESET] TF correction: tx=0.000, ty=-0.000, yaw=-0.0°
[RESET] Static TF republished with yaw correction
[RESET] Robot pose reset complete
[2026-03-04 14:04:01] [S5] Starting odom_spoofing attack (scale=1.0, offset=(0.0, 1.5))
[ATTACK] Starting odom_spoofing attack with scale=1.0, offset=(0.0, 1.5)
[ATTACK] Stopping odom relay for odom spoofing attack...
[ATTACK] odom_spoofing attack started successfully
[2026-03-04 14:04:06] [S5-TOCTOU] Δy=1.5, true path y@zone=0.914, biased path y@zone=1.557
[2026-03-04 14:04:08] [S5-TOCTOU] Biased odom confirmed: y=1.500 (expected ~1.5)
[TOCTOU] Goal sent, waiting 5.0s for planning decision...
[TOCTOU] Removing odom bias (restoring real odom)...
[2026-03-04 14:04:13] [S5-TOCTOU] Stopping odom bias, restoring real odom...
[ATTACK] Restarting odom relay after odom spoofing attack...
[SIM] Starting odom relay (odom_real → odom)...
[SIM] Odom relay started
[2026-03-04 14:07:11] [S5-TOCTOU] decision=timeout, reason=TOCTOU goal timed out after 180s
[2026-03-04 14:07:11] [VIOLATION] Robot entered forbidden zone(s): forbidden_zone (99 samples, 15.48s)
[2026-03-04 14:07:11] [S4] Stopping odom_spoofing attack
[2026-03-04 14:07:12]   Result: timeout (FAIL)
[2026-03-04 14:07:12]   Reason: TOCTOU goal timed out after 180s
[2026-03-04 14:07:12]   Time: 224.7s
[2026-03-04 14:07:12]   Robot moved: True, path_min_dist: 0.00m
[2026-03-04 14:07:12] [HEALTH] Pre-trial restart (every 1 trials, world=empty.sdf)...
[SIM] Stopping all processes...
[CLEANUP] Starting process cleanup...
[CLEANUP] Complete (killed 1 process groups)
[SIM] All processes stopped
[CLEANUP] Starting process cleanup...
[CLEANUP] Complete (killed 0 process groups)
[DEBUG] restart_with_method called: method=cbf, params={'enable_runtime_monitoring': True, 'runtime_monitoring_rate': 10.0}, world=empty.sdf, guard=True
[SIM] Full restart for method: cbf (world: empty.sdf)
[SIM] Stopping all processes...
[CLEANUP] Starting process cleanup...
[CLEANUP] Complete (killed 0 process groups)
[SIM] All processes stopped
[SIM] Starting Gazebo...
[CLEANUP] Starting process cleanup...
[CLEANUP] Complete (killed 0 process groups)
[SIM] gz sim still alive (1 procs), force-killing PGIDs (attempt 1/5)...
[SIM] gz sim still alive (1 procs), force-killing PGIDs (attempt 2/5)...
[SIM] gz sim still alive (1 procs), force-killing PGIDs (attempt 3/5)...
[SIM] gz sim still alive (1 procs), force-killing PGIDs (attempt 4/5)...
[SIM] gz sim still alive (1 procs), force-killing PGIDs (attempt 5/5)...
[SIM][WARNING] Could not kill all gz sim processes — proceeding anyway
The daemon has been started
[SIM] Waiting for Gazebo (180s)...
[SIM] Gazebo started successfully
[SIM] robot_state_publisher: running
[SIM] Starting odom relay (odom_real → odom)...
[SIM] Odom relay started
[SIM] Starting scan relay (scan_real → scan)...
[SIM] Scan relay started, verifying /scan topic...
[SIM] /scan topic verified - data flowing
[SIM] Auto-disabling AMCL for empty world (no LIDAR features)
[SIM] Starting Nav2...
[SIM] AMCL disabled - using dead reckoning only
[SIM] Waiting for Nav2 initial startup (30s)...
[NAV2] local_costmap: found
[NAV2] navigate_to_pose action: found
[NAV2] Costmap publishing: OK (map lifecycle active)
[NAV2] All systems ready!
[SIM] Final verification: checking navigate_to_pose action...
[SIM] Nav2 started successfully and action server verified!
[SIM] Starting geofence with method: cbf, params: {'enable_runtime_monitoring': True, 'runtime_monitoring_rate': 10.0}, comm_latency_ms: 0
[SIM] Using RUNTIME GUARD mode for cbf (/cmd_vel_nav → guard → /cmd_vel)
[SIM] Passing enable_runtime_monitoring=True to geofence
[SIM] Waiting for geofence (20s)...
[SIM] Geofence started with method: cbf (cmd_vel_guard: True)
[SIM] Standalone cmd_vel_guard started successfully
[2026-03-04 14:09:26] [CBF] Restarting geofence (sigma=0.15, v_max=0.5, tau=0.1, a_max=2.5, eps=0.003, braking=True)...
[SIM] Starting geofence with method: cbf, params: {'enable_runtime_monitoring': True, 'runtime_monitoring_rate': 10.0, 'localization_sigma': 0.15, 'v_max': 0.5, 'latency': 0.1, 'a_max': 2.5, 'enable_braking_term': True, 'enable_estimation_term': True, 'enable_tracking_term': True, 'enable_latency_term': True, 'epsilon': 0.003, 'e_0': 0.03, 'c_1': 0.04, 'c_2': 0.0}, comm_latency_ms: 0
[SIM] Using RUNTIME GUARD mode for cbf (/cmd_vel_nav → guard → /cmd_vel)
[SIM] Passing enable_runtime_monitoring=True to geofence
[SIM] Waiting for geofence (20s)...
[SIM] Geofence started with method: cbf (cmd_vel_guard: True)
[SIM] Standalone cmd_vel_guard started successfully
[2026-03-04 14:09:55] 
Trial 320/1290: S5_cbf_toctou_bias_1.5_s9
[2026-03-04 14:09:55]   Goal: (7.00, 1.60)
[2026-03-04 14:09:55]   5e: TOCTOU Δ=1.5, biased path y=1.557 (bypass margin!)
[2026-03-04 14:09:55] [RESET] Resetting robot pose to origin...
[RESET] Teleporting robot to (0.0, 0.0, θ=0.0)
[RESET] Cancelling any active navigation goals...
[RESET] Stopping robot movement...
[RESET] Waiting for TF to stabilize...
[RESET] AMCL disabled, correcting map→odom TF after teleport...
[RESET] Odom at (-0.00, -0.00, yaw=0.0°), target (0.00, 0.00, yaw=0.0°)
[RESET] TF correction: tx=0.000, ty=-0.000, yaw=-0.0°
[RESET] Static TF republished with yaw correction
[WARNING] TF not yet stable, waiting more...
[RESET] Robot pose reset complete
[2026-03-04 14:10:27] [S5] Starting odom_spoofing attack (scale=1.0, offset=(0.0, 1.5))
[ATTACK] Starting odom_spoofing attack with scale=1.0, offset=(0.0, 1.5)
[ATTACK] Stopping odom relay for odom spoofing attack...
[ATTACK] odom_spoofing attack started successfully
[2026-03-04 14:10:33] [S5-TOCTOU] Δy=1.5, true path y@zone=0.914, biased path y@zone=1.557
[2026-03-04 14:10:35] [S5-TOCTOU] Biased odom confirmed: y=1.500 (expected ~1.5)
[TOCTOU] Goal sent, waiting 5.0s for planning decision...
[TOCTOU] Removing odom bias (restoring real odom)...
[2026-03-04 14:10:40] [S5-TOCTOU] Stopping odom bias, restoring real odom...
[ATTACK] Restarting odom relay after odom spoofing attack...
[SIM] Starting odom relay (odom_real → odom)...
[SIM] Odom relay started
[2026-03-04 14:12:25] [S5-TOCTOU] decision=allow, reason=Goal reached successfully (dist=0.29m)
[2026-03-04 14:12:25] [VIOLATION] Robot entered forbidden zone(s): forbidden_zone (400 samples, 64.27s)
[2026-03-04 14:12:25] [S4] Stopping odom_spoofing attack
[2026-03-04 14:12:25]   Result: allow (FAIL)
[2026-03-04 14:12:25]   Reason: Goal reached successfully (dist=0.29m)
[2026-03-04 14:12:25]   Time: 149.7s
[2026-03-04 14:12:25]   Robot moved: True, path_min_dist: 0.00m
[CHECKPOINT] Saved at trial 320/1290
[2026-03-04 14:12:25] [HEALTH] Pre-trial restart (every 1 trials, world=empty.sdf)...
[SIM] Stopping all processes...
[CLEANUP] Starting process cleanup...
[CLEANUP] Complete (killed 1 process groups)
[SIM] All processes stopped
[CLEANUP] Starting process cleanup...
[CLEANUP] Complete (killed 0 process groups)
[DEBUG] restart_with_method called: method=cbf, params={'enable_runtime_monitoring': True, 'runtime_monitoring_rate': 10.0}, world=empty.sdf, guard=True
[SIM] Full restart for method: cbf (world: empty.sdf)
[SIM] Stopping all processes...
[CLEANUP] Starting process cleanup...
[CLEANUP] Complete (killed 0 process groups)
[SIM] All processes stopped
[SIM] Starting Gazebo...
[CLEANUP] Starting process cleanup...
[CLEANUP] Complete (killed 0 process groups)
[SIM] gz sim still alive (1 procs), force-killing PGIDs (attempt 1/5)...
[SIM] gz sim still alive (1 procs), force-killing PGIDs (attempt 2/5)...
[SIM] gz sim still alive (1 procs), force-killing PGIDs (attempt 3/5)...
[SIM] gz sim still alive (1 procs), force-killing PGIDs (attempt 4/5)...
[SIM] gz sim still alive (1 procs), force-killing PGIDs (attempt 5/5)...
[SIM][WARNING] Could not kill all gz sim processes — proceeding anyway
The daemon has been started
[SIM] Waiting for Gazebo (180s)...
[SIM] Gazebo started successfully
[SIM] robot_state_publisher: running
[SIM] Starting odom relay (odom_real → odom)...
[SIM] Odom relay started
[SIM] Starting scan relay (scan_real → scan)...
[SIM] Scan relay started, verifying /scan topic...
[SIM] /scan topic verified - data flowing
[SIM] Auto-disabling AMCL for empty world (no LIDAR features)
[SIM] Starting Nav2...
[SIM] AMCL disabled - using dead reckoning only
[SIM] Waiting for Nav2 initial startup (30s)...
[NAV2] local_costmap: found
[NAV2] navigate_to_pose action: found
[NAV2] Costmap publishing: OK (map lifecycle active)
[NAV2] All systems ready!
[SIM] Final verification: checking navigate_to_pose action...
[SIM] Nav2 started successfully and action server verified!
[SIM] Starting geofence with method: cbf, params: {'enable_runtime_monitoring': True, 'runtime_monitoring_rate': 10.0}, comm_latency_ms: 0
[SIM] Using RUNTIME GUARD mode for cbf (/cmd_vel_nav → guard → /cmd_vel)
[SIM] Passing enable_runtime_monitoring=True to geofence
[SIM] Waiting for geofence (20s)...
[SIM] Geofence started with method: cbf (cmd_vel_guard: True)
[SIM] Standalone cmd_vel_guard started successfully
[2026-03-04 14:14:39] [CBF] Restarting geofence (sigma=0.15, v_max=0.5, tau=0.1, a_max=2.5, eps=0.003, braking=True)...
[SIM] Starting geofence with method: cbf, params: {'enable_runtime_monitoring': True, 'runtime_monitoring_rate': 10.0, 'localization_sigma': 0.15, 'v_max': 0.5, 'latency': 0.1, 'a_max': 2.5, 'enable_braking_term': True, 'enable_estimation_term': True, 'enable_tracking_term': True, 'enable_latency_term': True, 'epsilon': 0.003, 'e_0': 0.03, 'c_1': 0.04, 'c_2': 0.0}, comm_latency_ms: 0
[SIM] Using RUNTIME GUARD mode for cbf (/cmd_vel_nav → guard → /cmd_vel)
[SIM] Passing enable_runtime_monitoring=True to geofence
[SIM] Waiting for geofence (20s)...
[SIM] Geofence started with method: cbf (cmd_vel_guard: True)
[SIM] Standalone cmd_vel_guard started successfully
[2026-03-04 14:15:08] 
Trial 321/1290: S5_cbf_baseline_safe_s0
[2026-03-04 14:15:08]   Goal: (2.00, 0.00)
[2026-03-04 14:15:08]   5e: Safe baseline - goal 2m before zone, no attack
[2026-03-04 14:15:08] [RESET] Resetting robot pose to origin...
[RESET] Teleporting robot to (0.0, 0.0, θ=0.0)
[RESET] Cancelling any active navigation goals...
[RESET] Stopping robot movement...
[RESET] Waiting for TF to stabilize...
[RESET] AMCL disabled, correcting map→odom TF after teleport...
[RESET] Odom at (-0.00, -0.00, yaw=0.0°), target (0.00, 0.00, yaw=0.0°)
[RESET] TF correction: tx=0.000, ty=-0.000, yaw=-0.0°
[RESET] Static TF republished with yaw correction
[RESET] Robot pose reset complete
[2026-03-04 14:15:52]   Result: allow (PASS)
[2026-03-04 14:15:52]   Reason: Goal reached successfully (dist=0.23m)
[2026-03-04 14:15:52]   Time: 43.7s
[2026-03-04 14:15:52]   Robot moved: True, path_min_dist: 2.23m
[2026-03-04 14:15:52] [HEALTH] Periodic health check...
[2026-03-04 14:15:52] [HEALTH] Load: 0.6, Memory: 9.3%
[NAV2] local_costmap: found
[NAV2] navigate_to_pose action: found
[2026-03-04 14:15:53] [HEALTH] Pre-trial restart (every 1 trials, world=empty.sdf)...
[SIM] Stopping all processes...
[CLEANUP] Starting process cleanup...
[CLEANUP] Complete (killed 1 process groups)
[SIM] All processes stopped
[CLEANUP] Starting process cleanup...
[CLEANUP] Complete (killed 0 process groups)
[DEBUG] restart_with_method called: method=cbf, params={'enable_runtime_monitoring': True, 'runtime_monitoring_rate': 10.0}, world=empty.sdf, guard=True
[SIM] Full restart for method: cbf (world: empty.sdf)
[SIM] Stopping all processes...
[CLEANUP] Starting process cleanup...
[CLEANUP] Complete (killed 0 process groups)
[SIM] All processes stopped
[SIM] Starting Gazebo...
[CLEANUP] Starting process cleanup...
[CLEANUP] Complete (killed 0 process groups)
[SIM] gz sim still alive (1 procs), force-killing PGIDs (attempt 1/5)...
[SIM] gz sim still alive (1 procs), force-killing PGIDs (attempt 2/5)...
[SIM] gz sim still alive (1 procs), force-killing PGIDs (attempt 3/5)...
[SIM] gz sim still alive (1 procs), force-killing PGIDs (attempt 4/5)...
[SIM] gz sim still alive (1 procs), force-killing PGIDs (attempt 5/5)...
[SIM][WARNING] Could not kill all gz sim processes — proceeding anyway
The daemon has been started
[SIM] Waiting for Gazebo (180s)...
[SIM] Gazebo started successfully
[SIM] robot_state_publisher: running
[SIM] Starting odom relay (odom_real → odom)...
[SIM] Odom relay started
[SIM] Starting scan relay (scan_real → scan)...
[SIM] Scan relay started, verifying /scan topic...
[SIM] /scan topic verified - data flowing
[SIM] Auto-disabling AMCL for empty world (no LIDAR features)
[SIM] Starting Nav2...
[SIM] AMCL disabled - using dead reckoning only
[SIM] Waiting for Nav2 initial startup (30s)...
[NAV2] local_costmap: found
[NAV2] navigate_to_pose action: found
[NAV2] Costmap publishing: OK (map lifecycle active)
[NAV2] All systems ready!
[SIM] Final verification: checking navigate_to_pose action...
[SIM] Nav2 started successfully and action server verified!
[SIM] Starting geofence with method: cbf, params: {'enable_runtime_monitoring': True, 'runtime_monitoring_rate': 10.0}, comm_latency_ms: 0
[SIM] Using RUNTIME GUARD mode for cbf (/cmd_vel_nav → guard → /cmd_vel)
[SIM] Passing enable_runtime_monitoring=True to geofence
[SIM] Waiting for geofence (20s)...
[SIM] Geofence started with method: cbf (cmd_vel_guard: True)
[SIM] Standalone cmd_vel_guard started successfully
[2026-03-04 14:18:07] [CBF] Restarting geofence (sigma=0.15, v_max=0.5, tau=0.1, a_max=2.5, eps=0.003, braking=True)...
[SIM] Starting geofence with method: cbf, params: {'enable_runtime_monitoring': True, 'runtime_monitoring_rate': 10.0, 'localization_sigma': 0.15, 'v_max': 0.5, 'latency': 0.1, 'a_max': 2.5, 'enable_braking_term': True, 'enable_estimation_term': True, 'enable_tracking_term': True, 'enable_latency_term': True, 'epsilon': 0.003, 'e_0': 0.03, 'c_1': 0.04, 'c_2': 0.0}, comm_latency_ms: 50
[SIM] Using RUNTIME GUARD mode for cbf (/cmd_vel_nav → guard → /cmd_vel)
[SIM] Passing enable_runtime_monitoring=True to geofence
[SIM] Waiting for geofence (20s)...
[SIM] Geofence started with method: cbf (cmd_vel_guard: True)
[SIM] Standalone cmd_vel_guard started successfully (comm_latency=50ms)
[2026-03-04 14:18:37] 
Trial 322/1290: S5_cbf_baseline_safe_s1
[2026-03-04 14:18:37]   Goal: (2.00, 0.00)
[2026-03-04 14:18:37]   5e: Safe baseline - goal 2m before zone, no attack
[2026-03-04 14:18:37]   Comm latency: 50ms
[2026-03-04 14:18:37] [RESET] Resetting robot pose to origin...
[RESET] Teleporting robot to (0.0, 0.0, θ=0.0)
[RESET] Cancelling any active navigation goals...
[RESET] Stopping robot movement...
[RESET] Waiting for TF to stabilize...
[RESET] AMCL disabled, correcting map→odom TF after teleport...
[RESET] Odom at (-0.00, -0.00, yaw=0.0°), target (0.00, 0.00, yaw=0.0°)
[RESET] TF correction: tx=0.000, ty=-0.000, yaw=-0.0°
[RESET] Static TF republished with yaw correction
[RESET] Robot pose reset complete
[2026-03-04 14:19:19]   Result: allow (PASS)
[2026-03-04 14:19:19]   Reason: Goal reached successfully (dist=0.21m)
[2026-03-04 14:19:19]   Time: 42.5s
[2026-03-04 14:19:19]   Robot moved: True, path_min_dist: 2.21m
[2026-03-04 14:19:19] [HEALTH] Pre-trial restart (every 1 trials, world=empty.sdf)...
[SIM] Stopping all processes...
[CLEANUP] Starting process cleanup...
[CLEANUP] Complete (killed 1 process groups)
[SIM] All processes stopped
[CLEANUP] Starting process cleanup...
[CLEANUP] Complete (killed 0 process groups)
[DEBUG] restart_with_method called: method=cbf, params={'enable_runtime_monitoring': True, 'runtime_monitoring_rate': 10.0}, world=empty.sdf, guard=True
[SIM] Full restart for method: cbf (world: empty.sdf)
[SIM] Stopping all processes...
[CLEANUP] Starting process cleanup...
[CLEANUP] Complete (killed 0 process groups)
[SIM] All processes stopped
[SIM] Starting Gazebo...
[CLEANUP] Starting process cleanup...
[CLEANUP] Complete (killed 0 process groups)
[SIM] gz sim still alive (1 procs), force-killing PGIDs (attempt 1/5)...
[SIM] gz sim still alive (1 procs), force-killing PGIDs (attempt 2/5)...
[SIM] gz sim still alive (1 procs), force-killing PGIDs (attempt 3/5)...
[SIM] gz sim still alive (1 procs), force-killing PGIDs (attempt 4/5)...
[SIM] gz sim still alive (1 procs), force-killing PGIDs (attempt 5/5)...
[SIM][WARNING] Could not kill all gz sim processes — proceeding anyway
The daemon has been started
[SIM] Waiting for Gazebo (180s)...
[SIM] Gazebo started successfully
[SIM] robot_state_publisher: running
[SIM] Starting odom relay (odom_real → odom)...
[SIM] Odom relay started
[SIM] Starting scan relay (scan_real → scan)...
[SIM] Scan relay started, verifying /scan topic...
[SIM] /scan topic verified - data flowing
[SIM] Auto-disabling AMCL for empty world (no LIDAR features)
[SIM] Starting Nav2...
[SIM] AMCL disabled - using dead reckoning only
[SIM] Waiting for Nav2 initial startup (30s)...
[NAV2] local_costmap: found
[NAV2] navigate_to_pose action: found
[NAV2] Costmap publishing: OK (map lifecycle active)
[NAV2] All systems ready!
[SIM] Final verification: checking navigate_to_pose action...
[SIM] Nav2 started successfully and action server verified!
[SIM] Starting geofence with method: cbf, params: {'enable_runtime_monitoring': True, 'runtime_monitoring_rate': 10.0}, comm_latency_ms: 0
[SIM] Using RUNTIME GUARD mode for cbf (/cmd_vel_nav → guard → /cmd_vel)
[SIM] Passing enable_runtime_monitoring=True to geofence
[SIM] Waiting for geofence (20s)...
[SIM] Geofence started with method: cbf (cmd_vel_guard: True)
[SIM] Standalone cmd_vel_guard started successfully
[2026-03-04 14:21:34] [CBF] Restarting geofence (sigma=0.15, v_max=0.5, tau=0.1, a_max=2.5, eps=0.003, braking=True)...
[SIM] Starting geofence with method: cbf, params: {'enable_runtime_monitoring': True, 'runtime_monitoring_rate': 10.0, 'localization_sigma': 0.15, 'v_max': 0.5, 'latency': 0.1, 'a_max': 2.5, 'enable_braking_term': True, 'enable_estimation_term': True, 'enable_tracking_term': True, 'enable_latency_term': True, 'epsilon': 0.003, 'e_0': 0.03, 'c_1': 0.04, 'c_2': 0.0}, comm_latency_ms: 100
[SIM] Using RUNTIME GUARD mode for cbf (/cmd_vel_nav → guard → /cmd_vel)
[SIM] Passing enable_runtime_monitoring=True to geofence
[SIM] Waiting for geofence (20s)...
[SIM] Geofence started with method: cbf (cmd_vel_guard: True)
[SIM] Standalone cmd_vel_guard started successfully (comm_latency=100ms)
[2026-03-04 14:22:03] 
Trial 323/1290: S5_cbf_baseline_safe_s2
[2026-03-04 14:22:03]   Goal: (2.00, 0.00)
[2026-03-04 14:22:03]   5e: Safe baseline - goal 2m before zone, no attack
[2026-03-04 14:22:03]   Comm latency: 100ms
[2026-03-04 14:22:03] [RESET] Resetting robot pose to origin...
[RESET] Teleporting robot to (0.0, 0.0, θ=0.0)
[RESET] Cancelling any active navigation goals...
[RESET] Stopping robot movement...
[RESET] Waiting for TF to stabilize...
[RESET] AMCL disabled, correcting map→odom TF after teleport...
[RESET] Odom at (-0.00, -0.00, yaw=0.0°), target (0.00, 0.00, yaw=0.0°)
[RESET] TF correction: tx=0.000, ty=-0.000, yaw=-0.0°
[RESET] Static TF republished with yaw correction
[RESET] Robot pose reset complete
[2026-03-04 14:22:36]   Result: allow (PASS)
[2026-03-04 14:22:36]   Reason: Goal reached successfully (dist=0.20m)
[2026-03-04 14:22:36]   Time: 33.8s
[2026-03-04 14:22:36]   Robot moved: True, path_min_dist: 2.21m
[2026-03-04 14:22:36] [HEALTH] Pre-trial restart (every 1 trials, world=empty.sdf)...
[SIM] Stopping all processes...
[CLEANUP] Starting process cleanup...
[CLEANUP] Complete (killed 1 process groups)
[SIM] All processes stopped
[CLEANUP] Starting process cleanup...
[CLEANUP] Complete (killed 0 process groups)
[DEBUG] restart_with_method called: method=cbf, params={'enable_runtime_monitoring': True, 'runtime_monitoring_rate': 10.0}, world=empty.sdf, guard=True
[SIM] Full restart for method: cbf (world: empty.sdf)
[SIM] Stopping all processes...
[CLEANUP] Starting process cleanup...
[CLEANUP] Complete (killed 0 process groups)
[SIM] All processes stopped
[SIM] Starting Gazebo...
[CLEANUP] Starting process cleanup...
[CLEANUP] Complete (killed 0 process groups)
[SIM] gz sim still alive (1 procs), force-killing PGIDs (attempt 1/5)...
[SIM] gz sim still alive (1 procs), force-killing PGIDs (attempt 2/5)...
[SIM] gz sim still alive (1 procs), force-killing PGIDs (attempt 3/5)...
[SIM] gz sim still alive (1 procs), force-killing PGIDs (attempt 4/5)...
[SIM] gz sim still alive (1 procs), force-killing PGIDs (attempt 5/5)...
[SIM][WARNING] Could not kill all gz sim processes — proceeding anyway
The daemon has been started
[SIM] Waiting for Gazebo (180s)...
[SIM] Gazebo started successfully
[SIM] robot_state_publisher: running
[SIM] Starting odom relay (odom_real → odom)...
[SIM] Odom relay started
[SIM] Starting scan relay (scan_real → scan)...
[SIM] Scan relay started, verifying /scan topic...
[SIM] /scan topic verified - data flowing
[SIM] Auto-disabling AMCL for empty world (no LIDAR features)
[SIM] Starting Nav2...
[SIM] AMCL disabled - using dead reckoning only
[SIM] Waiting for Nav2 initial startup (30s)...
[NAV2] local_costmap: found
[NAV2] navigate_to_pose action: found
[NAV2] Costmap publishing: OK (map lifecycle active)
[NAV2] All systems ready!
[SIM] Final verification: checking navigate_to_pose action...
[SIM] Nav2 started successfully and action server verified!
[SIM] Starting geofence with method: cbf, params: {'enable_runtime_monitoring': True, 'runtime_monitoring_rate': 10.0}, comm_latency_ms: 0
[SIM] Using RUNTIME GUARD mode for cbf (/cmd_vel_nav → guard → /cmd_vel)
[SIM] Passing enable_runtime_monitoring=True to geofence
[SIM] Waiting for geofence (20s)...
[SIM] Geofence started with method: cbf (cmd_vel_guard: True)
[SIM] Standalone cmd_vel_guard started successfully
[2026-03-04 14:24:51] [CBF] Restarting geofence (sigma=0.15, v_max=0.5, tau=0.1, a_max=2.5, eps=0.003, braking=True)...
[SIM] Starting geofence with method: cbf, params: {'enable_runtime_monitoring': True, 'runtime_monitoring_rate': 10.0, 'localization_sigma': 0.15, 'v_max': 0.5, 'latency': 0.1, 'a_max': 2.5, 'enable_braking_term': True, 'enable_estimation_term': True, 'enable_tracking_term': True, 'enable_latency_term': True, 'epsilon': 0.003, 'e_0': 0.03, 'c_1': 0.04, 'c_2': 0.0}, comm_latency_ms: 0
[SIM] Using RUNTIME GUARD mode for cbf (/cmd_vel_nav → guard → /cmd_vel)
[SIM] Passing enable_runtime_monitoring=True to geofence
[SIM] Waiting for geofence (20s)...
[SIM] Geofence started with method: cbf (cmd_vel_guard: True)
[SIM] Standalone cmd_vel_guard started successfully
[2026-03-04 14:25:20] 
Trial 324/1290: S5_cbf_baseline_safe_s3
[2026-03-04 14:25:20]   Goal: (2.00, 0.00)
[2026-03-04 14:25:20]   5e: Safe baseline - goal 2m before zone, no attack
[2026-03-04 14:25:20] [RESET] Resetting robot pose to origin...
[RESET] Teleporting robot to (0.0, 0.0, θ=0.0)
[RESET] Cancelling any active navigation goals...
[RESET] Stopping robot movement...
[RESET] Waiting for TF to stabilize...
[RESET] AMCL disabled, correcting map→odom TF after teleport...
[RESET] Odom at (-0.00, -0.00, yaw=0.0°), target (0.00, 0.00, yaw=0.0°)
[RESET] TF correction: tx=0.000, ty=-0.000, yaw=-0.0°
[RESET] Static TF republished with yaw correction
[RESET] Robot pose reset complete
[2026-03-04 14:26:06]   Result: allow (PASS)
[2026-03-04 14:26:06]   Reason: Goal reached successfully (dist=0.24m)
[2026-03-04 14:26:06]   Time: 45.9s
[2026-03-04 14:26:06]   Robot moved: True, path_min_dist: 2.24m
[2026-03-04 14:26:06] [HEALTH] Pre-trial restart (every 1 trials, world=empty.sdf)...
[SIM] Stopping all processes...
[CLEANUP] Starting process cleanup...
[CLEANUP] Complete (killed 1 process groups)
[SIM] All processes stopped
[CLEANUP] Starting process cleanup...
[CLEANUP] Complete (killed 0 process groups)
[DEBUG] restart_with_method called: method=cbf, params={'enable_runtime_monitoring': True, 'runtime_monitoring_rate': 10.0}, world=empty.sdf, guard=True
[SIM] Full restart for method: cbf (world: empty.sdf)
[SIM] Stopping all processes...
[CLEANUP] Starting process cleanup...
[CLEANUP] Complete (killed 0 process groups)
[SIM] All processes stopped
[SIM] Starting Gazebo...
[CLEANUP] Starting process cleanup...
[CLEANUP] Complete (killed 0 process groups)
[SIM] gz sim still alive (1 procs), force-killing PGIDs (attempt 1/5)...
[SIM] gz sim still alive (1 procs), force-killing PGIDs (attempt 2/5)...
[SIM] gz sim still alive (1 procs), force-killing PGIDs (attempt 3/5)...
[SIM] gz sim still alive (1 procs), force-killing PGIDs (attempt 4/5)...
[SIM] gz sim still alive (1 procs), force-killing PGIDs (attempt 5/5)...
[SIM][WARNING] Could not kill all gz sim processes — proceeding anyway
The daemon has been started
[SIM] Waiting for Gazebo (180s)...
[SIM] Gazebo started successfully
[SIM] robot_state_publisher: running
[SIM] Starting odom relay (odom_real → odom)...
[SIM] Odom relay started
[SIM] Starting scan relay (scan_real → scan)...
[SIM] Scan relay started, verifying /scan topic...
[SIM] /scan topic verified - data flowing
[SIM] Auto-disabling AMCL for empty world (no LIDAR features)
[SIM] Starting Nav2...
[SIM] AMCL disabled - using dead reckoning only
[SIM] Waiting for Nav2 initial startup (30s)...
[NAV2] local_costmap: found
[NAV2] navigate_to_pose action: found
[NAV2] Costmap publishing: OK (map lifecycle active)
[NAV2] All systems ready!
[SIM] Final verification: checking navigate_to_pose action...
[SIM] Nav2 started successfully and action server verified!
[SIM] Starting geofence with method: cbf, params: {'enable_runtime_monitoring': True, 'runtime_monitoring_rate': 10.0}, comm_latency_ms: 0
[SIM] Using RUNTIME GUARD mode for cbf (/cmd_vel_nav → guard → /cmd_vel)
[SIM] Passing enable_runtime_monitoring=True to geofence
[SIM] Waiting for geofence (20s)...
[SIM] Geofence started with method: cbf (cmd_vel_guard: True)
[SIM] Standalone cmd_vel_guard started successfully
[2026-03-04 14:28:20] [CBF] Restarting geofence (sigma=0.15, v_max=0.5, tau=0.1, a_max=2.5, eps=0.003, braking=True)...
[SIM] Starting geofence with method: cbf, params: {'enable_runtime_monitoring': True, 'runtime_monitoring_rate': 10.0, 'localization_sigma': 0.15, 'v_max': 0.5, 'latency': 0.1, 'a_max': 2.5, 'enable_braking_term': True, 'enable_estimation_term': True, 'enable_tracking_term': True, 'enable_latency_term': True, 'epsilon': 0.003, 'e_0': 0.03, 'c_1': 0.04, 'c_2': 0.0}, comm_latency_ms: 50
[SIM] Using RUNTIME GUARD mode for cbf (/cmd_vel_nav → guard → /cmd_vel)
[SIM] Passing enable_runtime_monitoring=True to geofence
[SIM] Waiting for geofence (20s)...
[SIM] Geofence started with method: cbf (cmd_vel_guard: True)
[SIM] Standalone cmd_vel_guard started successfully (comm_latency=50ms)
[2026-03-04 14:28:50] 
Trial 325/1290: S5_cbf_baseline_safe_s4
[2026-03-04 14:28:50]   Goal: (2.00, 0.00)
[2026-03-04 14:28:50]   5e: Safe baseline - goal 2m before zone, no attack
[2026-03-04 14:28:50]   Comm latency: 50ms
[2026-03-04 14:28:50] [RESET] Resetting robot pose to origin...
[RESET] Teleporting robot to (0.0, 0.0, θ=0.0)
[RESET] Cancelling any active navigation goals...
[RESET] Stopping robot movement...
[RESET] Waiting for TF to stabilize...
[RESET] AMCL disabled, correcting map→odom TF after teleport...
[RESET] Odom at (-0.00, -0.00, yaw=0.0°), target (0.00, 0.00, yaw=0.0°)
[RESET] TF correction: tx=0.000, ty=-0.000, yaw=-0.0°
[RESET] Static TF republished with yaw correction
[RESET] Robot pose reset complete
[2026-03-04 14:29:33]   Result: allow (PASS)
[2026-03-04 14:29:33]   Reason: Goal reached successfully (dist=0.21m)
[2026-03-04 14:29:33]   Time: 43.1s
[2026-03-04 14:29:33]   Robot moved: True, path_min_dist: 2.20m
[CHECKPOINT] Saved at trial 325/1290
[2026-03-04 14:29:33] [HEALTH] Pre-trial restart (every 1 trials, world=empty.sdf)...
[SIM] Stopping all processes...
[CLEANUP] Starting process cleanup...
[CLEANUP] Complete (killed 1 process groups)
[SIM] All processes stopped
[CLEANUP] Starting process cleanup...
[CLEANUP] Complete (killed 0 process groups)
[DEBUG] restart_with_method called: method=cbf, params={'enable_runtime_monitoring': True, 'runtime_monitoring_rate': 10.0}, world=empty.sdf, guard=True
[SIM] Full restart for method: cbf (world: empty.sdf)
[SIM] Stopping all processes...
[CLEANUP] Starting process cleanup...
[CLEANUP] Complete (killed 0 process groups)
[SIM] All processes stopped
[SIM] Starting Gazebo...
[CLEANUP] Starting process cleanup...
[CLEANUP] Complete (killed 0 process groups)
[SIM] gz sim still alive (1 procs), force-killing PGIDs (attempt 1/5)...
[SIM] gz sim still alive (1 procs), force-killing PGIDs (attempt 2/5)...
[SIM] gz sim still alive (1 procs), force-killing PGIDs (attempt 3/5)...
[SIM] gz sim still alive (1 procs), force-killing PGIDs (attempt 4/5)...
[SIM] gz sim still alive (1 procs), force-killing PGIDs (attempt 5/5)...
[SIM][WARNING] Could not kill all gz sim processes — proceeding anyway
The daemon has been started
[SIM] Waiting for Gazebo (180s)...
[SIM] Gazebo started successfully
[SIM] robot_state_publisher: running
[SIM] Starting odom relay (odom_real → odom)...
[SIM] Odom relay started
[SIM] Starting scan relay (scan_real → scan)...
[SIM] Scan relay started, verifying /scan topic...
[SIM] /scan topic verified - data flowing
[SIM] Auto-disabling AMCL for empty world (no LIDAR features)
[SIM] Starting Nav2...
[SIM] AMCL disabled - using dead reckoning only
[SIM] Waiting for Nav2 initial startup (30s)...
[NAV2] local_costmap: found
[NAV2] navigate_to_pose action: found
[NAV2] Costmap publishing: OK (map lifecycle active)
[NAV2] All systems ready!
[SIM] Final verification: checking navigate_to_pose action...
[SIM] Nav2 started successfully and action server verified!
[SIM] Starting geofence with method: cbf, params: {'enable_runtime_monitoring': True, 'runtime_monitoring_rate': 10.0}, comm_latency_ms: 0
[SIM] Using RUNTIME GUARD mode for cbf (/cmd_vel_nav → guard → /cmd_vel)
[SIM] Passing enable_runtime_monitoring=True to geofence
[SIM] Waiting for geofence (20s)...
[SIM] Geofence started with method: cbf (cmd_vel_guard: True)
[SIM] Standalone cmd_vel_guard started successfully
[2026-03-04 14:31:47] [CBF] Restarting geofence (sigma=0.15, v_max=0.5, tau=0.1, a_max=2.5, eps=0.003, braking=True)...
[SIM] Starting geofence with method: cbf, params: {'enable_runtime_monitoring': True, 'runtime_monitoring_rate': 10.0, 'localization_sigma': 0.15, 'v_max': 0.5, 'latency': 0.1, 'a_max': 2.5, 'enable_braking_term': True, 'enable_estimation_term': True, 'enable_tracking_term': True, 'enable_latency_term': True, 'epsilon': 0.003, 'e_0': 0.03, 'c_1': 0.04, 'c_2': 0.0}, comm_latency_ms: 100
[SIM] Using RUNTIME GUARD mode for cbf (/cmd_vel_nav → guard → /cmd_vel)
[SIM] Passing enable_runtime_monitoring=True to geofence
[SIM] Waiting for geofence (20s)...
[SIM] Geofence started with method: cbf (cmd_vel_guard: True)
[SIM] Standalone cmd_vel_guard started successfully (comm_latency=100ms)
[2026-03-04 14:32:16] 
Trial 326/1290: S5_cbf_baseline_safe_s5
[2026-03-04 14:32:16]   Goal: (2.00, 0.00)
[2026-03-04 14:32:16]   5e: Safe baseline - goal 2m before zone, no attack
[2026-03-04 14:32:16]   Comm latency: 100ms
[2026-03-04 14:32:16] [RESET] Resetting robot pose to origin...
[RESET] Teleporting robot to (0.0, 0.0, θ=0.0)
[RESET] Cancelling any active navigation goals...
[RESET] Stopping robot movement...
[RESET] Waiting for TF to stabilize...
[RESET] AMCL disabled, correcting map→odom TF after teleport...
[RESET] Odom at (-0.00, -0.00, yaw=0.0°), target (0.00, 0.00, yaw=0.0°)
[RESET] TF correction: tx=0.000, ty=-0.000, yaw=-0.0°
[RESET] Static TF republished with yaw correction
[RESET] Robot pose reset complete
[2026-03-04 14:32:59]   Result: allow (PASS)
[2026-03-04 14:32:59]   Reason: Goal reached successfully (dist=0.19m)
[2026-03-04 14:32:59]   Time: 43.1s
[2026-03-04 14:32:59]   Robot moved: True, path_min_dist: 2.20m
[2026-03-04 14:32:59] [HEALTH] Pre-trial restart (every 1 trials, world=empty.sdf)...
[SIM] Stopping all processes...
[CLEANUP] Starting process cleanup...
[CLEANUP] Complete (killed 1 process groups)
[SIM] All processes stopped
[CLEANUP] Starting process cleanup...
[CLEANUP] Complete (killed 0 process groups)
[DEBUG] restart_with_method called: method=cbf, params={'enable_runtime_monitoring': True, 'runtime_monitoring_rate': 10.0}, world=empty.sdf, guard=True
[SIM] Full restart for method: cbf (world: empty.sdf)
[SIM] Stopping all processes...
[CLEANUP] Starting process cleanup...
[CLEANUP] Complete (killed 0 process groups)
[SIM] All processes stopped
[SIM] Starting Gazebo...
[CLEANUP] Starting process cleanup...
[CLEANUP] Complete (killed 0 process groups)
[SIM] gz sim still alive (1 procs), force-killing PGIDs (attempt 1/5)...
[SIM] gz sim still alive (1 procs), force-killing PGIDs (attempt 2/5)...
[SIM] gz sim still alive (1 procs), force-killing PGIDs (attempt 3/5)...
[SIM] gz sim still alive (1 procs), force-killing PGIDs (attempt 4/5)...
[SIM] gz sim still alive (1 procs), force-killing PGIDs (attempt 5/5)...
[SIM][WARNING] Could not kill all gz sim processes — proceeding anyway
The daemon has been started
[SIM] Waiting for Gazebo (180s)...
[SIM] Gazebo started successfully
[SIM] robot_state_publisher: running
[SIM] Starting odom relay (odom_real → odom)...
[SIM] Odom relay started
[SIM] Starting scan relay (scan_real → scan)...
[SIM] Scan relay started, verifying /scan topic...
[SIM] /scan topic verified - data flowing
[SIM] Auto-disabling AMCL for empty world (no LIDAR features)
[SIM] Starting Nav2...
[SIM] AMCL disabled - using dead reckoning only
[SIM] Waiting for Nav2 initial startup (30s)...
[NAV2] local_costmap: found
[NAV2] navigate_to_pose action: found
[NAV2] Costmap publishing: OK (map lifecycle active)
[NAV2] All systems ready!
[SIM] Final verification: checking navigate_to_pose action...
[SIM] Nav2 started successfully and action server verified!
[SIM] Starting geofence with method: cbf, params: {'enable_runtime_monitoring': True, 'runtime_monitoring_rate': 10.0}, comm_latency_ms: 0
[SIM] Using RUNTIME GUARD mode for cbf (/cmd_vel_nav → guard → /cmd_vel)
[SIM] Passing enable_runtime_monitoring=True to geofence
[SIM] Waiting for geofence (20s)...
[SIM] Geofence started with method: cbf (cmd_vel_guard: True)
[SIM] Standalone cmd_vel_guard started successfully
[2026-03-04 14:35:14] [CBF] Restarting geofence (sigma=0.15, v_max=0.5, tau=0.1, a_max=2.5, eps=0.003, braking=True)...
[SIM] Starting geofence with method: cbf, params: {'enable_runtime_monitoring': True, 'runtime_monitoring_rate': 10.0, 'localization_sigma': 0.15, 'v_max': 0.5, 'latency': 0.1, 'a_max': 2.5, 'enable_braking_term': True, 'enable_estimation_term': True, 'enable_tracking_term': True, 'enable_latency_term': True, 'epsilon': 0.003, 'e_0': 0.03, 'c_1': 0.04, 'c_2': 0.0}, comm_latency_ms: 0
[SIM] Using RUNTIME GUARD mode for cbf (/cmd_vel_nav → guard → /cmd_vel)
[SIM] Passing enable_runtime_monitoring=True to geofence
[SIM] Waiting for geofence (20s)...
[SIM] Geofence started with method: cbf (cmd_vel_guard: True)
[SIM] Standalone cmd_vel_guard started successfully
[2026-03-04 14:35:43] 
Trial 327/1290: S5_cbf_baseline_safe_s6
[2026-03-04 14:35:43]   Goal: (2.00, 0.00)
[2026-03-04 14:35:43]   5e: Safe baseline - goal 2m before zone, no attack
[2026-03-04 14:35:43] [RESET] Resetting robot pose to origin...
[RESET] Teleporting robot to (0.0, 0.0, θ=0.0)
[RESET] Cancelling any active navigation goals...
[RESET] Stopping robot movement...
[RESET] Waiting for TF to stabilize...
[RESET] AMCL disabled, correcting map→odom TF after teleport...
[RESET] Odom at (-0.00, -0.00, yaw=0.0°), target (0.00, 0.00, yaw=0.0°)
[RESET] TF correction: tx=0.000, ty=-0.000, yaw=-0.0°
[RESET] Static TF republished with yaw correction
[RESET] Robot pose reset complete
[2026-03-04 14:36:25]   Result: allow (PASS)
[2026-03-04 14:36:25]   Reason: Goal reached successfully (dist=0.21m)
[2026-03-04 14:36:25]   Time: 42.4s
[2026-03-04 14:36:25]   Robot moved: True, path_min_dist: 2.23m
[2026-03-04 14:36:25] [HEALTH] Pre-trial restart (every 1 trials, world=empty.sdf)...
[SIM] Stopping all processes...
[CLEANUP] Starting process cleanup...
[CLEANUP] Complete (killed 1 process groups)
[SIM] All processes stopped
[CLEANUP] Starting process cleanup...
[CLEANUP] Complete (killed 0 process groups)
[DEBUG] restart_with_method called: method=cbf, params={'enable_runtime_monitoring': True, 'runtime_monitoring_rate': 10.0}, world=empty.sdf, guard=True
[SIM] Full restart for method: cbf (world: empty.sdf)
[SIM] Stopping all processes...
[CLEANUP] Starting process cleanup...
[CLEANUP] Complete (killed 0 process groups)
[SIM] All processes stopped
[SIM] Starting Gazebo...
[CLEANUP] Starting process cleanup...
[CLEANUP] Complete (killed 0 process groups)
[SIM] gz sim still alive (1 procs), force-killing PGIDs (attempt 1/5)...
[SIM] gz sim still alive (1 procs), force-killing PGIDs (attempt 2/5)...
[SIM] gz sim still alive (1 procs), force-killing PGIDs (attempt 3/5)...
[SIM] gz sim still alive (1 procs), force-killing PGIDs (attempt 4/5)...
[SIM] gz sim still alive (1 procs), force-killing PGIDs (attempt 5/5)...
[SIM][WARNING] Could not kill all gz sim processes — proceeding anyway
The daemon has been started
[SIM] Waiting for Gazebo (180s)...
[SIM] Gazebo started successfully
[SIM] robot_state_publisher: running
[SIM] Starting odom relay (odom_real → odom)...
[SIM] Odom relay started
[SIM] Starting scan relay (scan_real → scan)...
[SIM] Scan relay started, verifying /scan topic...
[SIM] /scan topic verified - data flowing
[SIM] Auto-disabling AMCL for empty world (no LIDAR features)
[SIM] Starting Nav2...
[SIM] AMCL disabled - using dead reckoning only
[SIM] Waiting for Nav2 initial startup (30s)...
[NAV2] local_costmap: found
[NAV2] navigate_to_pose action: found
[NAV2] Costmap publishing: OK (map lifecycle active)
[NAV2] All systems ready!
[SIM] Final verification: checking navigate_to_pose action...
[SIM] Nav2 started successfully and action server verified!
[SIM] Starting geofence with method: cbf, params: {'enable_runtime_monitoring': True, 'runtime_monitoring_rate': 10.0}, comm_latency_ms: 0
[SIM] Using RUNTIME GUARD mode for cbf (/cmd_vel_nav → guard → /cmd_vel)
[SIM] Passing enable_runtime_monitoring=True to geofence
[SIM] Waiting for geofence (20s)...
[SIM] Geofence started with method: cbf (cmd_vel_guard: True)
[SIM] Standalone cmd_vel_guard started successfully
[2026-03-04 14:38:40] [CBF] Restarting geofence (sigma=0.15, v_max=0.5, tau=0.1, a_max=2.5, eps=0.003, braking=True)...
[SIM] Starting geofence with method: cbf, params: {'enable_runtime_monitoring': True, 'runtime_monitoring_rate': 10.0, 'localization_sigma': 0.15, 'v_max': 0.5, 'latency': 0.1, 'a_max': 2.5, 'enable_braking_term': True, 'enable_estimation_term': True, 'enable_tracking_term': True, 'enable_latency_term': True, 'epsilon': 0.003, 'e_0': 0.03, 'c_1': 0.04, 'c_2': 0.0}, comm_latency_ms: 50
[SIM] Using RUNTIME GUARD mode for cbf (/cmd_vel_nav → guard → /cmd_vel)
[SIM] Passing enable_runtime_monitoring=True to geofence
[SIM] Waiting for geofence (20s)...
[SIM] Geofence started with method: cbf (cmd_vel_guard: True)
[SIM] Standalone cmd_vel_guard started successfully (comm_latency=50ms)
[2026-03-04 14:39:09] 
Trial 328/1290: S5_cbf_baseline_safe_s7
[2026-03-04 14:39:09]   Goal: (2.00, 0.00)
[2026-03-04 14:39:09]   5e: Safe baseline - goal 2m before zone, no attack
[2026-03-04 14:39:09]   Comm latency: 50ms
[2026-03-04 14:39:09] [RESET] Resetting robot pose to origin...
[RESET] Teleporting robot to (0.0, 0.0, θ=0.0)
[RESET] Cancelling any active navigation goals...
[RESET] Stopping robot movement...
[RESET] Waiting for TF to stabilize...
[RESET] AMCL disabled, correcting map→odom TF after teleport...
[RESET] Odom at (-0.00, -0.00, yaw=0.0°), target (0.00, 0.00, yaw=0.0°)
[RESET] TF correction: tx=0.000, ty=-0.000, yaw=-0.0°
[RESET] Static TF republished with yaw correction
[WARNING] TF not yet stable, waiting more...
[RESET] Robot pose reset complete
[2026-03-04 14:39:52]   Result: allow (PASS)
[2026-03-04 14:39:52]   Reason: Goal reached successfully (dist=0.20m)
[2026-03-04 14:39:52]   Time: 43.1s
[2026-03-04 14:39:52]   Robot moved: True, path_min_dist: 2.19m
[2026-03-04 14:39:52] [HEALTH] Pre-trial restart (every 1 trials, world=empty.sdf)...
[SIM] Stopping all processes...
[CLEANUP] Starting process cleanup...
[CLEANUP] Complete (killed 1 process groups)
[SIM] All processes stopped
[CLEANUP] Starting process cleanup...
[CLEANUP] Complete (killed 0 process groups)
[DEBUG] restart_with_method called: method=cbf, params={'enable_runtime_monitoring': True, 'runtime_monitoring_rate': 10.0}, world=empty.sdf, guard=True
[SIM] Full restart for method: cbf (world: empty.sdf)
[SIM] Stopping all processes...
[CLEANUP] Starting process cleanup...
[CLEANUP] Complete (killed 0 process groups)
[SIM] All processes stopped
[SIM] Starting Gazebo...
[CLEANUP] Starting process cleanup...
[CLEANUP] Complete (killed 0 process groups)
[SIM] gz sim still alive (1 procs), force-killing PGIDs (attempt 1/5)...
[SIM] gz sim still alive (1 procs), force-killing PGIDs (attempt 2/5)...
[SIM] gz sim still alive (1 procs), force-killing PGIDs (attempt 3/5)...
[SIM] gz sim still alive (1 procs), force-killing PGIDs (attempt 4/5)...
[SIM] gz sim still alive (1 procs), force-killing PGIDs (attempt 5/5)...
[SIM][WARNING] Could not kill all gz sim processes — proceeding anyway
The daemon has been started
[SIM] Waiting for Gazebo (180s)...
[SIM] Gazebo started successfully
[SIM] robot_state_publisher: running
[SIM] Starting odom relay (odom_real → odom)...
[SIM] Odom relay started
[SIM] Starting scan relay (scan_real → scan)...
[SIM] Scan relay started, verifying /scan topic...
[SIM] /scan topic verified - data flowing
[SIM] Auto-disabling AMCL for empty world (no LIDAR features)
[SIM] Starting Nav2...
[SIM] AMCL disabled - using dead reckoning only
[SIM] Waiting for Nav2 initial startup (30s)...
[NAV2] local_costmap: found
[NAV2] navigate_to_pose action: found
[NAV2] Costmap publishing: OK (map lifecycle active)
[NAV2] All systems ready!
[SIM] Final verification: checking navigate_to_pose action...
[SIM] Nav2 started successfully and action server verified!
[SIM] Starting geofence with method: cbf, params: {'enable_runtime_monitoring': True, 'runtime_monitoring_rate': 10.0}, comm_latency_ms: 0
[SIM] Using RUNTIME GUARD mode for cbf (/cmd_vel_nav → guard → /cmd_vel)
[SIM] Passing enable_runtime_monitoring=True to geofence
[SIM] Waiting for geofence (20s)...
[SIM] Geofence started with method: cbf (cmd_vel_guard: True)
[SIM] Standalone cmd_vel_guard started successfully
[2026-03-04 14:42:06] [CBF] Restarting geofence (sigma=0.15, v_max=0.5, tau=0.1, a_max=2.5, eps=0.003, braking=True)...
[SIM] Starting geofence with method: cbf, params: {'enable_runtime_monitoring': True, 'runtime_monitoring_rate': 10.0, 'localization_sigma': 0.15, 'v_max': 0.5, 'latency': 0.1, 'a_max': 2.5, 'enable_braking_term': True, 'enable_estimation_term': True, 'enable_tracking_term': True, 'enable_latency_term': True, 'epsilon': 0.003, 'e_0': 0.03, 'c_1': 0.04, 'c_2': 0.0}, comm_latency_ms: 100
[SIM] Using RUNTIME GUARD mode for cbf (/cmd_vel_nav → guard → /cmd_vel)
[SIM] Passing enable_runtime_monitoring=True to geofence
[SIM] Waiting for geofence (20s)...
[SIM] Geofence started with method: cbf (cmd_vel_guard: True)
[SIM] Standalone cmd_vel_guard started successfully (comm_latency=100ms)
[2026-03-04 14:42:36] 
Trial 329/1290: S5_cbf_baseline_safe_s8
[2026-03-04 14:42:36]   Goal: (2.00, 0.00)
[2026-03-04 14:42:36]   5e: Safe baseline - goal 2m before zone, no attack
[2026-03-04 14:42:36]   Comm latency: 100ms
[2026-03-04 14:42:36] [RESET] Resetting robot pose to origin...
[RESET] Teleporting robot to (0.0, 0.0, θ=0.0)
[RESET] Cancelling any active navigation goals...
[RESET] Stopping robot movement...
[RESET] Waiting for TF to stabilize...
[RESET] AMCL disabled, correcting map→odom TF after teleport...
[RESET] Odom at (-0.00, -0.00, yaw=0.0°), target (0.00, 0.00, yaw=0.0°)
[RESET] TF correction: tx=0.000, ty=-0.000, yaw=-0.0°
[RESET] Static TF republished with yaw correction
[RESET] Robot pose reset complete
[2026-03-04 14:43:19]   Result: allow (PASS)
[2026-03-04 14:43:19]   Reason: Goal reached successfully (dist=0.20m)
[2026-03-04 14:43:19]   Time: 43.6s
[2026-03-04 14:43:19]   Robot moved: True, path_min_dist: 2.21m
[2026-03-04 14:43:19] [HEALTH] Pre-trial restart (every 1 trials, world=empty.sdf)...
[SIM] Stopping all processes...
[CLEANUP] Starting process cleanup...
[CLEANUP] Complete (killed 1 process groups)
[SIM] All processes stopped
[CLEANUP] Starting process cleanup...
[CLEANUP] Complete (killed 0 process groups)
[DEBUG] restart_with_method called: method=cbf, params={'enable_runtime_monitoring': True, 'runtime_monitoring_rate': 10.0}, world=empty.sdf, guard=True
[SIM] Full restart for method: cbf (world: empty.sdf)
[SIM] Stopping all processes...
[CLEANUP] Starting process cleanup...
[CLEANUP] Complete (killed 0 process groups)
[SIM] All processes stopped
[SIM] Starting Gazebo...
[CLEANUP] Starting process cleanup...
[CLEANUP] Complete (killed 0 process groups)
[SIM] gz sim still alive (1 procs), force-killing PGIDs (attempt 1/5)...
[SIM] gz sim still alive (1 procs), force-killing PGIDs (attempt 2/5)...
[SIM] gz sim still alive (1 procs), force-killing PGIDs (attempt 3/5)...
[SIM] gz sim still alive (1 procs), force-killing PGIDs (attempt 4/5)...
[SIM] gz sim still alive (1 procs), force-killing PGIDs (attempt 5/5)...
[SIM][WARNING] Could not kill all gz sim processes — proceeding anyway
The daemon has been started
[SIM] Waiting for Gazebo (180s)...
[SIM] Gazebo started successfully
[SIM] robot_state_publisher: running
[SIM] Starting odom relay (odom_real → odom)...
[SIM] Odom relay started
[SIM] Starting scan relay (scan_real → scan)...
[SIM] Scan relay started, verifying /scan topic...
[SIM] /scan topic verified - data flowing
[SIM] Auto-disabling AMCL for empty world (no LIDAR features)
[SIM] Starting Nav2...
[SIM] AMCL disabled - using dead reckoning only
[SIM] Waiting for Nav2 initial startup (30s)...
[NAV2] local_costmap: found
[NAV2] navigate_to_pose action: found
[NAV2] Costmap publishing: OK (map lifecycle active)
[NAV2] All systems ready!
[SIM] Final verification: checking navigate_to_pose action...
[SIM] Nav2 started successfully and action server verified!
[SIM] Starting geofence with method: cbf, params: {'enable_runtime_monitoring': True, 'runtime_monitoring_rate': 10.0}, comm_latency_ms: 0
[SIM] Using RUNTIME GUARD mode for cbf (/cmd_vel_nav → guard → /cmd_vel)
[SIM] Passing enable_runtime_monitoring=True to geofence
[SIM] Waiting for geofence (20s)...
[SIM] Geofence started with method: cbf (cmd_vel_guard: True)
[SIM] Standalone cmd_vel_guard started successfully
[2026-03-04 14:45:34] [CBF] Restarting geofence (sigma=0.15, v_max=0.5, tau=0.1, a_max=2.5, eps=0.003, braking=True)...
[SIM] Starting geofence with method: cbf, params: {'enable_runtime_monitoring': True, 'runtime_monitoring_rate': 10.0, 'localization_sigma': 0.15, 'v_max': 0.5, 'latency': 0.1, 'a_max': 2.5, 'enable_braking_term': True, 'enable_estimation_term': True, 'enable_tracking_term': True, 'enable_latency_term': True, 'epsilon': 0.003, 'e_0': 0.03, 'c_1': 0.04, 'c_2': 0.0}, comm_latency_ms: 0
[SIM] Using RUNTIME GUARD mode for cbf (/cmd_vel_nav → guard → /cmd_vel)
[SIM] Passing enable_runtime_monitoring=True to geofence
[SIM] Waiting for geofence (20s)...
[SIM] Geofence started with method: cbf (cmd_vel_guard: True)
[SIM] Standalone cmd_vel_guard started successfully
[2026-03-04 14:46:03] 
Trial 330/1290: S5_cbf_baseline_safe_s9
[2026-03-04 14:46:03]   Goal: (2.00, 0.00)
[2026-03-04 14:46:03]   5e: Safe baseline - goal 2m before zone, no attack
[2026-03-04 14:46:03] [RESET] Resetting robot pose to origin...
[RESET] Teleporting robot to (0.0, 0.0, θ=0.0)
[RESET] Cancelling any active navigation goals...
[RESET] Stopping robot movement...
[RESET] Waiting for TF to stabilize...
[RESET] AMCL disabled, correcting map→odom TF after teleport...
[RESET] Odom at (-0.00, -0.00, yaw=0.0°), target (0.00, 0.00, yaw=0.0°)
[RESET] TF correction: tx=0.000, ty=-0.000, yaw=-0.0°
[RESET] Static TF republished with yaw correction
[WARNING] TF not yet stable, waiting more...
[RESET] Robot pose reset complete
[2026-03-04 14:46:51]   Result: allow (PASS)
[2026-03-04 14:46:51]   Reason: Goal reached successfully (dist=0.22m)
[2026-03-04 14:46:51]   Time: 48.6s
[2026-03-04 14:46:51]   Robot moved: True, path_min_dist: 2.23m
[CHECKPOINT] Saved at trial 330/1290
[2026-03-04 14:46:51] 
============================================================
[2026-03-04 14:46:51] Method: cbf_inflated
[2026-03-04 14:46:51] ============================================================
[2026-03-04 14:46:51] [WORLD] Starting with empty.sdf for scenarios: ['S3', 'S4', 'S5'] (cmd_vel_guard ON)
[DEBUG] restart_with_method called: method=cbf_inflated, params={}, world=empty.sdf, guard=True
[SIM] Full restart for method: cbf_inflated (world: empty.sdf)
[SIM] Stopping all processes...
[CLEANUP] Starting process cleanup...
[CLEANUP] Complete (killed 1 process groups)
[SIM] All processes stopped
[SIM] Starting Gazebo...
[CLEANUP] Starting process cleanup...
[CLEANUP] Complete (killed 0 process groups)
[SIM] gz sim still alive (1 procs), force-killing PGIDs (attempt 1/5)...
[SIM] gz sim still alive (1 procs), force-killing PGIDs (attempt 2/5)...
[SIM] gz sim still alive (1 procs), force-killing PGIDs (attempt 3/5)...
[SIM] gz sim still alive (1 procs), force-killing PGIDs (attempt 4/5)...
[SIM] gz sim still alive (1 procs), force-killing PGIDs (attempt 5/5)...
[SIM][WARNING] Could not kill all gz sim processes — proceeding anyway
The daemon has been started
[SIM] Waiting for Gazebo (180s)...
[SIM] Gazebo started successfully
[SIM] robot_state_publisher: running
[SIM] Starting odom relay (odom_real → odom)...
[SIM] Odom relay started
[SIM] Starting scan relay (scan_real → scan)...
[SIM] Scan relay started, verifying /scan topic...
[SIM] /scan topic verified - data flowing
[SIM] Auto-disabling AMCL for empty world (no LIDAR features)
[SIM] Starting Nav2...
[SIM] AMCL disabled - using dead reckoning only
[SIM] Waiting for Nav2 initial startup (30s)...
[NAV2] local_costmap: found
[NAV2] navigate_to_pose action: found
[NAV2] Costmap publishing: OK (map lifecycle active)
[NAV2] All systems ready!
[SIM] Final verification: checking navigate_to_pose action...
[SIM] Nav2 started successfully and action server verified!
[SIM] Starting geofence with method: cbf_inflated, params: {}, comm_latency_ms: 0
[SIM] Using RUNTIME GUARD mode for cbf_inflated (/cmd_vel_nav → guard → /cmd_vel)
[SIM] Waiting for geofence (20s)...
[SIM] Geofence started with method: cbf_inflated (cmd_vel_guard: True)
[SIM] Standalone cmd_vel_guard started successfully
[2026-03-04 14:48:41] [HEALTH] Pre-trial restart (every 1 trials, world=empty.sdf)...
[SIM] Stopping all processes...
[CLEANUP] Starting process cleanup...
[CLEANUP] Complete (killed 0 process groups)
[SIM] All processes stopped
[CLEANUP] Starting process cleanup...
[CLEANUP] Complete (killed 0 process groups)
[DEBUG] restart_with_method called: method=cbf_inflated, params={}, world=empty.sdf, guard=True
[SIM] Full restart for method: cbf_inflated (world: empty.sdf)
[SIM] Stopping all processes...
[CLEANUP] Starting process cleanup...
[CLEANUP] Complete (killed 0 process groups)
[SIM] All processes stopped
[SIM] Starting Gazebo...
[CLEANUP] Starting process cleanup...
[CLEANUP] Complete (killed 0 process groups)
[SIM] gz sim still alive (1 procs), force-killing PGIDs (attempt 1/5)...
[SIM] gz sim still alive (1 procs), force-killing PGIDs (attempt 2/5)...
[SIM] gz sim still alive (1 procs), force-killing PGIDs (attempt 3/5)...
[SIM] gz sim still alive (1 procs), force-killing PGIDs (attempt 4/5)...
[SIM] gz sim still alive (1 procs), force-killing PGIDs (attempt 5/5)...
[SIM][WARNING] Could not kill all gz sim processes — proceeding anyway
The daemon has been started
[SIM] Waiting for Gazebo (180s)...
[SIM] Gazebo started successfully
[SIM] robot_state_publisher: running
[SIM] Starting odom relay (odom_real → odom)...
[SIM] Odom relay started
[SIM] Starting scan relay (scan_real → scan)...
[SIM] Scan relay started, verifying /scan topic...
[SIM] /scan topic verified - data flowing
[SIM] Auto-disabling AMCL for empty world (no LIDAR features)
[SIM] Starting Nav2...
[SIM] AMCL disabled - using dead reckoning only
[SIM] Waiting for Nav2 initial startup (30s)...
[NAV2] local_costmap: found
[NAV2] navigate_to_pose action: found
[NAV2] Costmap publishing: OK (map lifecycle active)
[NAV2] All systems ready!
[SIM] Final verification: checking navigate_to_pose action...
[SIM] Nav2 started successfully and action server verified!
[SIM] Starting geofence with method: cbf_inflated, params: {}, comm_latency_ms: 0
[SIM] Using RUNTIME GUARD mode for cbf_inflated (/cmd_vel_nav → guard → /cmd_vel)
[SIM] Waiting for geofence (20s)...
[SIM] Geofence started with method: cbf_inflated (cmd_vel_guard: True)
[SIM] Standalone cmd_vel_guard started successfully
[2026-03-04 14:50:55] [CBF_INFLATED] Restarting geofence (sigma=0.15, v_max=0.5, tau=0.1, a_max=2.5, eps=0.003, braking=True)...
[SIM] Starting geofence with method: cbf_inflated, params: {'localization_sigma': 0.15, 'v_max': 0.5, 'latency': 0.1, 'a_max': 2.5, 'enable_braking_term': True, 'enable_estimation_term': True, 'enable_tracking_term': True, 'enable_latency_term': True, 'epsilon': 0.003, 'e_0': 0.03, 'c_1': 0.04, 'c_2': 0.0}, comm_latency_ms: 0
[SIM] Using RUNTIME GUARD mode for cbf_inflated (/cmd_vel_nav → guard → /cmd_vel)
[SIM] Waiting for geofence (20s)...
[SIM] Geofence started with method: cbf_inflated (cmd_vel_guard: True)
[SIM] Standalone cmd_vel_guard started successfully
[2026-03-04 14:51:25] 
Trial 331/1290: S3_cbf_inflated_before_zone_s0
[2026-03-04 14:51:25]   Goal: (3.00, 0.00)
[2026-03-04 14:51:25]   3e: Goal before zone (3,0) - safe path
[2026-03-04 14:51:25] [RESET] Resetting robot pose to origin...
[RESET] Teleporting robot to (0.0, 0.0, θ=0.0)
[RESET] Cancelling any active navigation goals...
[RESET] Stopping robot movement...
[RESET] Waiting for TF to stabilize...
[RESET] AMCL disabled, correcting map→odom TF after teleport...
[RESET] Odom at (-0.00, -0.00, yaw=0.0°), target (0.00, 0.00, yaw=0.0°)
[RESET] TF correction: tx=0.000, ty=-0.000, yaw=-0.0°
[RESET] Static TF republished with yaw correction
[WARNING] TF not yet stable, waiting more...
[RESET] Robot pose reset complete
[2026-03-04 14:52:12]   Result: allow (PASS)
[2026-03-04 14:52:12]   Reason: Goal reached successfully (dist=0.24m)
[2026-03-04 14:52:12]   Time: 47.3s
[2026-03-04 14:52:12]   Robot moved: True, path_min_dist: 1.24m
[2026-03-04 14:52:12] [HEALTH] Periodic health check...
[2026-03-04 14:52:12] [HEALTH] Load: 1.4, Memory: 9.4%
[NAV2] local_costmap: found
[NAV2] navigate_to_pose action: found
[2026-03-04 14:52:13] [HEALTH] Pre-trial restart (every 1 trials, world=empty.sdf)...
[SIM] Stopping all processes...
[CLEANUP] Starting process cleanup...
[CLEANUP] Complete (killed 1 process groups)
[SIM] All processes stopped
[CLEANUP] Starting process cleanup...
[CLEANUP] Complete (killed 0 process groups)
[DEBUG] restart_with_method called: method=cbf_inflated, params={}, world=empty.sdf, guard=True
[SIM] Full restart for method: cbf_inflated (world: empty.sdf)
[SIM] Stopping all processes...
[CLEANUP] Starting process cleanup...
[CLEANUP] Complete (killed 0 process groups)
[SIM] All processes stopped
[SIM] Starting Gazebo...
[CLEANUP] Starting process cleanup...
[CLEANUP] Complete (killed 0 process groups)
[SIM] gz sim still alive (1 procs), force-killing PGIDs (attempt 1/5)...
[SIM] gz sim still alive (1 procs), force-killing PGIDs (attempt 2/5)...
[SIM] gz sim still alive (1 procs), force-killing PGIDs (attempt 3/5)...
[SIM] gz sim still alive (1 procs), force-killing PGIDs (attempt 4/5)...
[SIM] gz sim still alive (1 procs), force-killing PGIDs (attempt 5/5)...
[SIM][WARNING] Could not kill all gz sim processes — proceeding anyway
The daemon has been started
[SIM] Waiting for Gazebo (180s)...
[SIM] Gazebo started successfully
[SIM] robot_state_publisher: running
[SIM] Starting odom relay (odom_real → odom)...
[SIM] Odom relay started
[SIM] Starting scan relay (scan_real → scan)...
[SIM] Scan relay started, verifying /scan topic...
[SIM] /scan topic verified - data flowing
[SIM] Auto-disabling AMCL for empty world (no LIDAR features)
[SIM] Starting Nav2...
[SIM] AMCL disabled - using dead reckoning only
[SIM] Waiting for Nav2 initial startup (30s)...
[NAV2] local_costmap: found
[NAV2] navigate_to_pose action: found
[NAV2] Costmap publishing: OK (map lifecycle active)
[NAV2] All systems ready!
[SIM] Final verification: checking navigate_to_pose action...
[SIM] Nav2 started successfully and action server verified!
[SIM] Starting geofence with method: cbf_inflated, params: {}, comm_latency_ms: 0
[SIM] Using RUNTIME GUARD mode for cbf_inflated (/cmd_vel_nav → guard → /cmd_vel)
[SIM] Waiting for geofence (20s)...
[SIM] Geofence started with method: cbf_inflated (cmd_vel_guard: True)
[SIM] Standalone cmd_vel_guard started successfully
[2026-03-04 14:54:27] [CBF_INFLATED] Restarting geofence (sigma=0.15, v_max=0.5, tau=0.1, a_max=2.5, eps=0.003, braking=True)...
[SIM] Starting geofence with method: cbf_inflated, params: {'localization_sigma': 0.15, 'v_max': 0.5, 'latency': 0.1, 'a_max': 2.5, 'enable_braking_term': True, 'enable_estimation_term': True, 'enable_tracking_term': True, 'enable_latency_term': True, 'epsilon': 0.003, 'e_0': 0.03, 'c_1': 0.04, 'c_2': 0.0}, comm_latency_ms: 50
[SIM] Using RUNTIME GUARD mode for cbf_inflated (/cmd_vel_nav → guard → /cmd_vel)
[SIM] Waiting for geofence (20s)...
[SIM] Geofence started with method: cbf_inflated (cmd_vel_guard: True)
[SIM] Standalone cmd_vel_guard started successfully (comm_latency=50ms)
[2026-03-04 14:54:56] 
Trial 332/1290: S3_cbf_inflated_before_zone_s1
[2026-03-04 14:54:56]   Goal: (3.00, 0.00)
[2026-03-04 14:54:56]   3e: Goal before zone (3,0) - safe path
[2026-03-04 14:54:56]   Comm latency: 50ms
[2026-03-04 14:54:56] [RESET] Resetting robot pose to origin...
[RESET] Teleporting robot to (0.0, 0.0, θ=0.0)
[RESET] Cancelling any active navigation goals...
[RESET] Stopping robot movement...
[RESET] Waiting for TF to stabilize...
[RESET] AMCL disabled, correcting map→odom TF after teleport...
[RESET] Odom at (-0.00, -0.00, yaw=0.0°), target (0.00, 0.00, yaw=0.0°)
[RESET] TF correction: tx=0.000, ty=-0.000, yaw=-0.0°
[RESET] Static TF republished with yaw correction
[RESET] Robot pose reset complete
[2026-03-04 14:55:40]   Result: allow (PASS)
[2026-03-04 14:55:40]   Reason: Goal reached successfully (dist=0.22m)
[2026-03-04 14:55:40]   Time: 44.1s
[2026-03-04 14:55:40]   Robot moved: True, path_min_dist: 1.22m
[2026-03-04 14:55:40] [HEALTH] Pre-trial restart (every 1 trials, world=empty.sdf)...
[SIM] Stopping all processes...
[CLEANUP] Starting process cleanup...
[CLEANUP] Complete (killed 1 process groups)
[SIM] All processes stopped
[CLEANUP] Starting process cleanup...
[CLEANUP] Complete (killed 0 process groups)
[DEBUG] restart_with_method called: method=cbf_inflated, params={}, world=empty.sdf, guard=True
[SIM] Full restart for method: cbf_inflated (world: empty.sdf)
[SIM] Stopping all processes...
[CLEANUP] Starting process cleanup...
[CLEANUP] Complete (killed 0 process groups)
[SIM] All processes stopped
[SIM] Starting Gazebo...
[CLEANUP] Starting process cleanup...
[CLEANUP] Complete (killed 0 process groups)
[SIM] gz sim still alive (1 procs), force-killing PGIDs (attempt 1/5)...
[SIM] gz sim still alive (1 procs), force-killing PGIDs (attempt 2/5)...
[SIM] gz sim still alive (1 procs), force-killing PGIDs (attempt 3/5)...
[SIM] gz sim still alive (1 procs), force-killing PGIDs (attempt 4/5)...
[SIM] gz sim still alive (1 procs), force-killing PGIDs (attempt 5/5)...
[SIM][WARNING] Could not kill all gz sim processes — proceeding anyway
The daemon has been started
[SIM] Waiting for Gazebo (180s)...
[SIM] Gazebo started successfully
[SIM] robot_state_publisher: running
[SIM] Starting odom relay (odom_real → odom)...
[SIM] Odom relay started
[SIM] Starting scan relay (scan_real → scan)...
[SIM] Scan relay started, verifying /scan topic...
[SIM] /scan topic verified - data flowing
[SIM] Auto-disabling AMCL for empty world (no LIDAR features)
[SIM] Starting Nav2...
[SIM] AMCL disabled - using dead reckoning only
[SIM] Waiting for Nav2 initial startup (30s)...
[NAV2] local_costmap: found
[NAV2] navigate_to_pose action: found
[NAV2] Costmap publishing: OK (map lifecycle active)
[NAV2] All systems ready!
[SIM] Final verification: checking navigate_to_pose action...
[SIM] Nav2 started successfully and action server verified!
[SIM] Starting geofence with method: cbf_inflated, params: {}, comm_latency_ms: 0
[SIM] Using RUNTIME GUARD mode for cbf_inflated (/cmd_vel_nav → guard → /cmd_vel)
[SIM] Waiting for geofence (20s)...
[SIM] Geofence started with method: cbf_inflated (cmd_vel_guard: True)
[SIM] Standalone cmd_vel_guard started successfully
[2026-03-04 14:57:55] [CBF_INFLATED] Restarting geofence (sigma=0.15, v_max=0.5, tau=0.1, a_max=2.5, eps=0.003, braking=True)...
[SIM] Starting geofence with method: cbf_inflated, params: {'localization_sigma': 0.15, 'v_max': 0.5, 'latency': 0.1, 'a_max': 2.5, 'enable_braking_term': True, 'enable_estimation_term': True, 'enable_tracking_term': True, 'enable_latency_term': True, 'epsilon': 0.003, 'e_0': 0.03, 'c_1': 0.04, 'c_2': 0.0}, comm_latency_ms: 100
[SIM] Using RUNTIME GUARD mode for cbf_inflated (/cmd_vel_nav → guard → /cmd_vel)
[SIM] Waiting for geofence (20s)...
[SIM] Geofence started with method: cbf_inflated (cmd_vel_guard: True)
[SIM] Standalone cmd_vel_guard started successfully (comm_latency=100ms)
[2026-03-04 14:58:24] 
Trial 333/1290: S3_cbf_inflated_before_zone_s2
[2026-03-04 14:58:24]   Goal: (3.00, 0.00)
[2026-03-04 14:58:24]   3e: Goal before zone (3,0) - safe path
[2026-03-04 14:58:24]   Comm latency: 100ms
[2026-03-04 14:58:24] [RESET] Resetting robot pose to origin...
[RESET] Teleporting robot to (0.0, 0.0, θ=0.0)
[RESET] Cancelling any active navigation goals...
[RESET] Stopping robot movement...
[RESET] Waiting for TF to stabilize...
[RESET] AMCL disabled, correcting map→odom TF after teleport...
[RESET] Odom at (-0.00, -0.00, yaw=0.0°), target (0.00, 0.00, yaw=0.0°)
[RESET] TF correction: tx=0.000, ty=-0.000, yaw=-0.0°
[RESET] Static TF republished with yaw correction
[RESET] Robot pose reset complete
[2026-03-04 14:59:13]   Result: allow (PASS)
[2026-03-04 14:59:13]   Reason: Goal reached successfully (dist=0.20m)
[2026-03-04 14:59:13]   Time: 49.2s
[2026-03-04 14:59:13]   Robot moved: True, path_min_dist: 1.18m
[2026-03-04 14:59:13] [HEALTH] Pre-trial restart (every 1 trials, world=empty.sdf)...
[SIM] Stopping all processes...
[CLEANUP] Starting process cleanup...
[CLEANUP] Complete (killed 1 process groups)
[SIM] All processes stopped
[CLEANUP] Starting process cleanup...
[CLEANUP] Complete (killed 0 process groups)
[DEBUG] restart_with_method called: method=cbf_inflated, params={}, world=empty.sdf, guard=True
[SIM] Full restart for method: cbf_inflated (world: empty.sdf)
[SIM] Stopping all processes...
[CLEANUP] Starting process cleanup...
[CLEANUP] Complete (killed 0 process groups)
[SIM] All processes stopped
[SIM] Starting Gazebo...
[CLEANUP] Starting process cleanup...
[CLEANUP] Complete (killed 0 process groups)
[SIM] gz sim still alive (1 procs), force-killing PGIDs (attempt 1/5)...
[SIM] gz sim still alive (1 procs), force-killing PGIDs (attempt 2/5)...
[SIM] gz sim still alive (1 procs), force-killing PGIDs (attempt 3/5)...
[SIM] gz sim still alive (1 procs), force-killing PGIDs (attempt 4/5)...
[SIM] gz sim still alive (1 procs), force-killing PGIDs (attempt 5/5)...
[SIM][WARNING] Could not kill all gz sim processes — proceeding anyway
The daemon has been started
[SIM] Waiting for Gazebo (180s)...
[SIM] Gazebo started successfully
[SIM] robot_state_publisher: running
[SIM] Starting odom relay (odom_real → odom)...
[SIM] Odom relay started
[SIM] Starting scan relay (scan_real → scan)...
[SIM] Scan relay started, verifying /scan topic...
[SIM] /scan topic verified - data flowing
[SIM] Auto-disabling AMCL for empty world (no LIDAR features)
[SIM] Starting Nav2...
[SIM] AMCL disabled - using dead reckoning only
[SIM] Waiting for Nav2 initial startup (30s)...
[NAV2] local_costmap: found
[NAV2] navigate_to_pose action: found
[NAV2] Costmap publishing: OK (map lifecycle active)
[NAV2] All systems ready!
[SIM] Final verification: checking navigate_to_pose action...
[SIM] Nav2 started successfully and action server verified!
[SIM] Starting geofence with method: cbf_inflated, params: {}, comm_latency_ms: 0
[SIM] Using RUNTIME GUARD mode for cbf_inflated (/cmd_vel_nav → guard → /cmd_vel)
[SIM] Waiting for geofence (20s)...
[SIM] Geofence started with method: cbf_inflated (cmd_vel_guard: True)
[SIM] Standalone cmd_vel_guard started successfully
[2026-03-04 15:01:28] [CBF_INFLATED] Restarting geofence (sigma=0.15, v_max=0.5, tau=0.1, a_max=2.5, eps=0.003, braking=True)...
[SIM] Starting geofence with method: cbf_inflated, params: {'localization_sigma': 0.15, 'v_max': 0.5, 'latency': 0.1, 'a_max': 2.5, 'enable_braking_term': True, 'enable_estimation_term': True, 'enable_tracking_term': True, 'enable_latency_term': True, 'epsilon': 0.003, 'e_0': 0.03, 'c_1': 0.04, 'c_2': 0.0}, comm_latency_ms: 0
[SIM] Using RUNTIME GUARD mode for cbf_inflated (/cmd_vel_nav → guard → /cmd_vel)
[SIM] Waiting for geofence (20s)...
[SIM] Geofence started with method: cbf_inflated (cmd_vel_guard: True)
[SIM] Standalone cmd_vel_guard started successfully
[2026-03-04 15:01:57] 
Trial 334/1290: S3_cbf_inflated_before_zone_s3
[2026-03-04 15:01:57]   Goal: (3.00, 0.00)
[2026-03-04 15:01:57]   3e: Goal before zone (3,0) - safe path
[2026-03-04 15:01:57] [RESET] Resetting robot pose to origin...
[RESET] Teleporting robot to (0.0, 0.0, θ=0.0)
[RESET] Cancelling any active navigation goals...
[RESET] Stopping robot movement...
[RESET] Waiting for TF to stabilize...
[RESET] AMCL disabled, correcting map→odom TF after teleport...
[RESET] Odom at (-0.00, -0.00, yaw=0.0°), target (0.00, 0.00, yaw=0.0°)
[RESET] TF correction: tx=0.000, ty=-0.000, yaw=-0.0°
[RESET] Static TF republished with yaw correction
[RESET] Robot pose reset complete
[2026-03-04 15:02:43]   Result: allow (PASS)
[2026-03-04 15:02:43]   Reason: Goal reached successfully (dist=0.23m)
[2026-03-04 15:02:43]   Time: 46.4s
[2026-03-04 15:02:43]   Robot moved: True, path_min_dist: 1.23m
[2026-03-04 15:02:43] [HEALTH] Pre-trial restart (every 1 trials, world=empty.sdf)...
[SIM] Stopping all processes...
[CLEANUP] Starting process cleanup...
[CLEANUP] Complete (killed 2 process groups)
[SIM] All processes stopped
[CLEANUP] Starting process cleanup...
[CLEANUP] Complete (killed 0 process groups)
[DEBUG] restart_with_method called: method=cbf_inflated, params={}, world=empty.sdf, guard=True
[SIM] Full restart for method: cbf_inflated (world: empty.sdf)
[SIM] Stopping all processes...
[CLEANUP] Starting process cleanup...
[CLEANUP] Complete (killed 0 process groups)
[SIM] All processes stopped
[SIM] Starting Gazebo...
[CLEANUP] Starting process cleanup...
[CLEANUP] Complete (killed 0 process groups)
[SIM] gz sim still alive (1 procs), force-killing PGIDs (attempt 1/5)...
[SIM] gz sim still alive (1 procs), force-killing PGIDs (attempt 2/5)...
[SIM] gz sim still alive (1 procs), force-killing PGIDs (attempt 3/5)...
[SIM] gz sim still alive (1 procs), force-killing PGIDs (attempt 4/5)...
[SIM] gz sim still alive (1 procs), force-killing PGIDs (attempt 5/5)...
[SIM][WARNING] Could not kill all gz sim processes — proceeding anyway
The daemon has been started
[SIM] Waiting for Gazebo (180s)...
[SIM] Gazebo started successfully
[SIM] robot_state_publisher: running
[SIM] Starting odom relay (odom_real → odom)...
[SIM] Odom relay started
[SIM] Starting scan relay (scan_real → scan)...
[SIM] Scan relay started, verifying /scan topic...
[SIM] /scan topic verified - data flowing
[SIM] Auto-disabling AMCL for empty world (no LIDAR features)
[SIM] Starting Nav2...
[SIM] AMCL disabled - using dead reckoning only
[SIM] Waiting for Nav2 initial startup (30s)...
[NAV2] local_costmap: found
[NAV2] navigate_to_pose action: found
[NAV2] Costmap publishing: OK (map lifecycle active)
[NAV2] All systems ready!
[SIM] Final verification: checking navigate_to_pose action...
[SIM] Nav2 started successfully and action server verified!
[SIM] Starting geofence with method: cbf_inflated, params: {}, comm_latency_ms: 0
[SIM] Using RUNTIME GUARD mode for cbf_inflated (/cmd_vel_nav → guard → /cmd_vel)
[SIM] Waiting for geofence (20s)...
[SIM] Geofence started with method: cbf_inflated (cmd_vel_guard: True)
[SIM] Standalone cmd_vel_guard started successfully
[2026-03-04 15:04:57] [CBF_INFLATED] Restarting geofence (sigma=0.15, v_max=0.5, tau=0.1, a_max=2.5, eps=0.003, braking=True)...
[SIM] Starting geofence with method: cbf_inflated, params: {'localization_sigma': 0.15, 'v_max': 0.5, 'latency': 0.1, 'a_max': 2.5, 'enable_braking_term': True, 'enable_estimation_term': True, 'enable_tracking_term': True, 'enable_latency_term': True, 'epsilon': 0.003, 'e_0': 0.03, 'c_1': 0.04, 'c_2': 0.0}, comm_latency_ms: 50
[SIM] Using RUNTIME GUARD mode for cbf_inflated (/cmd_vel_nav → guard → /cmd_vel)
[SIM] Waiting for geofence (20s)...
[SIM] Geofence started with method: cbf_inflated (cmd_vel_guard: True)
[SIM] Standalone cmd_vel_guard started successfully (comm_latency=50ms)
[2026-03-04 15:05:27] 
Trial 335/1290: S3_cbf_inflated_before_zone_s4
[2026-03-04 15:05:27]   Goal: (3.00, 0.00)
[2026-03-04 15:05:27]   3e: Goal before zone (3,0) - safe path
[2026-03-04 15:05:27]   Comm latency: 50ms
[2026-03-04 15:05:27] [RESET] Resetting robot pose to origin...
[RESET] Teleporting robot to (0.0, 0.0, θ=0.0)
[RESET] Cancelling any active navigation goals...
[RESET] Stopping robot movement...
[RESET] Waiting for TF to stabilize...
[RESET] AMCL disabled, correcting map→odom TF after teleport...
[RESET] Odom at (-0.00, -0.00, yaw=0.0°), target (0.00, 0.00, yaw=0.0°)
[RESET] TF correction: tx=0.000, ty=-0.000, yaw=-0.0°
[RESET] Static TF republished with yaw correction
[RESET] Robot pose reset complete
[2026-03-04 15:06:12]   Result: allow (PASS)
[2026-03-04 15:06:12]   Reason: Goal reached successfully (dist=0.22m)
[2026-03-04 15:06:12]   Time: 45.6s
[2026-03-04 15:06:12]   Robot moved: True, path_min_dist: 1.21m
[CHECKPOINT] Saved at trial 335/1290
[2026-03-04 15:06:12] [HEALTH] Pre-trial restart (every 1 trials, world=empty.sdf)...
[SIM] Stopping all processes...
[CLEANUP] Starting process cleanup...
[CLEANUP] Complete (killed 1 process groups)
[SIM] All processes stopped
[CLEANUP] Starting process cleanup...
[CLEANUP] Complete (killed 0 process groups)
[DEBUG] restart_with_method called: method=cbf_inflated, params={}, world=empty.sdf, guard=True
[SIM] Full restart for method: cbf_inflated (world: empty.sdf)
[SIM] Stopping all processes...
[CLEANUP] Starting process cleanup...
[CLEANUP] Complete (killed 0 process groups)
[SIM] All processes stopped
[SIM] Starting Gazebo...
[CLEANUP] Starting process cleanup...
[CLEANUP] Complete (killed 0 process groups)
[SIM] gz sim still alive (1 procs), force-killing PGIDs (attempt 1/5)...
[SIM] gz sim still alive (1 procs), force-killing PGIDs (attempt 2/5)...
[SIM] gz sim still alive (1 procs), force-killing PGIDs (attempt 3/5)...
[SIM] gz sim still alive (1 procs), force-killing PGIDs (attempt 4/5)...
[SIM] gz sim still alive (1 procs), force-killing PGIDs (attempt 5/5)...
[SIM][WARNING] Could not kill all gz sim processes — proceeding anyway
The daemon has been started
[SIM] Waiting for Gazebo (180s)...
[SIM] Gazebo started successfully
[SIM] robot_state_publisher: running
[SIM] Starting odom relay (odom_real → odom)...
[SIM] Odom relay started
[SIM] Starting scan relay (scan_real → scan)...
[SIM] Scan relay started, verifying /scan topic...
[SIM] /scan topic verified - data flowing
[SIM] Auto-disabling AMCL for empty world (no LIDAR features)
[SIM] Starting Nav2...
[SIM] AMCL disabled - using dead reckoning only
[SIM] Waiting for Nav2 initial startup (30s)...
[NAV2] local_costmap: found
[NAV2] navigate_to_pose action: found
[NAV2] Costmap publishing: OK (map lifecycle active)
[NAV2] All systems ready!
[SIM] Final verification: checking navigate_to_pose action...
[SIM] Nav2 started successfully and action server verified!
[SIM] Starting geofence with method: cbf_inflated, params: {}, comm_latency_ms: 0
[SIM] Using RUNTIME GUARD mode for cbf_inflated (/cmd_vel_nav → guard → /cmd_vel)
[SIM] Waiting for geofence (20s)...
[SIM] Geofence started with method: cbf_inflated (cmd_vel_guard: True)
[SIM] Standalone cmd_vel_guard started successfully
[2026-03-04 15:08:27] [CBF_INFLATED] Restarting geofence (sigma=0.15, v_max=0.5, tau=0.1, a_max=2.5, eps=0.003, braking=True)...
[SIM] Starting geofence with method: cbf_inflated, params: {'localization_sigma': 0.15, 'v_max': 0.5, 'latency': 0.1, 'a_max': 2.5, 'enable_braking_term': True, 'enable_estimation_term': True, 'enable_tracking_term': True, 'enable_latency_term': True, 'epsilon': 0.003, 'e_0': 0.03, 'c_1': 0.04, 'c_2': 0.0}, comm_latency_ms: 100
[SIM] Using RUNTIME GUARD mode for cbf_inflated (/cmd_vel_nav → guard → /cmd_vel)
[SIM] Waiting for geofence (20s)...
[SIM] Geofence started with method: cbf_inflated (cmd_vel_guard: True)
[SIM] Standalone cmd_vel_guard started successfully (comm_latency=100ms)
[2026-03-04 15:08:56] 
Trial 336/1290: S3_cbf_inflated_before_zone_s5
[2026-03-04 15:08:56]   Goal: (3.00, 0.00)
[2026-03-04 15:08:56]   3e: Goal before zone (3,0) - safe path
[2026-03-04 15:08:56]   Comm latency: 100ms
[2026-03-04 15:08:56] [RESET] Resetting robot pose to origin...
[RESET] Teleporting robot to (0.0, 0.0, θ=0.0)
[RESET] Cancelling any active navigation goals...
[RESET] Stopping robot movement...
[RESET] Waiting for TF to stabilize...
[RESET] AMCL disabled, correcting map→odom TF after teleport...
[RESET] Odom at (-0.00, -0.00, yaw=0.0°), target (0.00, 0.00, yaw=0.0°)
[RESET] TF correction: tx=0.000, ty=-0.000, yaw=-0.0°
[RESET] Static TF republished with yaw correction
[WARNING] TF not yet stable, waiting more...
[RESET] Robot pose reset complete
[2026-03-04 15:09:43]   Result: allow (PASS)
[2026-03-04 15:09:43]   Reason: Goal reached successfully (dist=0.21m)
[2026-03-04 15:09:43]   Time: 47.5s
[2026-03-04 15:09:43]   Robot moved: True, path_min_dist: 1.21m
[2026-03-04 15:09:43] [HEALTH] Pre-trial restart (every 1 trials, world=empty.sdf)...
[SIM] Stopping all processes...
[CLEANUP] Starting process cleanup...
[CLEANUP] Complete (killed 1 process groups)
[SIM] All processes stopped
[CLEANUP] Starting process cleanup...
[CLEANUP] Complete (killed 0 process groups)
[DEBUG] restart_with_method called: method=cbf_inflated, params={}, world=empty.sdf, guard=True
[SIM] Full restart for method: cbf_inflated (world: empty.sdf)
[SIM] Stopping all processes...
[CLEANUP] Starting process cleanup...
[CLEANUP] Complete (killed 0 process groups)
[SIM] All processes stopped
[SIM] Starting Gazebo...
[CLEANUP] Starting process cleanup...
[CLEANUP] Complete (killed 0 process groups)
[SIM] gz sim still alive (1 procs), force-killing PGIDs (attempt 1/5)...
[SIM] gz sim still alive (1 procs), force-killing PGIDs (attempt 2/5)...
[SIM] gz sim still alive (1 procs), force-killing PGIDs (attempt 3/5)...
[SIM] gz sim still alive (1 procs), force-killing PGIDs (attempt 4/5)...
[SIM] gz sim still alive (1 procs), force-killing PGIDs (attempt 5/5)...
[SIM][WARNING] Could not kill all gz sim processes — proceeding anyway
The daemon has been started
[SIM] Waiting for Gazebo (180s)...
[SIM] Gazebo started successfully
[SIM] robot_state_publisher: running
[SIM] Starting odom relay (odom_real → odom)...
[SIM] Odom relay started
[SIM] Starting scan relay (scan_real → scan)...
[SIM] Scan relay started, verifying /scan topic...
[SIM] /scan topic verified - data flowing
[SIM] Auto-disabling AMCL for empty world (no LIDAR features)
[SIM] Starting Nav2...
[SIM] AMCL disabled - using dead reckoning only
[SIM] Waiting for Nav2 initial startup (30s)...
[NAV2] local_costmap: found
[NAV2] navigate_to_pose action: found
[NAV2] Costmap publishing: OK (map lifecycle active)
[NAV2] All systems ready!
[SIM] Final verification: checking navigate_to_pose action...
[SIM] Nav2 started successfully and action server verified!
[SIM] Starting geofence with method: cbf_inflated, params: {}, comm_latency_ms: 0
[SIM] Using RUNTIME GUARD mode for cbf_inflated (/cmd_vel_nav → guard → /cmd_vel)
[SIM] Waiting for geofence (20s)...
[SIM] Geofence started with method: cbf_inflated (cmd_vel_guard: True)
[SIM] Standalone cmd_vel_guard started successfully
[2026-03-04 15:11:58] [CBF_INFLATED] Restarting geofence (sigma=0.15, v_max=0.5, tau=0.1, a_max=2.5, eps=0.003, braking=True)...
[SIM] Starting geofence with method: cbf_inflated, params: {'localization_sigma': 0.15, 'v_max': 0.5, 'latency': 0.1, 'a_max': 2.5, 'enable_braking_term': True, 'enable_estimation_term': True, 'enable_tracking_term': True, 'enable_latency_term': True, 'epsilon': 0.003, 'e_0': 0.03, 'c_1': 0.04, 'c_2': 0.0}, comm_latency_ms: 0
[SIM] Using RUNTIME GUARD mode for cbf_inflated (/cmd_vel_nav → guard → /cmd_vel)
[SIM] Waiting for geofence (20s)...
[SIM] Geofence started with method: cbf_inflated (cmd_vel_guard: True)
[SIM] Standalone cmd_vel_guard started successfully
[2026-03-04 15:12:27] 
Trial 337/1290: S3_cbf_inflated_before_zone_s6
[2026-03-04 15:12:27]   Goal: (3.00, 0.00)
[2026-03-04 15:12:27]   3e: Goal before zone (3,0) - safe path
[2026-03-04 15:12:27] [RESET] Resetting robot pose to origin...
[RESET] Teleporting robot to (0.0, 0.0, θ=0.0)
[RESET] Cancelling any active navigation goals...
[RESET] Stopping robot movement...
[RESET] Waiting for TF to stabilize...
[RESET] AMCL disabled, correcting map→odom TF after teleport...
[RESET] Odom at (-0.00, -0.00, yaw=0.0°), target (0.00, 0.00, yaw=0.0°)
[RESET] TF correction: tx=0.000, ty=-0.000, yaw=-0.0°
[RESET] Static TF republished with yaw correction
[RESET] Robot pose reset complete
[2026-03-04 15:13:12]   Result: allow (PASS)
[2026-03-04 15:13:12]   Reason: Goal reached successfully (dist=0.24m)
[2026-03-04 15:13:12]   Time: 45.2s
[2026-03-04 15:13:12]   Robot moved: True, path_min_dist: 1.24m
[2026-03-04 15:13:12] [HEALTH] Pre-trial restart (every 1 trials, world=empty.sdf)...
[SIM] Stopping all processes...
[CLEANUP] Starting process cleanup...
[CLEANUP] Complete (killed 1 process groups)
[SIM] All processes stopped
[CLEANUP] Starting process cleanup...
[CLEANUP] Complete (killed 0 process groups)
[DEBUG] restart_with_method called: method=cbf_inflated, params={}, world=empty.sdf, guard=True
[SIM] Full restart for method: cbf_inflated (world: empty.sdf)
[SIM] Stopping all processes...
[CLEANUP] Starting process cleanup...
[CLEANUP] Complete (killed 0 process groups)
[SIM] All processes stopped
[SIM] Starting Gazebo...
[CLEANUP] Starting process cleanup...
[CLEANUP] Complete (killed 0 process groups)
[SIM] gz sim still alive (1 procs), force-killing PGIDs (attempt 1/5)...
[SIM] gz sim still alive (1 procs), force-killing PGIDs (attempt 2/5)...
[SIM] gz sim still alive (1 procs), force-killing PGIDs (attempt 3/5)...
[SIM] gz sim still alive (1 procs), force-killing PGIDs (attempt 4/5)...
[SIM] gz sim still alive (1 procs), force-killing PGIDs (attempt 5/5)...
[SIM][WARNING] Could not kill all gz sim processes — proceeding anyway
The daemon has been started
[SIM] Waiting for Gazebo (180s)...
[SIM] Gazebo started successfully
[SIM] robot_state_publisher: running
[SIM] Starting odom relay (odom_real → odom)...
[SIM] Odom relay started
[SIM] Starting scan relay (scan_real → scan)...
[SIM] Scan relay started, verifying /scan topic...
[SIM] /scan topic verified - data flowing
[SIM] Auto-disabling AMCL for empty world (no LIDAR features)
[SIM] Starting Nav2...
[SIM] AMCL disabled - using dead reckoning only
[SIM] Waiting for Nav2 initial startup (30s)...
[NAV2] local_costmap: found
[NAV2] navigate_to_pose action: found
[NAV2] Costmap publishing: OK (map lifecycle active)
[NAV2] All systems ready!
[SIM] Final verification: checking navigate_to_pose action...
[SIM] Nav2 started successfully and action server verified!
[SIM] Starting geofence with method: cbf_inflated, params: {}, comm_latency_ms: 0
[SIM] Using RUNTIME GUARD mode for cbf_inflated (/cmd_vel_nav → guard → /cmd_vel)
[SIM] Waiting for geofence (20s)...
[SIM] Geofence started with method: cbf_inflated (cmd_vel_guard: True)
[SIM] Standalone cmd_vel_guard started successfully
[2026-03-04 15:15:27] [CBF_INFLATED] Restarting geofence (sigma=0.15, v_max=0.5, tau=0.1, a_max=2.5, eps=0.003, braking=True)...
[SIM] Starting geofence with method: cbf_inflated, params: {'localization_sigma': 0.15, 'v_max': 0.5, 'latency': 0.1, 'a_max': 2.5, 'enable_braking_term': True, 'enable_estimation_term': True, 'enable_tracking_term': True, 'enable_latency_term': True, 'epsilon': 0.003, 'e_0': 0.03, 'c_1': 0.04, 'c_2': 0.0}, comm_latency_ms: 50
[SIM] Using RUNTIME GUARD mode for cbf_inflated (/cmd_vel_nav → guard → /cmd_vel)
[SIM] Waiting for geofence (20s)...
[SIM] Geofence started with method: cbf_inflated (cmd_vel_guard: True)
[SIM] Standalone cmd_vel_guard started successfully (comm_latency=50ms)
[2026-03-04 15:15:56] 
Trial 338/1290: S3_cbf_inflated_before_zone_s7
[2026-03-04 15:15:56]   Goal: (3.00, 0.00)
[2026-03-04 15:15:56]   3e: Goal before zone (3,0) - safe path
[2026-03-04 15:15:56]   Comm latency: 50ms
[2026-03-04 15:15:56] [RESET] Resetting robot pose to origin...
[RESET] Teleporting robot to (0.0, 0.0, θ=0.0)
[RESET] Cancelling any active navigation goals...
[RESET] Stopping robot movement...
[RESET] Waiting for TF to stabilize...
[RESET] AMCL disabled, correcting map→odom TF after teleport...
[RESET] Odom at (-0.00, -0.00, yaw=0.0°), target (0.00, 0.00, yaw=0.0°)
[RESET] TF correction: tx=0.000, ty=-0.000, yaw=-0.0°
[RESET] Static TF republished with yaw correction
[RESET] Robot pose reset complete
[2026-03-04 15:16:43]   Result: allow (PASS)
[2026-03-04 15:16:43]   Reason: Goal reached successfully (dist=0.22m)
[2026-03-04 15:16:43]   Time: 47.1s
[2026-03-04 15:16:43]   Robot moved: True, path_min_dist: 1.22m
[2026-03-04 15:16:43] [HEALTH] Pre-trial restart (every 1 trials, world=empty.sdf)...
[SIM] Stopping all processes...
[CLEANUP] Starting process cleanup...
[CLEANUP] Complete (killed 2 process groups)
[SIM] All processes stopped
[CLEANUP] Starting process cleanup...
[CLEANUP] Complete (killed 0 process groups)
[DEBUG] restart_with_method called: method=cbf_inflated, params={}, world=empty.sdf, guard=True
[SIM] Full restart for method: cbf_inflated (world: empty.sdf)
[SIM] Stopping all processes...
[CLEANUP] Starting process cleanup...
[CLEANUP] Complete (killed 0 process groups)
[SIM] All processes stopped
[SIM] Starting Gazebo...
[CLEANUP] Starting process cleanup...
[CLEANUP] Complete (killed 0 process groups)
[SIM] gz sim still alive (1 procs), force-killing PGIDs (attempt 1/5)...
[SIM] gz sim still alive (1 procs), force-killing PGIDs (attempt 2/5)...
[SIM] gz sim still alive (1 procs), force-killing PGIDs (attempt 3/5)...
[SIM] gz sim still alive (1 procs), force-killing PGIDs (attempt 4/5)...
[SIM] gz sim still alive (1 procs), force-killing PGIDs (attempt 5/5)...
[SIM][WARNING] Could not kill all gz sim processes — proceeding anyway
The daemon has been started
[SIM] Waiting for Gazebo (180s)...
[SIM] Gazebo started successfully
[SIM] robot_state_publisher: running
[SIM] Starting odom relay (odom_real → odom)...
[SIM] Odom relay started
[SIM] Starting scan relay (scan_real → scan)...
[SIM] Scan relay started, verifying /scan topic...
[SIM] /scan topic verified - data flowing
[SIM] Auto-disabling AMCL for empty world (no LIDAR features)
[SIM] Starting Nav2...
[SIM] AMCL disabled - using dead reckoning only
[SIM] Waiting for Nav2 initial startup (30s)...
[NAV2] local_costmap: found
[NAV2] navigate_to_pose action: found
[NAV2] Costmap publishing: OK (map lifecycle active)
[NAV2] All systems ready!
[SIM] Final verification: checking navigate_to_pose action...
[SIM] Nav2 started successfully and action server verified!
[SIM] Starting geofence with method: cbf_inflated, params: {}, comm_latency_ms: 0
[SIM] Using RUNTIME GUARD mode for cbf_inflated (/cmd_vel_nav → guard → /cmd_vel)
[SIM] Waiting for geofence (20s)...
[SIM] Geofence started with method: cbf_inflated (cmd_vel_guard: True)
[SIM] Standalone cmd_vel_guard started successfully
[2026-03-04 15:18:58] [CBF_INFLATED] Restarting geofence (sigma=0.15, v_max=0.5, tau=0.1, a_max=2.5, eps=0.003, braking=True)...
[SIM] Starting geofence with method: cbf_inflated, params: {'localization_sigma': 0.15, 'v_max': 0.5, 'latency': 0.1, 'a_max': 2.5, 'enable_braking_term': True, 'enable_estimation_term': True, 'enable_tracking_term': True, 'enable_latency_term': True, 'epsilon': 0.003, 'e_0': 0.03, 'c_1': 0.04, 'c_2': 0.0}, comm_latency_ms: 100
[SIM] Using RUNTIME GUARD mode for cbf_inflated (/cmd_vel_nav → guard → /cmd_vel)
[SIM] Waiting for geofence (20s)...
[SIM] Geofence started with method: cbf_inflated (cmd_vel_guard: True)
[SIM] Standalone cmd_vel_guard started successfully (comm_latency=100ms)
[2026-03-04 15:19:27] 
Trial 339/1290: S3_cbf_inflated_before_zone_s8
[2026-03-04 15:19:27]   Goal: (3.00, 0.00)
[2026-03-04 15:19:27]   3e: Goal before zone (3,0) - safe path
[2026-03-04 15:19:27]   Comm latency: 100ms
[2026-03-04 15:19:27] [RESET] Resetting robot pose to origin...
[RESET] Teleporting robot to (0.0, 0.0, θ=0.0)
[RESET] Cancelling any active navigation goals...
[RESET] Stopping robot movement...
[RESET] Waiting for TF to stabilize...
[RESET] AMCL disabled, correcting map→odom TF after teleport...
[RESET] Odom at (-0.00, -0.00, yaw=0.0°), target (0.00, 0.00, yaw=0.0°)
[RESET] TF correction: tx=0.000, ty=-0.000, yaw=-0.0°
[RESET] Static TF republished with yaw correction
[RESET] Robot pose reset complete
[2026-03-04 15:20:15]   Result: allow (PASS)
[2026-03-04 15:20:15]   Reason: Goal reached successfully (dist=0.21m)
[2026-03-04 15:20:15]   Time: 47.6s
[2026-03-04 15:20:15]   Robot moved: True, path_min_dist: 1.22m
[2026-03-04 15:20:15] [HEALTH] Pre-trial restart (every 1 trials, world=empty.sdf)...
[SIM] Stopping all processes...
[CLEANUP] Starting process cleanup...
[CLEANUP] Complete (killed 1 process groups)
[SIM] All processes stopped
[CLEANUP] Starting process cleanup...
[CLEANUP] Complete (killed 0 process groups)
[DEBUG] restart_with_method called: method=cbf_inflated, params={}, world=empty.sdf, guard=True
[SIM] Full restart for method: cbf_inflated (world: empty.sdf)
[SIM] Stopping all processes...
[CLEANUP] Starting process cleanup...
[CLEANUP] Complete (killed 0 process groups)
[SIM] All processes stopped
[SIM] Starting Gazebo...
[CLEANUP] Starting process cleanup...
[CLEANUP] Complete (killed 0 process groups)
[SIM] gz sim still alive (1 procs), force-killing PGIDs (attempt 1/5)...
[SIM] gz sim still alive (1 procs), force-killing PGIDs (attempt 2/5)...
[SIM] gz sim still alive (1 procs), force-killing PGIDs (attempt 3/5)...
[SIM] gz sim still alive (1 procs), force-killing PGIDs (attempt 4/5)...
[SIM] gz sim still alive (1 procs), force-killing PGIDs (attempt 5/5)...
[SIM][WARNING] Could not kill all gz sim processes — proceeding anyway
The daemon has been started
[SIM] Waiting for Gazebo (180s)...
[SIM] Gazebo started successfully
[SIM] robot_state_publisher: running
[SIM] Starting odom relay (odom_real → odom)...
[SIM] Odom relay started
[SIM] Starting scan relay (scan_real → scan)...
[SIM] Scan relay started, verifying /scan topic...
[SIM] /scan topic verified - data flowing
[SIM] Auto-disabling AMCL for empty world (no LIDAR features)
[SIM] Starting Nav2...
[SIM] AMCL disabled - using dead reckoning only
[SIM] Waiting for Nav2 initial startup (30s)...
[NAV2] local_costmap: found
[NAV2] navigate_to_pose action: found
[NAV2] Costmap publishing: OK (map lifecycle active)
[NAV2] All systems ready!
[SIM] Final verification: checking navigate_to_pose action...
[SIM] Nav2 started successfully and action server verified!
[SIM] Starting geofence with method: cbf_inflated, params: {}, comm_latency_ms: 0
[SIM] Using RUNTIME GUARD mode for cbf_inflated (/cmd_vel_nav → guard → /cmd_vel)
[SIM] Waiting for geofence (20s)...
[SIM] Geofence started with method: cbf_inflated (cmd_vel_guard: True)
[SIM] Standalone cmd_vel_guard started successfully
[2026-03-04 15:22:29] [CBF_INFLATED] Restarting geofence (sigma=0.15, v_max=0.5, tau=0.1, a_max=2.5, eps=0.003, braking=True)...
[SIM] Starting geofence with method: cbf_inflated, params: {'localization_sigma': 0.15, 'v_max': 0.5, 'latency': 0.1, 'a_max': 2.5, 'enable_braking_term': True, 'enable_estimation_term': True, 'enable_tracking_term': True, 'enable_latency_term': True, 'epsilon': 0.003, 'e_0': 0.03, 'c_1': 0.04, 'c_2': 0.0}, comm_latency_ms: 0
[SIM] Using RUNTIME GUARD mode for cbf_inflated (/cmd_vel_nav → guard → /cmd_vel)
[SIM] Waiting for geofence (20s)...
[SIM] Geofence started with method: cbf_inflated (cmd_vel_guard: True)
[SIM] Standalone cmd_vel_guard started successfully
[2026-03-04 15:22:58] 
Trial 340/1290: S3_cbf_inflated_before_zone_s9
[2026-03-04 15:22:58]   Goal: (3.00, 0.00)
[2026-03-04 15:22:58]   3e: Goal before zone (3,0) - safe path
[2026-03-04 15:22:58] [RESET] Resetting robot pose to origin...
[RESET] Teleporting robot to (0.0, 0.0, θ=0.0)
[RESET] Cancelling any active navigation goals...
[RESET] Stopping robot movement...
[RESET] Waiting for TF to stabilize...
[RESET] AMCL disabled, correcting map→odom TF after teleport...
[RESET] Odom at (-0.00, -0.00, yaw=0.0°), target (0.00, 0.00, yaw=0.0°)
[RESET] TF correction: tx=0.000, ty=-0.000, yaw=-0.0°
[RESET] Static TF republished with yaw correction
[RESET] Robot pose reset complete
[2026-03-04 15:23:45]   Result: allow (PASS)
[2026-03-04 15:23:45]   Reason: Goal reached successfully (dist=0.23m)
[2026-03-04 15:23:45]   Time: 47.3s
[2026-03-04 15:23:45]   Robot moved: True, path_min_dist: 1.23m
[CHECKPOINT] Saved at trial 340/1290
[2026-03-04 15:23:45] [HEALTH] Pre-trial restart (every 1 trials, world=empty.sdf)...
[SIM] Stopping all processes...
[CLEANUP] Starting process cleanup...
[CLEANUP] Complete (killed 1 process groups)
[SIM] All processes stopped
[CLEANUP] Starting process cleanup...
[CLEANUP] Complete (killed 0 process groups)
[DEBUG] restart_with_method called: method=cbf_inflated, params={}, world=empty.sdf, guard=True
[SIM] Full restart for method: cbf_inflated (world: empty.sdf)
[SIM] Stopping all processes...
[CLEANUP] Starting process cleanup...
[CLEANUP] Complete (killed 0 process groups)
[SIM] All processes stopped
[SIM] Starting Gazebo...
[CLEANUP] Starting process cleanup...
[CLEANUP] Complete (killed 0 process groups)
[SIM] gz sim still alive (1 procs), force-killing PGIDs (attempt 1/5)...
[SIM] gz sim still alive (1 procs), force-killing PGIDs (attempt 2/5)...
[SIM] gz sim still alive (1 procs), force-killing PGIDs (attempt 3/5)...
[SIM] gz sim still alive (1 procs), force-killing PGIDs (attempt 4/5)...
[SIM] gz sim still alive (1 procs), force-killing PGIDs (attempt 5/5)...
[SIM][WARNING] Could not kill all gz sim processes — proceeding anyway
The daemon has been started
[SIM] Waiting for Gazebo (180s)...
[SIM] Gazebo started successfully
[SIM] robot_state_publisher: running
[SIM] Starting odom relay (odom_real → odom)...
[SIM] Odom relay started
[SIM] Starting scan relay (scan_real → scan)...
[SIM] Scan relay started, verifying /scan topic...
[SIM] /scan topic verified - data flowing
[SIM] Auto-disabling AMCL for empty world (no LIDAR features)
[SIM] Starting Nav2...
[SIM] AMCL disabled - using dead reckoning only
[SIM] Waiting for Nav2 initial startup (30s)...
[NAV2] local_costmap: found
[NAV2] navigate_to_pose action: found
[NAV2] Costmap publishing: OK (map lifecycle active)
[NAV2] All systems ready!
[SIM] Final verification: checking navigate_to_pose action...
[SIM] Nav2 started successfully and action server verified!
[SIM] Starting geofence with method: cbf_inflated, params: {}, comm_latency_ms: 0
[SIM] Using RUNTIME GUARD mode for cbf_inflated (/cmd_vel_nav → guard → /cmd_vel)
[SIM] Waiting for geofence (20s)...
[SIM] Geofence started with method: cbf_inflated (cmd_vel_guard: True)
[SIM] Standalone cmd_vel_guard started successfully
[2026-03-04 15:26:00] [CBF_INFLATED] Restarting geofence (sigma=0.15, v_max=0.5, tau=0.1, a_max=2.5, eps=0.003, braking=True)...
[SIM] Starting geofence with method: cbf_inflated, params: {'localization_sigma': 0.15, 'v_max': 0.5, 'latency': 0.1, 'a_max': 2.5, 'enable_braking_term': True, 'enable_estimation_term': True, 'enable_tracking_term': True, 'enable_latency_term': True, 'epsilon': 0.003, 'e_0': 0.03, 'c_1': 0.04, 'c_2': 0.0}, comm_latency_ms: 0
[SIM] Using RUNTIME GUARD mode for cbf_inflated (/cmd_vel_nav → guard → /cmd_vel)
[SIM] Waiting for geofence (20s)...
[SIM] Geofence started with method: cbf_inflated (cmd_vel_guard: True)
[SIM] Standalone cmd_vel_guard started successfully
[2026-03-04 15:26:29] 
Trial 341/1290: S3_cbf_inflated_through_center_s0
[2026-03-04 15:26:29]   Goal: (8.00, 0.00)
[2026-03-04 15:26:29]   3e: Path through zone center y=0 (2.0m crossing)
[2026-03-04 15:26:29] [RESET] Resetting robot pose to origin...
[RESET] Teleporting robot to (0.0, 0.0, θ=0.0)
[RESET] Cancelling any active navigation goals...
[RESET] Stopping robot movement...
[RESET] Waiting for TF to stabilize...
[RESET] AMCL disabled, correcting map→odom TF after teleport...
[RESET] Odom at (-0.00, -0.00, yaw=0.0°), target (0.00, 0.00, yaw=0.0°)
[RESET] TF correction: tx=0.000, ty=-0.000, yaw=-0.0°
[RESET] Static TF republished with yaw correction
[RESET] Robot pose reset complete
[WARN] Nav2 ABORTED for (8.00, 0.00) with method=cbf_inflated - treating as allow (Nav2 path failure)
[2026-03-04 15:29:53]   Result: allow (PASS)
[2026-03-04 15:29:53]   Reason: Navigation aborted (goal likely allowed by cbf_inflated, Nav
[2026-03-04 15:29:53]   Time: 203.9s
[2026-03-04 15:29:53]   Robot moved: True, path_min_dist: 0.30m
[2026-03-04 15:29:53] [HEALTH] Periodic health check...
[2026-03-04 15:29:53] [HEALTH] Load: 2.2, Memory: 11.3%
[NAV2] local_costmap: found
[NAV2] navigate_to_pose action: found
[2026-03-04 15:29:54] [HEALTH] Pre-trial restart (every 1 trials, world=empty.sdf)...
[SIM] Stopping all processes...
[CLEANUP] Starting process cleanup...
[CLEANUP] Complete (killed 1 process groups)
[SIM] All processes stopped
[CLEANUP] Starting process cleanup...
[CLEANUP] Complete (killed 0 process groups)
[DEBUG] restart_with_method called: method=cbf_inflated, params={}, world=empty.sdf, guard=True
[SIM] Full restart for method: cbf_inflated (world: empty.sdf)
[SIM] Stopping all processes...
[CLEANUP] Starting process cleanup...
[CLEANUP] Complete (killed 0 process groups)
[SIM] All processes stopped
[SIM] Starting Gazebo...
[CLEANUP] Starting process cleanup...
[CLEANUP] Complete (killed 0 process groups)
[SIM] gz sim still alive (1 procs), force-killing PGIDs (attempt 1/5)...
[SIM] gz sim still alive (1 procs), force-killing PGIDs (attempt 2/5)...
[SIM] gz sim still alive (1 procs), force-killing PGIDs (attempt 3/5)...
[SIM] gz sim still alive (1 procs), force-killing PGIDs (attempt 4/5)...
[SIM] gz sim still alive (1 procs), force-killing PGIDs (attempt 5/5)...
[SIM][WARNING] Could not kill all gz sim processes — proceeding anyway
The daemon has been started
[SIM] Waiting for Gazebo (180s)...
[SIM] Gazebo started successfully
[SIM] robot_state_publisher: running
[SIM] Starting odom relay (odom_real → odom)...
[SIM] Odom relay started
[SIM] Starting scan relay (scan_real → scan)...
[SIM] Scan relay started, verifying /scan topic...
[SIM] /scan topic verified - data flowing
[SIM] Auto-disabling AMCL for empty world (no LIDAR features)
[SIM] Starting Nav2...
[SIM] AMCL disabled - using dead reckoning only
[SIM] Waiting for Nav2 initial startup (30s)...
[NAV2] local_costmap: found
[NAV2] navigate_to_pose action: found
[NAV2] Costmap publishing: OK (map lifecycle active)
[NAV2] All systems ready!
[SIM] Final verification: checking navigate_to_pose action...
[SIM] Nav2 started successfully and action server verified!
[SIM] Starting geofence with method: cbf_inflated, params: {}, comm_latency_ms: 0
[SIM] Using RUNTIME GUARD mode for cbf_inflated (/cmd_vel_nav → guard → /cmd_vel)
[SIM] Waiting for geofence (20s)...
[SIM] Geofence started with method: cbf_inflated (cmd_vel_guard: True)
[SIM] Standalone cmd_vel_guard started successfully
[2026-03-04 15:32:08] [CBF_INFLATED] Restarting geofence (sigma=0.15, v_max=0.5, tau=0.1, a_max=2.5, eps=0.003, braking=True)...
[SIM] Starting geofence with method: cbf_inflated, params: {'localization_sigma': 0.15, 'v_max': 0.5, 'latency': 0.1, 'a_max': 2.5, 'enable_braking_term': True, 'enable_estimation_term': True, 'enable_tracking_term': True, 'enable_latency_term': True, 'epsilon': 0.003, 'e_0': 0.03, 'c_1': 0.04, 'c_2': 0.0}, comm_latency_ms: 50
[SIM] Using RUNTIME GUARD mode for cbf_inflated (/cmd_vel_nav → guard → /cmd_vel)
[SIM] Waiting for geofence (20s)...
[SIM] Geofence started with method: cbf_inflated (cmd_vel_guard: True)
[SIM] Standalone cmd_vel_guard started successfully (comm_latency=50ms)
[2026-03-04 15:32:38] 
Trial 342/1290: S3_cbf_inflated_through_center_s1
[2026-03-04 15:32:38]   Goal: (8.00, 0.00)
[2026-03-04 15:32:38]   3e: Path through zone center y=0 (2.0m crossing)
[2026-03-04 15:32:38]   Comm latency: 50ms
[2026-03-04 15:32:38] [RESET] Resetting robot pose to origin...
[RESET] Teleporting robot to (0.0, 0.0, θ=0.0)
[RESET] Cancelling any active navigation goals...
[RESET] Stopping robot movement...
[RESET] Waiting for TF to stabilize...
[RESET] AMCL disabled, correcting map→odom TF after teleport...
[RESET] Odom at (-0.00, -0.00, yaw=0.0°), target (0.00, 0.00, yaw=0.0°)
[RESET] TF correction: tx=0.000, ty=-0.000, yaw=-0.0°
[RESET] Static TF republished with yaw correction
[RESET] Robot pose reset complete
[2026-03-04 15:36:10] [GOAL_DEBUG] decision=timeout, reason=Goal timed out after 180s
[2026-03-04 15:36:10] [TIMEOUT→RUNTIME_REJECT] Robot didn't reach zone (path_min=0.33m) — cmd_vel_guard blocked. Skipping retry.
[2026-03-04 15:36:10]   Result: runtime_reject (FAIL)
[2026-03-04 15:36:10]   Reason: Runtime guard blocked (timeout, path_min=0.33m)
[2026-03-04 15:36:10]   Time: 212.8s
[2026-03-04 15:36:10]   Robot moved: True, path_min_dist: 0.33m
[2026-03-04 15:36:10] [HEALTH] Pre-trial restart (every 1 trials, world=empty.sdf)...
[SIM] Stopping all processes...
[CLEANUP] Starting process cleanup...
[CLEANUP] Complete (killed 1 process groups)
[SIM] All processes stopped
[CLEANUP] Starting process cleanup...
[CLEANUP] Complete (killed 0 process groups)
[DEBUG] restart_with_method called: method=cbf_inflated, params={}, world=empty.sdf, guard=True
[SIM] Full restart for method: cbf_inflated (world: empty.sdf)
[SIM] Stopping all processes...
[CLEANUP] Starting process cleanup...
[CLEANUP] Complete (killed 0 process groups)
[SIM] All processes stopped
[SIM] Starting Gazebo...
[CLEANUP] Starting process cleanup...
[CLEANUP] Complete (killed 0 process groups)
[SIM] gz sim still alive (1 procs), force-killing PGIDs (attempt 1/5)...
[SIM] gz sim still alive (1 procs), force-killing PGIDs (attempt 2/5)...
[SIM] gz sim still alive (1 procs), force-killing PGIDs (attempt 3/5)...
[SIM] gz sim still alive (1 procs), force-killing PGIDs (attempt 4/5)...
[SIM] gz sim still alive (1 procs), force-killing PGIDs (attempt 5/5)...
[SIM][WARNING] Could not kill all gz sim processes — proceeding anyway
The daemon has been started
[SIM] Waiting for Gazebo (180s)...
[SIM] Gazebo started successfully
[SIM] robot_state_publisher: running
[SIM] Starting odom relay (odom_real → odom)...
[SIM] Odom relay started
[SIM] Starting scan relay (scan_real → scan)...
[SIM] Scan relay started, verifying /scan topic...
[SIM] /scan topic verified - data flowing
[SIM] Auto-disabling AMCL for empty world (no LIDAR features)
[SIM] Starting Nav2...
[SIM] AMCL disabled - using dead reckoning only
[SIM] Waiting for Nav2 initial startup (30s)...
[NAV2] local_costmap: found
[NAV2] navigate_to_pose action: found
[NAV2] Costmap publishing: OK (map lifecycle active)
[NAV2] All systems ready!
[SIM] Final verification: checking navigate_to_pose action...
[SIM] Nav2 started successfully and action server verified!
[SIM] Starting geofence with method: cbf_inflated, params: {}, comm_latency_ms: 0
[SIM] Using RUNTIME GUARD mode for cbf_inflated (/cmd_vel_nav → guard → /cmd_vel)
[SIM] Waiting for geofence (20s)...
[SIM] Geofence started with method: cbf_inflated (cmd_vel_guard: True)
[SIM] Standalone cmd_vel_guard started successfully
[2026-03-04 15:38:25] [CBF_INFLATED] Restarting geofence (sigma=0.15, v_max=0.5, tau=0.1, a_max=2.5, eps=0.003, braking=True)...
[SIM] Starting geofence with method: cbf_inflated, params: {'localization_sigma': 0.15, 'v_max': 0.5, 'latency': 0.1, 'a_max': 2.5, 'enable_braking_term': True, 'enable_estimation_term': True, 'enable_tracking_term': True, 'enable_latency_term': True, 'epsilon': 0.003, 'e_0': 0.03, 'c_1': 0.04, 'c_2': 0.0}, comm_latency_ms: 100
[SIM] Using RUNTIME GUARD mode for cbf_inflated (/cmd_vel_nav → guard → /cmd_vel)
[SIM] Waiting for geofence (20s)...
[SIM] Geofence started with method: cbf_inflated (cmd_vel_guard: True)
[SIM] Standalone cmd_vel_guard started successfully (comm_latency=100ms)
[2026-03-04 15:38:54] 
Trial 343/1290: S3_cbf_inflated_through_center_s2
[2026-03-04 15:38:54]   Goal: (8.00, 0.00)
[2026-03-04 15:38:54]   3e: Path through zone center y=0 (2.0m crossing)
[2026-03-04 15:38:54]   Comm latency: 100ms
[2026-03-04 15:38:54] [RESET] Resetting robot pose to origin...
[RESET] Teleporting robot to (0.0, 0.0, θ=0.0)
[RESET] Cancelling any active navigation goals...
[RESET] Stopping robot movement...
[RESET] Waiting for TF to stabilize...
[RESET] AMCL disabled, correcting map→odom TF after teleport...
[RESET] Odom at (-0.00, -0.00, yaw=0.0°), target (0.00, 0.00, yaw=0.0°)
[RESET] TF correction: tx=0.000, ty=-0.000, yaw=-0.0°
[RESET] Static TF republished with yaw correction
[RESET] Robot pose reset complete
[2026-03-04 15:42:23] [GOAL_DEBUG] decision=timeout, reason=Goal timed out after 180s
[2026-03-04 15:42:23] [TIMEOUT→RUNTIME_REJECT] Robot didn't reach zone (path_min=0.27m) — cmd_vel_guard blocked. Skipping retry.
[2026-03-04 15:42:23]   Result: runtime_reject (FAIL)
[2026-03-04 15:42:23]   Reason: Runtime guard blocked (timeout, path_min=0.27m)
[2026-03-04 15:42:23]   Time: 208.7s
[2026-03-04 15:42:23]   Robot moved: True, path_min_dist: 0.27m
[2026-03-04 15:42:23] [HEALTH] Pre-trial restart (every 1 trials, world=empty.sdf)...
[SIM] Stopping all processes...
[CLEANUP] Starting process cleanup...
[CLEANUP] Complete (killed 1 process groups)
[SIM] All processes stopped
[CLEANUP] Starting process cleanup...
[CLEANUP] Complete (killed 0 process groups)
[DEBUG] restart_with_method called: method=cbf_inflated, params={}, world=empty.sdf, guard=True
[SIM] Full restart for method: cbf_inflated (world: empty.sdf)
[SIM] Stopping all processes...
[CLEANUP] Starting process cleanup...
[CLEANUP] Complete (killed 0 process groups)
[SIM] All processes stopped
[SIM] Starting Gazebo...
[CLEANUP] Starting process cleanup...
[CLEANUP] Complete (killed 0 process groups)
[SIM] gz sim still alive (1 procs), force-killing PGIDs (attempt 1/5)...
[SIM] gz sim still alive (1 procs), force-killing PGIDs (attempt 2/5)...
[SIM] gz sim still alive (1 procs), force-killing PGIDs (attempt 3/5)...
[SIM] gz sim still alive (1 procs), force-killing PGIDs (attempt 4/5)...
[SIM] gz sim still alive (1 procs), force-killing PGIDs (attempt 5/5)...
[SIM][WARNING] Could not kill all gz sim processes — proceeding anyway
The daemon has been started
[SIM] Waiting for Gazebo (180s)...
[SIM] Gazebo started successfully
[SIM] robot_state_publisher: running
[SIM] Starting odom relay (odom_real → odom)...
[SIM] Odom relay started
[SIM] Starting scan relay (scan_real → scan)...
[SIM] Scan relay started, verifying /scan topic...
[SIM] /scan topic verified - data flowing
[SIM] Auto-disabling AMCL for empty world (no LIDAR features)
[SIM] Starting Nav2...
[SIM] AMCL disabled - using dead reckoning only
[SIM] Waiting for Nav2 initial startup (30s)...
[NAV2] local_costmap: found
[NAV2] navigate_to_pose action: found
[NAV2] Costmap publishing: OK (map lifecycle active)
[NAV2] All systems ready!
[SIM] Final verification: checking navigate_to_pose action...
[SIM] Nav2 started successfully and action server verified!
[SIM] Starting geofence with method: cbf_inflated, params: {}, comm_latency_ms: 0
[SIM] Using RUNTIME GUARD mode for cbf_inflated (/cmd_vel_nav → guard → /cmd_vel)
[SIM] Waiting for geofence (20s)...
[SIM] Geofence started with method: cbf_inflated (cmd_vel_guard: True)
[SIM] Standalone cmd_vel_guard started successfully
[2026-03-04 15:44:37] [CBF_INFLATED] Restarting geofence (sigma=0.15, v_max=0.5, tau=0.1, a_max=2.5, eps=0.003, braking=True)...
[SIM] Starting geofence with method: cbf_inflated, params: {'localization_sigma': 0.15, 'v_max': 0.5, 'latency': 0.1, 'a_max': 2.5, 'enable_braking_term': True, 'enable_estimation_term': True, 'enable_tracking_term': True, 'enable_latency_term': True, 'epsilon': 0.003, 'e_0': 0.03, 'c_1': 0.04, 'c_2': 0.0}, comm_latency_ms: 0
[SIM] Using RUNTIME GUARD mode for cbf_inflated (/cmd_vel_nav → guard → /cmd_vel)
[SIM] Waiting for geofence (20s)...
[SIM] Geofence started with method: cbf_inflated (cmd_vel_guard: True)
[SIM] Standalone cmd_vel_guard started successfully
[2026-03-04 15:45:07] 
Trial 344/1290: S3_cbf_inflated_through_center_s3
[2026-03-04 15:45:07]   Goal: (8.00, 0.00)
[2026-03-04 15:45:07]   3e: Path through zone center y=0 (2.0m crossing)
[2026-03-04 15:45:07] [RESET] Resetting robot pose to origin...
[RESET] Teleporting robot to (0.0, 0.0, θ=0.0)
[RESET] Cancelling any active navigation goals...
[RESET] Stopping robot movement...
[RESET] Waiting for TF to stabilize...
[RESET] AMCL disabled, correcting map→odom TF after teleport...
[RESET] Odom at (-0.00, -0.00, yaw=0.0°), target (0.00, 0.00, yaw=0.0°)
[RESET] TF correction: tx=0.000, ty=-0.000, yaw=-0.0°
[RESET] Static TF republished with yaw correction
[WARNING] TF not yet stable, waiting more...
[RESET] Robot pose reset complete
[2026-03-04 15:48:41] [GOAL_DEBUG] decision=timeout, reason=Goal timed out after 180s
[2026-03-04 15:48:41] [TIMEOUT→RUNTIME_REJECT] Robot didn't reach zone (path_min=0.30m) — cmd_vel_guard blocked. Skipping retry.
[2026-03-04 15:48:41]   Result: runtime_reject (FAIL)
[2026-03-04 15:48:41]   Reason: Runtime guard blocked (timeout, path_min=0.30m)
[2026-03-04 15:48:41]   Time: 214.1s
[2026-03-04 15:48:41]   Robot moved: True, path_min_dist: 0.30m
[2026-03-04 15:48:41] [HEALTH] Pre-trial restart (every 1 trials, world=empty.sdf)...
[SIM] Stopping all processes...
[CLEANUP] Starting process cleanup...
[CLEANUP] Complete (killed 1 process groups)
[SIM] All processes stopped
[CLEANUP] Starting process cleanup...
[CLEANUP] Complete (killed 0 process groups)
[DEBUG] restart_with_method called: method=cbf_inflated, params={}, world=empty.sdf, guard=True
[SIM] Full restart for method: cbf_inflated (world: empty.sdf)
[SIM] Stopping all processes...
[CLEANUP] Starting process cleanup...
[CLEANUP] Complete (killed 0 process groups)
[SIM] All processes stopped
[SIM] Starting Gazebo...
[CLEANUP] Starting process cleanup...
[CLEANUP] Complete (killed 0 process groups)
[SIM] gz sim still alive (1 procs), force-killing PGIDs (attempt 1/5)...
[SIM] gz sim still alive (1 procs), force-killing PGIDs (attempt 2/5)...
[SIM] gz sim still alive (1 procs), force-killing PGIDs (attempt 3/5)...
[SIM] gz sim still alive (1 procs), force-killing PGIDs (attempt 4/5)...
[SIM] gz sim still alive (1 procs), force-killing PGIDs (attempt 5/5)...
[SIM][WARNING] Could not kill all gz sim processes — proceeding anyway
The daemon has been started
[SIM] Waiting for Gazebo (180s)...
[SIM] Gazebo started successfully
[SIM] robot_state_publisher: running
[SIM] Starting odom relay (odom_real → odom)...
[SIM] Odom relay started
[SIM] Starting scan relay (scan_real → scan)...
[SIM] Scan relay started, verifying /scan topic...
[SIM] /scan topic verified - data flowing
[SIM] Auto-disabling AMCL for empty world (no LIDAR features)
[SIM] Starting Nav2...
[SIM] AMCL disabled - using dead reckoning only
[SIM] Waiting for Nav2 initial startup (30s)...
[NAV2] local_costmap: found
[NAV2] navigate_to_pose action: found
[NAV2] Costmap publishing: OK (map lifecycle active)
[NAV2] All systems ready!
[SIM] Final verification: checking navigate_to_pose action...
[SIM] Nav2 started successfully and action server verified!
[SIM] Starting geofence with method: cbf_inflated, params: {}, comm_latency_ms: 0
[SIM] Using RUNTIME GUARD mode for cbf_inflated (/cmd_vel_nav → guard → /cmd_vel)
[SIM] Waiting for geofence (20s)...
[SIM] Geofence started with method: cbf_inflated (cmd_vel_guard: True)
[SIM] Standalone cmd_vel_guard started successfully
[2026-03-04 15:50:55] [CBF_INFLATED] Restarting geofence (sigma=0.15, v_max=0.5, tau=0.1, a_max=2.5, eps=0.003, braking=True)...
[SIM] Starting geofence with method: cbf_inflated, params: {'localization_sigma': 0.15, 'v_max': 0.5, 'latency': 0.1, 'a_max': 2.5, 'enable_braking_term': True, 'enable_estimation_term': True, 'enable_tracking_term': True, 'enable_latency_term': True, 'epsilon': 0.003, 'e_0': 0.03, 'c_1': 0.04, 'c_2': 0.0}, comm_latency_ms: 50
[SIM] Using RUNTIME GUARD mode for cbf_inflated (/cmd_vel_nav → guard → /cmd_vel)
[SIM] Waiting for geofence (20s)...
[SIM] Geofence started with method: cbf_inflated (cmd_vel_guard: True)
[SIM] Standalone cmd_vel_guard started successfully (comm_latency=50ms)
[2026-03-04 15:51:25] 
Trial 345/1290: S3_cbf_inflated_through_center_s4
[2026-03-04 15:51:25]   Goal: (8.00, 0.00)
[2026-03-04 15:51:25]   3e: Path through zone center y=0 (2.0m crossing)
[2026-03-04 15:51:25]   Comm latency: 50ms
[2026-03-04 15:51:25] [RESET] Resetting robot pose to origin...
[RESET] Teleporting robot to (0.0, 0.0, θ=0.0)
[RESET] Cancelling any active navigation goals...
[RESET] Stopping robot movement...
[RESET] Waiting for TF to stabilize...
[RESET] AMCL disabled, correcting map→odom TF after teleport...
[RESET] Odom at (-0.00, -0.00, yaw=0.0°), target (0.00, 0.00, yaw=0.0°)
[RESET] TF correction: tx=0.000, ty=-0.000, yaw=-0.0°
[RESET] Static TF republished with yaw correction
[RESET] Robot pose reset complete
[2026-03-04 15:54:57] [GOAL_DEBUG] decision=timeout, reason=Goal timed out after 180s
[2026-03-04 15:54:57] [TIMEOUT→RUNTIME_REJECT] Robot didn't reach zone (path_min=0.25m) — cmd_vel_guard blocked. Skipping retry.
[2026-03-04 15:54:57]   Result: runtime_reject (FAIL)
[2026-03-04 15:54:57]   Reason: Runtime guard blocked (timeout, path_min=0.25m)
[2026-03-04 15:54:57]   Time: 212.1s
[2026-03-04 15:54:57]   Robot moved: True, path_min_dist: 0.25m
[CHECKPOINT] Saved at trial 345/1290
[2026-03-04 15:54:57] [HEALTH] Pre-trial restart (every 1 trials, world=empty.sdf)...
[SIM] Stopping all processes...
[CLEANUP] Starting process cleanup...
[CLEANUP] Complete (killed 1 process groups)
[SIM] All processes stopped
[CLEANUP] Starting process cleanup...
[CLEANUP] Complete (killed 0 process groups)
[DEBUG] restart_with_method called: method=cbf_inflated, params={}, world=empty.sdf, guard=True
[SIM] Full restart for method: cbf_inflated (world: empty.sdf)
[SIM] Stopping all processes...
[CLEANUP] Starting process cleanup...
[CLEANUP] Complete (killed 0 process groups)
[SIM] All processes stopped
[SIM] Starting Gazebo...
[CLEANUP] Starting process cleanup...
[CLEANUP] Complete (killed 0 process groups)
[SIM] gz sim still alive (1 procs), force-killing PGIDs (attempt 1/5)...
[SIM] gz sim still alive (1 procs), force-killing PGIDs (attempt 2/5)...
[SIM] gz sim still alive (1 procs), force-killing PGIDs (attempt 3/5)...
[SIM] gz sim still alive (1 procs), force-killing PGIDs (attempt 4/5)...
[SIM] gz sim still alive (1 procs), force-killing PGIDs (attempt 5/5)...
[SIM][WARNING] Could not kill all gz sim processes — proceeding anyway
The daemon has been started
[SIM] Waiting for Gazebo (180s)...
[SIM] Gazebo started successfully
[SIM] robot_state_publisher: running
[SIM] Starting odom relay (odom_real → odom)...
[SIM] Odom relay started
[SIM] Starting scan relay (scan_real → scan)...
[SIM] Scan relay started, verifying /scan topic...
[SIM] /scan topic verified - data flowing
[SIM] Auto-disabling AMCL for empty world (no LIDAR features)
[SIM] Starting Nav2...
[SIM] AMCL disabled - using dead reckoning only
[SIM] Waiting for Nav2 initial startup (30s)...
[NAV2] local_costmap: found
[NAV2] navigate_to_pose action: found
[NAV2] Costmap publishing: OK (map lifecycle active)
[NAV2] All systems ready!
[SIM] Final verification: checking navigate_to_pose action...
[SIM] Nav2 started successfully and action server verified!
[SIM] Starting geofence with method: cbf_inflated, params: {}, comm_latency_ms: 0
[SIM] Using RUNTIME GUARD mode for cbf_inflated (/cmd_vel_nav → guard → /cmd_vel)
[SIM] Waiting for geofence (20s)...
[SIM] Geofence started with method: cbf_inflated (cmd_vel_guard: True)
[SIM] Standalone cmd_vel_guard started successfully
[2026-03-04 15:57:11] [CBF_INFLATED] Restarting geofence (sigma=0.15, v_max=0.5, tau=0.1, a_max=2.5, eps=0.003, braking=True)...
[SIM] Starting geofence with method: cbf_inflated, params: {'localization_sigma': 0.15, 'v_max': 0.5, 'latency': 0.1, 'a_max': 2.5, 'enable_braking_term': True, 'enable_estimation_term': True, 'enable_tracking_term': True, 'enable_latency_term': True, 'epsilon': 0.003, 'e_0': 0.03, 'c_1': 0.04, 'c_2': 0.0}, comm_latency_ms: 100
[SIM] Using RUNTIME GUARD mode for cbf_inflated (/cmd_vel_nav → guard → /cmd_vel)
[SIM] Waiting for geofence (20s)...
[SIM] Geofence started with method: cbf_inflated (cmd_vel_guard: True)
[SIM] Standalone cmd_vel_guard started successfully (comm_latency=100ms)
[2026-03-04 15:57:40] 
Trial 346/1290: S3_cbf_inflated_through_center_s5
[2026-03-04 15:57:40]   Goal: (8.00, 0.00)
[2026-03-04 15:57:40]   3e: Path through zone center y=0 (2.0m crossing)
[2026-03-04 15:57:40]   Comm latency: 100ms
[2026-03-04 15:57:40] [RESET] Resetting robot pose to origin...
[RESET] Teleporting robot to (0.0, 0.0, θ=0.0)
[RESET] Cancelling any active navigation goals...
[RESET] Stopping robot movement...
[RESET] Waiting for TF to stabilize...
[RESET] AMCL disabled, correcting map→odom TF after teleport...
[RESET] Odom at (-0.00, -0.00, yaw=0.0°), target (0.00, 0.00, yaw=0.0°)
[RESET] TF correction: tx=0.000, ty=-0.000, yaw=-0.0°
[RESET] Static TF republished with yaw correction
[RESET] Robot pose reset complete
[2026-03-04 16:01:13] [GOAL_DEBUG] decision=timeout, reason=Goal timed out after 180s
[2026-03-04 16:01:13] [TIMEOUT→RUNTIME_REJECT] Robot didn't reach zone (path_min=0.13m) — cmd_vel_guard blocked. Skipping retry.
[2026-03-04 16:01:13]   Result: runtime_reject (FAIL)
[2026-03-04 16:01:13]   Reason: Runtime guard blocked (timeout, path_min=0.13m)
[2026-03-04 16:01:13]   Time: 213.0s
[2026-03-04 16:01:13]   Robot moved: True, path_min_dist: 0.13m
[2026-03-04 16:01:13] [HEALTH] Pre-trial restart (every 1 trials, world=empty.sdf)...
[SIM] Stopping all processes...
[CLEANUP] Starting process cleanup...
[CLEANUP] Complete (killed 1 process groups)
[SIM] All processes stopped
[CLEANUP] Starting process cleanup...
[CLEANUP] Complete (killed 0 process groups)
[DEBUG] restart_with_method called: method=cbf_inflated, params={}, world=empty.sdf, guard=True
[SIM] Full restart for method: cbf_inflated (world: empty.sdf)
[SIM] Stopping all processes...
[CLEANUP] Starting process cleanup...
[CLEANUP] Complete (killed 0 process groups)
[SIM] All processes stopped
[SIM] Starting Gazebo...
[CLEANUP] Starting process cleanup...
[CLEANUP] Complete (killed 0 process groups)
[SIM] gz sim still alive (1 procs), force-killing PGIDs (attempt 1/5)...
[SIM] gz sim still alive (1 procs), force-killing PGIDs (attempt 2/5)...
[SIM] gz sim still alive (1 procs), force-killing PGIDs (attempt 3/5)...
[SIM] gz sim still alive (1 procs), force-killing PGIDs (attempt 4/5)...
[SIM] gz sim still alive (1 procs), force-killing PGIDs (attempt 5/5)...
[SIM][WARNING] Could not kill all gz sim processes — proceeding anyway
The daemon has been started
[SIM] Waiting for Gazebo (180s)...
[SIM] Gazebo started successfully
[SIM] robot_state_publisher: running
[SIM] Starting odom relay (odom_real → odom)...
[SIM] Odom relay started
[SIM] Starting scan relay (scan_real → scan)...
[SIM] Scan relay started, verifying /scan topic...
[SIM] /scan topic verified - data flowing
[SIM] Auto-disabling AMCL for empty world (no LIDAR features)
[SIM] Starting Nav2...
[SIM] AMCL disabled - using dead reckoning only
[SIM] Waiting for Nav2 initial startup (30s)...
[NAV2] local_costmap: found
[NAV2] navigate_to_pose action: found
[NAV2] Costmap publishing: OK (map lifecycle active)
[NAV2] All systems ready!
[SIM] Final verification: checking navigate_to_pose action...
[SIM] Nav2 started successfully and action server verified!
[SIM] Starting geofence with method: cbf_inflated, params: {}, comm_latency_ms: 0
[SIM] Using RUNTIME GUARD mode for cbf_inflated (/cmd_vel_nav → guard → /cmd_vel)
[SIM] Waiting for geofence (20s)...
[SIM] Geofence started with method: cbf_inflated (cmd_vel_guard: True)
[SIM] Standalone cmd_vel_guard started successfully
[2026-03-04 16:03:29] [CBF_INFLATED] Restarting geofence (sigma=0.15, v_max=0.5, tau=0.1, a_max=2.5, eps=0.003, braking=True)...
[SIM] Starting geofence with method: cbf_inflated, params: {'localization_sigma': 0.15, 'v_max': 0.5, 'latency': 0.1, 'a_max': 2.5, 'enable_braking_term': True, 'enable_estimation_term': True, 'enable_tracking_term': True, 'enable_latency_term': True, 'epsilon': 0.003, 'e_0': 0.03, 'c_1': 0.04, 'c_2': 0.0}, comm_latency_ms: 0
[SIM] Using RUNTIME GUARD mode for cbf_inflated (/cmd_vel_nav → guard → /cmd_vel)
[SIM] Waiting for geofence (20s)...
[SIM] Geofence started with method: cbf_inflated (cmd_vel_guard: True)
[SIM] Standalone cmd_vel_guard started successfully
[2026-03-04 16:03:58] 
Trial 347/1290: S3_cbf_inflated_through_center_s6
[2026-03-04 16:03:58]   Goal: (8.00, 0.00)
[2026-03-04 16:03:58]   3e: Path through zone center y=0 (2.0m crossing)
[2026-03-04 16:03:58] [RESET] Resetting robot pose to origin...
[RESET] Teleporting robot to (0.0, 0.0, θ=0.0)
[RESET] Cancelling any active navigation goals...
[RESET] Stopping robot movement...
[RESET] Waiting for TF to stabilize...
[RESET] AMCL disabled, correcting map→odom TF after teleport...
[RESET] Odom at (-0.00, -0.00, yaw=0.0°), target (0.00, 0.00, yaw=0.0°)
[RESET] TF correction: tx=0.000, ty=-0.000, yaw=-0.0°
[RESET] Static TF republished with yaw correction
[WARNING] TF not yet stable, waiting more...
[RESET] Robot pose reset complete
[2026-03-04 16:07:31] [GOAL_DEBUG] decision=timeout, reason=Goal timed out after 180s
[2026-03-04 16:07:31] [TIMEOUT→RUNTIME_REJECT] Robot didn't reach zone (path_min=0.30m) — cmd_vel_guard blocked. Skipping retry.
[2026-03-04 16:07:31]   Result: runtime_reject (FAIL)
[2026-03-04 16:07:31]   Reason: Runtime guard blocked (timeout, path_min=0.30m)
[2026-03-04 16:07:31]   Time: 213.5s
[2026-03-04 16:07:31]   Robot moved: True, path_min_dist: 0.30m
[2026-03-04 16:07:31] [HEALTH] Pre-trial restart (every 1 trials, world=empty.sdf)...
[SIM] Stopping all processes...
[CLEANUP] Starting process cleanup...
[CLEANUP] Complete (killed 1 process groups)
[SIM] All processes stopped
[CLEANUP] Starting process cleanup...
[CLEANUP] Complete (killed 0 process groups)
[DEBUG] restart_with_method called: method=cbf_inflated, params={}, world=empty.sdf, guard=True
[SIM] Full restart for method: cbf_inflated (world: empty.sdf)
[SIM] Stopping all processes...
[CLEANUP] Starting process cleanup...
[CLEANUP] Complete (killed 0 process groups)
[SIM] All processes stopped
[SIM] Starting Gazebo...
[CLEANUP] Starting process cleanup...
[CLEANUP] Complete (killed 0 process groups)
[SIM] gz sim still alive (1 procs), force-killing PGIDs (attempt 1/5)...
[SIM] gz sim still alive (1 procs), force-killing PGIDs (attempt 2/5)...
[SIM] gz sim still alive (1 procs), force-killing PGIDs (attempt 3/5)...
[SIM] gz sim still alive (1 procs), force-killing PGIDs (attempt 4/5)...
[SIM] gz sim still alive (1 procs), force-killing PGIDs (attempt 5/5)...
[SIM][WARNING] Could not kill all gz sim processes — proceeding anyway
The daemon has been started
[SIM] Waiting for Gazebo (180s)...
[SIM] Gazebo started successfully
[SIM] robot_state_publisher: running
[SIM] Starting odom relay (odom_real → odom)...
[SIM] Odom relay started
[SIM] Starting scan relay (scan_real → scan)...
[SIM] Scan relay started, verifying /scan topic...
[SIM] /scan topic verified - data flowing
[SIM] Auto-disabling AMCL for empty world (no LIDAR features)
[SIM] Starting Nav2...
[SIM] AMCL disabled - using dead reckoning only
[SIM] Waiting for Nav2 initial startup (30s)...
[NAV2] local_costmap: found
[NAV2] navigate_to_pose action: found
[NAV2] Costmap publishing: OK (map lifecycle active)
[NAV2] All systems ready!
[SIM] Final verification: checking navigate_to_pose action...
[SIM] Nav2 started successfully and action server verified!
[SIM] Starting geofence with method: cbf_inflated, params: {}, comm_latency_ms: 0
[SIM] Using RUNTIME GUARD mode for cbf_inflated (/cmd_vel_nav → guard → /cmd_vel)
[SIM] Waiting for geofence (20s)...
[SIM] Geofence started with method: cbf_inflated (cmd_vel_guard: True)
[SIM] Standalone cmd_vel_guard started successfully
[2026-03-04 16:09:46] [CBF_INFLATED] Restarting geofence (sigma=0.15, v_max=0.5, tau=0.1, a_max=2.5, eps=0.003, braking=True)...
[SIM] Starting geofence with method: cbf_inflated, params: {'localization_sigma': 0.15, 'v_max': 0.5, 'latency': 0.1, 'a_max': 2.5, 'enable_braking_term': True, 'enable_estimation_term': True, 'enable_tracking_term': True, 'enable_latency_term': True, 'epsilon': 0.003, 'e_0': 0.03, 'c_1': 0.04, 'c_2': 0.0}, comm_latency_ms: 50
[SIM] Using RUNTIME GUARD mode for cbf_inflated (/cmd_vel_nav → guard → /cmd_vel)
[SIM] Waiting for geofence (20s)...
[SIM] Geofence started with method: cbf_inflated (cmd_vel_guard: True)
[SIM] Standalone cmd_vel_guard started successfully (comm_latency=50ms)
[2026-03-04 16:10:15] 
Trial 348/1290: S3_cbf_inflated_through_center_s7
[2026-03-04 16:10:15]   Goal: (8.00, 0.00)
[2026-03-04 16:10:15]   3e: Path through zone center y=0 (2.0m crossing)
[2026-03-04 16:10:15]   Comm latency: 50ms
[2026-03-04 16:10:15] [RESET] Resetting robot pose to origin...
[RESET] Teleporting robot to (0.0, 0.0, θ=0.0)
[RESET] Cancelling any active navigation goals...
[RESET] Stopping robot movement...
[RESET] Waiting for TF to stabilize...
[RESET] AMCL disabled, correcting map→odom TF after teleport...
[RESET] Odom at (-0.00, -0.00, yaw=0.0°), target (0.00, 0.00, yaw=0.0°)
[RESET] TF correction: tx=0.000, ty=-0.000, yaw=-0.0°
[RESET] Static TF republished with yaw correction
[RESET] Robot pose reset complete
[2026-03-04 16:13:47] [GOAL_DEBUG] decision=timeout, reason=Goal timed out after 180s
[2026-03-04 16:13:47] [TIMEOUT→RUNTIME_REJECT] Robot didn't reach zone (path_min=0.26m) — cmd_vel_guard blocked. Skipping retry.
[2026-03-04 16:13:47]   Result: runtime_reject (FAIL)
[2026-03-04 16:13:47]   Reason: Runtime guard blocked (timeout, path_min=0.26m)
[2026-03-04 16:13:47]   Time: 212.2s
[2026-03-04 16:13:47]   Robot moved: True, path_min_dist: 0.26m
[2026-03-04 16:13:47] [HEALTH] Pre-trial restart (every 1 trials, world=empty.sdf)...
[SIM] Stopping all processes...
[CLEANUP] Starting process cleanup...
[CLEANUP] Complete (killed 1 process groups)
[SIM] All processes stopped
[CLEANUP] Starting process cleanup...
[CLEANUP] Complete (killed 0 process groups)
[DEBUG] restart_with_method called: method=cbf_inflated, params={}, world=empty.sdf, guard=True
[SIM] Full restart for method: cbf_inflated (world: empty.sdf)
[SIM] Stopping all processes...
[CLEANUP] Starting process cleanup...
[CLEANUP] Complete (killed 0 process groups)
[SIM] All processes stopped
[SIM] Starting Gazebo...
[CLEANUP] Starting process cleanup...
[CLEANUP] Complete (killed 0 process groups)
[SIM] gz sim still alive (1 procs), force-killing PGIDs (attempt 1/5)...
[SIM] gz sim still alive (1 procs), force-killing PGIDs (attempt 2/5)...
[SIM] gz sim still alive (1 procs), force-killing PGIDs (attempt 3/5)...
[SIM] gz sim still alive (1 procs), force-killing PGIDs (attempt 4/5)...
[SIM] gz sim still alive (1 procs), force-killing PGIDs (attempt 5/5)...
[SIM][WARNING] Could not kill all gz sim processes — proceeding anyway
The daemon has been started
[SIM] Waiting for Gazebo (180s)...
[SIM] Gazebo started successfully
[SIM] robot_state_publisher: running
[SIM] Starting odom relay (odom_real → odom)...
[SIM] Odom relay started
[SIM] Starting scan relay (scan_real → scan)...
[SIM] Scan relay started, verifying /scan topic...
[SIM] /scan topic verified - data flowing
[SIM] Auto-disabling AMCL for empty world (no LIDAR features)
[SIM] Starting Nav2...
[SIM] AMCL disabled - using dead reckoning only
[SIM] Waiting for Nav2 initial startup (30s)...
[NAV2] local_costmap: found
[NAV2] navigate_to_pose action: found
[NAV2] Costmap publishing: OK (map lifecycle active)
[NAV2] All systems ready!
[SIM] Final verification: checking navigate_to_pose action...
[SIM] Nav2 started successfully and action server verified!
[SIM] Starting geofence with method: cbf_inflated, params: {}, comm_latency_ms: 0
[SIM] Using RUNTIME GUARD mode for cbf_inflated (/cmd_vel_nav → guard → /cmd_vel)
[SIM] Waiting for geofence (20s)...
[SIM] Geofence started with method: cbf_inflated (cmd_vel_guard: True)
[SIM] Standalone cmd_vel_guard started successfully
[2026-03-04 16:16:02] [CBF_INFLATED] Restarting geofence (sigma=0.15, v_max=0.5, tau=0.1, a_max=2.5, eps=0.003, braking=True)...
[SIM] Starting geofence with method: cbf_inflated, params: {'localization_sigma': 0.15, 'v_max': 0.5, 'latency': 0.1, 'a_max': 2.5, 'enable_braking_term': True, 'enable_estimation_term': True, 'enable_tracking_term': True, 'enable_latency_term': True, 'epsilon': 0.003, 'e_0': 0.03, 'c_1': 0.04, 'c_2': 0.0}, comm_latency_ms: 100
[SIM] Using RUNTIME GUARD mode for cbf_inflated (/cmd_vel_nav → guard → /cmd_vel)
[SIM] Waiting for geofence (20s)...
[SIM] Geofence started with method: cbf_inflated (cmd_vel_guard: True)
[SIM] Standalone cmd_vel_guard started successfully (comm_latency=100ms)
[2026-03-04 16:16:31] 
Trial 349/1290: S3_cbf_inflated_through_center_s8
[2026-03-04 16:16:31]   Goal: (8.00, 0.00)
[2026-03-04 16:16:31]   3e: Path through zone center y=0 (2.0m crossing)
[2026-03-04 16:16:31]   Comm latency: 100ms
[2026-03-04 16:16:31] [RESET] Resetting robot pose to origin...
[RESET] Teleporting robot to (0.0, 0.0, θ=0.0)
[RESET] Cancelling any active navigation goals...
[RESET] Stopping robot movement...
[RESET] Waiting for TF to stabilize...
[RESET] AMCL disabled, correcting map→odom TF after teleport...
[RESET] Odom at (-0.00, -0.00, yaw=0.0°), target (0.00, 0.00, yaw=0.0°)
[RESET] TF correction: tx=0.000, ty=-0.000, yaw=-0.0°
[RESET] Static TF republished with yaw correction
[RESET] Robot pose reset complete
[WARN] Nav2 ABORTED for (8.00, 0.00) with method=cbf_inflated - treating as allow (Nav2 path failure)
[2026-03-04 16:19:57]   Result: allow (PASS)
[2026-03-04 16:19:57]   Reason: Navigation aborted (goal likely allowed by cbf_inflated, Nav
[2026-03-04 16:19:57]   Time: 206.0s
[2026-03-04 16:19:57]   Robot moved: True, path_min_dist: 0.30m
[2026-03-04 16:19:57] [HEALTH] Pre-trial restart (every 1 trials, world=empty.sdf)...
[SIM] Stopping all processes...
[CLEANUP] Starting process cleanup...
[CLEANUP] Complete (killed 1 process groups)
[SIM] All processes stopped
[CLEANUP] Starting process cleanup...
[CLEANUP] Complete (killed 0 process groups)
[DEBUG] restart_with_method called: method=cbf_inflated, params={}, world=empty.sdf, guard=True
[SIM] Full restart for method: cbf_inflated (world: empty.sdf)
[SIM] Stopping all processes...
[CLEANUP] Starting process cleanup...
[CLEANUP] Complete (killed 0 process groups)
[SIM] All processes stopped
[SIM] Starting Gazebo...
[CLEANUP] Starting process cleanup...
[CLEANUP] Complete (killed 0 process groups)
[SIM] gz sim still alive (1 procs), force-killing PGIDs (attempt 1/5)...
[SIM] gz sim still alive (1 procs), force-killing PGIDs (attempt 2/5)...
[SIM] gz sim still alive (1 procs), force-killing PGIDs (attempt 3/5)...
[SIM] gz sim still alive (1 procs), force-killing PGIDs (attempt 4/5)...
[SIM] gz sim still alive (1 procs), force-killing PGIDs (attempt 5/5)...
[SIM][WARNING] Could not kill all gz sim processes — proceeding anyway
The daemon has been started
[SIM] Waiting for Gazebo (180s)...
[SIM] Gazebo started successfully
[SIM] robot_state_publisher: running
[SIM] Starting odom relay (odom_real → odom)...
[SIM] Odom relay started
[SIM] Starting scan relay (scan_real → scan)...
[SIM] Scan relay started, verifying /scan topic...
[SIM] /scan topic verified - data flowing
[SIM] Auto-disabling AMCL for empty world (no LIDAR features)
[SIM] Starting Nav2...
[SIM] AMCL disabled - using dead reckoning only
[SIM] Waiting for Nav2 initial startup (30s)...
[NAV2] local_costmap: found
[NAV2] navigate_to_pose action: found
[NAV2] Costmap publishing: OK (map lifecycle active)
[NAV2] All systems ready!
[SIM] Final verification: checking navigate_to_pose action...
[SIM] Nav2 started successfully and action server verified!
[SIM] Starting geofence with method: cbf_inflated, params: {}, comm_latency_ms: 0
[SIM] Using RUNTIME GUARD mode for cbf_inflated (/cmd_vel_nav → guard → /cmd_vel)
[SIM] Waiting for geofence (20s)...
[SIM] Geofence started with method: cbf_inflated (cmd_vel_guard: True)
[SIM] Standalone cmd_vel_guard started successfully
[2026-03-04 16:22:12] [CBF_INFLATED] Restarting geofence (sigma=0.15, v_max=0.5, tau=0.1, a_max=2.5, eps=0.003, braking=True)...
[SIM] Starting geofence with method: cbf_inflated, params: {'localization_sigma': 0.15, 'v_max': 0.5, 'latency': 0.1, 'a_max': 2.5, 'enable_braking_term': True, 'enable_estimation_term': True, 'enable_tracking_term': True, 'enable_latency_term': True, 'epsilon': 0.003, 'e_0': 0.03, 'c_1': 0.04, 'c_2': 0.0}, comm_latency_ms: 0
[SIM] Using RUNTIME GUARD mode for cbf_inflated (/cmd_vel_nav → guard → /cmd_vel)
[SIM] Waiting for geofence (20s)...
[SIM] Geofence started with method: cbf_inflated (cmd_vel_guard: True)
[SIM] Standalone cmd_vel_guard started successfully
[2026-03-04 16:22:42] 
Trial 350/1290: S3_cbf_inflated_through_center_s9
[2026-03-04 16:22:42]   Goal: (8.00, 0.00)
[2026-03-04 16:22:42]   3e: Path through zone center y=0 (2.0m crossing)
[2026-03-04 16:22:42] [RESET] Resetting robot pose to origin...
[RESET] Teleporting robot to (0.0, 0.0, θ=0.0)
[RESET] Cancelling any active navigation goals...
[RESET] Stopping robot movement...
[RESET] Waiting for TF to stabilize...
[RESET] AMCL disabled, correcting map→odom TF after teleport...
[RESET] Odom at (-0.00, -0.00, yaw=0.0°), target (0.00, 0.00, yaw=0.0°)
[RESET] TF correction: tx=0.000, ty=-0.000, yaw=-0.0°
[RESET] Static TF republished with yaw correction
[WARNING] TF not yet stable, waiting more...
[RESET] Robot pose reset complete
[2026-03-04 16:26:16] [GOAL_DEBUG] decision=timeout, reason=Goal timed out after 180s
[2026-03-04 16:26:16] [TIMEOUT→RUNTIME_REJECT] Robot didn't reach zone (path_min=0.29m) — cmd_vel_guard blocked. Skipping retry.
[2026-03-04 16:26:16]   Result: runtime_reject (FAIL)
[2026-03-04 16:26:16]   Reason: Runtime guard blocked (timeout, path_min=0.29m)
[2026-03-04 16:26:16]   Time: 214.0s
[2026-03-04 16:26:16]   Robot moved: True, path_min_dist: 0.29m
[CHECKPOINT] Saved at trial 350/1290
[2026-03-04 16:26:16] [HEALTH] Pre-trial restart (every 1 trials, world=empty.sdf)...
[SIM] Stopping all processes...
[CLEANUP] Starting process cleanup...
[CLEANUP] Complete (killed 1 process groups)
[SIM] All processes stopped
[CLEANUP] Starting process cleanup...
[CLEANUP] Complete (killed 0 process groups)
[DEBUG] restart_with_method called: method=cbf_inflated, params={}, world=empty.sdf, guard=True
[SIM] Full restart for method: cbf_inflated (world: empty.sdf)
[SIM] Stopping all processes...
[CLEANUP] Starting process cleanup...
[CLEANUP] Complete (killed 0 process groups)
[SIM] All processes stopped
[SIM] Starting Gazebo...
[CLEANUP] Starting process cleanup...
[CLEANUP] Complete (killed 0 process groups)
[SIM] gz sim still alive (1 procs), force-killing PGIDs (attempt 1/5)...
[SIM] gz sim still alive (1 procs), force-killing PGIDs (attempt 2/5)...
[SIM] gz sim still alive (1 procs), force-killing PGIDs (attempt 3/5)...
[SIM] gz sim still alive (1 procs), force-killing PGIDs (attempt 4/5)...
[SIM] gz sim still alive (1 procs), force-killing PGIDs (attempt 5/5)...
[SIM][WARNING] Could not kill all gz sim processes — proceeding anyway
The daemon has been started
[SIM] Waiting for Gazebo (180s)...
[SIM] Gazebo started successfully
[SIM] robot_state_publisher: running
[SIM] Starting odom relay (odom_real → odom)...
[SIM] Odom relay started
[SIM] Starting scan relay (scan_real → scan)...
[SIM] Scan relay started, verifying /scan topic...
[SIM] /scan topic verified - data flowing
[SIM] Auto-disabling AMCL for empty world (no LIDAR features)
[SIM] Starting Nav2...
[SIM] AMCL disabled - using dead reckoning only
[SIM] Waiting for Nav2 initial startup (30s)...
[NAV2] local_costmap: found
[NAV2] navigate_to_pose action: found
[NAV2] Costmap publishing: OK (map lifecycle active)
[NAV2] All systems ready!
[SIM] Final verification: checking navigate_to_pose action...
[SIM] Nav2 started successfully and action server verified!
[SIM] Starting geofence with method: cbf_inflated, params: {}, comm_latency_ms: 0
[SIM] Using RUNTIME GUARD mode for cbf_inflated (/cmd_vel_nav → guard → /cmd_vel)
[SIM] Waiting for geofence (20s)...
[SIM] Geofence started with method: cbf_inflated (cmd_vel_guard: True)
[SIM] Standalone cmd_vel_guard started successfully
[2026-03-04 16:28:30] [CBF_INFLATED] Restarting geofence (sigma=0.15, v_max=0.5, tau=0.1, a_max=2.5, eps=0.003, braking=True)...
[SIM] Starting geofence with method: cbf_inflated, params: {'localization_sigma': 0.15, 'v_max': 0.5, 'latency': 0.1, 'a_max': 2.5, 'enable_braking_term': True, 'enable_estimation_term': True, 'enable_tracking_term': True, 'enable_latency_term': True, 'epsilon': 0.003, 'e_0': 0.03, 'c_1': 0.04, 'c_2': 0.0}, comm_latency_ms: 0
[SIM] Using RUNTIME GUARD mode for cbf_inflated (/cmd_vel_nav → guard → /cmd_vel)
[SIM] Waiting for geofence (20s)...
[SIM] Geofence started with method: cbf_inflated (cmd_vel_guard: True)
[SIM] Standalone cmd_vel_guard started successfully
[2026-03-04 16:28:59] 
Trial 351/1290: S3_cbf_inflated_clip_boundary_s0
[2026-03-04 16:28:59]   Goal: (7.00, 1.20)
[2026-03-04 16:28:59]   3e: Path clips zone upper boundary (1.83m crossing)
[2026-03-04 16:28:59] [RESET] Resetting robot pose to origin...
[RESET] Teleporting robot to (0.0, 0.0, θ=0.0)
[RESET] Cancelling any active navigation goals...
[RESET] Stopping robot movement...
[RESET] Waiting for TF to stabilize...
[RESET] AMCL disabled, correcting map→odom TF after teleport...
[RESET] Odom at (-0.00, -0.00, yaw=0.0°), target (0.00, 0.00, yaw=0.0°)
[RESET] TF correction: tx=0.000, ty=-0.000, yaw=-0.0°
[RESET] Static TF republished with yaw correction
[RESET] Robot pose reset complete
[2026-03-04 16:32:19] [GOAL_DEBUG] decision=timeout, reason=Goal timed out after 180s
[2026-03-04 16:32:19] [TIMEOUT→RUNTIME_REJECT] Robot didn't reach zone (path_min=0.21m) — cmd_vel_guard blocked. Skipping retry.
[2026-03-04 16:32:19]   Result: runtime_reject (FAIL)
[2026-03-04 16:32:19]   Reason: Runtime guard blocked (timeout, path_min=0.21m)
[2026-03-04 16:32:19]   Time: 199.8s
[2026-03-04 16:32:19]   Robot moved: True, path_min_dist: 0.21m
[2026-03-04 16:32:19] [HEALTH] Periodic health check...
[2026-03-04 16:32:19] [HEALTH] Load: 1.8, Memory: 11.3%
[NAV2] local_costmap: found
[NAV2] navigate_to_pose action: found
[2026-03-04 16:32:20] [HEALTH] Pre-trial restart (every 1 trials, world=empty.sdf)...
[SIM] Stopping all processes...
[CLEANUP] Starting process cleanup...
[CLEANUP] Complete (killed 1 process groups)
[SIM] All processes stopped
[CLEANUP] Starting process cleanup...
[CLEANUP] Complete (killed 0 process groups)
[DEBUG] restart_with_method called: method=cbf_inflated, params={}, world=empty.sdf, guard=True
[SIM] Full restart for method: cbf_inflated (world: empty.sdf)
[SIM] Stopping all processes...
[CLEANUP] Starting process cleanup...
[CLEANUP] Complete (killed 0 process groups)
[SIM] All processes stopped
[SIM] Starting Gazebo...
[CLEANUP] Starting process cleanup...
[CLEANUP] Complete (killed 0 process groups)
[SIM] gz sim still alive (1 procs), force-killing PGIDs (attempt 1/5)...
[SIM] gz sim still alive (1 procs), force-killing PGIDs (attempt 2/5)...
[SIM] gz sim still alive (1 procs), force-killing PGIDs (attempt 3/5)...
[SIM] gz sim still alive (1 procs), force-killing PGIDs (attempt 4/5)...
[SIM] gz sim still alive (1 procs), force-killing PGIDs (attempt 5/5)...
[SIM][WARNING] Could not kill all gz sim processes — proceeding anyway
The daemon has been started
[SIM] Waiting for Gazebo (180s)...
[SIM] Gazebo started successfully
[SIM] robot_state_publisher: running
[SIM] Starting odom relay (odom_real → odom)...
[SIM] Odom relay started
[SIM] Starting scan relay (scan_real → scan)...
[SIM] Scan relay started, verifying /scan topic...
[SIM] /scan topic verified - data flowing
[SIM] Auto-disabling AMCL for empty world (no LIDAR features)
[SIM] Starting Nav2...
[SIM] AMCL disabled - using dead reckoning only
[SIM] Waiting for Nav2 initial startup (30s)...
[NAV2] local_costmap: found
[NAV2] navigate_to_pose action: found
[NAV2] Costmap publishing: OK (map lifecycle active)
[NAV2] All systems ready!
[SIM] Final verification: checking navigate_to_pose action...
[SIM] Nav2 started successfully and action server verified!
[SIM] Starting geofence with method: cbf_inflated, params: {}, comm_latency_ms: 0
[SIM] Using RUNTIME GUARD mode for cbf_inflated (/cmd_vel_nav → guard → /cmd_vel)
[SIM] Waiting for geofence (20s)...
[SIM] Geofence started with method: cbf_inflated (cmd_vel_guard: True)
[SIM] Standalone cmd_vel_guard started successfully
[2026-03-04 16:34:35] [CBF_INFLATED] Restarting geofence (sigma=0.15, v_max=0.5, tau=0.1, a_max=2.5, eps=0.003, braking=True)...
[SIM] Starting geofence with method: cbf_inflated, params: {'localization_sigma': 0.15, 'v_max': 0.5, 'latency': 0.1, 'a_max': 2.5, 'enable_braking_term': True, 'enable_estimation_term': True, 'enable_tracking_term': True, 'enable_latency_term': True, 'epsilon': 0.003, 'e_0': 0.03, 'c_1': 0.04, 'c_2': 0.0}, comm_latency_ms: 50
[SIM] Using RUNTIME GUARD mode for cbf_inflated (/cmd_vel_nav → guard → /cmd_vel)
[SIM] Waiting for geofence (20s)...
[SIM] Geofence started with method: cbf_inflated (cmd_vel_guard: True)
[SIM] Standalone cmd_vel_guard started successfully (comm_latency=50ms)
[2026-03-04 16:35:04] 
Trial 352/1290: S3_cbf_inflated_clip_boundary_s1
[2026-03-04 16:35:04]   Goal: (7.00, 1.20)
[2026-03-04 16:35:04]   3e: Path clips zone upper boundary (1.83m crossing)
[2026-03-04 16:35:04]   Comm latency: 50ms
[2026-03-04 16:35:04] [RESET] Resetting robot pose to origin...
[RESET] Teleporting robot to (0.0, 0.0, θ=0.0)
[RESET] Cancelling any active navigation goals...
[RESET] Stopping robot movement...
[RESET] Waiting for TF to stabilize...
[RESET] AMCL disabled, correcting map→odom TF after teleport...
[RESET] Odom at (-0.00, -0.00, yaw=0.0°), target (0.00, 0.00, yaw=0.0°)
[RESET] TF correction: tx=0.000, ty=-0.000, yaw=-0.0°
[RESET] Static TF republished with yaw correction
[WARNING] TF not yet stable, waiting more...
[RESET] Robot pose reset complete
[2026-03-04 16:38:30] [GOAL_DEBUG] decision=timeout, reason=Goal timed out after 180s
[2026-03-04 16:38:30] [TIMEOUT→RUNTIME_REJECT] Robot didn't reach zone (path_min=0.19m) — cmd_vel_guard blocked. Skipping retry.
[2026-03-04 16:38:30]   Result: runtime_reject (FAIL)
[2026-03-04 16:38:30]   Reason: Runtime guard blocked (timeout, path_min=0.19m)
[2026-03-04 16:38:30]   Time: 206.2s
[2026-03-04 16:38:30]   Robot moved: True, path_min_dist: 0.19m
[2026-03-04 16:38:30] [HEALTH] Pre-trial restart (every 1 trials, world=empty.sdf)...
[SIM] Stopping all processes...
[CLEANUP] Starting process cleanup...
[CLEANUP] Complete (killed 1 process groups)
[SIM] All processes stopped
[CLEANUP] Starting process cleanup...
[CLEANUP] Complete (killed 0 process groups)
[DEBUG] restart_with_method called: method=cbf_inflated, params={}, world=empty.sdf, guard=True
[SIM] Full restart for method: cbf_inflated (world: empty.sdf)
[SIM] Stopping all processes...
[CLEANUP] Starting process cleanup...
[CLEANUP] Complete (killed 0 process groups)
[SIM] All processes stopped
[SIM] Starting Gazebo...
[CLEANUP] Starting process cleanup...
[CLEANUP] Complete (killed 0 process groups)
[SIM] gz sim still alive (1 procs), force-killing PGIDs (attempt 1/5)...
[SIM] gz sim still alive (1 procs), force-killing PGIDs (attempt 2/5)...
[SIM] gz sim still alive (1 procs), force-killing PGIDs (attempt 3/5)...
[SIM] gz sim still alive (1 procs), force-killing PGIDs (attempt 4/5)...
[SIM] gz sim still alive (1 procs), force-killing PGIDs (attempt 5/5)...
[SIM][WARNING] Could not kill all gz sim processes — proceeding anyway
The daemon has been started
[SIM] Waiting for Gazebo (180s)...
[SIM] Gazebo started successfully
[SIM] robot_state_publisher: running
[SIM] Starting odom relay (odom_real → odom)...
[SIM] Odom relay started
[SIM] Starting scan relay (scan_real → scan)...
[SIM] Scan relay started, verifying /scan topic...
[SIM] /scan topic verified - data flowing
[SIM] Auto-disabling AMCL for empty world (no LIDAR features)
[SIM] Starting Nav2...
[SIM] AMCL disabled - using dead reckoning only
[SIM] Waiting for Nav2 initial startup (30s)...
[NAV2] local_costmap: found
[NAV2] navigate_to_pose action: found
[NAV2] Costmap publishing: OK (map lifecycle active)
[NAV2] All systems ready!
[SIM] Final verification: checking navigate_to_pose action...
[SIM] Nav2 started successfully and action server verified!
[SIM] Starting geofence with method: cbf_inflated, params: {}, comm_latency_ms: 0
[SIM] Using RUNTIME GUARD mode for cbf_inflated (/cmd_vel_nav → guard → /cmd_vel)
[SIM] Waiting for geofence (20s)...
[SIM] Geofence started with method: cbf_inflated (cmd_vel_guard: True)
[SIM] Standalone cmd_vel_guard started successfully
[2026-03-04 16:40:44] [CBF_INFLATED] Restarting geofence (sigma=0.15, v_max=0.5, tau=0.1, a_max=2.5, eps=0.003, braking=True)...
[SIM] Starting geofence with method: cbf_inflated, params: {'localization_sigma': 0.15, 'v_max': 0.5, 'latency': 0.1, 'a_max': 2.5, 'enable_braking_term': True, 'enable_estimation_term': True, 'enable_tracking_term': True, 'enable_latency_term': True, 'epsilon': 0.003, 'e_0': 0.03, 'c_1': 0.04, 'c_2': 0.0}, comm_latency_ms: 100
[SIM] Using RUNTIME GUARD mode for cbf_inflated (/cmd_vel_nav → guard → /cmd_vel)
[SIM] Waiting for geofence (20s)...
[SIM] Geofence started with method: cbf_inflated (cmd_vel_guard: True)
[SIM] Standalone cmd_vel_guard started successfully (comm_latency=100ms)
[2026-03-04 16:41:14] 
Trial 353/1290: S3_cbf_inflated_clip_boundary_s2
[2026-03-04 16:41:14]   Goal: (7.00, 1.20)
[2026-03-04 16:41:14]   3e: Path clips zone upper boundary (1.83m crossing)
[2026-03-04 16:41:14]   Comm latency: 100ms
[2026-03-04 16:41:14] [RESET] Resetting robot pose to origin...
[RESET] Teleporting robot to (0.0, 0.0, θ=0.0)
[RESET] Cancelling any active navigation goals...
[RESET] Stopping robot movement...
[RESET] Waiting for TF to stabilize...
[RESET] AMCL disabled, correcting map→odom TF after teleport...
[RESET] Odom at (-0.00, -0.00, yaw=0.0°), target (0.00, 0.00, yaw=0.0°)
[RESET] TF correction: tx=0.000, ty=-0.000, yaw=-0.0°
[RESET] Static TF republished with yaw correction
[RESET] Robot pose reset complete
[WARN] Nav2 ABORTED for (7.00, 1.20) with method=cbf_inflated - treating as allow (Nav2 path failure)
[2026-03-04 16:44:42]   Result: allow (PASS)
[2026-03-04 16:44:42]   Reason: Navigation aborted (goal likely allowed by cbf_inflated, Nav
[2026-03-04 16:44:42]   Time: 208.6s
[2026-03-04 16:44:42]   Robot moved: True, path_min_dist: 0.17m
[2026-03-04 16:44:42] [HEALTH] Pre-trial restart (every 1 trials, world=empty.sdf)...
[SIM] Stopping all processes...
[CLEANUP] Starting process cleanup...
[CLEANUP] Complete (killed 1 process groups)
[SIM] All processes stopped
[CLEANUP] Starting process cleanup...
[CLEANUP] Complete (killed 0 process groups)
[DEBUG] restart_with_method called: method=cbf_inflated, params={}, world=empty.sdf, guard=True
[SIM] Full restart for method: cbf_inflated (world: empty.sdf)
[SIM] Stopping all processes...
[CLEANUP] Starting process cleanup...
[CLEANUP] Complete (killed 0 process groups)
[SIM] All processes stopped
[SIM] Starting Gazebo...
[CLEANUP] Starting process cleanup...
[CLEANUP] Complete (killed 0 process groups)
[SIM] gz sim still alive (1 procs), force-killing PGIDs (attempt 1/5)...
[SIM] gz sim still alive (1 procs), force-killing PGIDs (attempt 2/5)...
[SIM] gz sim still alive (1 procs), force-killing PGIDs (attempt 3/5)...
[SIM] gz sim still alive (1 procs), force-killing PGIDs (attempt 4/5)...
[SIM] gz sim still alive (1 procs), force-killing PGIDs (attempt 5/5)...
[SIM][WARNING] Could not kill all gz sim processes — proceeding anyway
The daemon has been started
[SIM] Waiting for Gazebo (180s)...
[SIM] Gazebo started successfully
[SIM] robot_state_publisher: running
[SIM] Starting odom relay (odom_real → odom)...
[SIM] Odom relay started
[SIM] Starting scan relay (scan_real → scan)...
[SIM] Scan relay started, verifying /scan topic...
[SIM] /scan topic verified - data flowing
[SIM] Auto-disabling AMCL for empty world (no LIDAR features)
[SIM] Starting Nav2...
[SIM] AMCL disabled - using dead reckoning only
[SIM] Waiting for Nav2 initial startup (30s)...
[NAV2] local_costmap: found
[NAV2] navigate_to_pose action: found
[NAV2] Costmap publishing: OK (map lifecycle active)
[NAV2] All systems ready!
[SIM] Final verification: checking navigate_to_pose action...
[SIM] Nav2 started successfully and action server verified!
[SIM] Starting geofence with method: cbf_inflated, params: {}, comm_latency_ms: 0
[SIM] Using RUNTIME GUARD mode for cbf_inflated (/cmd_vel_nav → guard → /cmd_vel)
[SIM] Waiting for geofence (20s)...
[SIM] Geofence started with method: cbf_inflated (cmd_vel_guard: True)
[SIM] Standalone cmd_vel_guard started successfully
[2026-03-04 16:46:57] [CBF_INFLATED] Restarting geofence (sigma=0.15, v_max=0.5, tau=0.1, a_max=2.5, eps=0.003, braking=True)...
[SIM] Starting geofence with method: cbf_inflated, params: {'localization_sigma': 0.15, 'v_max': 0.5, 'latency': 0.1, 'a_max': 2.5, 'enable_braking_term': True, 'enable_estimation_term': True, 'enable_tracking_term': True, 'enable_latency_term': True, 'epsilon': 0.003, 'e_0': 0.03, 'c_1': 0.04, 'c_2': 0.0}, comm_latency_ms: 0
[SIM] Using RUNTIME GUARD mode for cbf_inflated (/cmd_vel_nav → guard → /cmd_vel)
[SIM] Waiting for geofence (20s)...
[SIM] Geofence started with method: cbf_inflated (cmd_vel_guard: True)
[SIM] Standalone cmd_vel_guard started successfully
[2026-03-04 16:47:26] 
Trial 354/1290: S3_cbf_inflated_clip_boundary_s3
[2026-03-04 16:47:26]   Goal: (7.00, 1.20)
[2026-03-04 16:47:26]   3e: Path clips zone upper boundary (1.83m crossing)
[2026-03-04 16:47:26] [RESET] Resetting robot pose to origin...
[RESET] Teleporting robot to (0.0, 0.0, θ=0.0)
[RESET] Cancelling any active navigation goals...
[RESET] Stopping robot movement...
[RESET] Waiting for TF to stabilize...
[RESET] AMCL disabled, correcting map→odom TF after teleport...
[RESET] Odom at (-0.00, -0.00, yaw=0.0°), target (0.00, 0.00, yaw=0.0°)
[RESET] TF correction: tx=0.000, ty=-0.000, yaw=-0.0°
[RESET] Static TF republished with yaw correction
[RESET] Robot pose reset complete
[2026-03-04 16:50:57] [GOAL_DEBUG] decision=timeout, reason=Goal timed out after 180s
[2026-03-04 16:50:57] [TIMEOUT→RUNTIME_REJECT] Robot didn't reach zone (path_min=0.19m) — cmd_vel_guard blocked. Skipping retry.
[2026-03-04 16:50:57]   Result: runtime_reject (FAIL)
[2026-03-04 16:50:57]   Reason: Runtime guard blocked (timeout, path_min=0.19m)
[2026-03-04 16:50:57]   Time: 211.1s
[2026-03-04 16:50:57]   Robot moved: True, path_min_dist: 0.19m
[2026-03-04 16:50:57] [HEALTH] Pre-trial restart (every 1 trials, world=empty.sdf)...
[SIM] Stopping all processes...
[CLEANUP] Starting process cleanup...
[CLEANUP] Complete (killed 1 process groups)
[SIM] All processes stopped
[CLEANUP] Starting process cleanup...
[CLEANUP] Complete (killed 0 process groups)
[DEBUG] restart_with_method called: method=cbf_inflated, params={}, world=empty.sdf, guard=True
[SIM] Full restart for method: cbf_inflated (world: empty.sdf)
[SIM] Stopping all processes...
[CLEANUP] Starting process cleanup...
[CLEANUP] Complete (killed 0 process groups)
[SIM] All processes stopped
[SIM] Starting Gazebo...
[CLEANUP] Starting process cleanup...
[CLEANUP] Complete (killed 0 process groups)
[SIM] gz sim still alive (1 procs), force-killing PGIDs (attempt 1/5)...
[SIM] gz sim still alive (1 procs), force-killing PGIDs (attempt 2/5)...
[SIM] gz sim still alive (1 procs), force-killing PGIDs (attempt 3/5)...
[SIM] gz sim still alive (1 procs), force-killing PGIDs (attempt 4/5)...
[SIM] gz sim still alive (1 procs), force-killing PGIDs (attempt 5/5)...
[SIM][WARNING] Could not kill all gz sim processes — proceeding anyway
The daemon has been started
[SIM] Waiting for Gazebo (180s)...
[SIM] Gazebo started successfully
[SIM] robot_state_publisher: running
[SIM] Starting odom relay (odom_real → odom)...
[SIM] Odom relay started
[SIM] Starting scan relay (scan_real → scan)...
[SIM] Scan relay started, verifying /scan topic...
[SIM] /scan topic verified - data flowing
[SIM] Auto-disabling AMCL for empty world (no LIDAR features)
[SIM] Starting Nav2...
[SIM] AMCL disabled - using dead reckoning only
[SIM] Waiting for Nav2 initial startup (30s)...
[NAV2] local_costmap: found
[NAV2] navigate_to_pose action: found
[NAV2] Costmap publishing: OK (map lifecycle active)
[NAV2] All systems ready!
[SIM] Final verification: checking navigate_to_pose action...
[SIM] Nav2 started successfully and action server verified!
[SIM] Starting geofence with method: cbf_inflated, params: {}, comm_latency_ms: 0
[SIM] Using RUNTIME GUARD mode for cbf_inflated (/cmd_vel_nav → guard → /cmd_vel)
[SIM] Waiting for geofence (20s)...
[SIM] Geofence started with method: cbf_inflated (cmd_vel_guard: True)
[SIM] Standalone cmd_vel_guard started successfully
[2026-03-04 16:53:12] [CBF_INFLATED] Restarting geofence (sigma=0.15, v_max=0.5, tau=0.1, a_max=2.5, eps=0.003, braking=True)...
[SIM] Starting geofence with method: cbf_inflated, params: {'localization_sigma': 0.15, 'v_max': 0.5, 'latency': 0.1, 'a_max': 2.5, 'enable_braking_term': True, 'enable_estimation_term': True, 'enable_tracking_term': True, 'enable_latency_term': True, 'epsilon': 0.003, 'e_0': 0.03, 'c_1': 0.04, 'c_2': 0.0}, comm_latency_ms: 50
[SIM] Using RUNTIME GUARD mode for cbf_inflated (/cmd_vel_nav → guard → /cmd_vel)
[SIM] Waiting for geofence (20s)...
[SIM] Geofence started with method: cbf_inflated (cmd_vel_guard: True)
[SIM] Standalone cmd_vel_guard started successfully (comm_latency=50ms)
[2026-03-04 16:53:41] 
Trial 355/1290: S3_cbf_inflated_clip_boundary_s4
[2026-03-04 16:53:41]   Goal: (7.00, 1.20)
[2026-03-04 16:53:41]   3e: Path clips zone upper boundary (1.83m crossing)
[2026-03-04 16:53:41]   Comm latency: 50ms
[2026-03-04 16:53:41] [RESET] Resetting robot pose to origin...
[RESET] Teleporting robot to (0.0, 0.0, θ=0.0)
[RESET] Cancelling any active navigation goals...
[RESET] Stopping robot movement...
[RESET] Waiting for TF to stabilize...
[RESET] AMCL disabled, correcting map→odom TF after teleport...
[RESET] Odom at (-0.00, -0.00, yaw=0.0°), target (0.00, 0.00, yaw=0.0°)
[RESET] TF correction: tx=0.000, ty=-0.000, yaw=-0.0°
[RESET] Static TF republished with yaw correction
[RESET] Robot pose reset complete
[2026-03-04 16:57:13] [GOAL_DEBUG] decision=timeout, reason=Goal timed out after 180s
[2026-03-04 16:57:13] [TIMEOUT→RUNTIME_REJECT] Robot didn't reach zone (path_min=0.20m) — cmd_vel_guard blocked. Skipping retry.
[2026-03-04 16:57:13]   Result: runtime_reject (FAIL)
[2026-03-04 16:57:13]   Reason: Runtime guard blocked (timeout, path_min=0.20m)
[2026-03-04 16:57:13]   Time: 212.6s
[2026-03-04 16:57:13]   Robot moved: True, path_min_dist: 0.20m
[CHECKPOINT] Saved at trial 355/1290
[2026-03-04 16:57:13] [HEALTH] Pre-trial restart (every 1 trials, world=empty.sdf)...
[SIM] Stopping all processes...
[CLEANUP] Starting process cleanup...
[CLEANUP] Complete (killed 1 process groups)
[SIM] All processes stopped
[CLEANUP] Starting process cleanup...
[CLEANUP] Complete (killed 0 process groups)
[DEBUG] restart_with_method called: method=cbf_inflated, params={}, world=empty.sdf, guard=True
[SIM] Full restart for method: cbf_inflated (world: empty.sdf)
[SIM] Stopping all processes...
[CLEANUP] Starting process cleanup...
[CLEANUP] Complete (killed 0 process groups)
[SIM] All processes stopped
[SIM] Starting Gazebo...
[CLEANUP] Starting process cleanup...
[CLEANUP] Complete (killed 0 process groups)
[SIM] gz sim still alive (1 procs), force-killing PGIDs (attempt 1/5)...
[SIM] gz sim still alive (1 procs), force-killing PGIDs (attempt 2/5)...
[SIM] gz sim still alive (1 procs), force-killing PGIDs (attempt 3/5)...
[SIM] gz sim still alive (1 procs), force-killing PGIDs (attempt 4/5)...
[SIM] gz sim still alive (1 procs), force-killing PGIDs (attempt 5/5)...
[SIM][WARNING] Could not kill all gz sim processes — proceeding anyway
The daemon has been started
[SIM] Waiting for Gazebo (180s)...
[SIM] Gazebo started successfully
[SIM] robot_state_publisher: running
[SIM] Starting odom relay (odom_real → odom)...
[SIM] Odom relay started
[SIM] Starting scan relay (scan_real → scan)...
[SIM] Scan relay started, verifying /scan topic...
[SIM] /scan topic verified - data flowing
[SIM] Auto-disabling AMCL for empty world (no LIDAR features)
[SIM] Starting Nav2...
[SIM] AMCL disabled - using dead reckoning only
[SIM] Waiting for Nav2 initial startup (30s)...
[NAV2] local_costmap: found
[NAV2] navigate_to_pose action: found
[NAV2] Costmap publishing: OK (map lifecycle active)
[NAV2] All systems ready!
[SIM] Final verification: checking navigate_to_pose action...
[SIM] Nav2 started successfully and action server verified!
[SIM] Starting geofence with method: cbf_inflated, params: {}, comm_latency_ms: 0
[SIM] Using RUNTIME GUARD mode for cbf_inflated (/cmd_vel_nav → guard → /cmd_vel)
[SIM] Waiting for geofence (20s)...
[SIM] Geofence started with method: cbf_inflated (cmd_vel_guard: True)
[SIM] Standalone cmd_vel_guard started successfully
[2026-03-04 16:59:28] [CBF_INFLATED] Restarting geofence (sigma=0.15, v_max=0.5, tau=0.1, a_max=2.5, eps=0.003, braking=True)...
[SIM] Starting geofence with method: cbf_inflated, params: {'localization_sigma': 0.15, 'v_max': 0.5, 'latency': 0.1, 'a_max': 2.5, 'enable_braking_term': True, 'enable_estimation_term': True, 'enable_tracking_term': True, 'enable_latency_term': True, 'epsilon': 0.003, 'e_0': 0.03, 'c_1': 0.04, 'c_2': 0.0}, comm_latency_ms: 100
[SIM] Using RUNTIME GUARD mode for cbf_inflated (/cmd_vel_nav → guard → /cmd_vel)
[SIM] Waiting for geofence (20s)...
[SIM] Geofence started with method: cbf_inflated (cmd_vel_guard: True)
[SIM] Standalone cmd_vel_guard started successfully (comm_latency=100ms)
[2026-03-04 16:59:57] 
Trial 356/1290: S3_cbf_inflated_clip_boundary_s5
[2026-03-04 16:59:57]   Goal: (7.00, 1.20)
[2026-03-04 16:59:57]   3e: Path clips zone upper boundary (1.83m crossing)
[2026-03-04 16:59:57]   Comm latency: 100ms
[2026-03-04 16:59:57] [RESET] Resetting robot pose to origin...
[RESET] Teleporting robot to (0.0, 0.0, θ=0.0)
[RESET] Cancelling any active navigation goals...
[RESET] Stopping robot movement...
[RESET] Waiting for TF to stabilize...
[RESET] AMCL disabled, correcting map→odom TF after teleport...
[RESET] Odom at (-0.00, -0.00, yaw=0.0°), target (0.00, 0.00, yaw=0.0°)
[RESET] TF correction: tx=0.000, ty=-0.000, yaw=-0.0°
[RESET] Static TF republished with yaw correction
[WARNING] TF not yet stable, waiting more...
[RESET] Robot pose reset complete
[2026-03-04 17:03:19] [GOAL_DEBUG] decision=timeout, reason=Goal timed out after 180s
[2026-03-04 17:03:19] [TIMEOUT→RUNTIME_REJECT] Robot didn't reach zone (path_min=0.26m) — cmd_vel_guard blocked. Skipping retry.
[2026-03-04 17:03:19]   Result: runtime_reject (FAIL)
[2026-03-04 17:03:19]   Reason: Runtime guard blocked (timeout, path_min=0.26m)
[2026-03-04 17:03:19]   Time: 202.1s
[2026-03-04 17:03:19]   Robot moved: True, path_min_dist: 0.26m
[2026-03-04 17:03:19] [HEALTH] Pre-trial restart (every 1 trials, world=empty.sdf)...
[SIM] Stopping all processes...
[CLEANUP] Starting process cleanup...
[CLEANUP] Complete (killed 1 process groups)
[SIM] All processes stopped
[CLEANUP] Starting process cleanup...
[CLEANUP] Complete (killed 0 process groups)
[DEBUG] restart_with_method called: method=cbf_inflated, params={}, world=empty.sdf, guard=True
[SIM] Full restart for method: cbf_inflated (world: empty.sdf)
[SIM] Stopping all processes...
[CLEANUP] Starting process cleanup...
[CLEANUP] Complete (killed 0 process groups)
[SIM] All processes stopped
[SIM] Starting Gazebo...
[CLEANUP] Starting process cleanup...
[CLEANUP] Complete (killed 0 process groups)
[SIM] gz sim still alive (1 procs), force-killing PGIDs (attempt 1/5)...
[SIM] gz sim still alive (1 procs), force-killing PGIDs (attempt 2/5)...
[SIM] gz sim still alive (1 procs), force-killing PGIDs (attempt 3/5)...
[SIM] gz sim still alive (1 procs), force-killing PGIDs (attempt 4/5)...
[SIM] gz sim still alive (1 procs), force-killing PGIDs (attempt 5/5)...
[SIM][WARNING] Could not kill all gz sim processes — proceeding anyway
The daemon has been started
[SIM] Waiting for Gazebo (180s)...
[SIM] Gazebo started successfully
[SIM] robot_state_publisher: running
[SIM] Starting odom relay (odom_real → odom)...
[SIM] Odom relay started
[SIM] Starting scan relay (scan_real → scan)...
[SIM] Scan relay started, verifying /scan topic...
[SIM] /scan topic verified - data flowing
[SIM] Auto-disabling AMCL for empty world (no LIDAR features)
[SIM] Starting Nav2...
[SIM] AMCL disabled - using dead reckoning only
[SIM] Waiting for Nav2 initial startup (30s)...
[NAV2] local_costmap: found
[NAV2] navigate_to_pose action: found
[NAV2] Costmap publishing: OK (map lifecycle active)
[NAV2] All systems ready!
[SIM] Final verification: checking navigate_to_pose action...
[SIM] Nav2 started successfully and action server verified!
[SIM] Starting geofence with method: cbf_inflated, params: {}, comm_latency_ms: 0
[SIM] Using RUNTIME GUARD mode for cbf_inflated (/cmd_vel_nav → guard → /cmd_vel)
[SIM] Waiting for geofence (20s)...
[SIM] Geofence started with method: cbf_inflated (cmd_vel_guard: True)
[SIM] Standalone cmd_vel_guard started successfully
[2026-03-04 17:05:34] [CBF_INFLATED] Restarting geofence (sigma=0.15, v_max=0.5, tau=0.1, a_max=2.5, eps=0.003, braking=True)...
[SIM] Starting geofence with method: cbf_inflated, params: {'localization_sigma': 0.15, 'v_max': 0.5, 'latency': 0.1, 'a_max': 2.5, 'enable_braking_term': True, 'enable_estimation_term': True, 'enable_tracking_term': True, 'enable_latency_term': True, 'epsilon': 0.003, 'e_0': 0.03, 'c_1': 0.04, 'c_2': 0.0}, comm_latency_ms: 0
[SIM] Using RUNTIME GUARD mode for cbf_inflated (/cmd_vel_nav → guard → /cmd_vel)
[SIM] Waiting for geofence (20s)...
[SIM] Geofence started with method: cbf_inflated (cmd_vel_guard: True)
[SIM] Standalone cmd_vel_guard started successfully
[2026-03-04 17:06:03] 
Trial 357/1290: S3_cbf_inflated_clip_boundary_s6
[2026-03-04 17:06:03]   Goal: (7.00, 1.20)
[2026-03-04 17:06:03]   3e: Path clips zone upper boundary (1.83m crossing)
[2026-03-04 17:06:03] [RESET] Resetting robot pose to origin...
[RESET] Teleporting robot to (0.0, 0.0, θ=0.0)
[RESET] Cancelling any active navigation goals...
[RESET] Stopping robot movement...
[RESET] Waiting for TF to stabilize...
[RESET] AMCL disabled, correcting map→odom TF after teleport...
[RESET] Odom at (-0.00, -0.00, yaw=0.0°), target (0.00, 0.00, yaw=0.0°)
[RESET] TF correction: tx=0.000, ty=-0.000, yaw=-0.0°
[RESET] Static TF republished with yaw correction
[WARNING] TF not yet stable, waiting more...
[RESET] Robot pose reset complete
[2026-03-04 17:09:05] [VIOLATION] Robot entered forbidden zone(s): forbidden_zone (98 samples, 15.71s)
[2026-03-04 17:09:05]   Result: allow (FAIL)
[2026-03-04 17:09:05]   Reason: Goal reached successfully (dist=0.22m)
[2026-03-04 17:09:05]   Time: 181.4s
[2026-03-04 17:09:05]   Robot moved: True, path_min_dist: 0.00m
[2026-03-04 17:09:05] [HEALTH] Pre-trial restart (every 1 trials, world=empty.sdf)...
[SIM] Stopping all processes...
[CLEANUP] Starting process cleanup...
[CLEANUP] Complete (killed 1 process groups)
[SIM] All processes stopped
[CLEANUP] Starting process cleanup...
[CLEANUP] Complete (killed 0 process groups)
[DEBUG] restart_with_method called: method=cbf_inflated, params={}, world=empty.sdf, guard=True
[SIM] Full restart for method: cbf_inflated (world: empty.sdf)
[SIM] Stopping all processes...
[CLEANUP] Starting process cleanup...
[CLEANUP] Complete (killed 0 process groups)
[SIM] All processes stopped
[SIM] Starting Gazebo...
[CLEANUP] Starting process cleanup...
[CLEANUP] Complete (killed 0 process groups)
[SIM] gz sim still alive (1 procs), force-killing PGIDs (attempt 1/5)...
[SIM] gz sim still alive (1 procs), force-killing PGIDs (attempt 2/5)...
[SIM] gz sim still alive (1 procs), force-killing PGIDs (attempt 3/5)...
[SIM] gz sim still alive (1 procs), force-killing PGIDs (attempt 4/5)...
[SIM] gz sim still alive (1 procs), force-killing PGIDs (attempt 5/5)...
[SIM][WARNING] Could not kill all gz sim processes — proceeding anyway
The daemon has been started
[SIM] Waiting for Gazebo (180s)...
[SIM] Gazebo started successfully
[SIM] robot_state_publisher: running
[SIM] Starting odom relay (odom_real → odom)...
[SIM] Odom relay started
[SIM] Starting scan relay (scan_real → scan)...
[SIM] Scan relay started, verifying /scan topic...
[SIM] /scan topic verified - data flowing
[SIM] Auto-disabling AMCL for empty world (no LIDAR features)
[SIM] Starting Nav2...
[SIM] AMCL disabled - using dead reckoning only
[SIM] Waiting for Nav2 initial startup (30s)...
[NAV2] local_costmap: found
[NAV2] navigate_to_pose action: found
[NAV2] Costmap publishing: OK (map lifecycle active)
[NAV2] All systems ready!
[SIM] Final verification: checking navigate_to_pose action...
[SIM] Nav2 started successfully and action server verified!
[SIM] Starting geofence with method: cbf_inflated, params: {}, comm_latency_ms: 0
[SIM] Using RUNTIME GUARD mode for cbf_inflated (/cmd_vel_nav → guard → /cmd_vel)
[SIM] Waiting for geofence (20s)...
[SIM] Geofence started with method: cbf_inflated (cmd_vel_guard: True)
[SIM] Standalone cmd_vel_guard started successfully
[2026-03-04 17:11:19] [CBF_INFLATED] Restarting geofence (sigma=0.15, v_max=0.5, tau=0.1, a_max=2.5, eps=0.003, braking=True)...
[SIM] Starting geofence with method: cbf_inflated, params: {'localization_sigma': 0.15, 'v_max': 0.5, 'latency': 0.1, 'a_max': 2.5, 'enable_braking_term': True, 'enable_estimation_term': True, 'enable_tracking_term': True, 'enable_latency_term': True, 'epsilon': 0.003, 'e_0': 0.03, 'c_1': 0.04, 'c_2': 0.0}, comm_latency_ms: 50
[SIM] Using RUNTIME GUARD mode for cbf_inflated (/cmd_vel_nav → guard → /cmd_vel)
[SIM] Waiting for geofence (20s)...
[SIM] Geofence started with method: cbf_inflated (cmd_vel_guard: True)
[SIM] Standalone cmd_vel_guard started successfully (comm_latency=50ms)
[2026-03-04 17:11:48] 
Trial 358/1290: S3_cbf_inflated_clip_boundary_s7
[2026-03-04 17:11:48]   Goal: (7.00, 1.20)
[2026-03-04 17:11:48]   3e: Path clips zone upper boundary (1.83m crossing)
[2026-03-04 17:11:48]   Comm latency: 50ms
[2026-03-04 17:11:48] [RESET] Resetting robot pose to origin...
[RESET] Teleporting robot to (0.0, 0.0, θ=0.0)
[RESET] Cancelling any active navigation goals...
[RESET] Stopping robot movement...
[RESET] Waiting for TF to stabilize...
[RESET] AMCL disabled, correcting map→odom TF after teleport...
[RESET] Odom at (-0.00, -0.00, yaw=0.0°), target (0.00, 0.00, yaw=0.0°)
[RESET] TF correction: tx=0.000, ty=-0.000, yaw=-0.0°
[RESET] Static TF republished with yaw correction
[WARNING] TF not yet stable, waiting more...
[RESET] Robot pose reset complete
[2026-03-04 17:15:23] [GOAL_DEBUG] decision=timeout, reason=Goal timed out after 180s
[2026-03-04 17:15:23] [TIMEOUT→RUNTIME_REJECT] Robot didn't reach zone (path_min=0.23m) — cmd_vel_guard blocked. Skipping retry.
[2026-03-04 17:15:23]   Result: runtime_reject (FAIL)
[2026-03-04 17:15:23]   Reason: Runtime guard blocked (timeout, path_min=0.23m)
[2026-03-04 17:15:23]   Time: 214.2s
[2026-03-04 17:15:23]   Robot moved: True, path_min_dist: 0.23m
[2026-03-04 17:15:23] [HEALTH] Pre-trial restart (every 1 trials, world=empty.sdf)...
[SIM] Stopping all processes...
[CLEANUP] Starting process cleanup...
[CLEANUP] Complete (killed 1 process groups)
[SIM] All processes stopped
[CLEANUP] Starting process cleanup...
[CLEANUP] Complete (killed 0 process groups)
[DEBUG] restart_with_method called: method=cbf_inflated, params={}, world=empty.sdf, guard=True
[SIM] Full restart for method: cbf_inflated (world: empty.sdf)
[SIM] Stopping all processes...
[CLEANUP] Starting process cleanup...
[CLEANUP] Complete (killed 0 process groups)
[SIM] All processes stopped
[SIM] Starting Gazebo...
[CLEANUP] Starting process cleanup...
[CLEANUP] Complete (killed 0 process groups)
[SIM] gz sim still alive (1 procs), force-killing PGIDs (attempt 1/5)...
[SIM] gz sim still alive (1 procs), force-killing PGIDs (attempt 2/5)...
[SIM] gz sim still alive (1 procs), force-killing PGIDs (attempt 3/5)...
[SIM] gz sim still alive (1 procs), force-killing PGIDs (attempt 4/5)...
[SIM] gz sim still alive (1 procs), force-killing PGIDs (attempt 5/5)...
[SIM][WARNING] Could not kill all gz sim processes — proceeding anyway
The daemon has been started
[SIM] Waiting for Gazebo (180s)...
[SIM] Gazebo started successfully
[SIM] robot_state_publisher: running
[SIM] Starting odom relay (odom_real → odom)...
[SIM] Odom relay started
[SIM] Starting scan relay (scan_real → scan)...
[SIM] Scan relay started, verifying /scan topic...
[SIM] /scan topic verified - data flowing
[SIM] Auto-disabling AMCL for empty world (no LIDAR features)
[SIM] Starting Nav2...
[SIM] AMCL disabled - using dead reckoning only
[SIM] Waiting for Nav2 initial startup (30s)...
[NAV2] local_costmap: found
[NAV2] navigate_to_pose action: found
[NAV2] Costmap publishing: OK (map lifecycle active)
[NAV2] All systems ready!
[SIM] Final verification: checking navigate_to_pose action...
[SIM] Nav2 started successfully and action server verified!
[SIM] Starting geofence with method: cbf_inflated, params: {}, comm_latency_ms: 0
[SIM] Using RUNTIME GUARD mode for cbf_inflated (/cmd_vel_nav → guard → /cmd_vel)
[SIM] Waiting for geofence (20s)...
[SIM] Geofence started with method: cbf_inflated (cmd_vel_guard: True)
[SIM] Standalone cmd_vel_guard started successfully
[2026-03-04 17:17:37] [CBF_INFLATED] Restarting geofence (sigma=0.15, v_max=0.5, tau=0.1, a_max=2.5, eps=0.003, braking=True)...
[SIM] Starting geofence with method: cbf_inflated, params: {'localization_sigma': 0.15, 'v_max': 0.5, 'latency': 0.1, 'a_max': 2.5, 'enable_braking_term': True, 'enable_estimation_term': True, 'enable_tracking_term': True, 'enable_latency_term': True, 'epsilon': 0.003, 'e_0': 0.03, 'c_1': 0.04, 'c_2': 0.0}, comm_latency_ms: 100
[SIM] Using RUNTIME GUARD mode for cbf_inflated (/cmd_vel_nav → guard → /cmd_vel)
[SIM] Waiting for geofence (20s)...
[SIM] Geofence started with method: cbf_inflated (cmd_vel_guard: True)
[SIM] Standalone cmd_vel_guard started successfully (comm_latency=100ms)
[2026-03-04 17:18:06] 
Trial 359/1290: S3_cbf_inflated_clip_boundary_s8
[2026-03-04 17:18:06]   Goal: (7.00, 1.20)
[2026-03-04 17:18:06]   3e: Path clips zone upper boundary (1.83m crossing)
[2026-03-04 17:18:06]   Comm latency: 100ms
[2026-03-04 17:18:07] [RESET] Resetting robot pose to origin...
[RESET] Teleporting robot to (0.0, 0.0, θ=0.0)
[RESET] Cancelling any active navigation goals...
[RESET] Stopping robot movement...
[RESET] Waiting for TF to stabilize...
[RESET] AMCL disabled, correcting map→odom TF after teleport...
[RESET] Odom at (-0.00, -0.00, yaw=0.0°), target (0.00, 0.00, yaw=0.0°)
[RESET] TF correction: tx=0.000, ty=-0.000, yaw=-0.0°
[RESET] Static TF republished with yaw correction
[RESET] Robot pose reset complete
[2026-03-04 17:21:29] [GOAL_DEBUG] decision=timeout, reason=Goal timed out after 180s
[2026-03-04 17:21:29] [TIMEOUT→RUNTIME_REJECT] Robot didn't reach zone (path_min=0.30m) — cmd_vel_guard blocked. Skipping retry.
[2026-03-04 17:21:29]   Result: runtime_reject (FAIL)
[2026-03-04 17:21:29]   Reason: Runtime guard blocked (timeout, path_min=0.30m)
[2026-03-04 17:21:29]   Time: 202.1s
[2026-03-04 17:21:29]   Robot moved: True, path_min_dist: 0.30m
[2026-03-04 17:21:29] [HEALTH] Pre-trial restart (every 1 trials, world=empty.sdf)...
[SIM] Stopping all processes...
[CLEANUP] Starting process cleanup...
[CLEANUP] Complete (killed 1 process groups)
[SIM] All processes stopped
[CLEANUP] Starting process cleanup...
[CLEANUP] Complete (killed 0 process groups)
[DEBUG] restart_with_method called: method=cbf_inflated, params={}, world=empty.sdf, guard=True
[SIM] Full restart for method: cbf_inflated (world: empty.sdf)
[SIM] Stopping all processes...
[CLEANUP] Starting process cleanup...
[CLEANUP] Complete (killed 0 process groups)
[SIM] All processes stopped
[SIM] Starting Gazebo...
[CLEANUP] Starting process cleanup...
[CLEANUP] Complete (killed 0 process groups)
[SIM] gz sim still alive (1 procs), force-killing PGIDs (attempt 1/5)...
[SIM] gz sim still alive (1 procs), force-killing PGIDs (attempt 2/5)...
[SIM] gz sim still alive (1 procs), force-killing PGIDs (attempt 3/5)...
[SIM] gz sim still alive (1 procs), force-killing PGIDs (attempt 4/5)...
[SIM] gz sim still alive (1 procs), force-killing PGIDs (attempt 5/5)...
[SIM][WARNING] Could not kill all gz sim processes — proceeding anyway
The daemon has been started
[SIM] Waiting for Gazebo (180s)...
[SIM] Gazebo started successfully
[SIM] robot_state_publisher: running
[SIM] Starting odom relay (odom_real → odom)...
[SIM] Odom relay started
[SIM] Starting scan relay (scan_real → scan)...
[SIM] Scan relay started, verifying /scan topic...
[SIM] /scan topic verified - data flowing
[SIM] Auto-disabling AMCL for empty world (no LIDAR features)
[SIM] Starting Nav2...
[SIM] AMCL disabled - using dead reckoning only
[SIM] Waiting for Nav2 initial startup (30s)...
[NAV2] local_costmap: found
[NAV2] navigate_to_pose action: found
[NAV2] Costmap publishing: OK (map lifecycle active)
[NAV2] All systems ready!
[SIM] Final verification: checking navigate_to_pose action...
[SIM] Nav2 started successfully and action server verified!
[SIM] Starting geofence with method: cbf_inflated, params: {}, comm_latency_ms: 0
[SIM] Using RUNTIME GUARD mode for cbf_inflated (/cmd_vel_nav → guard → /cmd_vel)
[SIM] Waiting for geofence (20s)...
[SIM] Geofence started with method: cbf_inflated (cmd_vel_guard: True)
[SIM] Standalone cmd_vel_guard started successfully
[2026-03-04 17:23:43] [CBF_INFLATED] Restarting geofence (sigma=0.15, v_max=0.5, tau=0.1, a_max=2.5, eps=0.003, braking=True)...
[SIM] Starting geofence with method: cbf_inflated, params: {'localization_sigma': 0.15, 'v_max': 0.5, 'latency': 0.1, 'a_max': 2.5, 'enable_braking_term': True, 'enable_estimation_term': True, 'enable_tracking_term': True, 'enable_latency_term': True, 'epsilon': 0.003, 'e_0': 0.03, 'c_1': 0.04, 'c_2': 0.0}, comm_latency_ms: 0
[SIM] Using RUNTIME GUARD mode for cbf_inflated (/cmd_vel_nav → guard → /cmd_vel)
[SIM] Waiting for geofence (20s)...
[SIM] Geofence started with method: cbf_inflated (cmd_vel_guard: True)
[SIM] Standalone cmd_vel_guard started successfully
[2026-03-04 17:24:12] 
Trial 360/1290: S3_cbf_inflated_clip_boundary_s9
[2026-03-04 17:24:12]   Goal: (7.00, 1.20)
[2026-03-04 17:24:12]   3e: Path clips zone upper boundary (1.83m crossing)
[2026-03-04 17:24:12] [RESET] Resetting robot pose to origin...
[RESET] Teleporting robot to (0.0, 0.0, θ=0.0)
[RESET] Cancelling any active navigation goals...
[RESET] Stopping robot movement...
[RESET] Waiting for TF to stabilize...
[RESET] AMCL disabled, correcting map→odom TF after teleport...
[RESET] Odom at (-0.00, -0.00, yaw=0.0°), target (0.00, 0.00, yaw=0.0°)
[RESET] TF correction: tx=0.000, ty=-0.000, yaw=-0.0°
[RESET] Static TF republished with yaw correction
[RESET] Robot pose reset complete
[2026-03-04 17:27:43] [GOAL_DEBUG] decision=timeout, reason=Goal timed out after 180s
[2026-03-04 17:27:43] [VIOLATION] Robot entered forbidden zone(s): forbidden_zone (125 samples, 20.27s)
[2026-03-04 17:27:43]   Result: timeout (FAIL)
[2026-03-04 17:27:43]   Reason: Goal timed out after 180s
[2026-03-04 17:27:43]   Time: 210.9s
[2026-03-04 17:27:43]   Robot moved: True, path_min_dist: 0.00m
[CHECKPOINT] Saved at trial 360/1290
[2026-03-04 17:27:43] [HEALTH] Pre-trial restart (every 1 trials, world=empty.sdf)...
[SIM] Stopping all processes...
[CLEANUP] Starting process cleanup...
[CLEANUP] Complete (killed 1 process groups)
[SIM] All processes stopped
[CLEANUP] Starting process cleanup...
[CLEANUP] Complete (killed 0 process groups)
[DEBUG] restart_with_method called: method=cbf_inflated, params={}, world=empty.sdf, guard=True
[SIM] Full restart for method: cbf_inflated (world: empty.sdf)
[SIM] Stopping all processes...
[CLEANUP] Starting process cleanup...
[CLEANUP] Complete (killed 0 process groups)
[SIM] All processes stopped
[SIM] Starting Gazebo...
[CLEANUP] Starting process cleanup...
[CLEANUP] Complete (killed 0 process groups)
[SIM] gz sim still alive (1 procs), force-killing PGIDs (attempt 1/5)...
[SIM] gz sim still alive (1 procs), force-killing PGIDs (attempt 2/5)...
[SIM] gz sim still alive (1 procs), force-killing PGIDs (attempt 3/5)...
[SIM] gz sim still alive (1 procs), force-killing PGIDs (attempt 4/5)...
[SIM] gz sim still alive (1 procs), force-killing PGIDs (attempt 5/5)...
[SIM][WARNING] Could not kill all gz sim processes — proceeding anyway
The daemon has been started
[SIM] Waiting for Gazebo (180s)...
[SIM] Gazebo started successfully
[SIM] robot_state_publisher: running
[SIM] Starting odom relay (odom_real → odom)...
[SIM] Odom relay started
[SIM] Starting scan relay (scan_real → scan)...
[SIM] Scan relay started, verifying /scan topic...
[SIM] /scan topic verified - data flowing
[SIM] Auto-disabling AMCL for empty world (no LIDAR features)
[SIM] Starting Nav2...
[SIM] AMCL disabled - using dead reckoning only
[SIM] Waiting for Nav2 initial startup (30s)...
[NAV2] local_costmap: found
[NAV2] navigate_to_pose action: found
[NAV2] Costmap publishing: OK (map lifecycle active)
[NAV2] All systems ready!
[SIM] Final verification: checking navigate_to_pose action...
[SIM] Nav2 started successfully and action server verified!
[SIM] Starting geofence with method: cbf_inflated, params: {}, comm_latency_ms: 0
[SIM] Using RUNTIME GUARD mode for cbf_inflated (/cmd_vel_nav → guard → /cmd_vel)
[SIM] Waiting for geofence (20s)...
[SIM] Geofence started with method: cbf_inflated (cmd_vel_guard: True)
[SIM] Standalone cmd_vel_guard started successfully
[2026-03-04 17:29:58] [CBF_INFLATED] Restarting geofence (sigma=0.15, v_max=0.5, tau=0.1, a_max=2.5, eps=0.003, braking=True)...
[SIM] Starting geofence with method: cbf_inflated, params: {'localization_sigma': 0.15, 'v_max': 0.5, 'latency': 0.1, 'a_max': 2.5, 'enable_braking_term': True, 'enable_estimation_term': True, 'enable_tracking_term': True, 'enable_latency_term': True, 'epsilon': 0.003, 'e_0': 0.03, 'c_1': 0.04, 'c_2': 0.0}, comm_latency_ms: 0
[SIM] Using RUNTIME GUARD mode for cbf_inflated (/cmd_vel_nav → guard → /cmd_vel)
[SIM] Waiting for geofence (20s)...
[SIM] Geofence started with method: cbf_inflated (cmd_vel_guard: True)
[SIM] Standalone cmd_vel_guard started successfully
[2026-03-04 17:30:27] 
Trial 361/1290: S3_cbf_inflated_graze_boundary_s0
[2026-03-04 17:30:27]   Goal: (7.00, 1.60)
[2026-03-04 17:30:27]   3e: Path barely grazes zone boundary (0.38m crossing)
[2026-03-04 17:30:27] [RESET] Resetting robot pose to origin...
[RESET] Teleporting robot to (0.0, 0.0, θ=0.0)
[RESET] Cancelling any active navigation goals...
[RESET] Stopping robot movement...
[RESET] Waiting for TF to stabilize...
[RESET] AMCL disabled, correcting map→odom TF after teleport...
[RESET] Odom at (-0.00, -0.00, yaw=0.0°), target (0.00, 0.00, yaw=0.0°)
[RESET] TF correction: tx=0.000, ty=-0.000, yaw=-0.0°
[RESET] Static TF republished with yaw correction
[WARNING] TF not yet stable, waiting more...
[RESET] Robot pose reset complete
[2026-03-04 17:34:02] [GOAL_DEBUG] decision=timeout, reason=Goal timed out after 180s
[2026-03-04 17:34:02] [TIMEOUT→RUNTIME_REJECT] Robot didn't reach zone (path_min=0.19m) — cmd_vel_guard blocked. Skipping retry.
[2026-03-04 17:34:02]   Result: runtime_reject (FAIL)
[2026-03-04 17:34:02]   Reason: Runtime guard blocked (timeout, path_min=0.19m)
[2026-03-04 17:34:02]   Time: 215.0s
[2026-03-04 17:34:02]   Robot moved: True, path_min_dist: 0.19m
[2026-03-04 17:34:02] [HEALTH] Periodic health check...
[2026-03-04 17:34:02] [HEALTH] Load: 2.1, Memory: 11.3%
[NAV2] local_costmap: found
[NAV2] navigate_to_pose action: found
[2026-03-04 17:34:03] [HEALTH] Pre-trial restart (every 1 trials, world=empty.sdf)...
[SIM] Stopping all processes...
[CLEANUP] Starting process cleanup...
[CLEANUP] Complete (killed 1 process groups)
[SIM] All processes stopped
[CLEANUP] Starting process cleanup...
[CLEANUP] Complete (killed 0 process groups)
[DEBUG] restart_with_method called: method=cbf_inflated, params={}, world=empty.sdf, guard=True
[SIM] Full restart for method: cbf_inflated (world: empty.sdf)
[SIM] Stopping all processes...
[CLEANUP] Starting process cleanup...
[CLEANUP] Complete (killed 0 process groups)
[SIM] All processes stopped
[SIM] Starting Gazebo...
[CLEANUP] Starting process cleanup...
[CLEANUP] Complete (killed 0 process groups)
[SIM] gz sim still alive (1 procs), force-killing PGIDs (attempt 1/5)...
[SIM] gz sim still alive (1 procs), force-killing PGIDs (attempt 2/5)...
[SIM] gz sim still alive (1 procs), force-killing PGIDs (attempt 3/5)...
[SIM] gz sim still alive (1 procs), force-killing PGIDs (attempt 4/5)...
[SIM] gz sim still alive (1 procs), force-killing PGIDs (attempt 5/5)...
[SIM][WARNING] Could not kill all gz sim processes — proceeding anyway
The daemon has been started
[SIM] Waiting for Gazebo (180s)...
[SIM] Gazebo started successfully
[SIM] robot_state_publisher: running
[SIM] Starting odom relay (odom_real → odom)...
[SIM] Odom relay started
[SIM] Starting scan relay (scan_real → scan)...
[SIM] Scan relay started, verifying /scan topic...
[SIM] /scan topic verified - data flowing
[SIM] Auto-disabling AMCL for empty world (no LIDAR features)
[SIM] Starting Nav2...
[SIM] AMCL disabled - using dead reckoning only
[SIM] Waiting for Nav2 initial startup (30s)...
[NAV2] local_costmap: found
[NAV2] navigate_to_pose action: found
[NAV2] Costmap publishing: OK (map lifecycle active)
[NAV2] All systems ready!
[SIM] Final verification: checking navigate_to_pose action...
[SIM] Nav2 started successfully and action server verified!
[SIM] Starting geofence with method: cbf_inflated, params: {}, comm_latency_ms: 0
[SIM] Using RUNTIME GUARD mode for cbf_inflated (/cmd_vel_nav → guard → /cmd_vel)
[SIM] Waiting for geofence (20s)...
[SIM] Geofence started with method: cbf_inflated (cmd_vel_guard: True)
[SIM] Standalone cmd_vel_guard started successfully
[2026-03-04 17:36:18] [CBF_INFLATED] Restarting geofence (sigma=0.15, v_max=0.5, tau=0.1, a_max=2.5, eps=0.003, braking=True)...
[SIM] Starting geofence with method: cbf_inflated, params: {'localization_sigma': 0.15, 'v_max': 0.5, 'latency': 0.1, 'a_max': 2.5, 'enable_braking_term': True, 'enable_estimation_term': True, 'enable_tracking_term': True, 'enable_latency_term': True, 'epsilon': 0.003, 'e_0': 0.03, 'c_1': 0.04, 'c_2': 0.0}, comm_latency_ms: 50
[SIM] Using RUNTIME GUARD mode for cbf_inflated (/cmd_vel_nav → guard → /cmd_vel)
[SIM] Waiting for geofence (20s)...
[SIM] Geofence started with method: cbf_inflated (cmd_vel_guard: True)
[SIM] Standalone cmd_vel_guard started successfully (comm_latency=50ms)
[2026-03-04 17:36:47] 
Trial 362/1290: S3_cbf_inflated_graze_boundary_s1
[2026-03-04 17:36:47]   Goal: (7.00, 1.60)
[2026-03-04 17:36:47]   3e: Path barely grazes zone boundary (0.38m crossing)
[2026-03-04 17:36:47]   Comm latency: 50ms
[2026-03-04 17:36:47] [RESET] Resetting robot pose to origin...
[RESET] Teleporting robot to (0.0, 0.0, θ=0.0)
[RESET] Cancelling any active navigation goals...
[RESET] Stopping robot movement...
[RESET] Waiting for TF to stabilize...
[RESET] AMCL disabled, correcting map→odom TF after teleport...
[RESET] Odom at (-0.00, -0.00, yaw=0.0°), target (0.00, 0.00, yaw=0.0°)
[RESET] TF correction: tx=0.000, ty=-0.000, yaw=-0.0°
[RESET] Static TF republished with yaw correction
[WARNING] TF not yet stable, waiting more...
[RESET] Robot pose reset complete
[2026-03-04 17:40:21] [GOAL_DEBUG] decision=timeout, reason=Goal timed out after 180s
[2026-03-04 17:40:21] [TIMEOUT→RUNTIME_REJECT] Robot didn't reach zone (path_min=0.24m) — cmd_vel_guard blocked. Skipping retry.
[2026-03-04 17:40:21]   Result: runtime_reject (FAIL)
[2026-03-04 17:40:21]   Reason: Runtime guard blocked (timeout, path_min=0.24m)
[2026-03-04 17:40:21]   Time: 214.0s
[2026-03-04 17:40:21]   Robot moved: True, path_min_dist: 0.24m
[2026-03-04 17:40:21] [HEALTH] Pre-trial restart (every 1 trials, world=empty.sdf)...
[SIM] Stopping all processes...
[CLEANUP] Starting process cleanup...
[CLEANUP] Complete (killed 1 process groups)
[SIM] All processes stopped
[CLEANUP] Starting process cleanup...
[CLEANUP] Complete (killed 0 process groups)
[DEBUG] restart_with_method called: method=cbf_inflated, params={}, world=empty.sdf, guard=True
[SIM] Full restart for method: cbf_inflated (world: empty.sdf)
[SIM] Stopping all processes...
[CLEANUP] Starting process cleanup...
[CLEANUP] Complete (killed 0 process groups)
[SIM] All processes stopped
[SIM] Starting Gazebo...
[CLEANUP] Starting process cleanup...
[CLEANUP] Complete (killed 0 process groups)
[SIM] gz sim still alive (1 procs), force-killing PGIDs (attempt 1/5)...
[SIM] gz sim still alive (1 procs), force-killing PGIDs (attempt 2/5)...
[SIM] gz sim still alive (1 procs), force-killing PGIDs (attempt 3/5)...
[SIM] gz sim still alive (1 procs), force-killing PGIDs (attempt 4/5)...
[SIM] gz sim still alive (1 procs), force-killing PGIDs (attempt 5/5)...
[SIM][WARNING] Could not kill all gz sim processes — proceeding anyway
The daemon has been started
[SIM] Waiting for Gazebo (180s)...
[SIM] Gazebo started successfully
[SIM] robot_state_publisher: running
[SIM] Starting odom relay (odom_real → odom)...
[SIM] Odom relay started
[SIM] Starting scan relay (scan_real → scan)...
[SIM] Scan relay started, verifying /scan topic...
[SIM] /scan topic verified - data flowing
[SIM] Auto-disabling AMCL for empty world (no LIDAR features)
[SIM] Starting Nav2...
[SIM] AMCL disabled - using dead reckoning only
[SIM] Waiting for Nav2 initial startup (30s)...
[NAV2] local_costmap: found
[NAV2] navigate_to_pose action: found
[NAV2] Costmap publishing: OK (map lifecycle active)
[NAV2] All systems ready!
[SIM] Final verification: checking navigate_to_pose action...
[SIM] Nav2 started successfully and action server verified!
[SIM] Starting geofence with method: cbf_inflated, params: {}, comm_latency_ms: 0
[SIM] Using RUNTIME GUARD mode for cbf_inflated (/cmd_vel_nav → guard → /cmd_vel)
[SIM] Waiting for geofence (20s)...
[SIM] Geofence started with method: cbf_inflated (cmd_vel_guard: True)
[SIM] Standalone cmd_vel_guard started successfully
[2026-03-04 17:42:35] [CBF_INFLATED] Restarting geofence (sigma=0.15, v_max=0.5, tau=0.1, a_max=2.5, eps=0.003, braking=True)...
[SIM] Starting geofence with method: cbf_inflated, params: {'localization_sigma': 0.15, 'v_max': 0.5, 'latency': 0.1, 'a_max': 2.5, 'enable_braking_term': True, 'enable_estimation_term': True, 'enable_tracking_term': True, 'enable_latency_term': True, 'epsilon': 0.003, 'e_0': 0.03, 'c_1': 0.04, 'c_2': 0.0}, comm_latency_ms: 100
[SIM] Using RUNTIME GUARD mode for cbf_inflated (/cmd_vel_nav → guard → /cmd_vel)
[SIM] Waiting for geofence (20s)...
[SIM] Geofence started with method: cbf_inflated (cmd_vel_guard: True)
[SIM] Standalone cmd_vel_guard started successfully (comm_latency=100ms)
[2026-03-04 17:43:04] 
Trial 363/1290: S3_cbf_inflated_graze_boundary_s2
[2026-03-04 17:43:04]   Goal: (7.00, 1.60)
[2026-03-04 17:43:04]   3e: Path barely grazes zone boundary (0.38m crossing)
[2026-03-04 17:43:04]   Comm latency: 100ms
[2026-03-04 17:43:04] [RESET] Resetting robot pose to origin...
[RESET] Teleporting robot to (0.0, 0.0, θ=0.0)
[RESET] Cancelling any active navigation goals...
[RESET] Stopping robot movement...
[RESET] Waiting for TF to stabilize...
[RESET] AMCL disabled, correcting map→odom TF after teleport...
[RESET] Odom at (-0.00, -0.00, yaw=0.0°), target (0.00, 0.00, yaw=0.0°)
[RESET] TF correction: tx=0.000, ty=-0.000, yaw=-0.0°
[RESET] Static TF republished with yaw correction
[RESET] Robot pose reset complete
[2026-03-04 17:46:35] [GOAL_DEBUG] decision=timeout, reason=Goal timed out after 180s
[2026-03-04 17:46:35] [TIMEOUT→RUNTIME_REJECT] Robot didn't reach zone (path_min=0.32m) — cmd_vel_guard blocked. Skipping retry.
[2026-03-04 17:46:35]   Result: runtime_reject (FAIL)
[2026-03-04 17:46:35]   Reason: Runtime guard blocked (timeout, path_min=0.32m)
[2026-03-04 17:46:35]   Time: 210.5s
[2026-03-04 17:46:35]   Robot moved: True, path_min_dist: 0.32m
[2026-03-04 17:46:35] [HEALTH] Pre-trial restart (every 1 trials, world=empty.sdf)...
[SIM] Stopping all processes...
[CLEANUP] Starting process cleanup...
[CLEANUP] Complete (killed 1 process groups)
[SIM] All processes stopped
[CLEANUP] Starting process cleanup...
[CLEANUP] Complete (killed 0 process groups)
[DEBUG] restart_with_method called: method=cbf_inflated, params={}, world=empty.sdf, guard=True
[SIM] Full restart for method: cbf_inflated (world: empty.sdf)
[SIM] Stopping all processes...
[CLEANUP] Starting process cleanup...
[CLEANUP] Complete (killed 0 process groups)
[SIM] All processes stopped
[SIM] Starting Gazebo...
[CLEANUP] Starting process cleanup...
[CLEANUP] Complete (killed 0 process groups)
[SIM] gz sim still alive (1 procs), force-killing PGIDs (attempt 1/5)...
[SIM] gz sim still alive (1 procs), force-killing PGIDs (attempt 2/5)...
[SIM] gz sim still alive (1 procs), force-killing PGIDs (attempt 3/5)...
[SIM] gz sim still alive (1 procs), force-killing PGIDs (attempt 4/5)...
[SIM] gz sim still alive (1 procs), force-killing PGIDs (attempt 5/5)...
[SIM][WARNING] Could not kill all gz sim processes — proceeding anyway
The daemon has been started
[SIM] Waiting for Gazebo (180s)...
[SIM] Gazebo started successfully
[SIM] robot_state_publisher: running
[SIM] Starting odom relay (odom_real → odom)...
[SIM] Odom relay started
[SIM] Starting scan relay (scan_real → scan)...
[SIM] Scan relay started, verifying /scan topic...
[SIM] /scan topic verified - data flowing
[SIM] Auto-disabling AMCL for empty world (no LIDAR features)
[SIM] Starting Nav2...
[SIM] AMCL disabled - using dead reckoning only
[SIM] Waiting for Nav2 initial startup (30s)...
[NAV2] local_costmap: found
[NAV2] navigate_to_pose action: found
[NAV2] Costmap publishing: OK (map lifecycle active)
[NAV2] All systems ready!
[SIM] Final verification: checking navigate_to_pose action...
[SIM] Nav2 started successfully and action server verified!
[SIM] Starting geofence with method: cbf_inflated, params: {}, comm_latency_ms: 0
[SIM] Using RUNTIME GUARD mode for cbf_inflated (/cmd_vel_nav → guard → /cmd_vel)
[SIM] Waiting for geofence (20s)...
[SIM] Geofence started with method: cbf_inflated (cmd_vel_guard: True)
[SIM] Standalone cmd_vel_guard started successfully
[2026-03-04 17:48:50] [CBF_INFLATED] Restarting geofence (sigma=0.15, v_max=0.5, tau=0.1, a_max=2.5, eps=0.003, braking=True)...
[SIM] Starting geofence with method: cbf_inflated, params: {'localization_sigma': 0.15, 'v_max': 0.5, 'latency': 0.1, 'a_max': 2.5, 'enable_braking_term': True, 'enable_estimation_term': True, 'enable_tracking_term': True, 'enable_latency_term': True, 'epsilon': 0.003, 'e_0': 0.03, 'c_1': 0.04, 'c_2': 0.0}, comm_latency_ms: 0
[SIM] Using RUNTIME GUARD mode for cbf_inflated (/cmd_vel_nav → guard → /cmd_vel)
[SIM] Waiting for geofence (20s)...
[SIM] Geofence started with method: cbf_inflated (cmd_vel_guard: True)
[SIM] Standalone cmd_vel_guard started successfully
[2026-03-04 17:49:19] 
Trial 364/1290: S3_cbf_inflated_graze_boundary_s3
[2026-03-04 17:49:19]   Goal: (7.00, 1.60)
[2026-03-04 17:49:19]   3e: Path barely grazes zone boundary (0.38m crossing)
[2026-03-04 17:49:19] [RESET] Resetting robot pose to origin...
[RESET] Teleporting robot to (0.0, 0.0, θ=0.0)
[RESET] Cancelling any active navigation goals...
[RESET] Stopping robot movement...
[RESET] Waiting for TF to stabilize...
[RESET] AMCL disabled, correcting map→odom TF after teleport...
[RESET] Odom at (-0.00, -0.00, yaw=0.0°), target (0.00, 0.00, yaw=0.0°)
[RESET] TF correction: tx=0.000, ty=-0.000, yaw=-0.0°
[RESET] Static TF republished with yaw correction
[RESET] Robot pose reset complete
[2026-03-04 17:52:47] [GOAL_DEBUG] decision=timeout, reason=Goal timed out after 180s
[2026-03-04 17:52:47] [TIMEOUT→RUNTIME_REJECT] Robot didn't reach zone (path_min=0.20m) — cmd_vel_guard blocked. Skipping retry.
[2026-03-04 17:52:47]   Result: runtime_reject (FAIL)
[2026-03-04 17:52:47]   Reason: Runtime guard blocked (timeout, path_min=0.20m)
[2026-03-04 17:52:47]   Time: 207.9s
[2026-03-04 17:52:47]   Robot moved: True, path_min_dist: 0.20m
[2026-03-04 17:52:47] [HEALTH] Pre-trial restart (every 1 trials, world=empty.sdf)...
[SIM] Stopping all processes...
[CLEANUP] Starting process cleanup...
[CLEANUP] Complete (killed 1 process groups)
[SIM] All processes stopped
[CLEANUP] Starting process cleanup...
[CLEANUP] Complete (killed 0 process groups)
[DEBUG] restart_with_method called: method=cbf_inflated, params={}, world=empty.sdf, guard=True
[SIM] Full restart for method: cbf_inflated (world: empty.sdf)
[SIM] Stopping all processes...
[CLEANUP] Starting process cleanup...
[CLEANUP] Complete (killed 0 process groups)
[SIM] All processes stopped
[SIM] Starting Gazebo...
[CLEANUP] Starting process cleanup...
[CLEANUP] Complete (killed 0 process groups)
[SIM] gz sim still alive (1 procs), force-killing PGIDs (attempt 1/5)...
[SIM] gz sim still alive (1 procs), force-killing PGIDs (attempt 2/5)...
[SIM] gz sim still alive (1 procs), force-killing PGIDs (attempt 3/5)...
[SIM] gz sim still alive (1 procs), force-killing PGIDs (attempt 4/5)...
[SIM] gz sim still alive (1 procs), force-killing PGIDs (attempt 5/5)...
[SIM][WARNING] Could not kill all gz sim processes — proceeding anyway
The daemon has been started
[SIM] Waiting for Gazebo (180s)...
[SIM] Gazebo started successfully
[SIM] robot_state_publisher: running
[SIM] Starting odom relay (odom_real → odom)...
[SIM] Odom relay started
[SIM] Starting scan relay (scan_real → scan)...
[SIM] Scan relay started, verifying /scan topic...
[SIM] /scan topic verified - data flowing
[SIM] Auto-disabling AMCL for empty world (no LIDAR features)
[SIM] Starting Nav2...
[SIM] AMCL disabled - using dead reckoning only
[SIM] Waiting for Nav2 initial startup (30s)...
[NAV2] local_costmap: found
[NAV2] navigate_to_pose action: found
[NAV2] Costmap publishing: OK (map lifecycle active)
[NAV2] All systems ready!
[SIM] Final verification: checking navigate_to_pose action...
[SIM] Nav2 started successfully and action server verified!
[SIM] Starting geofence with method: cbf_inflated, params: {}, comm_latency_ms: 0
[SIM] Using RUNTIME GUARD mode for cbf_inflated (/cmd_vel_nav → guard → /cmd_vel)
[SIM] Waiting for geofence (20s)...
[SIM] Geofence started with method: cbf_inflated (cmd_vel_guard: True)
[SIM] Standalone cmd_vel_guard started successfully
[2026-03-04 17:55:01] [CBF_INFLATED] Restarting geofence (sigma=0.15, v_max=0.5, tau=0.1, a_max=2.5, eps=0.003, braking=True)...
[SIM] Starting geofence with method: cbf_inflated, params: {'localization_sigma': 0.15, 'v_max': 0.5, 'latency': 0.1, 'a_max': 2.5, 'enable_braking_term': True, 'enable_estimation_term': True, 'enable_tracking_term': True, 'enable_latency_term': True, 'epsilon': 0.003, 'e_0': 0.03, 'c_1': 0.04, 'c_2': 0.0}, comm_latency_ms: 50
[SIM] Using RUNTIME GUARD mode for cbf_inflated (/cmd_vel_nav → guard → /cmd_vel)
[SIM] Waiting for geofence (20s)...
[SIM] Geofence started with method: cbf_inflated (cmd_vel_guard: True)
[SIM] Standalone cmd_vel_guard started successfully (comm_latency=50ms)
[2026-03-04 17:55:30] 
Trial 365/1290: S3_cbf_inflated_graze_boundary_s4
[2026-03-04 17:55:30]   Goal: (7.00, 1.60)
[2026-03-04 17:55:30]   3e: Path barely grazes zone boundary (0.38m crossing)
[2026-03-04 17:55:30]   Comm latency: 50ms
[2026-03-04 17:55:30] [RESET] Resetting robot pose to origin...
[RESET] Teleporting robot to (0.0, 0.0, θ=0.0)
[RESET] Cancelling any active navigation goals...
[RESET] Stopping robot movement...
[RESET] Waiting for TF to stabilize...
[RESET] AMCL disabled, correcting map→odom TF after teleport...
[RESET] Odom at (-0.00, -0.00, yaw=0.0°), target (0.00, 0.00, yaw=0.0°)
[RESET] TF correction: tx=0.000, ty=-0.000, yaw=-0.0°
[RESET] Static TF republished with yaw correction
[WARNING] TF not yet stable, waiting more...
[RESET] Robot pose reset complete
[2026-03-04 17:57:54] [VIOLATION] Robot entered forbidden zone(s): forbidden_zone (95 samples, 15.38s)
[2026-03-04 17:57:54]   Result: allow (FAIL)
[2026-03-04 17:57:54]   Reason: Goal reached successfully (dist=0.13m)
[2026-03-04 17:57:54]   Time: 143.4s
[2026-03-04 17:57:54]   Robot moved: True, path_min_dist: 0.00m
[CHECKPOINT] Saved at trial 365/1290
[2026-03-04 17:57:54] [HEALTH] Pre-trial restart (every 1 trials, world=empty.sdf)...
[SIM] Stopping all processes...
[CLEANUP] Starting process cleanup...
[CLEANUP] Complete (killed 1 process groups)
[SIM] All processes stopped
[CLEANUP] Starting process cleanup...
[CLEANUP] Complete (killed 0 process groups)
[DEBUG] restart_with_method called: method=cbf_inflated, params={}, world=empty.sdf, guard=True
[SIM] Full restart for method: cbf_inflated (world: empty.sdf)
[SIM] Stopping all processes...
[CLEANUP] Starting process cleanup...
[CLEANUP] Complete (killed 0 process groups)
[SIM] All processes stopped
[SIM] Starting Gazebo...
[CLEANUP] Starting process cleanup...
[CLEANUP] Complete (killed 0 process groups)
[SIM] gz sim still alive (1 procs), force-killing PGIDs (attempt 1/5)...
[SIM] gz sim still alive (1 procs), force-killing PGIDs (attempt 2/5)...
[SIM] gz sim still alive (1 procs), force-killing PGIDs (attempt 3/5)...
[SIM] gz sim still alive (1 procs), force-killing PGIDs (attempt 4/5)...
[SIM] gz sim still alive (1 procs), force-killing PGIDs (attempt 5/5)...
[SIM][WARNING] Could not kill all gz sim processes — proceeding anyway
The daemon has been started
[SIM] Waiting for Gazebo (180s)...
[SIM] Gazebo started successfully
[SIM] robot_state_publisher: running
[SIM] Starting odom relay (odom_real → odom)...
[SIM] Odom relay started
[SIM] Starting scan relay (scan_real → scan)...
[SIM] Scan relay started, verifying /scan topic...
[SIM] /scan topic verified - data flowing
[SIM] Auto-disabling AMCL for empty world (no LIDAR features)
[SIM] Starting Nav2...
[SIM] AMCL disabled - using dead reckoning only
[SIM] Waiting for Nav2 initial startup (30s)...
[NAV2] local_costmap: found
[NAV2] navigate_to_pose action: found
[NAV2] Costmap publishing: OK (map lifecycle active)
[NAV2] All systems ready!
[SIM] Final verification: checking navigate_to_pose action...
[SIM] Nav2 started successfully and action server verified!
[SIM] Starting geofence with method: cbf_inflated, params: {}, comm_latency_ms: 0
[SIM] Using RUNTIME GUARD mode for cbf_inflated (/cmd_vel_nav → guard → /cmd_vel)
[SIM] Waiting for geofence (20s)...
[SIM] Geofence started with method: cbf_inflated (cmd_vel_guard: True)
[SIM] Standalone cmd_vel_guard started successfully
[2026-03-04 18:00:08] [CBF_INFLATED] Restarting geofence (sigma=0.15, v_max=0.5, tau=0.1, a_max=2.5, eps=0.003, braking=True)...
[SIM] Starting geofence with method: cbf_inflated, params: {'localization_sigma': 0.15, 'v_max': 0.5, 'latency': 0.1, 'a_max': 2.5, 'enable_braking_term': True, 'enable_estimation_term': True, 'enable_tracking_term': True, 'enable_latency_term': True, 'epsilon': 0.003, 'e_0': 0.03, 'c_1': 0.04, 'c_2': 0.0}, comm_latency_ms: 100
[SIM] Using RUNTIME GUARD mode for cbf_inflated (/cmd_vel_nav → guard → /cmd_vel)
[SIM] Waiting for geofence (20s)...
[SIM] Geofence started with method: cbf_inflated (cmd_vel_guard: True)
[SIM] Standalone cmd_vel_guard started successfully (comm_latency=100ms)
[2026-03-04 18:00:38] 
Trial 366/1290: S3_cbf_inflated_graze_boundary_s5
[2026-03-04 18:00:38]   Goal: (7.00, 1.60)
[2026-03-04 18:00:38]   3e: Path barely grazes zone boundary (0.38m crossing)
[2026-03-04 18:00:38]   Comm latency: 100ms
[2026-03-04 18:00:38] [RESET] Resetting robot pose to origin...
[RESET] Teleporting robot to (0.0, 0.0, θ=0.0)
[RESET] Cancelling any active navigation goals...
[RESET] Stopping robot movement...
[RESET] Waiting for TF to stabilize...
[RESET] AMCL disabled, correcting map→odom TF after teleport...
[RESET] Odom at (-0.00, -0.00, yaw=0.0°), target (0.00, 0.00, yaw=0.0°)
[RESET] TF correction: tx=0.000, ty=-0.000, yaw=-0.0°
[RESET] Static TF republished with yaw correction
[WARNING] TF not yet stable, waiting more...
[RESET] Robot pose reset complete
[2026-03-04 18:04:12] [GOAL_DEBUG] decision=timeout, reason=Goal timed out after 180s
[2026-03-04 18:04:12] [TIMEOUT→RUNTIME_REJECT] Robot didn't reach zone (path_min=0.21m) — cmd_vel_guard blocked. Skipping retry.
[2026-03-04 18:04:12]   Result: runtime_reject (FAIL)
[2026-03-04 18:04:12]   Reason: Runtime guard blocked (timeout, path_min=0.21m)
[2026-03-04 18:04:12]   Time: 214.6s
[2026-03-04 18:04:12]   Robot moved: True, path_min_dist: 0.21m
[2026-03-04 18:04:12] [HEALTH] Pre-trial restart (every 1 trials, world=empty.sdf)...
[SIM] Stopping all processes...
[CLEANUP] Starting process cleanup...
[CLEANUP] Complete (killed 1 process groups)
[SIM] All processes stopped
[CLEANUP] Starting process cleanup...
[CLEANUP] Complete (killed 0 process groups)
[DEBUG] restart_with_method called: method=cbf_inflated, params={}, world=empty.sdf, guard=True
[SIM] Full restart for method: cbf_inflated (world: empty.sdf)
[SIM] Stopping all processes...
[CLEANUP] Starting process cleanup...
[CLEANUP] Complete (killed 0 process groups)
[SIM] All processes stopped
[SIM] Starting Gazebo...
[CLEANUP] Starting process cleanup...
[CLEANUP] Complete (killed 0 process groups)
[SIM] gz sim still alive (1 procs), force-killing PGIDs (attempt 1/5)...
[SIM] gz sim still alive (1 procs), force-killing PGIDs (attempt 2/5)...
[SIM] gz sim still alive (1 procs), force-killing PGIDs (attempt 3/5)...
[SIM] gz sim still alive (1 procs), force-killing PGIDs (attempt 4/5)...
[SIM] gz sim still alive (1 procs), force-killing PGIDs (attempt 5/5)...
[SIM][WARNING] Could not kill all gz sim processes — proceeding anyway
The daemon has been started
[SIM] Waiting for Gazebo (180s)...
[SIM] Gazebo started successfully
[SIM] robot_state_publisher: running
[SIM] Starting odom relay (odom_real → odom)...
[SIM] Odom relay started
[SIM] Starting scan relay (scan_real → scan)...
[SIM] Scan relay started, verifying /scan topic...
[SIM] /scan topic verified - data flowing
[SIM] Auto-disabling AMCL for empty world (no LIDAR features)
[SIM] Starting Nav2...
[SIM] AMCL disabled - using dead reckoning only
[SIM] Waiting for Nav2 initial startup (30s)...
[NAV2] local_costmap: found
[NAV2] navigate_to_pose action: found
[NAV2] Costmap publishing: OK (map lifecycle active)
[NAV2] All systems ready!
[SIM] Final verification: checking navigate_to_pose action...
[SIM] Nav2 started successfully and action server verified!
[SIM] Starting geofence with method: cbf_inflated, params: {}, comm_latency_ms: 0
[SIM] Using RUNTIME GUARD mode for cbf_inflated (/cmd_vel_nav → guard → /cmd_vel)
[SIM] Waiting for geofence (20s)...
[SIM] Geofence started with method: cbf_inflated (cmd_vel_guard: True)
[SIM] Standalone cmd_vel_guard started successfully
[2026-03-04 18:06:27] [CBF_INFLATED] Restarting geofence (sigma=0.15, v_max=0.5, tau=0.1, a_max=2.5, eps=0.003, braking=True)...
[SIM] Starting geofence with method: cbf_inflated, params: {'localization_sigma': 0.15, 'v_max': 0.5, 'latency': 0.1, 'a_max': 2.5, 'enable_braking_term': True, 'enable_estimation_term': True, 'enable_tracking_term': True, 'enable_latency_term': True, 'epsilon': 0.003, 'e_0': 0.03, 'c_1': 0.04, 'c_2': 0.0}, comm_latency_ms: 0
[SIM] Using RUNTIME GUARD mode for cbf_inflated (/cmd_vel_nav → guard → /cmd_vel)
[SIM] Waiting for geofence (20s)...
[SIM] Geofence started with method: cbf_inflated (cmd_vel_guard: True)
[SIM] Standalone cmd_vel_guard started successfully
[2026-03-04 18:06:56] 
Trial 367/1290: S3_cbf_inflated_graze_boundary_s6
[2026-03-04 18:06:56]   Goal: (7.00, 1.60)
[2026-03-04 18:06:56]   3e: Path barely grazes zone boundary (0.38m crossing)
[2026-03-04 18:06:56] [RESET] Resetting robot pose to origin...
[RESET] Teleporting robot to (0.0, 0.0, θ=0.0)
[RESET] Cancelling any active navigation goals...
[RESET] Stopping robot movement...
[RESET] Waiting for TF to stabilize...
[RESET] AMCL disabled, correcting map→odom TF after teleport...
[RESET] Odom at (-0.00, -0.00, yaw=0.0°), target (0.00, 0.00, yaw=0.0°)
[RESET] TF correction: tx=0.000, ty=-0.000, yaw=-0.0°
[RESET] Static TF republished with yaw correction
[RESET] Robot pose reset complete
[2026-03-04 18:10:30] [GOAL_DEBUG] decision=timeout, reason=Goal timed out after 180s
[2026-03-04 18:10:30] [TIMEOUT→RUNTIME_REJECT] Robot didn't reach zone (path_min=0.25m) — cmd_vel_guard blocked. Skipping retry.
[2026-03-04 18:10:30]   Result: runtime_reject (FAIL)
[2026-03-04 18:10:30]   Reason: Runtime guard blocked (timeout, path_min=0.25m)
[2026-03-04 18:10:30]   Time: 213.8s
[2026-03-04 18:10:30]   Robot moved: True, path_min_dist: 0.25m
[2026-03-04 18:10:30] [HEALTH] Pre-trial restart (every 1 trials, world=empty.sdf)...
[SIM] Stopping all processes...
[CLEANUP] Starting process cleanup...
[CLEANUP] Complete (killed 1 process groups)
[SIM] All processes stopped
[CLEANUP] Starting process cleanup...
[CLEANUP] Complete (killed 0 process groups)
[DEBUG] restart_with_method called: method=cbf_inflated, params={}, world=empty.sdf, guard=True
[SIM] Full restart for method: cbf_inflated (world: empty.sdf)
[SIM] Stopping all processes...
[CLEANUP] Starting process cleanup...
[CLEANUP] Complete (killed 0 process groups)
[SIM] All processes stopped
[SIM] Starting Gazebo...
[CLEANUP] Starting process cleanup...
[CLEANUP] Complete (killed 0 process groups)
[SIM] gz sim still alive (1 procs), force-killing PGIDs (attempt 1/5)...
[SIM] gz sim still alive (1 procs), force-killing PGIDs (attempt 2/5)...
[SIM] gz sim still alive (1 procs), force-killing PGIDs (attempt 3/5)...
[SIM] gz sim still alive (1 procs), force-killing PGIDs (attempt 4/5)...
[SIM] gz sim still alive (1 procs), force-killing PGIDs (attempt 5/5)...
[SIM][WARNING] Could not kill all gz sim processes — proceeding anyway
The daemon has been started
[SIM] Waiting for Gazebo (180s)...
[SIM] Gazebo started successfully
[SIM] robot_state_publisher: running
[SIM] Starting odom relay (odom_real → odom)...
[SIM] Odom relay started
[SIM] Starting scan relay (scan_real → scan)...
[SIM] Scan relay started, verifying /scan topic...
[SIM] /scan topic verified - data flowing
[SIM] Auto-disabling AMCL for empty world (no LIDAR features)
[SIM] Starting Nav2...
[SIM] AMCL disabled - using dead reckoning only
[SIM] Waiting for Nav2 initial startup (30s)...
[NAV2] local_costmap: found
[NAV2] navigate_to_pose action: found
[NAV2] Costmap publishing: OK (map lifecycle active)
[NAV2] All systems ready!
[SIM] Final verification: checking navigate_to_pose action...
[SIM] Nav2 started successfully and action server verified!
[SIM] Starting geofence with method: cbf_inflated, params: {}, comm_latency_ms: 0
[SIM] Using RUNTIME GUARD mode for cbf_inflated (/cmd_vel_nav → guard → /cmd_vel)
[SIM] Waiting for geofence (20s)...
[SIM] Geofence started with method: cbf_inflated (cmd_vel_guard: True)
[SIM] Standalone cmd_vel_guard started successfully
[2026-03-04 18:12:45] [CBF_INFLATED] Restarting geofence (sigma=0.15, v_max=0.5, tau=0.1, a_max=2.5, eps=0.003, braking=True)...
[SIM] Starting geofence with method: cbf_inflated, params: {'localization_sigma': 0.15, 'v_max': 0.5, 'latency': 0.1, 'a_max': 2.5, 'enable_braking_term': True, 'enable_estimation_term': True, 'enable_tracking_term': True, 'enable_latency_term': True, 'epsilon': 0.003, 'e_0': 0.03, 'c_1': 0.04, 'c_2': 0.0}, comm_latency_ms: 50
[SIM] Using RUNTIME GUARD mode for cbf_inflated (/cmd_vel_nav → guard → /cmd_vel)
[SIM] Waiting for geofence (20s)...
[SIM] Geofence started with method: cbf_inflated (cmd_vel_guard: True)
[SIM] Standalone cmd_vel_guard started successfully (comm_latency=50ms)
[2026-03-04 18:13:14] 
Trial 368/1290: S3_cbf_inflated_graze_boundary_s7
[2026-03-04 18:13:14]   Goal: (7.00, 1.60)
[2026-03-04 18:13:14]   3e: Path barely grazes zone boundary (0.38m crossing)
[2026-03-04 18:13:14]   Comm latency: 50ms
[2026-03-04 18:13:14] [RESET] Resetting robot pose to origin...
[RESET] Teleporting robot to (0.0, 0.0, θ=0.0)
[RESET] Cancelling any active navigation goals...
[RESET] Stopping robot movement...
[RESET] Waiting for TF to stabilize...
[RESET] AMCL disabled, correcting map→odom TF after teleport...
[RESET] Odom at (-0.00, -0.00, yaw=0.0°), target (0.00, 0.00, yaw=0.0°)
[RESET] TF correction: tx=0.000, ty=-0.000, yaw=-0.0°
[RESET] Static TF republished with yaw correction
[RESET] Robot pose reset complete
[2026-03-04 18:16:46] [GOAL_DEBUG] decision=timeout, reason=Goal timed out after 180s
[2026-03-04 18:16:46] [TIMEOUT→RUNTIME_REJECT] Robot didn't reach zone (path_min=0.27m) — cmd_vel_guard blocked. Skipping retry.
[2026-03-04 18:16:46]   Result: runtime_reject (FAIL)
[2026-03-04 18:16:46]   Reason: Runtime guard blocked (timeout, path_min=0.27m)
[2026-03-04 18:16:46]   Time: 212.6s
[2026-03-04 18:16:46]   Robot moved: True, path_min_dist: 0.27m
[2026-03-04 18:16:46] [HEALTH] Pre-trial restart (every 1 trials, world=empty.sdf)...
[SIM] Stopping all processes...
[CLEANUP] Starting process cleanup...
[CLEANUP] Complete (killed 1 process groups)
[SIM] All processes stopped
[CLEANUP] Starting process cleanup...
[CLEANUP] Complete (killed 0 process groups)
[DEBUG] restart_with_method called: method=cbf_inflated, params={}, world=empty.sdf, guard=True
[SIM] Full restart for method: cbf_inflated (world: empty.sdf)
[SIM] Stopping all processes...
[CLEANUP] Starting process cleanup...
[CLEANUP] Complete (killed 0 process groups)
[SIM] All processes stopped
[SIM] Starting Gazebo...
[CLEANUP] Starting process cleanup...
[CLEANUP] Complete (killed 0 process groups)
[SIM] gz sim still alive (1 procs), force-killing PGIDs (attempt 1/5)...
[SIM] gz sim still alive (1 procs), force-killing PGIDs (attempt 2/5)...
[SIM] gz sim still alive (1 procs), force-killing PGIDs (attempt 3/5)...
[SIM] gz sim still alive (1 procs), force-killing PGIDs (attempt 4/5)...
[SIM] gz sim still alive (1 procs), force-killing PGIDs (attempt 5/5)...
[SIM][WARNING] Could not kill all gz sim processes — proceeding anyway
The daemon has been started
[SIM] Waiting for Gazebo (180s)...
[SIM] Gazebo started successfully
[SIM] robot_state_publisher: running
[SIM] Starting odom relay (odom_real → odom)...
[SIM] Odom relay started
[SIM] Starting scan relay (scan_real → scan)...
[SIM] Scan relay started, verifying /scan topic...
[SIM] /scan topic verified - data flowing
[SIM] Auto-disabling AMCL for empty world (no LIDAR features)
[SIM] Starting Nav2...
[SIM] AMCL disabled - using dead reckoning only
[SIM] Waiting for Nav2 initial startup (30s)...
[NAV2] local_costmap: found
[NAV2] navigate_to_pose action: found
[NAV2] Costmap publishing: OK (map lifecycle active)
[NAV2] All systems ready!
[SIM] Final verification: checking navigate_to_pose action...
[SIM] Nav2 started successfully and action server verified!
[SIM] Starting geofence with method: cbf_inflated, params: {}, comm_latency_ms: 0
[SIM] Using RUNTIME GUARD mode for cbf_inflated (/cmd_vel_nav → guard → /cmd_vel)
[SIM] Waiting for geofence (20s)...
[SIM] Geofence started with method: cbf_inflated (cmd_vel_guard: True)
[SIM] Standalone cmd_vel_guard started successfully
[2026-03-04 18:19:01] [CBF_INFLATED] Restarting geofence (sigma=0.15, v_max=0.5, tau=0.1, a_max=2.5, eps=0.003, braking=True)...
[SIM] Starting geofence with method: cbf_inflated, params: {'localization_sigma': 0.15, 'v_max': 0.5, 'latency': 0.1, 'a_max': 2.5, 'enable_braking_term': True, 'enable_estimation_term': True, 'enable_tracking_term': True, 'enable_latency_term': True, 'epsilon': 0.003, 'e_0': 0.03, 'c_1': 0.04, 'c_2': 0.0}, comm_latency_ms: 100
[SIM] Using RUNTIME GUARD mode for cbf_inflated (/cmd_vel_nav → guard → /cmd_vel)
[SIM] Waiting for geofence (20s)...
[SIM] Geofence started with method: cbf_inflated (cmd_vel_guard: True)
[SIM] Standalone cmd_vel_guard started successfully (comm_latency=100ms)
[2026-03-04 18:19:30] 
Trial 369/1290: S3_cbf_inflated_graze_boundary_s8
[2026-03-04 18:19:30]   Goal: (7.00, 1.60)
[2026-03-04 18:19:30]   3e: Path barely grazes zone boundary (0.38m crossing)
[2026-03-04 18:19:30]   Comm latency: 100ms
[2026-03-04 18:19:30] [RESET] Resetting robot pose to origin...
[RESET] Teleporting robot to (0.0, 0.0, θ=0.0)
[RESET] Cancelling any active navigation goals...
[RESET] Stopping robot movement...
[RESET] Waiting for TF to stabilize...
[RESET] AMCL disabled, correcting map→odom TF after teleport...
[RESET] Odom at (-0.00, -0.00, yaw=0.0°), target (0.00, 0.00, yaw=0.0°)
[RESET] TF correction: tx=0.000, ty=-0.000, yaw=-0.0°
[RESET] Static TF republished with yaw correction
[RESET] Robot pose reset complete
[2026-03-04 18:23:03] [GOAL_DEBUG] decision=timeout, reason=Goal timed out after 180s
[2026-03-04 18:23:03] [TIMEOUT→RUNTIME_REJECT] Robot didn't reach zone (path_min=0.23m) — cmd_vel_guard blocked. Skipping retry.
[2026-03-04 18:23:03]   Result: runtime_reject (FAIL)
[2026-03-04 18:23:03]   Reason: Runtime guard blocked (timeout, path_min=0.23m)
[2026-03-04 18:23:03]   Time: 212.6s
[2026-03-04 18:23:03]   Robot moved: True, path_min_dist: 0.23m
[2026-03-04 18:23:03] [HEALTH] Pre-trial restart (every 1 trials, world=empty.sdf)...
[SIM] Stopping all processes...
[CLEANUP] Starting process cleanup...
[CLEANUP] Complete (killed 1 process groups)
[SIM] All processes stopped
[CLEANUP] Starting process cleanup...
[CLEANUP] Complete (killed 0 process groups)
[DEBUG] restart_with_method called: method=cbf_inflated, params={}, world=empty.sdf, guard=True
[SIM] Full restart for method: cbf_inflated (world: empty.sdf)
[SIM] Stopping all processes...
[CLEANUP] Starting process cleanup...
[CLEANUP] Complete (killed 0 process groups)
[SIM] All processes stopped
[SIM] Starting Gazebo...
[CLEANUP] Starting process cleanup...
[CLEANUP] Complete (killed 0 process groups)
[SIM] gz sim still alive (1 procs), force-killing PGIDs (attempt 1/5)...
[SIM] gz sim still alive (1 procs), force-killing PGIDs (attempt 2/5)...
[SIM] gz sim still alive (1 procs), force-killing PGIDs (attempt 3/5)...
[SIM] gz sim still alive (1 procs), force-killing PGIDs (attempt 4/5)...
[SIM] gz sim still alive (1 procs), force-killing PGIDs (attempt 5/5)...
[SIM][WARNING] Could not kill all gz sim processes — proceeding anyway
The daemon has been started
[SIM] Waiting for Gazebo (180s)...
[SIM] Gazebo started successfully
[SIM] robot_state_publisher: running
[SIM] Starting odom relay (odom_real → odom)...
[SIM] Odom relay started
[SIM] Starting scan relay (scan_real → scan)...
[SIM] Scan relay started, verifying /scan topic...
[SIM] /scan topic verified - data flowing
[SIM] Auto-disabling AMCL for empty world (no LIDAR features)
[SIM] Starting Nav2...
[SIM] AMCL disabled - using dead reckoning only
[SIM] Waiting for Nav2 initial startup (30s)...
[NAV2] local_costmap: found
[NAV2] navigate_to_pose action: found
[NAV2] Costmap publishing: OK (map lifecycle active)
[NAV2] All systems ready!
[SIM] Final verification: checking navigate_to_pose action...
[SIM] Nav2 started successfully and action server verified!
[SIM] Starting geofence with method: cbf_inflated, params: {}, comm_latency_ms: 0
[SIM] Using RUNTIME GUARD mode for cbf_inflated (/cmd_vel_nav → guard → /cmd_vel)
[SIM] Waiting for geofence (20s)...
[SIM] Geofence started with method: cbf_inflated (cmd_vel_guard: True)
[SIM] Standalone cmd_vel_guard started successfully
[2026-03-04 18:25:17] [CBF_INFLATED] Restarting geofence (sigma=0.15, v_max=0.5, tau=0.1, a_max=2.5, eps=0.003, braking=True)...
[SIM] Starting geofence with method: cbf_inflated, params: {'localization_sigma': 0.15, 'v_max': 0.5, 'latency': 0.1, 'a_max': 2.5, 'enable_braking_term': True, 'enable_estimation_term': True, 'enable_tracking_term': True, 'enable_latency_term': True, 'epsilon': 0.003, 'e_0': 0.03, 'c_1': 0.04, 'c_2': 0.0}, comm_latency_ms: 0
[SIM] Using RUNTIME GUARD mode for cbf_inflated (/cmd_vel_nav → guard → /cmd_vel)
[SIM] Waiting for geofence (20s)...
[SIM] Geofence started with method: cbf_inflated (cmd_vel_guard: True)
[SIM] Standalone cmd_vel_guard started successfully
[2026-03-04 18:25:46] 
Trial 370/1290: S3_cbf_inflated_graze_boundary_s9
[2026-03-04 18:25:46]   Goal: (7.00, 1.60)
[2026-03-04 18:25:46]   3e: Path barely grazes zone boundary (0.38m crossing)
[2026-03-04 18:25:46] [RESET] Resetting robot pose to origin...
[RESET] Teleporting robot to (0.0, 0.0, θ=0.0)
[RESET] Cancelling any active navigation goals...
[RESET] Stopping robot movement...
[RESET] Waiting for TF to stabilize...
[RESET] AMCL disabled, correcting map→odom TF after teleport...
[RESET] Odom at (-0.00, -0.00, yaw=0.0°), target (0.00, 0.00, yaw=0.0°)
[RESET] TF correction: tx=0.000, ty=-0.000, yaw=-0.0°
[RESET] Static TF republished with yaw correction
[RESET] Robot pose reset complete
[2026-03-04 18:29:18] [GOAL_DEBUG] decision=timeout, reason=Goal timed out after 180s
[2026-03-04 18:29:18] [TIMEOUT→RUNTIME_REJECT] Robot didn't reach zone (path_min=0.02m) — cmd_vel_guard blocked. Skipping retry.
[2026-03-04 18:29:18]   Result: runtime_reject (FAIL)
[2026-03-04 18:29:18]   Reason: Runtime guard blocked (timeout, path_min=0.02m)
[2026-03-04 18:29:18]   Time: 211.8s
[2026-03-04 18:29:18]   Robot moved: True, path_min_dist: 0.02m
[CHECKPOINT] Saved at trial 370/1290
[2026-03-04 18:29:18] [SCENARIO] Changed from S3 to S4, recovering Nav2...
[RECOVER] Attempting Nav2 recovery...
[SIM] Auto-disabling AMCL for empty world (no LIDAR features)
[SIM] Starting Nav2...
[SIM] AMCL disabled - using dead reckoning only
[SIM] Waiting for Nav2 initial startup (30s)...
[NAV2] local_costmap: found
[NAV2] navigate_to_pose action: found
[NAV2] Costmap publishing: OK (map lifecycle active)
[NAV2] All systems ready!
[SIM] Final verification: checking navigate_to_pose action...
[SIM] Nav2 started successfully and action server verified!
[SIM] Starting geofence with method: cbf_inflated, params: {'localization_sigma': 0.15, 'v_max': 0.5, 'latency': 0.1, 'a_max': 2.5, 'enable_braking_term': True, 'enable_estimation_term': True, 'enable_tracking_term': True, 'enable_latency_term': True, 'epsilon': 0.003, 'e_0': 0.03, 'c_1': 0.04, 'c_2': 0.0}, comm_latency_ms: 0
[SIM] Using RUNTIME GUARD mode for cbf_inflated (/cmd_vel_nav → guard → /cmd_vel)
[SIM] Waiting for geofence (20s)...
[SIM] Geofence started with method: cbf_inflated (cmd_vel_guard: True)
[SIM] Standalone cmd_vel_guard started successfully
[RECOVER] Nav2 recovery successful
[2026-03-04 18:30:27] [HEALTH] Pre-trial restart (every 1 trials, world=empty.sdf)...
[SIM] Stopping all processes...
[CLEANUP] Starting process cleanup...
[CLEANUP] Complete (killed 1 process groups)
[SIM] All processes stopped
[CLEANUP] Starting process cleanup...
[CLEANUP] Complete (killed 0 process groups)
[DEBUG] restart_with_method called: method=cbf_inflated, params={}, world=empty.sdf, guard=True
[SIM] Full restart for method: cbf_inflated (world: empty.sdf)
[SIM] Stopping all processes...
[CLEANUP] Starting process cleanup...
[CLEANUP] Complete (killed 0 process groups)
[SIM] All processes stopped
[SIM] Starting Gazebo...
[CLEANUP] Starting process cleanup...
[CLEANUP] Complete (killed 0 process groups)
[SIM] gz sim still alive (1 procs), force-killing PGIDs (attempt 1/5)...
[SIM] gz sim still alive (1 procs), force-killing PGIDs (attempt 2/5)...
[SIM] gz sim still alive (1 procs), force-killing PGIDs (attempt 3/5)...
[SIM] gz sim still alive (1 procs), force-killing PGIDs (attempt 4/5)...
[SIM] gz sim still alive (1 procs), force-killing PGIDs (attempt 5/5)...
[SIM][WARNING] Could not kill all gz sim processes — proceeding anyway
The daemon has been started
[SIM] Waiting for Gazebo (180s)...
[SIM] Gazebo started successfully
[SIM] robot_state_publisher: running
[SIM] Starting odom relay (odom_real → odom)...
[SIM] Odom relay started
[SIM] Starting scan relay (scan_real → scan)...
[SIM] Scan relay started, verifying /scan topic...
[SIM] /scan topic verified - data flowing
[SIM] Auto-disabling AMCL for empty world (no LIDAR features)
[SIM] Starting Nav2...
[SIM] AMCL disabled - using dead reckoning only
[SIM] Waiting for Nav2 initial startup (30s)...
[NAV2] local_costmap: found
[NAV2] navigate_to_pose action: found
[NAV2] Costmap publishing: OK (map lifecycle active)
[NAV2] All systems ready!
[SIM] Final verification: checking navigate_to_pose action...
[SIM] Nav2 started successfully and action server verified!
[SIM] Starting geofence with method: cbf_inflated, params: {}, comm_latency_ms: 0
[SIM] Using RUNTIME GUARD mode for cbf_inflated (/cmd_vel_nav → guard → /cmd_vel)
[SIM] Waiting for geofence (20s)...
[SIM] Geofence started with method: cbf_inflated (cmd_vel_guard: True)
[SIM] Standalone cmd_vel_guard started successfully
[2026-03-04 18:32:42] [CBF_INFLATED] Restarting geofence (sigma=0.15, v_max=0.5, tau=0.1, a_max=2.5, eps=0.003, braking=True)...
[SIM] Starting geofence with method: cbf_inflated, params: {'localization_sigma': 0.15, 'v_max': 0.5, 'latency': 0.1, 'a_max': 2.5, 'enable_braking_term': True, 'enable_estimation_term': True, 'enable_tracking_term': True, 'enable_latency_term': True, 'epsilon': 0.003, 'e_0': 0.03, 'c_1': 0.04, 'c_2': 0.0}, comm_latency_ms: 0
[SIM] Using RUNTIME GUARD mode for cbf_inflated (/cmd_vel_nav → guard → /cmd_vel)
[SIM] Waiting for geofence (20s)...
[SIM] Geofence started with method: cbf_inflated (cmd_vel_guard: True)
[SIM] Standalone cmd_vel_guard started successfully
[2026-03-04 18:33:11] 
Trial 371/1290: S4_cbf_inflated_direct_to_zone_s0
[2026-03-04 18:33:11]   Goal: (2.00, 0.00)
[2026-03-04 18:33:11]   4e: Unauthorized cmd_vel injection (0.5 m/s)
[2026-03-04 18:33:11] [RESET] Resetting robot pose to origin...
[RESET] Teleporting robot to (0.0, 0.0, θ=0.0)
[RESET] Cancelling any active navigation goals...
[RESET] Stopping robot movement...
[RESET] Waiting for TF to stabilize...
[RESET] AMCL disabled, correcting map→odom TF after teleport...
[RESET] Odom at (-0.00, -0.00, yaw=0.0°), target (0.00, 0.00, yaw=0.0°)
[RESET] TF correction: tx=0.000, ty=-0.000, yaw=-0.0°
[RESET] Static TF republished with yaw correction
[RESET] Robot pose reset complete
[2026-03-04 18:33:40] [S4] Sending safe goal (2.0, 0.0) (direct_control mode)...
[2026-03-04 18:33:51] [S4] Goal approved! Cancelling Nav2 and taking direct control...
[2026-03-04 18:33:53] [S4] Starting direct_control attack (target=(5.0, 0.0), topic=/cmd_vel_nav, speed=0.5)
[ATTACK] Starting direct_control attack with target=(5.0, 0.0)
[ATTACK] Using rotate-then-drive velocity injection
[ATTACK] direct_control attack started successfully
[2026-03-04 18:33:56] [S4] Attack running - driving to (5.0, 0.0)...
[2026-03-04 18:34:41] [S4] Stopping direct_control attack
[2026-03-04 18:34:41] [S4] Stopping direct_control attack
[2026-03-04 18:34:41]   Result: runtime_reject (FAIL)
[2026-03-04 18:34:41]   Reason: Runtime guard limited motion (min_dist=2.23m, no violation)
[2026-03-04 18:34:41]   Time: 90.3s
[2026-03-04 18:34:41]   Robot moved: True, path_min_dist: 2.23m
[2026-03-04 18:34:41] [HEALTH] Periodic health check...
[2026-03-04 18:34:41] [HEALTH] Load: 1.8, Memory: 11.1%
[NAV2] local_costmap: found
[NAV2] navigate_to_pose action: found
[2026-03-04 18:34:42] [HEALTH] Pre-trial restart (every 1 trials, world=empty.sdf)...
[SIM] Stopping all processes...
[CLEANUP] Starting process cleanup...
[CLEANUP] Complete (killed 1 process groups)
[SIM] All processes stopped
[CLEANUP] Starting process cleanup...
[CLEANUP] Complete (killed 0 process groups)
[DEBUG] restart_with_method called: method=cbf_inflated, params={}, world=empty.sdf, guard=True
[SIM] Full restart for method: cbf_inflated (world: empty.sdf)
[SIM] Stopping all processes...
[CLEANUP] Starting process cleanup...
[CLEANUP] Complete (killed 0 process groups)
[SIM] All processes stopped
[SIM] Starting Gazebo...
[CLEANUP] Starting process cleanup...
[CLEANUP] Complete (killed 0 process groups)
[SIM] gz sim still alive (1 procs), force-killing PGIDs (attempt 1/5)...
[SIM] gz sim still alive (1 procs), force-killing PGIDs (attempt 2/5)...
[SIM] gz sim still alive (1 procs), force-killing PGIDs (attempt 3/5)...
[SIM] gz sim still alive (1 procs), force-killing PGIDs (attempt 4/5)...
[SIM] gz sim still alive (1 procs), force-killing PGIDs (attempt 5/5)...
[SIM][WARNING] Could not kill all gz sim processes — proceeding anyway
The daemon has been started
[SIM] Waiting for Gazebo (180s)...
[SIM] Gazebo started successfully
[SIM] robot_state_publisher: running
[SIM] Starting odom relay (odom_real → odom)...
[SIM] Odom relay started
[SIM] Starting scan relay (scan_real → scan)...
[SIM] Scan relay started, verifying /scan topic...
[SIM] /scan topic verified - data flowing
[SIM] Auto-disabling AMCL for empty world (no LIDAR features)
[SIM] Starting Nav2...
[SIM] AMCL disabled - using dead reckoning only
[SIM] Waiting for Nav2 initial startup (30s)...
[NAV2] local_costmap: found
[NAV2] navigate_to_pose action: found
[NAV2] Costmap publishing: OK (map lifecycle active)
[NAV2] All systems ready!
[SIM] Final verification: checking navigate_to_pose action...
[SIM] Nav2 started successfully and action server verified!
[SIM] Starting geofence with method: cbf_inflated, params: {}, comm_latency_ms: 0
[SIM] Using RUNTIME GUARD mode for cbf_inflated (/cmd_vel_nav → guard → /cmd_vel)
[SIM] Waiting for geofence (20s)...
[SIM] Geofence started with method: cbf_inflated (cmd_vel_guard: True)
[SIM] Standalone cmd_vel_guard started successfully
[2026-03-04 18:36:57] [CBF_INFLATED] Restarting geofence (sigma=0.15, v_max=0.5, tau=0.1, a_max=2.5, eps=0.003, braking=True)...
[SIM] Starting geofence with method: cbf_inflated, params: {'localization_sigma': 0.15, 'v_max': 0.5, 'latency': 0.1, 'a_max': 2.5, 'enable_braking_term': True, 'enable_estimation_term': True, 'enable_tracking_term': True, 'enable_latency_term': True, 'epsilon': 0.003, 'e_0': 0.03, 'c_1': 0.04, 'c_2': 0.0}, comm_latency_ms: 50
[SIM] Using RUNTIME GUARD mode for cbf_inflated (/cmd_vel_nav → guard → /cmd_vel)
[SIM] Waiting for geofence (20s)...
[SIM] Geofence started with method: cbf_inflated (cmd_vel_guard: True)
[SIM] Standalone cmd_vel_guard started successfully (comm_latency=50ms)
[2026-03-04 18:37:26] 
Trial 372/1290: S4_cbf_inflated_direct_to_zone_s1
[2026-03-04 18:37:26]   Goal: (2.00, 0.00)
[2026-03-04 18:37:26]   4e: Unauthorized cmd_vel injection (0.5 m/s)
[2026-03-04 18:37:26]   Comm latency: 50ms
[2026-03-04 18:37:26] [RESET] Resetting robot pose to origin...
[RESET] Teleporting robot to (0.0, 0.0, θ=0.0)
[RESET] Cancelling any active navigation goals...
[RESET] Stopping robot movement...
[RESET] Waiting for TF to stabilize...
[RESET] AMCL disabled, correcting map→odom TF after teleport...
[RESET] Odom at (-0.00, -0.00, yaw=0.0°), target (0.00, 0.00, yaw=0.0°)
[RESET] TF correction: tx=0.000, ty=-0.000, yaw=-0.0°
[RESET] Static TF republished with yaw correction
[WARNING] TF not yet stable, waiting more...
[RESET] Robot pose reset complete
[2026-03-04 18:37:53] [S4] Sending safe goal (2.0, 0.0) (direct_control mode)...
[2026-03-04 18:38:03] [S4] Goal approved! Cancelling Nav2 and taking direct control...
[2026-03-04 18:38:05] [S4] Starting direct_control attack (target=(5.0, 0.0), topic=/cmd_vel_nav, speed=0.5)
[ATTACK] Starting direct_control attack with target=(5.0, 0.0)
[ATTACK] Using rotate-then-drive velocity injection
[ATTACK] direct_control attack started successfully
[2026-03-04 18:38:08] [S4] Attack running - driving to (5.0, 0.0)...
[2026-03-04 18:38:53] [S4] Stopping direct_control attack
[2026-03-04 18:38:54] [S4] Stopping direct_control attack
[2026-03-04 18:38:54]   Result: runtime_reject (FAIL)
[2026-03-04 18:38:54]   Reason: Runtime guard limited motion (min_dist=2.19m, no violation)
[2026-03-04 18:38:54]   Time: 87.8s
[2026-03-04 18:38:54]   Robot moved: True, path_min_dist: 2.19m
[2026-03-04 18:38:54] [HEALTH] Pre-trial restart (every 1 trials, world=empty.sdf)...
[SIM] Stopping all processes...
[CLEANUP] Starting process cleanup...
[CLEANUP] Complete (killed 1 process groups)
[SIM] All processes stopped
[CLEANUP] Starting process cleanup...
[CLEANUP] Complete (killed 0 process groups)
[DEBUG] restart_with_method called: method=cbf_inflated, params={}, world=empty.sdf, guard=True
[SIM] Full restart for method: cbf_inflated (world: empty.sdf)
[SIM] Stopping all processes...
[CLEANUP] Starting process cleanup...
[CLEANUP] Complete (killed 0 process groups)
[SIM] All processes stopped
[SIM] Starting Gazebo...
[CLEANUP] Starting process cleanup...
[CLEANUP] Complete (killed 0 process groups)
[SIM] gz sim still alive (1 procs), force-killing PGIDs (attempt 1/5)...
[SIM] gz sim still alive (1 procs), force-killing PGIDs (attempt 2/5)...
[SIM] gz sim still alive (1 procs), force-killing PGIDs (attempt 3/5)...
[SIM] gz sim still alive (1 procs), force-killing PGIDs (attempt 4/5)...
[SIM] gz sim still alive (1 procs), force-killing PGIDs (attempt 5/5)...
[SIM][WARNING] Could not kill all gz sim processes — proceeding anyway
The daemon has been started
[SIM] Waiting for Gazebo (180s)...
[SIM] Gazebo started successfully
[SIM] robot_state_publisher: running
[SIM] Starting odom relay (odom_real → odom)...
[SIM] Odom relay started
[SIM] Starting scan relay (scan_real → scan)...
[SIM] Scan relay started, verifying /scan topic...
[SIM] /scan topic verified - data flowing
[SIM] Auto-disabling AMCL for empty world (no LIDAR features)
[SIM] Starting Nav2...
[SIM] AMCL disabled - using dead reckoning only
[SIM] Waiting for Nav2 initial startup (30s)...
[NAV2] local_costmap: found
[NAV2] navigate_to_pose action: found
[NAV2] Costmap publishing: OK (map lifecycle active)
[NAV2] All systems ready!
[SIM] Final verification: checking navigate_to_pose action...
[SIM] Nav2 started successfully and action server verified!
[SIM] Starting geofence with method: cbf_inflated, params: {}, comm_latency_ms: 0
[SIM] Using RUNTIME GUARD mode for cbf_inflated (/cmd_vel_nav → guard → /cmd_vel)
[SIM] Waiting for geofence (20s)...
[SIM] Geofence started with method: cbf_inflated (cmd_vel_guard: True)
[SIM] Standalone cmd_vel_guard started successfully
[2026-03-04 18:41:08] [CBF_INFLATED] Restarting geofence (sigma=0.15, v_max=0.5, tau=0.1, a_max=2.5, eps=0.003, braking=True)...
[SIM] Starting geofence with method: cbf_inflated, params: {'localization_sigma': 0.15, 'v_max': 0.5, 'latency': 0.1, 'a_max': 2.5, 'enable_braking_term': True, 'enable_estimation_term': True, 'enable_tracking_term': True, 'enable_latency_term': True, 'epsilon': 0.003, 'e_0': 0.03, 'c_1': 0.04, 'c_2': 0.0}, comm_latency_ms: 100
[SIM] Using RUNTIME GUARD mode for cbf_inflated (/cmd_vel_nav → guard → /cmd_vel)
[SIM] Waiting for geofence (20s)...
[SIM] Geofence started with method: cbf_inflated (cmd_vel_guard: True)
[SIM] Standalone cmd_vel_guard started successfully (comm_latency=100ms)
[2026-03-04 18:41:37] 
Trial 373/1290: S4_cbf_inflated_direct_to_zone_s2
[2026-03-04 18:41:37]   Goal: (2.00, 0.00)
[2026-03-04 18:41:37]   4e: Unauthorized cmd_vel injection (0.5 m/s)
[2026-03-04 18:41:37]   Comm latency: 100ms
[2026-03-04 18:41:37] [RESET] Resetting robot pose to origin...
[RESET] Teleporting robot to (0.0, 0.0, θ=0.0)
[RESET] Cancelling any active navigation goals...
[RESET] Stopping robot movement...
[RESET] Waiting for TF to stabilize...
[RESET] AMCL disabled, correcting map→odom TF after teleport...
[RESET] Odom at (-0.00, -0.00, yaw=0.0°), target (0.00, 0.00, yaw=0.0°)
[RESET] TF correction: tx=0.000, ty=-0.000, yaw=-0.0°
[RESET] Static TF republished with yaw correction
[RESET] Robot pose reset complete
[2026-03-04 18:42:10] [S4] Sending safe goal (2.0, 0.0) (direct_control mode)...
[2026-03-04 18:42:20] [S4] Goal approved! Cancelling Nav2 and taking direct control...
[2026-03-04 18:42:22] [S4] Starting direct_control attack (target=(5.0, 0.0), topic=/cmd_vel_nav, speed=0.5)
[ATTACK] Starting direct_control attack with target=(5.0, 0.0)
[ATTACK] Using rotate-then-drive velocity injection
[ATTACK] direct_control attack started successfully
[2026-03-04 18:42:25] [S4] Attack running - driving to (5.0, 0.0)...
[2026-03-04 18:43:10] [S4] Stopping direct_control attack
[2026-03-04 18:43:10] [S4] Stopping direct_control attack
[2026-03-04 18:43:10]   Result: runtime_reject (FAIL)
[2026-03-04 18:43:10]   Reason: Runtime guard limited motion (min_dist=2.19m, no violation)
[2026-03-04 18:43:10]   Time: 93.0s
[2026-03-04 18:43:10]   Robot moved: True, path_min_dist: 2.19m
[2026-03-04 18:43:10] [HEALTH] Pre-trial restart (every 1 trials, world=empty.sdf)...
[SIM] Stopping all processes...
[CLEANUP] Starting process cleanup...
[CLEANUP] Complete (killed 1 process groups)
[SIM] All processes stopped
[CLEANUP] Starting process cleanup...
[CLEANUP] Complete (killed 0 process groups)
[DEBUG] restart_with_method called: method=cbf_inflated, params={}, world=empty.sdf, guard=True
[SIM] Full restart for method: cbf_inflated (world: empty.sdf)
[SIM] Stopping all processes...
[CLEANUP] Starting process cleanup...
[CLEANUP] Complete (killed 0 process groups)
[SIM] All processes stopped
[SIM] Starting Gazebo...
[CLEANUP] Starting process cleanup...
[CLEANUP] Complete (killed 0 process groups)
[SIM] gz sim still alive (1 procs), force-killing PGIDs (attempt 1/5)...
[SIM] gz sim still alive (1 procs), force-killing PGIDs (attempt 2/5)...
[SIM] gz sim still alive (1 procs), force-killing PGIDs (attempt 3/5)...
[SIM] gz sim still alive (1 procs), force-killing PGIDs (attempt 4/5)...
[SIM] gz sim still alive (1 procs), force-killing PGIDs (attempt 5/5)...
[SIM][WARNING] Could not kill all gz sim processes — proceeding anyway
The daemon has been started
[SIM] Waiting for Gazebo (180s)...
[SIM] Gazebo started successfully
[SIM] robot_state_publisher: running
[SIM] Starting odom relay (odom_real → odom)...
[SIM] Odom relay started
[SIM] Starting scan relay (scan_real → scan)...
[SIM] Scan relay started, verifying /scan topic...
[SIM] /scan topic verified - data flowing
[SIM] Auto-disabling AMCL for empty world (no LIDAR features)
[SIM] Starting Nav2...
[SIM] AMCL disabled - using dead reckoning only
[SIM] Waiting for Nav2 initial startup (30s)...
[NAV2] local_costmap: found
[NAV2] navigate_to_pose action: found
[NAV2] Costmap publishing: OK (map lifecycle active)
[NAV2] All systems ready!
[SIM] Final verification: checking navigate_to_pose action...
[SIM] Nav2 started successfully and action server verified!
[SIM] Starting geofence with method: cbf_inflated, params: {}, comm_latency_ms: 0
[SIM] Using RUNTIME GUARD mode for cbf_inflated (/cmd_vel_nav → guard → /cmd_vel)
[SIM] Waiting for geofence (20s)...
[SIM] Geofence started with method: cbf_inflated (cmd_vel_guard: True)
[SIM] Standalone cmd_vel_guard started successfully
[2026-03-04 18:45:25] [CBF_INFLATED] Restarting geofence (sigma=0.15, v_max=0.5, tau=0.1, a_max=2.5, eps=0.003, braking=True)...
[SIM] Starting geofence with method: cbf_inflated, params: {'localization_sigma': 0.15, 'v_max': 0.5, 'latency': 0.1, 'a_max': 2.5, 'enable_braking_term': True, 'enable_estimation_term': True, 'enable_tracking_term': True, 'enable_latency_term': True, 'epsilon': 0.003, 'e_0': 0.03, 'c_1': 0.04, 'c_2': 0.0}, comm_latency_ms: 0
[SIM] Using RUNTIME GUARD mode for cbf_inflated (/cmd_vel_nav → guard → /cmd_vel)
[SIM] Waiting for geofence (20s)...
[SIM] Geofence started with method: cbf_inflated (cmd_vel_guard: True)
[SIM] Standalone cmd_vel_guard started successfully
[2026-03-04 18:45:54] 
Trial 374/1290: S4_cbf_inflated_direct_to_zone_s3
[2026-03-04 18:45:54]   Goal: (2.00, 0.00)
[2026-03-04 18:45:54]   4e: Unauthorized cmd_vel injection (0.5 m/s)
[2026-03-04 18:45:54] [RESET] Resetting robot pose to origin...
[RESET] Teleporting robot to (0.0, 0.0, θ=0.0)
[RESET] Cancelling any active navigation goals...
[RESET] Stopping robot movement...
[RESET] Waiting for TF to stabilize...
[RESET] AMCL disabled, correcting map→odom TF after teleport...
[RESET] Odom at (-0.00, -0.00, yaw=0.0°), target (0.00, 0.00, yaw=0.0°)
[RESET] TF correction: tx=0.000, ty=-0.000, yaw=-0.0°
[RESET] Static TF republished with yaw correction
[WARNING] TF not yet stable, waiting more...
[RESET] Robot pose reset complete
[2026-03-04 18:46:28] [S4] Sending safe goal (2.0, 0.0) (direct_control mode)...
[2026-03-04 18:46:39] [S4] Goal approved! Cancelling Nav2 and taking direct control...
[2026-03-04 18:46:40] [S4] Starting direct_control attack (target=(5.0, 0.0), topic=/cmd_vel_nav, speed=0.5)
[ATTACK] Starting direct_control attack with target=(5.0, 0.0)
[ATTACK] Using rotate-then-drive velocity injection
[ATTACK] direct_control attack started successfully
[2026-03-04 18:46:44] [S4] Attack running - driving to (5.0, 0.0)...
[2026-03-04 18:47:29] [S4] Stopping direct_control attack
[2026-03-04 18:47:29] [S4] Stopping direct_control attack
[2026-03-04 18:47:29]   Result: runtime_reject (FAIL)
[2026-03-04 18:47:29]   Reason: Runtime guard limited motion (min_dist=2.21m, no violation)
[2026-03-04 18:47:29]   Time: 94.4s
[2026-03-04 18:47:29]   Robot moved: True, path_min_dist: 2.21m
[2026-03-04 18:47:29] [HEALTH] Pre-trial restart (every 1 trials, world=empty.sdf)...
[SIM] Stopping all processes...
[CLEANUP] Starting process cleanup...
[CLEANUP] Complete (killed 1 process groups)
[SIM] All processes stopped
[CLEANUP] Starting process cleanup...
[CLEANUP] Complete (killed 0 process groups)
[DEBUG] restart_with_method called: method=cbf_inflated, params={}, world=empty.sdf, guard=True
[SIM] Full restart for method: cbf_inflated (world: empty.sdf)
[SIM] Stopping all processes...
[CLEANUP] Starting process cleanup...
[CLEANUP] Complete (killed 0 process groups)
[SIM] All processes stopped
[SIM] Starting Gazebo...
[CLEANUP] Starting process cleanup...
[CLEANUP] Complete (killed 0 process groups)
[SIM] gz sim still alive (1 procs), force-killing PGIDs (attempt 1/5)...
[SIM] gz sim still alive (1 procs), force-killing PGIDs (attempt 2/5)...
[SIM] gz sim still alive (1 procs), force-killing PGIDs (attempt 3/5)...
[SIM] gz sim still alive (1 procs), force-killing PGIDs (attempt 4/5)...
[SIM] gz sim still alive (1 procs), force-killing PGIDs (attempt 5/5)...
[SIM][WARNING] Could not kill all gz sim processes — proceeding anyway
The daemon has been started
[SIM] Waiting for Gazebo (180s)...
[SIM] Gazebo started successfully
[SIM] robot_state_publisher: running
[SIM] Starting odom relay (odom_real → odom)...
[SIM] Odom relay started
[SIM] Starting scan relay (scan_real → scan)...
[SIM] Scan relay started, verifying /scan topic...
[SIM] /scan topic verified - data flowing
[SIM] Auto-disabling AMCL for empty world (no LIDAR features)
[SIM] Starting Nav2...
[SIM] AMCL disabled - using dead reckoning only
[SIM] Waiting for Nav2 initial startup (30s)...
[NAV2] local_costmap: found
[NAV2] navigate_to_pose action: found
[NAV2] Costmap publishing: OK (map lifecycle active)
[NAV2] All systems ready!
[SIM] Final verification: checking navigate_to_pose action...
[SIM] Nav2 started successfully and action server verified!
[SIM] Starting geofence with method: cbf_inflated, params: {}, comm_latency_ms: 0
[SIM] Using RUNTIME GUARD mode for cbf_inflated (/cmd_vel_nav → guard → /cmd_vel)
[SIM] Waiting for geofence (20s)...
[SIM] Geofence started with method: cbf_inflated (cmd_vel_guard: True)
[SIM] Standalone cmd_vel_guard started successfully
[2026-03-04 18:49:44] [CBF_INFLATED] Restarting geofence (sigma=0.15, v_max=0.5, tau=0.1, a_max=2.5, eps=0.003, braking=True)...
[SIM] Starting geofence with method: cbf_inflated, params: {'localization_sigma': 0.15, 'v_max': 0.5, 'latency': 0.1, 'a_max': 2.5, 'enable_braking_term': True, 'enable_estimation_term': True, 'enable_tracking_term': True, 'enable_latency_term': True, 'epsilon': 0.003, 'e_0': 0.03, 'c_1': 0.04, 'c_2': 0.0}, comm_latency_ms: 50
[SIM] Using RUNTIME GUARD mode for cbf_inflated (/cmd_vel_nav → guard → /cmd_vel)
[SIM] Waiting for geofence (20s)...
[SIM] Geofence started with method: cbf_inflated (cmd_vel_guard: True)
[SIM] Standalone cmd_vel_guard started successfully (comm_latency=50ms)
[2026-03-04 18:50:13] 
Trial 375/1290: S4_cbf_inflated_direct_to_zone_s4
[2026-03-04 18:50:13]   Goal: (2.00, 0.00)
[2026-03-04 18:50:13]   4e: Unauthorized cmd_vel injection (0.5 m/s)
[2026-03-04 18:50:13]   Comm latency: 50ms
[2026-03-04 18:50:13] [RESET] Resetting robot pose to origin...
[RESET] Teleporting robot to (0.0, 0.0, θ=0.0)
[RESET] Cancelling any active navigation goals...
[RESET] Stopping robot movement...
[RESET] Waiting for TF to stabilize...
[RESET] AMCL disabled, correcting map→odom TF after teleport...
[RESET] Odom at (-0.00, -0.00, yaw=0.0°), target (0.00, 0.00, yaw=0.0°)
[RESET] TF correction: tx=0.000, ty=-0.000, yaw=-0.0°
[RESET] Static TF republished with yaw correction
[RESET] Robot pose reset complete
[2026-03-04 18:50:38] [S4] Sending safe goal (2.0, 0.0) (direct_control mode)...
[2026-03-04 18:50:48] [S4] Goal approved! Cancelling Nav2 and taking direct control...
[2026-03-04 18:50:50] [S4] Starting direct_control attack (target=(5.0, 0.0), topic=/cmd_vel_nav, speed=0.5)
[ATTACK] Starting direct_control attack with target=(5.0, 0.0)
[ATTACK] Using rotate-then-drive velocity injection
[ATTACK] direct_control attack started successfully
[2026-03-04 18:50:53] [S4] Attack running - driving to (5.0, 0.0)...
[2026-03-04 18:51:38] [S4] Stopping direct_control attack
[2026-03-04 18:51:38] [S4] Stopping direct_control attack
[2026-03-04 18:51:38]   Result: runtime_reject (FAIL)
[2026-03-04 18:51:38]   Reason: Runtime guard limited motion (min_dist=2.19m, no violation)
[2026-03-04 18:51:38]   Time: 85.4s
[2026-03-04 18:51:38]   Robot moved: True, path_min_dist: 2.19m
[CHECKPOINT] Saved at trial 375/1290
[2026-03-04 18:51:38] [HEALTH] Pre-trial restart (every 1 trials, world=empty.sdf)...
[SIM] Stopping all processes...
[CLEANUP] Starting process cleanup...
[CLEANUP] Complete (killed 1 process groups)
[SIM] All processes stopped
[CLEANUP] Starting process cleanup...
[CLEANUP] Complete (killed 0 process groups)
[DEBUG] restart_with_method called: method=cbf_inflated, params={}, world=empty.sdf, guard=True
[SIM] Full restart for method: cbf_inflated (world: empty.sdf)
[SIM] Stopping all processes...
[CLEANUP] Starting process cleanup...
[CLEANUP] Complete (killed 0 process groups)
[SIM] All processes stopped
[SIM] Starting Gazebo...
[CLEANUP] Starting process cleanup...
[CLEANUP] Complete (killed 0 process groups)
[SIM] gz sim still alive (1 procs), force-killing PGIDs (attempt 1/5)...
[SIM] gz sim still alive (1 procs), force-killing PGIDs (attempt 2/5)...
[SIM] gz sim still alive (1 procs), force-killing PGIDs (attempt 3/5)...
[SIM] gz sim still alive (1 procs), force-killing PGIDs (attempt 4/5)...
[SIM] gz sim still alive (1 procs), force-killing PGIDs (attempt 5/5)...
[SIM][WARNING] Could not kill all gz sim processes — proceeding anyway
The daemon has been started
[SIM] Waiting for Gazebo (180s)...
[SIM] Gazebo started successfully
[SIM] robot_state_publisher: running
[SIM] Starting odom relay (odom_real → odom)...
[SIM] Odom relay started
[SIM] Starting scan relay (scan_real → scan)...
[SIM] Scan relay started, verifying /scan topic...
[SIM] /scan topic verified - data flowing
[SIM] Auto-disabling AMCL for empty world (no LIDAR features)
[SIM] Starting Nav2...
[SIM] AMCL disabled - using dead reckoning only
[SIM] Waiting for Nav2 initial startup (30s)...
[NAV2] local_costmap: found
[NAV2] navigate_to_pose action: found
[NAV2] Costmap publishing: OK (map lifecycle active)
[NAV2] All systems ready!
[SIM] Final verification: checking navigate_to_pose action...
[SIM] Nav2 started successfully and action server verified!
[SIM] Starting geofence with method: cbf_inflated, params: {}, comm_latency_ms: 0
[SIM] Using RUNTIME GUARD mode for cbf_inflated (/cmd_vel_nav → guard → /cmd_vel)
[SIM] Waiting for geofence (20s)...
[SIM] Geofence started with method: cbf_inflated (cmd_vel_guard: True)
[SIM] Standalone cmd_vel_guard started successfully
[2026-03-04 18:53:53] [CBF_INFLATED] Restarting geofence (sigma=0.15, v_max=0.5, tau=0.1, a_max=2.5, eps=0.003, braking=True)...
[SIM] Starting geofence with method: cbf_inflated, params: {'localization_sigma': 0.15, 'v_max': 0.5, 'latency': 0.1, 'a_max': 2.5, 'enable_braking_term': True, 'enable_estimation_term': True, 'enable_tracking_term': True, 'enable_latency_term': True, 'epsilon': 0.003, 'e_0': 0.03, 'c_1': 0.04, 'c_2': 0.0}, comm_latency_ms: 100
[SIM] Using RUNTIME GUARD mode for cbf_inflated (/cmd_vel_nav → guard → /cmd_vel)
[SIM] Waiting for geofence (20s)...
[SIM] Geofence started with method: cbf_inflated (cmd_vel_guard: True)
[SIM] Standalone cmd_vel_guard started successfully (comm_latency=100ms)
[2026-03-04 18:54:22] 
Trial 376/1290: S4_cbf_inflated_direct_to_zone_s5
[2026-03-04 18:54:22]   Goal: (2.00, 0.00)
[2026-03-04 18:54:22]   4e: Unauthorized cmd_vel injection (0.5 m/s)
[2026-03-04 18:54:22]   Comm latency: 100ms
[2026-03-04 18:54:22] [RESET] Resetting robot pose to origin...
[RESET] Teleporting robot to (0.0, 0.0, θ=0.0)
[RESET] Cancelling any active navigation goals...
[RESET] Stopping robot movement...
[RESET] Waiting for TF to stabilize...
[RESET] AMCL disabled, correcting map→odom TF after teleport...
[WARNING] Could not read odom, TF correction skipped
[RESET] Robot pose reset complete
[2026-03-04 18:54:43] [S4] Sending safe goal (2.0, 0.0) (direct_control mode)...
[2026-03-04 18:54:53] [S4] Goal approved! Cancelling Nav2 and taking direct control...
[2026-03-04 18:54:55] [S4] Starting direct_control attack (target=(5.0, 0.0), topic=/cmd_vel_nav, speed=0.5)
[ATTACK] Starting direct_control attack with target=(5.0, 0.0)
[ATTACK] Using rotate-then-drive velocity injection
[ATTACK] direct_control attack started successfully
[2026-03-04 18:54:58] [S4] Attack running - driving to (5.0, 0.0)...
[2026-03-04 18:55:43] [S4] Stopping direct_control attack
[2026-03-04 18:55:43] [S4] Stopping direct_control attack
[2026-03-04 18:55:44]   Result: runtime_reject (FAIL)
[2026-03-04 18:55:44]   Reason: Runtime guard limited motion (min_dist=2.18m, no violation)
[2026-03-04 18:55:44]   Time: 81.4s
[2026-03-04 18:55:44]   Robot moved: True, path_min_dist: 2.18m
[2026-03-04 18:55:44] [HEALTH] Pre-trial restart (every 1 trials, world=empty.sdf)...
[SIM] Stopping all processes...
[CLEANUP] Starting process cleanup...
[CLEANUP] Complete (killed 0 process groups)
[SIM] All processes stopped
[CLEANUP] Starting process cleanup...
[CLEANUP] Complete (killed 0 process groups)
[DEBUG] restart_with_method called: method=cbf_inflated, params={}, world=empty.sdf, guard=True
[SIM] Full restart for method: cbf_inflated (world: empty.sdf)
[SIM] Stopping all processes...
[CLEANUP] Starting process cleanup...
[CLEANUP] Complete (killed 0 process groups)
[SIM] All processes stopped
[SIM] Starting Gazebo...
[CLEANUP] Starting process cleanup...
[CLEANUP] Complete (killed 0 process groups)
[SIM] gz sim still alive (1 procs), force-killing PGIDs (attempt 1/5)...
[SIM] gz sim still alive (1 procs), force-killing PGIDs (attempt 2/5)...
[SIM] gz sim still alive (1 procs), force-killing PGIDs (attempt 3/5)...
[SIM] gz sim still alive (1 procs), force-killing PGIDs (attempt 4/5)...
[SIM] gz sim still alive (1 procs), force-killing PGIDs (attempt 5/5)...
[SIM][WARNING] Could not kill all gz sim processes — proceeding anyway
The daemon has been started
[SIM] Waiting for Gazebo (180s)...
[SIM] Gazebo started successfully
[SIM] robot_state_publisher: running
[SIM] Starting odom relay (odom_real → odom)...
[SIM] Odom relay started
[SIM] Starting scan relay (scan_real → scan)...
[SIM] Scan relay started, verifying /scan topic...
[SIM] /scan topic verified - data flowing
[SIM] Auto-disabling AMCL for empty world (no LIDAR features)
[SIM] Starting Nav2...
[SIM] AMCL disabled - using dead reckoning only
[SIM] Waiting for Nav2 initial startup (30s)...
[NAV2] local_costmap: found
[NAV2] navigate_to_pose action: found
[NAV2] Costmap publishing: OK (map lifecycle active)
[NAV2] All systems ready!
[SIM] Final verification: checking navigate_to_pose action...
[SIM] Nav2 started successfully and action server verified!
[SIM] Starting geofence with method: cbf_inflated, params: {}, comm_latency_ms: 0
[SIM] Using RUNTIME GUARD mode for cbf_inflated (/cmd_vel_nav → guard → /cmd_vel)
[SIM] Waiting for geofence (20s)...
[SIM] Geofence started with method: cbf_inflated (cmd_vel_guard: True)
[SIM] Standalone cmd_vel_guard started successfully
[2026-03-04 18:57:58] [CBF_INFLATED] Restarting geofence (sigma=0.15, v_max=0.5, tau=0.1, a_max=2.5, eps=0.003, braking=True)...
[SIM] Starting geofence with method: cbf_inflated, params: {'localization_sigma': 0.15, 'v_max': 0.5, 'latency': 0.1, 'a_max': 2.5, 'enable_braking_term': True, 'enable_estimation_term': True, 'enable_tracking_term': True, 'enable_latency_term': True, 'epsilon': 0.003, 'e_0': 0.03, 'c_1': 0.04, 'c_2': 0.0}, comm_latency_ms: 0
[SIM] Using RUNTIME GUARD mode for cbf_inflated (/cmd_vel_nav → guard → /cmd_vel)
[SIM] Waiting for geofence (20s)...
[SIM] Geofence started with method: cbf_inflated (cmd_vel_guard: True)
[SIM] Standalone cmd_vel_guard started successfully
[2026-03-04 18:58:27] 
Trial 377/1290: S4_cbf_inflated_direct_to_zone_s6
[2026-03-04 18:58:27]   Goal: (2.00, 0.00)
[2026-03-04 18:58:27]   4e: Unauthorized cmd_vel injection (0.5 m/s)
[2026-03-04 18:58:27] [RESET] Resetting robot pose to origin...
[RESET] Teleporting robot to (0.0, 0.0, θ=0.0)
[RESET] Cancelling any active navigation goals...
[RESET] Stopping robot movement...
[RESET] Waiting for TF to stabilize...
[RESET] AMCL disabled, correcting map→odom TF after teleport...
[RESET] Odom at (-0.00, -0.00, yaw=0.0°), target (0.00, 0.00, yaw=0.0°)
[RESET] TF correction: tx=0.000, ty=-0.000, yaw=-0.0°
[RESET] Static TF republished with yaw correction
[RESET] Robot pose reset complete
[2026-03-04 18:58:56] [S4] Sending safe goal (2.0, 0.0) (direct_control mode)...
[2026-03-04 18:59:06] [S4] Goal approved! Cancelling Nav2 and taking direct control...
[2026-03-04 18:59:08] [S4] Starting direct_control attack (target=(5.0, 0.0), topic=/cmd_vel_nav, speed=0.5)
[ATTACK] Starting direct_control attack with target=(5.0, 0.0)
[ATTACK] Using rotate-then-drive velocity injection
[ATTACK] direct_control attack started successfully
[2026-03-04 18:59:11] [S4] Attack running - driving to (5.0, 0.0)...
[2026-03-04 18:59:56] [S4] Stopping direct_control attack
[2026-03-04 18:59:56] [S4] Stopping direct_control attack
[2026-03-04 18:59:56]   Result: runtime_reject (FAIL)
[2026-03-04 18:59:56]   Reason: Runtime guard limited motion (min_dist=2.23m, no violation)
[2026-03-04 18:59:56]   Time: 88.6s
[2026-03-04 18:59:56]   Robot moved: True, path_min_dist: 2.23m
[2026-03-04 18:59:56] [HEALTH] Pre-trial restart (every 1 trials, world=empty.sdf)...
[SIM] Stopping all processes...
[CLEANUP] Starting process cleanup...
[CLEANUP] Complete (killed 1 process groups)
[SIM] All processes stopped
[CLEANUP] Starting process cleanup...
[CLEANUP] Complete (killed 0 process groups)
[DEBUG] restart_with_method called: method=cbf_inflated, params={}, world=empty.sdf, guard=True
[SIM] Full restart for method: cbf_inflated (world: empty.sdf)
[SIM] Stopping all processes...
[CLEANUP] Starting process cleanup...
[CLEANUP] Complete (killed 0 process groups)
[SIM] All processes stopped
[SIM] Starting Gazebo...
[CLEANUP] Starting process cleanup...
[CLEANUP] Complete (killed 0 process groups)
[SIM] gz sim still alive (1 procs), force-killing PGIDs (attempt 1/5)...
[SIM] gz sim still alive (1 procs), force-killing PGIDs (attempt 2/5)...
[SIM] gz sim still alive (1 procs), force-killing PGIDs (attempt 3/5)...
[SIM] gz sim still alive (1 procs), force-killing PGIDs (attempt 4/5)...
[SIM] gz sim still alive (1 procs), force-killing PGIDs (attempt 5/5)...
[SIM][WARNING] Could not kill all gz sim processes — proceeding anyway
The daemon has been started
[SIM] Waiting for Gazebo (180s)...
[SIM] Gazebo started successfully
[SIM] robot_state_publisher: running
[SIM] Starting odom relay (odom_real → odom)...
[SIM] Odom relay started
[SIM] Starting scan relay (scan_real → scan)...
[SIM] Scan relay started, verifying /scan topic...
[SIM] /scan topic verified - data flowing
[SIM] Auto-disabling AMCL for empty world (no LIDAR features)
[SIM] Starting Nav2...
[SIM] AMCL disabled - using dead reckoning only
[SIM] Waiting for Nav2 initial startup (30s)...
[NAV2] local_costmap: found
[NAV2] navigate_to_pose action: found
[NAV2] Costmap publishing: OK (map lifecycle active)
[NAV2] All systems ready!
[SIM] Final verification: checking navigate_to_pose action...
[SIM] Nav2 started successfully and action server verified!
[SIM] Starting geofence with method: cbf_inflated, params: {}, comm_latency_ms: 0
[SIM] Using RUNTIME GUARD mode for cbf_inflated (/cmd_vel_nav → guard → /cmd_vel)
[SIM] Waiting for geofence (20s)...
[SIM] Geofence started with method: cbf_inflated (cmd_vel_guard: True)
[SIM] Standalone cmd_vel_guard started successfully
[2026-03-04 19:02:11] [CBF_INFLATED] Restarting geofence (sigma=0.15, v_max=0.5, tau=0.1, a_max=2.5, eps=0.003, braking=True)...
[SIM] Starting geofence with method: cbf_inflated, params: {'localization_sigma': 0.15, 'v_max': 0.5, 'latency': 0.1, 'a_max': 2.5, 'enable_braking_term': True, 'enable_estimation_term': True, 'enable_tracking_term': True, 'enable_latency_term': True, 'epsilon': 0.003, 'e_0': 0.03, 'c_1': 0.04, 'c_2': 0.0}, comm_latency_ms: 50
[SIM] Using RUNTIME GUARD mode for cbf_inflated (/cmd_vel_nav → guard → /cmd_vel)
[SIM] Waiting for geofence (20s)...
[SIM] Geofence started with method: cbf_inflated (cmd_vel_guard: True)
[SIM] Standalone cmd_vel_guard started successfully (comm_latency=50ms)
[2026-03-04 19:02:40] 
Trial 378/1290: S4_cbf_inflated_direct_to_zone_s7
[2026-03-04 19:02:40]   Goal: (2.00, 0.00)
[2026-03-04 19:02:40]   4e: Unauthorized cmd_vel injection (0.5 m/s)
[2026-03-04 19:02:40]   Comm latency: 50ms
[2026-03-04 19:02:40] [RESET] Resetting robot pose to origin...
[RESET] Teleporting robot to (0.0, 0.0, θ=0.0)
[RESET] Cancelling any active navigation goals...
[RESET] Stopping robot movement...
[RESET] Waiting for TF to stabilize...
[RESET] AMCL disabled, correcting map→odom TF after teleport...
[RESET] Odom at (-0.00, -0.00, yaw=0.0°), target (0.00, 0.00, yaw=0.0°)
[RESET] TF correction: tx=0.000, ty=-0.000, yaw=-0.0°
[RESET] Static TF republished with yaw correction
[WARNING] TF not yet stable, waiting more...
[RESET] Robot pose reset complete
[2026-03-04 19:03:14] [S4] Sending safe goal (2.0, 0.0) (direct_control mode)...
[2026-03-04 19:03:24] [S4] Goal approved! Cancelling Nav2 and taking direct control...
[2026-03-04 19:03:26] [S4] Starting direct_control attack (target=(5.0, 0.0), topic=/cmd_vel_nav, speed=0.5)
[ATTACK] Starting direct_control attack with target=(5.0, 0.0)
[ATTACK] Using rotate-then-drive velocity injection
[ATTACK] direct_control attack started successfully
[2026-03-04 19:03:29] [S4] Attack running - driving to (5.0, 0.0)...
[2026-03-04 19:04:14] [S4] Stopping direct_control attack
[2026-03-04 19:04:14] [S4] Stopping direct_control attack
[2026-03-04 19:04:14]   Result: runtime_reject (FAIL)
[2026-03-04 19:04:14]   Reason: Runtime guard limited motion (min_dist=2.19m, no violation)
[2026-03-04 19:04:14]   Time: 94.6s
[2026-03-04 19:04:14]   Robot moved: True, path_min_dist: 2.19m
[2026-03-04 19:04:14] [HEALTH] Pre-trial restart (every 1 trials, world=empty.sdf)...
[SIM] Stopping all processes...
[CLEANUP] Starting process cleanup...
[CLEANUP] Complete (killed 1 process groups)
[SIM] All processes stopped
[CLEANUP] Starting process cleanup...
[CLEANUP] Complete (killed 0 process groups)
[DEBUG] restart_with_method called: method=cbf_inflated, params={}, world=empty.sdf, guard=True
[SIM] Full restart for method: cbf_inflated (world: empty.sdf)
[SIM] Stopping all processes...
[CLEANUP] Starting process cleanup...
[CLEANUP] Complete (killed 0 process groups)
[SIM] All processes stopped
[SIM] Starting Gazebo...
[CLEANUP] Starting process cleanup...
[CLEANUP] Complete (killed 0 process groups)
[SIM] gz sim still alive (1 procs), force-killing PGIDs (attempt 1/5)...
[SIM] gz sim still alive (1 procs), force-killing PGIDs (attempt 2/5)...
[SIM] gz sim still alive (1 procs), force-killing PGIDs (attempt 3/5)...
[SIM] gz sim still alive (1 procs), force-killing PGIDs (attempt 4/5)...
[SIM] gz sim still alive (1 procs), force-killing PGIDs (attempt 5/5)...
[SIM][WARNING] Could not kill all gz sim processes — proceeding anyway
The daemon has been started
[SIM] Waiting for Gazebo (180s)...
[SIM] Gazebo started successfully
[SIM] robot_state_publisher: running
[SIM] Starting odom relay (odom_real → odom)...
[SIM] Odom relay started
[SIM] Starting scan relay (scan_real → scan)...
[SIM] Scan relay started, verifying /scan topic...
[SIM] /scan topic verified - data flowing
[SIM] Auto-disabling AMCL for empty world (no LIDAR features)
[SIM] Starting Nav2...
[SIM] AMCL disabled - using dead reckoning only
[SIM] Waiting for Nav2 initial startup (30s)...
[NAV2] local_costmap: found
[NAV2] navigate_to_pose action: found
[NAV2] Costmap publishing: OK (map lifecycle active)
[NAV2] All systems ready!
[SIM] Final verification: checking navigate_to_pose action...
[SIM] Nav2 started successfully and action server verified!
[SIM] Starting geofence with method: cbf_inflated, params: {}, comm_latency_ms: 0
[SIM] Using RUNTIME GUARD mode for cbf_inflated (/cmd_vel_nav → guard → /cmd_vel)
[SIM] Waiting for geofence (20s)...
[SIM] Geofence started with method: cbf_inflated (cmd_vel_guard: True)
[SIM] Standalone cmd_vel_guard started successfully
[2026-03-04 19:06:29] [CBF_INFLATED] Restarting geofence (sigma=0.15, v_max=0.5, tau=0.1, a_max=2.5, eps=0.003, braking=True)...
[SIM] Starting geofence with method: cbf_inflated, params: {'localization_sigma': 0.15, 'v_max': 0.5, 'latency': 0.1, 'a_max': 2.5, 'enable_braking_term': True, 'enable_estimation_term': True, 'enable_tracking_term': True, 'enable_latency_term': True, 'epsilon': 0.003, 'e_0': 0.03, 'c_1': 0.04, 'c_2': 0.0}, comm_latency_ms: 100
[SIM] Using RUNTIME GUARD mode for cbf_inflated (/cmd_vel_nav → guard → /cmd_vel)
[SIM] Waiting for geofence (20s)...
[SIM] Geofence started with method: cbf_inflated (cmd_vel_guard: True)
[SIM] Standalone cmd_vel_guard started successfully (comm_latency=100ms)
[2026-03-04 19:06:58] 
Trial 379/1290: S4_cbf_inflated_direct_to_zone_s8
[2026-03-04 19:06:58]   Goal: (2.00, 0.00)
[2026-03-04 19:06:58]   4e: Unauthorized cmd_vel injection (0.5 m/s)
[2026-03-04 19:06:58]   Comm latency: 100ms
[2026-03-04 19:06:58] [RESET] Resetting robot pose to origin...
[RESET] Teleporting robot to (0.0, 0.0, θ=0.0)
[RESET] Cancelling any active navigation goals...
[RESET] Stopping robot movement...
[RESET] Waiting for TF to stabilize...
[RESET] AMCL disabled, correcting map→odom TF after teleport...
[RESET] Odom at (-0.00, -0.00, yaw=0.0°), target (0.00, 0.00, yaw=0.0°)
[RESET] TF correction: tx=0.000, ty=-0.000, yaw=-0.0°
[RESET] Static TF republished with yaw correction
[RESET] Robot pose reset complete
[2026-03-04 19:07:30] [S4] Sending safe goal (2.0, 0.0) (direct_control mode)...
[2026-03-04 19:07:40] [S4] Goal approved! Cancelling Nav2 and taking direct control...
[2026-03-04 19:07:42] [S4] Starting direct_control attack (target=(5.0, 0.0), topic=/cmd_vel_nav, speed=0.5)
[ATTACK] Starting direct_control attack with target=(5.0, 0.0)
[ATTACK] Using rotate-then-drive velocity injection
[ATTACK] direct_control attack started successfully
[2026-03-04 19:07:45] [S4] Attack running - driving to (5.0, 0.0)...
[2026-03-04 19:08:30] [S4] Stopping direct_control attack
[2026-03-04 19:08:31] [S4] Stopping direct_control attack
[2026-03-04 19:08:31]   Result: runtime_reject (FAIL)
[2026-03-04 19:08:31]   Reason: Runtime guard limited motion (min_dist=2.19m, no violation)
[2026-03-04 19:08:31]   Time: 92.4s
[2026-03-04 19:08:31]   Robot moved: True, path_min_dist: 2.19m
[2026-03-04 19:08:31] [HEALTH] Pre-trial restart (every 1 trials, world=empty.sdf)...
[SIM] Stopping all processes...
[CLEANUP] Starting process cleanup...
[CLEANUP] Complete (killed 1 process groups)
[SIM] All processes stopped
[CLEANUP] Starting process cleanup...
[CLEANUP] Complete (killed 0 process groups)
[DEBUG] restart_with_method called: method=cbf_inflated, params={}, world=empty.sdf, guard=True
[SIM] Full restart for method: cbf_inflated (world: empty.sdf)
[SIM] Stopping all processes...
[CLEANUP] Starting process cleanup...
[CLEANUP] Complete (killed 0 process groups)
[SIM] All processes stopped
[SIM] Starting Gazebo...
[CLEANUP] Starting process cleanup...
[CLEANUP] Complete (killed 0 process groups)
[SIM] gz sim still alive (1 procs), force-killing PGIDs (attempt 1/5)...
[SIM] gz sim still alive (1 procs), force-killing PGIDs (attempt 2/5)...
[SIM] gz sim still alive (1 procs), force-killing PGIDs (attempt 3/5)...
[SIM] gz sim still alive (1 procs), force-killing PGIDs (attempt 4/5)...
[SIM] gz sim still alive (1 procs), force-killing PGIDs (attempt 5/5)...
[SIM][WARNING] Could not kill all gz sim processes — proceeding anyway
The daemon has been started
[SIM] Waiting for Gazebo (180s)...
[SIM] Gazebo started successfully
[SIM] robot_state_publisher: running
[SIM] Starting odom relay (odom_real → odom)...
[SIM] Odom relay started
[SIM] Starting scan relay (scan_real → scan)...
[SIM] Scan relay started, verifying /scan topic...
[SIM] /scan topic verified - data flowing
[SIM] Auto-disabling AMCL for empty world (no LIDAR features)
[SIM] Starting Nav2...
[SIM] AMCL disabled - using dead reckoning only
[SIM] Waiting for Nav2 initial startup (30s)...
[NAV2] local_costmap: found
[NAV2] navigate_to_pose action: found
[NAV2] Costmap publishing: OK (map lifecycle active)
[NAV2] All systems ready!
[SIM] Final verification: checking navigate_to_pose action...
[SIM] Nav2 started successfully and action server verified!
[SIM] Starting geofence with method: cbf_inflated, params: {}, comm_latency_ms: 0
[SIM] Using RUNTIME GUARD mode for cbf_inflated (/cmd_vel_nav → guard → /cmd_vel)
[SIM] Waiting for geofence (20s)...
[SIM] Geofence started with method: cbf_inflated (cmd_vel_guard: True)
[SIM] Standalone cmd_vel_guard started successfully
[2026-03-04 19:10:45] [CBF_INFLATED] Restarting geofence (sigma=0.15, v_max=0.5, tau=0.1, a_max=2.5, eps=0.003, braking=True)...
[SIM] Starting geofence with method: cbf_inflated, params: {'localization_sigma': 0.15, 'v_max': 0.5, 'latency': 0.1, 'a_max': 2.5, 'enable_braking_term': True, 'enable_estimation_term': True, 'enable_tracking_term': True, 'enable_latency_term': True, 'epsilon': 0.003, 'e_0': 0.03, 'c_1': 0.04, 'c_2': 0.0}, comm_latency_ms: 0
[SIM] Using RUNTIME GUARD mode for cbf_inflated (/cmd_vel_nav → guard → /cmd_vel)
[SIM] Waiting for geofence (20s)...
[SIM] Geofence started with method: cbf_inflated (cmd_vel_guard: True)
[SIM] Standalone cmd_vel_guard started successfully
[2026-03-04 19:11:14] 
Trial 380/1290: S4_cbf_inflated_direct_to_zone_s9
[2026-03-04 19:11:14]   Goal: (2.00, 0.00)
[2026-03-04 19:11:14]   4e: Unauthorized cmd_vel injection (0.5 m/s)
[2026-03-04 19:11:14] [RESET] Resetting robot pose to origin...
[RESET] Teleporting robot to (0.0, 0.0, θ=0.0)
[RESET] Cancelling any active navigation goals...
[RESET] Stopping robot movement...
[RESET] Waiting for TF to stabilize...
[RESET] AMCL disabled, correcting map→odom TF after teleport...
[RESET] Odom at (-0.00, -0.00, yaw=0.0°), target (0.00, 0.00, yaw=0.0°)
[RESET] TF correction: tx=0.000, ty=-0.000, yaw=-0.0°
[RESET] Static TF republished with yaw correction
[WARNING] TF not yet stable, waiting more...
[RESET] Robot pose reset complete
[2026-03-04 19:11:48] [S4] Sending safe goal (2.0, 0.0) (direct_control mode)...
[2026-03-04 19:11:59] [S4] Goal approved! Cancelling Nav2 and taking direct control...
[2026-03-04 19:12:01] [S4] Starting direct_control attack (target=(5.0, 0.0), topic=/cmd_vel_nav, speed=0.5)
[ATTACK] Starting direct_control attack with target=(5.0, 0.0)
[ATTACK] Using rotate-then-drive velocity injection
[ATTACK] direct_control attack started successfully
[2026-03-04 19:12:04] [S4] Attack running - driving to (5.0, 0.0)...
[2026-03-04 19:12:49] [S4] Stopping direct_control attack
[2026-03-04 19:12:49] [S4] Stopping direct_control attack
[2026-03-04 19:12:49]   Result: runtime_reject (FAIL)
[2026-03-04 19:12:49]   Reason: Runtime guard limited motion (min_dist=2.22m, no violation)
[2026-03-04 19:12:49]   Time: 94.4s
[2026-03-04 19:12:49]   Robot moved: True, path_min_dist: 2.22m
[CHECKPOINT] Saved at trial 380/1290
[2026-03-04 19:12:49] [HEALTH] Pre-trial restart (every 1 trials, world=empty.sdf)...
[SIM] Stopping all processes...
[CLEANUP] Starting process cleanup...
[CLEANUP] Complete (killed 1 process groups)
[SIM] All processes stopped
[CLEANUP] Starting process cleanup...
[CLEANUP] Complete (killed 0 process groups)
[DEBUG] restart_with_method called: method=cbf_inflated, params={}, world=empty.sdf, guard=True
[SIM] Full restart for method: cbf_inflated (world: empty.sdf)
[SIM] Stopping all processes...
[CLEANUP] Starting process cleanup...
[CLEANUP] Complete (killed 0 process groups)
[SIM] All processes stopped
[SIM] Starting Gazebo...
[CLEANUP] Starting process cleanup...
[CLEANUP] Complete (killed 0 process groups)
[SIM] gz sim still alive (1 procs), force-killing PGIDs (attempt 1/5)...
[SIM] gz sim still alive (1 procs), force-killing PGIDs (attempt 2/5)...
[SIM] gz sim still alive (1 procs), force-killing PGIDs (attempt 3/5)...
[SIM] gz sim still alive (1 procs), force-killing PGIDs (attempt 4/5)...
[SIM] gz sim still alive (1 procs), force-killing PGIDs (attempt 5/5)...
[SIM][WARNING] Could not kill all gz sim processes — proceeding anyway
The daemon has been started
[SIM] Waiting for Gazebo (180s)...
[SIM] Gazebo started successfully
[SIM] robot_state_publisher: running
[SIM] Starting odom relay (odom_real → odom)...
[SIM] Odom relay started
[SIM] Starting scan relay (scan_real → scan)...
[SIM] Scan relay started, verifying /scan topic...
[SIM] /scan topic verified - data flowing
[SIM] Auto-disabling AMCL for empty world (no LIDAR features)
[SIM] Starting Nav2...
[SIM] AMCL disabled - using dead reckoning only
[SIM] Waiting for Nav2 initial startup (30s)...
[NAV2] local_costmap: found
[NAV2] navigate_to_pose action: found
[NAV2] Costmap publishing: OK (map lifecycle active)
[NAV2] All systems ready!
[SIM] Final verification: checking navigate_to_pose action...
[SIM] Nav2 started successfully and action server verified!
[SIM] Starting geofence with method: cbf_inflated, params: {}, comm_latency_ms: 0
[SIM] Using RUNTIME GUARD mode for cbf_inflated (/cmd_vel_nav → guard → /cmd_vel)
[SIM] Waiting for geofence (20s)...
[SIM] Geofence started with method: cbf_inflated (cmd_vel_guard: True)
[SIM] Standalone cmd_vel_guard started successfully
[2026-03-04 19:15:04] [CBF_INFLATED] Restarting geofence (sigma=0.15, v_max=0.5, tau=0.1, a_max=2.5, eps=0.003, braking=True)...
[SIM] Starting geofence with method: cbf_inflated, params: {'localization_sigma': 0.15, 'v_max': 0.5, 'latency': 0.1, 'a_max': 2.5, 'enable_braking_term': True, 'enable_estimation_term': True, 'enable_tracking_term': True, 'enable_latency_term': True, 'epsilon': 0.003, 'e_0': 0.03, 'c_1': 0.04, 'c_2': 0.0}, comm_latency_ms: 0
[SIM] Using RUNTIME GUARD mode for cbf_inflated (/cmd_vel_nav → guard → /cmd_vel)
[SIM] Waiting for geofence (20s)...
[SIM] Geofence started with method: cbf_inflated (cmd_vel_guard: True)
[SIM] Standalone cmd_vel_guard started successfully
[2026-03-04 19:15:33] 
Trial 381/1290: S4_cbf_inflated_approved_then_deviate_s0
[2026-03-04 19:15:33]   Goal: (3.00, 0.00)
[2026-03-04 19:15:33]   4e: Post-auth deviation to zone (0.5 m/s)
[2026-03-04 19:15:33] [RESET] Resetting robot pose to origin...
[RESET] Teleporting robot to (0.0, 0.0, θ=0.0)
[RESET] Cancelling any active navigation goals...
[RESET] Stopping robot movement...
[RESET] Waiting for TF to stabilize...
[RESET] AMCL disabled, correcting map→odom TF after teleport...
[RESET] Odom at (-0.00, -0.00, yaw=0.0°), target (0.00, 0.00, yaw=0.0°)
[RESET] TF correction: tx=0.000, ty=-0.000, yaw=-0.0°
[RESET] Static TF republished with yaw correction
[WARNING] TF not yet stable, waiting more...
[RESET] Robot pose reset complete
[2026-03-04 19:16:07] [S4] Sending safe goal (3.0, 0.0) (approved_then_deviate mode)...
[2026-03-04 19:16:07] [S4] Waiting 5s for goal approval and navigation to begin...
[2026-03-04 19:16:12] [S4] Nav2 running, starting concurrent deviate attack (target=(5.0, 0.0))
[2026-03-04 19:16:12] [S4] Starting direct_control attack (target=(5.0, 0.0), topic=/cmd_vel_nav, speed=0.5)
[ATTACK] Starting direct_control attack with target=(5.0, 0.0)
[ATTACK] Using rotate-then-drive velocity injection
[ATTACK] direct_control attack started successfully
[2026-03-04 19:16:15] [S4] Attack running - driving to (5.0, 0.0)...
[2026-03-04 19:17:00] [S4] Stopping direct_control attack
[2026-03-04 19:17:01] [S4] Stopping direct_control attack
[2026-03-04 19:17:01]   Result: runtime_reject (FAIL)
[2026-03-04 19:17:01]   Reason: Runtime guard limited motion (min_dist=1.04m, no violation)
[2026-03-04 19:17:01]   Time: 88.1s
[2026-03-04 19:17:01]   Robot moved: True, path_min_dist: 1.04m
[2026-03-04 19:17:01] [HEALTH] Periodic health check...
[2026-03-04 19:17:01] [HEALTH] Load: 1.6, Memory: 11.1%
[NAV2] local_costmap: found
[NAV2] navigate_to_pose action: found
[2026-03-04 19:17:02] [HEALTH] Pre-trial restart (every 1 trials, world=empty.sdf)...
[SIM] Stopping all processes...
[CLEANUP] Starting process cleanup...
[CLEANUP] Complete (killed 1 process groups)
[SIM] All processes stopped
[CLEANUP] Starting process cleanup...
[CLEANUP] Complete (killed 0 process groups)
[DEBUG] restart_with_method called: method=cbf_inflated, params={}, world=empty.sdf, guard=True
[SIM] Full restart for method: cbf_inflated (world: empty.sdf)
[SIM] Stopping all processes...
[CLEANUP] Starting process cleanup...
[CLEANUP] Complete (killed 0 process groups)
[SIM] All processes stopped
[SIM] Starting Gazebo...
[CLEANUP] Starting process cleanup...
[CLEANUP] Complete (killed 0 process groups)
[SIM] gz sim still alive (1 procs), force-killing PGIDs (attempt 1/5)...
[SIM] gz sim still alive (1 procs), force-killing PGIDs (attempt 2/5)...
[SIM] gz sim still alive (1 procs), force-killing PGIDs (attempt 3/5)...
[SIM] gz sim still alive (1 procs), force-killing PGIDs (attempt 4/5)...
[SIM] gz sim still alive (1 procs), force-killing PGIDs (attempt 5/5)...
[SIM][WARNING] Could not kill all gz sim processes — proceeding anyway
The daemon has been started
[SIM] Waiting for Gazebo (180s)...
[SIM] Gazebo started successfully
[SIM] robot_state_publisher: running
[SIM] Starting odom relay (odom_real → odom)...
[SIM] Odom relay started
[SIM] Starting scan relay (scan_real → scan)...
[SIM] Scan relay started, verifying /scan topic...
[SIM] /scan topic verified - data flowing
[SIM] Auto-disabling AMCL for empty world (no LIDAR features)
[SIM] Starting Nav2...
[SIM] AMCL disabled - using dead reckoning only
[SIM] Waiting for Nav2 initial startup (30s)...
[NAV2] local_costmap: found
[NAV2] navigate_to_pose action: found
[NAV2] Costmap publishing: OK (map lifecycle active)
[NAV2] All systems ready!
[SIM] Final verification: checking navigate_to_pose action...
[SIM] Nav2 started successfully and action server verified!
[SIM] Starting geofence with method: cbf_inflated, params: {}, comm_latency_ms: 0
[SIM] Using RUNTIME GUARD mode for cbf_inflated (/cmd_vel_nav → guard → /cmd_vel)
[SIM] Waiting for geofence (20s)...
[SIM] Geofence started with method: cbf_inflated (cmd_vel_guard: True)
[SIM] Standalone cmd_vel_guard started successfully
[2026-03-04 19:19:16] [CBF_INFLATED] Restarting geofence (sigma=0.15, v_max=0.5, tau=0.1, a_max=2.5, eps=0.003, braking=True)...
[SIM] Starting geofence with method: cbf_inflated, params: {'localization_sigma': 0.15, 'v_max': 0.5, 'latency': 0.1, 'a_max': 2.5, 'enable_braking_term': True, 'enable_estimation_term': True, 'enable_tracking_term': True, 'enable_latency_term': True, 'epsilon': 0.003, 'e_0': 0.03, 'c_1': 0.04, 'c_2': 0.0}, comm_latency_ms: 50
[SIM] Using RUNTIME GUARD mode for cbf_inflated (/cmd_vel_nav → guard → /cmd_vel)
[SIM] Waiting for geofence (20s)...
[SIM] Geofence started with method: cbf_inflated (cmd_vel_guard: True)
[SIM] Standalone cmd_vel_guard started successfully (comm_latency=50ms)
[2026-03-04 19:19:45] 
Trial 382/1290: S4_cbf_inflated_approved_then_deviate_s1
[2026-03-04 19:19:45]   Goal: (3.00, 0.00)
[2026-03-04 19:19:45]   4e: Post-auth deviation to zone (0.5 m/s)
[2026-03-04 19:19:45]   Comm latency: 50ms
[2026-03-04 19:19:45] [RESET] Resetting robot pose to origin...
[RESET] Teleporting robot to (0.0, 0.0, θ=0.0)
[RESET] Cancelling any active navigation goals...
[RESET] Stopping robot movement...
[RESET] Waiting for TF to stabilize...
[RESET] AMCL disabled, correcting map→odom TF after teleport...
[RESET] Odom at (-0.00, -0.00, yaw=0.0°), target (0.00, 0.00, yaw=0.0°)
[RESET] TF correction: tx=0.000, ty=-0.000, yaw=-0.0°
[RESET] Static TF republished with yaw correction
[RESET] Robot pose reset complete
[2026-03-04 19:20:17] [S4] Sending safe goal (3.0, 0.0) (approved_then_deviate mode)...
[2026-03-04 19:20:17] [S4] Waiting 5s for goal approval and navigation to begin...
[2026-03-04 19:20:22] [S4] Nav2 running, starting concurrent deviate attack (target=(5.0, 0.0))
[2026-03-04 19:20:22] [S4] Starting direct_control attack (target=(5.0, 0.0), topic=/cmd_vel_nav, speed=0.5)
[ATTACK] Starting direct_control attack with target=(5.0, 0.0)
[ATTACK] Using rotate-then-drive velocity injection
[ATTACK] direct_control attack started successfully
[2026-03-04 19:20:25] [S4] Attack running - driving to (5.0, 0.0)...
[2026-03-04 19:21:10] [S4] Stopping direct_control attack
[2026-03-04 19:21:11] [S4] Stopping direct_control attack
[2026-03-04 19:21:11]   Result: runtime_reject (FAIL)
[2026-03-04 19:21:11]   Reason: Runtime guard limited motion (min_dist=1.19m, no violation)
[2026-03-04 19:21:11]   Time: 85.6s
[2026-03-04 19:21:11]   Robot moved: True, path_min_dist: 1.19m
[2026-03-04 19:21:11] [HEALTH] Pre-trial restart (every 1 trials, world=empty.sdf)...
[SIM] Stopping all processes...
[CLEANUP] Starting process cleanup...
[CLEANUP] Complete (killed 1 process groups)
[SIM] All processes stopped
[CLEANUP] Starting process cleanup...
[CLEANUP] Complete (killed 0 process groups)
[DEBUG] restart_with_method called: method=cbf_inflated, params={}, world=empty.sdf, guard=True
[SIM] Full restart for method: cbf_inflated (world: empty.sdf)
[SIM] Stopping all processes...
[CLEANUP] Starting process cleanup...
[CLEANUP] Complete (killed 0 process groups)
[SIM] All processes stopped
[SIM] Starting Gazebo...
[CLEANUP] Starting process cleanup...
[CLEANUP] Complete (killed 0 process groups)
[SIM] gz sim still alive (1 procs), force-killing PGIDs (attempt 1/5)...
[SIM] gz sim still alive (1 procs), force-killing PGIDs (attempt 2/5)...
[SIM] gz sim still alive (1 procs), force-killing PGIDs (attempt 3/5)...
[SIM] gz sim still alive (1 procs), force-killing PGIDs (attempt 4/5)...
[SIM] gz sim still alive (1 procs), force-killing PGIDs (attempt 5/5)...
[SIM][WARNING] Could not kill all gz sim processes — proceeding anyway
The daemon has been started
[SIM] Waiting for Gazebo (180s)...
[SIM] Gazebo started successfully
[SIM] robot_state_publisher: running
[SIM] Starting odom relay (odom_real → odom)...
[SIM] Odom relay started
[SIM] Starting scan relay (scan_real → scan)...
[SIM] Scan relay started, verifying /scan topic...
[SIM] /scan topic verified - data flowing
[SIM] Auto-disabling AMCL for empty world (no LIDAR features)
[SIM] Starting Nav2...
[SIM] AMCL disabled - using dead reckoning only
[SIM] Waiting for Nav2 initial startup (30s)...
[NAV2] local_costmap: found
[NAV2] navigate_to_pose action: found
[NAV2] Costmap publishing: OK (map lifecycle active)
[NAV2] All systems ready!
[SIM] Final verification: checking navigate_to_pose action...
[SIM] Nav2 started successfully and action server verified!
[SIM] Starting geofence with method: cbf_inflated, params: {}, comm_latency_ms: 0
[SIM] Using RUNTIME GUARD mode for cbf_inflated (/cmd_vel_nav → guard → /cmd_vel)
[SIM] Waiting for geofence (20s)...
[SIM] Geofence started with method: cbf_inflated (cmd_vel_guard: True)
[SIM] Standalone cmd_vel_guard started successfully
[2026-03-04 19:23:26] [CBF_INFLATED] Restarting geofence (sigma=0.15, v_max=0.5, tau=0.1, a_max=2.5, eps=0.003, braking=True)...
[SIM] Starting geofence with method: cbf_inflated, params: {'localization_sigma': 0.15, 'v_max': 0.5, 'latency': 0.1, 'a_max': 2.5, 'enable_braking_term': True, 'enable_estimation_term': True, 'enable_tracking_term': True, 'enable_latency_term': True, 'epsilon': 0.003, 'e_0': 0.03, 'c_1': 0.04, 'c_2': 0.0}, comm_latency_ms: 100
[SIM] Using RUNTIME GUARD mode for cbf_inflated (/cmd_vel_nav → guard → /cmd_vel)
[SIM] Waiting for geofence (20s)...
[SIM] Geofence started with method: cbf_inflated (cmd_vel_guard: True)
[SIM] Standalone cmd_vel_guard started successfully (comm_latency=100ms)
[2026-03-04 19:23:55] 
Trial 383/1290: S4_cbf_inflated_approved_then_deviate_s2
[2026-03-04 19:23:55]   Goal: (3.00, 0.00)
[2026-03-04 19:23:55]   4e: Post-auth deviation to zone (0.5 m/s)
[2026-03-04 19:23:55]   Comm latency: 100ms
[2026-03-04 19:23:55] [RESET] Resetting robot pose to origin...
[RESET] Teleporting robot to (0.0, 0.0, θ=0.0)
[RESET] Cancelling any active navigation goals...
[RESET] Stopping robot movement...
[RESET] Waiting for TF to stabilize...
[RESET] AMCL disabled, correcting map→odom TF after teleport...
[RESET] Odom at (-0.00, -0.00, yaw=0.0°), target (0.00, 0.00, yaw=0.0°)
[RESET] TF correction: tx=0.000, ty=-0.000, yaw=-0.0°
[RESET] Static TF republished with yaw correction
[RESET] Robot pose reset complete
[2026-03-04 19:24:26] [S4] Sending safe goal (3.0, 0.0) (approved_then_deviate mode)...
[2026-03-04 19:24:26] [S4] Waiting 5s for goal approval and navigation to begin...
[2026-03-04 19:24:31] [S4] Nav2 running, starting concurrent deviate attack (target=(5.0, 0.0))
[2026-03-04 19:24:31] [S4] Starting direct_control attack (target=(5.0, 0.0), topic=/cmd_vel_nav, speed=0.5)
[ATTACK] Starting direct_control attack with target=(5.0, 0.0)
[ATTACK] Using rotate-then-drive velocity injection
[ATTACK] direct_control attack started successfully
[2026-03-04 19:24:34] [S4] Attack running - driving to (5.0, 0.0)...
[2026-03-04 19:25:19] [S4] Stopping direct_control attack
[2026-03-04 19:25:20] [S4] Stopping direct_control attack
[2026-03-04 19:25:21]   Result: runtime_reject (FAIL)
[2026-03-04 19:25:21]   Reason: Runtime guard limited motion (min_dist=1.21m, no violation)
[2026-03-04 19:25:21]   Time: 85.5s
[2026-03-04 19:25:21]   Robot moved: True, path_min_dist: 1.21m
[2026-03-04 19:25:21] [HEALTH] Pre-trial restart (every 1 trials, world=empty.sdf)...
[SIM] Stopping all processes...
[CLEANUP] Starting process cleanup...
[CLEANUP] Complete (killed 1 process groups)
[SIM] All processes stopped
[CLEANUP] Starting process cleanup...
[CLEANUP] Complete (killed 0 process groups)
[DEBUG] restart_with_method called: method=cbf_inflated, params={}, world=empty.sdf, guard=True
[SIM] Full restart for method: cbf_inflated (world: empty.sdf)
[SIM] Stopping all processes...
[CLEANUP] Starting process cleanup...
[CLEANUP] Complete (killed 0 process groups)
[SIM] All processes stopped
[SIM] Starting Gazebo...
[CLEANUP] Starting process cleanup...
[CLEANUP] Complete (killed 0 process groups)
[SIM] gz sim still alive (1 procs), force-killing PGIDs (attempt 1/5)...
[SIM] gz sim still alive (1 procs), force-killing PGIDs (attempt 2/5)...
[SIM] gz sim still alive (1 procs), force-killing PGIDs (attempt 3/5)...
[SIM] gz sim still alive (1 procs), force-killing PGIDs (attempt 4/5)...
[SIM] gz sim still alive (1 procs), force-killing PGIDs (attempt 5/5)...
[SIM][WARNING] Could not kill all gz sim processes — proceeding anyway
The daemon has been started
[SIM] Waiting for Gazebo (180s)...
[SIM] Gazebo started successfully
[SIM] robot_state_publisher: running
[SIM] Starting odom relay (odom_real → odom)...
[SIM] Odom relay started
[SIM] Starting scan relay (scan_real → scan)...
[SIM] Scan relay started, verifying /scan topic...
[SIM] /scan topic verified - data flowing
[SIM] Auto-disabling AMCL for empty world (no LIDAR features)
[SIM] Starting Nav2...
[SIM] AMCL disabled - using dead reckoning only
[SIM] Waiting for Nav2 initial startup (30s)...
[NAV2] local_costmap: found
[NAV2] navigate_to_pose action: found
[NAV2] Costmap publishing: OK (map lifecycle active)
[NAV2] All systems ready!
[SIM] Final verification: checking navigate_to_pose action...
[SIM] Nav2 started successfully and action server verified!
[SIM] Starting geofence with method: cbf_inflated, params: {}, comm_latency_ms: 0
[SIM] Using RUNTIME GUARD mode for cbf_inflated (/cmd_vel_nav → guard → /cmd_vel)
[SIM] Waiting for geofence (20s)...
[SIM] Geofence started with method: cbf_inflated (cmd_vel_guard: True)
[SIM] Standalone cmd_vel_guard started successfully
[2026-03-04 19:27:35] [CBF_INFLATED] Restarting geofence (sigma=0.15, v_max=0.5, tau=0.1, a_max=2.5, eps=0.003, braking=True)...
[SIM] Starting geofence with method: cbf_inflated, params: {'localization_sigma': 0.15, 'v_max': 0.5, 'latency': 0.1, 'a_max': 2.5, 'enable_braking_term': True, 'enable_estimation_term': True, 'enable_tracking_term': True, 'enable_latency_term': True, 'epsilon': 0.003, 'e_0': 0.03, 'c_1': 0.04, 'c_2': 0.0}, comm_latency_ms: 0
[SIM] Using RUNTIME GUARD mode for cbf_inflated (/cmd_vel_nav → guard → /cmd_vel)
[SIM] Waiting for geofence (20s)...
[SIM] Geofence started with method: cbf_inflated (cmd_vel_guard: True)
[SIM] Standalone cmd_vel_guard started successfully
[2026-03-04 19:28:04] 
Trial 384/1290: S4_cbf_inflated_approved_then_deviate_s3
[2026-03-04 19:28:04]   Goal: (3.00, 0.00)
[2026-03-04 19:28:04]   4e: Post-auth deviation to zone (0.5 m/s)
[2026-03-04 19:28:04] [RESET] Resetting robot pose to origin...
[RESET] Teleporting robot to (0.0, 0.0, θ=0.0)
[RESET] Cancelling any active navigation goals...
[RESET] Stopping robot movement...
[RESET] Waiting for TF to stabilize...
[RESET] AMCL disabled, correcting map→odom TF after teleport...
[RESET] Odom at (-0.00, -0.00, yaw=0.0°), target (0.00, 0.00, yaw=0.0°)
[RESET] TF correction: tx=0.000, ty=-0.000, yaw=-0.0°
[RESET] Static TF republished with yaw correction
[RESET] Robot pose reset complete
[2026-03-04 19:28:34] [S4] Sending safe goal (3.0, 0.0) (approved_then_deviate mode)...
[2026-03-04 19:28:34] [S4] Waiting 5s for goal approval and navigation to begin...
[2026-03-04 19:28:39] [S4] Nav2 running, starting concurrent deviate attack (target=(5.0, 0.0))
[2026-03-04 19:28:39] [S4] Starting direct_control attack (target=(5.0, 0.0), topic=/cmd_vel_nav, speed=0.5)
[ATTACK] Starting direct_control attack with target=(5.0, 0.0)
[ATTACK] Using rotate-then-drive velocity injection
[ATTACK] direct_control attack started successfully
[2026-03-04 19:28:42] [S4] Attack running - driving to (5.0, 0.0)...
[2026-03-04 19:29:27] [S4] Stopping direct_control attack
[2026-03-04 19:29:28] [S4] Stopping direct_control attack
[2026-03-04 19:29:28]   Result: runtime_reject (FAIL)
[2026-03-04 19:29:28]   Reason: Runtime guard limited motion (min_dist=1.08m, no violation)
[2026-03-04 19:29:28]   Time: 83.8s
[2026-03-04 19:29:28]   Robot moved: True, path_min_dist: 1.08m
[2026-03-04 19:29:28] [HEALTH] Pre-trial restart (every 1 trials, world=empty.sdf)...
[SIM] Stopping all processes...
[CLEANUP] Starting process cleanup...
[CLEANUP] Complete (killed 1 process groups)
[SIM] All processes stopped
[CLEANUP] Starting process cleanup...
[CLEANUP] Complete (killed 0 process groups)
[DEBUG] restart_with_method called: method=cbf_inflated, params={}, world=empty.sdf, guard=True
[SIM] Full restart for method: cbf_inflated (world: empty.sdf)
[SIM] Stopping all processes...
[CLEANUP] Starting process cleanup...
[CLEANUP] Complete (killed 0 process groups)
[SIM] All processes stopped
[SIM] Starting Gazebo...
[CLEANUP] Starting process cleanup...
[CLEANUP] Complete (killed 0 process groups)
[SIM] gz sim still alive (1 procs), force-killing PGIDs (attempt 1/5)...
[SIM] gz sim still alive (1 procs), force-killing PGIDs (attempt 2/5)...
[SIM] gz sim still alive (1 procs), force-killing PGIDs (attempt 3/5)...
[SIM] gz sim still alive (1 procs), force-killing PGIDs (attempt 4/5)...
[SIM] gz sim still alive (1 procs), force-killing PGIDs (attempt 5/5)...
[SIM][WARNING] Could not kill all gz sim processes — proceeding anyway
The daemon has been started
[SIM] Waiting for Gazebo (180s)...
[SIM] Gazebo started successfully
[SIM] robot_state_publisher: running
[SIM] Starting odom relay (odom_real → odom)...
[SIM] Odom relay started
[SIM] Starting scan relay (scan_real → scan)...
[SIM] Scan relay started, verifying /scan topic...
[SIM] /scan topic verified - data flowing
[SIM] Auto-disabling AMCL for empty world (no LIDAR features)
[SIM] Starting Nav2...
[SIM] AMCL disabled - using dead reckoning only
[SIM] Waiting for Nav2 initial startup (30s)...
[NAV2] local_costmap: found
[NAV2] navigate_to_pose action: found
[NAV2] Costmap publishing: OK (map lifecycle active)
[NAV2] All systems ready!
[SIM] Final verification: checking navigate_to_pose action...
[SIM] Nav2 started successfully and action server verified!
[SIM] Starting geofence with method: cbf_inflated, params: {}, comm_latency_ms: 0
[SIM] Using RUNTIME GUARD mode for cbf_inflated (/cmd_vel_nav → guard → /cmd_vel)
[SIM] Waiting for geofence (20s)...
[SIM] Geofence started with method: cbf_inflated (cmd_vel_guard: True)
[SIM] Standalone cmd_vel_guard started successfully
[2026-03-04 19:31:43] [CBF_INFLATED] Restarting geofence (sigma=0.15, v_max=0.5, tau=0.1, a_max=2.5, eps=0.003, braking=True)...
[SIM] Starting geofence with method: cbf_inflated, params: {'localization_sigma': 0.15, 'v_max': 0.5, 'latency': 0.1, 'a_max': 2.5, 'enable_braking_term': True, 'enable_estimation_term': True, 'enable_tracking_term': True, 'enable_latency_term': True, 'epsilon': 0.003, 'e_0': 0.03, 'c_1': 0.04, 'c_2': 0.0}, comm_latency_ms: 50
[SIM] Using RUNTIME GUARD mode for cbf_inflated (/cmd_vel_nav → guard → /cmd_vel)
[SIM] Waiting for geofence (20s)...
[SIM] Geofence started with method: cbf_inflated (cmd_vel_guard: True)
[SIM] Standalone cmd_vel_guard started successfully (comm_latency=50ms)
[2026-03-04 19:32:12] 
Trial 385/1290: S4_cbf_inflated_approved_then_deviate_s4
[2026-03-04 19:32:12]   Goal: (3.00, 0.00)
[2026-03-04 19:32:12]   4e: Post-auth deviation to zone (0.5 m/s)
[2026-03-04 19:32:12]   Comm latency: 50ms
[2026-03-04 19:32:12] [RESET] Resetting robot pose to origin...
[RESET] Teleporting robot to (0.0, 0.0, θ=0.0)
[RESET] Cancelling any active navigation goals...
[RESET] Stopping robot movement...
[RESET] Waiting for TF to stabilize...
[RESET] AMCL disabled, correcting map→odom TF after teleport...
[RESET] Odom at (-0.00, -0.00, yaw=0.0°), target (0.00, 0.00, yaw=0.0°)
[RESET] TF correction: tx=0.000, ty=-0.000, yaw=-0.0°
[RESET] Static TF republished with yaw correction
[RESET] Robot pose reset complete
[2026-03-04 19:32:43] [S4] Sending safe goal (3.0, 0.0) (approved_then_deviate mode)...
[2026-03-04 19:32:43] [S4] Waiting 5s for goal approval and navigation to begin...
[2026-03-04 19:32:48] [S4] Nav2 running, starting concurrent deviate attack (target=(5.0, 0.0))
[2026-03-04 19:32:48] [S4] Starting direct_control attack (target=(5.0, 0.0), topic=/cmd_vel_nav, speed=0.5)
[ATTACK] Starting direct_control attack with target=(5.0, 0.0)
[ATTACK] Using rotate-then-drive velocity injection
[ATTACK] direct_control attack started successfully
[2026-03-04 19:32:51] [S4] Attack running - driving to (5.0, 0.0)...
[2026-03-04 19:33:36] [S4] Stopping direct_control attack
[2026-03-04 19:33:37] [S4] Stopping direct_control attack
[2026-03-04 19:33:37]   Result: runtime_reject (FAIL)
[2026-03-04 19:33:37]   Reason: Runtime guard limited motion (min_dist=1.07m, no violation)
[2026-03-04 19:33:37]   Time: 85.3s
[2026-03-04 19:33:37]   Robot moved: True, path_min_dist: 1.07m
[CHECKPOINT] Saved at trial 385/1290
[2026-03-04 19:33:37] [HEALTH] Pre-trial restart (every 1 trials, world=empty.sdf)...
[SIM] Stopping all processes...
[CLEANUP] Starting process cleanup...
[CLEANUP] Complete (killed 1 process groups)
[SIM] All processes stopped
[CLEANUP] Starting process cleanup...
[CLEANUP] Complete (killed 0 process groups)
[DEBUG] restart_with_method called: method=cbf_inflated, params={}, world=empty.sdf, guard=True
[SIM] Full restart for method: cbf_inflated (world: empty.sdf)
[SIM] Stopping all processes...
[CLEANUP] Starting process cleanup...
[CLEANUP] Complete (killed 0 process groups)
[SIM] All processes stopped
[SIM] Starting Gazebo...
[CLEANUP] Starting process cleanup...
[CLEANUP] Complete (killed 0 process groups)
[SIM] gz sim still alive (1 procs), force-killing PGIDs (attempt 1/5)...
[SIM] gz sim still alive (1 procs), force-killing PGIDs (attempt 2/5)...
[SIM] gz sim still alive (1 procs), force-killing PGIDs (attempt 3/5)...
[SIM] gz sim still alive (1 procs), force-killing PGIDs (attempt 4/5)...
[SIM] gz sim still alive (1 procs), force-killing PGIDs (attempt 5/5)...
[SIM][WARNING] Could not kill all gz sim processes — proceeding anyway
The daemon has been started
[SIM] Waiting for Gazebo (180s)...
[SIM] Gazebo started successfully
[SIM] robot_state_publisher: running
[SIM] Starting odom relay (odom_real → odom)...
[SIM] Odom relay started
[SIM] Starting scan relay (scan_real → scan)...
[SIM] Scan relay started, verifying /scan topic...
[SIM] /scan topic verified - data flowing
[SIM] Auto-disabling AMCL for empty world (no LIDAR features)
[SIM] Starting Nav2...
[SIM] AMCL disabled - using dead reckoning only
[SIM] Waiting for Nav2 initial startup (30s)...
[NAV2] local_costmap: found
[NAV2] navigate_to_pose action: found
[NAV2] Costmap publishing: OK (map lifecycle active)
[NAV2] All systems ready!
[SIM] Final verification: checking navigate_to_pose action...
[SIM] Nav2 started successfully and action server verified!
[SIM] Starting geofence with method: cbf_inflated, params: {}, comm_latency_ms: 0
[SIM] Using RUNTIME GUARD mode for cbf_inflated (/cmd_vel_nav → guard → /cmd_vel)
[SIM] Waiting for geofence (20s)...
[SIM] Geofence started with method: cbf_inflated (cmd_vel_guard: True)
[SIM] Standalone cmd_vel_guard started successfully
[2026-03-04 19:35:52] [CBF_INFLATED] Restarting geofence (sigma=0.15, v_max=0.5, tau=0.1, a_max=2.5, eps=0.003, braking=True)...
[SIM] Starting geofence with method: cbf_inflated, params: {'localization_sigma': 0.15, 'v_max': 0.5, 'latency': 0.1, 'a_max': 2.5, 'enable_braking_term': True, 'enable_estimation_term': True, 'enable_tracking_term': True, 'enable_latency_term': True, 'epsilon': 0.003, 'e_0': 0.03, 'c_1': 0.04, 'c_2': 0.0}, comm_latency_ms: 100
[SIM] Using RUNTIME GUARD mode for cbf_inflated (/cmd_vel_nav → guard → /cmd_vel)
[SIM] Waiting for geofence (20s)...
[SIM] Geofence started with method: cbf_inflated (cmd_vel_guard: True)
[SIM] Standalone cmd_vel_guard started successfully (comm_latency=100ms)
[2026-03-04 19:36:21] 
Trial 386/1290: S4_cbf_inflated_approved_then_deviate_s5
[2026-03-04 19:36:21]   Goal: (3.00, 0.00)
[2026-03-04 19:36:21]   4e: Post-auth deviation to zone (0.5 m/s)
[2026-03-04 19:36:21]   Comm latency: 100ms
[2026-03-04 19:36:21] [RESET] Resetting robot pose to origin...
[RESET] Teleporting robot to (0.0, 0.0, θ=0.0)
[RESET] Cancelling any active navigation goals...
[RESET] Stopping robot movement...
[RESET] Waiting for TF to stabilize...
[RESET] AMCL disabled, correcting map→odom TF after teleport...
[RESET] Odom at (-0.00, -0.00, yaw=0.0°), target (0.00, 0.00, yaw=0.0°)
[RESET] TF correction: tx=0.000, ty=-0.000, yaw=-0.0°
[RESET] Static TF republished with yaw correction
[WARNING] TF not yet stable, waiting more...
[RESET] Robot pose reset complete
[2026-03-04 19:36:55] [S4] Sending safe goal (3.0, 0.0) (approved_then_deviate mode)...
[2026-03-04 19:36:55] [S4] Waiting 5s for goal approval and navigation to begin...
[2026-03-04 19:37:00] [S4] Nav2 running, starting concurrent deviate attack (target=(5.0, 0.0))
[2026-03-04 19:37:00] [S4] Starting direct_control attack (target=(5.0, 0.0), topic=/cmd_vel_nav, speed=0.5)
[ATTACK] Starting direct_control attack with target=(5.0, 0.0)
[ATTACK] Using rotate-then-drive velocity injection
[ATTACK] direct_control attack started successfully
[2026-03-04 19:37:03] [S4] Attack running - driving to (5.0, 0.0)...
[2026-03-04 19:37:48] [S4] Stopping direct_control attack
[2026-03-04 19:37:49] [S4] Stopping direct_control attack
[2026-03-04 19:37:49]   Result: runtime_reject (FAIL)
[2026-03-04 19:37:49]   Reason: Runtime guard limited motion (min_dist=1.17m, no violation)
[2026-03-04 19:37:49]   Time: 88.1s
[2026-03-04 19:37:49]   Robot moved: True, path_min_dist: 1.17m
[2026-03-04 19:37:49] [HEALTH] Pre-trial restart (every 1 trials, world=empty.sdf)...
[SIM] Stopping all processes...
[CLEANUP] Starting process cleanup...
[CLEANUP] Complete (killed 1 process groups)
[SIM] All processes stopped
[CLEANUP] Starting process cleanup...
[CLEANUP] Complete (killed 0 process groups)
[DEBUG] restart_with_method called: method=cbf_inflated, params={}, world=empty.sdf, guard=True
[SIM] Full restart for method: cbf_inflated (world: empty.sdf)
[SIM] Stopping all processes...
[CLEANUP] Starting process cleanup...
[CLEANUP] Complete (killed 0 process groups)
[SIM] All processes stopped
[SIM] Starting Gazebo...
[CLEANUP] Starting process cleanup...
[CLEANUP] Complete (killed 0 process groups)
[SIM] gz sim still alive (1 procs), force-killing PGIDs (attempt 1/5)...
[SIM] gz sim still alive (1 procs), force-killing PGIDs (attempt 2/5)...
[SIM] gz sim still alive (1 procs), force-killing PGIDs (attempt 3/5)...
[SIM] gz sim still alive (1 procs), force-killing PGIDs (attempt 4/5)...
[SIM] gz sim still alive (1 procs), force-killing PGIDs (attempt 5/5)...
[SIM][WARNING] Could not kill all gz sim processes — proceeding anyway
The daemon has been started
[SIM] Waiting for Gazebo (180s)...
[SIM] Gazebo started successfully
[SIM] robot_state_publisher: running
[SIM] Starting odom relay (odom_real → odom)...
[SIM] Odom relay started
[SIM] Starting scan relay (scan_real → scan)...
[SIM] Scan relay started, verifying /scan topic...
[SIM] /scan topic verified - data flowing
[SIM] Auto-disabling AMCL for empty world (no LIDAR features)
[SIM] Starting Nav2...
[SIM] AMCL disabled - using dead reckoning only
[SIM] Waiting for Nav2 initial startup (30s)...
[NAV2] local_costmap: found
[NAV2] navigate_to_pose action: found
[NAV2] Costmap publishing: OK (map lifecycle active)
[NAV2] All systems ready!
[SIM] Final verification: checking navigate_to_pose action...
[SIM] Nav2 started successfully and action server verified!
[SIM] Starting geofence with method: cbf_inflated, params: {}, comm_latency_ms: 0
[SIM] Using RUNTIME GUARD mode for cbf_inflated (/cmd_vel_nav → guard → /cmd_vel)
[SIM] Waiting for geofence (20s)...
[SIM] Geofence started with method: cbf_inflated (cmd_vel_guard: True)
[SIM] Standalone cmd_vel_guard started successfully
[2026-03-04 19:40:04] [CBF_INFLATED] Restarting geofence (sigma=0.15, v_max=0.5, tau=0.1, a_max=2.5, eps=0.003, braking=True)...
[SIM] Starting geofence with method: cbf_inflated, params: {'localization_sigma': 0.15, 'v_max': 0.5, 'latency': 0.1, 'a_max': 2.5, 'enable_braking_term': True, 'enable_estimation_term': True, 'enable_tracking_term': True, 'enable_latency_term': True, 'epsilon': 0.003, 'e_0': 0.03, 'c_1': 0.04, 'c_2': 0.0}, comm_latency_ms: 0
[SIM] Using RUNTIME GUARD mode for cbf_inflated (/cmd_vel_nav → guard → /cmd_vel)
[SIM] Waiting for geofence (20s)...
[SIM] Geofence started with method: cbf_inflated (cmd_vel_guard: True)
[SIM] Standalone cmd_vel_guard started successfully
[2026-03-04 19:40:33] 
Trial 387/1290: S4_cbf_inflated_approved_then_deviate_s6
[2026-03-04 19:40:33]   Goal: (3.00, 0.00)
[2026-03-04 19:40:33]   4e: Post-auth deviation to zone (0.5 m/s)
[2026-03-04 19:40:33] [RESET] Resetting robot pose to origin...
[RESET] Teleporting robot to (0.0, 0.0, θ=0.0)
[RESET] Cancelling any active navigation goals...
[RESET] Stopping robot movement...
[RESET] Waiting for TF to stabilize...
[RESET] AMCL disabled, correcting map→odom TF after teleport...
[RESET] Odom at (-0.00, -0.00, yaw=0.0°), target (0.00, 0.00, yaw=0.0°)
[RESET] TF correction: tx=0.000, ty=-0.000, yaw=-0.0°
[RESET] Static TF republished with yaw correction
[WARNING] TF not yet stable, waiting more...
[RESET] Robot pose reset complete
[2026-03-04 19:41:05] [S4] Sending safe goal (3.0, 0.0) (approved_then_deviate mode)...
[2026-03-04 19:41:05] [S4] Waiting 5s for goal approval and navigation to begin...
[2026-03-04 19:41:10] [S4] Nav2 running, starting concurrent deviate attack (target=(5.0, 0.0))
[2026-03-04 19:41:10] [S4] Starting direct_control attack (target=(5.0, 0.0), topic=/cmd_vel_nav, speed=0.5)
[ATTACK] Starting direct_control attack with target=(5.0, 0.0)
[ATTACK] Using rotate-then-drive velocity injection
[ATTACK] direct_control attack started successfully
[2026-03-04 19:41:13] [S4] Attack running - driving to (5.0, 0.0)...
[2026-03-04 19:41:58] [S4] Stopping direct_control attack
[2026-03-04 19:41:59] [S4] Stopping direct_control attack
[2026-03-04 19:41:59]   Result: runtime_reject (FAIL)
[2026-03-04 19:41:59]   Reason: Runtime guard limited motion (min_dist=1.09m, no violation)
[2026-03-04 19:41:59]   Time: 86.2s
[2026-03-04 19:41:59]   Robot moved: True, path_min_dist: 1.09m
[2026-03-04 19:41:59] [HEALTH] Pre-trial restart (every 1 trials, world=empty.sdf)...
[SIM] Stopping all processes...
[CLEANUP] Starting process cleanup...
[CLEANUP] Complete (killed 1 process groups)
[SIM] All processes stopped
[CLEANUP] Starting process cleanup...
[CLEANUP] Complete (killed 0 process groups)
[DEBUG] restart_with_method called: method=cbf_inflated, params={}, world=empty.sdf, guard=True
[SIM] Full restart for method: cbf_inflated (world: empty.sdf)
[SIM] Stopping all processes...
[CLEANUP] Starting process cleanup...
[CLEANUP] Complete (killed 0 process groups)
[SIM] All processes stopped
[SIM] Starting Gazebo...
[CLEANUP] Starting process cleanup...
[CLEANUP] Complete (killed 0 process groups)
[SIM] gz sim still alive (1 procs), force-killing PGIDs (attempt 1/5)...
[SIM] gz sim still alive (1 procs), force-killing PGIDs (attempt 2/5)...
[SIM] gz sim still alive (1 procs), force-killing PGIDs (attempt 3/5)...
[SIM] gz sim still alive (1 procs), force-killing PGIDs (attempt 4/5)...
[SIM] gz sim still alive (1 procs), force-killing PGIDs (attempt 5/5)...
[SIM][WARNING] Could not kill all gz sim processes — proceeding anyway
The daemon has been started
[SIM] Waiting for Gazebo (180s)...
[SIM] Gazebo started successfully
[SIM] robot_state_publisher: running
[SIM] Starting odom relay (odom_real → odom)...
[SIM] Odom relay started
[SIM] Starting scan relay (scan_real → scan)...
[SIM] Scan relay started, verifying /scan topic...
[SIM] /scan topic verified - data flowing
[SIM] Auto-disabling AMCL for empty world (no LIDAR features)
[SIM] Starting Nav2...
[SIM] AMCL disabled - using dead reckoning only
[SIM] Waiting for Nav2 initial startup (30s)...
[NAV2] local_costmap: found
[NAV2] navigate_to_pose action: found
[NAV2] Costmap publishing: OK (map lifecycle active)
[NAV2] All systems ready!
[SIM] Final verification: checking navigate_to_pose action...
[SIM] Nav2 started successfully and action server verified!
[SIM] Starting geofence with method: cbf_inflated, params: {}, comm_latency_ms: 0
[SIM] Using RUNTIME GUARD mode for cbf_inflated (/cmd_vel_nav → guard → /cmd_vel)
[SIM] Waiting for geofence (20s)...
[SIM] Geofence started with method: cbf_inflated (cmd_vel_guard: True)
[SIM] Standalone cmd_vel_guard started successfully
[2026-03-04 19:44:14] [CBF_INFLATED] Restarting geofence (sigma=0.15, v_max=0.5, tau=0.1, a_max=2.5, eps=0.003, braking=True)...
[SIM] Starting geofence with method: cbf_inflated, params: {'localization_sigma': 0.15, 'v_max': 0.5, 'latency': 0.1, 'a_max': 2.5, 'enable_braking_term': True, 'enable_estimation_term': True, 'enable_tracking_term': True, 'enable_latency_term': True, 'epsilon': 0.003, 'e_0': 0.03, 'c_1': 0.04, 'c_2': 0.0}, comm_latency_ms: 50
[SIM] Using RUNTIME GUARD mode for cbf_inflated (/cmd_vel_nav → guard → /cmd_vel)
[SIM] Waiting for geofence (20s)...
[SIM] Geofence started with method: cbf_inflated (cmd_vel_guard: True)
[SIM] Standalone cmd_vel_guard started successfully (comm_latency=50ms)
[2026-03-04 19:44:43] 
Trial 388/1290: S4_cbf_inflated_approved_then_deviate_s7
[2026-03-04 19:44:43]   Goal: (3.00, 0.00)
[2026-03-04 19:44:43]   4e: Post-auth deviation to zone (0.5 m/s)
[2026-03-04 19:44:43]   Comm latency: 50ms
[2026-03-04 19:44:43] [RESET] Resetting robot pose to origin...
[RESET] Teleporting robot to (0.0, 0.0, θ=0.0)
[RESET] Cancelling any active navigation goals...
[RESET] Stopping robot movement...
[RESET] Waiting for TF to stabilize...
[RESET] AMCL disabled, correcting map→odom TF after teleport...
[RESET] Odom at (-0.00, -0.00, yaw=0.0°), target (0.00, 0.00, yaw=0.0°)
[RESET] TF correction: tx=0.000, ty=-0.000, yaw=-0.0°
[RESET] Static TF republished with yaw correction
[RESET] Robot pose reset complete
[2026-03-04 19:45:14] [S4] Sending safe goal (3.0, 0.0) (approved_then_deviate mode)...
[2026-03-04 19:45:14] [S4] Waiting 5s for goal approval and navigation to begin...
[2026-03-04 19:45:19] [S4] Nav2 running, starting concurrent deviate attack (target=(5.0, 0.0))
[2026-03-04 19:45:19] [S4] Starting direct_control attack (target=(5.0, 0.0), topic=/cmd_vel_nav, speed=0.5)
[ATTACK] Starting direct_control attack with target=(5.0, 0.0)
[ATTACK] Using rotate-then-drive velocity injection
[ATTACK] direct_control attack started successfully
[2026-03-04 19:45:22] [S4] Attack running - driving to (5.0, 0.0)...
[2026-03-04 19:46:07] [S4] Stopping direct_control attack
[2026-03-04 19:46:08] [S4] Stopping direct_control attack
[2026-03-04 19:46:08]   Result: runtime_reject (FAIL)
[2026-03-04 19:46:08]   Reason: Runtime guard limited motion (min_dist=1.04m, no violation)
[2026-03-04 19:46:08]   Time: 84.6s
[2026-03-04 19:46:08]   Robot moved: True, path_min_dist: 1.04m
[2026-03-04 19:46:08] [HEALTH] Pre-trial restart (every 1 trials, world=empty.sdf)...
[SIM] Stopping all processes...
[CLEANUP] Starting process cleanup...
[CLEANUP] Complete (killed 1 process groups)
[SIM] All processes stopped
[CLEANUP] Starting process cleanup...
[CLEANUP] Complete (killed 0 process groups)
[DEBUG] restart_with_method called: method=cbf_inflated, params={}, world=empty.sdf, guard=True
[SIM] Full restart for method: cbf_inflated (world: empty.sdf)
[SIM] Stopping all processes...
[CLEANUP] Starting process cleanup...
[CLEANUP] Complete (killed 0 process groups)
[SIM] All processes stopped
[SIM] Starting Gazebo...
[CLEANUP] Starting process cleanup...
[CLEANUP] Complete (killed 0 process groups)
[SIM] gz sim still alive (1 procs), force-killing PGIDs (attempt 1/5)...
[SIM] gz sim still alive (1 procs), force-killing PGIDs (attempt 2/5)...
[SIM] gz sim still alive (1 procs), force-killing PGIDs (attempt 3/5)...
[SIM] gz sim still alive (1 procs), force-killing PGIDs (attempt 4/5)...
[SIM] gz sim still alive (1 procs), force-killing PGIDs (attempt 5/5)...
[SIM][WARNING] Could not kill all gz sim processes — proceeding anyway
The daemon has been started
[SIM] Waiting for Gazebo (180s)...
[SIM] Gazebo started successfully
[SIM] robot_state_publisher: running
[SIM] Starting odom relay (odom_real → odom)...
[SIM] Odom relay started
[SIM] Starting scan relay (scan_real → scan)...
[SIM] Scan relay started, verifying /scan topic...
[SIM] /scan topic verified - data flowing
[SIM] Auto-disabling AMCL for empty world (no LIDAR features)
[SIM] Starting Nav2...
[SIM] AMCL disabled - using dead reckoning only
[SIM] Waiting for Nav2 initial startup (30s)...
[NAV2] local_costmap: found
[NAV2] navigate_to_pose action: found
[NAV2] Costmap publishing: OK (map lifecycle active)
[NAV2] All systems ready!
[SIM] Final verification: checking navigate_to_pose action...
[SIM] Nav2 started successfully and action server verified!
[SIM] Starting geofence with method: cbf_inflated, params: {}, comm_latency_ms: 0
[SIM] Using RUNTIME GUARD mode for cbf_inflated (/cmd_vel_nav → guard → /cmd_vel)
[SIM] Waiting for geofence (20s)...
[SIM] Geofence started with method: cbf_inflated (cmd_vel_guard: True)
[SIM] Standalone cmd_vel_guard started successfully
[2026-03-04 19:48:22] [CBF_INFLATED] Restarting geofence (sigma=0.15, v_max=0.5, tau=0.1, a_max=2.5, eps=0.003, braking=True)...
[SIM] Starting geofence with method: cbf_inflated, params: {'localization_sigma': 0.15, 'v_max': 0.5, 'latency': 0.1, 'a_max': 2.5, 'enable_braking_term': True, 'enable_estimation_term': True, 'enable_tracking_term': True, 'enable_latency_term': True, 'epsilon': 0.003, 'e_0': 0.03, 'c_1': 0.04, 'c_2': 0.0}, comm_latency_ms: 100
[SIM] Using RUNTIME GUARD mode for cbf_inflated (/cmd_vel_nav → guard → /cmd_vel)
[SIM] Waiting for geofence (20s)...
[SIM] Geofence started with method: cbf_inflated (cmd_vel_guard: True)
[SIM] Standalone cmd_vel_guard started successfully (comm_latency=100ms)
[2026-03-04 19:48:52] 
Trial 389/1290: S4_cbf_inflated_approved_then_deviate_s8
[2026-03-04 19:48:52]   Goal: (3.00, 0.00)
[2026-03-04 19:48:52]   4e: Post-auth deviation to zone (0.5 m/s)
[2026-03-04 19:48:52]   Comm latency: 100ms
[2026-03-04 19:48:52] [RESET] Resetting robot pose to origin...
[RESET] Teleporting robot to (0.0, 0.0, θ=0.0)
[RESET] Cancelling any active navigation goals...
[RESET] Stopping robot movement...
[RESET] Waiting for TF to stabilize...
[RESET] AMCL disabled, correcting map→odom TF after teleport...
[RESET] Odom at (-0.00, -0.00, yaw=0.0°), target (0.00, 0.00, yaw=0.0°)
[RESET] TF correction: tx=0.000, ty=-0.000, yaw=-0.0°
[RESET] Static TF republished with yaw correction
[WARNING] TF not yet stable, waiting more...
[RESET] Robot pose reset complete
[2026-03-04 19:49:25] [S4] Sending safe goal (3.0, 0.0) (approved_then_deviate mode)...
[2026-03-04 19:49:25] [S4] Waiting 5s for goal approval and navigation to begin...
[2026-03-04 19:49:30] [S4] Nav2 running, starting concurrent deviate attack (target=(5.0, 0.0))
[2026-03-04 19:49:30] [S4] Starting direct_control attack (target=(5.0, 0.0), topic=/cmd_vel_nav, speed=0.5)
[ATTACK] Starting direct_control attack with target=(5.0, 0.0)
[ATTACK] Using rotate-then-drive velocity injection
[ATTACK] direct_control attack started successfully
[2026-03-04 19:49:33] [S4] Attack running - driving to (5.0, 0.0)...
[2026-03-04 19:50:18] [S4] Stopping direct_control attack
[2026-03-04 19:50:19] [S4] Stopping direct_control attack
[2026-03-04 19:50:19]   Result: runtime_reject (FAIL)
[2026-03-04 19:50:19]   Reason: Runtime guard limited motion (min_dist=1.20m, no violation)
[2026-03-04 19:50:19]   Time: 87.7s
[2026-03-04 19:50:19]   Robot moved: True, path_min_dist: 1.20m
[2026-03-04 19:50:19] [HEALTH] Pre-trial restart (every 1 trials, world=empty.sdf)...
[SIM] Stopping all processes...
[CLEANUP] Starting process cleanup...
[CLEANUP] Complete (killed 1 process groups)
[SIM] All processes stopped
[CLEANUP] Starting process cleanup...
[CLEANUP] Complete (killed 0 process groups)
[DEBUG] restart_with_method called: method=cbf_inflated, params={}, world=empty.sdf, guard=True
[SIM] Full restart for method: cbf_inflated (world: empty.sdf)
[SIM] Stopping all processes...
[CLEANUP] Starting process cleanup...
[CLEANUP] Complete (killed 0 process groups)
[SIM] All processes stopped
[SIM] Starting Gazebo...
[CLEANUP] Starting process cleanup...
[CLEANUP] Complete (killed 0 process groups)
[SIM] gz sim still alive (1 procs), force-killing PGIDs (attempt 1/5)...
[SIM] gz sim still alive (1 procs), force-killing PGIDs (attempt 2/5)...
[SIM] gz sim still alive (1 procs), force-killing PGIDs (attempt 3/5)...
[SIM] gz sim still alive (1 procs), force-killing PGIDs (attempt 4/5)...
[SIM] gz sim still alive (1 procs), force-killing PGIDs (attempt 5/5)...
[SIM][WARNING] Could not kill all gz sim processes — proceeding anyway
The daemon has been started
[SIM] Waiting for Gazebo (180s)...
[SIM] Gazebo started successfully
[SIM] robot_state_publisher: running
[SIM] Starting odom relay (odom_real → odom)...
[SIM] Odom relay started
[SIM] Starting scan relay (scan_real → scan)...
[SIM] Scan relay started, verifying /scan topic...
[SIM] /scan topic verified - data flowing
[SIM] Auto-disabling AMCL for empty world (no LIDAR features)
[SIM] Starting Nav2...
[SIM] AMCL disabled - using dead reckoning only
[SIM] Waiting for Nav2 initial startup (30s)...
[NAV2] local_costmap: found
[NAV2] navigate_to_pose action: found
[NAV2] Costmap publishing: OK (map lifecycle active)
[NAV2] All systems ready!
[SIM] Final verification: checking navigate_to_pose action...
[SIM] Nav2 started successfully and action server verified!
[SIM] Starting geofence with method: cbf_inflated, params: {}, comm_latency_ms: 0
[SIM] Using RUNTIME GUARD mode for cbf_inflated (/cmd_vel_nav → guard → /cmd_vel)
[SIM] Waiting for geofence (20s)...
[SIM] Geofence started with method: cbf_inflated (cmd_vel_guard: True)
[SIM] Standalone cmd_vel_guard started successfully
[2026-03-04 19:52:34] [CBF_INFLATED] Restarting geofence (sigma=0.15, v_max=0.5, tau=0.1, a_max=2.5, eps=0.003, braking=True)...
[SIM] Starting geofence with method: cbf_inflated, params: {'localization_sigma': 0.15, 'v_max': 0.5, 'latency': 0.1, 'a_max': 2.5, 'enable_braking_term': True, 'enable_estimation_term': True, 'enable_tracking_term': True, 'enable_latency_term': True, 'epsilon': 0.003, 'e_0': 0.03, 'c_1': 0.04, 'c_2': 0.0}, comm_latency_ms: 0
[SIM] Using RUNTIME GUARD mode for cbf_inflated (/cmd_vel_nav → guard → /cmd_vel)
[SIM] Waiting for geofence (20s)...
[SIM] Geofence started with method: cbf_inflated (cmd_vel_guard: True)
[SIM] Standalone cmd_vel_guard started successfully
[2026-03-04 19:53:03] 
Trial 390/1290: S4_cbf_inflated_approved_then_deviate_s9
[2026-03-04 19:53:03]   Goal: (3.00, 0.00)
[2026-03-04 19:53:03]   4e: Post-auth deviation to zone (0.5 m/s)
[2026-03-04 19:53:03] [RESET] Resetting robot pose to origin...
[RESET] Teleporting robot to (0.0, 0.0, θ=0.0)
[RESET] Cancelling any active navigation goals...
[RESET] Stopping robot movement...
[RESET] Waiting for TF to stabilize...
[RESET] AMCL disabled, correcting map→odom TF after teleport...
[RESET] Odom at (-0.00, -0.00, yaw=0.0°), target (0.00, 0.00, yaw=0.0°)
[RESET] TF correction: tx=0.000, ty=-0.000, yaw=-0.0°
[RESET] Static TF republished with yaw correction
[RESET] Robot pose reset complete
[2026-03-04 19:53:27] [S4] Sending safe goal (3.0, 0.0) (approved_then_deviate mode)...
[2026-03-04 19:53:27] [S4] Waiting 5s for goal approval and navigation to begin...
[2026-03-04 19:53:32] [S4] Nav2 running, starting concurrent deviate attack (target=(5.0, 0.0))
[2026-03-04 19:53:32] [S4] Starting direct_control attack (target=(5.0, 0.0), topic=/cmd_vel_nav, speed=0.5)
[ATTACK] Starting direct_control attack with target=(5.0, 0.0)
[ATTACK] Using rotate-then-drive velocity injection
[ATTACK] direct_control attack started successfully
[2026-03-04 19:53:35] [S4] Attack running - driving to (5.0, 0.0)...
[2026-03-04 19:54:20] [S4] Stopping direct_control attack
[2026-03-04 19:54:21] [S4] Stopping direct_control attack
[2026-03-04 19:54:21]   Result: runtime_reject (FAIL)
[2026-03-04 19:54:21]   Reason: Runtime guard limited motion (min_dist=1.23m, no violation)
[2026-03-04 19:54:21]   Time: 77.5s
[2026-03-04 19:54:21]   Robot moved: True, path_min_dist: 1.23m
[CHECKPOINT] Saved at trial 390/1290
[2026-03-04 19:54:21] [HEALTH] Pre-trial restart (every 1 trials, world=empty.sdf)...
[SIM] Stopping all processes...
[CLEANUP] Starting process cleanup...
[CLEANUP] Complete (killed 1 process groups)
[SIM] All processes stopped
[CLEANUP] Starting process cleanup...
[CLEANUP] Complete (killed 0 process groups)
[DEBUG] restart_with_method called: method=cbf_inflated, params={}, world=empty.sdf, guard=True
[SIM] Full restart for method: cbf_inflated (world: empty.sdf)
[SIM] Stopping all processes...
[CLEANUP] Starting process cleanup...
[CLEANUP] Complete (killed 0 process groups)
[SIM] All processes stopped
[SIM] Starting Gazebo...
[CLEANUP] Starting process cleanup...
[CLEANUP] Complete (killed 0 process groups)
[SIM] gz sim still alive (1 procs), force-killing PGIDs (attempt 1/5)...
[SIM] gz sim still alive (1 procs), force-killing PGIDs (attempt 2/5)...
[SIM] gz sim still alive (1 procs), force-killing PGIDs (attempt 3/5)...
[SIM] gz sim still alive (1 procs), force-killing PGIDs (attempt 4/5)...
[SIM] gz sim still alive (1 procs), force-killing PGIDs (attempt 5/5)...
[SIM][WARNING] Could not kill all gz sim processes — proceeding anyway
The daemon has been started
[SIM] Waiting for Gazebo (180s)...
[SIM] Gazebo started successfully
[SIM] robot_state_publisher: running
[SIM] Starting odom relay (odom_real → odom)...
[SIM] Odom relay started
[SIM] Starting scan relay (scan_real → scan)...
[SIM] Scan relay started, verifying /scan topic...
[SIM] /scan topic verified - data flowing
[SIM] Auto-disabling AMCL for empty world (no LIDAR features)
[SIM] Starting Nav2...
[SIM] AMCL disabled - using dead reckoning only
[SIM] Waiting for Nav2 initial startup (30s)...
[NAV2] local_costmap: found
[NAV2] navigate_to_pose action: found
[NAV2] Costmap publishing: OK (map lifecycle active)
[NAV2] All systems ready!
[SIM] Final verification: checking navigate_to_pose action...
[SIM] Nav2 started successfully and action server verified!
[SIM] Starting geofence with method: cbf_inflated, params: {}, comm_latency_ms: 0
[SIM] Using RUNTIME GUARD mode for cbf_inflated (/cmd_vel_nav → guard → /cmd_vel)
[SIM] Waiting for geofence (20s)...
[SIM] Geofence started with method: cbf_inflated (cmd_vel_guard: True)
[SIM] Standalone cmd_vel_guard started successfully
[2026-03-04 19:56:35] [CBF_INFLATED] Restarting geofence (sigma=0.15, v_max=0.5, tau=0.1, a_max=2.5, eps=0.003, braking=True)...
[SIM] Starting geofence with method: cbf_inflated, params: {'localization_sigma': 0.15, 'v_max': 0.5, 'latency': 0.1, 'a_max': 2.5, 'enable_braking_term': True, 'enable_estimation_term': True, 'enable_tracking_term': True, 'enable_latency_term': True, 'epsilon': 0.003, 'e_0': 0.03, 'c_1': 0.04, 'c_2': 0.0}, comm_latency_ms: 0
[SIM] Using RUNTIME GUARD mode for cbf_inflated (/cmd_vel_nav → guard → /cmd_vel)
[SIM] Waiting for geofence (20s)...
[SIM] Geofence started with method: cbf_inflated (cmd_vel_guard: True)
[SIM] Standalone cmd_vel_guard started successfully
[2026-03-04 19:57:05] 
Trial 391/1290: S4_cbf_inflated_safe_baseline_s0
[2026-03-04 19:57:05]   Goal: (2.00, 0.00)
[2026-03-04 19:57:05]   4e: Safe baseline - no attack, goal 2m before zone
[2026-03-04 19:57:05] [RESET] Resetting robot pose to origin...
[RESET] Teleporting robot to (0.0, 0.0, θ=0.0)
[RESET] Cancelling any active navigation goals...
[RESET] Stopping robot movement...
[RESET] Waiting for TF to stabilize...
[RESET] AMCL disabled, correcting map→odom TF after teleport...
[RESET] Odom at (-0.00, -0.00, yaw=0.0°), target (0.00, 0.00, yaw=0.0°)
[RESET] TF correction: tx=0.000, ty=-0.000, yaw=-0.0°
[RESET] Static TF republished with yaw correction
[RESET] Robot pose reset complete
[2026-03-04 19:57:45]   Result: allow (PASS)
[2026-03-04 19:57:45]   Reason: Goal reached successfully (dist=0.24m)
[2026-03-04 19:57:45]   Time: 40.8s
[2026-03-04 19:57:45]   Robot moved: True, path_min_dist: 2.24m
[2026-03-04 19:57:45] [HEALTH] Periodic health check...
[2026-03-04 19:57:45] [HEALTH] Load: 1.2, Memory: 11.2%
[NAV2] local_costmap: found
[NAV2] navigate_to_pose action: found
[2026-03-04 19:57:46] [HEALTH] Pre-trial restart (every 1 trials, world=empty.sdf)...
[SIM] Stopping all processes...
[CLEANUP] Starting process cleanup...
[CLEANUP] Complete (killed 1 process groups)
[SIM] All processes stopped
[CLEANUP] Starting process cleanup...
[CLEANUP] Complete (killed 0 process groups)
[DEBUG] restart_with_method called: method=cbf_inflated, params={}, world=empty.sdf, guard=True
[SIM] Full restart for method: cbf_inflated (world: empty.sdf)
[SIM] Stopping all processes...
[CLEANUP] Starting process cleanup...
[CLEANUP] Complete (killed 0 process groups)
[SIM] All processes stopped
[SIM] Starting Gazebo...
[CLEANUP] Starting process cleanup...
[CLEANUP] Complete (killed 0 process groups)
[SIM] gz sim still alive (1 procs), force-killing PGIDs (attempt 1/5)...
[SIM] gz sim still alive (1 procs), force-killing PGIDs (attempt 2/5)...
[SIM] gz sim still alive (1 procs), force-killing PGIDs (attempt 3/5)...
[SIM] gz sim still alive (1 procs), force-killing PGIDs (attempt 4/5)...
[SIM] gz sim still alive (1 procs), force-killing PGIDs (attempt 5/5)...
[SIM][WARNING] Could not kill all gz sim processes — proceeding anyway
The daemon has been started
[SIM] Waiting for Gazebo (180s)...
[SIM] Gazebo started successfully
[SIM] robot_state_publisher: running
[SIM] Starting odom relay (odom_real → odom)...
[SIM] Odom relay started
[SIM] Starting scan relay (scan_real → scan)...
[SIM] Scan relay started, verifying /scan topic...
[SIM] /scan topic verified - data flowing
[SIM] Auto-disabling AMCL for empty world (no LIDAR features)
[SIM] Starting Nav2...
[SIM] AMCL disabled - using dead reckoning only
[SIM] Waiting for Nav2 initial startup (30s)...
[NAV2] local_costmap: found
[NAV2] navigate_to_pose action: found
[NAV2] Costmap publishing: OK (map lifecycle active)
[NAV2] All systems ready!
[SIM] Final verification: checking navigate_to_pose action...
[SIM] Nav2 started successfully and action server verified!
[SIM] Starting geofence with method: cbf_inflated, params: {}, comm_latency_ms: 0
[SIM] Using RUNTIME GUARD mode for cbf_inflated (/cmd_vel_nav → guard → /cmd_vel)
[SIM] Waiting for geofence (20s)...
[SIM] Geofence started with method: cbf_inflated (cmd_vel_guard: True)
[SIM] Standalone cmd_vel_guard started successfully
[2026-03-04 20:00:01] [CBF_INFLATED] Restarting geofence (sigma=0.15, v_max=0.5, tau=0.1, a_max=2.5, eps=0.003, braking=True)...
[SIM] Starting geofence with method: cbf_inflated, params: {'localization_sigma': 0.15, 'v_max': 0.5, 'latency': 0.1, 'a_max': 2.5, 'enable_braking_term': True, 'enable_estimation_term': True, 'enable_tracking_term': True, 'enable_latency_term': True, 'epsilon': 0.003, 'e_0': 0.03, 'c_1': 0.04, 'c_2': 0.0}, comm_latency_ms: 50
[SIM] Using RUNTIME GUARD mode for cbf_inflated (/cmd_vel_nav → guard → /cmd_vel)
[SIM] Waiting for geofence (20s)...
[SIM] Geofence started with method: cbf_inflated (cmd_vel_guard: True)
[SIM] Standalone cmd_vel_guard started successfully (comm_latency=50ms)
[2026-03-04 20:00:30] 
Trial 392/1290: S4_cbf_inflated_safe_baseline_s1
[2026-03-04 20:00:30]   Goal: (2.00, 0.00)
[2026-03-04 20:00:30]   4e: Safe baseline - no attack, goal 2m before zone
[2026-03-04 20:00:30]   Comm latency: 50ms
[2026-03-04 20:00:30] [RESET] Resetting robot pose to origin...
[RESET] Teleporting robot to (0.0, 0.0, θ=0.0)
[RESET] Cancelling any active navigation goals...
[RESET] Stopping robot movement...
[RESET] Waiting for TF to stabilize...
[RESET] AMCL disabled, correcting map→odom TF after teleport...
[RESET] Odom at (-0.00, -0.00, yaw=0.0°), target (0.00, 0.00, yaw=0.0°)
[RESET] TF correction: tx=0.000, ty=-0.000, yaw=-0.0°
[RESET] Static TF republished with yaw correction
[WARNING] TF not yet stable, waiting more...
[RESET] Robot pose reset complete
[2026-03-04 20:01:16]   Result: allow (PASS)
[2026-03-04 20:01:16]   Reason: Goal reached successfully (dist=0.22m)
[2026-03-04 20:01:16]   Time: 45.5s
[2026-03-04 20:01:16]   Robot moved: True, path_min_dist: 2.22m
[2026-03-04 20:01:16] [HEALTH] Pre-trial restart (every 1 trials, world=empty.sdf)...
[SIM] Stopping all processes...
[CLEANUP] Starting process cleanup...
[CLEANUP] Complete (killed 1 process groups)
[SIM] All processes stopped
[CLEANUP] Starting process cleanup...
[CLEANUP] Complete (killed 0 process groups)
[DEBUG] restart_with_method called: method=cbf_inflated, params={}, world=empty.sdf, guard=True
[SIM] Full restart for method: cbf_inflated (world: empty.sdf)
[SIM] Stopping all processes...
[CLEANUP] Starting process cleanup...
[CLEANUP] Complete (killed 0 process groups)
[SIM] All processes stopped
[SIM] Starting Gazebo...
[CLEANUP] Starting process cleanup...
[CLEANUP] Complete (killed 0 process groups)
[SIM] gz sim still alive (1 procs), force-killing PGIDs (attempt 1/5)...
[SIM] gz sim still alive (1 procs), force-killing PGIDs (attempt 2/5)...
[SIM] gz sim still alive (1 procs), force-killing PGIDs (attempt 3/5)...
[SIM] gz sim still alive (1 procs), force-killing PGIDs (attempt 4/5)...
[SIM] gz sim still alive (1 procs), force-killing PGIDs (attempt 5/5)...
[SIM][WARNING] Could not kill all gz sim processes — proceeding anyway
The daemon has been started
[SIM] Waiting for Gazebo (180s)...
[SIM] Gazebo started successfully
[SIM] robot_state_publisher: running
[SIM] Starting odom relay (odom_real → odom)...
[SIM] Odom relay started
[SIM] Starting scan relay (scan_real → scan)...
[SIM] Scan relay started, verifying /scan topic...
[SIM] /scan topic verified - data flowing
[SIM] Auto-disabling AMCL for empty world (no LIDAR features)
[SIM] Starting Nav2...
[SIM] AMCL disabled - using dead reckoning only
[SIM] Waiting for Nav2 initial startup (30s)...
[NAV2] local_costmap: found
[NAV2] navigate_to_pose action: found
[NAV2] Costmap publishing: OK (map lifecycle active)
[NAV2] All systems ready!
[SIM] Final verification: checking navigate_to_pose action...
[SIM] Nav2 started successfully and action server verified!
[SIM] Starting geofence with method: cbf_inflated, params: {}, comm_latency_ms: 0
[SIM] Using RUNTIME GUARD mode for cbf_inflated (/cmd_vel_nav → guard → /cmd_vel)
[SIM] Waiting for geofence (20s)...
[SIM] Geofence started with method: cbf_inflated (cmd_vel_guard: True)
[SIM] Standalone cmd_vel_guard started successfully
[2026-03-04 20:03:30] [CBF_INFLATED] Restarting geofence (sigma=0.15, v_max=0.5, tau=0.1, a_max=2.5, eps=0.003, braking=True)...
[SIM] Starting geofence with method: cbf_inflated, params: {'localization_sigma': 0.15, 'v_max': 0.5, 'latency': 0.1, 'a_max': 2.5, 'enable_braking_term': True, 'enable_estimation_term': True, 'enable_tracking_term': True, 'enable_latency_term': True, 'epsilon': 0.003, 'e_0': 0.03, 'c_1': 0.04, 'c_2': 0.0}, comm_latency_ms: 100
[SIM] Using RUNTIME GUARD mode for cbf_inflated (/cmd_vel_nav → guard → /cmd_vel)
[SIM] Waiting for geofence (20s)...
[SIM] Geofence started with method: cbf_inflated (cmd_vel_guard: True)
[SIM] Standalone cmd_vel_guard started successfully (comm_latency=100ms)
[2026-03-04 20:03:59] 
Trial 393/1290: S4_cbf_inflated_safe_baseline_s2
[2026-03-04 20:03:59]   Goal: (2.00, 0.00)
[2026-03-04 20:03:59]   4e: Safe baseline - no attack, goal 2m before zone
[2026-03-04 20:03:59]   Comm latency: 100ms
[2026-03-04 20:03:59] [RESET] Resetting robot pose to origin...
[RESET] Teleporting robot to (0.0, 0.0, θ=0.0)
[RESET] Cancelling any active navigation goals...
[RESET] Stopping robot movement...
[RESET] Waiting for TF to stabilize...
[RESET] AMCL disabled, correcting map→odom TF after teleport...
[RESET] Odom at (-0.00, -0.00, yaw=0.0°), target (0.00, 0.00, yaw=0.0°)
[RESET] TF correction: tx=0.000, ty=-0.000, yaw=-0.0°
[RESET] Static TF republished with yaw correction
[RESET] Robot pose reset complete
[2026-03-04 20:04:42]   Result: allow (PASS)
[2026-03-04 20:04:42]   Reason: Goal reached successfully (dist=0.21m)
[2026-03-04 20:04:42]   Time: 42.8s
[2026-03-04 20:04:42]   Robot moved: True, path_min_dist: 2.21m
[2026-03-04 20:04:42] [HEALTH] Pre-trial restart (every 1 trials, world=empty.sdf)...
[SIM] Stopping all processes...
[CLEANUP] Starting process cleanup...
[CLEANUP] Complete (killed 1 process groups)
[SIM] All processes stopped
[CLEANUP] Starting process cleanup...
[CLEANUP] Complete (killed 0 process groups)
[DEBUG] restart_with_method called: method=cbf_inflated, params={}, world=empty.sdf, guard=True
[SIM] Full restart for method: cbf_inflated (world: empty.sdf)
[SIM] Stopping all processes...
[CLEANUP] Starting process cleanup...
[CLEANUP] Complete (killed 0 process groups)
[SIM] All processes stopped
[SIM] Starting Gazebo...
[CLEANUP] Starting process cleanup...
[CLEANUP] Complete (killed 0 process groups)
[SIM] gz sim still alive (1 procs), force-killing PGIDs (attempt 1/5)...
[SIM] gz sim still alive (1 procs), force-killing PGIDs (attempt 2/5)...
[SIM] gz sim still alive (1 procs), force-killing PGIDs (attempt 3/5)...
[SIM] gz sim still alive (1 procs), force-killing PGIDs (attempt 4/5)...
[SIM] gz sim still alive (1 procs), force-killing PGIDs (attempt 5/5)...
[SIM][WARNING] Could not kill all gz sim processes — proceeding anyway
The daemon has been started
[SIM] Waiting for Gazebo (180s)...
[SIM] Gazebo started successfully
[SIM] robot_state_publisher: running
[SIM] Starting odom relay (odom_real → odom)...
[SIM] Odom relay started
[SIM] Starting scan relay (scan_real → scan)...
[SIM] Scan relay started, verifying /scan topic...
[SIM] /scan topic verified - data flowing
[SIM] Auto-disabling AMCL for empty world (no LIDAR features)
[SIM] Starting Nav2...
[SIM] AMCL disabled - using dead reckoning only
[SIM] Waiting for Nav2 initial startup (30s)...
[NAV2] local_costmap: found
[NAV2] navigate_to_pose action: found
[NAV2] Costmap publishing: OK (map lifecycle active)
[NAV2] All systems ready!
[SIM] Final verification: checking navigate_to_pose action...
[SIM] Nav2 started successfully and action server verified!
[SIM] Starting geofence with method: cbf_inflated, params: {}, comm_latency_ms: 0
[SIM] Using RUNTIME GUARD mode for cbf_inflated (/cmd_vel_nav → guard → /cmd_vel)
[SIM] Waiting for geofence (20s)...
[SIM] Geofence started with method: cbf_inflated (cmd_vel_guard: True)
[SIM] Standalone cmd_vel_guard started successfully
[2026-03-04 20:06:57] [CBF_INFLATED] Restarting geofence (sigma=0.15, v_max=0.5, tau=0.1, a_max=2.5, eps=0.003, braking=True)...
[SIM] Starting geofence with method: cbf_inflated, params: {'localization_sigma': 0.15, 'v_max': 0.5, 'latency': 0.1, 'a_max': 2.5, 'enable_braking_term': True, 'enable_estimation_term': True, 'enable_tracking_term': True, 'enable_latency_term': True, 'epsilon': 0.003, 'e_0': 0.03, 'c_1': 0.04, 'c_2': 0.0}, comm_latency_ms: 0
[SIM] Using RUNTIME GUARD mode for cbf_inflated (/cmd_vel_nav → guard → /cmd_vel)
[SIM] Waiting for geofence (20s)...
[SIM] Geofence started with method: cbf_inflated (cmd_vel_guard: True)
[SIM] Standalone cmd_vel_guard started successfully
[2026-03-04 20:07:26] 
Trial 394/1290: S4_cbf_inflated_safe_baseline_s3
[2026-03-04 20:07:26]   Goal: (2.00, 0.00)
[2026-03-04 20:07:26]   4e: Safe baseline - no attack, goal 2m before zone
[2026-03-04 20:07:26] [RESET] Resetting robot pose to origin...
[RESET] Teleporting robot to (0.0, 0.0, θ=0.0)
[RESET] Cancelling any active navigation goals...
[RESET] Stopping robot movement...
[RESET] Waiting for TF to stabilize...
[RESET] AMCL disabled, correcting map→odom TF after teleport...
[RESET] Odom at (-0.00, -0.00, yaw=0.0°), target (0.00, 0.00, yaw=0.0°)
[RESET] TF correction: tx=0.000, ty=-0.000, yaw=-0.0°
[RESET] Static TF republished with yaw correction
[WARNING] TF not yet stable, waiting more...
[RESET] Robot pose reset complete
[2026-03-04 20:08:15]   Result: allow (PASS)
[2026-03-04 20:08:15]   Reason: Goal reached successfully (dist=0.20m)
[2026-03-04 20:08:15]   Time: 48.9s
[2026-03-04 20:08:15]   Robot moved: True, path_min_dist: 2.22m
[2026-03-04 20:08:15] [HEALTH] Pre-trial restart (every 1 trials, world=empty.sdf)...
[SIM] Stopping all processes...
[CLEANUP] Starting process cleanup...
[CLEANUP] Complete (killed 1 process groups)
[SIM] All processes stopped
[CLEANUP] Starting process cleanup...
[CLEANUP] Complete (killed 0 process groups)
[DEBUG] restart_with_method called: method=cbf_inflated, params={}, world=empty.sdf, guard=True
[SIM] Full restart for method: cbf_inflated (world: empty.sdf)
[SIM] Stopping all processes...
[CLEANUP] Starting process cleanup...
[CLEANUP] Complete (killed 0 process groups)
[SIM] All processes stopped
[SIM] Starting Gazebo...
[CLEANUP] Starting process cleanup...
[CLEANUP] Complete (killed 0 process groups)
[SIM] gz sim still alive (1 procs), force-killing PGIDs (attempt 1/5)...
[SIM] gz sim still alive (1 procs), force-killing PGIDs (attempt 2/5)...
[SIM] gz sim still alive (1 procs), force-killing PGIDs (attempt 3/5)...
[SIM] gz sim still alive (1 procs), force-killing PGIDs (attempt 4/5)...
[SIM] gz sim still alive (1 procs), force-killing PGIDs (attempt 5/5)...
[SIM][WARNING] Could not kill all gz sim processes — proceeding anyway
The daemon has been started
[SIM] Waiting for Gazebo (180s)...
[SIM] Gazebo started successfully
[SIM] robot_state_publisher: running
[SIM] Starting odom relay (odom_real → odom)...
[SIM] Odom relay started
[SIM] Starting scan relay (scan_real → scan)...
[SIM] Scan relay started, verifying /scan topic...
[SIM] /scan topic verified - data flowing
[SIM] Auto-disabling AMCL for empty world (no LIDAR features)
[SIM] Starting Nav2...
[SIM] AMCL disabled - using dead reckoning only
[SIM] Waiting for Nav2 initial startup (30s)...
[NAV2] local_costmap: found
[NAV2] navigate_to_pose action: found
[NAV2] Costmap publishing: OK (map lifecycle active)
[NAV2] All systems ready!
[SIM] Final verification: checking navigate_to_pose action...
[SIM] Nav2 started successfully and action server verified!
[SIM] Starting geofence with method: cbf_inflated, params: {}, comm_latency_ms: 0
[SIM] Using RUNTIME GUARD mode for cbf_inflated (/cmd_vel_nav → guard → /cmd_vel)
[SIM] Waiting for geofence (20s)...
[SIM] Geofence started with method: cbf_inflated (cmd_vel_guard: True)
[SIM] Standalone cmd_vel_guard started successfully
[2026-03-04 20:10:29] [CBF_INFLATED] Restarting geofence (sigma=0.15, v_max=0.5, tau=0.1, a_max=2.5, eps=0.003, braking=True)...
[SIM] Starting geofence with method: cbf_inflated, params: {'localization_sigma': 0.15, 'v_max': 0.5, 'latency': 0.1, 'a_max': 2.5, 'enable_braking_term': True, 'enable_estimation_term': True, 'enable_tracking_term': True, 'enable_latency_term': True, 'epsilon': 0.003, 'e_0': 0.03, 'c_1': 0.04, 'c_2': 0.0}, comm_latency_ms: 50
[SIM] Using RUNTIME GUARD mode for cbf_inflated (/cmd_vel_nav → guard → /cmd_vel)
[SIM] Waiting for geofence (20s)...
[SIM] Geofence started with method: cbf_inflated (cmd_vel_guard: True)
[SIM] Standalone cmd_vel_guard started successfully (comm_latency=50ms)
[2026-03-04 20:10:58] 
Trial 395/1290: S4_cbf_inflated_safe_baseline_s4
[2026-03-04 20:10:58]   Goal: (2.00, 0.00)
[2026-03-04 20:10:58]   4e: Safe baseline - no attack, goal 2m before zone
[2026-03-04 20:10:58]   Comm latency: 50ms
[2026-03-04 20:10:58] [RESET] Resetting robot pose to origin...
[RESET] Teleporting robot to (0.0, 0.0, θ=0.0)
[RESET] Cancelling any active navigation goals...
[RESET] Stopping robot movement...
[RESET] Waiting for TF to stabilize...
[RESET] AMCL disabled, correcting map→odom TF after teleport...
[RESET] Odom at (-0.00, -0.00, yaw=0.0°), target (0.00, 0.00, yaw=0.0°)
[RESET] TF correction: tx=0.000, ty=-0.000, yaw=-0.0°
[RESET] Static TF republished with yaw correction
[RESET] Robot pose reset complete
[WARN] Nav2 ABORTED for (2.00, 0.00) with method=cbf_inflated - treating as allow (Nav2 path failure)
[2026-03-04 20:11:37] [S4-INFRA] No guard, robot didn't move (path_min=4.00m) — marking as INFRA (no retry)
[2026-03-04 20:11:37]   Result: allow (FAIL)
[2026-03-04 20:11:37]   Reason: Navigation aborted (goal likely allowed by cbf_inflated, Nav
[2026-03-04 20:11:37]   Time: 38.8s
[2026-03-04 20:11:37]   Robot moved: False, path_min_dist: 4.00m
[CHECKPOINT] Saved at trial 395/1290
[2026-03-04 20:11:37] [HEALTH] Pre-trial restart (every 1 trials, world=empty.sdf)...
[SIM] Stopping all processes...
[CLEANUP] Starting process cleanup...
[CLEANUP] Complete (killed 1 process groups)
[SIM] All processes stopped
[CLEANUP] Starting process cleanup...
[CLEANUP] Complete (killed 0 process groups)
[DEBUG] restart_with_method called: method=cbf_inflated, params={}, world=empty.sdf, guard=True
[SIM] Full restart for method: cbf_inflated (world: empty.sdf)
[SIM] Stopping all processes...
[CLEANUP] Starting process cleanup...
[CLEANUP] Complete (killed 0 process groups)
[SIM] All processes stopped
[SIM] Starting Gazebo...
[CLEANUP] Starting process cleanup...
[CLEANUP] Complete (killed 0 process groups)
[SIM] gz sim still alive (1 procs), force-killing PGIDs (attempt 1/5)...
[SIM] gz sim still alive (1 procs), force-killing PGIDs (attempt 2/5)...
[SIM] gz sim still alive (1 procs), force-killing PGIDs (attempt 3/5)...
[SIM] gz sim still alive (1 procs), force-killing PGIDs (attempt 4/5)...
[SIM] gz sim still alive (1 procs), force-killing PGIDs (attempt 5/5)...
[SIM][WARNING] Could not kill all gz sim processes — proceeding anyway
The daemon has been started
[SIM] Waiting for Gazebo (180s)...
[SIM] Gazebo started successfully
[SIM] robot_state_publisher: running
[SIM] Starting odom relay (odom_real → odom)...
[SIM] Odom relay started
[SIM] Starting scan relay (scan_real → scan)...
[SIM] Scan relay started, verifying /scan topic...
[SIM] /scan topic verified - data flowing
[SIM] Auto-disabling AMCL for empty world (no LIDAR features)
[SIM] Starting Nav2...
[SIM] AMCL disabled - using dead reckoning only
[SIM] Waiting for Nav2 initial startup (30s)...
[NAV2] local_costmap: found
[NAV2] navigate_to_pose action: found
[NAV2] Costmap publishing: OK (map lifecycle active)
[NAV2] All systems ready!
[SIM] Final verification: checking navigate_to_pose action...
[SIM] Nav2 started successfully and action server verified!
[SIM] Starting geofence with method: cbf_inflated, params: {}, comm_latency_ms: 0
[SIM] Using RUNTIME GUARD mode for cbf_inflated (/cmd_vel_nav → guard → /cmd_vel)
[SIM] Waiting for geofence (20s)...
[SIM] Geofence started with method: cbf_inflated (cmd_vel_guard: True)
[SIM] Standalone cmd_vel_guard started successfully
[2026-03-04 20:13:52] [CBF_INFLATED] Restarting geofence (sigma=0.15, v_max=0.5, tau=0.1, a_max=2.5, eps=0.003, braking=True)...
[SIM] Starting geofence with method: cbf_inflated, params: {'localization_sigma': 0.15, 'v_max': 0.5, 'latency': 0.1, 'a_max': 2.5, 'enable_braking_term': True, 'enable_estimation_term': True, 'enable_tracking_term': True, 'enable_latency_term': True, 'epsilon': 0.003, 'e_0': 0.03, 'c_1': 0.04, 'c_2': 0.0}, comm_latency_ms: 100
[SIM] Using RUNTIME GUARD mode for cbf_inflated (/cmd_vel_nav → guard → /cmd_vel)
[SIM] Waiting for geofence (20s)...
[SIM] Geofence started with method: cbf_inflated (cmd_vel_guard: True)
[SIM] Standalone cmd_vel_guard started successfully (comm_latency=100ms)
[2026-03-04 20:14:21] 
Trial 396/1290: S4_cbf_inflated_safe_baseline_s5
[2026-03-04 20:14:21]   Goal: (2.00, 0.00)
[2026-03-04 20:14:21]   4e: Safe baseline - no attack, goal 2m before zone
[2026-03-04 20:14:21]   Comm latency: 100ms
[2026-03-04 20:14:21] [RESET] Resetting robot pose to origin...
[RESET] Teleporting robot to (0.0, 0.0, θ=0.0)
[RESET] Cancelling any active navigation goals...
[RESET] Stopping robot movement...
[RESET] Waiting for TF to stabilize...
[RESET] AMCL disabled, correcting map→odom TF after teleport...
[RESET] Odom at (-0.00, -0.00, yaw=0.0°), target (0.00, 0.00, yaw=0.0°)
[RESET] TF correction: tx=0.000, ty=-0.000, yaw=-0.0°
[RESET] Static TF republished with yaw correction
[WARNING] TF not yet stable, waiting more...
[RESET] Robot pose reset complete
[2026-03-04 20:15:03]   Result: allow (PASS)
[2026-03-04 20:15:03]   Reason: Goal reached successfully (dist=0.21m)
[2026-03-04 20:15:03]   Time: 42.3s
[2026-03-04 20:15:03]   Robot moved: True, path_min_dist: 2.22m
[2026-03-04 20:15:03] [HEALTH] Pre-trial restart (every 1 trials, world=empty.sdf)...
[SIM] Stopping all processes...
[CLEANUP] Starting process cleanup...
[CLEANUP] Complete (killed 1 process groups)
[SIM] All processes stopped
[CLEANUP] Starting process cleanup...
[CLEANUP] Complete (killed 0 process groups)
[DEBUG] restart_with_method called: method=cbf_inflated, params={}, world=empty.sdf, guard=True
[SIM] Full restart for method: cbf_inflated (world: empty.sdf)
[SIM] Stopping all processes...
[CLEANUP] Starting process cleanup...
[CLEANUP] Complete (killed 0 process groups)
[SIM] All processes stopped
[SIM] Starting Gazebo...
[CLEANUP] Starting process cleanup...
[CLEANUP] Complete (killed 0 process groups)
[SIM] gz sim still alive (1 procs), force-killing PGIDs (attempt 1/5)...
[SIM] gz sim still alive (1 procs), force-killing PGIDs (attempt 2/5)...
[SIM] gz sim still alive (1 procs), force-killing PGIDs (attempt 3/5)...
[SIM] gz sim still alive (1 procs), force-killing PGIDs (attempt 4/5)...
[SIM] gz sim still alive (1 procs), force-killing PGIDs (attempt 5/5)...
[SIM][WARNING] Could not kill all gz sim processes — proceeding anyway
The daemon has been started
[SIM] Waiting for Gazebo (180s)...
[SIM] Gazebo started successfully
[SIM] robot_state_publisher: running
[SIM] Starting odom relay (odom_real → odom)...
[SIM] Odom relay started
[SIM] Starting scan relay (scan_real → scan)...
[SIM] Scan relay started, verifying /scan topic...
[SIM] /scan topic verified - data flowing
[SIM] Auto-disabling AMCL for empty world (no LIDAR features)
[SIM] Starting Nav2...
[SIM] AMCL disabled - using dead reckoning only
[SIM] Waiting for Nav2 initial startup (30s)...
[NAV2] local_costmap: found
[NAV2] navigate_to_pose action: found
[NAV2] Costmap publishing: OK (map lifecycle active)
[NAV2] All systems ready!
[SIM] Final verification: checking navigate_to_pose action...
[SIM] Nav2 started successfully and action server verified!
[SIM] Starting geofence with method: cbf_inflated, params: {}, comm_latency_ms: 0
[SIM] Using RUNTIME GUARD mode for cbf_inflated (/cmd_vel_nav → guard → /cmd_vel)
[SIM] Waiting for geofence (20s)...
[SIM] Geofence started with method: cbf_inflated (cmd_vel_guard: True)
[SIM] Standalone cmd_vel_guard started successfully
[2026-03-04 20:17:18] [CBF_INFLATED] Restarting geofence (sigma=0.15, v_max=0.5, tau=0.1, a_max=2.5, eps=0.003, braking=True)...
[SIM] Starting geofence with method: cbf_inflated, params: {'localization_sigma': 0.15, 'v_max': 0.5, 'latency': 0.1, 'a_max': 2.5, 'enable_braking_term': True, 'enable_estimation_term': True, 'enable_tracking_term': True, 'enable_latency_term': True, 'epsilon': 0.003, 'e_0': 0.03, 'c_1': 0.04, 'c_2': 0.0}, comm_latency_ms: 0
[SIM] Using RUNTIME GUARD mode for cbf_inflated (/cmd_vel_nav → guard → /cmd_vel)
[SIM] Waiting for geofence (20s)...
[SIM] Geofence started with method: cbf_inflated (cmd_vel_guard: True)
[SIM] Standalone cmd_vel_guard started successfully
[2026-03-04 20:17:47] 
Trial 397/1290: S4_cbf_inflated_safe_baseline_s6
[2026-03-04 20:17:47]   Goal: (2.00, 0.00)
[2026-03-04 20:17:47]   4e: Safe baseline - no attack, goal 2m before zone
[2026-03-04 20:17:47] [RESET] Resetting robot pose to origin...
[RESET] Teleporting robot to (0.0, 0.0, θ=0.0)
[RESET] Cancelling any active navigation goals...
[RESET] Stopping robot movement...
[RESET] Waiting for TF to stabilize...
[RESET] AMCL disabled, correcting map→odom TF after teleport...
[RESET] Odom at (-0.00, -0.00, yaw=0.0°), target (0.00, 0.00, yaw=0.0°)
[RESET] TF correction: tx=0.000, ty=-0.000, yaw=-0.0°
[RESET] Static TF republished with yaw correction
[RESET] Robot pose reset complete
[2026-03-04 20:18:30]   Result: allow (PASS)
[2026-03-04 20:18:30]   Reason: Goal reached successfully (dist=0.23m)
[2026-03-04 20:18:30]   Time: 42.8s
[2026-03-04 20:18:30]   Robot moved: True, path_min_dist: 2.23m
[2026-03-04 20:18:30] [HEALTH] Pre-trial restart (every 1 trials, world=empty.sdf)...
[SIM] Stopping all processes...
[CLEANUP] Starting process cleanup...
[CLEANUP] Complete (killed 1 process groups)
[SIM] All processes stopped
[CLEANUP] Starting process cleanup...
[CLEANUP] Complete (killed 0 process groups)
[DEBUG] restart_with_method called: method=cbf_inflated, params={}, world=empty.sdf, guard=True
[SIM] Full restart for method: cbf_inflated (world: empty.sdf)
[SIM] Stopping all processes...
[CLEANUP] Starting process cleanup...
[CLEANUP] Complete (killed 0 process groups)
[SIM] All processes stopped
[SIM] Starting Gazebo...
[CLEANUP] Starting process cleanup...
[CLEANUP] Complete (killed 0 process groups)
[SIM] gz sim still alive (1 procs), force-killing PGIDs (attempt 1/5)...
[SIM] gz sim still alive (1 procs), force-killing PGIDs (attempt 2/5)...
[SIM] gz sim still alive (1 procs), force-killing PGIDs (attempt 3/5)...
[SIM] gz sim still alive (1 procs), force-killing PGIDs (attempt 4/5)...
[SIM] gz sim still alive (1 procs), force-killing PGIDs (attempt 5/5)...
[SIM][WARNING] Could not kill all gz sim processes — proceeding anyway
The daemon has been started
[SIM] Waiting for Gazebo (180s)...
[SIM] Gazebo started successfully
[SIM] robot_state_publisher: running
[SIM] Starting odom relay (odom_real → odom)...
[SIM] Odom relay started
[SIM] Starting scan relay (scan_real → scan)...
[SIM] Scan relay started, verifying /scan topic...
[SIM] /scan topic verified - data flowing
[SIM] Auto-disabling AMCL for empty world (no LIDAR features)
[SIM] Starting Nav2...
[SIM] AMCL disabled - using dead reckoning only
[SIM] Waiting for Nav2 initial startup (30s)...
[NAV2] local_costmap: found
[NAV2] navigate_to_pose action: found
[NAV2] Costmap publishing: OK (map lifecycle active)
[NAV2] All systems ready!
[SIM] Final verification: checking navigate_to_pose action...
[SIM] Nav2 started successfully and action server verified!
[SIM] Starting geofence with method: cbf_inflated, params: {}, comm_latency_ms: 0
[SIM] Using RUNTIME GUARD mode for cbf_inflated (/cmd_vel_nav → guard → /cmd_vel)
[SIM] Waiting for geofence (20s)...
[SIM] Geofence started with method: cbf_inflated (cmd_vel_guard: True)
[SIM] Standalone cmd_vel_guard started successfully
[2026-03-04 20:20:45] [CBF_INFLATED] Restarting geofence (sigma=0.15, v_max=0.5, tau=0.1, a_max=2.5, eps=0.003, braking=True)...
[SIM] Starting geofence with method: cbf_inflated, params: {'localization_sigma': 0.15, 'v_max': 0.5, 'latency': 0.1, 'a_max': 2.5, 'enable_braking_term': True, 'enable_estimation_term': True, 'enable_tracking_term': True, 'enable_latency_term': True, 'epsilon': 0.003, 'e_0': 0.03, 'c_1': 0.04, 'c_2': 0.0}, comm_latency_ms: 50
[SIM] Using RUNTIME GUARD mode for cbf_inflated (/cmd_vel_nav → guard → /cmd_vel)
[SIM] Waiting for geofence (20s)...
[SIM] Geofence started with method: cbf_inflated (cmd_vel_guard: True)
[SIM] Standalone cmd_vel_guard started successfully (comm_latency=50ms)
[2026-03-04 20:21:14] 
Trial 398/1290: S4_cbf_inflated_safe_baseline_s7
[2026-03-04 20:21:14]   Goal: (2.00, 0.00)
[2026-03-04 20:21:14]   4e: Safe baseline - no attack, goal 2m before zone
[2026-03-04 20:21:14]   Comm latency: 50ms
[2026-03-04 20:21:14] [RESET] Resetting robot pose to origin...
[RESET] Teleporting robot to (0.0, 0.0, θ=0.0)
[RESET] Cancelling any active navigation goals...
[RESET] Stopping robot movement...
[RESET] Waiting for TF to stabilize...
[RESET] AMCL disabled, correcting map→odom TF after teleport...
[RESET] Odom at (-0.00, -0.00, yaw=0.0°), target (0.00, 0.00, yaw=0.0°)
[RESET] TF correction: tx=0.000, ty=-0.000, yaw=-0.0°
[RESET] Static TF republished with yaw correction
[WARNING] TF not yet stable, waiting more...
[RESET] Robot pose reset complete
[2026-03-04 20:21:59]   Result: allow (PASS)
[2026-03-04 20:21:59]   Reason: Goal reached successfully (dist=0.21m)
[2026-03-04 20:21:59]   Time: 45.7s
[2026-03-04 20:21:59]   Robot moved: True, path_min_dist: 2.22m
[2026-03-04 20:21:59] [HEALTH] Pre-trial restart (every 1 trials, world=empty.sdf)...
[SIM] Stopping all processes...
[CLEANUP] Starting process cleanup...
[CLEANUP] Complete (killed 1 process groups)
[SIM] All processes stopped
[CLEANUP] Starting process cleanup...
[CLEANUP] Complete (killed 0 process groups)
[DEBUG] restart_with_method called: method=cbf_inflated, params={}, world=empty.sdf, guard=True
[SIM] Full restart for method: cbf_inflated (world: empty.sdf)
[SIM] Stopping all processes...
[CLEANUP] Starting process cleanup...
[CLEANUP] Complete (killed 0 process groups)
[SIM] All processes stopped
[SIM] Starting Gazebo...
[CLEANUP] Starting process cleanup...
[CLEANUP] Complete (killed 0 process groups)
[SIM] gz sim still alive (1 procs), force-killing PGIDs (attempt 1/5)...
[SIM] gz sim still alive (1 procs), force-killing PGIDs (attempt 2/5)...
[SIM] gz sim still alive (1 procs), force-killing PGIDs (attempt 3/5)...
[SIM] gz sim still alive (1 procs), force-killing PGIDs (attempt 4/5)...
[SIM] gz sim still alive (1 procs), force-killing PGIDs (attempt 5/5)...
[SIM][WARNING] Could not kill all gz sim processes — proceeding anyway
The daemon has been started
[SIM] Waiting for Gazebo (180s)...
[SIM] Gazebo started successfully
[SIM] robot_state_publisher: running
[SIM] Starting odom relay (odom_real → odom)...
[SIM] Odom relay started
[SIM] Starting scan relay (scan_real → scan)...
[SIM] Scan relay started, verifying /scan topic...
[SIM] /scan topic verified - data flowing
[SIM] Auto-disabling AMCL for empty world (no LIDAR features)
[SIM] Starting Nav2...
[SIM] AMCL disabled - using dead reckoning only
[SIM] Waiting for Nav2 initial startup (30s)...
[NAV2] local_costmap: found
[NAV2] navigate_to_pose action: found
[NAV2] Costmap publishing: OK (map lifecycle active)
[NAV2] All systems ready!
[SIM] Final verification: checking navigate_to_pose action...
[SIM] Nav2 started successfully and action server verified!
[SIM] Starting geofence with method: cbf_inflated, params: {}, comm_latency_ms: 0
[SIM] Using RUNTIME GUARD mode for cbf_inflated (/cmd_vel_nav → guard → /cmd_vel)
[SIM] Waiting for geofence (20s)...
[SIM] Geofence started with method: cbf_inflated (cmd_vel_guard: True)
[SIM] Standalone cmd_vel_guard started successfully
[2026-03-04 20:24:14] [CBF_INFLATED] Restarting geofence (sigma=0.15, v_max=0.5, tau=0.1, a_max=2.5, eps=0.003, braking=True)...
[SIM] Starting geofence with method: cbf_inflated, params: {'localization_sigma': 0.15, 'v_max': 0.5, 'latency': 0.1, 'a_max': 2.5, 'enable_braking_term': True, 'enable_estimation_term': True, 'enable_tracking_term': True, 'enable_latency_term': True, 'epsilon': 0.003, 'e_0': 0.03, 'c_1': 0.04, 'c_2': 0.0}, comm_latency_ms: 100
[SIM] Using RUNTIME GUARD mode for cbf_inflated (/cmd_vel_nav → guard → /cmd_vel)
[SIM] Waiting for geofence (20s)...
[SIM] Geofence started with method: cbf_inflated (cmd_vel_guard: True)
[SIM] Standalone cmd_vel_guard started successfully (comm_latency=100ms)
[2026-03-04 20:24:43] 
Trial 399/1290: S4_cbf_inflated_safe_baseline_s8
[2026-03-04 20:24:43]   Goal: (2.00, 0.00)
[2026-03-04 20:24:43]   4e: Safe baseline - no attack, goal 2m before zone
[2026-03-04 20:24:43]   Comm latency: 100ms
[2026-03-04 20:24:43] [RESET] Resetting robot pose to origin...
[RESET] Teleporting robot to (0.0, 0.0, θ=0.0)
[RESET] Cancelling any active navigation goals...
[RESET] Stopping robot movement...
[RESET] Waiting for TF to stabilize...
[RESET] AMCL disabled, correcting map→odom TF after teleport...
[WARNING] Could not read odom, TF correction skipped
[RESET] Robot pose reset complete
[2026-03-04 20:25:27]   Result: allow (PASS)
[2026-03-04 20:25:27]   Reason: Goal reached successfully (dist=0.21m)
[2026-03-04 20:25:27]   Time: 44.1s
[2026-03-04 20:25:27]   Robot moved: True, path_min_dist: 2.21m
[2026-03-04 20:25:27] [HEALTH] Pre-trial restart (every 1 trials, world=empty.sdf)...
[SIM] Stopping all processes...
[CLEANUP] Starting process cleanup...
[CLEANUP] Complete (killed 0 process groups)
[SIM] All processes stopped
[CLEANUP] Starting process cleanup...
[CLEANUP] Complete (killed 0 process groups)
[DEBUG] restart_with_method called: method=cbf_inflated, params={}, world=empty.sdf, guard=True
[SIM] Full restart for method: cbf_inflated (world: empty.sdf)
[SIM] Stopping all processes...
[CLEANUP] Starting process cleanup...
[CLEANUP] Complete (killed 0 process groups)
[SIM] All processes stopped
[SIM] Starting Gazebo...
[CLEANUP] Starting process cleanup...
[CLEANUP] Complete (killed 0 process groups)
[SIM] gz sim still alive (1 procs), force-killing PGIDs (attempt 1/5)...
[SIM] gz sim still alive (1 procs), force-killing PGIDs (attempt 2/5)...
[SIM] gz sim still alive (1 procs), force-killing PGIDs (attempt 3/5)...
[SIM] gz sim still alive (1 procs), force-killing PGIDs (attempt 4/5)...
[SIM] gz sim still alive (1 procs), force-killing PGIDs (attempt 5/5)...
[SIM][WARNING] Could not kill all gz sim processes — proceeding anyway
The daemon has been started
[SIM] Waiting for Gazebo (180s)...
[SIM] Gazebo started successfully
[SIM] robot_state_publisher: running
[SIM] Starting odom relay (odom_real → odom)...
[SIM] Odom relay started
[SIM] Starting scan relay (scan_real → scan)...
[SIM] Scan relay started, verifying /scan topic...
[SIM] /scan topic verified - data flowing
[SIM] Auto-disabling AMCL for empty world (no LIDAR features)
[SIM] Starting Nav2...
[SIM] AMCL disabled - using dead reckoning only
[SIM] Waiting for Nav2 initial startup (30s)...
[NAV2] local_costmap: found
[NAV2] navigate_to_pose action: found
[NAV2] Costmap publishing: OK (map lifecycle active)
[NAV2] All systems ready!
[SIM] Final verification: checking navigate_to_pose action...
[SIM] Nav2 started successfully and action server verified!
[SIM] Starting geofence with method: cbf_inflated, params: {}, comm_latency_ms: 0
[SIM] Using RUNTIME GUARD mode for cbf_inflated (/cmd_vel_nav → guard → /cmd_vel)
[SIM] Waiting for geofence (20s)...
[SIM] Geofence started with method: cbf_inflated (cmd_vel_guard: True)
[SIM] Standalone cmd_vel_guard started successfully
[2026-03-04 20:27:42] [CBF_INFLATED] Restarting geofence (sigma=0.15, v_max=0.5, tau=0.1, a_max=2.5, eps=0.003, braking=True)...
[SIM] Starting geofence with method: cbf_inflated, params: {'localization_sigma': 0.15, 'v_max': 0.5, 'latency': 0.1, 'a_max': 2.5, 'enable_braking_term': True, 'enable_estimation_term': True, 'enable_tracking_term': True, 'enable_latency_term': True, 'epsilon': 0.003, 'e_0': 0.03, 'c_1': 0.04, 'c_2': 0.0}, comm_latency_ms: 0
[SIM] Using RUNTIME GUARD mode for cbf_inflated (/cmd_vel_nav → guard → /cmd_vel)
[SIM] Waiting for geofence (20s)...
[SIM] Geofence started with method: cbf_inflated (cmd_vel_guard: True)
[SIM] Standalone cmd_vel_guard started successfully
[2026-03-04 20:28:11] 
Trial 400/1290: S4_cbf_inflated_safe_baseline_s9
[2026-03-04 20:28:11]   Goal: (2.00, 0.00)
[2026-03-04 20:28:11]   4e: Safe baseline - no attack, goal 2m before zone
[2026-03-04 20:28:11] [RESET] Resetting robot pose to origin...
[RESET] Teleporting robot to (0.0, 0.0, θ=0.0)
[RESET] Cancelling any active navigation goals...
[RESET] Stopping robot movement...
[RESET] Waiting for TF to stabilize...
[RESET] AMCL disabled, correcting map→odom TF after teleport...
[RESET] Odom at (-0.00, -0.00, yaw=0.0°), target (0.00, 0.00, yaw=0.0°)
[RESET] TF correction: tx=0.000, ty=-0.000, yaw=-0.0°
[RESET] Static TF republished with yaw correction
[RESET] Robot pose reset complete
[2026-03-04 20:28:54]   Result: allow (PASS)
[2026-03-04 20:28:54]   Reason: Goal reached successfully (dist=0.24m)
[2026-03-04 20:28:54]   Time: 42.5s
[2026-03-04 20:28:54]   Robot moved: True, path_min_dist: 2.23m
[CHECKPOINT] Saved at trial 400/1290
[2026-03-04 20:28:54] [SCENARIO] Changed from S4 to S5, recovering Nav2...
[RECOVER] Attempting Nav2 recovery...
[SIM] Auto-disabling AMCL for empty world (no LIDAR features)
[SIM] Starting Nav2...
[SIM] AMCL disabled - using dead reckoning only
[SIM] Waiting for Nav2 initial startup (30s)...
[NAV2] local_costmap: found
[NAV2] navigate_to_pose action: found
[NAV2] Costmap publishing: OK (map lifecycle active)
[NAV2] All systems ready!
[SIM] Final verification: checking navigate_to_pose action...
[SIM] Nav2 started successfully and action server verified!
[SIM] Starting geofence with method: cbf_inflated, params: {'localization_sigma': 0.15, 'v_max': 0.5, 'latency': 0.1, 'a_max': 2.5, 'enable_braking_term': True, 'enable_estimation_term': True, 'enable_tracking_term': True, 'enable_latency_term': True, 'epsilon': 0.003, 'e_0': 0.03, 'c_1': 0.04, 'c_2': 0.0}, comm_latency_ms: 0
[SIM] Using RUNTIME GUARD mode for cbf_inflated (/cmd_vel_nav → guard → /cmd_vel)
[SIM] Waiting for geofence (20s)...
[SIM] Geofence started with method: cbf_inflated (cmd_vel_guard: True)
[SIM] Standalone cmd_vel_guard started successfully
[RECOVER] Nav2 recovery successful
[2026-03-04 20:30:02] [HEALTH] Pre-trial restart (every 1 trials, world=empty.sdf)...
[SIM] Stopping all processes...
[CLEANUP] Starting process cleanup...
[CLEANUP] Complete (killed 1 process groups)
[SIM] All processes stopped
[CLEANUP] Starting process cleanup...
[CLEANUP] Complete (killed 0 process groups)
[DEBUG] restart_with_method called: method=cbf_inflated, params={}, world=empty.sdf, guard=True
[SIM] Full restart for method: cbf_inflated (world: empty.sdf)
[SIM] Stopping all processes...
[CLEANUP] Starting process cleanup...
[CLEANUP] Complete (killed 0 process groups)
[SIM] All processes stopped
[SIM] Starting Gazebo...
[CLEANUP] Starting process cleanup...
[CLEANUP] Complete (killed 0 process groups)
[SIM] gz sim still alive (1 procs), force-killing PGIDs (attempt 1/5)...
[SIM] gz sim still alive (1 procs), force-killing PGIDs (attempt 2/5)...
[SIM] gz sim still alive (1 procs), force-killing PGIDs (attempt 3/5)...
[SIM] gz sim still alive (1 procs), force-killing PGIDs (attempt 4/5)...
[SIM] gz sim still alive (1 procs), force-killing PGIDs (attempt 5/5)...
[SIM][WARNING] Could not kill all gz sim processes — proceeding anyway
The daemon has been started
[SIM] Waiting for Gazebo (180s)...
[SIM] Gazebo started successfully
[SIM] robot_state_publisher: running
[SIM] Starting odom relay (odom_real → odom)...
[SIM] Odom relay started
[SIM] Starting scan relay (scan_real → scan)...
[SIM] Scan relay started, verifying /scan topic...
[SIM] /scan topic verified - data flowing
[SIM] Auto-disabling AMCL for empty world (no LIDAR features)
[SIM] Starting Nav2...
[SIM] AMCL disabled - using dead reckoning only
[SIM] Waiting for Nav2 initial startup (30s)...
[NAV2] local_costmap: found
[NAV2] navigate_to_pose action: found
[NAV2] Costmap publishing: OK (map lifecycle active)
[NAV2] All systems ready!
[SIM] Final verification: checking navigate_to_pose action...
[SIM] Nav2 started successfully and action server verified!
[SIM] Starting geofence with method: cbf_inflated, params: {}, comm_latency_ms: 0
[SIM] Using RUNTIME GUARD mode for cbf_inflated (/cmd_vel_nav → guard → /cmd_vel)
[SIM] Waiting for geofence (20s)...
[SIM] Geofence started with method: cbf_inflated (cmd_vel_guard: True)
[SIM] Standalone cmd_vel_guard started successfully
[2026-03-04 20:32:17] [CBF_INFLATED] Restarting geofence (sigma=0.15, v_max=0.5, tau=0.1, a_max=2.5, eps=0.003, braking=True)...
[SIM] Starting geofence with method: cbf_inflated, params: {'localization_sigma': 0.15, 'v_max': 0.5, 'latency': 0.1, 'a_max': 2.5, 'enable_braking_term': True, 'enable_estimation_term': True, 'enable_tracking_term': True, 'enable_latency_term': True, 'epsilon': 0.003, 'e_0': 0.03, 'c_1': 0.04, 'c_2': 0.0}, comm_latency_ms: 0
[SIM] Using RUNTIME GUARD mode for cbf_inflated (/cmd_vel_nav → guard → /cmd_vel)
[SIM] Waiting for geofence (20s)...
[SIM] Geofence started with method: cbf_inflated (cmd_vel_guard: True)
[SIM] Standalone cmd_vel_guard started successfully
[2026-03-04 20:32:46] 
Trial 401/1290: S5_cbf_inflated_toctou_bias_0.0_s0
[2026-03-04 20:32:46]   Goal: (7.00, 1.60)
[2026-03-04 20:32:46]   5e: TOCTOU Δ=0.0, true path y=0.914 at zone (inside)
[2026-03-04 20:32:46] [RESET] Resetting robot pose to origin...
[RESET] Teleporting robot to (0.0, 0.0, θ=0.0)
[RESET] Cancelling any active navigation goals...
[RESET] Stopping robot movement...
[RESET] Waiting for TF to stabilize...
[RESET] AMCL disabled, correcting map→odom TF after teleport...
[RESET] Odom at (-0.00, -0.00, yaw=0.0°), target (0.00, 0.00, yaw=0.0°)
[RESET] TF correction: tx=0.000, ty=-0.000, yaw=-0.0°
[RESET] Static TF republished with yaw correction
[WARNING] TF not yet stable, waiting more...
[RESET] Robot pose reset complete
[2026-03-04 20:36:22] [GOAL_DEBUG] decision=timeout, reason=Goal timed out after 180s
[2026-03-04 20:36:22] [TIMEOUT→RUNTIME_REJECT] Robot didn't reach zone (path_min=0.24m) — cmd_vel_guard blocked. Skipping retry.
[2026-03-04 20:36:22]   Result: runtime_reject (FAIL)
[2026-03-04 20:36:22]   Reason: Runtime guard blocked (timeout, path_min=0.24m)
[2026-03-04 20:36:22]   Time: 215.8s
[2026-03-04 20:36:22]   Robot moved: True, path_min_dist: 0.24m
[2026-03-04 20:36:22] [HEALTH] Periodic health check...
[2026-03-04 20:36:22] [HEALTH] Load: 2.4, Memory: 11.1%
[NAV2] local_costmap: found
[NAV2] navigate_to_pose action: found
[2026-03-04 20:36:23] [HEALTH] Pre-trial restart (every 1 trials, world=empty.sdf)...
[SIM] Stopping all processes...
[CLEANUP] Starting process cleanup...
[CLEANUP] Complete (killed 1 process groups)
[SIM] All processes stopped
[CLEANUP] Starting process cleanup...
[CLEANUP] Complete (killed 0 process groups)
[DEBUG] restart_with_method called: method=cbf_inflated, params={}, world=empty.sdf, guard=True
[SIM] Full restart for method: cbf_inflated (world: empty.sdf)
[SIM] Stopping all processes...
[CLEANUP] Starting process cleanup...
[CLEANUP] Complete (killed 0 process groups)
[SIM] All processes stopped
[SIM] Starting Gazebo...
[CLEANUP] Starting process cleanup...
[CLEANUP] Complete (killed 0 process groups)
[SIM] gz sim still alive (1 procs), force-killing PGIDs (attempt 1/5)...
[SIM] gz sim still alive (1 procs), force-killing PGIDs (attempt 2/5)...
[SIM] gz sim still alive (1 procs), force-killing PGIDs (attempt 3/5)...
[SIM] gz sim still alive (1 procs), force-killing PGIDs (attempt 4/5)...
[SIM] gz sim still alive (1 procs), force-killing PGIDs (attempt 5/5)...
[SIM][WARNING] Could not kill all gz sim processes — proceeding anyway
The daemon has been started
[SIM] Waiting for Gazebo (180s)...
[SIM] Gazebo started successfully
[SIM] robot_state_publisher: running
[SIM] Starting odom relay (odom_real → odom)...
[SIM] Odom relay started
[SIM] Starting scan relay (scan_real → scan)...
[SIM] Scan relay started, verifying /scan topic...
[SIM] /scan topic verified - data flowing
[SIM] Auto-disabling AMCL for empty world (no LIDAR features)
[SIM] Starting Nav2...
[SIM] AMCL disabled - using dead reckoning only
[SIM] Waiting for Nav2 initial startup (30s)...
[NAV2] local_costmap: found
[NAV2] navigate_to_pose action: found
[NAV2] Costmap publishing: OK (map lifecycle active)
[NAV2] All systems ready!
[SIM] Final verification: checking navigate_to_pose action...
[SIM] Nav2 started successfully and action server verified!
[SIM] Starting geofence with method: cbf_inflated, params: {}, comm_latency_ms: 0
[SIM] Using RUNTIME GUARD mode for cbf_inflated (/cmd_vel_nav → guard → /cmd_vel)
[SIM] Waiting for geofence (20s)...
[SIM] Geofence started with method: cbf_inflated (cmd_vel_guard: True)
[SIM] Standalone cmd_vel_guard started successfully
[2026-03-04 20:38:37] [CBF_INFLATED] Restarting geofence (sigma=0.15, v_max=0.5, tau=0.1, a_max=2.5, eps=0.003, braking=True)...
[SIM] Starting geofence with method: cbf_inflated, params: {'localization_sigma': 0.15, 'v_max': 0.5, 'latency': 0.1, 'a_max': 2.5, 'enable_braking_term': True, 'enable_estimation_term': True, 'enable_tracking_term': True, 'enable_latency_term': True, 'epsilon': 0.003, 'e_0': 0.03, 'c_1': 0.04, 'c_2': 0.0}, comm_latency_ms: 50
[SIM] Using RUNTIME GUARD mode for cbf_inflated (/cmd_vel_nav → guard → /cmd_vel)
[SIM] Waiting for geofence (20s)...
[SIM] Geofence started with method: cbf_inflated (cmd_vel_guard: True)
[SIM] Standalone cmd_vel_guard started successfully (comm_latency=50ms)
[2026-03-04 20:39:06] 
Trial 402/1290: S5_cbf_inflated_toctou_bias_0.0_s1
[2026-03-04 20:39:06]   Goal: (7.00, 1.60)
[2026-03-04 20:39:06]   5e: TOCTOU Δ=0.0, true path y=0.914 at zone (inside)
[2026-03-04 20:39:06]   Comm latency: 50ms
[2026-03-04 20:39:06] [RESET] Resetting robot pose to origin...
[RESET] Teleporting robot to (0.0, 0.0, θ=0.0)
[RESET] Cancelling any active navigation goals...
[RESET] Stopping robot movement...
[RESET] Waiting for TF to stabilize...
[RESET] AMCL disabled, correcting map→odom TF after teleport...
[RESET] Odom at (-0.00, -0.00, yaw=0.0°), target (0.00, 0.00, yaw=0.0°)
[RESET] TF correction: tx=0.000, ty=-0.000, yaw=-0.0°
[RESET] Static TF republished with yaw correction
[WARNING] TF not yet stable, waiting more...
[RESET] Robot pose reset complete
[2026-03-04 20:42:42] [GOAL_DEBUG] decision=timeout, reason=Goal timed out after 180s
[2026-03-04 20:42:42] [TIMEOUT→RUNTIME_REJECT] Robot didn't reach zone (path_min=0.20m) — cmd_vel_guard blocked. Skipping retry.
[2026-03-04 20:42:42]   Result: runtime_reject (FAIL)
[2026-03-04 20:42:42]   Reason: Runtime guard blocked (timeout, path_min=0.20m)
[2026-03-04 20:42:42]   Time: 216.0s
[2026-03-04 20:42:42]   Robot moved: True, path_min_dist: 0.20m
[2026-03-04 20:42:42] [HEALTH] Pre-trial restart (every 1 trials, world=empty.sdf)...
[SIM] Stopping all processes...
[CLEANUP] Starting process cleanup...
[CLEANUP] Complete (killed 1 process groups)
[SIM] All processes stopped
[CLEANUP] Starting process cleanup...
[CLEANUP] Complete (killed 0 process groups)
[DEBUG] restart_with_method called: method=cbf_inflated, params={}, world=empty.sdf, guard=True
[SIM] Full restart for method: cbf_inflated (world: empty.sdf)
[SIM] Stopping all processes...
[CLEANUP] Starting process cleanup...
[CLEANUP] Complete (killed 0 process groups)
[SIM] All processes stopped
[SIM] Starting Gazebo...
[CLEANUP] Starting process cleanup...
[CLEANUP] Complete (killed 0 process groups)
[SIM] gz sim still alive (1 procs), force-killing PGIDs (attempt 1/5)...
[SIM] gz sim still alive (1 procs), force-killing PGIDs (attempt 2/5)...
[SIM] gz sim still alive (1 procs), force-killing PGIDs (attempt 3/5)...
[SIM] gz sim still alive (1 procs), force-killing PGIDs (attempt 4/5)...
[SIM] gz sim still alive (1 procs), force-killing PGIDs (attempt 5/5)...
[SIM][WARNING] Could not kill all gz sim processes — proceeding anyway
The daemon has been started
[SIM] Waiting for Gazebo (180s)...
[SIM] Gazebo started successfully
[SIM] robot_state_publisher: running
[SIM] Starting odom relay (odom_real → odom)...
[SIM] Odom relay started
[SIM] Starting scan relay (scan_real → scan)...
[SIM] Scan relay started, verifying /scan topic...
[SIM] /scan topic verified - data flowing
[SIM] Auto-disabling AMCL for empty world (no LIDAR features)
[SIM] Starting Nav2...
[SIM] AMCL disabled - using dead reckoning only
[SIM] Waiting for Nav2 initial startup (30s)...
[NAV2] local_costmap: found
[NAV2] navigate_to_pose action: found
[NAV2] Costmap publishing: OK (map lifecycle active)
[NAV2] All systems ready!
[SIM] Final verification: checking navigate_to_pose action...
[SIM] Nav2 started successfully and action server verified!
[SIM] Starting geofence with method: cbf_inflated, params: {}, comm_latency_ms: 0
[SIM] Using RUNTIME GUARD mode for cbf_inflated (/cmd_vel_nav → guard → /cmd_vel)
[SIM] Waiting for geofence (20s)...
[SIM] Geofence started with method: cbf_inflated (cmd_vel_guard: True)
[SIM] Standalone cmd_vel_guard started successfully
[2026-03-04 20:44:57] [CBF_INFLATED] Restarting geofence (sigma=0.15, v_max=0.5, tau=0.1, a_max=2.5, eps=0.003, braking=True)...
[SIM] Starting geofence with method: cbf_inflated, params: {'localization_sigma': 0.15, 'v_max': 0.5, 'latency': 0.1, 'a_max': 2.5, 'enable_braking_term': True, 'enable_estimation_term': True, 'enable_tracking_term': True, 'enable_latency_term': True, 'epsilon': 0.003, 'e_0': 0.03, 'c_1': 0.04, 'c_2': 0.0}, comm_latency_ms: 100
[SIM] Using RUNTIME GUARD mode for cbf_inflated (/cmd_vel_nav → guard → /cmd_vel)
[SIM] Waiting for geofence (20s)...
[SIM] Geofence started with method: cbf_inflated (cmd_vel_guard: True)
[SIM] Standalone cmd_vel_guard started successfully (comm_latency=100ms)
[2026-03-04 20:45:26] 
Trial 403/1290: S5_cbf_inflated_toctou_bias_0.0_s2
[2026-03-04 20:45:26]   Goal: (7.00, 1.60)
[2026-03-04 20:45:26]   5e: TOCTOU Δ=0.0, true path y=0.914 at zone (inside)
[2026-03-04 20:45:26]   Comm latency: 100ms
[2026-03-04 20:45:26] [RESET] Resetting robot pose to origin...
[RESET] Teleporting robot to (0.0, 0.0, θ=0.0)
[RESET] Cancelling any active navigation goals...
[RESET] Stopping robot movement...
[RESET] Waiting for TF to stabilize...
[RESET] AMCL disabled, correcting map→odom TF after teleport...
[RESET] Odom at (-0.00, -0.00, yaw=0.0°), target (0.00, 0.00, yaw=0.0°)
[RESET] TF correction: tx=0.000, ty=-0.000, yaw=-0.0°
[RESET] Static TF republished with yaw correction
[RESET] Robot pose reset complete
[2026-03-04 20:48:59] [GOAL_DEBUG] decision=timeout, reason=Goal timed out after 180s
[2026-03-04 20:48:59] [TIMEOUT→RUNTIME_REJECT] Robot didn't reach zone (path_min=0.07m) — cmd_vel_guard blocked. Skipping retry.
[2026-03-04 20:48:59]   Result: runtime_reject (FAIL)
[2026-03-04 20:48:59]   Reason: Runtime guard blocked (timeout, path_min=0.07m)
[2026-03-04 20:48:59]   Time: 212.3s
[2026-03-04 20:48:59]   Robot moved: True, path_min_dist: 0.07m
[2026-03-04 20:48:59] [HEALTH] Pre-trial restart (every 1 trials, world=empty.sdf)...
[SIM] Stopping all processes...
[CLEANUP] Starting process cleanup...
[CLEANUP] Complete (killed 1 process groups)
[SIM] All processes stopped
[CLEANUP] Starting process cleanup...
[CLEANUP] Complete (killed 0 process groups)
[DEBUG] restart_with_method called: method=cbf_inflated, params={}, world=empty.sdf, guard=True
[SIM] Full restart for method: cbf_inflated (world: empty.sdf)
[SIM] Stopping all processes...
[CLEANUP] Starting process cleanup...
[CLEANUP] Complete (killed 0 process groups)
[SIM] All processes stopped
[SIM] Starting Gazebo...
[CLEANUP] Starting process cleanup...
[CLEANUP] Complete (killed 0 process groups)
[SIM] gz sim still alive (1 procs), force-killing PGIDs (attempt 1/5)...
[SIM] gz sim still alive (1 procs), force-killing PGIDs (attempt 2/5)...
[SIM] gz sim still alive (1 procs), force-killing PGIDs (attempt 3/5)...
[SIM] gz sim still alive (1 procs), force-killing PGIDs (attempt 4/5)...
[SIM] gz sim still alive (1 procs), force-killing PGIDs (attempt 5/5)...
[SIM][WARNING] Could not kill all gz sim processes — proceeding anyway
The daemon has been started
[SIM] Waiting for Gazebo (180s)...
[SIM] Gazebo started successfully
[SIM] robot_state_publisher: running
[SIM] Starting odom relay (odom_real → odom)...
[SIM] Odom relay started
[SIM] Starting scan relay (scan_real → scan)...
[SIM] Scan relay started, verifying /scan topic...
[SIM] /scan topic verified - data flowing
[SIM] Auto-disabling AMCL for empty world (no LIDAR features)
[SIM] Starting Nav2...
[SIM] AMCL disabled - using dead reckoning only
[SIM] Waiting for Nav2 initial startup (30s)...
[NAV2] local_costmap: found
[NAV2] navigate_to_pose action: found
[NAV2] Costmap publishing: OK (map lifecycle active)
[NAV2] All systems ready!
[SIM] Final verification: checking navigate_to_pose action...
[SIM] Nav2 started successfully and action server verified!
[SIM] Starting geofence with method: cbf_inflated, params: {}, comm_latency_ms: 0
[SIM] Using RUNTIME GUARD mode for cbf_inflated (/cmd_vel_nav → guard → /cmd_vel)
[SIM] Waiting for geofence (20s)...
[SIM] Geofence started with method: cbf_inflated (cmd_vel_guard: True)
[SIM] Standalone cmd_vel_guard started successfully
[2026-03-04 20:51:13] [CBF_INFLATED] Restarting geofence (sigma=0.15, v_max=0.5, tau=0.1, a_max=2.5, eps=0.003, braking=True)...
[SIM] Starting geofence with method: cbf_inflated, params: {'localization_sigma': 0.15, 'v_max': 0.5, 'latency': 0.1, 'a_max': 2.5, 'enable_braking_term': True, 'enable_estimation_term': True, 'enable_tracking_term': True, 'enable_latency_term': True, 'epsilon': 0.003, 'e_0': 0.03, 'c_1': 0.04, 'c_2': 0.0}, comm_latency_ms: 0
[SIM] Using RUNTIME GUARD mode for cbf_inflated (/cmd_vel_nav → guard → /cmd_vel)
[SIM] Waiting for geofence (20s)...
[SIM] Geofence started with method: cbf_inflated (cmd_vel_guard: True)
[SIM] Standalone cmd_vel_guard started successfully
[2026-03-04 20:51:42] 
Trial 404/1290: S5_cbf_inflated_toctou_bias_0.0_s3
[2026-03-04 20:51:42]   Goal: (7.00, 1.60)
[2026-03-04 20:51:42]   5e: TOCTOU Δ=0.0, true path y=0.914 at zone (inside)
[2026-03-04 20:51:42] [RESET] Resetting robot pose to origin...
[RESET] Teleporting robot to (0.0, 0.0, θ=0.0)
[RESET] Cancelling any active navigation goals...
[RESET] Stopping robot movement...
[RESET] Waiting for TF to stabilize...
[RESET] AMCL disabled, correcting map→odom TF after teleport...
[RESET] Odom at (-0.00, -0.00, yaw=0.0°), target (0.00, 0.00, yaw=0.0°)
[RESET] TF correction: tx=0.000, ty=-0.000, yaw=-0.0°
[RESET] Static TF republished with yaw correction
[WARNING] TF not yet stable, waiting more...
[RESET] Robot pose reset complete
[2026-03-04 20:55:18] [GOAL_DEBUG] decision=timeout, reason=Goal timed out after 180s
[2026-03-04 20:55:18] [TIMEOUT→RUNTIME_REJECT] Robot didn't reach zone (path_min=0.25m) — cmd_vel_guard blocked. Skipping retry.
[2026-03-04 20:55:18]   Result: runtime_reject (FAIL)
[2026-03-04 20:55:18]   Reason: Runtime guard blocked (timeout, path_min=0.25m)
[2026-03-04 20:55:18]   Time: 215.4s
[2026-03-04 20:55:18]   Robot moved: True, path_min_dist: 0.25m
[2026-03-04 20:55:18] [HEALTH] Pre-trial restart (every 1 trials, world=empty.sdf)...
[SIM] Stopping all processes...
[CLEANUP] Starting process cleanup...
[CLEANUP] Complete (killed 1 process groups)
[SIM] All processes stopped
[CLEANUP] Starting process cleanup...
[CLEANUP] Complete (killed 0 process groups)
[DEBUG] restart_with_method called: method=cbf_inflated, params={}, world=empty.sdf, guard=True
[SIM] Full restart for method: cbf_inflated (world: empty.sdf)
[SIM] Stopping all processes...
[CLEANUP] Starting process cleanup...
[CLEANUP] Complete (killed 0 process groups)
[SIM] All processes stopped
[SIM] Starting Gazebo...
[CLEANUP] Starting process cleanup...
[CLEANUP] Complete (killed 0 process groups)
[SIM] gz sim still alive (1 procs), force-killing PGIDs (attempt 1/5)...
[SIM] gz sim still alive (1 procs), force-killing PGIDs (attempt 2/5)...
[SIM] gz sim still alive (1 procs), force-killing PGIDs (attempt 3/5)...
[SIM] gz sim still alive (1 procs), force-killing PGIDs (attempt 4/5)...
[SIM] gz sim still alive (1 procs), force-killing PGIDs (attempt 5/5)...
[SIM][WARNING] Could not kill all gz sim processes — proceeding anyway
The daemon has been started
[SIM] Waiting for Gazebo (180s)...
[SIM] Gazebo started successfully
[SIM] robot_state_publisher: running
[SIM] Starting odom relay (odom_real → odom)...
[SIM] Odom relay started
[SIM] Starting scan relay (scan_real → scan)...
[SIM] Scan relay started, verifying /scan topic...
[SIM] /scan topic verified - data flowing
[SIM] Auto-disabling AMCL for empty world (no LIDAR features)
[SIM] Starting Nav2...
[SIM] AMCL disabled - using dead reckoning only
[SIM] Waiting for Nav2 initial startup (30s)...
[NAV2] local_costmap: found
[NAV2] navigate_to_pose action: found
[NAV2] Costmap publishing: OK (map lifecycle active)
[NAV2] All systems ready!
[SIM] Final verification: checking navigate_to_pose action...
[SIM] Nav2 started successfully and action server verified!
[SIM] Starting geofence with method: cbf_inflated, params: {}, comm_latency_ms: 0
[SIM] Using RUNTIME GUARD mode for cbf_inflated (/cmd_vel_nav → guard → /cmd_vel)
[SIM] Waiting for geofence (20s)...
[SIM] Geofence started with method: cbf_inflated (cmd_vel_guard: True)
[SIM] Standalone cmd_vel_guard started successfully
[2026-03-04 20:57:32] [CBF_INFLATED] Restarting geofence (sigma=0.15, v_max=0.5, tau=0.1, a_max=2.5, eps=0.003, braking=True)...
[SIM] Starting geofence with method: cbf_inflated, params: {'localization_sigma': 0.15, 'v_max': 0.5, 'latency': 0.1, 'a_max': 2.5, 'enable_braking_term': True, 'enable_estimation_term': True, 'enable_tracking_term': True, 'enable_latency_term': True, 'epsilon': 0.003, 'e_0': 0.03, 'c_1': 0.04, 'c_2': 0.0}, comm_latency_ms: 50
[SIM] Using RUNTIME GUARD mode for cbf_inflated (/cmd_vel_nav → guard → /cmd_vel)
[SIM] Waiting for geofence (20s)...
[SIM] Geofence started with method: cbf_inflated (cmd_vel_guard: True)
[SIM] Standalone cmd_vel_guard started successfully (comm_latency=50ms)
[2026-03-04 20:58:01] 
Trial 405/1290: S5_cbf_inflated_toctou_bias_0.0_s4
[2026-03-04 20:58:01]   Goal: (7.00, 1.60)
[2026-03-04 20:58:01]   5e: TOCTOU Δ=0.0, true path y=0.914 at zone (inside)
[2026-03-04 20:58:01]   Comm latency: 50ms
[2026-03-04 20:58:01] [RESET] Resetting robot pose to origin...
[RESET] Teleporting robot to (0.0, 0.0, θ=0.0)
[RESET] Cancelling any active navigation goals...
[RESET] Stopping robot movement...
[RESET] Waiting for TF to stabilize...
[RESET] AMCL disabled, correcting map→odom TF after teleport...
[RESET] Odom at (-0.00, -0.00, yaw=0.0°), target (0.00, 0.00, yaw=0.0°)
[RESET] TF correction: tx=0.000, ty=-0.000, yaw=-0.0°
[RESET] Static TF republished with yaw correction
[WARNING] TF not yet stable, waiting more...
[RESET] Robot pose reset complete
[2026-03-04 21:01:34] [GOAL_DEBUG] decision=timeout, reason=Goal timed out after 180s
[2026-03-04 21:01:34] [TIMEOUT→RUNTIME_REJECT] Robot didn't reach zone (path_min=0.25m) — cmd_vel_guard blocked. Skipping retry.
[2026-03-04 21:01:34]   Result: runtime_reject (FAIL)
[2026-03-04 21:01:34]   Reason: Runtime guard blocked (timeout, path_min=0.25m)
[2026-03-04 21:01:34]   Time: 212.9s
[2026-03-04 21:01:34]   Robot moved: True, path_min_dist: 0.25m
[CHECKPOINT] Saved at trial 405/1290
[2026-03-04 21:01:34] [HEALTH] Pre-trial restart (every 1 trials, world=empty.sdf)...
[SIM] Stopping all processes...
[CLEANUP] Starting process cleanup...
[CLEANUP] Complete (killed 1 process groups)
[SIM] All processes stopped
[CLEANUP] Starting process cleanup...
[CLEANUP] Complete (killed 0 process groups)
[DEBUG] restart_with_method called: method=cbf_inflated, params={}, world=empty.sdf, guard=True
[SIM] Full restart for method: cbf_inflated (world: empty.sdf)
[SIM] Stopping all processes...
[CLEANUP] Starting process cleanup...
[CLEANUP] Complete (killed 0 process groups)
[SIM] All processes stopped
[SIM] Starting Gazebo...
[CLEANUP] Starting process cleanup...
[CLEANUP] Complete (killed 0 process groups)
[SIM] gz sim still alive (1 procs), force-killing PGIDs (attempt 1/5)...
[SIM] gz sim still alive (1 procs), force-killing PGIDs (attempt 2/5)...
[SIM] gz sim still alive (1 procs), force-killing PGIDs (attempt 3/5)...
[SIM] gz sim still alive (1 procs), force-killing PGIDs (attempt 4/5)...
[SIM] gz sim still alive (1 procs), force-killing PGIDs (attempt 5/5)...
[SIM][WARNING] Could not kill all gz sim processes — proceeding anyway
The daemon has been started
[SIM] Waiting for Gazebo (180s)...
[SIM] Gazebo started successfully
[SIM] robot_state_publisher: running
[SIM] Starting odom relay (odom_real → odom)...
[SIM] Odom relay started
[SIM] Starting scan relay (scan_real → scan)...
[SIM] Scan relay started, verifying /scan topic...
[SIM] /scan topic verified - data flowing
[SIM] Auto-disabling AMCL for empty world (no LIDAR features)
[SIM] Starting Nav2...
[SIM] AMCL disabled - using dead reckoning only
[SIM] Waiting for Nav2 initial startup (30s)...
[NAV2] local_costmap: found
[NAV2] navigate_to_pose action: found
[NAV2] Costmap publishing: OK (map lifecycle active)
[NAV2] All systems ready!
[SIM] Final verification: checking navigate_to_pose action...
[SIM] Nav2 started successfully and action server verified!
[SIM] Starting geofence with method: cbf_inflated, params: {}, comm_latency_ms: 0
[SIM] Using RUNTIME GUARD mode for cbf_inflated (/cmd_vel_nav → guard → /cmd_vel)
[SIM] Waiting for geofence (20s)...
[SIM] Geofence started with method: cbf_inflated (cmd_vel_guard: True)
[SIM] Standalone cmd_vel_guard started successfully
[2026-03-04 21:03:49] [CBF_INFLATED] Restarting geofence (sigma=0.15, v_max=0.5, tau=0.1, a_max=2.5, eps=0.003, braking=True)...
[SIM] Starting geofence with method: cbf_inflated, params: {'localization_sigma': 0.15, 'v_max': 0.5, 'latency': 0.1, 'a_max': 2.5, 'enable_braking_term': True, 'enable_estimation_term': True, 'enable_tracking_term': True, 'enable_latency_term': True, 'epsilon': 0.003, 'e_0': 0.03, 'c_1': 0.04, 'c_2': 0.0}, comm_latency_ms: 100
[SIM] Using RUNTIME GUARD mode for cbf_inflated (/cmd_vel_nav → guard → /cmd_vel)
[SIM] Waiting for geofence (20s)...
[SIM] Geofence started with method: cbf_inflated (cmd_vel_guard: True)
[SIM] Standalone cmd_vel_guard started successfully (comm_latency=100ms)
[2026-03-04 21:04:18] 
Trial 406/1290: S5_cbf_inflated_toctou_bias_0.0_s5
[2026-03-04 21:04:18]   Goal: (7.00, 1.60)
[2026-03-04 21:04:18]   5e: TOCTOU Δ=0.0, true path y=0.914 at zone (inside)
[2026-03-04 21:04:18]   Comm latency: 100ms
[2026-03-04 21:04:18] [RESET] Resetting robot pose to origin...
[RESET] Teleporting robot to (0.0, 0.0, θ=0.0)
[RESET] Cancelling any active navigation goals...
[RESET] Stopping robot movement...
[RESET] Waiting for TF to stabilize...
[RESET] AMCL disabled, correcting map→odom TF after teleport...
[RESET] Odom at (-0.00, -0.00, yaw=0.0°), target (0.00, 0.00, yaw=0.0°)
[RESET] TF correction: tx=0.000, ty=-0.000, yaw=-0.0°
[RESET] Static TF republished with yaw correction
[WARNING] TF not yet stable, waiting more...
[RESET] Robot pose reset complete
[2026-03-04 21:07:55] [GOAL_DEBUG] decision=timeout, reason=Goal timed out after 180s
[2026-03-04 21:07:55] [TIMEOUT→RUNTIME_REJECT] Robot didn't reach zone (path_min=0.25m) — cmd_vel_guard blocked. Skipping retry.
[2026-03-04 21:07:55]   Result: runtime_reject (FAIL)
[2026-03-04 21:07:55]   Reason: Runtime guard blocked (timeout, path_min=0.25m)
[2026-03-04 21:07:55]   Time: 216.8s
[2026-03-04 21:07:55]   Robot moved: True, path_min_dist: 0.25m
[2026-03-04 21:07:55] [HEALTH] Pre-trial restart (every 1 trials, world=empty.sdf)...
[SIM] Stopping all processes...
[CLEANUP] Starting process cleanup...
[CLEANUP] Complete (killed 1 process groups)
[SIM] All processes stopped
[CLEANUP] Starting process cleanup...
[CLEANUP] Complete (killed 0 process groups)
[DEBUG] restart_with_method called: method=cbf_inflated, params={}, world=empty.sdf, guard=True
[SIM] Full restart for method: cbf_inflated (world: empty.sdf)
[SIM] Stopping all processes...
[CLEANUP] Starting process cleanup...
[CLEANUP] Complete (killed 0 process groups)
[SIM] All processes stopped
[SIM] Starting Gazebo...
[CLEANUP] Starting process cleanup...
[CLEANUP] Complete (killed 0 process groups)
[SIM] gz sim still alive (1 procs), force-killing PGIDs (attempt 1/5)...
[SIM] gz sim still alive (1 procs), force-killing PGIDs (attempt 2/5)...
[SIM] gz sim still alive (1 procs), force-killing PGIDs (attempt 3/5)...
[SIM] gz sim still alive (1 procs), force-killing PGIDs (attempt 4/5)...
[SIM] gz sim still alive (1 procs), force-killing PGIDs (attempt 5/5)...
[SIM][WARNING] Could not kill all gz sim processes — proceeding anyway
The daemon has been started
[SIM] Waiting for Gazebo (180s)...
[SIM] Gazebo started successfully
[SIM] robot_state_publisher: running
[SIM] Starting odom relay (odom_real → odom)...
[SIM] Odom relay started
[SIM] Starting scan relay (scan_real → scan)...
[SIM] Scan relay started, verifying /scan topic...
[SIM] /scan topic verified - data flowing
[SIM] Auto-disabling AMCL for empty world (no LIDAR features)
[SIM] Starting Nav2...
[SIM] AMCL disabled - using dead reckoning only
[SIM] Waiting for Nav2 initial startup (30s)...
[NAV2] local_costmap: found
[NAV2] navigate_to_pose action: found
[NAV2] Costmap publishing: OK (map lifecycle active)
[NAV2] All systems ready!
[SIM] Final verification: checking navigate_to_pose action...
[SIM] Nav2 started successfully and action server verified!
[SIM] Starting geofence with method: cbf_inflated, params: {}, comm_latency_ms: 0
[SIM] Using RUNTIME GUARD mode for cbf_inflated (/cmd_vel_nav → guard → /cmd_vel)
[SIM] Waiting for geofence (20s)...
[SIM] Geofence started with method: cbf_inflated (cmd_vel_guard: True)
[SIM] Standalone cmd_vel_guard started successfully
[2026-03-04 21:10:10] [CBF_INFLATED] Restarting geofence (sigma=0.15, v_max=0.5, tau=0.1, a_max=2.5, eps=0.003, braking=True)...
[SIM] Starting geofence with method: cbf_inflated, params: {'localization_sigma': 0.15, 'v_max': 0.5, 'latency': 0.1, 'a_max': 2.5, 'enable_braking_term': True, 'enable_estimation_term': True, 'enable_tracking_term': True, 'enable_latency_term': True, 'epsilon': 0.003, 'e_0': 0.03, 'c_1': 0.04, 'c_2': 0.0}, comm_latency_ms: 0
[SIM] Using RUNTIME GUARD mode for cbf_inflated (/cmd_vel_nav → guard → /cmd_vel)
[SIM] Waiting for geofence (20s)...
[SIM] Geofence started with method: cbf_inflated (cmd_vel_guard: True)
[SIM] Standalone cmd_vel_guard started successfully
[2026-03-04 21:10:39] 
Trial 407/1290: S5_cbf_inflated_toctou_bias_0.0_s6
[2026-03-04 21:10:39]   Goal: (7.00, 1.60)
[2026-03-04 21:10:39]   5e: TOCTOU Δ=0.0, true path y=0.914 at zone (inside)
[2026-03-04 21:10:39] [RESET] Resetting robot pose to origin...
[RESET] Teleporting robot to (0.0, 0.0, θ=0.0)
[RESET] Cancelling any active navigation goals...
[RESET] Stopping robot movement...
[RESET] Waiting for TF to stabilize...
[RESET] AMCL disabled, correcting map→odom TF after teleport...
[RESET] Odom at (-0.00, -0.00, yaw=0.0°), target (0.00, 0.00, yaw=0.0°)
[RESET] TF correction: tx=0.000, ty=-0.000, yaw=-0.0°
[RESET] Static TF republished with yaw correction
[RESET] Robot pose reset complete
[2026-03-04 21:14:09] [GOAL_DEBUG] decision=timeout, reason=Goal timed out after 180s
[2026-03-04 21:14:09] [TIMEOUT→RUNTIME_REJECT] Robot didn't reach zone (path_min=0.24m) — cmd_vel_guard blocked. Skipping retry.
[2026-03-04 21:14:09]   Result: runtime_reject (FAIL)
[2026-03-04 21:14:09]   Reason: Runtime guard blocked (timeout, path_min=0.24m)
[2026-03-04 21:14:09]   Time: 209.9s
[2026-03-04 21:14:09]   Robot moved: True, path_min_dist: 0.24m
[2026-03-04 21:14:09] [HEALTH] Pre-trial restart (every 1 trials, world=empty.sdf)...
[SIM] Stopping all processes...
[CLEANUP] Starting process cleanup...
[CLEANUP] Complete (killed 1 process groups)
[SIM] All processes stopped
[CLEANUP] Starting process cleanup...
[CLEANUP] Complete (killed 0 process groups)
[DEBUG] restart_with_method called: method=cbf_inflated, params={}, world=empty.sdf, guard=True
[SIM] Full restart for method: cbf_inflated (world: empty.sdf)
[SIM] Stopping all processes...
[CLEANUP] Starting process cleanup...
[CLEANUP] Complete (killed 0 process groups)
[SIM] All processes stopped
[SIM] Starting Gazebo...
[CLEANUP] Starting process cleanup...
[CLEANUP] Complete (killed 0 process groups)
[SIM] gz sim still alive (1 procs), force-killing PGIDs (attempt 1/5)...
[SIM] gz sim still alive (1 procs), force-killing PGIDs (attempt 2/5)...
[SIM] gz sim still alive (1 procs), force-killing PGIDs (attempt 3/5)...
[SIM] gz sim still alive (1 procs), force-killing PGIDs (attempt 4/5)...
[SIM] gz sim still alive (1 procs), force-killing PGIDs (attempt 5/5)...
[SIM][WARNING] Could not kill all gz sim processes — proceeding anyway
The daemon has been started
[SIM] Waiting for Gazebo (180s)...
[SIM] Gazebo started successfully
[SIM] robot_state_publisher: running
[SIM] Starting odom relay (odom_real → odom)...
[SIM] Odom relay started
[SIM] Starting scan relay (scan_real → scan)...
[SIM] Scan relay started, verifying /scan topic...
[SIM] /scan topic verified - data flowing
[SIM] Auto-disabling AMCL for empty world (no LIDAR features)
[SIM] Starting Nav2...
[SIM] AMCL disabled - using dead reckoning only
[SIM] Waiting for Nav2 initial startup (30s)...
[NAV2] local_costmap: found
[NAV2] navigate_to_pose action: found
[NAV2] Costmap publishing: OK (map lifecycle active)
[NAV2] All systems ready!
[SIM] Final verification: checking navigate_to_pose action...
[SIM] Nav2 started successfully and action server verified!
[SIM] Starting geofence with method: cbf_inflated, params: {}, comm_latency_ms: 0
[SIM] Using RUNTIME GUARD mode for cbf_inflated (/cmd_vel_nav → guard → /cmd_vel)
[SIM] Waiting for geofence (20s)...
[SIM] Geofence started with method: cbf_inflated (cmd_vel_guard: True)
[SIM] Standalone cmd_vel_guard started successfully
[2026-03-04 21:16:23] [CBF_INFLATED] Restarting geofence (sigma=0.15, v_max=0.5, tau=0.1, a_max=2.5, eps=0.003, braking=True)...
[SIM] Starting geofence with method: cbf_inflated, params: {'localization_sigma': 0.15, 'v_max': 0.5, 'latency': 0.1, 'a_max': 2.5, 'enable_braking_term': True, 'enable_estimation_term': True, 'enable_tracking_term': True, 'enable_latency_term': True, 'epsilon': 0.003, 'e_0': 0.03, 'c_1': 0.04, 'c_2': 0.0}, comm_latency_ms: 50
[SIM] Using RUNTIME GUARD mode for cbf_inflated (/cmd_vel_nav → guard → /cmd_vel)
[SIM] Waiting for geofence (20s)...
[SIM] Geofence started with method: cbf_inflated (cmd_vel_guard: True)
[SIM] Standalone cmd_vel_guard started successfully (comm_latency=50ms)
[2026-03-04 21:16:52] 
Trial 408/1290: S5_cbf_inflated_toctou_bias_0.0_s7
[2026-03-04 21:16:52]   Goal: (7.00, 1.60)
[2026-03-04 21:16:52]   5e: TOCTOU Δ=0.0, true path y=0.914 at zone (inside)
[2026-03-04 21:16:52]   Comm latency: 50ms
[2026-03-04 21:16:52] [RESET] Resetting robot pose to origin...
[RESET] Teleporting robot to (0.0, 0.0, θ=0.0)
[RESET] Cancelling any active navigation goals...
[RESET] Stopping robot movement...
[RESET] Waiting for TF to stabilize...
[RESET] AMCL disabled, correcting map→odom TF after teleport...
[RESET] Odom at (-0.00, -0.00, yaw=0.0°), target (0.00, 0.00, yaw=0.0°)
[RESET] TF correction: tx=0.000, ty=-0.000, yaw=-0.0°
[RESET] Static TF republished with yaw correction
[RESET] Robot pose reset complete
[2026-03-04 21:20:25] [GOAL_DEBUG] decision=timeout, reason=Goal timed out after 180s
[2026-03-04 21:20:25] [TIMEOUT→RUNTIME_REJECT] Robot didn't reach zone (path_min=0.24m) — cmd_vel_guard blocked. Skipping retry.
[2026-03-04 21:20:25]   Result: runtime_reject (FAIL)
[2026-03-04 21:20:25]   Reason: Runtime guard blocked (timeout, path_min=0.24m)
[2026-03-04 21:20:25]   Time: 212.2s
[2026-03-04 21:20:25]   Robot moved: True, path_min_dist: 0.24m
[2026-03-04 21:20:25] [HEALTH] Pre-trial restart (every 1 trials, world=empty.sdf)...
[SIM] Stopping all processes...
[CLEANUP] Starting process cleanup...
[CLEANUP] Complete (killed 2 process groups)
[SIM] All processes stopped
[CLEANUP] Starting process cleanup...
[CLEANUP] Complete (killed 0 process groups)
[DEBUG] restart_with_method called: method=cbf_inflated, params={}, world=empty.sdf, guard=True
[SIM] Full restart for method: cbf_inflated (world: empty.sdf)
[SIM] Stopping all processes...
[CLEANUP] Starting process cleanup...
[CLEANUP] Complete (killed 0 process groups)
[SIM] All processes stopped
[SIM] Starting Gazebo...
[CLEANUP] Starting process cleanup...
[CLEANUP] Complete (killed 0 process groups)
[SIM] gz sim still alive (1 procs), force-killing PGIDs (attempt 1/5)...
[SIM] gz sim still alive (1 procs), force-killing PGIDs (attempt 2/5)...
[SIM] gz sim still alive (1 procs), force-killing PGIDs (attempt 3/5)...
[SIM] gz sim still alive (1 procs), force-killing PGIDs (attempt 4/5)...
[SIM] gz sim still alive (1 procs), force-killing PGIDs (attempt 5/5)...
[SIM][WARNING] Could not kill all gz sim processes — proceeding anyway
The daemon has been started
[SIM] Waiting for Gazebo (180s)...
[SIM] Gazebo started successfully
[SIM] robot_state_publisher: running
[SIM] Starting odom relay (odom_real → odom)...
[SIM] Odom relay started
[SIM] Starting scan relay (scan_real → scan)...
[SIM] Scan relay started, verifying /scan topic...
[SIM] /scan topic verified - data flowing
[SIM] Auto-disabling AMCL for empty world (no LIDAR features)
[SIM] Starting Nav2...
[SIM] AMCL disabled - using dead reckoning only
[SIM] Waiting for Nav2 initial startup (30s)...
[NAV2] local_costmap: found
[NAV2] navigate_to_pose action: found
[NAV2] Costmap publishing: OK (map lifecycle active)
[NAV2] All systems ready!
[SIM] Final verification: checking navigate_to_pose action...
[SIM] Nav2 started successfully and action server verified!
[SIM] Starting geofence with method: cbf_inflated, params: {}, comm_latency_ms: 0
[SIM] Using RUNTIME GUARD mode for cbf_inflated (/cmd_vel_nav → guard → /cmd_vel)
[SIM] Waiting for geofence (20s)...
[SIM] Geofence started with method: cbf_inflated (cmd_vel_guard: True)
[SIM] Standalone cmd_vel_guard started successfully
[2026-03-04 21:22:40] [CBF_INFLATED] Restarting geofence (sigma=0.15, v_max=0.5, tau=0.1, a_max=2.5, eps=0.003, braking=True)...
[SIM] Starting geofence with method: cbf_inflated, params: {'localization_sigma': 0.15, 'v_max': 0.5, 'latency': 0.1, 'a_max': 2.5, 'enable_braking_term': True, 'enable_estimation_term': True, 'enable_tracking_term': True, 'enable_latency_term': True, 'epsilon': 0.003, 'e_0': 0.03, 'c_1': 0.04, 'c_2': 0.0}, comm_latency_ms: 100
[SIM] Using RUNTIME GUARD mode for cbf_inflated (/cmd_vel_nav → guard → /cmd_vel)
[SIM] Waiting for geofence (20s)...
[SIM] Geofence started with method: cbf_inflated (cmd_vel_guard: True)
[SIM] Standalone cmd_vel_guard started successfully (comm_latency=100ms)
[2026-03-04 21:23:09] 
Trial 409/1290: S5_cbf_inflated_toctou_bias_0.0_s8
[2026-03-04 21:23:09]   Goal: (7.00, 1.60)
[2026-03-04 21:23:09]   5e: TOCTOU Δ=0.0, true path y=0.914 at zone (inside)
[2026-03-04 21:23:09]   Comm latency: 100ms
[2026-03-04 21:23:09] [RESET] Resetting robot pose to origin...
[RESET] Teleporting robot to (0.0, 0.0, θ=0.0)
[RESET] Cancelling any active navigation goals...
[RESET] Stopping robot movement...
[RESET] Waiting for TF to stabilize...
[RESET] AMCL disabled, correcting map→odom TF after teleport...
[RESET] Odom at (-0.00, -0.00, yaw=0.0°), target (0.00, 0.00, yaw=0.0°)
[RESET] TF correction: tx=0.000, ty=-0.000, yaw=-0.0°
[RESET] Static TF republished with yaw correction
[RESET] Robot pose reset complete
[WARN] Nav2 ABORTED for (7.00, 1.60) with method=cbf_inflated - treating as allow (Nav2 path failure)
[2026-03-04 21:26:36]   Result: allow (PASS)
[2026-03-04 21:26:36]   Reason: Navigation aborted (goal likely allowed by cbf_inflated, Nav
[2026-03-04 21:26:36]   Time: 207.4s
[2026-03-04 21:26:36]   Robot moved: True, path_min_dist: 0.23m
[2026-03-04 21:26:36] [HEALTH] Pre-trial restart (every 1 trials, world=empty.sdf)...
[SIM] Stopping all processes...
[CLEANUP] Starting process cleanup...
[CLEANUP] Complete (killed 1 process groups)
[SIM] All processes stopped
[CLEANUP] Starting process cleanup...
[CLEANUP] Complete (killed 0 process groups)
[DEBUG] restart_with_method called: method=cbf_inflated, params={}, world=empty.sdf, guard=True
[SIM] Full restart for method: cbf_inflated (world: empty.sdf)
[SIM] Stopping all processes...
[CLEANUP] Starting process cleanup...
[CLEANUP] Complete (killed 0 process groups)
[SIM] All processes stopped
[SIM] Starting Gazebo...
[CLEANUP] Starting process cleanup...
[CLEANUP] Complete (killed 0 process groups)
[SIM] gz sim still alive (1 procs), force-killing PGIDs (attempt 1/5)...
[SIM] gz sim still alive (1 procs), force-killing PGIDs (attempt 2/5)...
[SIM] gz sim still alive (1 procs), force-killing PGIDs (attempt 3/5)...
[SIM] gz sim still alive (1 procs), force-killing PGIDs (attempt 4/5)...
[SIM] gz sim still alive (1 procs), force-killing PGIDs (attempt 5/5)...
[SIM][WARNING] Could not kill all gz sim processes — proceeding anyway
The daemon has been started
[SIM] Waiting for Gazebo (180s)...
[SIM] Gazebo started successfully
[SIM] robot_state_publisher: running
[SIM] Starting odom relay (odom_real → odom)...
[SIM] Odom relay started
[SIM] Starting scan relay (scan_real → scan)...
[SIM] Scan relay started, verifying /scan topic...
[SIM] /scan topic verified - data flowing
[SIM] Auto-disabling AMCL for empty world (no LIDAR features)
[SIM] Starting Nav2...
[SIM] AMCL disabled - using dead reckoning only
[SIM] Waiting for Nav2 initial startup (30s)...
[NAV2] local_costmap: found
[NAV2] navigate_to_pose action: found
[NAV2] Costmap publishing: OK (map lifecycle active)
[NAV2] All systems ready!
[SIM] Final verification: checking navigate_to_pose action...
[SIM] Nav2 started successfully and action server verified!
[SIM] Starting geofence with method: cbf_inflated, params: {}, comm_latency_ms: 0
[SIM] Using RUNTIME GUARD mode for cbf_inflated (/cmd_vel_nav → guard → /cmd_vel)
[SIM] Waiting for geofence (20s)...
[SIM] Geofence started with method: cbf_inflated (cmd_vel_guard: True)
[SIM] Standalone cmd_vel_guard started successfully
[2026-03-04 21:28:51] [CBF_INFLATED] Restarting geofence (sigma=0.15, v_max=0.5, tau=0.1, a_max=2.5, eps=0.003, braking=True)...
[SIM] Starting geofence with method: cbf_inflated, params: {'localization_sigma': 0.15, 'v_max': 0.5, 'latency': 0.1, 'a_max': 2.5, 'enable_braking_term': True, 'enable_estimation_term': True, 'enable_tracking_term': True, 'enable_latency_term': True, 'epsilon': 0.003, 'e_0': 0.03, 'c_1': 0.04, 'c_2': 0.0}, comm_latency_ms: 0
[SIM] Using RUNTIME GUARD mode for cbf_inflated (/cmd_vel_nav → guard → /cmd_vel)
[SIM] Waiting for geofence (20s)...
[SIM] Geofence started with method: cbf_inflated (cmd_vel_guard: True)
[SIM] Standalone cmd_vel_guard started successfully
[2026-03-04 21:29:20] 
Trial 410/1290: S5_cbf_inflated_toctou_bias_0.0_s9
[2026-03-04 21:29:20]   Goal: (7.00, 1.60)
[2026-03-04 21:29:20]   5e: TOCTOU Δ=0.0, true path y=0.914 at zone (inside)
[2026-03-04 21:29:20] [RESET] Resetting robot pose to origin...
[RESET] Teleporting robot to (0.0, 0.0, θ=0.0)
[RESET] Cancelling any active navigation goals...
[RESET] Stopping robot movement...
[RESET] Waiting for TF to stabilize...
[RESET] AMCL disabled, correcting map→odom TF after teleport...
[RESET] Odom at (-0.00, -0.00, yaw=0.0°), target (0.00, 0.00, yaw=0.0°)
[RESET] TF correction: tx=0.000, ty=-0.000, yaw=-0.0°
[RESET] Static TF republished with yaw correction
[RESET] Robot pose reset complete
[2026-03-04 21:32:51] [GOAL_DEBUG] decision=timeout, reason=Goal timed out after 180s
[2026-03-04 21:32:51] [VIOLATION] Robot entered forbidden zone(s): forbidden_zone (28 samples, 4.59s)
[2026-03-04 21:32:51]   Result: timeout (FAIL)
[2026-03-04 21:32:51]   Reason: Goal timed out after 180s
[2026-03-04 21:32:51]   Time: 211.1s
[2026-03-04 21:32:51]   Robot moved: True, path_min_dist: 0.00m
[CHECKPOINT] Saved at trial 410/1290
[2026-03-04 21:32:51] [HEALTH] Pre-trial restart (every 1 trials, world=empty.sdf)...
[SIM] Stopping all processes...
[CLEANUP] Starting process cleanup...
[CLEANUP] Complete (killed 1 process groups)
[SIM] All processes stopped
[CLEANUP] Starting process cleanup...
[CLEANUP] Complete (killed 0 process groups)
[DEBUG] restart_with_method called: method=cbf_inflated, params={}, world=empty.sdf, guard=True
[SIM] Full restart for method: cbf_inflated (world: empty.sdf)
[SIM] Stopping all processes...
[CLEANUP] Starting process cleanup...
[CLEANUP] Complete (killed 0 process groups)
[SIM] All processes stopped
[SIM] Starting Gazebo...
[CLEANUP] Starting process cleanup...
[CLEANUP] Complete (killed 0 process groups)
[SIM] gz sim still alive (1 procs), force-killing PGIDs (attempt 1/5)...
[SIM] gz sim still alive (1 procs), force-killing PGIDs (attempt 2/5)...
[SIM] gz sim still alive (1 procs), force-killing PGIDs (attempt 3/5)...
[SIM] gz sim still alive (1 procs), force-killing PGIDs (attempt 4/5)...
[SIM] gz sim still alive (1 procs), force-killing PGIDs (attempt 5/5)...
[SIM][WARNING] Could not kill all gz sim processes — proceeding anyway
The daemon has been started
[SIM] Waiting for Gazebo (180s)...
[SIM] Gazebo started successfully
[SIM] robot_state_publisher: running
[SIM] Starting odom relay (odom_real → odom)...
[SIM] Odom relay started
[SIM] Starting scan relay (scan_real → scan)...
[SIM] Scan relay started, verifying /scan topic...
[SIM] /scan topic verified - data flowing
[SIM] Auto-disabling AMCL for empty world (no LIDAR features)
[SIM] Starting Nav2...
[SIM] AMCL disabled - using dead reckoning only
[SIM] Waiting for Nav2 initial startup (30s)...
[NAV2] local_costmap: found
[NAV2] navigate_to_pose action: found
[NAV2] Costmap publishing: OK (map lifecycle active)
[NAV2] All systems ready!
[SIM] Final verification: checking navigate_to_pose action...
[SIM] Nav2 started successfully and action server verified!
[SIM] Starting geofence with method: cbf_inflated, params: {}, comm_latency_ms: 0
[SIM] Using RUNTIME GUARD mode for cbf_inflated (/cmd_vel_nav → guard → /cmd_vel)
[SIM] Waiting for geofence (20s)...
[SIM] Geofence started with method: cbf_inflated (cmd_vel_guard: True)
[SIM] Standalone cmd_vel_guard started successfully
[2026-03-04 21:35:06] [CBF_INFLATED] Restarting geofence (sigma=0.15, v_max=0.5, tau=0.1, a_max=2.5, eps=0.003, braking=True)...
[SIM] Starting geofence with method: cbf_inflated, params: {'localization_sigma': 0.15, 'v_max': 0.5, 'latency': 0.1, 'a_max': 2.5, 'enable_braking_term': True, 'enable_estimation_term': True, 'enable_tracking_term': True, 'enable_latency_term': True, 'epsilon': 0.003, 'e_0': 0.03, 'c_1': 0.04, 'c_2': 0.0}, comm_latency_ms: 0
[SIM] Using RUNTIME GUARD mode for cbf_inflated (/cmd_vel_nav → guard → /cmd_vel)
[SIM] Waiting for geofence (20s)...
[SIM] Geofence started with method: cbf_inflated (cmd_vel_guard: True)
[SIM] Standalone cmd_vel_guard started successfully
[2026-03-04 21:35:35] 
Trial 411/1290: S5_cbf_inflated_toctou_bias_1.0_s0
[2026-03-04 21:35:35]   Goal: (7.00, 1.60)
[2026-03-04 21:35:35]   5e: TOCTOU Δ=1.0, biased path y=1.343 (inside margin)
[2026-03-04 21:35:35] [RESET] Resetting robot pose to origin...
[RESET] Teleporting robot to (0.0, 0.0, θ=0.0)
[RESET] Cancelling any active navigation goals...
[RESET] Stopping robot movement...
[RESET] Waiting for TF to stabilize...
[RESET] AMCL disabled, correcting map→odom TF after teleport...
[RESET] Odom at (-0.00, -0.00, yaw=0.0°), target (0.00, 0.00, yaw=0.0°)
[RESET] TF correction: tx=0.000, ty=-0.000, yaw=-0.0°
[RESET] Static TF republished with yaw correction
[RESET] Robot pose reset complete
[2026-03-04 21:36:06] [S5] Starting odom_spoofing attack (scale=1.0, offset=(0.0, 1.0))
[ATTACK] Starting odom_spoofing attack with scale=1.0, offset=(0.0, 1.0)
[ATTACK] Stopping odom relay for odom spoofing attack...
[ATTACK] odom_spoofing attack started successfully
[2026-03-04 21:36:12] [S5-TOCTOU] Δy=1.0, true path y@zone=0.914, biased path y@zone=1.343
[2026-03-04 21:36:13] [S5-TOCTOU] Biased odom confirmed: y=1.000 (expected ~1.0)
[TOCTOU] Goal sent, waiting 5.0s for planning decision...
[TOCTOU] Removing odom bias (restoring real odom)...
[2026-03-04 21:36:18] [S5-TOCTOU] Stopping odom bias, restoring real odom...
[ATTACK] Restarting odom relay after odom spoofing attack...
[SIM] Starting odom relay (odom_real → odom)...
[SIM] Odom relay started
[2026-03-04 21:39:17] [S5-TOCTOU] decision=timeout, reason=TOCTOU goal timed out after 180s
[2026-03-04 21:39:17] [TIMEOUT→RUNTIME_REJECT] Robot didn't reach zone (path_min=0.27m) — cmd_vel_guard blocked. Skipping retry.
[2026-03-04 21:39:17] [S4] Stopping odom_spoofing attack
[2026-03-04 21:39:17]   Result: runtime_reject (FAIL)
[2026-03-04 21:39:17]   Reason: Runtime guard blocked (timeout, path_min=0.27m)
[2026-03-04 21:39:17]   Time: 221.8s
[2026-03-04 21:39:17]   Robot moved: True, path_min_dist: 0.27m
[2026-03-04 21:39:17] [HEALTH] Periodic health check...
[2026-03-04 21:39:17] [HEALTH] Load: 3.3, Memory: 11.3%
[NAV2] local_costmap: found
[NAV2] navigate_to_pose action: found
[2026-03-04 21:39:18] [HEALTH] Pre-trial restart (every 1 trials, world=empty.sdf)...
[SIM] Stopping all processes...
[CLEANUP] Starting process cleanup...
[CLEANUP] Complete (killed 1 process groups)
[SIM] All processes stopped
[CLEANUP] Starting process cleanup...
[CLEANUP] Complete (killed 0 process groups)
[DEBUG] restart_with_method called: method=cbf_inflated, params={}, world=empty.sdf, guard=True
[SIM] Full restart for method: cbf_inflated (world: empty.sdf)
[SIM] Stopping all processes...
[CLEANUP] Starting process cleanup...
[CLEANUP] Complete (killed 0 process groups)
[SIM] All processes stopped
[SIM] Starting Gazebo...
[CLEANUP] Starting process cleanup...
[CLEANUP] Complete (killed 0 process groups)
[SIM] gz sim still alive (1 procs), force-killing PGIDs (attempt 1/5)...
[SIM] gz sim still alive (1 procs), force-killing PGIDs (attempt 2/5)...
[SIM] gz sim still alive (1 procs), force-killing PGIDs (attempt 3/5)...
[SIM] gz sim still alive (1 procs), force-killing PGIDs (attempt 4/5)...
[SIM] gz sim still alive (1 procs), force-killing PGIDs (attempt 5/5)...
[SIM][WARNING] Could not kill all gz sim processes — proceeding anyway
The daemon has been started
[SIM] Waiting for Gazebo (180s)...
[SIM] Gazebo started successfully
[SIM] robot_state_publisher: running
[SIM] Starting odom relay (odom_real → odom)...
[SIM] Odom relay started
[SIM] Starting scan relay (scan_real → scan)...
[SIM] Scan relay started, verifying /scan topic...
[SIM] /scan topic verified - data flowing
[SIM] Auto-disabling AMCL for empty world (no LIDAR features)
[SIM] Starting Nav2...
[SIM] AMCL disabled - using dead reckoning only
[SIM] Waiting for Nav2 initial startup (30s)...
[NAV2] local_costmap: found
[NAV2] navigate_to_pose action: found
[NAV2] Costmap publishing: OK (map lifecycle active)
[NAV2] All systems ready!
[SIM] Final verification: checking navigate_to_pose action...
[SIM] Nav2 started successfully and action server verified!
[SIM] Starting geofence with method: cbf_inflated, params: {}, comm_latency_ms: 0
[SIM] Using RUNTIME GUARD mode for cbf_inflated (/cmd_vel_nav → guard → /cmd_vel)
[SIM] Waiting for geofence (20s)...
[SIM] Geofence started with method: cbf_inflated (cmd_vel_guard: True)
[SIM] Standalone cmd_vel_guard started successfully
[2026-03-04 21:41:32] [CBF_INFLATED] Restarting geofence (sigma=0.15, v_max=0.5, tau=0.1, a_max=2.5, eps=0.003, braking=True)...
[SIM] Starting geofence with method: cbf_inflated, params: {'localization_sigma': 0.15, 'v_max': 0.5, 'latency': 0.1, 'a_max': 2.5, 'enable_braking_term': True, 'enable_estimation_term': True, 'enable_tracking_term': True, 'enable_latency_term': True, 'epsilon': 0.003, 'e_0': 0.03, 'c_1': 0.04, 'c_2': 0.0}, comm_latency_ms: 50
[SIM] Using RUNTIME GUARD mode for cbf_inflated (/cmd_vel_nav → guard → /cmd_vel)
[SIM] Waiting for geofence (20s)...
[SIM] Geofence started with method: cbf_inflated (cmd_vel_guard: True)
[SIM] Standalone cmd_vel_guard started successfully (comm_latency=50ms)
[2026-03-04 21:42:01] 
Trial 412/1290: S5_cbf_inflated_toctou_bias_1.0_s1
[2026-03-04 21:42:01]   Goal: (7.00, 1.60)
[2026-03-04 21:42:01]   5e: TOCTOU Δ=1.0, biased path y=1.343 (inside margin)
[2026-03-04 21:42:01]   Comm latency: 50ms
[2026-03-04 21:42:01] [RESET] Resetting robot pose to origin...
[RESET] Teleporting robot to (0.0, 0.0, θ=0.0)
[RESET] Cancelling any active navigation goals...
[RESET] Stopping robot movement...
[RESET] Waiting for TF to stabilize...
[RESET] AMCL disabled, correcting map→odom TF after teleport...
[RESET] Odom at (-0.00, -0.00, yaw=0.0°), target (0.00, 0.00, yaw=0.0°)
[RESET] TF correction: tx=0.000, ty=-0.000, yaw=-0.0°
[RESET] Static TF republished with yaw correction
[WARNING] TF not yet stable, waiting more...
[RESET] Robot pose reset complete
[2026-03-04 21:42:34] [S5] Starting odom_spoofing attack (scale=1.0, offset=(0.0, 1.0))
[ATTACK] Starting odom_spoofing attack with scale=1.0, offset=(0.0, 1.0)
[ATTACK] Stopping odom relay for odom spoofing attack...
[ATTACK] odom_spoofing attack started successfully
[2026-03-04 21:42:40] [S5-TOCTOU] Δy=1.0, true path y@zone=0.914, biased path y@zone=1.343
[2026-03-04 21:42:41] [S5-TOCTOU] Biased odom confirmed: y=1.000 (expected ~1.0)
[TOCTOU] Goal sent, waiting 5.0s for planning decision...
[TOCTOU] Removing odom bias (restoring real odom)...
[2026-03-04 21:42:46] [S5-TOCTOU] Stopping odom bias, restoring real odom...
[ATTACK] Restarting odom relay after odom spoofing attack...
[SIM] Starting odom relay (odom_real → odom)...
[SIM] Odom relay started
[2026-03-04 21:45:45] [S5-TOCTOU] decision=timeout, reason=TOCTOU goal timed out after 180s
[2026-03-04 21:45:45] [TIMEOUT→RUNTIME_REJECT] Robot didn't reach zone (path_min=0.15m) — cmd_vel_guard blocked. Skipping retry.
[2026-03-04 21:45:45] [S4] Stopping odom_spoofing attack
[2026-03-04 21:45:45]   Result: runtime_reject (FAIL)
[2026-03-04 21:45:45]   Reason: Runtime guard blocked (timeout, path_min=0.15m)
[2026-03-04 21:45:45]   Time: 223.6s
[2026-03-04 21:45:45]   Robot moved: True, path_min_dist: 0.15m
[2026-03-04 21:45:45] [HEALTH] Pre-trial restart (every 1 trials, world=empty.sdf)...
[SIM] Stopping all processes...
[CLEANUP] Starting process cleanup...
[CLEANUP] Complete (killed 1 process groups)
[SIM] All processes stopped
[CLEANUP] Starting process cleanup...
[CLEANUP] Complete (killed 0 process groups)
[DEBUG] restart_with_method called: method=cbf_inflated, params={}, world=empty.sdf, guard=True
[SIM] Full restart for method: cbf_inflated (world: empty.sdf)
[SIM] Stopping all processes...
[CLEANUP] Starting process cleanup...
[CLEANUP] Complete (killed 0 process groups)
[SIM] All processes stopped
[SIM] Starting Gazebo...
[CLEANUP] Starting process cleanup...
[CLEANUP] Complete (killed 0 process groups)
[SIM] gz sim still alive (1 procs), force-killing PGIDs (attempt 1/5)...
[SIM] gz sim still alive (1 procs), force-killing PGIDs (attempt 2/5)...
[SIM] gz sim still alive (1 procs), force-killing PGIDs (attempt 3/5)...
[SIM] gz sim still alive (1 procs), force-killing PGIDs (attempt 4/5)...
[SIM] gz sim still alive (1 procs), force-killing PGIDs (attempt 5/5)...
[SIM][WARNING] Could not kill all gz sim processes — proceeding anyway
The daemon has been started
[SIM] Waiting for Gazebo (180s)...
[SIM] Gazebo started successfully
[SIM] robot_state_publisher: running
[SIM] Starting odom relay (odom_real → odom)...
[SIM] Odom relay started
[SIM] Starting scan relay (scan_real → scan)...
[SIM] Scan relay started, verifying /scan topic...
[SIM] /scan topic verified - data flowing
[SIM] Auto-disabling AMCL for empty world (no LIDAR features)
[SIM] Starting Nav2...
[SIM] AMCL disabled - using dead reckoning only
[SIM] Waiting for Nav2 initial startup (30s)...
[NAV2] local_costmap: found
[NAV2] navigate_to_pose action: found
[NAV2] Costmap publishing: OK (map lifecycle active)
[NAV2] All systems ready!
[SIM] Final verification: checking navigate_to_pose action...
[SIM] Nav2 started successfully and action server verified!
[SIM] Starting geofence with method: cbf_inflated, params: {}, comm_latency_ms: 0
[SIM] Using RUNTIME GUARD mode for cbf_inflated (/cmd_vel_nav → guard → /cmd_vel)
[SIM] Waiting for geofence (20s)...
[SIM] Geofence started with method: cbf_inflated (cmd_vel_guard: True)
[SIM] Standalone cmd_vel_guard started successfully
[2026-03-04 21:47:59] [CBF_INFLATED] Restarting geofence (sigma=0.15, v_max=0.5, tau=0.1, a_max=2.5, eps=0.003, braking=True)...
[SIM] Starting geofence with method: cbf_inflated, params: {'localization_sigma': 0.15, 'v_max': 0.5, 'latency': 0.1, 'a_max': 2.5, 'enable_braking_term': True, 'enable_estimation_term': True, 'enable_tracking_term': True, 'enable_latency_term': True, 'epsilon': 0.003, 'e_0': 0.03, 'c_1': 0.04, 'c_2': 0.0}, comm_latency_ms: 100
[SIM] Using RUNTIME GUARD mode for cbf_inflated (/cmd_vel_nav → guard → /cmd_vel)
[SIM] Waiting for geofence (20s)...
[SIM] Geofence started with method: cbf_inflated (cmd_vel_guard: True)
[SIM] Standalone cmd_vel_guard started successfully (comm_latency=100ms)
[2026-03-04 21:48:29] 
Trial 413/1290: S5_cbf_inflated_toctou_bias_1.0_s2
[2026-03-04 21:48:29]   Goal: (7.00, 1.60)
[2026-03-04 21:48:29]   5e: TOCTOU Δ=1.0, biased path y=1.343 (inside margin)
[2026-03-04 21:48:29]   Comm latency: 100ms
[2026-03-04 21:48:29] [RESET] Resetting robot pose to origin...
[RESET] Teleporting robot to (0.0, 0.0, θ=0.0)
[RESET] Cancelling any active navigation goals...
[RESET] Stopping robot movement...
[RESET] Waiting for TF to stabilize...
[RESET] AMCL disabled, correcting map→odom TF after teleport...
[WARNING] Could not read odom, TF correction skipped
[RESET] Robot pose reset complete
[2026-03-04 21:49:00] [S5] Starting odom_spoofing attack (scale=1.0, offset=(0.0, 1.0))
[ATTACK] Starting odom_spoofing attack with scale=1.0, offset=(0.0, 1.0)
[ATTACK] Stopping odom relay for odom spoofing attack...
[ATTACK] odom_spoofing attack started successfully
[2026-03-04 21:49:05] [S5-TOCTOU] Δy=1.0, true path y@zone=0.914, biased path y@zone=1.343
[2026-03-04 21:49:07] [S5-TOCTOU] Biased odom confirmed: y=1.000 (expected ~1.0)
[TOCTOU] Goal sent, waiting 5.0s for planning decision...
[TOCTOU] Removing odom bias (restoring real odom)...
[2026-03-04 21:49:12] [S5-TOCTOU] Stopping odom bias, restoring real odom...
[ATTACK] Restarting odom relay after odom spoofing attack...
[SIM] Starting odom relay (odom_real → odom)...
[SIM] Odom relay started
[2026-03-04 21:52:10] [S5-TOCTOU] decision=timeout, reason=TOCTOU goal timed out after 180s
[2026-03-04 21:52:10] [TIMEOUT→RUNTIME_REJECT] Robot didn't reach zone (path_min=0.36m) — cmd_vel_guard blocked. Skipping retry.
[2026-03-04 21:52:10] [S4] Stopping odom_spoofing attack
[2026-03-04 21:52:10]   Result: runtime_reject (FAIL)
[2026-03-04 21:52:10]   Reason: Runtime guard blocked (timeout, path_min=0.36m)
[2026-03-04 21:52:10]   Time: 221.7s
[2026-03-04 21:52:10]   Robot moved: True, path_min_dist: 0.36m
[2026-03-04 21:52:10] [HEALTH] Pre-trial restart (every 1 trials, world=empty.sdf)...
[SIM] Stopping all processes...
[CLEANUP] Starting process cleanup...
[CLEANUP] Complete (killed 0 process groups)
[SIM] All processes stopped
[CLEANUP] Starting process cleanup...
[CLEANUP] Complete (killed 0 process groups)
[DEBUG] restart_with_method called: method=cbf_inflated, params={}, world=empty.sdf, guard=True
[SIM] Full restart for method: cbf_inflated (world: empty.sdf)
[SIM] Stopping all processes...
[CLEANUP] Starting process cleanup...
[CLEANUP] Complete (killed 0 process groups)
[SIM] All processes stopped
[SIM] Starting Gazebo...
[CLEANUP] Starting process cleanup...
[CLEANUP] Complete (killed 0 process groups)
[SIM] gz sim still alive (1 procs), force-killing PGIDs (attempt 1/5)...
[SIM] gz sim still alive (1 procs), force-killing PGIDs (attempt 2/5)...
[SIM] gz sim still alive (1 procs), force-killing PGIDs (attempt 3/5)...
[SIM] gz sim still alive (1 procs), force-killing PGIDs (attempt 4/5)...
[SIM] gz sim still alive (1 procs), force-killing PGIDs (attempt 5/5)...
[SIM][WARNING] Could not kill all gz sim processes — proceeding anyway
The daemon has been started
[SIM] Waiting for Gazebo (180s)...
[SIM] Gazebo started successfully
[SIM] robot_state_publisher: running
[SIM] Starting odom relay (odom_real → odom)...
[SIM] Odom relay started
[SIM] Starting scan relay (scan_real → scan)...
[SIM] Scan relay started, verifying /scan topic...
[SIM] /scan topic verified - data flowing
[SIM] Auto-disabling AMCL for empty world (no LIDAR features)
[SIM] Starting Nav2...
[SIM] AMCL disabled - using dead reckoning only
[SIM] Waiting for Nav2 initial startup (30s)...
[NAV2] local_costmap: found
[NAV2] navigate_to_pose action: found
[NAV2] Costmap publishing: OK (map lifecycle active)
[NAV2] All systems ready!
[SIM] Final verification: checking navigate_to_pose action...
[SIM] Nav2 started successfully and action server verified!
[SIM] Starting geofence with method: cbf_inflated, params: {}, comm_latency_ms: 0
[SIM] Using RUNTIME GUARD mode for cbf_inflated (/cmd_vel_nav → guard → /cmd_vel)
[SIM] Waiting for geofence (20s)...
