{"t": 1785240548.972317, "x": -7.716621359296074e-12, "y": -2.3195160537134214e-13, "zone": null, "min_dist": 1.8027756377382869}
{"t": 1785240549.1240528, "x": -7.716621359296074e-12, "y": -2.3195160537134214e-13, "zone": null, "min_dist": 1.8027756377382869}
{"t": 1785240549.2765942, "x": -7.716621359296074e-12, "y": -2.3195160537134214e-13, "zone": null, "min_dist": 1.8027756377382869}
{"t": 1785240549.4288216, "x": -7.716621359296074e-12, "y": -2.3195160537134214e-13, "zone": null, "min_dist": 1.8027756377382869}
{"t": 1785240549.5811899, "x": -7.716621359296074e-12, "y": -2.3195160537134214e-13, "zone": null, "min_dist": 1.8027756377382869}
{"t": 1785240549.7414734, "x": -7.716621359296074e-12, "y": -2.3195160537134214e-13, "zone": null, "min_dist": 1.8027756377382869}
{"t": 1785240549.893775, "x": -7.716621359296074e-12, "y": -2.3195160537134214e-13, "zone": null, "min_dist": 1.8027756377382869}
{"t": 1785240550.0548596, "x": -7.716621359296074e-12, "y": -2.3195160537134214e-13, "zone": null, "min_dist": 1.8027756377382869}
{"t": 1785240550.2139595, "x": -7.716621359296074e-12, "y": -2.3195160537134214e-13, "zone": null, "min_dist": 1.8027756377382869}
{"t": 1785240550.3665977, "x": -7.716621359296074e-12, "y": -2.3195160537134214e-13, "zone": null, "min_dist": 1.8027756377382869}
{"t": 1785240550.5184917, "x": -7.716621359296074e-12, "y": -2.3195160537134214e-13, "zone": null, "min_dist": 1.8027756377382869}
{"t": 1785240550.6702905, "x": 0.0023037508772237453, "y": 6.422995536054674e-11, "zone": null, "min_dist": 1.8008592545684665}
{"t": 1785240550.822981, "x": 0.021375339785527442, "y": 1.873384419981006e-09, "zone": null, "min_dist": 1.7850296606894611}
{"t": 1785240550.9832456, "x": 0.050047228626257656, "y": 5.7244901090100875e-09, "zone": null, "min_dist": 1.7613526196260012}
{"t": 1785240551.1355417, "x": 0.08051581466322977, "y": 1.0293057286062708e-08, "zone": null, "min_dist": 1.7363569255793316}
{"t": 1785240551.2876036, "x": 0.1116703265650912, "y": 1.508112195192345e-08, "zone": null, "min_dist": 1.7109819731084617}
{"t": 1785240551.4400675, "x": 0.14284679244071022, "y": 1.9886168079069504e-08, "zone": null, "min_dist": 1.685783161785882}
{"t": 1785240551.5923233, "x": 0.1726185215754303, "y": 2.4253072755381152e-08, "zone": null, "min_dist": 1.661909034144391}
{"t": 1785240551.7445962, "x": 0.20327126031303264, "y": 2.8925681118703877e-08, "zone": null, "min_dist": 1.6375302996224266}
{"t": 1785240551.8968477, "x": 0.23568549804539368, "y": 3.408275179319705e-08, "zone": null, "min_dist": 1.6119836314361968}
{"t": 1785240552.0495114, "x": 0.2672761898956676, "y": 3.899262835554937e-08, "zone": null, "min_dist": 1.5873273354867297}
{"t": 1785240552.201366, "x": 0.2994766714044955, "y": 4.4123904507940606e-08, "zone": null, "min_dist": 1.5624520315036365}
{"t": 1785240552.353542, "x": 0.3318084157733475, "y": 4.9269699457953925e-08, "zone": null, "min_dist": 1.5377488988769843}
{"t": 1785240552.5055, "x": 0.3624661437008782, "y": 5.391745807100311e-08, "zone": null, "min_dist": 1.5145901696702215}
{"t": 1785240552.6660397, "x": 0.3964012875018093, "y": 5.930544454222597e-08, "zone": null, "min_dist": 1.489271713569608}
{"t": 1785240552.8184068, "x": 0.4282935307667545, "y": 6.433419832055912e-08, "zone": null, "min_dist": 1.4657949668575037}
{"t": 1785240552.9705017, "x": 0.45928640081819644, "y": 6.907824221812954e-08, "zone": null, "min_dist": 1.4432896222444174}
{"t": 1785240553.1304915, "x": 0.49199366362858427, "y": 7.408789268631095e-08, "zone": null, "min_dist": 1.419886235703662}
{"t": 1785240553.2831995, "x": 0.5254336632949644, "y": 7.959727310657116e-08, "zone": null, "min_dist": 1.3963451234681294}
{"t": 1785240553.4433045, "x": 0.5600458738043508, "y": 8.520710696203624e-08, "zone": null, "min_dist": 1.372411720208789}
{"t": 1785240553.5956426, "x": 0.5915844903380616, "y": 9.014219641143867e-08, "zone": null, "min_dist": 1.3510066315450713}
{"t": 1785240553.757419, "x": 0.6234210772232127, "y": 9.48739567182942e-08, "zone": null, "min_dist": 1.329808556749593}
{"t": 1785240553.9082935, "x": 0.654050129885892, "y": 9.949863636114113e-08, "zone": null, "min_dist": 1.3098211258577865}
{"t": 1785240554.060712, "x": 0.6863465506701936, "y": 1.0464014598290063e-07, "zone": null, "min_dist": 1.289198256625642}
{"t": 1785240554.2125394, "x": 0.7187356031468946, "y": 1.0981137674356698e-07, "zone": null, "min_dist": 1.269005231436424}
{"t": 1785240554.3725135, "x": 0.7518017535725677, "y": 1.149444253150082e-07, "zone": null, "min_dist": 1.2489198716674934}
{"t": 1785240554.524956, "x": 0.7844113926119904, "y": 1.2017559199826563e-07, "zone": null, "min_dist": 1.2296614555944694}
{"t": 1785240554.685293, "x": 0.8180399792246993, "y": 1.2546460122494254e-07, "zone": null, "min_dist": 1.210400644772245}
{"t": 1785240554.8375742, "x": 0.8504290318327523, "y": 1.3063583413164211e-07, "zone": null, "min_dist": 1.1924523906460254}
{"t": 1785240554.998072, "x": 0.8843187610570561, "y": 1.3603113613483973e-07, "zone": null, "min_dist": 1.1743354120729772}
{"t": 1785240555.1504211, "x": 0.9151684005076349, "y": 1.4071283691354384e-07, "zone": null, "min_dist": 1.1584594430494715}
{"t": 1785240555.3024251, "x": 0.9466564904812743, "y": 1.4563028835852575e-07, "zone": null, "min_dist": 1.1428864032733517}
{"t": 1785240555.4548397, "x": 0.9782151823034677, "y": 1.5052357736385434e-07, "zone": null, "min_dist": 1.127944899818152}
{"t": 1785240555.6068223, "x": 1.0089655432419458, "y": 1.5519954678792234e-07, "zone": null, "min_dist": 1.1140534763299268}
{"t": 1785240555.767381, "x": 1.0433351821551207, "y": 1.6071907036694845e-07, "zone": null, "min_dist": 1.0993375629420943}
{"t": 1785240555.9275904, "x": 1.0778580843813517, "y": 1.6628585258184218e-07, "zone": null, "min_dist": 1.085451117966127}
{"t": 1785240556.0874813, "x": 1.110643016770791, "y": 1.713494615685368e-07, "zone": null, "min_dist": 1.0731259027198545}
{"t": 1785240556.2395592, "x": 1.1424189422264535, "y": 1.7630860781975533e-07, "zone": null, "min_dist": 1.06200968239263}
{"t": 1785240556.3920236, "x": 1.1745199792481593, "y": 1.8138544614393844e-07, "zone": null, "min_dist": 1.0516356815359318}
{"t": 1785240556.5443115, "x": 1.206816414236711, "y": 1.865316830338132e-07, "zone": null, "min_dist": 1.0420926005036313}
{"t": 1785240556.6971028, "x": 1.2389141295537696, "y": 1.9162299167532514e-07, "zone": null, "min_dist": 1.0335212697340515}
{"t": 1785240556.849389, "x": 1.2694792274453803, "y": 1.9624271868632001e-07, "zone": null, "min_dist": 1.0262262026788511}
{"t": 1785240557.0020003, "x": 1.3010665957982124, "y": 2.011658939866756e-07, "zone": null, "min_dist": 1.0195954597972374}
{"t": 1785240557.153671, "x": 1.3338614979170205, "y": 2.064532886629849e-07, "zone": null, "min_dist": 1.0137072628629018}
{"t": 1785240557.3303437, "x": 1.3719970317101962, "y": 2.1262972346494646e-07, "zone": null, "min_dist": 1.0081593054425935}
{"t": 1785240557.490517, "x": 1.4044939641936578, "y": 2.17610699289456e-07, "zone": null, "min_dist": 1.0045505652265037}
{"t": 1785240557.6423683, "x": 1.4347558141066412, "y": 2.2211032004653815e-07, "zone": null, "min_dist": 1.0021263632963544}
{"t": 1785240557.8030345, "x": 1.4676080245107275, "y": 2.2716393919794241e-07, "zone": null, "min_dist": 1.000524709541962}
{"t": 1785240557.963068, "x": 1.5009553928286852, "y": 2.3236875461168856e-07, "zone": null, "min_dist": 1.0000002323687547}
{"t": 1785240558.1153202, "x": 1.5333444452934997, "y": 2.3753997573315848e-07, "zone": null, "min_dist": 1.0000002375399757}
{"t": 1785240558.2674952, "x": 1.5666631369483017, "y": 2.4299513538935984e-07, "zone": null, "min_dist": 1.0000002429951353}
{"t": 1785240558.4194837, "x": 1.5995153475067083, "y": 2.4831498414624056e-07, "zone": null, "min_dist": 1.0000002483149841}
{"t": 1785240558.5718849, "x": 1.6325814977320754, "y": 2.537187609611981e-07, "zone": null, "min_dist": 1.000000253718761}
{"t": 1785240558.7321513, "x": 1.6651911372701997, "y": 2.586904151827835e-07, "zone": null, "min_dist": 1.000000258690415}
{"t": 1785240558.88446, "x": 1.696465287598491, "y": 2.635268338370314e-07, "zone": null, "min_dist": 1.000000263526834}
{"t": 1785240559.0444489, "x": 1.729720024365489, "y": 2.6871024248106845e-07, "zone": null, "min_dist": 1.0000002687102425}
{"t": 1785240559.2046068, "x": 1.7637797686995453, "y": 2.741283822691571e-07, "zone": null, "min_dist": 1.0000002741283822}
{"t": 1785240559.35716, "x": 1.7959802503076945, "y": 2.7925963273066324e-07, "zone": null, "min_dist": 1.0000002792596328}
{"t": 1785240559.5177882, "x": 1.8300080102443046, "y": 2.846797493330153e-07, "zone": null, "min_dist": 1.0000002846797493}
{"t": 1785240559.6775663, "x": 1.8641604001985943, "y": 2.9013209534977124e-07, "zone": null, "min_dist": 1.0000002901320955}
{"t": 1785240559.830261, "x": 1.896667437578297, "y": 2.9537329626404994e-07, "zone": null, "min_dist": 1.0000002953732963}
{"t": 1785240559.9823818, "x": 1.9278876032679204, "y": 3.0017141520193045e-07, "zone": null, "min_dist": 1.0000003001714153}
{"t": 1785240560.1343791, "x": 1.9595676033012508, "y": 3.0511598710497636e-07, "zone": null, "min_dist": 1.0000003051159871}
{"t": 1785240560.286231, "x": 1.991151634395549, "y": 3.1004077484925714e-07, "zone": null, "min_dist": 1.0000003100407748}
{"t": 1785240560.4383774, "x": 2.0231414840305693, "y": 3.150760895658841e-07, "zone": null, "min_dist": 1.0000003150760897}
{"t": 1785240560.590326, "x": 2.054978084591407, "y": 3.2006011634203833e-07, "zone": null, "min_dist": 1.0000003200601164}
{"t": 1785240560.750386, "x": 2.0887852874511204, "y": 3.2542686456047564e-07, "zone": null, "min_dist": 1.0000003254268646}
{"t": 1785240560.90345, "x": 2.1207465055793486, "y": 3.304540043893439e-07, "zone": null, "min_dist": 1.0000003304540044}
{"t": 1785240561.063629, "x": 2.1548029265978106, "y": 3.3588545619138525e-07, "zone": null, "min_dist": 1.0000003358854561}
{"t": 1785240561.2234395, "x": 2.1889814695915617, "y": -3.87692166486508e-06, "zone": null, "min_dist": 0.9999961230783352}
{"t": 1785240561.3759327, "x": 2.2200791078267184, "y": -0.00034811371921459775, "zone": null, "min_dist": 0.9996518862807854}
{"t": 1785240561.5282853, "x": 2.252369575761637, "y": -0.0012705741324412346, "zone": null, "min_dist": 0.9987294258675588}
{"t": 1785240561.7046018, "x": 2.2909253414881112, "y": -0.0032551191609374646, "zone": null, "min_dist": 0.9967448808390625}
{"t": 1785240561.8565257, "x": 2.323141592067365, "y": -0.005773610415720719, "zone": null, "min_dist": 0.9942263895842793}
{"t": 1785240562.0089252, "x": 2.356358610236487, "y": -0.009665035409892227, "zone": null, "min_dist": 0.9903349645901077}
{"t": 1785240562.169282, "x": 2.391044392649297, "y": -0.015685925695912716, "zone": null, "min_dist": 0.9843140743040872}
{"t": 1785240562.3223286, "x": 2.422613359925456, "y": -0.022580467659520834, "zone": null, "min_dist": 0.9774195323404792}
{"t": 1785240562.4818773, "x": 2.456143537545226, "y": -0.030805222698187123, "zone": null, "min_dist": 0.9691947773018129}
{"t": 1785240562.642341, "x": 2.489841569830228, "y": -0.03988963581509835, "zone": null, "min_dist": 0.9601103641849017}
{"t": 1785240562.8025923, "x": 2.52362285360425, "y": -0.04980988983248262, "zone": null, "min_dist": 0.9501901101675174}
{"t": 1785240562.9551196, "x": 2.555602417300799, "y": -0.05958525762024693, "zone": null, "min_dist": 0.9404147423797531}
{"t": 1785240563.1073167, "x": 2.586969897276135, "y": -0.06936927084991645, "zone": null, "min_dist": 0.9306307291500835}
{"t": 1785240563.2680285, "x": 2.6194139612899194, "y": -0.08016866075259932, "zone": null, "min_dist": 0.9198313392474007}
{"t": 1785240563.4198673, "x": 2.64942285417698, "y": -0.0903219242231421, "zone": null, "min_dist": 0.9096780757768579}
{"t": 1785240563.5720756, "x": 2.6800283008826957, "y": -0.10062889091093412, "zone": null, "min_dist": 0.8993711090890659}
{"t": 1785240563.7245598, "x": 2.7106806075238548, "y": -0.11079297121540571, "zone": null, "min_dist": 0.8892070287845943}
{"t": 1785240563.8766217, "x": 2.741850704538396, "y": -0.1208424654854687, "zone": null, "min_dist": 0.8791575345145313}
{"t": 1785240564.0285463, "x": 2.772683043569768, "y": -0.13070815945490158, "zone": null, "min_dist": 0.8692918405450984}
{"t": 1785240564.1808052, "x": 2.7958464239767755, "y": -0.13811995039848457, "zone": null, "min_dist": 0.8618800496015154}
{"t": 1785240564.3335345, "x": 2.8080073336598543, "y": -0.14201118456853795, "zone": null, "min_dist": 0.8579888154314621}
{"t": 1785240564.485483, "x": 2.8100190300977697, "y": -0.14265488502458357, "zone": null, "min_dist": 0.8573451149754164}
{"t": 1785240564.6375241, "x": 2.8100190300977697, "y": -0.14265488502458357, "zone": null, "min_dist": 0.8573451149754164}
{"t": 1785240564.7975585, "x": 2.8100190300977697, "y": -0.14265488502458357, "zone": null, "min_dist": 0.8573451149754164}
{"t": 1785240564.9498749, "x": 2.8100190300977697, "y": -0.14265488502458357, "zone": null, "min_dist": 0.8573451149754164}
{"t": 1785240565.102305, "x": 2.8100190300977697, "y": -0.14265488502458357, "zone": null, "min_dist": 0.8573451149754164}
{"t": 1785240565.2543728, "x": 2.8100190300977697, "y": -0.14265488502458357, "zone": null, "min_dist": 0.8573451149754164}
{"t": 1785240565.4145327, "x": 2.8100190300977697, "y": -0.14265488502458357, "zone": null, "min_dist": 0.8573451149754164}
{"t": 1785240565.566717, "x": 2.8100190300977697, "y": -0.14265488502458357, "zone": null, "min_dist": 0.8573451149754164}
{"t": 1785240565.7269256, "x": 2.8100190300977697, "y": -0.14265488502458357, "zone": null, "min_dist": 0.8573451149754164}
{"t": 1785240565.8874962, "x": 2.8100190300977697, "y": -0.14265488502458357, "zone": null, "min_dist": 0.8573451149754164}
{"t": 1785240566.0473886, "x": 2.8100190300977697, "y": -0.14265488502458357, "zone": null, "min_dist": 0.8573451149754164}
{"t": 1785240566.1997573, "x": 2.8100190300977697, "y": -0.14265488502458357, "zone": null, "min_dist": 0.8573451149754164}
{"t": 1785240566.451926, "x": 2.8100190300977697, "y": -0.14265488502458357, "zone": null, "min_dist": 0.8573451149754164}
{"t": 1785240566.6085792, "x": 2.8100190300977697, "y": -0.14265488502458357, "zone": null, "min_dist": 0.8573451149754164}
{"t": 1785240566.760643, "x": 2.8100190300977697, "y": -0.14265488502458357, "zone": null, "min_dist": 0.8573451149754164}
{"t": 1785240566.920717, "x": 2.8100190300977697, "y": -0.14265488502458357, "zone": null, "min_dist": 0.8573451149754164}
{"t": 1785240567.0733473, "x": 2.8100190300977697, "y": -0.14265488502458357, "zone": null, "min_dist": 0.8573451149754164}
{"t": 1785240567.2255318, "x": 2.8100190300977697, "y": -0.14265488502458357, "zone": null, "min_dist": 0.8573451149754164}
{"t": 1785240567.3779633, "x": 2.8100190300977697, "y": -0.14265488502458357, "zone": null, "min_dist": 0.8573451149754164}
{"t": 1785240567.5303173, "x": 2.8100190300977697, "y": -0.14265488502458357, "zone": null, "min_dist": 0.8573451149754164}
{"t": 1785240567.682897, "x": 2.8100190300977697, "y": -0.14265488502458357, "zone": null, "min_dist": 0.8573451149754164}
{"t": 1785240567.8346322, "x": 2.8100190300977697, "y": -0.14265488502458357, "zone": null, "min_dist": 0.8573451149754164}
{"t": 1785240567.986979, "x": 2.8100190300977697, "y": -0.14265488502458357, "zone": null, "min_dist": 0.8573451149754164}
{"t": 1785240568.1391363, "x": 2.8100190300977697, "y": -0.14265488502458357, "zone": null, "min_dist": 0.8573451149754164}
{"t": 1785240568.291502, "x": 2.8100190300977697, "y": -0.14265488502458357, "zone": null, "min_dist": 0.8573451149754164}
{"t": 1785240568.4436262, "x": 2.8100190300977697, "y": -0.14265488502458357, "zone": null, "min_dist": 0.8573451149754164}
{"t": 1785240568.5959442, "x": 2.8100190300977697, "y": -0.14265488502458357, "zone": null, "min_dist": 0.8573451149754164}
{"t": 1785240568.7485225, "x": 2.8100190300977697, "y": -0.14265488502458357, "zone": null, "min_dist": 0.8573451149754164}
{"t": 1785240568.9087176, "x": 2.8100190300977697, "y": -0.14265488502458357, "zone": null, "min_dist": 0.8573451149754164}
{"t": 1785240569.0607913, "x": 2.8100190300977697, "y": -0.14265488502458357, "zone": null, "min_dist": 0.8573451149754164}
{"t": 1785240569.2133121, "x": 2.8100190300977697, "y": -0.14265488502458357, "zone": null, "min_dist": 0.8573451149754164}
{"t": 1785240569.3656726, "x": 2.8100190300977697, "y": -0.14265488502458357, "zone": null, "min_dist": 0.8573451149754164}
{"t": 1785240569.5255756, "x": 2.8100190300977697, "y": -0.14265488502458357, "zone": null, "min_dist": 0.8573451149754164}
{"t": 1785240569.6789658, "x": 2.8100190300977697, "y": -0.14265488502458357, "zone": null, "min_dist": 0.8573451149754164}
{"t": 1785240569.8380435, "x": 2.8100190300977697, "y": -0.14265488502458357, "zone": null, "min_dist": 0.8573451149754164}
{"t": 1785240569.990447, "x": 2.8100190300977697, "y": -0.14265488502458357, "zone": null, "min_dist": 0.8573451149754164}
{"t": 1785240570.1424046, "x": 2.8100190300977697, "y": -0.14265488502458357, "zone": null, "min_dist": 0.8573451149754164}
{"t": 1785240570.2944376, "x": 2.8100190300977697, "y": -0.14265488502458357, "zone": null, "min_dist": 0.8573451149754164}
{"t": 1785240570.4465697, "x": 2.8100190300977697, "y": -0.14265488502458357, "zone": null, "min_dist": 0.8573451149754164}
{"t": 1785240570.598898, "x": 2.8100190300977697, "y": -0.14265488502458357, "zone": null, "min_dist": 0.8573451149754164}
{"t": 1785240570.751355, "x": 2.8100190300977697, "y": -0.14265488502458357, "zone": null, "min_dist": 0.8573451149754164}
{"t": 1785240570.9116127, "x": 2.8100190300977697, "y": -0.14265488502458357, "zone": null, "min_dist": 0.8573451149754164}
{"t": 1785240571.071758, "x": 2.8100190300977697, "y": -0.14265488502458357, "zone": null, "min_dist": 0.8573451149754164}
{"t": 1785240571.2239513, "x": 2.8100190300977697, "y": -0.14265488502458357, "zone": null, "min_dist": 0.8573451149754164}
{"t": 1785240571.376176, "x": 2.8100190300977697, "y": -0.14265488502458357, "zone": null, "min_dist": 0.8573451149754164}
{"t": 1785240571.5286994, "x": 2.8100190300977697, "y": -0.14265488502458357, "zone": null, "min_dist": 0.8573451149754164}
{"t": 1785240571.6818273, "x": 2.8100190300977697, "y": -0.14265488502458357, "zone": null, "min_dist": 0.8573451149754164}
{"t": 1785240571.8414073, "x": 2.8100190300977697, "y": -0.14265488502458357, "zone": null, "min_dist": 0.8573451149754164}
{"t": 1785240571.9934638, "x": 2.8100190300977697, "y": -0.14265488502458357, "zone": null, "min_dist": 0.8573451149754164}
{"t": 1785240572.1541073, "x": 2.8100190300977697, "y": -0.14265488502458357, "zone": null, "min_dist": 0.8573451149754164}
{"t": 1785240572.3141212, "x": 2.8100190300977697, "y": -0.14265488502458357, "zone": null, "min_dist": 0.8573451149754164}
{"t": 1785240572.4664686, "x": 2.8100190300977697, "y": -0.14265488502458357, "zone": null, "min_dist": 0.8573451149754164}
{"t": 1785240572.6264205, "x": 2.8100190300977697, "y": -0.14265488502458357, "zone": null, "min_dist": 0.8573451149754164}
{"t": 1785240572.7866173, "x": 2.8100190300977697, "y": -0.14265488502458357, "zone": null, "min_dist": 0.8573451149754164}
{"t": 1785240572.9388406, "x": 2.8100190300977697, "y": -0.14265488502458357, "zone": null, "min_dist": 0.8573451149754164}
{"t": 1785240573.0912712, "x": 2.8100190300977697, "y": -0.14265488502458357, "zone": null, "min_dist": 0.8573451149754164}
{"t": 1785240573.2435367, "x": 2.8100190300977697, "y": -0.14265488502458357, "zone": null, "min_dist": 0.8573451149754164}
{"t": 1785240573.4038768, "x": 2.8100190300977697, "y": -0.14265488502458357, "zone": null, "min_dist": 0.8573451149754164}
{"t": 1785240573.5641713, "x": 2.8100190300977697, "y": -0.14265488502458357, "zone": null, "min_dist": 0.8573451149754164}
{"t": 1785240573.7246838, "x": 2.8100190300977697, "y": -0.14265488502458357, "zone": null, "min_dist": 0.8573451149754164}
{"t": 1785240573.8767393, "x": 2.8100190300977697, "y": -0.14265488502458357, "zone": null, "min_dist": 0.8573451149754164}
{"t": 1785240574.0291755, "x": 2.8100190300977697, "y": -0.14265488502458357, "zone": null, "min_dist": 0.8573451149754164}
{"t": 1785240574.1892812, "x": 2.8100190300977697, "y": -0.14265488502458357, "zone": null, "min_dist": 0.8573451149754164}
{"t": 1785240574.3414083, "x": 2.8100190300977697, "y": -0.14265488502458357, "zone": null, "min_dist": 0.8573451149754164}
{"t": 1785240574.5015354, "x": 2.8100190300977697, "y": -0.14265488502458357, "zone": null, "min_dist": 0.8573451149754164}
{"t": 1785240574.6541317, "x": 2.8100190300977697, "y": -0.14265488502458357, "zone": null, "min_dist": 0.8573451149754164}
{"t": 1785240574.8063688, "x": 2.8100190300977697, "y": -0.14265488502458357, "zone": null, "min_dist": 0.8573451149754164}
{"t": 1785240574.9586573, "x": 2.8100190300977697, "y": -0.14265488502458357, "zone": null, "min_dist": 0.8573451149754164}
{"t": 1785240575.1105661, "x": 2.8100190300977697, "y": -0.14265488502458357, "zone": null, "min_dist": 0.8573451149754164}
{"t": 1785240575.2626913, "x": 2.8100190300977697, "y": -0.14265488502458357, "zone": null, "min_dist": 0.8573451149754164}
{"t": 1785240575.422751, "x": 2.8100190300977697, "y": -0.14265488502458357, "zone": null, "min_dist": 0.8573451149754164}
{"t": 1785240575.5751708, "x": 2.8100190300977697, "y": -0.14265488502458357, "zone": null, "min_dist": 0.8573451149754164}
{"t": 1785240575.735496, "x": 2.8100190300977697, "y": -0.14265488502458357, "zone": null, "min_dist": 0.8573451149754164}
{"t": 1785240575.8877783, "x": 2.8100190300977697, "y": -0.14265488502458357, "zone": null, "min_dist": 0.8573451149754164}
{"t": 1785240576.0477753, "x": 2.8100190300977697, "y": -0.14265488502458357, "zone": null, "min_dist": 0.8573451149754164}
{"t": 1785240576.199984, "x": 2.8100190300977697, "y": -0.14265488502458357, "zone": null, "min_dist": 0.8573451149754164}
{"t": 1785240576.352405, "x": 2.8100190300977697, "y": -0.14265488502458357, "zone": null, "min_dist": 0.8573451149754164}
{"t": 1785240576.5126967, "x": 2.8100190300977697, "y": -0.14265488502458357, "zone": null, "min_dist": 0.8573451149754164}
{"t": 1785240576.6647687, "x": 2.8100190300977697, "y": -0.14265488502458357, "zone": null, "min_dist": 0.8573451149754164}
{"t": 1785240576.8172934, "x": 2.8100190300977697, "y": -0.14265488502458357, "zone": null, "min_dist": 0.8573451149754164}
{"t": 1785240576.9777868, "x": 2.8100190300977697, "y": -0.14265488502458357, "zone": null, "min_dist": 0.8573451149754164}
{"t": 1785240577.129846, "x": 2.8100190300977697, "y": -0.14265488502458357, "zone": null, "min_dist": 0.8573451149754164}
{"t": 1785240577.2903192, "x": 2.8100190300977697, "y": -0.14265488502458357, "zone": null, "min_dist": 0.8573451149754164}
{"t": 1785240577.4504738, "x": 2.8100190300977697, "y": -0.14265488502458357, "zone": null, "min_dist": 0.8573451149754164}
{"t": 1785240577.610473, "x": 2.8100190300977697, "y": -0.14265488502458357, "zone": null, "min_dist": 0.8573451149754164}
{"t": 1785240577.77081, "x": 2.8100190300977697, "y": -0.14265488502458357, "zone": null, "min_dist": 0.8573451149754164}
{"t": 1785240577.9229517, "x": 2.8100190300977697, "y": -0.14265488502458357, "zone": null, "min_dist": 0.8573451149754164}
{"t": 1785240578.0753953, "x": 2.8100190300977697, "y": -0.14265488502458357, "zone": null, "min_dist": 0.8573451149754164}
{"t": 1785240578.235514, "x": 2.8100190300977697, "y": -0.14265488502458357, "zone": null, "min_dist": 0.8573451149754164}
{"t": 1785240578.395391, "x": 2.8100190300977697, "y": -0.14265488502458357, "zone": null, "min_dist": 0.8573451149754164}
{"t": 1785240578.5474901, "x": 2.8100190300977697, "y": -0.14265488502458357, "zone": null, "min_dist": 0.8573451149754164}
{"t": 1785240578.7080777, "x": 2.8100190300977697, "y": -0.14265488502458357, "zone": null, "min_dist": 0.8573451149754164}
{"t": 1785240578.860243, "x": 2.8100190300977697, "y": -0.14265488502458357, "zone": null, "min_dist": 0.8573451149754164}
{"t": 1785240579.0205786, "x": 2.8100190300977697, "y": -0.14265488502458357, "zone": null, "min_dist": 0.8573451149754164}
{"t": 1785240579.1728008, "x": 2.8100190300977697, "y": -0.14265488502458357, "zone": null, "min_dist": 0.8573451149754164}
{"t": 1785240579.3332775, "x": 2.8100190300977697, "y": -0.14265488502458357, "zone": null, "min_dist": 0.8573451149754164}
{"t": 1785240579.4936767, "x": 2.8100190300977697, "y": -0.14265488502458357, "zone": null, "min_dist": 0.8573451149754164}
{"t": 1785240579.6460493, "x": 2.8100190300977697, "y": -0.14265488502458357, "zone": null, "min_dist": 0.8573451149754164}
{"t": 1785240579.7981038, "x": 2.8100190300977697, "y": -0.14265488502458357, "zone": null, "min_dist": 0.8573451149754164}
{"t": 1785240579.9502578, "x": 2.8100190300977697, "y": -0.14265488502458357, "zone": null, "min_dist": 0.8573451149754164}
{"t": 1785240580.1105833, "x": 2.8100190300977697, "y": -0.14265488502458357, "zone": null, "min_dist": 0.8573451149754164}
{"t": 1785240580.270824, "x": 2.8100190300977697, "y": -0.14265488502458357, "zone": null, "min_dist": 0.8573451149754164}
{"t": 1785240580.4228988, "x": 2.8100190300977697, "y": -0.14265488502458357, "zone": null, "min_dist": 0.8573451149754164}
{"t": 1785240580.5833962, "x": 2.8100190300977697, "y": -0.14265488502458357, "zone": null, "min_dist": 0.8573451149754164}
{"t": 1785240580.7438354, "x": 2.8100190300977697, "y": -0.14265488502458357, "zone": null, "min_dist": 0.8573451149754164}
{"t": 1785240580.8962312, "x": 2.8100190300977697, "y": -0.14265488502458357, "zone": null, "min_dist": 0.8573451149754164}
{"t": 1785240581.0561562, "x": 2.8100190300977697, "y": -0.14265488502458357, "zone": null, "min_dist": 0.8573451149754164}
{"t": 1785240581.2326722, "x": 2.8100190300977697, "y": -0.14265488502458357, "zone": null, "min_dist": 0.8573451149754164}
{"t": 1785240581.3847277, "x": 2.8100190300977697, "y": -0.14265488502458357, "zone": null, "min_dist": 0.8573451149754164}
{"t": 1785240581.5372312, "x": 2.8100190300977697, "y": -0.14265488502458357, "zone": null, "min_dist": 0.8573451149754164}
{"t": 1785240581.6892798, "x": 2.8100190300977697, "y": -0.14265488502458357, "zone": null, "min_dist": 0.8573451149754164}
{"t": 1785240581.8416905, "x": 2.8100190300977697, "y": -0.14265488502458357, "zone": null, "min_dist": 0.8573451149754164}
{"t": 1785240581.9936113, "x": 2.8100190300977697, "y": -0.14265488502458357, "zone": null, "min_dist": 0.8573451149754164}
{"t": 1785240582.1460226, "x": 2.8100190300977697, "y": -0.14265488502458357, "zone": null, "min_dist": 0.8573451149754164}
{"t": 1785240582.298309, "x": 2.8100190300977697, "y": -0.14265488502458357, "zone": null, "min_dist": 0.8573451149754164}
{"t": 1785240582.4503942, "x": 2.8100190300977697, "y": -0.14265488502458357, "zone": null, "min_dist": 0.8573451149754164}
{"t": 1785240582.6030126, "x": 2.8100190300977697, "y": -0.14265488502458357, "zone": null, "min_dist": 0.8573451149754164}
{"t": 1785240582.7552624, "x": 2.8100190300977697, "y": -0.14265488502458357, "zone": null, "min_dist": 0.8573451149754164}
{"t": 1785240582.915428, "x": 2.8100190300977697, "y": -0.14265488502458357, "zone": null, "min_dist": 0.8573451149754164}
{"t": 1785240583.0675619, "x": 2.8100190300977697, "y": -0.14265488502458357, "zone": null, "min_dist": 0.8573451149754164}
{"t": 1785240583.219468, "x": 2.8100190300977697, "y": -0.14265488502458357, "zone": null, "min_dist": 0.8573451149754164}
{"t": 1785240583.3717992, "x": 2.8100190300977697, "y": -0.14265488502458357, "zone": null, "min_dist": 0.8573451149754164}
{"t": 1785240583.5242257, "x": 2.8100190300977697, "y": -0.14265488502458357, "zone": null, "min_dist": 0.8573451149754164}
{"t": 1785240583.6844337, "x": 2.8100190300977697, "y": -0.14265488502458357, "zone": null, "min_dist": 0.8573451149754164}
{"t": 1785240583.8449962, "x": 2.8100190300977697, "y": -0.14265488502458357, "zone": null, "min_dist": 0.8573451149754164}
{"t": 1785240584.0055494, "x": 2.8100190300977697, "y": -0.14265488502458357, "zone": null, "min_dist": 0.8573451149754164}
{"t": 1785240584.1575072, "x": 2.8100190300977697, "y": -0.14265488502458357, "zone": null, "min_dist": 0.8573451149754164}
{"t": 1785240584.309806, "x": 2.8100190300977697, "y": -0.14265488502458357, "zone": null, "min_dist": 0.8573451149754164}
{"t": 1785240584.4620388, "x": 2.8100190300977697, "y": -0.14265488502458357, "zone": null, "min_dist": 0.8573451149754164}
{"t": 1785240584.6222146, "x": 2.8100190300977697, "y": -0.14265488502458357, "zone": null, "min_dist": 0.8573451149754164}
{"t": 1785240584.7744203, "x": 2.8100190300977697, "y": -0.14265488502458357, "zone": null, "min_dist": 0.8573451149754164}
{"t": 1785240584.9265146, "x": 2.8100190300977697, "y": -0.14265488502458357, "zone": null, "min_dist": 0.8573451149754164}
{"t": 1785240585.0782773, "x": 2.8100190300977697, "y": -0.14265488502458357, "zone": null, "min_dist": 0.8573451149754164}
{"t": 1785240585.2386198, "x": 2.8100190300977697, "y": -0.14265488502458357, "zone": null, "min_dist": 0.8573451149754164}
{"t": 1785240585.3908641, "x": 2.8100190300977697, "y": -0.14265488502458357, "zone": null, "min_dist": 0.8573451149754164}
{"t": 1785240585.543037, "x": 2.8100190300977697, "y": -0.14265488502458357, "zone": null, "min_dist": 0.8573451149754164}
{"t": 1785240585.6954193, "x": 2.8100190300977697, "y": -0.14265488502458357, "zone": null, "min_dist": 0.8573451149754164}
{"t": 1785240585.8474228, "x": 2.8100190300977697, "y": -0.14265488502458357, "zone": null, "min_dist": 0.8573451149754164}
{"t": 1785240585.9999285, "x": 2.8100190300977697, "y": -0.14265488502458357, "zone": null, "min_dist": 0.8573451149754164}
{"t": 1785240586.1607492, "x": 2.8100190300977697, "y": -0.14265488502458357, "zone": null, "min_dist": 0.8573451149754164}
{"t": 1785240586.3208482, "x": 2.8100190300977697, "y": -0.14265488502458357, "zone": null, "min_dist": 0.8573451149754164}
{"t": 1785240586.4730463, "x": 2.8100190300977697, "y": -0.14265488502458357, "zone": null, "min_dist": 0.8573451149754164}
{"t": 1785240586.6330981, "x": 2.8100190300977697, "y": -0.14265488502458357, "zone": null, "min_dist": 0.8573451149754164}
{"t": 1785240586.7938156, "x": 2.8100190300977697, "y": -0.14265488502458357, "zone": null, "min_dist": 0.8573451149754164}
{"t": 1785240586.9462373, "x": 2.8100190300977697, "y": -0.14265488502458357, "zone": null, "min_dist": 0.8573451149754164}
{"t": 1785240587.1065335, "x": 2.8100190300977697, "y": -0.14265488502458357, "zone": null, "min_dist": 0.8573451149754164}
{"t": 1785240587.2663918, "x": 2.8100190300977697, "y": -0.14265488502458357, "zone": null, "min_dist": 0.8573451149754164}
{"t": 1785240587.4264305, "x": 2.8100190300977697, "y": -0.14265488502458357, "zone": null, "min_dist": 0.8573451149754164}
{"t": 1785240587.578904, "x": 2.8100190300977697, "y": -0.14265488502458357, "zone": null, "min_dist": 0.8573451149754164}
{"t": 1785240587.7390265, "x": 2.8100190300977697, "y": -0.14265488502458357, "zone": null, "min_dist": 0.8573451149754164}
{"t": 1785240587.891294, "x": 2.8100190300977697, "y": -0.14265488502458357, "zone": null, "min_dist": 0.8573451149754164}
{"t": 1785240588.0513804, "x": 2.8100190300977697, "y": -0.14265488502458357, "zone": null, "min_dist": 0.8573451149754164}
{"t": 1785240588.2035267, "x": 2.8100190300977697, "y": -0.14265488502458357, "zone": null, "min_dist": 0.8573451149754164}
{"t": 1785240588.3561022, "x": 2.8100190300977697, "y": -0.14265488502458357, "zone": null, "min_dist": 0.8573451149754164}
{"t": 1785240588.508332, "x": 2.8100190300977697, "y": -0.14265488502458357, "zone": null, "min_dist": 0.8573451149754164}
{"t": 1785240588.6605124, "x": 2.8100190300977697, "y": -0.14265488502458357, "zone": null, "min_dist": 0.8573451149754164}
{"t": 1785240588.8126738, "x": 2.8100190300977697, "y": -0.14265488502458357, "zone": null, "min_dist": 0.8573451149754164}
{"t": 1785240588.9651484, "x": 2.8100190300977697, "y": -0.14265488502458357, "zone": null, "min_dist": 0.8573451149754164}
{"t": 1785240589.1255293, "x": 2.8100190300977697, "y": -0.14265488502458357, "zone": null, "min_dist": 0.8573451149754164}
{"t": 1785240589.277809, "x": 2.8100190300977697, "y": -0.14265488502458357, "zone": null, "min_dist": 0.8573451149754164}
{"t": 1785240589.4295342, "x": 2.8100190300977697, "y": -0.14265488502458357, "zone": null, "min_dist": 0.8573451149754164}
{"t": 1785240589.5819905, "x": 2.8100190300977697, "y": -0.14265488502458357, "zone": null, "min_dist": 0.8573451149754164}
{"t": 1785240589.7424357, "x": 2.8100190300977697, "y": -0.14265488502458357, "zone": null, "min_dist": 0.8573451149754164}
{"t": 1785240589.902464, "x": 2.8100190300977697, "y": -0.14265488502458357, "zone": null, "min_dist": 0.8573451149754164}
{"t": 1785240590.054803, "x": 2.8100190300977697, "y": -0.14265488502458357, "zone": null, "min_dist": 0.8573451149754164}
{"t": 1785240590.2155306, "x": 2.8100190300977697, "y": -0.14265488502458357, "zone": null, "min_dist": 0.8573451149754164}
{"t": 1785240590.3758292, "x": 2.8100190300977697, "y": -0.14265488502458357, "zone": null, "min_dist": 0.8573451149754164}
{"t": 1785240590.535939, "x": 2.8100190300977697, "y": -0.14265488502458357, "zone": null, "min_dist": 0.8573451149754164}
{"t": 1785240590.6880682, "x": 2.8100190300977697, "y": -0.14265488502458357, "zone": null, "min_dist": 0.8573451149754164}
{"t": 1785240590.840693, "x": 2.8100190300977697, "y": -0.14265488502458357, "zone": null, "min_dist": 0.8573451149754164}
{"t": 1785240590.9925115, "x": 2.8100190300977697, "y": -0.14265488502458357, "zone": null, "min_dist": 0.8573451149754164}
{"t": 1785240591.1442788, "x": 2.8100190300977697, "y": -0.14265488502458357, "zone": null, "min_dist": 0.8573451149754164}
{"t": 1785240591.2963645, "x": 2.8100190300977697, "y": -0.14265488502458357, "zone": null, "min_dist": 0.8573451149754164}
{"t": 1785240591.4490106, "x": 2.8100190300977697, "y": -0.14265488502458357, "zone": null, "min_dist": 0.8573451149754164}
{"t": 1785240591.6011858, "x": 2.8100190300977697, "y": -0.14265488502458357, "zone": null, "min_dist": 0.8573451149754164}
{"t": 1785240591.7618368, "x": 2.8100190300977697, "y": -0.14265488502458357, "zone": null, "min_dist": 0.8573451149754164}
{"t": 1785240591.9213793, "x": 2.8100190300977697, "y": -0.14265488502458357, "zone": null, "min_dist": 0.8573451149754164}
{"t": 1785240592.0736725, "x": 2.8100190300977697, "y": -0.14265488502458357, "zone": null, "min_dist": 0.8573451149754164}
{"t": 1785240592.2262068, "x": 2.8100190300977697, "y": -0.14265488502458357, "zone": null, "min_dist": 0.8573451149754164}
{"t": 1785240592.3783464, "x": 2.8100190300977697, "y": -0.14265488502458357, "zone": null, "min_dist": 0.8573451149754164}
{"t": 1785240592.5383499, "x": 2.8100190300977697, "y": -0.14265488502458357, "zone": null, "min_dist": 0.8573451149754164}
{"t": 1785240592.691107, "x": 2.8100190300977697, "y": -0.14265488502458357, "zone": null, "min_dist": 0.8573451149754164}
{"t": 1785240592.8511765, "x": 2.8100190300977697, "y": -0.14265488502458357, "zone": null, "min_dist": 0.8573451149754164}
{"t": 1785240593.0043766, "x": 2.8100190300977697, "y": -0.14265488502458357, "zone": null, "min_dist": 0.8573451149754164}
{"t": 1785240593.1639025, "x": 2.8100190300977697, "y": -0.14265488502458357, "zone": null, "min_dist": 0.8573451149754164}
{"t": 1785240593.3161836, "x": 2.8100190300977697, "y": -0.14265488502458357, "zone": null, "min_dist": 0.8573451149754164}
{"t": 1785240593.4684386, "x": 2.8100190300977697, "y": -0.14265488502458357, "zone": null, "min_dist": 0.8573451149754164}
{"t": 1785240593.6207204, "x": 2.8100190300977697, "y": -0.14265488502458357, "zone": null, "min_dist": 0.8573451149754164}
{"t": 1785240593.7808647, "x": 2.8100190300977697, "y": -0.14265488502458357, "zone": null, "min_dist": 0.8573451149754164}
{"t": 1785240593.9411428, "x": 2.8100190300977697, "y": -0.14265488502458357, "zone": null, "min_dist": 0.8573451149754164}
{"t": 1785240594.0935495, "x": 2.8100190300977697, "y": -0.14265488502458357, "zone": null, "min_dist": 0.8573451149754164}
{"t": 1785240594.2536795, "x": 2.8100190300977697, "y": -0.14265488502458357, "zone": null, "min_dist": 0.8573451149754164}
{"t": 1785240594.4058142, "x": 2.8100190300977697, "y": -0.14265488502458357, "zone": null, "min_dist": 0.8573451149754164}
{"t": 1785240594.565769, "x": 2.8100190300977697, "y": -0.14265488502458357, "zone": null, "min_dist": 0.8573451149754164}
{"t": 1785240594.7183886, "x": 2.8100190300977697, "y": -0.14265488502458357, "zone": null, "min_dist": 0.8573451149754164}
{"t": 1785240594.8706138, "x": 2.8100190300977697, "y": -0.14265488502458357, "zone": null, "min_dist": 0.8573451149754164}
{"t": 1785240595.023128, "x": 2.8100190300977697, "y": -0.14265488502458357, "zone": null, "min_dist": 0.8573451149754164}
{"t": 1785240595.182958, "x": 2.8100190300977697, "y": -0.14265488502458357, "zone": null, "min_dist": 0.8573451149754164}
{"t": 1785240595.3350503, "x": 2.8100190300977697, "y": -0.14265488502458357, "zone": null, "min_dist": 0.8573451149754164}
{"t": 1785240595.4875224, "x": 2.8100190300977697, "y": -0.14265488502458357, "zone": null, "min_dist": 0.8573451149754164}
{"t": 1785240595.639628, "x": 2.8100190300977697, "y": -0.14265488502458357, "zone": null, "min_dist": 0.8573451149754164}
{"t": 1785240595.792109, "x": 2.8100190300977697, "y": -0.14265488502458357, "zone": null, "min_dist": 0.8573451149754164}
{"t": 1785240595.9521968, "x": 2.8100190300977697, "y": -0.14265488502458357, "zone": null, "min_dist": 0.8573451149754164}
{"t": 1785240596.1042516, "x": 2.8100190300977697, "y": -0.14265488502458357, "zone": null, "min_dist": 0.8573451149754164}
{"t": 1785240596.2563567, "x": 2.8100190300977697, "y": -0.14265488502458357, "zone": null, "min_dist": 0.8573451149754164}
{"t": 1785240596.4164338, "x": 2.8100190300977697, "y": -0.14265488502458357, "zone": null, "min_dist": 0.8573451149754164}
{"t": 1785240596.5687823, "x": 2.8100190300977697, "y": -0.14265488502458357, "zone": null, "min_dist": 0.8573451149754164}
{"t": 1785240596.7210746, "x": 2.8100190300977697, "y": -0.14265488502458357, "zone": null, "min_dist": 0.8573451149754164}
{"t": 1785240596.8734684, "x": 2.8100190300977697, "y": -0.14265488502458357, "zone": null, "min_dist": 0.8573451149754164}
{"t": 1785240597.0260787, "x": 2.8100190300977697, "y": -0.14265488502458357, "zone": null, "min_dist": 0.8573451149754164}
{"t": 1785240597.1782677, "x": 2.8100190300977697, "y": -0.14265488502458357, "zone": null, "min_dist": 0.8573451149754164}
{"t": 1785240597.3303235, "x": 2.8100190300977697, "y": -0.14265488502458357, "zone": null, "min_dist": 0.8573451149754164}
{"t": 1785240597.4822605, "x": 2.8100190300977697, "y": -0.14265488502458357, "zone": null, "min_dist": 0.8573451149754164}
{"t": 1785240597.6343343, "x": 2.8100190300977697, "y": -0.14265488502458357, "zone": null, "min_dist": 0.8573451149754164}
{"t": 1785240597.786641, "x": 2.8100190300977697, "y": -0.14265488502458357, "zone": null, "min_dist": 0.8573451149754164}
{"t": 1785240597.938955, "x": 2.8100190300977697, "y": -0.14265488502458357, "zone": null, "min_dist": 0.8573451149754164}
{"t": 1785240598.091977, "x": 2.8100190300977697, "y": -0.14265488502458357, "zone": null, "min_dist": 0.8573451149754164}
{"t": 1785240598.2436845, "x": 2.8100190300977697, "y": -0.14265488502458357, "zone": null, "min_dist": 0.8573451149754164}
{"t": 1785240598.404164, "x": 2.8100190300977697, "y": -0.14265488502458357, "zone": null, "min_dist": 0.8573451149754164}
{"t": 1785240598.5562103, "x": 2.8100190300977697, "y": -0.14265488502458357, "zone": null, "min_dist": 0.8573451149754164}
{"t": 1785240598.7167082, "x": 2.8100190300977697, "y": -0.14265488502458357, "zone": null, "min_dist": 0.8573451149754164}
{"t": 1785240598.8773088, "x": 2.8100190300977697, "y": -0.14265488502458357, "zone": null, "min_dist": 0.8573451149754164}
{"t": 1785240599.0374706, "x": 2.8100190300977697, "y": -0.14265488502458357, "zone": null, "min_dist": 0.8573451149754164}
{"t": 1785240599.1893778, "x": 2.8100190300977697, "y": -0.14265488502458357, "zone": null, "min_dist": 0.8573451149754164}
{"t": 1785240599.3419735, "x": 2.8100190300977697, "y": -0.14265488502458357, "zone": null, "min_dist": 0.8573451149754164}
{"t": 1785240599.49402, "x": 2.8100190300977697, "y": -0.14265488502458357, "zone": null, "min_dist": 0.8573451149754164}
{"t": 1785240599.646361, "x": 2.8100190300977697, "y": -0.14265488502458357, "zone": null, "min_dist": 0.8573451149754164}
{"t": 1785240599.7990143, "x": 2.8100190300977697, "y": -0.14265488502458357, "zone": null, "min_dist": 0.8573451149754164}
{"t": 1785240599.958855, "x": 2.8100190300977697, "y": -0.14265488502458357, "zone": null, "min_dist": 0.8573451149754164}
{"t": 1785240600.1111908, "x": 2.8100190300977697, "y": -0.14265488502458357, "zone": null, "min_dist": 0.8573451149754164}
{"t": 1785240600.26362, "x": 2.8100190300977697, "y": -0.14265488502458357, "zone": null, "min_dist": 0.8573451149754164}
{"t": 1785240600.4156423, "x": 2.8100190300977697, "y": -0.14265488502458357, "zone": null, "min_dist": 0.8573451149754164}
{"t": 1785240600.5678937, "x": 2.8100190300977697, "y": -0.14265488502458357, "zone": null, "min_dist": 0.8573451149754164}
{"t": 1785240600.7203517, "x": 2.8100190300977697, "y": -0.14265488502458357, "zone": null, "min_dist": 0.8573451149754164}
{"t": 1785240600.8727345, "x": 2.8100190300977697, "y": -0.14265488502458357, "zone": null, "min_dist": 0.8573451149754164}
{"t": 1785240601.0245984, "x": 2.8100190300977697, "y": -0.14265488502458357, "zone": null, "min_dist": 0.8573451149754164}
{"t": 1785240601.17711, "x": 2.8100190300977697, "y": -0.14265488502458357, "zone": null, "min_dist": 0.8573451149754164}
{"t": 1785240601.3292983, "x": 2.8100190300977697, "y": -0.14265488502458357, "zone": null, "min_dist": 0.8573451149754164}
{"t": 1785240601.489317, "x": 2.8100190300977697, "y": -0.14265488502458357, "zone": null, "min_dist": 0.8573451149754164}
{"t": 1785240601.641504, "x": 2.8100190300977697, "y": -0.14265488502458357, "zone": null, "min_dist": 0.8573451149754164}
{"t": 1785240601.8026407, "x": 2.8100190300977697, "y": -0.14265488502458357, "zone": null, "min_dist": 0.8573451149754164}
{"t": 1785240601.9542627, "x": 2.8100190300977697, "y": -0.14265488502458357, "zone": null, "min_dist": 0.8573451149754164}
{"t": 1785240602.1143572, "x": 2.8100190300977697, "y": -0.14265488502458357, "zone": null, "min_dist": 0.8573451149754164}
{"t": 1785240602.267055, "x": 2.8100190300977697, "y": -0.14265488502458357, "zone": null, "min_dist": 0.8573451149754164}
{"t": 1785240602.4193242, "x": 2.8100190300977697, "y": -0.14265488502458357, "zone": null, "min_dist": 0.8573451149754164}
{"t": 1785240602.5714495, "x": 2.8100190300977697, "y": -0.14265488502458357, "zone": null, "min_dist": 0.8573451149754164}
{"t": 1785240602.7234404, "x": 2.8100190300977697, "y": -0.14265488502458357, "zone": null, "min_dist": 0.8573451149754164}
{"t": 1785240602.883564, "x": 2.8100190300977697, "y": -0.14265488502458357, "zone": null, "min_dist": 0.8573451149754164}
{"t": 1785240603.0359814, "x": 2.8100190300977697, "y": -0.14265488502458357, "zone": null, "min_dist": 0.8573451149754164}
{"t": 1785240603.188187, "x": 2.8100190300977697, "y": -0.14265488502458357, "zone": null, "min_dist": 0.8573451149754164}
{"t": 1785240603.340586, "x": 2.8100190300977697, "y": -0.14265488502458357, "zone": null, "min_dist": 0.8573451149754164}
{"t": 1785240603.4925342, "x": 2.8100190300977697, "y": -0.14265488502458357, "zone": null, "min_dist": 0.8573451149754164}
{"t": 1785240603.644969, "x": 2.8100190300977697, "y": -0.14265488502458357, "zone": null, "min_dist": 0.8573451149754164}
{"t": 1785240603.7971413, "x": 2.8100190300977697, "y": -0.14265488502458357, "zone": null, "min_dist": 0.8573451149754164}
{"t": 1785240603.9495947, "x": 2.8100190300977697, "y": -0.14265488502458357, "zone": null, "min_dist": 0.8573451149754164}
{"t": 1785240604.1015992, "x": 2.8100190300977697, "y": -0.14265488502458357, "zone": null, "min_dist": 0.8573451149754164}
{"t": 1785240604.2533963, "x": 2.8100190300977697, "y": -0.14265488502458357, "zone": null, "min_dist": 0.8573451149754164}
{"t": 1785240604.4058197, "x": 2.8100190300977697, "y": -0.14265488502458357, "zone": null, "min_dist": 0.8573451149754164}
{"t": 1785240604.5580552, "x": 2.8100190300977697, "y": -0.14265488502458357, "zone": null, "min_dist": 0.8573451149754164}
{"t": 1785240604.7184021, "x": 2.8100190300977697, "y": -0.14265488502458357, "zone": null, "min_dist": 0.8573451149754164}
{"t": 1785240604.8709662, "x": 2.8100190300977697, "y": -0.14265488502458357, "zone": null, "min_dist": 0.8573451149754164}
{"t": 1785240605.0232205, "x": 2.8100190300977697, "y": -0.14265488502458357, "zone": null, "min_dist": 0.8573451149754164}
{"t": 1785240605.1756513, "x": 2.8100190300977697, "y": -0.14265488502458357, "zone": null, "min_dist": 0.8573451149754164}
{"t": 1785240605.3353527, "x": 2.8100190300977697, "y": -0.14265488502458357, "zone": null, "min_dist": 0.8573451149754164}
{"t": 1785240605.4956572, "x": 2.8100190300977697, "y": -0.14265488502458357, "zone": null, "min_dist": 0.8573451149754164}
{"t": 1785240605.6562803, "x": 2.8100190300977697, "y": -0.14265488502458357, "zone": null, "min_dist": 0.8573451149754164}
{"t": 1785240605.8162477, "x": 2.8100190300977697, "y": -0.14265488502458357, "zone": null, "min_dist": 0.8573451149754164}
{"t": 1785240605.9684498, "x": 2.8100190300977697, "y": -0.14265488502458357, "zone": null, "min_dist": 0.8573451149754164}
{"t": 1785240606.1212323, "x": 2.8100190300977697, "y": -0.14265488502458357, "zone": null, "min_dist": 0.8573451149754164}
{"t": 1785240606.2734716, "x": 2.8100190300977697, "y": -0.14265488502458357, "zone": null, "min_dist": 0.8573451149754164}
{"t": 1785240606.449493, "x": 2.8100190300977697, "y": -0.14265488502458357, "zone": null, "min_dist": 0.8573451149754164}
{"t": 1785240606.6017373, "x": 2.8100190300977697, "y": -0.14265488502458357, "zone": null, "min_dist": 0.8573451149754164}
{"t": 1785240606.7624753, "x": 2.8100190300977697, "y": -0.14265488502458357, "zone": null, "min_dist": 0.8573451149754164}
{"t": 1785240606.9146557, "x": 2.8100190300977697, "y": -0.14265488502458357, "zone": null, "min_dist": 0.8573451149754164}
{"t": 1785240607.091107, "x": 2.8100190300977697, "y": -0.14265488502458357, "zone": null, "min_dist": 0.8573451149754164}
{"t": 1785240607.2512147, "x": 2.8100190300977697, "y": -0.14265488502458357, "zone": null, "min_dist": 0.8573451149754164}
{"t": 1785240607.4114716, "x": 2.8100190300977697, "y": -0.14265488502458357, "zone": null, "min_dist": 0.8573451149754164}
{"t": 1785240607.5636923, "x": 2.8100190300977697, "y": -0.14265488502458357, "zone": null, "min_dist": 0.8573451149754164}
{"t": 1785240607.7156856, "x": 2.8100190300977697, "y": -0.14265488502458357, "zone": null, "min_dist": 0.8573451149754164}
{"t": 1785240607.8682234, "x": 2.8100190300977697, "y": -0.14265488502458357, "zone": null, "min_dist": 0.8573451149754164}
{"t": 1785240608.028282, "x": 2.8100190300977697, "y": -0.14265488502458357, "zone": null, "min_dist": 0.8573451149754164}
{"t": 1785240608.189049, "x": 2.8100190300977697, "y": -0.14265488502458357, "zone": null, "min_dist": 0.8573451149754164}
{"t": 1785240608.340886, "x": 2.8100190300977697, "y": -0.14265488502458357, "zone": null, "min_dist": 0.8573451149754164}
{"t": 1785240608.4932506, "x": 2.8100190300977697, "y": -0.14265488502458357, "zone": null, "min_dist": 0.8573451149754164}
{"t": 1785240608.645406, "x": 2.8100190300977697, "y": -0.14265488502458357, "zone": null, "min_dist": 0.8573451149754164}
{"t": 1785240608.7974725, "x": 2.8100190300977697, "y": -0.14265488502458357, "zone": null, "min_dist": 0.8573451149754164}
{"t": 1785240608.9495206, "x": 2.8100190300977697, "y": -0.14265488502458357, "zone": null, "min_dist": 0.8573451149754164}
{"t": 1785240609.1018534, "x": 2.8100190300977697, "y": -0.14265488502458357, "zone": null, "min_dist": 0.8573451149754164}
{"t": 1785240609.2540355, "x": 2.8100190300977697, "y": -0.14265488502458357, "zone": null, "min_dist": 0.8573451149754164}
{"t": 1785240609.406487, "x": 2.8100190300977697, "y": -0.14265488502458357, "zone": null, "min_dist": 0.8573451149754164}
{"t": 1785240609.5664742, "x": 2.8100190300977697, "y": -0.14265488502458357, "zone": null, "min_dist": 0.8573451149754164}
{"t": 1785240609.7268553, "x": 2.8100190300977697, "y": -0.14265488502458357, "zone": null, "min_dist": 0.8573451149754164}
{"t": 1785240609.8871772, "x": 2.8100190300977697, "y": -0.14265488502458357, "zone": null, "min_dist": 0.8573451149754164}
{"t": 1785240610.0393968, "x": 2.8100190300977697, "y": -0.14265488502458357, "zone": null, "min_dist": 0.8573451149754164}
{"t": 1785240610.1993694, "x": 2.8100190300977697, "y": -0.14265488502458357, "zone": null, "min_dist": 0.8573451149754164}
{"t": 1785240610.3514886, "x": 2.8100190300977697, "y": -0.14265488502458357, "zone": null, "min_dist": 0.8573451149754164}
{"t": 1785240610.5039017, "x": 2.8100190300977697, "y": -0.14265488502458357, "zone": null, "min_dist": 0.8573451149754164}
{"t": 1785240610.6642795, "x": 2.8100190300977697, "y": -0.14265488502458357, "zone": null, "min_dist": 0.8573451149754164}
{"t": 1785240610.8166873, "x": 2.8100190300977697, "y": -0.14265488502458357, "zone": null, "min_dist": 0.8573451149754164}
{"t": 1785240610.976785, "x": 2.8100190300977697, "y": -0.14265488502458357, "zone": null, "min_dist": 0.8573451149754164}
{"t": 1785240611.1289985, "x": 2.8100190300977697, "y": -0.14265488502458357, "zone": null, "min_dist": 0.8573451149754164}
{"t": 1785240611.2813451, "x": 2.8100190300977697, "y": -0.14265488502458357, "zone": null, "min_dist": 0.8573451149754164}
{"t": 1785240611.4335144, "x": 2.8100190300977697, "y": -0.14265488502458357, "zone": null, "min_dist": 0.8573451149754164}
{"t": 1785240611.5855153, "x": 2.8100190300977697, "y": -0.14265488502458357, "zone": null, "min_dist": 0.8573451149754164}
{"t": 1785240611.737543, "x": 2.8100190300977697, "y": -0.14265488502458357, "zone": null, "min_dist": 0.8573451149754164}
{"t": 1785240611.8895319, "x": 2.8100190300977697, "y": -0.14265488502458357, "zone": null, "min_dist": 0.8573451149754164}
{"t": 1785240612.041885, "x": 2.8100190300977697, "y": -0.14265488502458357, "zone": null, "min_dist": 0.8573451149754164}
{"t": 1785240612.2023315, "x": 2.8100190300977697, "y": -0.14265488502458357, "zone": null, "min_dist": 0.8573451149754164}
{"t": 1785240612.3623905, "x": 2.8100190300977697, "y": -0.14265488502458357, "zone": null, "min_dist": 0.8573451149754164}
{"t": 1785240612.5148776, "x": 2.8100190300977697, "y": -0.14265488502458357, "zone": null, "min_dist": 0.8573451149754164}
{"t": 1785240612.6670847, "x": 2.8100190300977697, "y": -0.14265488502458357, "zone": null, "min_dist": 0.8573451149754164}
{"t": 1785240612.8274102, "x": 2.8100190300977697, "y": -0.14265488502458357, "zone": null, "min_dist": 0.8573451149754164}
{"t": 1785240612.97962, "x": 2.8100190300977697, "y": -0.14265488502458357, "zone": null, "min_dist": 0.8573451149754164}
{"t": 1785240613.1319206, "x": 2.8100190300977697, "y": -0.14265488502458357, "zone": null, "min_dist": 0.8573451149754164}
{"t": 1785240613.28446, "x": 2.8100190300977697, "y": -0.14265488502458357, "zone": null, "min_dist": 0.8573451149754164}
{"t": 1785240613.4367101, "x": 2.8100190300977697, "y": -0.14265488502458357, "zone": null, "min_dist": 0.8573451149754164}
{"t": 1785240613.5891502, "x": 2.8100190300977697, "y": -0.14265488502458357, "zone": null, "min_dist": 0.8573451149754164}
{"t": 1785240613.7412858, "x": 2.8100190300977697, "y": -0.14265488502458357, "zone": null, "min_dist": 0.8573451149754164}
{"t": 1785240613.9016075, "x": 2.8100190300977697, "y": -0.14265488502458357, "zone": null, "min_dist": 0.8573451149754164}
{"t": 1785240614.0537553, "x": 2.8100190300977697, "y": -0.14265488502458357, "zone": null, "min_dist": 0.8573451149754164}
{"t": 1785240614.2055469, "x": 2.8100190300977697, "y": -0.14265488502458357, "zone": null, "min_dist": 0.8573451149754164}
{"t": 1785240614.3577793, "x": 2.8100190300977697, "y": -0.14265488502458357, "zone": null, "min_dist": 0.8573451149754164}
{"t": 1785240614.5098252, "x": 2.8100190300977697, "y": -0.14265488502458357, "zone": null, "min_dist": 0.8573451149754164}
{"t": 1785240614.6863189, "x": 2.8100190300977697, "y": -0.14265488502458357, "zone": null, "min_dist": 0.8573451149754164}
{"t": 1785240614.8384945, "x": 2.8100190300977697, "y": -0.14265488502458357, "zone": null, "min_dist": 0.8573451149754164}
{"t": 1785240614.9911244, "x": 2.8100190300977697, "y": -0.14265488502458357, "zone": null, "min_dist": 0.8573451149754164}
{"t": 1785240615.142947, "x": 2.8100190300977697, "y": -0.14265488502458357, "zone": null, "min_dist": 0.8573451149754164}
{"t": 1785240615.2956462, "x": 2.8100190300977697, "y": -0.14265488502458357, "zone": null, "min_dist": 0.8573451149754164}
{"t": 1785240615.447674, "x": 2.8100190300977697, "y": -0.14265488502458357, "zone": null, "min_dist": 0.8573451149754164}
{"t": 1785240615.5999331, "x": 2.8100190300977697, "y": -0.14265488502458357, "zone": null, "min_dist": 0.8573451149754164}
{"t": 1785240615.7764165, "x": 2.8100190300977697, "y": -0.14265488502458357, "zone": null, "min_dist": 0.8573451149754164}
{"t": 1785240615.9287224, "x": 2.8100190300977697, "y": -0.14265488502458357, "zone": null, "min_dist": 0.8573451149754164}
{"t": 1785240616.0804486, "x": 2.8100190300977697, "y": -0.14265488502458357, "zone": null, "min_dist": 0.8573451149754164}
{"t": 1785240616.2326822, "x": 2.8100190300977697, "y": -0.14265488502458357, "zone": null, "min_dist": 0.8573451149754164}
{"t": 1785240616.3850913, "x": 2.8100190300977697, "y": -0.14265488502458357, "zone": null, "min_dist": 0.8573451149754164}
{"t": 1785240616.5454612, "x": 2.8100190300977697, "y": -0.14265488502458357, "zone": null, "min_dist": 0.8573451149754164}
{"t": 1785240616.6977785, "x": 2.8100190300977697, "y": -0.14265488502458357, "zone": null, "min_dist": 0.8573451149754164}
{"t": 1785240616.8502052, "x": 2.8100190300977697, "y": -0.14265488502458357, "zone": null, "min_dist": 0.8573451149754164}
{"t": 1785240617.0025349, "x": 2.8100190300977697, "y": -0.14265488502458357, "zone": null, "min_dist": 0.8573451149754164}
{"t": 1785240617.1544912, "x": 2.8100190300977697, "y": -0.14265488502458357, "zone": null, "min_dist": 0.8573451149754164}
{"t": 1785240617.306491, "x": 2.8100190300977697, "y": -0.14265488502458357, "zone": null, "min_dist": 0.8573451149754164}
{"t": 1785240617.4583573, "x": 2.8100190300977697, "y": -0.14265488502458357, "zone": null, "min_dist": 0.8573451149754164}
{"t": 1785240617.6106405, "x": 2.8100190300977697, "y": -0.14265488502458357, "zone": null, "min_dist": 0.8573451149754164}
{"t": 1785240617.7631857, "x": 2.8100190300977697, "y": -0.14265488502458357, "zone": null, "min_dist": 0.8573451149754164}
{"t": 1785240617.9154851, "x": 2.8100190300977697, "y": -0.14265488502458357, "zone": null, "min_dist": 0.8573451149754164}
{"t": 1785240618.0755937, "x": 2.8100190300977697, "y": -0.14265488502458357, "zone": null, "min_dist": 0.8573451149754164}
{"t": 1785240618.2281296, "x": 2.8100190300977697, "y": -0.14265488502458357, "zone": null, "min_dist": 0.8573451149754164}
{"t": 1785240618.3802972, "x": 2.8100190300977697, "y": -0.14265488502458357, "zone": null, "min_dist": 0.8573451149754164}
{"t": 1785240618.5325725, "x": 2.8100190300977697, "y": -0.14265488502458357, "zone": null, "min_dist": 0.8573451149754164}
{"t": 1785240618.6850283, "x": 2.8100190300977697, "y": -0.14265488502458357, "zone": null, "min_dist": 0.8573451149754164}
{"t": 1785240618.83726, "x": 2.8100190300977697, "y": -0.14265488502458357, "zone": null, "min_dist": 0.8573451149754164}
{"t": 1785240618.997597, "x": 2.8100190300977697, "y": -0.14265488502458357, "zone": null, "min_dist": 0.8573451149754164}
{"t": 1785240619.1510525, "x": 2.8100190300977697, "y": -0.14265488502458357, "zone": null, "min_dist": 0.8573451149754164}
{"t": 1785240619.302051, "x": 2.8100190300977697, "y": -0.14265488502458357, "zone": null, "min_dist": 0.8573451149754164}
{"t": 1785240619.4628158, "x": 2.8100190300977697, "y": -0.14265488502458357, "zone": null, "min_dist": 0.8573451149754164}
{"t": 1785240619.622604, "x": 2.8100190300977697, "y": -0.14265488502458357, "zone": null, "min_dist": 0.8573451149754164}
{"t": 1785240619.783239, "x": 2.8100190300977697, "y": -0.14265488502458357, "zone": null, "min_dist": 0.8573451149754164}
{"t": 1785240619.9592078, "x": 2.8100190300977697, "y": -0.14265488502458357, "zone": null, "min_dist": 0.8573451149754164}
{"t": 1785240620.1116462, "x": 2.8100190300977697, "y": -0.14265488502458357, "zone": null, "min_dist": 0.8573451149754164}
{"t": 1785240620.271431, "x": 2.8100190300977697, "y": -0.14265488502458357, "zone": null, "min_dist": 0.8573451149754164}
{"t": 1785240620.4238157, "x": 2.8100190300977697, "y": -0.14265488502458357, "zone": null, "min_dist": 0.8573451149754164}
{"t": 1785240620.5839584, "x": 2.8100190300977697, "y": -0.14265488502458357, "zone": null, "min_dist": 0.8573451149754164}
{"t": 1785240620.7365472, "x": 2.8100190300977697, "y": -0.14265488502458357, "zone": null, "min_dist": 0.8573451149754164}
{"t": 1785240620.888965, "x": 2.8100190300977697, "y": -0.14265488502458357, "zone": null, "min_dist": 0.8573451149754164}
{"t": 1785240621.0493867, "x": 2.8100190300977697, "y": -0.14265488502458357, "zone": null, "min_dist": 0.8573451149754164}
{"t": 1785240621.201369, "x": 2.8100190300977697, "y": -0.14265488502458357, "zone": null, "min_dist": 0.8573451149754164}
{"t": 1785240621.3536584, "x": 2.8100190300977697, "y": -0.14265488502458357, "zone": null, "min_dist": 0.8573451149754164}
{"t": 1785240621.5058503, "x": 2.8100190300977697, "y": -0.14265488502458357, "zone": null, "min_dist": 0.8573451149754164}
{"t": 1785240621.666547, "x": 2.8100190300977697, "y": -0.14265488502458357, "zone": null, "min_dist": 0.8573451149754164}
{"t": 1785240621.8263586, "x": 2.8100190300977697, "y": -0.14265488502458357, "zone": null, "min_dist": 0.8573451149754164}
{"t": 1785240621.9865098, "x": 2.8100190300977697, "y": -0.14265488502458357, "zone": null, "min_dist": 0.8573451149754164}
{"t": 1785240622.1465075, "x": 2.8100190300977697, "y": -0.14265488502458357, "zone": null, "min_dist": 0.8573451149754164}
{"t": 1785240622.2988617, "x": 2.8100190300977697, "y": -0.14265488502458357, "zone": null, "min_dist": 0.8573451149754164}
{"t": 1785240622.4516473, "x": 2.8100190300977697, "y": -0.14265488502458357, "zone": null, "min_dist": 0.8573451149754164}
{"t": 1785240622.611754, "x": 2.8100190300977697, "y": -0.14265488502458357, "zone": null, "min_dist": 0.8573451149754164}
{"t": 1785240622.772124, "x": 2.8100190300977697, "y": -0.14265488502458357, "zone": null, "min_dist": 0.8573451149754164}
{"t": 1785240622.9321504, "x": 2.8100190300977697, "y": -0.14265488502458357, "zone": null, "min_dist": 0.8573451149754164}
{"t": 1785240623.0846286, "x": 2.8100190300977697, "y": -0.14265488502458357, "zone": null, "min_dist": 0.8573451149754164}
{"t": 1785240623.2443945, "x": 2.8100190300977697, "y": -0.14265488502458357, "zone": null, "min_dist": 0.8573451149754164}
{"t": 1785240623.4045022, "x": 2.8100190300977697, "y": -0.14265488502458357, "zone": null, "min_dist": 0.8573451149754164}
{"t": 1785240623.556927, "x": 2.8100190300977697, "y": -0.14265488502458357, "zone": null, "min_dist": 0.8573451149754164}
{"t": 1785240623.7094061, "x": 2.8100190300977697, "y": -0.14265488502458357, "zone": null, "min_dist": 0.8573451149754164}
{"t": 1785240623.861533, "x": 2.8100190300977697, "y": -0.14265488502458357, "zone": null, "min_dist": 0.8573451149754164}
{"t": 1785240624.0137115, "x": 2.8100190300977697, "y": -0.14265488502458357, "zone": null, "min_dist": 0.8573451149754164}
{"t": 1785240624.1740298, "x": 2.8100190300977697, "y": -0.14265488502458357, "zone": null, "min_dist": 0.8573451149754164}
{"t": 1785240624.325756, "x": 2.8100190300977697, "y": -0.14265488502458357, "zone": null, "min_dist": 0.8573451149754164}
{"t": 1785240624.4863417, "x": 2.8100190300977697, "y": -0.14265488502458357, "zone": null, "min_dist": 0.8573451149754164}
{"t": 1785240624.6464028, "x": 2.8100190300977697, "y": -0.14265488502458357, "zone": null, "min_dist": 0.8573451149754164}
{"t": 1785240624.8068278, "x": 2.8100190300977697, "y": -0.14265488502458357, "zone": null, "min_dist": 0.8573451149754164}
{"t": 1785240624.9590144, "x": 2.8100190300977697, "y": -0.14265488502458357, "zone": null, "min_dist": 0.8573451149754164}
{"t": 1785240625.1113987, "x": 2.8100190300977697, "y": -0.14265488502458357, "zone": null, "min_dist": 0.8573451149754164}
{"t": 1785240625.2715213, "x": 2.8100190300977697, "y": -0.14265488502458357, "zone": null, "min_dist": 0.8573451149754164}
{"t": 1785240625.4241412, "x": 2.8100190300977697, "y": -0.14265488502458357, "zone": null, "min_dist": 0.8573451149754164}
{"t": 1785240625.5841181, "x": 2.8100190300977697, "y": -0.14265488502458357, "zone": null, "min_dist": 0.8573451149754164}
{"t": 1785240625.7447793, "x": 2.8100190300977697, "y": -0.14265488502458357, "zone": null, "min_dist": 0.8573451149754164}
{"t": 1785240625.89644, "x": 2.8100190300977697, "y": -0.14265488502458357, "zone": null, "min_dist": 0.8573451149754164}
{"t": 1785240626.048165, "x": 2.8100190300977697, "y": -0.14265488502458357, "zone": null, "min_dist": 0.8573451149754164}
{"t": 1785240626.2005773, "x": 2.8100190300977697, "y": -0.14265488502458357, "zone": null, "min_dist": 0.8573451149754164}
{"t": 1785240626.361173, "x": 2.8100190300977697, "y": -0.14265488502458357, "zone": null, "min_dist": 0.8573451149754164}
{"t": 1785240626.513868, "x": 2.8100190300977697, "y": -0.14265488502458357, "zone": null, "min_dist": 0.8573451149754164}
{"t": 1785240626.6659315, "x": 2.8100190300977697, "y": -0.14265488502458357, "zone": null, "min_dist": 0.8573451149754164}
{"t": 1785240626.8259704, "x": 2.8100190300977697, "y": -0.14265488502458357, "zone": null, "min_dist": 0.8573451149754164}
{"t": 1785240626.9785573, "x": 2.8100190300977697, "y": -0.14265488502458357, "zone": null, "min_dist": 0.8573451149754164}
{"t": 1785240627.13929, "x": 2.8100190300977697, "y": -0.14265488502458357, "zone": null, "min_dist": 0.8573451149754164}
{"t": 1785240627.2991967, "x": 2.8100190300977697, "y": -0.14265488502458357, "zone": null, "min_dist": 0.8573451149754164}
{"t": 1785240627.4599292, "x": 2.8100190300977697, "y": -0.14265488502458357, "zone": null, "min_dist": 0.8573451149754164}
{"t": 1785240627.6197302, "x": 2.8100190300977697, "y": -0.14265488502458357, "zone": null, "min_dist": 0.8573451149754164}
{"t": 1785240627.7718866, "x": 2.8100190300977697, "y": -0.14265488502458357, "zone": null, "min_dist": 0.8573451149754164}
{"t": 1785240627.9242811, "x": 2.8100190300977697, "y": -0.14265488502458357, "zone": null, "min_dist": 0.8573451149754164}
{"t": 1785240628.0764163, "x": 2.8100190300977697, "y": -0.14265488502458357, "zone": null, "min_dist": 0.8573451149754164}
{"t": 1785240628.2284782, "x": 2.8100190300977697, "y": -0.14265488502458357, "zone": null, "min_dist": 0.8573451149754164}
{"t": 1785240628.3885186, "x": 2.8100190300977697, "y": -0.14265488502458357, "zone": null, "min_dist": 0.8573451149754164}
{"t": 1785240628.5484536, "x": 2.8100190300977697, "y": -0.14265488502458357, "zone": null, "min_dist": 0.8573451149754164}
{"t": 1785240628.7256866, "x": 2.8100190300977697, "y": -0.14265488502458357, "zone": null, "min_dist": 0.8573451149754164}
{"t": 1785240628.8852873, "x": 2.8100190300977697, "y": -0.14265488502458357, "zone": null, "min_dist": 0.8573451149754164}
{"t": 1785240629.037484, "x": 2.8100190300977697, "y": -0.14265488502458357, "zone": null, "min_dist": 0.8573451149754164}
{"t": 1785240629.189808, "x": 2.8100190300977697, "y": -0.14265488502458357, "zone": null, "min_dist": 0.8573451149754164}
{"t": 1785240629.3421822, "x": 2.8100190300977697, "y": -0.14265488502458357, "zone": null, "min_dist": 0.8573451149754164}
{"t": 1785240629.5024092, "x": 2.8100190300977697, "y": -0.14265488502458357, "zone": null, "min_dist": 0.8573451149754164}
{"t": 1785240629.662837, "x": 2.8100190300977697, "y": -0.14265488502458357, "zone": null, "min_dist": 0.8573451149754164}
{"t": 1785240629.8153505, "x": 2.8100190300977697, "y": -0.14265488502458357, "zone": null, "min_dist": 0.8573451149754164}
{"t": 1785240629.9753757, "x": 2.8100190300977697, "y": -0.14265488502458357, "zone": null, "min_dist": 0.8573451149754164}
{"t": 1785240630.1354544, "x": 2.8100190300977697, "y": -0.14265488502458357, "zone": null, "min_dist": 0.8573451149754164}
{"t": 1785240630.2877033, "x": 2.8100190300977697, "y": -0.14265488502458357, "zone": null, "min_dist": 0.8573451149754164}
{"t": 1785240630.4482484, "x": 2.8100190300977697, "y": -0.14265488502458357, "zone": null, "min_dist": 0.8573451149754164}
{"t": 1785240630.6083038, "x": 2.8100190300977697, "y": -0.14265488502458357, "zone": null, "min_dist": 0.8573451149754164}
{"t": 1785240630.7605984, "x": 2.8100190300977697, "y": -0.14265488502458357, "zone": null, "min_dist": 0.8573451149754164}
{"t": 1785240630.9212933, "x": 2.8100190300977697, "y": -0.14265488502458357, "zone": null, "min_dist": 0.8573451149754164}
{"t": 1785240631.0735867, "x": 2.8100190300977697, "y": -0.14265488502458357, "zone": null, "min_dist": 0.8573451149754164}
{"t": 1785240631.2257414, "x": 2.8100190300977697, "y": -0.14265488502458357, "zone": null, "min_dist": 0.8573451149754164}
{"t": 1785240632.5428224, "x": 2.8100190300977697, "y": -0.14265488502458357, "zone": null, "min_dist": 0.8573451149754164}
{"t": 1785240632.7000813, "x": 2.8100190300977697, "y": -0.14265488502458357, "zone": null, "min_dist": 0.8573451149754164}
{"t": 1785240632.8600526, "x": 2.8100190300977697, "y": -0.14265488502458357, "zone": null, "min_dist": 0.8573451149754164}
{"t": 1785240633.0122917, "x": 2.8100190300977697, "y": -0.14265488502458357, "zone": null, "min_dist": 0.8573451149754164}
{"t": 1785240633.1893246, "x": 2.8100190300977697, "y": -0.14265488502458357, "zone": null, "min_dist": 0.8573451149754164}
{"t": 1785240633.34895, "x": 2.8100190300977697, "y": -0.14265488502458357, "zone": null, "min_dist": 0.8573451149754164}
{"t": 1785240633.5011947, "x": 2.8100190300977697, "y": -0.14265488502458357, "zone": null, "min_dist": 0.8573451149754164}
{"t": 1785240633.6614454, "x": 2.8100190300977697, "y": -0.14265488502458357, "zone": null, "min_dist": 0.8573451149754164}
{"t": 1785240633.8220851, "x": 2.8100190300977697, "y": -0.14265488502458357, "zone": null, "min_dist": 0.8573451149754164}
{"t": 1785240633.9741971, "x": 2.8100190300977697, "y": -0.14265488502458357, "zone": null, "min_dist": 0.8573451149754164}
{"t": 1785240634.1264834, "x": 2.8100190300977697, "y": -0.14265488502458357, "zone": null, "min_dist": 0.8573451149754164}
{"t": 1785240634.2787588, "x": 2.8100190300977697, "y": -0.14265488502458357, "zone": null, "min_dist": 0.8573451149754164}
{"t": 1785240634.4385417, "x": 2.8100190300977697, "y": -0.14265488502458357, "zone": null, "min_dist": 0.8573451149754164}
{"t": 1785240634.6147902, "x": 2.8100190300977697, "y": -0.14265488502458357, "zone": null, "min_dist": 0.8573451149754164}
{"t": 1785240634.767342, "x": 2.8100190300977697, "y": -0.14265488502458357, "zone": null, "min_dist": 0.8573451149754164}
{"t": 1785240634.9194415, "x": 2.8100190300977697, "y": -0.14265488502458357, "zone": null, "min_dist": 0.8573451149754164}
{"t": 1785240635.0719748, "x": 2.8100190300977697, "y": -0.14265488502458357, "zone": null, "min_dist": 0.8573451149754164}
{"t": 1785240635.2244976, "x": 2.8100190300977697, "y": -0.14265488502458357, "zone": null, "min_dist": 0.8573451149754164}
{"t": 1785240635.3766243, "x": 2.8100190300977697, "y": -0.14265488502458357, "zone": null, "min_dist": 0.8573451149754164}
{"t": 1785240635.5288062, "x": 2.8100190300977697, "y": -0.14265488502458357, "zone": null, "min_dist": 0.8573451149754164}
{"t": 1785240635.6808555, "x": 2.8100190300977697, "y": -0.14265488502458357, "zone": null, "min_dist": 0.8573451149754164}
{"t": 1785240635.8410575, "x": 2.8100190300977697, "y": -0.14265488502458357, "zone": null, "min_dist": 0.8573451149754164}
{"t": 1785240635.9932828, "x": 2.8100190300977697, "y": -0.14265488502458357, "zone": null, "min_dist": 0.8573451149754164}
{"t": 1785240636.1533976, "x": 2.8100190300977697, "y": -0.14265488502458357, "zone": null, "min_dist": 0.8573451149754164}
{"t": 1785240636.3136628, "x": 2.8100190300977697, "y": -0.14265488502458357, "zone": null, "min_dist": 0.8573451149754164}
{"t": 1785240636.4660738, "x": 2.8100190300977697, "y": -0.14265488502458357, "zone": null, "min_dist": 0.8573451149754164}
{"t": 1785240636.618288, "x": 2.8100190300977697, "y": -0.14265488502458357, "zone": null, "min_dist": 0.8573451149754164}
{"t": 1785240636.7703118, "x": 2.8100190300977697, "y": -0.14265488502458357, "zone": null, "min_dist": 0.8573451149754164}
{"t": 1785240636.9223938, "x": 2.8100190300977697, "y": -0.14265488502458357, "zone": null, "min_dist": 0.8573451149754164}
{"t": 1785240637.0824423, "x": 2.8100190300977697, "y": -0.14265488502458357, "zone": null, "min_dist": 0.8573451149754164}
{"t": 1785240637.235528, "x": 2.8100190300977697, "y": -0.14265488502458357, "zone": null, "min_dist": 0.8573451149754164}
{"t": 1785240637.395658, "x": 2.8100190300977697, "y": -0.14265488502458357, "zone": null, "min_dist": 0.8573451149754164}
{"t": 1785240637.5554173, "x": 2.8100190300977697, "y": -0.14265488502458357, "zone": null, "min_dist": 0.8573451149754164}
{"t": 1785240637.7074506, "x": 2.8100190300977697, "y": -0.14265488502458357, "zone": null, "min_dist": 0.8573451149754164}
{"t": 1785240637.867879, "x": 2.8100190300977697, "y": -0.14265488502458357, "zone": null, "min_dist": 0.8573451149754164}
{"t": 1785240638.02012, "x": 2.8100190300977697, "y": -0.14265488502458357, "zone": null, "min_dist": 0.8573451149754164}
{"t": 1785240638.1805186, "x": 2.8100190300977697, "y": -0.14265488502458357, "zone": null, "min_dist": 0.8573451149754164}
{"t": 1785240638.3325026, "x": 2.8100190300977697, "y": -0.14265488502458357, "zone": null, "min_dist": 0.8573451149754164}
{"t": 1785240638.4846458, "x": 2.8100190300977697, "y": -0.14265488502458357, "zone": null, "min_dist": 0.8573451149754164}
{"t": 1785240638.6372287, "x": 2.8100190300977697, "y": -0.14265488502458357, "zone": null, "min_dist": 0.8573451149754164}
{"t": 1785240638.78963, "x": 2.8100190300977697, "y": -0.14265488502458357, "zone": null, "min_dist": 0.8573451149754164}
{"t": 1785240638.9418256, "x": 2.8100190300977697, "y": -0.14265488502458357, "zone": null, "min_dist": 0.8573451149754164}
{"t": 1785240639.094257, "x": 2.8100190300977697, "y": -0.14265488502458357, "zone": null, "min_dist": 0.8573451149754164}
{"t": 1785240639.246691, "x": 2.8100190300977697, "y": -0.14265488502458357, "zone": null, "min_dist": 0.8573451149754164}
{"t": 1785240639.3984752, "x": 2.8100190300977697, "y": -0.14265488502458357, "zone": null, "min_dist": 0.8573451149754164}
{"t": 1785240639.5505757, "x": 2.8100190300977697, "y": -0.14265488502458357, "zone": null, "min_dist": 0.8573451149754164}
{"t": 1785240639.7029288, "x": 2.8100190300977697, "y": -0.14265488502458357, "zone": null, "min_dist": 0.8573451149754164}
{"t": 1785240639.8556705, "x": 2.8100190300977697, "y": -0.14265488502458357, "zone": null, "min_dist": 0.8573451149754164}
{"t": 1785240640.007679, "x": 2.8100190300977697, "y": -0.14265488502458357, "zone": null, "min_dist": 0.8573451149754164}
{"t": 1785240640.1597476, "x": 2.8100190300977697, "y": -0.14265488502458357, "zone": null, "min_dist": 0.8573451149754164}
{"t": 1785240640.3120923, "x": 2.8100190300977697, "y": -0.14265488502458357, "zone": null, "min_dist": 0.8573451149754164}
{"t": 1785240640.4641674, "x": 2.8100190300977697, "y": -0.14265488502458357, "zone": null, "min_dist": 0.8573451149754164}
{"t": 1785240640.6166182, "x": 2.8100190300977697, "y": -0.14265488502458357, "zone": null, "min_dist": 0.8573451149754164}
{"t": 1785240640.7767425, "x": 2.8100190300977697, "y": -0.14265488502458357, "zone": null, "min_dist": 0.8573451149754164}
{"t": 1785240640.9372125, "x": 2.8100190300977697, "y": -0.14265488502458357, "zone": null, "min_dist": 0.8573451149754164}
{"t": 1785240641.0890331, "x": 2.8100190300977697, "y": -0.14265488502458357, "zone": null, "min_dist": 0.8573451149754164}
{"t": 1785240641.2417915, "x": 2.8100190300977697, "y": -0.14265488502458357, "zone": null, "min_dist": 0.8573451149754164}
{"t": 1785240641.4019272, "x": 2.8100190300977697, "y": -0.14265488502458357, "zone": null, "min_dist": 0.8573451149754164}
{"t": 1785240641.5544608, "x": 2.8100190300977697, "y": -0.14265488502458357, "zone": null, "min_dist": 0.8573451149754164}
{"t": 1785240641.7141552, "x": 2.8100190300977697, "y": -0.14265488502458357, "zone": null, "min_dist": 0.8573451149754164}
{"t": 1785240641.8663514, "x": 2.8100190300977697, "y": -0.14265488502458357, "zone": null, "min_dist": 0.8573451149754164}
{"t": 1785240642.0184035, "x": 2.8100190300977697, "y": -0.14265488502458357, "zone": null, "min_dist": 0.8573451149754164}
{"t": 1785240642.1784136, "x": 2.8100190300977697, "y": -0.14265488502458357, "zone": null, "min_dist": 0.8573451149754164}
{"t": 1785240642.3305485, "x": 2.8100190300977697, "y": -0.14265488502458357, "zone": null, "min_dist": 0.8573451149754164}
{"t": 1785240642.4831848, "x": 2.8100190300977697, "y": -0.14265488502458357, "zone": null, "min_dist": 0.8573451149754164}
{"t": 1785240642.635397, "x": 2.8100190300977697, "y": -0.14265488502458357, "zone": null, "min_dist": 0.8573451149754164}
{"t": 1785240642.7876256, "x": 2.8100190300977697, "y": -0.14265488502458357, "zone": null, "min_dist": 0.8573451149754164}
{"t": 1785240642.9477975, "x": 2.8100190300977697, "y": -0.14265488502458357, "zone": null, "min_dist": 0.8573451149754164}
{"t": 1785240643.1002893, "x": 2.8100190300977697, "y": -0.14265488502458357, "zone": null, "min_dist": 0.8573451149754164}
{"t": 1785240643.252453, "x": 2.8100190300977697, "y": -0.14265488502458357, "zone": null, "min_dist": 0.8573451149754164}
{"t": 1785240643.412577, "x": 2.8100190300977697, "y": -0.14265488502458357, "zone": null, "min_dist": 0.8573451149754164}
{"t": 1785240643.565176, "x": 2.8100190300977697, "y": -0.14265488502458357, "zone": null, "min_dist": 0.8573451149754164}
{"t": 1785240643.7252846, "x": 2.8100190300977697, "y": -0.14265488502458357, "zone": null, "min_dist": 0.8573451149754164}
{"t": 1785240643.8772888, "x": 2.8100190300977697, "y": -0.14265488502458357, "zone": null, "min_dist": 0.8573451149754164}
{"t": 1785240644.029391, "x": 2.8100190300977697, "y": -0.14265488502458357, "zone": null, "min_dist": 0.8573451149754164}
{"t": 1785240644.1902354, "x": 2.8100190300977697, "y": -0.14265488502458357, "zone": null, "min_dist": 0.8573451149754164}
{"t": 1785240644.3423877, "x": 2.8100190300977697, "y": -0.14265488502458357, "zone": null, "min_dist": 0.8573451149754164}
{"t": 1785240644.494536, "x": 2.8100190300977697, "y": -0.14265488502458357, "zone": null, "min_dist": 0.8573451149754164}
{"t": 1785240644.6471448, "x": 2.8100190300977697, "y": -0.14265488502458357, "zone": null, "min_dist": 0.8573451149754164}
{"t": 1785240644.8075118, "x": 2.8100190300977697, "y": -0.14265488502458357, "zone": null, "min_dist": 0.8573451149754164}
{"t": 1785240644.9674444, "x": 2.8100190300977697, "y": -0.14265488502458357, "zone": null, "min_dist": 0.8573451149754164}
{"t": 1785240645.1274822, "x": 2.8100190300977697, "y": -0.14265488502458357, "zone": null, "min_dist": 0.8573451149754164}
{"t": 1785240645.2794745, "x": 2.8100190300977697, "y": -0.14265488502458357, "zone": null, "min_dist": 0.8573451149754164}
{"t": 1785240645.4400873, "x": 2.8100190300977697, "y": -0.14265488502458357, "zone": null, "min_dist": 0.8573451149754164}
{"t": 1785240645.5921178, "x": 2.8100190300977697, "y": -0.14265488502458357, "zone": null, "min_dist": 0.8573451149754164}
{"t": 1785240645.7446828, "x": 2.8100190300977697, "y": -0.14265488502458357, "zone": null, "min_dist": 0.8573451149754164}
{"t": 1785240645.9049332, "x": 2.8100190300977697, "y": -0.14265488502458357, "zone": null, "min_dist": 0.8573451149754164}
{"t": 1785240646.0649846, "x": 2.8100190300977697, "y": -0.14265488502458357, "zone": null, "min_dist": 0.8573451149754164}
{"t": 1785240646.2175362, "x": 2.8100190300977697, "y": -0.14265488502458357, "zone": null, "min_dist": 0.8573451149754164}
{"t": 1785240646.3695729, "x": 2.8100190300977697, "y": -0.14265488502458357, "zone": null, "min_dist": 0.8573451149754164}
{"t": 1785240646.522256, "x": 2.8100190300977697, "y": -0.14265488502458357, "zone": null, "min_dist": 0.8573451149754164}
{"t": 1785240646.6742933, "x": 2.8100190300977697, "y": -0.14265488502458357, "zone": null, "min_dist": 0.8573451149754164}
{"t": 1785240646.826751, "x": 2.8100190300977697, "y": -0.14265488502458357, "zone": null, "min_dist": 0.8573451149754164}
{"t": 1785240646.9788442, "x": 2.8100190300977697, "y": -0.14265488502458357, "zone": null, "min_dist": 0.8573451149754164}
{"t": 1785240647.139103, "x": 2.8100190300977697, "y": -0.14265488502458357, "zone": null, "min_dist": 0.8573451149754164}
{"t": 1785240647.2915285, "x": 2.8100190300977697, "y": -0.14265488502458357, "zone": null, "min_dist": 0.8573451149754164}
{"t": 1785240647.4434338, "x": 2.8100190300977697, "y": -0.14265488502458357, "zone": null, "min_dist": 0.8573451149754164}
{"t": 1785240647.5954156, "x": 2.8100190300977697, "y": -0.14265488502458357, "zone": null, "min_dist": 0.8573451149754164}
{"t": 1785240647.748388, "x": 2.8100190300977697, "y": -0.14265488502458357, "zone": null, "min_dist": 0.8573451149754164}
{"t": 1785240647.908322, "x": 2.8100190300977697, "y": -0.14265488502458357, "zone": null, "min_dist": 0.8573451149754164}
{"t": 1785240648.0603712, "x": 2.8100190300977697, "y": -0.14265488502458357, "zone": null, "min_dist": 0.8573451149754164}
{"t": 1785240648.2129438, "x": 2.8100190300977697, "y": -0.14265488502458357, "zone": null, "min_dist": 0.8573451149754164}
{"t": 1785240648.3649373, "x": 2.8100190300977697, "y": -0.14265488502458357, "zone": null, "min_dist": 0.8573451149754164}
{"t": 1785240648.5251575, "x": 2.8100190300977697, "y": -0.14265488502458357, "zone": null, "min_dist": 0.8573451149754164}
{"t": 1785240648.6773605, "x": 2.8100190300977697, "y": -0.14265488502458357, "zone": null, "min_dist": 0.8573451149754164}
{"t": 1785240648.8297963, "x": 2.8100190300977697, "y": -0.14265488502458357, "zone": null, "min_dist": 0.8573451149754164}
{"t": 1785240648.9819572, "x": 2.8100190300977697, "y": -0.14265488502458357, "zone": null, "min_dist": 0.8573451149754164}
{"t": 1785240649.1338935, "x": 2.8100190300977697, "y": -0.14265488502458357, "zone": null, "min_dist": 0.8573451149754164}
{"t": 1785240649.2943242, "x": 2.8100190300977697, "y": -0.14265488502458357, "zone": null, "min_dist": 0.8573451149754164}
{"t": 1785240649.4466143, "x": 2.8100190300977697, "y": -0.14265488502458357, "zone": null, "min_dist": 0.8573451149754164}
{"t": 1785240649.5988982, "x": 2.8100190300977697, "y": -0.14265488502458357, "zone": null, "min_dist": 0.8573451149754164}
{"t": 1785240649.7513492, "x": 2.8100190300977697, "y": -0.14265488502458357, "zone": null, "min_dist": 0.8573451149754164}
{"t": 1785240649.903566, "x": 2.8100190300977697, "y": -0.14265488502458357, "zone": null, "min_dist": 0.8573451149754164}
{"t": 1785240650.0638664, "x": 2.8100190300977697, "y": -0.14265488502458357, "zone": null, "min_dist": 0.8573451149754164}
{"t": 1785240650.216097, "x": 2.8100190300977697, "y": -0.14265488502458357, "zone": null, "min_dist": 0.8573451149754164}
{"t": 1785240650.368103, "x": 2.8100190300977697, "y": -0.14265488502458357, "zone": null, "min_dist": 0.8573451149754164}
{"t": 1785240650.5284193, "x": 2.8100190300977697, "y": -0.14265488502458357, "zone": null, "min_dist": 0.8573451149754164}
{"t": 1785240650.6807585, "x": 2.8100190300977697, "y": -0.14265488502458357, "zone": null, "min_dist": 0.8573451149754164}
{"t": 1785240650.832645, "x": 2.8100190300977697, "y": -0.14265488502458357, "zone": null, "min_dist": 0.8573451149754164}
{"t": 1785240650.9854934, "x": 2.8100190300977697, "y": -0.14265488502458357, "zone": null, "min_dist": 0.8573451149754164}
{"t": 1785240651.1450424, "x": 2.8100190300977697, "y": -0.14265488502458357, "zone": null, "min_dist": 0.8573451149754164}
{"t": 1785240651.2974849, "x": 2.8100190300977697, "y": -0.14265488502458357, "zone": null, "min_dist": 0.8573451149754164}
{"t": 1785240651.449287, "x": 2.8100190300977697, "y": -0.14265488502458357, "zone": null, "min_dist": 0.8573451149754164}
{"t": 1785240651.6013997, "x": 2.8100190300977697, "y": -0.14265488502458357, "zone": null, "min_dist": 0.8573451149754164}
{"t": 1785240651.7539623, "x": 2.8100190300977697, "y": -0.14265488502458357, "zone": null, "min_dist": 0.8573451149754164}
{"t": 1785240651.9064689, "x": 2.8100190300977697, "y": -0.14265488502458357, "zone": null, "min_dist": 0.8573451149754164}
{"t": 1785240652.0585942, "x": 2.8100190300977697, "y": -0.14265488502458357, "zone": null, "min_dist": 0.8573451149754164}
{"t": 1785240652.2108183, "x": 2.8100190300977697, "y": -0.14265488502458357, "zone": null, "min_dist": 0.8573451149754164}
{"t": 1785240652.3629656, "x": 2.8100190300977697, "y": -0.14265488502458357, "zone": null, "min_dist": 0.8573451149754164}
{"t": 1785240652.5154757, "x": 2.8100190300977697, "y": -0.14265488502458357, "zone": null, "min_dist": 0.8573451149754164}
{"t": 1785240652.6675403, "x": 2.8100190300977697, "y": -0.14265488502458357, "zone": null, "min_dist": 0.8573451149754164}
{"t": 1785240652.8201253, "x": 2.8100190300977697, "y": -0.14265488502458357, "zone": null, "min_dist": 0.8573451149754164}
{"t": 1785240652.9720678, "x": 2.8100190300977697, "y": -0.14265488502458357, "zone": null, "min_dist": 0.8573451149754164}
{"t": 1785240653.1245866, "x": 2.8100190300977697, "y": -0.14265488502458357, "zone": null, "min_dist": 0.8573451149754164}
{"t": 1785240653.2767699, "x": 2.8100190300977697, "y": -0.14265488502458357, "zone": null, "min_dist": 0.8573451149754164}
{"t": 1785240653.4367974, "x": 2.8100190300977697, "y": -0.14265488502458357, "zone": null, "min_dist": 0.8573451149754164}
{"t": 1785240653.5892272, "x": 2.8100190300977697, "y": -0.14265488502458357, "zone": null, "min_dist": 0.8573451149754164}
{"t": 1785240653.7415438, "x": 2.8100190300977697, "y": -0.14265488502458357, "zone": null, "min_dist": 0.8573451149754164}
{"t": 1785240653.8935742, "x": 2.8100190300977697, "y": -0.14265488502458357, "zone": null, "min_dist": 0.8573451149754164}
{"t": 1785240654.0458217, "x": 2.8100190300977697, "y": -0.14265488502458357, "zone": null, "min_dist": 0.8573451149754164}
{"t": 1785240654.1983364, "x": 2.8100190300977697, "y": -0.14265488502458357, "zone": null, "min_dist": 0.8573451149754164}
{"t": 1785240654.3501716, "x": 2.8100190300977697, "y": -0.14265488502458357, "zone": null, "min_dist": 0.8573451149754164}
{"t": 1785240654.5023882, "x": 2.8100190300977697, "y": -0.14265488502458357, "zone": null, "min_dist": 0.8573451149754164}
{"t": 1785240654.6546714, "x": 2.8100190300977697, "y": -0.14265488502458357, "zone": null, "min_dist": 0.8573451149754164}
{"t": 1785240654.8069608, "x": 2.8100190300977697, "y": -0.14265488502458357, "zone": null, "min_dist": 0.8573451149754164}
{"t": 1785240654.9673102, "x": 2.8100190300977697, "y": -0.14265488502458357, "zone": null, "min_dist": 0.8573451149754164}
{"t": 1785240655.1196249, "x": 2.8100190300977697, "y": -0.14265488502458357, "zone": null, "min_dist": 0.8573451149754164}
{"t": 1785240655.271781, "x": 2.8100190300977697, "y": -0.14265488502458357, "zone": null, "min_dist": 0.8573451149754164}
{"t": 1785240655.4322903, "x": 2.8100190300977697, "y": -0.14265488502458357, "zone": null, "min_dist": 0.8573451149754164}
{"t": 1785240655.5927873, "x": 2.8100190300977697, "y": -0.14265488502458357, "zone": null, "min_dist": 0.8573451149754164}
{"t": 1785240655.744513, "x": 2.8100190300977697, "y": -0.14265488502458357, "zone": null, "min_dist": 0.8573451149754164}
{"t": 1785240655.9048765, "x": 2.8100190300977697, "y": -0.14265488502458357, "zone": null, "min_dist": 0.8573451149754164}
{"t": 1785240656.0569263, "x": 2.8100190300977697, "y": -0.14265488502458357, "zone": null, "min_dist": 0.8573451149754164}
{"t": 1785240656.233717, "x": 2.8100190300977697, "y": -0.14265488502458357, "zone": null, "min_dist": 0.8573451149754164}
{"t": 1785240656.3857973, "x": 2.8100190300977697, "y": -0.14265488502458357, "zone": null, "min_dist": 0.8573451149754164}
{"t": 1785240656.5376523, "x": 2.8100190300977697, "y": -0.14265488502458357, "zone": null, "min_dist": 0.8573451149754164}
{"t": 1785240656.7141159, "x": 2.8100190300977697, "y": -0.14265488502458357, "zone": null, "min_dist": 0.8573451149754164}
{"t": 1785240656.8668067, "x": 2.8100190300977697, "y": -0.14265488502458357, "zone": null, "min_dist": 0.8573451149754164}
{"t": 1785240657.0264812, "x": 2.8100190300977697, "y": -0.14265488502458357, "zone": null, "min_dist": 0.8573451149754164}
{"t": 1785240657.1788123, "x": 2.8100190300977697, "y": -0.14265488502458357, "zone": null, "min_dist": 0.8573451149754164}
{"t": 1785240657.3392148, "x": 2.8100190300977697, "y": -0.14265488502458357, "zone": null, "min_dist": 0.8573451149754164}
{"t": 1785240657.491463, "x": 2.8100190300977697, "y": -0.14265488502458357, "zone": null, "min_dist": 0.8573451149754164}
{"t": 1785240657.6513357, "x": 2.8100190300977697, "y": -0.14265488502458357, "zone": null, "min_dist": 0.8573451149754164}
{"t": 1785240657.803526, "x": 2.8100190300977697, "y": -0.14265488502458357, "zone": null, "min_dist": 0.8573451149754164}
{"t": 1785240657.9637988, "x": 2.8100190300977697, "y": -0.14265488502458357, "zone": null, "min_dist": 0.8573451149754164}
{"t": 1785240658.1239593, "x": 2.8100190300977697, "y": -0.14265488502458357, "zone": null, "min_dist": 0.8573451149754164}
{"t": 1785240658.2841592, "x": 2.8100190300977697, "y": -0.14265488502458357, "zone": null, "min_dist": 0.8573451149754164}
{"t": 1785240658.4367535, "x": 2.8100190300977697, "y": -0.14265488502458357, "zone": null, "min_dist": 0.8573451149754164}
{"t": 1785240658.5968862, "x": 2.8100190300977697, "y": -0.14265488502458357, "zone": null, "min_dist": 0.8573451149754164}
{"t": 1785240658.7571468, "x": 2.8100190300977697, "y": -0.14265488502458357, "zone": null, "min_dist": 0.8573451149754164}
{"t": 1785240658.9174657, "x": 2.8100190300977697, "y": -0.14265488502458357, "zone": null, "min_dist": 0.8573451149754164}
{"t": 1785240659.070233, "x": 2.8100190300977697, "y": -0.14265488502458357, "zone": null, "min_dist": 0.8573451149754164}
{"t": 1785240659.2301617, "x": 2.8100190300977697, "y": -0.14265488502458357, "zone": null, "min_dist": 0.8573451149754164}
{"t": 1785240659.3906107, "x": 2.8100190300977697, "y": -0.14265488502458357, "zone": null, "min_dist": 0.8573451149754164}
{"t": 1785240659.5425005, "x": 2.8100190300977697, "y": -0.14265488502458357, "zone": null, "min_dist": 0.8573451149754164}
{"t": 1785240659.6943433, "x": 2.8100190300977697, "y": -0.14265488502458357, "zone": null, "min_dist": 0.8573451149754164}
{"t": 1785240659.854999, "x": 2.8100190300977697, "y": -0.14265488502458357, "zone": null, "min_dist": 0.8573451149754164}
{"t": 1785240660.007282, "x": 2.8100190300977697, "y": -0.14265488502458357, "zone": null, "min_dist": 0.8573451149754164}
{"t": 1785240660.1596055, "x": 2.8100190300977697, "y": -0.14265488502458357, "zone": null, "min_dist": 0.8573451149754164}
{"t": 1785240660.3197284, "x": 2.8100190300977697, "y": -0.14265488502458357, "zone": null, "min_dist": 0.8573451149754164}
{"t": 1785240660.4802203, "x": 2.8100190300977697, "y": -0.14265488502458357, "zone": null, "min_dist": 0.8573451149754164}
{"t": 1785240660.6324177, "x": 2.8100190300977697, "y": -0.14265488502458357, "zone": null, "min_dist": 0.8573451149754164}
{"t": 1785240660.7844043, "x": 2.8100190300977697, "y": -0.14265488502458357, "zone": null, "min_dist": 0.8573451149754164}
{"t": 1785240660.9369206, "x": 2.8100190300977697, "y": -0.14265488502458357, "zone": null, "min_dist": 0.8573451149754164}
{"t": 1785240661.0888443, "x": 2.8100190300977697, "y": -0.14265488502458357, "zone": null, "min_dist": 0.8573451149754164}
{"t": 1785240661.2412527, "x": 2.8100190300977697, "y": -0.14265488502458357, "zone": null, "min_dist": 0.8573451149754164}
{"t": 1785240661.401476, "x": 2.8100190300977697, "y": -0.14265488502458357, "zone": null, "min_dist": 0.8573451149754164}
{"t": 1785240661.553934, "x": 2.8100190300977697, "y": -0.14265488502458357, "zone": null, "min_dist": 0.8573451149754164}
{"t": 1785240661.7141678, "x": 2.8100190300977697, "y": -0.14265488502458357, "zone": null, "min_dist": 0.8573451149754164}
{"t": 1785240661.8745975, "x": 2.8100190300977697, "y": -0.14265488502458357, "zone": null, "min_dist": 0.8573451149754164}
{"t": 1785240662.0265486, "x": 2.8100190300977697, "y": -0.14265488502458357, "zone": null, "min_dist": 0.8573451149754164}
{"t": 1785240662.1863573, "x": 2.8100190300977697, "y": -0.14265488502458357, "zone": null, "min_dist": 0.8573451149754164}
{"t": 1785240662.3386817, "x": 2.8100190300977697, "y": -0.14265488502458357, "zone": null, "min_dist": 0.8573451149754164}
{"t": 1785240662.498906, "x": 2.8100190300977697, "y": -0.14265488502458357, "zone": null, "min_dist": 0.8573451149754164}
{"t": 1785240662.6592724, "x": 2.8100190300977697, "y": -0.14265488502458357, "zone": null, "min_dist": 0.8573451149754164}
{"t": 1785240662.835619, "x": 2.8100190300977697, "y": -0.14265488502458357, "zone": null, "min_dist": 0.8573451149754164}
{"t": 1785240662.9880326, "x": 2.8100190300977697, "y": -0.14265488502458357, "zone": null, "min_dist": 0.8573451149754164}
{"t": 1785240663.1403875, "x": 2.8100190300977697, "y": -0.14265488502458357, "zone": null, "min_dist": 0.8573451149754164}
{"t": 1785240663.292613, "x": 2.8100190300977697, "y": -0.14265488502458357, "zone": null, "min_dist": 0.8573451149754164}
{"t": 1785240663.4447052, "x": 2.8100190300977697, "y": -0.14265488502458357, "zone": null, "min_dist": 0.8573451149754164}
{"t": 1785240663.5966141, "x": 2.8100190300977697, "y": -0.14265488502458357, "zone": null, "min_dist": 0.8573451149754164}
{"t": 1785240663.7489223, "x": 2.8100190300977697, "y": -0.14265488502458357, "zone": null, "min_dist": 0.8573451149754164}
{"t": 1785240663.9096777, "x": 2.8100190300977697, "y": -0.14265488502458357, "zone": null, "min_dist": 0.8573451149754164}
{"t": 1785240664.0613997, "x": 2.8100190300977697, "y": -0.14265488502458357, "zone": null, "min_dist": 0.8573451149754164}
{"t": 1785240664.2140355, "x": 2.8100190300977697, "y": -0.14265488502458357, "zone": null, "min_dist": 0.8573451149754164}
{"t": 1785240664.3664682, "x": 2.8100190300977697, "y": -0.14265488502458357, "zone": null, "min_dist": 0.8573451149754164}
{"t": 1785240664.5185058, "x": 2.8100190300977697, "y": -0.14265488502458357, "zone": null, "min_dist": 0.8573451149754164}
{"t": 1785240664.6789136, "x": 2.8100190300977697, "y": -0.14265488502458357, "zone": null, "min_dist": 0.8573451149754164}
{"t": 1785240664.8389504, "x": 2.8100190300977697, "y": -0.14265488502458357, "zone": null, "min_dist": 0.8573451149754164}
{"t": 1785240664.999174, "x": 2.8100190300977697, "y": -0.14265488502458357, "zone": null, "min_dist": 0.8573451149754164}
{"t": 1785240665.1596506, "x": 2.8100190300977697, "y": -0.14265488502458357, "zone": null, "min_dist": 0.8573451149754164}
{"t": 1785240665.3117542, "x": 2.8100190300977697, "y": -0.14265488502458357, "zone": null, "min_dist": 0.8573451149754164}
{"t": 1785240665.4634244, "x": 2.8100190300977697, "y": -0.14265488502458357, "zone": null, "min_dist": 0.8573451149754164}
{"t": 1785240665.6240594, "x": 2.8100190300977697, "y": -0.14265488502458357, "zone": null, "min_dist": 0.8573451149754164}
{"t": 1785240665.7766354, "x": 2.8100190300977697, "y": -0.14265488502458357, "zone": null, "min_dist": 0.8573451149754164}
{"t": 1785240665.9290545, "x": 2.8100190300977697, "y": -0.14265488502458357, "zone": null, "min_dist": 0.8573451149754164}
{"t": 1785240666.0812562, "x": 2.8100190300977697, "y": -0.14265488502458357, "zone": null, "min_dist": 0.8573451149754164}
{"t": 1785240666.2572448, "x": 2.8100190300977697, "y": -0.14265488502458357, "zone": null, "min_dist": 0.8573451149754164}
{"t": 1785240666.4095426, "x": 2.8100190300977697, "y": -0.14265488502458357, "zone": null, "min_dist": 0.8573451149754164}
{"t": 1785240666.5618296, "x": 2.8100190300977697, "y": -0.14265488502458357, "zone": null, "min_dist": 0.8573451149754164}
{"t": 1785240666.7140884, "x": 2.8100190300977697, "y": -0.14265488502458357, "zone": null, "min_dist": 0.8573451149754164}
{"t": 1785240666.8665478, "x": 2.8100190300977697, "y": -0.14265488502458357, "zone": null, "min_dist": 0.8573451149754164}
{"t": 1785240667.018466, "x": 2.8100190300977697, "y": -0.14265488502458357, "zone": null, "min_dist": 0.8573451149754164}
{"t": 1785240667.1791563, "x": 2.8100190300977697, "y": -0.14265488502458357, "zone": null, "min_dist": 0.8573451149754164}
{"t": 1785240667.3314488, "x": 2.8100190300977697, "y": -0.14265488502458357, "zone": null, "min_dist": 0.8573451149754164}
{"t": 1785240667.4837947, "x": 2.8100190300977697, "y": -0.14265488502458357, "zone": null, "min_dist": 0.8573451149754164}
{"t": 1785240667.6435628, "x": 2.8100190300977697, "y": -0.14265488502458357, "zone": null, "min_dist": 0.8573451149754164}
{"t": 1785240667.7960343, "x": 2.8100190300977697, "y": -0.14265488502458357, "zone": null, "min_dist": 0.8573451149754164}
{"t": 1785240667.948517, "x": 2.8100190300977697, "y": -0.14265488502458357, "zone": null, "min_dist": 0.8573451149754164}
{"t": 1785240668.100702, "x": 2.8100190300977697, "y": -0.14265488502458357, "zone": null, "min_dist": 0.8573451149754164}
{"t": 1785240668.2527928, "x": 2.8100190300977697, "y": -0.14265488502458357, "zone": null, "min_dist": 0.8573451149754164}
{"t": 1785240668.404807, "x": 2.8100190300977697, "y": -0.14265488502458357, "zone": null, "min_dist": 0.8573451149754164}
{"t": 1785240668.5574198, "x": 2.8100190300977697, "y": -0.14265488502458357, "zone": null, "min_dist": 0.8573451149754164}
{"t": 1785240668.7095246, "x": 2.8100190300977697, "y": -0.14265488502458357, "zone": null, "min_dist": 0.8573451149754164}
{"t": 1785240668.8617878, "x": 2.8100190300977697, "y": -0.14265488502458357, "zone": null, "min_dist": 0.8573451149754164}
{"t": 1785240669.0140564, "x": 2.8100190300977697, "y": -0.14265488502458357, "zone": null, "min_dist": 0.8573451149754164}
{"t": 1785240669.166662, "x": 2.8100190300977697, "y": -0.14265488502458357, "zone": null, "min_dist": 0.8573451149754164}
{"t": 1785240669.3424442, "x": 2.8100190300977697, "y": -0.14265488502458357, "zone": null, "min_dist": 0.8573451149754164}
{"t": 1785240669.4944339, "x": 2.8100190300977697, "y": -0.14265488502458357, "zone": null, "min_dist": 0.8573451149754164}
{"t": 1785240669.6465168, "x": 2.8100190300977697, "y": -0.14265488502458357, "zone": null, "min_dist": 0.8573451149754164}
{"t": 1785240669.798743, "x": 2.8100190300977697, "y": -0.14265488502458357, "zone": null, "min_dist": 0.8573451149754164}
{"t": 1785240669.9509914, "x": 2.8100190300977697, "y": -0.14265488502458357, "zone": null, "min_dist": 0.8573451149754164}
{"t": 1785240670.1033309, "x": 2.8100190300977697, "y": -0.14265488502458357, "zone": null, "min_dist": 0.8573451149754164}
{"t": 1785240670.2634377, "x": 2.8100190300977697, "y": -0.14265488502458357, "zone": null, "min_dist": 0.8573451149754164}
{"t": 1785240670.4160135, "x": 2.8100190300977697, "y": -0.14265488502458357, "zone": null, "min_dist": 0.8573451149754164}
{"t": 1785240670.5760589, "x": 2.8100190300977697, "y": -0.14265488502458357, "zone": null, "min_dist": 0.8573451149754164}
{"t": 1785240670.7368245, "x": 2.8100190300977697, "y": -0.14265488502458357, "zone": null, "min_dist": 0.8573451149754164}
{"t": 1785240670.8971517, "x": 2.8100190300977697, "y": -0.14265488502458357, "zone": null, "min_dist": 0.8573451149754164}
{"t": 1785240671.049478, "x": 2.8100190300977697, "y": -0.14265488502458357, "zone": null, "min_dist": 0.8573451149754164}
{"t": 1785240671.2014573, "x": 2.8100190300977697, "y": -0.14265488502458357, "zone": null, "min_dist": 0.8573451149754164}
{"t": 1785240671.3612807, "x": 2.8100190300977697, "y": -0.14265488502458357, "zone": null, "min_dist": 0.8573451149754164}
{"t": 1785240671.5136156, "x": 2.8100190300977697, "y": -0.14265488502458357, "zone": null, "min_dist": 0.8573451149754164}
{"t": 1785240671.6661417, "x": 2.8100190300977697, "y": -0.14265488502458357, "zone": null, "min_dist": 0.8573451149754164}
{"t": 1785240671.8183143, "x": 2.8100190300977697, "y": -0.14265488502458357, "zone": null, "min_dist": 0.8573451149754164}
{"t": 1785240671.9705384, "x": 2.8100190300977697, "y": -0.14265488502458357, "zone": null, "min_dist": 0.8573451149754164}
{"t": 1785240672.1227567, "x": 2.8100190300977697, "y": -0.14265488502458357, "zone": null, "min_dist": 0.8573451149754164}
{"t": 1785240672.2750168, "x": 2.8100190300977697, "y": -0.14265488502458357, "zone": null, "min_dist": 0.8573451149754164}
{"t": 1785240672.4274776, "x": 2.8100190300977697, "y": -0.14265488502458357, "zone": null, "min_dist": 0.8573451149754164}
{"t": 1785240672.5792222, "x": 2.8100190300977697, "y": -0.14265488502458357, "zone": null, "min_dist": 0.8573451149754164}
{"t": 1785240672.739792, "x": 2.8100190300977697, "y": -0.14265488502458357, "zone": null, "min_dist": 0.8573451149754164}
{"t": 1785240672.900538, "x": 2.8100190300977697, "y": -0.14265488502458357, "zone": null, "min_dist": 0.8573451149754164}
{"t": 1785240673.0525696, "x": 2.8100190300977697, "y": -0.14265488502458357, "zone": null, "min_dist": 0.8573451149754164}
{"t": 1785240673.2123852, "x": 2.8100190300977697, "y": -0.14265488502458357, "zone": null, "min_dist": 0.8573451149754164}
{"t": 1785240673.3646374, "x": 2.8100190300977697, "y": -0.14265488502458357, "zone": null, "min_dist": 0.8573451149754164}
{"t": 1785240673.5168653, "x": 2.8100190300977697, "y": -0.14265488502458357, "zone": null, "min_dist": 0.8573451149754164}
{"t": 1785240673.6694033, "x": 2.8100190300977697, "y": -0.14265488502458357, "zone": null, "min_dist": 0.8573451149754164}
{"t": 1785240673.821435, "x": 2.8100190300977697, "y": -0.14265488502458357, "zone": null, "min_dist": 0.8573451149754164}
{"t": 1785240673.973755, "x": 2.8100190300977697, "y": -0.14265488502458357, "zone": null, "min_dist": 0.8573451149754164}
{"t": 1785240674.1261396, "x": 2.8100190300977697, "y": -0.14265488502458357, "zone": null, "min_dist": 0.8573451149754164}
{"t": 1785240674.278402, "x": 2.8100190300977697, "y": -0.14265488502458357, "zone": null, "min_dist": 0.8573451149754164}
{"t": 1785240674.4385648, "x": 2.8100190300977697, "y": -0.14265488502458357, "zone": null, "min_dist": 0.8573451149754164}
{"t": 1785240674.5906072, "x": 2.8100190300977697, "y": -0.14265488502458357, "zone": null, "min_dist": 0.8573451149754164}
{"t": 1785240674.7514873, "x": 2.8100190300977697, "y": -0.14265488502458357, "zone": null, "min_dist": 0.8573451149754164}
{"t": 1785240674.9036055, "x": 2.8100190300977697, "y": -0.14265488502458357, "zone": null, "min_dist": 0.8573451149754164}
{"t": 1785240675.055927, "x": 2.8100190300977697, "y": -0.14265488502458357, "zone": null, "min_dist": 0.8573451149754164}
{"t": 1785240675.2080235, "x": 2.8100190300977697, "y": -0.14265488502458357, "zone": null, "min_dist": 0.8573451149754164}
{"t": 1785240675.368183, "x": 2.8100190300977697, "y": -0.14265488502458357, "zone": null, "min_dist": 0.8573451149754164}
{"t": 1785240675.5284102, "x": 2.8100190300977697, "y": -0.14265488502458357, "zone": null, "min_dist": 0.8573451149754164}
{"t": 1785240675.6804488, "x": 2.8100190300977697, "y": -0.14265488502458357, "zone": null, "min_dist": 0.8573451149754164}
{"t": 1785240675.8407202, "x": 2.8100190300977697, "y": -0.14265488502458357, "zone": null, "min_dist": 0.8573451149754164}
{"t": 1785240675.9929042, "x": 2.8100190300977697, "y": -0.14265488502458357, "zone": null, "min_dist": 0.8573451149754164}
{"t": 1785240676.1533556, "x": 2.8100190300977697, "y": -0.14265488502458357, "zone": null, "min_dist": 0.8573451149754164}
{"t": 1785240676.3132038, "x": 2.8100190300977697, "y": -0.14265488502458357, "zone": null, "min_dist": 0.8573451149754164}
{"t": 1785240676.465827, "x": 2.8100190300977697, "y": -0.14265488502458357, "zone": null, "min_dist": 0.8573451149754164}
{"t": 1785240676.6257823, "x": 2.8100190300977697, "y": -0.14265488502458357, "zone": null, "min_dist": 0.8573451149754164}
{"t": 1785240676.786228, "x": 2.8100190300977697, "y": -0.14265488502458357, "zone": null, "min_dist": 0.8573451149754164}
{"t": 1785240676.9464436, "x": 2.8100190300977697, "y": -0.14265488502458357, "zone": null, "min_dist": 0.8573451149754164}
{"t": 1785240677.0986907, "x": 2.8100190300977697, "y": -0.14265488502458357, "zone": null, "min_dist": 0.8573451149754164}
{"t": 1785240677.2584178, "x": 2.8100190300977697, "y": -0.14265488502458357, "zone": null, "min_dist": 0.8573451149754164}
{"t": 1785240677.4186904, "x": 2.8100190300977697, "y": -0.14265488502458357, "zone": null, "min_dist": 0.8573451149754164}
{"t": 1785240677.5716074, "x": 2.8100190300977697, "y": -0.14265488502458357, "zone": null, "min_dist": 0.8573451149754164}
{"t": 1785240677.731648, "x": 2.8100190300977697, "y": -0.14265488502458357, "zone": null, "min_dist": 0.8573451149754164}
{"t": 1785240677.8920496, "x": 2.8100190300977697, "y": -0.14265488502458357, "zone": null, "min_dist": 0.8573451149754164}
{"t": 1785240678.0527856, "x": 2.8100190300977697, "y": -0.14265488502458357, "zone": null, "min_dist": 0.8573451149754164}
{"t": 1785240678.2131035, "x": 2.8100190300977697, "y": -0.14265488502458357, "zone": null, "min_dist": 0.8573451149754164}
{"t": 1785240678.3654275, "x": 2.8100190300977697, "y": -0.14265488502458357, "zone": null, "min_dist": 0.8573451149754164}
{"t": 1785240678.5174952, "x": 2.8100190300977697, "y": -0.14265488502458357, "zone": null, "min_dist": 0.8573451149754164}
{"t": 1785240678.6697204, "x": 2.8100190300977697, "y": -0.14265488502458357, "zone": null, "min_dist": 0.8573451149754164}
{"t": 1785240678.8219638, "x": 2.8100190300977697, "y": -0.14265488502458357, "zone": null, "min_dist": 0.8573451149754164}
{"t": 1785240678.9981806, "x": 2.8100190300977697, "y": -0.14265488502458357, "zone": null, "min_dist": 0.8573451149754164}
{"t": 1785240679.150517, "x": 2.8100190300977697, "y": -0.14265488502458357, "zone": null, "min_dist": 0.8573451149754164}
{"t": 1785240679.3024178, "x": 2.8100190300977697, "y": -0.14265488502458357, "zone": null, "min_dist": 0.8573451149754164}
{"t": 1785240679.4547246, "x": 2.8100190300977697, "y": -0.14265488502458357, "zone": null, "min_dist": 0.8573451149754164}
{"t": 1785240679.6070278, "x": 2.8100190300977697, "y": -0.14265488502458357, "zone": null, "min_dist": 0.8573451149754164}
{"t": 1785240679.7590702, "x": 2.8100190300977697, "y": -0.14265488502458357, "zone": null, "min_dist": 0.8573451149754164}
{"t": 1785240679.919463, "x": 2.8100190300977697, "y": -0.14265488502458357, "zone": null, "min_dist": 0.8573451149754164}
{"t": 1785240680.079398, "x": 2.8100190300977697, "y": -0.14265488502458357, "zone": null, "min_dist": 0.8573451149754164}
{"t": 1785240680.2399242, "x": 2.8100190300977697, "y": -0.14265488502458357, "zone": null, "min_dist": 0.8573451149754164}
{"t": 1785240680.400173, "x": 2.8100190300977697, "y": -0.14265488502458357, "zone": null, "min_dist": 0.8573451149754164}
{"t": 1785240680.5526104, "x": 2.8100190300977697, "y": -0.14265488502458357, "zone": null, "min_dist": 0.8573451149754164}
{"t": 1785240680.7045481, "x": 2.8100190300977697, "y": -0.14265488502458357, "zone": null, "min_dist": 0.8573451149754164}
{"t": 1785240680.8815284, "x": 2.8100190300977697, "y": -0.14265488502458357, "zone": null, "min_dist": 0.8573451149754164}
{"t": 1785240681.0413039, "x": 2.8100190300977697, "y": -0.14265488502458357, "zone": null, "min_dist": 0.8573451149754164}
{"t": 1785240681.1935658, "x": 2.8100190300977697, "y": -0.14265488502458357, "zone": null, "min_dist": 0.8573451149754164}
{"t": 1785240681.3460107, "x": 2.8100190300977697, "y": -0.14265488502458357, "zone": null, "min_dist": 0.8573451149754164}
{"t": 1785240681.4983175, "x": 2.8100190300977697, "y": -0.14265488502458357, "zone": null, "min_dist": 0.8573451149754164}
{"t": 1785240681.6508496, "x": 2.8100190300977697, "y": -0.14265488502458357, "zone": null, "min_dist": 0.8573451149754164}
{"t": 1785240681.8028746, "x": 2.8100190300977697, "y": -0.14265488502458357, "zone": null, "min_dist": 0.8573451149754164}
{"t": 1785240681.9552176, "x": 2.8100190300977697, "y": -0.14265488502458357, "zone": null, "min_dist": 0.8573451149754164}
{"t": 1785240682.1074448, "x": 2.8100190300977697, "y": -0.14265488502458357, "zone": null, "min_dist": 0.8573451149754164}
{"t": 1785240682.2599416, "x": 2.8100190300977697, "y": -0.14265488502458357, "zone": null, "min_dist": 0.8573451149754164}
{"t": 1785240682.4195807, "x": 2.8100190300977697, "y": -0.14265488502458357, "zone": null, "min_dist": 0.8573451149754164}
{"t": 1785240682.571837, "x": 2.8100190300977697, "y": -0.14265488502458357, "zone": null, "min_dist": 0.8573451149754164}
{"t": 1785240682.7243814, "x": 2.8100190300977697, "y": -0.14265488502458357, "zone": null, "min_dist": 0.8573451149754164}
{"t": 1785240682.8844688, "x": 2.8100190300977697, "y": -0.14265488502458357, "zone": null, "min_dist": 0.8573451149754164}
{"t": 1785240683.036635, "x": 2.8100190300977697, "y": -0.14265488502458357, "zone": null, "min_dist": 0.8573451149754164}
{"t": 1785240683.1890051, "x": 2.8100190300977697, "y": -0.14265488502458357, "zone": null, "min_dist": 0.8573451149754164}
{"t": 1785240683.3414824, "x": 2.8100190300977697, "y": -0.14265488502458357, "zone": null, "min_dist": 0.8573451149754164}
{"t": 1785240683.5015166, "x": 2.8100190300977697, "y": -0.14265488502458357, "zone": null, "min_dist": 0.8573451149754164}
{"t": 1785240683.6540136, "x": 2.8100190300977697, "y": -0.14265488502458357, "zone": null, "min_dist": 0.8573451149754164}
{"t": 1785240683.8140166, "x": 2.8100190300977697, "y": -0.14265488502458357, "zone": null, "min_dist": 0.8573451149754164}
{"t": 1785240683.9662862, "x": 2.8100190300977697, "y": -0.14265488502458357, "zone": null, "min_dist": 0.8573451149754164}
{"t": 1785240684.1428807, "x": 2.8100190300977697, "y": -0.14265488502458357, "zone": null, "min_dist": 0.8573451149754164}
{"t": 1785240684.3025358, "x": 2.8100190300977697, "y": -0.14265488502458357, "zone": null, "min_dist": 0.8573451149754164}
{"t": 1785240684.4624014, "x": 2.8100190300977697, "y": -0.14265488502458357, "zone": null, "min_dist": 0.8573451149754164}
{"t": 1785240684.6225758, "x": 2.8100190300977697, "y": -0.14265488502458357, "zone": null, "min_dist": 0.8573451149754164}
{"t": 1785240684.7750616, "x": 2.8100190300977697, "y": -0.14265488502458357, "zone": null, "min_dist": 0.8573451149754164}
{"t": 1785240684.9353893, "x": 2.8100190300977697, "y": -0.14265488502458357, "zone": null, "min_dist": 0.8573451149754164}
{"t": 1785240685.0955005, "x": 2.8100190300977697, "y": -0.14265488502458357, "zone": null, "min_dist": 0.8573451149754164}
{"t": 1785240685.247969, "x": 2.8100190300977697, "y": -0.14265488502458357, "zone": null, "min_dist": 0.8573451149754164}
{"t": 1785240685.4000273, "x": 2.8100190300977697, "y": -0.14265488502458357, "zone": null, "min_dist": 0.8573451149754164}
{"t": 1785240685.560482, "x": 2.8100190300977697, "y": -0.14265488502458357, "zone": null, "min_dist": 0.8573451149754164}
{"t": 1785240685.712834, "x": 2.8100190300977697, "y": -0.14265488502458357, "zone": null, "min_dist": 0.8573451149754164}
{"t": 1785240685.8730597, "x": 2.8100190300977697, "y": -0.14265488502458357, "zone": null, "min_dist": 0.8573451149754164}
{"t": 1785240686.0255027, "x": 2.8100190300977697, "y": -0.14265488502458357, "zone": null, "min_dist": 0.8573451149754164}
{"t": 1785240686.1854196, "x": 2.8100190300977697, "y": -0.14265488502458357, "zone": null, "min_dist": 0.8573451149754164}
{"t": 1785240686.3377993, "x": 2.8100190300977697, "y": -0.14265488502458357, "zone": null, "min_dist": 0.8573451149754164}
{"t": 1785240686.4900353, "x": 2.8100190300977697, "y": -0.14265488502458357, "zone": null, "min_dist": 0.8573451149754164}
{"t": 1785240686.6422575, "x": 2.8100190300977697, "y": -0.14265488502458357, "zone": null, "min_dist": 0.8573451149754164}
{"t": 1785240686.7943296, "x": 2.8100190300977697, "y": -0.14265488502458357, "zone": null, "min_dist": 0.8573451149754164}
{"t": 1785240686.9468124, "x": 2.8100190300977697, "y": -0.14265488502458357, "zone": null, "min_dist": 0.8573451149754164}
{"t": 1785240687.098907, "x": 2.8100190300977697, "y": -0.14265488502458357, "zone": null, "min_dist": 0.8573451149754164}
{"t": 1785240687.2593622, "x": 2.8100190300977697, "y": -0.14265488502458357, "zone": null, "min_dist": 0.8573451149754164}
{"t": 1785240687.411423, "x": 2.8100190300977697, "y": -0.14265488502458357, "zone": null, "min_dist": 0.8573451149754164}
{"t": 1785240687.5634286, "x": 2.8100190300977697, "y": -0.14265488502458357, "zone": null, "min_dist": 0.8573451149754164}
{"t": 1785240687.7235832, "x": 2.8100190300977697, "y": -0.14265488502458357, "zone": null, "min_dist": 0.8573451149754164}
{"t": 1785240687.8841648, "x": 2.8100190300977697, "y": -0.14265488502458357, "zone": null, "min_dist": 0.8573451149754164}
{"t": 1785240688.0365343, "x": 2.8100190300977697, "y": -0.14265488502458357, "zone": null, "min_dist": 0.8573451149754164}
{"t": 1785240688.1887949, "x": 2.8100190300977697, "y": -0.14265488502458357, "zone": null, "min_dist": 0.8573451149754164}
{"t": 1785240688.3407218, "x": 2.8100190300977697, "y": -0.14265488502458357, "zone": null, "min_dist": 0.8573451149754164}
{"t": 1785240688.5017614, "x": 2.8100190300977697, "y": -0.14265488502458357, "zone": null, "min_dist": 0.8573451149754164}
{"t": 1785240688.653462, "x": 2.8100190300977697, "y": -0.14265488502458357, "zone": null, "min_dist": 0.8573451149754164}
{"t": 1785240688.8140502, "x": 2.8100190300977697, "y": -0.14265488502458357, "zone": null, "min_dist": 0.8573451149754164}
{"t": 1785240688.9660642, "x": 2.8100190300977697, "y": -0.14265488502458357, "zone": null, "min_dist": 0.8573451149754164}
{"t": 1785240689.1187384, "x": 2.8100190300977697, "y": -0.14265488502458357, "zone": null, "min_dist": 0.8573451149754164}
{"t": 1785240689.2785113, "x": 2.8100190300977697, "y": -0.14265488502458357, "zone": null, "min_dist": 0.8573451149754164}
{"t": 1785240689.4384923, "x": 2.8100190300977697, "y": -0.14265488502458357, "zone": null, "min_dist": 0.8573451149754164}
{"t": 1785240689.5909116, "x": 2.8100190300977697, "y": -0.14265488502458357, "zone": null, "min_dist": 0.8573451149754164}
{"t": 1785240689.7511709, "x": 2.8100190300977697, "y": -0.14265488502458357, "zone": null, "min_dist": 0.8573451149754164}
{"t": 1785240689.9035761, "x": 2.8100190300977697, "y": -0.14265488502458357, "zone": null, "min_dist": 0.8573451149754164}
{"t": 1785240690.0557995, "x": 2.8100190300977697, "y": -0.14265488502458357, "zone": null, "min_dist": 0.8573451149754164}
{"t": 1785240690.207829, "x": 2.8100190300977697, "y": -0.14265488502458357, "zone": null, "min_dist": 0.8573451149754164}
{"t": 1785240690.3606884, "x": 2.8100190300977697, "y": -0.14265488502458357, "zone": null, "min_dist": 0.8573451149754164}
{"t": 1785240690.512418, "x": 2.8100190300977697, "y": -0.14265488502458357, "zone": null, "min_dist": 0.8573451149754164}
{"t": 1785240690.6643224, "x": 2.8100190300977697, "y": -0.14265488502458357, "zone": null, "min_dist": 0.8573451149754164}
{"t": 1785240690.817042, "x": 2.8100190300977697, "y": -0.14265488502458357, "zone": null, "min_dist": 0.8573451149754164}
{"t": 1785240690.9769418, "x": 2.8100190300977697, "y": -0.14265488502458357, "zone": null, "min_dist": 0.8573451149754164}
{"t": 1785240691.1373177, "x": 2.8100190300977697, "y": -0.14265488502458357, "zone": null, "min_dist": 0.8573451149754164}
{"t": 1785240691.2893543, "x": 2.8100190300977697, "y": -0.14265488502458357, "zone": null, "min_dist": 0.8573451149754164}
{"t": 1785240691.4492407, "x": 2.8100190300977697, "y": -0.14265488502458357, "zone": null, "min_dist": 0.8573451149754164}
{"t": 1785240691.601967, "x": 2.8100190300977697, "y": -0.14265488502458357, "zone": null, "min_dist": 0.8573451149754164}
{"t": 1785240691.7542183, "x": 2.8100190300977697, "y": -0.14265488502458357, "zone": null, "min_dist": 0.8573451149754164}
{"t": 1785240691.90649, "x": 2.8100190300977697, "y": -0.14265488502458357, "zone": null, "min_dist": 0.8573451149754164}
{"t": 1785240692.0668578, "x": 2.8100190300977697, "y": -0.14265488502458357, "zone": null, "min_dist": 0.8573451149754164}
{"t": 1785240692.227438, "x": 2.8100190300977697, "y": -0.14265488502458357, "zone": null, "min_dist": 0.8573451149754164}
{"t": 1785240692.3795607, "x": 2.8100190300977697, "y": -0.14265488502458357, "zone": null, "min_dist": 0.8573451149754164}
{"t": 1785240692.539606, "x": 2.8100190300977697, "y": -0.14265488502458357, "zone": null, "min_dist": 0.8573451149754164}
{"t": 1785240692.691977, "x": 2.8100190300977697, "y": -0.14265488502458357, "zone": null, "min_dist": 0.8573451149754164}
{"t": 1785240692.8441737, "x": 2.8100190300977697, "y": -0.14265488502458357, "zone": null, "min_dist": 0.8573451149754164}
{"t": 1785240692.9965467, "x": 2.8100190300977697, "y": -0.14265488502458357, "zone": null, "min_dist": 0.8573451149754164}
{"t": 1785240693.1485436, "x": 2.8100190300977697, "y": -0.14265488502458357, "zone": null, "min_dist": 0.8573451149754164}
{"t": 1785240693.3087318, "x": 2.8100190300977697, "y": -0.14265488502458357, "zone": null, "min_dist": 0.8573451149754164}
{"t": 1785240693.4611492, "x": 2.8100190300977697, "y": -0.14265488502458357, "zone": null, "min_dist": 0.8573451149754164}
{"t": 1785240693.6213784, "x": 2.8100190300977697, "y": -0.14265488502458357, "zone": null, "min_dist": 0.8573451149754164}
{"t": 1785240693.7817109, "x": 2.8100190300977697, "y": -0.14265488502458357, "zone": null, "min_dist": 0.8573451149754164}
{"t": 1785240693.941661, "x": 2.8100190300977697, "y": -0.14265488502458357, "zone": null, "min_dist": 0.8573451149754164}
{"t": 1785240694.101967, "x": 2.8100190300977697, "y": -0.14265488502458357, "zone": null, "min_dist": 0.8573451149754164}
{"t": 1785240694.2545846, "x": 2.8100190300977697, "y": -0.14265488502458357, "zone": null, "min_dist": 0.8573451149754164}
{"t": 1785240694.50711, "x": 2.8100190300977697, "y": -0.14265488502458357, "zone": null, "min_dist": 0.8573451149754164}
{"t": 1785240694.66333, "x": 2.8100190300977697, "y": -0.14265488502458357, "zone": null, "min_dist": 0.8573451149754164}
{"t": 1785240694.8158174, "x": 2.8100190300977697, "y": -0.14265488502458357, "zone": null, "min_dist": 0.8573451149754164}
{"t": 1785240694.97542, "x": 2.8100190300977697, "y": -0.14265488502458357, "zone": null, "min_dist": 0.8573451149754164}
{"t": 1785240695.127991, "x": 2.8100190300977697, "y": -0.14265488502458357, "zone": null, "min_dist": 0.8573451149754164}
{"t": 1785240695.280085, "x": 2.8100190300977697, "y": -0.14265488502458357, "zone": null, "min_dist": 0.8573451149754164}
{"t": 1785240695.432454, "x": 2.8100190300977697, "y": -0.14265488502458357, "zone": null, "min_dist": 0.8573451149754164}
{"t": 1785240695.584599, "x": 2.8100190300977697, "y": -0.14265488502458357, "zone": null, "min_dist": 0.8573451149754164}
{"t": 1785240695.7367215, "x": 2.8100190300977697, "y": -0.14265488502458357, "zone": null, "min_dist": 0.8573451149754164}
{"t": 1785240695.8895142, "x": 2.8100190300977697, "y": -0.14265488502458357, "zone": null, "min_dist": 0.8573451149754164}
{"t": 1785240696.0417407, "x": 2.8100190300977697, "y": -0.14265488502458357, "zone": null, "min_dist": 0.8573451149754164}
{"t": 1785240696.193985, "x": 2.8100190300977697, "y": -0.14265488502458357, "zone": null, "min_dist": 0.8573451149754164}
{"t": 1785240696.3461318, "x": 2.8100190300977697, "y": -0.14265488502458357, "zone": null, "min_dist": 0.8573451149754164}
{"t": 1785240696.4984612, "x": 2.8100190300977697, "y": -0.14265488502458357, "zone": null, "min_dist": 0.8573451149754164}
{"t": 1785240696.6504765, "x": 2.8100190300977697, "y": -0.14265488502458357, "zone": null, "min_dist": 0.8573451149754164}
{"t": 1785240696.8026211, "x": 2.8100190300977697, "y": -0.14265488502458357, "zone": null, "min_dist": 0.8573451149754164}
{"t": 1785240696.9548392, "x": 2.8100190300977697, "y": -0.14265488502458357, "zone": null, "min_dist": 0.8573451149754164}
{"t": 1785240697.1073706, "x": 2.8100190300977697, "y": -0.14265488502458357, "zone": null, "min_dist": 0.8573451149754164}
{"t": 1785240697.2595522, "x": 2.8100190300977697, "y": -0.14265488502458357, "zone": null, "min_dist": 0.8573451149754164}
{"t": 1785240697.4195294, "x": 2.8100190300977697, "y": -0.14265488502458357, "zone": null, "min_dist": 0.8573451149754164}
{"t": 1785240697.5720024, "x": 2.8100190300977697, "y": -0.14265488502458357, "zone": null, "min_dist": 0.8573451149754164}
{"t": 1785240697.732589, "x": 2.8100190300977697, "y": -0.14265488502458357, "zone": null, "min_dist": 0.8573451149754164}
{"t": 1785240697.884641, "x": 2.8100190300977697, "y": -0.14265488502458357, "zone": null, "min_dist": 0.8573451149754164}
{"t": 1785240698.0368001, "x": 2.8100190300977697, "y": -0.14265488502458357, "zone": null, "min_dist": 0.8573451149754164}
{"t": 1785240698.1889973, "x": 2.8100190300977697, "y": -0.14265488502458357, "zone": null, "min_dist": 0.8573451149754164}
{"t": 1785240698.34125, "x": 2.8100190300977697, "y": -0.14265488502458357, "zone": null, "min_dist": 0.8573451149754164}
{"t": 1785240698.5019233, "x": 2.8100190300977697, "y": -0.14265488502458357, "zone": null, "min_dist": 0.8573451149754164}
{"t": 1785240698.6541061, "x": 2.8100190300977697, "y": -0.14265488502458357, "zone": null, "min_dist": 0.8573451149754164}
{"t": 1785240698.8059268, "x": 2.8100190300977697, "y": -0.14265488502458357, "zone": null, "min_dist": 0.8573451149754164}
{"t": 1785240698.9582791, "x": 2.8100190300977697, "y": -0.14265488502458357, "zone": null, "min_dist": 0.8573451149754164}
{"t": 1785240699.1104045, "x": 2.8100190300977697, "y": -0.14265488502458357, "zone": null, "min_dist": 0.8573451149754164}
{"t": 1785240699.262762, "x": 2.8100190300977697, "y": -0.14265488502458357, "zone": null, "min_dist": 0.8573451149754164}
{"t": 1785240699.4227397, "x": 2.8100190300977697, "y": -0.14265488502458357, "zone": null, "min_dist": 0.8573451149754164}
{"t": 1785240699.5751772, "x": 2.8100190300977697, "y": -0.14265488502458357, "zone": null, "min_dist": 0.8573451149754164}
{"t": 1785240699.7275429, "x": 2.8100190300977697, "y": -0.14265488502458357, "zone": null, "min_dist": 0.8573451149754164}
{"t": 1785240699.879499, "x": 2.8100190300977697, "y": -0.14265488502458357, "zone": null, "min_dist": 0.8573451149754164}
{"t": 1785240700.0314188, "x": 2.8100190300977697, "y": -0.14265488502458357, "zone": null, "min_dist": 0.8573451149754164}
{"t": 1785240700.1838212, "x": 2.8100190300977697, "y": -0.14265488502458357, "zone": null, "min_dist": 0.8573451149754164}
{"t": 1785240700.3363929, "x": 2.8100190300977697, "y": -0.14265488502458357, "zone": null, "min_dist": 0.8573451149754164}
{"t": 1785240700.4885006, "x": 2.8100190300977697, "y": -0.14265488502458357, "zone": null, "min_dist": 0.8573451149754164}
{"t": 1785240700.6409357, "x": 2.8100190300977697, "y": -0.14265488502458357, "zone": null, "min_dist": 0.8573451149754164}
{"t": 1785240700.8003457, "x": 2.8100190300977697, "y": -0.14265488502458357, "zone": null, "min_dist": 0.8573451149754164}
{"t": 1785240700.960506, "x": 2.8100190300977697, "y": -0.14265488502458357, "zone": null, "min_dist": 0.8573451149754164}
{"t": 1785240701.1207926, "x": 2.8100190300977697, "y": -0.14265488502458357, "zone": null, "min_dist": 0.8573451149754164}
{"t": 1785240701.2734203, "x": 2.8100190300977697, "y": -0.14265488502458357, "zone": null, "min_dist": 0.8573451149754164}
{"t": 1785240701.4494045, "x": 2.8100190300977697, "y": -0.14265488502458357, "zone": null, "min_dist": 0.8573451149754164}
{"t": 1785240701.6100795, "x": 2.8100190300977697, "y": -0.14265488502458357, "zone": null, "min_dist": 0.8573451149754164}
{"t": 1785240701.7622228, "x": 2.8100190300977697, "y": -0.14265488502458357, "zone": null, "min_dist": 0.8573451149754164}
{"t": 1785240701.9224508, "x": 2.8100190300977697, "y": -0.14265488502458357, "zone": null, "min_dist": 0.8573451149754164}
{"t": 1785240702.074936, "x": 2.8100190300977697, "y": -0.14265488502458357, "zone": null, "min_dist": 0.8573451149754164}
{"t": 1785240702.2274098, "x": 2.8100190300977697, "y": -0.14265488502458357, "zone": null, "min_dist": 0.8573451149754164}
{"t": 1785240702.3875616, "x": 2.8100190300977697, "y": -0.14265488502458357, "zone": null, "min_dist": 0.8573451149754164}
{"t": 1785240702.539721, "x": 2.8100190300977697, "y": -0.14265488502458357, "zone": null, "min_dist": 0.8573451149754164}
{"t": 1785240702.6996858, "x": 2.8100190300977697, "y": -0.14265488502458357, "zone": null, "min_dist": 0.8573451149754164}
{"t": 1785240702.8523705, "x": 2.8100190300977697, "y": -0.14265488502458357, "zone": null, "min_dist": 0.8573451149754164}
{"t": 1785240703.0123134, "x": 2.8100190300977697, "y": -0.14265488502458357, "zone": null, "min_dist": 0.8573451149754164}
{"t": 1785240703.172725, "x": 2.8100190300977697, "y": -0.14265488502458357, "zone": null, "min_dist": 0.8573451149754164}
{"t": 1785240703.3247688, "x": 2.8100190300977697, "y": -0.14265488502458357, "zone": null, "min_dist": 0.8573451149754164}
{"t": 1785240703.477584, "x": 2.8100190300977697, "y": -0.14265488502458357, "zone": null, "min_dist": 0.8573451149754164}
{"t": 1785240703.6380088, "x": 2.8100190300977697, "y": -0.14265488502458357, "zone": null, "min_dist": 0.8573451149754164}
{"t": 1785240703.789987, "x": 2.8100190300977697, "y": -0.14265488502458357, "zone": null, "min_dist": 0.8573451149754164}
{"t": 1785240703.9433038, "x": 2.8100190300977697, "y": -0.14265488502458357, "zone": null, "min_dist": 0.8573451149754164}
{"t": 1785240704.1024933, "x": 2.8100190300977697, "y": -0.14265488502458357, "zone": null, "min_dist": 0.8573451149754164}
{"t": 1785240704.2547507, "x": 2.8100190300977697, "y": -0.14265488502458357, "zone": null, "min_dist": 0.8573451149754164}
{"t": 1785240704.4069712, "x": 2.8100190300977697, "y": -0.14265488502458357, "zone": null, "min_dist": 0.8573451149754164}
{"t": 1785240704.5594575, "x": 2.8100190300977697, "y": -0.14265488502458357, "zone": null, "min_dist": 0.8573451149754164}
{"t": 1785240704.7112908, "x": 2.8100190300977697, "y": -0.14265488502458357, "zone": null, "min_dist": 0.8573451149754164}
{"t": 1785240704.8718421, "x": 2.8100190300977697, "y": -0.14265488502458357, "zone": null, "min_dist": 0.8573451149754164}
{"t": 1785240705.0251265, "x": 2.8100190300977697, "y": -0.14265488502458357, "zone": null, "min_dist": 0.8573451149754164}
{"t": 1785240705.176096, "x": 2.8100190300977697, "y": -0.14265488502458357, "zone": null, "min_dist": 0.8573451149754164}
{"t": 1785240705.3524492, "x": 2.8100190300977697, "y": -0.14265488502458357, "zone": null, "min_dist": 0.8573451149754164}
{"t": 1785240705.5046887, "x": 2.8100190300977697, "y": -0.14265488502458357, "zone": null, "min_dist": 0.8573451149754164}
{"t": 1785240705.6575384, "x": 2.8100190300977697, "y": -0.14265488502458357, "zone": null, "min_dist": 0.8573451149754164}
{"t": 1785240705.8093066, "x": 2.8100190300977697, "y": -0.14265488502458357, "zone": null, "min_dist": 0.8573451149754164}
{"t": 1785240705.9698775, "x": 2.8100190300977697, "y": -0.14265488502458357, "zone": null, "min_dist": 0.8573451149754164}
{"t": 1785240706.1223235, "x": 2.8100190300977697, "y": -0.14265488502458357, "zone": null, "min_dist": 0.8573451149754164}
{"t": 1785240706.2827, "x": 2.8100190300977697, "y": -0.14265488502458357, "zone": null, "min_dist": 0.8573451149754164}
{"t": 1785240706.434965, "x": 2.8100190300977697, "y": -0.14265488502458357, "zone": null, "min_dist": 0.8573451149754164}
{"t": 1785240706.5878243, "x": 2.8100190300977697, "y": -0.14265488502458357, "zone": null, "min_dist": 0.8573451149754164}
{"t": 1785240706.7479408, "x": 2.8100190300977697, "y": -0.14265488502458357, "zone": null, "min_dist": 0.8573451149754164}
{"t": 1785240706.901949, "x": 2.8100190300977697, "y": -0.14265488502458357, "zone": null, "min_dist": 0.8573451149754164}
{"t": 1785240707.0604322, "x": 2.8100190300977697, "y": -0.14265488502458357, "zone": null, "min_dist": 0.8573451149754164}
{"t": 1785240707.2124405, "x": 2.8100190300977697, "y": -0.14265488502458357, "zone": null, "min_dist": 0.8573451149754164}
{"t": 1785240707.3645105, "x": 2.8100190300977697, "y": -0.14265488502458357, "zone": null, "min_dist": 0.8573451149754164}
{"t": 1785240707.5245447, "x": 2.8100190300977697, "y": -0.14265488502458357, "zone": null, "min_dist": 0.8573451149754164}
{"t": 1785240707.6766267, "x": 2.8100190300977697, "y": -0.14265488502458357, "zone": null, "min_dist": 0.8573451149754164}
{"t": 1785240707.8290305, "x": 2.8100190300977697, "y": -0.14265488502458357, "zone": null, "min_dist": 0.8573451149754164}
{"t": 1785240707.9818645, "x": 2.8100190300977697, "y": -0.14265488502458357, "zone": null, "min_dist": 0.8573451149754164}
{"t": 1785240708.1337912, "x": 2.8100190300977697, "y": -0.14265488502458357, "zone": null, "min_dist": 0.8573451149754164}
{"t": 1785240708.286654, "x": 2.8100190300977697, "y": -0.14265488502458357, "zone": null, "min_dist": 0.8573451149754164}
{"t": 1785240708.4388833, "x": 2.8100190300977697, "y": -0.14265488502458357, "zone": null, "min_dist": 0.8573451149754164}
{"t": 1785240708.5908067, "x": 2.8100190300977697, "y": -0.14265488502458357, "zone": null, "min_dist": 0.8573451149754164}
{"t": 1785240708.7430418, "x": 2.8100190300977697, "y": -0.14265488502458357, "zone": null, "min_dist": 0.8573451149754164}
{"t": 1785240708.8956726, "x": 2.8100190300977697, "y": -0.14265488502458357, "zone": null, "min_dist": 0.8573451149754164}
{"t": 1785240709.055472, "x": 2.8100190300977697, "y": -0.14265488502458357, "zone": null, "min_dist": 0.8573451149754164}
{"t": 1785240709.20774, "x": 2.8100190300977697, "y": -0.14265488502458357, "zone": null, "min_dist": 0.8573451149754164}
{"t": 1785240709.3601542, "x": 2.8100190300977697, "y": -0.14265488502458357, "zone": null, "min_dist": 0.8573451149754164}
{"t": 1785240709.512406, "x": 2.8100190300977697, "y": -0.14265488502458357, "zone": null, "min_dist": 0.8573451149754164}
{"t": 1785240709.6649659, "x": 2.8100190300977697, "y": -0.14265488502458357, "zone": null, "min_dist": 0.8573451149754164}
{"t": 1785240709.8249102, "x": 2.8100190300977697, "y": -0.14265488502458357, "zone": null, "min_dist": 0.8573451149754164}
{"t": 1785240709.977343, "x": 2.8100190300977697, "y": -0.14265488502458357, "zone": null, "min_dist": 0.8573451149754164}
{"t": 1785240710.1372967, "x": 2.8100190300977697, "y": -0.14265488502458357, "zone": null, "min_dist": 0.8573451149754164}
{"t": 1785240710.2898116, "x": 2.8100190300977697, "y": -0.14265488502458357, "zone": null, "min_dist": 0.8573451149754164}
{"t": 1785240710.4420137, "x": 2.8100190300977697, "y": -0.14265488502458357, "zone": null, "min_dist": 0.8573451149754164}
{"t": 1785240710.5944123, "x": 2.8100190300977697, "y": -0.14265488502458357, "zone": null, "min_dist": 0.8573451149754164}
{"t": 1785240710.7464736, "x": 2.8100190300977697, "y": -0.14265488502458357, "zone": null, "min_dist": 0.8573451149754164}
{"t": 1785240710.8986936, "x": 2.8100190300977697, "y": -0.14265488502458357, "zone": null, "min_dist": 0.8573451149754164}
{"t": 1785240711.0509074, "x": 2.8100190300977697, "y": -0.14265488502458357, "zone": null, "min_dist": 0.8573451149754164}
{"t": 1785240711.203043, "x": 2.8100190300977697, "y": -0.14265488502458357, "zone": null, "min_dist": 0.8573451149754164}
{"t": 1785240711.3550656, "x": 2.8100190300977697, "y": -0.14265488502458357, "zone": null, "min_dist": 0.8573451149754164}
{"t": 1785240711.5073404, "x": 2.8100190300977697, "y": -0.14265488502458357, "zone": null, "min_dist": 0.8573451149754164}
{"t": 1785240711.659607, "x": 2.8100190300977697, "y": -0.14265488502458357, "zone": null, "min_dist": 0.8573451149754164}
{"t": 1785240711.8200545, "x": 2.8100190300977697, "y": -0.14265488502458357, "zone": null, "min_dist": 0.8573451149754164}
{"t": 1785240711.9725807, "x": 2.8100190300977697, "y": -0.14265488502458357, "zone": null, "min_dist": 0.8573451149754164}
{"t": 1785240712.1248026, "x": 2.8100190300977697, "y": -0.14265488502458357, "zone": null, "min_dist": 0.8573451149754164}
{"t": 1785240712.276781, "x": 2.8100190300977697, "y": -0.14265488502458357, "zone": null, "min_dist": 0.8573451149754164}
{"t": 1785240712.4294522, "x": 2.8100190300977697, "y": -0.14265488502458357, "zone": null, "min_dist": 0.8573451149754164}
{"t": 1785240712.581324, "x": 2.8100190300977697, "y": -0.14265488502458357, "zone": null, "min_dist": 0.8573451149754164}
{"t": 1785240712.7585344, "x": 2.8100190300977697, "y": -0.14265488502458357, "zone": null, "min_dist": 0.8573451149754164}
{"t": 1785240712.9178145, "x": 2.8100190300977697, "y": -0.14265488502458357, "zone": null, "min_dist": 0.8573451149754164}
{"t": 1785240713.0703366, "x": 2.8100190300977697, "y": -0.14265488502458357, "zone": null, "min_dist": 0.8573451149754164}
{"t": 1785240713.2304785, "x": 2.8100190300977697, "y": -0.14265488502458357, "zone": null, "min_dist": 0.8573451149754164}
{"t": 1785240713.3825183, "x": 2.8100190300977697, "y": -0.14265488502458357, "zone": null, "min_dist": 0.8573451149754164}
{"t": 1785240713.542301, "x": 2.8100190300977697, "y": -0.14265488502458357, "zone": null, "min_dist": 0.8573451149754164}
{"t": 1785240713.6950948, "x": 2.8100190300977697, "y": -0.14265488502458357, "zone": null, "min_dist": 0.8573451149754164}
{"t": 1785240713.8472276, "x": 2.8100190300977697, "y": -0.14265488502458357, "zone": null, "min_dist": 0.8573451149754164}
{"t": 1785240714.0000322, "x": 2.8100190300977697, "y": -0.14265488502458357, "zone": null, "min_dist": 0.8573451149754164}
{"t": 1785240714.1762831, "x": 2.8100190300977697, "y": -0.14265488502458357, "zone": null, "min_dist": 0.8573451149754164}
{"t": 1785240714.328243, "x": 2.8100190300977697, "y": -0.14265488502458357, "zone": null, "min_dist": 0.8573451149754164}
{"t": 1785240714.5045848, "x": 2.8100190300977697, "y": -0.14265488502458357, "zone": null, "min_dist": 0.8573451149754164}
{"t": 1785240714.6565096, "x": 2.8100190300977697, "y": -0.14265488502458357, "zone": null, "min_dist": 0.8573451149754164}
{"t": 1785240714.8165262, "x": 2.8100190300977697, "y": -0.14265488502458357, "zone": null, "min_dist": 0.8573451149754164}
{"t": 1785240714.9698336, "x": 2.8100190300977697, "y": -0.14265488502458357, "zone": null, "min_dist": 0.8573451149754164}
{"t": 1785240715.121248, "x": 2.8100190300977697, "y": -0.14265488502458357, "zone": null, "min_dist": 0.8573451149754164}
{"t": 1785240715.2733867, "x": 2.8100190300977697, "y": -0.14265488502458357, "zone": null, "min_dist": 0.8573451149754164}
{"t": 1785240715.4340599, "x": 2.8100190300977697, "y": -0.14265488502458357, "zone": null, "min_dist": 0.8573451149754164}
{"t": 1785240715.5861375, "x": 2.8100190300977697, "y": -0.14265488502458357, "zone": null, "min_dist": 0.8573451149754164}
{"t": 1785240715.7463303, "x": 2.8100190300977697, "y": -0.14265488502458357, "zone": null, "min_dist": 0.8573451149754164}
{"t": 1785240715.8986764, "x": 2.8100190300977697, "y": -0.14265488502458357, "zone": null, "min_dist": 0.8573451149754164}
{"t": 1785240716.0507755, "x": 2.8100190300977697, "y": -0.14265488502458357, "zone": null, "min_dist": 0.8573451149754164}
{"t": 1785240716.2114909, "x": 2.8100190300977697, "y": -0.14265488502458357, "zone": null, "min_dist": 0.8573451149754164}
{"t": 1785240716.363461, "x": 2.8100190300977697, "y": -0.14265488502458357, "zone": null, "min_dist": 0.8573451149754164}
{"t": 1785240716.515968, "x": 2.8100190300977697, "y": -0.14265488502458357, "zone": null, "min_dist": 0.8573451149754164}
{"t": 1785240716.668112, "x": 2.8100190300977697, "y": -0.14265488502458357, "zone": null, "min_dist": 0.8573451149754164}
{"t": 1785240716.8207593, "x": 2.8100190300977697, "y": -0.14265488502458357, "zone": null, "min_dist": 0.8573451149754164}
{"t": 1785240716.9724302, "x": 2.8100190300977697, "y": -0.14265488502458357, "zone": null, "min_dist": 0.8573451149754164}
{"t": 1785240717.1248038, "x": 2.8100190300977697, "y": -0.14265488502458357, "zone": null, "min_dist": 0.8573451149754164}
{"t": 1785240717.2771516, "x": 2.8100190300977697, "y": -0.14265488502458357, "zone": null, "min_dist": 0.8573451149754164}
{"t": 1785240717.429632, "x": 2.8100190300977697, "y": -0.14265488502458357, "zone": null, "min_dist": 0.8573451149754164}
{"t": 1785240717.5895889, "x": 2.8100190300977697, "y": -0.14265488502458357, "zone": null, "min_dist": 0.8573451149754164}
{"t": 1785240717.7421489, "x": 2.8100190300977697, "y": -0.14265488502458357, "zone": null, "min_dist": 0.8573451149754164}
{"t": 1785240717.8940773, "x": 2.8100190300977697, "y": -0.14265488502458357, "zone": null, "min_dist": 0.8573451149754164}
{"t": 1785240718.0543463, "x": 2.8100190300977697, "y": -0.14265488502458357, "zone": null, "min_dist": 0.8573451149754164}
{"t": 1785240718.2144458, "x": 2.8100190300977697, "y": -0.14265488502458357, "zone": null, "min_dist": 0.8573451149754164}
{"t": 1785240718.366792, "x": 2.8100190300977697, "y": -0.14265488502458357, "zone": null, "min_dist": 0.8573451149754164}
{"t": 1785240718.5190244, "x": 2.8100190300977697, "y": -0.14265488502458357, "zone": null, "min_dist": 0.8573451149754164}
{"t": 1785240718.6798868, "x": 2.8100190300977697, "y": -0.14265488502458357, "zone": null, "min_dist": 0.8573451149754164}
{"t": 1785240718.8397377, "x": 2.8100190300977697, "y": -0.14265488502458357, "zone": null, "min_dist": 0.8573451149754164}
{"t": 1785240719.0164676, "x": 2.8100190300977697, "y": -0.14265488502458357, "zone": null, "min_dist": 0.8573451149754164}
{"t": 1785240719.1684213, "x": 2.8100190300977697, "y": -0.14265488502458357, "zone": null, "min_dist": 0.8573451149754164}
{"t": 1785240719.32048, "x": 2.8100190300977697, "y": -0.14265488502458357, "zone": null, "min_dist": 0.8573451149754164}
{"t": 1785240719.4725623, "x": 2.8100190300977697, "y": -0.14265488502458357, "zone": null, "min_dist": 0.8573451149754164}
{"t": 1785240719.624532, "x": 2.8100190300977697, "y": -0.14265488502458357, "zone": null, "min_dist": 0.8573451149754164}
{"t": 1785240719.7772906, "x": 2.8100190300977697, "y": -0.14265488502458357, "zone": null, "min_dist": 0.8573451149754164}
{"t": 1785240719.9292278, "x": 2.8100190300977697, "y": -0.14265488502458357, "zone": null, "min_dist": 0.8573451149754164}
{"t": 1785240720.0816596, "x": 2.8100190300977697, "y": -0.14265488502458357, "zone": null, "min_dist": 0.8573451149754164}
{"t": 1785240720.233957, "x": 2.8100190300977697, "y": -0.14265488502458357, "zone": null, "min_dist": 0.8573451149754164}
{"t": 1785240720.3864198, "x": 2.8100190300977697, "y": -0.14265488502458357, "zone": null, "min_dist": 0.8573451149754164}
{"t": 1785240720.5465422, "x": 2.8100190300977697, "y": -0.14265488502458357, "zone": null, "min_dist": 0.8573451149754164}
{"t": 1785240720.698844, "x": 2.8100190300977697, "y": -0.14265488502458357, "zone": null, "min_dist": 0.8573451149754164}
{"t": 1785240720.8593137, "x": 2.8100190300977697, "y": -0.14265488502458357, "zone": null, "min_dist": 0.8573451149754164}
{"t": 1785240721.0195591, "x": 2.8100190300977697, "y": -0.14265488502458357, "zone": null, "min_dist": 0.8573451149754164}
{"t": 1785240721.1716454, "x": 2.8100190300977697, "y": -0.14265488502458357, "zone": null, "min_dist": 0.8573451149754164}
{"t": 1785240721.3321135, "x": 2.8100190300977697, "y": -0.14265488502458357, "zone": null, "min_dist": 0.8573451149754164}
{"t": 1785240721.508589, "x": 2.8100190300977697, "y": -0.14265488502458357, "zone": null, "min_dist": 0.8573451149754164}
{"t": 1785240721.660709, "x": 2.8100190300977697, "y": -0.14265488502458357, "zone": null, "min_dist": 0.8573451149754164}
{"t": 1785240721.8210864, "x": 2.8100190300977697, "y": -0.14265488502458357, "zone": null, "min_dist": 0.8573451149754164}
{"t": 1785240721.9816883, "x": 2.8100190300977697, "y": -0.14265488502458357, "zone": null, "min_dist": 0.8573451149754164}
{"t": 1785240722.1334465, "x": 2.8100190300977697, "y": -0.14265488502458357, "zone": null, "min_dist": 0.8573451149754164}
{"t": 1785240722.293274, "x": 2.8100190300977697, "y": -0.14265488502458357, "zone": null, "min_dist": 0.8573451149754164}
{"t": 1785240722.4453368, "x": 2.8100190300977697, "y": -0.14265488502458357, "zone": null, "min_dist": 0.8573451149754164}
{"t": 1785240722.5979722, "x": 2.8100190300977697, "y": -0.14265488502458357, "zone": null, "min_dist": 0.8573451149754164}
{"t": 1785240722.750009, "x": 2.8100190300977697, "y": -0.14265488502458357, "zone": null, "min_dist": 0.8573451149754164}
{"t": 1785240722.902478, "x": 2.8100190300977697, "y": -0.14265488502458357, "zone": null, "min_dist": 0.8573451149754164}
{"t": 1785240723.0547493, "x": 2.8100190300977697, "y": -0.14265488502458357, "zone": null, "min_dist": 0.8573451149754164}
{"t": 1785240723.2067885, "x": 2.8100190300977697, "y": -0.14265488502458357, "zone": null, "min_dist": 0.8573451149754164}
{"t": 1785240723.3671744, "x": 2.8100190300977697, "y": -0.14265488502458357, "zone": null, "min_dist": 0.8573451149754164}
{"t": 1785240723.527688, "x": 2.8100190300977697, "y": -0.14265488502458357, "zone": null, "min_dist": 0.8573451149754164}
{"t": 1785240723.6799812, "x": 2.8100190300977697, "y": -0.14265488502458357, "zone": null, "min_dist": 0.8573451149754164}
{"t": 1785240723.832373, "x": 2.8100190300977697, "y": -0.14265488502458357, "zone": null, "min_dist": 0.8573451149754164}
{"t": 1785240723.9848895, "x": 2.8100190300977697, "y": -0.14265488502458357, "zone": null, "min_dist": 0.8573451149754164}
{"t": 1785240724.1446524, "x": 2.8100190300977697, "y": -0.14265488502458357, "zone": null, "min_dist": 0.8573451149754164}
{"t": 1785240724.3045623, "x": 2.8100190300977697, "y": -0.14265488502458357, "zone": null, "min_dist": 0.8573451149754164}
{"t": 1785240724.4570177, "x": 2.8100190300977697, "y": -0.14265488502458357, "zone": null, "min_dist": 0.8573451149754164}
{"t": 1785240724.6092858, "x": 2.8100190300977697, "y": -0.14265488502458357, "zone": null, "min_dist": 0.8573451149754164}
{"t": 1785240724.7616138, "x": 2.8100190300977697, "y": -0.14265488502458357, "zone": null, "min_dist": 0.8573451149754164}
{"t": 1785240724.913676, "x": 2.8100190300977697, "y": -0.14265488502458357, "zone": null, "min_dist": 0.8573451149754164}
{"t": 1785240725.0655804, "x": 2.8100190300977697, "y": -0.14265488502458357, "zone": null, "min_dist": 0.8573451149754164}
{"t": 1785240725.2180116, "x": 2.8100190300977697, "y": -0.14265488502458357, "zone": null, "min_dist": 0.8573451149754164}
{"t": 1785240725.3703496, "x": 2.8100190300977697, "y": -0.14265488502458357, "zone": null, "min_dist": 0.8573451149754164}
{"t": 1785240725.522644, "x": 2.8100190300977697, "y": -0.14265488502458357, "zone": null, "min_dist": 0.8573451149754164}
{"t": 1785240725.674691, "x": 2.8100190300977697, "y": -0.14265488502458357, "zone": null, "min_dist": 0.8573451149754164}
{"t": 1785240725.8350348, "x": 2.8100190300977697, "y": -0.14265488502458357, "zone": null, "min_dist": 0.8573451149754164}
{"t": 1785240725.9878142, "x": 2.8100190300977697, "y": -0.14265488502458357, "zone": null, "min_dist": 0.8573451149754164}
{"t": 1785240726.1397767, "x": 2.8100190300977697, "y": -0.14265488502458357, "zone": null, "min_dist": 0.8573451149754164}
{"t": 1785240726.3000262, "x": 2.8100190300977697, "y": -0.14265488502458357, "zone": null, "min_dist": 0.8573451149754164}
{"t": 1785240726.4603672, "x": 2.8100190300977697, "y": -0.14265488502458357, "zone": null, "min_dist": 0.8573451149754164}
{"t": 1785240726.6123023, "x": 2.8100190300977697, "y": -0.14265488502458357, "zone": null, "min_dist": 0.8573451149754164}
{"t": 1785240726.7723522, "x": 2.8100190300977697, "y": -0.14265488502458357, "zone": null, "min_dist": 0.8573451149754164}
{"t": 1785240726.932658, "x": 2.8100190300977697, "y": -0.14265488502458357, "zone": null, "min_dist": 0.8573451149754164}
{"t": 1785240727.0851583, "x": 2.8100190300977697, "y": -0.14265488502458357, "zone": null, "min_dist": 0.8573451149754164}
{"t": 1785240727.237241, "x": 2.8100190300977697, "y": -0.14265488502458357, "zone": null, "min_dist": 0.8573451149754164}
{"t": 1785240727.397585, "x": 2.8100190300977697, "y": -0.14265488502458357, "zone": null, "min_dist": 0.8573451149754164}
{"t": 1785240727.5575435, "x": 2.8100190300977697, "y": -0.14265488502458357, "zone": null, "min_dist": 0.8573451149754164}
{"t": 1785240727.717981, "x": 2.8100190300977697, "y": -0.14265488502458357, "zone": null, "min_dist": 0.8573451149754164}
{"t": 1785240727.8781648, "x": 2.8100190300977697, "y": -0.14265488502458357, "zone": null, "min_dist": 0.8573451149754164}
{"t": 1785240728.030793, "x": 2.8100190300977697, "y": -0.14265488502458357, "zone": null, "min_dist": 0.8573451149754164}
{"t": 1785240728.18304, "x": 2.8100190300977697, "y": -0.14265488502458357, "zone": null, "min_dist": 0.8573451149754164}
{"t": 1785240728.3433301, "x": 2.8100190300977697, "y": -0.14265488502458357, "zone": null, "min_dist": 0.8573451149754164}
{"t": 1785240728.495559, "x": 2.8100190300977697, "y": -0.14265488502458357, "zone": null, "min_dist": 0.8573451149754164}
{"t": 1785240728.6479335, "x": 2.8100190300977697, "y": -0.14265488502458357, "zone": null, "min_dist": 0.8573451149754164}
{"t": 1785240728.8000565, "x": 2.8100190300977697, "y": -0.14265488502458357, "zone": null, "min_dist": 0.8573451149754164}
{"t": 1785240728.95269, "x": 2.8100190300977697, "y": -0.14265488502458357, "zone": null, "min_dist": 0.8573451149754164}
{"t": 1785240729.1046963, "x": 2.8100190300977697, "y": -0.14265488502458357, "zone": null, "min_dist": 0.8573451149754164}
{"t": 1785240729.2652361, "x": 2.8100190300977697, "y": -0.14265488502458357, "zone": null, "min_dist": 0.8573451149754164}
{"t": 1785240729.5210986, "x": 2.8100190300977697, "y": -0.14265488502458357, "zone": null, "min_dist": 0.8573451149754164}
{"t": 1785240729.6732643, "x": 2.8100190300977697, "y": -0.14265488502458357, "zone": null, "min_dist": 0.8573451149754164}
{"t": 1785240729.8339386, "x": 2.8100190300977697, "y": -0.14265488502458357, "zone": null, "min_dist": 0.8573451149754164}
