{"t": 1784259793.1415267, "x": -4.269779887841261e-12, "y": -2.5390207503613417e-13, "zone": null, "min_dist": 1.8027756377354065}
{"t": 1784259793.3015249, "x": -4.269779887841261e-12, "y": -2.5390207503613417e-13, "zone": null, "min_dist": 1.8027756377354065}
{"t": 1784259793.5579634, "x": -4.269779887841261e-12, "y": -2.5390207503613417e-13, "zone": null, "min_dist": 1.8027756377354065}
{"t": 1784259793.7182572, "x": -4.269779887841261e-12, "y": -2.5390207503613417e-13, "zone": null, "min_dist": 1.8027756377354065}
{"t": 1784259793.87043, "x": -4.269779887841261e-12, "y": -2.5390207503613417e-13, "zone": null, "min_dist": 1.8027756377354065}
{"t": 1784259794.0305483, "x": -4.269779887841261e-12, "y": -2.5390207503613417e-13, "zone": null, "min_dist": 1.8027756377354065}
{"t": 1784259794.1823723, "x": -4.269779887841261e-12, "y": -2.5390207503613417e-13, "zone": null, "min_dist": 1.8027756377354065}
{"t": 1784259794.3344498, "x": -4.269779887841261e-12, "y": -2.5390207503613417e-13, "zone": null, "min_dist": 1.8027756377354065}
{"t": 1784259794.486637, "x": -4.269779887841261e-12, "y": -2.5390207503613417e-13, "zone": null, "min_dist": 1.8027756377354065}
{"t": 1784259794.6388588, "x": -4.269779887841261e-12, "y": -2.5390207503613417e-13, "zone": null, "min_dist": 1.8027756377354065}
{"t": 1784259794.7913067, "x": -4.269779887841261e-12, "y": -2.5390207503613417e-13, "zone": null, "min_dist": 1.8027756377354065}
{"t": 1784259794.9518967, "x": -4.269779887841261e-12, "y": -2.5390207503613417e-13, "zone": null, "min_dist": 1.8027756377354065}
{"t": 1784259795.1120791, "x": -4.269779887841261e-12, "y": -2.5390207503613417e-13, "zone": null, "min_dist": 1.8027756377354065}
{"t": 1784259795.2724292, "x": -4.269779887841261e-12, "y": -2.5390207503613417e-13, "zone": null, "min_dist": 1.8027756377354065}
{"t": 1784259795.4328835, "x": -4.269779887841261e-12, "y": -2.5390207503613417e-13, "zone": null, "min_dist": 1.8027756377354065}
{"t": 1784259795.5851748, "x": -4.269779887841261e-12, "y": -2.5390207503613417e-13, "zone": null, "min_dist": 1.8027756377354065}
{"t": 1784259795.7373207, "x": -4.269779887841261e-12, "y": -2.5390207503613417e-13, "zone": null, "min_dist": 1.8027756377354065}
{"t": 1784259795.889765, "x": -4.269779887841261e-12, "y": -2.5390207503613417e-13, "zone": null, "min_dist": 1.8027756377354065}
{"t": 1784259796.041792, "x": -4.269779887841261e-12, "y": -2.5390207503613417e-13, "zone": null, "min_dist": 1.8027756377354065}
{"t": 1784259796.1940763, "x": -4.269779887841261e-12, "y": -2.5390207503613417e-13, "zone": null, "min_dist": 1.8027756377354065}
{"t": 1784259796.3462236, "x": 0.0067209462120814065, "y": -2.3305374882112957e-05, "zone": null, "min_dist": 1.797174371694388}
{"t": 1784259796.5064094, "x": 0.03561463658752043, "y": -0.00015312796038896594, "zone": null, "min_dist": 1.7731661682155155}
{"t": 1784259796.659432, "x": 0.06711233219909536, "y": -0.00029465000476233363, "zone": null, "min_dist": 1.7471628016143819}
{"t": 1784259796.8195198, "x": 0.1005453473418865, "y": -0.0004448675013810319, "zone": null, "min_dist": 1.719762712629499}
{"t": 1784259796.9794643, "x": 0.13374244082021544, "y": -0.0005940250559067615, "zone": null, "min_dist": 1.692770516274978}
{"t": 1784259797.1397789, "x": 0.16669027374307038, "y": -0.0007420626879500897, "zone": null, "min_dist": 1.6662026441620061}
{"t": 1784259797.300027, "x": 0.20099224312846564, "y": -0.0008961843518537044, "zone": null, "min_dist": 1.6387890611226024}
{"t": 1784259798.619648, "x": 0.2356934113814028, "y": -0.001052099570272633, "zone": null, "min_dist": 1.6113249386133621}
{"t": 1784259798.7747502, "x": 0.5146783398112582, "y": -0.0023056029121345336, "zone": null, "min_dist": 1.4022313946056184}
{"t": 1784259798.9347937, "x": 0.547986725399218, "y": -0.0024552604408325904, "zone": null, "min_dist": 1.378921601266102}
{"t": 1784259799.0951135, "x": 0.5816503110908835, "y": -0.002606513909912216, "zone": null, "min_dist": 1.3557875634532164}
{"t": 1784259799.255746, "x": 0.6146453310272558, "y": -0.0027547635378544944, "zone": null, "min_dist": 1.3335482561640872}
{"t": 1784259799.4082963, "x": 0.6465036257308214, "y": -0.0028979056465547087, "zone": null, "min_dist": 1.3125047228313735}
{"t": 1784259799.5682817, "x": 0.6791955064369293, "y": -0.0030447932875493147, "zone": null, "min_dist": 1.2913712482645703}
{"t": 1784259799.7283998, "x": 0.7107859246019059, "y": -0.003186732123365704, "zone": null, "min_dist": 1.2714147819737518}
{"t": 1784259799.8805642, "x": 0.741884512926607, "y": -0.0033264609647994828, "zone": null, "min_dist": 1.2522368925860152}
{"t": 1784259800.0564394, "x": 0.7787582458349256, "y": -0.003492137916540757, "zone": null, "min_dist": 1.2301290936910891}
{"t": 1784259800.2168243, "x": 0.8125111232057027, "y": -0.003643792564148306, "zone": null, "min_dist": 1.2105232950306404}
{"t": 1784259800.3692307, "x": 0.8457907870575685, "y": -0.0037933208097939504, "zone": null, "min_dist": 1.1918126706668015}
{"t": 1784259800.545832, "x": 0.884382428510218, "y": -0.00396671618430559, "zone": null, "min_dist": 1.170925828904484}
{"t": 1784259800.697935, "x": 0.9177900602097351, "y": -0.004116819389477626, "zone": null, "min_dist": 1.1535821268611586}
{"t": 1784259800.8582964, "x": 0.9520499251183351, "y": -0.00427075187685836, "zone": null, "min_dist": 1.1365412531583265}
{"t": 1784259801.0106447, "x": 0.984891743778255, "y": -0.004418312902985129, "zone": null, "min_dist": 1.1209457664449005}
{"t": 1784259801.1710577, "x": 1.0174758657085736, "y": -0.0045647163842468755, "zone": null, "min_dist": 1.1062192115674294}
{"t": 1784259801.323834, "x": 1.0489416239196983, "y": -0.004706094893331259, "zone": null, "min_dist": 1.0927321795273905}
{"t": 1784259801.4754784, "x": 1.0808671963482455, "y": -0.004849539307913769, "zone": null, "min_dist": 1.0798132924319146}
{"t": 1784259801.6357663, "x": 1.1150798584937707, "y": -0.00500325973441131, "zone": null, "min_dist": 1.0668561423529992}
{"t": 1784259801.7882934, "x": 1.1471553382013175, "y": -0.005147377666240748, "zone": null, "min_dist": 1.055571454485287}
{"t": 1784259801.9483197, "x": 1.1813966938234122, "y": -0.005301226990558066, "zone": null, "min_dist": 1.0444777239046996}
{"t": 1784259802.1087146, "x": 1.2165643076183728, "y": -0.005459237937543707, "zone": null, "min_dist": 1.034140763687238}
{"t": 1784259802.2605984, "x": 1.2498759713413525, "y": -0.00560890995592985, "zone": null, "min_dist": 1.025366114942105}
{"t": 1784259802.4131675, "x": 1.2831876350960674, "y": -0.005758581974459067, "zone": null, "min_dist": 1.01760679974766}
{"t": 1784259802.565395, "x": 1.3153490537783483, "y": -0.005903086006793379, "zone": null, "min_dist": 1.0111007102911995}
{"t": 1784259802.7183723, "x": 1.3460771510493588, "y": -0.006041150244942833, "zone": null, "min_dist": 1.005806362296182}
{"t": 1784259802.8781056, "x": 1.3808135972452067, "y": -0.006197223994004468, "zone": null, "min_dist": 1.0009242509794887}
{"t": 1784259803.03069, "x": 1.413761372642171, "y": -0.006406611132971143, "zone": null, "min_dist": 0.9973288942213744}
{"t": 1784259803.1907961, "x": 1.4484001735698344, "y": -0.00723650369483422, "zone": null, "min_dist": 0.9941035668800712}
{"t": 1784259803.343368, "x": 1.4809791554576852, "y": -0.00874014418458015, "zone": null, "min_dist": 0.991442330283668}
{"t": 1784259803.4951823, "x": 1.5131170434428547, "y": -0.010912500309875152, "zone": null, "min_dist": 0.9890874996901249}
{"t": 1784259803.6554823, "x": 1.5479935958658038, "y": -0.014034594109107588, "zone": null, "min_dist": 0.9859654058908924}
{"t": 1784259803.816223, "x": 1.581355334309967, "y": -0.017596844991463183, "zone": null, "min_dist": 0.9824031550085368}
{"t": 1784259803.9684644, "x": 1.6122686676561302, "y": -0.020958104597130822, "zone": null, "min_dist": 0.9790418954028692}
{"t": 1784259804.1201353, "x": 1.6436192001062035, "y": -0.024366901336572586, "zone": null, "min_dist": 0.9756330986634274}
{"t": 1784259804.272974, "x": 1.664898838697805, "y": -0.026732745362825164, "zone": null, "min_dist": 0.9732672546371748}
{"t": 1784259804.4245577, "x": 1.6746927166148404, "y": -0.02786168236195006, "zone": null, "min_dist": 0.9721383176380499}
{"t": 1784259804.576604, "x": 1.6771997998073631, "y": -0.02816323681627894, "zone": null, "min_dist": 0.971836763183721}
{"t": 1784259804.7532585, "x": 1.6831070677849684, "y": -0.02890272376768045, "zone": null, "min_dist": 0.9710972762323196}
{"t": 1784259804.9135816, "x": 1.6832058481123102, "y": -0.028915296502395126, "zone": null, "min_dist": 0.9710847034976049}
{"t": 1784259805.0904243, "x": 1.683210920607531, "y": -0.028916005420911634, "zone": null, "min_dist": 0.9710839945790883}
{"t": 1784259805.2423084, "x": 1.6832190745860087, "y": -0.02891726353722733, "zone": null, "min_dist": 0.9710827364627727}
{"t": 1784259805.394523, "x": 1.6832273578072225, "y": -0.028918732051881463, "zone": null, "min_dist": 0.9710812679481186}
{"t": 1784259805.5463996, "x": 1.6832358188979966, "y": -0.02892050815253678, "zone": null, "min_dist": 0.9710794918474632}
{"t": 1784259805.698602, "x": 1.6832443939945938, "y": -0.02892266643770225, "zone": null, "min_dist": 0.9710773335622978}
{"t": 1784259805.8511379, "x": 1.6832530460105677, "y": -0.028925293910200878, "zone": null, "min_dist": 0.9710747060897991}
{"t": 1784259806.0032313, "x": 1.6832616605090958, "y": -0.02892844842867713, "zone": null, "min_dist": 0.9710715515713229}
{"t": 1784259806.1639206, "x": 1.6838471332125624, "y": -0.029209093217906584, "zone": null, "min_dist": 0.9707909067820935}
{"t": 1784259806.3243363, "x": 1.6917756533356516, "y": -0.03353443187763164, "zone": null, "min_dist": 0.9664655681223684}
{"t": 1784259806.4845974, "x": 1.7021347576044226, "y": -0.0407215055116651, "zone": null, "min_dist": 0.9592784944883349}
{"t": 1784259806.6369472, "x": 1.7100149705269105, "y": -0.04744232712876894, "zone": null, "min_dist": 0.952557672871231}
{"t": 1784259806.7968445, "x": 1.7158319779364741, "y": -0.05327300184943663, "zone": null, "min_dist": 0.9467269981505634}
{"t": 1784259806.9493456, "x": 1.7207432891748395, "y": -0.05899691117525024, "zone": null, "min_dist": 0.9410030888247498}
{"t": 1784259807.1094904, "x": 1.7294998227925817, "y": -0.07095847542693977, "zone": null, "min_dist": 0.9290415245730602}
{"t": 1784259807.2616417, "x": 1.740876032985552, "y": -0.09069386545595613, "zone": null, "min_dist": 0.9093061345440439}
{"t": 1784259807.414322, "x": 1.754785844843098, "y": -0.11864030039281477, "zone": null, "min_dist": 0.8813596996071852}
{"t": 1784259807.5742638, "x": 1.7688339761904623, "y": -0.1488928722053683, "zone": null, "min_dist": 0.8511071277946317}
{"t": 1784259807.72657, "x": 1.7833057666131833, "y": -0.1786124871365154, "zone": null, "min_dist": 0.8213875128634847}
{"t": 1784259807.887176, "x": 1.800230960910957, "y": -0.2086230995658809, "zone": null, "min_dist": 0.7913769004341191}
{"t": 1784259808.039584, "x": 1.8169962946359342, "y": -0.23427329170951844, "zone": null, "min_dist": 0.7657267082904815}
{"t": 1784259808.1919017, "x": 1.8360408365637275, "y": -0.25974915985503094, "zone": null, "min_dist": 0.740250840144969}
{"t": 1784259808.3440194, "x": 1.8578642251754551, "y": -0.2850219203911277, "zone": null, "min_dist": 0.7149780796088723}
{"t": 1784259808.4962387, "x": 1.87993401680255, "y": -0.30712668958205225, "zone": null, "min_dist": 0.6928733104179478}
{"t": 1784259808.6485405, "x": 1.904591907849106, "y": -0.3287170263135806, "zone": null, "min_dist": 0.6712829736864194}
{"t": 1784259808.8088002, "x": 1.931156324398017, "y": -0.34900050183204, "zone": null, "min_dist": 0.65099949816796}
{"t": 1784259808.968809, "x": 1.957439103167917, "y": -0.366525669794111, "zone": null, "min_dist": 0.633474330205889}
{"t": 1784259809.129312, "x": 1.9858967353125003, "y": -0.3827571198061334, "zone": null, "min_dist": 0.6172428801938665}
{"t": 1784259809.2895508, "x": 2.01602005506004, "y": -0.3974418838783851, "zone": null, "min_dist": 0.6025581161216149}
{"t": 1784259809.449692, "x": 2.047298610474636, "y": -0.4102252187392121, "zone": null, "min_dist": 0.5897747812607879}
{"t": 1784259809.6096299, "x": 2.079628789968399, "y": -0.4209667329723883, "zone": null, "min_dist": 0.5790332670276117}
{"t": 1784259809.7697778, "x": 2.11207544885767, "y": -0.4294083070078874, "zone": null, "min_dist": 0.5705916929921127}
{"t": 1784259809.9302409, "x": 2.1459786190217276, "y": -0.43591097573773774, "zone": null, "min_dist": 0.5640890242622623}
{"t": 1784259810.0830307, "x": 2.176342249378572, "y": -0.43983882295190424, "zone": null, "min_dist": 0.5601611770480958}
{"t": 1784259810.2351682, "x": 2.2084017009169212, "y": -0.4420143850366544, "zone": null, "min_dist": 0.5579856149633455}
{"t": 1784259810.3954816, "x": 2.2430825997507333, "y": -0.4431668053810978, "zone": null, "min_dist": 0.5568331946189022}
{"t": 1784259810.547798, "x": 2.2765079961895327, "y": -0.4441549685211339, "zone": null, "min_dist": 0.5558450314788661}
{"t": 1784259810.707979, "x": 2.310549544674846, "y": -0.4451613476533213, "zone": null, "min_dist": 0.5548386523466786}
{"t": 1784259810.8682985, "x": 2.3442501237332785, "y": -0.4463087779876526, "zone": null, "min_dist": 0.5536912220123473}
{"t": 1784259811.028316, "x": 2.379196054780586, "y": -0.44813766683182255, "zone": null, "min_dist": 0.5518623331681775}
{"t": 1784259811.1807113, "x": 2.41206481650159, "y": -0.4504831106767103, "zone": null, "min_dist": 0.5495168893232897}
{"t": 1784259811.3412664, "x": 2.4465730389215725, "y": -0.4536012006161748, "zone": null, "min_dist": 0.5463987993838252}
{"t": 1784259811.493221, "x": 2.4793209713630833, "y": -0.4572943441578376, "zone": null, "min_dist": 0.5427056558421623}
{"t": 1784259811.6537774, "x": 2.514214575962784, "y": -0.4619779763277879, "zone": null, "min_dist": 0.5380220236722121}
{"t": 1784259811.814158, "x": 2.5490526055803606, "y": -0.46704905190831675, "zone": null, "min_dist": 0.5329509480916832}
{"t": 1784259811.9738734, "x": 2.58370913486866, "y": -0.4732382004452574, "zone": null, "min_dist": 0.5267617995547427}
{"t": 1784259812.1263072, "x": 2.614328213591789, "y": -0.48059980841310723, "zone": null, "min_dist": 0.5194001915868928}
{"t": 1784259812.2865298, "x": 2.6465307747769957, "y": -0.4906257396492411, "zone": null, "min_dist": 0.509374260350759}
{"t": 1784259812.438559, "x": 2.677739392412494, "y": -0.5025567546742448, "zone": null, "min_dist": 0.49744324532575523}
{"t": 1784259812.5906384, "x": 2.7082872544458216, "y": -0.5160942729092515, "zone": null, "min_dist": 0.4839057270907485}
{"t": 1784259812.7432833, "x": 2.7371851634507705, "y": -0.5310098532878353, "zone": null, "min_dist": 0.46899014671216466}
{"t": 1784259812.9034245, "x": 2.7672074733200467, "y": -0.5490282134412972, "zone": null, "min_dist": 0.45097178655870285}
{"t": 1784259813.0559602, "x": 2.792735755420957, "y": -0.5666774968403723, "zone": null, "min_dist": 0.4333225031596277}
{"t": 1784259813.216019, "x": 2.818897972443601, "y": -0.5874170579377218, "zone": null, "min_dist": 0.4125829420622782}
{"t": 1784259813.3762975, "x": 2.845281983436095, "y": -0.6107284289360569, "zone": null, "min_dist": 0.38927157106394306}
{"t": 1784259813.536499, "x": 2.8694220184405412, "y": -0.6331971828215288, "zone": null, "min_dist": 0.3668028171784712}
{"t": 1784259813.6889632, "x": 2.8924643711347753, "y": -0.6556278335743325, "zone": null, "min_dist": 0.3443721664256675}
{"t": 1784259813.8408184, "x": 2.9157027285476613, "y": -0.6788928301075771, "zone": null, "min_dist": 0.32110716989242294}
{"t": 1784259813.9931164, "x": 2.9389722479635245, "y": -0.7022190186634447, "zone": null, "min_dist": 0.2977809813365553}
{"t": 1784259814.1453378, "x": 2.962185492756896, "y": -0.7255139563807864, "zone": null, "min_dist": 0.2744860436192136}
{"t": 1784259814.2977703, "x": 2.984518353848937, "y": -0.7485574316252673, "zone": null, "min_dist": 0.25144256837473267}
{"t": 1784259814.4578736, "x": 3.008711010302159, "y": -0.7741240781992283, "zone": null, "min_dist": 0.22587592180077165}
{"t": 1784259814.6101367, "x": 3.0320326699300435, "y": -0.7980327946578465, "zone": null, "min_dist": 0.2019672053421535}
{"t": 1784259814.7704937, "x": 3.0571516521358473, "y": -0.8226792612440089, "zone": null, "min_dist": 0.17732073875599108}
{"t": 1784259814.9229586, "x": 3.0806550719070547, "y": -0.8449602597448337, "zone": null, "min_dist": 0.15503974025516631}
{"t": 1784259815.0749688, "x": 3.1049598203544164, "y": -0.8679279064614787, "zone": null, "min_dist": 0.13207209353852134}
{"t": 1784259815.2351785, "x": 3.129772591326709, "y": -0.8913926340009471, "zone": null, "min_dist": 0.10860736599905285}
{"t": 1784259815.3955731, "x": 3.1544124498702404, "y": -0.9151818300292363, "zone": null, "min_dist": 0.08481816997076375}
{"t": 1784259815.5475388, "x": 3.177691017822694, "y": -0.9378359003375012, "zone": null, "min_dist": 0.062164099662498806}
{"t": 1784259815.7002344, "x": 3.200253054469416, "y": -0.9604293545684341, "zone": null, "min_dist": 0.039570645431565854}
{"t": 1784259815.8526428, "x": 3.222736193296835, "y": -0.9838852789690589, "zone": null, "min_dist": 0.016114721030941137}
{"t": 1784259816.0288632, "x": 3.2493410729316428, "y": -1.0120191604206845, "zone": "wh_forbidden_zone", "min_dist": 0.0}
{"t": 1784259816.1888697, "x": 3.2731844373128594, "y": -1.0378808915802937, "zone": "wh_forbidden_zone", "min_dist": 0.0}
{"t": 1784259816.3492343, "x": 3.2949539671829156, "y": -1.062580739170054, "zone": "wh_forbidden_zone", "min_dist": 0.0}
{"t": 1784259816.5027094, "x": 3.3154999872435598, "y": -1.0869604848113814, "zone": "wh_forbidden_zone", "min_dist": 0.0}
{"t": 1784259816.6536245, "x": 3.3365054935228775, "y": -1.1129893755587792, "zone": "wh_forbidden_zone", "min_dist": 0.0}
{"t": 1784259816.8139396, "x": 3.3581118772308134, "y": -1.1407829264187541, "zone": "wh_forbidden_zone", "min_dist": 0.0}
{"t": 1784259816.9660718, "x": 3.3785464230394786, "y": -1.1672566070082138, "zone": "wh_forbidden_zone", "min_dist": 0.0}
{"t": 1784259817.1182618, "x": 3.3985656171184613, "y": -1.1940514017797668, "zone": "wh_forbidden_zone", "min_dist": 0.0}
{"t": 1784259817.2792645, "x": 3.4189591023721393, "y": -1.222633610186624, "zone": "wh_forbidden_zone", "min_dist": 0.0}
{"t": 1784259817.4315727, "x": 3.4367912749131375, "y": -1.2488273322956227, "zone": "wh_forbidden_zone", "min_dist": 0.0}
{"t": 1784259817.5833766, "x": 3.4544161204031596, "y": -1.2759339902061086, "zone": "wh_forbidden_zone", "min_dist": 0.0}
{"t": 1784259817.7436619, "x": 3.472597352940894, "y": -1.3052867620682607, "zone": "wh_forbidden_zone", "min_dist": 0.0}
{"t": 1784259817.904282, "x": 3.488907321589699, "y": -1.3329939039646126, "zone": "wh_forbidden_zone", "min_dist": 0.0}
{"t": 1784259818.056197, "x": 3.5044204203909173, "y": -1.360734243986277, "zone": "wh_forbidden_zone", "min_dist": 0.0}
{"t": 1784259818.20853, "x": 3.5195444144315893, "y": -1.3892426452691546, "zone": "wh_forbidden_zone", "min_dist": 0.0}
{"t": 1784259818.368937, "x": 3.5337833734346495, "y": -1.4190937880524253, "zone": "wh_forbidden_zone", "min_dist": 0.0}
{"t": 1784259818.5205185, "x": 3.5449109266373244, "y": -1.445789365159699, "zone": "wh_forbidden_zone", "min_dist": 0.0}
{"t": 1784259818.6729915, "x": 3.555284924618985, "y": -1.4727378710918488, "zone": "wh_forbidden_zone", "min_dist": 0.0}
{"t": 1784259818.8255417, "x": 3.5642411957420777, "y": -1.497932942242269, "zone": "wh_forbidden_zone", "min_dist": 0.0}
{"t": 1784259818.9776342, "x": 3.5720179995574464, "y": -1.5218269232233332, "zone": "wh_forbidden_zone", "min_dist": 0.0}
{"t": 1784259819.1379302, "x": 3.578630078266273, "y": -1.5451473920123195, "zone": "wh_forbidden_zone", "min_dist": 0.0}
{"t": 1784259819.2901442, "x": 3.5829477013807027, "y": -1.5642814270516427, "zone": "wh_forbidden_zone", "min_dist": 0.0}
{"t": 1784259819.4424286, "x": 3.5866720476379697, "y": -1.5831969370846346, "zone": "wh_forbidden_zone", "min_dist": 0.0}
{"t": 1784259819.5946803, "x": 3.5902058469686393, "y": -1.603366131331924, "zone": "wh_forbidden_zone", "min_dist": 0.0}
{"t": 1784259819.746601, "x": 3.593162764355993, "y": -1.6227010857419502, "zone": "wh_forbidden_zone", "min_dist": 0.0}
{"t": 1784259819.8991382, "x": 3.596550388616085, "y": -1.6485437857811194, "zone": "wh_forbidden_zone", "min_dist": 0.0}
{"t": 1784259820.0515485, "x": 3.5992108942332557, "y": -1.6727616170853126, "zone": "wh_forbidden_zone", "min_dist": 0.0}
{"t": 1784259820.2114682, "x": 3.6011854597330797, "y": -1.695005297290996, "zone": "wh_forbidden_zone", "min_dist": 0.0}
{"t": 1784259820.3638513, "x": 3.602124431313296, "y": -1.7056777903311586, "zone": "wh_forbidden_zone", "min_dist": 0.0}
{"t": 1784259820.524097, "x": 3.602746488834801, "y": -1.7102180600522172, "zone": "wh_forbidden_zone", "min_dist": 0.0}
{"t": 1784259820.6764634, "x": 3.6048042976640766, "y": -1.7224937698398242, "zone": "wh_forbidden_zone", "min_dist": 0.0}
{"t": 1784259820.8367896, "x": 3.6046086756236484, "y": -1.721474564469867, "zone": "wh_forbidden_zone", "min_dist": 0.0}
{"t": 1784259820.9887059, "x": 3.60458717035224, "y": -1.7213672333552752, "zone": "wh_forbidden_zone", "min_dist": 0.0}
{"t": 1784259821.1492972, "x": 3.604568515653075, "y": -1.72127441200775, "zone": "wh_forbidden_zone", "min_dist": 0.0}
{"t": 1784259821.309688, "x": 3.6045532079042264, "y": -1.7211985599385822, "zone": "wh_forbidden_zone", "min_dist": 0.0}
{"t": 1784259821.4613686, "x": 3.604541205707332, "y": -1.7211393965410473, "zone": "wh_forbidden_zone", "min_dist": 0.0}
{"t": 1784259821.6139686, "x": 3.604498970455755, "y": -1.7209205865767818, "zone": "wh_forbidden_zone", "min_dist": 0.0}
{"t": 1784259821.7752442, "x": 3.6045341950118672, "y": -1.721436722350446, "zone": "wh_forbidden_zone", "min_dist": 0.0}
{"t": 1784259821.9347727, "x": 3.6037330513137436, "y": -1.7239930698445056, "zone": "wh_forbidden_zone", "min_dist": 0.0}
{"t": 1784259822.11991, "x": 3.6024649210770994, "y": -1.7176959502148923, "zone": "wh_forbidden_zone", "min_dist": 0.0}
{"t": 1784259822.2801492, "x": 3.600375479496816, "y": -1.7088551547759927, "zone": "wh_forbidden_zone", "min_dist": 0.0}
{"t": 1784259822.4322152, "x": 3.5983977853361524, "y": -1.7003392940297828, "zone": "wh_forbidden_zone", "min_dist": 0.0}
{"t": 1784259822.5845964, "x": 3.596368477491278, "y": -1.6922604023837837, "zone": "wh_forbidden_zone", "min_dist": 0.0}
{"t": 1784259822.744642, "x": 3.595487955151752, "y": -1.6894478713981578, "zone": "wh_forbidden_zone", "min_dist": 0.0}
{"t": 1784259822.897067, "x": 3.604413498120143, "y": -1.7237454625681279, "zone": "wh_forbidden_zone", "min_dist": 0.0}
{"t": 1784259823.0496457, "x": 3.603339167560766, "y": -1.7243171158173847, "zone": "wh_forbidden_zone", "min_dist": 0.0}
{"t": 1784259823.2020404, "x": 3.6056213286779246, "y": -1.7384172404067453, "zone": "wh_forbidden_zone", "min_dist": 0.0}
{"t": 1784259823.3538663, "x": 3.607112903511839, "y": -1.7669585300351252, "zone": "wh_forbidden_zone", "min_dist": 0.0}
{"t": 1784259823.5063643, "x": 3.6045230632849212, "y": -1.7998572736632539, "zone": "wh_forbidden_zone", "min_dist": 0.0}
{"t": 1784259823.6583369, "x": 3.5976122374724353, "y": -1.8307678814967303, "zone": "wh_forbidden_zone", "min_dist": 0.0}
{"t": 1784259823.8186429, "x": 3.585016065899183, "y": -1.8698740861779153, "zone": "wh_forbidden_zone", "min_dist": 0.0}
{"t": 1784259823.9708955, "x": 3.5675191485752036, "y": -1.9059535478659886, "zone": "wh_forbidden_zone", "min_dist": 0.0}
{"t": 1784259824.1313753, "x": 3.5470290874198978, "y": -1.9426037197435762, "zone": "wh_forbidden_zone", "min_dist": 0.0}
{"t": 1784259824.2914155, "x": 3.5270012736194594, "y": -1.9796540690416642, "zone": "wh_forbidden_zone", "min_dist": 0.0}
{"t": 1784259824.4441328, "x": 3.5065665177344134, "y": -2.010328940251467, "zone": "wh_forbidden_zone", "min_dist": 0.0}
{"t": 1784259824.5962098, "x": 3.491110399744774, "y": -2.0233138674406566, "zone": "wh_forbidden_zone", "min_dist": 0.0}
{"t": 1784259824.7565665, "x": 3.49124778858503, "y": -2.0231869892653327, "zone": "wh_forbidden_zone", "min_dist": 0.0}
{"t": 1784259824.9169257, "x": 3.4899341418292664, "y": -2.0241913789868993, "zone": "wh_forbidden_zone", "min_dist": 0.0}
{"t": 1784259825.069074, "x": 3.4885584147391464, "y": -2.025247407219005, "zone": "wh_forbidden_zone", "min_dist": 0.0}
{"t": 1784259825.2210832, "x": 3.4876915537540945, "y": -2.0259145114298915, "zone": "wh_forbidden_zone", "min_dist": 0.0}
{"t": 1784259825.3817813, "x": 3.485710165645497, "y": -2.027443759939276, "zone": "wh_forbidden_zone", "min_dist": 0.0}
{"t": 1784259825.541699, "x": 3.4811054185986428, "y": -2.0309805378341315, "zone": "wh_forbidden_zone", "min_dist": 0.0}
{"t": 1784259825.6935575, "x": 3.464386449135927, "y": -2.0429723728651332, "zone": "wh_forbidden_zone", "min_dist": 0.0}
{"t": 1784259825.8458457, "x": 3.4392016280726927, "y": -2.0577737527617055, "zone": "wh_forbidden_zone", "min_dist": 0.0}
{"t": 1784259825.9982228, "x": 3.414141704082389, "y": -2.071459584576356, "zone": "wh_forbidden_zone", "min_dist": 0.0}
{"t": 1784259826.1586025, "x": 3.388178911597095, "y": -2.085842771915877, "zone": "wh_forbidden_zone", "min_dist": 0.0}
{"t": 1784259826.3185663, "x": 3.362564580583765, "y": -2.1002592296570164, "zone": "wh_forbidden_zone", "min_dist": 0.0}
{"t": 1784259826.4794512, "x": 3.337288496187372, "y": -2.114750130312804, "zone": "wh_forbidden_zone", "min_dist": 0.0}
{"t": 1784259826.6316283, "x": 3.313593442312769, "y": -2.1286419524735507, "zone": "wh_forbidden_zone", "min_dist": 0.0}
{"t": 1784259826.7917354, "x": 3.2884274759111025, "y": -2.1397281007451983, "zone": "wh_forbidden_zone", "min_dist": 0.0}
{"t": 1784259826.9520595, "x": 3.2595977386424595, "y": -2.1221083340923657, "zone": "wh_forbidden_zone", "min_dist": 0.0}
{"t": 1784259827.1043646, "x": 3.2338468951508434, "y": -2.1018775242921213, "zone": "wh_forbidden_zone", "min_dist": 0.0}
{"t": 1784259827.2646983, "x": 3.209190355629358, "y": -2.0788361328954377, "zone": "wh_forbidden_zone", "min_dist": 0.0}
{"t": 1784259827.42484, "x": 3.187125213648232, "y": -2.054651682682569, "zone": "wh_forbidden_zone", "min_dist": 0.0}
{"t": 1784259827.5777862, "x": 3.1689411794890945, "y": -2.032417166298145, "zone": "wh_forbidden_zone", "min_dist": 0.0}
{"t": 1784259827.7373195, "x": 3.150152143490108, "y": -2.0089814729031334, "zone": "wh_forbidden_zone", "min_dist": 0.0}
{"t": 1784259827.8896134, "x": 3.1367729497543193, "y": -1.9872383587859603, "zone": "wh_forbidden_zone", "min_dist": 0.0}
{"t": 1784259828.0421233, "x": 3.1237741831505144, "y": -1.963962497009716, "zone": "wh_forbidden_zone", "min_dist": 0.0}
{"t": 1784259828.194109, "x": 3.1075851654478326, "y": -1.9353887819087336, "zone": "wh_forbidden_zone", "min_dist": 0.0}
{"t": 1784259828.3464043, "x": 3.0912922528301454, "y": -1.9076077707255863, "zone": "wh_forbidden_zone", "min_dist": 0.0}
{"t": 1784259828.4982147, "x": 3.0746419174221105, "y": -1.8793178435473719, "zone": "wh_forbidden_zone", "min_dist": 0.0}
{"t": 1784259828.6582594, "x": 3.056716248039166, "y": -1.8496814627231515, "zone": "wh_forbidden_zone", "min_dist": 0.0}
{"t": 1784259828.8106225, "x": 3.0390053302854443, "y": -1.8213227903244995, "zone": "wh_forbidden_zone", "min_dist": 0.0}
{"t": 1784259828.9709902, "x": 3.0212511127453614, "y": -1.7925783498106131, "zone": "wh_forbidden_zone", "min_dist": 0.0}
{"t": 1784259829.1238108, "x": 3.005001205807239, "y": -1.7647899679918468, "zone": "wh_forbidden_zone", "min_dist": 0.0}
{"t": 1784259829.2757292, "x": 2.9886846754585723, "y": -1.7351811115933458, "zone": "wh_forbidden_zone", "min_dist": 0.0}
{"t": 1784259829.4281192, "x": 2.972885877569574, "y": -1.70585551934269, "zone": "wh_forbidden_zone", "min_dist": 0.0}
{"t": 1784259829.5806828, "x": 2.9571243954603066, "y": -1.6771282957640596, "zone": "wh_forbidden_zone", "min_dist": 0.0}
{"t": 1784259829.7405958, "x": 2.941092221264379, "y": -1.648526203386022, "zone": "wh_forbidden_zone", "min_dist": 0.0}
{"t": 1784259829.9009933, "x": 2.924918184605298, "y": -1.6198866428638086, "zone": "wh_forbidden_zone", "min_dist": 0.0}
{"t": 1784259830.05336, "x": 2.9036927541339024, "y": -1.5862692530150988, "zone": "wh_forbidden_zone", "min_dist": 0.0}
{"t": 1784259830.213326, "x": 2.8839292807726036, "y": -1.5573530016226194, "zone": "wh_forbidden_zone", "min_dist": 0.0}
{"t": 1784259830.3657236, "x": 2.8638007492528894, "y": -1.5322672596605629, "zone": "wh_forbidden_zone", "min_dist": 0.0}
{"t": 1784259830.5185397, "x": 2.8410291949526583, "y": -1.5078787183435935, "zone": "wh_forbidden_zone", "min_dist": 0.0}
{"t": 1784259830.67088, "x": 2.8163017775918995, "y": -1.4853665419207216, "zone": "wh_forbidden_zone", "min_dist": 0.0}
{"t": 1784259830.8306177, "x": 2.788369551841229, "y": -1.4647517915294885, "zone": "wh_forbidden_zone", "min_dist": 0.0}
{"t": 1784259830.9836307, "x": 2.7593795080634083, "y": -1.4484646505778533, "zone": "wh_forbidden_zone", "min_dist": 0.0}
{"t": 1784259831.1356032, "x": 2.7274628390706526, "y": -1.4359320059361518, "zone": "wh_forbidden_zone", "min_dist": 0.0}
{"t": 1784259831.2874188, "x": 2.6947671367180415, "y": -1.4285929952331642, "zone": "wh_forbidden_zone", "min_dist": 0.0}
{"t": 1784259831.439397, "x": 2.661029819602121, "y": -1.4264713756466298, "zone": "wh_forbidden_zone", "min_dist": 0.0}
{"t": 1784259831.5919368, "x": 2.628143422526389, "y": -1.4293785922009778, "zone": "wh_forbidden_zone", "min_dist": 0.0}
{"t": 1784259831.7520912, "x": 2.5817284545868247, "y": -1.44003777743221, "zone": "wh_forbidden_zone", "min_dist": 0.0}
{"t": 1784259831.9047515, "x": 2.526980056867844, "y": -1.4543691473434213, "zone": "wh_forbidden_zone", "min_dist": 0.0}
{"t": 1784259832.0643532, "x": 2.494343729786349, "y": -1.4669355987022723, "zone": "wh_forbidden_zone", "min_dist": 0.0}
{"t": 1784259832.2250412, "x": 2.464607889276276, "y": -1.4839470266688142, "zone": "wh_forbidden_zone", "min_dist": 0.0}
{"t": 1784259832.385307, "x": 2.4376968833807884, "y": -1.5051539607776856, "zone": "wh_forbidden_zone", "min_dist": 0.0}
{"t": 1784259832.545426, "x": 2.413562683106237, "y": -1.5306787432322293, "zone": "wh_forbidden_zone", "min_dist": 0.0}
{"t": 1784259832.6979837, "x": 2.3942909071302005, "y": -1.55785094886214, "zone": "wh_forbidden_zone", "min_dist": 0.0}
{"t": 1784259832.8501666, "x": 2.378704940168377, "y": -1.5866904192344584, "zone": "wh_forbidden_zone", "min_dist": 0.0}
{"t": 1784259833.0025747, "x": 2.3660123215955546, "y": -1.6163609439165252, "zone": "wh_forbidden_zone", "min_dist": 0.0}
{"t": 1784259833.1783657, "x": 2.3571045139052464, "y": -1.6412810260434028, "zone": "wh_forbidden_zone", "min_dist": 0.0}
{"t": 1784259833.3308213, "x": 2.353239950650857, "y": -1.653902738020015, "zone": "wh_forbidden_zone", "min_dist": 0.0}
{"t": 1784259833.4833386, "x": 2.350033897086109, "y": -1.666162194809014, "zone": "wh_forbidden_zone", "min_dist": 0.0}
{"t": 1784259833.635743, "x": 2.347329124005463, "y": -1.6785419025929913, "zone": "wh_forbidden_zone", "min_dist": 0.0}
{"t": 1784259833.7955732, "x": 2.345028450497064, "y": -1.6916805706968452, "zone": "wh_forbidden_zone", "min_dist": 0.0}
{"t": 1784259833.947497, "x": 2.3433657217126926, "y": -1.7042427621645895, "zone": "wh_forbidden_zone", "min_dist": 0.0}
{"t": 1784259834.100052, "x": 2.3422153081553416, "y": -1.716862193859772, "zone": "wh_forbidden_zone", "min_dist": 0.0}
{"t": 1784259834.252509, "x": 2.341579114463018, "y": -1.7295179798372016, "zone": "wh_forbidden_zone", "min_dist": 0.0}
{"t": 1784259834.4046397, "x": 2.341458194070758, "y": -1.7421891739031627, "zone": "wh_forbidden_zone", "min_dist": 0.0}
{"t": 1784259834.5568213, "x": 2.3418527474780064, "y": -1.754854804548966, "zone": "wh_forbidden_zone", "min_dist": 0.0}
{"t": 1784259834.7087898, "x": 2.3427621219579597, "y": -1.7674939097025297, "zone": "wh_forbidden_zone", "min_dist": 0.0}
{"t": 1784259834.8612788, "x": 2.344184812678494, "y": -1.7800855713563957, "zone": "wh_forbidden_zone", "min_dist": 0.0}
{"t": 1784259835.0216043, "x": 2.3462343336001568, "y": -1.7932657904203217, "zone": "wh_forbidden_zone", "min_dist": 0.0}
{"t": 1784259835.1739612, "x": 2.3486904271617033, "y": -1.805632089857467, "zone": "wh_forbidden_zone", "min_dist": 0.0}
{"t": 1784259835.334172, "x": 2.351828036439034, "y": -1.8185634336599363, "zone": "wh_forbidden_zone", "min_dist": 0.0}
{"t": 1784259835.486599, "x": 2.3553117297228336, "y": -1.8306803674515986, "zone": "wh_forbidden_zone", "min_dist": 0.0}
{"t": 1784259835.638818, "x": 2.359297873953176, "y": -1.8426751432864448, "zone": "wh_forbidden_zone", "min_dist": 0.0}
{"t": 1784259835.7910862, "x": 2.3637591610946957, "y": -1.8544672207984596, "zone": "wh_forbidden_zone", "min_dist": 0.0}
{"t": 1784259835.9513285, "x": 2.3689855455290063, "y": -1.866704496481259, "zone": "wh_forbidden_zone", "min_dist": 0.0}
{"t": 1784259836.111273, "x": 2.3747196257608527, "y": -1.8786767920869245, "zone": "wh_forbidden_zone", "min_dist": 0.0}
{"t": 1784259836.263827, "x": 2.380652578020916, "y": -1.8898376220393263, "zone": "wh_forbidden_zone", "min_dist": 0.0}
{"t": 1784259836.4162972, "x": 2.3870350819034596, "y": -1.9007476056319366, "zone": "wh_forbidden_zone", "min_dist": 0.0}
{"t": 1784259836.568413, "x": 2.3938191977772507, "y": -1.9113220920926202, "zone": "wh_forbidden_zone", "min_dist": 0.0}
{"t": 1784259836.728896, "x": 2.4014083843481093, "y": -1.9221203993925695, "zone": "wh_forbidden_zone", "min_dist": 0.0}
{"t": 1784259836.8887374, "x": 2.409464549957265, "y": -1.9325904773911196, "zone": "wh_forbidden_zone", "min_dist": 0.0}
{"t": 1784259837.0490236, "x": 2.4180227841016704, "y": -1.9427637807355793, "zone": "wh_forbidden_zone", "min_dist": 0.0}
{"t": 1784259837.201233, "x": 2.42648811077118, "y": -1.9520038959531576, "zone": "wh_forbidden_zone", "min_dist": 0.0}
{"t": 1784259837.3535626, "x": 2.4353481643093233, "y": -1.9609114050581666, "zone": "wh_forbidden_zone", "min_dist": 0.0}
{"t": 1784259837.5135405, "x": 2.4450422186126497, "y": -1.9698682387275612, "zone": "wh_forbidden_zone", "min_dist": 0.0}
{"t": 1784259837.6736183, "x": 2.4551986866722126, "y": -1.978465468739162, "zone": "wh_forbidden_zone", "min_dist": 0.0}
{"t": 1784259837.8258815, "x": 2.465098451180555, "y": -1.9861490021749557, "zone": "wh_forbidden_zone", "min_dist": 0.0}
{"t": 1784259837.9783604, "x": 2.4753050279906064, "y": -1.9934200957549426, "zone": "wh_forbidden_zone", "min_dist": 0.0}
{"t": 1784259838.130807, "x": 2.4858284144017366, "y": -2.000283124924681, "zone": "wh_forbidden_zone", "min_dist": 0.0}
{"t": 1784259838.2825015, "x": 2.496663297048332, "y": -2.0067300922994686, "zone": "wh_forbidden_zone", "min_dist": 0.0}
{"t": 1784259838.434885, "x": 2.507780736234464, "y": -2.0127438339720585, "zone": "wh_forbidden_zone", "min_dist": 0.0}
{"t": 1784259838.5871172, "x": 2.519039124800524, "y": -2.0182474857171573, "zone": "wh_forbidden_zone", "min_dist": 0.0}
{"t": 1784259838.7472677, "x": 2.5311597965180397, "y": -2.0235516396695195, "zone": "wh_forbidden_zone", "min_dist": 0.0}
{"t": 1784259838.8993535, "x": 2.542841753574358, "y": -2.028087481477703, "zone": "wh_forbidden_zone", "min_dist": 0.0}
{"t": 1784259839.0598214, "x": 2.555439171973804, "y": -2.0323736497787253, "zone": "wh_forbidden_zone", "min_dist": 0.0}
{"t": 1784259839.2121463, "x": 2.567390114545097, "y": -2.0358827685736918, "zone": "wh_forbidden_zone", "min_dist": 0.0}
{"t": 1784259839.3644419, "x": 2.5795812249250396, "y": -2.038919416198547, "zone": "wh_forbidden_zone", "min_dist": 0.0}
{"t": 1784259839.5249944, "x": 2.5924380300687297, "y": -2.041545767092723, "zone": "wh_forbidden_zone", "min_dist": 0.0}
{"t": 1784259839.6847367, "x": 2.6054089317546683, "y": -2.0436129984368927, "zone": "wh_forbidden_zone", "min_dist": 0.0}
{"t": 1784259839.837631, "x": 2.6178768820698126, "y": -2.045057520570467, "zone": "wh_forbidden_zone", "min_dist": 0.0}
{"t": 1784259839.9979696, "x": 2.6308366882073937, "y": -2.046005323714018, "zone": "wh_forbidden_zone", "min_dist": 0.0}
{"t": 1784259840.1577764, "x": 2.6440556564655067, "y": -2.046381819330979, "zone": "wh_forbidden_zone", "min_dist": 0.0}
{"t": 1784259840.3100042, "x": 2.656509919506192, "y": -2.0462065517319616, "zone": "wh_forbidden_zone", "min_dist": 0.0}
{"t": 1784259840.4621668, "x": 2.6690541293881958, "y": -2.0455083865981574, "zone": "wh_forbidden_zone", "min_dist": 0.0}
{"t": 1784259840.6145327, "x": 2.681450949327741, "y": -2.0443008320347276, "zone": "wh_forbidden_zone", "min_dist": 0.0}
{"t": 1784259840.766493, "x": 2.693894200675542, "y": -2.0425658810092835, "zone": "wh_forbidden_zone", "min_dist": 0.0}
{"t": 1784259840.9186046, "x": 2.7061293914463493, "y": -2.040341445016247, "zone": "wh_forbidden_zone", "min_dist": 0.0}
{"t": 1784259841.0787597, "x": 2.7189564207366685, "y": -2.037459745749655, "zone": "wh_forbidden_zone", "min_dist": 0.0}
{"t": 1784259841.231215, "x": 2.7308268865376424, "y": -2.0342846047858956, "zone": "wh_forbidden_zone", "min_dist": 0.0}
{"t": 1784259841.383372, "x": 2.74259523964626, "y": -2.0306392890705585, "zone": "wh_forbidden_zone", "min_dist": 0.0}
{"t": 1784259841.535719, "x": 2.754301501905233, "y": -2.0265023872837635, "zone": "wh_forbidden_zone", "min_dist": 0.0}
{"t": 1784259841.6956058, "x": 2.7662617533995326, "y": -2.0217262282631028, "zone": "wh_forbidden_zone", "min_dist": 0.0}
{"t": 1784259841.8479576, "x": 2.777581442861432, "y": -2.016640438269749, "zone": "wh_forbidden_zone", "min_dist": 0.0}
{"t": 1784259842.008085, "x": 2.7890335367224406, "y": -2.0109346426845214, "zone": "wh_forbidden_zone", "min_dist": 0.0}
{"t": 1784259842.1684446, "x": 2.800412183339537, "y": -2.0046749969861968, "zone": "wh_forbidden_zone", "min_dist": 0.0}
{"t": 1784259842.3283622, "x": 2.8113892135336216, "y": -1.9980393233324685, "zone": "wh_forbidden_zone", "min_dist": 0.0}
{"t": 1784259842.4883506, "x": 2.8221675002255937, "y": -1.9909100038095582, "zone": "wh_forbidden_zone", "min_dist": 0.0}
{"t": 1784259842.6409755, "x": 2.8321638626388594, "y": -1.9837094547426957, "zone": "wh_forbidden_zone", "min_dist": 0.0}
{"t": 1784259842.7942367, "x": 2.841674514155871, "y": -1.9762528430079482, "zone": "wh_forbidden_zone", "min_dist": 0.0}
{"t": 1784259842.9533927, "x": 2.851503105835293, "y": -1.9678205349872797, "zone": "wh_forbidden_zone", "min_dist": 0.0}
{"t": 1784259843.1058097, "x": 2.8602721252761674, "y": -1.9596085877585394, "zone": "wh_forbidden_zone", "min_dist": 0.0}
{"t": 1784259843.2583685, "x": 2.8689798353774707, "y": -1.95080325345099, "zone": "wh_forbidden_zone", "min_dist": 0.0}
{"t": 1784259843.4110522, "x": 2.877107377981192, "y": -1.9419312812700613, "zone": "wh_forbidden_zone", "min_dist": 0.0}
{"t": 1784259843.563207, "x": 2.884855025226684, "y": -1.9328095358134767, "zone": "wh_forbidden_zone", "min_dist": 0.0}
{"t": 1784259843.7155879, "x": 2.8920997827263895, "y": -1.9235549340474463, "zone": "wh_forbidden_zone", "min_dist": 0.0}
{"t": 1784259843.8917387, "x": 2.9001851916641845, "y": -1.9121232790239076, "zone": "wh_forbidden_zone", "min_dist": 0.0}
{"t": 1784259844.0520566, "x": 2.906935654648731, "y": -1.9014847628889073, "zone": "wh_forbidden_zone", "min_dist": 0.0}
{"t": 1784259844.2046273, "x": 2.9128446694125425, "y": -1.891298511166274, "zone": "wh_forbidden_zone", "min_dist": 0.0}
{"t": 1784259844.364567, "x": 2.918854786496801, "y": -1.8799668824489473, "zone": "wh_forbidden_zone", "min_dist": 0.0}
{"t": 1784259844.516744, "x": 2.9240480978571197, "y": -1.869184403901731, "zone": "wh_forbidden_zone", "min_dist": 0.0}
{"t": 1784259844.6691306, "x": 2.92895075711102, "y": -1.8579301352013422, "zone": "wh_forbidden_zone", "min_dist": 0.0}
{"t": 1784259844.821295, "x": 2.9333334639702002, "y": -1.8465321411578175, "zone": "wh_forbidden_zone", "min_dist": 0.0}
{"t": 1784259844.9814663, "x": 2.9373516277808065, "y": -1.8344899678710698, "zone": "wh_forbidden_zone", "min_dist": 0.0}
{"t": 1784259845.1337612, "x": 2.940616687945224, "y": -1.8229792635927435, "zone": "wh_forbidden_zone", "min_dist": 0.0}
{"t": 1784259845.2934253, "x": 2.943528224687041, "y": -1.8106497462880193, "zone": "wh_forbidden_zone", "min_dist": 0.0}
{"t": 1784259845.445632, "x": 2.945762567434545, "y": -1.798744991444253, "zone": "wh_forbidden_zone", "min_dist": 0.0}
{"t": 1784259845.5975242, "x": 2.947438097077518, "y": -1.7869564459950313, "zone": "wh_forbidden_zone", "min_dist": 0.0}
{"t": 1784259845.7503963, "x": 2.948600215234093, "y": -1.7749838157529145, "zone": "wh_forbidden_zone", "min_dist": 0.0}
{"t": 1784259845.9026046, "x": 2.9492174701235085, "y": -1.763164469497905, "zone": "wh_forbidden_zone", "min_dist": 0.0}
{"t": 1784259846.0549753, "x": 2.949391737266364, "y": -1.7510058042235208, "zone": "wh_forbidden_zone", "min_dist": 0.0}
{"t": 1784259846.2078643, "x": 2.9491264897711176, "y": -1.7394059670053483, "zone": "wh_forbidden_zone", "min_dist": 0.0}
{"t": 1784259846.3592763, "x": 2.948308754003385, "y": -1.7274237000408499, "zone": "wh_forbidden_zone", "min_dist": 0.0}
{"t": 1784259846.5194619, "x": 2.946903531344316, "y": -1.715339744499415, "zone": "wh_forbidden_zone", "min_dist": 0.0}
{"t": 1784259846.671537, "x": 2.94461598990423, "y": -1.7014270231668502, "zone": "wh_forbidden_zone", "min_dist": 0.0}
{"t": 1784259846.8481624, "x": 2.941655906212421, "y": -1.68762957916543, "zone": "wh_forbidden_zone", "min_dist": 0.0}
{"t": 1784259847.008795, "x": 2.938423627791561, "y": -1.6752166245333424, "zone": "wh_forbidden_zone", "min_dist": 0.0}
{"t": 1784259847.1613312, "x": 2.934757522218634, "y": -1.6631200578419516, "zone": "wh_forbidden_zone", "min_dist": 0.0}
{"t": 1784259847.321335, "x": 2.92976323149824, "y": -1.6488382768940297, "zone": "wh_forbidden_zone", "min_dist": 0.0}
{"t": 1784259847.4734008, "x": 2.92377664105701, "y": -1.6338283848683979, "zone": "wh_forbidden_zone", "min_dist": 0.0}
{"t": 1784259847.6255424, "x": 2.9164359984018793, "y": -1.6175522380707, "zone": "wh_forbidden_zone", "min_dist": 0.0}
{"t": 1784259847.7780833, "x": 2.908844309473558, "y": -1.6024939987012978, "zone": "wh_forbidden_zone", "min_dist": 0.0}
{"t": 1784259847.9382362, "x": 2.901208212265431, "y": -1.5889569483753425, "zone": "wh_forbidden_zone", "min_dist": 0.0}
{"t": 1784259848.098864, "x": 2.8924002866737877, "y": -1.5748559253636185, "zone": "wh_forbidden_zone", "min_dist": 0.0}
{"t": 1784259848.2588677, "x": 2.8819820432025067, "y": -1.559784411766412, "zone": "wh_forbidden_zone", "min_dist": 0.0}
{"t": 1784259848.4111307, "x": 2.8707561078390507, "y": -1.5450558671672425, "zone": "wh_forbidden_zone", "min_dist": 0.0}
{"t": 1784259848.5636723, "x": 2.8575935585610193, "y": -1.5293370659606487, "zone": "wh_forbidden_zone", "min_dist": 0.0}
{"t": 1784259848.7238433, "x": 2.841990468756557, "y": -1.512361824139672, "zone": "wh_forbidden_zone", "min_dist": 0.0}
{"t": 1784259848.8844311, "x": 2.82351405181943, "y": -1.4940681819625081, "zone": "wh_forbidden_zone", "min_dist": 0.0}
{"t": 1784259849.0364065, "x": 2.800256854576902, "y": -1.473327708358278, "zone": "wh_forbidden_zone", "min_dist": 0.0}
{"t": 1784259849.1885352, "x": 2.777986622770444, "y": -1.4558806510696478, "zone": "wh_forbidden_zone", "min_dist": 0.0}
{"t": 1784259849.3486958, "x": 2.7543318659708778, "y": -1.4406106851120597, "zone": "wh_forbidden_zone", "min_dist": 0.0}
{"t": 1784259849.5010352, "x": 2.7245830828746724, "y": -1.4253910943231785, "zone": "wh_forbidden_zone", "min_dist": 0.0}
{"t": 1784259849.6534238, "x": 2.693359607229253, "y": -1.4138140779134032, "zone": "wh_forbidden_zone", "min_dist": 0.0}
{"t": 1784259849.8054278, "x": 2.66077245223437, "y": -1.4064649518997194, "zone": "wh_forbidden_zone", "min_dist": 0.0}
{"t": 1784259849.9654052, "x": 2.627777233659221, "y": -1.4037999036315096, "zone": "wh_forbidden_zone", "min_dist": 0.0}
{"t": 1784259850.1256447, "x": 2.595154557186964, "y": -1.406062797862337, "zone": "wh_forbidden_zone", "min_dist": 0.0}
{"t": 1784259850.2777946, "x": 2.564031836602752, "y": -1.4127282487666897, "zone": "wh_forbidden_zone", "min_dist": 0.0}
{"t": 1784259850.4301693, "x": 2.5343938023104093, "y": -1.423590968609142, "zone": "wh_forbidden_zone", "min_dist": 0.0}
{"t": 1784259850.582634, "x": 2.5051371289130406, "y": -1.4391884360775113, "zone": "wh_forbidden_zone", "min_dist": 0.0}
{"t": 1784259850.734641, "x": 2.478275440127566, "y": -1.4586824073147224, "zone": "wh_forbidden_zone", "min_dist": 0.0}
{"t": 1784259850.8870373, "x": 2.4539485102751644, "y": -1.4815852753289112, "zone": "wh_forbidden_zone", "min_dist": 0.0}
{"t": 1784259851.0391378, "x": 2.432751948989427, "y": -1.5066991434594013, "zone": "wh_forbidden_zone", "min_dist": 0.0}
{"t": 1784259851.1913867, "x": 2.4139123045554594, "y": -1.5342230363244822, "zone": "wh_forbidden_zone", "min_dist": 0.0}
{"t": 1784259851.351683, "x": 2.3971654864969527, "y": -1.5651560465411372, "zone": "wh_forbidden_zone", "min_dist": 0.0}
{"t": 1784259851.5034583, "x": 2.3843976228837924, "y": -1.5960389563784882, "zone": "wh_forbidden_zone", "min_dist": 0.0}
{"t": 1784259851.6563008, "x": 2.374824995626078, "y": -1.6280567163779094, "zone": "wh_forbidden_zone", "min_dist": 0.0}
{"t": 1784259851.8082683, "x": 2.3685461558779553, "y": -1.6608796988556054, "zone": "wh_forbidden_zone", "min_dist": 0.0}
{"t": 1784259851.9683905, "x": 2.365565796955772, "y": -1.695928566102762, "zone": "wh_forbidden_zone", "min_dist": 0.0}
{"t": 1784259852.1207385, "x": 2.3662123955856775, "y": -1.729340447684393, "zone": "wh_forbidden_zone", "min_dist": 0.0}
{"t": 1784259852.2728431, "x": 2.370241449786523, "y": -1.7625148148124585, "zone": "wh_forbidden_zone", "min_dist": 0.0}
{"t": 1784259852.4252386, "x": 2.3776114795219314, "y": -1.7951101299112546, "zone": "wh_forbidden_zone", "min_dist": 0.0}
{"t": 1784259852.5854113, "x": 2.3888948712073406, "y": -1.8284266522595043, "zone": "wh_forbidden_zone", "min_dist": 0.0}
{"t": 1784259852.7376492, "x": 2.402848038669042, "y": -1.858792439275423, "zone": "wh_forbidden_zone", "min_dist": 0.0}
{"t": 1784259852.8900158, "x": 2.4198064894946225, "y": -1.8875879745108526, "zone": "wh_forbidden_zone", "min_dist": 0.0}
{"t": 1784259853.0427148, "x": 2.4395956326035684, "y": -1.914516801424275, "zone": "wh_forbidden_zone", "min_dist": 0.0}
{"t": 1784259853.1945539, "x": 2.462011734298469, "y": -1.939301681660947, "zone": "wh_forbidden_zone", "min_dist": 0.0}
{"t": 1784259853.3707721, "x": 2.4909443084157634, "y": -1.9649872174565775, "zone": "wh_forbidden_zone", "min_dist": 0.0}
{"t": 1784259853.523014, "x": 2.518210493069105, "y": -1.9843088912748592, "zone": "wh_forbidden_zone", "min_dist": 0.0}
{"t": 1784259853.6833804, "x": 2.548869753835761, "y": -2.0015517250304566, "zone": "wh_forbidden_zone", "min_dist": 0.0}
{"t": 1784259853.835398, "x": 2.5795430152517653, "y": -2.0148153194654257, "zone": "wh_forbidden_zone", "min_dist": 0.0}
{"t": 1784259853.9958525, "x": 2.613105944371808, "y": -2.0253431576543615, "zone": "wh_forbidden_zone", "min_dist": 0.0}
{"t": 1784259854.1481123, "x": 2.645859441181516, "y": -2.0319749258992172, "zone": "wh_forbidden_zone", "min_dist": 0.0}
{"t": 1784259854.3003457, "x": 2.679116364132013, "y": -2.0352534895720638, "zone": "wh_forbidden_zone", "min_dist": 0.0}
{"t": 1784259854.4526608, "x": 2.7125343256835412, "y": -2.035145095117557, "zone": "wh_forbidden_zone", "min_dist": 0.0}
{"t": 1784259854.6048603, "x": 2.7457692803775493, "y": -2.0316508584844213, "zone": "wh_forbidden_zone", "min_dist": 0.0}
{"t": 1784259854.7653844, "x": 2.7801796706165876, "y": -2.0243549257685727, "zone": "wh_forbidden_zone", "min_dist": 0.0}
{"t": 1784259854.9174118, "x": 2.8119729943320335, "y": -2.0140614099077703, "zone": "wh_forbidden_zone", "min_dist": 0.0}
{"t": 1784259855.0698793, "x": 2.842559567696824, "y": -2.0005991131508383, "zone": "wh_forbidden_zone", "min_dist": 0.0}
{"t": 1784259855.2221134, "x": 2.8716244950206957, "y": -1.9841066328764125, "zone": "wh_forbidden_zone", "min_dist": 0.0}
{"t": 1784259855.3821607, "x": 2.90024659554355, "y": -1.963659605147175, "zone": "wh_forbidden_zone", "min_dist": 0.0}
{"t": 1784259855.5423427, "x": 2.92652481719198, "y": -1.9402766914013405, "zone": "wh_forbidden_zone", "min_dist": 0.0}
{"t": 1784259855.719118, "x": 2.952366823968037, "y": -1.9114837881344573, "zone": "wh_forbidden_zone", "min_dist": 0.0}
{"t": 1784259855.8707802, "x": 2.9718360285375804, "y": -1.884322750209363, "zone": "wh_forbidden_zone", "min_dist": 0.0}
{"t": 1784259856.0234444, "x": 2.988452656687333, "y": -1.8553286201991817, "zone": "wh_forbidden_zone", "min_dist": 0.0}
{"t": 1784259856.1836662, "x": 3.002648488840161, "y": -1.8232150182355047, "zone": "wh_forbidden_zone", "min_dist": 0.0}
{"t": 1784259856.359421, "x": 3.013681568132556, "y": -1.787874863201213, "zone": "wh_forbidden_zone", "min_dist": 0.0}
{"t": 1784259856.5116804, "x": 3.018809335809035, "y": -1.7590065356546074, "zone": "wh_forbidden_zone", "min_dist": 0.0}
{"t": 1784259856.6643872, "x": 3.0200688236355795, "y": -1.7293685227068099, "zone": "wh_forbidden_zone", "min_dist": 0.0}
{"t": 1784259856.8244886, "x": 3.016882371297001, "y": -1.6977642615328123, "zone": "wh_forbidden_zone", "min_dist": 0.0}
{"t": 1784259856.9764624, "x": 3.009314125428153, "y": -1.6672983213522998, "zone": "wh_forbidden_zone", "min_dist": 0.0}
{"t": 1784259857.1363735, "x": 2.9965727720538893, "y": -1.6359615715528453, "zone": "wh_forbidden_zone", "min_dist": 0.0}
{"t": 1784259857.2886403, "x": 2.980685560313383, "y": -1.6088093507946042, "zone": "wh_forbidden_zone", "min_dist": 0.0}
{"t": 1784259857.448806, "x": 2.961058977845361, "y": -1.58413300487728, "zone": "wh_forbidden_zone", "min_dist": 0.0}
{"t": 1784259857.6094112, "x": 2.938809293040351, "y": -1.563398195134791, "zone": "wh_forbidden_zone", "min_dist": 0.0}
{"t": 1784259857.7620678, "x": 2.9124696795347575, "y": -1.545120568237577, "zone": "wh_forbidden_zone", "min_dist": 0.0}
{"t": 1784259857.9216928, "x": 2.8826039318374006, "y": -1.5301105100783317, "zone": "wh_forbidden_zone", "min_dist": 0.0}
{"t": 1784259858.0740058, "x": 2.8518176915851363, "y": -1.5198458207530734, "zone": "wh_forbidden_zone", "min_dist": 0.0}
{"t": 1784259858.2342963, "x": 2.819412603717088, "y": -1.513797933116257, "zone": "wh_forbidden_zone", "min_dist": 0.0}
{"t": 1784259858.410619, "x": 2.783987048871636, "y": -1.5124805348396952, "zone": "wh_forbidden_zone", "min_dist": 0.0}
{"t": 1784259858.570945, "x": 2.7506909535262904, "y": -1.5156950958056503, "zone": "wh_forbidden_zone", "min_dist": 0.0}
{"t": 1784259858.7233653, "x": 2.7191276547877337, "y": -1.5222228802009785, "zone": "wh_forbidden_zone", "min_dist": 0.0}
{"t": 1784259858.8836386, "x": 2.6857256431774474, "y": -1.5322939284208383, "zone": "wh_forbidden_zone", "min_dist": 0.0}
{"t": 1784259859.0355108, "x": 2.6544877153770243, "y": -1.5441920994071705, "zone": "wh_forbidden_zone", "min_dist": 0.0}
{"t": 1784259859.1878488, "x": 2.624108491251464, "y": -1.5576841749314108, "zone": "wh_forbidden_zone", "min_dist": 0.0}
{"t": 1784259859.34052, "x": 2.594257878654017, "y": -1.5726693743077467, "zone": "wh_forbidden_zone", "min_dist": 0.0}
{"t": 1784259859.4923868, "x": 2.565358060185409, "y": -1.588847411954591, "zone": "wh_forbidden_zone", "min_dist": 0.0}
{"t": 1784259859.644725, "x": 2.53697463399116, "y": -1.6065079642560391, "zone": "wh_forbidden_zone", "min_dist": 0.0}
{"t": 1784259859.796786, "x": 2.509428450265717, "y": -1.625448272026493, "zone": "wh_forbidden_zone", "min_dist": 0.0}
{"t": 1784259859.949162, "x": 2.482746867922106, "y": -1.6455889223385947, "zone": "wh_forbidden_zone", "min_dist": 0.0}
{"t": 1784259860.1096988, "x": 2.455984022734903, "y": -1.6676906902327633, "zone": "wh_forbidden_zone", "min_dist": 0.0}
{"t": 1784259860.2617595, "x": 2.4314160812523973, "y": -1.6897919552729925, "zone": "wh_forbidden_zone", "min_dist": 0.0}
{"t": 1784259860.422285, "x": 2.406702366342576, "y": -1.7138176077637388, "zone": "wh_forbidden_zone", "min_dist": 0.0}
{"t": 1784259860.5824137, "x": 2.382327601721018, "y": -1.7391994712453172, "zone": "wh_forbidden_zone", "min_dist": 0.0}
{"t": 1784259860.734538, "x": 2.359993591340404, "y": -1.7636586009287512, "zone": "wh_forbidden_zone", "min_dist": 0.0}
{"t": 1784259860.886847, "x": 2.33817197886232, "y": -1.7883237779837131, "zone": "wh_forbidden_zone", "min_dist": 0.0}
{"t": 1784259861.0393388, "x": 2.317072765467367, "y": -1.8123256069769693, "zone": "wh_forbidden_zone", "min_dist": 0.0}
{"t": 1784259861.1914985, "x": 2.296453423351894, "y": -1.8351098387981706, "zone": "wh_forbidden_zone", "min_dist": 0.0}
{"t": 1784259861.3438008, "x": 2.276169827677615, "y": -1.8561693405384896, "zone": "wh_forbidden_zone", "min_dist": 0.0}
{"t": 1784259861.4957724, "x": 2.255691016512516, "y": -1.8755043753205536, "zone": "wh_forbidden_zone", "min_dist": 0.0}
{"t": 1784259861.6479714, "x": 2.2350827777688993, "y": -1.892595855147084, "zone": "wh_forbidden_zone", "min_dist": 0.0}
{"t": 1784259861.8001797, "x": 2.213426018562066, "y": -1.9076931436623208, "zone": "wh_forbidden_zone", "min_dist": 0.0}
{"t": 1784259861.9523356, "x": 2.186185721704202, "y": -1.9227731792905818, "zone": "wh_forbidden_zone", "min_dist": 0.0}
{"t": 1784259862.1125636, "x": 2.153627314268445, "y": -1.9360224907292258, "zone": "wh_forbidden_zone", "min_dist": 0.0}
{"t": 1784259862.2732494, "x": 2.1206463655335197, "y": -1.9442808400495772, "zone": "wh_forbidden_zone", "min_dist": 0.0}
{"t": 1784259862.425209, "x": 2.0908758442502022, "y": -1.9473698761711606, "zone": "wh_forbidden_zone", "min_dist": 0.0}
{"t": 1784259862.5776346, "x": 2.059270551348249, "y": -1.9461466916694485, "zone": "wh_forbidden_zone", "min_dist": 0.0}
{"t": 1784259862.7375402, "x": 2.025267929324169, "y": -1.939965416173547, "zone": "wh_forbidden_zone", "min_dist": 0.0}
{"t": 1784259862.8896143, "x": 1.995460180236724, "y": -1.9302765697223982, "zone": "wh_forbidden_zone", "min_dist": 0.0}
{"t": 1784259863.0500531, "x": 1.9639730454653195, "y": -1.9157796494874604, "zone": "wh_forbidden_zone", "min_dist": 0.0}
{"t": 1784259863.2102656, "x": 1.9345978022137054, "y": -1.898195199340781, "zone": "wh_forbidden_zone", "min_dist": 0.0}
{"t": 1784259863.3626518, "x": 1.908720239735208, "y": -1.8793329857956638, "zone": "wh_forbidden_zone", "min_dist": 0.0}
{"t": 1784259863.5145605, "x": 1.884337941360015, "y": -1.8587175911181926, "zone": "wh_forbidden_zone", "min_dist": 0.0}
{"t": 1784259863.6665668, "x": 1.8602745319832614, "y": -1.8356262852676744, "zone": "wh_forbidden_zone", "min_dist": 0.0}
{"t": 1784259863.8191278, "x": 1.8377656662606663, "y": -1.8112280125659332, "zone": "wh_forbidden_zone", "min_dist": 0.0}
{"t": 1784259863.9717216, "x": 1.8162156584280233, "y": -1.7856494518128343, "zone": "wh_forbidden_zone", "min_dist": 0.0}
{"t": 1784259864.1317427, "x": 1.7943478482691864, "y": -1.7580558529546761, "zone": "wh_forbidden_zone", "min_dist": 0.0}
{"t": 1784259864.28379, "x": 1.7743251624373697, "y": -1.731619380897, "zone": "wh_forbidden_zone", "min_dist": 0.0}
{"t": 1784259864.436164, "x": 1.7548326734338429, "y": -1.7048642750287135, "zone": "wh_forbidden_zone", "min_dist": 0.0}
{"t": 1784259864.5885863, "x": 1.7352437657073831, "y": -1.677762463709235, "zone": "wh_forbidden_zone", "min_dist": 0.0}
{"t": 1784259864.7484918, "x": 1.7148444337100164, "y": -1.6494213240467466, "zone": "wh_forbidden_zone", "min_dist": 0.0}
{"t": 1784259864.900547, "x": 1.6960931781274688, "y": -1.6230460541534635, "zone": "wh_forbidden_zone", "min_dist": 0.0}
{"t": 1784259865.0604193, "x": 1.6763278716914343, "y": -1.594549992284807, "zone": "wh_forbidden_zone", "min_dist": 0.0}
{"t": 1784259865.2129009, "x": 1.6575677266876365, "y": -1.567394546204395, "zone": "wh_forbidden_zone", "min_dist": 0.0}
{"t": 1784259865.3652449, "x": 1.6386151649586764, "y": -1.539960575747986, "zone": "wh_forbidden_zone", "min_dist": 0.0}
{"t": 1784259865.5175443, "x": 1.619608037248947, "y": -1.5124476207265483, "zone": "wh_forbidden_zone", "min_dist": 0.0}
{"t": 1784259865.6699762, "x": 1.6011656890717696, "y": -1.4857521879422981, "zone": "wh_forbidden_zone", "min_dist": 0.0}
{"t": 1784259865.846229, "x": 1.5799673091263642, "y": -1.4550673790845248, "zone": "wh_forbidden_zone", "min_dist": 0.0}
{"t": 1784259865.998421, "x": 1.561628374655556, "y": -1.4285216383281203, "zone": "wh_forbidden_zone", "min_dist": 0.0}
{"t": 1784259866.1513252, "x": 1.5435496774650694, "y": -1.4023898109432769, "zone": "wh_forbidden_zone", "min_dist": 0.0}
{"t": 1784259866.3030684, "x": 1.5249544051718802, "y": -1.3755749852576336, "zone": "wh_forbidden_zone", "min_dist": 0.0}
{"t": 1784259866.46342, "x": 1.5057563899699185, "y": -1.3478909897485811, "zone": "wh_forbidden_zone", "min_dist": 0.0}
{"t": 1784259866.623785, "x": 1.4861133289965496, "y": -1.319583711817954, "zone": null, "min_dist": 0.013886671003450424}
{"t": 1784259866.7755442, "x": 1.4678828180895909, "y": -1.293487634922044, "zone": null, "min_dist": 0.03211718191040913}
{"t": 1784259866.9357817, "x": 1.4480581039637332, "y": -1.2653113425721207, "zone": null, "min_dist": 0.051941896036266755}
{"t": 1784259867.088347, "x": 1.4291577272901212, "y": -1.2386736258265263, "zone": null, "min_dist": 0.07084227270987875}
{"t": 1784259867.24844, "x": 1.409247131097995, "y": -1.2108555965120515, "zone": null, "min_dist": 0.09075286890200496}
{"t": 1784259867.401005, "x": 1.3904956698988553, "y": -1.1848240727176966, "zone": null, "min_dist": 0.10950433010114469}
{"t": 1784259867.5610263, "x": 1.3708409214463189, "y": -1.1577303917076798, "zone": null, "min_dist": 0.12915907855368114}
{"t": 1784259867.7216074, "x": 1.350863110431554, "y": -1.130374586162962, "zone": null, "min_dist": 0.14913688956844595}
{"t": 1784259867.873375, "x": 1.3318360590001392, "y": -1.1045087326999063, "zone": null, "min_dist": 0.16816394099986076}
{"t": 1784259868.0259244, "x": 1.312589354885181, "y": -1.0785749251028343, "zone": null, "min_dist": 0.18741064511481897}
{"t": 1784259868.1863558, "x": 1.2920379846140124, "y": -1.0511978000046887, "zone": null, "min_dist": 0.20796201538598758}
{"t": 1784259868.3383772, "x": 1.2723657861757336, "y": -1.025474395029229, "zone": null, "min_dist": 0.2276342138242664}
{"t": 1784259868.4906461, "x": 1.2526567505798893, "y": -1.0002487255978043, "zone": null, "min_dist": 0.24734324942011066}
{"t": 1784259868.6427975, "x": 1.2320783001941247, "y": -0.9745446283879395, "zone": null, "min_dist": 0.26912824669807084}
{"t": 1784259868.7950742, "x": 1.2114542057007571, "y": -0.9494978026125356, "zone": null, "min_dist": 0.29293198416824234}
{"t": 1784259868.9474032, "x": 1.1903835909501388, "y": -0.9247129465581172, "zone": null, "min_dist": 0.3186384489808032}
{"t": 1784259869.1079657, "x": 1.167863254691228, "y": -0.899143228005726, "zone": null, "min_dist": 0.34711223839186234}
{"t": 1784259869.259501, "x": 1.1465583036772968, "y": -0.8758142377053619, "zone": null, "min_dist": 0.3746239931667088}
{"t": 1784259869.4198, "x": 1.1227106037597137, "y": -0.8506618477375613, "zone": null, "min_dist": 0.4057698513153967}
{"t": 1784259869.5807428, "x": 1.099214774730586, "y": -0.8269225611853812, "zone": null, "min_dist": 0.43655995764715183}
{"t": 1784259869.732728, "x": 1.076344861735208, "y": -0.8042174148662367, "zone": null, "min_dist": 0.46670600683922986}
{"t": 1784259869.8927453, "x": 1.0522470282510077, "y": -0.7804666977469887, "zone": null, "min_dist": 0.4986758411114037}
{"t": 1784259870.052942, "x": 1.0279397643491843, "y": -0.7566600188488031, "zone": null, "min_dist": 0.5310887049348427}
{"t": 1784259870.205268, "x": 1.0054567588063341, "y": -0.7347836928641267, "zone": null, "min_dist": 0.5611708358255321}
{"t": 1784259870.3585358, "x": 0.9826716375924365, "y": -0.7127738821549803, "zone": null, "min_dist": 0.5917157065040716}
{"t": 1784259870.5344644, "x": 0.9563172134645491, "y": -0.6875330549767035, "zone": null, "min_dist": 0.627077797491782}
{"t": 1784259870.6867702, "x": 0.9337440554696551, "y": -0.6661189370955231, "zone": null, "min_dist": 0.6573601439714583}
{"t": 1784259870.8391652, "x": 0.9112006637349005, "y": -0.6449084711447163, "zone": null, "min_dist": 0.6875861053359095}
{"t": 1784259870.9914415, "x": 0.888030791397319, "y": -0.6233159867385683, "zone": null, "min_dist": 0.7186077915835105}
{"t": 1784259871.151609, "x": 0.8635582689549367, "y": -0.6007177959332218, "zone": null, "min_dist": 0.7513217390040441}
{"t": 1784259871.311462, "x": 0.8392641664599699, "y": -0.578471839503679, "zone": null, "min_dist": 0.7837460250714198}
{"t": 1784259871.4718912, "x": 0.814133042606278, "y": -0.5555827629379225, "zone": null, "min_dist": 0.8172638275626865}
{"t": 1784259871.6240711, "x": 0.790445330403754, "y": -0.5340878586449173, "zone": null, "min_dist": 0.848847425988862}
{"t": 1784259871.776084, "x": 0.7671716331997291, "y": -0.5130492159358371, "zone": null, "min_dist": 0.8798627627578379}
{"t": 1784259871.9285874, "x": 0.7437120093730826, "y": -0.49190211181532634, "zone": null, "min_dist": 0.91111743960053}
{"t": 1784259872.088432, "x": 0.7190224484250957, "y": -0.4697149354582182, "zone": null, "min_dist": 0.9439958610820358}
{"t": 1784259872.2489488, "x": 0.6939371968763101, "y": -0.4472323609554591, "zone": null, "min_dist": 0.9773890245723533}
{"t": 1784259872.408945, "x": 0.6691679413729601, "y": -0.4250962377646554, "zone": null, "min_dist": 1.0103446171850468}
{"t": 1784259872.5613327, "x": 0.6453373283647676, "y": -0.40385598372891907, "zone": null, "min_dist": 1.0420345341794042}
{"t": 1784259872.7134418, "x": 0.6218370260280813, "y": -0.382984288642993, "zone": null, "min_dist": 1.073256072387479}
{"t": 1784259872.8659635, "x": 0.5979260813517541, "y": -0.3618345206654952, "zone": null, "min_dist": 1.104985309277748}
{"t": 1784259873.0181348, "x": 0.5744180882222092, "y": -0.3411265683667763, "zone": null, "min_dist": 1.1361408690485395}
{"t": 1784259873.1784081, "x": 0.5497305389336906, "y": -0.3194773672266173, "zone": null, "min_dist": 1.1688126891645514}
{"t": 1784259873.3386347, "x": 0.5249224366934053, "y": -0.29782015654092425, "zone": null, "min_dist": 1.2015959333420443}
{"t": 1784259873.4985914, "x": 0.5000155532688463, "y": -0.2761791183847854, "zone": null, "min_dist": 1.234457598448176}
{"t": 1784259873.6504052, "x": 0.47647061854980444, "y": -0.2558054632129548, "zone": null, "min_dist": 1.2654793176008468}
{"t": 1784259873.8110378, "x": 0.4514478661746376, "y": -0.23424929666225633, "zone": null, "min_dist": 1.2983973648355767}
{"t": 1784259873.971277, "x": 0.4264984099574192, "y": -0.21285326662495307, "zone": null, "min_dist": 1.331167023211947}
{"t": 1784259874.1236062, "x": 0.40267118245311956, "y": -0.1925134694364017, "zone": null, "min_dist": 1.3624114763390949}
{"t": 1784259874.2837791, "x": 0.3776880762611167, "y": -0.17125543516145292, "zone": null, "min_dist": 1.3951349783859286}
{"t": 1784259874.4363773, "x": 0.3540588218170036, "y": -0.15107719313385026, "zone": null, "min_dist": 1.426131521239516}
{"t": 1784259874.5889173, "x": 0.3303371030198044, "y": -0.1308104153926604, "zone": null, "min_dist": 1.4572583252676867}
{"t": 1784259874.7409625, "x": 0.3066501708323838, "y": -0.11045424908361065, "zone": null, "min_dist": 1.488413738766134}
{"t": 1784259874.9013212, "x": 0.2817929808981123, "y": -0.08895058251912508, "zone": null, "min_dist": 1.5211966942119446}
{"t": 1784259875.0533297, "x": 0.25858608853896936, "y": -0.06872196945697795, "zone": null, "min_dist": 1.5518979572578429}
{"t": 1784259875.2055578, "x": 0.23531110362248348, "y": -0.04828023183123937, "zone": null, "min_dist": 1.5827850522871953}
{"t": 1784259875.3655078, "x": 0.2107537286535571, "y": -0.026677393924093396, "zone": null, "min_dist": 1.6153986640080833}
{"t": 1784259875.5176835, "x": 0.18718564163733742, "y": -0.00608647266243365, "zone": null, "min_dist": 1.6466164214375407}
{"t": 1784259875.6701865, "x": 0.16391977282269526, "y": 0.014067409305286887, "zone": null, "min_dist": 1.6773321329031095}
{"t": 1784259875.830688, "x": 0.13907170622682857, "y": 0.035433546030447405, "zone": null, "min_dist": 1.7100434056004374}
{"t": 1784259875.9823804, "x": 0.11547316727862125, "y": 0.05559692365039966, "zone": null, "min_dist": 1.741034007636175}
{"t": 1784259876.1343675, "x": 0.0917610689630621, "y": 0.07582526732267772, "zone": null, "min_dist": 1.7721560012306956}
{"t": 1784259876.2867122, "x": 0.06813939399636368, "y": 0.09611044889916848, "zone": null, "min_dist": 1.803242332913421}
{"t": 1784259876.439176, "x": 0.04456748239396646, "y": 0.11635433900843092, "zone": null, "min_dist": 1.8342657450674884}
{"t": 1784259876.591449, "x": 0.020884274895575757, "y": 0.13656634424768066, "zone": null, "min_dist": 1.865359585476142}
{"t": 1784259876.751506, "x": -0.004009876711418657, "y": 0.1576814834070314, "zone": null, "min_dist": 1.8979652595000263}
{"t": 1784259876.9115617, "x": -0.029241432557849948, "y": 0.17894314394133873, "zone": null, "min_dist": 1.9309288686271884}
{"t": 1784259877.0642438, "x": -0.052821742031203954, "y": 0.1988829899743537, "zone": null, "min_dist": 1.9617787301769456}
{"t": 1784259877.2164931, "x": -0.07653583131213505, "y": 0.21911020334032594, "zone": null, "min_dist": 1.9929111659327758}
{"t": 1784259877.3684635, "x": -0.10000528364203932, "y": 0.23912861479204595, "zone": null, "min_dist": 2.023723457313004}
{"t": 1784259877.5210736, "x": -0.12381707486411013, "y": 0.2592381425622247, "zone": null, "min_dist": 2.054863156588243}
{"t": 1784259877.673361, "x": -0.14733595086611345, "y": 0.27915217353090266, "zone": null, "min_dist": 2.085652420242835}
{"t": 1784259877.8261561, "x": -0.17102763754697925, "y": 0.2994056218663972, "zone": null, "min_dist": 2.1167872674371027}
{"t": 1784259877.9855554, "x": -0.1956184182120239, "y": 0.32063169065975683, "zone": null, "min_dist": 2.1492300673856892}
{"t": 1784259878.1459012, "x": -0.22019906284831967, "y": 0.34206433466919156, "zone": null, "min_dist": 2.1817931831902166}
{"t": 1784259878.29825, "x": -0.24382202131504724, "y": 0.36283590213885486, "zone": null, "min_dist": 2.2131960912178394}
{"t": 1784259878.450346, "x": -0.26726535518612704, "y": 0.38337379952138567, "zone": null, "min_dist": 2.244315019074502}
{"t": 1784259878.6029723, "x": -0.290762277200076, "y": 0.40385038653630484, "zone": null, "min_dist": 2.275439614936185}
{"t": 1784259878.7629192, "x": -0.31562982733962, "y": 0.4253898858171355, "zone": null, "min_dist": 2.3082998064625584}
{"t": 1784259878.9234252, "x": -0.3407628148667528, "y": 0.44701370963620346, "zone": null, "min_dist": 2.3414218792159813}
{"t": 1784259879.083589, "x": -0.36571607375297105, "y": 0.46835485592889803, "zone": null, "min_dist": 2.374228811801882}
{"t": 1784259879.2434924, "x": -0.3906464189787056, "y": 0.48972531647753736, "zone": null, "min_dist": 2.4070366428766934}
{"t": 1784259879.3957472, "x": -0.4142556805408108, "y": 0.5100748266860574, "zone": null, "min_dist": 2.438175709967124}
{"t": 1784259879.5561202, "x": -0.43908345390335074, "y": 0.5316126734368534, "zone": null, "min_dist": 2.4710083008023536}
{"t": 1784259879.7164094, "x": -0.46394474820940707, "y": 0.5533566606823117, "zone": null, "min_dist": 2.5039959842830046}
{"t": 1784259879.8765588, "x": -0.4885737547644829, "y": 0.5747767247660945, "zone": null, "min_dist": 2.536601527832691}
{"t": 1784259880.0523937, "x": -0.5158709024165513, "y": 0.5983601028804948, "zone": null, "min_dist": 2.572642710072634}
{"t": 1784259880.212566, "x": -0.5405562119915698, "y": 0.6197220628673652, "zone": null, "min_dist": 2.6052579939876774}
{"t": 1784259880.3650525, "x": -0.5640652604398352, "y": 0.6402352850281497, "zone": null, "min_dist": 2.636425077563544}
{"t": 1784259880.5257134, "x": -0.5888398386808189, "y": 0.6620297524383839, "zone": null, "min_dist": 2.66938097124605}
{"t": 1784259880.6859536, "x": -0.6134392248862653, "y": 0.6835323443246214, "zone": null, "min_dist": 2.702018969525383}
{"t": 1784259880.8460274, "x": -0.6357595964369204, "y": 0.7028186998701529, "zone": null, "min_dist": 2.7314942025199094}
{"t": 1784259880.9985435, "x": -0.6489166946294725, "y": 0.7137112604154231, "zone": null, "min_dist": 2.74857221926801}
{"t": 1784259881.150547, "x": -0.6568565808573382, "y": 0.7197686707481243, "zone": null, "min_dist": 2.7585566137519053}
{"t": 1784259881.3110428, "x": -0.6601942121465921, "y": 0.7220719348449767, "zone": null, "min_dist": 2.762602176023967}
{"t": 1784259881.4631348, "x": -0.6687887589241063, "y": 0.726825922769448, "zone": null, "min_dist": 2.77228650185801}
{"t": 1784259881.6156886, "x": -0.691060946822724, "y": 0.7368990082359711, "zone": null, "min_dist": 2.7959911011129477}
{"t": 1784259881.7760007, "x": -0.7220554669111553, "y": 0.7471413758854548, "zone": null, "min_dist": 2.8266647281488253}
{"t": 1784259881.9360766, "x": -0.7542204611336089, "y": 0.7531618216772593, "zone": null, "min_dist": 2.8557111654332528}
{"t": 1784259882.0882008, "x": -0.7873676399952777, "y": 0.7546800192782477, "zone": null, "min_dist": 2.8828722986896036}
{"t": 1784259882.240281, "x": -0.8193013704078642, "y": 0.7516860070303268, "zone": null, "min_dist": 2.9064691145790023}
{"t": 1784259882.3928592, "x": -0.8503839431262709, "y": 0.7442732447615964, "zone": null, "min_dist": 2.92690857945665}
{"t": 1784259882.5455172, "x": -0.8794222202774565, "y": 0.732928302126907, "zone": null, "min_dist": 2.9435846518594544}
{"t": 1784259882.705385, "x": -0.908209952389119, "y": 0.7165858494983035, "zone": null, "min_dist": 2.9573877245778606}
{"t": 1784259882.857443, "x": -0.9344752043769786, "y": 0.6962073213645296, "zone": null, "min_dist": 2.9671179278513624}
{"t": 1784259883.0098238, "x": -0.9571789723143469, "y": 0.6729775914786468, "zone": null, "min_dist": 2.972638983054196}
{"t": 1784259883.1619964, "x": -0.9765390781214571, "y": 0.6469543945702128, "zone": null, "min_dist": 2.974172924235713}
{"t": 1784259883.314426, "x": -0.9928397368633763, "y": 0.6178982629257808, "zone": null, "min_dist": 2.9718419781111054}
{"t": 1784259883.4746525, "x": -1.0062823053725756, "y": 0.5854640412347235, "zone": null, "min_dist": 2.965661346187729}
{"t": 1784259883.634711, "x": -1.0157124674308513, "y": 0.5529430209464034, "zone": null, "min_dist": 2.9564237255666113}
{"t": 1784259883.811474, "x": -1.0219691043537136, "y": 0.5155185899045325, "zone": null, "min_dist": 2.9422992301363395}
{"t": 1784259883.9632163, "x": -1.0237654530603582, "y": 0.4821492773875917, "zone": null, "min_dist": 2.9268000516812753}
{"t": 1784259884.115713, "x": -1.0224419695811107, "y": 0.4487845510873911, "zone": null, "min_dist": 2.90889844535242}
{"t": 1784259884.2757819, "x": -1.0182992691336734, "y": 0.4138766527691324, "zone": null, "min_dist": 2.8880578938388406}
{"t": 1784259884.435761, "x": -1.0118145138731085, "y": 0.3792936901745098, "zone": null, "min_dist": 2.8655999783394086}
{"t": 1784259884.587941, "x": -1.0035469902239798, "y": 0.3469052603760805, "zone": null, "min_dist": 2.8428685007731724}
{"t": 1784259884.740819, "x": -0.9934224633258111, "y": 0.3155893535643606, "zone": null, "min_dist": 2.8192074999598113}
{"t": 1784259884.8923972, "x": -0.9815415436045704, "y": 0.2854903073380039, "zone": null, "min_dist": 2.794733218555093}
{"t": 1784259885.0450826, "x": -0.9674991118988941, "y": 0.2555852884622275, "zone": null, "min_dist": 2.768581998753984}
{"t": 1784259885.2049239, "x": -0.9505281808449025, "y": 0.22476295802997345, "zone": null, "min_dist": 2.739549720022865}
{"t": 1784259885.3573022, "x": -0.9325498645250566, "y": 0.19658245915240116, "zone": null, "min_dist": 2.7109239061530443}
{"t": 1784259885.5096288, "x": -0.9131501994880764, "y": 0.17002126449017949, "zone": null, "min_dist": 2.6818358720564057}
{"t": 1784259885.6618576, "x": -0.8917763733067975, "y": 0.14432071331124094, "zone": null, "min_dist": 2.65142680736651}
{"t": 1784259885.814601, "x": -0.8687584933840379, "y": 0.12008376492278713, "zone": null, "min_dist": 2.620229844960671}
{"t": 1784259885.9748895, "x": -0.8430888974374794, "y": 0.09722058036606819, "zone": null, "min_dist": 2.5872685564652222}
{"t": 1784259886.13459, "x": -0.816031889478324, "y": 0.07777257997607886, "zone": null, "min_dist": 2.5545248965764316}
{"t": 1784259886.2869074, "x": -0.7873028952357332, "y": 0.06150881731518564, "zone": null, "min_dist": 2.521617636318332}
{"t": 1784259886.4391792, "x": -0.7577851962774791, "y": 0.048635516506470244, "zone": null, "min_dist": 2.489423716246096}
{"t": 1784259886.5994627, "x": -0.7257011597964107, "y": 0.03850503960905141, "zone": null, "min_dist": 2.456061556641544}
{"t": 1784259886.7514489, "x": -0.694453487735377, "y": 0.031674043587784424, "zone": null, "min_dist": 2.424866479220398}
{"t": 1784259886.903736, "x": -0.6628263597969094, "y": 0.027092968771687178, "zone": null, "min_dist": 2.394313644686633}
{"t": 1784259887.055938, "x": -0.6301158452812465, "y": 0.02419130488074297, "zone": null, "min_dist": 2.3635484643458358}
{"t": 1784259887.2083778, "x": -0.5967560181004643, "y": 0.02257096177631164, "zone": null, "min_dist": 2.332817432056921}
{"t": 1784259887.3606267, "x": -0.56358911108284, "y": 0.02174092231322629, "zone": null, "min_dist": 2.3026842014720885}
{"t": 1784259887.5130274, "x": -0.5304108804360262, "y": 0.021144078312914746, "zone": null, "min_dist": 2.272730422216091}
{"t": 1784259887.6652813, "x": -0.4970079671876001, "y": 0.02056111594975035, "zone": null, "min_dist": 2.242673808737987}
{"t": 1784259887.8256574, "x": -0.4630981679494773, "y": 0.019969306859984524, "zone": null, "min_dist": 2.212259434140361}
{"t": 1784259887.9859254, "x": -0.430452959327932, "y": 0.01939956774584316, "zone": null, "min_dist": 2.1830767524066537}
{"t": 1784259888.1381764, "x": -0.3982221231591861, "y": 0.018837060585319414, "zone": null, "min_dist": 2.1543621294650306}
{"t": 1784259888.290254, "x": -0.3663938146081124, "y": 0.01828068569267026, "zone": null, "min_dist": 2.1261047542541633}
{"t": 1784259888.450583, "x": -0.3316988049235288, "y": 0.017451345068966576, "zone": null, "min_dist": 2.0953108961538223}
{"t": 1784259888.6023855, "x": -0.2986656805828496, "y": 0.016036596251606385, "zone": null, "min_dist": 2.0657997471751988}
{"t": 1784259888.7627912, "x": -0.2639362826883932, "y": 0.013793458626011463, "zone": null, "min_dist": 2.034514287523545}
{"t": 1784259888.9152946, "x": -0.23100034376193707, "y": 0.011207524074523835, "zone": null, "min_dist": 2.004720141777618}
{"t": 1784259889.0672987, "x": -0.19908200646616916, "y": 0.008654366987819476, "zone": null, "min_dist": 1.9759208730970736}
{"t": 1784259889.227563, "x": -0.16704124020771915, "y": 0.006091416595549072, "zone": null, "min_dist": 1.9471123324298805}
{"t": 1784259889.3879664, "x": -0.13438254660975607, "y": 0.0034790381873650005, "zone": null, "min_dist": 1.9178572649558754}
{"t": 1784259889.5481737, "x": -0.10092818588270172, "y": 0.000803014249433867, "zone": null, "min_dist": 1.8880089326283473}
{"t": 1784259889.7004597, "x": -0.06904353255344818, "y": -0.001747448313659067, "zone": null, "min_dist": 1.859678941106796}
{"t": 1784259889.860496, "x": -0.0345404895676317, "y": -0.004384959187929941, "zone": null, "min_dist": 1.8292249242817809}
{"t": 1784259890.02101, "x": 0.0001691653248360103, "y": -0.006414247637175239, "zone": null, "min_dist": 1.799084539409085}
{"t": 1784259890.1728752, "x": 0.03234212423242571, "y": -0.007640014512342186, "zone": null, "min_dist": 1.7716653129470172}
{"t": 1784259890.32521, "x": 0.06372645827949922, "y": -0.00851174330853186, "zone": null, "min_dist": 1.7452594792189033}
{"t": 1784259890.4853497, "x": 0.09584279327016404, "y": -0.009375763815759277, "zone": null, "min_dist": 1.71842772281145}
{"t": 1784259890.6375823, "x": 0.12732274218589834, "y": -0.010222663663892788, "zone": null, "min_dist": 1.6923067185485736}
{"t": 1784259890.798004, "x": 0.16111770185738994, "y": -0.011131843785055136, "zone": null, "min_dist": 1.6644716995658357}
{"t": 1784259890.9585695, "x": 0.19494125334695972, "y": -0.012041793129617543, "zone": null, "min_dist": 1.6368383398302184}
{"t": 1784259891.1187384, "x": 0.2284617257344204, "y": -0.01294358885380269, "zone": null, "min_dist": 1.6096862867363626}
{"t": 1784259891.278701, "x": 0.2623139605894143, "y": -0.013854309850961328, "zone": null, "min_dist": 1.5825138401768832}
{"t": 1784259891.4311218, "x": 0.29410369064554753, "y": -0.014709543713759345, "zone": null, "min_dist": 1.5572357535593118}
{"t": 1784259891.5832608, "x": 0.3255803330594754, "y": -0.01555635466496788, "zone": null, "min_dist": 1.5324460332870515}
{"t": 1784259891.735512, "x": 0.35737343029480834, "y": -0.016411679115663373, "zone": null, "min_dist": 1.507660924338202}
{"t": 1784259891.887924, "x": 0.38962950392212736, "y": -0.01727945887654002, "zone": null, "min_dist": 1.4827886904431822}
{"t": 1784259892.0401535, "x": 0.4212914013620141, "y": -0.018131253663842002, "zone": null, "min_dist": 1.4586563940172015}
{"t": 1784259892.1924365, "x": 0.45363670589611804, "y": -0.019001433973802866, "zone": null, "min_dist": 1.4343062189760534}
{"t": 1784259892.344375, "x": 0.4852412570347249, "y": -0.019851686024607858, "zone": null, "min_dist": 1.4108245900228948}
{"t": 1784259892.4968112, "x": 0.517957012659019, "y": -0.020731832440001846, "zone": null, "min_dist": 1.3868578056101912}
{"t": 1784259892.6490011, "x": 0.5513562035639451, "y": -0.02163215139182765, "zone": null, "min_dist": 1.3627650933696513}
{"t": 1784259892.8094828, "x": 0.5854722991819732, "y": -0.022646420033331595, "zone": null, "min_dist": 1.33849950909112}
{"t": 1784259892.9695694, "x": 0.618481617836546, "y": -0.023932641535721503, "zone": null, "min_dist": 1.3152118256583263}
{"t": 1784259893.130118, "x": 0.6509214955149406, "y": -0.02547505721455359, "zone": null, "min_dist": 1.292529756287863}
{"t": 1784259893.2900555, "x": 0.6840383258336914, "y": -0.02733077975840395, "zone": null, "min_dist": 1.2695979149768952}
{"t": 1784259893.450302, "x": 0.7172735193942817, "y": -0.02966576275284124, "zone": null, "min_dist": 1.2466792993450397}
{"t": 1784259893.6106877, "x": 0.7518200398255487, "y": -0.03221993775370996, "zone": null, "min_dist": 1.2232626462408132}
{"t": 1784259893.7631452, "x": 0.7843557427361808, "y": -0.03469631299618528, "zone": null, "min_dist": 1.2016479980001806}
{"t": 1784259893.9236982, "x": 0.8177631374172646, "y": -0.0376209506442225, "zone": null, "min_dist": 1.179669687372556}
{"t": 1784259894.0753787, "x": 0.8493846685624485, "y": -0.04106626539520823, "zone": null, "min_dist": 1.1588158684039014}
{"t": 1784259894.2367084, "x": 0.8830715397030635, "y": -0.04545495703203892, "zone": null, "min_dist": 1.1365548663302865}
{"t": 1784259894.3967535, "x": 0.9168112159367104, "y": -0.050590270888355555, "zone": null, "min_dist": 1.114220800195843}
{"t": 1784259894.557152, "x": 0.9511859761868852, "y": -0.05661049929672728, "zone": null, "min_dist": 1.0914121965468007}
{"t": 1784259894.7092497, "x": 0.9839694191516899, "y": -0.06307893469420617, "zone": null, "min_dist": 1.0696301430795543}
{"t": 1784259894.861372, "x": 1.016650320360264, "y": -0.07019142504568494, "zone": null, "min_dist": 1.0479364956267196}
{"t": 1784259895.013531, "x": 1.0492625822019153, "y": -0.07743374981984212, "zone": null, "min_dist": 1.0267875660402024}
{"t": 1784259895.165576, "x": 1.0818544791561513, "y": -0.08428182856836436, "zone": null, "min_dist": 1.00667047542474}
{"t": 1784259895.3174376, "x": 1.1127964703689965, "y": -0.09029047334547576, "zone": null, "min_dist": 0.9886849833211314}
{"t": 1784259895.4695904, "x": 1.1432953707533264, "y": -0.09616832500339369, "zone": null, "min_dist": 0.9716737565938364}
{"t": 1784259895.6300023, "x": 1.1754183263737372, "y": -0.10235938540016953, "zone": null, "min_dist": 0.9545218362264885}
{"t": 1784259895.789921, "x": 1.2089694919013645, "y": -0.10889038181415837, "zone": null, "min_dist": 0.9374300551334305}
{"t": 1784259895.9424694, "x": 1.241344018663969, "y": -0.11549634718923231, "zone": null, "min_dist": 0.9215474098040188}
{"t": 1784259896.1028914, "x": 1.275506279064284, "y": -0.12304856924878095, "zone": null, "min_dist": 0.9052299390962351}
{"t": 1784259896.2639997, "x": 1.309050027085898, "y": -0.13065494766360336, "zone": null, "min_dist": 0.8900689367558382}
{"t": 1784259896.4242685, "x": 1.3419405184026552, "y": -0.1386716862551036, "zone": null, "min_dist": 0.8757107192340676}
{"t": 1784259896.5838943, "x": 1.3747750387150979, "y": -0.1469737296187016, "zone": null, "min_dist": 0.8621688401290278}
{"t": 1784259896.7361958, "x": 1.4055724438444996, "y": -0.1548004676620081, "zone": null, "min_dist": 0.8504580018001244}
{"t": 1784259896.8883758, "x": 1.436683434938928, "y": -0.16275400389527012, "zone": null, "min_dist": 0.8396367341919565}
{"t": 1784259897.0403879, "x": 1.4679276738690312, "y": -0.17080313737839728, "zone": null, "min_dist": 0.8298168900938088}
{"t": 1784259897.192825, "x": 1.4991654076914347, "y": -0.17874676323547337, "zone": null, "min_dist": 0.8212536608384362}
{"t": 1784259897.3452168, "x": 1.5301923040587038, "y": -0.18653484137759477, "zone": null, "min_dist": 0.8134651586224052}
{"t": 1784259897.597514, "x": 1.5612117074756253, "y": -0.19420172642656353, "zone": null, "min_dist": 0.8057982735734365}
{"t": 1784259897.7539573, "x": 1.6134459548611615, "y": -0.20686870815457015, "zone": null, "min_dist": 0.7931312918454299}
{"t": 1784259897.9064248, "x": 1.6439381422419759, "y": -0.214252566674958, "zone": null, "min_dist": 0.785747433325042}
{"t": 1784259898.0586207, "x": 1.6752962499512314, "y": -0.2218461126544071, "zone": null, "min_dist": 0.7781538873455929}
{"t": 1784259898.21836, "x": 1.7083745975697517, "y": -0.22982782276057293, "zone": null, "min_dist": 0.7701721772394271}
{"t": 1784259898.378568, "x": 1.7412667296981916, "y": -0.23765252773894308, "zone": null, "min_dist": 0.7623474722610569}
{"t": 1784259898.5313582, "x": 1.7726025651686905, "y": -0.24506437156888636, "zone": null, "min_dist": 0.7549356284311136}
{"t": 1784259898.683874, "x": 1.8038514753863526, "y": -0.2524556550854846, "zone": null, "min_dist": 0.7475443449145154}
{"t": 1784259898.8432908, "x": 1.8366361028965474, "y": -0.26021018080537267, "zone": null, "min_dist": 0.7397898191946273}
{"t": 1784259898.9953399, "x": 1.8676457799830024, "y": -0.2675448787088587, "zone": null, "min_dist": 0.7324551212911413}
{"t": 1784259899.1474092, "x": 1.8985685182584764, "y": -0.27485901307199956, "zone": null, "min_dist": 0.7251409869280004}
{"t": 1784259899.299837, "x": 1.929633905753231, "y": -0.2822068881189409, "zone": null, "min_dist": 0.7177931118810591}
{"t": 1784259899.4517992, "x": 1.9610319788824302, "y": -0.2896334530273646, "zone": null, "min_dist": 0.7103665469726355}
{"t": 1784259899.6044745, "x": 1.9913483208146745, "y": -0.29680415696627815, "zone": null, "min_dist": 0.7031958430337218}
{"t": 1784259899.7644851, "x": 2.0242198431513194, "y": -0.3045792358446764, "zone": null, "min_dist": 0.6954207641553236}
{"t": 1784259899.9168742, "x": 2.0557359232834673, "y": -0.31203371284918635, "zone": null, "min_dist": 0.6879662871508136}
{"t": 1784259900.0694327, "x": 2.087076918422928, "y": -0.3194359533267038, "zone": null, "min_dist": 0.6805640466732962}
{"t": 1784259900.229568, "x": 2.1202937039732643, "y": -0.327221544253582, "zone": null, "min_dist": 0.672778455746418}
{"t": 1784259900.3818386, "x": 2.151691837977823, "y": -0.33448929031570257, "zone": null, "min_dist": 0.6655107096842974}
{"t": 1784259900.5422, "x": 2.184206388845252, "y": -0.3418916499489543, "zone": null, "min_dist": 0.6581083500510456}
{"t": 1784259900.6944385, "x": 2.2153486594573706, "y": -0.3489217093992899, "zone": null, "min_dist": 0.6510782906007101}
{"t": 1784259900.8544292, "x": 2.2481452728090883, "y": -0.3563252203942907, "zone": null, "min_dist": 0.6436747796057093}
{"t": 1784259901.0068994, "x": 2.279343429793537, "y": -0.3633678956691329, "zone": null, "min_dist": 0.6366321043308671}
{"t": 1784259901.1672637, "x": 2.31256064696644, "y": -0.370866353759131, "zone": null, "min_dist": 0.629133646240869}
{"t": 1784259901.3191512, "x": 2.343765285477446, "y": -0.3779104922086185, "zone": null, "min_dist": 0.6220895077913815}
{"t": 1784259901.4714983, "x": 2.37553236422009, "y": -0.38511883603727687, "zone": null, "min_dist": 0.6148811639627232}
{"t": 1784259901.6322336, "x": 2.408790290495265, "y": -0.3927418501997313, "zone": null, "min_dist": 0.6072581498002687}
{"t": 1784259901.784302, "x": 2.4402721404241214, "y": -0.40006971399936525, "zone": null, "min_dist": 0.5999302860006348}
{"t": 1784259901.9366915, "x": 2.4718744731345756, "y": -0.40756910929927204, "zone": null, "min_dist": 0.592430890700728}
{"t": 1784259902.0888374, "x": 2.5033614806437283, "y": -0.4151596293076635, "zone": null, "min_dist": 0.5848403706923365}
{"t": 1784259902.2412984, "x": 2.534569115019402, "y": -0.4227091538616566, "zone": null, "min_dist": 0.5772908461383435}
{"t": 1784259902.393316, "x": 2.565419365111538, "y": -0.430315893411524, "zone": null, "min_dist": 0.569684106588476}
{"t": 1784259902.5458364, "x": 2.596678053255915, "y": -0.43819242242458417, "zone": null, "min_dist": 0.5618075775754159}
{"t": 1784259902.69792, "x": 2.6259474685633775, "y": -0.4457309292561161, "zone": null, "min_dist": 0.5542690707438839}
{"t": 1784259902.850761, "x": 2.6542637753643072, "y": -0.4534701354089259, "zone": null, "min_dist": 0.5465298645910741}
{"t": 1784259903.0266395, "x": 2.686387241827083, "y": -0.46300677544820074, "zone": null, "min_dist": 0.5369932245517992}
{"t": 1784259903.1866617, "x": 2.715002909697507, "y": -0.47219857841319196, "zone": null, "min_dist": 0.5278014215868081}
{"t": 1784259903.338814, "x": 2.742389701470057, "y": -0.4816123703019127, "zone": null, "min_dist": 0.5183876296980874}
{"t": 1784259903.599113, "x": 2.77130477134127, "y": -0.4922279354901353, "zone": null, "min_dist": 0.5077720645098647}
{"t": 1784259903.7551107, "x": 2.8092150727489273, "y": -0.5072471734087255, "zone": null, "min_dist": 0.4927528265912745}
{"t": 1784259903.9076595, "x": 2.8283538439799067, "y": -0.5153249478476429, "zone": null, "min_dist": 0.48467505215235707}
{"t": 1784259904.0601559, "x": 2.8446057393183377, "y": -0.522487158796742, "zone": null, "min_dist": 0.477512841203258}
{"t": 1784259904.2200212, "x": 2.8622391265308247, "y": -0.5305416598318712, "zone": null, "min_dist": 0.4694583401681288}
{"t": 1784259904.396567, "x": 2.881700219333756, "y": -0.5396743496941658, "zone": null, "min_dist": 0.46032565030583417}
{"t": 1784259904.5725858, "x": 2.8926391849923743, "y": -0.5449729634704653, "zone": null, "min_dist": 0.4550270365295347}
{"t": 1784259904.7249525, "x": 2.9009850576759573, "y": -0.5491310424687754, "zone": null, "min_dist": 0.4508689575312246}
{"t": 1784259904.877429, "x": 2.909375871910188, "y": -0.5534124136606077, "zone": null, "min_dist": 0.44658758633939233}
{"t": 1784259905.0296063, "x": 2.9177516956797205, "y": -0.5577914553647305, "zone": null, "min_dist": 0.4422085446352695}
{"t": 1784259905.1897166, "x": 2.92358131777902, "y": -0.5609012077097236, "zone": null, "min_dist": 0.4390987922902764}
{"t": 1784259905.3423707, "x": 2.9266653469441266, "y": -0.5625789505532143, "zone": null, "min_dist": 0.4374210494467857}
{"t": 1784259905.4946914, "x": 2.929264907016836, "y": -0.564011909659504, "zone": null, "min_dist": 0.435988090340496}
{"t": 1784259905.6470547, "x": 2.931816060290715, "y": -0.565428741266357, "zone": null, "min_dist": 0.434571258733643}
{"t": 1784259905.7989306, "x": 2.9339477140020143, "y": -0.5666171920559895, "zone": null, "min_dist": 0.4333828079440105}
{"t": 1784259905.9592323, "x": 2.936155229093399, "y": -0.5678519268553937, "zone": null, "min_dist": 0.43214807314460635}
{"t": 1784259906.111809, "x": 2.9387376562882905, "y": -0.5692300880536321, "zone": null, "min_dist": 0.43076991194636793}
{"t": 1784259906.2636516, "x": 2.9419186988326533, "y": -0.5707172742719552, "zone": null, "min_dist": 0.4292827257280448}
{"t": 1784259906.4240043, "x": 2.9453671373861106, "y": -0.5720487055792773, "zone": null, "min_dist": 0.42795129442072266}
{"t": 1784259906.5766253, "x": 2.9487267522259195, "y": -0.5730701469058754, "zone": null, "min_dist": 0.42692985309412457}
{"t": 1784259906.736592, "x": 2.9523572236889204, "y": -0.5737553966556538, "zone": null, "min_dist": 0.4262446033443462}
{"t": 1784259906.8889747, "x": 2.9599922419534215, "y": -0.573941168935494, "zone": null, "min_dist": 0.42605883106450604}
{"t": 1784259907.04107, "x": 2.9853442852430754, "y": -0.5714336387120145, "zone": null, "min_dist": 0.42856636128798553}
{"t": 1784259907.1934345, "x": 3.0127112026571776, "y": -0.5649271134828292, "zone": null, "min_dist": 0.4350728865171708}
{"t": 1784259907.3457198, "x": 3.038907226281128, "y": -0.5546778881751163, "zone": null, "min_dist": 0.4453221118248837}
{"t": 1784259907.4975708, "x": 3.0634232814778377, "y": -0.5408851486123567, "zone": null, "min_dist": 0.4591148513876433}
{"t": 1784259907.6496992, "x": 3.085782907528783, "y": -0.523816955939799, "zone": null, "min_dist": 0.47618304406020096}
{"t": 1784259907.801771, "x": 3.1055515417196786, "y": -0.5038050347254734, "zone": null, "min_dist": 0.49619496527452656}
{"t": 1784259907.9542594, "x": 3.1223449743359666, "y": -0.4812383237239069, "zone": null, "min_dist": 0.5187616762760932}
{"t": 1784259908.1061444, "x": 3.1358368185593952, "y": -0.45655541595405497, "zone": null, "min_dist": 0.543444584045945}
{"t": 1784259908.2583864, "x": 3.1457648549962327, "y": -0.4302360338000105, "zone": null, "min_dist": 0.5697639661999895}
{"t": 1784259908.4183743, "x": 3.1521542578994337, "y": -0.4013261445104945, "zone": null, "min_dist": 0.5986738554895055}
{"t": 1784259908.5785012, "x": 3.1542441997985198, "y": -0.37179246367073787, "zone": null, "min_dist": 0.6282075363292621}
{"t": 1784259908.7309048, "x": 3.1522052172048243, "y": -0.343736834649471, "zone": null, "min_dist": 0.656263165350529}
{"t": 1784259908.883676, "x": 3.1462843003540115, "y": -0.31623740719259924, "zone": null, "min_dist": 0.6837625928074007}
{"t": 1784259909.0435002, "x": 3.1360687832580862, "y": -0.28868859659052765, "zone": null, "min_dist": 0.7113114034094723}
{"t": 1784259909.195445, "x": 3.1228988831174833, "y": -0.2644914202622429, "zone": null, "min_dist": 0.7355085797377571}
{"t": 1784259909.3561926, "x": 3.1065341773327635, "y": -0.24243400082824998, "zone": null, "min_dist": 0.75756599917175}
{"t": 1784259909.5081563, "x": 3.09576388529977, "y": -0.23146344604054475, "zone": null, "min_dist": 0.7685365539594553}
{"t": 1784259909.6687694, "x": 3.092652307773063, "y": -0.22896046815310087, "zone": null, "min_dist": 0.7710395318468991}
{"t": 1784259909.8284404, "x": 3.0926591833298946, "y": -0.22896418742217975, "zone": null, "min_dist": 0.7710358125778203}
{"t": 1784259909.9889643, "x": 3.0926665174805303, "y": -0.22896685608301673, "zone": null, "min_dist": 0.7710331439169833}
{"t": 1784259910.1409903, "x": 3.0926737723861977, "y": -0.22896837039911896, "zone": null, "min_dist": 0.771031629600881}
{"t": 1784259910.3017972, "x": 3.092681556410357, "y": -0.22896885816323045, "zone": null, "min_dist": 0.7710311418367696}
{"t": 1784259910.4617112, "x": 3.092689327483932, "y": -0.22896820162234924, "zone": null, "min_dist": 0.7710317983776508}
{"t": 1784259910.6222465, "x": 3.092696911961608, "y": -0.2289664183460726, "zone": null, "min_dist": 0.7710335816539274}
{"t": 1784259910.7823627, "x": 3.0924417022354285, "y": -0.22908148811226495, "zone": null, "min_dist": 0.7709185118877351}
{"t": 1784259910.9346955, "x": 3.088570162443022, "y": -0.2311853339442689, "zone": null, "min_dist": 0.7688146660557311}
{"t": 1784259911.0871363, "x": 3.0845050180975644, "y": -0.2341750663243525, "zone": null, "min_dist": 0.7658249336756475}
{"t": 1784259911.2392201, "x": 3.0807109964636816, "y": -0.23773818390363538, "zone": null, "min_dist": 0.7622618160963646}
{"t": 1784259911.3913372, "x": 3.0767744646069106, "y": -0.24231522403804298, "zone": null, "min_dist": 0.757684775961957}
{"t": 1784259911.5432863, "x": 3.073046873980749, "y": -0.24785497616019753, "zone": null, "min_dist": 0.7521450238398024}
{"t": 1784259911.7038183, "x": 3.0698682939600097, "y": -0.254337959714947, "zone": null, "min_dist": 0.745662040285053}
{"t": 1784259911.856649, "x": 3.067157330245535, "y": -0.2623920988769299, "zone": null, "min_dist": 0.7376079011230701}
{"t": 1784259912.0164542, "x": 3.0628976869057665, "y": -0.2838442032385978, "zone": null, "min_dist": 0.7161557967614022}
{"t": 1784259912.1689048, "x": 3.061141922497046, "y": -0.3157792916281509, "zone": null, "min_dist": 0.6842207083718491}
{"t": 1784259912.320888, "x": 3.063761133141065, "y": -0.3474921561129062, "zone": null, "min_dist": 0.6525078438870938}
{"t": 1784259912.4731793, "x": 3.0706735568483317, "y": -0.37855881820639486, "zone": null, "min_dist": 0.6214411817936052}
{"t": 1784259912.6336975, "x": 3.0821398290216124, "y": -0.41023153786776606, "zone": null, "min_dist": 0.5897684621322339}
{"t": 1784259912.7856603, "x": 3.09636447611936, "y": -0.43886967467592464, "zone": null, "min_dist": 0.5611303253240754}
{"t": 1784259912.9381356, "x": 3.1129917065678554, "y": -0.4655901024339814, "zone": null, "min_dist": 0.5344098975660185}
{"t": 1784259913.0902038, "x": 3.131915194954746, "y": -0.491224410803913, "zone": null, "min_dist": 0.508775589196087}
{"t": 1784259913.2426145, "x": 3.151751557915902, "y": -0.5148651173876163, "zone": null, "min_dist": 0.4851348826123837}
{"t": 1784259913.3945062, "x": 3.172354351702128, "y": -0.5372324567278138, "zone": null, "min_dist": 0.46276754327218617}
{"t": 1784259913.5464342, "x": 3.195691646079641, "y": -0.5611263046099055, "zone": null, "min_dist": 0.43887369539009446}
{"t": 1784259913.7069554, "x": 3.220273082995121, "y": -0.5854850024515823, "zone": null, "min_dist": 0.4145149975484177}
{"t": 1784259913.8595786, "x": 3.2431298338468366, "y": -0.6086185751074515, "zone": null, "min_dist": 0.39138142489254846}
{"t": 1784259914.0116682, "x": 3.265796318986721, "y": -0.6326641065403524, "zone": null, "min_dist": 0.36733589345964757}
{"t": 1784259914.1641147, "x": 3.286995514283379, "y": -0.6567099164244246, "zone": null, "min_dist": 0.34329008357557544}
{"t": 1784259914.3160691, "x": 3.3067474900654803, "y": -0.6814833814594952, "zone": null, "min_dist": 0.31851661854050484}
{"t": 1784259914.4761612, "x": 3.326684779807899, "y": -0.7100449922060266, "zone": null, "min_dist": 0.28995500779397343}
{"t": 1784259914.636548, "x": 3.3448947349130362, "y": -0.7401718960090731, "zone": null, "min_dist": 0.25982810399092693}
{"t": 1784259914.7889295, "x": 3.360242945868544, "y": -0.769673089477766, "zone": null, "min_dist": 0.23032691052223397}
{"t": 1784259914.9413214, "x": 3.3734319248931377, "y": -0.799061223580093, "zone": null, "min_dist": 0.20093877641990698}
{"t": 1784259915.0935738, "x": 3.384925786175888, "y": -0.8283553857928749, "zone": null, "min_dist": 0.17164461420712507}
{"t": 1784259915.2454498, "x": 3.394947776697462, "y": -0.8586717253445099, "zone": null, "min_dist": 0.14132827465549014}
{"t": 1784259915.3978407, "x": 3.40358873620155, "y": -0.8897342833532391, "zone": null, "min_dist": 0.11026571664676088}
{"t": 1784259915.5500004, "x": 3.411429864629681, "y": -0.9218321951157494, "zone": null, "min_dist": 0.07816780488425057}
{"t": 1784259915.7104118, "x": 3.4189576966228787, "y": -0.9559052061658238, "zone": null, "min_dist": 0.04409479383417625}
{"t": 1784259915.8629363, "x": 3.4254478482520936, "y": -0.9886191914888219, "zone": null, "min_dist": 0.011380808511178064}
{"t": 1784259916.0145364, "x": 3.4312000414756563, "y": -1.0212434887636839, "zone": "wh_forbidden_zone", "min_dist": 0.0}
{"t": 1784259916.1671038, "x": 3.4362966208026173, "y": -1.0540737975435885, "zone": "wh_forbidden_zone", "min_dist": 0.0}
{"t": 1784259916.3191376, "x": 3.44072690704456, "y": -1.0872265857390635, "zone": "wh_forbidden_zone", "min_dist": 0.0}
{"t": 1784259916.4718573, "x": 3.44444729604169, "y": -1.1204665232643587, "zone": "wh_forbidden_zone", "min_dist": 0.0}
{"t": 1784259916.6237376, "x": 3.4474560866877124, "y": -1.1537784113952643, "zone": "wh_forbidden_zone", "min_dist": 0.0}
{"t": 1784259916.7760224, "x": 3.4497519032232358, "y": -1.187147018282814, "zone": "wh_forbidden_zone", "min_dist": 0.0}
{"t": 1784259916.9297984, "x": 3.451333695880008, "y": -1.2205570860477353, "zone": "wh_forbidden_zone", "min_dist": 0.0}
{"t": 1784259917.089012, "x": 3.4522265672760204, "y": -1.2557535759947984, "zone": "wh_forbidden_zone", "min_dist": 0.0}
{"t": 1784259917.2492125, "x": 3.452327025944305, "y": -1.2909612460192579, "zone": "wh_forbidden_zone", "min_dist": 0.0}
{"t": 1784259917.4014766, "x": 3.4516884384605775, "y": -1.3244026409877827, "zone": "wh_forbidden_zone", "min_dist": 0.0}
{"t": 1784259917.553583, "x": 3.4503349416079923, "y": -1.3578227357955641, "zone": "wh_forbidden_zone", "min_dist": 0.0}
{"t": 1784259917.7062728, "x": 3.4482671542839216, "y": -1.391206248875331, "zone": "wh_forbidden_zone", "min_dist": 0.0}
{"t": 1784259917.8581192, "x": 3.4454860219981205, "y": -1.4245379154007725, "zone": "wh_forbidden_zone", "min_dist": 0.0}
{"t": 1784259918.018671, "x": 3.441789267310368, "y": -1.4595511147231401, "zone": "wh_forbidden_zone", "min_dist": 0.0}
{"t": 1784259918.1710155, "x": 3.437548242708226, "y": -1.49272864327521, "zone": "wh_forbidden_zone", "min_dist": 0.0}
{"t": 1784259918.3224976, "x": 3.4325987744372504, "y": -1.5258079034651855, "zone": "wh_forbidden_zone", "min_dist": 0.0}
{"t": 1784259918.4745781, "x": 3.426943125680647, "y": -1.5587737695445112, "zone": "wh_forbidden_zone", "min_dist": 0.0}
{"t": 1784259918.6272657, "x": 3.420583882514428, "y": -1.5916111676779383, "zone": "wh_forbidden_zone", "min_dist": 0.0}
{"t": 1784259918.77952, "x": 3.4135239527531014, "y": -1.6243050827142957, "zone": "wh_forbidden_zone", "min_dist": 0.0}
{"t": 1784259918.9318647, "x": 3.405766564591463, "y": -1.6568405651730709, "zone": "wh_forbidden_zone", "min_dist": 0.0}
{"t": 1784259919.091321, "x": 3.396851309819231, "y": -1.6909009285725414, "zone": "wh_forbidden_zone", "min_dist": 0.0}
{"t": 1784259919.243702, "x": 3.387673758294029, "y": -1.7230646851805635, "zone": "wh_forbidden_zone", "min_dist": 0.0}
{"t": 1784259919.3965096, "x": 3.377810568549944, "y": -1.755024850692907, "zone": "wh_forbidden_zone", "min_dist": 0.0}
{"t": 1784259919.5565867, "x": 3.3666925086792165, "y": -1.7884311205474666, "zone": "wh_forbidden_zone", "min_dist": 0.0}
{"t": 1784259919.708862, "x": 3.3554364283270717, "y": -1.81992771315466, "zone": "wh_forbidden_zone", "min_dist": 0.0}
{"t": 1784259919.8610194, "x": 3.343509450510754, "y": -1.8511764233429922, "zone": "wh_forbidden_zone", "min_dist": 0.0}
{"t": 1784259920.0135503, "x": 3.330917028897308, "y": -1.882162962488069, "zone": "wh_forbidden_zone", "min_dist": 0.0}
{"t": 1784259920.1653955, "x": 3.3176649214675065, "y": -1.9128731617652264, "zone": "wh_forbidden_zone", "min_dist": 0.0}
{"t": 1784259920.3418512, "x": 3.3015042099025553, "y": -1.9480686465582497, "zone": "wh_forbidden_zone", "min_dist": 0.0}
{"t": 1784259920.6060598, "x": 3.2844770871319047, "y": -1.982853238471485, "zone": "wh_forbidden_zone", "min_dist": 0.0}
{"t": 1784259920.76686, "x": 3.2590339881130093, "y": -2.0311293985556484, "zone": "wh_forbidden_zone", "min_dist": 0.0}
{"t": 1784259920.918923, "x": 3.242613063806778, "y": -2.060268512028412, "zone": "wh_forbidden_zone", "min_dist": 0.0}
{"t": 1784259921.0792634, "x": 3.224658968051547, "y": -2.0905544916142724, "zone": "wh_forbidden_zone", "min_dist": 0.0}
{"t": 1784259921.2315302, "x": 3.2072068895129213, "y": -2.1186152085236136, "zone": "wh_forbidden_zone", "min_dist": 0.0}
{"t": 1784259921.3837554, "x": 3.189957985420819, "y": -2.145806443289586, "zone": "wh_forbidden_zone", "min_dist": 0.0}
{"t": 1784259921.5355587, "x": 3.172956201087845, "y": -2.1731171555537316, "zone": "wh_forbidden_zone", "min_dist": 0.0}
{"t": 1784259921.7118409, "x": 3.153638949853653, "y": -2.2062655874630823, "zone": "wh_forbidden_zone", "min_dist": 0.0}
{"t": 1784259921.871554, "x": 3.1375045000017656, "y": -2.2374130874023455, "zone": "wh_forbidden_zone", "min_dist": 0.0}
{"t": 1784259922.023824, "x": 3.124089602452812, "y": -2.268028435353164, "zone": "wh_forbidden_zone", "min_dist": 0.0}
{"t": 1784259922.1765711, "x": 3.1131767330539595, "y": -2.2996173756573235, "zone": "wh_forbidden_zone", "min_dist": 0.0}
{"t": 1784259922.3364673, "x": 3.1048769477682785, "y": -2.3338022173919617, "zone": "wh_forbidden_zone", "min_dist": 0.0}
{"t": 1784259922.488586, "x": 3.100104845766423, "y": -2.3668803384037704, "zone": "wh_forbidden_zone", "min_dist": 0.0}
{"t": 1784259922.640867, "x": 3.0984106757110035, "y": -2.4001622201567256, "zone": "wh_forbidden_zone", "min_dist": 0.0}
{"t": 1784259922.801309, "x": 3.099964902839765, "y": -2.4348226086623765, "zone": "wh_forbidden_zone", "min_dist": 0.0}
{"t": 1784259922.953813, "x": 3.104543231544475, "y": -2.467333484123234, "zone": "wh_forbidden_zone", "min_dist": 0.0}
{"t": 1784259923.1061, "x": 3.1122737143730057, "y": -2.4998400232595754, "zone": "wh_forbidden_zone", "min_dist": 0.0}
{"t": 1784259923.2585857, "x": 3.1231544757089607, "y": -2.5308517069774847, "zone": "wh_forbidden_zone", "min_dist": 0.0}
{"t": 1784259923.4105551, "x": 3.1357023572909353, "y": -2.5565083526596264, "zone": "wh_forbidden_zone", "min_dist": 0.0}
{"t": 1784259923.5625563, "x": 3.148723531718567, "y": -2.575784599609369, "zone": "wh_forbidden_zone", "min_dist": 0.0}
{"t": 1784259923.7145767, "x": 3.1624968354964524, "y": -2.5911064694297727, "zone": "wh_forbidden_zone", "min_dist": 0.0}
{"t": 1784259923.8671873, "x": 3.176840038815905, "y": -2.603159479152637, "zone": "wh_forbidden_zone", "min_dist": 0.0}
{"t": 1784259924.0201864, "x": 3.1885255412449443, "y": -2.61062654231342, "zone": "wh_forbidden_zone", "min_dist": 0.0}
{"t": 1784259924.1717007, "x": 3.191073691210575, "y": -2.6118782209553095, "zone": "wh_forbidden_zone", "min_dist": 0.0}
{"t": 1784259924.3240986, "x": 3.191066577328156, "y": -2.611876157070896, "zone": "wh_forbidden_zone", "min_dist": 0.0}
{"t": 1784259924.4845788, "x": 3.191058983706871, "y": -2.6118749884211243, "zone": "wh_forbidden_zone", "min_dist": 0.0}
{"t": 1784259924.6365051, "x": 3.191051752311808, "y": -2.6118747442127495, "zone": "wh_forbidden_zone", "min_dist": 0.0}
{"t": 1784259924.7884085, "x": 3.191044573589989, "y": -2.6118752548471487, "zone": "wh_forbidden_zone", "min_dist": 0.0}
{"t": 1784259924.94043, "x": 3.1910374946020994, "y": -2.6118764926316342, "zone": "wh_forbidden_zone", "min_dist": 0.0}
{"t": 1784259925.0928078, "x": 3.1910306389530234, "y": -2.6118783335280056, "zone": "wh_forbidden_zone", "min_dist": 0.0}
{"t": 1784259925.2451437, "x": 3.1910239837860934, "y": -2.6118806580251173, "zone": "wh_forbidden_zone", "min_dist": 0.0}
{"t": 1784259925.3975058, "x": 3.1922212558586502, "y": -2.611352725365909, "zone": "wh_forbidden_zone", "min_dist": 0.0}
{"t": 1784259925.5494466, "x": 3.1984680548889974, "y": -2.6081923830542966, "zone": "wh_forbidden_zone", "min_dist": 0.0}
{"t": 1784259925.709992, "x": 3.2174831025626798, "y": -2.597581827353987, "zone": "wh_forbidden_zone", "min_dist": 0.0}
{"t": 1784259925.8621747, "x": 3.235516148520778, "y": -2.586874904060761, "zone": "wh_forbidden_zone", "min_dist": 0.0}
{"t": 1784259926.0145588, "x": 3.2493700304006583, "y": -2.5784420962157775, "zone": "wh_forbidden_zone", "min_dist": 0.0}
{"t": 1784259926.1667814, "x": 3.253380978653973, "y": -2.5759040779473756, "zone": "wh_forbidden_zone", "min_dist": 0.0}
{"t": 1784259926.319211, "x": 3.253374890597608, "y": -2.575908152149184, "zone": "wh_forbidden_zone", "min_dist": 0.0}
{"t": 1784259926.4714992, "x": 3.253368933014333, "y": -2.575912326207557, "zone": "wh_forbidden_zone", "min_dist": 0.0}
{"t": 1784259926.6315286, "x": 3.253362799076244, "y": -2.5759168276891518, "zone": "wh_forbidden_zone", "min_dist": 0.0}
{"t": 1784259926.7841034, "x": 3.2533571007676096, "y": -2.5759212050817593, "zone": "wh_forbidden_zone", "min_dist": 0.0}
{"t": 1784259926.9440718, "x": 3.253351237119345, "y": -2.5759259176501836, "zone": "wh_forbidden_zone", "min_dist": 0.0}
{"t": 1784259927.1044078, "x": 3.2533455098267248, "y": -2.5759307367688873, "zone": "wh_forbidden_zone", "min_dist": 0.0}
{"t": 1784259927.256785, "x": 3.253340193428467, "y": -2.5759354132249968, "zone": "wh_forbidden_zone", "min_dist": 0.0}
{"t": 1784259927.4172654, "x": 3.2533347264858063, "y": -2.5759404391373395, "zone": "wh_forbidden_zone", "min_dist": 0.0}
