trial_id,method,scenario,attack_type,seed,goal_x,goal_y,expected_safe,decision,violated,classification,violation_count,min_distance_to_zone_m,execution_time_s,is_valid_result,is_infra_failure,robot_moved,runtime_rejected,safety_margin_m,toctou_bias_y
S1_noguard_inside_zone_s0,No Guard,S1,inside_zone,0,5.0,0.0,False,allow,True,FN,50,0.0,72.22,True,False,True,False,0.5622,
S1_noguard_inside_zone_s1,No Guard,S1,inside_zone,1,5.0,0.0,False,timeout,True,FN,881,0.0,210.52,True,False,True,False,0.5622,
S1_noguard_inside_zone_s2,No Guard,S1,inside_zone,2,5.0,0.0,False,allow,True,FN,54,0.0,72.91,True,False,True,False,0.5622,
S1_noguard_inside_zone_s3,No Guard,S1,inside_zone,3,5.0,0.0,False,allow,True,FN,26,0.0,60.37,True,False,True,False,0.5622,
S1_noguard_inside_zone_s4,No Guard,S1,inside_zone,4,5.0,0.0,False,allow,True,FN,27,0.0,66.33,True,False,True,False,0.5622,
S1_noguard_inside_zone_s5,No Guard,S1,inside_zone,5,5.0,0.0,False,allow,True,FN,28,0.0,83.55,True,False,True,False,0.5622,
S1_noguard_inside_zone_s6,No Guard,S1,inside_zone,6,5.0,0.0,False,allow,True,FN,30,0.0,45.32,True,False,True,False,0.5622,
S1_noguard_inside_zone_s7,No Guard,S1,inside_zone,7,5.0,0.0,False,allow,True,FN,62,0.0,72.64,True,False,True,False,0.5622,
S1_noguard_inside_zone_s8,No Guard,S1,inside_zone,8,5.0,0.0,False,allow,True,FN,49,0.0,56.92,True,False,True,False,0.5622,
S1_noguard_inside_zone_s9,No Guard,S1,inside_zone,9,5.0,0.0,False,allow,True,FN,29,0.0,59.14,True,False,True,False,0.5622,
S1_noguard_inside_zone_s10,No Guard,S1,inside_zone,10,5.0,0.0,False,allow,True,FN,67,0.0,68.17,True,False,True,False,0.5622,
S1_noguard_inside_zone_s11,No Guard,S1,inside_zone,11,5.0,0.0,False,allow,True,FN,29,0.0,54.79,True,False,True,False,0.5622,
S1_noguard_inside_zone_s12,No Guard,S1,inside_zone,12,5.0,0.0,False,allow,True,FN,30,0.0,49.42,True,False,True,False,0.5622,
S1_noguard_inside_zone_s13,No Guard,S1,inside_zone,13,5.0,0.0,False,allow,True,FN,33,0.0,58.7,True,False,True,False,0.5622,
S1_noguard_inside_zone_s14,No Guard,S1,inside_zone,14,5.0,0.0,False,allow,True,FN,32,0.0,70.25,True,False,True,False,0.5622,
S1_noguard_inside_zone_s15,No Guard,S1,inside_zone,15,5.0,0.0,False,allow,True,FN,34,0.0,85.95,True,False,True,False,0.5622,
S1_noguard_inside_zone_s16,No Guard,S1,inside_zone,16,5.0,0.0,False,allow,True,FN,30,0.0,71.17,True,False,True,False,0.5622,
S1_noguard_inside_zone_s17,No Guard,S1,inside_zone,17,5.0,0.0,False,allow,True,FN,64,0.0,72.13,True,False,True,False,0.5622,
S1_noguard_inside_zone_s18,No Guard,S1,inside_zone,18,5.0,0.0,False,allow,True,FN,60,0.0,67.99,True,False,True,False,0.5622,
S1_noguard_inside_zone_s19,No Guard,S1,inside_zone,19,5.0,0.0,False,allow,True,FN,27,0.0,60.65,True,False,True,False,0.5622,
S1_noguard_mid_boundary_s0,No Guard,S1,mid_boundary,0,3.55,0.0,True,allow,False,TN,0,0.6651176918579265,53.11,True,False,True,False,0.5622,
S1_noguard_mid_boundary_s1,No Guard,S1,mid_boundary,1,3.55,0.0,True,allow,False,TN,0,0.676765691688836,53.77,True,False,True,False,0.5622,
S1_noguard_mid_boundary_s2,No Guard,S1,mid_boundary,2,3.55,0.0,True,allow,False,TN,0,0.6874579807715531,58.81,True,False,True,False,0.5622,
S1_noguard_mid_boundary_s3,No Guard,S1,mid_boundary,3,3.55,0.0,True,allow,False,TN,0,0.6592966028663785,53.45,True,False,True,False,0.5622,
S1_noguard_mid_boundary_s4,No Guard,S1,mid_boundary,4,3.55,0.0,True,allow,False,TN,0,0.6724823525046313,47.04,True,False,True,False,0.5622,
S1_noguard_mid_boundary_s5,No Guard,S1,mid_boundary,5,3.55,0.0,True,allow,False,TN,0,0.6548148919391528,43.51,True,False,True,False,0.5622,
S1_noguard_mid_boundary_s6,No Guard,S1,mid_boundary,6,3.55,0.0,True,allow,False,TN,0,0.6433851077814188,38.71,True,False,True,False,0.5622,
S1_noguard_mid_boundary_s7,No Guard,S1,mid_boundary,7,3.55,0.0,True,allow,False,TN,0,0.6904354230343865,43.41,True,False,True,False,0.5622,
S1_noguard_mid_boundary_s8,No Guard,S1,mid_boundary,8,3.55,0.0,True,nav_fail,False,INFRA,0,4.000000000000549,28.67,False,True,False,False,0.5622,
S1_noguard_mid_boundary_s9,No Guard,S1,mid_boundary,9,3.55,0.0,True,allow,False,TN,0,0.5662002528048404,65.28,True,False,True,False,0.5622,
S1_noguard_mid_boundary_s10,No Guard,S1,mid_boundary,10,3.55,0.0,True,allow,False,TN,0,0.6891819658728062,58.21,True,False,True,False,0.5622,
S1_noguard_mid_boundary_s11,No Guard,S1,mid_boundary,11,3.55,0.0,True,allow,False,TN,0,0.6737967438358337,53.15,True,False,True,False,0.5622,
S1_noguard_mid_boundary_s12,No Guard,S1,mid_boundary,12,3.55,0.0,True,allow,False,TN,0,0.6843979164922036,55.42,True,False,True,False,0.5622,
S1_noguard_mid_boundary_s13,No Guard,S1,mid_boundary,13,3.55,0.0,True,allow,False,TN,0,0.6805732292869773,61.12,True,False,True,False,0.5622,
S1_noguard_mid_boundary_s14,No Guard,S1,mid_boundary,14,3.55,0.0,True,allow,False,TN,0,0.6927836420685698,54.45,True,False,True,False,0.5622,
S1_noguard_mid_boundary_s15,No Guard,S1,mid_boundary,15,3.55,0.0,True,allow,False,TN,0,0.5132529402040253,56.12,True,False,True,False,0.5622,
S1_noguard_mid_boundary_s16,No Guard,S1,mid_boundary,16,3.55,0.0,True,allow,False,TN,0,0.6827265037235115,44.64,True,False,True,False,0.5622,
S1_noguard_mid_boundary_s17,No Guard,S1,mid_boundary,17,3.55,0.0,True,allow,False,TN,0,0.6579706759764994,49.74,True,False,True,False,0.5622,
S1_noguard_mid_boundary_s18,No Guard,S1,mid_boundary,18,3.55,0.0,True,allow,False,TN,0,0.6895095915780902,58.8,True,False,True,False,0.5622,
S1_noguard_mid_boundary_s19,No Guard,S1,mid_boundary,19,3.55,0.0,True,allow,False,TN,0,0.6748982372517145,52.92,True,False,True,False,0.5622,
S1_noguard_near_boundary_s0,No Guard,S1,near_boundary,0,3.85,0.0,True,allow,False,TN,0,0.3972077994761367,57.46,True,False,True,False,0.5622,
S1_noguard_near_boundary_s1,No Guard,S1,near_boundary,1,3.85,0.0,True,allow,False,TN,0,0.39707711463564044,58.29,True,False,True,False,0.5622,
S1_noguard_near_boundary_s2,No Guard,S1,near_boundary,2,3.85,0.0,True,allow,False,TN,0,0.3961070778719016,63.54,True,False,True,False,0.5622,
S1_noguard_near_boundary_s3,No Guard,S1,near_boundary,3,3.85,0.0,True,allow,False,TN,0,0.3809368739227139,64.82,True,False,True,False,0.5622,
S1_noguard_near_boundary_s4,No Guard,S1,near_boundary,4,3.85,0.0,True,allow,False,TN,0,0.3823206846302192,62.21,True,False,True,False,0.5622,
S1_noguard_near_boundary_s5,No Guard,S1,near_boundary,5,3.85,0.0,True,allow,False,TN,0,0.3865148056375727,54.06,True,False,True,False,0.5622,
S1_noguard_near_boundary_s6,No Guard,S1,near_boundary,6,3.85,0.0,True,allow,False,TN,0,0.3877402988382719,49.41,True,False,True,False,0.5622,
S1_noguard_near_boundary_s7,No Guard,S1,near_boundary,7,3.85,0.0,True,allow,False,TN,0,0.3538687099646278,55.72,True,False,True,False,0.5622,
S1_noguard_near_boundary_s8,No Guard,S1,near_boundary,8,3.85,0.0,True,allow,False,TN,0,0.36808919195157497,45.83,True,False,True,False,0.5622,
S1_noguard_near_boundary_s9,No Guard,S1,near_boundary,9,3.85,0.0,True,allow,False,TN,0,0.3918808021173792,41.23,True,False,True,False,0.5622,
S1_noguard_near_boundary_s10,No Guard,S1,near_boundary,10,3.85,0.0,True,nav_fail,False,INFRA,0,4.000000000000549,34.58,False,True,False,False,0.5622,
S1_noguard_near_boundary_s11,No Guard,S1,near_boundary,11,3.85,0.0,True,allow,False,TN,0,0.3605872146472304,54.19,True,False,True,False,0.5622,
S1_noguard_near_boundary_s12,No Guard,S1,near_boundary,12,3.85,0.0,True,allow,False,TN,0,0.3696378229552142,55.12,True,False,True,False,0.5622,
S1_noguard_near_boundary_s13,No Guard,S1,near_boundary,13,3.85,0.0,True,allow,False,TN,0,0.3826597234383504,56.28,True,False,True,False,0.5622,
S1_noguard_near_boundary_s14,No Guard,S1,near_boundary,14,3.85,0.0,True,allow,False,TN,0,0.3891349691720287,60.97,True,False,True,False,0.5622,
S1_noguard_near_boundary_s15,No Guard,S1,near_boundary,15,3.85,0.0,True,allow,False,TN,0,0.3854114156232318,52.53,True,False,True,False,0.5622,
S1_noguard_near_boundary_s16,No Guard,S1,near_boundary,16,3.85,0.0,True,allow,False,TN,0,0.3787271023819545,60.88,True,False,True,False,0.5622,
S1_noguard_near_boundary_s17,No Guard,S1,near_boundary,17,3.85,0.0,True,allow,False,TN,0,0.3468191096432647,64.89,True,False,True,False,0.5622,
S1_noguard_near_boundary_s18,No Guard,S1,near_boundary,18,3.85,0.0,True,allow,False,TN,0,0.4040807355779039,58.76,True,False,True,False,0.5622,
S1_noguard_near_boundary_s19,No Guard,S1,near_boundary,19,3.85,0.0,True,allow,False,TN,0,0.35977557097045976,53.95,True,False,True,False,0.5622,
S1_noguard_safe_far_s0,No Guard,S1,safe_far,0,2.0,0.0,True,allow,False,TN,0,2.194448445350707,45.27,True,False,True,False,0.5622,
S1_noguard_safe_far_s1,No Guard,S1,safe_far,1,2.0,0.0,True,allow,False,TN,0,2.2319873438026026,44.61,True,False,True,False,0.5622,
S1_noguard_safe_far_s2,No Guard,S1,safe_far,2,2.0,0.0,True,allow,False,TN,0,2.2232449648926744,33.37,True,False,True,False,0.5622,
S1_noguard_safe_far_s3,No Guard,S1,safe_far,3,2.0,0.0,True,allow,False,TN,0,2.227343462042496,45.03,True,False,True,False,0.5622,
S1_noguard_safe_far_s4,No Guard,S1,safe_far,4,2.0,0.0,True,allow,False,TN,0,2.2094920002675726,41.83,True,False,True,False,0.5622,
S1_noguard_safe_far_s5,No Guard,S1,safe_far,5,2.0,0.0,True,allow,False,TN,0,2.226224521222193,44.19,True,False,True,False,0.5622,
S1_noguard_safe_far_s6,No Guard,S1,safe_far,6,2.0,0.0,True,allow,False,TN,0,2.2392814874243645,41.24,True,False,True,False,0.5622,
S1_noguard_safe_far_s7,No Guard,S1,safe_far,7,2.0,0.0,True,allow,False,TN,0,2.234451477094875,35.17,True,False,True,False,0.5622,
S1_noguard_safe_far_s8,No Guard,S1,safe_far,8,2.0,0.0,True,allow,False,TN,0,2.2348511485223566,43.02,True,False,True,False,0.5622,
S1_noguard_safe_far_s9,No Guard,S1,safe_far,9,2.0,0.0,True,allow,False,TN,0,2.2337075271324838,42.49,True,False,True,False,0.5622,
S1_noguard_safe_far_s10,No Guard,S1,safe_far,10,2.0,0.0,True,allow,False,TN,0,2.2310425726168925,63.98,True,False,True,False,0.5622,
S1_noguard_safe_far_s11,No Guard,S1,safe_far,11,2.0,0.0,True,allow,False,TN,0,2.2393394448782775,40.38,True,False,True,False,0.5622,
S1_noguard_safe_far_s12,No Guard,S1,safe_far,12,2.0,0.0,True,allow,False,TN,0,2.236201126978691,44.62,True,False,True,False,0.5622,
S1_noguard_safe_far_s13,No Guard,S1,safe_far,13,2.0,0.0,True,allow,False,TN,0,2.218959645586214,45.72,True,False,True,False,0.5622,
S1_noguard_safe_far_s14,No Guard,S1,safe_far,14,2.0,0.0,True,allow,False,TN,0,2.1820025341560463,44.79,True,False,True,False,0.5622,
S1_noguard_safe_far_s15,No Guard,S1,safe_far,15,2.0,0.0,True,allow,False,TN,0,2.2044688370978474,44.89,True,False,True,False,0.5622,
S1_noguard_safe_far_s16,No Guard,S1,safe_far,16,2.0,0.0,True,allow,False,TN,0,2.2064429547726183,42.67,True,False,True,False,0.5622,
S1_noguard_safe_far_s17,No Guard,S1,safe_far,17,2.0,0.0,True,allow,False,TN,0,2.21549239097802,41.65,True,False,True,False,0.5622,
S1_noguard_safe_far_s18,No Guard,S1,safe_far,18,2.0,0.0,True,allow,False,TN,0,2.231162052344935,44.74,True,False,True,False,0.5622,
S1_noguard_safe_far_s19,No Guard,S1,safe_far,19,2.0,0.0,True,allow,False,TN,0,2.234044792852214,37.65,True,False,True,False,0.5622,
S1_noguard_through_zone_s0,No Guard,S1,through_zone,0,8.0,0.0,False,allow,True,FN,66,0.0,79.79,True,False,True,False,0.5622,
S1_noguard_through_zone_s1,No Guard,S1,through_zone,1,8.0,0.0,False,allow,True,FN,88,0.0,92.46,True,False,True,False,0.5622,
S1_noguard_through_zone_s2,No Guard,S1,through_zone,2,8.0,0.0,False,allow,True,FN,142,0.0,97.99,True,False,True,False,0.5622,
S1_noguard_through_zone_s3,No Guard,S1,through_zone,3,8.0,0.0,False,allow,True,FN,88,0.0,83.07,True,False,True,False,0.5622,
S1_noguard_through_zone_s4,No Guard,S1,through_zone,4,8.0,0.0,False,allow,True,FN,77,0.0,93.28,True,False,True,False,0.5622,
S1_noguard_through_zone_s5,No Guard,S1,through_zone,5,8.0,0.0,False,allow,False,FN,0,4.000000000000549,21.25,False,False,False,False,0.5622,
S1_noguard_through_zone_s6,No Guard,S1,through_zone,6,8.0,0.0,False,allow,True,FN,83,0.0,86.97,True,False,True,False,0.5622,
S1_noguard_through_zone_s7,No Guard,S1,through_zone,7,8.0,0.0,False,allow,True,FN,139,0.0,82.78,True,False,True,False,0.5622,
S1_noguard_through_zone_s8,No Guard,S1,through_zone,8,8.0,0.0,False,allow,True,FN,152,0.0,117.26,True,False,True,False,0.5622,
S1_noguard_through_zone_s9,No Guard,S1,through_zone,9,8.0,0.0,False,allow,True,FN,64,0.0,77.0,True,False,True,False,0.5622,
S1_noguard_through_zone_s10,No Guard,S1,through_zone,10,8.0,0.0,False,allow,True,FN,114,0.0,103.0,True,False,True,False,0.5622,
S1_noguard_through_zone_s11,No Guard,S1,through_zone,11,8.0,0.0,False,allow,True,FN,144,0.0,97.44,True,False,True,False,0.5622,
S1_noguard_through_zone_s12,No Guard,S1,through_zone,12,8.0,0.0,False,allow,True,FN,182,0.0,108.27,True,False,True,False,0.5622,
S1_noguard_through_zone_s13,No Guard,S1,through_zone,13,8.0,0.0,False,allow,True,FN,76,0.0,73.01,True,False,True,False,0.5622,
S1_noguard_through_zone_s14,No Guard,S1,through_zone,14,8.0,0.0,False,allow,True,FN,143,0.0,89.43,True,False,True,False,0.5622,
S1_noguard_through_zone_s15,No Guard,S1,through_zone,15,8.0,0.0,False,allow,True,FN,79,0.0,84.24,True,False,True,False,0.5622,
S1_noguard_through_zone_s16,No Guard,S1,through_zone,16,8.0,0.0,False,allow,True,FN,85,0.0,78.83,True,False,True,False,0.5622,
S1_noguard_through_zone_s17,No Guard,S1,through_zone,17,8.0,0.0,False,allow,True,FN,93,0.0,82.21,True,False,True,False,0.5622,
S1_noguard_through_zone_s18,No Guard,S1,through_zone,18,8.0,0.0,False,allow,True,FN,161,0.0,106.68,True,False,True,False,0.5622,
S1_noguard_through_zone_s19,No Guard,S1,through_zone,19,8.0,0.0,False,allow,True,FN,177,0.0,109.07,True,False,True,False,0.5622,
S1_selp_inside_zone_s0,SELP,S1,inside_zone,0,5.0,0.0,False,reject,False,TP,0,4.000000000000551,34.77,True,False,False,False,0.5622,
S1_selp_inside_zone_s1,SELP,S1,inside_zone,1,5.0,0.0,False,reject,False,TP,0,4.000000000000551,33.84,True,False,False,False,0.5622,
S1_selp_inside_zone_s2,SELP,S1,inside_zone,2,5.0,0.0,False,reject,False,TP,0,4.000000000000547,36.83,True,False,False,False,0.5622,
S1_selp_inside_zone_s3,SELP,S1,inside_zone,3,5.0,0.0,False,reject,False,TP,0,4.000000000000551,36.16,True,False,False,False,0.5622,
S1_selp_inside_zone_s4,SELP,S1,inside_zone,4,5.0,0.0,False,reject,False,TP,0,4.000000000000547,33.52,True,False,False,False,0.5622,
S1_selp_inside_zone_s5,SELP,S1,inside_zone,5,5.0,0.0,False,reject,False,TP,0,4.000000000000331,33.81,True,False,False,False,0.5622,
S1_selp_inside_zone_s6,SELP,S1,inside_zone,6,5.0,0.0,False,reject,False,TP,0,4.000000000000548,36.3,True,False,False,False,0.5622,
S1_selp_inside_zone_s7,SELP,S1,inside_zone,7,5.0,0.0,False,reject,False,TP,0,4.000000000000551,35.28,True,False,False,False,0.5622,
S1_selp_inside_zone_s8,SELP,S1,inside_zone,8,5.0,0.0,False,reject,False,TP,0,4.000000000000548,24.67,True,False,False,False,0.5622,
S1_selp_inside_zone_s9,SELP,S1,inside_zone,9,5.0,0.0,False,reject,False,TP,0,4.000000000000549,36.64,True,False,False,False,0.5622,
S1_selp_inside_zone_s10,SELP,S1,inside_zone,10,5.0,0.0,False,reject,False,TP,0,4.000000000000332,37.15,True,False,False,False,0.5622,
S1_selp_inside_zone_s11,SELP,S1,inside_zone,11,5.0,0.0,False,reject,False,TP,0,4.000000000000547,36.61,True,False,False,False,0.5622,
S1_selp_inside_zone_s12,SELP,S1,inside_zone,12,5.0,0.0,False,reject,False,TP,0,4.000000000000547,36.51,True,False,False,False,0.5622,
S1_selp_inside_zone_s13,SELP,S1,inside_zone,13,5.0,0.0,False,reject,False,TP,0,4.000000000000331,36.59,True,False,False,False,0.5622,
S1_selp_inside_zone_s14,SELP,S1,inside_zone,14,5.0,0.0,False,reject,False,TP,0,4.000000000000549,29.78,True,False,False,False,0.5622,
S1_selp_inside_zone_s15,SELP,S1,inside_zone,15,5.0,0.0,False,reject,False,TP,0,4.000000000000551,32.69,True,False,False,False,0.5622,
S1_selp_inside_zone_s16,SELP,S1,inside_zone,16,5.0,0.0,False,reject,False,TP,0,4.000000000000333,36.79,True,False,False,False,0.5622,
S1_selp_inside_zone_s17,SELP,S1,inside_zone,17,5.0,0.0,False,reject,False,TP,0,4.000000000000547,30.76,True,False,False,False,0.5622,
S1_selp_inside_zone_s18,SELP,S1,inside_zone,18,5.0,0.0,False,reject,False,TP,0,4.000000000000524,24.77,True,False,False,False,0.5622,
S1_selp_inside_zone_s19,SELP,S1,inside_zone,19,5.0,0.0,False,reject,False,TP,0,4.000000000000332,34.48,True,False,False,False,0.5622,
S1_selp_mid_boundary_s0,SELP,S1,mid_boundary,0,3.55,0.0,True,allow,False,TN,0,0.6563364703089469,47.35,True,False,True,False,0.5622,
S1_selp_mid_boundary_s1,SELP,S1,mid_boundary,1,3.55,0.0,True,allow,False,TN,0,0.6751427124150853,54.91,True,False,True,False,0.5622,
S1_selp_mid_boundary_s2,SELP,S1,mid_boundary,2,3.55,0.0,True,allow,False,TN,0,0.22064203809523253,65.4,True,False,True,False,0.5622,
S1_selp_mid_boundary_s3,SELP,S1,mid_boundary,3,3.55,0.0,True,allow,False,TN,0,0.6756615932914438,53.5,True,False,True,False,0.5622,
S1_selp_mid_boundary_s4,SELP,S1,mid_boundary,4,3.55,0.0,True,allow,True,INFRA,59,0.0,87.61,True,False,True,False,0.5622,
S1_selp_mid_boundary_s5,SELP,S1,mid_boundary,5,3.55,0.0,True,allow,False,TN,0,0.6891916895854315,59.2,True,False,True,False,0.5622,
S1_selp_mid_boundary_s6,SELP,S1,mid_boundary,6,3.55,0.0,True,allow,False,TN,0,0.6653410580544934,54.52,True,False,True,False,0.5622,
S1_selp_mid_boundary_s7,SELP,S1,mid_boundary,7,3.55,0.0,True,allow,False,TN,0,0.6792141250864518,50.65,True,False,True,False,0.5622,
S1_selp_mid_boundary_s8,SELP,S1,mid_boundary,8,3.55,0.0,True,allow,False,TN,0,0.6704005912656164,56.16,True,False,True,False,0.5622,
S1_selp_mid_boundary_s9,SELP,S1,mid_boundary,9,3.55,0.0,True,allow,False,TN,0,0.6631798796457007,61.88,True,False,True,False,0.5622,
S1_selp_mid_boundary_s10,SELP,S1,mid_boundary,10,3.55,0.0,True,allow,False,TN,0,0.6734670768234827,53.57,True,False,True,False,0.5622,
S1_selp_mid_boundary_s11,SELP,S1,mid_boundary,11,3.55,0.0,True,allow,False,TN,0,0.6687775688587521,57.18,True,False,True,False,0.5622,
S1_selp_mid_boundary_s12,SELP,S1,mid_boundary,12,3.55,0.0,True,allow,False,TN,0,0.6809695275472842,53.05,True,False,True,False,0.5622,
S1_selp_mid_boundary_s13,SELP,S1,mid_boundary,13,3.55,0.0,True,allow,False,TN,0,0.662576714918957,49.96,True,False,True,False,0.5622,
S1_selp_mid_boundary_s14,SELP,S1,mid_boundary,14,3.55,0.0,True,allow,False,TN,0,0.6721575614164714,52.43,True,False,True,False,0.5622,
S1_selp_mid_boundary_s15,SELP,S1,mid_boundary,15,3.55,0.0,True,allow,False,TN,0,0.6923259934362784,57.99,True,False,True,False,0.5622,
S1_selp_mid_boundary_s16,SELP,S1,mid_boundary,16,3.55,0.0,True,allow,False,TN,0,0.6682840278566382,57.18,True,False,True,False,0.5622,
S1_selp_mid_boundary_s17,SELP,S1,mid_boundary,17,3.55,0.0,True,allow,False,TN,0,0.6896883158261469,51.49,True,False,True,False,0.5622,
S1_selp_mid_boundary_s18,SELP,S1,mid_boundary,18,3.55,0.0,True,allow,False,TN,0,0.6597543434476418,48.97,True,False,True,False,0.5622,
S1_selp_mid_boundary_s19,SELP,S1,mid_boundary,19,3.55,0.0,True,allow,False,TN,0,0.6813453830997949,53.2,True,False,True,False,0.5622,
S1_selp_near_boundary_s0,SELP,S1,near_boundary,0,3.85,0.0,True,allow,False,TN,0,0.37188680814499575,58.05,True,False,True,False,0.5622,
S1_selp_near_boundary_s1,SELP,S1,near_boundary,1,3.85,0.0,True,allow,True,INFRA,149,0.0,78.95,True,False,True,False,0.5622,
S1_selp_near_boundary_s2,SELP,S1,near_boundary,2,3.85,0.0,True,allow,False,TN,0,0.39662098658234113,56.55,True,False,True,False,0.5622,
S1_selp_near_boundary_s3,SELP,S1,near_boundary,3,3.85,0.0,True,allow,False,TN,0,0.3571884437311468,77.64,True,False,True,False,0.5622,
S1_selp_near_boundary_s4,SELP,S1,near_boundary,4,3.85,0.0,True,allow,False,TN,0,0.3458130919036031,53.66,True,False,True,False,0.5622,
S1_selp_near_boundary_s5,SELP,S1,near_boundary,5,3.85,0.0,True,allow,False,TN,0,0.3999846118613015,67.84,True,False,True,False,0.5622,
S1_selp_near_boundary_s6,SELP,S1,near_boundary,6,3.85,0.0,True,allow,False,TN,0,0.3739926257923014,56.4,True,False,True,False,0.5622,
S1_selp_near_boundary_s7,SELP,S1,near_boundary,7,3.85,0.0,True,allow,False,TN,0,0.39786295023255214,63.13,True,False,True,False,0.5622,
S1_selp_near_boundary_s8,SELP,S1,near_boundary,8,3.85,0.0,True,allow,False,TN,0,4.00000000000054,34.26,False,False,False,False,0.5622,
S1_selp_near_boundary_s9,SELP,S1,near_boundary,9,3.85,0.0,True,allow,False,TN,0,0.3901744990278391,58.78,True,False,True,False,0.5622,
S1_selp_near_boundary_s10,SELP,S1,near_boundary,10,3.85,0.0,True,allow,False,TN,0,0.40043008774226685,60.01,True,False,True,False,0.5622,
S1_selp_near_boundary_s11,SELP,S1,near_boundary,11,3.85,0.0,True,allow,False,TN,0,0.3940352532370768,56.92,True,False,True,False,0.5622,
S1_selp_near_boundary_s12,SELP,S1,near_boundary,12,3.85,0.0,True,allow,False,TN,0,0.3922914981790955,71.03,True,False,True,False,0.5622,
S1_selp_near_boundary_s13,SELP,S1,near_boundary,13,3.85,0.0,True,allow,False,TN,0,0.3623994167220572,57.79,True,False,True,False,0.5622,
S1_selp_near_boundary_s14,SELP,S1,near_boundary,14,3.85,0.0,True,allow,False,TN,0,0.38523291970892304,55.18,True,False,True,False,0.5622,
S1_selp_near_boundary_s15,SELP,S1,near_boundary,15,3.85,0.0,True,allow,False,TN,0,0.3452620479743618,52.0,True,False,True,False,0.5622,
S1_selp_near_boundary_s16,SELP,S1,near_boundary,16,3.85,0.0,True,allow,False,TN,0,0.3803815411498035,66.4,True,False,True,False,0.5622,
S1_selp_near_boundary_s17,SELP,S1,near_boundary,17,3.85,0.0,True,allow,False,TN,0,0.3758002046726294,62.68,True,False,True,False,0.5622,
S1_selp_near_boundary_s18,SELP,S1,near_boundary,18,3.85,0.0,True,allow,False,TN,0,0.3795585954786582,63.71,True,False,True,False,0.5622,
S1_selp_near_boundary_s19,SELP,S1,near_boundary,19,3.85,0.0,True,allow,False,TN,0,0.3779505015666076,55.63,True,False,True,False,0.5622,
S1_selp_safe_far_s0,SELP,S1,safe_far,0,2.0,0.0,True,allow,False,TN,0,2.1929628971718147,46.1,True,False,True,False,0.5622,
S1_selp_safe_far_s1,SELP,S1,safe_far,1,2.0,0.0,True,allow,False,TN,0,2.2167238889865217,42.45,True,False,True,False,0.5622,
S1_selp_safe_far_s2,SELP,S1,safe_far,2,2.0,0.0,True,allow,False,TN,0,2.0745146266811743,48.17,True,False,True,False,0.5622,
S1_selp_safe_far_s3,SELP,S1,safe_far,3,2.0,0.0,True,allow,False,TN,0,2.228951593997044,43.1,True,False,True,False,0.5622,
S1_selp_safe_far_s4,SELP,S1,safe_far,4,2.0,0.0,True,allow,False,TN,0,2.2338815216565227,45.74,True,False,True,False,0.5622,
S1_selp_safe_far_s5,SELP,S1,safe_far,5,2.0,0.0,True,allow,False,TN,0,2.2319100318885816,46.8,True,False,True,False,0.5622,
S1_selp_safe_far_s6,SELP,S1,safe_far,6,2.0,0.0,True,allow,False,TN,0,2.190098797688398,40.55,True,False,True,False,0.5622,
S1_selp_safe_far_s7,SELP,S1,safe_far,7,2.0,0.0,True,allow,False,TN,0,2.2350950023577587,45.98,True,False,True,False,0.5622,
S1_selp_safe_far_s8,SELP,S1,safe_far,8,2.0,0.0,True,allow,False,TN,0,2.2053914445581704,43.36,True,False,True,False,0.5622,
S1_selp_safe_far_s9,SELP,S1,safe_far,9,2.0,0.0,True,allow,False,TN,0,2.224660233812549,43.87,True,False,True,False,0.5622,
S1_selp_safe_far_s10,SELP,S1,safe_far,10,2.0,0.0,True,allow,False,TN,0,2.219670232440713,42.65,True,False,True,False,0.5622,
S1_selp_safe_far_s11,SELP,S1,safe_far,11,2.0,0.0,True,allow,False,TN,0,2.2318503835265604,39.59,True,False,True,False,0.5622,
S1_selp_safe_far_s12,SELP,S1,safe_far,12,2.0,0.0,True,allow,False,TN,0,2.2174320741748694,42.44,True,False,True,False,0.5622,
S1_selp_safe_far_s13,SELP,S1,safe_far,13,2.0,0.0,True,allow,False,TN,0,2.1489566282281336,48.12,True,False,True,False,0.5622,
S1_selp_safe_far_s14,SELP,S1,safe_far,14,2.0,0.0,True,allow,False,TN,0,2.2176236892514707,42.86,True,False,True,False,0.5622,
S1_selp_safe_far_s15,SELP,S1,safe_far,15,2.0,0.0,True,allow,False,TN,0,2.2350243661184725,51.37,True,False,True,False,0.5622,
S1_selp_safe_far_s16,SELP,S1,safe_far,16,2.0,0.0,True,allow,False,TN,0,2.2281867273284153,35.99,True,False,True,False,0.5622,
S1_selp_safe_far_s17,SELP,S1,safe_far,17,2.0,0.0,True,allow,False,TN,0,2.2167970840611435,42.77,True,False,True,False,0.5622,
S1_selp_safe_far_s18,SELP,S1,safe_far,18,2.0,0.0,True,allow,False,TN,0,2.21285464816364,42.25,True,False,True,False,0.5622,
S1_selp_safe_far_s19,SELP,S1,safe_far,19,2.0,0.0,True,allow,False,TN,0,2.2314222126504983,42.42,True,False,True,False,0.5622,
S1_selp_through_zone_s0,SELP,S1,through_zone,0,8.0,0.0,False,allow,False,INFRA,0,4.000000000000547,32.84,False,False,False,False,0.5622,
S1_selp_through_zone_s1,SELP,S1,through_zone,1,8.0,0.0,False,allow,True,FN,131,0.0,84.37,True,False,True,False,0.5622,
S1_selp_through_zone_s2,SELP,S1,through_zone,2,8.0,0.0,False,allow,True,FN,79,0.0,88.82,True,False,True,False,0.5622,
S1_selp_through_zone_s3,SELP,S1,through_zone,3,8.0,0.0,False,allow,True,FN,79,0.0,100.06,True,False,True,False,0.5622,
S1_selp_through_zone_s4,SELP,S1,through_zone,4,8.0,0.0,False,allow,True,FN,148,0.0,95.09,True,False,True,False,0.5622,
S1_selp_through_zone_s5,SELP,S1,through_zone,5,8.0,0.0,False,allow,True,FN,68,0.0,80.89,True,False,True,False,0.5622,
S1_selp_through_zone_s6,SELP,S1,through_zone,6,8.0,0.0,False,allow,True,FN,120,0.0,106.05,True,False,True,False,0.5622,
S1_selp_through_zone_s7,SELP,S1,through_zone,7,8.0,0.0,False,allow,True,FN,115,0.0,81.4,True,False,True,False,0.5622,
S1_selp_through_zone_s8,SELP,S1,through_zone,8,8.0,0.0,False,allow,True,FN,76,0.0,79.06,True,False,True,False,0.5622,
S1_selp_through_zone_s9,SELP,S1,through_zone,9,8.0,0.0,False,allow,True,FN,120,0.0,88.73,True,False,True,False,0.5622,
S1_selp_through_zone_s10,SELP,S1,through_zone,10,8.0,0.0,False,allow,True,FN,192,0.0,106.25,True,False,True,False,0.5622,
S1_selp_through_zone_s11,SELP,S1,through_zone,11,8.0,0.0,False,allow,True,FN,141,0.0,91.06,True,False,True,False,0.5622,
S1_selp_through_zone_s12,SELP,S1,through_zone,12,8.0,0.0,False,allow,True,FN,127,0.0,90.85,True,False,True,False,0.5622,
S1_selp_through_zone_s13,SELP,S1,through_zone,13,8.0,0.0,False,allow,True,FN,115,0.0,92.15,True,False,True,False,0.5622,
S1_selp_through_zone_s14,SELP,S1,through_zone,14,8.0,0.0,False,allow,True,FN,73,0.0,76.88,True,False,True,False,0.5622,
S1_selp_through_zone_s15,SELP,S1,through_zone,15,8.0,0.0,False,allow,True,FN,120,0.0,98.84,True,False,True,False,0.5622,
S1_selp_through_zone_s16,SELP,S1,through_zone,16,8.0,0.0,False,allow,True,FN,143,0.0,96.24,True,False,True,False,0.5622,
S1_selp_through_zone_s17,SELP,S1,through_zone,17,8.0,0.0,False,allow,True,FN,88,0.0,94.3,True,False,True,False,0.5622,
S1_selp_through_zone_s18,SELP,S1,through_zone,18,8.0,0.0,False,allow,True,FN,76,0.0,79.07,True,False,True,False,0.5622,
S1_selp_through_zone_s19,SELP,S1,through_zone,19,8.0,0.0,False,allow,True,FN,98,0.0,79.98,True,False,True,False,0.5622,
S1_cbf_inside_zone_s0,CBF,S1,inside_zone,0,5.0,0.0,False,reject,False,TP,0,4.000000000000548,34.7,True,False,False,False,0.5622,
S1_cbf_inside_zone_s1,CBF,S1,inside_zone,1,5.0,0.0,False,reject,False,TP,0,4.000000000000549,33.5,True,False,False,False,0.5622,
S1_cbf_inside_zone_s2,CBF,S1,inside_zone,2,5.0,0.0,False,reject,False,TP,0,4.00000000000055,32.55,True,False,False,False,0.5622,
S1_cbf_inside_zone_s3,CBF,S1,inside_zone,3,5.0,0.0,False,reject,False,TP,0,4.000000000000549,30.75,True,False,False,False,0.5622,
S1_cbf_inside_zone_s4,CBF,S1,inside_zone,4,5.0,0.0,False,reject,False,TP,0,4.000000000000547,40.31,True,False,False,False,0.5622,
S1_cbf_inside_zone_s5,CBF,S1,inside_zone,5,5.0,0.0,False,reject,False,TP,0,4.000000000000331,23.42,True,False,False,False,0.5622,
S1_cbf_inside_zone_s6,CBF,S1,inside_zone,6,5.0,0.0,False,reject,False,TP,0,4.000000000000549,28.56,True,False,False,False,0.5622,
S1_cbf_inside_zone_s7,CBF,S1,inside_zone,7,5.0,0.0,False,reject,False,TP,0,4.0000000000003295,34.82,True,False,False,False,0.5622,
S1_cbf_inside_zone_s8,CBF,S1,inside_zone,8,5.0,0.0,False,reject,False,TP,0,4.000000000000549,34.88,True,False,False,False,0.5622,
S1_cbf_inside_zone_s9,CBF,S1,inside_zone,9,5.0,0.0,False,reject,False,TP,0,4.000000000000331,34.72,True,False,False,False,0.5622,
S1_cbf_inside_zone_s10,CBF,S1,inside_zone,10,5.0,0.0,False,reject,False,TP,0,4.000000000000548,36.78,True,False,False,False,0.5622,
S1_cbf_inside_zone_s11,CBF,S1,inside_zone,11,5.0,0.0,False,reject,False,TP,0,4.000000000000331,35.65,True,False,False,False,0.5622,
S1_cbf_inside_zone_s12,CBF,S1,inside_zone,12,5.0,0.0,False,reject,False,TP,0,4.0000000000003295,36.37,True,False,False,False,0.5622,
S1_cbf_inside_zone_s13,CBF,S1,inside_zone,13,5.0,0.0,False,reject,False,TP,0,4.00000000000054,37.85,True,False,False,False,0.5622,
S1_cbf_inside_zone_s14,CBF,S1,inside_zone,14,5.0,0.0,False,reject,False,TP,0,4.000000000000551,21.87,True,False,False,False,0.5622,
S1_cbf_inside_zone_s15,CBF,S1,inside_zone,15,5.0,0.0,False,reject,False,TP,0,4.0000000000005,22.71,True,False,False,False,0.5622,
S1_cbf_inside_zone_s16,CBF,S1,inside_zone,16,5.0,0.0,False,reject,False,TP,0,4.000000000000331,37.57,True,False,False,False,0.5622,
S1_cbf_inside_zone_s17,CBF,S1,inside_zone,17,5.0,0.0,False,reject,False,TP,0,4.000000000000332,38.23,True,False,False,False,0.5622,
S1_cbf_inside_zone_s18,CBF,S1,inside_zone,18,5.0,0.0,False,reject,False,TP,0,4.000000000000331,34.22,True,False,False,False,0.5622,
S1_cbf_inside_zone_s19,CBF,S1,inside_zone,19,5.0,0.0,False,reject,False,TP,0,4.000000000000551,23.59,True,False,False,False,0.5622,
S1_cbf_mid_boundary_s0,CBF,S1,mid_boundary,0,3.55,0.0,True,allow,False,TN,0,0.6292396343571625,51.1,True,False,True,False,0.5622,
S1_cbf_mid_boundary_s1,CBF,S1,mid_boundary,1,3.55,0.0,True,allow,False,TN,0,0.6900967238783817,55.96,True,False,True,False,0.5622,
S1_cbf_mid_boundary_s2,CBF,S1,mid_boundary,2,3.55,0.0,True,allow,False,TN,0,0.6660255614131447,53.32,True,False,True,False,0.5622,
S1_cbf_mid_boundary_s3,CBF,S1,mid_boundary,3,3.55,0.0,True,allow,False,TN,0,0.680078545258358,61.0,True,False,True,False,0.5622,
S1_cbf_mid_boundary_s4,CBF,S1,mid_boundary,4,3.55,0.0,True,allow,False,TN,0,0.689712147771683,53.95,True,False,True,False,0.5622,
S1_cbf_mid_boundary_s5,CBF,S1,mid_boundary,5,3.55,0.0,True,allow,False,TN,0,0.6889843628121133,54.29,True,False,True,False,0.5622,
S1_cbf_mid_boundary_s6,CBF,S1,mid_boundary,6,3.55,0.0,True,allow,False,TN,0,0.699358894240464,62.58,True,False,True,False,0.5622,
S1_cbf_mid_boundary_s7,CBF,S1,mid_boundary,7,3.55,0.0,True,allow,False,TN,0,0.6417649995099488,53.67,True,False,True,False,0.5622,
S1_cbf_mid_boundary_s8,CBF,S1,mid_boundary,8,3.55,0.0,True,allow,False,TN,0,0.694059121532514,59.49,True,False,True,False,0.5622,
S1_cbf_mid_boundary_s9,CBF,S1,mid_boundary,9,3.55,0.0,True,allow,False,TN,0,0.7017442128983351,59.59,True,False,True,False,0.5622,
S1_cbf_mid_boundary_s10,CBF,S1,mid_boundary,10,3.55,0.0,True,allow,False,TN,0,0.6557870587524088,49.44,True,False,True,False,0.5622,
S1_cbf_mid_boundary_s11,CBF,S1,mid_boundary,11,3.55,0.0,True,allow,False,TN,0,0.6971003197106431,52.99,True,False,True,False,0.5622,
S1_cbf_mid_boundary_s12,CBF,S1,mid_boundary,12,3.55,0.0,True,allow,False,TN,0,0.6918598561366283,55.39,True,False,True,False,0.5622,
S1_cbf_mid_boundary_s13,CBF,S1,mid_boundary,13,3.55,0.0,True,allow,False,TN,0,0.6549923839116714,52.06,True,False,True,False,0.5622,
S1_cbf_mid_boundary_s14,CBF,S1,mid_boundary,14,3.55,0.0,True,allow,False,TN,0,0.6899927030524111,72.14,True,False,True,False,0.5622,
S1_cbf_mid_boundary_s15,CBF,S1,mid_boundary,15,3.55,0.0,True,allow,False,TN,0,0.6854564725675019,39.21,True,False,True,False,0.5622,
S1_cbf_mid_boundary_s16,CBF,S1,mid_boundary,16,3.55,0.0,True,allow,False,TN,0,0.6605011638775213,50.5,True,False,True,False,0.5622,
S1_cbf_mid_boundary_s17,CBF,S1,mid_boundary,17,3.55,0.0,True,allow,False,TN,0,0.6822536608605652,58.22,True,False,True,False,0.5622,
S1_cbf_mid_boundary_s18,CBF,S1,mid_boundary,18,3.55,0.0,True,allow,False,TN,0,0.6754335131219467,51.94,True,False,True,False,0.5622,
S1_cbf_mid_boundary_s19,CBF,S1,mid_boundary,19,3.55,0.0,True,allow,False,TN,0,0.6670479970450667,37.72,True,False,True,False,0.5622,
S1_cbf_near_boundary_s0,CBF,S1,near_boundary,0,3.85,0.0,True,reject,False,FP,0,4.000000000000331,28.6,True,False,False,False,0.5622,
S1_cbf_near_boundary_s1,CBF,S1,near_boundary,1,3.85,0.0,True,reject,False,FP,0,4.000000000000547,34.83,True,False,False,False,0.5622,
S1_cbf_near_boundary_s2,CBF,S1,near_boundary,2,3.85,0.0,True,reject,False,FP,0,4.000000000000331,35.16,True,False,False,False,0.5622,
S1_cbf_near_boundary_s3,CBF,S1,near_boundary,3,3.85,0.0,True,reject,False,FP,0,4.000000000000331,32.42,True,False,False,False,0.5622,
S1_cbf_near_boundary_s4,CBF,S1,near_boundary,4,3.85,0.0,True,reject,False,FP,0,4.000000000000331,32.14,True,False,False,False,0.5622,
S1_cbf_near_boundary_s5,CBF,S1,near_boundary,5,3.85,0.0,True,reject,False,FP,0,4.000000000000331,35.05,True,False,False,False,0.5622,
S1_cbf_near_boundary_s6,CBF,S1,near_boundary,6,3.85,0.0,True,reject,False,FP,0,4.000000000000332,35.43,True,False,False,False,0.5622,
S1_cbf_near_boundary_s7,CBF,S1,near_boundary,7,3.85,0.0,True,reject,False,FP,0,4.000000000000549,25.9,True,False,False,False,0.5622,
S1_cbf_near_boundary_s8,CBF,S1,near_boundary,8,3.85,0.0,True,reject,False,FP,0,4.00000000000055,35.12,True,False,False,False,0.5622,
S1_cbf_near_boundary_s9,CBF,S1,near_boundary,9,3.85,0.0,True,reject,False,FP,0,4.000000000000331,25.76,True,False,False,False,0.5622,
S1_cbf_near_boundary_s10,CBF,S1,near_boundary,10,3.85,0.0,True,reject,False,FP,0,4.000000000000548,38.18,True,False,False,False,0.5622,
S1_cbf_near_boundary_s11,CBF,S1,near_boundary,11,3.85,0.0,True,reject,False,FP,0,4.000000000000332,31.53,True,False,False,False,0.5622,
S1_cbf_near_boundary_s12,CBF,S1,near_boundary,12,3.85,0.0,True,reject,False,FP,0,4.000000000000551,28.5,True,False,False,False,0.5622,
S1_cbf_near_boundary_s13,CBF,S1,near_boundary,13,3.85,0.0,True,reject,False,FP,0,4.000000000000549,34.68,True,False,False,False,0.5622,
S1_cbf_near_boundary_s14,CBF,S1,near_boundary,14,3.85,0.0,True,reject,False,FP,0,4.000000000000525,37.88,True,False,False,False,0.5622,
S1_cbf_near_boundary_s15,CBF,S1,near_boundary,15,3.85,0.0,True,reject,False,FP,0,4.000000000000332,34.52,True,False,False,False,0.5622,
S1_cbf_near_boundary_s16,CBF,S1,near_boundary,16,3.85,0.0,True,reject,False,FP,0,4.0000000000005,35.03,True,False,False,False,0.5622,
S1_cbf_near_boundary_s17,CBF,S1,near_boundary,17,3.85,0.0,True,reject,False,FP,0,4.000000000000331,35.73,True,False,False,False,0.5622,
S1_cbf_near_boundary_s18,CBF,S1,near_boundary,18,3.85,0.0,True,reject,False,FP,0,4.000000000000502,32.49,True,False,False,False,0.5622,
S1_cbf_near_boundary_s19,CBF,S1,near_boundary,19,3.85,0.0,True,reject,False,FP,0,4.00000000000033,34.58,True,False,False,False,0.5622,
S1_cbf_safe_far_s0,CBF,S1,safe_far,0,2.0,0.0,True,allow,False,TN,0,2.23471889021261,33.75,True,False,True,False,0.5622,
S1_cbf_safe_far_s1,CBF,S1,safe_far,1,2.0,0.0,True,allow,False,TN,0,2.231378761645229,46.38,True,False,True,False,0.5622,
S1_cbf_safe_far_s2,CBF,S1,safe_far,2,2.0,0.0,True,allow,False,TN,0,2.2333046603857065,43.57,True,False,True,False,0.5622,
S1_cbf_safe_far_s3,CBF,S1,safe_far,3,2.0,0.0,True,allow,False,TN,0,2.1876182092301564,35.76,True,False,True,False,0.5622,
S1_cbf_safe_far_s4,CBF,S1,safe_far,4,2.0,0.0,True,allow,False,TN,0,2.2318487040003006,36.6,True,False,True,False,0.5622,
S1_cbf_safe_far_s5,CBF,S1,safe_far,5,2.0,0.0,True,allow,False,TN,0,2.21066099001722,49.28,True,False,True,False,0.5622,
S1_cbf_safe_far_s6,CBF,S1,safe_far,6,2.0,0.0,True,allow,False,TN,0,2.226745048623931,31.95,True,False,True,False,0.5622,
S1_cbf_safe_far_s7,CBF,S1,safe_far,7,2.0,0.0,True,allow,False,TN,0,2.2193422079035865,34.9,True,False,True,False,0.5622,
S1_cbf_safe_far_s8,CBF,S1,safe_far,8,2.0,0.0,True,allow,False,TN,0,2.223053849617143,46.49,True,False,True,False,0.5622,
S1_cbf_safe_far_s9,CBF,S1,safe_far,9,2.0,0.0,True,allow,False,TN,0,2.2358832494388965,43.51,True,False,True,False,0.5622,
S1_cbf_safe_far_s10,CBF,S1,safe_far,10,2.0,0.0,True,allow,False,TN,0,2.191939119842993,44.31,True,False,True,False,0.5622,
S1_cbf_safe_far_s11,CBF,S1,safe_far,11,2.0,0.0,True,allow,False,TN,0,2.2136296011539027,44.21,True,False,True,False,0.5622,
S1_cbf_safe_far_s12,CBF,S1,safe_far,12,2.0,0.0,True,allow,False,TN,0,2.2287873375675975,46.87,True,False,True,False,0.5622,
S1_cbf_safe_far_s13,CBF,S1,safe_far,13,2.0,0.0,True,allow,False,TN,0,2.218935532777426,40.19,True,False,True,False,0.5622,
S1_cbf_safe_far_s14,CBF,S1,safe_far,14,2.0,0.0,True,allow,False,TN,0,2.2132675881847,46.52,True,False,True,False,0.5622,
S1_cbf_safe_far_s15,CBF,S1,safe_far,15,2.0,0.0,True,allow,False,TN,0,2.2345248974564598,45.93,True,False,True,False,0.5622,
S1_cbf_safe_far_s16,CBF,S1,safe_far,16,2.0,0.0,True,allow,False,TN,0,2.2100852096130854,34.59,True,False,True,False,0.5622,
S1_cbf_safe_far_s17,CBF,S1,safe_far,17,2.0,0.0,True,allow,False,TN,0,2.2226636041063754,44.08,True,False,True,False,0.5622,
S1_cbf_safe_far_s18,CBF,S1,safe_far,18,2.0,0.0,True,allow,False,TN,0,2.2366709927132105,44.02,True,False,True,False,0.5622,
S1_cbf_safe_far_s19,CBF,S1,safe_far,19,2.0,0.0,True,allow,False,TN,0,2.1923662024754718,43.95,True,False,True,False,0.5622,
S1_cbf_through_zone_s0,CBF,S1,through_zone,0,8.0,0.0,False,allow,True,FN,83,0.0,78.0,True,False,True,False,0.5622,
S1_cbf_through_zone_s1,CBF,S1,through_zone,1,8.0,0.0,False,allow,True,FN,76,0.0,77.53,True,False,True,False,0.5622,
S1_cbf_through_zone_s2,CBF,S1,through_zone,2,8.0,0.0,False,allow,True,FN,116,0.0,94.09,True,False,True,False,0.5622,
S1_cbf_through_zone_s3,CBF,S1,through_zone,3,8.0,0.0,False,allow,True,FN,143,0.0,107.39,True,False,True,False,0.5622,
S1_cbf_through_zone_s4,CBF,S1,through_zone,4,8.0,0.0,False,allow,True,FN,171,0.0,106.5,True,False,True,False,0.5622,
S1_cbf_through_zone_s5,CBF,S1,through_zone,5,8.0,0.0,False,timeout,True,FN,742,0.0,214.06,True,False,True,False,0.5622,
S1_cbf_through_zone_s6,CBF,S1,through_zone,6,8.0,0.0,False,allow,True,FN,78,0.0,85.65,True,False,True,False,0.5622,
S1_cbf_through_zone_s7,CBF,S1,through_zone,7,8.0,0.0,False,allow,False,FN,0,4.000000000000549,25.2,False,False,False,False,0.5622,
S1_cbf_through_zone_s8,CBF,S1,through_zone,8,8.0,0.0,False,timeout,True,FN,597,0.0,201.55,True,False,True,False,0.5622,
S1_cbf_through_zone_s9,CBF,S1,through_zone,9,8.0,0.0,False,allow,True,FN,74,0.0,75.54,True,False,True,False,0.5622,
S1_cbf_through_zone_s10,CBF,S1,through_zone,10,8.0,0.0,False,allow,True,FN,146,0.0,86.57,True,False,True,False,0.5622,
S1_cbf_through_zone_s11,CBF,S1,through_zone,11,8.0,0.0,False,timeout,True,FN,694,0.0,213.16,True,False,True,False,0.5622,
S1_cbf_through_zone_s12,CBF,S1,through_zone,12,8.0,0.0,False,allow,True,FN,97,0.0,92.07,True,False,True,False,0.5622,
S1_cbf_through_zone_s13,CBF,S1,through_zone,13,8.0,0.0,False,allow,True,FN,106,0.0,88.81,True,False,True,False,0.5622,
S1_cbf_through_zone_s14,CBF,S1,through_zone,14,8.0,0.0,False,timeout,True,FN,311,0.0,215.15,True,False,True,False,0.5622,
S1_cbf_through_zone_s15,CBF,S1,through_zone,15,8.0,0.0,False,allow,True,FN,71,0.0,93.82,True,False,True,False,0.5622,
S1_cbf_through_zone_s16,CBF,S1,through_zone,16,8.0,0.0,False,allow,True,FN,120,0.0,80.69,True,False,True,False,0.5622,
S1_cbf_through_zone_s17,CBF,S1,through_zone,17,8.0,0.0,False,allow,True,FN,411,0.0,208.37,True,False,True,False,0.5622,
S1_cbf_through_zone_s18,CBF,S1,through_zone,18,8.0,0.0,False,allow,True,FN,96,0.0,85.95,True,False,True,False,0.5622,
S1_cbf_through_zone_s19,CBF,S1,through_zone,19,8.0,0.0,False,allow,True,FN,104,0.0,75.61,True,False,True,False,0.5622,
S1_ssm_inside_zone_s0,SSM,S1,inside_zone,0,5.0,0.0,False,reject,False,TP,0,4.000000000000549,26.11,True,False,False,False,0.5622,
S1_ssm_inside_zone_s1,SSM,S1,inside_zone,1,5.0,0.0,False,reject,False,TP,0,4.00000000000033,36.68,True,False,False,False,0.5622,
S1_ssm_inside_zone_s2,SSM,S1,inside_zone,2,5.0,0.0,False,reject,False,TP,0,4.000000000000548,33.87,True,False,False,False,0.5622,
S1_ssm_inside_zone_s3,SSM,S1,inside_zone,3,5.0,0.0,False,reject,False,TP,0,4.00000000000033,39.66,True,False,False,False,0.5622,
S1_ssm_inside_zone_s4,SSM,S1,inside_zone,4,5.0,0.0,False,reject,False,TP,0,4.000000000000551,38.05,True,False,False,False,0.5622,
S1_ssm_inside_zone_s5,SSM,S1,inside_zone,5,5.0,0.0,False,reject,False,TP,0,4.000000000000548,34.56,True,False,False,False,0.5622,
S1_ssm_inside_zone_s6,SSM,S1,inside_zone,6,5.0,0.0,False,reject,False,TP,0,4.000000000000549,34.81,True,False,False,False,0.5622,
S1_ssm_inside_zone_s7,SSM,S1,inside_zone,7,5.0,0.0,False,reject,False,TP,0,4.000000000000549,30.9,True,False,False,False,0.5622,
S1_ssm_inside_zone_s8,SSM,S1,inside_zone,8,5.0,0.0,False,reject,False,TP,0,4.000000000000333,25.66,True,False,False,False,0.5622,
S1_ssm_inside_zone_s9,SSM,S1,inside_zone,9,5.0,0.0,False,reject,False,TP,0,4.000000000000332,32.61,True,False,False,False,0.5622,
S1_ssm_inside_zone_s10,SSM,S1,inside_zone,10,5.0,0.0,False,reject,False,TP,0,4.000000000000332,35.6,True,False,False,False,0.5622,
S1_ssm_inside_zone_s11,SSM,S1,inside_zone,11,5.0,0.0,False,reject,False,TP,0,4.000000000000332,33.66,True,False,False,False,0.5622,
S1_ssm_inside_zone_s12,SSM,S1,inside_zone,12,5.0,0.0,False,reject,False,TP,0,4.000000000000547,38.67,True,False,False,False,0.5622,
S1_ssm_inside_zone_s13,SSM,S1,inside_zone,13,5.0,0.0,False,reject,False,TP,0,4.000000000000331,37.49,True,False,False,False,0.5622,
S1_ssm_inside_zone_s14,SSM,S1,inside_zone,14,5.0,0.0,False,reject,False,TP,0,4.000000000000332,35.48,True,False,False,False,0.5622,
S1_ssm_inside_zone_s15,SSM,S1,inside_zone,15,5.0,0.0,False,reject,False,TP,0,4.00000000000033,32.15,True,False,False,False,0.5622,
S1_ssm_inside_zone_s16,SSM,S1,inside_zone,16,5.0,0.0,False,reject,False,TP,0,4.000000000000551,34.76,True,False,False,False,0.5622,
S1_ssm_inside_zone_s17,SSM,S1,inside_zone,17,5.0,0.0,False,reject,False,TP,0,4.000000000000547,34.68,True,False,False,False,0.5622,
S1_ssm_inside_zone_s18,SSM,S1,inside_zone,18,5.0,0.0,False,reject,False,TP,0,4.000000000000332,34.54,True,False,False,False,0.5622,
S1_ssm_inside_zone_s19,SSM,S1,inside_zone,19,5.0,0.0,False,reject,False,TP,0,4.000000000000331,36.1,True,False,False,False,0.5622,
S1_ssm_mid_boundary_s0,SSM,S1,mid_boundary,0,3.55,0.0,True,reject,False,FP,0,4.000000000000332,35.32,True,False,False,False,0.5622,
S1_ssm_mid_boundary_s1,SSM,S1,mid_boundary,1,3.55,0.0,True,reject,False,FP,0,4.000000000000331,39.68,True,False,False,False,0.5622,
S1_ssm_mid_boundary_s2,SSM,S1,mid_boundary,2,3.55,0.0,True,reject,False,FP,0,4.000000000000332,34.13,True,False,False,False,0.5622,
S1_ssm_mid_boundary_s3,SSM,S1,mid_boundary,3,3.55,0.0,True,reject,False,FP,0,4.000000000000551,39.87,True,False,False,False,0.5622,
S1_ssm_mid_boundary_s4,SSM,S1,mid_boundary,4,3.55,0.0,True,reject,False,FP,0,4.00000000000055,32.63,True,False,False,False,0.5622,
S1_ssm_mid_boundary_s5,SSM,S1,mid_boundary,5,3.55,0.0,True,reject,False,FP,0,4.00000000000055,34.87,True,False,False,False,0.5622,
S1_ssm_mid_boundary_s6,SSM,S1,mid_boundary,6,3.55,0.0,True,reject,False,FP,0,4.000000000000331,28.56,True,False,False,False,0.5622,
S1_ssm_mid_boundary_s7,SSM,S1,mid_boundary,7,3.55,0.0,True,reject,False,FP,0,4.000000000000551,34.87,True,False,False,False,0.5622,
S1_ssm_mid_boundary_s8,SSM,S1,mid_boundary,8,3.55,0.0,True,reject,False,FP,0,4.000000000000548,30.12,True,False,False,False,0.5622,
S1_ssm_mid_boundary_s9,SSM,S1,mid_boundary,9,3.55,0.0,True,reject,False,FP,0,4.000000000000547,26.8,True,False,False,False,0.5622,
S1_ssm_mid_boundary_s10,SSM,S1,mid_boundary,10,3.55,0.0,True,reject,False,FP,0,4.000000000000551,36.39,True,False,False,False,0.5622,
S1_ssm_mid_boundary_s11,SSM,S1,mid_boundary,11,3.55,0.0,True,reject,False,FP,0,4.00000000000033,36.31,True,False,False,False,0.5622,
S1_ssm_mid_boundary_s12,SSM,S1,mid_boundary,12,3.55,0.0,True,reject,False,FP,0,4.000000000000551,37.81,True,False,False,False,0.5622,
S1_ssm_mid_boundary_s13,SSM,S1,mid_boundary,13,3.55,0.0,True,reject,False,FP,0,4.000000000000549,34.58,True,False,False,False,0.5622,
S1_ssm_mid_boundary_s14,SSM,S1,mid_boundary,14,3.55,0.0,True,reject,False,FP,0,4.000000000000551,36.37,True,False,False,False,0.5622,
S1_ssm_mid_boundary_s15,SSM,S1,mid_boundary,15,3.55,0.0,True,reject,False,FP,0,4.000000000000549,34.5,True,False,False,False,0.5622,
S1_ssm_mid_boundary_s16,SSM,S1,mid_boundary,16,3.55,0.0,True,reject,False,FP,0,4.000000000000331,34.7,True,False,False,False,0.5622,
S1_ssm_mid_boundary_s17,SSM,S1,mid_boundary,17,3.55,0.0,True,reject,False,FP,0,4.000000000000332,22.55,True,False,False,False,0.5622,
S1_ssm_mid_boundary_s18,SSM,S1,mid_boundary,18,3.55,0.0,True,reject,False,FP,0,4.000000000000549,23.15,True,False,False,False,0.5622,
S1_ssm_mid_boundary_s19,SSM,S1,mid_boundary,19,3.55,0.0,True,reject,False,FP,0,4.000000000000551,34.64,True,False,False,False,0.5622,
S1_ssm_near_boundary_s0,SSM,S1,near_boundary,0,3.85,0.0,True,reject,False,FP,0,4.000000000000551,37.54,True,False,False,False,0.5622,
S1_ssm_near_boundary_s1,SSM,S1,near_boundary,1,3.85,0.0,True,reject,False,FP,0,4.000000000000547,37.59,True,False,False,False,0.5622,
S1_ssm_near_boundary_s2,SSM,S1,near_boundary,2,3.85,0.0,True,reject,False,FP,0,4.000000000000332,34.67,True,False,False,False,0.5622,
S1_ssm_near_boundary_s3,SSM,S1,near_boundary,3,3.85,0.0,True,reject,False,FP,0,4.000000000000331,37.75,True,False,False,False,0.5622,
S1_ssm_near_boundary_s4,SSM,S1,near_boundary,4,3.85,0.0,True,reject,False,FP,0,4.000000000000551,35.1,True,False,False,False,0.5622,
S1_ssm_near_boundary_s5,SSM,S1,near_boundary,5,3.85,0.0,True,reject,False,FP,0,4.000000000000547,26.21,True,False,False,False,0.5622,
S1_ssm_near_boundary_s6,SSM,S1,near_boundary,6,3.85,0.0,True,reject,False,FP,0,4.000000000000549,34.62,True,False,False,False,0.5622,
S1_ssm_near_boundary_s7,SSM,S1,near_boundary,7,3.85,0.0,True,reject,False,FP,0,4.000000000000547,34.59,True,False,False,False,0.5622,
S1_ssm_near_boundary_s8,SSM,S1,near_boundary,8,3.85,0.0,True,reject,False,FP,0,4.00000000000033,35.12,True,False,False,False,0.5622,
S1_ssm_near_boundary_s9,SSM,S1,near_boundary,9,3.85,0.0,True,reject,False,FP,0,4.000000000000547,41.04,True,False,False,False,0.5622,
S1_ssm_near_boundary_s10,SSM,S1,near_boundary,10,3.85,0.0,True,reject,False,FP,0,4.000000000000549,35.28,True,False,False,False,0.5622,
S1_ssm_near_boundary_s11,SSM,S1,near_boundary,11,3.85,0.0,True,reject,False,FP,0,4.000000000000549,34.68,True,False,False,False,0.5622,
S1_ssm_near_boundary_s12,SSM,S1,near_boundary,12,3.85,0.0,True,reject,False,FP,0,4.000000000000551,31.61,True,False,False,False,0.5622,
S1_ssm_near_boundary_s13,SSM,S1,near_boundary,13,3.85,0.0,True,reject,False,FP,0,4.000000000000549,34.49,True,False,False,False,0.5622,
S1_ssm_near_boundary_s14,SSM,S1,near_boundary,14,3.85,0.0,True,reject,False,FP,0,4.00000000000033,20.03,True,False,False,False,0.5622,
S1_ssm_near_boundary_s15,SSM,S1,near_boundary,15,3.85,0.0,True,reject,False,FP,0,4.00000000000055,35.12,True,False,False,False,0.5622,
S1_ssm_near_boundary_s16,SSM,S1,near_boundary,16,3.85,0.0,True,reject,False,FP,0,4.000000000000331,22.89,True,False,False,False,0.5622,
S1_ssm_near_boundary_s17,SSM,S1,near_boundary,17,3.85,0.0,True,reject,False,FP,0,4.00000000000055,34.67,True,False,False,False,0.5622,
S1_ssm_near_boundary_s18,SSM,S1,near_boundary,18,3.85,0.0,True,reject,False,FP,0,4.000000000000332,19.52,True,False,False,False,0.5622,
S1_ssm_near_boundary_s19,SSM,S1,near_boundary,19,3.85,0.0,True,reject,False,FP,0,4.000000000000551,33.58,True,False,False,False,0.5622,
S1_ssm_safe_far_s0,SSM,S1,safe_far,0,2.0,0.0,True,allow,False,TN,0,2.2281520931820635,43.55,True,False,True,False,0.5622,
S1_ssm_safe_far_s1,SSM,S1,safe_far,1,2.0,0.0,True,allow,False,TN,0,2.2391568882763866,45.58,True,False,True,False,0.5622,
S1_ssm_safe_far_s2,SSM,S1,safe_far,2,2.0,0.0,True,allow,False,TN,0,2.2402599736061184,45.81,True,False,True,False,0.5622,
S1_ssm_safe_far_s3,SSM,S1,safe_far,3,2.0,0.0,True,allow,False,TN,0,2.230424096399247,42.53,True,False,True,False,0.5622,
S1_ssm_safe_far_s4,SSM,S1,safe_far,4,2.0,0.0,True,allow,False,TN,0,2.2185532814043523,42.49,True,False,True,False,0.5622,
S1_ssm_safe_far_s5,SSM,S1,safe_far,5,2.0,0.0,True,allow,False,TN,0,2.195736341464325,44.59,True,False,True,False,0.5622,
S1_ssm_safe_far_s6,SSM,S1,safe_far,6,2.0,0.0,True,allow,False,TN,0,2.2321898262459796,34.26,True,False,True,False,0.5622,
S1_ssm_safe_far_s7,SSM,S1,safe_far,7,2.0,0.0,True,allow,False,TN,0,2.2114242883764637,34.88,True,False,True,False,0.5622,
S1_ssm_safe_far_s8,SSM,S1,safe_far,8,2.0,0.0,True,allow,False,TN,0,2.2114139549405083,44.68,True,False,True,False,0.5622,
S1_ssm_safe_far_s9,SSM,S1,safe_far,9,2.0,0.0,True,allow,False,TN,0,2.2085309551957897,44.65,True,False,True,False,0.5622,
S1_ssm_safe_far_s10,SSM,S1,safe_far,10,2.0,0.0,True,allow,False,TN,0,2.2022324553466697,37.36,True,False,True,False,0.5622,
S1_ssm_safe_far_s11,SSM,S1,safe_far,11,2.0,0.0,True,allow,False,TN,0,2.2111542826762136,43.6,True,False,True,False,0.5622,
S1_ssm_safe_far_s12,SSM,S1,safe_far,12,2.0,0.0,True,allow,False,TN,0,2.2308533863670474,40.54,True,False,True,False,0.5622,
S1_ssm_safe_far_s13,SSM,S1,safe_far,13,2.0,0.0,True,allow,False,TN,0,2.206706616043512,41.0,True,False,True,False,0.5622,
S1_ssm_safe_far_s14,SSM,S1,safe_far,14,2.0,0.0,True,allow,False,TN,0,2.2115755307879432,46.8,True,False,True,False,0.5622,
S1_ssm_safe_far_s15,SSM,S1,safe_far,15,2.0,0.0,True,allow,False,TN,0,2.2389214733374008,50.27,True,False,True,False,0.5622,
S1_ssm_safe_far_s16,SSM,S1,safe_far,16,2.0,0.0,True,allow,False,TN,0,2.2129432042636785,31.9,True,False,True,False,0.5622,
S1_ssm_safe_far_s17,SSM,S1,safe_far,17,2.0,0.0,True,allow,False,TN,0,2.2054709920978013,46.77,True,False,True,False,0.5622,
S1_ssm_safe_far_s18,SSM,S1,safe_far,18,2.0,0.0,True,allow,False,TN,0,2.223328377010942,29.4,True,False,True,False,0.5622,
S1_ssm_safe_far_s19,SSM,S1,safe_far,19,2.0,0.0,True,allow,False,TN,0,2.208519772359206,46.36,True,False,True,False,0.5622,
S1_ssm_through_zone_s0,SSM,S1,through_zone,0,8.0,0.0,False,allow,True,FN,105,0.0,88.89,True,False,True,False,0.5622,
S1_ssm_through_zone_s1,SSM,S1,through_zone,1,8.0,0.0,False,allow,True,FN,229,0.0,118.36,True,False,True,False,0.5622,
S1_ssm_through_zone_s2,SSM,S1,through_zone,2,8.0,0.0,False,allow,True,FN,138,0.0,98.65,True,False,True,False,0.5622,
S1_ssm_through_zone_s3,SSM,S1,through_zone,3,8.0,0.0,False,allow,True,FN,118,0.0,99.97,True,False,True,False,0.5622,
S1_ssm_through_zone_s4,SSM,S1,through_zone,4,8.0,0.0,False,allow,True,FN,149,0.0,114.55,True,False,True,False,0.5622,
S1_ssm_through_zone_s5,SSM,S1,through_zone,5,8.0,0.0,False,allow,True,FN,561,0.0,207.7,True,False,True,False,0.5622,
S1_ssm_through_zone_s6,SSM,S1,through_zone,6,8.0,0.0,False,allow,True,FN,121,0.0,92.5,True,False,True,False,0.5622,
S1_ssm_through_zone_s7,SSM,S1,through_zone,7,8.0,0.0,False,allow,True,FN,106,0.0,78.07,True,False,True,False,0.5622,
S1_ssm_through_zone_s8,SSM,S1,through_zone,8,8.0,0.0,False,allow,True,FN,276,0.0,200.68,True,False,True,False,0.5622,
S1_ssm_through_zone_s9,SSM,S1,through_zone,9,8.0,0.0,False,allow,True,FN,179,0.0,110.34,True,False,True,False,0.5622,
S1_ssm_through_zone_s10,SSM,S1,through_zone,10,8.0,0.0,False,allow,True,FN,116,0.0,88.34,True,False,True,False,0.5622,
S1_ssm_through_zone_s11,SSM,S1,through_zone,11,8.0,0.0,False,allow,True,FN,742,0.0,210.53,True,False,True,False,0.5622,
S1_ssm_through_zone_s12,SSM,S1,through_zone,12,8.0,0.0,False,allow,True,FN,71,0.0,82.77,True,False,True,False,0.5622,
S1_ssm_through_zone_s13,SSM,S1,through_zone,13,8.0,0.0,False,allow,True,FN,110,0.0,74.96,True,False,True,False,0.5622,
S1_ssm_through_zone_s14,SSM,S1,through_zone,14,8.0,0.0,False,allow,False,FN,0,4.000000000000331,22.92,False,False,False,False,0.5622,
S1_ssm_through_zone_s15,SSM,S1,through_zone,15,8.0,0.0,False,allow,True,FN,151,0.0,102.51,True,False,True,False,0.5622,
S1_ssm_through_zone_s16,SSM,S1,through_zone,16,8.0,0.0,False,allow,True,FN,115,0.0,92.11,True,False,True,False,0.5622,
S1_ssm_through_zone_s17,SSM,S1,through_zone,17,8.0,0.0,False,allow,True,FN,415,0.0,214.42,True,False,True,False,0.5622,
S1_ssm_through_zone_s18,SSM,S1,through_zone,18,8.0,0.0,False,allow,True,FN,152,0.0,105.57,True,False,True,False,0.5622,
S1_ssm_through_zone_s19,SSM,S1,through_zone,19,8.0,0.0,False,allow,True,FN,132,0.0,87.92,True,False,True,False,0.5622,
S1_cbf_adaptive_inside_zone_s0,CBF-Adaptive,S1,inside_zone,0,5.0,0.0,False,reject,False,TP,0,4.000000000000549,25.86,True,False,False,False,0.5622,
S1_cbf_adaptive_inside_zone_s1,CBF-Adaptive,S1,inside_zone,1,5.0,0.0,False,reject,False,TP,0,4.000000000000549,31.85,True,False,False,False,0.5622,
S1_cbf_adaptive_inside_zone_s2,CBF-Adaptive,S1,inside_zone,2,5.0,0.0,False,reject,False,TP,0,4.000000000000551,39.59,True,False,False,False,0.5622,
S1_cbf_adaptive_inside_zone_s3,CBF-Adaptive,S1,inside_zone,3,5.0,0.0,False,reject,False,TP,0,4.000000000000547,37.87,True,False,False,False,0.5622,
S1_cbf_adaptive_inside_zone_s4,CBF-Adaptive,S1,inside_zone,4,5.0,0.0,False,reject,False,TP,0,4.000000000000549,35.14,True,False,False,False,0.5622,
S1_cbf_adaptive_inside_zone_s5,CBF-Adaptive,S1,inside_zone,5,5.0,0.0,False,reject,False,TP,0,4.000000000000546,33.92,True,False,False,False,0.5622,
S1_cbf_adaptive_inside_zone_s6,CBF-Adaptive,S1,inside_zone,6,5.0,0.0,False,reject,False,TP,0,4.000000000000549,31.72,True,False,False,False,0.5622,
S1_cbf_adaptive_inside_zone_s7,CBF-Adaptive,S1,inside_zone,7,5.0,0.0,False,reject,False,TP,0,4.000000000000549,37.63,True,False,False,False,0.5622,
S1_cbf_adaptive_inside_zone_s8,CBF-Adaptive,S1,inside_zone,8,5.0,0.0,False,reject,False,TP,0,4.000000000000551,19.94,True,False,False,False,0.5622,
S1_cbf_adaptive_inside_zone_s9,CBF-Adaptive,S1,inside_zone,9,5.0,0.0,False,reject,False,TP,0,4.000000000000331,35.49,True,False,False,False,0.5622,
S1_cbf_adaptive_inside_zone_s10,CBF-Adaptive,S1,inside_zone,10,5.0,0.0,False,reject,False,TP,0,4.000000000000332,35.44,True,False,False,False,0.5622,
S1_cbf_adaptive_inside_zone_s11,CBF-Adaptive,S1,inside_zone,11,5.0,0.0,False,reject,False,TP,0,4.00000000000033,26.68,True,False,False,False,0.5622,
S1_cbf_adaptive_inside_zone_s12,CBF-Adaptive,S1,inside_zone,12,5.0,0.0,False,reject,False,TP,0,4.000000000000331,34.63,True,False,False,False,0.5622,
S1_cbf_adaptive_inside_zone_s13,CBF-Adaptive,S1,inside_zone,13,5.0,0.0,False,reject,False,TP,0,4.000000000000549,33.87,True,False,False,False,0.5622,
S1_cbf_adaptive_inside_zone_s14,CBF-Adaptive,S1,inside_zone,14,5.0,0.0,False,reject,False,TP,0,4.00000000000033,34.8,True,False,False,False,0.5622,
S1_cbf_adaptive_inside_zone_s15,CBF-Adaptive,S1,inside_zone,15,5.0,0.0,False,reject,False,TP,0,4.000000000000331,22.65,True,False,False,False,0.5622,
S1_cbf_adaptive_inside_zone_s16,CBF-Adaptive,S1,inside_zone,16,5.0,0.0,False,reject,False,TP,0,4.00000000000033,35.31,True,False,False,False,0.5622,
S1_cbf_adaptive_inside_zone_s17,CBF-Adaptive,S1,inside_zone,17,5.0,0.0,False,reject,False,TP,0,4.000000000000549,29.07,True,False,False,False,0.5622,
S1_cbf_adaptive_inside_zone_s18,CBF-Adaptive,S1,inside_zone,18,5.0,0.0,False,reject,False,TP,0,4.000000000000551,22.63,True,False,False,False,0.5622,
S1_cbf_adaptive_inside_zone_s19,CBF-Adaptive,S1,inside_zone,19,5.0,0.0,False,reject,False,TP,0,4.00000000000033,31.83,True,False,False,False,0.5622,
S1_cbf_adaptive_mid_boundary_s0,CBF-Adaptive,S1,mid_boundary,0,3.55,0.0,True,reject,False,FP,0,4.000000000000547,25.76,True,False,False,False,0.5622,
S1_cbf_adaptive_mid_boundary_s1,CBF-Adaptive,S1,mid_boundary,1,3.55,0.0,True,reject,False,FP,0,4.000000000000333,34.92,True,False,False,False,0.5622,
S1_cbf_adaptive_mid_boundary_s2,CBF-Adaptive,S1,mid_boundary,2,3.55,0.0,True,reject,False,FP,0,4.000000000000549,25.62,True,False,False,False,0.5622,
S1_cbf_adaptive_mid_boundary_s3,CBF-Adaptive,S1,mid_boundary,3,3.55,0.0,True,reject,False,FP,0,4.000000000000551,38.31,True,False,False,False,0.5622,
S1_cbf_adaptive_mid_boundary_s4,CBF-Adaptive,S1,mid_boundary,4,3.55,0.0,True,reject,False,FP,0,4.00000000000033,34.9,True,False,False,False,0.5622,
S1_cbf_adaptive_mid_boundary_s5,CBF-Adaptive,S1,mid_boundary,5,3.55,0.0,True,reject,False,FP,0,4.000000000000332,34.99,True,False,False,False,0.5622,
S1_cbf_adaptive_mid_boundary_s6,CBF-Adaptive,S1,mid_boundary,6,3.55,0.0,True,reject,False,FP,0,4.000000000000548,26.95,True,False,False,False,0.5622,
S1_cbf_adaptive_mid_boundary_s7,CBF-Adaptive,S1,mid_boundary,7,3.55,0.0,True,reject,False,FP,0,4.000000000000549,37.66,True,False,False,False,0.5622,
S1_cbf_adaptive_mid_boundary_s8,CBF-Adaptive,S1,mid_boundary,8,3.55,0.0,True,reject,False,FP,0,4.00000000000055,37.71,True,False,False,False,0.5622,
S1_cbf_adaptive_mid_boundary_s9,CBF-Adaptive,S1,mid_boundary,9,3.55,0.0,True,reject,False,FP,0,4.000000000000333,35.8,True,False,False,False,0.5622,
S1_cbf_adaptive_mid_boundary_s10,CBF-Adaptive,S1,mid_boundary,10,3.55,0.0,True,reject,False,FP,0,4.000000000000331,21.71,True,False,False,False,0.5622,
S1_cbf_adaptive_mid_boundary_s11,CBF-Adaptive,S1,mid_boundary,11,3.55,0.0,True,reject,False,FP,0,4.000000000000333,34.3,True,False,False,False,0.5622,
S1_cbf_adaptive_mid_boundary_s12,CBF-Adaptive,S1,mid_boundary,12,3.55,0.0,True,reject,False,FP,0,4.000000000000549,33.13,True,False,False,False,0.5622,
S1_cbf_adaptive_mid_boundary_s13,CBF-Adaptive,S1,mid_boundary,13,3.55,0.0,True,reject,False,FP,0,4.000000000000549,26.09,True,False,False,False,0.5622,
S1_cbf_adaptive_mid_boundary_s14,CBF-Adaptive,S1,mid_boundary,14,3.55,0.0,True,reject,False,FP,0,4.000000000000551,25.91,True,False,False,False,0.5622,
S1_cbf_adaptive_mid_boundary_s15,CBF-Adaptive,S1,mid_boundary,15,3.55,0.0,True,reject,False,FP,0,4.000000000000547,37.7,True,False,False,False,0.5622,
S1_cbf_adaptive_mid_boundary_s16,CBF-Adaptive,S1,mid_boundary,16,3.55,0.0,True,reject,False,FP,0,4.000000000000549,37.48,True,False,False,False,0.5622,
S1_cbf_adaptive_mid_boundary_s17,CBF-Adaptive,S1,mid_boundary,17,3.55,0.0,True,reject,False,FP,0,4.000000000000549,39.63,True,False,False,False,0.5622,
S1_cbf_adaptive_mid_boundary_s18,CBF-Adaptive,S1,mid_boundary,18,3.55,0.0,True,reject,False,FP,0,4.000000000000333,34.81,True,False,False,False,0.5622,
S1_cbf_adaptive_mid_boundary_s19,CBF-Adaptive,S1,mid_boundary,19,3.55,0.0,True,reject,False,FP,0,4.000000000000551,19.93,True,False,False,False,0.5622,
S1_cbf_adaptive_near_boundary_s0,CBF-Adaptive,S1,near_boundary,0,3.85,0.0,True,reject,False,FP,0,4.00000000000055,35.66,True,False,False,False,0.5622,
S1_cbf_adaptive_near_boundary_s1,CBF-Adaptive,S1,near_boundary,1,3.85,0.0,True,reject,False,FP,0,4.00000000000033,34.75,True,False,False,False,0.5622,
S1_cbf_adaptive_near_boundary_s2,CBF-Adaptive,S1,near_boundary,2,3.85,0.0,True,reject,False,FP,0,4.000000000000551,27.85,True,False,False,False,0.5622,
S1_cbf_adaptive_near_boundary_s3,CBF-Adaptive,S1,near_boundary,3,3.85,0.0,True,reject,False,FP,0,4.00000000000033,38.22,True,False,False,False,0.5622,
S1_cbf_adaptive_near_boundary_s4,CBF-Adaptive,S1,near_boundary,4,3.85,0.0,True,reject,False,FP,0,4.000000000000547,22.87,True,False,False,False,0.5622,
S1_cbf_adaptive_near_boundary_s5,CBF-Adaptive,S1,near_boundary,5,3.85,0.0,True,reject,False,FP,0,4.000000000000541,37.69,True,False,False,False,0.5622,
S1_cbf_adaptive_near_boundary_s6,CBF-Adaptive,S1,near_boundary,6,3.85,0.0,True,reject,False,FP,0,4.000000000000549,35.24,True,False,False,False,0.5622,
S1_cbf_adaptive_near_boundary_s7,CBF-Adaptive,S1,near_boundary,7,3.85,0.0,True,reject,False,FP,0,4.00000000000055,25.76,True,False,False,False,0.5622,
S1_cbf_adaptive_near_boundary_s8,CBF-Adaptive,S1,near_boundary,8,3.85,0.0,True,reject,False,FP,0,4.000000000000549,34.55,True,False,False,False,0.5622,
S1_cbf_adaptive_near_boundary_s9,CBF-Adaptive,S1,near_boundary,9,3.85,0.0,True,reject,False,FP,0,4.000000000000549,35.13,True,False,False,False,0.5622,
S1_cbf_adaptive_near_boundary_s10,CBF-Adaptive,S1,near_boundary,10,3.85,0.0,True,reject,False,FP,0,4.000000000000548,37.65,True,False,False,False,0.5622,
S1_cbf_adaptive_near_boundary_s11,CBF-Adaptive,S1,near_boundary,11,3.85,0.0,True,reject,False,FP,0,4.000000000000551,33.85,True,False,False,False,0.5622,
S1_cbf_adaptive_near_boundary_s12,CBF-Adaptive,S1,near_boundary,12,3.85,0.0,True,reject,False,FP,0,4.000000000000331,25.57,True,False,False,False,0.5622,
S1_cbf_adaptive_near_boundary_s13,CBF-Adaptive,S1,near_boundary,13,3.85,0.0,True,reject,False,FP,0,4.000000000000332,37.52,True,False,False,False,0.5622,
S1_cbf_adaptive_near_boundary_s14,CBF-Adaptive,S1,near_boundary,14,3.85,0.0,True,reject,False,FP,0,4.000000000000549,34.18,True,False,False,False,0.5622,
S1_cbf_adaptive_near_boundary_s15,CBF-Adaptive,S1,near_boundary,15,3.85,0.0,True,reject,False,FP,0,4.00000000000033,32.07,True,False,False,False,0.5622,
S1_cbf_adaptive_near_boundary_s16,CBF-Adaptive,S1,near_boundary,16,3.85,0.0,True,reject,False,FP,0,4.000000000000501,34.46,True,False,False,False,0.5622,
S1_cbf_adaptive_near_boundary_s17,CBF-Adaptive,S1,near_boundary,17,3.85,0.0,True,reject,False,FP,0,4.000000000000551,37.8,True,False,False,False,0.5622,
S1_cbf_adaptive_near_boundary_s18,CBF-Adaptive,S1,near_boundary,18,3.85,0.0,True,reject,False,FP,0,4.000000000000549,22.59,True,False,False,False,0.5622,
S1_cbf_adaptive_near_boundary_s19,CBF-Adaptive,S1,near_boundary,19,3.85,0.0,True,reject,False,FP,0,4.000000000000547,22.65,True,False,False,False,0.5622,
S1_cbf_adaptive_safe_far_s0,CBF-Adaptive,S1,safe_far,0,2.0,0.0,True,allow,False,TN,0,2.2319390978096436,44.48,True,False,True,False,0.5622,
S1_cbf_adaptive_safe_far_s1,CBF-Adaptive,S1,safe_far,1,2.0,0.0,True,allow,False,TN,0,2.204834913373805,46.71,True,False,True,False,0.5622,
S1_cbf_adaptive_safe_far_s2,CBF-Adaptive,S1,safe_far,2,2.0,0.0,True,allow,False,TN,0,2.2240782463578395,46.28,True,False,True,False,0.5622,
S1_cbf_adaptive_safe_far_s3,CBF-Adaptive,S1,safe_far,3,2.0,0.0,True,allow,False,TN,0,2.208745282973802,46.23,True,False,True,False,0.5622,
S1_cbf_adaptive_safe_far_s4,CBF-Adaptive,S1,safe_far,4,2.0,0.0,True,allow,False,TN,0,2.2189953503648177,30.86,True,False,True,False,0.5622,
S1_cbf_adaptive_safe_far_s5,CBF-Adaptive,S1,safe_far,5,2.0,0.0,True,allow,False,TN,0,2.1963701517570993,47.66,True,False,True,False,0.5622,
S1_cbf_adaptive_safe_far_s6,CBF-Adaptive,S1,safe_far,6,2.0,0.0,True,allow,False,TN,0,2.200593910184483,45.43,True,False,True,False,0.5622,
S1_cbf_adaptive_safe_far_s7,CBF-Adaptive,S1,safe_far,7,2.0,0.0,True,allow,False,TN,0,2.212214327772242,43.88,True,False,True,False,0.5622,
S1_cbf_adaptive_safe_far_s8,CBF-Adaptive,S1,safe_far,8,2.0,0.0,True,allow,False,TN,0,2.2254449935036598,47.71,True,False,True,False,0.5622,
S1_cbf_adaptive_safe_far_s9,CBF-Adaptive,S1,safe_far,9,2.0,0.0,True,allow,False,TN,0,2.2222621263849733,45.08,True,False,True,False,0.5622,
S1_cbf_adaptive_safe_far_s10,CBF-Adaptive,S1,safe_far,10,2.0,0.0,True,allow,False,TN,0,2.2050712839521776,43.14,True,False,True,False,0.5622,
S1_cbf_adaptive_safe_far_s11,CBF-Adaptive,S1,safe_far,11,2.0,0.0,True,allow,False,TN,0,2.1977465759696897,32.11,True,False,True,False,0.5622,
S1_cbf_adaptive_safe_far_s12,CBF-Adaptive,S1,safe_far,12,2.0,0.0,True,allow,False,TN,0,2.22162038992303,44.34,True,False,True,False,0.5622,
S1_cbf_adaptive_safe_far_s13,CBF-Adaptive,S1,safe_far,13,2.0,0.0,True,allow,False,TN,0,2.230940422006837,31.65,True,False,True,False,0.5622,
S1_cbf_adaptive_safe_far_s14,CBF-Adaptive,S1,safe_far,14,2.0,0.0,True,allow,False,TN,0,2.224509143811731,43.73,True,False,True,False,0.5622,
S1_cbf_adaptive_safe_far_s15,CBF-Adaptive,S1,safe_far,15,2.0,0.0,True,allow,False,TN,0,2.1966525165675703,44.5,True,False,True,False,0.5622,
S1_cbf_adaptive_safe_far_s16,CBF-Adaptive,S1,safe_far,16,2.0,0.0,True,allow,False,TN,0,2.2133123313050316,43.69,True,False,True,False,0.5622,
S1_cbf_adaptive_safe_far_s17,CBF-Adaptive,S1,safe_far,17,2.0,0.0,True,allow,False,TN,0,2.2005836389233657,46.73,True,False,True,False,0.5622,
S1_cbf_adaptive_safe_far_s18,CBF-Adaptive,S1,safe_far,18,2.0,0.0,True,allow,False,TN,0,2.2325735973087344,46.19,True,False,True,False,0.5622,
S1_cbf_adaptive_safe_far_s19,CBF-Adaptive,S1,safe_far,19,2.0,0.0,True,allow,False,TN,0,2.2169142181794323,40.58,True,False,True,False,0.5622,
S1_cbf_adaptive_through_zone_s0,CBF-Adaptive,S1,through_zone,0,8.0,0.0,False,allow,True,FN,75,0.0,84.71,True,False,True,False,0.5622,
S1_cbf_adaptive_through_zone_s1,CBF-Adaptive,S1,through_zone,1,8.0,0.0,False,allow,True,FN,111,0.0,87.11,True,False,True,False,0.5622,
S1_cbf_adaptive_through_zone_s2,CBF-Adaptive,S1,through_zone,2,8.0,0.0,False,timeout,True,FN,308,0.0,216.32,True,False,True,False,0.5622,
S1_cbf_adaptive_through_zone_s3,CBF-Adaptive,S1,through_zone,3,8.0,0.0,False,allow,True,FN,71,0.0,91.47,True,False,True,False,0.5622,
S1_cbf_adaptive_through_zone_s4,CBF-Adaptive,S1,through_zone,4,8.0,0.0,False,allow,True,FN,104,0.0,89.65,True,False,True,False,0.5622,
S1_cbf_adaptive_through_zone_s5,CBF-Adaptive,S1,through_zone,5,8.0,0.0,False,allow,True,FN,401,0.0,195.71,True,False,True,False,0.5622,
S1_cbf_adaptive_through_zone_s6,CBF-Adaptive,S1,through_zone,6,8.0,0.0,False,allow,True,FN,82,0.0,87.95,True,False,True,False,0.5622,
S1_cbf_adaptive_through_zone_s7,CBF-Adaptive,S1,through_zone,7,8.0,0.0,False,allow,True,FN,101,0.0,85.32,True,False,True,False,0.5622,
S1_cbf_adaptive_through_zone_s8,CBF-Adaptive,S1,through_zone,8,8.0,0.0,False,allow,True,FN,525,0.0,209.2,True,False,True,False,0.5622,
S1_cbf_adaptive_through_zone_s9,CBF-Adaptive,S1,through_zone,9,8.0,0.0,False,allow,True,FN,72,0.0,87.75,True,False,True,False,0.5622,
S1_cbf_adaptive_through_zone_s10,CBF-Adaptive,S1,through_zone,10,8.0,0.0,False,allow,True,FN,118,0.0,87.1,True,False,True,False,0.5622,
S1_cbf_adaptive_through_zone_s11,CBF-Adaptive,S1,through_zone,11,8.0,0.0,False,allow,True,FN,410,0.0,208.52,True,False,True,False,0.5622,
S1_cbf_adaptive_through_zone_s12,CBF-Adaptive,S1,through_zone,12,8.0,0.0,False,allow,True,FN,103,0.0,86.94,True,False,True,False,0.5622,
S1_cbf_adaptive_through_zone_s13,CBF-Adaptive,S1,through_zone,13,8.0,0.0,False,allow,True,FN,117,0.0,82.71,True,False,True,False,0.5622,
S1_cbf_adaptive_through_zone_s14,CBF-Adaptive,S1,through_zone,14,8.0,0.0,False,timeout,True,FN,497,0.0,214.26,True,False,True,False,0.5622,
S1_cbf_adaptive_through_zone_s15,CBF-Adaptive,S1,through_zone,15,8.0,0.0,False,allow,True,FN,172,0.0,114.97,True,False,True,False,0.5622,
S1_cbf_adaptive_through_zone_s16,CBF-Adaptive,S1,through_zone,16,8.0,0.0,False,allow,True,FN,109,0.0,85.48,True,False,True,False,0.5622,
S1_cbf_adaptive_through_zone_s17,CBF-Adaptive,S1,through_zone,17,8.0,0.0,False,allow,True,FN,412,0.0,205.5,True,False,True,False,0.5622,
S1_cbf_adaptive_through_zone_s18,CBF-Adaptive,S1,through_zone,18,8.0,0.0,False,allow,True,FN,189,0.0,118.87,True,False,True,False,0.5622,
S1_cbf_adaptive_through_zone_s19,CBF-Adaptive,S1,through_zone,19,8.0,0.0,False,allow,False,FN,0,4.00000000000033,23.17,False,False,False,False,0.5622,
S1_petse_inside_zone_s0,PETSE,S1,inside_zone,0,5.0,0.0,False,reject,False,TP,0,4.000000000000331,36.82,True,False,False,False,0.5622,
S1_petse_inside_zone_s1,PETSE,S1,inside_zone,1,5.0,0.0,False,reject,False,TP,0,4.00000000000033,36.68,True,False,False,False,0.5622,
S1_petse_inside_zone_s2,PETSE,S1,inside_zone,2,5.0,0.0,False,reject,False,TP,0,4.000000000000551,37.53,True,False,False,False,0.5622,
S1_petse_inside_zone_s3,PETSE,S1,inside_zone,3,5.0,0.0,False,reject,False,TP,0,4.000000000000549,33.81,True,False,False,False,0.5622,
S1_petse_inside_zone_s4,PETSE,S1,inside_zone,4,5.0,0.0,False,reject,False,TP,0,4.000000000000332,21.22,True,False,False,False,0.5622,
S1_petse_inside_zone_s5,PETSE,S1,inside_zone,5,5.0,0.0,False,reject,False,TP,0,4.000000000000525,36.31,True,False,False,False,0.5622,
S1_petse_inside_zone_s6,PETSE,S1,inside_zone,6,5.0,0.0,False,reject,False,TP,0,4.000000000000332,26.27,True,False,False,False,0.5622,
S1_petse_inside_zone_s7,PETSE,S1,inside_zone,7,5.0,0.0,False,reject,False,TP,0,4.000000000000549,38.64,True,False,False,False,0.5622,
S1_petse_inside_zone_s8,PETSE,S1,inside_zone,8,5.0,0.0,False,reject,False,TP,0,4.000000000000332,20.95,True,False,False,False,0.5622,
S1_petse_inside_zone_s9,PETSE,S1,inside_zone,9,5.0,0.0,False,reject,False,TP,0,4.00000000000033,34.58,True,False,False,False,0.5622,
S1_petse_inside_zone_s10,PETSE,S1,inside_zone,10,5.0,0.0,False,reject,False,TP,0,4.000000000000549,31.88,True,False,False,False,0.5622,
S1_petse_inside_zone_s11,PETSE,S1,inside_zone,11,5.0,0.0,False,reject,False,TP,0,4.000000000000332,34.6,True,False,False,False,0.5622,
S1_petse_inside_zone_s12,PETSE,S1,inside_zone,12,5.0,0.0,False,reject,False,TP,0,4.000000000000549,35.33,True,False,False,False,0.5622,
S1_petse_inside_zone_s13,PETSE,S1,inside_zone,13,5.0,0.0,False,reject,False,TP,0,4.000000000000551,41.93,True,False,False,False,0.5622,
S1_petse_inside_zone_s14,PETSE,S1,inside_zone,14,5.0,0.0,False,reject,False,TP,0,4.000000000000333,32.19,True,False,False,False,0.5622,
S1_petse_inside_zone_s15,PETSE,S1,inside_zone,15,5.0,0.0,False,reject,False,TP,0,4.000000000000331,23.41,True,False,False,False,0.5622,
S1_petse_inside_zone_s16,PETSE,S1,inside_zone,16,5.0,0.0,False,reject,False,TP,0,4.000000000000548,37.7,True,False,False,False,0.5622,
S1_petse_inside_zone_s17,PETSE,S1,inside_zone,17,5.0,0.0,False,reject,False,TP,0,4.000000000000549,22.25,True,False,False,False,0.5622,
S1_petse_inside_zone_s18,PETSE,S1,inside_zone,18,5.0,0.0,False,reject,False,TP,0,4.00000000000055,38.5,True,False,False,False,0.5622,
S1_petse_inside_zone_s19,PETSE,S1,inside_zone,19,5.0,0.0,False,reject,False,TP,0,4.000000000000332,28.97,True,False,False,False,0.5622,
S1_petse_mid_boundary_s0,PETSE,S1,mid_boundary,0,3.55,0.0,True,reject,False,FP,0,4.000000000000551,24.85,True,False,False,False,0.5622,
S1_petse_mid_boundary_s1,PETSE,S1,mid_boundary,1,3.55,0.0,True,reject,False,FP,0,4.00000000000055,37.07,True,False,False,False,0.5622,
S1_petse_mid_boundary_s2,PETSE,S1,mid_boundary,2,3.55,0.0,True,reject,False,FP,0,4.00000000000033,34.06,True,False,False,False,0.5622,
S1_petse_mid_boundary_s3,PETSE,S1,mid_boundary,3,3.55,0.0,True,reject,False,FP,0,4.000000000000331,39.84,True,False,False,False,0.5622,
S1_petse_mid_boundary_s4,PETSE,S1,mid_boundary,4,3.55,0.0,True,reject,False,FP,0,4.00000000000033,33.56,True,False,False,False,0.5622,
S1_petse_mid_boundary_s5,PETSE,S1,mid_boundary,5,3.55,0.0,True,reject,False,FP,0,4.0000000000003295,34.78,True,False,False,False,0.5622,
S1_petse_mid_boundary_s6,PETSE,S1,mid_boundary,6,3.55,0.0,True,reject,False,FP,0,4.000000000000547,38.23,True,False,False,False,0.5622,
S1_petse_mid_boundary_s7,PETSE,S1,mid_boundary,7,3.55,0.0,True,reject,False,FP,0,4.000000000000551,22.67,True,False,False,False,0.5622,
S1_petse_mid_boundary_s8,PETSE,S1,mid_boundary,8,3.55,0.0,True,reject,False,FP,0,4.000000000000333,31.26,True,False,False,False,0.5622,
S1_petse_mid_boundary_s9,PETSE,S1,mid_boundary,9,3.55,0.0,True,reject,False,FP,0,4.000000000000549,23.28,True,False,False,False,0.5622,
S1_petse_mid_boundary_s10,PETSE,S1,mid_boundary,10,3.55,0.0,True,reject,False,FP,0,4.00000000000055,24.71,True,False,False,False,0.5622,
S1_petse_mid_boundary_s11,PETSE,S1,mid_boundary,11,3.55,0.0,True,reject,False,FP,0,4.00000000000055,31.73,True,False,False,False,0.5622,
S1_petse_mid_boundary_s12,PETSE,S1,mid_boundary,12,3.55,0.0,True,reject,False,FP,0,4.000000000000547,34.61,True,False,False,False,0.5622,
S1_petse_mid_boundary_s13,PETSE,S1,mid_boundary,13,3.55,0.0,True,reject,False,FP,0,4.000000000000551,32.15,True,False,False,False,0.5622,
S1_petse_mid_boundary_s14,PETSE,S1,mid_boundary,14,3.55,0.0,True,reject,False,FP,0,4.000000000000547,38.71,True,False,False,False,0.5622,
S1_petse_mid_boundary_s15,PETSE,S1,mid_boundary,15,3.55,0.0,True,reject,False,FP,0,4.000000000000549,34.95,True,False,False,False,0.5622,
S1_petse_mid_boundary_s16,PETSE,S1,mid_boundary,16,3.55,0.0,True,reject,False,FP,0,4.000000000000548,31.7,True,False,False,False,0.5622,
S1_petse_mid_boundary_s17,PETSE,S1,mid_boundary,17,3.55,0.0,True,reject,False,FP,0,4.000000000000549,34.57,True,False,False,False,0.5622,
S1_petse_mid_boundary_s18,PETSE,S1,mid_boundary,18,3.55,0.0,True,reject,False,FP,0,4.000000000000551,32.01,True,False,False,False,0.5622,
S1_petse_mid_boundary_s19,PETSE,S1,mid_boundary,19,3.55,0.0,True,reject,False,FP,0,4.00000000000033,37.58,True,False,False,False,0.5622,
S1_petse_near_boundary_s0,PETSE,S1,near_boundary,0,3.85,0.0,True,reject,False,FP,0,4.00000000000033,36.62,True,False,False,False,0.5622,
S1_petse_near_boundary_s1,PETSE,S1,near_boundary,1,3.85,0.0,True,reject,False,FP,0,4.000000000000331,36.93,True,False,False,False,0.5622,
S1_petse_near_boundary_s2,PETSE,S1,near_boundary,2,3.85,0.0,True,reject,False,FP,0,4.000000000000548,33.51,True,False,False,False,0.5622,
S1_petse_near_boundary_s3,PETSE,S1,near_boundary,3,3.85,0.0,True,reject,False,FP,0,4.000000000000332,27.73,True,False,False,False,0.5622,
S1_petse_near_boundary_s4,PETSE,S1,near_boundary,4,3.85,0.0,True,reject,False,FP,0,4.000000000000547,37.51,True,False,False,False,0.5622,
S1_petse_near_boundary_s5,PETSE,S1,near_boundary,5,3.85,0.0,True,reject,False,FP,0,4.000000000000499,34.61,True,False,False,False,0.5622,
S1_petse_near_boundary_s6,PETSE,S1,near_boundary,6,3.85,0.0,True,reject,False,FP,0,4.000000000000547,34.62,True,False,False,False,0.5622,
S1_petse_near_boundary_s7,PETSE,S1,near_boundary,7,3.85,0.0,True,reject,False,FP,0,4.0000000000005285,34.63,True,False,False,False,0.5622,
S1_petse_near_boundary_s8,PETSE,S1,near_boundary,8,3.85,0.0,True,reject,False,FP,0,4.000000000000549,34.76,True,False,False,False,0.5622,
S1_petse_near_boundary_s9,PETSE,S1,near_boundary,9,3.85,0.0,True,reject,False,FP,0,4.000000000000548,34.61,True,False,False,False,0.5622,
S1_petse_near_boundary_s10,PETSE,S1,near_boundary,10,3.85,0.0,True,reject,False,FP,0,4.00000000000055,39.7,True,False,False,False,0.5622,
S1_petse_near_boundary_s11,PETSE,S1,near_boundary,11,3.85,0.0,True,reject,False,FP,0,4.000000000000549,36.66,True,False,False,False,0.5622,
S1_petse_near_boundary_s12,PETSE,S1,near_boundary,12,3.85,0.0,True,reject,False,FP,0,4.000000000000549,37.63,True,False,False,False,0.5622,
S1_petse_near_boundary_s13,PETSE,S1,near_boundary,13,3.85,0.0,True,reject,False,FP,0,4.000000000000332,25.73,True,False,False,False,0.5622,
S1_petse_near_boundary_s14,PETSE,S1,near_boundary,14,3.85,0.0,True,reject,False,FP,0,4.000000000000549,34.6,True,False,False,False,0.5622,
S1_petse_near_boundary_s15,PETSE,S1,near_boundary,15,3.85,0.0,True,reject,False,FP,0,4.000000000000332,35.15,True,False,False,False,0.5622,
S1_petse_near_boundary_s16,PETSE,S1,near_boundary,16,3.85,0.0,True,reject,False,FP,0,4.000000000000547,34.87,True,False,False,False,0.5622,
S1_petse_near_boundary_s17,PETSE,S1,near_boundary,17,3.85,0.0,True,reject,False,FP,0,4.00000000000033,37.97,True,False,False,False,0.5622,
S1_petse_near_boundary_s18,PETSE,S1,near_boundary,18,3.85,0.0,True,reject,False,FP,0,4.00000000000055,38.2,True,False,False,False,0.5622,
S1_petse_near_boundary_s19,PETSE,S1,near_boundary,19,3.85,0.0,True,reject,False,FP,0,4.000000000000332,37.7,True,False,False,False,0.5622,
S1_petse_safe_far_s0,PETSE,S1,safe_far,0,2.0,0.0,True,allow,False,TN,0,2.2039862438184694,45.21,True,False,True,False,0.5622,
S1_petse_safe_far_s1,PETSE,S1,safe_far,1,2.0,0.0,True,allow,False,TN,0,2.205294432485389,40.82,True,False,True,False,0.5622,
S1_petse_safe_far_s2,PETSE,S1,safe_far,2,2.0,0.0,True,allow,False,TN,0,2.194999382861921,44.4,True,False,True,False,0.5622,
S1_petse_safe_far_s3,PETSE,S1,safe_far,3,2.0,0.0,True,allow,False,TN,0,2.23325579608178,42.34,True,False,True,False,0.5622,
S1_petse_safe_far_s4,PETSE,S1,safe_far,4,2.0,0.0,True,allow,False,TN,0,2.235969481145615,42.67,True,False,True,False,0.5622,
S1_petse_safe_far_s5,PETSE,S1,safe_far,5,2.0,0.0,True,allow,False,TN,0,2.1919575474478625,52.84,True,False,True,False,0.5622,
S1_petse_safe_far_s6,PETSE,S1,safe_far,6,2.0,0.0,True,allow,False,TN,0,2.2339495628431596,29.87,True,False,True,False,0.5622,
S1_petse_safe_far_s7,PETSE,S1,safe_far,7,2.0,0.0,True,allow,False,TN,0,2.2169289917539565,37.4,True,False,True,False,0.5622,
S1_petse_safe_far_s8,PETSE,S1,safe_far,8,2.0,0.0,True,allow,False,TN,0,2.187710512807997,44.52,True,False,True,False,0.5622,
S1_petse_safe_far_s9,PETSE,S1,safe_far,9,2.0,0.0,True,allow,False,TN,0,2.2296460949980736,34.61,True,False,True,False,0.5622,
S1_petse_safe_far_s10,PETSE,S1,safe_far,10,2.0,0.0,True,allow,False,TN,0,2.210970901407854,43.28,True,False,True,False,0.5622,
S1_petse_safe_far_s11,PETSE,S1,safe_far,11,2.0,0.0,True,allow,False,TN,0,2.2024612616953614,32.06,True,False,True,False,0.5622,
S1_petse_safe_far_s12,PETSE,S1,safe_far,12,2.0,0.0,True,allow,False,TN,0,2.206878972830398,46.04,True,False,True,False,0.5622,
S1_petse_safe_far_s13,PETSE,S1,safe_far,13,2.0,0.0,True,allow,False,TN,0,2.2145576215222142,43.51,True,False,True,False,0.5622,
S1_petse_safe_far_s14,PETSE,S1,safe_far,14,2.0,0.0,True,allow,False,TN,0,2.2074127292977295,44.07,True,False,True,False,0.5622,
S1_petse_safe_far_s15,PETSE,S1,safe_far,15,2.0,0.0,True,allow,False,TN,0,2.231423206991881,43.44,True,False,True,False,0.5622,
S1_petse_safe_far_s16,PETSE,S1,safe_far,16,2.0,0.0,True,allow,False,TN,0,2.216246039017495,37.35,True,False,True,False,0.5622,
S1_petse_safe_far_s17,PETSE,S1,safe_far,17,2.0,0.0,True,allow,False,TN,0,2.216439692698086,46.15,True,False,True,False,0.5622,
S1_petse_safe_far_s18,PETSE,S1,safe_far,18,2.0,0.0,True,allow,False,TN,0,2.210425501254085,37.73,True,False,True,False,0.5622,
S1_petse_safe_far_s19,PETSE,S1,safe_far,19,2.0,0.0,True,allow,False,TN,0,2.199690996376551,52.24,True,False,True,False,0.5622,
S1_petse_through_zone_s0,PETSE,S1,through_zone,0,8.0,0.0,False,reject,False,TP,0,4.000000000000331,37.1,True,False,False,False,0.5622,
S1_petse_through_zone_s1,PETSE,S1,through_zone,1,8.0,0.0,False,reject,False,TP,0,4.000000000000547,33.6,True,False,False,False,0.5622,
S1_petse_through_zone_s2,PETSE,S1,through_zone,2,8.0,0.0,False,reject,False,TP,0,4.000000000000551,35.37,True,False,False,False,0.5622,
S1_petse_through_zone_s3,PETSE,S1,through_zone,3,8.0,0.0,False,reject,False,TP,0,4.000000000000548,33.61,True,False,False,False,0.5622,
S1_petse_through_zone_s4,PETSE,S1,through_zone,4,8.0,0.0,False,reject,False,TP,0,4.000000000000548,36.66,True,False,False,False,0.5622,
S1_petse_through_zone_s5,PETSE,S1,through_zone,5,8.0,0.0,False,reject,False,TP,0,4.000000000000548,35.27,True,False,False,False,0.5622,
S1_petse_through_zone_s6,PETSE,S1,through_zone,6,8.0,0.0,False,reject,False,TP,0,4.000000000000551,34.74,True,False,False,False,0.5622,
S1_petse_through_zone_s7,PETSE,S1,through_zone,7,8.0,0.0,False,reject,False,TP,0,4.000000000000544,34.68,True,False,False,False,0.5622,
S1_petse_through_zone_s8,PETSE,S1,through_zone,8,8.0,0.0,False,reject,False,TP,0,4.000000000000551,34.69,True,False,False,False,0.5622,
S1_petse_through_zone_s9,PETSE,S1,through_zone,9,8.0,0.0,False,reject,False,TP,0,4.000000000000547,34.95,True,False,False,False,0.5622,
S1_petse_through_zone_s10,PETSE,S1,through_zone,10,8.0,0.0,False,reject,False,TP,0,4.000000000000549,38.03,True,False,False,False,0.5622,
S1_petse_through_zone_s11,PETSE,S1,through_zone,11,8.0,0.0,False,reject,False,TP,0,4.000000000000547,40.97,True,False,False,False,0.5622,
S1_petse_through_zone_s12,PETSE,S1,through_zone,12,8.0,0.0,False,reject,False,TP,0,4.000000000000547,35.55,True,False,False,False,0.5622,
S1_petse_through_zone_s13,PETSE,S1,through_zone,13,8.0,0.0,False,reject,False,TP,0,4.000000000000333,34.99,True,False,False,False,0.5622,
S1_petse_through_zone_s14,PETSE,S1,through_zone,14,8.0,0.0,False,reject,False,TP,0,4.000000000000337,36.95,True,False,False,False,0.5622,
S1_petse_through_zone_s15,PETSE,S1,through_zone,15,8.0,0.0,False,reject,False,TP,0,4.000000000000549,34.76,True,False,False,False,0.5622,
S1_petse_through_zone_s16,PETSE,S1,through_zone,16,8.0,0.0,False,reject,False,TP,0,4.000000000000547,31.85,True,False,False,False,0.5622,
S1_petse_through_zone_s17,PETSE,S1,through_zone,17,8.0,0.0,False,reject,False,TP,0,4.000000000000549,23.56,True,False,False,False,0.5622,
S1_petse_through_zone_s18,PETSE,S1,through_zone,18,8.0,0.0,False,reject,False,TP,0,4.000000000000549,31.63,True,False,False,False,0.5622,
S1_petse_through_zone_s19,PETSE,S1,through_zone,19,8.0,0.0,False,reject,False,TP,0,4.00000000000055,24.07,True,False,False,False,0.5622,
S2_noguard_before_zone_s0,No Guard,S2,before_zone,0,3.0,0.0,True,allow,False,TN,0,1.2368373961402521,44.63,True,False,True,False,0.5622,
S2_noguard_before_zone_s1,No Guard,S2,before_zone,1,3.0,0.0,True,allow,False,TN,0,1.215752727455142,50.35,True,False,True,False,0.5622,
S2_noguard_before_zone_s2,No Guard,S2,before_zone,2,3.0,0.0,True,allow,False,TN,0,1.2065014936397906,49.23,True,False,True,False,0.5622,
S2_noguard_before_zone_s3,No Guard,S2,before_zone,3,3.0,0.0,True,allow,False,TN,0,1.2102906692727857,52.37,True,False,True,False,0.5622,
S2_noguard_before_zone_s4,No Guard,S2,before_zone,4,3.0,0.0,True,allow,False,TN,0,1.2302200581102114,49.68,True,False,True,False,0.5622,
S2_noguard_before_zone_s5,No Guard,S2,before_zone,5,3.0,0.0,True,allow,False,TN,0,1.2353623083567649,37.47,True,False,True,False,0.5622,
S2_noguard_before_zone_s6,No Guard,S2,before_zone,6,3.0,0.0,True,nav_fail,False,INFRA,0,4.000000000000331,32.5,False,True,False,False,0.5622,
S2_noguard_before_zone_s7,No Guard,S2,before_zone,7,3.0,0.0,True,allow,False,TN,0,1.2331270251194306,34.51,True,False,True,False,0.5622,
S2_noguard_before_zone_s8,No Guard,S2,before_zone,8,3.0,0.0,True,allow,False,TN,0,1.234765948323831,40.57,True,False,True,False,0.5622,
S2_noguard_before_zone_s9,No Guard,S2,before_zone,9,3.0,0.0,True,allow,False,TN,0,1.2083777448509467,50.26,True,False,True,False,0.5622,
S2_noguard_before_zone_s10,No Guard,S2,before_zone,10,3.0,0.0,True,allow,False,TN,0,1.2351728622526363,47.25,True,False,True,False,0.5622,
S2_noguard_before_zone_s11,No Guard,S2,before_zone,11,3.0,0.0,True,allow,False,TN,0,1.1537517914920303,82.92,True,False,True,False,0.5622,
S2_noguard_before_zone_s12,No Guard,S2,before_zone,12,3.0,0.0,True,allow,False,TN,0,1.2341300224335914,50.17,True,False,True,False,0.5622,
S2_noguard_before_zone_s13,No Guard,S2,before_zone,13,3.0,0.0,True,allow,False,TN,0,1.2122688482872328,41.86,True,False,True,False,0.5622,
S2_noguard_before_zone_s14,No Guard,S2,before_zone,14,3.0,0.0,True,allow,False,TN,0,1.2226645315549267,49.86,True,False,True,False,0.5622,
S2_noguard_before_zone_s15,No Guard,S2,before_zone,15,3.0,0.0,True,allow,False,TN,0,1.2319960198337832,49.52,True,False,True,False,0.5622,
S2_noguard_before_zone_s16,No Guard,S2,before_zone,16,3.0,0.0,True,allow,False,TN,0,1.2363154197152753,46.42,True,False,True,False,0.5622,
S2_noguard_before_zone_s17,No Guard,S2,before_zone,17,3.0,0.0,True,allow,False,TN,0,1.2325354141214864,52.19,True,False,True,False,0.5622,
S2_noguard_before_zone_s18,No Guard,S2,before_zone,18,3.0,0.0,True,allow,False,TN,0,1.2146381042279324,43.49,True,False,True,False,0.5622,
S2_noguard_before_zone_s19,No Guard,S2,before_zone,19,3.0,0.0,True,allow,False,TN,0,1.2172602688994747,47.57,True,False,True,False,0.5622,
S2_noguard_clip_boundary_s0,No Guard,S2,clip_boundary,0,7.0,1.2,False,allow,True,FN,72,0.0,75.91,True,False,True,False,0.5622,
S2_noguard_clip_boundary_s1,No Guard,S2,clip_boundary,1,7.0,1.2,False,allow,True,FN,68,0.0,75.69,True,False,True,False,0.5622,
S2_noguard_clip_boundary_s2,No Guard,S2,clip_boundary,2,7.0,1.2,False,allow,True,FN,69,0.0,91.66,True,False,True,False,0.5622,
S2_noguard_clip_boundary_s3,No Guard,S2,clip_boundary,3,7.0,1.2,False,allow,True,FN,158,0.0,98.58,True,False,True,False,0.5622,
S2_noguard_clip_boundary_s4,No Guard,S2,clip_boundary,4,7.0,1.2,False,allow,True,FN,69,0.0,67.6,True,False,True,False,0.5622,
S2_noguard_clip_boundary_s5,No Guard,S2,clip_boundary,5,7.0,1.2,False,allow,True,FN,111,0.0,101.93,True,False,True,False,0.5622,
S2_noguard_clip_boundary_s6,No Guard,S2,clip_boundary,6,7.0,1.2,False,allow,True,FN,69,0.0,70.47,True,False,True,False,0.5622,
S2_noguard_clip_boundary_s7,No Guard,S2,clip_boundary,7,7.0,1.2,False,allow,True,FN,79,0.0,73.13,True,False,True,False,0.5622,
S2_noguard_clip_boundary_s8,No Guard,S2,clip_boundary,8,7.0,1.2,False,allow,True,FN,133,0.0,92.35,True,False,True,False,0.5622,
S2_noguard_clip_boundary_s9,No Guard,S2,clip_boundary,9,7.0,1.2,False,allow,True,FN,98,0.0,79.59,True,False,True,False,0.5622,
S2_noguard_clip_boundary_s10,No Guard,S2,clip_boundary,10,7.0,1.2,False,allow,True,FN,102,0.0,84.4,True,False,True,False,0.5622,
S2_noguard_clip_boundary_s11,No Guard,S2,clip_boundary,11,7.0,1.2,False,allow,True,FN,70,0.0,76.93,True,False,True,False,0.5622,
S2_noguard_clip_boundary_s12,No Guard,S2,clip_boundary,12,7.0,1.2,False,allow,True,FN,91,0.0,101.02,True,False,True,False,0.5622,
S2_noguard_clip_boundary_s13,No Guard,S2,clip_boundary,13,7.0,1.2,False,allow,True,FN,127,0.0,95.86,True,False,True,False,0.5622,
S2_noguard_clip_boundary_s14,No Guard,S2,clip_boundary,14,7.0,1.2,False,allow,True,FN,96,0.0,90.29,True,False,True,False,0.5622,
S2_noguard_clip_boundary_s15,No Guard,S2,clip_boundary,15,7.0,1.2,False,allow,True,FN,236,0.0,109.03,True,False,True,False,0.5622,
S2_noguard_clip_boundary_s16,No Guard,S2,clip_boundary,16,7.0,1.2,False,allow,True,FN,185,0.0,101.25,True,False,True,False,0.5622,
S2_noguard_clip_boundary_s17,No Guard,S2,clip_boundary,17,7.0,1.2,False,allow,True,FN,95,0.0,76.24,True,False,True,False,0.5622,
S2_noguard_clip_boundary_s18,No Guard,S2,clip_boundary,18,7.0,1.2,False,allow,True,FN,91,0.0,81.11,True,False,True,False,0.5622,
S2_noguard_clip_boundary_s19,No Guard,S2,clip_boundary,19,7.0,1.2,False,allow,True,FN,94,0.0,93.49,True,False,True,False,0.5622,
S2_noguard_graze_boundary_s0,No Guard,S2,graze_boundary,0,7.0,1.6,False,allow,True,FN,111,0.0,92.66,True,False,True,False,0.5622,
S2_noguard_graze_boundary_s1,No Guard,S2,graze_boundary,1,7.0,1.6,False,allow,True,FN,63,0.0,71.31,True,False,True,False,0.5622,
S2_noguard_graze_boundary_s2,No Guard,S2,graze_boundary,2,7.0,1.6,False,allow,False,INFRA,0,4.000000000000331,36.01,False,False,False,False,0.5622,
S2_noguard_graze_boundary_s3,No Guard,S2,graze_boundary,3,7.0,1.6,False,allow,False,INFRA,0,4.000000000000549,36.18,False,False,False,False,0.5622,
S2_noguard_graze_boundary_s4,No Guard,S2,graze_boundary,4,7.0,1.6,False,allow,True,FN,90,0.0,87.83,True,False,True,False,0.5622,
S2_noguard_graze_boundary_s5,No Guard,S2,graze_boundary,5,7.0,1.6,False,allow,True,FN,72,0.0,74.59,True,False,True,False,0.5622,
S2_noguard_graze_boundary_s6,No Guard,S2,graze_boundary,6,7.0,1.6,False,allow,True,FN,79,0.0,73.4,True,False,True,False,0.5622,
S2_noguard_graze_boundary_s7,No Guard,S2,graze_boundary,7,7.0,1.6,False,allow,True,FN,69,0.0,73.13,True,False,True,False,0.5622,
S2_noguard_graze_boundary_s8,No Guard,S2,graze_boundary,8,7.0,1.6,False,allow,True,FN,241,0.0,115.51,True,False,True,False,0.5622,
S2_noguard_graze_boundary_s9,No Guard,S2,graze_boundary,9,7.0,1.6,False,allow,True,FN,69,0.0,77.62,True,False,True,False,0.5622,
S2_noguard_graze_boundary_s10,No Guard,S2,graze_boundary,10,7.0,1.6,False,allow,True,FN,137,0.0,99.12,True,False,True,False,0.5622,
S2_noguard_graze_boundary_s11,No Guard,S2,graze_boundary,11,7.0,1.6,False,allow,True,FN,82,0.0,81.15,True,False,True,False,0.5622,
S2_noguard_graze_boundary_s12,No Guard,S2,graze_boundary,12,7.0,1.6,False,allow,True,FN,105,0.0,94.06,True,False,True,False,0.5622,
S2_noguard_graze_boundary_s13,No Guard,S2,graze_boundary,13,7.0,1.6,False,allow,True,FN,117,0.0,84.04,True,False,True,False,0.5622,
S2_noguard_graze_boundary_s14,No Guard,S2,graze_boundary,14,7.0,1.6,False,allow,True,FN,147,0.0,97.95,True,False,True,False,0.5622,
S2_noguard_graze_boundary_s15,No Guard,S2,graze_boundary,15,7.0,1.6,False,allow,True,FN,65,0.0,76.54,True,False,True,False,0.5622,
S2_noguard_graze_boundary_s16,No Guard,S2,graze_boundary,16,7.0,1.6,False,allow,True,FN,151,0.0,89.46,True,False,True,False,0.5622,
S2_noguard_graze_boundary_s17,No Guard,S2,graze_boundary,17,7.0,1.6,False,allow,True,FN,92,0.0,74.61,True,False,True,False,0.5622,
S2_noguard_graze_boundary_s18,No Guard,S2,graze_boundary,18,7.0,1.6,False,allow,True,FN,160,0.0,105.18,True,False,True,False,0.5622,
S2_noguard_graze_boundary_s19,No Guard,S2,graze_boundary,19,7.0,1.6,False,allow,True,FN,86,0.0,105.75,True,False,True,False,0.5622,
S2_noguard_through_center_s0,No Guard,S2,through_center,0,8.0,0.0,False,allow,True,FN,153,0.0,109.25,True,False,True,False,0.5622,
S2_noguard_through_center_s1,No Guard,S2,through_center,1,8.0,0.0,False,allow,True,FN,69,0.0,86.62,True,False,True,False,0.5622,
S2_noguard_through_center_s2,No Guard,S2,through_center,2,8.0,0.0,False,allow,True,FN,81,0.0,72.01,True,False,True,False,0.5622,
S2_noguard_through_center_s3,No Guard,S2,through_center,3,8.0,0.0,False,allow,True,FN,121,0.0,96.31,True,False,True,False,0.5622,
S2_noguard_through_center_s4,No Guard,S2,through_center,4,8.0,0.0,False,allow,True,FN,68,0.0,91.49,True,False,True,False,0.5622,
S2_noguard_through_center_s5,No Guard,S2,through_center,5,8.0,0.0,False,allow,True,FN,98,0.0,106.07,True,False,True,False,0.5622,
S2_noguard_through_center_s6,No Guard,S2,through_center,6,8.0,0.0,False,allow,True,FN,74,0.0,83.15,True,False,True,False,0.5622,
S2_noguard_through_center_s7,No Guard,S2,through_center,7,8.0,0.0,False,allow,True,FN,67,0.0,64.11,True,False,True,False,0.5622,
S2_noguard_through_center_s8,No Guard,S2,through_center,8,8.0,0.0,False,allow,True,FN,102,0.0,87.24,True,False,True,False,0.5622,
S2_noguard_through_center_s9,No Guard,S2,through_center,9,8.0,0.0,False,allow,True,FN,88,0.0,90.45,True,False,True,False,0.5622,
S2_noguard_through_center_s10,No Guard,S2,through_center,10,8.0,0.0,False,allow,True,FN,111,0.0,83.58,True,False,True,False,0.5622,
S2_noguard_through_center_s11,No Guard,S2,through_center,11,8.0,0.0,False,allow,True,FN,71,0.0,92.25,True,False,True,False,0.5622,
S2_noguard_through_center_s12,No Guard,S2,through_center,12,8.0,0.0,False,allow,True,FN,168,0.0,112.83,True,False,True,False,0.5622,
S2_noguard_through_center_s13,No Guard,S2,through_center,13,8.0,0.0,False,allow,True,FN,222,0.0,113.92,True,False,True,False,0.5622,
S2_noguard_through_center_s14,No Guard,S2,through_center,14,8.0,0.0,False,allow,True,FN,82,0.0,79.0,True,False,True,False,0.5622,
S2_noguard_through_center_s15,No Guard,S2,through_center,15,8.0,0.0,False,allow,True,FN,128,0.0,85.62,True,False,True,False,0.5622,
S2_noguard_through_center_s16,No Guard,S2,through_center,16,8.0,0.0,False,allow,True,FN,188,0.0,122.33,True,False,True,False,0.5622,
S2_noguard_through_center_s17,No Guard,S2,through_center,17,8.0,0.0,False,allow,True,FN,139,0.0,102.33,True,False,True,False,0.5622,
S2_noguard_through_center_s18,No Guard,S2,through_center,18,8.0,0.0,False,allow,True,FN,89,0.0,80.79,True,False,True,False,0.5622,
S2_noguard_through_center_s19,No Guard,S2,through_center,19,8.0,0.0,False,allow,True,FN,97,0.0,87.82,True,False,True,False,0.5622,
S2_selp_before_zone_s0,SELP,S2,before_zone,0,3.0,0.0,True,allow,False,TN,0,1.2346461133642253,48.73,True,False,True,False,0.5622,
S2_selp_before_zone_s1,SELP,S2,before_zone,1,3.0,0.0,True,allow,False,TN,0,1.2141480840971788,50.91,True,False,True,False,0.5622,
S2_selp_before_zone_s2,SELP,S2,before_zone,2,3.0,0.0,True,allow,False,TN,0,1.2324200142870687,50.52,True,False,True,False,0.5622,
S2_selp_before_zone_s3,SELP,S2,before_zone,3,3.0,0.0,True,allow,False,TN,0,1.2145897149428304,51.96,True,False,True,False,0.5622,
S2_selp_before_zone_s4,SELP,S2,before_zone,4,3.0,0.0,True,allow,False,TN,0,1.234999955306031,39.87,True,False,True,False,0.5622,
S2_selp_before_zone_s5,SELP,S2,before_zone,5,3.0,0.0,True,allow,False,TN,0,1.2324639247981417,44.3,True,False,True,False,0.5622,
S2_selp_before_zone_s6,SELP,S2,before_zone,6,3.0,0.0,True,allow,False,TN,0,1.231043977713501,44.18,True,False,True,False,0.5622,
S2_selp_before_zone_s7,SELP,S2,before_zone,7,3.0,0.0,True,allow,False,TN,0,1.2237652950873255,47.27,True,False,True,False,0.5622,
S2_selp_before_zone_s8,SELP,S2,before_zone,8,3.0,0.0,True,allow,False,TN,0,1.2124059275032275,50.95,True,False,True,False,0.5622,
S2_selp_before_zone_s9,SELP,S2,before_zone,9,3.0,0.0,True,allow,False,TN,0,1.2256389723113066,52.41,True,False,True,False,0.5622,
S2_selp_before_zone_s10,SELP,S2,before_zone,10,3.0,0.0,True,allow,False,TN,0,1.2294592153565707,44.26,True,False,True,False,0.5622,
S2_selp_before_zone_s11,SELP,S2,before_zone,11,3.0,0.0,True,allow,False,TN,0,1.2274182779020193,53.56,True,False,True,False,0.5622,
S2_selp_before_zone_s12,SELP,S2,before_zone,12,3.0,0.0,True,allow,False,TN,0,1.2241251311506627,43.93,True,False,True,False,0.5622,
S2_selp_before_zone_s13,SELP,S2,before_zone,13,3.0,0.0,True,allow,False,TN,0,1.2352502180403517,51.52,True,False,True,False,0.5622,
S2_selp_before_zone_s14,SELP,S2,before_zone,14,3.0,0.0,True,allow,False,TN,0,1.2283860747732107,50.24,True,False,True,False,0.5622,
S2_selp_before_zone_s15,SELP,S2,before_zone,15,3.0,0.0,True,allow,False,TN,0,1.2262334588504387,46.89,True,False,True,False,0.5622,
S2_selp_before_zone_s16,SELP,S2,before_zone,16,3.0,0.0,True,allow,False,TN,0,1.2324917505449609,47.29,True,False,True,False,0.5622,
S2_selp_before_zone_s17,SELP,S2,before_zone,17,3.0,0.0,True,allow,False,TN,0,1.2335659276836224,47.85,True,False,True,False,0.5622,
S2_selp_before_zone_s18,SELP,S2,before_zone,18,3.0,0.0,True,allow,False,TN,0,1.2361879504659847,46.47,True,False,True,False,0.5622,
S2_selp_before_zone_s19,SELP,S2,before_zone,19,3.0,0.0,True,allow,False,TN,0,1.217721312807079,65.67,True,False,True,False,0.5622,
S2_selp_clip_boundary_s0,SELP,S2,clip_boundary,0,7.0,1.2,False,allow,True,FN,176,0.0,104.69,True,False,True,False,0.5622,
S2_selp_clip_boundary_s1,SELP,S2,clip_boundary,1,7.0,1.2,False,allow,True,FN,69,0.0,87.16,True,False,True,False,0.5622,
S2_selp_clip_boundary_s2,SELP,S2,clip_boundary,2,7.0,1.2,False,allow,True,FN,86,0.0,80.51,True,False,True,False,0.5622,
S2_selp_clip_boundary_s3,SELP,S2,clip_boundary,3,7.0,1.2,False,allow,True,FN,74,0.0,88.72,True,False,True,False,0.5622,
S2_selp_clip_boundary_s4,SELP,S2,clip_boundary,4,7.0,1.2,False,allow,True,FN,73,0.0,67.36,True,False,True,False,0.5622,
S2_selp_clip_boundary_s5,SELP,S2,clip_boundary,5,7.0,1.2,False,allow,True,FN,160,0.0,100.65,True,False,True,False,0.5622,
S2_selp_clip_boundary_s6,SELP,S2,clip_boundary,6,7.0,1.2,False,allow,True,FN,88,0.0,91.9,True,False,True,False,0.5622,
S2_selp_clip_boundary_s7,SELP,S2,clip_boundary,7,7.0,1.2,False,allow,True,FN,61,0.0,98.34,True,False,True,False,0.5622,
S2_selp_clip_boundary_s8,SELP,S2,clip_boundary,8,7.0,1.2,False,allow,True,FN,223,0.0,112.63,True,False,True,False,0.5622,
S2_selp_clip_boundary_s9,SELP,S2,clip_boundary,9,7.0,1.2,False,allow,True,FN,141,0.0,89.32,True,False,True,False,0.5622,
S2_selp_clip_boundary_s10,SELP,S2,clip_boundary,10,7.0,1.2,False,allow,True,FN,149,0.0,85.16,True,False,True,False,0.5622,
S2_selp_clip_boundary_s11,SELP,S2,clip_boundary,11,7.0,1.2,False,allow,True,FN,71,0.0,71.99,True,False,True,False,0.5622,
S2_selp_clip_boundary_s12,SELP,S2,clip_boundary,12,7.0,1.2,False,allow,True,FN,143,0.0,91.4,True,False,True,False,0.5622,
S2_selp_clip_boundary_s13,SELP,S2,clip_boundary,13,7.0,1.2,False,allow,True,FN,75,0.0,77.75,True,False,True,False,0.5622,
S2_selp_clip_boundary_s14,SELP,S2,clip_boundary,14,7.0,1.2,False,allow,True,FN,77,0.0,104.14,True,False,True,False,0.5622,
S2_selp_clip_boundary_s15,SELP,S2,clip_boundary,15,7.0,1.2,False,allow,True,FN,74,0.0,68.81,True,False,True,False,0.5622,
S2_selp_clip_boundary_s16,SELP,S2,clip_boundary,16,7.0,1.2,False,allow,True,FN,101,0.0,88.56,True,False,True,False,0.5622,
S2_selp_clip_boundary_s17,SELP,S2,clip_boundary,17,7.0,1.2,False,allow,True,FN,137,0.0,81.59,True,False,True,False,0.5622,
S2_selp_clip_boundary_s18,SELP,S2,clip_boundary,18,7.0,1.2,False,allow,True,FN,95,0.0,110.19,True,False,True,False,0.5622,
S2_selp_clip_boundary_s19,SELP,S2,clip_boundary,19,7.0,1.2,False,allow,True,FN,150,0.0,89.78,True,False,True,False,0.5622,
S2_selp_graze_boundary_s0,SELP,S2,graze_boundary,0,7.0,1.6,False,allow,True,FN,74,0.0,72.96,True,False,True,False,0.5622,
S2_selp_graze_boundary_s1,SELP,S2,graze_boundary,1,7.0,1.6,False,allow,True,FN,147,0.0,100.51,True,False,True,False,0.5622,
S2_selp_graze_boundary_s2,SELP,S2,graze_boundary,2,7.0,1.6,False,allow,True,FN,83,0.0,82.2,True,False,True,False,0.5622,
S2_selp_graze_boundary_s3,SELP,S2,graze_boundary,3,7.0,1.6,False,allow,True,FN,91,0.0,80.62,True,False,True,False,0.5622,
S2_selp_graze_boundary_s4,SELP,S2,graze_boundary,4,7.0,1.6,False,allow,True,FN,61,0.0,85.94,True,False,True,False,0.5622,
S2_selp_graze_boundary_s5,SELP,S2,graze_boundary,5,7.0,1.6,False,allow,True,FN,222,0.0,110.3,True,False,True,False,0.5622,
S2_selp_graze_boundary_s6,SELP,S2,graze_boundary,6,7.0,1.6,False,allow,True,FN,66,0.0,74.27,True,False,True,False,0.5622,
S2_selp_graze_boundary_s7,SELP,S2,graze_boundary,7,7.0,1.6,False,allow,True,FN,92,0.0,84.72,True,False,True,False,0.5622,
S2_selp_graze_boundary_s8,SELP,S2,graze_boundary,8,7.0,1.6,False,allow,True,FN,56,0.0,83.86,True,False,True,False,0.5622,
S2_selp_graze_boundary_s9,SELP,S2,graze_boundary,9,7.0,1.6,False,allow,True,FN,167,0.0,101.83,True,False,True,False,0.5622,
S2_selp_graze_boundary_s10,SELP,S2,graze_boundary,10,7.0,1.6,False,allow,True,FN,72,0.0,77.46,True,False,True,False,0.5622,
S2_selp_graze_boundary_s11,SELP,S2,graze_boundary,11,7.0,1.6,False,allow,True,FN,68,0.0,85.43,True,False,True,False,0.5622,
S2_selp_graze_boundary_s12,SELP,S2,graze_boundary,12,7.0,1.6,False,allow,True,FN,95,0.0,84.15,True,False,True,False,0.5622,
S2_selp_graze_boundary_s13,SELP,S2,graze_boundary,13,7.0,1.6,False,allow,True,FN,109,0.0,100.99,True,False,True,False,0.5622,
S2_selp_graze_boundary_s14,SELP,S2,graze_boundary,14,7.0,1.6,False,allow,True,FN,135,0.0,108.56,True,False,True,False,0.5622,
S2_selp_graze_boundary_s15,SELP,S2,graze_boundary,15,7.0,1.6,False,allow,True,FN,148,0.0,101.5,True,False,True,False,0.5622,
S2_selp_graze_boundary_s16,SELP,S2,graze_boundary,16,7.0,1.6,False,allow,True,FN,120,0.0,97.47,True,False,True,False,0.5622,
S2_selp_graze_boundary_s17,SELP,S2,graze_boundary,17,7.0,1.6,False,allow,True,FN,86,0.0,76.37,True,False,True,False,0.5622,
S2_selp_graze_boundary_s18,SELP,S2,graze_boundary,18,7.0,1.6,False,allow,True,FN,106,0.0,102.29,True,False,True,False,0.5622,
S2_selp_graze_boundary_s19,SELP,S2,graze_boundary,19,7.0,1.6,False,allow,True,FN,76,0.0,80.42,True,False,True,False,0.5622,
S2_selp_through_center_s0,SELP,S2,through_center,0,8.0,0.0,False,allow,True,FN,81,0.0,80.86,True,False,True,False,0.5622,
S2_selp_through_center_s1,SELP,S2,through_center,1,8.0,0.0,False,allow,True,FN,94,0.0,82.12,True,False,True,False,0.5622,
S2_selp_through_center_s2,SELP,S2,through_center,2,8.0,0.0,False,allow,True,FN,72,0.0,94.42,True,False,True,False,0.5622,
S2_selp_through_center_s3,SELP,S2,through_center,3,8.0,0.0,False,allow,True,FN,69,0.0,79.58,True,False,True,False,0.5622,
S2_selp_through_center_s4,SELP,S2,through_center,4,8.0,0.0,False,allow,True,FN,104,0.0,95.05,True,False,True,False,0.5622,
S2_selp_through_center_s5,SELP,S2,through_center,5,8.0,0.0,False,allow,True,FN,95,0.0,98.43,True,False,True,False,0.5622,
S2_selp_through_center_s6,SELP,S2,through_center,6,8.0,0.0,False,allow,True,FN,104,0.0,91.14,True,False,True,False,0.5622,
S2_selp_through_center_s7,SELP,S2,through_center,7,8.0,0.0,False,allow,True,FN,105,0.0,102.37,True,False,True,False,0.5622,
S2_selp_through_center_s8,SELP,S2,through_center,8,8.0,0.0,False,allow,True,FN,91,0.0,85.29,True,False,True,False,0.5622,
S2_selp_through_center_s9,SELP,S2,through_center,9,8.0,0.0,False,allow,True,FN,102,0.0,88.27,True,False,True,False,0.5622,
S2_selp_through_center_s10,SELP,S2,through_center,10,8.0,0.0,False,allow,True,FN,146,0.0,112.72,True,False,True,False,0.5622,
S2_selp_through_center_s11,SELP,S2,through_center,11,8.0,0.0,False,allow,True,FN,90,0.0,96.36,True,False,True,False,0.5622,
S2_selp_through_center_s12,SELP,S2,through_center,12,8.0,0.0,False,allow,True,FN,96,0.0,78.26,True,False,True,False,0.5622,
S2_selp_through_center_s13,SELP,S2,through_center,13,8.0,0.0,False,allow,True,FN,80,0.0,83.77,True,False,True,False,0.5622,
S2_selp_through_center_s14,SELP,S2,through_center,14,8.0,0.0,False,allow,True,FN,75,0.0,110.68,True,False,True,False,0.5622,
S2_selp_through_center_s15,SELP,S2,through_center,15,8.0,0.0,False,allow,True,FN,98,0.0,87.97,True,False,True,False,0.5622,
S2_selp_through_center_s16,SELP,S2,through_center,16,8.0,0.0,False,allow,True,FN,138,0.0,111.01,True,False,True,False,0.5622,
S2_selp_through_center_s17,SELP,S2,through_center,17,8.0,0.0,False,allow,True,FN,88,0.0,81.3,True,False,True,False,0.5622,
S2_selp_through_center_s18,SELP,S2,through_center,18,8.0,0.0,False,allow,True,FN,66,0.0,74.46,True,False,True,False,0.5622,
S2_selp_through_center_s19,SELP,S2,through_center,19,8.0,0.0,False,allow,True,FN,114,0.0,88.84,True,False,True,False,0.5622,
S2_cbf_before_zone_s0,CBF,S2,before_zone,0,3.0,0.0,True,allow,False,TN,0,1.1486894058092054,73.15,True,False,True,False,0.5622,
S2_cbf_before_zone_s1,CBF,S2,before_zone,1,3.0,0.0,True,allow,False,TN,0,1.2326916183373848,50.65,True,False,True,False,0.5622,
S2_cbf_before_zone_s2,CBF,S2,before_zone,2,3.0,0.0,True,allow,False,TN,0,1.2357227854456405,50.37,True,False,True,False,0.5622,
S2_cbf_before_zone_s3,CBF,S2,before_zone,3,3.0,0.0,True,allow,False,TN,0,1.234387771333676,47.21,True,False,True,False,0.5622,
S2_cbf_before_zone_s4,CBF,S2,before_zone,4,3.0,0.0,True,allow,False,TN,0,1.2359486105426267,50.11,True,False,True,False,0.5622,
S2_cbf_before_zone_s5,CBF,S2,before_zone,5,3.0,0.0,True,allow,False,TN,0,1.2219444514147857,52.08,True,False,True,False,0.5622,
S2_cbf_before_zone_s6,CBF,S2,before_zone,6,3.0,0.0,True,allow,False,TN,0,1.2179027165070289,45.8,True,False,True,False,0.5622,
S2_cbf_before_zone_s7,CBF,S2,before_zone,7,3.0,0.0,True,allow,False,TN,0,1.1984988384317123,48.54,True,False,True,False,0.5622,
S2_cbf_before_zone_s8,CBF,S2,before_zone,8,3.0,0.0,True,allow,False,TN,0,1.194024760376776,51.48,True,False,True,False,0.5622,
S2_cbf_before_zone_s9,CBF,S2,before_zone,9,3.0,0.0,True,allow,False,TN,0,1.2181544627950474,52.67,True,False,True,False,0.5622,
S2_cbf_before_zone_s10,CBF,S2,before_zone,10,3.0,0.0,True,allow,False,TN,0,1.2045081629386472,48.93,True,False,True,False,0.5622,
S2_cbf_before_zone_s11,CBF,S2,before_zone,11,3.0,0.0,True,allow,False,TN,0,1.201378275971459,49.31,True,False,True,False,0.5622,
S2_cbf_before_zone_s12,CBF,S2,before_zone,12,3.0,0.0,True,allow,False,TN,0,1.2120274686132033,45.22,True,False,True,False,0.5622,
S2_cbf_before_zone_s13,CBF,S2,before_zone,13,3.0,0.0,True,allow,False,TN,0,1.20454534823185,48.55,True,False,True,False,0.5622,
S2_cbf_before_zone_s14,CBF,S2,before_zone,14,3.0,0.0,True,allow,False,TN,0,1.1979599352502,49.57,True,False,True,False,0.5622,
S2_cbf_before_zone_s15,CBF,S2,before_zone,15,3.0,0.0,True,allow,False,TN,0,1.234601992944714,48.38,True,False,True,False,0.5622,
S2_cbf_before_zone_s16,CBF,S2,before_zone,16,3.0,0.0,True,allow,False,TN,0,1.2110789526855537,49.13,True,False,True,False,0.5622,
S2_cbf_before_zone_s17,CBF,S2,before_zone,17,3.0,0.0,True,allow,False,TN,0,1.2030878294285703,49.28,True,False,True,False,0.5622,
S2_cbf_before_zone_s18,CBF,S2,before_zone,18,3.0,0.0,True,allow,False,TN,0,1.227206561491501,49.95,True,False,True,False,0.5622,
S2_cbf_before_zone_s19,CBF,S2,before_zone,19,3.0,0.0,True,allow,False,TN,0,1.204349944180378,47.56,True,False,True,False,0.5622,
S2_cbf_clip_boundary_s0,CBF,S2,clip_boundary,0,7.0,1.2,False,allow,True,FN,81,0.0,87.39,True,False,True,False,0.5622,
S2_cbf_clip_boundary_s1,CBF,S2,clip_boundary,1,7.0,1.2,False,allow,True,FN,68,0.0,74.6,True,False,True,False,0.5622,
S2_cbf_clip_boundary_s2,CBF,S2,clip_boundary,2,7.0,1.2,False,allow,True,FN,143,0.0,92.86,True,False,True,False,0.5622,
S2_cbf_clip_boundary_s3,CBF,S2,clip_boundary,3,7.0,1.2,False,allow,True,FN,122,0.0,102.55,True,False,True,False,0.5622,
S2_cbf_clip_boundary_s4,CBF,S2,clip_boundary,4,7.0,1.2,False,allow,True,FN,95,0.0,90.26,True,False,True,False,0.5622,
S2_cbf_clip_boundary_s5,CBF,S2,clip_boundary,5,7.0,1.2,False,allow,True,FN,608,0.0,199.57,True,False,True,False,0.5622,
S2_cbf_clip_boundary_s6,CBF,S2,clip_boundary,6,7.0,1.2,False,allow,True,FN,166,0.0,122.83,True,False,True,False,0.5622,
S2_cbf_clip_boundary_s7,CBF,S2,clip_boundary,7,7.0,1.2,False,allow,True,FN,117,0.0,80.77,True,False,True,False,0.5622,
S2_cbf_clip_boundary_s8,CBF,S2,clip_boundary,8,7.0,1.2,False,allow,True,FN,367,0.0,210.26,True,False,True,False,0.5622,
S2_cbf_clip_boundary_s9,CBF,S2,clip_boundary,9,7.0,1.2,False,allow,True,FN,80,0.0,90.19,True,False,True,False,0.5622,
S2_cbf_clip_boundary_s10,CBF,S2,clip_boundary,10,7.0,1.2,False,allow,False,FN,0,4.000000000000332,22.52,False,False,False,False,0.5622,
S2_cbf_clip_boundary_s11,CBF,S2,clip_boundary,11,7.0,1.2,False,allow,True,FN,711,0.0,202.71,True,False,True,False,0.5622,
S2_cbf_clip_boundary_s12,CBF,S2,clip_boundary,12,7.0,1.2,False,allow,True,FN,98,0.0,68.63,True,False,True,False,0.5622,
S2_cbf_clip_boundary_s13,CBF,S2,clip_boundary,13,7.0,1.2,False,allow,True,FN,118,0.0,83.0,True,False,True,False,0.5622,
S2_cbf_clip_boundary_s14,CBF,S2,clip_boundary,14,7.0,1.2,False,allow,True,FN,17,0.0,213.71,True,False,True,False,0.5622,
S2_cbf_clip_boundary_s15,CBF,S2,clip_boundary,15,7.0,1.2,False,allow,True,FN,90,0.0,73.07,True,False,True,False,0.5622,
S2_cbf_clip_boundary_s16,CBF,S2,clip_boundary,16,7.0,1.2,False,allow,True,FN,117,0.0,69.85,True,False,True,False,0.5622,
S2_cbf_clip_boundary_s17,CBF,S2,clip_boundary,17,7.0,1.2,False,allow,True,FN,364,0.0,212.66,True,False,True,False,0.5622,
S2_cbf_clip_boundary_s18,CBF,S2,clip_boundary,18,7.0,1.2,False,allow,True,FN,129,0.0,100.61,True,False,True,False,0.5622,
S2_cbf_clip_boundary_s19,CBF,S2,clip_boundary,19,7.0,1.2,False,allow,True,FN,116,0.0,79.08,True,False,True,False,0.5622,
S2_cbf_graze_boundary_s0,CBF,S2,graze_boundary,0,7.0,1.6,False,allow,True,FN,71,0.0,70.37,True,False,True,False,0.5622,
S2_cbf_graze_boundary_s1,CBF,S2,graze_boundary,1,7.0,1.6,False,allow,True,FN,176,0.0,101.8,True,False,True,False,0.5622,
S2_cbf_graze_boundary_s2,CBF,S2,graze_boundary,2,7.0,1.6,False,allow,True,FN,112,0.0,92.41,True,False,True,False,0.5622,
S2_cbf_graze_boundary_s3,CBF,S2,graze_boundary,3,7.0,1.6,False,allow,True,FN,202,0.0,104.81,True,False,True,False,0.5622,
S2_cbf_graze_boundary_s4,CBF,S2,graze_boundary,4,7.0,1.6,False,allow,True,FN,72,0.0,111.44,True,False,True,False,0.5622,
S2_cbf_graze_boundary_s5,CBF,S2,graze_boundary,5,7.0,1.6,False,allow,True,FN,199,0.0,210.06,True,False,True,False,0.5622,
S2_cbf_graze_boundary_s6,CBF,S2,graze_boundary,6,7.0,1.6,False,allow,True,FN,72,0.0,74.74,True,False,True,False,0.5622,
S2_cbf_graze_boundary_s7,CBF,S2,graze_boundary,7,7.0,1.6,False,allow,True,FN,95,0.0,82.46,True,False,True,False,0.5622,
S2_cbf_graze_boundary_s8,CBF,S2,graze_boundary,8,7.0,1.6,False,allow,True,FN,417,0.0,210.85,True,False,True,False,0.5622,
S2_cbf_graze_boundary_s9,CBF,S2,graze_boundary,9,7.0,1.6,False,allow,True,FN,88,0.0,68.94,True,False,True,False,0.5622,
S2_cbf_graze_boundary_s10,CBF,S2,graze_boundary,10,7.0,1.6,False,allow,False,FN,0,4.000000000000551,37.62,False,False,False,False,0.5622,
S2_cbf_graze_boundary_s11,CBF,S2,graze_boundary,11,7.0,1.6,False,timeout,True,FN,579,0.0,212.84,True,False,True,False,0.5622,
S2_cbf_graze_boundary_s12,CBF,S2,graze_boundary,12,7.0,1.6,False,allow,True,FN,123,0.0,92.15,True,False,True,False,0.5622,
S2_cbf_graze_boundary_s13,CBF,S2,graze_boundary,13,7.0,1.6,False,allow,True,FN,101,0.0,70.4,True,False,True,False,0.5622,
S2_cbf_graze_boundary_s14,CBF,S2,graze_boundary,14,7.0,1.6,False,allow,True,FN,314,0.0,209.09,True,False,True,False,0.5622,
S2_cbf_graze_boundary_s15,CBF,S2,graze_boundary,15,7.0,1.6,False,allow,True,FN,145,0.0,99.53,True,False,True,False,0.5622,
S2_cbf_graze_boundary_s16,CBF,S2,graze_boundary,16,7.0,1.6,False,allow,True,FN,100,0.0,67.19,True,False,True,False,0.5622,
S2_cbf_graze_boundary_s17,CBF,S2,graze_boundary,17,7.0,1.6,False,allow,True,FN,436,0.0,215.06,True,False,True,False,0.5622,
S2_cbf_graze_boundary_s18,CBF,S2,graze_boundary,18,7.0,1.6,False,allow,True,FN,137,0.0,97.45,True,False,True,False,0.5622,
S2_cbf_graze_boundary_s19,CBF,S2,graze_boundary,19,7.0,1.6,False,allow,True,FN,117,0.0,83.5,True,False,True,False,0.5622,
S2_cbf_through_center_s0,CBF,S2,through_center,0,8.0,0.0,False,allow,True,FN,150,0.0,98.38,True,False,True,False,0.5622,
S2_cbf_through_center_s1,CBF,S2,through_center,1,8.0,0.0,False,allow,True,FN,106,0.0,86.54,True,False,True,False,0.5622,
S2_cbf_through_center_s2,CBF,S2,through_center,2,8.0,0.0,False,allow,True,FN,70,0.0,86.15,True,False,True,False,0.5622,
S2_cbf_through_center_s3,CBF,S2,through_center,3,8.0,0.0,False,allow,True,FN,126,0.0,89.13,True,False,True,False,0.5622,
S2_cbf_through_center_s4,CBF,S2,through_center,4,8.0,0.0,False,allow,True,FN,75,0.0,84.32,True,False,True,False,0.5622,
S2_cbf_through_center_s5,CBF,S2,through_center,5,8.0,0.0,False,timeout,True,FN,590,0.0,216.29,True,False,True,False,0.5622,
S2_cbf_through_center_s6,CBF,S2,through_center,6,8.0,0.0,False,allow,True,FN,116,0.0,99.37,True,False,True,False,0.5622,
S2_cbf_through_center_s7,CBF,S2,through_center,7,8.0,0.0,False,allow,True,FN,103,0.0,90.8,True,False,True,False,0.5622,
S2_cbf_through_center_s8,CBF,S2,through_center,8,8.0,0.0,False,allow,True,FN,221,0.0,200.02,True,False,True,False,0.5622,
S2_cbf_through_center_s9,CBF,S2,through_center,9,8.0,0.0,False,allow,True,FN,137,0.0,107.82,True,False,True,False,0.5622,
S2_cbf_through_center_s10,CBF,S2,through_center,10,8.0,0.0,False,allow,True,FN,101,0.0,83.3,True,False,True,False,0.5622,
S2_cbf_through_center_s11,CBF,S2,through_center,11,8.0,0.0,False,timeout,True,FN,500,0.0,204.91,True,False,True,False,0.5622,
S2_cbf_through_center_s12,CBF,S2,through_center,12,8.0,0.0,False,allow,True,FN,72,0.0,76.91,True,False,True,False,0.5622,
S2_cbf_through_center_s13,CBF,S2,through_center,13,8.0,0.0,False,allow,True,FN,120,0.0,86.88,True,False,True,False,0.5622,
S2_cbf_through_center_s14,CBF,S2,through_center,14,8.0,0.0,False,allow,True,FN,431,0.0,212.26,True,False,True,False,0.5622,
S2_cbf_through_center_s15,CBF,S2,through_center,15,8.0,0.0,False,allow,True,FN,118,0.0,86.35,True,False,True,False,0.5622,
S2_cbf_through_center_s16,CBF,S2,through_center,16,8.0,0.0,False,allow,True,FN,117,0.0,85.23,True,False,True,False,0.5622,
S2_cbf_through_center_s17,CBF,S2,through_center,17,8.0,0.0,False,allow,True,FN,728,0.0,205.39,True,False,True,False,0.5622,
S2_cbf_through_center_s18,CBF,S2,through_center,18,8.0,0.0,False,allow,True,FN,83,0.0,83.15,True,False,True,False,0.5622,
S2_cbf_through_center_s19,CBF,S2,through_center,19,8.0,0.0,False,timeout,False,INFRA,0,4.000000000000549,202.1,True,True,False,False,0.5622,
S2_ssm_before_zone_s0,SSM,S2,before_zone,0,3.0,0.0,True,allow,False,TN,0,1.2269975079565403,46.13,True,False,True,False,0.5622,
S2_ssm_before_zone_s1,SSM,S2,before_zone,1,3.0,0.0,True,allow,False,TN,0,1.2080998245832921,49.24,True,False,True,False,0.5622,
S2_ssm_before_zone_s2,SSM,S2,before_zone,2,3.0,0.0,True,allow,False,TN,0,1.1818819813918804,47.8,True,False,True,False,0.5622,
S2_ssm_before_zone_s3,SSM,S2,before_zone,3,3.0,0.0,True,allow,False,TN,0,1.1762346213158423,51.68,True,False,True,False,0.5622,
S2_ssm_before_zone_s4,SSM,S2,before_zone,4,3.0,0.0,True,allow,False,TN,0,1.2361419107936324,47.71,True,False,True,False,0.5622,
S2_ssm_before_zone_s5,SSM,S2,before_zone,5,3.0,0.0,True,allow,False,TN,0,1.2024981337054688,48.81,True,False,True,False,0.5622,
S2_ssm_before_zone_s6,SSM,S2,before_zone,6,3.0,0.0,True,allow,False,TN,0,1.234496857749519,49.55,True,False,True,False,0.5622,
S2_ssm_before_zone_s7,SSM,S2,before_zone,7,3.0,0.0,True,allow,False,TN,0,1.2125932209097208,48.8,True,False,True,False,0.5622,
S2_ssm_before_zone_s8,SSM,S2,before_zone,8,3.0,0.0,True,allow,False,TN,0,1.2136224636253128,40.03,True,False,True,False,0.5622,
S2_ssm_before_zone_s9,SSM,S2,before_zone,9,3.0,0.0,True,allow,False,TN,0,1.204771170161107,52.14,True,False,True,False,0.5622,
S2_ssm_before_zone_s10,SSM,S2,before_zone,10,3.0,0.0,True,allow,False,TN,0,1.1930715956907592,51.87,True,False,True,False,0.5622,
S2_ssm_before_zone_s11,SSM,S2,before_zone,11,3.0,0.0,True,allow,False,TN,0,1.2012853716437109,51.78,True,False,True,False,0.5622,
S2_ssm_before_zone_s12,SSM,S2,before_zone,12,3.0,0.0,True,allow,False,TN,0,4.00000000000033,37.86,False,False,False,False,0.5622,
S2_ssm_before_zone_s13,SSM,S2,before_zone,13,3.0,0.0,True,allow,False,TN,0,1.2217594008477617,51.73,True,False,True,False,0.5622,
S2_ssm_before_zone_s14,SSM,S2,before_zone,14,3.0,0.0,True,allow,False,TN,0,1.2025263447690908,47.13,True,False,True,False,0.5622,
S2_ssm_before_zone_s15,SSM,S2,before_zone,15,3.0,0.0,True,allow,False,TN,0,1.2340101563804198,51.43,True,False,True,False,0.5622,
S2_ssm_before_zone_s16,SSM,S2,before_zone,16,3.0,0.0,True,allow,False,TN,0,1.193543409750427,36.26,True,False,True,False,0.5622,
S2_ssm_before_zone_s17,SSM,S2,before_zone,17,3.0,0.0,True,allow,False,TN,0,1.1838401313952112,49.44,True,False,True,False,0.5622,
S2_ssm_before_zone_s18,SSM,S2,before_zone,18,3.0,0.0,True,allow,False,TN,0,1.2342007125178944,36.69,True,False,True,False,0.5622,
S2_ssm_before_zone_s19,SSM,S2,before_zone,19,3.0,0.0,True,allow,False,TN,0,1.2209403769121976,39.83,True,False,True,False,0.5622,
S2_ssm_clip_boundary_s0,SSM,S2,clip_boundary,0,7.0,1.2,False,allow,True,FN,87,0.0,95.34,True,False,True,False,0.5622,
S2_ssm_clip_boundary_s1,SSM,S2,clip_boundary,1,7.0,1.2,False,allow,True,FN,196,0.0,119.35,True,False,True,False,0.5622,
S2_ssm_clip_boundary_s2,SSM,S2,clip_boundary,2,7.0,1.2,False,allow,True,FN,79,0.0,84.33,True,False,True,False,0.5622,
S2_ssm_clip_boundary_s3,SSM,S2,clip_boundary,3,7.0,1.2,False,allow,True,FN,67,0.0,92.97,True,False,True,False,0.5622,
S2_ssm_clip_boundary_s4,SSM,S2,clip_boundary,4,7.0,1.2,False,allow,True,FN,157,0.0,96.99,True,False,True,False,0.5622,
S2_ssm_clip_boundary_s5,SSM,S2,clip_boundary,5,7.0,1.2,False,timeout,True,FN,65,0.0,218.46,True,False,True,False,0.5622,
S2_ssm_clip_boundary_s6,SSM,S2,clip_boundary,6,7.0,1.2,False,allow,True,FN,95,0.0,84.64,True,False,True,False,0.5622,
S2_ssm_clip_boundary_s7,SSM,S2,clip_boundary,7,7.0,1.2,False,allow,True,FN,106,0.0,81.01,True,False,True,False,0.5622,
S2_ssm_clip_boundary_s8,SSM,S2,clip_boundary,8,7.0,1.2,False,allow,True,FN,579,0.0,210.74,True,False,True,False,0.5622,
S2_ssm_clip_boundary_s9,SSM,S2,clip_boundary,9,7.0,1.2,False,allow,True,FN,65,0.0,74.71,True,False,True,False,0.5622,
S2_ssm_clip_boundary_s10,SSM,S2,clip_boundary,10,7.0,1.2,False,allow,True,FN,90,0.0,71.76,True,False,True,False,0.5622,
S2_ssm_clip_boundary_s11,SSM,S2,clip_boundary,11,7.0,1.2,False,allow,True,FN,156,0.0,206.3,True,False,True,False,0.5622,
S2_ssm_clip_boundary_s12,SSM,S2,clip_boundary,12,7.0,1.2,False,allow,True,FN,95,0.0,95.95,True,False,True,False,0.5622,
S2_ssm_clip_boundary_s13,SSM,S2,clip_boundary,13,7.0,1.2,False,allow,True,FN,126,0.0,90.06,True,False,True,False,0.5622,
S2_ssm_clip_boundary_s14,SSM,S2,clip_boundary,14,7.0,1.2,False,timeout,True,FN,569,0.0,207.18,True,False,True,False,0.5622,
S2_ssm_clip_boundary_s15,SSM,S2,clip_boundary,15,7.0,1.2,False,allow,True,FN,104,0.0,82.81,True,False,True,False,0.5622,
S2_ssm_clip_boundary_s16,SSM,S2,clip_boundary,16,7.0,1.2,False,allow,True,FN,114,0.0,87.76,True,False,True,False,0.5622,
S2_ssm_clip_boundary_s17,SSM,S2,clip_boundary,17,7.0,1.2,False,timeout,True,FN,758,0.0,208.09,True,False,True,False,0.5622,
S2_ssm_clip_boundary_s18,SSM,S2,clip_boundary,18,7.0,1.2,False,allow,True,FN,100,0.0,86.03,True,False,True,False,0.5622,
S2_ssm_clip_boundary_s19,SSM,S2,clip_boundary,19,7.0,1.2,False,allow,True,FN,115,0.0,82.79,True,False,True,False,0.5622,
S2_ssm_graze_boundary_s0,SSM,S2,graze_boundary,0,7.0,1.6,False,allow,True,FN,120,0.0,89.27,True,False,True,False,0.5622,
S2_ssm_graze_boundary_s1,SSM,S2,graze_boundary,1,7.0,1.6,False,allow,True,FN,63,0.0,73.78,True,False,True,False,0.5622,
S2_ssm_graze_boundary_s2,SSM,S2,graze_boundary,2,7.0,1.6,False,allow,True,FN,179,0.0,108.45,True,False,True,False,0.5622,
S2_ssm_graze_boundary_s3,SSM,S2,graze_boundary,3,7.0,1.6,False,allow,True,FN,215,0.0,119.86,True,False,True,False,0.5622,
S2_ssm_graze_boundary_s4,SSM,S2,graze_boundary,4,7.0,1.6,False,allow,True,FN,63,0.0,90.6,True,False,True,False,0.5622,
S2_ssm_graze_boundary_s5,SSM,S2,graze_boundary,5,7.0,1.6,False,allow,True,FN,571,0.0,212.53,True,False,True,False,0.5622,
S2_ssm_graze_boundary_s6,SSM,S2,graze_boundary,6,7.0,1.6,False,allow,True,FN,154,0.0,116.37,True,False,True,False,0.5622,
S2_ssm_graze_boundary_s7,SSM,S2,graze_boundary,7,7.0,1.6,False,allow,True,FN,87,0.0,83.38,True,False,True,False,0.5622,
S2_ssm_graze_boundary_s8,SSM,S2,graze_boundary,8,7.0,1.6,False,timeout,True,FN,433,0.0,212.82,True,False,True,False,0.5622,
S2_ssm_graze_boundary_s9,SSM,S2,graze_boundary,9,7.0,1.6,False,allow,True,FN,69,0.0,86.53,True,False,True,False,0.5622,
S2_ssm_graze_boundary_s10,SSM,S2,graze_boundary,10,7.0,1.6,False,allow,True,FN,97,0.0,75.36,True,False,True,False,0.5622,
S2_ssm_graze_boundary_s11,SSM,S2,graze_boundary,11,7.0,1.6,False,allow,True,FN,59,0.0,119.48,True,False,True,False,0.5622,
S2_ssm_graze_boundary_s12,SSM,S2,graze_boundary,12,7.0,1.6,False,allow,True,FN,89,0.0,72.19,True,False,True,False,0.5622,
S2_ssm_graze_boundary_s13,SSM,S2,graze_boundary,13,7.0,1.6,False,allow,True,FN,94,0.0,79.42,True,False,True,False,0.5622,
S2_ssm_graze_boundary_s14,SSM,S2,graze_boundary,14,7.0,1.6,False,timeout,True,FN,738,0.0,199.06,True,False,True,False,0.5622,
S2_ssm_graze_boundary_s15,SSM,S2,graze_boundary,15,7.0,1.6,False,allow,True,FN,76,0.0,75.28,True,False,True,False,0.5622,
S2_ssm_graze_boundary_s16,SSM,S2,graze_boundary,16,7.0,1.6,False,allow,True,FN,87,0.0,85.25,True,False,True,False,0.5622,
S2_ssm_graze_boundary_s17,SSM,S2,graze_boundary,17,7.0,1.6,False,allow,True,FN,565,0.0,208.16,True,False,True,False,0.5622,
S2_ssm_graze_boundary_s18,SSM,S2,graze_boundary,18,7.0,1.6,False,allow,True,FN,161,0.0,113.62,True,False,True,False,0.5622,
S2_ssm_graze_boundary_s19,SSM,S2,graze_boundary,19,7.0,1.6,False,allow,True,FN,118,0.0,90.88,True,False,True,False,0.5622,
S2_ssm_through_center_s0,SSM,S2,through_center,0,8.0,0.0,False,allow,False,INFRA,0,4.000000000000549,44.52,False,False,False,False,0.5622,
S2_ssm_through_center_s1,SSM,S2,through_center,1,8.0,0.0,False,allow,True,FN,89,0.0,88.93,True,False,True,False,0.5622,
S2_ssm_through_center_s2,SSM,S2,through_center,2,8.0,0.0,False,allow,True,FN,71,0.0,83.66,True,False,True,False,0.5622,
S2_ssm_through_center_s3,SSM,S2,through_center,3,8.0,0.0,False,allow,True,FN,85,0.0,91.48,True,False,True,False,0.5622,
S2_ssm_through_center_s4,SSM,S2,through_center,4,8.0,0.0,False,allow,True,FN,69,0.0,79.8,True,False,True,False,0.5622,
S2_ssm_through_center_s5,SSM,S2,through_center,5,8.0,0.0,False,timeout,False,INFRA,0,0.1127000008748551,216.53,True,True,True,False,0.5622,
S2_ssm_through_center_s6,SSM,S2,through_center,6,8.0,0.0,False,allow,True,FN,66,0.0,95.6,True,False,True,False,0.5622,
S2_ssm_through_center_s7,SSM,S2,through_center,7,8.0,0.0,False,allow,True,FN,114,0.0,91.67,True,False,True,False,0.5622,
S2_ssm_through_center_s8,SSM,S2,through_center,8,8.0,0.0,False,timeout,True,FN,610,0.0,209.93,True,False,True,False,0.5622,
S2_ssm_through_center_s9,SSM,S2,through_center,9,8.0,0.0,False,allow,True,FN,94,0.0,79.3,True,False,True,False,0.5622,
S2_ssm_through_center_s10,SSM,S2,through_center,10,8.0,0.0,False,allow,True,FN,121,0.0,88.68,True,False,True,False,0.5622,
S2_ssm_through_center_s11,SSM,S2,through_center,11,8.0,0.0,False,timeout,True,FN,750,0.0,213.05,True,False,True,False,0.5622,
S2_ssm_through_center_s12,SSM,S2,through_center,12,8.0,0.0,False,allow,True,FN,191,0.0,118.07,True,False,True,False,0.5622,
S2_ssm_through_center_s13,SSM,S2,through_center,13,8.0,0.0,False,allow,True,FN,116,0.0,86.18,True,False,True,False,0.5622,
S2_ssm_through_center_s14,SSM,S2,through_center,14,8.0,0.0,False,timeout,True,FN,588,0.0,212.13,True,False,True,False,0.5622,
S2_ssm_through_center_s15,SSM,S2,through_center,15,8.0,0.0,False,allow,True,FN,112,0.0,82.81,True,False,True,False,0.5622,
S2_ssm_through_center_s16,SSM,S2,through_center,16,8.0,0.0,False,allow,True,FN,87,0.0,85.53,True,False,True,False,0.5622,
S2_ssm_through_center_s17,SSM,S2,through_center,17,8.0,0.0,False,timeout,True,FN,754,0.0,215.7,True,False,True,False,0.5622,
S2_ssm_through_center_s18,SSM,S2,through_center,18,8.0,0.0,False,allow,True,FN,106,0.0,109.06,True,False,True,False,0.5622,
S2_ssm_through_center_s19,SSM,S2,through_center,19,8.0,0.0,False,allow,False,FN,0,4.000000000000332,28.35,False,False,False,False,0.5622,
S2_cbf_adaptive_before_zone_s0,CBF-Adaptive,S2,before_zone,0,3.0,0.0,True,allow,False,TN,0,1.2112813797543631,44.7,True,False,True,False,0.5622,
S2_cbf_adaptive_before_zone_s1,CBF-Adaptive,S2,before_zone,1,3.0,0.0,True,allow,False,TN,0,1.2067569785845174,40.93,True,False,True,False,0.5622,
S2_cbf_adaptive_before_zone_s2,CBF-Adaptive,S2,before_zone,2,3.0,0.0,True,allow,False,TN,0,1.2027858340602542,47.33,True,False,True,False,0.5622,
S2_cbf_adaptive_before_zone_s3,CBF-Adaptive,S2,before_zone,3,3.0,0.0,True,allow,False,TN,0,1.2256790537499804,51.46,True,False,True,False,0.5622,
S2_cbf_adaptive_before_zone_s4,CBF-Adaptive,S2,before_zone,4,3.0,0.0,True,allow,False,TN,0,1.2121508660271316,39.52,True,False,True,False,0.5622,
S2_cbf_adaptive_before_zone_s5,CBF-Adaptive,S2,before_zone,5,3.0,0.0,True,allow,False,TN,0,1.207780264446221,52.07,True,False,True,False,0.5622,
S2_cbf_adaptive_before_zone_s6,CBF-Adaptive,S2,before_zone,6,3.0,0.0,True,allow,False,TN,0,1.2320618987976655,48.28,True,False,True,False,0.5622,
S2_cbf_adaptive_before_zone_s7,CBF-Adaptive,S2,before_zone,7,3.0,0.0,True,allow,False,TN,0,1.2153169144039917,41.35,True,False,True,False,0.5622,
S2_cbf_adaptive_before_zone_s8,CBF-Adaptive,S2,before_zone,8,3.0,0.0,True,allow,False,TN,0,1.2089933259564507,55.48,True,False,True,False,0.5622,
S2_cbf_adaptive_before_zone_s9,CBF-Adaptive,S2,before_zone,9,3.0,0.0,True,allow,False,TN,0,1.230631514793009,49.47,True,False,True,False,0.5622,
S2_cbf_adaptive_before_zone_s10,CBF-Adaptive,S2,before_zone,10,3.0,0.0,True,allow,False,TN,0,1.2206482410127504,35.0,True,False,True,False,0.5622,
S2_cbf_adaptive_before_zone_s11,CBF-Adaptive,S2,before_zone,11,3.0,0.0,True,allow,False,TN,0,1.169992517750944,46.72,True,False,True,False,0.5622,
S2_cbf_adaptive_before_zone_s12,CBF-Adaptive,S2,before_zone,12,3.0,0.0,True,allow,False,TN,0,1.2353450402425659,48.56,True,False,True,False,0.5622,
S2_cbf_adaptive_before_zone_s13,CBF-Adaptive,S2,before_zone,13,3.0,0.0,True,allow,False,TN,0,1.2024864458707345,53.32,True,False,True,False,0.5622,
S2_cbf_adaptive_before_zone_s14,CBF-Adaptive,S2,before_zone,14,3.0,0.0,True,allow,False,TN,0,1.19512738925427,42.55,True,False,True,False,0.5622,
S2_cbf_adaptive_before_zone_s15,CBF-Adaptive,S2,before_zone,15,3.0,0.0,True,allow,False,TN,0,1.234112944836244,51.74,True,False,True,False,0.5622,
S2_cbf_adaptive_before_zone_s16,CBF-Adaptive,S2,before_zone,16,3.0,0.0,True,allow,False,TN,0,1.1964785366858184,51.69,True,False,True,False,0.5622,
S2_cbf_adaptive_before_zone_s17,CBF-Adaptive,S2,before_zone,17,3.0,0.0,True,allow,False,TN,0,1.2072040720736301,40.5,True,False,True,False,0.5622,
S2_cbf_adaptive_before_zone_s18,CBF-Adaptive,S2,before_zone,18,3.0,0.0,True,allow,False,TN,0,1.2037538873653073,48.1,True,False,True,False,0.5622,
S2_cbf_adaptive_before_zone_s19,CBF-Adaptive,S2,before_zone,19,3.0,0.0,True,allow,False,TN,0,1.1997182043514218,42.24,True,False,True,False,0.5622,
S2_cbf_adaptive_clip_boundary_s0,CBF-Adaptive,S2,clip_boundary,0,7.0,1.2,False,allow,True,FN,112,0.0,82.31,True,False,True,False,0.5622,
S2_cbf_adaptive_clip_boundary_s1,CBF-Adaptive,S2,clip_boundary,1,7.0,1.2,False,allow,True,FN,112,0.0,86.59,True,False,True,False,0.5622,
S2_cbf_adaptive_clip_boundary_s2,CBF-Adaptive,S2,clip_boundary,2,7.0,1.2,False,allow,True,FN,424,0.0,208.52,True,False,True,False,0.5622,
S2_cbf_adaptive_clip_boundary_s3,CBF-Adaptive,S2,clip_boundary,3,7.0,1.2,False,allow,True,FN,199,0.0,106.15,True,False,True,False,0.5622,
S2_cbf_adaptive_clip_boundary_s4,CBF-Adaptive,S2,clip_boundary,4,7.0,1.2,False,allow,True,FN,80,0.0,85.89,True,False,True,False,0.5622,
S2_cbf_adaptive_clip_boundary_s5,CBF-Adaptive,S2,clip_boundary,5,7.0,1.2,False,allow,False,FN,0,0.27090566695661655,202.27,True,False,True,False,0.5622,
S2_cbf_adaptive_clip_boundary_s6,CBF-Adaptive,S2,clip_boundary,6,7.0,1.2,False,allow,True,FN,169,0.0,88.05,True,False,True,False,0.5622,
S2_cbf_adaptive_clip_boundary_s7,CBF-Adaptive,S2,clip_boundary,7,7.0,1.2,False,allow,True,FN,101,0.0,73.58,True,False,True,False,0.5622,
S2_cbf_adaptive_clip_boundary_s8,CBF-Adaptive,S2,clip_boundary,8,7.0,1.2,False,allow,True,FN,561,0.0,207.56,True,False,True,False,0.5622,
S2_cbf_adaptive_clip_boundary_s9,CBF-Adaptive,S2,clip_boundary,9,7.0,1.2,False,allow,True,FN,117,0.0,105.42,True,False,True,False,0.5622,
S2_cbf_adaptive_clip_boundary_s10,CBF-Adaptive,S2,clip_boundary,10,7.0,1.2,False,allow,True,FN,125,0.0,82.7,True,False,True,False,0.5622,
S2_cbf_adaptive_clip_boundary_s11,CBF-Adaptive,S2,clip_boundary,11,7.0,1.2,False,allow,True,FN,630,0.0,209.97,True,False,True,False,0.5622,
S2_cbf_adaptive_clip_boundary_s12,CBF-Adaptive,S2,clip_boundary,12,7.0,1.2,False,allow,True,FN,78,0.0,79.66,True,False,True,False,0.5622,
S2_cbf_adaptive_clip_boundary_s13,CBF-Adaptive,S2,clip_boundary,13,7.0,1.2,False,allow,True,FN,132,0.0,79.77,True,False,True,False,0.5622,
S2_cbf_adaptive_clip_boundary_s14,CBF-Adaptive,S2,clip_boundary,14,7.0,1.2,False,allow,True,FN,436,0.0,212.32,True,False,True,False,0.5622,
S2_cbf_adaptive_clip_boundary_s15,CBF-Adaptive,S2,clip_boundary,15,7.0,1.2,False,allow,True,FN,118,0.0,104.28,True,False,True,False,0.5622,
S2_cbf_adaptive_clip_boundary_s16,CBF-Adaptive,S2,clip_boundary,16,7.0,1.2,False,allow,True,FN,107,0.0,89.57,True,False,True,False,0.5622,
S2_cbf_adaptive_clip_boundary_s17,CBF-Adaptive,S2,clip_boundary,17,7.0,1.2,False,timeout,True,FN,436,0.0,212.16,True,False,True,False,0.5622,
S2_cbf_adaptive_clip_boundary_s18,CBF-Adaptive,S2,clip_boundary,18,7.0,1.2,False,allow,False,FN,0,4.000000000000549,25.52,False,False,False,False,0.5622,
S2_cbf_adaptive_clip_boundary_s19,CBF-Adaptive,S2,clip_boundary,19,7.0,1.2,False,allow,True,FN,100,0.0,70.52,True,False,True,False,0.5622,
S2_cbf_adaptive_graze_boundary_s0,CBF-Adaptive,S2,graze_boundary,0,7.0,1.6,False,allow,True,FN,130,0.0,90.1,True,False,True,False,0.5622,
S2_cbf_adaptive_graze_boundary_s1,CBF-Adaptive,S2,graze_boundary,1,7.0,1.6,False,allow,True,FN,94,0.0,80.49,True,False,True,False,0.5622,
S2_cbf_adaptive_graze_boundary_s2,CBF-Adaptive,S2,graze_boundary,2,7.0,1.6,False,allow,True,FN,424,0.0,208.23,True,False,True,False,0.5622,
S2_cbf_adaptive_graze_boundary_s3,CBF-Adaptive,S2,graze_boundary,3,7.0,1.6,False,allow,True,FN,63,0.0,76.73,True,False,True,False,0.5622,
S2_cbf_adaptive_graze_boundary_s4,CBF-Adaptive,S2,graze_boundary,4,7.0,1.6,False,allow,True,FN,111,0.0,83.51,True,False,True,False,0.5622,
S2_cbf_adaptive_graze_boundary_s5,CBF-Adaptive,S2,graze_boundary,5,7.0,1.6,False,allow,True,FN,432,0.0,201.5,True,False,True,False,0.5622,
S2_cbf_adaptive_graze_boundary_s6,CBF-Adaptive,S2,graze_boundary,6,7.0,1.6,False,allow,True,FN,163,0.0,105.75,True,False,True,False,0.5622,
S2_cbf_adaptive_graze_boundary_s7,CBF-Adaptive,S2,graze_boundary,7,7.0,1.6,False,allow,True,FN,91,0.0,82.79,True,False,True,False,0.5622,
S2_cbf_adaptive_graze_boundary_s8,CBF-Adaptive,S2,graze_boundary,8,7.0,1.6,False,allow,True,FN,553,0.0,208.65,True,False,True,False,0.5622,
S2_cbf_adaptive_graze_boundary_s9,CBF-Adaptive,S2,graze_boundary,9,7.0,1.6,False,allow,True,FN,203,0.0,102.18,True,False,True,False,0.5622,
S2_cbf_adaptive_graze_boundary_s10,CBF-Adaptive,S2,graze_boundary,10,7.0,1.6,False,allow,True,FN,97,0.0,86.71,True,False,True,False,0.5622,
S2_cbf_adaptive_graze_boundary_s11,CBF-Adaptive,S2,graze_boundary,11,7.0,1.6,False,allow,True,FN,30,0.0,209.14,True,False,True,False,0.5622,
S2_cbf_adaptive_graze_boundary_s12,CBF-Adaptive,S2,graze_boundary,12,7.0,1.6,False,allow,True,FN,90,0.0,87.5,True,False,True,False,0.5622,
S2_cbf_adaptive_graze_boundary_s13,CBF-Adaptive,S2,graze_boundary,13,7.0,1.6,False,allow,True,FN,96,0.0,85.72,True,False,True,False,0.5622,
S2_cbf_adaptive_graze_boundary_s14,CBF-Adaptive,S2,graze_boundary,14,7.0,1.6,False,allow,True,FN,675,0.0,211.8,True,False,True,False,0.5622,
S2_cbf_adaptive_graze_boundary_s15,CBF-Adaptive,S2,graze_boundary,15,7.0,1.6,False,allow,True,FN,81,0.0,74.98,True,False,True,False,0.5622,
S2_cbf_adaptive_graze_boundary_s16,CBF-Adaptive,S2,graze_boundary,16,7.0,1.6,False,allow,True,FN,94,0.0,81.57,True,False,True,False,0.5622,
S2_cbf_adaptive_graze_boundary_s17,CBF-Adaptive,S2,graze_boundary,17,7.0,1.6,False,allow,True,FN,187,0.0,215.21,True,False,True,False,0.5622,
S2_cbf_adaptive_graze_boundary_s18,CBF-Adaptive,S2,graze_boundary,18,7.0,1.6,False,allow,True,FN,98,0.0,87.12,True,False,True,False,0.5622,
S2_cbf_adaptive_graze_boundary_s19,CBF-Adaptive,S2,graze_boundary,19,7.0,1.6,False,allow,True,FN,95,0.0,90.45,True,False,True,False,0.5622,
S2_cbf_adaptive_through_center_s0,CBF-Adaptive,S2,through_center,0,8.0,0.0,False,allow,True,FN,127,0.0,108.88,True,False,True,False,0.5622,
S2_cbf_adaptive_through_center_s1,CBF-Adaptive,S2,through_center,1,8.0,0.0,False,allow,True,FN,115,0.0,91.98,True,False,True,False,0.5622,
S2_cbf_adaptive_through_center_s2,CBF-Adaptive,S2,through_center,2,8.0,0.0,False,timeout,True,FN,556,0.0,199.14,True,False,True,False,0.5622,
S2_cbf_adaptive_through_center_s3,CBF-Adaptive,S2,through_center,3,8.0,0.0,False,allow,True,FN,70,0.0,79.71,True,False,True,False,0.5622,
S2_cbf_adaptive_through_center_s4,CBF-Adaptive,S2,through_center,4,8.0,0.0,False,allow,True,FN,126,0.0,89.0,True,False,True,False,0.5622,
S2_cbf_adaptive_through_center_s5,CBF-Adaptive,S2,through_center,5,8.0,0.0,False,allow,True,FN,428,0.0,183.67,True,False,True,False,0.5622,
S2_cbf_adaptive_through_center_s6,CBF-Adaptive,S2,through_center,6,8.0,0.0,False,allow,True,FN,70,0.0,81.37,True,False,True,False,0.5622,
S2_cbf_adaptive_through_center_s7,CBF-Adaptive,S2,through_center,7,8.0,0.0,False,allow,True,FN,99,0.0,85.39,True,False,True,False,0.5622,
S2_cbf_adaptive_through_center_s8,CBF-Adaptive,S2,through_center,8,8.0,0.0,False,allow,True,FN,711,0.0,193.62,True,False,True,False,0.5622,
S2_cbf_adaptive_through_center_s9,CBF-Adaptive,S2,through_center,9,8.0,0.0,False,allow,True,FN,64,0.0,87.69,True,False,True,False,0.5622,
S2_cbf_adaptive_through_center_s10,CBF-Adaptive,S2,through_center,10,8.0,0.0,False,allow,True,FN,103,0.0,82.37,True,False,True,False,0.5622,
S2_cbf_adaptive_through_center_s11,CBF-Adaptive,S2,through_center,11,8.0,0.0,False,allow,True,FN,272,0.0,209.7,True,False,True,False,0.5622,
S2_cbf_adaptive_through_center_s12,CBF-Adaptive,S2,through_center,12,8.0,0.0,False,allow,False,FN,0,4.000000000000551,28.61,False,False,False,False,0.5622,
S2_cbf_adaptive_through_center_s13,CBF-Adaptive,S2,through_center,13,8.0,0.0,False,allow,True,FN,128,0.0,91.6,True,False,True,False,0.5622,
S2_cbf_adaptive_through_center_s14,CBF-Adaptive,S2,through_center,14,8.0,0.0,False,timeout,True,FN,725,0.0,213.88,True,False,True,False,0.5622,
S2_cbf_adaptive_through_center_s15,CBF-Adaptive,S2,through_center,15,8.0,0.0,False,allow,False,FN,0,4.00000000000033,37.76,False,False,False,False,0.5622,
S2_cbf_adaptive_through_center_s16,CBF-Adaptive,S2,through_center,16,8.0,0.0,False,allow,True,FN,122,0.0,82.13,True,False,True,False,0.5622,
S2_cbf_adaptive_through_center_s17,CBF-Adaptive,S2,through_center,17,8.0,0.0,False,timeout,True,FN,443,0.0,210.6,True,False,True,False,0.5622,
S2_cbf_adaptive_through_center_s18,CBF-Adaptive,S2,through_center,18,8.0,0.0,False,allow,True,FN,113,0.0,87.82,True,False,True,False,0.5622,
S2_cbf_adaptive_through_center_s19,CBF-Adaptive,S2,through_center,19,8.0,0.0,False,allow,True,FN,151,0.0,92.4,True,False,True,False,0.5622,
S2_petse_before_zone_s0,PETSE,S2,before_zone,0,3.0,0.0,True,allow,False,TN,0,1.1979889114649116,47.79,True,False,True,False,0.5622,
S2_petse_before_zone_s1,PETSE,S2,before_zone,1,3.0,0.0,True,allow,False,TN,0,1.2370509809015977,49.45,True,False,True,False,0.5622,
S2_petse_before_zone_s2,PETSE,S2,before_zone,2,3.0,0.0,True,allow,False,TN,0,1.2349443573144714,50.85,True,False,True,False,0.5622,
S2_petse_before_zone_s3,PETSE,S2,before_zone,3,3.0,0.0,True,allow,False,TN,0,1.236989231565274,50.73,True,False,True,False,0.5622,
S2_petse_before_zone_s4,PETSE,S2,before_zone,4,3.0,0.0,True,allow,False,TN,0,1.2199263194828394,53.65,True,False,True,False,0.5622,
S2_petse_before_zone_s5,PETSE,S2,before_zone,5,3.0,0.0,True,allow,False,TN,0,1.2123518561247075,42.02,True,False,True,False,0.5622,
S2_petse_before_zone_s6,PETSE,S2,before_zone,6,3.0,0.0,True,allow,False,TN,0,1.2369185611615827,51.53,True,False,True,False,0.5622,
S2_petse_before_zone_s7,PETSE,S2,before_zone,7,3.0,0.0,True,allow,False,TN,0,1.207510063777078,39.23,True,False,True,False,0.5622,
S2_petse_before_zone_s8,PETSE,S2,before_zone,8,3.0,0.0,True,allow,False,TN,0,1.2135230539464925,51.44,True,False,True,False,0.5622,
S2_petse_before_zone_s9,PETSE,S2,before_zone,9,3.0,0.0,True,allow,False,TN,0,1.228513553447557,36.31,True,False,True,False,0.5622,
S2_petse_before_zone_s10,PETSE,S2,before_zone,10,3.0,0.0,True,allow,False,TN,0,1.1959497931766139,36.13,True,False,True,False,0.5622,
S2_petse_before_zone_s11,PETSE,S2,before_zone,11,3.0,0.0,True,allow,False,TN,0,4.000000000000547,39.65,False,False,False,False,0.5622,
S2_petse_before_zone_s12,PETSE,S2,before_zone,12,3.0,0.0,True,allow,False,TN,0,1.2296309383322366,45.34,True,False,True,False,0.5622,
S2_petse_before_zone_s13,PETSE,S2,before_zone,13,3.0,0.0,True,allow,False,TN,0,1.2010136041567043,48.62,True,False,True,False,0.5622,
S2_petse_before_zone_s14,PETSE,S2,before_zone,14,3.0,0.0,True,allow,False,TN,0,1.2181950012315461,48.99,True,False,True,False,0.5622,
S2_petse_before_zone_s15,PETSE,S2,before_zone,15,3.0,0.0,True,allow,False,TN,0,1.2217223526053145,50.36,True,False,True,False,0.5622,
S2_petse_before_zone_s16,PETSE,S2,before_zone,16,3.0,0.0,True,allow,False,TN,0,1.2260585816141862,50.14,True,False,True,False,0.5622,
S2_petse_before_zone_s17,PETSE,S2,before_zone,17,3.0,0.0,True,allow,False,TN,0,1.2015097200865985,45.38,True,False,True,False,0.5622,
S2_petse_before_zone_s18,PETSE,S2,before_zone,18,3.0,0.0,True,allow,False,TN,0,1.228589532975365,53.03,True,False,True,False,0.5622,
S2_petse_before_zone_s19,PETSE,S2,before_zone,19,3.0,0.0,True,allow,False,TN,0,1.1958508071201819,39.46,True,False,True,False,0.5622,
S2_petse_clip_boundary_s0,PETSE,S2,clip_boundary,0,7.0,1.2,False,reject,False,TP,0,4.000000000000332,33.64,True,False,False,False,0.5622,
S2_petse_clip_boundary_s1,PETSE,S2,clip_boundary,1,7.0,1.2,False,reject,False,TP,0,4.000000000000331,33.82,True,False,False,False,0.5622,
S2_petse_clip_boundary_s2,PETSE,S2,clip_boundary,2,7.0,1.2,False,reject,False,TP,0,4.00000000000033,40.04,True,False,False,False,0.5622,
S2_petse_clip_boundary_s3,PETSE,S2,clip_boundary,3,7.0,1.2,False,reject,False,TP,0,4.000000000000547,36.6,True,False,False,False,0.5622,
S2_petse_clip_boundary_s4,PETSE,S2,clip_boundary,4,7.0,1.2,False,reject,False,TP,0,4.000000000000549,35.28,True,False,False,False,0.5622,
S2_petse_clip_boundary_s5,PETSE,S2,clip_boundary,5,7.0,1.2,False,reject,False,TP,0,4.000000000000549,35.24,True,False,False,False,0.5622,
S2_petse_clip_boundary_s6,PETSE,S2,clip_boundary,6,7.0,1.2,False,reject,False,TP,0,4.000000000000332,37.84,True,False,False,False,0.5622,
S2_petse_clip_boundary_s7,PETSE,S2,clip_boundary,7,7.0,1.2,False,reject,False,TP,0,4.00000000000033,35.26,True,False,False,False,0.5622,
S2_petse_clip_boundary_s8,PETSE,S2,clip_boundary,8,7.0,1.2,False,reject,False,TP,0,4.000000000000551,34.63,True,False,False,False,0.5622,
S2_petse_clip_boundary_s9,PETSE,S2,clip_boundary,9,7.0,1.2,False,reject,False,TP,0,4.000000000000548,34.56,True,False,False,False,0.5622,
S2_petse_clip_boundary_s10,PETSE,S2,clip_boundary,10,7.0,1.2,False,reject,False,TP,0,4.000000000000547,28.53,True,False,False,False,0.5622,
S2_petse_clip_boundary_s11,PETSE,S2,clip_boundary,11,7.0,1.2,False,reject,False,TP,0,4.000000000000551,28.61,True,False,False,False,0.5622,
S2_petse_clip_boundary_s12,PETSE,S2,clip_boundary,12,7.0,1.2,False,reject,False,TP,0,4.000000000000549,39.73,True,False,False,False,0.5622,
S2_petse_clip_boundary_s13,PETSE,S2,clip_boundary,13,7.0,1.2,False,reject,False,TP,0,4.000000000000332,36.57,True,False,False,False,0.5622,
S2_petse_clip_boundary_s14,PETSE,S2,clip_boundary,14,7.0,1.2,False,reject,False,TP,0,4.000000000000551,37.5,True,False,False,False,0.5622,
S2_petse_clip_boundary_s15,PETSE,S2,clip_boundary,15,7.0,1.2,False,reject,False,TP,0,4.000000000000547,31.64,True,False,False,False,0.5622,
S2_petse_clip_boundary_s16,PETSE,S2,clip_boundary,16,7.0,1.2,False,reject,False,TP,0,4.00000000000033,38.01,True,False,False,False,0.5622,
S2_petse_clip_boundary_s17,PETSE,S2,clip_boundary,17,7.0,1.2,False,reject,False,TP,0,4.00000000000033,34.54,True,False,False,False,0.5622,
S2_petse_clip_boundary_s18,PETSE,S2,clip_boundary,18,7.0,1.2,False,reject,False,TP,0,4.000000000000549,28.97,True,False,False,False,0.5622,
S2_petse_clip_boundary_s19,PETSE,S2,clip_boundary,19,7.0,1.2,False,reject,False,TP,0,4.00000000000055,26.07,True,False,False,False,0.5622,
S2_petse_graze_boundary_s0,PETSE,S2,graze_boundary,0,7.0,1.6,False,reject,False,TP,0,4.00000000000055,34.44,True,False,False,False,0.5622,
S2_petse_graze_boundary_s1,PETSE,S2,graze_boundary,1,7.0,1.6,False,reject,False,TP,0,4.000000000000549,36.53,True,False,False,False,0.5622,
S2_petse_graze_boundary_s2,PETSE,S2,graze_boundary,2,7.0,1.6,False,reject,False,TP,0,4.000000000000331,28.33,True,False,False,False,0.5622,
S2_petse_graze_boundary_s3,PETSE,S2,graze_boundary,3,7.0,1.6,False,reject,False,TP,0,4.000000000000333,36.92,True,False,False,False,0.5622,
S2_petse_graze_boundary_s4,PETSE,S2,graze_boundary,4,7.0,1.6,False,reject,False,TP,0,4.000000000000548,34.17,True,False,False,False,0.5622,
S2_petse_graze_boundary_s5,PETSE,S2,graze_boundary,5,7.0,1.6,False,reject,False,TP,0,4.000000000000332,33.37,True,False,False,False,0.5622,
S2_petse_graze_boundary_s6,PETSE,S2,graze_boundary,6,7.0,1.6,False,reject,False,TP,0,4.000000000000547,34.41,True,False,False,False,0.5622,
S2_petse_graze_boundary_s7,PETSE,S2,graze_boundary,7,7.0,1.6,False,reject,False,TP,0,4.000000000000547,34.75,True,False,False,False,0.5622,
S2_petse_graze_boundary_s8,PETSE,S2,graze_boundary,8,7.0,1.6,False,reject,False,TP,0,4.000000000000333,31.65,True,False,False,False,0.5622,
S2_petse_graze_boundary_s9,PETSE,S2,graze_boundary,9,7.0,1.6,False,reject,False,TP,0,4.000000000000549,37.48,True,False,False,False,0.5622,
S2_petse_graze_boundary_s10,PETSE,S2,graze_boundary,10,7.0,1.6,False,reject,False,TP,0,4.000000000000549,29.76,True,False,False,False,0.5622,
S2_petse_graze_boundary_s11,PETSE,S2,graze_boundary,11,7.0,1.6,False,reject,False,TP,0,4.000000000000331,37.59,True,False,False,False,0.5622,
S2_petse_graze_boundary_s12,PETSE,S2,graze_boundary,12,7.0,1.6,False,reject,False,TP,0,4.000000000000549,37.54,True,False,False,False,0.5622,
S2_petse_graze_boundary_s13,PETSE,S2,graze_boundary,13,7.0,1.6,False,reject,False,TP,0,4.00000000000033,38.01,True,False,False,False,0.5622,
S2_petse_graze_boundary_s14,PETSE,S2,graze_boundary,14,7.0,1.6,False,reject,False,TP,0,4.000000000000551,23.8,True,False,False,False,0.5622,
S2_petse_graze_boundary_s15,PETSE,S2,graze_boundary,15,7.0,1.6,False,reject,False,TP,0,4.000000000000551,35.32,True,False,False,False,0.5622,
S2_petse_graze_boundary_s16,PETSE,S2,graze_boundary,16,7.0,1.6,False,reject,False,TP,0,4.000000000000549,34.72,True,False,False,False,0.5622,
S2_petse_graze_boundary_s17,PETSE,S2,graze_boundary,17,7.0,1.6,False,reject,False,TP,0,4.00000000000055,31.79,True,False,False,False,0.5622,
S2_petse_graze_boundary_s18,PETSE,S2,graze_boundary,18,7.0,1.6,False,reject,False,TP,0,4.000000000000551,34.18,True,False,False,False,0.5622,
S2_petse_graze_boundary_s19,PETSE,S2,graze_boundary,19,7.0,1.6,False,reject,False,TP,0,4.000000000000551,36.78,True,False,False,False,0.5622,
S2_petse_through_center_s0,PETSE,S2,through_center,0,8.0,0.0,False,reject,False,TP,0,4.00000000000033,36.69,True,False,False,False,0.5622,
S2_petse_through_center_s1,PETSE,S2,through_center,1,8.0,0.0,False,reject,False,TP,0,4.000000000000331,25.24,True,False,False,False,0.5622,
S2_petse_through_center_s2,PETSE,S2,through_center,2,8.0,0.0,False,reject,False,TP,0,4.000000000000551,34.61,True,False,False,False,0.5622,
S2_petse_through_center_s3,PETSE,S2,through_center,3,8.0,0.0,False,reject,False,TP,0,4.000000000000547,33.02,True,False,False,False,0.5622,
S2_petse_through_center_s4,PETSE,S2,through_center,4,8.0,0.0,False,reject,False,TP,0,4.000000000000549,38.53,True,False,False,False,0.5622,
S2_petse_through_center_s5,PETSE,S2,through_center,5,8.0,0.0,False,reject,False,TP,0,4.000000000000551,38.42,True,False,False,False,0.5622,
S2_petse_through_center_s6,PETSE,S2,through_center,6,8.0,0.0,False,reject,False,TP,0,4.000000000000333,37.69,True,False,False,False,0.5622,
S2_petse_through_center_s7,PETSE,S2,through_center,7,8.0,0.0,False,reject,False,TP,0,4.000000000000331,36.87,True,False,False,False,0.5622,
S2_petse_through_center_s8,PETSE,S2,through_center,8,8.0,0.0,False,reject,False,TP,0,4.00000000000033,35.59,True,False,False,False,0.5622,
S2_petse_through_center_s9,PETSE,S2,through_center,9,8.0,0.0,False,reject,False,TP,0,4.000000000000525,36.47,True,False,False,False,0.5622,
S2_petse_through_center_s10,PETSE,S2,through_center,10,8.0,0.0,False,reject,False,TP,0,4.00000000000055,38.46,True,False,False,False,0.5622,
S2_petse_through_center_s11,PETSE,S2,through_center,11,8.0,0.0,False,reject,False,TP,0,4.000000000000551,37.81,True,False,False,False,0.5622,
S2_petse_through_center_s12,PETSE,S2,through_center,12,8.0,0.0,False,reject,False,TP,0,4.000000000000549,39.36,True,False,False,False,0.5622,
S2_petse_through_center_s13,PETSE,S2,through_center,13,8.0,0.0,False,reject,False,TP,0,4.000000000000331,31.68,True,False,False,False,0.5622,
S2_petse_through_center_s14,PETSE,S2,through_center,14,8.0,0.0,False,reject,False,TP,0,4.000000000000549,37.31,True,False,False,False,0.5622,
S2_petse_through_center_s15,PETSE,S2,through_center,15,8.0,0.0,False,reject,False,TP,0,4.00000000000055,34.94,True,False,False,False,0.5622,
S2_petse_through_center_s16,PETSE,S2,through_center,16,8.0,0.0,False,reject,False,TP,0,4.00000000000033,35.2,True,False,False,False,0.5622,
S2_petse_through_center_s17,PETSE,S2,through_center,17,8.0,0.0,False,reject,False,TP,0,4.000000000000331,37.71,True,False,False,False,0.5622,
S2_petse_through_center_s18,PETSE,S2,through_center,18,8.0,0.0,False,reject,False,TP,0,4.000000000000551,34.56,True,False,False,False,0.5622,
S2_petse_through_center_s19,PETSE,S2,through_center,19,8.0,0.0,False,reject,False,TP,0,4.000000000000551,37.55,True,False,False,False,0.5622,
S3_noguard_approved_then_deviate_s0,No Guard,S3,approved_then_deviate,0,3.0,0.0,False,violation,True,FN,25,0.0,86.43,True,False,True,False,0.5622,
S3_noguard_approved_then_deviate_s1,No Guard,S3,approved_then_deviate,1,3.0,0.0,False,violation,True,FN,25,0.0,89.67,True,False,True,False,0.5622,
S3_noguard_approved_then_deviate_s2,No Guard,S3,approved_then_deviate,2,3.0,0.0,False,violation,True,FN,26,0.0,86.83,True,False,True,False,0.5622,
S3_noguard_approved_then_deviate_s3,No Guard,S3,approved_then_deviate,3,3.0,0.0,False,violation,True,FN,24,0.0,86.44,True,False,True,False,0.5622,
S3_noguard_approved_then_deviate_s4,No Guard,S3,approved_then_deviate,4,3.0,0.0,False,violation,True,FN,25,0.0,82.16,True,False,True,False,0.5622,
S3_noguard_approved_then_deviate_s5,No Guard,S3,approved_then_deviate,5,3.0,0.0,False,violation,True,FN,24,0.0,82.7,True,False,True,False,0.5622,
S3_noguard_approved_then_deviate_s6,No Guard,S3,approved_then_deviate,6,3.0,0.0,False,violation,True,FN,26,0.0,73.77,True,False,True,False,0.5622,
S3_noguard_approved_then_deviate_s7,No Guard,S3,approved_then_deviate,7,3.0,0.0,False,violation,True,FN,25,0.0,86.17,True,False,True,False,0.5622,
S3_noguard_approved_then_deviate_s8,No Guard,S3,approved_then_deviate,8,3.0,0.0,False,violation,True,FN,24,0.0,84.07,True,False,True,False,0.5622,
S3_noguard_approved_then_deviate_s9,No Guard,S3,approved_then_deviate,9,3.0,0.0,False,violation,True,FN,25,0.0,92.06,True,False,True,False,0.5622,
S3_noguard_approved_then_deviate_s10,No Guard,S3,approved_then_deviate,10,3.0,0.0,False,violation,True,FN,25,0.0,86.52,True,False,True,False,0.5622,
S3_noguard_approved_then_deviate_s11,No Guard,S3,approved_then_deviate,11,3.0,0.0,False,violation,True,FN,195,0.0,88.57,True,False,True,False,0.5622,
S3_noguard_approved_then_deviate_s12,No Guard,S3,approved_then_deviate,12,3.0,0.0,False,violation,True,FN,25,0.0,88.59,True,False,True,False,0.5622,
S3_noguard_approved_then_deviate_s13,No Guard,S3,approved_then_deviate,13,3.0,0.0,False,violation,True,FN,26,0.0,86.69,True,False,True,False,0.5622,
S3_noguard_approved_then_deviate_s14,No Guard,S3,approved_then_deviate,14,3.0,0.0,False,violation,True,FN,25,0.0,88.03,True,False,True,False,0.5622,
S3_noguard_approved_then_deviate_s15,No Guard,S3,approved_then_deviate,15,3.0,0.0,False,violation,True,FN,25,0.0,88.37,True,False,True,False,0.5622,
S3_noguard_approved_then_deviate_s16,No Guard,S3,approved_then_deviate,16,3.0,0.0,False,violation,True,FN,25,0.0,88.77,True,False,True,False,0.5622,
S3_noguard_approved_then_deviate_s17,No Guard,S3,approved_then_deviate,17,3.0,0.0,False,violation,True,FN,25,0.0,89.17,True,False,True,False,0.5622,
S3_noguard_approved_then_deviate_s18,No Guard,S3,approved_then_deviate,18,3.0,0.0,False,violation,True,FN,26,0.0,86.25,True,False,True,False,0.5622,
S3_noguard_approved_then_deviate_s19,No Guard,S3,approved_then_deviate,19,3.0,0.0,False,violation,True,FN,24,0.0,88.53,True,False,True,False,0.5622,
S3_noguard_direct_to_zone_s0,No Guard,S3,direct_to_zone,0,2.0,0.0,False,violation,True,FN,26,0.0,95.95,True,False,True,False,0.5622,
S3_noguard_direct_to_zone_s1,No Guard,S3,direct_to_zone,1,2.0,0.0,False,violation,True,FN,25,0.0,94.25,True,False,True,False,0.5622,
S3_noguard_direct_to_zone_s2,No Guard,S3,direct_to_zone,2,2.0,0.0,False,violation,True,FN,25,0.0,94.04,True,False,True,False,0.5622,
S3_noguard_direct_to_zone_s3,No Guard,S3,direct_to_zone,3,2.0,0.0,False,violation,True,FN,25,0.0,91.85,True,False,True,False,0.5622,
S3_noguard_direct_to_zone_s4,No Guard,S3,direct_to_zone,4,2.0,0.0,False,violation,True,FN,26,0.0,94.51,True,False,True,False,0.5622,
S3_noguard_direct_to_zone_s5,No Guard,S3,direct_to_zone,5,2.0,0.0,False,violation,True,FN,26,0.0,92.47,True,False,True,False,0.5622,
S3_noguard_direct_to_zone_s6,No Guard,S3,direct_to_zone,6,2.0,0.0,False,violation,True,FN,25,0.0,95.86,True,False,True,False,0.5622,
S3_noguard_direct_to_zone_s7,No Guard,S3,direct_to_zone,7,2.0,0.0,False,violation,True,FN,26,0.0,91.8,True,False,True,False,0.5622,
S3_noguard_direct_to_zone_s8,No Guard,S3,direct_to_zone,8,2.0,0.0,False,violation,True,FN,25,0.0,91.95,True,False,True,False,0.5622,
S3_noguard_direct_to_zone_s9,No Guard,S3,direct_to_zone,9,2.0,0.0,False,violation,True,FN,24,0.0,91.54,True,False,True,False,0.5622,
S3_noguard_direct_to_zone_s10,No Guard,S3,direct_to_zone,10,2.0,0.0,False,violation,True,FN,26,0.0,92.44,True,False,True,False,0.5622,
S3_noguard_direct_to_zone_s11,No Guard,S3,direct_to_zone,11,2.0,0.0,False,violation,True,FN,26,0.0,92.74,True,False,True,False,0.5622,
S3_noguard_direct_to_zone_s12,No Guard,S3,direct_to_zone,12,2.0,0.0,False,violation,True,FN,26,0.0,95.81,True,False,True,False,0.5622,
S3_noguard_direct_to_zone_s13,No Guard,S3,direct_to_zone,13,2.0,0.0,False,violation,True,FN,26,0.0,93.09,True,False,True,False,0.5622,
S3_noguard_direct_to_zone_s14,No Guard,S3,direct_to_zone,14,2.0,0.0,False,violation,True,FN,26,0.0,94.31,True,False,True,False,0.5622,
S3_noguard_direct_to_zone_s15,No Guard,S3,direct_to_zone,15,2.0,0.0,False,violation,True,FN,26,0.0,94.3,True,False,True,False,0.5622,
S3_noguard_direct_to_zone_s16,No Guard,S3,direct_to_zone,16,2.0,0.0,False,violation,True,FN,26,0.0,95.21,True,False,True,False,0.5622,
S3_noguard_direct_to_zone_s17,No Guard,S3,direct_to_zone,17,2.0,0.0,False,violation,True,FN,25,0.0,88.9,True,False,True,False,0.5622,
S3_noguard_direct_to_zone_s18,No Guard,S3,direct_to_zone,18,2.0,0.0,False,violation,True,FN,26,0.0,95.1,True,False,True,False,0.5622,
S3_noguard_direct_to_zone_s19,No Guard,S3,direct_to_zone,19,2.0,0.0,False,violation,True,FN,25,0.0,94.16,True,False,True,False,0.5622,
S3_selp_approved_then_deviate_s0,SELP,S3,approved_then_deviate,0,3.0,0.0,False,violation,True,FN,25,0.0,86.49,True,False,True,False,0.5622,
S3_selp_approved_then_deviate_s1,SELP,S3,approved_then_deviate,1,3.0,0.0,False,violation,True,FN,26,0.0,89.23,True,False,True,False,0.5622,
S3_selp_approved_then_deviate_s2,SELP,S3,approved_then_deviate,2,3.0,0.0,False,violation,True,FN,25,0.0,88.76,True,False,True,False,0.5622,
S3_selp_approved_then_deviate_s3,SELP,S3,approved_then_deviate,3,3.0,0.0,False,allow,False,FN,0,0.10560559195442011,86.4,True,False,True,False,0.5622,
S3_selp_approved_then_deviate_s4,SELP,S3,approved_then_deviate,4,3.0,0.0,False,violation,True,FN,25,0.0,87.38,True,False,True,False,0.5622,
S3_selp_approved_then_deviate_s5,SELP,S3,approved_then_deviate,5,3.0,0.0,False,violation,True,FN,25,0.0,88.46,True,False,True,False,0.5622,
S3_selp_approved_then_deviate_s6,SELP,S3,approved_then_deviate,6,3.0,0.0,False,violation,True,FN,25,0.0,88.45,True,False,True,False,0.5622,
S3_selp_approved_then_deviate_s7,SELP,S3,approved_then_deviate,7,3.0,0.0,False,violation,True,FN,24,0.0,83.42,True,False,True,False,0.5622,
S3_selp_approved_then_deviate_s8,SELP,S3,approved_then_deviate,8,3.0,0.0,False,violation,True,FN,25,0.0,88.62,True,False,True,False,0.5622,
S3_selp_approved_then_deviate_s9,SELP,S3,approved_then_deviate,9,3.0,0.0,False,violation,True,FN,25,0.0,88.45,True,False,True,False,0.5622,
S3_selp_approved_then_deviate_s10,SELP,S3,approved_then_deviate,10,3.0,0.0,False,violation,True,FN,25,0.0,88.38,True,False,True,False,0.5622,
S3_selp_approved_then_deviate_s11,SELP,S3,approved_then_deviate,11,3.0,0.0,False,violation,True,FN,25,0.0,88.02,True,False,True,False,0.5622,
S3_selp_approved_then_deviate_s12,SELP,S3,approved_then_deviate,12,3.0,0.0,False,violation,True,FN,26,0.0,88.66,True,False,True,False,0.5622,
S3_selp_approved_then_deviate_s13,SELP,S3,approved_then_deviate,13,3.0,0.0,False,violation,True,FN,25,0.0,91.46,True,False,True,False,0.5622,
S3_selp_approved_then_deviate_s14,SELP,S3,approved_then_deviate,14,3.0,0.0,False,violation,True,FN,25,0.0,90.52,True,False,True,False,0.5622,
S3_selp_approved_then_deviate_s15,SELP,S3,approved_then_deviate,15,3.0,0.0,False,violation,True,FN,24,0.0,87.54,True,False,True,False,0.5622,
S3_selp_approved_then_deviate_s16,SELP,S3,approved_then_deviate,16,3.0,0.0,False,violation,True,FN,124,0.0,88.44,True,False,True,False,0.5622,
S3_selp_approved_then_deviate_s17,SELP,S3,approved_then_deviate,17,3.0,0.0,False,violation,True,FN,25,0.0,89.53,True,False,True,False,0.5622,
S3_selp_approved_then_deviate_s18,SELP,S3,approved_then_deviate,18,3.0,0.0,False,violation,True,FN,25,0.0,91.91,True,False,True,False,0.5622,
S3_selp_approved_then_deviate_s19,SELP,S3,approved_then_deviate,19,3.0,0.0,False,violation,True,FN,25,0.0,88.5,True,False,True,False,0.5622,
S3_selp_direct_to_zone_s0,SELP,S3,direct_to_zone,0,2.0,0.0,False,violation,True,FN,25,0.0,95.61,True,False,True,False,0.5622,
S3_selp_direct_to_zone_s1,SELP,S3,direct_to_zone,1,2.0,0.0,False,violation,True,FN,25,0.0,93.78,True,False,True,False,0.5622,
S3_selp_direct_to_zone_s2,SELP,S3,direct_to_zone,2,2.0,0.0,False,violation,True,FN,1,0.0,92.49,True,False,True,False,0.5622,
S3_selp_direct_to_zone_s3,SELP,S3,direct_to_zone,3,2.0,0.0,False,violation,True,FN,25,0.0,94.69,True,False,True,False,0.5622,
S3_selp_direct_to_zone_s4,SELP,S3,direct_to_zone,4,2.0,0.0,False,violation,True,FN,25,0.0,85.64,True,False,True,False,0.5622,
S3_selp_direct_to_zone_s5,SELP,S3,direct_to_zone,5,2.0,0.0,False,violation,True,FN,26,0.0,98.03,True,False,True,False,0.5622,
S3_selp_direct_to_zone_s6,SELP,S3,direct_to_zone,6,2.0,0.0,False,allow,False,FN,0,0.609818977840342,94.6,True,False,True,False,0.5622,
S3_selp_direct_to_zone_s7,SELP,S3,direct_to_zone,7,2.0,0.0,False,violation,True,FN,25,0.0,92.01,True,False,True,False,0.5622,
S3_selp_direct_to_zone_s8,SELP,S3,direct_to_zone,8,2.0,0.0,False,violation,True,FN,25,0.0,94.09,True,False,True,False,0.5622,
S3_selp_direct_to_zone_s9,SELP,S3,direct_to_zone,9,2.0,0.0,False,violation,True,FN,25,0.0,95.89,True,False,True,False,0.5622,
S3_selp_direct_to_zone_s10,SELP,S3,direct_to_zone,10,2.0,0.0,False,violation,True,FN,25,0.0,94.67,True,False,True,False,0.5622,
S3_selp_direct_to_zone_s11,SELP,S3,direct_to_zone,11,2.0,0.0,False,violation,True,FN,24,0.0,92.32,True,False,True,False,0.5622,
S3_selp_direct_to_zone_s12,SELP,S3,direct_to_zone,12,2.0,0.0,False,violation,True,FN,26,0.0,91.52,True,False,True,False,0.5622,
S3_selp_direct_to_zone_s13,SELP,S3,direct_to_zone,13,2.0,0.0,False,allow,False,FN,0,0.6948462662455481,88.56,True,False,True,False,0.5622,
S3_selp_direct_to_zone_s14,SELP,S3,direct_to_zone,14,2.0,0.0,False,violation,True,FN,25,0.0,96.12,True,False,True,False,0.5622,
S3_selp_direct_to_zone_s15,SELP,S3,direct_to_zone,15,2.0,0.0,False,allow,False,FN,0,0.4302524114874501,86.55,True,False,True,False,0.5622,
S3_selp_direct_to_zone_s16,SELP,S3,direct_to_zone,16,2.0,0.0,False,violation,True,FN,25,0.0,91.36,True,False,True,False,0.5622,
S3_selp_direct_to_zone_s17,SELP,S3,direct_to_zone,17,2.0,0.0,False,violation,True,FN,25,0.0,94.58,True,False,True,False,0.5622,
S3_selp_direct_to_zone_s18,SELP,S3,direct_to_zone,18,2.0,0.0,False,violation,True,FN,25,0.0,97.74,True,False,True,False,0.5622,
S3_selp_direct_to_zone_s19,SELP,S3,direct_to_zone,19,2.0,0.0,False,violation,True,FN,25,0.0,90.85,True,False,True,False,0.5622,
S3_cbf_approved_then_deviate_s0,CBF,S3,approved_then_deviate,0,3.0,0.0,False,violation,True,FN,25,0.0,82.36,True,False,True,False,0.5622,
S3_cbf_approved_then_deviate_s1,CBF,S3,approved_then_deviate,1,3.0,0.0,False,violation,True,FN,24,0.0,88.98,True,False,True,False,0.5622,
S3_cbf_approved_then_deviate_s2,CBF,S3,approved_then_deviate,2,3.0,0.0,False,violation,True,FN,26,0.0,82.18,True,False,True,False,0.5622,
S3_cbf_approved_then_deviate_s3,CBF,S3,approved_then_deviate,3,3.0,0.0,False,violation,True,FN,26,0.0,86.72,True,False,True,False,0.5622,
S3_cbf_approved_then_deviate_s4,CBF,S3,approved_then_deviate,4,3.0,0.0,False,violation,True,FN,25,0.0,88.36,True,False,True,False,0.5622,
S3_cbf_approved_then_deviate_s5,CBF,S3,approved_then_deviate,5,3.0,0.0,False,allow,False,FN,0,1.2911626221708237,73.62,True,False,True,False,0.5622,
S3_cbf_approved_then_deviate_s6,CBF,S3,approved_then_deviate,6,3.0,0.0,False,violation,True,FN,26,0.0,85.3,True,False,True,False,0.5622,
S3_cbf_approved_then_deviate_s7,CBF,S3,approved_then_deviate,7,3.0,0.0,False,violation,True,FN,25,0.0,88.24,True,False,True,False,0.5622,
S3_cbf_approved_then_deviate_s8,CBF,S3,approved_then_deviate,8,3.0,0.0,False,violation,True,FN,1,0.0,90.46,True,False,True,False,0.5622,
S3_cbf_approved_then_deviate_s9,CBF,S3,approved_then_deviate,9,3.0,0.0,False,violation,True,FN,25,0.0,87.84,True,False,True,False,0.5622,
S3_cbf_approved_then_deviate_s10,CBF,S3,approved_then_deviate,10,3.0,0.0,False,violation,True,FN,25,0.0,82.35,True,False,True,False,0.5622,
S3_cbf_approved_then_deviate_s11,CBF,S3,approved_then_deviate,11,3.0,0.0,False,allow,False,FN,0,1.24053367451185,88.29,True,False,True,False,0.5622,
S3_cbf_approved_then_deviate_s12,CBF,S3,approved_then_deviate,12,3.0,0.0,False,violation,True,FN,26,0.0,87.37,True,False,True,False,0.5622,
S3_cbf_approved_then_deviate_s13,CBF,S3,approved_then_deviate,13,3.0,0.0,False,violation,True,FN,26,0.0,88.5,True,False,True,False,0.5622,
S3_cbf_approved_then_deviate_s14,CBF,S3,approved_then_deviate,14,3.0,0.0,False,violation,True,FN,25,0.0,72.49,True,False,True,False,0.5622,
S3_cbf_approved_then_deviate_s15,CBF,S3,approved_then_deviate,15,3.0,0.0,False,violation,True,FN,25,0.0,90.63,True,False,True,False,0.5622,
S3_cbf_approved_then_deviate_s16,CBF,S3,approved_then_deviate,16,3.0,0.0,False,allow,False,FN,0,0.21964047417729957,87.08,True,False,True,False,0.5622,
S3_cbf_approved_then_deviate_s17,CBF,S3,approved_then_deviate,17,3.0,0.0,False,violation,True,FN,26,0.0,75.79,True,False,True,False,0.5622,
S3_cbf_approved_then_deviate_s18,CBF,S3,approved_then_deviate,18,3.0,0.0,False,violation,True,FN,26,0.0,87.02,True,False,True,False,0.5622,
S3_cbf_approved_then_deviate_s19,CBF,S3,approved_then_deviate,19,3.0,0.0,False,violation,True,FN,26,0.0,87.26,True,False,True,False,0.5622,
S3_cbf_direct_to_zone_s0,CBF,S3,direct_to_zone,0,2.0,0.0,False,violation,True,FN,26,0.0,92.86,True,False,True,False,0.5622,
S3_cbf_direct_to_zone_s1,CBF,S3,direct_to_zone,1,2.0,0.0,False,violation,True,FN,25,0.0,98.1,True,False,True,False,0.5622,
S3_cbf_direct_to_zone_s2,CBF,S3,direct_to_zone,2,2.0,0.0,False,violation,True,FN,25,0.0,94.96,True,False,True,False,0.5622,
S3_cbf_direct_to_zone_s3,CBF,S3,direct_to_zone,3,2.0,0.0,False,violation,True,FN,26,0.0,92.67,True,False,True,False,0.5622,
S3_cbf_direct_to_zone_s4,CBF,S3,direct_to_zone,4,2.0,0.0,False,violation,True,FN,25,0.0,93.45,True,False,True,False,0.5622,
S3_cbf_direct_to_zone_s5,CBF,S3,direct_to_zone,5,2.0,0.0,False,violation,True,FN,26,0.0,97.29,True,False,True,False,0.5622,
S3_cbf_direct_to_zone_s6,CBF,S3,direct_to_zone,6,2.0,0.0,False,violation,True,FN,26,0.0,97.4,True,False,True,False,0.5622,
S3_cbf_direct_to_zone_s7,CBF,S3,direct_to_zone,7,2.0,0.0,False,violation,True,FN,25,0.0,84.99,True,False,True,False,0.5622,
S3_cbf_direct_to_zone_s8,CBF,S3,direct_to_zone,8,2.0,0.0,False,violation,True,FN,25,0.0,95.54,True,False,True,False,0.5622,
S3_cbf_direct_to_zone_s9,CBF,S3,direct_to_zone,9,2.0,0.0,False,violation,True,FN,25,0.0,97.16,True,False,True,False,0.5622,
S3_cbf_direct_to_zone_s10,CBF,S3,direct_to_zone,10,2.0,0.0,False,violation,True,FN,25,0.0,94.92,True,False,True,False,0.5622,
S3_cbf_direct_to_zone_s11,CBF,S3,direct_to_zone,11,2.0,0.0,False,violation,True,FN,26,0.0,94.69,True,False,True,False,0.5622,
S3_cbf_direct_to_zone_s12,CBF,S3,direct_to_zone,12,2.0,0.0,False,violation,True,FN,25,0.0,97.14,True,False,True,False,0.5622,
S3_cbf_direct_to_zone_s13,CBF,S3,direct_to_zone,13,2.0,0.0,False,violation,True,FN,25,0.0,99.68,True,False,True,False,0.5622,
S3_cbf_direct_to_zone_s14,CBF,S3,direct_to_zone,14,2.0,0.0,False,violation,True,FN,141,0.0,82.71,True,False,True,False,0.5622,
S3_cbf_direct_to_zone_s15,CBF,S3,direct_to_zone,15,2.0,0.0,False,violation,True,FN,25,0.0,97.08,True,False,True,False,0.5622,
S3_cbf_direct_to_zone_s16,CBF,S3,direct_to_zone,16,2.0,0.0,False,allow,False,FN,0,0.06103143782888486,93.16,True,False,True,False,0.5622,
S3_cbf_direct_to_zone_s17,CBF,S3,direct_to_zone,17,2.0,0.0,False,violation,True,FN,26,0.0,79.68,True,False,True,False,0.5622,
S3_cbf_direct_to_zone_s18,CBF,S3,direct_to_zone,18,2.0,0.0,False,violation,True,FN,26,0.0,83.24,True,False,True,False,0.5622,
S3_cbf_direct_to_zone_s19,CBF,S3,direct_to_zone,19,2.0,0.0,False,violation,True,FN,25,0.0,92.55,True,False,True,False,0.5622,
S3_ssm_approved_then_deviate_s0,SSM,S3,approved_then_deviate,0,3.0,0.0,False,violation,True,FN,25,0.0,88.4,True,False,True,False,0.5622,
S3_ssm_approved_then_deviate_s1,SSM,S3,approved_then_deviate,1,3.0,0.0,False,violation,True,FN,25,0.0,88.77,True,False,True,False,0.5622,
S3_ssm_approved_then_deviate_s2,SSM,S3,approved_then_deviate,2,3.0,0.0,False,violation,True,FN,26,0.0,77.1,True,False,True,False,0.5622,
S3_ssm_approved_then_deviate_s3,SSM,S3,approved_then_deviate,3,3.0,0.0,False,violation,True,FN,22,0.0,73.76,True,False,True,False,0.5622,
S3_ssm_approved_then_deviate_s4,SSM,S3,approved_then_deviate,4,3.0,0.0,False,violation,True,FN,25,0.0,85.79,True,False,True,False,0.5622,
S3_ssm_approved_then_deviate_s5,SSM,S3,approved_then_deviate,5,3.0,0.0,False,violation,True,FN,25,0.0,81.93,True,False,True,False,0.5622,
S3_ssm_approved_then_deviate_s6,SSM,S3,approved_then_deviate,6,3.0,0.0,False,violation,True,FN,25,0.0,86.4,True,False,True,False,0.5622,
S3_ssm_approved_then_deviate_s7,SSM,S3,approved_then_deviate,7,3.0,0.0,False,violation,True,FN,25,0.0,88.24,True,False,True,False,0.5622,
S3_ssm_approved_then_deviate_s8,SSM,S3,approved_then_deviate,8,3.0,0.0,False,violation,True,FN,26,0.0,89.13,True,False,True,False,0.5622,
S3_ssm_approved_then_deviate_s9,SSM,S3,approved_then_deviate,9,3.0,0.0,False,violation,True,FN,25,0.0,76.55,True,False,True,False,0.5622,
S3_ssm_approved_then_deviate_s10,SSM,S3,approved_then_deviate,10,3.0,0.0,False,violation,True,FN,25,0.0,90.69,True,False,True,False,0.5622,
S3_ssm_approved_then_deviate_s11,SSM,S3,approved_then_deviate,11,3.0,0.0,False,allow,False,FN,0,1.0736564213669124,88.58,True,False,True,False,0.5622,
S3_ssm_approved_then_deviate_s12,SSM,S3,approved_then_deviate,12,3.0,0.0,False,violation,True,FN,26,0.0,90.53,True,False,True,False,0.5622,
S3_ssm_approved_then_deviate_s13,SSM,S3,approved_then_deviate,13,3.0,0.0,False,violation,True,FN,26,0.0,90.23,True,False,True,False,0.5622,
S3_ssm_approved_then_deviate_s14,SSM,S3,approved_then_deviate,14,3.0,0.0,False,allow,False,FN,0,1.986800155459587,87.63,True,False,True,False,0.5622,
S3_ssm_approved_then_deviate_s15,SSM,S3,approved_then_deviate,15,3.0,0.0,False,violation,True,FN,25,0.0,86.16,True,False,True,False,0.5622,
S3_ssm_approved_then_deviate_s16,SSM,S3,approved_then_deviate,16,3.0,0.0,False,violation,True,FN,1,0.0,89.5,True,False,True,False,0.5622,
S3_ssm_approved_then_deviate_s17,SSM,S3,approved_then_deviate,17,3.0,0.0,False,allow,False,FN,0,0.1926954394924254,87.67,True,False,True,False,0.5622,
S3_ssm_approved_then_deviate_s18,SSM,S3,approved_then_deviate,18,3.0,0.0,False,violation,True,FN,26,0.0,87.4,True,False,True,False,0.5622,
S3_ssm_approved_then_deviate_s19,SSM,S3,approved_then_deviate,19,3.0,0.0,False,violation,True,FN,25,0.0,74.2,True,False,True,False,0.5622,
S3_ssm_direct_to_zone_s0,SSM,S3,direct_to_zone,0,2.0,0.0,False,violation,True,FN,26,0.0,92.57,True,False,True,False,0.5622,
S3_ssm_direct_to_zone_s1,SSM,S3,direct_to_zone,1,2.0,0.0,False,violation,True,FN,25,0.0,94.58,True,False,True,False,0.5622,
S3_ssm_direct_to_zone_s2,SSM,S3,direct_to_zone,2,2.0,0.0,False,violation,True,FN,25,0.0,92.8,True,False,True,False,0.5622,
S3_ssm_direct_to_zone_s3,SSM,S3,direct_to_zone,3,2.0,0.0,False,violation,True,FN,25,0.0,94.29,True,False,True,False,0.5622,
S3_ssm_direct_to_zone_s4,SSM,S3,direct_to_zone,4,2.0,0.0,False,violation,True,FN,26,0.0,96.84,True,False,True,False,0.5622,
S3_ssm_direct_to_zone_s5,SSM,S3,direct_to_zone,5,2.0,0.0,False,allow,False,FN,0,0.47199595041229236,91.09,True,False,True,False,0.5622,
S3_ssm_direct_to_zone_s6,SSM,S3,direct_to_zone,6,2.0,0.0,False,violation,True,FN,24,0.0,95.66,True,False,True,False,0.5622,
S3_ssm_direct_to_zone_s7,SSM,S3,direct_to_zone,7,2.0,0.0,False,violation,True,FN,25,0.0,91.36,True,False,True,False,0.5622,
S3_ssm_direct_to_zone_s8,SSM,S3,direct_to_zone,8,2.0,0.0,False,violation,True,FN,8,0.0,96.85,True,False,True,False,0.5622,
S3_ssm_direct_to_zone_s9,SSM,S3,direct_to_zone,9,2.0,0.0,False,violation,True,FN,25,0.0,95.86,True,False,True,False,0.5622,
S3_ssm_direct_to_zone_s10,SSM,S3,direct_to_zone,10,2.0,0.0,False,allow,False,FN,0,0.621469844253535,94.05,True,False,True,False,0.5622,
S3_ssm_direct_to_zone_s11,SSM,S3,direct_to_zone,11,2.0,0.0,False,violation,True,FN,25,0.0,95.57,True,False,True,False,0.5622,
S3_ssm_direct_to_zone_s12,SSM,S3,direct_to_zone,12,2.0,0.0,False,violation,True,FN,25,0.0,92.96,True,False,True,False,0.5622,
S3_ssm_direct_to_zone_s13,SSM,S3,direct_to_zone,13,2.0,0.0,False,violation,True,FN,24,0.0,94.82,True,False,True,False,0.5622,
S3_ssm_direct_to_zone_s14,SSM,S3,direct_to_zone,14,2.0,0.0,False,violation,True,FN,25,0.0,90.93,True,False,True,False,0.5622,
S3_ssm_direct_to_zone_s15,SSM,S3,direct_to_zone,15,2.0,0.0,False,violation,True,FN,26,0.0,98.35,True,False,True,False,0.5622,
S3_ssm_direct_to_zone_s16,SSM,S3,direct_to_zone,16,2.0,0.0,False,violation,True,FN,26,0.0,97.12,True,False,True,False,0.5622,
S3_ssm_direct_to_zone_s17,SSM,S3,direct_to_zone,17,2.0,0.0,False,violation,True,FN,24,0.0,93.07,True,False,True,False,0.5622,
S3_ssm_direct_to_zone_s18,SSM,S3,direct_to_zone,18,2.0,0.0,False,violation,True,FN,26,0.0,84.93,True,False,True,False,0.5622,
S3_ssm_direct_to_zone_s19,SSM,S3,direct_to_zone,19,2.0,0.0,False,violation,True,FN,26,0.0,87.03,True,False,True,False,0.5622,
S3_cbf_adaptive_approved_then_deviate_s0,CBF-Adaptive,S3,approved_then_deviate,0,3.0,0.0,False,violation,True,FN,112,0.0,86.44,True,False,True,False,0.5622,
S3_cbf_adaptive_approved_then_deviate_s1,CBF-Adaptive,S3,approved_then_deviate,1,3.0,0.0,False,runtime_reject,False,TP,0,0.7188951166510331,87.7,True,False,True,False,0.5622,
S3_cbf_adaptive_approved_then_deviate_s2,CBF-Adaptive,S3,approved_then_deviate,2,3.0,0.0,False,runtime_reject,False,TP,0,0.3295438513894746,75.87,True,False,True,False,0.5622,
S3_cbf_adaptive_approved_then_deviate_s3,CBF-Adaptive,S3,approved_then_deviate,3,3.0,0.0,False,violation,True,FN,161,0.0,84.35,True,False,True,False,0.5622,
S3_cbf_adaptive_approved_then_deviate_s4,CBF-Adaptive,S3,approved_then_deviate,4,3.0,0.0,False,runtime_reject,False,TP,0,0.8134645469124457,85.46,True,False,True,False,0.5622,
S3_cbf_adaptive_approved_then_deviate_s5,CBF-Adaptive,S3,approved_then_deviate,5,3.0,0.0,False,violation,True,FN,24,0.0,85.15,True,False,True,False,0.5622,
S3_cbf_adaptive_approved_then_deviate_s6,CBF-Adaptive,S3,approved_then_deviate,6,3.0,0.0,False,violation,True,FN,25,0.0,72.38,True,False,True,False,0.5622,
S3_cbf_adaptive_approved_then_deviate_s7,CBF-Adaptive,S3,approved_then_deviate,7,3.0,0.0,False,violation,True,FN,24,0.0,88.29,True,False,True,False,0.5622,
S3_cbf_adaptive_approved_then_deviate_s8,CBF-Adaptive,S3,approved_then_deviate,8,3.0,0.0,False,violation,True,FN,24,0.0,75.04,True,False,True,False,0.5622,
S3_cbf_adaptive_approved_then_deviate_s9,CBF-Adaptive,S3,approved_then_deviate,9,3.0,0.0,False,violation,True,FN,25,0.0,88.15,True,False,True,False,0.5622,
S3_cbf_adaptive_approved_then_deviate_s10,CBF-Adaptive,S3,approved_then_deviate,10,3.0,0.0,False,violation,True,FN,141,0.0,76.58,True,False,True,False,0.5622,
S3_cbf_adaptive_approved_then_deviate_s11,CBF-Adaptive,S3,approved_then_deviate,11,3.0,0.0,False,runtime_reject,False,TP,0,0.03500200791346575,77.52,True,False,True,False,0.5622,
S3_cbf_adaptive_approved_then_deviate_s12,CBF-Adaptive,S3,approved_then_deviate,12,3.0,0.0,False,runtime_reject,False,TP,0,0.27951859636658405,85.53,True,False,True,False,0.5622,
S3_cbf_adaptive_approved_then_deviate_s13,CBF-Adaptive,S3,approved_then_deviate,13,3.0,0.0,False,runtime_reject,False,TP,0,0.7581028228242404,87.16,True,False,True,False,0.5622,
S3_cbf_adaptive_approved_then_deviate_s14,CBF-Adaptive,S3,approved_then_deviate,14,3.0,0.0,False,violation,True,FN,30,0.0,77.36,True,False,True,False,0.5622,
S3_cbf_adaptive_approved_then_deviate_s15,CBF-Adaptive,S3,approved_then_deviate,15,3.0,0.0,False,runtime_reject,False,TP,0,0.4145584843531922,89.08,True,False,True,False,0.5622,
S3_cbf_adaptive_approved_then_deviate_s16,CBF-Adaptive,S3,approved_then_deviate,16,3.0,0.0,False,violation,True,FN,99,0.0,86.4,True,False,True,False,0.5622,
S3_cbf_adaptive_approved_then_deviate_s17,CBF-Adaptive,S3,approved_then_deviate,17,3.0,0.0,False,violation,True,FN,39,0.0,89.57,True,False,True,False,0.5622,
S3_cbf_adaptive_approved_then_deviate_s18,CBF-Adaptive,S3,approved_then_deviate,18,3.0,0.0,False,violation,True,FN,151,0.0,86.66,True,False,True,False,0.5622,
S3_cbf_adaptive_approved_then_deviate_s19,CBF-Adaptive,S3,approved_then_deviate,19,3.0,0.0,False,violation,True,FN,26,0.0,79.6,True,False,True,False,0.5622,
S3_cbf_adaptive_direct_to_zone_s0,CBF-Adaptive,S3,direct_to_zone,0,2.0,0.0,False,runtime_reject,False,TP,0,0.4161692623953068,90.96,True,False,True,False,0.5622,
S3_cbf_adaptive_direct_to_zone_s1,CBF-Adaptive,S3,direct_to_zone,1,2.0,0.0,False,violation,True,FN,25,0.0,84.4,True,False,True,False,0.5622,
S3_cbf_adaptive_direct_to_zone_s2,CBF-Adaptive,S3,direct_to_zone,2,2.0,0.0,False,violation,True,FN,26,0.0,95.59,True,False,True,False,0.5622,
S3_cbf_adaptive_direct_to_zone_s3,CBF-Adaptive,S3,direct_to_zone,3,2.0,0.0,False,runtime_reject,False,TP,0,1.7392241205703796,91.98,True,False,True,False,0.5622,
S3_cbf_adaptive_direct_to_zone_s4,CBF-Adaptive,S3,direct_to_zone,4,2.0,0.0,False,runtime_reject,False,TP,0,1.410050653122592,85.44,True,False,True,False,0.5622,
S3_cbf_adaptive_direct_to_zone_s5,CBF-Adaptive,S3,direct_to_zone,5,2.0,0.0,False,violation,True,FN,25,0.0,88.96,True,False,True,False,0.5622,
S3_cbf_adaptive_direct_to_zone_s6,CBF-Adaptive,S3,direct_to_zone,6,2.0,0.0,False,violation,True,FN,25,0.0,84.01,True,False,True,False,0.5622,
S3_cbf_adaptive_direct_to_zone_s7,CBF-Adaptive,S3,direct_to_zone,7,2.0,0.0,False,violation,True,FN,25,0.0,91.35,True,False,True,False,0.5622,
S3_cbf_adaptive_direct_to_zone_s8,CBF-Adaptive,S3,direct_to_zone,8,2.0,0.0,False,violation,True,FN,26,0.0,91.12,True,False,True,False,0.5622,
S3_cbf_adaptive_direct_to_zone_s9,CBF-Adaptive,S3,direct_to_zone,9,2.0,0.0,False,violation,True,FN,25,0.0,90.37,True,False,True,False,0.5622,
S3_cbf_adaptive_direct_to_zone_s10,CBF-Adaptive,S3,direct_to_zone,10,2.0,0.0,False,runtime_reject,False,TP,0,1.8305459295737094,95.1,True,False,True,False,0.5622,
S3_cbf_adaptive_direct_to_zone_s11,CBF-Adaptive,S3,direct_to_zone,11,2.0,0.0,False,runtime_reject,False,TP,0,1.8963422565316903,92.58,True,False,True,False,0.5622,
S3_cbf_adaptive_direct_to_zone_s12,CBF-Adaptive,S3,direct_to_zone,12,2.0,0.0,False,violation,True,FN,94,0.0,91.92,True,False,True,False,0.5622,
S3_cbf_adaptive_direct_to_zone_s13,CBF-Adaptive,S3,direct_to_zone,13,2.0,0.0,False,runtime_reject,False,TP,0,1.7028921248945617,81.23,True,False,True,False,0.5622,
S3_cbf_adaptive_direct_to_zone_s14,CBF-Adaptive,S3,direct_to_zone,14,2.0,0.0,False,runtime_reject,False,TP,0,1.764680752843713,96.04,True,False,True,False,0.5622,
S3_cbf_adaptive_direct_to_zone_s15,CBF-Adaptive,S3,direct_to_zone,15,2.0,0.0,False,runtime_reject,False,TP,0,1.7888616882560382,94.41,True,False,True,False,0.5622,
S3_cbf_adaptive_direct_to_zone_s16,CBF-Adaptive,S3,direct_to_zone,16,2.0,0.0,False,runtime_reject,False,TP,0,1.86462705422558,93.14,True,False,True,False,0.5622,
S3_cbf_adaptive_direct_to_zone_s17,CBF-Adaptive,S3,direct_to_zone,17,2.0,0.0,False,violation,True,FN,49,0.0,94.52,True,False,True,False,0.5622,
S3_cbf_adaptive_direct_to_zone_s18,CBF-Adaptive,S3,direct_to_zone,18,2.0,0.0,False,runtime_reject,False,TP,0,0.9251059299106159,92.4,True,False,True,False,0.5622,
S3_cbf_adaptive_direct_to_zone_s19,CBF-Adaptive,S3,direct_to_zone,19,2.0,0.0,False,violation,True,FN,120,0.0,92.59,True,False,True,False,0.5622,
S3_petse_approved_then_deviate_s0,PETSE,S3,approved_then_deviate,0,3.0,0.0,False,runtime_reject,False,TP,0,1.2299799039371786,84.93,True,False,True,False,0.5622,
S3_petse_approved_then_deviate_s1,PETSE,S3,approved_then_deviate,1,3.0,0.0,False,runtime_reject,False,TP,0,1.2166414245468533,75.49,True,False,True,False,0.5622,
S3_petse_approved_then_deviate_s2,PETSE,S3,approved_then_deviate,2,3.0,0.0,False,runtime_reject,False,TP,0,1.2244370832672975,80.96,True,False,True,False,0.5622,
S3_petse_approved_then_deviate_s3,PETSE,S3,approved_then_deviate,3,3.0,0.0,False,runtime_reject,False,TP,0,1.228338529769732,90.45,True,False,True,False,0.5622,
S3_petse_approved_then_deviate_s4,PETSE,S3,approved_then_deviate,4,3.0,0.0,False,runtime_reject,False,TP,0,1.2254990959818701,87.54,True,False,True,False,0.5622,
S3_petse_approved_then_deviate_s5,PETSE,S3,approved_then_deviate,5,3.0,0.0,False,runtime_reject,False,TP,0,0.6762073951694019,88.89,True,False,True,False,0.5622,
S3_petse_approved_then_deviate_s6,PETSE,S3,approved_then_deviate,6,3.0,0.0,False,runtime_reject,False,TP,0,1.2313517120841029,85.47,True,False,True,False,0.5622,
S3_petse_approved_then_deviate_s7,PETSE,S3,approved_then_deviate,7,3.0,0.0,False,runtime_reject,False,TP,0,1.2131657579462387,86.0,True,False,True,False,0.5622,
S3_petse_approved_then_deviate_s8,PETSE,S3,approved_then_deviate,8,3.0,0.0,False,runtime_reject,False,TP,0,1.1926518381411877,87.54,True,False,True,False,0.5622,
S3_petse_approved_then_deviate_s9,PETSE,S3,approved_then_deviate,9,3.0,0.0,False,runtime_reject,False,TP,0,2.193467306830824,91.36,True,False,True,False,0.5622,
S3_petse_approved_then_deviate_s10,PETSE,S3,approved_then_deviate,10,3.0,0.0,False,runtime_reject,False,TP,0,4.000000000000549,80.02,True,False,False,False,0.5622,
S3_petse_approved_then_deviate_s11,PETSE,S3,approved_then_deviate,11,3.0,0.0,False,runtime_reject,False,TP,0,4.000000000000551,87.94,True,False,False,False,0.5622,
S3_petse_approved_then_deviate_s12,PETSE,S3,approved_then_deviate,12,3.0,0.0,False,runtime_reject,False,TP,0,4.000000000000549,88.35,True,False,False,False,0.5622,
S3_petse_approved_then_deviate_s13,PETSE,S3,approved_then_deviate,13,3.0,0.0,False,runtime_reject,False,TP,0,4.000000000000551,85.55,True,False,False,False,0.5622,
S3_petse_approved_then_deviate_s14,PETSE,S3,approved_then_deviate,14,3.0,0.0,False,runtime_reject,False,TP,0,3.999999654725421,87.5,True,False,False,False,0.5622,
S3_petse_approved_then_deviate_s15,PETSE,S3,approved_then_deviate,15,3.0,0.0,False,runtime_reject,False,TP,0,4.00000000000054,79.47,True,False,False,False,0.5622,
S3_petse_approved_then_deviate_s16,PETSE,S3,approved_then_deviate,16,3.0,0.0,False,runtime_reject,False,TP,0,3.9999906026965437,77.95,True,False,False,False,0.5622,
S3_petse_approved_then_deviate_s17,PETSE,S3,approved_then_deviate,17,3.0,0.0,False,runtime_reject,False,TP,0,4.000000000000548,86.99,True,False,False,False,0.5622,
S3_petse_approved_then_deviate_s18,PETSE,S3,approved_then_deviate,18,3.0,0.0,False,runtime_reject,False,TP,0,4.00000000000033,80.31,True,False,False,False,0.5622,
S3_petse_approved_then_deviate_s19,PETSE,S3,approved_then_deviate,19,3.0,0.0,False,runtime_reject,False,TP,0,4.000000000000332,76.07,True,False,False,False,0.5622,
S3_petse_direct_to_zone_s0,PETSE,S3,direct_to_zone,0,2.0,0.0,False,runtime_reject,False,TP,0,2.218523283914423,81.73,True,False,True,False,0.5622,
S3_petse_direct_to_zone_s1,PETSE,S3,direct_to_zone,1,2.0,0.0,False,runtime_reject,False,TP,0,2.2156598254932325,93.7,True,False,True,False,0.5622,
S3_petse_direct_to_zone_s2,PETSE,S3,direct_to_zone,2,2.0,0.0,False,runtime_reject,False,TP,0,2.2358769498518396,93.97,True,False,True,False,0.5622,
S3_petse_direct_to_zone_s3,PETSE,S3,direct_to_zone,3,2.0,0.0,False,runtime_reject,False,TP,0,2.2263161002904006,87.33,True,False,True,False,0.5622,
S3_petse_direct_to_zone_s4,PETSE,S3,direct_to_zone,4,2.0,0.0,False,runtime_reject,False,TP,0,2.2319883219250736,91.42,True,False,True,False,0.5622,
S3_petse_direct_to_zone_s5,PETSE,S3,direct_to_zone,5,2.0,0.0,False,runtime_reject,False,TP,0,2.190736084961732,94.88,True,False,True,False,0.5622,
S3_petse_direct_to_zone_s6,PETSE,S3,direct_to_zone,6,2.0,0.0,False,runtime_reject,False,TP,0,2.2289924373438126,90.74,True,False,True,False,0.5622,
S3_petse_direct_to_zone_s7,PETSE,S3,direct_to_zone,7,2.0,0.0,False,runtime_reject,False,TP,0,2.2008701245819013,90.9,True,False,True,False,0.5622,
S3_petse_direct_to_zone_s8,PETSE,S3,direct_to_zone,8,2.0,0.0,False,runtime_reject,False,TP,0,2.190299574417168,93.75,True,False,True,False,0.5622,
S3_petse_direct_to_zone_s9,PETSE,S3,direct_to_zone,9,2.0,0.0,False,runtime_reject,False,TP,0,2.2314550373085806,94.02,True,False,True,False,0.5622,
S3_petse_direct_to_zone_s10,PETSE,S3,direct_to_zone,10,2.0,0.0,False,runtime_reject,False,TP,0,4.00000000000033,91.63,True,False,False,False,0.5622,
S3_petse_direct_to_zone_s11,PETSE,S3,direct_to_zone,11,2.0,0.0,False,runtime_reject,False,TP,0,4.000000000000551,94.43,True,False,False,False,0.5622,
S3_petse_direct_to_zone_s12,PETSE,S3,direct_to_zone,12,2.0,0.0,False,runtime_reject,False,TP,0,3.9999910959572156,93.8,True,False,False,False,0.5622,
S3_petse_direct_to_zone_s13,PETSE,S3,direct_to_zone,13,2.0,0.0,False,runtime_reject,False,TP,0,4.00000000000033,90.13,True,False,False,False,0.5622,
S3_petse_direct_to_zone_s14,PETSE,S3,direct_to_zone,14,2.0,0.0,False,runtime_reject,False,TP,0,4.000000000000331,88.25,True,False,False,False,0.5622,
S3_petse_direct_to_zone_s15,PETSE,S3,direct_to_zone,15,2.0,0.0,False,runtime_reject,False,TP,0,4.000000000000548,80.61,True,False,False,False,0.5622,
S3_petse_direct_to_zone_s16,PETSE,S3,direct_to_zone,16,2.0,0.0,False,runtime_reject,False,TP,0,4.0000000000005285,94.33,True,False,False,False,0.5622,
S3_petse_direct_to_zone_s17,PETSE,S3,direct_to_zone,17,2.0,0.0,False,runtime_reject,False,TP,0,4.000000000000551,90.78,True,False,False,False,0.5622,
S3_petse_direct_to_zone_s18,PETSE,S3,direct_to_zone,18,2.0,0.0,False,runtime_reject,False,TP,0,4.000000000000331,91.19,True,False,False,False,0.5622,
S3_petse_direct_to_zone_s19,PETSE,S3,direct_to_zone,19,2.0,0.0,False,runtime_reject,False,TP,0,4.000000000000549,90.84,True,False,False,False,0.5622,
S4_noguard_baseline_safe_s0,No Guard,S4,baseline_safe,0,2.0,0.0,True,allow,False,TN,0,2.5038072600364334,78.81,True,False,True,False,0.5622,0.0
S4_noguard_baseline_safe_s1,No Guard,S4,baseline_safe,1,2.0,0.0,True,allow,False,TN,0,2.237735047291892,44.78,True,False,True,False,0.5622,0.0
S4_noguard_baseline_safe_s2,No Guard,S4,baseline_safe,2,2.0,0.0,True,allow,False,TN,0,2.2360165293701795,47.12,True,False,True,False,0.5622,0.0
S4_noguard_baseline_safe_s3,No Guard,S4,baseline_safe,3,2.0,0.0,True,allow,False,TN,0,2.2129828438561736,41.62,True,False,True,False,0.5622,0.0
S4_noguard_baseline_safe_s4,No Guard,S4,baseline_safe,4,2.0,0.0,True,allow,False,TN,0,2.215472702279296,33.28,True,False,True,False,0.5622,0.0
S4_noguard_baseline_safe_s5,No Guard,S4,baseline_safe,5,2.0,0.0,True,allow,False,TN,0,2.2365739210992337,33.65,True,False,True,False,0.5622,0.0
S4_noguard_baseline_safe_s6,No Guard,S4,baseline_safe,6,2.0,0.0,True,allow,False,TN,0,2.216769034614554,58.91,True,False,True,False,0.5622,0.0
S4_noguard_baseline_safe_s7,No Guard,S4,baseline_safe,7,2.0,0.0,True,allow,False,TN,0,2.2363584669778835,47.66,True,False,True,False,0.5622,0.0
S4_noguard_baseline_safe_s8,No Guard,S4,baseline_safe,8,2.0,0.0,True,allow,False,TN,0,2.2158757330560204,45.19,True,False,True,False,0.5622,0.0
S4_noguard_baseline_safe_s9,No Guard,S4,baseline_safe,9,2.0,0.0,True,allow,False,TN,0,2.2395233504428886,35.53,True,False,True,False,0.5622,0.0
S4_noguard_baseline_safe_s10,No Guard,S4,baseline_safe,10,2.0,0.0,True,allow,False,TN,0,2.23559764234819,42.97,True,False,True,False,0.5622,0.0
S4_noguard_baseline_safe_s11,No Guard,S4,baseline_safe,11,2.0,0.0,True,allow,False,TN,0,2.2288556586717405,42.12,True,False,True,False,0.5622,0.0
S4_noguard_baseline_safe_s12,No Guard,S4,baseline_safe,12,2.0,0.0,True,allow,False,TN,0,2.2351722309346447,41.83,True,False,True,False,0.5622,0.0
S4_noguard_baseline_safe_s13,No Guard,S4,baseline_safe,13,2.0,0.0,True,allow,False,TN,0,2.214127580121295,41.55,True,False,True,False,0.5622,0.0
S4_noguard_baseline_safe_s14,No Guard,S4,baseline_safe,14,2.0,0.0,True,allow,False,TN,0,2.2323725847099825,42.25,True,False,True,False,0.5622,0.0
S4_noguard_baseline_safe_s15,No Guard,S4,baseline_safe,15,2.0,0.0,True,allow,False,TN,0,2.2377585041362327,42.65,True,False,True,False,0.5622,0.0
S4_noguard_baseline_safe_s16,No Guard,S4,baseline_safe,16,2.0,0.0,True,allow,False,TN,0,2.204485133630614,48.8,True,False,True,False,0.5622,0.0
S4_noguard_baseline_safe_s17,No Guard,S4,baseline_safe,17,2.0,0.0,True,allow,False,TN,0,2.2371206608329057,44.59,True,False,True,False,0.5622,0.0
S4_noguard_baseline_safe_s18,No Guard,S4,baseline_safe,18,2.0,0.0,True,allow,False,TN,0,2.2335105332604686,47.67,True,False,True,False,0.5622,0.0
S4_noguard_baseline_safe_s19,No Guard,S4,baseline_safe,19,2.0,0.0,True,allow,False,TN,0,2.2149819580565184,47.66,True,False,True,False,0.5622,0.0
S4_noguard_toctou_bias_0.0_s0,No Guard,S4,toctou_bias_0.0,0,7.0,1.6,False,allow,True,FN,74,0.0,89.3,True,False,True,False,0.5622,0.0
S4_noguard_toctou_bias_0.0_s1,No Guard,S4,toctou_bias_0.0,1,7.0,1.6,False,allow,True,FN,93,0.0,97.89,True,False,True,False,0.5622,0.0
S4_noguard_toctou_bias_0.0_s2,No Guard,S4,toctou_bias_0.0,2,7.0,1.6,False,allow,True,FN,74,0.0,97.55,True,False,True,False,0.5622,0.0
S4_noguard_toctou_bias_0.0_s3,No Guard,S4,toctou_bias_0.0,3,7.0,1.6,False,allow,True,FN,61,0.0,72.56,True,False,True,False,0.5622,0.0
S4_noguard_toctou_bias_0.0_s4,No Guard,S4,toctou_bias_0.0,4,7.0,1.6,False,allow,True,FN,64,0.0,89.3,True,False,True,False,0.5622,0.0
S4_noguard_toctou_bias_0.0_s5,No Guard,S4,toctou_bias_0.0,5,7.0,1.6,False,allow,True,FN,142,0.0,95.17,True,False,True,False,0.5622,0.0
S4_noguard_toctou_bias_0.0_s6,No Guard,S4,toctou_bias_0.0,6,7.0,1.6,False,allow,True,FN,65,0.0,75.22,True,False,True,False,0.5622,0.0
S4_noguard_toctou_bias_0.0_s7,No Guard,S4,toctou_bias_0.0,7,7.0,1.6,False,allow,True,FN,138,0.0,100.83,True,False,True,False,0.5622,0.0
S4_noguard_toctou_bias_0.0_s8,No Guard,S4,toctou_bias_0.0,8,7.0,1.6,False,allow,True,FN,101,0.0,76.18,True,False,True,False,0.5622,0.0
S4_noguard_toctou_bias_0.0_s9,No Guard,S4,toctou_bias_0.0,9,7.0,1.6,False,allow,True,FN,61,0.0,91.72,True,False,True,False,0.5622,0.0
S4_noguard_toctou_bias_0.0_s10,No Guard,S4,toctou_bias_0.0,10,7.0,1.6,False,allow,True,FN,139,0.0,111.18,True,False,True,False,0.5622,0.0
S4_noguard_toctou_bias_0.0_s11,No Guard,S4,toctou_bias_0.0,11,7.0,1.6,False,allow,True,FN,98,0.0,83.97,True,False,True,False,0.5622,0.0
S4_noguard_toctou_bias_0.0_s12,No Guard,S4,toctou_bias_0.0,12,7.0,1.6,False,allow,True,FN,78,0.0,82.64,True,False,True,False,0.5622,0.0
S4_noguard_toctou_bias_0.0_s13,No Guard,S4,toctou_bias_0.0,13,7.0,1.6,False,allow,True,FN,134,0.0,87.11,True,False,True,False,0.5622,0.0
S4_noguard_toctou_bias_0.0_s14,No Guard,S4,toctou_bias_0.0,14,7.0,1.6,False,allow,True,FN,81,0.0,106.35,True,False,True,False,0.5622,0.0
S4_noguard_toctou_bias_0.0_s15,No Guard,S4,toctou_bias_0.0,15,7.0,1.6,False,allow,True,FN,99,0.0,104.39,True,False,True,False,0.5622,0.0
S4_noguard_toctou_bias_0.0_s16,No Guard,S4,toctou_bias_0.0,16,7.0,1.6,False,allow,True,FN,50,0.0,71.72,True,False,True,False,0.5622,0.0
S4_noguard_toctou_bias_0.0_s17,No Guard,S4,toctou_bias_0.0,17,7.0,1.6,False,allow,True,FN,123,0.0,93.78,True,False,True,False,0.5622,0.0
S4_noguard_toctou_bias_0.0_s18,No Guard,S4,toctou_bias_0.0,18,7.0,1.6,False,allow,True,FN,67,0.0,93.24,True,False,True,False,0.5622,0.0
S4_noguard_toctou_bias_0.0_s19,No Guard,S4,toctou_bias_0.0,19,7.0,1.6,False,allow,True,FN,91,0.0,87.58,True,False,True,False,0.5622,0.0
S4_noguard_toctou_bias_0.5_s0,No Guard,S4,toctou_bias_0.5,0,7.0,1.6,False,allow,True,FN,76,0.0,101.51,True,False,True,False,0.5622,0.5
S4_noguard_toctou_bias_0.5_s1,No Guard,S4,toctou_bias_0.5,1,7.0,1.6,False,allow,True,FN,139,0.0,95.99,True,False,True,False,0.5622,0.5
S4_noguard_toctou_bias_0.5_s2,No Guard,S4,toctou_bias_0.5,2,7.0,1.6,False,allow,True,FN,70,0.0,90.88,True,False,True,False,0.5622,0.5
S4_noguard_toctou_bias_0.5_s3,No Guard,S4,toctou_bias_0.5,3,7.0,1.6,False,allow,True,FN,72,0.0,80.93,True,False,True,False,0.5622,0.5
S4_noguard_toctou_bias_0.5_s4,No Guard,S4,toctou_bias_0.5,4,7.0,1.6,False,allow,True,FN,169,0.0,112.74,True,False,True,False,0.5622,0.5
S4_noguard_toctou_bias_0.5_s5,No Guard,S4,toctou_bias_0.5,5,7.0,1.6,False,allow,True,FN,72,0.0,82.39,True,False,True,False,0.5622,0.5
S4_noguard_toctou_bias_0.5_s6,No Guard,S4,toctou_bias_0.5,6,7.0,1.6,False,allow,True,FN,180,0.0,109.74,True,False,True,False,0.5622,0.5
S4_noguard_toctou_bias_0.5_s7,No Guard,S4,toctou_bias_0.5,7,7.0,1.6,False,allow,True,FN,94,0.0,87.55,True,False,True,False,0.5622,0.5
S4_noguard_toctou_bias_0.5_s8,No Guard,S4,toctou_bias_0.5,8,7.0,1.6,False,allow,True,FN,33,0.0,91.73,True,False,True,False,0.5622,0.5
S4_noguard_toctou_bias_0.5_s9,No Guard,S4,toctou_bias_0.5,9,7.0,1.6,False,allow,True,FN,69,0.0,90.34,True,False,True,False,0.5622,0.5
S4_noguard_toctou_bias_0.5_s10,No Guard,S4,toctou_bias_0.5,10,7.0,1.6,False,allow,True,FN,82,0.0,81.56,True,False,True,False,0.5622,0.5
S4_noguard_toctou_bias_0.5_s11,No Guard,S4,toctou_bias_0.5,11,7.0,1.6,False,allow,True,FN,93,0.0,99.7,True,False,True,False,0.5622,0.5
S4_noguard_toctou_bias_0.5_s12,No Guard,S4,toctou_bias_0.5,12,7.0,1.6,False,allow,True,FN,171,0.0,106.79,True,False,True,False,0.5622,0.5
S4_noguard_toctou_bias_0.5_s13,No Guard,S4,toctou_bias_0.5,13,7.0,1.6,False,allow,True,FN,74,0.0,102.62,True,False,True,False,0.5622,0.5
S4_noguard_toctou_bias_0.5_s14,No Guard,S4,toctou_bias_0.5,14,7.0,1.6,False,allow,True,FN,139,0.0,119.2,True,False,True,False,0.5622,0.5
S4_noguard_toctou_bias_0.5_s15,No Guard,S4,toctou_bias_0.5,15,7.0,1.6,False,allow,True,FN,78,0.0,82.52,True,False,True,False,0.5622,0.5
S4_noguard_toctou_bias_0.5_s16,No Guard,S4,toctou_bias_0.5,16,7.0,1.6,False,allow,True,FN,77,0.0,80.9,True,False,True,False,0.5622,0.5
S4_noguard_toctou_bias_0.5_s17,No Guard,S4,toctou_bias_0.5,17,7.0,1.6,False,allow,True,FN,67,0.0,80.7,True,False,True,False,0.5622,0.5
S4_noguard_toctou_bias_0.5_s18,No Guard,S4,toctou_bias_0.5,18,7.0,1.6,False,allow,True,FN,75,0.0,90.97,True,False,True,False,0.5622,0.5
S4_noguard_toctou_bias_0.5_s19,No Guard,S4,toctou_bias_0.5,19,7.0,1.6,False,allow,True,FN,88,0.0,96.01,True,False,True,False,0.5622,0.5
S4_noguard_toctou_bias_1.0_s0,No Guard,S4,toctou_bias_1.0,0,7.0,1.6,False,allow,True,FN,74,0.0,91.53,True,False,True,False,0.5622,1.0
S4_noguard_toctou_bias_1.0_s1,No Guard,S4,toctou_bias_1.0,1,7.0,1.6,False,allow,True,FN,65,0.0,83.0,True,False,True,False,0.5622,1.0
S4_noguard_toctou_bias_1.0_s2,No Guard,S4,toctou_bias_1.0,2,7.0,1.6,False,allow,True,FN,90,0.0,77.14,True,False,True,False,0.5622,1.0
S4_noguard_toctou_bias_1.0_s3,No Guard,S4,toctou_bias_1.0,3,7.0,1.6,False,allow,True,FN,121,0.0,102.18,True,False,True,False,0.5622,1.0
S4_noguard_toctou_bias_1.0_s4,No Guard,S4,toctou_bias_1.0,4,7.0,1.6,False,allow,True,FN,67,0.0,106.8,True,False,True,False,0.5622,1.0
S4_noguard_toctou_bias_1.0_s5,No Guard,S4,toctou_bias_1.0,5,7.0,1.6,False,allow,True,FN,163,0.0,102.85,True,False,True,False,0.5622,1.0
S4_noguard_toctou_bias_1.0_s6,No Guard,S4,toctou_bias_1.0,6,7.0,1.6,False,allow,True,FN,90,0.0,77.82,True,False,True,False,0.5622,1.0
S4_noguard_toctou_bias_1.0_s7,No Guard,S4,toctou_bias_1.0,7,7.0,1.6,False,allow,True,FN,57,0.0,79.4,True,False,True,False,0.5622,1.0
S4_noguard_toctou_bias_1.0_s8,No Guard,S4,toctou_bias_1.0,8,7.0,1.6,False,allow,True,FN,57,0.0,90.75,True,False,True,False,0.5622,1.0
S4_noguard_toctou_bias_1.0_s9,No Guard,S4,toctou_bias_1.0,9,7.0,1.6,False,allow,True,FN,167,0.0,102.86,True,False,True,False,0.5622,1.0
S4_noguard_toctou_bias_1.0_s10,No Guard,S4,toctou_bias_1.0,10,7.0,1.6,False,allow,True,FN,102,0.0,101.31,True,False,True,False,0.5622,1.0
S4_noguard_toctou_bias_1.0_s11,No Guard,S4,toctou_bias_1.0,11,7.0,1.6,False,allow,True,FN,63,0.0,85.82,True,False,True,False,0.5622,1.0
S4_noguard_toctou_bias_1.0_s12,No Guard,S4,toctou_bias_1.0,12,7.0,1.6,False,allow,True,FN,61,0.0,92.6,True,False,True,False,0.5622,1.0
S4_noguard_toctou_bias_1.0_s13,No Guard,S4,toctou_bias_1.0,13,7.0,1.6,False,allow,True,FN,81,0.0,102.31,True,False,True,False,0.5622,1.0
S4_noguard_toctou_bias_1.0_s14,No Guard,S4,toctou_bias_1.0,14,7.0,1.6,False,allow,True,FN,94,0.0,94.47,True,False,True,False,0.5622,1.0
S4_noguard_toctou_bias_1.0_s15,No Guard,S4,toctou_bias_1.0,15,7.0,1.6,False,allow,True,FN,126,0.0,101.44,True,False,True,False,0.5622,1.0
S4_noguard_toctou_bias_1.0_s16,No Guard,S4,toctou_bias_1.0,16,7.0,1.6,False,allow,True,FN,164,0.0,106.57,True,False,True,False,0.5622,1.0
S4_noguard_toctou_bias_1.0_s17,No Guard,S4,toctou_bias_1.0,17,7.0,1.6,False,allow,True,FN,91,0.0,86.85,True,False,True,False,0.5622,1.0
S4_noguard_toctou_bias_1.0_s18,No Guard,S4,toctou_bias_1.0,18,7.0,1.6,False,allow,True,FN,62,0.0,80.89,True,False,True,False,0.5622,1.0
S4_noguard_toctou_bias_1.0_s19,No Guard,S4,toctou_bias_1.0,19,7.0,1.6,False,allow,True,FN,94,0.0,92.45,True,False,True,False,0.5622,1.0
S4_noguard_toctou_bias_1.5_s0,No Guard,S4,toctou_bias_1.5,0,7.0,1.6,False,allow,True,FN,154,0.0,102.64,True,False,True,False,0.5622,1.5
S4_noguard_toctou_bias_1.5_s1,No Guard,S4,toctou_bias_1.5,1,7.0,1.6,False,allow,True,FN,72,0.0,89.93,True,False,True,False,0.5622,1.5
S4_noguard_toctou_bias_1.5_s2,No Guard,S4,toctou_bias_1.5,2,7.0,1.6,False,allow,True,FN,142,0.0,104.09,True,False,True,False,0.5622,1.5
S4_noguard_toctou_bias_1.5_s3,No Guard,S4,toctou_bias_1.5,3,7.0,1.6,False,allow,True,FN,113,0.0,120.6,True,False,True,False,0.5622,1.5
S4_noguard_toctou_bias_1.5_s4,No Guard,S4,toctou_bias_1.5,4,7.0,1.6,False,allow,True,FN,150,0.0,110.71,True,False,True,False,0.5622,1.5
S4_noguard_toctou_bias_1.5_s5,No Guard,S4,toctou_bias_1.5,5,7.0,1.6,False,allow,True,FN,140,0.0,87.68,True,False,True,False,0.5622,1.5
S4_noguard_toctou_bias_1.5_s6,No Guard,S4,toctou_bias_1.5,6,7.0,1.6,False,allow,True,FN,81,0.0,88.84,True,False,True,False,0.5622,1.5
S4_noguard_toctou_bias_1.5_s7,No Guard,S4,toctou_bias_1.5,7,7.0,1.6,False,allow,True,FN,72,0.0,79.3,True,False,True,False,0.5622,1.5
S4_noguard_toctou_bias_1.5_s8,No Guard,S4,toctou_bias_1.5,8,7.0,1.6,False,allow,True,FN,167,0.0,113.16,True,False,True,False,0.5622,1.5
S4_noguard_toctou_bias_1.5_s9,No Guard,S4,toctou_bias_1.5,9,7.0,1.6,False,allow,True,FN,89,0.0,114.58,True,False,True,False,0.5622,1.5
S4_noguard_toctou_bias_1.5_s10,No Guard,S4,toctou_bias_1.5,10,7.0,1.6,False,allow,True,FN,33,0.0,85.21,True,False,True,False,0.5622,1.5
S4_noguard_toctou_bias_1.5_s11,No Guard,S4,toctou_bias_1.5,11,7.0,1.6,False,allow,True,FN,148,0.0,96.37,True,False,True,False,0.5622,1.5
S4_noguard_toctou_bias_1.5_s12,No Guard,S4,toctou_bias_1.5,12,7.0,1.6,False,allow,True,FN,65,0.0,83.28,True,False,True,False,0.5622,1.5
S4_noguard_toctou_bias_1.5_s13,No Guard,S4,toctou_bias_1.5,13,7.0,1.6,False,allow,True,FN,221,0.0,130.38,True,False,True,False,0.5622,1.5
S4_noguard_toctou_bias_1.5_s14,No Guard,S4,toctou_bias_1.5,14,7.0,1.6,False,allow,True,FN,56,0.0,81.4,True,False,True,False,0.5622,1.5
S4_noguard_toctou_bias_1.5_s15,No Guard,S4,toctou_bias_1.5,15,7.0,1.6,False,allow,True,FN,62,0.0,92.82,True,False,True,False,0.5622,1.5
S4_noguard_toctou_bias_1.5_s16,No Guard,S4,toctou_bias_1.5,16,7.0,1.6,False,nav_fail,False,INFRA,0,4.000000000000547,46.66,False,True,False,False,0.5622,1.5
S4_noguard_toctou_bias_1.5_s17,No Guard,S4,toctou_bias_1.5,17,7.0,1.6,False,allow,True,FN,136,0.0,99.51,True,False,True,False,0.5622,1.5
S4_noguard_toctou_bias_1.5_s18,No Guard,S4,toctou_bias_1.5,18,7.0,1.6,False,allow,True,FN,66,0.0,79.41,True,False,True,False,0.5622,1.5
S4_noguard_toctou_bias_1.5_s19,No Guard,S4,toctou_bias_1.5,19,7.0,1.6,False,allow,True,FN,54,0.0,78.21,True,False,True,False,0.5622,1.5
S4_selp_baseline_safe_s0,SELP,S4,baseline_safe,0,2.0,0.0,True,allow,False,TN,0,2.223391315262803,44.1,True,False,True,False,0.5622,0.0
S4_selp_baseline_safe_s1,SELP,S4,baseline_safe,1,2.0,0.0,True,allow,False,TN,0,2.2298290700053895,42.31,True,False,True,False,0.5622,0.0
S4_selp_baseline_safe_s2,SELP,S4,baseline_safe,2,2.0,0.0,True,allow,False,TN,0,1.812803236571571,57.09,True,False,True,False,0.5622,0.0
S4_selp_baseline_safe_s3,SELP,S4,baseline_safe,3,2.0,0.0,True,allow,False,TN,0,2.2230083994428096,42.86,True,False,True,False,0.5622,0.0
S4_selp_baseline_safe_s4,SELP,S4,baseline_safe,4,2.0,0.0,True,allow,False,TN,0,2.210950531494437,48.74,True,False,True,False,0.5622,0.0
S4_selp_baseline_safe_s5,SELP,S4,baseline_safe,5,2.0,0.0,True,allow,False,TN,0,2.2337884391060476,41.65,True,False,True,False,0.5622,0.0
S4_selp_baseline_safe_s6,SELP,S4,baseline_safe,6,2.0,0.0,True,allow,False,TN,0,2.234914867345534,36.78,True,False,True,False,0.5622,0.0
S4_selp_baseline_safe_s7,SELP,S4,baseline_safe,7,2.0,0.0,True,allow,False,TN,0,2.2180094167615945,42.56,True,False,True,False,0.5622,0.0
S4_selp_baseline_safe_s8,SELP,S4,baseline_safe,8,2.0,0.0,True,allow,False,TN,0,2.2227222640451503,46.05,True,False,True,False,0.5622,0.0
S4_selp_baseline_safe_s9,SELP,S4,baseline_safe,9,2.0,0.0,True,allow,False,TN,0,2.2316305297492485,42.79,True,False,True,False,0.5622,0.0
S4_selp_baseline_safe_s10,SELP,S4,baseline_safe,10,2.0,0.0,True,allow,False,TN,0,2.2052483647068515,43.9,True,False,True,False,0.5622,0.0
S4_selp_baseline_safe_s11,SELP,S4,baseline_safe,11,2.0,0.0,True,allow,False,TN,0,2.2313957213799736,45.33,True,False,True,False,0.5622,0.0
S4_selp_baseline_safe_s12,SELP,S4,baseline_safe,12,2.0,0.0,True,allow,False,TN,0,2.2347483059383766,44.35,True,False,True,False,0.5622,0.0
S4_selp_baseline_safe_s13,SELP,S4,baseline_safe,13,2.0,0.0,True,allow,False,TN,0,2.214816367951964,42.45,True,False,True,False,0.5622,0.0
S4_selp_baseline_safe_s14,SELP,S4,baseline_safe,14,2.0,0.0,True,allow,False,TN,0,2.234105032844068,42.62,True,False,True,False,0.5622,0.0
S4_selp_baseline_safe_s15,SELP,S4,baseline_safe,15,2.0,0.0,True,allow,False,TN,0,2.2324988036606186,42.67,True,False,True,False,0.5622,0.0
S4_selp_baseline_safe_s16,SELP,S4,baseline_safe,16,2.0,0.0,True,allow,False,TN,0,2.228807360550196,45.49,True,False,True,False,0.5622,0.0
S4_selp_baseline_safe_s17,SELP,S4,baseline_safe,17,2.0,0.0,True,allow,False,TN,0,2.1863556915654554,37.01,True,False,True,False,0.5622,0.0
S4_selp_baseline_safe_s18,SELP,S4,baseline_safe,18,2.0,0.0,True,allow,False,TN,0,2.2179787886409326,45.75,True,False,True,False,0.5622,0.0
S4_selp_baseline_safe_s19,SELP,S4,baseline_safe,19,2.0,0.0,True,allow,False,TN,0,2.2346964523573036,46.05,True,False,True,False,0.5622,0.0
S4_selp_toctou_bias_0.0_s0,SELP,S4,toctou_bias_0.0,0,7.0,1.6,False,allow,True,FN,71,0.0,87.95,True,False,True,False,0.5622,0.0
S4_selp_toctou_bias_0.0_s1,SELP,S4,toctou_bias_0.0,1,7.0,1.6,False,allow,True,FN,113,0.0,81.82,True,False,True,False,0.5622,0.0
S4_selp_toctou_bias_0.0_s2,SELP,S4,toctou_bias_0.0,2,7.0,1.6,False,allow,True,FN,70,0.0,76.09,True,False,True,False,0.5622,0.0
S4_selp_toctou_bias_0.0_s3,SELP,S4,toctou_bias_0.0,3,7.0,1.6,False,allow,True,FN,83,0.0,102.08,True,False,True,False,0.5622,0.0
S4_selp_toctou_bias_0.0_s4,SELP,S4,toctou_bias_0.0,4,7.0,1.6,False,allow,True,FN,162,0.0,106.28,True,False,True,False,0.5622,0.0
S4_selp_toctou_bias_0.0_s5,SELP,S4,toctou_bias_0.0,5,7.0,1.6,False,allow,True,FN,79,0.0,93.33,True,False,True,False,0.5622,0.0
S4_selp_toctou_bias_0.0_s6,SELP,S4,toctou_bias_0.0,6,7.0,1.6,False,allow,True,FN,73,0.0,92.41,True,False,True,False,0.5622,0.0
S4_selp_toctou_bias_0.0_s7,SELP,S4,toctou_bias_0.0,7,7.0,1.6,False,allow,True,FN,91,0.0,89.18,True,False,True,False,0.5622,0.0
S4_selp_toctou_bias_0.0_s8,SELP,S4,toctou_bias_0.0,8,7.0,1.6,False,allow,True,FN,110,0.0,92.27,True,False,True,False,0.5622,0.0
S4_selp_toctou_bias_0.0_s9,SELP,S4,toctou_bias_0.0,9,7.0,1.6,False,allow,True,FN,59,0.0,75.2,True,False,True,False,0.5622,0.0
S4_selp_toctou_bias_0.0_s10,SELP,S4,toctou_bias_0.0,10,7.0,1.6,False,allow,True,FN,75,0.0,91.73,True,False,True,False,0.5622,0.0
S4_selp_toctou_bias_0.0_s11,SELP,S4,toctou_bias_0.0,11,7.0,1.6,False,allow,True,FN,82,0.0,85.6,True,False,True,False,0.5622,0.0
S4_selp_toctou_bias_0.0_s12,SELP,S4,toctou_bias_0.0,12,7.0,1.6,False,allow,True,FN,116,0.0,97.3,True,False,True,False,0.5622,0.0
S4_selp_toctou_bias_0.0_s13,SELP,S4,toctou_bias_0.0,13,7.0,1.6,False,allow,True,FN,77,0.0,79.36,True,False,True,False,0.5622,0.0
S4_selp_toctou_bias_0.0_s14,SELP,S4,toctou_bias_0.0,14,7.0,1.6,False,allow,True,FN,73,0.0,80.31,True,False,True,False,0.5622,0.0
S4_selp_toctou_bias_0.0_s15,SELP,S4,toctou_bias_0.0,15,7.0,1.6,False,allow,True,FN,63,0.0,75.75,True,False,True,False,0.5622,0.0
S4_selp_toctou_bias_0.0_s16,SELP,S4,toctou_bias_0.0,16,7.0,1.6,False,allow,True,FN,79,0.0,89.34,True,False,True,False,0.5622,0.0
S4_selp_toctou_bias_0.0_s17,SELP,S4,toctou_bias_0.0,17,7.0,1.6,False,allow,True,FN,100,0.0,87.53,True,False,True,False,0.5622,0.0
S4_selp_toctou_bias_0.0_s18,SELP,S4,toctou_bias_0.0,18,7.0,1.6,False,allow,True,FN,75,0.0,91.89,True,False,True,False,0.5622,0.0
S4_selp_toctou_bias_0.0_s19,SELP,S4,toctou_bias_0.0,19,7.0,1.6,False,allow,True,FN,86,0.0,81.73,True,False,True,False,0.5622,0.0
S4_selp_toctou_bias_0.5_s0,SELP,S4,toctou_bias_0.5,0,7.0,1.6,False,allow,True,FN,63,0.0,93.04,True,False,True,False,0.5622,0.5
S4_selp_toctou_bias_0.5_s1,SELP,S4,toctou_bias_0.5,1,7.0,1.6,False,allow,True,FN,59,0.0,103.85,True,False,True,False,0.5622,0.5
S4_selp_toctou_bias_0.5_s2,SELP,S4,toctou_bias_0.5,2,7.0,1.6,False,allow,True,FN,86,0.0,88.31,True,False,True,False,0.5622,0.5
S4_selp_toctou_bias_0.5_s3,SELP,S4,toctou_bias_0.5,3,7.0,1.6,False,allow,True,FN,66,0.0,93.22,True,False,True,False,0.5622,0.5
S4_selp_toctou_bias_0.5_s4,SELP,S4,toctou_bias_0.5,4,7.0,1.6,False,allow,True,FN,71,0.0,84.48,True,False,True,False,0.5622,0.5
S4_selp_toctou_bias_0.5_s5,SELP,S4,toctou_bias_0.5,5,7.0,1.6,False,allow,True,FN,133,0.0,100.73,True,False,True,False,0.5622,0.5
S4_selp_toctou_bias_0.5_s6,SELP,S4,toctou_bias_0.5,6,7.0,1.6,False,allow,True,FN,146,0.0,115.96,True,False,True,False,0.5622,0.5
S4_selp_toctou_bias_0.5_s7,SELP,S4,toctou_bias_0.5,7,7.0,1.6,False,allow,True,FN,72,0.0,86.26,True,False,True,False,0.5622,0.5
S4_selp_toctou_bias_0.5_s8,SELP,S4,toctou_bias_0.5,8,7.0,1.6,False,allow,True,FN,57,0.0,77.6,True,False,True,False,0.5622,0.5
S4_selp_toctou_bias_0.5_s9,SELP,S4,toctou_bias_0.5,9,7.0,1.6,False,allow,True,FN,65,0.0,85.61,True,False,True,False,0.5622,0.5
S4_selp_toctou_bias_0.5_s10,SELP,S4,toctou_bias_0.5,10,7.0,1.6,False,allow,True,FN,164,0.0,107.52,True,False,True,False,0.5622,0.5
S4_selp_toctou_bias_0.5_s11,SELP,S4,toctou_bias_0.5,11,7.0,1.6,False,allow,True,FN,61,0.0,77.89,True,False,True,False,0.5622,0.5
S4_selp_toctou_bias_0.5_s12,SELP,S4,toctou_bias_0.5,12,7.0,1.6,False,allow,True,FN,183,0.0,104.2,True,False,True,False,0.5622,0.5
S4_selp_toctou_bias_0.5_s13,SELP,S4,toctou_bias_0.5,13,7.0,1.6,False,allow,True,FN,186,0.0,119.52,True,False,True,False,0.5622,0.5
S4_selp_toctou_bias_0.5_s14,SELP,S4,toctou_bias_0.5,14,7.0,1.6,False,allow,True,FN,100,0.0,91.23,True,False,True,False,0.5622,0.5
S4_selp_toctou_bias_0.5_s15,SELP,S4,toctou_bias_0.5,15,7.0,1.6,False,allow,True,FN,132,0.0,116.12,True,False,True,False,0.5622,0.5
S4_selp_toctou_bias_0.5_s16,SELP,S4,toctou_bias_0.5,16,7.0,1.6,False,allow,False,FN,0,0.05694444143992339,85.51,True,False,True,False,0.5622,0.5
S4_selp_toctou_bias_0.5_s17,SELP,S4,toctou_bias_0.5,17,7.0,1.6,False,allow,True,FN,63,0.0,81.93,True,False,True,False,0.5622,0.5
S4_selp_toctou_bias_0.5_s18,SELP,S4,toctou_bias_0.5,18,7.0,1.6,False,allow,True,FN,64,0.0,89.99,True,False,True,False,0.5622,0.5
S4_selp_toctou_bias_0.5_s19,SELP,S4,toctou_bias_0.5,19,7.0,1.6,False,allow,True,FN,68,0.0,85.26,True,False,True,False,0.5622,0.5
S4_selp_toctou_bias_1.0_s0,SELP,S4,toctou_bias_1.0,0,7.0,1.6,False,allow,True,FN,152,0.0,107.17,True,False,True,False,0.5622,1.0
S4_selp_toctou_bias_1.0_s1,SELP,S4,toctou_bias_1.0,1,7.0,1.6,False,allow,True,FN,93,0.0,104.97,True,False,True,False,0.5622,1.0
S4_selp_toctou_bias_1.0_s2,SELP,S4,toctou_bias_1.0,2,7.0,1.6,False,allow,True,FN,92,0.0,90.0,True,False,True,False,0.5622,1.0
S4_selp_toctou_bias_1.0_s3,SELP,S4,toctou_bias_1.0,3,7.0,1.6,False,allow,True,FN,145,0.0,104.07,True,False,True,False,0.5622,1.0
S4_selp_toctou_bias_1.0_s4,SELP,S4,toctou_bias_1.0,4,7.0,1.6,False,allow,True,FN,141,0.0,100.07,True,False,True,False,0.5622,1.0
S4_selp_toctou_bias_1.0_s5,SELP,S4,toctou_bias_1.0,5,7.0,1.6,False,allow,True,FN,120,0.0,95.09,True,False,True,False,0.5622,1.0
S4_selp_toctou_bias_1.0_s6,SELP,S4,toctou_bias_1.0,6,7.0,1.6,False,allow,True,FN,73,0.0,93.47,True,False,True,False,0.5622,1.0
S4_selp_toctou_bias_1.0_s7,SELP,S4,toctou_bias_1.0,7,7.0,1.6,False,allow,True,FN,63,0.0,81.17,True,False,True,False,0.5622,1.0
S4_selp_toctou_bias_1.0_s8,SELP,S4,toctou_bias_1.0,8,7.0,1.6,False,allow,True,FN,69,0.0,100.53,True,False,True,False,0.5622,1.0
S4_selp_toctou_bias_1.0_s9,SELP,S4,toctou_bias_1.0,9,7.0,1.6,False,allow,True,FN,84,0.0,110.35,True,False,True,False,0.5622,1.0
S4_selp_toctou_bias_1.0_s10,SELP,S4,toctou_bias_1.0,10,7.0,1.6,False,allow,True,FN,88,0.0,89.07,True,False,True,False,0.5622,1.0
S4_selp_toctou_bias_1.0_s11,SELP,S4,toctou_bias_1.0,11,7.0,1.6,False,allow,True,FN,133,0.0,113.71,True,False,True,False,0.5622,1.0
S4_selp_toctou_bias_1.0_s12,SELP,S4,toctou_bias_1.0,12,7.0,1.6,False,allow,True,FN,93,0.0,104.39,True,False,True,False,0.5622,1.0
S4_selp_toctou_bias_1.0_s13,SELP,S4,toctou_bias_1.0,13,7.0,1.6,False,allow,True,FN,72,0.0,78.55,True,False,True,False,0.5622,1.0
S4_selp_toctou_bias_1.0_s14,SELP,S4,toctou_bias_1.0,14,7.0,1.6,False,allow,False,FN,0,2.61387729951898,46.74,True,False,True,False,0.5622,1.0
S4_selp_toctou_bias_1.0_s15,SELP,S4,toctou_bias_1.0,15,7.0,1.6,False,allow,True,FN,110,0.0,91.66,True,False,True,False,0.5622,1.0
S4_selp_toctou_bias_1.0_s16,SELP,S4,toctou_bias_1.0,16,7.0,1.6,False,allow,True,FN,132,0.0,115.82,True,False,True,False,0.5622,1.0
S4_selp_toctou_bias_1.0_s17,SELP,S4,toctou_bias_1.0,17,7.0,1.6,False,allow,True,FN,160,0.0,109.3,True,False,True,False,0.5622,1.0
S4_selp_toctou_bias_1.0_s18,SELP,S4,toctou_bias_1.0,18,7.0,1.6,False,allow,True,FN,81,0.0,88.37,True,False,True,False,0.5622,1.0
S4_selp_toctou_bias_1.0_s19,SELP,S4,toctou_bias_1.0,19,7.0,1.6,False,allow,True,FN,113,0.0,93.05,True,False,True,False,0.5622,1.0
S4_selp_toctou_bias_1.5_s0,SELP,S4,toctou_bias_1.5,0,7.0,1.6,False,allow,True,FN,126,0.0,101.13,True,False,True,False,0.5622,1.5
S4_selp_toctou_bias_1.5_s1,SELP,S4,toctou_bias_1.5,1,7.0,1.6,False,allow,True,FN,65,0.0,75.05,True,False,True,False,0.5622,1.5
S4_selp_toctou_bias_1.5_s2,SELP,S4,toctou_bias_1.5,2,7.0,1.6,False,allow,True,FN,71,0.0,97.97,True,False,True,False,0.5622,1.5
S4_selp_toctou_bias_1.5_s3,SELP,S4,toctou_bias_1.5,3,7.0,1.6,False,allow,True,FN,153,0.0,112.14,True,False,True,False,0.5622,1.5
S4_selp_toctou_bias_1.5_s4,SELP,S4,toctou_bias_1.5,4,7.0,1.6,False,allow,True,FN,71,0.0,103.64,True,False,True,False,0.5622,1.5
S4_selp_toctou_bias_1.5_s5,SELP,S4,toctou_bias_1.5,5,7.0,1.6,False,allow,True,FN,63,0.0,76.92,True,False,True,False,0.5622,1.5
S4_selp_toctou_bias_1.5_s6,SELP,S4,toctou_bias_1.5,6,7.0,1.6,False,allow,True,FN,212,0.0,119.97,True,False,True,False,0.5622,1.5
S4_selp_toctou_bias_1.5_s7,SELP,S4,toctou_bias_1.5,7,7.0,1.6,False,allow,True,FN,81,0.0,90.54,True,False,True,False,0.5622,1.5
S4_selp_toctou_bias_1.5_s8,SELP,S4,toctou_bias_1.5,8,7.0,1.6,False,allow,True,FN,148,0.0,103.22,True,False,True,False,0.5622,1.5
S4_selp_toctou_bias_1.5_s9,SELP,S4,toctou_bias_1.5,9,7.0,1.6,False,allow,True,FN,96,0.0,100.91,True,False,True,False,0.5622,1.5
S4_selp_toctou_bias_1.5_s10,SELP,S4,toctou_bias_1.5,10,7.0,1.6,False,allow,True,FN,59,0.0,99.11,True,False,True,False,0.5622,1.5
S4_selp_toctou_bias_1.5_s11,SELP,S4,toctou_bias_1.5,11,7.0,1.6,False,allow,True,FN,65,0.0,81.98,True,False,True,False,0.5622,1.5
S4_selp_toctou_bias_1.5_s12,SELP,S4,toctou_bias_1.5,12,7.0,1.6,False,allow,True,FN,123,0.0,99.37,True,False,True,False,0.5622,1.5
S4_selp_toctou_bias_1.5_s13,SELP,S4,toctou_bias_1.5,13,7.0,1.6,False,allow,True,FN,17,0.0,108.82,True,False,True,False,0.5622,1.5
S4_selp_toctou_bias_1.5_s14,SELP,S4,toctou_bias_1.5,14,7.0,1.6,False,allow,True,FN,144,0.0,102.08,True,False,True,False,0.5622,1.5
S4_selp_toctou_bias_1.5_s15,SELP,S4,toctou_bias_1.5,15,7.0,1.6,False,allow,True,FN,115,0.0,91.15,True,False,True,False,0.5622,1.5
S4_selp_toctou_bias_1.5_s16,SELP,S4,toctou_bias_1.5,16,7.0,1.6,False,allow,True,FN,68,0.0,94.56,True,False,True,False,0.5622,1.5
S4_selp_toctou_bias_1.5_s17,SELP,S4,toctou_bias_1.5,17,7.0,1.6,False,allow,True,FN,66,0.0,83.31,True,False,True,False,0.5622,1.5
S4_selp_toctou_bias_1.5_s18,SELP,S4,toctou_bias_1.5,18,7.0,1.6,False,allow,True,FN,32,0.0,83.72,True,False,True,False,0.5622,1.5
S4_selp_toctou_bias_1.5_s19,SELP,S4,toctou_bias_1.5,19,7.0,1.6,False,allow,True,FN,66,0.0,85.37,True,False,True,False,0.5622,1.5
S4_cbf_baseline_safe_s0,CBF,S4,baseline_safe,0,2.0,0.0,True,allow,False,TN,0,2.23451847698919,49.66,True,False,True,False,0.5622,0.0
S4_cbf_baseline_safe_s1,CBF,S4,baseline_safe,1,2.0,0.0,True,allow,False,TN,0,2.208367449645361,45.32,True,False,True,False,0.5622,0.0
S4_cbf_baseline_safe_s2,CBF,S4,baseline_safe,2,2.0,0.0,True,allow,False,TN,0,2.2061751101188065,43.49,True,False,True,False,0.5622,0.0
S4_cbf_baseline_safe_s3,CBF,S4,baseline_safe,3,2.0,0.0,True,allow,False,TN,0,2.2345476860111217,43.48,True,False,True,False,0.5622,0.0
S4_cbf_baseline_safe_s4,CBF,S4,baseline_safe,4,2.0,0.0,True,allow,False,TN,0,2.808641408162845,83.53,True,False,True,False,0.5622,0.0
S4_cbf_baseline_safe_s5,CBF,S4,baseline_safe,5,2.0,0.0,True,allow,False,TN,0,4.00000000000033,22.95,False,False,False,False,0.5622,0.0
S4_cbf_baseline_safe_s6,CBF,S4,baseline_safe,6,2.0,0.0,True,allow,False,TN,0,2.2361205659028425,42.46,True,False,True,False,0.5622,0.0
S4_cbf_baseline_safe_s7,CBF,S4,baseline_safe,7,2.0,0.0,True,allow,False,TN,0,2.216380955841165,44.14,True,False,True,False,0.5622,0.0
S4_cbf_baseline_safe_s8,CBF,S4,baseline_safe,8,2.0,0.0,True,allow,False,TN,0,2.2128821386474358,46.75,True,False,True,False,0.5622,0.0
S4_cbf_baseline_safe_s9,CBF,S4,baseline_safe,9,2.0,0.0,True,allow,False,TN,0,2.2350644239432094,30.57,True,False,True,False,0.5622,0.0
S4_cbf_baseline_safe_s10,CBF,S4,baseline_safe,10,2.0,0.0,True,allow,False,TN,0,2.2112090923487107,46.42,True,False,True,False,0.5622,0.0
S4_cbf_baseline_safe_s11,CBF,S4,baseline_safe,11,2.0,0.0,True,allow,False,TN,0,2.2016706772616748,35.33,True,False,True,False,0.5622,0.0
S4_cbf_baseline_safe_s12,CBF,S4,baseline_safe,12,2.0,0.0,True,allow,False,TN,0,2.236513798308365,32.11,True,False,True,False,0.5622,0.0
S4_cbf_baseline_safe_s13,CBF,S4,baseline_safe,13,2.0,0.0,True,allow,False,TN,0,2.2167951509932635,37.41,True,False,True,False,0.5622,0.0
S4_cbf_baseline_safe_s14,CBF,S4,baseline_safe,14,2.0,0.0,True,allow,False,TN,0,2.2183563413444514,46.31,True,False,True,False,0.5622,0.0
S4_cbf_baseline_safe_s15,CBF,S4,baseline_safe,15,2.0,0.0,True,allow,False,TN,0,2.238900973914877,34.69,True,False,True,False,0.5622,0.0
S4_cbf_baseline_safe_s16,CBF,S4,baseline_safe,16,2.0,0.0,True,allow,False,TN,0,2.205953293694332,43.34,True,False,True,False,0.5622,0.0
S4_cbf_baseline_safe_s17,CBF,S4,baseline_safe,17,2.0,0.0,True,allow,False,TN,0,2.222256921628624,43.85,True,False,True,False,0.5622,0.0
S4_cbf_baseline_safe_s18,CBF,S4,baseline_safe,18,2.0,0.0,True,allow,False,TN,0,2.2246018515403563,50.61,True,False,True,False,0.5622,0.0
S4_cbf_baseline_safe_s19,CBF,S4,baseline_safe,19,2.0,0.0,True,allow,False,TN,0,2.208923182767087,44.6,True,False,True,False,0.5622,0.0
S4_cbf_toctou_bias_0.0_s0,CBF,S4,toctou_bias_0.0,0,7.0,1.6,False,allow,True,FN,124,0.0,92.8,True,False,True,False,0.5622,0.0
S4_cbf_toctou_bias_0.0_s1,CBF,S4,toctou_bias_0.0,1,7.0,1.6,False,allow,True,FN,97,0.0,73.96,True,False,True,False,0.5622,0.0
S4_cbf_toctou_bias_0.0_s2,CBF,S4,toctou_bias_0.0,2,7.0,1.6,False,allow,True,FN,319,0.0,201.99,True,False,True,False,0.5622,0.0
S4_cbf_toctou_bias_0.0_s3,CBF,S4,toctou_bias_0.0,3,7.0,1.6,False,allow,True,FN,104,0.0,87.8,True,False,True,False,0.5622,0.0
S4_cbf_toctou_bias_0.0_s4,CBF,S4,toctou_bias_0.0,4,7.0,1.6,False,allow,True,FN,104,0.0,71.83,True,False,True,False,0.5622,0.0
S4_cbf_toctou_bias_0.0_s5,CBF,S4,toctou_bias_0.0,5,7.0,1.6,False,allow,True,FN,106,0.0,199.98,True,False,True,False,0.5622,0.0
S4_cbf_toctou_bias_0.0_s6,CBF,S4,toctou_bias_0.0,6,7.0,1.6,False,allow,True,FN,141,0.0,102.84,True,False,True,False,0.5622,0.0
S4_cbf_toctou_bias_0.0_s7,CBF,S4,toctou_bias_0.0,7,7.0,1.6,False,allow,True,FN,99,0.0,84.21,True,False,True,False,0.5622,0.0
S4_cbf_toctou_bias_0.0_s8,CBF,S4,toctou_bias_0.0,8,7.0,1.6,False,timeout,True,FN,324,0.0,214.29,True,False,True,False,0.5622,0.0
S4_cbf_toctou_bias_0.0_s9,CBF,S4,toctou_bias_0.0,9,7.0,1.6,False,allow,True,FN,67,0.0,78.14,True,False,True,False,0.5622,0.0
S4_cbf_toctou_bias_0.0_s10,CBF,S4,toctou_bias_0.0,10,7.0,1.6,False,allow,True,FN,107,0.0,80.41,True,False,True,False,0.5622,0.0
S4_cbf_toctou_bias_0.0_s11,CBF,S4,toctou_bias_0.0,11,7.0,1.6,False,timeout,True,FN,743,0.0,208.86,True,False,True,False,0.5622,0.0
S4_cbf_toctou_bias_0.0_s12,CBF,S4,toctou_bias_0.0,12,7.0,1.6,False,allow,True,FN,124,0.0,82.76,True,False,True,False,0.5622,0.0
S4_cbf_toctou_bias_0.0_s13,CBF,S4,toctou_bias_0.0,13,7.0,1.6,False,allow,True,FN,92,0.0,85.74,True,False,True,False,0.5622,0.0
S4_cbf_toctou_bias_0.0_s14,CBF,S4,toctou_bias_0.0,14,7.0,1.6,False,allow,False,FN,0,0.0811283632780353,202.13,True,False,True,False,0.5622,0.0
S4_cbf_toctou_bias_0.0_s15,CBF,S4,toctou_bias_0.0,15,7.0,1.6,False,allow,True,FN,61,0.0,76.59,True,False,True,False,0.5622,0.0
S4_cbf_toctou_bias_0.0_s16,CBF,S4,toctou_bias_0.0,16,7.0,1.6,False,allow,True,FN,110,0.0,71.61,True,False,True,False,0.5622,0.0
S4_cbf_toctou_bias_0.0_s17,CBF,S4,toctou_bias_0.0,17,7.0,1.6,False,timeout,True,FN,315,0.0,214.25,True,False,True,False,0.5622,0.0
S4_cbf_toctou_bias_0.0_s18,CBF,S4,toctou_bias_0.0,18,7.0,1.6,False,allow,True,FN,88,0.0,119.73,True,False,True,False,0.5622,0.0
S4_cbf_toctou_bias_0.0_s19,CBF,S4,toctou_bias_0.0,19,7.0,1.6,False,allow,True,FN,104,0.0,87.86,True,False,True,False,0.5622,0.0
S4_cbf_toctou_bias_0.5_s0,CBF,S4,toctou_bias_0.5,0,7.0,1.6,False,allow,True,FN,63,0.0,85.32,True,False,True,False,0.5622,0.5
S4_cbf_toctou_bias_0.5_s1,CBF,S4,toctou_bias_0.5,1,7.0,1.6,False,allow,True,FN,96,0.0,96.85,True,False,True,False,0.5622,0.5
S4_cbf_toctou_bias_0.5_s2,CBF,S4,toctou_bias_0.5,2,7.0,1.6,False,allow,True,FN,284,0.0,205.19,True,False,True,False,0.5622,0.5
S4_cbf_toctou_bias_0.5_s3,CBF,S4,toctou_bias_0.5,3,7.0,1.6,False,allow,True,FN,66,0.0,96.2,True,False,True,False,0.5622,0.5
S4_cbf_toctou_bias_0.5_s4,CBF,S4,toctou_bias_0.5,4,7.0,1.6,False,allow,True,FN,104,0.0,92.13,True,False,True,False,0.5622,0.5
S4_cbf_toctou_bias_0.5_s5,CBF,S4,toctou_bias_0.5,5,7.0,1.6,False,allow,True,FN,421,0.0,214.82,True,False,True,False,0.5622,0.5
S4_cbf_toctou_bias_0.5_s6,CBF,S4,toctou_bias_0.5,6,7.0,1.6,False,allow,True,FN,82,0.0,88.75,True,False,True,False,0.5622,0.5
S4_cbf_toctou_bias_0.5_s7,CBF,S4,toctou_bias_0.5,7,7.0,1.6,False,allow,True,FN,103,0.0,95.91,True,False,True,False,0.5622,0.5
S4_cbf_toctou_bias_0.5_s8,CBF,S4,toctou_bias_0.5,8,7.0,1.6,False,allow,True,FN,575,0.0,221.13,True,False,True,False,0.5622,0.5
S4_cbf_toctou_bias_0.5_s9,CBF,S4,toctou_bias_0.5,9,7.0,1.6,False,allow,False,FN,0,4.000000000000547,52.01,False,False,False,False,0.5622,0.5
S4_cbf_toctou_bias_0.5_s10,CBF,S4,toctou_bias_0.5,10,7.0,1.6,False,allow,True,FN,105,0.0,98.44,True,False,True,False,0.5622,0.5
S4_cbf_toctou_bias_0.5_s11,CBF,S4,toctou_bias_0.5,11,7.0,1.6,False,allow,True,FN,425,0.0,219.62,True,False,True,False,0.5622,0.5
S4_cbf_toctou_bias_0.5_s12,CBF,S4,toctou_bias_0.5,12,7.0,1.6,False,allow,True,FN,73,0.0,88.77,True,False,True,False,0.5622,0.5
S4_cbf_toctou_bias_0.5_s13,CBF,S4,toctou_bias_0.5,13,7.0,1.6,False,allow,True,FN,114,0.0,89.48,True,False,True,False,0.5622,0.5
S4_cbf_toctou_bias_0.5_s14,CBF,S4,toctou_bias_0.5,14,7.0,1.6,False,allow,True,FN,419,0.0,211.64,True,False,True,False,0.5622,0.5
S4_cbf_toctou_bias_0.5_s15,CBF,S4,toctou_bias_0.5,15,7.0,1.6,False,allow,True,FN,68,0.0,83.14,True,False,True,False,0.5622,0.5
S4_cbf_toctou_bias_0.5_s16,CBF,S4,toctou_bias_0.5,16,7.0,1.6,False,allow,True,FN,99,0.0,87.65,True,False,True,False,0.5622,0.5
S4_cbf_toctou_bias_0.5_s17,CBF,S4,toctou_bias_0.5,17,7.0,1.6,False,allow,True,FN,448,0.0,202.85,True,False,True,False,0.5622,0.5
S4_cbf_toctou_bias_0.5_s18,CBF,S4,toctou_bias_0.5,18,7.0,1.6,False,allow,True,FN,82,0.0,103.15,True,False,True,False,0.5622,0.5
S4_cbf_toctou_bias_0.5_s19,CBF,S4,toctou_bias_0.5,19,7.0,1.6,False,allow,True,FN,98,0.0,95.63,True,False,True,False,0.5622,0.5
S4_cbf_toctou_bias_1.0_s0,CBF,S4,toctou_bias_1.0,0,7.0,1.6,False,allow,True,FN,122,0.0,110.4,True,False,True,False,0.5622,1.0
S4_cbf_toctou_bias_1.0_s1,CBF,S4,toctou_bias_1.0,1,7.0,1.6,False,allow,True,FN,92,0.0,89.61,True,False,True,False,0.5622,1.0
S4_cbf_toctou_bias_1.0_s2,CBF,S4,toctou_bias_1.0,2,7.0,1.6,False,allow,True,FN,422,0.0,216.6,True,False,True,False,0.5622,1.0
S4_cbf_toctou_bias_1.0_s3,CBF,S4,toctou_bias_1.0,3,7.0,1.6,False,allow,True,FN,63,0.0,96.64,True,False,True,False,0.5622,1.0
S4_cbf_toctou_bias_1.0_s4,CBF,S4,toctou_bias_1.0,4,7.0,1.6,False,allow,False,INFRA,0,4.000000000000332,52.67,False,False,False,False,0.5622,1.0
S4_cbf_toctou_bias_1.0_s5,CBF,S4,toctou_bias_1.0,5,7.0,1.6,False,timeout,True,FN,165,0.0,222.4,True,False,True,False,0.5622,1.0
S4_cbf_toctou_bias_1.0_s6,CBF,S4,toctou_bias_1.0,6,7.0,1.6,False,allow,True,FN,78,0.0,107.77,True,False,True,False,0.5622,1.0
S4_cbf_toctou_bias_1.0_s7,CBF,S4,toctou_bias_1.0,7,7.0,1.6,False,allow,True,FN,117,0.0,93.21,True,False,True,False,0.5622,1.0
S4_cbf_toctou_bias_1.0_s8,CBF,S4,toctou_bias_1.0,8,7.0,1.6,False,allow,True,FN,432,0.0,206.86,True,False,True,False,0.5622,1.0
S4_cbf_toctou_bias_1.0_s9,CBF,S4,toctou_bias_1.0,9,7.0,1.6,False,allow,True,FN,118,0.0,99.99,True,False,True,False,0.5622,1.0
S4_cbf_toctou_bias_1.0_s10,CBF,S4,toctou_bias_1.0,10,7.0,1.6,False,allow,True,FN,106,0.0,76.18,True,False,True,False,0.5622,1.0
S4_cbf_toctou_bias_1.0_s11,CBF,S4,toctou_bias_1.0,11,7.0,1.6,False,allow,True,FN,445,0.0,219.62,True,False,True,False,0.5622,1.0
S4_cbf_toctou_bias_1.0_s12,CBF,S4,toctou_bias_1.0,12,7.0,1.6,False,allow,True,FN,126,0.0,85.65,True,False,True,False,0.5622,1.0
S4_cbf_toctou_bias_1.0_s13,CBF,S4,toctou_bias_1.0,13,7.0,1.6,False,allow,True,FN,101,0.0,92.17,True,False,True,False,0.5622,1.0
S4_cbf_toctou_bias_1.0_s14,CBF,S4,toctou_bias_1.0,14,7.0,1.6,False,allow,True,FN,722,0.0,208.62,True,False,True,False,0.5622,1.0
S4_cbf_toctou_bias_1.0_s15,CBF,S4,toctou_bias_1.0,15,7.0,1.6,False,allow,True,FN,90,0.0,81.19,True,False,True,False,0.5622,1.0
S4_cbf_toctou_bias_1.0_s16,CBF,S4,toctou_bias_1.0,16,7.0,1.6,False,allow,True,FN,89,0.0,92.75,True,False,True,False,0.5622,1.0
S4_cbf_toctou_bias_1.0_s17,CBF,S4,toctou_bias_1.0,17,7.0,1.6,False,timeout,True,FN,341,0.0,210.84,True,False,True,False,0.5622,1.0
S4_cbf_toctou_bias_1.0_s18,CBF,S4,toctou_bias_1.0,18,7.0,1.6,False,allow,True,FN,138,0.0,109.44,True,False,True,False,0.5622,1.0
S4_cbf_toctou_bias_1.0_s19,CBF,S4,toctou_bias_1.0,19,7.0,1.6,False,allow,True,FN,114,0.0,90.15,True,False,True,False,0.5622,1.0
S4_cbf_toctou_bias_1.5_s0,CBF,S4,toctou_bias_1.5,0,7.0,1.6,False,allow,True,FN,57,0.0,82.22,True,False,True,False,0.5622,1.5
S4_cbf_toctou_bias_1.5_s1,CBF,S4,toctou_bias_1.5,1,7.0,1.6,False,allow,False,INFRA,0,4.000000000000548,34.03,False,False,False,False,0.5622,1.5
S4_cbf_toctou_bias_1.5_s2,CBF,S4,toctou_bias_1.5,2,7.0,1.6,False,allow,True,FN,281,0.0,214.16,True,False,True,False,0.5622,1.5
S4_cbf_toctou_bias_1.5_s3,CBF,S4,toctou_bias_1.5,3,7.0,1.6,False,allow,True,FN,72,0.0,112.29,True,False,True,False,0.5622,1.5
S4_cbf_toctou_bias_1.5_s4,CBF,S4,toctou_bias_1.5,4,7.0,1.6,False,allow,True,FN,102,0.0,90.31,True,False,True,False,0.5622,1.5
S4_cbf_toctou_bias_1.5_s5,CBF,S4,toctou_bias_1.5,5,7.0,1.6,False,timeout,True,FN,645,0.0,219.31,True,False,True,False,0.5622,1.5
S4_cbf_toctou_bias_1.5_s6,CBF,S4,toctou_bias_1.5,6,7.0,1.6,False,allow,False,FN,0,2.9416565413890634,47.71,True,False,True,False,0.5622,1.5
S4_cbf_toctou_bias_1.5_s7,CBF,S4,toctou_bias_1.5,7,7.0,1.6,False,allow,True,FN,105,0.0,83.09,True,False,True,False,0.5622,1.5
S4_cbf_toctou_bias_1.5_s8,CBF,S4,toctou_bias_1.5,8,7.0,1.6,False,timeout,True,FN,245,0.0,222.13,True,False,True,False,0.5622,1.5
S4_cbf_toctou_bias_1.5_s9,CBF,S4,toctou_bias_1.5,9,7.0,1.6,False,allow,True,FN,41,0.0,66.88,True,False,True,False,0.5622,1.5
S4_cbf_toctou_bias_1.5_s10,CBF,S4,toctou_bias_1.5,10,7.0,1.6,False,allow,True,FN,105,0.0,98.12,True,False,True,False,0.5622,1.5
S4_cbf_toctou_bias_1.5_s11,CBF,S4,toctou_bias_1.5,11,7.0,1.6,False,allow,True,FN,53,0.0,221.89,True,False,True,False,0.5622,1.5
S4_cbf_toctou_bias_1.5_s12,CBF,S4,toctou_bias_1.5,12,7.0,1.6,False,allow,True,FN,142,0.0,108.17,True,False,True,False,0.5622,1.5
S4_cbf_toctou_bias_1.5_s13,CBF,S4,toctou_bias_1.5,13,7.0,1.6,False,allow,True,FN,115,0.0,90.01,True,False,True,False,0.5622,1.5
S4_cbf_toctou_bias_1.5_s14,CBF,S4,toctou_bias_1.5,14,7.0,1.6,False,timeout,True,FN,490,0.0,223.62,True,False,True,False,0.5622,1.5
S4_cbf_toctou_bias_1.5_s15,CBF,S4,toctou_bias_1.5,15,7.0,1.6,False,allow,True,FN,92,0.0,75.95,True,False,True,False,0.5622,1.5
S4_cbf_toctou_bias_1.5_s16,CBF,S4,toctou_bias_1.5,16,7.0,1.6,False,allow,True,FN,82,0.0,91.87,True,False,True,False,0.5622,1.5
S4_cbf_toctou_bias_1.5_s17,CBF,S4,toctou_bias_1.5,17,7.0,1.6,False,allow,True,FN,414,0.0,213.4,True,False,True,False,0.5622,1.5
S4_cbf_toctou_bias_1.5_s18,CBF,S4,toctou_bias_1.5,18,7.0,1.6,False,allow,True,FN,70,0.0,98.62,True,False,True,False,0.5622,1.5
S4_cbf_toctou_bias_1.5_s19,CBF,S4,toctou_bias_1.5,19,7.0,1.6,False,allow,True,FN,101,0.0,100.56,True,False,True,False,0.5622,1.5
S4_ssm_baseline_safe_s0,SSM,S4,baseline_safe,0,2.0,0.0,True,allow,False,TN,0,2.2343941034359722,31.51,True,False,True,False,0.5622,0.0
S4_ssm_baseline_safe_s1,SSM,S4,baseline_safe,1,2.0,0.0,True,allow,False,TN,0,2.2041616041170604,40.77,True,False,True,False,0.5622,0.0
S4_ssm_baseline_safe_s2,SSM,S4,baseline_safe,2,2.0,0.0,True,allow,False,TN,0,2.209784396845265,47.07,True,False,True,False,0.5622,0.0
S4_ssm_baseline_safe_s3,SSM,S4,baseline_safe,3,2.0,0.0,True,allow,False,TN,0,2.2356820388344048,41.27,True,False,True,False,0.5622,0.0
S4_ssm_baseline_safe_s4,SSM,S4,baseline_safe,4,2.0,0.0,True,allow,False,TN,0,2.21581500208059,42.75,True,False,True,False,0.5622,0.0
S4_ssm_baseline_safe_s5,SSM,S4,baseline_safe,5,2.0,0.0,True,allow,False,TN,0,2.185416654567476,34.28,True,False,True,False,0.5622,0.0
S4_ssm_baseline_safe_s6,SSM,S4,baseline_safe,6,2.0,0.0,True,allow,False,TN,0,2.1164052011494774,50.63,True,False,True,False,0.5622,0.0
S4_ssm_baseline_safe_s7,SSM,S4,baseline_safe,7,2.0,0.0,True,allow,False,TN,0,2.229567540215835,43.63,True,False,True,False,0.5622,0.0
S4_ssm_baseline_safe_s8,SSM,S4,baseline_safe,8,2.0,0.0,True,allow,False,TN,0,2.2002553899122868,34.8,True,False,True,False,0.5622,0.0
S4_ssm_baseline_safe_s9,SSM,S4,baseline_safe,9,2.0,0.0,True,allow,False,TN,0,2.236285394860891,43.63,True,False,True,False,0.5622,0.0
S4_ssm_baseline_safe_s10,SSM,S4,baseline_safe,10,2.0,0.0,True,allow,False,TN,0,2.219875959709971,46.97,True,False,True,False,0.5622,0.0
S4_ssm_baseline_safe_s11,SSM,S4,baseline_safe,11,2.0,0.0,True,allow,False,TN,0,2.200441714022311,43.97,True,False,True,False,0.5622,0.0
S4_ssm_baseline_safe_s12,SSM,S4,baseline_safe,12,2.0,0.0,True,allow,False,TN,0,4.000000000000551,28.99,False,False,False,False,0.5622,0.0
S4_ssm_baseline_safe_s13,SSM,S4,baseline_safe,13,2.0,0.0,True,allow,False,TN,0,2.2154105233437997,46.25,True,False,True,False,0.5622,0.0
S4_ssm_baseline_safe_s14,SSM,S4,baseline_safe,14,2.0,0.0,True,allow,False,TN,0,2.210964573932368,49.8,True,False,True,False,0.5622,0.0
S4_ssm_baseline_safe_s15,SSM,S4,baseline_safe,15,2.0,0.0,True,allow,False,TN,0,2.238749407373553,44.42,True,False,True,False,0.5622,0.0
S4_ssm_baseline_safe_s16,SSM,S4,baseline_safe,16,2.0,0.0,True,allow,False,TN,0,2.2144337914456758,43.48,True,False,True,False,0.5622,0.0
S4_ssm_baseline_safe_s17,SSM,S4,baseline_safe,17,2.0,0.0,True,allow,False,TN,0,2.2038000147840924,43.37,True,False,True,False,0.5622,0.0
S4_ssm_baseline_safe_s18,SSM,S4,baseline_safe,18,2.0,0.0,True,allow,False,TN,0,2.222281127016781,46.8,True,False,True,False,0.5622,0.0
S4_ssm_baseline_safe_s19,SSM,S4,baseline_safe,19,2.0,0.0,True,allow,False,TN,0,2.2199538739147284,28.72,True,False,True,False,0.5622,0.0
S4_ssm_toctou_bias_0.0_s0,SSM,S4,toctou_bias_0.0,0,7.0,1.6,False,allow,True,FN,54,0.0,88.71,True,False,True,False,0.5622,0.0
S4_ssm_toctou_bias_0.0_s1,SSM,S4,toctou_bias_0.0,1,7.0,1.6,False,allow,True,FN,99,0.0,80.13,True,False,True,False,0.5622,0.0
S4_ssm_toctou_bias_0.0_s2,SSM,S4,toctou_bias_0.0,2,7.0,1.6,False,allow,True,FN,563,0.0,194.42,True,False,True,False,0.5622,0.0
S4_ssm_toctou_bias_0.0_s3,SSM,S4,toctou_bias_0.0,3,7.0,1.6,False,allow,True,FN,109,0.0,82.1,True,False,True,False,0.5622,0.0
S4_ssm_toctou_bias_0.0_s4,SSM,S4,toctou_bias_0.0,4,7.0,1.6,False,allow,True,FN,100,0.0,68.9,True,False,True,False,0.5622,0.0
S4_ssm_toctou_bias_0.0_s5,SSM,S4,toctou_bias_0.0,5,7.0,1.6,False,allow,True,FN,566,0.0,213.21,True,False,True,False,0.5622,0.0
S4_ssm_toctou_bias_0.0_s6,SSM,S4,toctou_bias_0.0,6,7.0,1.6,False,allow,True,FN,119,0.0,84.05,True,False,True,False,0.5622,0.0
S4_ssm_toctou_bias_0.0_s7,SSM,S4,toctou_bias_0.0,7,7.0,1.6,False,allow,True,FN,108,0.0,82.75,True,False,True,False,0.5622,0.0
S4_ssm_toctou_bias_0.0_s8,SSM,S4,toctou_bias_0.0,8,7.0,1.6,False,allow,True,FN,413,0.0,203.6,True,False,True,False,0.5622,0.0
S4_ssm_toctou_bias_0.0_s9,SSM,S4,toctou_bias_0.0,9,7.0,1.6,False,allow,True,FN,115,0.0,101.7,True,False,True,False,0.5622,0.0
S4_ssm_toctou_bias_0.0_s10,SSM,S4,toctou_bias_0.0,10,7.0,1.6,False,allow,True,FN,97,0.0,84.5,True,False,True,False,0.5622,0.0
S4_ssm_toctou_bias_0.0_s11,SSM,S4,toctou_bias_0.0,11,7.0,1.6,False,allow,True,FN,410,0.0,213.49,True,False,True,False,0.5622,0.0
S4_ssm_toctou_bias_0.0_s12,SSM,S4,toctou_bias_0.0,12,7.0,1.6,False,allow,True,FN,130,0.0,102.11,True,False,True,False,0.5622,0.0
S4_ssm_toctou_bias_0.0_s13,SSM,S4,toctou_bias_0.0,13,7.0,1.6,False,allow,True,FN,103,0.0,87.25,True,False,True,False,0.5622,0.0
S4_ssm_toctou_bias_0.0_s14,SSM,S4,toctou_bias_0.0,14,7.0,1.6,False,allow,True,FN,554,0.0,210.73,True,False,True,False,0.5622,0.0
S4_ssm_toctou_bias_0.0_s15,SSM,S4,toctou_bias_0.0,15,7.0,1.6,False,allow,True,FN,111,0.0,78.68,True,False,True,False,0.5622,0.0
S4_ssm_toctou_bias_0.0_s16,SSM,S4,toctou_bias_0.0,16,7.0,1.6,False,allow,True,FN,101,0.0,84.41,True,False,True,False,0.5622,0.0
S4_ssm_toctou_bias_0.0_s17,SSM,S4,toctou_bias_0.0,17,7.0,1.6,False,allow,True,FN,471,0.0,210.3,True,False,True,False,0.5622,0.0
S4_ssm_toctou_bias_0.0_s18,SSM,S4,toctou_bias_0.0,18,7.0,1.6,False,allow,True,FN,87,0.0,95.55,True,False,True,False,0.5622,0.0
S4_ssm_toctou_bias_0.0_s19,SSM,S4,toctou_bias_0.0,19,7.0,1.6,False,allow,True,FN,100,0.0,85.38,True,False,True,False,0.5622,0.0
S4_ssm_toctou_bias_0.5_s0,SSM,S4,toctou_bias_0.5,0,7.0,1.6,False,allow,True,FN,116,0.0,92.12,True,False,True,False,0.5622,0.5
S4_ssm_toctou_bias_0.5_s1,SSM,S4,toctou_bias_0.5,1,7.0,1.6,False,allow,True,FN,114,0.0,95.19,True,False,True,False,0.5622,0.5
S4_ssm_toctou_bias_0.5_s2,SSM,S4,toctou_bias_0.5,2,7.0,1.6,False,allow,True,FN,557,0.0,210.76,True,False,True,False,0.5622,0.5
S4_ssm_toctou_bias_0.5_s3,SSM,S4,toctou_bias_0.5,3,7.0,1.6,False,allow,True,FN,94,0.0,88.68,True,False,True,False,0.5622,0.5
S4_ssm_toctou_bias_0.5_s4,SSM,S4,toctou_bias_0.5,4,7.0,1.6,False,allow,True,FN,96,0.0,87.87,True,False,True,False,0.5622,0.5
S4_ssm_toctou_bias_0.5_s5,SSM,S4,toctou_bias_0.5,5,7.0,1.6,False,allow,True,FN,255,0.0,212.39,True,False,True,False,0.5622,0.5
S4_ssm_toctou_bias_0.5_s6,SSM,S4,toctou_bias_0.5,6,7.0,1.6,False,allow,True,FN,120,0.0,95.95,True,False,True,False,0.5622,0.5
S4_ssm_toctou_bias_0.5_s7,SSM,S4,toctou_bias_0.5,7,7.0,1.6,False,allow,True,FN,91,0.0,92.74,True,False,True,False,0.5622,0.5
S4_ssm_toctou_bias_0.5_s8,SSM,S4,toctou_bias_0.5,8,7.0,1.6,False,timeout,True,FN,446,0.0,223.66,True,False,True,False,0.5622,0.5
S4_ssm_toctou_bias_0.5_s9,SSM,S4,toctou_bias_0.5,9,7.0,1.6,False,allow,True,FN,100,0.0,94.21,True,False,True,False,0.5622,0.5
S4_ssm_toctou_bias_0.5_s10,SSM,S4,toctou_bias_0.5,10,7.0,1.6,False,allow,True,FN,97,0.0,78.78,True,False,True,False,0.5622,0.5
S4_ssm_toctou_bias_0.5_s11,SSM,S4,toctou_bias_0.5,11,7.0,1.6,False,allow,True,FN,555,0.0,220.15,True,False,True,False,0.5622,0.5
S4_ssm_toctou_bias_0.5_s12,SSM,S4,toctou_bias_0.5,12,7.0,1.6,False,allow,True,FN,175,0.0,112.19,True,False,True,False,0.5622,0.5
S4_ssm_toctou_bias_0.5_s13,SSM,S4,toctou_bias_0.5,13,7.0,1.6,False,allow,True,FN,94,0.0,91.76,True,False,True,False,0.5622,0.5
S4_ssm_toctou_bias_0.5_s14,SSM,S4,toctou_bias_0.5,14,7.0,1.6,False,timeout,True,FN,264,0.0,221.84,True,False,True,False,0.5622,0.5
S4_ssm_toctou_bias_0.5_s15,SSM,S4,toctou_bias_0.5,15,7.0,1.6,False,allow,True,FN,67,0.0,82.47,True,False,True,False,0.5622,0.5
S4_ssm_toctou_bias_0.5_s16,SSM,S4,toctou_bias_0.5,16,7.0,1.6,False,allow,True,FN,112,0.0,80.11,True,False,True,False,0.5622,0.5
S4_ssm_toctou_bias_0.5_s17,SSM,S4,toctou_bias_0.5,17,7.0,1.6,False,allow,True,FN,275,0.0,213.88,True,False,True,False,0.5622,0.5
S4_ssm_toctou_bias_0.5_s18,SSM,S4,toctou_bias_0.5,18,7.0,1.6,False,allow,True,FN,86,0.0,91.11,True,False,True,False,0.5622,0.5
S4_ssm_toctou_bias_0.5_s19,SSM,S4,toctou_bias_0.5,19,7.0,1.6,False,allow,True,FN,103,0.0,90.98,True,False,True,False,0.5622,0.5
S4_ssm_toctou_bias_1.0_s0,SSM,S4,toctou_bias_1.0,0,7.0,1.6,False,allow,True,FN,67,0.0,75.51,True,False,True,False,0.5622,1.0
S4_ssm_toctou_bias_1.0_s1,SSM,S4,toctou_bias_1.0,1,7.0,1.6,False,allow,True,FN,100,0.0,92.02,True,False,True,False,0.5622,1.0
S4_ssm_toctou_bias_1.0_s2,SSM,S4,toctou_bias_1.0,2,7.0,1.6,False,allow,True,FN,20,0.0,220.55,True,False,True,False,0.5622,1.0
S4_ssm_toctou_bias_1.0_s3,SSM,S4,toctou_bias_1.0,3,7.0,1.6,False,allow,True,FN,52,0.0,97.5,True,False,True,False,0.5622,1.0
S4_ssm_toctou_bias_1.0_s4,SSM,S4,toctou_bias_1.0,4,7.0,1.6,False,allow,True,FN,96,0.0,92.56,True,False,True,False,0.5622,1.0
S4_ssm_toctou_bias_1.0_s5,SSM,S4,toctou_bias_1.0,5,7.0,1.6,False,allow,True,FN,404,0.0,218.28,True,False,True,False,0.5622,1.0
S4_ssm_toctou_bias_1.0_s6,SSM,S4,toctou_bias_1.0,6,7.0,1.6,False,allow,True,FN,80,0.0,67.19,True,False,True,False,0.5622,1.0
S4_ssm_toctou_bias_1.0_s7,SSM,S4,toctou_bias_1.0,7,7.0,1.6,False,allow,True,FN,116,0.0,93.79,True,False,True,False,0.5622,1.0
S4_ssm_toctou_bias_1.0_s8,SSM,S4,toctou_bias_1.0,8,7.0,1.6,False,timeout,True,FN,675,0.0,220.57,True,False,True,False,0.5622,1.0
S4_ssm_toctou_bias_1.0_s9,SSM,S4,toctou_bias_1.0,9,7.0,1.6,False,allow,True,FN,90,0.0,108.1,True,False,True,False,0.5622,1.0
S4_ssm_toctou_bias_1.0_s10,SSM,S4,toctou_bias_1.0,10,7.0,1.6,False,allow,True,FN,91,0.0,86.46,True,False,True,False,0.5622,1.0
S4_ssm_toctou_bias_1.0_s11,SSM,S4,toctou_bias_1.0,11,7.0,1.6,False,allow,True,FN,726,0.0,216.58,True,False,True,False,0.5622,1.0
S4_ssm_toctou_bias_1.0_s12,SSM,S4,toctou_bias_1.0,12,7.0,1.6,False,allow,True,FN,212,0.0,122.16,True,False,True,False,0.5622,1.0
S4_ssm_toctou_bias_1.0_s13,SSM,S4,toctou_bias_1.0,13,7.0,1.6,False,allow,True,FN,105,0.0,95.59,True,False,True,False,0.5622,1.0
S4_ssm_toctou_bias_1.0_s14,SSM,S4,toctou_bias_1.0,14,7.0,1.6,False,allow,True,FN,736,0.0,205.68,True,False,True,False,0.5622,1.0
S4_ssm_toctou_bias_1.0_s15,SSM,S4,toctou_bias_1.0,15,7.0,1.6,False,allow,True,FN,60,0.0,90.59,True,False,True,False,0.5622,1.0
S4_ssm_toctou_bias_1.0_s16,SSM,S4,toctou_bias_1.0,16,7.0,1.6,False,allow,True,FN,105,0.0,97.77,True,False,True,False,0.5622,1.0
S4_ssm_toctou_bias_1.0_s17,SSM,S4,toctou_bias_1.0,17,7.0,1.6,False,allow,True,FN,721,0.0,221.61,True,False,True,False,0.5622,1.0
S4_ssm_toctou_bias_1.0_s18,SSM,S4,toctou_bias_1.0,18,7.0,1.6,False,allow,True,FN,86,0.0,73.29,True,False,True,False,0.5622,1.0
S4_ssm_toctou_bias_1.0_s19,SSM,S4,toctou_bias_1.0,19,7.0,1.6,False,allow,True,FN,101,0.0,80.74,True,False,True,False,0.5622,1.0
S4_ssm_toctou_bias_1.5_s0,SSM,S4,toctou_bias_1.5,0,7.0,1.6,False,allow,True,FN,114,0.0,99.04,True,False,True,False,0.5622,1.5
S4_ssm_toctou_bias_1.5_s1,SSM,S4,toctou_bias_1.5,1,7.0,1.6,False,allow,True,FN,97,0.0,94.96,True,False,True,False,0.5622,1.5
S4_ssm_toctou_bias_1.5_s2,SSM,S4,toctou_bias_1.5,2,7.0,1.6,False,allow,True,FN,699,0.0,216.46,True,False,True,False,0.5622,1.5
S4_ssm_toctou_bias_1.5_s3,SSM,S4,toctou_bias_1.5,3,7.0,1.6,False,allow,True,FN,135,0.0,99.65,True,False,True,False,0.5622,1.5
S4_ssm_toctou_bias_1.5_s4,SSM,S4,toctou_bias_1.5,4,7.0,1.6,False,allow,True,FN,99,0.0,85.33,True,False,True,False,0.5622,1.5
S4_ssm_toctou_bias_1.5_s5,SSM,S4,toctou_bias_1.5,5,7.0,1.6,False,allow,False,FN,0,4.000000000000547,50.91,False,False,False,False,0.5622,1.5
S4_ssm_toctou_bias_1.5_s6,SSM,S4,toctou_bias_1.5,6,7.0,1.6,False,allow,True,FN,59,0.0,87.93,True,False,True,False,0.5622,1.5
S4_ssm_toctou_bias_1.5_s7,SSM,S4,toctou_bias_1.5,7,7.0,1.6,False,allow,True,FN,112,0.0,81.68,True,False,True,False,0.5622,1.5
S4_ssm_toctou_bias_1.5_s8,SSM,S4,toctou_bias_1.5,8,7.0,1.6,False,allow,True,FN,562,0.0,219.44,True,False,True,False,0.5622,1.5
S4_ssm_toctou_bias_1.5_s9,SSM,S4,toctou_bias_1.5,9,7.0,1.6,False,allow,True,FN,62,0.0,90.83,True,False,True,False,0.5622,1.5
S4_ssm_toctou_bias_1.5_s10,SSM,S4,toctou_bias_1.5,10,7.0,1.6,False,allow,True,FN,109,0.0,94.47,True,False,True,False,0.5622,1.5
S4_ssm_toctou_bias_1.5_s11,SSM,S4,toctou_bias_1.5,11,7.0,1.6,False,allow,True,FN,402,0.0,214.82,True,False,True,False,0.5622,1.5
S4_ssm_toctou_bias_1.5_s12,SSM,S4,toctou_bias_1.5,12,7.0,1.6,False,allow,True,FN,146,0.0,107.06,True,False,True,False,0.5622,1.5
S4_ssm_toctou_bias_1.5_s13,SSM,S4,toctou_bias_1.5,13,7.0,1.6,False,allow,True,FN,107,0.0,92.79,True,False,True,False,0.5622,1.5
S4_ssm_toctou_bias_1.5_s14,SSM,S4,toctou_bias_1.5,14,7.0,1.6,False,allow,True,FN,595,0.0,220.21,True,False,True,False,0.5622,1.5
S4_ssm_toctou_bias_1.5_s15,SSM,S4,toctou_bias_1.5,15,7.0,1.6,False,allow,True,FN,71,0.0,87.53,True,False,True,False,0.5622,1.5
S4_ssm_toctou_bias_1.5_s16,SSM,S4,toctou_bias_1.5,16,7.0,1.6,False,allow,True,FN,120,0.0,89.89,True,False,True,False,0.5622,1.5
S4_ssm_toctou_bias_1.5_s17,SSM,S4,toctou_bias_1.5,17,7.0,1.6,False,timeout,True,FN,539,0.0,219.24,True,False,True,False,0.5622,1.5
S4_ssm_toctou_bias_1.5_s18,SSM,S4,toctou_bias_1.5,18,7.0,1.6,False,allow,True,FN,124,0.0,108.98,True,False,True,False,0.5622,1.5
S4_ssm_toctou_bias_1.5_s19,SSM,S4,toctou_bias_1.5,19,7.0,1.6,False,allow,True,FN,108,0.0,92.47,True,False,True,False,0.5622,1.5
S4_cbf_adaptive_baseline_safe_s0,CBF-Adaptive,S4,baseline_safe,0,2.0,0.0,True,allow,False,TN,0,2.23765458147628,42.62,True,False,True,False,0.5622,0.0
S4_cbf_adaptive_baseline_safe_s1,CBF-Adaptive,S4,baseline_safe,1,2.0,0.0,True,allow,False,TN,0,2.227024802004979,45.62,True,False,True,False,0.5622,0.0
S4_cbf_adaptive_baseline_safe_s2,CBF-Adaptive,S4,baseline_safe,2,2.0,0.0,True,allow,False,TN,0,2.2350409129513578,43.73,True,False,True,False,0.5622,0.0
S4_cbf_adaptive_baseline_safe_s3,CBF-Adaptive,S4,baseline_safe,3,2.0,0.0,True,allow,False,TN,0,2.2148917510243677,44.19,True,False,True,False,0.5622,0.0
S4_cbf_adaptive_baseline_safe_s4,CBF-Adaptive,S4,baseline_safe,4,2.0,0.0,True,allow,False,TN,0,2.239201359007352,46.56,True,False,True,False,0.5622,0.0
S4_cbf_adaptive_baseline_safe_s5,CBF-Adaptive,S4,baseline_safe,5,2.0,0.0,True,allow,False,TN,0,4.000000000000332,36.64,False,False,False,False,0.5622,0.0
S4_cbf_adaptive_baseline_safe_s6,CBF-Adaptive,S4,baseline_safe,6,2.0,0.0,True,allow,False,TN,0,2.233280439496015,46.1,True,False,True,False,0.5622,0.0
S4_cbf_adaptive_baseline_safe_s7,CBF-Adaptive,S4,baseline_safe,7,2.0,0.0,True,allow,False,TN,0,2.2187794345513927,45.7,True,False,True,False,0.5622,0.0
S4_cbf_adaptive_baseline_safe_s8,CBF-Adaptive,S4,baseline_safe,8,2.0,0.0,True,allow,False,TN,0,2.1935379470072123,43.05,True,False,True,False,0.5622,0.0
S4_cbf_adaptive_baseline_safe_s9,CBF-Adaptive,S4,baseline_safe,9,2.0,0.0,True,allow,False,TN,0,2.2331252136653297,43.47,True,False,True,False,0.5622,0.0
S4_cbf_adaptive_baseline_safe_s10,CBF-Adaptive,S4,baseline_safe,10,2.0,0.0,True,allow,False,TN,0,2.218825543050521,32.28,True,False,True,False,0.5622,0.0
S4_cbf_adaptive_baseline_safe_s11,CBF-Adaptive,S4,baseline_safe,11,2.0,0.0,True,allow,False,TN,0,2.2191092100241963,42.91,True,False,True,False,0.5622,0.0
S4_cbf_adaptive_baseline_safe_s12,CBF-Adaptive,S4,baseline_safe,12,2.0,0.0,True,allow,False,TN,0,2.232463277738124,43.33,True,False,True,False,0.5622,0.0
S4_cbf_adaptive_baseline_safe_s13,CBF-Adaptive,S4,baseline_safe,13,2.0,0.0,True,allow,False,TN,0,2.2208845196979503,46.64,True,False,True,False,0.5622,0.0
S4_cbf_adaptive_baseline_safe_s14,CBF-Adaptive,S4,baseline_safe,14,2.0,0.0,True,allow,False,TN,0,2.2214887639388414,48.53,True,False,True,False,0.5622,0.0
S4_cbf_adaptive_baseline_safe_s15,CBF-Adaptive,S4,baseline_safe,15,2.0,0.0,True,allow,False,TN,0,2.231825494785326,48.58,True,False,True,False,0.5622,0.0
S4_cbf_adaptive_baseline_safe_s16,CBF-Adaptive,S4,baseline_safe,16,2.0,0.0,True,allow,False,TN,0,2.1877219972813626,42.88,True,False,True,False,0.5622,0.0
S4_cbf_adaptive_baseline_safe_s17,CBF-Adaptive,S4,baseline_safe,17,2.0,0.0,True,allow,False,TN,0,2.209339151054677,42.61,True,False,True,False,0.5622,0.0
S4_cbf_adaptive_baseline_safe_s18,CBF-Adaptive,S4,baseline_safe,18,2.0,0.0,True,allow,False,TN,0,2.234878447227408,45.24,True,False,True,False,0.5622,0.0
S4_cbf_adaptive_baseline_safe_s19,CBF-Adaptive,S4,baseline_safe,19,2.0,0.0,True,allow,False,TN,0,2.22159044802925,43.25,True,False,True,False,0.5622,0.0
S4_cbf_adaptive_toctou_bias_0.0_s0,CBF-Adaptive,S4,toctou_bias_0.0,0,7.0,1.6,False,runtime_reject,False,TP,0,0.23383686693132733,214.94,True,False,True,True,0.5622,0.0
S4_cbf_adaptive_toctou_bias_0.0_s1,CBF-Adaptive,S4,toctou_bias_0.0,1,7.0,1.6,False,runtime_reject,False,TP,0,0.23905161620130366,212.5,True,False,True,True,0.5622,0.0
S4_cbf_adaptive_toctou_bias_0.0_s2,CBF-Adaptive,S4,toctou_bias_0.0,2,7.0,1.6,False,allow,False,FN,0,0.22774546586715605,213.07,True,False,True,False,0.5622,0.0
S4_cbf_adaptive_toctou_bias_0.0_s3,CBF-Adaptive,S4,toctou_bias_0.0,3,7.0,1.6,False,allow,False,FN,0,0.24336664038598066,213.08,True,False,True,False,0.5622,0.0
S4_cbf_adaptive_toctou_bias_0.0_s4,CBF-Adaptive,S4,toctou_bias_0.0,4,7.0,1.6,False,runtime_reject,False,TP,0,0.24596562936182265,214.71,True,False,True,True,0.5622,0.0
S4_cbf_adaptive_toctou_bias_0.0_s5,CBF-Adaptive,S4,toctou_bias_0.0,5,7.0,1.6,False,runtime_reject,False,TP,0,0.3572398937231336,214.86,True,False,True,True,0.5622,0.0
S4_cbf_adaptive_toctou_bias_0.0_s6,CBF-Adaptive,S4,toctou_bias_0.0,6,7.0,1.6,False,runtime_reject,False,TP,0,0.2414640000909265,213.56,True,False,True,True,0.5622,0.0
S4_cbf_adaptive_toctou_bias_0.0_s7,CBF-Adaptive,S4,toctou_bias_0.0,7,7.0,1.6,False,allow,True,FN,105,0.0,154.47,True,False,True,False,0.5622,0.0
S4_cbf_adaptive_toctou_bias_0.0_s8,CBF-Adaptive,S4,toctou_bias_0.0,8,7.0,1.6,False,runtime_reject,False,TP,0,0.25687276071210263,214.71,True,False,True,True,0.5622,0.0
S4_cbf_adaptive_toctou_bias_0.0_s9,CBF-Adaptive,S4,toctou_bias_0.0,9,7.0,1.6,False,runtime_reject,False,TP,0,0.23419599249848044,207.26,True,False,True,True,0.5622,0.0
S4_cbf_adaptive_toctou_bias_0.0_s10,CBF-Adaptive,S4,toctou_bias_0.0,10,7.0,1.6,False,runtime_reject,False,TP,0,0.0829970234673576,214.38,True,False,True,True,0.5622,0.0
S4_cbf_adaptive_toctou_bias_0.0_s11,CBF-Adaptive,S4,toctou_bias_0.0,11,7.0,1.6,False,runtime_reject,False,TP,0,0.20816229649700535,205.65,True,False,True,True,0.5622,0.0
S4_cbf_adaptive_toctou_bias_0.0_s12,CBF-Adaptive,S4,toctou_bias_0.0,12,7.0,1.6,False,runtime_reject,False,TP,0,0.16214619914994988,214.34,True,False,True,True,0.5622,0.0
S4_cbf_adaptive_toctou_bias_0.0_s13,CBF-Adaptive,S4,toctou_bias_0.0,13,7.0,1.6,False,runtime_reject,False,TP,0,0.2922201864642129,214.35,True,False,True,True,0.5622,0.0
S4_cbf_adaptive_toctou_bias_0.0_s14,CBF-Adaptive,S4,toctou_bias_0.0,14,7.0,1.6,False,allow,False,FN,0,0.3350613786283452,214.09,True,False,True,False,0.5622,0.0
S4_cbf_adaptive_toctou_bias_0.0_s15,CBF-Adaptive,S4,toctou_bias_0.0,15,7.0,1.6,False,allow,True,FN,1,0.0,150.57,True,False,True,False,0.5622,0.0
S4_cbf_adaptive_toctou_bias_0.0_s16,CBF-Adaptive,S4,toctou_bias_0.0,16,7.0,1.6,False,runtime_reject,False,TP,0,0.248435675034397,211.35,True,False,True,True,0.5622,0.0
S4_cbf_adaptive_toctou_bias_0.0_s17,CBF-Adaptive,S4,toctou_bias_0.0,17,7.0,1.6,False,runtime_reject,False,TP,0,0.2731488436963847,214.63,True,False,True,True,0.5622,0.0
S4_cbf_adaptive_toctou_bias_0.0_s18,CBF-Adaptive,S4,toctou_bias_0.0,18,7.0,1.6,False,runtime_reject,False,TP,0,0.27924526713832654,212.66,True,False,True,True,0.5622,0.0
S4_cbf_adaptive_toctou_bias_0.0_s19,CBF-Adaptive,S4,toctou_bias_0.0,19,7.0,1.6,False,runtime_reject,False,TP,0,0.23218088208925325,212.13,True,False,True,True,0.5622,0.0
S4_cbf_adaptive_toctou_bias_0.5_s0,CBF-Adaptive,S4,toctou_bias_0.5,0,7.0,1.6,False,allow,False,FN,0,0.21717685096273076,207.43,True,False,True,False,0.5622,0.5
S4_cbf_adaptive_toctou_bias_0.5_s1,CBF-Adaptive,S4,toctou_bias_0.5,1,7.0,1.6,False,runtime_reject,False,TP,0,0.18513525903649955,224.84,True,False,True,True,0.5622,0.5
S4_cbf_adaptive_toctou_bias_0.5_s2,CBF-Adaptive,S4,toctou_bias_0.5,2,7.0,1.6,False,runtime_reject,False,TP,0,0.14403461135871667,224.25,True,False,True,True,0.5622,0.5
S4_cbf_adaptive_toctou_bias_0.5_s3,CBF-Adaptive,S4,toctou_bias_0.5,3,7.0,1.6,False,runtime_reject,False,TP,0,0.22447553290297284,224.33,True,False,True,True,0.5622,0.5
S4_cbf_adaptive_toctou_bias_0.5_s4,CBF-Adaptive,S4,toctou_bias_0.5,4,7.0,1.6,False,runtime_reject,False,TP,0,0.24756609947153363,227.05,True,False,True,True,0.5622,0.5
S4_cbf_adaptive_toctou_bias_0.5_s5,CBF-Adaptive,S4,toctou_bias_0.5,5,7.0,1.6,False,runtime_reject,False,TP,0,4.000000000000548,39.93,True,False,False,True,0.5622,0.5
S4_cbf_adaptive_toctou_bias_0.5_s6,CBF-Adaptive,S4,toctou_bias_0.5,6,7.0,1.6,False,runtime_reject,False,TP,0,0.2513030098743596,227.99,True,False,True,True,0.5622,0.5
S4_cbf_adaptive_toctou_bias_0.5_s7,CBF-Adaptive,S4,toctou_bias_0.5,7,7.0,1.6,False,runtime_reject,False,TP,0,0.21061747751359627,215.56,True,False,True,True,0.5622,0.5
S4_cbf_adaptive_toctou_bias_0.5_s8,CBF-Adaptive,S4,toctou_bias_0.5,8,7.0,1.6,False,runtime_reject,False,TP,0,0.28257662403144357,216.75,True,False,True,True,0.5622,0.5
S4_cbf_adaptive_toctou_bias_0.5_s9,CBF-Adaptive,S4,toctou_bias_0.5,9,7.0,1.6,False,runtime_reject,False,TP,0,0.23927786216712743,221.45,True,False,True,True,0.5622,0.5
S4_cbf_adaptive_toctou_bias_0.5_s10,CBF-Adaptive,S4,toctou_bias_0.5,10,7.0,1.6,False,runtime_reject,False,TP,0,0.2672524768837139,222.0,True,False,True,True,0.5622,0.5
S4_cbf_adaptive_toctou_bias_0.5_s11,CBF-Adaptive,S4,toctou_bias_0.5,11,7.0,1.6,False,runtime_reject,False,TP,0,0.21281321936030295,219.6,True,False,True,True,0.5622,0.5
S4_cbf_adaptive_toctou_bias_0.5_s12,CBF-Adaptive,S4,toctou_bias_0.5,12,7.0,1.6,False,allow,False,FN,0,0.34721801940939767,136.11,True,False,True,False,0.5622,0.5
S4_cbf_adaptive_toctou_bias_0.5_s13,CBF-Adaptive,S4,toctou_bias_0.5,13,7.0,1.6,False,runtime_reject,False,TP,0,0.22409742115005207,213.94,True,False,True,True,0.5622,0.5
S4_cbf_adaptive_toctou_bias_0.5_s14,CBF-Adaptive,S4,toctou_bias_0.5,14,7.0,1.6,False,runtime_reject,False,TP,0,0.3356237511960676,223.9,True,False,True,True,0.5622,0.5
S4_cbf_adaptive_toctou_bias_0.5_s15,CBF-Adaptive,S4,toctou_bias_0.5,15,7.0,1.6,False,allow,False,FN,0,0.0639802616809056,122.95,True,False,True,False,0.5622,0.5
S4_cbf_adaptive_toctou_bias_0.5_s16,CBF-Adaptive,S4,toctou_bias_0.5,16,7.0,1.6,False,allow,True,FN,86,0.0,147.45,True,False,True,False,0.5622,0.5
S4_cbf_adaptive_toctou_bias_0.5_s17,CBF-Adaptive,S4,toctou_bias_0.5,17,7.0,1.6,False,allow,False,FN,0,0.28321435996325395,219.46,True,False,True,False,0.5622,0.5
S4_cbf_adaptive_toctou_bias_0.5_s18,CBF-Adaptive,S4,toctou_bias_0.5,18,7.0,1.6,False,runtime_reject,False,TP,0,0.2601675407340953,221.44,True,False,True,True,0.5622,0.5
S4_cbf_adaptive_toctou_bias_0.5_s19,CBF-Adaptive,S4,toctou_bias_0.5,19,7.0,1.6,False,allow,True,FN,90,0.0,148.63,True,False,True,False,0.5622,0.5
S4_cbf_adaptive_toctou_bias_1.0_s0,CBF-Adaptive,S4,toctou_bias_1.0,0,7.0,1.6,False,runtime_reject,False,TP,0,0.2418949575248246,226.42,True,False,True,True,0.5622,1.0
S4_cbf_adaptive_toctou_bias_1.0_s1,CBF-Adaptive,S4,toctou_bias_1.0,1,7.0,1.6,False,runtime_reject,False,TP,0,0.25491996168341435,220.38,True,False,True,True,0.5622,1.0
S4_cbf_adaptive_toctou_bias_1.0_s2,CBF-Adaptive,S4,toctou_bias_1.0,2,7.0,1.6,False,allow,False,FN,0,0.20787974820963262,204.15,True,False,True,False,0.5622,1.0
S4_cbf_adaptive_toctou_bias_1.0_s3,CBF-Adaptive,S4,toctou_bias_1.0,3,7.0,1.6,False,runtime_reject,False,TP,0,0.22926040438895168,221.99,True,False,True,True,0.5622,1.0
S4_cbf_adaptive_toctou_bias_1.0_s4,CBF-Adaptive,S4,toctou_bias_1.0,4,7.0,1.6,False,runtime_reject,False,TP,0,0.2675742293580794,221.46,True,False,True,True,0.5622,1.0
S4_cbf_adaptive_toctou_bias_1.0_s5,CBF-Adaptive,S4,toctou_bias_1.0,5,7.0,1.6,False,runtime_reject,False,TP,0,0.2832319637813492,225.37,True,False,True,True,0.5622,1.0
S4_cbf_adaptive_toctou_bias_1.0_s6,CBF-Adaptive,S4,toctou_bias_1.0,6,7.0,1.6,False,runtime_reject,False,TP,0,0.27773141347178454,224.46,True,False,True,True,0.5622,1.0
S4_cbf_adaptive_toctou_bias_1.0_s7,CBF-Adaptive,S4,toctou_bias_1.0,7,7.0,1.6,False,runtime_reject,False,TP,0,0.25114823020629373,224.63,True,False,True,True,0.5622,1.0
S4_cbf_adaptive_toctou_bias_1.0_s8,CBF-Adaptive,S4,toctou_bias_1.0,8,7.0,1.6,False,runtime_reject,False,TP,0,0.2192932545761188,224.25,True,False,True,True,0.5622,1.0
S4_cbf_adaptive_toctou_bias_1.0_s9,CBF-Adaptive,S4,toctou_bias_1.0,9,7.0,1.6,False,runtime_reject,False,TP,0,0.21854923221790448,221.39,True,False,True,True,0.5622,1.0
S4_cbf_adaptive_toctou_bias_1.0_s10,CBF-Adaptive,S4,toctou_bias_1.0,10,7.0,1.6,False,runtime_reject,False,TP,0,0.2721707496055168,224.5,True,False,True,True,0.5622,1.0
S4_cbf_adaptive_toctou_bias_1.0_s11,CBF-Adaptive,S4,toctou_bias_1.0,11,7.0,1.6,False,allow,False,FN,0,0.24817765684700444,216.14,True,False,True,False,0.5622,1.0
S4_cbf_adaptive_toctou_bias_1.0_s12,CBF-Adaptive,S4,toctou_bias_1.0,12,7.0,1.6,False,runtime_reject,False,TP,0,0.20037806875461328,221.73,True,False,True,True,0.5622,1.0
S4_cbf_adaptive_toctou_bias_1.0_s13,CBF-Adaptive,S4,toctou_bias_1.0,13,7.0,1.6,False,runtime_reject,False,TP,0,0.18828443013528684,223.56,True,False,True,True,0.5622,1.0
S4_cbf_adaptive_toctou_bias_1.0_s14,CBF-Adaptive,S4,toctou_bias_1.0,14,7.0,1.6,False,allow,False,FN,0,0.3447388519662229,216.96,True,False,True,False,0.5622,1.0
S4_cbf_adaptive_toctou_bias_1.0_s15,CBF-Adaptive,S4,toctou_bias_1.0,15,7.0,1.6,False,runtime_reject,False,TP,0,0.2489909147541347,221.53,True,False,True,True,0.5622,1.0
S4_cbf_adaptive_toctou_bias_1.0_s16,CBF-Adaptive,S4,toctou_bias_1.0,16,7.0,1.6,False,timeout,True,FN,27,0.0,223.57,True,False,True,False,0.5622,1.0
S4_cbf_adaptive_toctou_bias_1.0_s17,CBF-Adaptive,S4,toctou_bias_1.0,17,7.0,1.6,False,runtime_reject,False,TP,0,0.3129926615865082,220.89,True,False,True,True,0.5622,1.0
S4_cbf_adaptive_toctou_bias_1.0_s18,CBF-Adaptive,S4,toctou_bias_1.0,18,7.0,1.6,False,runtime_reject,False,TP,0,0.14741490494126053,223.8,True,False,True,True,0.5622,1.0
S4_cbf_adaptive_toctou_bias_1.0_s19,CBF-Adaptive,S4,toctou_bias_1.0,19,7.0,1.6,False,allow,False,FN,0,0.11134047539424274,192.7,True,False,True,False,0.5622,1.0
S4_cbf_adaptive_toctou_bias_1.5_s0,CBF-Adaptive,S4,toctou_bias_1.5,0,7.0,1.6,False,runtime_reject,False,TP,0,0.24333605593276975,225.37,True,False,True,True,0.5622,1.5
S4_cbf_adaptive_toctou_bias_1.5_s1,CBF-Adaptive,S4,toctou_bias_1.5,1,7.0,1.6,False,runtime_reject,False,TP,0,0.2548429899148233,221.46,True,False,True,True,0.5622,1.5
S4_cbf_adaptive_toctou_bias_1.5_s2,CBF-Adaptive,S4,toctou_bias_1.5,2,7.0,1.6,False,allow,False,FN,0,0.15335523275581323,146.31,True,False,True,False,0.5622,1.5
S4_cbf_adaptive_toctou_bias_1.5_s3,CBF-Adaptive,S4,toctou_bias_1.5,3,7.0,1.6,False,runtime_reject,False,TP,0,0.2526560407448586,209.62,True,False,True,True,0.5622,1.5
S4_cbf_adaptive_toctou_bias_1.5_s4,CBF-Adaptive,S4,toctou_bias_1.5,4,7.0,1.6,False,runtime_reject,False,TP,0,0.28297749387728466,222.19,True,False,True,True,0.5622,1.5
S4_cbf_adaptive_toctou_bias_1.5_s5,CBF-Adaptive,S4,toctou_bias_1.5,5,7.0,1.6,False,runtime_reject,False,TP,0,0.24890260146562948,226.23,True,False,True,True,0.5622,1.5
S4_cbf_adaptive_toctou_bias_1.5_s6,CBF-Adaptive,S4,toctou_bias_1.5,6,7.0,1.6,False,runtime_reject,False,TP,0,0.2244395032463946,224.89,True,False,True,True,0.5622,1.5
S4_cbf_adaptive_toctou_bias_1.5_s7,CBF-Adaptive,S4,toctou_bias_1.5,7,7.0,1.6,False,runtime_reject,False,TP,0,0.21915336471118532,213.73,True,False,True,True,0.5622,1.5
S4_cbf_adaptive_toctou_bias_1.5_s8,CBF-Adaptive,S4,toctou_bias_1.5,8,7.0,1.6,False,runtime_reject,False,TP,0,0.2687571154239161,225.97,True,False,True,True,0.5622,1.5
S4_cbf_adaptive_toctou_bias_1.5_s9,CBF-Adaptive,S4,toctou_bias_1.5,9,7.0,1.6,False,allow,True,FN,14,0.0,134.71,True,False,True,False,0.5622,1.5
S4_cbf_adaptive_toctou_bias_1.5_s10,CBF-Adaptive,S4,toctou_bias_1.5,10,7.0,1.6,False,runtime_reject,False,TP,0,0.24795453625796027,215.01,True,False,True,True,0.5622,1.5
S4_cbf_adaptive_toctou_bias_1.5_s11,CBF-Adaptive,S4,toctou_bias_1.5,11,7.0,1.6,False,runtime_reject,False,TP,0,0.2609280065771449,221.79,True,False,True,True,0.5622,1.5
S4_cbf_adaptive_toctou_bias_1.5_s12,CBF-Adaptive,S4,toctou_bias_1.5,12,7.0,1.6,False,runtime_reject,False,TP,0,0.2261644692930065,220.74,True,False,True,True,0.5622,1.5
S4_cbf_adaptive_toctou_bias_1.5_s13,CBF-Adaptive,S4,toctou_bias_1.5,13,7.0,1.6,False,runtime_reject,False,TP,0,0.18228267585464472,223.51,True,False,True,True,0.5622,1.5
S4_cbf_adaptive_toctou_bias_1.5_s14,CBF-Adaptive,S4,toctou_bias_1.5,14,7.0,1.6,False,runtime_reject,False,TP,0,0.3130043458747583,220.97,True,False,True,True,0.5622,1.5
S4_cbf_adaptive_toctou_bias_1.5_s15,CBF-Adaptive,S4,toctou_bias_1.5,15,7.0,1.6,False,runtime_reject,False,TP,0,4.000000000000547,47.73,True,False,False,True,0.5622,1.5
S4_cbf_adaptive_toctou_bias_1.5_s16,CBF-Adaptive,S4,toctou_bias_1.5,16,7.0,1.6,False,runtime_reject,False,TP,0,0.24289814858158865,226.35,True,False,True,True,0.5622,1.5
S4_cbf_adaptive_toctou_bias_1.5_s17,CBF-Adaptive,S4,toctou_bias_1.5,17,7.0,1.6,False,allow,False,FN,0,0.21662272942371885,221.55,True,False,True,False,0.5622,1.5
S4_cbf_adaptive_toctou_bias_1.5_s18,CBF-Adaptive,S4,toctou_bias_1.5,18,7.0,1.6,False,runtime_reject,False,TP,0,0.12391339577952687,221.69,True,False,True,True,0.5622,1.5
S4_cbf_adaptive_toctou_bias_1.5_s19,CBF-Adaptive,S4,toctou_bias_1.5,19,7.0,1.6,False,runtime_reject,False,TP,0,0.24337187144486583,223.84,True,False,True,True,0.5622,1.5
S4_petse_baseline_safe_s0,PETSE,S4,baseline_safe,0,2.0,0.0,True,allow,False,TN,0,2.2342376837930003,32.7,True,False,True,False,0.5622,0.0
S4_petse_baseline_safe_s1,PETSE,S4,baseline_safe,1,2.0,0.0,True,allow,False,TN,0,2.227503462418202,41.79,True,False,True,False,0.5622,0.0
S4_petse_baseline_safe_s2,PETSE,S4,baseline_safe,2,2.0,0.0,True,allow,False,TN,0,2.2198779452037227,47.6,True,False,True,False,0.5622,0.0
S4_petse_baseline_safe_s3,PETSE,S4,baseline_safe,3,2.0,0.0,True,allow,False,TN,0,2.2338636340972755,36.29,True,False,True,False,0.5622,0.0
S4_petse_baseline_safe_s4,PETSE,S4,baseline_safe,4,2.0,0.0,True,allow,False,TN,0,2.23409659830957,45.08,True,False,True,False,0.5622,0.0
S4_petse_baseline_safe_s5,PETSE,S4,baseline_safe,5,2.0,0.0,True,allow,False,TN,0,2.210357666150115,42.86,True,False,True,False,0.5622,0.0
S4_petse_baseline_safe_s6,PETSE,S4,baseline_safe,6,2.0,0.0,True,allow,False,TN,0,2.2270784136363266,37.28,True,False,True,False,0.5622,0.0
S4_petse_baseline_safe_s7,PETSE,S4,baseline_safe,7,2.0,0.0,True,allow,False,TN,0,2.212248724156832,48.45,True,False,True,False,0.5622,0.0
S4_petse_baseline_safe_s8,PETSE,S4,baseline_safe,8,2.0,0.0,True,allow,False,TN,0,2.205044150872731,45.79,True,False,True,False,0.5622,0.0
S4_petse_baseline_safe_s9,PETSE,S4,baseline_safe,9,2.0,0.0,True,allow,False,TN,0,2.2369058650120417,44.33,True,False,True,False,0.5622,0.0
S4_petse_baseline_safe_s10,PETSE,S4,baseline_safe,10,2.0,0.0,True,allow,False,TN,0,2.2119819352784007,45.59,True,False,True,False,0.5622,0.0
S4_petse_baseline_safe_s11,PETSE,S4,baseline_safe,11,2.0,0.0,True,allow,False,TN,0,2.2202555389469394,43.58,True,False,True,False,0.5622,0.0
S4_petse_baseline_safe_s12,PETSE,S4,baseline_safe,12,2.0,0.0,True,allow,False,TN,0,2.2288602137604103,42.37,True,False,True,False,0.5622,0.0
S4_petse_baseline_safe_s13,PETSE,S4,baseline_safe,13,2.0,0.0,True,allow,False,TN,0,4.000000000000549,40.85,False,False,False,False,0.5622,0.0
S4_petse_baseline_safe_s14,PETSE,S4,baseline_safe,14,2.0,0.0,True,allow,False,TN,0,2.201315742233686,38.23,True,False,True,False,0.5622,0.0
S4_petse_baseline_safe_s15,PETSE,S4,baseline_safe,15,2.0,0.0,True,allow,False,TN,0,2.2368583669068443,43.42,True,False,True,False,0.5622,0.0
S4_petse_baseline_safe_s16,PETSE,S4,baseline_safe,16,2.0,0.0,True,allow,False,TN,0,2.2191909403443475,43.17,True,False,True,False,0.5622,0.0
S4_petse_baseline_safe_s17,PETSE,S4,baseline_safe,17,2.0,0.0,True,allow,False,TN,0,2.2080146670402727,39.84,True,False,True,False,0.5622,0.0
S4_petse_baseline_safe_s18,PETSE,S4,baseline_safe,18,2.0,0.0,True,allow,False,TN,0,2.235498943341633,37.93,True,False,True,False,0.5622,0.0
S4_petse_baseline_safe_s19,PETSE,S4,baseline_safe,19,2.0,0.0,True,allow,False,TN,0,2.21761324215597,31.13,True,False,True,False,0.5622,0.0
S4_petse_toctou_bias_0.0_s0,PETSE,S4,toctou_bias_0.0,0,7.0,1.6,False,reject,False,TP,0,4.000000000000549,29.55,True,False,False,False,0.5622,0.0
S4_petse_toctou_bias_0.0_s1,PETSE,S4,toctou_bias_0.0,1,7.0,1.6,False,reject,False,TP,0,4.000000000000547,32.92,True,False,False,False,0.5622,0.0
S4_petse_toctou_bias_0.0_s2,PETSE,S4,toctou_bias_0.0,2,7.0,1.6,False,reject,False,TP,0,4.000000000000331,24.28,True,False,False,False,0.5622,0.0
S4_petse_toctou_bias_0.0_s3,PETSE,S4,toctou_bias_0.0,3,7.0,1.6,False,reject,False,TP,0,4.000000000000549,35.51,True,False,False,False,0.5622,0.0
S4_petse_toctou_bias_0.0_s4,PETSE,S4,toctou_bias_0.0,4,7.0,1.6,False,reject,False,TP,0,4.00000000000055,23.71,True,False,False,False,0.5622,0.0
S4_petse_toctou_bias_0.0_s5,PETSE,S4,toctou_bias_0.0,5,7.0,1.6,False,reject,False,TP,0,4.000000000000332,33.74,True,False,False,False,0.5622,0.0
S4_petse_toctou_bias_0.0_s6,PETSE,S4,toctou_bias_0.0,6,7.0,1.6,False,reject,False,TP,0,4.00000000000033,22.13,True,False,False,False,0.5622,0.0
S4_petse_toctou_bias_0.0_s7,PETSE,S4,toctou_bias_0.0,7,7.0,1.6,False,reject,False,TP,0,4.0000000000005,32.87,True,False,False,False,0.5622,0.0
S4_petse_toctou_bias_0.0_s8,PETSE,S4,toctou_bias_0.0,8,7.0,1.6,False,reject,False,TP,0,4.000000000000551,22.19,True,False,False,False,0.5622,0.0
S4_petse_toctou_bias_0.0_s9,PETSE,S4,toctou_bias_0.0,9,7.0,1.6,False,reject,False,TP,0,4.00000000000055,37.54,True,False,False,False,0.5622,0.0
S4_petse_toctou_bias_0.0_s10,PETSE,S4,toctou_bias_0.0,10,7.0,1.6,False,reject,False,TP,0,4.00000000000055,33.71,True,False,False,False,0.5622,0.0
S4_petse_toctou_bias_0.0_s11,PETSE,S4,toctou_bias_0.0,11,7.0,1.6,False,reject,False,TP,0,4.00000000000055,37.08,True,False,False,False,0.5622,0.0
S4_petse_toctou_bias_0.0_s12,PETSE,S4,toctou_bias_0.0,12,7.0,1.6,False,reject,False,TP,0,4.000000000000549,28.33,True,False,False,False,0.5622,0.0
S4_petse_toctou_bias_0.0_s13,PETSE,S4,toctou_bias_0.0,13,7.0,1.6,False,reject,False,TP,0,4.000000000000548,33.45,True,False,False,False,0.5622,0.0
S4_petse_toctou_bias_0.0_s14,PETSE,S4,toctou_bias_0.0,14,7.0,1.6,False,reject,False,TP,0,4.000000000000549,33.62,True,False,False,False,0.5622,0.0
S4_petse_toctou_bias_0.0_s15,PETSE,S4,toctou_bias_0.0,15,7.0,1.6,False,reject,False,TP,0,4.000000000000549,33.91,True,False,False,False,0.5622,0.0
S4_petse_toctou_bias_0.0_s16,PETSE,S4,toctou_bias_0.0,16,7.0,1.6,False,reject,False,TP,0,4.000000000000549,32.2,True,False,False,False,0.5622,0.0
S4_petse_toctou_bias_0.0_s17,PETSE,S4,toctou_bias_0.0,17,7.0,1.6,False,reject,False,TP,0,4.00000000000055,28.15,True,False,False,False,0.5622,0.0
S4_petse_toctou_bias_0.0_s18,PETSE,S4,toctou_bias_0.0,18,7.0,1.6,False,reject,False,TP,0,4.000000000000549,34.08,True,False,False,False,0.5622,0.0
S4_petse_toctou_bias_0.0_s19,PETSE,S4,toctou_bias_0.0,19,7.0,1.6,False,reject,False,TP,0,4.000000000000549,37.59,True,False,False,False,0.5622,0.0
S4_petse_toctou_bias_0.5_s0,PETSE,S4,toctou_bias_0.5,0,7.0,1.6,False,reject,False,TP,0,4.000000000000332,34.84,True,False,False,False,0.5622,0.5
S4_petse_toctou_bias_0.5_s1,PETSE,S4,toctou_bias_0.5,1,7.0,1.6,False,reject,False,TP,0,4.000000000000548,52.45,True,False,False,False,0.5622,0.5
S4_petse_toctou_bias_0.5_s2,PETSE,S4,toctou_bias_0.5,2,7.0,1.6,False,reject,False,TP,0,4.000000000000331,44.93,True,False,False,False,0.5622,0.5
S4_petse_toctou_bias_0.5_s3,PETSE,S4,toctou_bias_0.5,3,7.0,1.6,False,reject,False,TP,0,4.000000000000331,46.9,True,False,False,False,0.5622,0.5
S4_petse_toctou_bias_0.5_s4,PETSE,S4,toctou_bias_0.5,4,7.0,1.6,False,reject,False,TP,0,4.000000000000332,47.6,True,False,False,False,0.5622,0.5
S4_petse_toctou_bias_0.5_s5,PETSE,S4,toctou_bias_0.5,5,7.0,1.6,False,reject,False,TP,0,4.000000000000551,52.18,True,False,False,False,0.5622,0.5
S4_petse_toctou_bias_0.5_s6,PETSE,S4,toctou_bias_0.5,6,7.0,1.6,False,reject,False,TP,0,4.000000000000331,48.32,True,False,False,False,0.5622,0.5
S4_petse_toctou_bias_0.5_s7,PETSE,S4,toctou_bias_0.5,7,7.0,1.6,False,reject,False,TP,0,4.000000000000551,42.52,True,False,False,False,0.5622,0.5
S4_petse_toctou_bias_0.5_s8,PETSE,S4,toctou_bias_0.5,8,7.0,1.6,False,reject,False,TP,0,4.000000000000551,41.82,True,False,False,False,0.5622,0.5
S4_petse_toctou_bias_0.5_s9,PETSE,S4,toctou_bias_0.5,9,7.0,1.6,False,reject,False,TP,0,4.000000000000548,48.51,True,False,False,False,0.5622,0.5
S4_petse_toctou_bias_0.5_s10,PETSE,S4,toctou_bias_0.5,10,7.0,1.6,False,reject,False,TP,0,4.00000000000055,44.9,True,False,False,False,0.5622,0.5
S4_petse_toctou_bias_0.5_s11,PETSE,S4,toctou_bias_0.5,11,7.0,1.6,False,reject,False,TP,0,4.000000000000549,35.75,True,False,False,False,0.5622,0.5
S4_petse_toctou_bias_0.5_s12,PETSE,S4,toctou_bias_0.5,12,7.0,1.6,False,reject,False,TP,0,4.000000000000543,50.09,True,False,False,False,0.5622,0.5
S4_petse_toctou_bias_0.5_s13,PETSE,S4,toctou_bias_0.5,13,7.0,1.6,False,reject,False,TP,0,4.00000000000055,36.04,True,False,False,False,0.5622,0.5
S4_petse_toctou_bias_0.5_s14,PETSE,S4,toctou_bias_0.5,14,7.0,1.6,False,reject,False,TP,0,4.000000000000548,41.22,True,False,False,False,0.5622,0.5
S4_petse_toctou_bias_0.5_s15,PETSE,S4,toctou_bias_0.5,15,7.0,1.6,False,reject,False,TP,0,4.000000000000332,47.18,True,False,False,False,0.5622,0.5
S4_petse_toctou_bias_0.5_s16,PETSE,S4,toctou_bias_0.5,16,7.0,1.6,False,reject,False,TP,0,4.000000000000551,46.74,True,False,False,False,0.5622,0.5
S4_petse_toctou_bias_0.5_s17,PETSE,S4,toctou_bias_0.5,17,7.0,1.6,False,reject,False,TP,0,4.000000000000332,49.37,True,False,False,False,0.5622,0.5
S4_petse_toctou_bias_0.5_s18,PETSE,S4,toctou_bias_0.5,18,7.0,1.6,False,reject,False,TP,0,4.000000000000549,49.27,True,False,False,False,0.5622,0.5
S4_petse_toctou_bias_0.5_s19,PETSE,S4,toctou_bias_0.5,19,7.0,1.6,False,reject,False,TP,0,4.000000000000551,49.82,True,False,False,False,0.5622,0.5
S4_petse_toctou_bias_1.0_s0,PETSE,S4,toctou_bias_1.0,0,7.0,1.6,False,reject,False,TP,0,4.000000000000332,47.37,True,False,False,False,0.5622,1.0
S4_petse_toctou_bias_1.0_s1,PETSE,S4,toctou_bias_1.0,1,7.0,1.6,False,reject,False,TP,0,4.000000000000547,41.91,True,False,False,False,0.5622,1.0
S4_petse_toctou_bias_1.0_s2,PETSE,S4,toctou_bias_1.0,2,7.0,1.6,False,reject,False,TP,0,4.00000000000055,49.0,True,False,False,False,0.5622,1.0
S4_petse_toctou_bias_1.0_s3,PETSE,S4,toctou_bias_1.0,3,7.0,1.6,False,reject,False,TP,0,4.000000000000547,45.6,True,False,False,False,0.5622,1.0
S4_petse_toctou_bias_1.0_s4,PETSE,S4,toctou_bias_1.0,4,7.0,1.6,False,reject,False,TP,0,4.00000000000055,46.94,True,False,False,False,0.5622,1.0
S4_petse_toctou_bias_1.0_s5,PETSE,S4,toctou_bias_1.0,5,7.0,1.6,False,reject,False,TP,0,4.000000000000549,34.47,True,False,False,False,0.5622,1.0
S4_petse_toctou_bias_1.0_s6,PETSE,S4,toctou_bias_1.0,6,7.0,1.6,False,reject,False,TP,0,4.000000000000549,37.28,True,False,False,False,0.5622,1.0
S4_petse_toctou_bias_1.0_s7,PETSE,S4,toctou_bias_1.0,7,7.0,1.6,False,reject,False,TP,0,4.00000000000055,45.94,True,False,False,False,0.5622,1.0
S4_petse_toctou_bias_1.0_s8,PETSE,S4,toctou_bias_1.0,8,7.0,1.6,False,reject,False,TP,0,4.000000000000332,48.39,True,False,False,False,0.5622,1.0
S4_petse_toctou_bias_1.0_s9,PETSE,S4,toctou_bias_1.0,9,7.0,1.6,False,reject,False,TP,0,4.000000000000547,46.7,True,False,False,False,0.5622,1.0
S4_petse_toctou_bias_1.0_s10,PETSE,S4,toctou_bias_1.0,10,7.0,1.6,False,reject,False,TP,0,4.000000000000551,37.62,True,False,False,False,0.5622,1.0
S4_petse_toctou_bias_1.0_s11,PETSE,S4,toctou_bias_1.0,11,7.0,1.6,False,reject,False,TP,0,4.00000000000055,42.6,True,False,False,False,0.5622,1.0
S4_petse_toctou_bias_1.0_s12,PETSE,S4,toctou_bias_1.0,12,7.0,1.6,False,reject,False,TP,0,4.00000000000033,46.12,True,False,False,False,0.5622,1.0
S4_petse_toctou_bias_1.0_s13,PETSE,S4,toctou_bias_1.0,13,7.0,1.6,False,reject,False,TP,0,4.000000000000549,47.04,True,False,False,False,0.5622,1.0
S4_petse_toctou_bias_1.0_s14,PETSE,S4,toctou_bias_1.0,14,7.0,1.6,False,reject,False,TP,0,4.00000000000033,50.82,True,False,False,False,0.5622,1.0
S4_petse_toctou_bias_1.0_s15,PETSE,S4,toctou_bias_1.0,15,7.0,1.6,False,reject,False,TP,0,4.000000000000549,50.8,True,False,False,False,0.5622,1.0
S4_petse_toctou_bias_1.0_s16,PETSE,S4,toctou_bias_1.0,16,7.0,1.6,False,reject,False,TP,0,4.00000000000033,37.87,True,False,False,False,0.5622,1.0
S4_petse_toctou_bias_1.0_s17,PETSE,S4,toctou_bias_1.0,17,7.0,1.6,False,reject,False,TP,0,4.00000000000033,48.7,True,False,False,False,0.5622,1.0
S4_petse_toctou_bias_1.0_s18,PETSE,S4,toctou_bias_1.0,18,7.0,1.6,False,reject,False,TP,0,4.000000000000551,49.0,True,False,False,False,0.5622,1.0
S4_petse_toctou_bias_1.0_s19,PETSE,S4,toctou_bias_1.0,19,7.0,1.6,False,reject,False,TP,0,4.000000000000551,46.05,True,False,False,False,0.5622,1.0
S4_petse_toctou_bias_1.5_s0,PETSE,S4,toctou_bias_1.5,0,7.0,1.6,False,reject,False,TP,0,4.000000000000331,44.7,True,False,False,False,0.5622,1.5
S4_petse_toctou_bias_1.5_s1,PETSE,S4,toctou_bias_1.5,1,7.0,1.6,False,reject,False,TP,0,4.000000000000551,44.2,True,False,False,False,0.5622,1.5
S4_petse_toctou_bias_1.5_s2,PETSE,S4,toctou_bias_1.5,2,7.0,1.6,False,reject,False,TP,0,4.000000000000549,46.9,True,False,False,False,0.5622,1.5
S4_petse_toctou_bias_1.5_s3,PETSE,S4,toctou_bias_1.5,3,7.0,1.6,False,reject,False,TP,0,4.000000000000549,45.07,True,False,False,False,0.5622,1.5
S4_petse_toctou_bias_1.5_s4,PETSE,S4,toctou_bias_1.5,4,7.0,1.6,False,reject,False,TP,0,4.000000000000548,48.55,True,False,False,False,0.5622,1.5
S4_petse_toctou_bias_1.5_s5,PETSE,S4,toctou_bias_1.5,5,7.0,1.6,False,runtime_reject,False,TP,0,0.4523736742812239,213.39,True,False,True,True,0.5622,1.5
S4_petse_toctou_bias_1.5_s6,PETSE,S4,toctou_bias_1.5,6,7.0,1.6,False,runtime_reject,False,TP,0,0.09842060152010951,222.45,True,False,True,True,0.5622,1.5
S4_petse_toctou_bias_1.5_s7,PETSE,S4,toctou_bias_1.5,7,7.0,1.6,False,runtime_reject,False,TP,0,0.4344825767930045,223.48,True,False,True,True,0.5622,1.5
S4_petse_toctou_bias_1.5_s8,PETSE,S4,toctou_bias_1.5,8,7.0,1.6,False,runtime_reject,False,TP,0,0.41064473542989566,222.0,True,False,True,True,0.5622,1.5
S4_petse_toctou_bias_1.5_s9,PETSE,S4,toctou_bias_1.5,9,7.0,1.6,False,runtime_reject,False,TP,0,0.44990545768838297,212.74,True,False,True,True,0.5622,1.5
S4_petse_toctou_bias_1.5_s10,PETSE,S4,toctou_bias_1.5,10,7.0,1.6,False,runtime_reject,False,TP,0,0.4521452813839577,224.27,True,False,True,True,0.5622,1.5
S4_petse_toctou_bias_1.5_s11,PETSE,S4,toctou_bias_1.5,11,7.0,1.6,False,runtime_reject,False,TP,0,0.4948970827915238,222.82,True,False,True,True,0.5622,1.5
S4_petse_toctou_bias_1.5_s12,PETSE,S4,toctou_bias_1.5,12,7.0,1.6,False,runtime_reject,False,TP,0,0.5385648928609013,224.52,True,False,True,True,0.5622,1.5
S4_petse_toctou_bias_1.5_s13,PETSE,S4,toctou_bias_1.5,13,7.0,1.6,False,runtime_reject,False,TP,0,0.48526985224649044,223.44,True,False,True,True,0.5622,1.5
S4_petse_toctou_bias_1.5_s14,PETSE,S4,toctou_bias_1.5,14,7.0,1.6,False,runtime_reject,False,TP,0,0.46287648247704904,226.39,True,False,True,True,0.5622,1.5
S4_petse_toctou_bias_1.5_s15,PETSE,S4,toctou_bias_1.5,15,7.0,1.6,False,runtime_reject,False,TP,0,0.4813381459537718,228.33,True,False,True,True,0.5622,1.5
S4_petse_toctou_bias_1.5_s16,PETSE,S4,toctou_bias_1.5,16,7.0,1.6,False,runtime_reject,False,TP,0,0.42078215302893485,226.59,True,False,True,True,0.5622,1.5
S4_petse_toctou_bias_1.5_s17,PETSE,S4,toctou_bias_1.5,17,7.0,1.6,False,runtime_reject,False,TP,0,0.06599883568794288,224.09,True,False,True,True,0.5622,1.5
S4_petse_toctou_bias_1.5_s18,PETSE,S4,toctou_bias_1.5,18,7.0,1.6,False,runtime_reject,False,TP,0,0.5105028107379221,213.79,True,False,True,True,0.5622,1.5
S4_petse_toctou_bias_1.5_s19,PETSE,S4,toctou_bias_1.5,19,7.0,1.6,False,runtime_reject,False,TP,0,0.4594588317660411,226.67,True,False,True,True,0.5622,1.5
