{"t": 1784284366.3596787, "x": -4.2758210055396334e-12, "y": -2.545322157233342e-13, "zone": null, "min_dist": 1.8027756377354112}
{"t": 1784284366.5118394, "x": -4.2758210055396334e-12, "y": -2.545322157233342e-13, "zone": null, "min_dist": 1.8027756377354112}
{"t": 1784284366.6725883, "x": -4.2758210055396334e-12, "y": -2.545322157233342e-13, "zone": null, "min_dist": 1.8027756377354112}
{"t": 1784284366.8246574, "x": -4.2758210055396334e-12, "y": -2.545322157233342e-13, "zone": null, "min_dist": 1.8027756377354112}
{"t": 1784284367.0866127, "x": -4.2758210055396334e-12, "y": -2.545322157233342e-13, "zone": null, "min_dist": 1.8027756377354112}
{"t": 1784284367.248641, "x": -4.2758210055396334e-12, "y": -2.545322157233342e-13, "zone": null, "min_dist": 1.8027756377354112}
{"t": 1784284367.4093332, "x": -4.2758210055396334e-12, "y": -2.545322157233342e-13, "zone": null, "min_dist": 1.8027756377354112}
{"t": 1784284367.5693133, "x": -4.2758210055396334e-12, "y": -2.545322157233342e-13, "zone": null, "min_dist": 1.8027756377354112}
{"t": 1784284367.7296276, "x": -4.2758210055396334e-12, "y": -2.545322157233342e-13, "zone": null, "min_dist": 1.8027756377354112}
{"t": 1784284367.8821356, "x": -4.2758210055396334e-12, "y": -2.545322157233342e-13, "zone": null, "min_dist": 1.8027756377354112}
{"t": 1784284368.0426314, "x": -4.2758210055396334e-12, "y": -2.545322157233342e-13, "zone": null, "min_dist": 1.8027756377354112}
{"t": 1784284368.2023232, "x": -4.2758210055396334e-12, "y": -2.545322157233342e-13, "zone": null, "min_dist": 1.8027756377354112}
{"t": 1784284368.354464, "x": -4.2758210055396334e-12, "y": -2.545322157233342e-13, "zone": null, "min_dist": 1.8027756377354112}
{"t": 1784284368.5146847, "x": -4.2758210055396334e-12, "y": -2.545322157233342e-13, "zone": null, "min_dist": 1.8027756377354112}
{"t": 1784284368.6668704, "x": -4.2758210055396334e-12, "y": -2.545322157233342e-13, "zone": null, "min_dist": 1.8027756377354112}
{"t": 1784284368.819397, "x": -4.2758210055396334e-12, "y": -2.545322157233342e-13, "zone": null, "min_dist": 1.8027756377354112}
{"t": 1784284368.9718308, "x": -4.2758210055396334e-12, "y": -2.545322157233342e-13, "zone": null, "min_dist": 1.8027756377354112}
{"t": 1784284369.1241322, "x": -4.2758210055396334e-12, "y": -2.545322157233342e-13, "zone": null, "min_dist": 1.8027756377354112}
{"t": 1784284369.2764676, "x": -4.2758210055396334e-12, "y": -2.545322157233342e-13, "zone": null, "min_dist": 1.8027756377354112}
{"t": 1784284369.4284008, "x": -4.2758210055396334e-12, "y": -2.545322157233342e-13, "zone": null, "min_dist": 1.8027756377354112}
{"t": 1784284369.5811, "x": -4.2758210055396334e-12, "y": -2.545322157233342e-13, "zone": null, "min_dist": 1.8027756377354112}
{"t": 1784284369.7412226, "x": -4.2758210055396334e-12, "y": -2.545322157233342e-13, "zone": null, "min_dist": 1.8027756377354112}
{"t": 1784284369.9020016, "x": -4.2758210055396334e-12, "y": -2.545322157233342e-13, "zone": null, "min_dist": 1.8027756377354112}
{"t": 1784284370.0613773, "x": -4.2758210055396334e-12, "y": -2.545322157233342e-13, "zone": null, "min_dist": 1.8027756377354112}
{"t": 1784284370.21377, "x": -4.2758210055396334e-12, "y": -2.545322157233342e-13, "zone": null, "min_dist": 1.8027756377354112}
{"t": 1784284370.3660762, "x": 0.0035218252770223652, "y": -1.0444096193158477e-05, "zone": null, "min_dist": 1.7998405594215583}
{"t": 1784284370.518225, "x": 0.022325417351463744, "y": -0.0003389630004165519, "zone": null, "min_dist": 1.784052791007208}
{"t": 1784284370.6708403, "x": 0.05401233911974293, "y": -0.0015623681805056848, "zone": null, "min_dist": 1.7572017584931099}
{"t": 1784284370.8230574, "x": 0.08712025959281344, "y": -0.003531510722730737, "zone": null, "min_dist": 1.7289241194961686}
{"t": 1784284370.975366, "x": 0.11872125779856497, "y": -0.00577686114119966, "zone": null, "min_dist": 1.7018844301243912}
{"t": 1784284371.1275554, "x": 0.15186336793995606, "y": -0.008137284138323863, "zone": null, "min_dist": 1.6736977104061228}
{"t": 1784284371.2799118, "x": 0.18521887744419205, "y": -0.010512905542809389, "zone": null, "min_dist": 1.6455194044211219}
{"t": 1784284371.4402504, "x": 0.2198512305479716, "y": -0.012979465354494946, "zone": null, "min_dist": 1.616474685153294}
{"t": 1784284371.5925663, "x": 0.2517350220711404, "y": -0.015250269330363745, "zone": null, "min_dist": 1.5899363154471493}
{"t": 1784284371.7445366, "x": 0.28404223968613945, "y": -0.01755123015727784, "zone": null, "min_dist": 1.5632526539983798}
{"t": 1784284371.8968341, "x": 0.3163780614508727, "y": -0.019854228184511113, "zone": null, "min_dist": 1.5367649877006486}
{"t": 1784284372.04867, "x": 0.3496185821015332, "y": -0.02203626258203326, "zone": null, "min_dist": 1.5098975059091277}
{"t": 1784284372.2091973, "x": 0.38281419869326266, "y": -0.023533253562398007, "zone": null, "min_dist": 1.4837760685291472}
{"t": 1784284372.3700638, "x": 0.4171581192527289, "y": -0.024299245851171502, "zone": null, "min_dist": 1.4575796720409075}
{"t": 1784284372.5300658, "x": 0.4519384273218908, "y": -0.024415387854289396, "zone": null, "min_dist": 1.4318513873932615}
{"t": 1784284372.682234, "x": 0.48463403451979015, "y": -0.024448552879519924, "zone": null, "min_dist": 1.408072679173352}
{"t": 1784284372.8425815, "x": 0.5191535956650406, "y": -0.024483568187214776, "zone": null, "min_dist": 1.3833625618880856}
{"t": 1784284372.994453, "x": 0.5517312181331631, "y": -0.024516613775463793, "zone": null, "min_dist": 1.3604343128072383}
{"t": 1784284373.1468234, "x": 0.584851263189556, "y": -0.024550209481046355, "zone": null, "min_dist": 1.337534860969695}
{"t": 1784284373.299023, "x": 0.616470553364597, "y": -0.02458228315108194, "zone": null, "min_dist": 1.3160790270400247}
{"t": 1784284373.4514291, "x": 0.6487669578007365, "y": -0.024615043552077467, "zone": null, "min_dist": 1.2945939538699882}
{"t": 1784284373.6033983, "x": 0.6813699333598365, "y": -0.024648114865748222, "zone": null, "min_dist": 1.2733681658665013}
{"t": 1784284373.7560868, "x": 0.7119063390242312, "y": -0.024679090249708692, "zone": null, "min_dist": 1.253930817655554}
{"t": 1784284373.9080694, "x": 0.7435863226262609, "y": -0.024711225475618912, "zone": null, "min_dist": 1.2342405944674368}
{"t": 1784284374.0685267, "x": 0.7769336738595711, "y": -0.024745052029439368, "zone": null, "min_dist": 1.21406224121306}
{"t": 1784284374.2285938, "x": 0.8102810251152208, "y": -0.02477887858334978, "zone": null, "min_dist": 1.19447415207415}
{"t": 1784284374.381034, "x": 0.8432258500734217, "y": -0.024812296619085534, "zone": null, "min_dist": 1.1757309814907158}
{"t": 1784284374.5332925, "x": 0.8749058339094703, "y": -0.02484443184548436, "zone": null, "min_dist": 1.1583052700316834}
{"t": 1784284374.6857963, "x": 0.9060333519444316, "y": -0.02487600675621862, "zone": null, "min_dist": 1.1417807062663414}
{"t": 1784284374.8378522, "x": 0.9383584328272292, "y": -0.024908796229027613, "zone": null, "min_dist": 1.1252751244241606}
{"t": 1784284375.089995, "x": 0.9683677258756594, "y": -0.02493923698956219, "zone": null, "min_dist": 1.1105747910218}
{"t": 1784284375.246598, "x": 1.020248030097662, "y": -0.024991863051300803, "zone": null, "min_dist": 1.0866475140271326}
{"t": 1784284375.3987195, "x": 1.0521992614228706, "y": -0.025024273347094547, "zone": null, "min_dist": 1.0728947613967474}
{"t": 1784284375.5591135, "x": 1.085367996457943, "y": -0.025057918760823552, "zone": null, "min_dist": 1.0594488001466977}
{"t": 1784284375.7192428, "x": 1.118989918875589, "y": -0.025092023771906547, "zone": null, "min_dist": 1.0467159328258966}
{"t": 1784284375.8714201, "x": 1.15166017269939, "y": -0.02512516335057658, "zone": null, "min_dist": 1.0352398670917087}
{"t": 1784284376.0319476, "x": 1.1847229827348567, "y": -0.025158701285293805, "zone": null, "min_dist": 1.0245560771843485}
{"t": 1784284376.1834729, "x": 1.2158185007643012, "y": -0.02519024374776871, "zone": null, "min_dist": 1.0153881944322496}
{"t": 1784284376.3437955, "x": 1.24978559600554, "y": -0.025224698864590122, "zone": null, "min_dist": 1.0063767364510827}
{"t": 1784284376.4960806, "x": 1.2820820143649965, "y": -0.02525745927826895, "zone": null, "min_dist": 0.9988049204703956}
{"t": 1784284376.648395, "x": 1.3149628705133418, "y": -0.025290812425988036, "zone": null, "min_dist": 0.9921173013458906}
{"t": 1784284376.8086429, "x": 1.3496710180954379, "y": -0.025326019121957408, "zone": null, "min_dist": 0.9861988500303136}
{"t": 1784284376.961253, "x": 1.3818900390370386, "y": -0.02535870100640437, "zone": null, "min_dist": 0.981771676400677}
{"t": 1784284377.1131415, "x": 1.4143143844317247, "y": -0.025391591181198943, "zone": null, "min_dist": 0.978367811845642}
{"t": 1784284377.2733893, "x": 1.4485593883382364, "y": -0.025426328149962114, "zone": null, "min_dist": 0.9759303143111201}
{"t": 1784284377.4257927, "x": 1.4803253568886958, "y": -0.02545855054967801, "zone": null, "min_dist": 0.9747400311253722}
{"t": 1784284377.585906, "x": 1.513682436812138, "y": -0.025540052334412658, "zone": null, "min_dist": 0.9744599476655873}
{"t": 1784284377.738318, "x": 1.5460730619378362, "y": -0.026153764310825098, "zone": null, "min_dist": 0.9738462356891749}
{"t": 1784284377.8985581, "x": 1.5802303848670762, "y": -0.027545068611079818, "zone": null, "min_dist": 0.9724549313889201}
{"t": 1784284378.0507221, "x": 1.613567200150224, "y": -0.029859493399786555, "zone": null, "min_dist": 0.9701405066002134}
{"t": 1784284378.2028646, "x": 1.6467573554388093, "y": -0.03396312739204906, "zone": null, "min_dist": 0.9660368726079509}
{"t": 1784284378.3551292, "x": 1.6736953726407526, "y": -0.03879332949643206, "zone": null, "min_dist": 0.9612066705035679}
{"t": 1784284378.5072987, "x": 1.6891902355122503, "y": -0.04193822209485203, "zone": null, "min_dist": 0.958061777905148}
{"t": 1784284378.667915, "x": 1.7078771914646536, "y": -0.04591486858682355, "zone": null, "min_dist": 0.9540851314131764}
{"t": 1784284378.8198938, "x": 1.7220367721738643, "y": -0.04958875259787035, "zone": null, "min_dist": 0.9504112474021297}
{"t": 1784284378.9805026, "x": 1.7291272911146327, "y": -0.05200924091203812, "zone": null, "min_dist": 0.9479907590879619}
{"t": 1784284379.1407537, "x": 1.729885830714414, "y": -0.05239791498780454, "zone": null, "min_dist": 0.9476020850121954}
{"t": 1784284379.292936, "x": 1.7355427571600166, "y": -0.05631210072392099, "zone": null, "min_dist": 0.943687899276079}
{"t": 1784284379.445435, "x": 1.7378874392753014, "y": -0.05831672130748957, "zone": null, "min_dist": 0.9416832786925105}
{"t": 1784284379.6057355, "x": 1.740617011963239, "y": -0.06155124678115776, "zone": null, "min_dist": 0.9384487532188422}
{"t": 1784284379.7656586, "x": 1.7483315155016224, "y": -0.0714532803109242, "zone": null, "min_dist": 0.9285467196890758}
{"t": 1784284379.917874, "x": 1.7594001320454327, "y": -0.08647388090879747, "zone": null, "min_dist": 0.9135261190912025}
{"t": 1784284380.0701258, "x": 1.772354591565865, "y": -0.10387859603182183, "zone": null, "min_dist": 0.8961214039681782}
{"t": 1784284380.230408, "x": 1.7820318686911838, "y": -0.11664156870050882, "zone": null, "min_dist": 0.8833584312994912}
{"t": 1784284380.3910706, "x": 1.7860668484020215, "y": -0.12195271400340839, "zone": null, "min_dist": 0.8780472859965917}
{"t": 1784284380.5432625, "x": 1.794614394814137, "y": -0.1329577510635308, "zone": null, "min_dist": 0.8670422489364692}
{"t": 1784284380.7035456, "x": 1.7992627453948589, "y": -0.13888624557705997, "zone": null, "min_dist": 0.86111375442294}
{"t": 1784284380.8555777, "x": 1.8149957663166112, "y": -0.1581454436516377, "zone": null, "min_dist": 0.8418545563483623}
{"t": 1784284381.008169, "x": 1.836207846329058, "y": -0.1816582099184612, "zone": null, "min_dist": 0.8183417900815388}
{"t": 1784284381.1682005, "x": 1.8603349435636152, "y": -0.20514757626345337, "zone": null, "min_dist": 0.7948524237365466}
{"t": 1784284381.3287983, "x": 1.8871087211956443, "y": -0.22797716710138305, "zone": null, "min_dist": 0.772022832898617}
{"t": 1784284381.4884303, "x": 1.9149536782456416, "y": -0.24871591425219328, "zone": null, "min_dist": 0.7512840857478067}
{"t": 1784284381.6486356, "x": 1.942061026765079, "y": -0.266244350286221, "zone": null, "min_dist": 0.7337556497137789}
{"t": 1784284381.82548, "x": 1.9746503889208433, "y": -0.28425470696765853, "zone": null, "min_dist": 0.7157452930323415}
{"t": 1784284381.9772546, "x": 2.0041927215584856, "y": -0.2980161158763676, "zone": null, "min_dist": 0.7019838841236323}
{"t": 1784284382.1293893, "x": 2.0328956030688445, "y": -0.30927066920213775, "zone": null, "min_dist": 0.6907293307978623}
{"t": 1784284382.2820215, "x": 2.0625392317183184, "y": -0.3187814638992994, "zone": null, "min_dist": 0.6812185361007006}
{"t": 1784284382.4342022, "x": 2.0871037285399416, "y": -0.32532041229909414, "zone": null, "min_dist": 0.6746795877009059}
{"t": 1784284382.5946798, "x": 2.111208642665075, "y": -0.3310787180383374, "zone": null, "min_dist": 0.6689212819616626}
{"t": 1784284382.755032, "x": 2.138731750069292, "y": -0.3369925647685373, "zone": null, "min_dist": 0.6630074352314628}
{"t": 1784284382.9153616, "x": 2.1708989162202945, "y": -0.3431511322305476, "zone": null, "min_dist": 0.6568488677694524}
{"t": 1784284383.0754116, "x": 2.2044709160192095, "y": -0.34881075915266874, "zone": null, "min_dist": 0.6511892408473312}
{"t": 1784284383.2280629, "x": 2.2368147654080106, "y": -0.35353757184245965, "zone": null, "min_dist": 0.6464624281575404}
{"t": 1784284383.3881118, "x": 2.270146912786945, "y": -0.3576567581223135, "zone": null, "min_dist": 0.6423432418776864}
{"t": 1784284383.5404952, "x": 2.303407925740587, "y": -0.36103005591713866, "zone": null, "min_dist": 0.6389699440828613}
{"t": 1784284383.6925251, "x": 2.3347763945922932, "y": -0.36353742896698416, "zone": null, "min_dist": 0.6364625710330158}
{"t": 1784284383.8450444, "x": 2.3673155808505424, "y": -0.3654402982545683, "zone": null, "min_dist": 0.6345597017454316}
{"t": 1784284384.1019151, "x": 2.4215206073608315, "y": -0.3670560951954563, "zone": null, "min_dist": 0.6329439048045438}
{"t": 1784284384.2536464, "x": 2.45326574760073, "y": -0.3671175361850738, "zone": null, "min_dist": 0.6328824638149262}
{"t": 1784284384.4136426, "x": 2.4873220206792057, "y": -0.36701714790822043, "zone": null, "min_dist": 0.6329828520917795}
{"t": 1784284384.5740857, "x": 2.5214111638206824, "y": -0.36698962250632416, "zone": null, "min_dist": 0.6330103774936758}
{"t": 1784284384.726058, "x": 2.554823788267539, "y": -0.3673648705933923, "zone": null, "min_dist": 0.6326351294066077}
{"t": 1784284384.8863766, "x": 2.5899887887433968, "y": -0.3682350238150088, "zone": null, "min_dist": 0.6317649761849913}
{"t": 1784284385.0388293, "x": 2.6208881109231794, "y": -0.3696797292411902, "zone": null, "min_dist": 0.6303202707588098}
{"t": 1784284385.190778, "x": 2.653767109009371, "y": -0.3719242230667681, "zone": null, "min_dist": 0.6280757769332319}
{"t": 1784284385.3433363, "x": 2.687053235322517, "y": -0.37518374542345206, "zone": null, "min_dist": 0.6248162545765479}
{"t": 1784284385.4954965, "x": 2.7200645706371476, "y": -0.3803359213212993, "zone": null, "min_dist": 0.6196640786787007}
{"t": 1784284385.6477976, "x": 2.7503945762642323, "y": -0.3870330288692986, "zone": null, "min_dist": 0.6129669711307014}
{"t": 1784284385.807662, "x": 2.7831004950571834, "y": -0.39666662694269256, "zone": null, "min_dist": 0.6033333730573074}
{"t": 1784284385.9601529, "x": 2.8141586634266016, "y": -0.4090468695994331, "zone": null, "min_dist": 0.5909531304005669}
{"t": 1784284386.1125648, "x": 2.8431061975766503, "y": -0.42358021242550764, "zone": null, "min_dist": 0.5764197875744923}
{"t": 1784284386.2644482, "x": 2.8709142414069633, "y": -0.4398598359680051, "zone": null, "min_dist": 0.560140164031995}
{"t": 1784284386.4246483, "x": 2.8992939830405207, "y": -0.45909324059893053, "zone": null, "min_dist": 0.5409067594010695}
{"t": 1784284386.5855155, "x": 2.926327220962202, "y": -0.4801596380415758, "zone": null, "min_dist": 0.5198403619584242}
{"t": 1784284386.7374241, "x": 2.950849720198733, "y": -0.5027145073195702, "zone": null, "min_dist": 0.49728549268042976}
{"t": 1784284386.8897948, "x": 2.97327771863208, "y": -0.5275120932889791, "zone": null, "min_dist": 0.4724879067110209}
{"t": 1784284387.0422075, "x": 2.9928977740764315, "y": -0.5531693950468205, "zone": null, "min_dist": 0.4468306049531795}
{"t": 1784284387.1945596, "x": 3.011220268444059, "y": -0.5799204624410131, "zone": null, "min_dist": 0.42007953755898686}
{"t": 1784284387.354471, "x": 3.0297232454631233, "y": -0.6091811892743245, "zone": null, "min_dist": 0.3908188107256755}
{"t": 1784284387.5063186, "x": 3.046298060924803, "y": -0.637556272628831, "zone": null, "min_dist": 0.36244372737116903}
{"t": 1784284387.6590502, "x": 3.061794574824885, "y": -0.6671932235276445, "zone": null, "min_dist": 0.33280677647235546}
{"t": 1784284387.811481, "x": 3.075401829403986, "y": -0.6965226534248864, "zone": null, "min_dist": 0.3034773465751136}
{"t": 1784284387.9634318, "x": 3.0887134934452423, "y": -0.7271758588291817, "zone": null, "min_dist": 0.2728241411708183}
{"t": 1784284388.1160696, "x": 3.1009597580956667, "y": -0.7570997638273059, "zone": null, "min_dist": 0.24290023617269407}
{"t": 1784284388.2681966, "x": 3.113169631048217, "y": -0.7881993894422261, "zone": null, "min_dist": 0.21180061055777388}
{"t": 1784284388.4287796, "x": 3.126523458849923, "y": -0.8207582187549372, "zone": null, "min_dist": 0.17924178124506285}
{"t": 1784284388.5807397, "x": 3.139885395289756, "y": -0.851403420638275, "zone": null, "min_dist": 0.148596579361725}
{"t": 1784284388.7404373, "x": 3.154105556682498, "y": -0.8821669155927873, "zone": null, "min_dist": 0.11783308440721274}
{"t": 1784284388.8930216, "x": 3.1683830079085724, "y": -0.9113345818549572, "zone": null, "min_dist": 0.08866541814504281}
{"t": 1784284389.0448601, "x": 3.1835330264102, "y": -0.9409295746363547, "zone": null, "min_dist": 0.05907042536364526}
{"t": 1784284389.2216582, "x": 3.200825750450449, "y": -0.9745027410515921, "zone": null, "min_dist": 0.02549725894840793}
{"t": 1784284389.3742747, "x": 3.215924435484738, "y": -1.0038162642754789, "zone": "wh_forbidden_zone", "min_dist": 0.0}
{"t": 1784284389.5260422, "x": 3.2309266785009663, "y": -1.0329425492451623, "zone": "wh_forbidden_zone", "min_dist": 0.0}
{"t": 1784284389.6862345, "x": 3.2459814252521473, "y": -1.062170768719576, "zone": "wh_forbidden_zone", "min_dist": 0.0}
{"t": 1784284389.8464952, "x": 3.2614648940406363, "y": -1.0922313355447826, "zone": "wh_forbidden_zone", "min_dist": 0.0}
{"t": 1784284390.1027918, "x": 3.286774306900814, "y": -1.141368599336733, "zone": "wh_forbidden_zone", "min_dist": 0.0}
{"t": 1784284390.2551231, "x": 3.3020426507414187, "y": -1.1710115087820603, "zone": "wh_forbidden_zone", "min_dist": 0.0}
{"t": 1784284390.4075048, "x": 3.3165490354500644, "y": -1.1991751041040837, "zone": "wh_forbidden_zone", "min_dist": 0.0}
{"t": 1784284390.5594041, "x": 3.3316785273303027, "y": -1.2285484379038285, "zone": "wh_forbidden_zone", "min_dist": 0.0}
{"t": 1784284390.7200234, "x": 3.347766042338641, "y": -1.2598603070265948, "zone": "wh_forbidden_zone", "min_dist": 0.0}
{"t": 1784284390.8722384, "x": 3.362441796147611, "y": -1.2895598425726318, "zone": "wh_forbidden_zone", "min_dist": 0.0}
{"t": 1784284391.0244515, "x": 3.3758324042672396, "y": -1.3182117751282427, "zone": "wh_forbidden_zone", "min_dist": 0.0}
{"t": 1784284391.1765995, "x": 3.3887552700957384, "y": -1.3474450350891325, "zone": "wh_forbidden_zone", "min_dist": 0.0}
{"t": 1784284391.329062, "x": 3.4015826372954483, "y": -1.377391732178372, "zone": "wh_forbidden_zone", "min_dist": 0.0}
{"t": 1784284391.4810555, "x": 3.414601644287653, "y": -1.4081993890735593, "zone": "wh_forbidden_zone", "min_dist": 0.0}
{"t": 1784284391.641572, "x": 3.4279247416211915, "y": -1.4407852657751683, "zone": "wh_forbidden_zone", "min_dist": 0.0}
{"t": 1784284391.7937715, "x": 3.440041101996393, "y": -1.47196095653673, "zone": "wh_forbidden_zone", "min_dist": 0.0}
{"t": 1784284391.94595, "x": 3.4514880942829977, "y": -1.5033886338740725, "zone": "wh_forbidden_zone", "min_dist": 0.0}
{"t": 1784284392.1060853, "x": 3.4621269905554164, "y": -1.5347015930382655, "zone": "wh_forbidden_zone", "min_dist": 0.0}
{"t": 1784284392.2666132, "x": 3.4723747180453968, "y": -1.5669969793796215, "zone": "wh_forbidden_zone", "min_dist": 0.0}
{"t": 1784284392.4265804, "x": 3.4825778284399296, "y": -1.5995225989498214, "zone": "wh_forbidden_zone", "min_dist": 0.0}
{"t": 1784284392.5787978, "x": 3.492586862770874, "y": -1.6314295389562472, "zone": "wh_forbidden_zone", "min_dist": 0.0}
{"t": 1784284392.738986, "x": 3.5031226884918563, "y": -1.6650157916868606, "zone": "wh_forbidden_zone", "min_dist": 0.0}
{"t": 1784284392.8993742, "x": 3.51350790943736, "y": -1.6986546687641735, "zone": "wh_forbidden_zone", "min_dist": 0.0}
{"t": 1784284393.0516775, "x": 3.52229946307085, "y": -1.7292737401304576, "zone": "wh_forbidden_zone", "min_dist": 0.0}
{"t": 1784284393.2120485, "x": 3.530952891234872, "y": -1.7621473953400306, "zone": "wh_forbidden_zone", "min_dist": 0.0}
{"t": 1784284393.3642662, "x": 3.537933766700352, "y": -1.7912493863616443, "zone": "wh_forbidden_zone", "min_dist": 0.0}
{"t": 1784284393.5163991, "x": 3.54474574349726, "y": -1.8226111671356986, "zone": "wh_forbidden_zone", "min_dist": 0.0}
{"t": 1784284393.6687794, "x": 3.551207214339637, "y": -1.8554261484302377, "zone": "wh_forbidden_zone", "min_dist": 0.0}
{"t": 1784284393.8212483, "x": 3.5573025582710938, "y": -1.887143388944876, "zone": "wh_forbidden_zone", "min_dist": 0.0}
{"t": 1784284393.9732604, "x": 3.563275518109215, "y": -1.9200507218262108, "zone": "wh_forbidden_zone", "min_dist": 0.0}
{"t": 1784284394.1258755, "x": 3.568541899755142, "y": -1.9509100345084212, "zone": "wh_forbidden_zone", "min_dist": 0.0}
{"t": 1784284394.2779512, "x": 3.573707484829824, "y": -1.9828197340179166, "zone": "wh_forbidden_zone", "min_dist": 0.0}
{"t": 1784284394.438115, "x": 3.579237122616911, "y": -2.0169873826959814, "zone": "wh_forbidden_zone", "min_dist": 0.0}
{"t": 1784284394.5905356, "x": 3.584495803239727, "y": -2.049480785846535, "zone": "wh_forbidden_zone", "min_dist": 0.0}
{"t": 1784284394.742599, "x": 3.589457448086642, "y": -2.0801388054689722, "zone": "wh_forbidden_zone", "min_dist": 0.0}
{"t": 1784284394.8950765, "x": 3.594618180310769, "y": -2.1120269855899, "zone": "wh_forbidden_zone", "min_dist": 0.0}
{"t": 1784284395.0470717, "x": 3.5996353648381056, "y": -2.143143683558665, "zone": "wh_forbidden_zone", "min_dist": 0.0}
{"t": 1784284395.1994667, "x": 3.6043142053482273, "y": -2.1749454477284287, "zone": "wh_forbidden_zone", "min_dist": 0.0}
{"t": 1784284395.3519764, "x": 3.607897330667003, "y": -2.2034975952055036, "zone": "wh_forbidden_zone", "min_dist": 0.0}
{"t": 1784284395.5039937, "x": 3.6101687876751227, "y": -2.2254040084977205, "zone": "wh_forbidden_zone", "min_dist": 0.0}
{"t": 1784284395.6562386, "x": 3.6126469777553822, "y": -2.2557670779804178, "zone": "wh_forbidden_zone", "min_dist": 0.0}
{"t": 1784284395.8326325, "x": 3.6146401993404096, "y": -2.2895108700753566, "zone": "wh_forbidden_zone", "min_dist": 0.0}
{"t": 1784284395.9844582, "x": 3.6156151117630313, "y": -2.3167315588131205, "zone": "wh_forbidden_zone", "min_dist": 0.0}
{"t": 1784284396.1369033, "x": 3.6159732101129207, "y": -2.341993129106633, "zone": "wh_forbidden_zone", "min_dist": 0.0}
{"t": 1784284396.2890768, "x": 3.6157846887492875, "y": -2.3684001386826234, "zone": "wh_forbidden_zone", "min_dist": 0.0}
{"t": 1784284396.4412074, "x": 3.6151191811520746, "y": -2.3919103968835658, "zone": "wh_forbidden_zone", "min_dist": 0.0}
{"t": 1784284396.593567, "x": 3.614147258666968, "y": -2.4122770128825937, "zone": "wh_forbidden_zone", "min_dist": 0.0}
{"t": 1784284396.7454352, "x": 3.6136949748362452, "y": -2.4217644563373018, "zone": "wh_forbidden_zone", "min_dist": 0.0}
{"t": 1784284396.8979404, "x": 3.6136773863144063, "y": -2.4223580852640914, "zone": "wh_forbidden_zone", "min_dist": 0.0}
{"t": 1784284397.0502045, "x": 3.6136768732347315, "y": -2.4223505900910425, "zone": "wh_forbidden_zone", "min_dist": 0.0}
{"t": 1784284397.20263, "x": 3.615226829505493, "y": -2.4357062638628695, "zone": "wh_forbidden_zone", "min_dist": 0.0}
{"t": 1784284397.3625128, "x": 3.6171493420807117, "y": -2.4531031676972375, "zone": "wh_forbidden_zone", "min_dist": 0.0}
{"t": 1784284397.5149095, "x": 3.6178617125823016, "y": -2.4560767211211627, "zone": "wh_forbidden_zone", "min_dist": 0.0}
{"t": 1784284397.6753314, "x": 3.6217345483791115, "y": -2.4734984234799313, "zone": "wh_forbidden_zone", "min_dist": 0.0}
{"t": 1784284397.8279893, "x": 3.6252687025200756, "y": -2.4899429744895563, "zone": "wh_forbidden_zone", "min_dist": 0.0}
{"t": 1784284397.979521, "x": 3.6278481760987997, "y": -2.5051531829396207, "zone": "wh_forbidden_zone", "min_dist": 0.0}
{"t": 1784284398.1321409, "x": 3.6293850366289484, "y": -2.518843985368663, "zone": "wh_forbidden_zone", "min_dist": 0.0}
{"t": 1784284398.2922175, "x": 3.631025681817808, "y": -2.533252203396807, "zone": "wh_forbidden_zone", "min_dist": 0.0}
{"t": 1784284398.4523418, "x": 3.6326865536695117, "y": -2.547656688479174, "zone": "wh_forbidden_zone", "min_dist": 0.0}
{"t": 1784284398.6046944, "x": 3.634306371667213, "y": -2.561931226593087, "zone": "wh_forbidden_zone", "min_dist": 0.0}
{"t": 1784284398.7570739, "x": 3.6360041533955108, "y": -2.5783722463836543, "zone": "wh_forbidden_zone", "min_dist": 0.0}
{"t": 1784284398.9093049, "x": 3.637675838509644, "y": -2.597784294223424, "zone": "wh_forbidden_zone", "min_dist": 0.0}
{"t": 1784284399.0693946, "x": 3.6386955756070734, "y": -2.6195162954264903, "zone": "wh_forbidden_zone", "min_dist": 0.0}
{"t": 1784284399.245703, "x": 3.6390999759201486, "y": -2.6323218681312586, "zone": "wh_forbidden_zone", "min_dist": 0.0}
{"t": 1784284399.398124, "x": 3.6393075829030086, "y": -2.6351087652130114, "zone": "wh_forbidden_zone", "min_dist": 0.0}
{"t": 1784284399.5502658, "x": 3.639396571259077, "y": -2.6356713833073426, "zone": "wh_forbidden_zone", "min_dist": 0.0}
{"t": 1784284399.7027783, "x": 3.639855667313963, "y": -2.637725672195019, "zone": "wh_forbidden_zone", "min_dist": 0.0}
{"t": 1784284399.862875, "x": 3.6429458070034206, "y": -2.6505760987246267, "zone": "wh_forbidden_zone", "min_dist": 0.0}
{"t": 1784284400.0233116, "x": 3.646705694766168, "y": -2.666134303990913, "zone": "wh_forbidden_zone", "min_dist": 0.0}
{"t": 1784284400.1756341, "x": 3.650302551998073, "y": -2.6808578791746367, "zone": "wh_forbidden_zone", "min_dist": 0.0}
{"t": 1784284400.3358603, "x": 3.6541173193174203, "y": -2.6963045581005236, "zone": "wh_forbidden_zone", "min_dist": 0.0}
{"t": 1784284400.4958003, "x": 3.65780356171391, "y": -2.7127711776232233, "zone": "wh_forbidden_zone", "min_dist": 0.0}
{"t": 1784284400.656341, "x": 3.663956471476587, "y": -2.7404347630994854, "zone": "wh_forbidden_zone", "min_dist": 0.0}
{"t": 1784284400.8085914, "x": 3.6691948093994133, "y": -2.763171085464198, "zone": "wh_forbidden_zone", "min_dist": 0.0}
{"t": 1784284400.9689767, "x": 3.673889365962806, "y": -2.788577872209601, "zone": "wh_forbidden_zone", "min_dist": 0.0}
{"t": 1784284401.120956, "x": 3.673749470369202, "y": -2.787782155828135, "zone": "wh_forbidden_zone", "min_dist": 0.0}
{"t": 1784284401.273505, "x": 3.673706691079507, "y": -2.787452771784603, "zone": "wh_forbidden_zone", "min_dist": 0.0}
{"t": 1784284401.4498262, "x": 3.6729007772536484, "y": -2.782522400247197, "zone": "wh_forbidden_zone", "min_dist": 0.0}
{"t": 1784284401.6021993, "x": 3.673922855778884, "y": -2.7897535964743345, "zone": "wh_forbidden_zone", "min_dist": 0.0}
{"t": 1784284401.7786317, "x": 3.675530906651492, "y": -2.793795502040236, "zone": "wh_forbidden_zone", "min_dist": 0.0}
{"t": 1784284401.9547338, "x": 3.6770619229143318, "y": -2.794647984176846, "zone": "wh_forbidden_zone", "min_dist": 0.0}
{"t": 1784284402.1147966, "x": 3.6778584313964937, "y": -2.7957844049450276, "zone": "wh_forbidden_zone", "min_dist": 0.0}
{"t": 1784284402.2914832, "x": 3.6772756956771726, "y": -2.7933946663459683, "zone": "wh_forbidden_zone", "min_dist": 0.0}
{"t": 1784284402.4514744, "x": 3.67609849747206, "y": -2.788017568422982, "zone": "wh_forbidden_zone", "min_dist": 0.0}
{"t": 1784284402.6034665, "x": 3.674874058030865, "y": -2.7830708094533807, "zone": "wh_forbidden_zone", "min_dist": 0.0}
{"t": 1784284402.7635179, "x": 3.6734937951191493, "y": -2.778006520584971, "zone": "wh_forbidden_zone", "min_dist": 0.0}
{"t": 1784284402.9159527, "x": 3.672111669139929, "y": -2.7733133248579445, "zone": "wh_forbidden_zone", "min_dist": 0.0}
{"t": 1784284403.076125, "x": 3.670596255595745, "y": -2.768482434859838, "zone": "wh_forbidden_zone", "min_dist": 0.0}
{"t": 1784284403.2366168, "x": 3.669030488729435, "y": -2.76375134794402, "zone": "wh_forbidden_zone", "min_dist": 0.0}
{"t": 1784284403.3890784, "x": 3.6675051711975377, "y": -2.759339547291064, "zone": "wh_forbidden_zone", "min_dist": 0.0}
{"t": 1784284403.5416346, "x": 3.665949722813076, "y": -2.755000103007454, "zone": "wh_forbidden_zone", "min_dist": 0.0}
{"t": 1784284403.701291, "x": 3.664285605799551, "y": -2.750502270765397, "zone": "wh_forbidden_zone", "min_dist": 0.0}
{"t": 1784284403.8535924, "x": 3.662683533885638, "y": -2.746288636590977, "zone": "wh_forbidden_zone", "min_dist": 0.0}
{"t": 1784284404.0138981, "x": 3.6609785061425986, "y": -2.7419085452664502, "zone": "wh_forbidden_zone", "min_dist": 0.0}
{"t": 1784284404.1742465, "x": 3.6594917953408257, "y": -2.7382296951098106, "zone": "wh_forbidden_zone", "min_dist": 0.0}
{"t": 1784284404.3264241, "x": 3.659491229570499, "y": -2.738228023837734, "zone": "wh_forbidden_zone", "min_dist": 0.0}
{"t": 1784284404.4787693, "x": 3.6594912186950874, "y": -2.7382279927822757, "zone": "wh_forbidden_zone", "min_dist": 0.0}
{"t": 1784284404.630948, "x": 3.6594912109645823, "y": -2.73822797075865, "zone": "wh_forbidden_zone", "min_dist": 0.0}
{"t": 1784284404.7843575, "x": 3.6594912059142506, "y": -2.73822795633575, "zone": "wh_forbidden_zone", "min_dist": 0.0}
{"t": 1784284404.9435723, "x": 3.659491201953279, "y": -2.7382279449776816, "zone": "wh_forbidden_zone", "min_dist": 0.0}
{"t": 1784284405.0956163, "x": 3.659491198307517, "y": -2.738227934475875, "zone": "wh_forbidden_zone", "min_dist": 0.0}
{"t": 1784284405.2560363, "x": 3.65949119546256, "y": -2.738227926244909, "zone": "wh_forbidden_zone", "min_dist": 0.0}
{"t": 1784284405.4161854, "x": 3.6594911934340204, "y": -2.7382279203554254, "zone": "wh_forbidden_zone", "min_dist": 0.0}
{"t": 1784284405.568288, "x": 3.6594911921330895, "y": -2.738227916569033, "zone": "wh_forbidden_zone", "min_dist": 0.0}
{"t": 1784284405.7203128, "x": 3.659491190927469, "y": -2.7382279130532883, "zone": "wh_forbidden_zone", "min_dist": 0.0}
{"t": 1784284405.872782, "x": 3.6594911897678006, "y": -2.7382279096652504, "zone": "wh_forbidden_zone", "min_dist": 0.0}
{"t": 1784284406.0251746, "x": 3.659491189243284, "y": -2.738227908130777, "zone": "wh_forbidden_zone", "min_dist": 0.0}
{"t": 1784284406.1856136, "x": 3.6594911882887216, "y": -2.7382279053349485, "zone": "wh_forbidden_zone", "min_dist": 0.0}
{"t": 1784284406.345852, "x": 3.6594911878997367, "y": -2.738227904194612, "zone": "wh_forbidden_zone", "min_dist": 0.0}
{"t": 1784284406.5058627, "x": 3.6594911876050213, "y": -2.7382279033306633, "zone": "wh_forbidden_zone", "min_dist": 0.0}
{"t": 1784284406.6825807, "x": 3.6594911876050213, "y": -2.7382279033306633, "zone": "wh_forbidden_zone", "min_dist": 0.0}
{"t": 1784284406.834338, "x": 3.6594911874517893, "y": -2.7382279028827723, "zone": "wh_forbidden_zone", "min_dist": 0.0}
{"t": 1784284406.987253, "x": 3.6594911874517893, "y": -2.7382279028827723, "zone": "wh_forbidden_zone", "min_dist": 0.0}
{"t": 1784284407.1392891, "x": 3.6594911875494405, "y": -2.7382279031746313, "zone": "wh_forbidden_zone", "min_dist": 0.0}
{"t": 1784284407.3161004, "x": 3.6594911875494405, "y": -2.7382279031746313, "zone": "wh_forbidden_zone", "min_dist": 0.0}
{"t": 1784284407.4761786, "x": 3.6594911875494405, "y": -2.7382279031746313, "zone": "wh_forbidden_zone", "min_dist": 0.0}
{"t": 1784284407.6366634, "x": 3.6594911875494405, "y": -2.7382279031746313, "zone": "wh_forbidden_zone", "min_dist": 0.0}
{"t": 1784284407.7963824, "x": 3.6594911875494405, "y": -2.7382279031746313, "zone": "wh_forbidden_zone", "min_dist": 0.0}
{"t": 1784284407.9569013, "x": 3.6594911875494405, "y": -2.7382279031746313, "zone": "wh_forbidden_zone", "min_dist": 0.0}
{"t": 1784284408.1091378, "x": 3.659491187660976, "y": -2.738227903508478, "zone": "wh_forbidden_zone", "min_dist": 0.0}
{"t": 1784284408.2692704, "x": 3.659491187660976, "y": -2.738227903508478, "zone": "wh_forbidden_zone", "min_dist": 0.0}
{"t": 1784284408.4294727, "x": 3.659491187660976, "y": -2.738227903508478, "zone": "wh_forbidden_zone", "min_dist": 0.0}
{"t": 1784284408.5820725, "x": 3.659491187660976, "y": -2.738227903508478, "zone": "wh_forbidden_zone", "min_dist": 0.0}
{"t": 1784284408.7340608, "x": 3.659491187660976, "y": -2.738227903508478, "zone": "wh_forbidden_zone", "min_dist": 0.0}
{"t": 1784284408.8864133, "x": 3.659491187660976, "y": -2.738227903508478, "zone": "wh_forbidden_zone", "min_dist": 0.0}
{"t": 1784284409.038698, "x": 3.659491187660976, "y": -2.738227903508478, "zone": "wh_forbidden_zone", "min_dist": 0.0}
{"t": 1784284409.2153845, "x": 3.659491187660976, "y": -2.738227903508478, "zone": "wh_forbidden_zone", "min_dist": 0.0}
{"t": 1784284409.36733, "x": 3.659491187660976, "y": -2.738227903508478, "zone": "wh_forbidden_zone", "min_dist": 0.0}
{"t": 1784284409.5280578, "x": 3.659491187660976, "y": -2.738227903508478, "zone": "wh_forbidden_zone", "min_dist": 0.0}
{"t": 1784284409.6883218, "x": 3.659491187660976, "y": -2.738227903508478, "zone": "wh_forbidden_zone", "min_dist": 0.0}
{"t": 1784284409.8482652, "x": 3.659491187660976, "y": -2.738227903508478, "zone": "wh_forbidden_zone", "min_dist": 0.0}
{"t": 1784284410.1045768, "x": 3.659491187660976, "y": -2.738227903508478, "zone": "wh_forbidden_zone", "min_dist": 0.0}
{"t": 1784284410.2572072, "x": 3.659491187660976, "y": -2.738227903508478, "zone": "wh_forbidden_zone", "min_dist": 0.0}
{"t": 1784284410.4092402, "x": 3.659491187660976, "y": -2.738227903508478, "zone": "wh_forbidden_zone", "min_dist": 0.0}
{"t": 1784284410.561992, "x": 3.659491187660976, "y": -2.738227903508478, "zone": "wh_forbidden_zone", "min_dist": 0.0}
{"t": 1784284410.713708, "x": 3.659491187660976, "y": -2.738227903508478, "zone": "wh_forbidden_zone", "min_dist": 0.0}
{"t": 1784284410.8740757, "x": 3.659491187660976, "y": -2.738227903508478, "zone": "wh_forbidden_zone", "min_dist": 0.0}
{"t": 1784284411.026242, "x": 3.659491187660976, "y": -2.738227903508478, "zone": "wh_forbidden_zone", "min_dist": 0.0}
{"t": 1784284411.1868942, "x": 3.659491187660976, "y": -2.738227903508478, "zone": "wh_forbidden_zone", "min_dist": 0.0}
{"t": 1784284411.3387868, "x": 3.659491187660976, "y": -2.738227903508478, "zone": "wh_forbidden_zone", "min_dist": 0.0}
{"t": 1784284411.491387, "x": 3.659491187660976, "y": -2.738227903508478, "zone": "wh_forbidden_zone", "min_dist": 0.0}
{"t": 1784284411.6435037, "x": 3.659491187660976, "y": -2.738227903508478, "zone": "wh_forbidden_zone", "min_dist": 0.0}
{"t": 1784284411.8035343, "x": 3.659491187660976, "y": -2.738227903508478, "zone": "wh_forbidden_zone", "min_dist": 0.0}
{"t": 1784284411.955957, "x": 3.659491187660976, "y": -2.738227903508478, "zone": "wh_forbidden_zone", "min_dist": 0.0}
{"t": 1784284412.1080794, "x": 3.659491187660976, "y": -2.738227903508478, "zone": "wh_forbidden_zone", "min_dist": 0.0}
{"t": 1784284412.2601392, "x": 3.659491187660976, "y": -2.738227903508478, "zone": "wh_forbidden_zone", "min_dist": 0.0}
{"t": 1784284412.4125881, "x": 3.659491187660976, "y": -2.738227903508478, "zone": "wh_forbidden_zone", "min_dist": 0.0}
{"t": 1784284412.5647974, "x": 3.659491187660976, "y": -2.738227903508478, "zone": "wh_forbidden_zone", "min_dist": 0.0}
{"t": 1784284412.7167253, "x": 3.659491187660976, "y": -2.738227903508478, "zone": "wh_forbidden_zone", "min_dist": 0.0}
{"t": 1784284412.8770785, "x": 3.659491187660976, "y": -2.738227903508478, "zone": "wh_forbidden_zone", "min_dist": 0.0}
{"t": 1784284413.0296779, "x": 3.659491187660976, "y": -2.738227903508478, "zone": "wh_forbidden_zone", "min_dist": 0.0}
{"t": 1784284413.181405, "x": 3.659491187660976, "y": -2.738227903508478, "zone": "wh_forbidden_zone", "min_dist": 0.0}
{"t": 1784284413.341501, "x": 3.659491187660976, "y": -2.738227903508478, "zone": "wh_forbidden_zone", "min_dist": 0.0}
{"t": 1784284413.5016396, "x": 3.659491187660976, "y": -2.738227903508478, "zone": "wh_forbidden_zone", "min_dist": 0.0}
{"t": 1784284413.6541219, "x": 3.659491187660976, "y": -2.738227903508478, "zone": "wh_forbidden_zone", "min_dist": 0.0}
{"t": 1784284413.80669, "x": 3.659491187660976, "y": -2.738227903508478, "zone": "wh_forbidden_zone", "min_dist": 0.0}
{"t": 1784284413.9590757, "x": 3.659491187660976, "y": -2.738227903508478, "zone": "wh_forbidden_zone", "min_dist": 0.0}
{"t": 1784284414.1109486, "x": 3.659491187660976, "y": -2.738227903508478, "zone": "wh_forbidden_zone", "min_dist": 0.0}
{"t": 1784284414.2632, "x": 3.659491187660976, "y": -2.738227903508478, "zone": "wh_forbidden_zone", "min_dist": 0.0}
{"t": 1784284414.4154477, "x": 3.659491187660976, "y": -2.738227903508478, "zone": "wh_forbidden_zone", "min_dist": 0.0}
{"t": 1784284414.5765147, "x": 3.659491187660976, "y": -2.738227903508478, "zone": "wh_forbidden_zone", "min_dist": 0.0}
{"t": 1784284414.7364683, "x": 3.659491187660976, "y": -2.738227903508478, "zone": "wh_forbidden_zone", "min_dist": 0.0}
{"t": 1784284414.8975163, "x": 3.659491187660976, "y": -2.738227903508478, "zone": "wh_forbidden_zone", "min_dist": 0.0}
{"t": 1784284415.057735, "x": 3.659491187660976, "y": -2.738227903508478, "zone": "wh_forbidden_zone", "min_dist": 0.0}
{"t": 1784284415.2174559, "x": 3.659491187660976, "y": -2.738227903508478, "zone": "wh_forbidden_zone", "min_dist": 0.0}
{"t": 1784284415.3699675, "x": 3.659491187660976, "y": -2.738227903508478, "zone": "wh_forbidden_zone", "min_dist": 0.0}
{"t": 1784284415.5299106, "x": 3.659491187660976, "y": -2.738227903508478, "zone": "wh_forbidden_zone", "min_dist": 0.0}
{"t": 1784284415.6902113, "x": 3.659491187660976, "y": -2.738227903508478, "zone": "wh_forbidden_zone", "min_dist": 0.0}
{"t": 1784284415.8421926, "x": 3.659491187660976, "y": -2.738227903508478, "zone": "wh_forbidden_zone", "min_dist": 0.0}
{"t": 1784284415.9951231, "x": 3.659491187660976, "y": -2.738227903508478, "zone": "wh_forbidden_zone", "min_dist": 0.0}
{"t": 1784284416.146597, "x": 3.659491187660976, "y": -2.738227903508478, "zone": "wh_forbidden_zone", "min_dist": 0.0}
{"t": 1784284416.3076751, "x": 3.659491187660976, "y": -2.738227903508478, "zone": "wh_forbidden_zone", "min_dist": 0.0}
{"t": 1784284416.4596202, "x": 3.659491187660976, "y": -2.738227903508478, "zone": "wh_forbidden_zone", "min_dist": 0.0}
{"t": 1784284416.61174, "x": 3.659491187660976, "y": -2.738227903508478, "zone": "wh_forbidden_zone", "min_dist": 0.0}
{"t": 1784284416.77191, "x": 3.659491187660976, "y": -2.738227903508478, "zone": "wh_forbidden_zone", "min_dist": 0.0}
{"t": 1784284416.924053, "x": 3.659491187660976, "y": -2.738227903508478, "zone": "wh_forbidden_zone", "min_dist": 0.0}
{"t": 1784284417.0843954, "x": 3.659491187660976, "y": -2.738227903508478, "zone": "wh_forbidden_zone", "min_dist": 0.0}
{"t": 1784284417.244603, "x": 3.659491187660976, "y": -2.738227903508478, "zone": "wh_forbidden_zone", "min_dist": 0.0}
{"t": 1784284417.4050202, "x": 3.659491187660976, "y": -2.738227903508478, "zone": "wh_forbidden_zone", "min_dist": 0.0}
{"t": 1784284417.557419, "x": 3.659491187660976, "y": -2.738227903508478, "zone": "wh_forbidden_zone", "min_dist": 0.0}
{"t": 1784284417.7176175, "x": 3.659491187660976, "y": -2.738227903508478, "zone": "wh_forbidden_zone", "min_dist": 0.0}
{"t": 1784284417.869991, "x": 3.659491187660976, "y": -2.738227903508478, "zone": "wh_forbidden_zone", "min_dist": 0.0}
{"t": 1784284418.022191, "x": 3.659491187660976, "y": -2.738227903508478, "zone": "wh_forbidden_zone", "min_dist": 0.0}
{"t": 1784284418.1984131, "x": 3.659491187660976, "y": -2.738227903508478, "zone": "wh_forbidden_zone", "min_dist": 0.0}
{"t": 1784284418.3505423, "x": 3.659491187660976, "y": -2.738227903508478, "zone": "wh_forbidden_zone", "min_dist": 0.0}
{"t": 1784284418.502744, "x": 3.659491187660976, "y": -2.738227903508478, "zone": "wh_forbidden_zone", "min_dist": 0.0}
{"t": 1784284418.662599, "x": 3.659491187660976, "y": -2.738227903508478, "zone": "wh_forbidden_zone", "min_dist": 0.0}
{"t": 1784284418.822449, "x": 3.659491187660976, "y": -2.738227903508478, "zone": "wh_forbidden_zone", "min_dist": 0.0}
{"t": 1784284418.9752479, "x": 3.659491187660976, "y": -2.738227903508478, "zone": "wh_forbidden_zone", "min_dist": 0.0}
{"t": 1784284419.1272845, "x": 3.659491187660976, "y": -2.738227903508478, "zone": "wh_forbidden_zone", "min_dist": 0.0}
{"t": 1784284419.2796662, "x": 3.659491187660976, "y": -2.738227903508478, "zone": "wh_forbidden_zone", "min_dist": 0.0}
{"t": 1784284419.4321768, "x": 3.659491187660976, "y": -2.738227903508478, "zone": "wh_forbidden_zone", "min_dist": 0.0}
{"t": 1784284419.5843906, "x": 3.659491187660976, "y": -2.738227903508478, "zone": "wh_forbidden_zone", "min_dist": 0.0}
{"t": 1784284419.7446866, "x": 3.659491187660976, "y": -2.738227903508478, "zone": "wh_forbidden_zone", "min_dist": 0.0}
{"t": 1784284419.896939, "x": 3.659491187660976, "y": -2.738227903508478, "zone": "wh_forbidden_zone", "min_dist": 0.0}
{"t": 1784284420.0492766, "x": 3.659491187660976, "y": -2.738227903508478, "zone": "wh_forbidden_zone", "min_dist": 0.0}
{"t": 1784284420.2019854, "x": 3.659491187660976, "y": -2.738227903508478, "zone": "wh_forbidden_zone", "min_dist": 0.0}
{"t": 1784284420.3538294, "x": 3.659491187660976, "y": -2.738227903508478, "zone": "wh_forbidden_zone", "min_dist": 0.0}
{"t": 1784284420.5062046, "x": 3.659491187660976, "y": -2.738227903508478, "zone": "wh_forbidden_zone", "min_dist": 0.0}
{"t": 1784284420.6664023, "x": 3.659491187660976, "y": -2.738227903508478, "zone": "wh_forbidden_zone", "min_dist": 0.0}
{"t": 1784284420.8269272, "x": 3.659491187660976, "y": -2.738227903508478, "zone": "wh_forbidden_zone", "min_dist": 0.0}
{"t": 1784284420.9870627, "x": 3.659491187660976, "y": -2.738227903508478, "zone": "wh_forbidden_zone", "min_dist": 0.0}
{"t": 1784284421.139596, "x": 3.659491187660976, "y": -2.738227903508478, "zone": "wh_forbidden_zone", "min_dist": 0.0}
{"t": 1784284421.2996814, "x": 3.659491187660976, "y": -2.738227903508478, "zone": "wh_forbidden_zone", "min_dist": 0.0}
{"t": 1784284421.4519398, "x": 3.659491187660976, "y": -2.738227903508478, "zone": "wh_forbidden_zone", "min_dist": 0.0}
{"t": 1784284421.6044834, "x": 3.659491187660976, "y": -2.738227903508478, "zone": "wh_forbidden_zone", "min_dist": 0.0}
{"t": 1784284421.7563984, "x": 3.659491187660976, "y": -2.738227903508478, "zone": "wh_forbidden_zone", "min_dist": 0.0}
{"t": 1784284421.9090853, "x": 3.659491187660976, "y": -2.738227903508478, "zone": "wh_forbidden_zone", "min_dist": 0.0}
{"t": 1784284422.0612001, "x": 3.659491187660976, "y": -2.738227903508478, "zone": "wh_forbidden_zone", "min_dist": 0.0}
{"t": 1784284422.213422, "x": 3.659491187660976, "y": -2.738227903508478, "zone": "wh_forbidden_zone", "min_dist": 0.0}
{"t": 1784284422.374071, "x": 3.659491187660976, "y": -2.738227903508478, "zone": "wh_forbidden_zone", "min_dist": 0.0}
{"t": 1784284422.5254931, "x": 3.659491187660976, "y": -2.738227903508478, "zone": "wh_forbidden_zone", "min_dist": 0.0}
{"t": 1784284422.6777377, "x": 3.659491187660976, "y": -2.738227903508478, "zone": "wh_forbidden_zone", "min_dist": 0.0}
{"t": 1784284422.8295176, "x": 3.659491187660976, "y": -2.738227903508478, "zone": "wh_forbidden_zone", "min_dist": 0.0}
{"t": 1784284422.9821873, "x": 3.659491187660976, "y": -2.738227903508478, "zone": "wh_forbidden_zone", "min_dist": 0.0}
{"t": 1784284423.134371, "x": 3.659491187660976, "y": -2.738227903508478, "zone": "wh_forbidden_zone", "min_dist": 0.0}
{"t": 1784284423.2945914, "x": 3.659491187660976, "y": -2.738227903508478, "zone": "wh_forbidden_zone", "min_dist": 0.0}
{"t": 1784284423.4550638, "x": 3.659491187660976, "y": -2.738227903508478, "zone": "wh_forbidden_zone", "min_dist": 0.0}
{"t": 1784284423.6153502, "x": 3.659491187660976, "y": -2.738227903508478, "zone": "wh_forbidden_zone", "min_dist": 0.0}
{"t": 1784284423.7756615, "x": 3.659491187660976, "y": -2.738227903508478, "zone": "wh_forbidden_zone", "min_dist": 0.0}
{"t": 1784284423.9278855, "x": 3.659491187660976, "y": -2.738227903508478, "zone": "wh_forbidden_zone", "min_dist": 0.0}
{"t": 1784284424.0803325, "x": 3.659491187660976, "y": -2.738227903508478, "zone": "wh_forbidden_zone", "min_dist": 0.0}
{"t": 1784284424.2324684, "x": 3.659491187660976, "y": -2.738227903508478, "zone": "wh_forbidden_zone", "min_dist": 0.0}
{"t": 1784284424.392313, "x": 3.659491187660976, "y": -2.738227903508478, "zone": "wh_forbidden_zone", "min_dist": 0.0}
{"t": 1784284424.5446978, "x": 3.659491187660976, "y": -2.738227903508478, "zone": "wh_forbidden_zone", "min_dist": 0.0}
{"t": 1784284424.6970854, "x": 3.659491187660976, "y": -2.738227903508478, "zone": "wh_forbidden_zone", "min_dist": 0.0}
{"t": 1784284424.84946, "x": 3.659491187660976, "y": -2.738227903508478, "zone": "wh_forbidden_zone", "min_dist": 0.0}
{"t": 1784284425.1112816, "x": 3.659491187660976, "y": -2.738227903508478, "zone": "wh_forbidden_zone", "min_dist": 0.0}
{"t": 1784284425.2655501, "x": 3.659491187660976, "y": -2.738227903508478, "zone": "wh_forbidden_zone", "min_dist": 0.0}
{"t": 1784284425.417635, "x": 3.659491187660976, "y": -2.738227903508478, "zone": "wh_forbidden_zone", "min_dist": 0.0}
{"t": 1784284425.5778773, "x": 3.659491187660976, "y": -2.738227903508478, "zone": "wh_forbidden_zone", "min_dist": 0.0}
{"t": 1784284425.7301962, "x": 3.659491187660976, "y": -2.738227903508478, "zone": "wh_forbidden_zone", "min_dist": 0.0}
{"t": 1784284425.8904757, "x": 3.659491187660976, "y": -2.738227903508478, "zone": "wh_forbidden_zone", "min_dist": 0.0}
{"t": 1784284426.0427783, "x": 3.659491187660976, "y": -2.738227903508478, "zone": "wh_forbidden_zone", "min_dist": 0.0}
{"t": 1784284426.194976, "x": 3.659491187660976, "y": -2.738227903508478, "zone": "wh_forbidden_zone", "min_dist": 0.0}
{"t": 1784284426.3554714, "x": 3.659491187660976, "y": -2.738227903508478, "zone": "wh_forbidden_zone", "min_dist": 0.0}
{"t": 1784284426.5156164, "x": 3.659491187660976, "y": -2.738227903508478, "zone": "wh_forbidden_zone", "min_dist": 0.0}
{"t": 1784284426.6676135, "x": 3.659491187660976, "y": -2.738227903508478, "zone": "wh_forbidden_zone", "min_dist": 0.0}
{"t": 1784284426.8200517, "x": 3.659491187660976, "y": -2.738227903508478, "zone": "wh_forbidden_zone", "min_dist": 0.0}
{"t": 1784284426.9802349, "x": 3.659491187660976, "y": -2.738227903508478, "zone": "wh_forbidden_zone", "min_dist": 0.0}
{"t": 1784284427.1325653, "x": 3.659491187660976, "y": -2.738227903508478, "zone": "wh_forbidden_zone", "min_dist": 0.0}
{"t": 1784284427.284506, "x": 3.659491187660976, "y": -2.738227903508478, "zone": "wh_forbidden_zone", "min_dist": 0.0}
{"t": 1784284427.4366174, "x": 3.659491187660976, "y": -2.738227903508478, "zone": "wh_forbidden_zone", "min_dist": 0.0}
{"t": 1784284427.589131, "x": 3.659491187660976, "y": -2.738227903508478, "zone": "wh_forbidden_zone", "min_dist": 0.0}
{"t": 1784284427.7495337, "x": 3.659491187660976, "y": -2.738227903508478, "zone": "wh_forbidden_zone", "min_dist": 0.0}
{"t": 1784284427.901396, "x": 3.659491187660976, "y": -2.738227903508478, "zone": "wh_forbidden_zone", "min_dist": 0.0}
{"t": 1784284428.0535667, "x": 3.659491187660976, "y": -2.738227903508478, "zone": "wh_forbidden_zone", "min_dist": 0.0}
{"t": 1784284428.2137692, "x": 3.659491187660976, "y": -2.738227903508478, "zone": "wh_forbidden_zone", "min_dist": 0.0}
{"t": 1784284428.3660722, "x": 3.659491187660976, "y": -2.738227903508478, "zone": "wh_forbidden_zone", "min_dist": 0.0}
{"t": 1784284428.5265477, "x": 3.659491187660976, "y": -2.738227903508478, "zone": "wh_forbidden_zone", "min_dist": 0.0}
{"t": 1784284428.6791272, "x": 3.659491187660976, "y": -2.738227903508478, "zone": "wh_forbidden_zone", "min_dist": 0.0}
{"t": 1784284428.8395455, "x": 3.659491187660976, "y": -2.738227903508478, "zone": "wh_forbidden_zone", "min_dist": 0.0}
{"t": 1784284428.9994764, "x": 3.659491187660976, "y": -2.738227903508478, "zone": "wh_forbidden_zone", "min_dist": 0.0}
{"t": 1784284429.1517932, "x": 3.659491187660976, "y": -2.738227903508478, "zone": "wh_forbidden_zone", "min_dist": 0.0}
{"t": 1784284429.3038905, "x": 3.659491187660976, "y": -2.738227903508478, "zone": "wh_forbidden_zone", "min_dist": 0.0}
{"t": 1784284429.4565294, "x": 3.659491187660976, "y": -2.738227903508478, "zone": "wh_forbidden_zone", "min_dist": 0.0}
{"t": 1784284429.6086068, "x": 3.659491187660976, "y": -2.738227903508478, "zone": "wh_forbidden_zone", "min_dist": 0.0}
{"t": 1784284429.7683215, "x": 3.659491187660976, "y": -2.738227903508478, "zone": "wh_forbidden_zone", "min_dist": 0.0}
{"t": 1784284429.9209363, "x": 3.659491187660976, "y": -2.738227903508478, "zone": "wh_forbidden_zone", "min_dist": 0.0}
{"t": 1784284430.0731108, "x": 3.659491187660976, "y": -2.738227903508478, "zone": "wh_forbidden_zone", "min_dist": 0.0}
{"t": 1784284430.2255173, "x": 3.659491187660976, "y": -2.738227903508478, "zone": "wh_forbidden_zone", "min_dist": 0.0}
{"t": 1784284430.3780692, "x": 3.659491187660976, "y": -2.738227903508478, "zone": "wh_forbidden_zone", "min_dist": 0.0}
{"t": 1784284430.52996, "x": 3.659491187660976, "y": -2.738227903508478, "zone": "wh_forbidden_zone", "min_dist": 0.0}
{"t": 1784284430.682565, "x": 3.659491187660976, "y": -2.738227903508478, "zone": "wh_forbidden_zone", "min_dist": 0.0}
{"t": 1784284430.8351908, "x": 3.659491187660976, "y": -2.738227903508478, "zone": "wh_forbidden_zone", "min_dist": 0.0}
{"t": 1784284430.9952993, "x": 3.659491187660976, "y": -2.738227903508478, "zone": "wh_forbidden_zone", "min_dist": 0.0}
{"t": 1784284431.1473024, "x": 3.659491187660976, "y": -2.738227903508478, "zone": "wh_forbidden_zone", "min_dist": 0.0}
{"t": 1784284431.2995958, "x": 3.659491187660976, "y": -2.738227903508478, "zone": "wh_forbidden_zone", "min_dist": 0.0}
{"t": 1784284431.4518085, "x": 3.659491187660976, "y": -2.738227903508478, "zone": "wh_forbidden_zone", "min_dist": 0.0}
{"t": 1784284431.6042, "x": 3.659491187660976, "y": -2.738227903508478, "zone": "wh_forbidden_zone", "min_dist": 0.0}
{"t": 1784284431.7565112, "x": 3.659491187660976, "y": -2.738227903508478, "zone": "wh_forbidden_zone", "min_dist": 0.0}
{"t": 1784284431.9084702, "x": 3.659491187660976, "y": -2.738227903508478, "zone": "wh_forbidden_zone", "min_dist": 0.0}
{"t": 1784284432.0607429, "x": 3.659491187660976, "y": -2.738227903508478, "zone": "wh_forbidden_zone", "min_dist": 0.0}
{"t": 1784284432.2130039, "x": 3.659491187660976, "y": -2.738227903508478, "zone": "wh_forbidden_zone", "min_dist": 0.0}
{"t": 1784284432.36539, "x": 3.659491187660976, "y": -2.738227903508478, "zone": "wh_forbidden_zone", "min_dist": 0.0}
{"t": 1784284432.5255544, "x": 3.659491187660976, "y": -2.738227903508478, "zone": "wh_forbidden_zone", "min_dist": 0.0}
{"t": 1784284432.677918, "x": 3.659491187660976, "y": -2.738227903508478, "zone": "wh_forbidden_zone", "min_dist": 0.0}
{"t": 1784284432.838021, "x": 3.659491187660976, "y": -2.738227903508478, "zone": "wh_forbidden_zone", "min_dist": 0.0}
{"t": 1784284432.9907486, "x": 3.659491187660976, "y": -2.738227903508478, "zone": "wh_forbidden_zone", "min_dist": 0.0}
{"t": 1784284433.142522, "x": 3.659491187660976, "y": -2.738227903508478, "zone": "wh_forbidden_zone", "min_dist": 0.0}
{"t": 1784284433.3024468, "x": 3.659491187660976, "y": -2.738227903508478, "zone": "wh_forbidden_zone", "min_dist": 0.0}
{"t": 1784284433.46294, "x": 3.659491187660976, "y": -2.738227903508478, "zone": "wh_forbidden_zone", "min_dist": 0.0}
{"t": 1784284433.6153312, "x": 3.659491187660976, "y": -2.738227903508478, "zone": "wh_forbidden_zone", "min_dist": 0.0}
{"t": 1784284433.7755325, "x": 3.659491187660976, "y": -2.738227903508478, "zone": "wh_forbidden_zone", "min_dist": 0.0}
{"t": 1784284433.927488, "x": 3.659491187660976, "y": -2.738227903508478, "zone": "wh_forbidden_zone", "min_dist": 0.0}
{"t": 1784284434.0880413, "x": 3.659491187660976, "y": -2.738227903508478, "zone": "wh_forbidden_zone", "min_dist": 0.0}
{"t": 1784284434.2400935, "x": 3.659491187660976, "y": -2.738227903508478, "zone": "wh_forbidden_zone", "min_dist": 0.0}
{"t": 1784284434.4004607, "x": 3.659491187660976, "y": -2.738227903508478, "zone": "wh_forbidden_zone", "min_dist": 0.0}
{"t": 1784284434.560482, "x": 3.659491187660976, "y": -2.738227903508478, "zone": "wh_forbidden_zone", "min_dist": 0.0}
{"t": 1784284434.7208807, "x": 3.659491187660976, "y": -2.738227903508478, "zone": "wh_forbidden_zone", "min_dist": 0.0}
{"t": 1784284434.8730981, "x": 3.659491187660976, "y": -2.738227903508478, "zone": "wh_forbidden_zone", "min_dist": 0.0}
{"t": 1784284435.0336401, "x": 3.659491187660976, "y": -2.738227903508478, "zone": "wh_forbidden_zone", "min_dist": 0.0}
{"t": 1784284435.1862416, "x": 3.659491187660976, "y": -2.738227903508478, "zone": "wh_forbidden_zone", "min_dist": 0.0}
{"t": 1784284435.346081, "x": 3.659491187660976, "y": -2.738227903508478, "zone": "wh_forbidden_zone", "min_dist": 0.0}
{"t": 1784284435.5062351, "x": 3.659491187660976, "y": -2.738227903508478, "zone": "wh_forbidden_zone", "min_dist": 0.0}
{"t": 1784284435.666577, "x": 3.659491187660976, "y": -2.738227903508478, "zone": "wh_forbidden_zone", "min_dist": 0.0}
{"t": 1784284435.8264897, "x": 3.659491187660976, "y": -2.738227903508478, "zone": "wh_forbidden_zone", "min_dist": 0.0}
{"t": 1784284435.9786208, "x": 3.659491187660976, "y": -2.738227903508478, "zone": "wh_forbidden_zone", "min_dist": 0.0}
{"t": 1784284436.1391904, "x": 3.659491187660976, "y": -2.738227903508478, "zone": "wh_forbidden_zone", "min_dist": 0.0}
{"t": 1784284436.2994053, "x": 3.659491187660976, "y": -2.738227903508478, "zone": "wh_forbidden_zone", "min_dist": 0.0}
{"t": 1784284436.4517972, "x": 3.659491187660976, "y": -2.738227903508478, "zone": "wh_forbidden_zone", "min_dist": 0.0}
{"t": 1784284436.6041756, "x": 3.659491187660976, "y": -2.738227903508478, "zone": "wh_forbidden_zone", "min_dist": 0.0}
{"t": 1784284436.7640913, "x": 3.659491187660976, "y": -2.738227903508478, "zone": "wh_forbidden_zone", "min_dist": 0.0}
{"t": 1784284436.9247472, "x": 3.659491187660976, "y": -2.738227903508478, "zone": "wh_forbidden_zone", "min_dist": 0.0}
{"t": 1784284437.0854826, "x": 3.659491187660976, "y": -2.738227903508478, "zone": "wh_forbidden_zone", "min_dist": 0.0}
{"t": 1784284437.2453463, "x": 3.659491187660976, "y": -2.738227903508478, "zone": "wh_forbidden_zone", "min_dist": 0.0}
{"t": 1784284437.4054518, "x": 3.659491187660976, "y": -2.738227903508478, "zone": "wh_forbidden_zone", "min_dist": 0.0}
{"t": 1784284437.557395, "x": 3.659491187660976, "y": -2.738227903508478, "zone": "wh_forbidden_zone", "min_dist": 0.0}
{"t": 1784284437.7098174, "x": 3.659491187660976, "y": -2.738227903508478, "zone": "wh_forbidden_zone", "min_dist": 0.0}
{"t": 1784284437.8704154, "x": 3.659491187660976, "y": -2.738227903508478, "zone": "wh_forbidden_zone", "min_dist": 0.0}
{"t": 1784284438.0225024, "x": 3.659491187660976, "y": -2.738227903508478, "zone": "wh_forbidden_zone", "min_dist": 0.0}
{"t": 1784284438.1824305, "x": 3.659491187660976, "y": -2.738227903508478, "zone": "wh_forbidden_zone", "min_dist": 0.0}
{"t": 1784284438.3345377, "x": 3.659491187660976, "y": -2.738227903508478, "zone": "wh_forbidden_zone", "min_dist": 0.0}
{"t": 1784284438.4870124, "x": 3.659491187660976, "y": -2.738227903508478, "zone": "wh_forbidden_zone", "min_dist": 0.0}
{"t": 1784284438.6474469, "x": 3.659491187660976, "y": -2.738227903508478, "zone": "wh_forbidden_zone", "min_dist": 0.0}
{"t": 1784284438.8234656, "x": 3.659491187660976, "y": -2.738227903508478, "zone": "wh_forbidden_zone", "min_dist": 0.0}
{"t": 1784284438.983523, "x": 3.659491187660976, "y": -2.738227903508478, "zone": "wh_forbidden_zone", "min_dist": 0.0}
{"t": 1784284439.1356368, "x": 3.659491187660976, "y": -2.738227903508478, "zone": "wh_forbidden_zone", "min_dist": 0.0}
{"t": 1784284439.2880251, "x": 3.659491187660976, "y": -2.738227903508478, "zone": "wh_forbidden_zone", "min_dist": 0.0}
{"t": 1784284439.4403431, "x": 3.659491187660976, "y": -2.738227903508478, "zone": "wh_forbidden_zone", "min_dist": 0.0}
{"t": 1784284439.6005301, "x": 3.659491187660976, "y": -2.738227903508478, "zone": "wh_forbidden_zone", "min_dist": 0.0}
{"t": 1784284439.7607648, "x": 3.659491187660976, "y": -2.738227903508478, "zone": "wh_forbidden_zone", "min_dist": 0.0}
{"t": 1784284439.91323, "x": 3.659491187660976, "y": -2.738227903508478, "zone": "wh_forbidden_zone", "min_dist": 0.0}
{"t": 1784284440.0733497, "x": 3.659491187660976, "y": -2.738227903508478, "zone": "wh_forbidden_zone", "min_dist": 0.0}
{"t": 1784284440.2337215, "x": 3.659491187660976, "y": -2.738227903508478, "zone": "wh_forbidden_zone", "min_dist": 0.0}
{"t": 1784284440.385707, "x": 3.659491187660976, "y": -2.738227903508478, "zone": "wh_forbidden_zone", "min_dist": 0.0}
{"t": 1784284440.5380075, "x": 3.659491187660976, "y": -2.738227903508478, "zone": "wh_forbidden_zone", "min_dist": 0.0}
{"t": 1784284440.6983202, "x": 3.659491187660976, "y": -2.738227903508478, "zone": "wh_forbidden_zone", "min_dist": 0.0}
{"t": 1784284440.8585277, "x": 3.659491187660976, "y": -2.738227903508478, "zone": "wh_forbidden_zone", "min_dist": 0.0}
{"t": 1784284441.117188, "x": 3.659491187660976, "y": -2.738227903508478, "zone": "wh_forbidden_zone", "min_dist": 0.0}
{"t": 1784284441.267157, "x": 3.659491187660976, "y": -2.738227903508478, "zone": "wh_forbidden_zone", "min_dist": 0.0}
{"t": 1784284441.4194887, "x": 3.659491187660976, "y": -2.738227903508478, "zone": "wh_forbidden_zone", "min_dist": 0.0}
{"t": 1784284441.5713942, "x": 3.659491187660976, "y": -2.738227903508478, "zone": "wh_forbidden_zone", "min_dist": 0.0}
{"t": 1784284441.731643, "x": 3.659491187660976, "y": -2.738227903508478, "zone": "wh_forbidden_zone", "min_dist": 0.0}
{"t": 1784284441.88373, "x": 3.659491187660976, "y": -2.738227903508478, "zone": "wh_forbidden_zone", "min_dist": 0.0}
{"t": 1784284442.0359902, "x": 3.659491187660976, "y": -2.738227903508478, "zone": "wh_forbidden_zone", "min_dist": 0.0}
{"t": 1784284442.1885192, "x": 3.659491187660976, "y": -2.738227903508478, "zone": "wh_forbidden_zone", "min_dist": 0.0}
{"t": 1784284442.3411987, "x": 3.659491187660976, "y": -2.738227903508478, "zone": "wh_forbidden_zone", "min_dist": 0.0}
{"t": 1784284442.4934318, "x": 3.659491187660976, "y": -2.738227903508478, "zone": "wh_forbidden_zone", "min_dist": 0.0}
{"t": 1784284442.646106, "x": 3.659491187660976, "y": -2.738227903508478, "zone": "wh_forbidden_zone", "min_dist": 0.0}
{"t": 1784284442.8054006, "x": 3.659491187660976, "y": -2.738227903508478, "zone": "wh_forbidden_zone", "min_dist": 0.0}
{"t": 1784284442.965224, "x": 3.659491187660976, "y": -2.738227903508478, "zone": "wh_forbidden_zone", "min_dist": 0.0}
{"t": 1784284443.1179438, "x": 3.659491187660976, "y": -2.738227903508478, "zone": "wh_forbidden_zone", "min_dist": 0.0}
{"t": 1784284443.2779224, "x": 3.659491187660976, "y": -2.738227903508478, "zone": "wh_forbidden_zone", "min_dist": 0.0}
{"t": 1784284443.4302914, "x": 3.659491187660976, "y": -2.738227903508478, "zone": "wh_forbidden_zone", "min_dist": 0.0}
{"t": 1784284443.5827112, "x": 3.659491187660976, "y": -2.738227903508478, "zone": "wh_forbidden_zone", "min_dist": 0.0}
{"t": 1784284443.7350817, "x": 3.659491187660976, "y": -2.738227903508478, "zone": "wh_forbidden_zone", "min_dist": 0.0}
{"t": 1784284443.8869548, "x": 3.659491187660976, "y": -2.738227903508478, "zone": "wh_forbidden_zone", "min_dist": 0.0}
{"t": 1784284444.039153, "x": 3.659491187660976, "y": -2.738227903508478, "zone": "wh_forbidden_zone", "min_dist": 0.0}
{"t": 1784284444.1914892, "x": 3.659491187660976, "y": -2.738227903508478, "zone": "wh_forbidden_zone", "min_dist": 0.0}
{"t": 1784284444.3437366, "x": 3.659491187660976, "y": -2.738227903508478, "zone": "wh_forbidden_zone", "min_dist": 0.0}
{"t": 1784284444.504141, "x": 3.659491187660976, "y": -2.738227903508478, "zone": "wh_forbidden_zone", "min_dist": 0.0}
{"t": 1784284444.6803124, "x": 3.659491187660976, "y": -2.738227903508478, "zone": "wh_forbidden_zone", "min_dist": 0.0}
{"t": 1784284444.8324246, "x": 3.659491187660976, "y": -2.738227903508478, "zone": "wh_forbidden_zone", "min_dist": 0.0}
{"t": 1784284444.9924805, "x": 3.659491187660976, "y": -2.738227903508478, "zone": "wh_forbidden_zone", "min_dist": 0.0}
{"t": 1784284445.1529357, "x": 3.659491187660976, "y": -2.738227903508478, "zone": "wh_forbidden_zone", "min_dist": 0.0}
{"t": 1784284445.3054962, "x": 3.659491187660976, "y": -2.738227903508478, "zone": "wh_forbidden_zone", "min_dist": 0.0}
{"t": 1784284445.457554, "x": 3.659491187660976, "y": -2.738227903508478, "zone": "wh_forbidden_zone", "min_dist": 0.0}
{"t": 1784284445.610135, "x": 3.659491187660976, "y": -2.738227903508478, "zone": "wh_forbidden_zone", "min_dist": 0.0}
{"t": 1784284445.762564, "x": 3.659491187660976, "y": -2.738227903508478, "zone": "wh_forbidden_zone", "min_dist": 0.0}
{"t": 1784284445.9225929, "x": 3.659491187660976, "y": -2.738227903508478, "zone": "wh_forbidden_zone", "min_dist": 0.0}
{"t": 1784284446.0749679, "x": 3.659491187660976, "y": -2.738227903508478, "zone": "wh_forbidden_zone", "min_dist": 0.0}
{"t": 1784284446.2271392, "x": 3.659491187660976, "y": -2.738227903508478, "zone": "wh_forbidden_zone", "min_dist": 0.0}
{"t": 1784284446.3875668, "x": 3.659491187660976, "y": -2.738227903508478, "zone": "wh_forbidden_zone", "min_dist": 0.0}
{"t": 1784284446.5475156, "x": 3.659491187660976, "y": -2.738227903508478, "zone": "wh_forbidden_zone", "min_dist": 0.0}
{"t": 1784284446.700254, "x": 3.659491187660976, "y": -2.738227903508478, "zone": "wh_forbidden_zone", "min_dist": 0.0}
{"t": 1784284446.8523293, "x": 3.659491187660976, "y": -2.738227903508478, "zone": "wh_forbidden_zone", "min_dist": 0.0}
{"t": 1784284447.0045402, "x": 3.659491187660976, "y": -2.738227903508478, "zone": "wh_forbidden_zone", "min_dist": 0.0}
{"t": 1784284447.1563282, "x": 3.659491187660976, "y": -2.738227903508478, "zone": "wh_forbidden_zone", "min_dist": 0.0}
{"t": 1784284447.308442, "x": 3.659491187660976, "y": -2.738227903508478, "zone": "wh_forbidden_zone", "min_dist": 0.0}
{"t": 1784284447.4685977, "x": 3.659491187660976, "y": -2.738227903508478, "zone": "wh_forbidden_zone", "min_dist": 0.0}
{"t": 1784284447.6211658, "x": 3.659491187660976, "y": -2.738227903508478, "zone": "wh_forbidden_zone", "min_dist": 0.0}
{"t": 1784284447.7731853, "x": 3.659491187660976, "y": -2.738227903508478, "zone": "wh_forbidden_zone", "min_dist": 0.0}
{"t": 1784284447.9334166, "x": 3.659491187660976, "y": -2.738227903508478, "zone": "wh_forbidden_zone", "min_dist": 0.0}
{"t": 1784284448.1098776, "x": 3.659491187660976, "y": -2.738227903508478, "zone": "wh_forbidden_zone", "min_dist": 0.0}
{"t": 1784284448.2621856, "x": 3.659491187660976, "y": -2.738227903508478, "zone": "wh_forbidden_zone", "min_dist": 0.0}
{"t": 1784284448.4145842, "x": 3.659491187660976, "y": -2.738227903508478, "zone": "wh_forbidden_zone", "min_dist": 0.0}
{"t": 1784284448.5665524, "x": 3.659491187660976, "y": -2.738227903508478, "zone": "wh_forbidden_zone", "min_dist": 0.0}
{"t": 1784284448.7423184, "x": 3.659491187660976, "y": -2.738227903508478, "zone": "wh_forbidden_zone", "min_dist": 0.0}
{"t": 1784284448.9185846, "x": 3.659491187660976, "y": -2.738227903508478, "zone": "wh_forbidden_zone", "min_dist": 0.0}
{"t": 1784284449.0792513, "x": 3.659491187660976, "y": -2.738227903508478, "zone": "wh_forbidden_zone", "min_dist": 0.0}
{"t": 1784284449.2393818, "x": 3.659491187660976, "y": -2.738227903508478, "zone": "wh_forbidden_zone", "min_dist": 0.0}
{"t": 1784284449.3913574, "x": 3.659491187660976, "y": -2.738227903508478, "zone": "wh_forbidden_zone", "min_dist": 0.0}
{"t": 1784284449.5437872, "x": 3.659491187660976, "y": -2.738227903508478, "zone": "wh_forbidden_zone", "min_dist": 0.0}
{"t": 1784284449.6960998, "x": 3.659491187660976, "y": -2.738227903508478, "zone": "wh_forbidden_zone", "min_dist": 0.0}
{"t": 1784284449.8483636, "x": 3.659491187660976, "y": -2.738227903508478, "zone": "wh_forbidden_zone", "min_dist": 0.0}
{"t": 1784284450.008669, "x": 3.659491187660976, "y": -2.738227903508478, "zone": "wh_forbidden_zone", "min_dist": 0.0}
{"t": 1784284450.161473, "x": 3.659491187660976, "y": -2.738227903508478, "zone": "wh_forbidden_zone", "min_dist": 0.0}
{"t": 1784284450.3132498, "x": 3.659491187660976, "y": -2.738227903508478, "zone": "wh_forbidden_zone", "min_dist": 0.0}
{"t": 1784284450.465566, "x": 3.659491187660976, "y": -2.738227903508478, "zone": "wh_forbidden_zone", "min_dist": 0.0}
{"t": 1784284450.625511, "x": 3.659491187660976, "y": -2.738227903508478, "zone": "wh_forbidden_zone", "min_dist": 0.0}
{"t": 1784284450.777932, "x": 3.659491187660976, "y": -2.738227903508478, "zone": "wh_forbidden_zone", "min_dist": 0.0}
{"t": 1784284450.9299588, "x": 3.659491187660976, "y": -2.738227903508478, "zone": "wh_forbidden_zone", "min_dist": 0.0}
{"t": 1784284451.0821853, "x": 3.659491187660976, "y": -2.738227903508478, "zone": "wh_forbidden_zone", "min_dist": 0.0}
{"t": 1784284451.2349696, "x": 3.659491187660976, "y": -2.738227903508478, "zone": "wh_forbidden_zone", "min_dist": 0.0}
{"t": 1784284451.3944407, "x": 3.659491187660976, "y": -2.738227903508478, "zone": "wh_forbidden_zone", "min_dist": 0.0}
{"t": 1784284451.5546668, "x": 3.659491187660976, "y": -2.738227903508478, "zone": "wh_forbidden_zone", "min_dist": 0.0}
{"t": 1784284451.7149682, "x": 3.659491187660976, "y": -2.738227903508478, "zone": "wh_forbidden_zone", "min_dist": 0.0}
{"t": 1784284451.8674366, "x": 3.659491187660976, "y": -2.738227903508478, "zone": "wh_forbidden_zone", "min_dist": 0.0}
{"t": 1784284452.0193007, "x": 3.659491187660976, "y": -2.738227903508478, "zone": "wh_forbidden_zone", "min_dist": 0.0}
{"t": 1784284452.1718938, "x": 3.659491187660976, "y": -2.738227903508478, "zone": "wh_forbidden_zone", "min_dist": 0.0}
{"t": 1784284452.3242161, "x": 3.659491187660976, "y": -2.738227903508478, "zone": "wh_forbidden_zone", "min_dist": 0.0}
{"t": 1784284452.4764404, "x": 3.659491187660976, "y": -2.738227903508478, "zone": "wh_forbidden_zone", "min_dist": 0.0}
{"t": 1784284452.6286945, "x": 3.659491187660976, "y": -2.738227903508478, "zone": "wh_forbidden_zone", "min_dist": 0.0}
{"t": 1784284452.7810075, "x": 3.659491187660976, "y": -2.738227903508478, "zone": "wh_forbidden_zone", "min_dist": 0.0}
{"t": 1784284452.9332044, "x": 3.659491187660976, "y": -2.738227903508478, "zone": "wh_forbidden_zone", "min_dist": 0.0}
{"t": 1784284453.08554, "x": 3.659491187660976, "y": -2.738227903508478, "zone": "wh_forbidden_zone", "min_dist": 0.0}
{"t": 1784284453.2375245, "x": 3.659491187660976, "y": -2.738227903508478, "zone": "wh_forbidden_zone", "min_dist": 0.0}
{"t": 1784284453.3896947, "x": 3.659491187660976, "y": -2.738227903508478, "zone": "wh_forbidden_zone", "min_dist": 0.0}
{"t": 1784284453.5504115, "x": 3.659491187660976, "y": -2.738227903508478, "zone": "wh_forbidden_zone", "min_dist": 0.0}
{"t": 1784284453.7025476, "x": 3.659491187660976, "y": -2.738227903508478, "zone": "wh_forbidden_zone", "min_dist": 0.0}
{"t": 1784284453.8631241, "x": 3.659491187660976, "y": -2.738227903508478, "zone": "wh_forbidden_zone", "min_dist": 0.0}
{"t": 1784284454.0151148, "x": 3.659491187660976, "y": -2.738227903508478, "zone": "wh_forbidden_zone", "min_dist": 0.0}
{"t": 1784284454.1754146, "x": 3.659491187660976, "y": -2.738227903508478, "zone": "wh_forbidden_zone", "min_dist": 0.0}
{"t": 1784284454.327646, "x": 3.659491187660976, "y": -2.738227903508478, "zone": "wh_forbidden_zone", "min_dist": 0.0}
{"t": 1784284454.4874442, "x": 3.659491187660976, "y": -2.738227903508478, "zone": "wh_forbidden_zone", "min_dist": 0.0}
{"t": 1784284454.6479824, "x": 3.659491187660976, "y": -2.738227903508478, "zone": "wh_forbidden_zone", "min_dist": 0.0}
{"t": 1784284454.8003318, "x": 3.659491187660976, "y": -2.738227903508478, "zone": "wh_forbidden_zone", "min_dist": 0.0}
{"t": 1784284454.9525456, "x": 3.659491187660976, "y": -2.738227903508478, "zone": "wh_forbidden_zone", "min_dist": 0.0}
{"t": 1784284455.1046643, "x": 3.659491187660976, "y": -2.738227903508478, "zone": "wh_forbidden_zone", "min_dist": 0.0}
{"t": 1784284455.2648988, "x": 3.659491187660976, "y": -2.738227903508478, "zone": "wh_forbidden_zone", "min_dist": 0.0}
{"t": 1784284455.4170845, "x": 3.659491187660976, "y": -2.738227903508478, "zone": "wh_forbidden_zone", "min_dist": 0.0}
{"t": 1784284455.569441, "x": 3.659491187660976, "y": -2.738227903508478, "zone": "wh_forbidden_zone", "min_dist": 0.0}
{"t": 1784284455.7296712, "x": 3.659491187660976, "y": -2.738227903508478, "zone": "wh_forbidden_zone", "min_dist": 0.0}
{"t": 1784284455.8901093, "x": 3.659491187660976, "y": -2.738227903508478, "zone": "wh_forbidden_zone", "min_dist": 0.0}
{"t": 1784284456.0424712, "x": 3.659491187660976, "y": -2.738227903508478, "zone": "wh_forbidden_zone", "min_dist": 0.0}
{"t": 1784284456.194752, "x": 3.659491187660976, "y": -2.738227903508478, "zone": "wh_forbidden_zone", "min_dist": 0.0}
{"t": 1784284456.370946, "x": 3.659491187660976, "y": -2.738227903508478, "zone": "wh_forbidden_zone", "min_dist": 0.0}
{"t": 1784284456.5230234, "x": 3.659491187660976, "y": -2.738227903508478, "zone": "wh_forbidden_zone", "min_dist": 0.0}
{"t": 1784284456.6753988, "x": 3.659491187660976, "y": -2.738227903508478, "zone": "wh_forbidden_zone", "min_dist": 0.0}
{"t": 1784284456.8277209, "x": 3.659491187660976, "y": -2.738227903508478, "zone": "wh_forbidden_zone", "min_dist": 0.0}
{"t": 1784284456.9875748, "x": 3.659491187660976, "y": -2.738227903508478, "zone": "wh_forbidden_zone", "min_dist": 0.0}
{"t": 1784284457.1478896, "x": 3.659491187660976, "y": -2.738227903508478, "zone": "wh_forbidden_zone", "min_dist": 0.0}
{"t": 1784284457.3001902, "x": 3.659491187660976, "y": -2.738227903508478, "zone": "wh_forbidden_zone", "min_dist": 0.0}
{"t": 1784284457.4525232, "x": 3.659491187660976, "y": -2.738227903508478, "zone": "wh_forbidden_zone", "min_dist": 0.0}
{"t": 1784284457.6049712, "x": 3.659491187660976, "y": -2.738227903508478, "zone": "wh_forbidden_zone", "min_dist": 0.0}
{"t": 1784284457.7570727, "x": 3.659491187660976, "y": -2.738227903508478, "zone": "wh_forbidden_zone", "min_dist": 0.0}
{"t": 1784284457.9176345, "x": 3.659491187660976, "y": -2.738227903508478, "zone": "wh_forbidden_zone", "min_dist": 0.0}
{"t": 1784284458.0775769, "x": 3.659491187660976, "y": -2.738227903508478, "zone": "wh_forbidden_zone", "min_dist": 0.0}
{"t": 1784284458.2299669, "x": 3.659491187660976, "y": -2.738227903508478, "zone": "wh_forbidden_zone", "min_dist": 0.0}
{"t": 1784284458.4065568, "x": 3.659491187660976, "y": -2.738227903508478, "zone": "wh_forbidden_zone", "min_dist": 0.0}
{"t": 1784284458.5583928, "x": 3.659491187660976, "y": -2.738227903508478, "zone": "wh_forbidden_zone", "min_dist": 0.0}
{"t": 1784284458.7344484, "x": 3.659491187660976, "y": -2.738227903508478, "zone": "wh_forbidden_zone", "min_dist": 0.0}
{"t": 1784284458.894791, "x": 3.659491187660976, "y": -2.738227903508478, "zone": "wh_forbidden_zone", "min_dist": 0.0}
{"t": 1784284459.0468094, "x": 3.659491187660976, "y": -2.738227903508478, "zone": "wh_forbidden_zone", "min_dist": 0.0}
{"t": 1784284459.1994228, "x": 3.659491187660976, "y": -2.738227903508478, "zone": "wh_forbidden_zone", "min_dist": 0.0}
{"t": 1784284459.3595157, "x": 3.659491187660976, "y": -2.738227903508478, "zone": "wh_forbidden_zone", "min_dist": 0.0}
{"t": 1784284459.5121222, "x": 3.659491187660976, "y": -2.738227903508478, "zone": "wh_forbidden_zone", "min_dist": 0.0}
{"t": 1784284459.6642253, "x": 3.659491187660976, "y": -2.738227903508478, "zone": "wh_forbidden_zone", "min_dist": 0.0}
{"t": 1784284459.8244526, "x": 3.659491187660976, "y": -2.738227903508478, "zone": "wh_forbidden_zone", "min_dist": 0.0}
{"t": 1784284459.9766338, "x": 3.659491187660976, "y": -2.738227903508478, "zone": "wh_forbidden_zone", "min_dist": 0.0}
{"t": 1784284460.1372943, "x": 3.659491187660976, "y": -2.738227903508478, "zone": "wh_forbidden_zone", "min_dist": 0.0}
{"t": 1784284460.289458, "x": 3.659491187660976, "y": -2.738227903508478, "zone": "wh_forbidden_zone", "min_dist": 0.0}
{"t": 1784284460.4416912, "x": 3.659491187660976, "y": -2.738227903508478, "zone": "wh_forbidden_zone", "min_dist": 0.0}
{"t": 1784284460.6017013, "x": 3.659491187660976, "y": -2.738227903508478, "zone": "wh_forbidden_zone", "min_dist": 0.0}
{"t": 1784284460.7621548, "x": 3.659491187660976, "y": -2.738227903508478, "zone": "wh_forbidden_zone", "min_dist": 0.0}
{"t": 1784284460.922747, "x": 3.659491187660976, "y": -2.738227903508478, "zone": "wh_forbidden_zone", "min_dist": 0.0}
{"t": 1784284461.0827854, "x": 3.659491187660976, "y": -2.738227903508478, "zone": "wh_forbidden_zone", "min_dist": 0.0}
{"t": 1784284461.23517, "x": 3.659491187660976, "y": -2.738227903508478, "zone": "wh_forbidden_zone", "min_dist": 0.0}
{"t": 1784284461.3951235, "x": 3.659491187660976, "y": -2.738227903508478, "zone": "wh_forbidden_zone", "min_dist": 0.0}
{"t": 1784284461.5556169, "x": 3.659491187660976, "y": -2.738227903508478, "zone": "wh_forbidden_zone", "min_dist": 0.0}
{"t": 1784284461.7076075, "x": 3.659491187660976, "y": -2.738227903508478, "zone": "wh_forbidden_zone", "min_dist": 0.0}
{"t": 1784284461.8678977, "x": 3.659491187660976, "y": -2.738227903508478, "zone": "wh_forbidden_zone", "min_dist": 0.0}
{"t": 1784284462.020072, "x": 3.659491187660976, "y": -2.738227903508478, "zone": "wh_forbidden_zone", "min_dist": 0.0}
{"t": 1784284462.1807826, "x": 3.659491187660976, "y": -2.738227903508478, "zone": "wh_forbidden_zone", "min_dist": 0.0}
{"t": 1784284462.3332791, "x": 3.659491187660976, "y": -2.738227903508478, "zone": "wh_forbidden_zone", "min_dist": 0.0}
{"t": 1784284462.4930573, "x": 3.659491187660976, "y": -2.738227903508478, "zone": "wh_forbidden_zone", "min_dist": 0.0}
{"t": 1784284462.645581, "x": 3.659491187660976, "y": -2.738227903508478, "zone": "wh_forbidden_zone", "min_dist": 0.0}
{"t": 1784284462.7973652, "x": 3.659491187660976, "y": -2.738227903508478, "zone": "wh_forbidden_zone", "min_dist": 0.0}
{"t": 1784284462.9496055, "x": 3.659491187660976, "y": -2.738227903508478, "zone": "wh_forbidden_zone", "min_dist": 0.0}
{"t": 1784284463.110117, "x": 3.659491187660976, "y": -2.738227903508478, "zone": "wh_forbidden_zone", "min_dist": 0.0}
{"t": 1784284463.2623556, "x": 3.659491187660976, "y": -2.738227903508478, "zone": "wh_forbidden_zone", "min_dist": 0.0}
{"t": 1784284463.414533, "x": 3.659491187660976, "y": -2.738227903508478, "zone": "wh_forbidden_zone", "min_dist": 0.0}
{"t": 1784284463.5664682, "x": 3.659491187660976, "y": -2.738227903508478, "zone": "wh_forbidden_zone", "min_dist": 0.0}
{"t": 1784284463.7191248, "x": 3.659491187660976, "y": -2.738227903508478, "zone": "wh_forbidden_zone", "min_dist": 0.0}
{"t": 1784284463.8795073, "x": 3.659491187660976, "y": -2.738227903508478, "zone": "wh_forbidden_zone", "min_dist": 0.0}
{"t": 1784284464.0395973, "x": 3.659491187660976, "y": -2.738227903508478, "zone": "wh_forbidden_zone", "min_dist": 0.0}
{"t": 1784284464.1917346, "x": 3.659491187660976, "y": -2.738227903508478, "zone": "wh_forbidden_zone", "min_dist": 0.0}
{"t": 1784284464.3519938, "x": 3.659491187660976, "y": -2.738227903508478, "zone": "wh_forbidden_zone", "min_dist": 0.0}
{"t": 1784284464.512406, "x": 3.659491187660976, "y": -2.738227903508478, "zone": "wh_forbidden_zone", "min_dist": 0.0}
{"t": 1784284464.6648407, "x": 3.659491187660976, "y": -2.738227903508478, "zone": "wh_forbidden_zone", "min_dist": 0.0}
{"t": 1784284464.8167217, "x": 3.659491187660976, "y": -2.738227903508478, "zone": "wh_forbidden_zone", "min_dist": 0.0}
{"t": 1784284464.969214, "x": 3.659491187660976, "y": -2.738227903508478, "zone": "wh_forbidden_zone", "min_dist": 0.0}
{"t": 1784284465.1296818, "x": 3.659491187660976, "y": -2.738227903508478, "zone": "wh_forbidden_zone", "min_dist": 0.0}
{"t": 1784284465.2897298, "x": 3.659491187660976, "y": -2.738227903508478, "zone": "wh_forbidden_zone", "min_dist": 0.0}
{"t": 1784284465.442048, "x": 3.659491187660976, "y": -2.738227903508478, "zone": "wh_forbidden_zone", "min_dist": 0.0}
{"t": 1784284465.602055, "x": 3.659491187660976, "y": -2.738227903508478, "zone": "wh_forbidden_zone", "min_dist": 0.0}
{"t": 1784284465.7626987, "x": 3.659491187660976, "y": -2.738227903508478, "zone": "wh_forbidden_zone", "min_dist": 0.0}
{"t": 1784284465.9228435, "x": 3.659491187660976, "y": -2.738227903508478, "zone": "wh_forbidden_zone", "min_dist": 0.0}
{"t": 1784284466.074927, "x": 3.659491187660976, "y": -2.738227903508478, "zone": "wh_forbidden_zone", "min_dist": 0.0}
{"t": 1784284466.2275565, "x": 3.659491187660976, "y": -2.738227903508478, "zone": "wh_forbidden_zone", "min_dist": 0.0}
{"t": 1784284466.379547, "x": 3.659491187660976, "y": -2.738227903508478, "zone": "wh_forbidden_zone", "min_dist": 0.0}
{"t": 1784284466.5315669, "x": 3.659491187660976, "y": -2.738227903508478, "zone": "wh_forbidden_zone", "min_dist": 0.0}
{"t": 1784284466.6838627, "x": 3.659491187660976, "y": -2.738227903508478, "zone": "wh_forbidden_zone", "min_dist": 0.0}
{"t": 1784284466.8362873, "x": 3.659491187660976, "y": -2.738227903508478, "zone": "wh_forbidden_zone", "min_dist": 0.0}
{"t": 1784284466.9889147, "x": 3.659491187660976, "y": -2.738227903508478, "zone": "wh_forbidden_zone", "min_dist": 0.0}
{"t": 1784284467.140437, "x": 3.659491187660976, "y": -2.738227903508478, "zone": "wh_forbidden_zone", "min_dist": 0.0}
{"t": 1784284467.3162441, "x": 3.659491187660976, "y": -2.738227903508478, "zone": "wh_forbidden_zone", "min_dist": 0.0}
{"t": 1784284467.4687285, "x": 3.659491187660976, "y": -2.738227903508478, "zone": "wh_forbidden_zone", "min_dist": 0.0}
{"t": 1784284467.6290326, "x": 3.659491187660976, "y": -2.738227903508478, "zone": "wh_forbidden_zone", "min_dist": 0.0}
{"t": 1784284467.7815444, "x": 3.659491187660976, "y": -2.738227903508478, "zone": "wh_forbidden_zone", "min_dist": 0.0}
{"t": 1784284467.933522, "x": 3.659491187660976, "y": -2.738227903508478, "zone": "wh_forbidden_zone", "min_dist": 0.0}
{"t": 1784284468.086206, "x": 3.659491187660976, "y": -2.738227903508478, "zone": "wh_forbidden_zone", "min_dist": 0.0}
{"t": 1784284468.2384055, "x": 3.659491187660976, "y": -2.738227903508478, "zone": "wh_forbidden_zone", "min_dist": 0.0}
{"t": 1784284468.3904727, "x": 3.659491187660976, "y": -2.738227903508478, "zone": "wh_forbidden_zone", "min_dist": 0.0}
{"t": 1784284468.5426278, "x": 3.659491187660976, "y": -2.738227903508478, "zone": "wh_forbidden_zone", "min_dist": 0.0}
{"t": 1784284468.7031202, "x": 3.659491187660976, "y": -2.738227903508478, "zone": "wh_forbidden_zone", "min_dist": 0.0}
{"t": 1784284468.8553662, "x": 3.659491187660976, "y": -2.738227903508478, "zone": "wh_forbidden_zone", "min_dist": 0.0}
{"t": 1784284469.0074487, "x": 3.659491187660976, "y": -2.738227903508478, "zone": "wh_forbidden_zone", "min_dist": 0.0}
{"t": 1784284469.1594632, "x": 3.659491187660976, "y": -2.738227903508478, "zone": "wh_forbidden_zone", "min_dist": 0.0}
{"t": 1784284469.3117437, "x": 3.659491187660976, "y": -2.738227903508478, "zone": "wh_forbidden_zone", "min_dist": 0.0}
{"t": 1784284469.464534, "x": 3.659491187660976, "y": -2.738227903508478, "zone": "wh_forbidden_zone", "min_dist": 0.0}
{"t": 1784284469.6248927, "x": 3.659491187660976, "y": -2.738227903508478, "zone": "wh_forbidden_zone", "min_dist": 0.0}
{"t": 1784284469.784892, "x": 3.659491187660976, "y": -2.738227903508478, "zone": "wh_forbidden_zone", "min_dist": 0.0}
{"t": 1784284469.9614484, "x": 3.659491187660976, "y": -2.738227903508478, "zone": "wh_forbidden_zone", "min_dist": 0.0}
{"t": 1784284470.1213832, "x": 3.659491187660976, "y": -2.738227903508478, "zone": "wh_forbidden_zone", "min_dist": 0.0}
{"t": 1784284470.2739844, "x": 3.659491187660976, "y": -2.738227903508478, "zone": "wh_forbidden_zone", "min_dist": 0.0}
{"t": 1784284470.434297, "x": 3.659491187660976, "y": -2.738227903508478, "zone": "wh_forbidden_zone", "min_dist": 0.0}
{"t": 1784284470.5944908, "x": 3.659491187660976, "y": -2.738227903508478, "zone": "wh_forbidden_zone", "min_dist": 0.0}
{"t": 1784284470.7546065, "x": 3.659491187660976, "y": -2.738227903508478, "zone": "wh_forbidden_zone", "min_dist": 0.0}
{"t": 1784284470.9144127, "x": 3.659491187660976, "y": -2.738227903508478, "zone": "wh_forbidden_zone", "min_dist": 0.0}
{"t": 1784284471.0748422, "x": 3.659491187660976, "y": -2.738227903508478, "zone": "wh_forbidden_zone", "min_dist": 0.0}
{"t": 1784284471.2355108, "x": 3.659491187660976, "y": -2.738227903508478, "zone": "wh_forbidden_zone", "min_dist": 0.0}
{"t": 1784284471.3954513, "x": 3.659491187660976, "y": -2.738227903508478, "zone": "wh_forbidden_zone", "min_dist": 0.0}
{"t": 1784284471.5475683, "x": 3.659491187660976, "y": -2.738227903508478, "zone": "wh_forbidden_zone", "min_dist": 0.0}
{"t": 1784284471.69963, "x": 3.659491187660976, "y": -2.738227903508478, "zone": "wh_forbidden_zone", "min_dist": 0.0}
{"t": 1784284471.8597775, "x": 3.659491187660976, "y": -2.738227903508478, "zone": "wh_forbidden_zone", "min_dist": 0.0}
{"t": 1784284472.0194275, "x": 3.659491187660976, "y": -2.738227903508478, "zone": "wh_forbidden_zone", "min_dist": 0.0}
{"t": 1784284472.179764, "x": 3.659491187660976, "y": -2.738227903508478, "zone": "wh_forbidden_zone", "min_dist": 0.0}
{"t": 1784284472.3323045, "x": 3.659491187660976, "y": -2.738227903508478, "zone": "wh_forbidden_zone", "min_dist": 0.0}
{"t": 1784284472.4847846, "x": 3.659491187660976, "y": -2.738227903508478, "zone": "wh_forbidden_zone", "min_dist": 0.0}
{"t": 1784284472.6371572, "x": 3.659491187660976, "y": -2.738227903508478, "zone": "wh_forbidden_zone", "min_dist": 0.0}
{"t": 1784284472.7897255, "x": 3.659491187660976, "y": -2.738227903508478, "zone": "wh_forbidden_zone", "min_dist": 0.0}
{"t": 1784284472.9417825, "x": 3.659491187660976, "y": -2.738227903508478, "zone": "wh_forbidden_zone", "min_dist": 0.0}
{"t": 1784284473.0945606, "x": 3.659491187660976, "y": -2.738227903508478, "zone": "wh_forbidden_zone", "min_dist": 0.0}
{"t": 1784284473.2466314, "x": 3.659491187660976, "y": -2.738227903508478, "zone": "wh_forbidden_zone", "min_dist": 0.0}
{"t": 1784284473.4065843, "x": 3.659491187660976, "y": -2.738227903508478, "zone": "wh_forbidden_zone", "min_dist": 0.0}
{"t": 1784284473.5669522, "x": 3.659491187660976, "y": -2.738227903508478, "zone": "wh_forbidden_zone", "min_dist": 0.0}
{"t": 1784284473.726956, "x": 3.659491187660976, "y": -2.738227903508478, "zone": "wh_forbidden_zone", "min_dist": 0.0}
{"t": 1784284473.8873684, "x": 3.659491187660976, "y": -2.738227903508478, "zone": "wh_forbidden_zone", "min_dist": 0.0}
{"t": 1784284474.0476243, "x": 3.659491187660976, "y": -2.738227903508478, "zone": "wh_forbidden_zone", "min_dist": 0.0}
{"t": 1784284474.1997375, "x": 3.659491187660976, "y": -2.738227903508478, "zone": "wh_forbidden_zone", "min_dist": 0.0}
{"t": 1784284474.352358, "x": 3.659491187660976, "y": -2.738227903508478, "zone": "wh_forbidden_zone", "min_dist": 0.0}
{"t": 1784284474.512248, "x": 3.659491187660976, "y": -2.738227903508478, "zone": "wh_forbidden_zone", "min_dist": 0.0}
{"t": 1784284474.664861, "x": 3.659491187660976, "y": -2.738227903508478, "zone": "wh_forbidden_zone", "min_dist": 0.0}
{"t": 1784284474.824809, "x": 3.659491187660976, "y": -2.738227903508478, "zone": "wh_forbidden_zone", "min_dist": 0.0}
{"t": 1784284474.9851809, "x": 3.659491187660976, "y": -2.738227903508478, "zone": "wh_forbidden_zone", "min_dist": 0.0}
{"t": 1784284475.1374013, "x": 3.659491187660976, "y": -2.738227903508478, "zone": "wh_forbidden_zone", "min_dist": 0.0}
{"t": 1784284475.2897756, "x": 3.659491187660976, "y": -2.738227903508478, "zone": "wh_forbidden_zone", "min_dist": 0.0}
{"t": 1784284475.4662797, "x": 3.659491187660976, "y": -2.738227903508478, "zone": "wh_forbidden_zone", "min_dist": 0.0}
{"t": 1784284475.6182675, "x": 3.659491187660976, "y": -2.738227903508478, "zone": "wh_forbidden_zone", "min_dist": 0.0}
{"t": 1784284475.770442, "x": 3.659491187660976, "y": -2.738227903508478, "zone": "wh_forbidden_zone", "min_dist": 0.0}
{"t": 1784284475.9233272, "x": 3.659491187660976, "y": -2.738227903508478, "zone": "wh_forbidden_zone", "min_dist": 0.0}
{"t": 1784284476.0830467, "x": 3.659491187660976, "y": -2.738227903508478, "zone": "wh_forbidden_zone", "min_dist": 0.0}
{"t": 1784284476.2357602, "x": 3.659491187660976, "y": -2.738227903508478, "zone": "wh_forbidden_zone", "min_dist": 0.0}
{"t": 1784284476.3875217, "x": 3.659491187660976, "y": -2.738227903508478, "zone": "wh_forbidden_zone", "min_dist": 0.0}
{"t": 1784284476.5478234, "x": 3.659491187660976, "y": -2.738227903508478, "zone": "wh_forbidden_zone", "min_dist": 0.0}
{"t": 1784284476.7079892, "x": 3.659491187660976, "y": -2.738227903508478, "zone": "wh_forbidden_zone", "min_dist": 0.0}
{"t": 1784284476.8602602, "x": 3.659491187660976, "y": -2.738227903508478, "zone": "wh_forbidden_zone", "min_dist": 0.0}
{"t": 1784284477.012517, "x": 3.659491187660976, "y": -2.738227903508478, "zone": "wh_forbidden_zone", "min_dist": 0.0}
{"t": 1784284477.172733, "x": 3.659491187660976, "y": -2.738227903508478, "zone": "wh_forbidden_zone", "min_dist": 0.0}
{"t": 1784284477.3489802, "x": 3.659491187660976, "y": -2.738227903508478, "zone": "wh_forbidden_zone", "min_dist": 0.0}
{"t": 1784284477.5013795, "x": 3.659491187660976, "y": -2.738227903508478, "zone": "wh_forbidden_zone", "min_dist": 0.0}
{"t": 1784284477.6534154, "x": 3.659491187660976, "y": -2.738227903508478, "zone": "wh_forbidden_zone", "min_dist": 0.0}
{"t": 1784284477.8057203, "x": 3.659491187660976, "y": -2.738227903508478, "zone": "wh_forbidden_zone", "min_dist": 0.0}
{"t": 1784284477.9576714, "x": 3.659491187660976, "y": -2.738227903508478, "zone": "wh_forbidden_zone", "min_dist": 0.0}
{"t": 1784284478.1100304, "x": 3.659491187660976, "y": -2.738227903508478, "zone": "wh_forbidden_zone", "min_dist": 0.0}
{"t": 1784284478.2624192, "x": 3.659491187660976, "y": -2.738227903508478, "zone": "wh_forbidden_zone", "min_dist": 0.0}
{"t": 1784284478.4144428, "x": 3.659491187660976, "y": -2.738227903508478, "zone": "wh_forbidden_zone", "min_dist": 0.0}
{"t": 1784284478.5667424, "x": 3.659491187660976, "y": -2.738227903508478, "zone": "wh_forbidden_zone", "min_dist": 0.0}
{"t": 1784284478.719389, "x": 3.659491187660976, "y": -2.738227903508478, "zone": "wh_forbidden_zone", "min_dist": 0.0}
{"t": 1784284478.8717086, "x": 3.659491187660976, "y": -2.738227903508478, "zone": "wh_forbidden_zone", "min_dist": 0.0}
{"t": 1784284479.023537, "x": 3.659491187660976, "y": -2.738227903508478, "zone": "wh_forbidden_zone", "min_dist": 0.0}
{"t": 1784284479.1838782, "x": 3.659491187660976, "y": -2.738227903508478, "zone": "wh_forbidden_zone", "min_dist": 0.0}
{"t": 1784284479.3363447, "x": 3.659491187660976, "y": -2.738227903508478, "zone": "wh_forbidden_zone", "min_dist": 0.0}
{"t": 1784284479.4963074, "x": 3.659491187660976, "y": -2.738227903508478, "zone": "wh_forbidden_zone", "min_dist": 0.0}
{"t": 1784284479.6483748, "x": 3.659491187660976, "y": -2.738227903508478, "zone": "wh_forbidden_zone", "min_dist": 0.0}
{"t": 1784284479.800822, "x": 3.659491187660976, "y": -2.738227903508478, "zone": "wh_forbidden_zone", "min_dist": 0.0}
{"t": 1784284479.953269, "x": 3.659491187660976, "y": -2.738227903508478, "zone": "wh_forbidden_zone", "min_dist": 0.0}
{"t": 1784284480.1134245, "x": 3.659491187660976, "y": -2.738227903508478, "zone": "wh_forbidden_zone", "min_dist": 0.0}
{"t": 1784284480.2654796, "x": 3.659491187660976, "y": -2.738227903508478, "zone": "wh_forbidden_zone", "min_dist": 0.0}
{"t": 1784284480.417518, "x": 3.659491187660976, "y": -2.738227903508478, "zone": "wh_forbidden_zone", "min_dist": 0.0}
{"t": 1784284480.5697901, "x": 3.659491187660976, "y": -2.738227903508478, "zone": "wh_forbidden_zone", "min_dist": 0.0}
{"t": 1784284480.722282, "x": 3.659491187660976, "y": -2.738227903508478, "zone": "wh_forbidden_zone", "min_dist": 0.0}
{"t": 1784284480.8747945, "x": 3.659491187660976, "y": -2.738227903508478, "zone": "wh_forbidden_zone", "min_dist": 0.0}
{"t": 1784284481.02635, "x": 3.659491187660976, "y": -2.738227903508478, "zone": "wh_forbidden_zone", "min_dist": 0.0}
{"t": 1784284481.1790135, "x": 3.659491187660976, "y": -2.738227903508478, "zone": "wh_forbidden_zone", "min_dist": 0.0}
{"t": 1784284481.3311303, "x": 3.659491187660976, "y": -2.738227903508478, "zone": "wh_forbidden_zone", "min_dist": 0.0}
{"t": 1784284481.4834685, "x": 3.659491187660976, "y": -2.738227903508478, "zone": "wh_forbidden_zone", "min_dist": 0.0}
{"t": 1784284481.635569, "x": 3.659491187660976, "y": -2.738227903508478, "zone": "wh_forbidden_zone", "min_dist": 0.0}
{"t": 1784284481.795895, "x": 3.659491187660976, "y": -2.738227903508478, "zone": "wh_forbidden_zone", "min_dist": 0.0}
{"t": 1784284481.948542, "x": 3.659491187660976, "y": -2.738227903508478, "zone": "wh_forbidden_zone", "min_dist": 0.0}
{"t": 1784284482.1002061, "x": 3.659491187660976, "y": -2.738227903508478, "zone": "wh_forbidden_zone", "min_dist": 0.0}
{"t": 1784284482.2526567, "x": 3.659491187660976, "y": -2.738227903508478, "zone": "wh_forbidden_zone", "min_dist": 0.0}
{"t": 1784284482.4050055, "x": 3.659491187660976, "y": -2.738227903508478, "zone": "wh_forbidden_zone", "min_dist": 0.0}
{"t": 1784284482.557534, "x": 3.659491187660976, "y": -2.738227903508478, "zone": "wh_forbidden_zone", "min_dist": 0.0}
{"t": 1784284482.7096477, "x": 3.659491187660976, "y": -2.738227903508478, "zone": "wh_forbidden_zone", "min_dist": 0.0}
{"t": 1784284482.8620236, "x": 3.659491187660976, "y": -2.738227903508478, "zone": "wh_forbidden_zone", "min_dist": 0.0}
{"t": 1784284483.022175, "x": 3.659491187660976, "y": -2.738227903508478, "zone": "wh_forbidden_zone", "min_dist": 0.0}
{"t": 1784284483.1745389, "x": 3.659491187660976, "y": -2.738227903508478, "zone": "wh_forbidden_zone", "min_dist": 0.0}
{"t": 1784284483.3270137, "x": 3.659491187660976, "y": -2.738227903508478, "zone": "wh_forbidden_zone", "min_dist": 0.0}
{"t": 1784284483.4871309, "x": 3.659491187660976, "y": -2.738227903508478, "zone": "wh_forbidden_zone", "min_dist": 0.0}
{"t": 1784284483.6393328, "x": 3.659491187660976, "y": -2.738227903508478, "zone": "wh_forbidden_zone", "min_dist": 0.0}
{"t": 1784284483.7915452, "x": 3.659491187660976, "y": -2.738227903508478, "zone": "wh_forbidden_zone", "min_dist": 0.0}
{"t": 1784284483.952199, "x": 3.659491187660976, "y": -2.738227903508478, "zone": "wh_forbidden_zone", "min_dist": 0.0}
{"t": 1784284484.104099, "x": 3.659491187660976, "y": -2.738227903508478, "zone": "wh_forbidden_zone", "min_dist": 0.0}
{"t": 1784284484.2642267, "x": 3.659491187660976, "y": -2.738227903508478, "zone": "wh_forbidden_zone", "min_dist": 0.0}
{"t": 1784284484.417037, "x": 3.659491187660976, "y": -2.738227903508478, "zone": "wh_forbidden_zone", "min_dist": 0.0}
{"t": 1784284484.57648, "x": 3.659491187660976, "y": -2.738227903508478, "zone": "wh_forbidden_zone", "min_dist": 0.0}
{"t": 1784284484.7287767, "x": 3.659491187660976, "y": -2.738227903508478, "zone": "wh_forbidden_zone", "min_dist": 0.0}
{"t": 1784284484.881035, "x": 3.659491187660976, "y": -2.738227903508478, "zone": "wh_forbidden_zone", "min_dist": 0.0}
{"t": 1784284485.0333023, "x": 3.659491187660976, "y": -2.738227903508478, "zone": "wh_forbidden_zone", "min_dist": 0.0}
{"t": 1784284485.1855936, "x": 3.659491187660976, "y": -2.738227903508478, "zone": "wh_forbidden_zone", "min_dist": 0.0}
{"t": 1784284485.3373861, "x": 3.659491187660976, "y": -2.738227903508478, "zone": "wh_forbidden_zone", "min_dist": 0.0}
{"t": 1784284485.4897854, "x": 3.659491187660976, "y": -2.738227903508478, "zone": "wh_forbidden_zone", "min_dist": 0.0}
{"t": 1784284485.642435, "x": 3.659491187660976, "y": -2.738227903508478, "zone": "wh_forbidden_zone", "min_dist": 0.0}
{"t": 1784284485.8026085, "x": 3.659491187660976, "y": -2.738227903508478, "zone": "wh_forbidden_zone", "min_dist": 0.0}
{"t": 1784284485.9544737, "x": 3.659491187660976, "y": -2.738227903508478, "zone": "wh_forbidden_zone", "min_dist": 0.0}
{"t": 1784284486.1067224, "x": 3.659491187660976, "y": -2.738227903508478, "zone": "wh_forbidden_zone", "min_dist": 0.0}
{"t": 1784284486.267107, "x": 3.659491187660976, "y": -2.738227903508478, "zone": "wh_forbidden_zone", "min_dist": 0.0}
{"t": 1784284486.4197452, "x": 3.659491187660976, "y": -2.738227903508478, "zone": "wh_forbidden_zone", "min_dist": 0.0}
{"t": 1784284486.5796335, "x": 3.659491187660976, "y": -2.738227903508478, "zone": "wh_forbidden_zone", "min_dist": 0.0}
{"t": 1784284486.739734, "x": 3.659491187660976, "y": -2.738227903508478, "zone": "wh_forbidden_zone", "min_dist": 0.0}
{"t": 1784284486.8925033, "x": 3.659491187660976, "y": -2.738227903508478, "zone": "wh_forbidden_zone", "min_dist": 0.0}
{"t": 1784284487.0526574, "x": 3.659491187660976, "y": -2.738227903508478, "zone": "wh_forbidden_zone", "min_dist": 0.0}
{"t": 1784284487.212377, "x": 3.659491187660976, "y": -2.738227903508478, "zone": "wh_forbidden_zone", "min_dist": 0.0}
{"t": 1784284487.3648787, "x": 3.659491187660976, "y": -2.738227903508478, "zone": "wh_forbidden_zone", "min_dist": 0.0}
{"t": 1784284487.517176, "x": 3.659491187660976, "y": -2.738227903508478, "zone": "wh_forbidden_zone", "min_dist": 0.0}
{"t": 1784284487.6697183, "x": 3.659491187660976, "y": -2.738227903508478, "zone": "wh_forbidden_zone", "min_dist": 0.0}
{"t": 1784284487.8216789, "x": 3.659491187660976, "y": -2.738227903508478, "zone": "wh_forbidden_zone", "min_dist": 0.0}
{"t": 1784284487.9738438, "x": 3.659491187660976, "y": -2.738227903508478, "zone": "wh_forbidden_zone", "min_dist": 0.0}
{"t": 1784284488.1341116, "x": 3.659491187660976, "y": -2.738227903508478, "zone": "wh_forbidden_zone", "min_dist": 0.0}
{"t": 1784284488.2864325, "x": 3.659491187660976, "y": -2.738227903508478, "zone": "wh_forbidden_zone", "min_dist": 0.0}
{"t": 1784284488.4464636, "x": 3.659491187660976, "y": -2.738227903508478, "zone": "wh_forbidden_zone", "min_dist": 0.0}
{"t": 1784284488.5987806, "x": 3.659491187660976, "y": -2.738227903508478, "zone": "wh_forbidden_zone", "min_dist": 0.0}
{"t": 1784284488.751137, "x": 3.659491187660976, "y": -2.738227903508478, "zone": "wh_forbidden_zone", "min_dist": 0.0}
{"t": 1784284488.9033911, "x": 3.659491187660976, "y": -2.738227903508478, "zone": "wh_forbidden_zone", "min_dist": 0.0}
{"t": 1784284489.0555074, "x": 3.659491187660976, "y": -2.738227903508478, "zone": "wh_forbidden_zone", "min_dist": 0.0}
{"t": 1784284489.2179883, "x": 3.659491187660976, "y": -2.738227903508478, "zone": "wh_forbidden_zone", "min_dist": 0.0}
{"t": 1784284489.3771415, "x": 3.659491187660976, "y": -2.738227903508478, "zone": "wh_forbidden_zone", "min_dist": 0.0}
{"t": 1784284489.5619113, "x": 3.659491187660976, "y": -2.738227903508478, "zone": "wh_forbidden_zone", "min_dist": 0.0}
{"t": 1784284489.7221344, "x": 3.659491187660976, "y": -2.738227903508478, "zone": "wh_forbidden_zone", "min_dist": 0.0}
{"t": 1784284489.8743424, "x": 3.659491187660976, "y": -2.738227903508478, "zone": "wh_forbidden_zone", "min_dist": 0.0}
{"t": 1784284490.026477, "x": 3.659491187660976, "y": -2.738227903508478, "zone": "wh_forbidden_zone", "min_dist": 0.0}
{"t": 1784284490.1789453, "x": 3.659491187660976, "y": -2.738227903508478, "zone": "wh_forbidden_zone", "min_dist": 0.0}
{"t": 1784284490.3388205, "x": 3.659491187660976, "y": -2.738227903508478, "zone": "wh_forbidden_zone", "min_dist": 0.0}
{"t": 1784284490.498899, "x": 3.659491187660976, "y": -2.738227903508478, "zone": "wh_forbidden_zone", "min_dist": 0.0}
{"t": 1784284490.6514854, "x": 3.659491187660976, "y": -2.738227903508478, "zone": "wh_forbidden_zone", "min_dist": 0.0}
{"t": 1784284490.8116157, "x": 3.659491187660976, "y": -2.738227903508478, "zone": "wh_forbidden_zone", "min_dist": 0.0}
{"t": 1784284490.9715805, "x": 3.659491187660976, "y": -2.738227903508478, "zone": "wh_forbidden_zone", "min_dist": 0.0}
{"t": 1784284491.1320739, "x": 3.659491187660976, "y": -2.738227903508478, "zone": "wh_forbidden_zone", "min_dist": 0.0}
{"t": 1784284491.292341, "x": 3.659491187660976, "y": -2.738227903508478, "zone": "wh_forbidden_zone", "min_dist": 0.0}
{"t": 1784284491.4525673, "x": 3.659491187660976, "y": -2.738227903508478, "zone": "wh_forbidden_zone", "min_dist": 0.0}
{"t": 1784284491.6128125, "x": 3.659491187660976, "y": -2.738227903508478, "zone": "wh_forbidden_zone", "min_dist": 0.0}
{"t": 1784284491.7652495, "x": 3.659491187660976, "y": -2.738227903508478, "zone": "wh_forbidden_zone", "min_dist": 0.0}
{"t": 1784284491.9175212, "x": 3.659491187660976, "y": -2.738227903508478, "zone": "wh_forbidden_zone", "min_dist": 0.0}
{"t": 1784284492.0696328, "x": 3.659491187660976, "y": -2.738227903508478, "zone": "wh_forbidden_zone", "min_dist": 0.0}
{"t": 1784284492.2220984, "x": 3.659491187660976, "y": -2.738227903508478, "zone": "wh_forbidden_zone", "min_dist": 0.0}
{"t": 1784284492.3745296, "x": 3.659491187660976, "y": -2.738227903508478, "zone": "wh_forbidden_zone", "min_dist": 0.0}
{"t": 1784284492.526379, "x": 3.659491187660976, "y": -2.738227903508478, "zone": "wh_forbidden_zone", "min_dist": 0.0}
{"t": 1784284492.678496, "x": 3.659491187660976, "y": -2.738227903508478, "zone": "wh_forbidden_zone", "min_dist": 0.0}
{"t": 1784284492.8303995, "x": 3.659491187660976, "y": -2.738227903508478, "zone": "wh_forbidden_zone", "min_dist": 0.0}
{"t": 1784284492.9913151, "x": 3.659491187660976, "y": -2.738227903508478, "zone": "wh_forbidden_zone", "min_dist": 0.0}
{"t": 1784284493.1511023, "x": 3.659491187660976, "y": -2.738227903508478, "zone": "wh_forbidden_zone", "min_dist": 0.0}
{"t": 1784284493.3036945, "x": 3.659491187660976, "y": -2.738227903508478, "zone": "wh_forbidden_zone", "min_dist": 0.0}
{"t": 1784284493.4558818, "x": 3.659491187660976, "y": -2.738227903508478, "zone": "wh_forbidden_zone", "min_dist": 0.0}
{"t": 1784284493.6161733, "x": 3.659491187660976, "y": -2.738227903508478, "zone": "wh_forbidden_zone", "min_dist": 0.0}
{"t": 1784284493.7765894, "x": 3.659491187660976, "y": -2.738227903508478, "zone": "wh_forbidden_zone", "min_dist": 0.0}
{"t": 1784284493.936863, "x": 3.659491187660976, "y": -2.738227903508478, "zone": "wh_forbidden_zone", "min_dist": 0.0}
{"t": 1784284494.089208, "x": 3.659491187660976, "y": -2.738227903508478, "zone": "wh_forbidden_zone", "min_dist": 0.0}
{"t": 1784284494.2415612, "x": 3.659491187660976, "y": -2.738227903508478, "zone": "wh_forbidden_zone", "min_dist": 0.0}
{"t": 1784284494.4014564, "x": 3.659491187660976, "y": -2.738227903508478, "zone": "wh_forbidden_zone", "min_dist": 0.0}
{"t": 1784284494.5537956, "x": 3.659491187660976, "y": -2.738227903508478, "zone": "wh_forbidden_zone", "min_dist": 0.0}
{"t": 1784284494.7139215, "x": 3.659491187660976, "y": -2.738227903508478, "zone": "wh_forbidden_zone", "min_dist": 0.0}
{"t": 1784284494.8663557, "x": 3.659491187660976, "y": -2.738227903508478, "zone": "wh_forbidden_zone", "min_dist": 0.0}
{"t": 1784284495.0183773, "x": 3.659491187660976, "y": -2.738227903508478, "zone": "wh_forbidden_zone", "min_dist": 0.0}
{"t": 1784284495.1709495, "x": 3.659491187660976, "y": -2.738227903508478, "zone": "wh_forbidden_zone", "min_dist": 0.0}
{"t": 1784284495.3469682, "x": 3.659491187660976, "y": -2.738227903508478, "zone": "wh_forbidden_zone", "min_dist": 0.0}
{"t": 1784284495.4995599, "x": 3.659491187660976, "y": -2.738227903508478, "zone": "wh_forbidden_zone", "min_dist": 0.0}
{"t": 1784284495.6514294, "x": 3.659491187660976, "y": -2.738227903508478, "zone": "wh_forbidden_zone", "min_dist": 0.0}
{"t": 1784284495.811772, "x": 3.659491187660976, "y": -2.738227903508478, "zone": "wh_forbidden_zone", "min_dist": 0.0}
{"t": 1784284495.9640434, "x": 3.659491187660976, "y": -2.738227903508478, "zone": "wh_forbidden_zone", "min_dist": 0.0}
{"t": 1784284496.1161869, "x": 3.659491187660976, "y": -2.738227903508478, "zone": "wh_forbidden_zone", "min_dist": 0.0}
{"t": 1784284496.2683818, "x": 3.659491187660976, "y": -2.738227903508478, "zone": "wh_forbidden_zone", "min_dist": 0.0}
{"t": 1784284496.4205258, "x": 3.659491187660976, "y": -2.738227903508478, "zone": "wh_forbidden_zone", "min_dist": 0.0}
{"t": 1784284496.5728586, "x": 3.659491187660976, "y": -2.738227903508478, "zone": "wh_forbidden_zone", "min_dist": 0.0}
{"t": 1784284496.7246947, "x": 3.659491187660976, "y": -2.738227903508478, "zone": "wh_forbidden_zone", "min_dist": 0.0}
{"t": 1784284496.9015417, "x": 3.659491187660976, "y": -2.738227903508478, "zone": "wh_forbidden_zone", "min_dist": 0.0}
{"t": 1784284497.0616386, "x": 3.659491187660976, "y": -2.738227903508478, "zone": "wh_forbidden_zone", "min_dist": 0.0}
{"t": 1784284497.2139485, "x": 3.659491187660976, "y": -2.738227903508478, "zone": "wh_forbidden_zone", "min_dist": 0.0}
{"t": 1784284497.3662379, "x": 3.659491187660976, "y": -2.738227903508478, "zone": "wh_forbidden_zone", "min_dist": 0.0}
{"t": 1784284497.518447, "x": 3.659491187660976, "y": -2.738227903508478, "zone": "wh_forbidden_zone", "min_dist": 0.0}
{"t": 1784284497.6704135, "x": 3.659491187660976, "y": -2.738227903508478, "zone": "wh_forbidden_zone", "min_dist": 0.0}
{"t": 1784284497.8304443, "x": 3.659491187660976, "y": -2.738227903508478, "zone": "wh_forbidden_zone", "min_dist": 0.0}
{"t": 1784284497.9829562, "x": 3.659491187660976, "y": -2.738227903508478, "zone": "wh_forbidden_zone", "min_dist": 0.0}
{"t": 1784284498.1352363, "x": 3.659491187660976, "y": -2.738227903508478, "zone": "wh_forbidden_zone", "min_dist": 0.0}
{"t": 1784284498.295332, "x": 3.659491187660976, "y": -2.738227903508478, "zone": "wh_forbidden_zone", "min_dist": 0.0}
{"t": 1784284498.448222, "x": 3.659491187660976, "y": -2.738227903508478, "zone": "wh_forbidden_zone", "min_dist": 0.0}
{"t": 1784284498.6081288, "x": 3.659491187660976, "y": -2.738227903508478, "zone": "wh_forbidden_zone", "min_dist": 0.0}
{"t": 1784284498.7684903, "x": 3.659491187660976, "y": -2.738227903508478, "zone": "wh_forbidden_zone", "min_dist": 0.0}
{"t": 1784284498.928596, "x": 3.659491187660976, "y": -2.738227903508478, "zone": "wh_forbidden_zone", "min_dist": 0.0}
{"t": 1784284499.08115, "x": 3.659491187660976, "y": -2.738227903508478, "zone": "wh_forbidden_zone", "min_dist": 0.0}
{"t": 1784284499.2334409, "x": 3.659491187660976, "y": -2.738227903508478, "zone": "wh_forbidden_zone", "min_dist": 0.0}
{"t": 1784284499.38574, "x": 3.659491187660976, "y": -2.738227903508478, "zone": "wh_forbidden_zone", "min_dist": 0.0}
{"t": 1784284499.5377083, "x": 3.659491187660976, "y": -2.738227903508478, "zone": "wh_forbidden_zone", "min_dist": 0.0}
{"t": 1784284499.6904504, "x": 3.659491187660976, "y": -2.738227903508478, "zone": "wh_forbidden_zone", "min_dist": 0.0}
{"t": 1784284499.8427413, "x": 3.659491187660976, "y": -2.738227903508478, "zone": "wh_forbidden_zone", "min_dist": 0.0}
{"t": 1784284499.994508, "x": 3.659491187660976, "y": -2.738227903508478, "zone": "wh_forbidden_zone", "min_dist": 0.0}
{"t": 1784284500.1471174, "x": 3.659491187660976, "y": -2.738227903508478, "zone": "wh_forbidden_zone", "min_dist": 0.0}
{"t": 1784284500.299147, "x": 3.659491187660976, "y": -2.738227903508478, "zone": "wh_forbidden_zone", "min_dist": 0.0}
{"t": 1784284500.459397, "x": 3.659491187660976, "y": -2.738227903508478, "zone": "wh_forbidden_zone", "min_dist": 0.0}
{"t": 1784284500.6194444, "x": 3.659491187660976, "y": -2.738227903508478, "zone": "wh_forbidden_zone", "min_dist": 0.0}
{"t": 1784284500.7796848, "x": 3.659491187660976, "y": -2.738227903508478, "zone": "wh_forbidden_zone", "min_dist": 0.0}
{"t": 1784284500.9319057, "x": 3.659491187660976, "y": -2.738227903508478, "zone": "wh_forbidden_zone", "min_dist": 0.0}
{"t": 1784284501.0842252, "x": 3.659491187660976, "y": -2.738227903508478, "zone": "wh_forbidden_zone", "min_dist": 0.0}
{"t": 1784284501.2366164, "x": 3.659491187660976, "y": -2.738227903508478, "zone": "wh_forbidden_zone", "min_dist": 0.0}
{"t": 1784284501.3970594, "x": 3.659491187660976, "y": -2.738227903508478, "zone": "wh_forbidden_zone", "min_dist": 0.0}
{"t": 1784284501.5493677, "x": 3.659491187660976, "y": -2.738227903508478, "zone": "wh_forbidden_zone", "min_dist": 0.0}
{"t": 1784284501.7015827, "x": 3.659491187660976, "y": -2.738227903508478, "zone": "wh_forbidden_zone", "min_dist": 0.0}
{"t": 1784284501.8538992, "x": 3.659491187660976, "y": -2.738227903508478, "zone": "wh_forbidden_zone", "min_dist": 0.0}
{"t": 1784284502.0060744, "x": 3.659491187660976, "y": -2.738227903508478, "zone": "wh_forbidden_zone", "min_dist": 0.0}
{"t": 1784284502.1663327, "x": 3.659491187660976, "y": -2.738227903508478, "zone": "wh_forbidden_zone", "min_dist": 0.0}
{"t": 1784284502.3263583, "x": 3.659491187660976, "y": -2.738227903508478, "zone": "wh_forbidden_zone", "min_dist": 0.0}
{"t": 1784284502.4791331, "x": 3.659491187660976, "y": -2.738227903508478, "zone": "wh_forbidden_zone", "min_dist": 0.0}
{"t": 1784284502.6310568, "x": 3.659491187660976, "y": -2.738227903508478, "zone": "wh_forbidden_zone", "min_dist": 0.0}
{"t": 1784284502.7834857, "x": 3.659491187660976, "y": -2.738227903508478, "zone": "wh_forbidden_zone", "min_dist": 0.0}
{"t": 1784284502.935804, "x": 3.659491187660976, "y": -2.738227903508478, "zone": "wh_forbidden_zone", "min_dist": 0.0}
{"t": 1784284503.096113, "x": 3.659491187660976, "y": -2.738227903508478, "zone": "wh_forbidden_zone", "min_dist": 0.0}
{"t": 1784284503.2490327, "x": 3.659491187660976, "y": -2.738227903508478, "zone": "wh_forbidden_zone", "min_dist": 0.0}
{"t": 1784284503.4084914, "x": 3.659491187660976, "y": -2.738227903508478, "zone": "wh_forbidden_zone", "min_dist": 0.0}
{"t": 1784284503.5603418, "x": 3.659491187660976, "y": -2.738227903508478, "zone": "wh_forbidden_zone", "min_dist": 0.0}
{"t": 1784284503.7366183, "x": 3.659491187660976, "y": -2.738227903508478, "zone": "wh_forbidden_zone", "min_dist": 0.0}
{"t": 1784284503.8969672, "x": 3.659491187660976, "y": -2.738227903508478, "zone": "wh_forbidden_zone", "min_dist": 0.0}
{"t": 1784284504.0495682, "x": 3.659491187660976, "y": -2.738227903508478, "zone": "wh_forbidden_zone", "min_dist": 0.0}
{"t": 1784284504.201515, "x": 3.659491187660976, "y": -2.738227903508478, "zone": "wh_forbidden_zone", "min_dist": 0.0}
{"t": 1784284504.3615725, "x": 3.659491187660976, "y": -2.738227903508478, "zone": "wh_forbidden_zone", "min_dist": 0.0}
{"t": 1784284504.513553, "x": 3.659491187660976, "y": -2.738227903508478, "zone": "wh_forbidden_zone", "min_dist": 0.0}
{"t": 1784284504.6657531, "x": 3.659491187660976, "y": -2.738227903508478, "zone": "wh_forbidden_zone", "min_dist": 0.0}
{"t": 1784284504.8185287, "x": 3.659491187660976, "y": -2.738227903508478, "zone": "wh_forbidden_zone", "min_dist": 0.0}
{"t": 1784284504.9790006, "x": 3.659491187660976, "y": -2.738227903508478, "zone": "wh_forbidden_zone", "min_dist": 0.0}
{"t": 1784284505.1312382, "x": 3.659491187660976, "y": -2.738227903508478, "zone": "wh_forbidden_zone", "min_dist": 0.0}
{"t": 1784284505.2915463, "x": 3.659491187660976, "y": -2.738227903508478, "zone": "wh_forbidden_zone", "min_dist": 0.0}
{"t": 1784284505.4518807, "x": 3.659491187660976, "y": -2.738227903508478, "zone": "wh_forbidden_zone", "min_dist": 0.0}
{"t": 1784284505.612044, "x": 3.659491187660976, "y": -2.738227903508478, "zone": "wh_forbidden_zone", "min_dist": 0.0}
{"t": 1784284505.7643676, "x": 3.659491187660976, "y": -2.738227903508478, "zone": "wh_forbidden_zone", "min_dist": 0.0}
{"t": 1784284505.916445, "x": 3.659491187660976, "y": -2.738227903508478, "zone": "wh_forbidden_zone", "min_dist": 0.0}
{"t": 1784284506.0766838, "x": 3.659491187660976, "y": -2.738227903508478, "zone": "wh_forbidden_zone", "min_dist": 0.0}
{"t": 1784284506.2290435, "x": 3.659491187660976, "y": -2.738227903508478, "zone": "wh_forbidden_zone", "min_dist": 0.0}
{"t": 1784284506.4054449, "x": 3.659491187660976, "y": -2.738227903508478, "zone": "wh_forbidden_zone", "min_dist": 0.0}
{"t": 1784284506.5575404, "x": 3.659491187660976, "y": -2.738227903508478, "zone": "wh_forbidden_zone", "min_dist": 0.0}
{"t": 1784284506.7106748, "x": 3.659491187660976, "y": -2.738227903508478, "zone": "wh_forbidden_zone", "min_dist": 0.0}
{"t": 1784284506.862159, "x": 3.659491187660976, "y": -2.738227903508478, "zone": "wh_forbidden_zone", "min_dist": 0.0}
{"t": 1784284507.022274, "x": 3.659491187660976, "y": -2.738227903508478, "zone": "wh_forbidden_zone", "min_dist": 0.0}
{"t": 1784284507.1749597, "x": 3.659491187660976, "y": -2.738227903508478, "zone": "wh_forbidden_zone", "min_dist": 0.0}
{"t": 1784284507.3267937, "x": 3.659491187660976, "y": -2.738227903508478, "zone": "wh_forbidden_zone", "min_dist": 0.0}
{"t": 1784284507.487337, "x": 3.659491187660976, "y": -2.738227903508478, "zone": "wh_forbidden_zone", "min_dist": 0.0}
{"t": 1784284507.6473742, "x": 3.659491187660976, "y": -2.738227903508478, "zone": "wh_forbidden_zone", "min_dist": 0.0}
{"t": 1784284507.7995546, "x": 3.659491187660976, "y": -2.738227903508478, "zone": "wh_forbidden_zone", "min_dist": 0.0}
{"t": 1784284507.951766, "x": 3.659491187660976, "y": -2.738227903508478, "zone": "wh_forbidden_zone", "min_dist": 0.0}
{"t": 1784284508.1042879, "x": 3.659491187660976, "y": -2.738227903508478, "zone": "wh_forbidden_zone", "min_dist": 0.0}
{"t": 1784284508.256359, "x": 3.659491187660976, "y": -2.738227903508478, "zone": "wh_forbidden_zone", "min_dist": 0.0}
{"t": 1784284508.4166431, "x": 3.659491187660976, "y": -2.738227903508478, "zone": "wh_forbidden_zone", "min_dist": 0.0}
{"t": 1784284508.5690708, "x": 3.659491187660976, "y": -2.738227903508478, "zone": "wh_forbidden_zone", "min_dist": 0.0}
{"t": 1784284508.7294888, "x": 3.659491187660976, "y": -2.738227903508478, "zone": "wh_forbidden_zone", "min_dist": 0.0}
{"t": 1784284508.8814454, "x": 3.659491187660976, "y": -2.738227903508478, "zone": "wh_forbidden_zone", "min_dist": 0.0}
{"t": 1784284509.041753, "x": 3.659491187660976, "y": -2.738227903508478, "zone": "wh_forbidden_zone", "min_dist": 0.0}
{"t": 1784284509.2017832, "x": 3.659491187660976, "y": -2.738227903508478, "zone": "wh_forbidden_zone", "min_dist": 0.0}
{"t": 1784284509.3624623, "x": 3.659491187660976, "y": -2.738227903508478, "zone": "wh_forbidden_zone", "min_dist": 0.0}
{"t": 1784284509.5224516, "x": 3.659491187660976, "y": -2.738227903508478, "zone": "wh_forbidden_zone", "min_dist": 0.0}
{"t": 1784284509.6743946, "x": 3.659491187660976, "y": -2.738227903508478, "zone": "wh_forbidden_zone", "min_dist": 0.0}
{"t": 1784284509.8266401, "x": 3.659491187660976, "y": -2.738227903508478, "zone": "wh_forbidden_zone", "min_dist": 0.0}
{"t": 1784284509.9791574, "x": 3.659491187660976, "y": -2.738227903508478, "zone": "wh_forbidden_zone", "min_dist": 0.0}
{"t": 1784284510.1312883, "x": 3.659491187660976, "y": -2.738227903508478, "zone": "wh_forbidden_zone", "min_dist": 0.0}
{"t": 1784284510.2834575, "x": 3.659491187660976, "y": -2.738227903508478, "zone": "wh_forbidden_zone", "min_dist": 0.0}
{"t": 1784284510.443355, "x": 3.659491187660976, "y": -2.738227903508478, "zone": "wh_forbidden_zone", "min_dist": 0.0}
{"t": 1784284510.5953195, "x": 3.659491187660976, "y": -2.738227903508478, "zone": "wh_forbidden_zone", "min_dist": 0.0}
{"t": 1784284510.747526, "x": 3.659491187660976, "y": -2.738227903508478, "zone": "wh_forbidden_zone", "min_dist": 0.0}
{"t": 1784284510.9079673, "x": 3.659491187660976, "y": -2.738227903508478, "zone": "wh_forbidden_zone", "min_dist": 0.0}
{"t": 1784284511.0607762, "x": 3.659491187660976, "y": -2.738227903508478, "zone": "wh_forbidden_zone", "min_dist": 0.0}
{"t": 1784284511.212523, "x": 3.659491187660976, "y": -2.738227903508478, "zone": "wh_forbidden_zone", "min_dist": 0.0}
{"t": 1784284511.3647883, "x": 3.659491187660976, "y": -2.738227903508478, "zone": "wh_forbidden_zone", "min_dist": 0.0}
{"t": 1784284511.51713, "x": 3.659491187660976, "y": -2.738227903508478, "zone": "wh_forbidden_zone", "min_dist": 0.0}
{"t": 1784284511.6697848, "x": 3.659491187660976, "y": -2.738227903508478, "zone": "wh_forbidden_zone", "min_dist": 0.0}
{"t": 1784284511.829713, "x": 3.659491187660976, "y": -2.738227903508478, "zone": "wh_forbidden_zone", "min_dist": 0.0}
{"t": 1784284511.9900331, "x": 3.659491187660976, "y": -2.738227903508478, "zone": "wh_forbidden_zone", "min_dist": 0.0}
{"t": 1784284512.14229, "x": 3.659491187660976, "y": -2.738227903508478, "zone": "wh_forbidden_zone", "min_dist": 0.0}
{"t": 1784284512.2943087, "x": 3.659491187660976, "y": -2.738227903508478, "zone": "wh_forbidden_zone", "min_dist": 0.0}
{"t": 1784284512.4468956, "x": 3.659491187660976, "y": -2.738227903508478, "zone": "wh_forbidden_zone", "min_dist": 0.0}
{"t": 1784284512.6232898, "x": 3.659491187660976, "y": -2.738227903508478, "zone": "wh_forbidden_zone", "min_dist": 0.0}
{"t": 1784284512.7755063, "x": 3.659491187660976, "y": -2.738227903508478, "zone": "wh_forbidden_zone", "min_dist": 0.0}
{"t": 1784284512.927673, "x": 3.659491187660976, "y": -2.738227903508478, "zone": "wh_forbidden_zone", "min_dist": 0.0}
{"t": 1784284513.0878782, "x": 3.659491187660976, "y": -2.738227903508478, "zone": "wh_forbidden_zone", "min_dist": 0.0}
{"t": 1784284513.240272, "x": 3.659491187660976, "y": -2.738227903508478, "zone": "wh_forbidden_zone", "min_dist": 0.0}
{"t": 1784284513.3922493, "x": 3.659491187660976, "y": -2.738227903508478, "zone": "wh_forbidden_zone", "min_dist": 0.0}
{"t": 1784284513.5448236, "x": 3.659491187660976, "y": -2.738227903508478, "zone": "wh_forbidden_zone", "min_dist": 0.0}
{"t": 1784284513.7055469, "x": 3.659491187660976, "y": -2.738227903508478, "zone": "wh_forbidden_zone", "min_dist": 0.0}
{"t": 1784284513.8574758, "x": 3.659491187660976, "y": -2.738227903508478, "zone": "wh_forbidden_zone", "min_dist": 0.0}
{"t": 1784284514.017535, "x": 3.659491187660976, "y": -2.738227903508478, "zone": "wh_forbidden_zone", "min_dist": 0.0}
{"t": 1784284514.1702347, "x": 3.659491187660976, "y": -2.738227903508478, "zone": "wh_forbidden_zone", "min_dist": 0.0}
{"t": 1784284514.3301604, "x": 3.659491187660976, "y": -2.738227903508478, "zone": "wh_forbidden_zone", "min_dist": 0.0}
{"t": 1784284514.4902961, "x": 3.659491187660976, "y": -2.738227903508478, "zone": "wh_forbidden_zone", "min_dist": 0.0}
{"t": 1784284514.6507194, "x": 3.659491187660976, "y": -2.738227903508478, "zone": "wh_forbidden_zone", "min_dist": 0.0}
{"t": 1784284514.8117108, "x": 3.659491187660976, "y": -2.738227903508478, "zone": "wh_forbidden_zone", "min_dist": 0.0}
{"t": 1784284514.9626815, "x": 3.659491187660976, "y": -2.738227903508478, "zone": "wh_forbidden_zone", "min_dist": 0.0}
{"t": 1784284515.1149158, "x": 3.659491187660976, "y": -2.738227903508478, "zone": "wh_forbidden_zone", "min_dist": 0.0}
{"t": 1784284515.2673588, "x": 3.659491187660976, "y": -2.738227903508478, "zone": "wh_forbidden_zone", "min_dist": 0.0}
{"t": 1784284515.4276934, "x": 3.659491187660976, "y": -2.738227903508478, "zone": "wh_forbidden_zone", "min_dist": 0.0}
{"t": 1784284515.5800502, "x": 3.659491187660976, "y": -2.738227903508478, "zone": "wh_forbidden_zone", "min_dist": 0.0}
{"t": 1784284515.7403326, "x": 3.659491187660976, "y": -2.738227903508478, "zone": "wh_forbidden_zone", "min_dist": 0.0}
{"t": 1784284515.9006937, "x": 3.659491187660976, "y": -2.738227903508478, "zone": "wh_forbidden_zone", "min_dist": 0.0}
{"t": 1784284516.0529997, "x": 3.659491187660976, "y": -2.738227903508478, "zone": "wh_forbidden_zone", "min_dist": 0.0}
{"t": 1784284516.2050214, "x": 3.659491187660976, "y": -2.738227903508478, "zone": "wh_forbidden_zone", "min_dist": 0.0}
{"t": 1784284516.3575878, "x": 3.659491187660976, "y": -2.738227903508478, "zone": "wh_forbidden_zone", "min_dist": 0.0}
{"t": 1784284516.509364, "x": 3.659491187660976, "y": -2.738227903508478, "zone": "wh_forbidden_zone", "min_dist": 0.0}
{"t": 1784284516.6617618, "x": 3.659491187660976, "y": -2.738227903508478, "zone": "wh_forbidden_zone", "min_dist": 0.0}
{"t": 1784284516.8221607, "x": 3.659491187660976, "y": -2.738227903508478, "zone": "wh_forbidden_zone", "min_dist": 0.0}
{"t": 1784284516.9745615, "x": 3.659491187660976, "y": -2.738227903508478, "zone": "wh_forbidden_zone", "min_dist": 0.0}
{"t": 1784284517.1265378, "x": 3.659491187660976, "y": -2.738227903508478, "zone": "wh_forbidden_zone", "min_dist": 0.0}
{"t": 1784284517.278856, "x": 3.659491187660976, "y": -2.738227903508478, "zone": "wh_forbidden_zone", "min_dist": 0.0}
{"t": 1784284517.4311786, "x": 3.659491187660976, "y": -2.738227903508478, "zone": "wh_forbidden_zone", "min_dist": 0.0}
{"t": 1784284517.5912864, "x": 3.659491187660976, "y": -2.738227903508478, "zone": "wh_forbidden_zone", "min_dist": 0.0}
{"t": 1784284517.743829, "x": 3.659491187660976, "y": -2.738227903508478, "zone": "wh_forbidden_zone", "min_dist": 0.0}
{"t": 1784284517.9035306, "x": 3.659491187660976, "y": -2.738227903508478, "zone": "wh_forbidden_zone", "min_dist": 0.0}
{"t": 1784284518.0639682, "x": 3.659491187660976, "y": -2.738227903508478, "zone": "wh_forbidden_zone", "min_dist": 0.0}
{"t": 1784284518.2243412, "x": 3.659491187660976, "y": -2.738227903508478, "zone": "wh_forbidden_zone", "min_dist": 0.0}
{"t": 1784284518.3843703, "x": 3.659491187660976, "y": -2.738227903508478, "zone": "wh_forbidden_zone", "min_dist": 0.0}
{"t": 1784284518.5364654, "x": 3.659491187660976, "y": -2.738227903508478, "zone": "wh_forbidden_zone", "min_dist": 0.0}
{"t": 1784284518.688681, "x": 3.659491187660976, "y": -2.738227903508478, "zone": "wh_forbidden_zone", "min_dist": 0.0}
{"t": 1784284518.8411613, "x": 3.659491187660976, "y": -2.738227903508478, "zone": "wh_forbidden_zone", "min_dist": 0.0}
{"t": 1784284518.9931061, "x": 3.659491187660976, "y": -2.738227903508478, "zone": "wh_forbidden_zone", "min_dist": 0.0}
{"t": 1784284519.1455889, "x": 3.659491187660976, "y": -2.738227903508478, "zone": "wh_forbidden_zone", "min_dist": 0.0}
{"t": 1784284519.2974648, "x": 3.659491187660976, "y": -2.738227903508478, "zone": "wh_forbidden_zone", "min_dist": 0.0}
{"t": 1784284519.4497185, "x": 3.659491187660976, "y": -2.738227903508478, "zone": "wh_forbidden_zone", "min_dist": 0.0}
{"t": 1784284519.602017, "x": 3.659491187660976, "y": -2.738227903508478, "zone": "wh_forbidden_zone", "min_dist": 0.0}
{"t": 1784284519.7622392, "x": 3.659491187660976, "y": -2.738227903508478, "zone": "wh_forbidden_zone", "min_dist": 0.0}
{"t": 1784284519.938741, "x": 3.659491187660976, "y": -2.738227903508478, "zone": "wh_forbidden_zone", "min_dist": 0.0}
{"t": 1784284520.090691, "x": 3.659491187660976, "y": -2.738227903508478, "zone": "wh_forbidden_zone", "min_dist": 0.0}
{"t": 1784284520.2435577, "x": 3.659491187660976, "y": -2.738227903508478, "zone": "wh_forbidden_zone", "min_dist": 0.0}
{"t": 1784284520.3952005, "x": 3.659491187660976, "y": -2.738227903508478, "zone": "wh_forbidden_zone", "min_dist": 0.0}
{"t": 1784284520.555757, "x": 3.659491187660976, "y": -2.738227903508478, "zone": "wh_forbidden_zone", "min_dist": 0.0}
{"t": 1784284520.708196, "x": 3.659491187660976, "y": -2.738227903508478, "zone": "wh_forbidden_zone", "min_dist": 0.0}
{"t": 1784284520.8684711, "x": 3.659491187660976, "y": -2.738227903508478, "zone": "wh_forbidden_zone", "min_dist": 0.0}
{"t": 1784284521.0285857, "x": 3.659491187660976, "y": -2.738227903508478, "zone": "wh_forbidden_zone", "min_dist": 0.0}
{"t": 1784284521.181333, "x": 3.659491187660976, "y": -2.738227903508478, "zone": "wh_forbidden_zone", "min_dist": 0.0}
{"t": 1784284521.3416405, "x": 3.659491187660976, "y": -2.738227903508478, "zone": "wh_forbidden_zone", "min_dist": 0.0}
{"t": 1784284521.4933834, "x": 3.659491187660976, "y": -2.738227903508478, "zone": "wh_forbidden_zone", "min_dist": 0.0}
{"t": 1784284521.653541, "x": 3.659491187660976, "y": -2.738227903508478, "zone": "wh_forbidden_zone", "min_dist": 0.0}
{"t": 1784284521.8136218, "x": 3.659491187660976, "y": -2.738227903508478, "zone": "wh_forbidden_zone", "min_dist": 0.0}
{"t": 1784284521.965789, "x": 3.659491187660976, "y": -2.738227903508478, "zone": "wh_forbidden_zone", "min_dist": 0.0}
{"t": 1784284522.126265, "x": 3.659491187660976, "y": -2.738227903508478, "zone": "wh_forbidden_zone", "min_dist": 0.0}
{"t": 1784284522.2866292, "x": 3.659491187660976, "y": -2.738227903508478, "zone": "wh_forbidden_zone", "min_dist": 0.0}
{"t": 1784284522.4463687, "x": 3.659491187660976, "y": -2.738227903508478, "zone": "wh_forbidden_zone", "min_dist": 0.0}
{"t": 1784284522.5986772, "x": 3.659491187660976, "y": -2.738227903508478, "zone": "wh_forbidden_zone", "min_dist": 0.0}
{"t": 1784284522.7511113, "x": 3.659491187660976, "y": -2.738227903508478, "zone": "wh_forbidden_zone", "min_dist": 0.0}
{"t": 1784284522.9114182, "x": 3.659491187660976, "y": -2.738227903508478, "zone": "wh_forbidden_zone", "min_dist": 0.0}
{"t": 1784284523.0718126, "x": 3.659491187660976, "y": -2.738227903508478, "zone": "wh_forbidden_zone", "min_dist": 0.0}
{"t": 1784284523.2241435, "x": 3.659491187660976, "y": -2.738227903508478, "zone": "wh_forbidden_zone", "min_dist": 0.0}
{"t": 1784284523.3762064, "x": 3.659491187660976, "y": -2.738227903508478, "zone": "wh_forbidden_zone", "min_dist": 0.0}
{"t": 1784284523.5285008, "x": 3.659491187660976, "y": -2.738227903508478, "zone": "wh_forbidden_zone", "min_dist": 0.0}
{"t": 1784284523.6811264, "x": 3.659491187660976, "y": -2.738227903508478, "zone": "wh_forbidden_zone", "min_dist": 0.0}
{"t": 1784284523.8332188, "x": 3.659491187660976, "y": -2.738227903508478, "zone": "wh_forbidden_zone", "min_dist": 0.0}
{"t": 1784284523.9861436, "x": 3.659491187660976, "y": -2.738227903508478, "zone": "wh_forbidden_zone", "min_dist": 0.0}
{"t": 1784284524.137389, "x": 3.659491187660976, "y": -2.738227903508478, "zone": "wh_forbidden_zone", "min_dist": 0.0}
{"t": 1784284524.2977579, "x": 3.659491187660976, "y": -2.738227903508478, "zone": "wh_forbidden_zone", "min_dist": 0.0}
{"t": 1784284524.450034, "x": 3.659491187660976, "y": -2.738227903508478, "zone": "wh_forbidden_zone", "min_dist": 0.0}
{"t": 1784284524.6023269, "x": 3.659491187660976, "y": -2.738227903508478, "zone": "wh_forbidden_zone", "min_dist": 0.0}
{"t": 1784284524.762656, "x": 3.659491187660976, "y": -2.738227903508478, "zone": "wh_forbidden_zone", "min_dist": 0.0}
{"t": 1784284524.9229248, "x": 3.659491187660976, "y": -2.738227903508478, "zone": "wh_forbidden_zone", "min_dist": 0.0}
{"t": 1784284525.0755146, "x": 3.659491187660976, "y": -2.738227903508478, "zone": "wh_forbidden_zone", "min_dist": 0.0}
{"t": 1784284525.2288184, "x": 3.659491187660976, "y": -2.738227903508478, "zone": "wh_forbidden_zone", "min_dist": 0.0}
{"t": 1784284525.3878098, "x": 3.659491187660976, "y": -2.738227903508478, "zone": "wh_forbidden_zone", "min_dist": 0.0}
{"t": 1784284525.5394866, "x": 3.659491187660976, "y": -2.738227903508478, "zone": "wh_forbidden_zone", "min_dist": 0.0}
{"t": 1784284525.6918664, "x": 3.659491187660976, "y": -2.738227903508478, "zone": "wh_forbidden_zone", "min_dist": 0.0}
{"t": 1784284525.8440955, "x": 3.659491187660976, "y": -2.738227903508478, "zone": "wh_forbidden_zone", "min_dist": 0.0}
{"t": 1784284525.9963179, "x": 3.659491187660976, "y": -2.738227903508478, "zone": "wh_forbidden_zone", "min_dist": 0.0}
{"t": 1784284526.1485734, "x": 3.659491187660976, "y": -2.738227903508478, "zone": "wh_forbidden_zone", "min_dist": 0.0}
{"t": 1784284526.309135, "x": 3.659491187660976, "y": -2.738227903508478, "zone": "wh_forbidden_zone", "min_dist": 0.0}
{"t": 1784284526.4697628, "x": 3.659491187660976, "y": -2.738227903508478, "zone": "wh_forbidden_zone", "min_dist": 0.0}
{"t": 1784284526.6219645, "x": 3.659491187660976, "y": -2.738227903508478, "zone": "wh_forbidden_zone", "min_dist": 0.0}
{"t": 1784284526.7818284, "x": 3.659491187660976, "y": -2.738227903508478, "zone": "wh_forbidden_zone", "min_dist": 0.0}
{"t": 1784284526.9423265, "x": 3.659491187660976, "y": -2.738227903508478, "zone": "wh_forbidden_zone", "min_dist": 0.0}
{"t": 1784284527.102583, "x": 3.659491187660976, "y": -2.738227903508478, "zone": "wh_forbidden_zone", "min_dist": 0.0}
{"t": 1784284527.2550182, "x": 3.659491187660976, "y": -2.738227903508478, "zone": "wh_forbidden_zone", "min_dist": 0.0}
{"t": 1784284527.4074748, "x": 3.659491187660976, "y": -2.738227903508478, "zone": "wh_forbidden_zone", "min_dist": 0.0}
{"t": 1784284527.5596871, "x": 3.659491187660976, "y": -2.738227903508478, "zone": "wh_forbidden_zone", "min_dist": 0.0}
{"t": 1784284527.7116852, "x": 3.659491187660976, "y": -2.738227903508478, "zone": "wh_forbidden_zone", "min_dist": 0.0}
{"t": 1784284527.8640225, "x": 3.659491187660976, "y": -2.738227903508478, "zone": "wh_forbidden_zone", "min_dist": 0.0}
{"t": 1784284528.0162258, "x": 3.659491187660976, "y": -2.738227903508478, "zone": "wh_forbidden_zone", "min_dist": 0.0}
{"t": 1784284528.1682997, "x": 3.659491187660976, "y": -2.738227903508478, "zone": "wh_forbidden_zone", "min_dist": 0.0}
{"t": 1784284528.3205748, "x": 3.659491187660976, "y": -2.738227903508478, "zone": "wh_forbidden_zone", "min_dist": 0.0}
{"t": 1784284528.4809067, "x": 3.659491187660976, "y": -2.738227903508478, "zone": "wh_forbidden_zone", "min_dist": 0.0}
{"t": 1784284528.6413906, "x": 3.659491187660976, "y": -2.738227903508478, "zone": "wh_forbidden_zone", "min_dist": 0.0}
{"t": 1784284528.7938354, "x": 3.659491187660976, "y": -2.738227903508478, "zone": "wh_forbidden_zone", "min_dist": 0.0}
{"t": 1784284528.954067, "x": 3.659491187660976, "y": -2.738227903508478, "zone": "wh_forbidden_zone", "min_dist": 0.0}
{"t": 1784284529.105926, "x": 3.659491187660976, "y": -2.738227903508478, "zone": "wh_forbidden_zone", "min_dist": 0.0}
{"t": 1784284529.2584372, "x": 3.659491187660976, "y": -2.738227903508478, "zone": "wh_forbidden_zone", "min_dist": 0.0}
{"t": 1784284529.4103048, "x": 3.659491187660976, "y": -2.738227903508478, "zone": "wh_forbidden_zone", "min_dist": 0.0}
{"t": 1784284529.5625746, "x": 3.659491187660976, "y": -2.738227903508478, "zone": "wh_forbidden_zone", "min_dist": 0.0}
{"t": 1784284529.7230818, "x": 3.659491187660976, "y": -2.738227903508478, "zone": "wh_forbidden_zone", "min_dist": 0.0}
{"t": 1784284529.8834617, "x": 3.659491187660976, "y": -2.738227903508478, "zone": "wh_forbidden_zone", "min_dist": 0.0}
{"t": 1784284530.0354085, "x": 3.659491187660976, "y": -2.738227903508478, "zone": "wh_forbidden_zone", "min_dist": 0.0}
{"t": 1784284530.1961586, "x": 3.659491187660976, "y": -2.738227903508478, "zone": "wh_forbidden_zone", "min_dist": 0.0}
{"t": 1784284530.3559544, "x": 3.659491187660976, "y": -2.738227903508478, "zone": "wh_forbidden_zone", "min_dist": 0.0}
{"t": 1784284530.5087225, "x": 3.659491187660976, "y": -2.738227903508478, "zone": "wh_forbidden_zone", "min_dist": 0.0}
{"t": 1784284530.6684947, "x": 3.659491187660976, "y": -2.738227903508478, "zone": "wh_forbidden_zone", "min_dist": 0.0}
{"t": 1784284530.8287704, "x": 3.659491187660976, "y": -2.738227903508478, "zone": "wh_forbidden_zone", "min_dist": 0.0}
{"t": 1784284530.9809217, "x": 3.659491187660976, "y": -2.738227903508478, "zone": "wh_forbidden_zone", "min_dist": 0.0}
{"t": 1784284531.1331935, "x": 3.659491187660976, "y": -2.738227903508478, "zone": "wh_forbidden_zone", "min_dist": 0.0}
{"t": 1784284531.2933552, "x": 3.659491187660976, "y": -2.738227903508478, "zone": "wh_forbidden_zone", "min_dist": 0.0}
{"t": 1784284531.4455214, "x": 3.659491187660976, "y": -2.738227903508478, "zone": "wh_forbidden_zone", "min_dist": 0.0}
{"t": 1784284531.6057043, "x": 3.659491187660976, "y": -2.738227903508478, "zone": "wh_forbidden_zone", "min_dist": 0.0}
{"t": 1784284531.7580009, "x": 3.659491187660976, "y": -2.738227903508478, "zone": "wh_forbidden_zone", "min_dist": 0.0}
{"t": 1784284531.9104056, "x": 3.659491187660976, "y": -2.738227903508478, "zone": "wh_forbidden_zone", "min_dist": 0.0}
{"t": 1784284532.0708022, "x": 3.659491187660976, "y": -2.738227903508478, "zone": "wh_forbidden_zone", "min_dist": 0.0}
{"t": 1784284532.2229512, "x": 3.659491187660976, "y": -2.738227903508478, "zone": "wh_forbidden_zone", "min_dist": 0.0}
{"t": 1784284532.3830643, "x": 3.659491187660976, "y": -2.738227903508478, "zone": "wh_forbidden_zone", "min_dist": 0.0}
{"t": 1784284532.5354, "x": 3.659491187660976, "y": -2.738227903508478, "zone": "wh_forbidden_zone", "min_dist": 0.0}
{"t": 1784284532.687546, "x": 3.659491187660976, "y": -2.738227903508478, "zone": "wh_forbidden_zone", "min_dist": 0.0}
{"t": 1784284532.8481336, "x": 3.659491187660976, "y": -2.738227903508478, "zone": "wh_forbidden_zone", "min_dist": 0.0}
{"t": 1784284533.0087023, "x": 3.659491187660976, "y": -2.738227903508478, "zone": "wh_forbidden_zone", "min_dist": 0.0}
{"t": 1784284533.1604679, "x": 3.659491187660976, "y": -2.738227903508478, "zone": "wh_forbidden_zone", "min_dist": 0.0}
{"t": 1784284533.3124554, "x": 3.659491187660976, "y": -2.738227903508478, "zone": "wh_forbidden_zone", "min_dist": 0.0}
{"t": 1784284533.4728997, "x": 3.659491187660976, "y": -2.738227903508478, "zone": "wh_forbidden_zone", "min_dist": 0.0}
{"t": 1784284533.6254327, "x": 3.659491187660976, "y": -2.738227903508478, "zone": "wh_forbidden_zone", "min_dist": 0.0}
{"t": 1784284533.7853236, "x": 3.659491187660976, "y": -2.738227903508478, "zone": "wh_forbidden_zone", "min_dist": 0.0}
{"t": 1784284533.9374492, "x": 3.659491187660976, "y": -2.738227903508478, "zone": "wh_forbidden_zone", "min_dist": 0.0}
{"t": 1784284534.1139448, "x": 3.659491187660976, "y": -2.738227903508478, "zone": "wh_forbidden_zone", "min_dist": 0.0}
{"t": 1784284534.2743576, "x": 3.659491187660976, "y": -2.738227903508478, "zone": "wh_forbidden_zone", "min_dist": 0.0}
{"t": 1784284534.4342906, "x": 3.659491187660976, "y": -2.738227903508478, "zone": "wh_forbidden_zone", "min_dist": 0.0}
{"t": 1784284534.586584, "x": 3.659491187660976, "y": -2.738227903508478, "zone": "wh_forbidden_zone", "min_dist": 0.0}
{"t": 1784284534.7386124, "x": 3.659491187660976, "y": -2.738227903508478, "zone": "wh_forbidden_zone", "min_dist": 0.0}
{"t": 1784284534.891045, "x": 3.659491187660976, "y": -2.738227903508478, "zone": "wh_forbidden_zone", "min_dist": 0.0}
{"t": 1784284535.15172, "x": 3.659491187660976, "y": -2.738227903508478, "zone": "wh_forbidden_zone", "min_dist": 0.0}
{"t": 1784284535.3078737, "x": 3.659491187660976, "y": -2.738227903508478, "zone": "wh_forbidden_zone", "min_dist": 0.0}
{"t": 1784284535.4597259, "x": 3.659491187660976, "y": -2.738227903508478, "zone": "wh_forbidden_zone", "min_dist": 0.0}
{"t": 1784284535.6202025, "x": 3.659491187660976, "y": -2.738227903508478, "zone": "wh_forbidden_zone", "min_dist": 0.0}
{"t": 1784284535.7808044, "x": 3.659491187660976, "y": -2.738227903508478, "zone": "wh_forbidden_zone", "min_dist": 0.0}
{"t": 1784284535.933022, "x": 3.659491187660976, "y": -2.738227903508478, "zone": "wh_forbidden_zone", "min_dist": 0.0}
{"t": 1784284536.0858026, "x": 3.659491187660976, "y": -2.738227903508478, "zone": "wh_forbidden_zone", "min_dist": 0.0}
{"t": 1784284536.2375915, "x": 3.659491187660976, "y": -2.738227903508478, "zone": "wh_forbidden_zone", "min_dist": 0.0}
{"t": 1784284536.3897474, "x": 3.659491187660976, "y": -2.738227903508478, "zone": "wh_forbidden_zone", "min_dist": 0.0}
{"t": 1784284536.550084, "x": 3.659491187660976, "y": -2.738227903508478, "zone": "wh_forbidden_zone", "min_dist": 0.0}
{"t": 1784284536.70258, "x": 3.659491187660976, "y": -2.738227903508478, "zone": "wh_forbidden_zone", "min_dist": 0.0}
{"t": 1784284536.8629124, "x": 3.659491187660976, "y": -2.738227903508478, "zone": "wh_forbidden_zone", "min_dist": 0.0}
{"t": 1784284537.014974, "x": 3.659491187660976, "y": -2.738227903508478, "zone": "wh_forbidden_zone", "min_dist": 0.0}
{"t": 1784284537.1752338, "x": 3.659491187660976, "y": -2.738227903508478, "zone": "wh_forbidden_zone", "min_dist": 0.0}
{"t": 1784284537.3356876, "x": 3.659491187660976, "y": -2.738227903508478, "zone": "wh_forbidden_zone", "min_dist": 0.0}
{"t": 1784284537.4956584, "x": 3.659491187660976, "y": -2.738227903508478, "zone": "wh_forbidden_zone", "min_dist": 0.0}
{"t": 1784284537.6556332, "x": 3.659491187660976, "y": -2.738227903508478, "zone": "wh_forbidden_zone", "min_dist": 0.0}
{"t": 1784284537.8078856, "x": 3.659491187660976, "y": -2.738227903508478, "zone": "wh_forbidden_zone", "min_dist": 0.0}
{"t": 1784284537.9603121, "x": 3.659491187660976, "y": -2.738227903508478, "zone": "wh_forbidden_zone", "min_dist": 0.0}
{"t": 1784284538.120954, "x": 3.659491187660976, "y": -2.738227903508478, "zone": "wh_forbidden_zone", "min_dist": 0.0}
{"t": 1784284538.2805321, "x": 3.659491187660976, "y": -2.738227903508478, "zone": "wh_forbidden_zone", "min_dist": 0.0}
{"t": 1784284538.432724, "x": 3.659491187660976, "y": -2.738227903508478, "zone": "wh_forbidden_zone", "min_dist": 0.0}
{"t": 1784284538.593332, "x": 3.659491187660976, "y": -2.738227903508478, "zone": "wh_forbidden_zone", "min_dist": 0.0}
{"t": 1784284538.753523, "x": 3.659491187660976, "y": -2.738227903508478, "zone": "wh_forbidden_zone", "min_dist": 0.0}
{"t": 1784284538.914138, "x": 3.659491187660976, "y": -2.738227903508478, "zone": "wh_forbidden_zone", "min_dist": 0.0}
{"t": 1784284539.066313, "x": 3.659491187660976, "y": -2.738227903508478, "zone": "wh_forbidden_zone", "min_dist": 0.0}
{"t": 1784284539.2264657, "x": 3.659491187660976, "y": -2.738227903508478, "zone": "wh_forbidden_zone", "min_dist": 0.0}
{"t": 1784284539.3871012, "x": 3.659491187660976, "y": -2.738227903508478, "zone": "wh_forbidden_zone", "min_dist": 0.0}
{"t": 1784284539.5472844, "x": 3.659491187660976, "y": -2.738227903508478, "zone": "wh_forbidden_zone", "min_dist": 0.0}
{"t": 1784284539.6993217, "x": 3.659491187660976, "y": -2.738227903508478, "zone": "wh_forbidden_zone", "min_dist": 0.0}
{"t": 1784284539.8594818, "x": 3.659491187660976, "y": -2.738227903508478, "zone": "wh_forbidden_zone", "min_dist": 0.0}
{"t": 1784284540.0198977, "x": 3.659491187660976, "y": -2.738227903508478, "zone": "wh_forbidden_zone", "min_dist": 0.0}
{"t": 1784284540.17216, "x": 3.659491187660976, "y": -2.738227903508478, "zone": "wh_forbidden_zone", "min_dist": 0.0}
{"t": 1784284540.3322408, "x": 3.659491187660976, "y": -2.738227903508478, "zone": "wh_forbidden_zone", "min_dist": 0.0}
{"t": 1784284540.484709, "x": 3.659491187660976, "y": -2.738227903508478, "zone": "wh_forbidden_zone", "min_dist": 0.0}
{"t": 1784284540.6369555, "x": 3.659491187660976, "y": -2.738227903508478, "zone": "wh_forbidden_zone", "min_dist": 0.0}
{"t": 1784284540.7967784, "x": 3.659491187660976, "y": -2.738227903508478, "zone": "wh_forbidden_zone", "min_dist": 0.0}
{"t": 1784284540.957262, "x": 3.659491187660976, "y": -2.738227903508478, "zone": "wh_forbidden_zone", "min_dist": 0.0}
{"t": 1784284541.1105494, "x": 3.659491187660976, "y": -2.738227903508478, "zone": "wh_forbidden_zone", "min_dist": 0.0}
{"t": 1784284541.2617073, "x": 3.659491187660976, "y": -2.738227903508478, "zone": "wh_forbidden_zone", "min_dist": 0.0}
{"t": 1784284541.4141412, "x": 3.659491187660976, "y": -2.738227903508478, "zone": "wh_forbidden_zone", "min_dist": 0.0}
{"t": 1784284541.5743146, "x": 3.659491187660976, "y": -2.738227903508478, "zone": "wh_forbidden_zone", "min_dist": 0.0}
{"t": 1784284541.7270243, "x": 3.659491187660976, "y": -2.738227903508478, "zone": "wh_forbidden_zone", "min_dist": 0.0}
{"t": 1784284541.8788428, "x": 3.659491187660976, "y": -2.738227903508478, "zone": "wh_forbidden_zone", "min_dist": 0.0}
{"t": 1784284542.0311615, "x": 3.659491187660976, "y": -2.738227903508478, "zone": "wh_forbidden_zone", "min_dist": 0.0}
{"t": 1784284542.1837373, "x": 3.659491187660976, "y": -2.738227903508478, "zone": "wh_forbidden_zone", "min_dist": 0.0}
{"t": 1784284542.3439236, "x": 3.659491187660976, "y": -2.738227903508478, "zone": "wh_forbidden_zone", "min_dist": 0.0}
{"t": 1784284542.4960537, "x": 3.659491187660976, "y": -2.738227903508478, "zone": "wh_forbidden_zone", "min_dist": 0.0}
{"t": 1784284542.6484604, "x": 3.659491187660976, "y": -2.738227903508478, "zone": "wh_forbidden_zone", "min_dist": 0.0}
{"t": 1784284542.808476, "x": 3.659491187660976, "y": -2.738227903508478, "zone": "wh_forbidden_zone", "min_dist": 0.0}
{"t": 1784284542.9611878, "x": 3.659491187660976, "y": -2.738227903508478, "zone": "wh_forbidden_zone", "min_dist": 0.0}
{"t": 1784284543.1130705, "x": 3.659491187660976, "y": -2.738227903508478, "zone": "wh_forbidden_zone", "min_dist": 0.0}
{"t": 1784284543.2738175, "x": 3.659491187660976, "y": -2.738227903508478, "zone": "wh_forbidden_zone", "min_dist": 0.0}
{"t": 1784284543.4339998, "x": 3.659491187660976, "y": -2.738227903508478, "zone": "wh_forbidden_zone", "min_dist": 0.0}
{"t": 1784284543.5936954, "x": 3.659491187660976, "y": -2.738227903508478, "zone": "wh_forbidden_zone", "min_dist": 0.0}
{"t": 1784284543.754622, "x": 3.659491187660976, "y": -2.738227903508478, "zone": "wh_forbidden_zone", "min_dist": 0.0}
{"t": 1784284543.914406, "x": 3.659491187660976, "y": -2.738227903508478, "zone": "wh_forbidden_zone", "min_dist": 0.0}
{"t": 1784284544.0665085, "x": 3.659491187660976, "y": -2.738227903508478, "zone": "wh_forbidden_zone", "min_dist": 0.0}
{"t": 1784284544.2187521, "x": 3.659491187660976, "y": -2.738227903508478, "zone": "wh_forbidden_zone", "min_dist": 0.0}
{"t": 1784284544.370993, "x": 3.659491187660976, "y": -2.738227903508478, "zone": "wh_forbidden_zone", "min_dist": 0.0}
{"t": 1784284544.523315, "x": 3.659491187660976, "y": -2.738227903508478, "zone": "wh_forbidden_zone", "min_dist": 0.0}
{"t": 1784284544.6835244, "x": 3.659491187660976, "y": -2.738227903508478, "zone": "wh_forbidden_zone", "min_dist": 0.0}
{"t": 1784284544.8359594, "x": 3.659491187660976, "y": -2.738227903508478, "zone": "wh_forbidden_zone", "min_dist": 0.0}
{"t": 1784284544.9883368, "x": 3.659491187660976, "y": -2.738227903508478, "zone": "wh_forbidden_zone", "min_dist": 0.0}
{"t": 1784284545.1403036, "x": 3.659491187660976, "y": -2.738227903508478, "zone": "wh_forbidden_zone", "min_dist": 0.0}
{"t": 1784284545.2924974, "x": 3.659491187660976, "y": -2.738227903508478, "zone": "wh_forbidden_zone", "min_dist": 0.0}
{"t": 1784284545.4445398, "x": 3.659491187660976, "y": -2.738227903508478, "zone": "wh_forbidden_zone", "min_dist": 0.0}
{"t": 1784284545.6046393, "x": 3.659491187660976, "y": -2.738227903508478, "zone": "wh_forbidden_zone", "min_dist": 0.0}
{"t": 1784284545.757272, "x": 3.659491187660976, "y": -2.738227903508478, "zone": "wh_forbidden_zone", "min_dist": 0.0}
{"t": 1784284545.917364, "x": 3.659491187660976, "y": -2.738227903508478, "zone": "wh_forbidden_zone", "min_dist": 0.0}
{"t": 1784284546.0775456, "x": 3.659491187660976, "y": -2.738227903508478, "zone": "wh_forbidden_zone", "min_dist": 0.0}
{"t": 1784284546.2538345, "x": 3.659491187660976, "y": -2.738227903508478, "zone": "wh_forbidden_zone", "min_dist": 0.0}
{"t": 1784284546.4060726, "x": 3.659491187660976, "y": -2.738227903508478, "zone": "wh_forbidden_zone", "min_dist": 0.0}
{"t": 1784284546.5586321, "x": 3.659491187660976, "y": -2.738227903508478, "zone": "wh_forbidden_zone", "min_dist": 0.0}
{"t": 1784284546.710679, "x": 3.659491187660976, "y": -2.738227903508478, "zone": "wh_forbidden_zone", "min_dist": 0.0}
{"t": 1784284546.8710065, "x": 3.659491187660976, "y": -2.738227903508478, "zone": "wh_forbidden_zone", "min_dist": 0.0}
{"t": 1784284547.0234368, "x": 3.659491187660976, "y": -2.738227903508478, "zone": "wh_forbidden_zone", "min_dist": 0.0}
{"t": 1784284547.1996064, "x": 3.659491187660976, "y": -2.738227903508478, "zone": "wh_forbidden_zone", "min_dist": 0.0}
