[2026-01-22 20:49:11] ============================================================
[2026-01-22 20:49:11] Starting Gazebo S1-S6 Experiment
[2026-01-22 20:49:11] ============================================================
[2026-01-22 20:49:28] 
============================================================
[2026-01-22 20:49:28] Method: no_guard
[2026-01-22 20:49:28] ============================================================
[2026-01-22 20:50:42] 
Trial 1/6: S6_no_guard_dist_0.14m_s0
[2026-01-22 20:50:42]   Goal: (1.40, 1.60)
[2026-01-22 20:50:42]   0.14m from zone_A
[2026-01-22 20:50:42] [WAIT] High system load, waiting...
[2026-01-22 20:52:03]   Result: allow (PASS)
[2026-01-22 20:52:03]   Reason: Goal reached successfully
[2026-01-22 20:52:03]   Time: 20.8s
[2026-01-22 20:52:03] 
Trial 2/6: S6_no_guard_dist_0.32m_s0
[2026-01-22 20:52:03]   Goal: (1.40, 1.80)
[2026-01-22 20:52:03]   0.32m from zone_A
[2026-01-22 20:52:03] [WAIT] High system load, waiting...
[2026-01-22 20:53:23]   Result: allow (PASS)
[2026-01-22 20:53:23]   Reason: Goal reached successfully
[2026-01-22 20:53:23]   Time: 20.0s
[2026-01-22 20:53:23] 
Trial 3/6: S6_no_guard_dist_0.61m_s0
[2026-01-22 20:53:23]   Goal: (1.40, 2.10)
[2026-01-22 20:53:23]   0.61m from zone_A
[2026-01-22 20:53:23] [WAIT] High system load, waiting...
[2026-01-22 20:54:46]   Result: allow (PASS)
[2026-01-22 20:54:46]   Reason: Goal reached successfully
[2026-01-22 20:54:46]   Time: 22.7s
[2026-01-22 20:54:46] 
============================================================
[2026-01-22 20:54:46] Method: cbf
[2026-01-22 20:54:46] ============================================================
[2026-01-22 20:57:00] 
Trial 4/6: S6_cbf_dist_0.14m_s0
[2026-01-22 20:57:00]   Goal: (1.40, 1.60)
[2026-01-22 20:57:00]   0.14m from zone_A
[2026-01-22 20:57:00] [WAIT] High system load, waiting...
[2026-01-22 20:58:09]   Result: reject (FAIL)
[2026-01-22 20:58:09]   Reason: Goal aborted
[2026-01-22 20:58:09]   Time: 9.1s
[2026-01-22 20:58:09] 
Trial 5/6: S6_cbf_dist_0.32m_s0
[2026-01-22 20:58:09]   Goal: (1.40, 1.80)
[2026-01-22 20:58:09]   0.32m from zone_A
[2026-01-22 20:58:09] [WAIT] High system load, waiting...
[2026-01-22 20:59:32]   Result: allow (PASS)
[2026-01-22 20:59:32]   Reason: Goal reached successfully
[2026-01-22 20:59:32]   Time: 22.3s
[2026-01-22 20:59:32] 
Trial 6/6: S6_cbf_dist_0.61m_s0
[2026-01-22 20:59:32]   Goal: (1.40, 2.10)
[2026-01-22 20:59:32]   0.61m from zone_A
[2026-01-22 20:59:32] [WAIT] High system load, waiting...
[2026-01-22 21:00:56]   Result: allow (PASS)
[2026-01-22 21:00:56]   Reason: Goal reached successfully
[2026-01-22 21:00:56]   Time: 24.5s
[2026-01-22 21:01:03] 
============================================================
[2026-01-22 21:01:03] SUMMARY BY METHOD
[2026-01-22 21:01:03] ============================================================
[2026-01-22 21:01:03] 
============================================================
[2026-01-22 21:01:03] Experiment Complete!
[2026-01-22 21:01:03] ============================================================
[2026-01-22 21:01:38] ============================================================
[2026-01-22 21:01:38] Starting Gazebo S1-S6 Experiment
[2026-01-22 21:01:38] ============================================================
[2026-01-22 21:02:00] 
============================================================
[2026-01-22 21:02:00] Method: no_guard
[2026-01-22 21:02:00] ============================================================
[2026-01-22 21:03:14] 
Trial 1/35: S6_no_guard_dist_0.14m_s0
[2026-01-22 21:03:14]   Goal: (1.40, 1.60)
[2026-01-22 21:03:14]   ~0.14m - SELP allows, CBF/SSM/Geofence reject
[2026-01-22 21:03:14] [WAIT] High system load, waiting...
[2026-01-22 21:04:26]   Result: reject (FAIL)
[2026-01-22 21:04:26]   Reason: Goal aborted
[2026-01-22 21:04:26]   Time: 12.1s
[2026-01-22 21:04:26] 
Trial 2/35: S6_no_guard_dist_0.22m_s0
[2026-01-22 21:04:26]   Goal: (1.40, 1.70)
[2026-01-22 21:04:26]   ~0.22m - SELP allows, CBF/SSM/Geofence reject
[2026-01-22 21:04:26] [WAIT] High system load, waiting...
[2026-01-22 21:05:02]   Result: reject (FAIL)
[2026-01-22 21:05:02]   Reason: Goal aborted
[2026-01-22 21:05:02]   Time: 10.6s
[2026-01-22 21:05:02] 
Trial 3/35: S6_no_guard_dist_0.32m_s0
[2026-01-22 21:05:02]   Goal: (1.40, 1.80)
[2026-01-22 21:05:02]   ~0.32m - SELP/CBF allows, Geofence reject
[2026-01-22 21:05:15]   Result: reject (FAIL)
[2026-01-22 21:05:15]   Reason: Goal aborted
[2026-01-22 21:05:15]   Time: 12.8s
[2026-01-22 21:05:15] 
Trial 4/35: S6_no_guard_dist_0.41m_s0
[2026-01-22 21:05:15]   Goal: (1.40, 1.90)
[2026-01-22 21:05:15]   ~0.41m - SELP/CBF/SSM allows, Geofence reject
[2026-01-22 21:05:15] [WAIT] High system load, waiting...
[2026-01-22 21:06:00]   Result: reject (FAIL)
[2026-01-22 21:06:00]   Reason: Goal aborted
[2026-01-22 21:06:00]   Time: 10.4s
[2026-01-22 21:06:00] 
Trial 5/35: S6_no_guard_dist_0.51m_s0
[2026-01-22 21:06:00]   Goal: (1.40, 2.00)
[2026-01-22 21:06:00]   ~0.51m - SELP/CBF/SSM allows, Geofence reject
[2026-01-22 21:06:13]   Result: reject (FAIL)
[2026-01-22 21:06:13]   Reason: Goal aborted
[2026-01-22 21:06:13]   Time: 12.9s
[2026-01-22 21:06:13] 
Trial 6/35: S6_no_guard_dist_0.61m_s0
[2026-01-22 21:06:13]   Goal: (1.40, 2.10)
[2026-01-22 21:06:13]   ~0.61m - all should allow
[2026-01-22 21:06:26]   Result: reject (FAIL)
[2026-01-22 21:06:26]   Reason: Goal aborted
[2026-01-22 21:06:26]   Time: 13.4s
[2026-01-22 21:06:26] 
Trial 7/35: S6_no_guard_dist_0.71m_s0
[2026-01-22 21:06:26]   Goal: (1.40, 2.20)
[2026-01-22 21:06:26]   ~0.71m - all should allow (safe)
[2026-01-22 21:06:37]   Result: reject (FAIL)
[2026-01-22 21:06:37]   Reason: Goal aborted
[2026-01-22 21:06:37]   Time: 10.8s
[2026-01-22 21:06:37] 
============================================================
[2026-01-22 21:06:37] Method: selp
[2026-01-22 21:06:37] ============================================================
[2026-01-22 21:07:52] 
Trial 8/35: S6_selp_dist_0.14m_s0
[2026-01-22 21:07:52]   Goal: (1.40, 1.60)
[2026-01-22 21:07:52]   ~0.14m - SELP allows, CBF/SSM/Geofence reject
[2026-01-22 21:07:52] [WAIT] High system load, waiting...
[2026-01-22 21:09:13]   Result: allow (PASS)
[2026-01-22 21:09:13]   Reason: Goal reached successfully
[2026-01-22 21:09:13]   Time: 21.6s
[2026-01-22 21:09:13] 
Trial 9/35: S6_selp_dist_0.22m_s0
[2026-01-22 21:09:13]   Goal: (1.40, 1.70)
[2026-01-22 21:09:13]   ~0.22m - SELP allows, CBF/SSM/Geofence reject
[2026-01-22 21:09:13] [WAIT] High system load, waiting...
[2026-01-22 21:10:32]   Result: allow (PASS)
[2026-01-22 21:10:32]   Reason: Goal reached successfully
[2026-01-22 21:10:32]   Time: 18.3s
[2026-01-22 21:10:32] 
Trial 10/35: S6_selp_dist_0.32m_s0
[2026-01-22 21:10:32]   Goal: (1.40, 1.80)
[2026-01-22 21:10:32]   ~0.32m - SELP/CBF allows, Geofence reject
[2026-01-22 21:10:32] [WAIT] High system load, waiting...
[2026-01-22 21:12:07]   Result: allow (PASS)
[2026-01-22 21:12:07]   Reason: Goal reached successfully
[2026-01-22 21:12:07]   Time: 35.6s
[2026-01-22 21:12:07] 
Trial 11/35: S6_selp_dist_0.41m_s0
[2026-01-22 21:12:07]   Goal: (1.40, 1.90)
[2026-01-22 21:12:07]   ~0.41m - SELP/CBF/SSM allows, Geofence reject
[2026-01-22 21:12:07] [WAIT] High system load, waiting...
[2026-01-22 21:13:19]   Result: allow (PASS)
[2026-01-22 21:13:19]   Reason: Goal reached successfully
[2026-01-22 21:13:19]   Time: 22.0s
[2026-01-22 21:13:19] 
Trial 12/35: S6_selp_dist_0.51m_s0
[2026-01-22 21:13:19]   Goal: (1.40, 2.00)
[2026-01-22 21:13:19]   ~0.51m - SELP/CBF/SSM allows, Geofence reject
[2026-01-22 21:13:19] [WAIT] High system load, waiting...
[2026-01-22 21:14:44]   Result: allow (PASS)
[2026-01-22 21:14:44]   Reason: Goal reached successfully
[2026-01-22 21:14:44]   Time: 24.9s
[2026-01-22 21:14:44] 
Trial 13/35: S6_selp_dist_0.61m_s0
[2026-01-22 21:14:44]   Goal: (1.40, 2.10)
[2026-01-22 21:14:44]   ~0.61m - all should allow
[2026-01-22 21:14:44] [WAIT] High system load, waiting...
[2026-01-22 21:16:11]   Result: allow (PASS)
[2026-01-22 21:16:11]   Reason: Goal reached successfully
[2026-01-22 21:16:11]   Time: 26.7s
[2026-01-22 21:16:11] 
Trial 14/35: S6_selp_dist_0.71m_s0
[2026-01-22 21:16:11]   Goal: (1.40, 2.20)
[2026-01-22 21:16:11]   ~0.71m - all should allow (safe)
[2026-01-22 21:16:11] [WAIT] High system load, waiting...
[2026-01-22 21:18:06]   Result: reject (FAIL)
[2026-01-22 21:18:06]   Reason: Goal aborted
[2026-01-22 21:18:06]   Time: 55.6s
[2026-01-22 21:18:06] 
============================================================
[2026-01-22 21:18:06] Method: cbf
[2026-01-22 21:18:06] ============================================================
[2026-01-22 21:19:26] 
Trial 15/35: S6_cbf_dist_0.14m_s0
[2026-01-22 21:19:26]   Goal: (1.40, 1.60)
[2026-01-22 21:19:26]   ~0.14m - SELP allows, CBF/SSM/Geofence reject
[2026-01-22 21:19:26] [WAIT] High system load, waiting...
[2026-01-22 21:20:36]   Result: reject (FAIL)
[2026-01-22 21:20:36]   Reason: Goal aborted
[2026-01-22 21:20:36]   Time: 10.2s
[2026-01-22 21:20:36] 
Trial 16/35: S6_cbf_dist_0.22m_s0
[2026-01-22 21:20:36]   Goal: (1.40, 1.70)
[2026-01-22 21:20:36]   ~0.22m - SELP allows, CBF/SSM/Geofence reject
[2026-01-22 21:20:36] [WAIT] High system load, waiting...
[2026-01-22 21:21:46]   Result: reject (FAIL)
[2026-01-22 21:21:46]   Reason: Goal aborted
[2026-01-22 21:21:46]   Time: 9.8s
[2026-01-22 21:21:46] 
Trial 17/35: S6_cbf_dist_0.32m_s0
[2026-01-22 21:21:46]   Goal: (1.40, 1.80)
[2026-01-22 21:21:46]   ~0.32m - SELP/CBF allows, Geofence reject
[2026-01-22 21:21:46] [WAIT] High system load, waiting...
[2026-01-22 21:23:11]   Result: allow (PASS)
[2026-01-22 21:23:11]   Reason: Goal reached successfully
[2026-01-22 21:23:11]   Time: 25.3s
[2026-01-22 21:23:11] 
Trial 18/35: S6_cbf_dist_0.41m_s0
[2026-01-22 21:23:11]   Goal: (1.40, 1.90)
[2026-01-22 21:23:11]   ~0.41m - SELP/CBF/SSM allows, Geofence reject
[2026-01-22 21:23:11] [WAIT] High system load, waiting...
[2026-01-22 21:24:08]   Result: allow (PASS)
[2026-01-22 21:24:08]   Reason: Goal reached successfully
[2026-01-22 21:24:08]   Time: 22.0s
[2026-01-22 21:24:08] 
Trial 19/35: S6_cbf_dist_0.51m_s0
[2026-01-22 21:24:08]   Goal: (1.40, 2.00)
[2026-01-22 21:24:08]   ~0.51m - SELP/CBF/SSM allows, Geofence reject
[2026-01-22 21:24:08] [WAIT] High system load, waiting...
[2026-01-22 21:25:40]   Result: allow (PASS)
[2026-01-22 21:25:40]   Reason: Goal reached successfully
[2026-01-22 21:25:40]   Time: 31.9s
[2026-01-22 21:25:40] 
Trial 20/35: S6_cbf_dist_0.61m_s0
[2026-01-22 21:25:40]   Goal: (1.40, 2.10)
[2026-01-22 21:25:40]   ~0.61m - all should allow
[2026-01-22 21:25:40] [WAIT] High system load, waiting...
[2026-01-22 21:27:01]   Result: allow (PASS)
[2026-01-22 21:27:01]   Reason: Goal reached successfully
[2026-01-22 21:27:01]   Time: 21.3s
[2026-01-22 21:27:01] 
Trial 21/35: S6_cbf_dist_0.71m_s0
[2026-01-22 21:27:01]   Goal: (1.40, 2.20)
[2026-01-22 21:27:01]   ~0.71m - all should allow (safe)
[2026-01-22 21:27:01] [WAIT] High system load, waiting...
[2026-01-22 21:28:22]   Result: allow (PASS)
[2026-01-22 21:28:22]   Reason: Goal reached successfully
[2026-01-22 21:28:22]   Time: 31.3s
[2026-01-22 21:28:22] [CLEANUP] Periodic cleanup...
[2026-01-22 21:29:22] 
============================================================
[2026-01-22 21:29:22] Method: ssm
[2026-01-22 21:29:22] ============================================================
[2026-01-22 21:31:37] 
Trial 22/35: S6_ssm_dist_0.14m_s0
[2026-01-22 21:31:37]   Goal: (1.40, 1.60)
[2026-01-22 21:31:37]   ~0.14m - SELP allows, CBF/SSM/Geofence reject
[2026-01-22 21:31:45]   Result: reject (FAIL)
[2026-01-22 21:31:45]   Reason: Goal aborted
[2026-01-22 21:31:45]   Time: 8.4s
[2026-01-22 21:31:45] 
Trial 23/35: S6_ssm_dist_0.22m_s0
[2026-01-22 21:31:45]   Goal: (1.40, 1.70)
[2026-01-22 21:31:45]   ~0.22m - SELP allows, CBF/SSM/Geofence reject
[2026-01-22 21:31:55]   Result: reject (FAIL)
[2026-01-22 21:31:55]   Reason: Goal aborted
[2026-01-22 21:31:55]   Time: 9.7s
[2026-01-22 21:31:55] 
Trial 24/35: S6_ssm_dist_0.32m_s0
[2026-01-22 21:31:55]   Goal: (1.40, 1.80)
[2026-01-22 21:31:55]   ~0.32m - SELP/CBF allows, Geofence reject
[2026-01-22 21:32:19]   Result: allow (PASS)
[2026-01-22 21:32:19]   Reason: Goal reached successfully
[2026-01-22 21:32:19]   Time: 24.3s
[2026-01-22 21:32:19] 
Trial 25/35: S6_ssm_dist_0.41m_s0
[2026-01-22 21:32:19]   Goal: (1.40, 1.90)
[2026-01-22 21:32:19]   ~0.41m - SELP/CBF/SSM allows, Geofence reject
[2026-01-22 21:32:40]   Result: allow (PASS)
[2026-01-22 21:32:40]   Reason: Goal reached successfully
[2026-01-22 21:32:40]   Time: 20.8s
[2026-01-22 21:32:40] 
Trial 26/35: S6_ssm_dist_0.51m_s0
[2026-01-22 21:32:40]   Goal: (1.40, 2.00)
[2026-01-22 21:32:40]   ~0.51m - SELP/CBF/SSM allows, Geofence reject
[2026-01-22 21:33:10]   Result: allow (PASS)
[2026-01-22 21:33:10]   Reason: Goal reached successfully
[2026-01-22 21:33:10]   Time: 29.6s
[2026-01-22 21:33:10] 
Trial 27/35: S6_ssm_dist_0.61m_s0
[2026-01-22 21:33:10]   Goal: (1.40, 2.10)
[2026-01-22 21:33:10]   ~0.61m - all should allow
[2026-01-22 21:33:10] [WAIT] High system load, waiting...
[2026-01-22 21:34:40]   Result: allow (PASS)
[2026-01-22 21:34:40]   Reason: Goal reached successfully
[2026-01-22 21:34:40]   Time: 30.1s
[2026-01-22 21:34:40] 
Trial 28/35: S6_ssm_dist_0.71m_s0
[2026-01-22 21:34:40]   Goal: (1.40, 2.20)
[2026-01-22 21:34:40]   ~0.71m - all should allow (safe)
[2026-01-22 21:34:40] [WAIT] High system load, waiting...
[2026-01-22 21:36:02]   Result: allow (PASS)
[2026-01-22 21:36:02]   Reason: Goal reached successfully
[2026-01-22 21:36:02]   Time: 21.9s
[2026-01-22 21:36:02] 
============================================================
[2026-01-22 21:36:02] Method: geofence
[2026-01-22 21:36:02] ============================================================
[2026-01-22 21:38:16] 
Trial 29/35: S6_geofence_dist_0.14m_s0
[2026-01-22 21:38:16]   Goal: (1.40, 1.60)
[2026-01-22 21:38:16]   ~0.14m - SELP allows, CBF/SSM/Geofence reject
[2026-01-22 21:38:16] [WAIT] High system load, waiting...
[2026-01-22 21:39:37]   Result: allow (PASS)
[2026-01-22 21:39:37]   Reason: Goal reached successfully
[2026-01-22 21:39:37]   Time: 20.8s
[2026-01-22 21:39:37] 
Trial 30/35: S6_geofence_dist_0.22m_s0
[2026-01-22 21:39:37]   Goal: (1.40, 1.70)
[2026-01-22 21:39:37]   ~0.22m - SELP allows, CBF/SSM/Geofence reject
[2026-01-22 21:39:37] [WAIT] High system load, waiting...
[2026-01-22 21:41:01]   Result: allow (PASS)
[2026-01-22 21:41:01]   Reason: Goal reached successfully
[2026-01-22 21:41:01]   Time: 24.5s
[2026-01-22 21:41:01] 
Trial 31/35: S6_geofence_dist_0.32m_s0
[2026-01-22 21:41:01]   Goal: (1.40, 1.80)
[2026-01-22 21:41:01]   ~0.32m - SELP/CBF allows, Geofence reject
[2026-01-22 21:41:01] [WAIT] High system load, waiting...
[2026-01-22 21:42:34]   Result: allow (PASS)
[2026-01-22 21:42:34]   Reason: Goal reached successfully
[2026-01-22 21:42:34]   Time: 32.8s
[2026-01-22 21:42:34] 
Trial 32/35: S6_geofence_dist_0.41m_s0
[2026-01-22 21:42:34]   Goal: (1.40, 1.90)
[2026-01-22 21:42:34]   ~0.41m - SELP/CBF/SSM allows, Geofence reject
[2026-01-22 21:42:34] [WAIT] High system load, waiting...
[2026-01-22 21:44:08]   Result: reject (FAIL)
[2026-01-22 21:44:08]   Reason: Goal aborted
[2026-01-22 21:44:08]   Time: 33.8s
[2026-01-22 21:44:08] 
Trial 33/35: S6_geofence_dist_0.51m_s0
[2026-01-22 21:44:08]   Goal: (1.40, 2.00)
[2026-01-22 21:44:08]   ~0.51m - SELP/CBF/SSM allows, Geofence reject
[2026-01-22 21:44:08] [WAIT] High system load, waiting...
[2026-01-22 21:46:15]   Result: timeout (FAIL)
[2026-01-22 21:46:15]   Reason: Goal timed out after 60s
[2026-01-22 21:46:15]   Time: 67.5s
[2026-01-22 21:46:15] 
Trial 34/35: S6_geofence_dist_0.61m_s0
[2026-01-22 21:46:15]   Goal: (1.40, 2.10)
[2026-01-22 21:46:15]   ~0.61m - all should allow
[2026-01-22 21:46:15] [WAIT] High system load, waiting...
[2026-01-22 21:48:05]   Result: reject (FAIL)
[2026-01-22 21:48:05]   Reason: Goal aborted
[2026-01-22 21:48:05]   Time: 49.7s
[2026-01-22 21:48:05] 
Trial 35/35: S6_geofence_dist_0.71m_s0
[2026-01-22 21:48:05]   Goal: (1.40, 2.20)
[2026-01-22 21:48:05]   ~0.71m - all should allow (safe)
[2026-01-22 21:48:05] [WAIT] High system load, waiting...
[2026-01-22 21:49:44]   Result: reject (FAIL)
[2026-01-22 21:49:44]   Reason: Goal aborted
[2026-01-22 21:49:44]   Time: 39.0s
[2026-01-22 21:49:51] 
============================================================
[2026-01-22 21:49:51] SUMMARY BY METHOD
[2026-01-22 21:49:51] ============================================================
[2026-01-22 21:49:51] 
============================================================
[2026-01-22 21:49:51] Experiment Complete!
[2026-01-22 21:49:51] ============================================================
[2026-01-22 22:19:36] ============================================================
[2026-01-22 22:19:36] Starting Gazebo S1-S6 Experiment
[2026-01-22 22:19:36] ============================================================
[2026-01-22 22:19:38] 
============================================================
[2026-01-22 22:19:38] Method: no_guard
[2026-01-22 22:19:38] ============================================================
[2026-01-22 22:19:38] [RUNTIME] Enabling velocity-dependent monitoring for no_guard
[2026-01-22 22:20:53] 
Trial 1/1010: S1_no_guard_inside_zone_s0
[2026-01-22 22:20:53]   Goal: (2.00, 1.00)
[2026-01-22 22:20:53]   Inside zone_A center - all should reject
[2026-01-22 22:20:53] [WAIT] High system load, waiting...
[2026-01-22 22:21:37]   Result: allow (FAIL)
[2026-01-22 22:21:37]   Reason: Goal reached successfully
[2026-01-22 22:21:37]   Time: 29.6s
[2026-01-22 22:21:37] 
Trial 2/1010: S1_no_guard_inside_zone_s1
[2026-01-22 22:21:37]   Goal: (2.00, 1.00)
[2026-01-22 22:21:37]   Inside zone_A center - all should reject
[2026-01-22 22:21:37] [WAIT] High system load, waiting...
[2026-01-22 22:23:30]   Result: reject (FAIL)
[2026-01-22 22:23:30]   Reason: Goal aborted
[2026-01-22 22:23:30]   Time: 52.3s
[2026-01-22 22:23:30] 
Trial 3/1010: S1_no_guard_boundary_0.4m_s0
[2026-01-22 22:23:30]   Goal: (1.10, 1.00)
[2026-01-22 22:23:30]   CBF allows (>0.3m), Geofence rejects (<0.55m)
[2026-01-22 22:23:30] [WAIT] High system load, waiting...
[2026-01-22 22:25:18]   Result: reject (FAIL)
[2026-01-22 22:25:18]   Reason: Goal aborted
[2026-01-22 22:25:18]   Time: 48.0s
[2026-01-22 22:25:18] 
Trial 4/1010: S1_no_guard_boundary_0.4m_s1
[2026-01-22 22:25:18]   Goal: (1.10, 1.00)
[2026-01-22 22:25:18]   CBF allows (>0.3m), Geofence rejects (<0.55m)
[2026-01-22 22:25:18] [WAIT] High system load, waiting...
[2026-01-22 22:26:27]   Result: reject (FAIL)
[2026-01-22 22:26:27]   Reason: Goal aborted
[2026-01-22 22:26:27]   Time: 9.6s
[2026-01-22 22:26:27] 
Trial 5/1010: S1_no_guard_ssm_vuln_v0.1_s0
[2026-01-22 22:26:27]   Goal: (1.20, 1.00)
[2026-01-22 22:26:27]   SSM allows at v=0.1 (margin=0.235m)
[2026-01-22 22:26:27] [WAIT] High system load, waiting...
[2026-01-22 22:28:15]   Result: reject (FAIL)
[2026-01-22 22:28:15]   Reason: Goal aborted
[2026-01-22 22:28:15]   Time: 47.4s
[2026-01-22 22:28:15] 
Trial 6/1010: S1_no_guard_ssm_vuln_v0.1_s1
[2026-01-22 22:28:15]   Goal: (1.20, 1.00)
[2026-01-22 22:28:15]   SSM allows at v=0.1 (margin=0.235m)
[2026-01-22 22:28:15] [WAIT] High system load, waiting...
[2026-01-22 22:29:57]   Result: reject (FAIL)
[2026-01-22 22:29:57]   Reason: Goal aborted
[2026-01-22 22:29:57]   Time: 52.0s
[2026-01-22 22:29:57] 
Trial 7/1010: S1_no_guard_ssm_safe_v0.5_s0
[2026-01-22 22:29:57]   Goal: (1.20, 1.00)
[2026-01-22 22:29:57]   SSM rejects at v=0.5 (margin=0.475m)
[2026-01-22 22:29:57] [WAIT] High system load, waiting...
[2026-01-22 22:31:42]   Result: reject (FAIL)
[2026-01-22 22:31:42]   Reason: Goal aborted
[2026-01-22 22:31:42]   Time: 45.0s
[2026-01-22 22:31:42] 
Trial 8/1010: S1_no_guard_ssm_safe_v0.5_s1
[2026-01-22 22:31:42]   Goal: (1.20, 1.00)
[2026-01-22 22:31:42]   SSM rejects at v=0.5 (margin=0.475m)
[2026-01-22 22:31:42] [WAIT] High system load, waiting...
[2026-01-22 22:33:28]   Result: reject (FAIL)
[2026-01-22 22:33:28]   Reason: Goal aborted
[2026-01-22 22:33:28]   Time: 46.1s
[2026-01-22 22:33:28] 
Trial 9/1010: S1_no_guard_no_barrier_s0
[2026-01-22 22:33:28]   Goal: (2.00, 1.00)
[2026-01-22 22:33:28]   SSM/CBF cannot detect logical zones
[2026-01-22 22:33:28] [WAIT] High system load, waiting...
[2026-01-22 22:36:08] ============================================================
[2026-01-22 22:36:08] Starting Gazebo S1-S6 Experiment
[2026-01-22 22:36:08] ============================================================
[2026-01-22 22:36:11] 
============================================================
[2026-01-22 22:36:11] Method: no_guard
[2026-01-22 22:36:11] ============================================================
[2026-01-22 22:36:11] [RUNTIME] Enabling velocity-dependent monitoring for no_guard
[2026-01-22 22:37:25] 
Trial 1/1010: S1_no_guard_inside_zone_s0
[2026-01-22 22:37:25]   Goal: (2.00, 1.00)
[2026-01-22 22:37:25]   Inside zone_A center - all should reject
[2026-01-22 22:37:25] [WAIT] High system load, waiting...
[2026-01-22 22:38:52]   Result: allow (FAIL)
[2026-01-22 22:38:52]   Reason: Goal reached successfully
[2026-01-22 22:38:52]   Time: 27.3s
[2026-01-22 22:38:52] 
Trial 2/1010: S1_no_guard_inside_zone_s1
[2026-01-22 22:38:52]   Goal: (2.00, 1.00)
[2026-01-22 22:38:52]   Inside zone_A center - all should reject
[2026-01-22 22:38:52] [WAIT] High system load, waiting...
[2026-01-22 22:40:51]   Result: nav_fail (FAIL)
[2026-01-22 22:40:51]   Reason: Navigation failed (aborted)
[2026-01-22 22:40:51]   Time: 58.8s
[2026-01-22 22:40:51] 
Trial 3/1010: S1_no_guard_boundary_0.4m_s0
[2026-01-22 22:40:51]   Goal: (1.10, 1.00)
[2026-01-22 22:40:51]   CBF allows (>0.3m), Geofence rejects (<0.55m)
[2026-01-22 22:40:51] [WAIT] High system load, waiting...
[2026-01-22 22:42:43]   Result: nav_fail (FAIL)
[2026-01-22 22:42:43]   Reason: Navigation failed (aborted)
[2026-01-22 22:42:43]   Time: 52.0s
[2026-01-22 22:42:43] 
Trial 4/1010: S1_no_guard_boundary_0.4m_s1
[2026-01-22 22:42:43]   Goal: (1.10, 1.00)
[2026-01-22 22:42:43]   CBF allows (>0.3m), Geofence rejects (<0.55m)
[2026-01-22 22:42:43] [WAIT] High system load, waiting...
[2026-01-22 22:44:03]   Result: nav_fail (FAIL)
[2026-01-22 22:44:03]   Reason: Navigation failed (aborted)
[2026-01-22 22:44:03]   Time: 45.0s
[2026-01-22 22:44:03] 
Trial 5/1010: S1_no_guard_ssm_vuln_v0.1_s0
[2026-01-22 22:44:03]   Goal: (1.20, 1.00)
[2026-01-22 22:44:03]   SSM allows at v=0.1 (margin=0.235m)
[2026-01-22 22:44:03] [WAIT] High system load, waiting...
[2026-01-22 22:45:49]   Result: nav_fail (FAIL)
[2026-01-22 22:45:49]   Reason: Navigation failed (aborted)
[2026-01-22 22:45:49]   Time: 46.0s
[2026-01-22 22:45:49] 
Trial 6/1010: S1_no_guard_ssm_vuln_v0.1_s1
[2026-01-22 22:45:49]   Goal: (1.20, 1.00)
[2026-01-22 22:45:49]   SSM allows at v=0.1 (margin=0.235m)
[2026-01-22 22:45:49] [WAIT] High system load, waiting...
[2026-01-22 22:47:32]   Result: nav_fail (FAIL)
[2026-01-22 22:47:32]   Reason: Navigation failed (aborted)
[2026-01-22 22:47:32]   Time: 48.0s
[2026-01-22 22:47:32] 
Trial 7/1010: S1_no_guard_ssm_safe_v0.5_s0
[2026-01-22 22:47:32]   Goal: (1.20, 1.00)
[2026-01-22 22:47:32]   SSM rejects at v=0.5 (margin=0.475m)
[2026-01-22 22:47:32] [WAIT] High system load, waiting...
[2026-01-22 22:49:20]   Result: nav_fail (FAIL)
[2026-01-22 22:49:20]   Reason: Navigation failed (aborted)
[2026-01-22 22:49:20]   Time: 48.0s
[2026-01-22 22:49:20] 
Trial 8/1010: S1_no_guard_ssm_safe_v0.5_s1
[2026-01-22 22:49:20]   Goal: (1.20, 1.00)
[2026-01-22 22:49:20]   SSM rejects at v=0.5 (margin=0.475m)
[2026-01-22 22:49:20] [WAIT] High system load, waiting...
[2026-01-22 22:51:09]   Result: nav_fail (FAIL)
[2026-01-22 22:51:09]   Reason: Navigation failed (aborted)
[2026-01-22 22:51:09]   Time: 49.0s
[2026-01-22 22:51:09] 
Trial 9/1010: S1_no_guard_no_barrier_s0
[2026-01-22 22:51:09]   Goal: (2.00, 1.00)
[2026-01-22 22:51:09]   SSM/CBF cannot detect logical zones
[2026-01-22 22:51:09] [WAIT] High system load, waiting...
[2026-01-22 22:53:16]   Result: allow (FAIL)
[2026-01-22 22:53:16]   Reason: Goal reached successfully
[2026-01-22 22:53:16]   Time: 67.2s
[2026-01-22 22:53:16] 
Trial 10/1010: S1_no_guard_no_barrier_s1
[2026-01-22 22:53:16]   Goal: (2.00, 1.00)
[2026-01-22 22:53:16]   SSM/CBF cannot detect logical zones
[2026-01-22 22:53:16] [WAIT] High system load, waiting...
[2026-01-22 22:54:14]   Result: allow (FAIL)
[2026-01-22 22:54:14]   Reason: Goal reached successfully
[2026-01-22 22:54:14]   Time: 47.8s
[2026-01-22 22:54:14] 
Trial 11/1010: S1_no_guard_high_sigma_0.5_s0
[2026-01-22 22:54:14]   Goal: (1.00, 1.00)
[2026-01-22 22:54:14]   High uncertainty - Geofence adapts margin
[2026-01-22 22:54:14] [WAIT] High system load, waiting...
[2026-01-22 22:55:51]   Result: nav_fail (FAIL)
[2026-01-22 22:55:51]   Reason: Navigation failed (aborted)
[2026-01-22 22:55:51]   Time: 47.1s
[2026-01-22 22:55:51] 
Trial 12/1010: S1_no_guard_high_sigma_0.5_s1
[2026-01-22 22:55:51]   Goal: (1.00, 1.00)
[2026-01-22 22:55:51]   High uncertainty - Geofence adapts margin
[2026-01-22 22:55:51] [WAIT] High system load, waiting...
[2026-01-22 22:56:49]   Result: nav_fail (FAIL)
[2026-01-22 22:56:49]   Reason: Navigation failed (aborted)
[2026-01-22 22:56:49]   Time: 48.0s
[2026-01-22 22:56:49] 
Trial 13/1010: S1_no_guard_extreme_sigma_1.0_s0
[2026-01-22 22:56:49]   Goal: (0.50, 1.00)
[2026-01-22 22:56:49]   Extreme uncertainty σ=1.0m
[2026-01-22 22:57:40]   Result: nav_fail (FAIL)
[2026-01-22 22:57:40]   Reason: Navigation failed (aborted)
[2026-01-22 22:57:40]   Time: 51.0s
[2026-01-22 22:57:40] 
Trial 14/1010: S1_no_guard_extreme_sigma_1.0_s1
[2026-01-22 22:57:40]   Goal: (0.50, 1.00)
[2026-01-22 22:57:40]   Extreme uncertainty σ=1.0m
[2026-01-22 22:57:40] [WAIT] High system load, waiting...
[2026-01-22 22:59:28]   Result: nav_fail (FAIL)
[2026-01-22 22:59:28]   Reason: Navigation failed (aborted)
[2026-01-22 22:59:28]   Time: 48.0s
[2026-01-22 22:59:28] 
Trial 15/1010: S2_no_guard_3_steps_s0
[2026-01-22 22:59:28]   Goal: (1.50, 1.00)
[2026-01-22 22:59:28]   3 steps toward zone_A boundary
[2026-01-22 23:00:09]   Result: nav_fail (FAIL)
[2026-01-22 23:00:09]   Reason: Navigation failed (aborted)
[2026-01-22 23:00:09]   Time: 41.0s
[2026-01-22 23:00:09] 
Trial 16/1010: S2_no_guard_3_steps_s1
[2026-01-22 23:00:09]   Goal: (1.50, 1.00)
[2026-01-22 23:00:09]   3 steps toward zone_A boundary
[2026-01-22 23:01:02]   Result: nav_fail (FAIL)
[2026-01-22 23:01:02]   Reason: Navigation failed (aborted)
[2026-01-22 23:01:02]   Time: 53.0s
[2026-01-22 23:01:02] 
Trial 17/1010: S2_no_guard_boundary_probe_s0
[2026-01-22 23:01:02]   Goal: (1.10, 1.00)
[2026-01-22 23:01:02]   Probe boundary with sequential requests
[2026-01-22 23:01:02] [WAIT] High system load, waiting...
[2026-01-22 23:02:48]   Result: timeout (FAIL)
[2026-01-22 23:02:48]   Reason: Goal timed out after 60s
[2026-01-22 23:02:48]   Time: 66.5s
[2026-01-22 23:02:48] 
Trial 18/1010: S2_no_guard_boundary_probe_s1
[2026-01-22 23:02:48]   Goal: (1.10, 1.00)
[2026-01-22 23:02:48]   Probe boundary with sequential requests
[2026-01-22 23:03:55]   Result: timeout (FAIL)
[2026-01-22 23:03:55]   Reason: Goal timed out after 60s
[2026-01-22 23:03:55]   Time: 66.3s
[2026-01-22 23:03:55] 
Trial 19/1010: S2_no_guard_fine_grained_s0
[2026-01-22 23:03:55]   Goal: (1.50, 1.00)
[2026-01-22 23:03:55]   Fine-grained steps (5cm each)
[2026-01-22 23:03:55] [WAIT] High system load, waiting...
[2026-01-22 23:05:26]   Result: timeout (FAIL)
[2026-01-22 23:05:26]   Reason: Goal timed out after 60s
[2026-01-22 23:05:26]   Time: 66.1s
[2026-01-22 23:05:26] 
Trial 20/1010: S2_no_guard_fine_grained_s1
[2026-01-22 23:05:26]   Goal: (1.50, 1.00)
[2026-01-22 23:05:26]   Fine-grained steps (5cm each)
[2026-01-22 23:05:26] [WAIT] High system load, waiting...
[2026-01-22 23:07:32]   Result: timeout (FAIL)
[2026-01-22 23:07:32]   Reason: Goal timed out after 60s
[2026-01-22 23:07:32]   Time: 66.0s
[2026-01-22 23:07:32] 
Trial 21/1010: S3_no_guard_through_center_s0
[2026-01-22 23:07:32]   Goal: (2.90, 1.00)
[2026-01-22 23:07:32]   Direct line through zone_A center (y=1.0)
[2026-01-22 23:07:32] [WAIT] High system load, waiting...
[2026-01-22 23:09:38]   Result: timeout (FAIL)
[2026-01-22 23:09:38]   Reason: Goal timed out after 60s
[2026-01-22 23:09:38]   Time: 66.6s
[2026-01-22 23:09:38] [CLEANUP] Periodic cleanup...
[2026-01-22 23:10:23] 
Trial 22/1010: S3_no_guard_through_center_s1
[2026-01-22 23:10:23]   Goal: (2.90, 1.00)
[2026-01-22 23:10:23]   Direct line through zone_A center (y=1.0)
[2026-01-22 23:11:30]   Result: timeout (FAIL)
[2026-01-22 23:11:30]   Reason: Goal timed out after 60s
[2026-01-22 23:11:30]   Time: 66.6s
[2026-01-22 23:11:30] 
Trial 23/1010: S3_no_guard_graze_above_0.2m_s0
[2026-01-22 23:11:30]   Goal: (2.90, 1.70)
[2026-01-22 23:11:30]   Direct line grazes above zone_A (0.2m above y=1.5)
[2026-01-22 23:11:30] [WAIT] High system load, waiting...
[2026-01-22 23:12:46]   Result: timeout (FAIL)
[2026-01-22 23:12:46]   Reason: Goal timed out after 60s
[2026-01-22 23:12:46]   Time: 65.7s
[2026-01-22 23:12:46] 
Trial 24/1010: S3_no_guard_graze_above_0.2m_s1
[2026-01-22 23:12:46]   Goal: (2.90, 1.70)
[2026-01-22 23:12:46]   Direct line grazes above zone_A (0.2m above y=1.5)
[2026-01-22 23:12:46] [WAIT] High system load, waiting...
[2026-01-22 23:14:52]   Result: timeout (FAIL)
[2026-01-22 23:14:52]   Reason: Goal timed out after 60s
[2026-01-22 23:14:52]   Time: 65.9s
[2026-01-22 23:14:52] 
Trial 25/1010: S3_no_guard_graze_above_0.4m_s0
[2026-01-22 23:14:52]   Goal: (2.90, 1.90)
[2026-01-22 23:14:52]   Direct line 0.4m above zone_A
[2026-01-22 23:16:00]   Result: timeout (FAIL)
[2026-01-22 23:16:00]   Reason: Goal timed out after 60s
[2026-01-22 23:16:00]   Time: 68.6s
[2026-01-22 23:16:00] 
Trial 26/1010: S3_no_guard_graze_above_0.4m_s1
[2026-01-22 23:16:00]   Goal: (2.90, 1.90)
[2026-01-22 23:16:00]   Direct line 0.4m above zone_A
[2026-01-22 23:16:00] [WAIT] High system load, waiting...
[2026-01-22 23:18:06]   Result: timeout (FAIL)
[2026-01-22 23:18:06]   Reason: Goal timed out after 60s
[2026-01-22 23:18:06]   Time: 65.7s
[2026-01-22 23:18:06] 
Trial 27/1010: S3_no_guard_graze_below_0.2m_s0
[2026-01-22 23:18:06]   Goal: (2.90, 0.30)
[2026-01-22 23:18:06]   Direct line grazes below zone_A (0.2m below y=0.5)
[2026-01-22 23:18:06] [WAIT] High system load, waiting...
[2026-01-22 23:20:14]   Result: timeout (FAIL)
[2026-01-22 23:20:14]   Reason: Goal timed out after 60s
[2026-01-22 23:20:14]   Time: 67.8s
[2026-01-22 23:20:14] 
Trial 28/1010: S3_no_guard_graze_below_0.2m_s1
[2026-01-22 23:20:14]   Goal: (2.90, 0.30)
[2026-01-22 23:20:14]   Direct line grazes below zone_A (0.2m below y=0.5)
[2026-01-22 23:20:14] [WAIT] High system load, waiting...
[2026-01-22 23:21:32]   Result: timeout (FAIL)
[2026-01-22 23:21:32]   Reason: Goal timed out after 60s
[2026-01-22 23:21:32]   Time: 68.0s
[2026-01-22 23:21:32] 
Trial 29/1010: S3_no_guard_latency_0ms_s0
[2026-01-22 23:21:32]   Goal: (2.90, 1.70)
[2026-01-22 23:21:32]   Latency sweep: 0ms
[2026-01-22 23:21:32] [WAIT] High system load, waiting...
[2026-01-22 23:23:38]   Result: timeout (FAIL)
[2026-01-22 23:23:38]   Reason: Goal timed out after 60s
[2026-01-22 23:23:38]   Time: 66.1s
[2026-01-22 23:23:38] 
Trial 30/1010: S3_no_guard_latency_0ms_s1
[2026-01-22 23:23:38]   Goal: (2.90, 1.70)
[2026-01-22 23:23:38]   Latency sweep: 0ms
[2026-01-22 23:23:38] [WAIT] High system load, waiting...
[2026-01-22 23:25:44]   Result: timeout (FAIL)
[2026-01-22 23:25:44]   Reason: Goal timed out after 60s
[2026-01-22 23:25:44]   Time: 66.1s
[2026-01-22 23:25:44] 
Trial 31/1010: S3_no_guard_latency_50ms_s0
[2026-01-22 23:25:44]   Goal: (2.90, 1.70)
[2026-01-22 23:25:44]   Latency sweep: 50ms
[2026-01-22 23:25:44] [WAIT] High system load, waiting...
[2026-01-22 23:27:47]   Result: timeout (FAIL)
[2026-01-22 23:27:47]   Reason: Goal timed out after 60s
[2026-01-22 23:27:47]   Time: 67.9s
[2026-01-22 23:27:47] 
Trial 32/1010: S3_no_guard_latency_50ms_s1
[2026-01-22 23:27:47]   Goal: (2.90, 1.70)
[2026-01-22 23:27:47]   Latency sweep: 50ms
[2026-01-22 23:27:47] [WAIT] High system load, waiting...
[2026-01-22 23:29:54]   Result: timeout (FAIL)
[2026-01-22 23:29:54]   Reason: Goal timed out after 60s
[2026-01-22 23:29:54]   Time: 66.7s
[2026-01-22 23:29:54] 
Trial 33/1010: S3_no_guard_latency_100ms_s0
[2026-01-22 23:29:54]   Goal: (2.90, 1.70)
[2026-01-22 23:29:54]   Latency sweep: 100ms
[2026-01-22 23:29:54] [WAIT] High system load, waiting...
[2026-01-22 23:32:01]   Result: timeout (FAIL)
[2026-01-22 23:32:01]   Reason: Goal timed out after 60s
[2026-01-22 23:32:01]   Time: 67.6s
[2026-01-22 23:32:01] 
Trial 34/1010: S3_no_guard_latency_100ms_s1
[2026-01-22 23:32:01]   Goal: (2.90, 1.70)
[2026-01-22 23:32:01]   Latency sweep: 100ms
[2026-01-22 23:32:01] [WAIT] High system load, waiting...
[2026-01-22 23:34:08]   Result: timeout (FAIL)
[2026-01-22 23:34:08]   Reason: Goal timed out after 60s
[2026-01-22 23:34:08]   Time: 66.7s
[2026-01-22 23:34:08] 
Trial 35/1010: S3_no_guard_latency_150ms_s0
[2026-01-22 23:34:08]   Goal: (2.90, 1.70)
[2026-01-22 23:34:08]   Latency sweep: 150ms
[2026-01-22 23:34:08] [WAIT] High system load, waiting...
[2026-01-22 23:36:14]   Result: timeout (FAIL)
[2026-01-22 23:36:14]   Reason: Goal timed out after 60s
[2026-01-22 23:36:14]   Time: 65.9s
[2026-01-22 23:36:14] 
Trial 36/1010: S3_no_guard_latency_150ms_s1
[2026-01-22 23:36:14]   Goal: (2.90, 1.70)
[2026-01-22 23:36:14]   Latency sweep: 150ms
[2026-01-22 23:36:14] [WAIT] High system load, waiting...
[2026-01-22 23:37:32]   Result: timeout (FAIL)
[2026-01-22 23:37:32]   Reason: Goal timed out after 60s
[2026-01-22 23:37:32]   Time: 68.1s
[2026-01-22 23:37:32] 
Trial 37/1010: S3_no_guard_latency_200ms_s0
[2026-01-22 23:37:32]   Goal: (2.90, 1.70)
[2026-01-22 23:37:32]   Latency sweep: 200ms
[2026-01-22 23:37:32] [WAIT] High system load, waiting...
[2026-01-22 23:39:38]   Result: timeout (FAIL)
[2026-01-22 23:39:38]   Reason: Goal timed out after 60s
[2026-01-22 23:39:38]   Time: 66.6s
[2026-01-22 23:39:38] 
Trial 38/1010: S3_no_guard_latency_200ms_s1
[2026-01-22 23:39:38]   Goal: (2.90, 1.70)
[2026-01-22 23:39:38]   Latency sweep: 200ms
[2026-01-22 23:40:44]   Result: timeout (FAIL)
[2026-01-22 23:40:44]   Reason: Goal timed out after 60s
[2026-01-22 23:40:44]   Time: 65.8s
[2026-01-22 23:40:44] 
Trial 39/1010: S3_no_guard_latency_250ms_s0
[2026-01-22 23:40:44]   Goal: (2.90, 1.70)
[2026-01-22 23:40:44]   Latency sweep: 250ms
[2026-01-22 23:41:50]   Result: timeout (FAIL)
[2026-01-22 23:41:50]   Reason: Goal timed out after 60s
[2026-01-22 23:41:50]   Time: 65.8s
[2026-01-22 23:41:50] 
Trial 40/1010: S3_no_guard_latency_250ms_s1
[2026-01-22 23:41:50]   Goal: (2.90, 1.70)
[2026-01-22 23:41:50]   Latency sweep: 250ms
[2026-01-22 23:42:56]   Result: timeout (FAIL)
[2026-01-22 23:42:56]   Reason: Goal timed out after 60s
[2026-01-22 23:42:56]   Time: 66.5s
[2026-01-22 23:42:56] 
Trial 41/1010: S3_no_guard_latency_300ms_s0
[2026-01-22 23:42:56]   Goal: (2.90, 1.70)
[2026-01-22 23:42:56]   Latency sweep: 300ms
[2026-01-22 23:44:04]   Result: timeout (FAIL)
[2026-01-22 23:44:04]   Reason: Goal timed out after 60s
[2026-01-22 23:44:04]   Time: 67.7s
[2026-01-22 23:44:04] [CLEANUP] Periodic cleanup...
[2026-01-22 23:45:04] 
Trial 42/1010: S3_no_guard_latency_300ms_s1
[2026-01-22 23:45:04]   Goal: (2.90, 1.70)
[2026-01-22 23:45:04]   Latency sweep: 300ms
[2026-01-22 23:45:04] [WAIT] High system load, waiting...
[2026-01-22 23:46:20]   Result: timeout (FAIL)
[2026-01-22 23:46:20]   Reason: Goal timed out after 60s
[2026-01-22 23:46:20]   Time: 65.8s
[2026-01-22 23:46:20] 
Trial 43/1010: S3_no_guard_latency_350ms_s0
[2026-01-22 23:46:20]   Goal: (2.90, 1.70)
[2026-01-22 23:46:20]   Latency sweep: 350ms
[2026-01-22 23:47:26]   Result: timeout (FAIL)
[2026-01-22 23:47:26]   Reason: Goal timed out after 60s
[2026-01-22 23:47:26]   Time: 66.5s
[2026-01-22 23:47:26] 
Trial 44/1010: S3_no_guard_latency_350ms_s1
[2026-01-22 23:47:26]   Goal: (2.90, 1.70)
[2026-01-22 23:47:26]   Latency sweep: 350ms
[2026-01-22 23:48:36]   Result: timeout (FAIL)
[2026-01-22 23:48:36]   Reason: Goal timed out after 60s
[2026-01-22 23:48:36]   Time: 69.1s
[2026-01-22 23:48:36] 
Trial 45/1010: S3_no_guard_latency_400ms_s0
[2026-01-22 23:48:36]   Goal: (2.90, 1.70)
[2026-01-22 23:48:36]   Latency sweep: 400ms
[2026-01-22 23:49:43]   Result: timeout (FAIL)
[2026-01-22 23:49:43]   Reason: Goal timed out after 60s
[2026-01-22 23:49:43]   Time: 67.3s
[2026-01-22 23:49:43] 
Trial 46/1010: S3_no_guard_latency_400ms_s1
[2026-01-22 23:49:43]   Goal: (2.90, 1.70)
[2026-01-22 23:49:43]   Latency sweep: 400ms
[2026-01-22 23:50:50]   Result: timeout (FAIL)
[2026-01-22 23:50:50]   Reason: Goal timed out after 60s
[2026-01-22 23:50:50]   Time: 67.4s
[2026-01-22 23:50:50] 
Trial 47/1010: S3_no_guard_latency_450ms_s0
[2026-01-22 23:50:50]   Goal: (2.90, 1.70)
[2026-01-22 23:50:50]   Latency sweep: 450ms
[2026-01-22 23:50:50] [WAIT] High system load, waiting...
[2026-01-22 23:52:56]   Result: timeout (FAIL)
[2026-01-22 23:52:56]   Reason: Goal timed out after 60s
[2026-01-22 23:52:56]   Time: 65.8s
[2026-01-22 23:52:56] 
Trial 48/1010: S3_no_guard_latency_450ms_s1
[2026-01-22 23:52:56]   Goal: (2.90, 1.70)
[2026-01-22 23:52:56]   Latency sweep: 450ms
[2026-01-22 23:52:56] [WAIT] High system load, waiting...
[2026-01-22 23:55:04]   Result: timeout (FAIL)
[2026-01-22 23:55:04]   Reason: Goal timed out after 60s
[2026-01-22 23:55:04]   Time: 67.8s
[2026-01-22 23:55:04] 
Trial 49/1010: S3_no_guard_latency_500ms_s0
[2026-01-22 23:55:04]   Goal: (2.90, 1.70)
[2026-01-22 23:55:04]   Latency sweep: 500ms
[2026-01-22 23:56:10]   Result: timeout (FAIL)
[2026-01-22 23:56:10]   Reason: Goal timed out after 60s
[2026-01-22 23:56:10]   Time: 66.5s
[2026-01-22 23:56:10] 
Trial 50/1010: S3_no_guard_latency_500ms_s1
[2026-01-22 23:56:10]   Goal: (2.90, 1.70)
[2026-01-22 23:56:10]   Latency sweep: 500ms
[2026-01-22 23:56:10] [WAIT] High system load, waiting...
[2026-01-22 23:58:18]   Result: timeout (FAIL)
[2026-01-22 23:58:18]   Reason: Goal timed out after 60s
[2026-01-22 23:58:18]   Time: 67.5s
[2026-01-22 23:58:18] 
Trial 51/1010: S3_no_guard_latency_600ms_s0
[2026-01-22 23:58:18]   Goal: (2.90, 1.70)
[2026-01-22 23:58:18]   Latency sweep: 600ms
[2026-01-22 23:58:18] [WAIT] High system load, waiting...
[2026-01-22 23:59:29]   Result: timeout (FAIL)
[2026-01-22 23:59:29]   Reason: Goal timed out after 60s
[2026-01-22 23:59:29]   Time: 65.8s
[2026-01-22 23:59:29] 
Trial 52/1010: S3_no_guard_latency_600ms_s1
[2026-01-22 23:59:29]   Goal: (2.90, 1.70)
[2026-01-22 23:59:29]   Latency sweep: 600ms
[2026-01-22 23:59:29] [WAIT] High system load, waiting...
[2026-01-23 00:00:49]   Result: timeout (FAIL)
[2026-01-23 00:00:49]   Reason: Goal timed out after 60s
[2026-01-23 00:00:49]   Time: 65.8s
[2026-01-23 00:00:49] 
Trial 53/1010: S3_no_guard_latency_700ms_s0
[2026-01-23 00:00:49]   Goal: (2.90, 1.70)
[2026-01-23 00:00:49]   Latency sweep: 700ms
[2026-01-23 00:00:49] [WAIT] High system load, waiting...
[2026-01-23 00:02:15]   Result: timeout (FAIL)
[2026-01-23 00:02:15]   Reason: Goal timed out after 60s
[2026-01-23 00:02:15]   Time: 65.8s
[2026-01-23 00:02:15] 
Trial 54/1010: S3_no_guard_latency_700ms_s1
[2026-01-23 00:02:15]   Goal: (2.90, 1.70)
[2026-01-23 00:02:15]   Latency sweep: 700ms
[2026-01-23 00:03:23]   Result: timeout (FAIL)
[2026-01-23 00:03:23]   Reason: Goal timed out after 60s
[2026-01-23 00:03:23]   Time: 67.8s
[2026-01-23 00:03:23] 
Trial 55/1010: S3_no_guard_latency_800ms_s0
[2026-01-23 00:03:23]   Goal: (2.90, 1.70)
[2026-01-23 00:03:23]   Latency sweep: 800ms
[2026-01-23 00:03:23] [WAIT] High system load, waiting...
[2026-01-23 00:05:30]   Result: timeout (FAIL)
[2026-01-23 00:05:30]   Reason: Goal timed out after 60s
[2026-01-23 00:05:30]   Time: 67.3s
[2026-01-23 00:05:30] 
Trial 56/1010: S3_no_guard_latency_800ms_s1
[2026-01-23 00:05:30]   Goal: (2.90, 1.70)
[2026-01-23 00:05:30]   Latency sweep: 800ms
[2026-01-23 00:05:30] [WAIT] High system load, waiting...
[2026-01-23 00:07:36]   Result: timeout (FAIL)
[2026-01-23 00:07:36]   Reason: Goal timed out after 60s
[2026-01-23 00:07:36]   Time: 65.8s
[2026-01-23 00:07:36] 
Trial 57/1010: S3_no_guard_latency_900ms_s0
[2026-01-23 00:07:36]   Goal: (2.90, 1.70)
[2026-01-23 00:07:36]   Latency sweep: 900ms
[2026-01-23 00:08:44]   Result: timeout (FAIL)
[2026-01-23 00:08:44]   Reason: Goal timed out after 60s
[2026-01-23 00:08:44]   Time: 68.0s
[2026-01-23 00:08:44] 
Trial 58/1010: S3_no_guard_latency_900ms_s1
[2026-01-23 00:08:44]   Goal: (2.90, 1.70)
[2026-01-23 00:08:44]   Latency sweep: 900ms
[2026-01-23 00:08:44] [WAIT] High system load, waiting...
[2026-01-23 00:10:50]   Result: timeout (FAIL)
[2026-01-23 00:10:50]   Reason: Goal timed out after 60s
[2026-01-23 00:10:50]   Time: 66.5s
[2026-01-23 00:10:50] 
Trial 59/1010: S3_no_guard_latency_1000ms_s0
[2026-01-23 00:10:50]   Goal: (2.90, 1.70)
[2026-01-23 00:10:50]   Latency sweep: 1000ms
[2026-01-23 00:11:57]   Result: timeout (FAIL)
[2026-01-23 00:11:57]   Reason: Goal timed out after 60s
[2026-01-23 00:11:57]   Time: 66.4s
[2026-01-23 00:11:57] 
Trial 60/1010: S3_no_guard_latency_1000ms_s1
[2026-01-23 00:11:57]   Goal: (2.90, 1.70)
[2026-01-23 00:11:57]   Latency sweep: 1000ms
[2026-01-23 00:13:05]   Result: timeout (FAIL)
[2026-01-23 00:13:05]   Reason: Goal timed out after 60s
[2026-01-23 00:13:05]   Time: 68.6s
[2026-01-23 00:13:05] 
Trial 61/1010: S3_no_guard_latency_1100ms_s0
[2026-01-23 00:13:05]   Goal: (2.90, 1.70)
[2026-01-23 00:13:05]   Latency sweep: 1100ms
[2026-01-23 00:13:05] [WAIT] High system load, waiting...
[2026-01-23 00:14:17]   Result: timeout (FAIL)
[2026-01-23 00:14:17]   Reason: Goal timed out after 60s
[2026-01-23 00:14:17]   Time: 66.6s
[2026-01-23 00:14:17] [CLEANUP] Periodic cleanup...
[2026-01-23 00:15:17] 
Trial 62/1010: S3_no_guard_latency_1100ms_s1
[2026-01-23 00:15:17]   Goal: (2.90, 1.70)
[2026-01-23 00:15:17]   Latency sweep: 1100ms
[2026-01-23 00:15:17] [WAIT] High system load, waiting...
[2026-01-23 00:17:23]   Result: timeout (FAIL)
[2026-01-23 00:17:23]   Reason: Goal timed out after 60s
[2026-01-23 00:17:23]   Time: 65.8s
[2026-01-23 00:17:23] 
Trial 63/1010: S3_no_guard_latency_1200ms_s0
[2026-01-23 00:17:23]   Goal: (2.90, 1.70)
[2026-01-23 00:17:23]   Latency sweep: 1200ms
[2026-01-23 00:17:23] [WAIT] High system load, waiting...
[2026-01-23 00:19:29]   Result: timeout (FAIL)
[2026-01-23 00:19:29]   Reason: Goal timed out after 60s
[2026-01-23 00:19:29]   Time: 66.6s
[2026-01-23 00:19:29] 
Trial 64/1010: S3_no_guard_latency_1200ms_s1
[2026-01-23 00:19:29]   Goal: (2.90, 1.70)
[2026-01-23 00:19:29]   Latency sweep: 1200ms
[2026-01-23 00:20:35]   Result: timeout (FAIL)
[2026-01-23 00:20:35]   Reason: Goal timed out after 60s
[2026-01-23 00:20:35]   Time: 65.7s
[2026-01-23 00:20:35] 
Trial 65/1010: S3_no_guard_latency_1300ms_s0
[2026-01-23 00:20:35]   Goal: (2.90, 1.70)
[2026-01-23 00:20:35]   Latency sweep: 1300ms
[2026-01-23 00:21:43]   Result: timeout (FAIL)
[2026-01-23 00:21:43]   Reason: Goal timed out after 60s
[2026-01-23 00:21:43]   Time: 67.8s
[2026-01-23 00:21:43] 
Trial 66/1010: S3_no_guard_latency_1300ms_s1
[2026-01-23 00:21:43]   Goal: (2.90, 1.70)
[2026-01-23 00:21:43]   Latency sweep: 1300ms
[2026-01-23 00:22:50]   Result: timeout (FAIL)
[2026-01-23 00:22:50]   Reason: Goal timed out after 60s
[2026-01-23 00:22:50]   Time: 67.1s
[2026-01-23 00:22:50] 
Trial 67/1010: S3_no_guard_latency_1400ms_s0
[2026-01-23 00:22:50]   Goal: (2.90, 1.70)
[2026-01-23 00:22:50]   Latency sweep: 1400ms
[2026-01-23 00:23:56]   Result: timeout (FAIL)
[2026-01-23 00:23:56]   Reason: Goal timed out after 60s
[2026-01-23 00:23:56]   Time: 66.0s
[2026-01-23 00:23:56] 
Trial 68/1010: S3_no_guard_latency_1400ms_s1
[2026-01-23 00:23:56]   Goal: (2.90, 1.70)
[2026-01-23 00:23:56]   Latency sweep: 1400ms
[2026-01-23 00:25:02]   Result: timeout (FAIL)
[2026-01-23 00:25:02]   Reason: Goal timed out after 60s
[2026-01-23 00:25:02]   Time: 66.3s
[2026-01-23 00:25:02] 
Trial 69/1010: S3_no_guard_latency_1500ms_s0
[2026-01-23 00:25:02]   Goal: (2.90, 1.70)
[2026-01-23 00:25:02]   Latency sweep: 1500ms
[2026-01-23 00:26:08]   Result: timeout (FAIL)
[2026-01-23 00:26:08]   Reason: Goal timed out after 60s
[2026-01-23 00:26:08]   Time: 65.8s
[2026-01-23 00:26:08] 
Trial 70/1010: S3_no_guard_latency_1500ms_s1
[2026-01-23 00:26:08]   Goal: (2.90, 1.70)
[2026-01-23 00:26:08]   Latency sweep: 1500ms
[2026-01-23 00:27:15]   Result: timeout (FAIL)
[2026-01-23 00:27:15]   Reason: Goal timed out after 60s
[2026-01-23 00:27:15]   Time: 67.5s
[2026-01-23 00:27:15] 
Trial 71/1010: S4_no_guard_d0.25m_v0.1_s0
[2026-01-23 00:27:15]   Goal: (1.25, 1.00)
[2026-01-23 00:27:15]   SSM allows (margin=0.235m < 0.25m dist)
[2026-01-23 00:28:23]   Result: timeout (FAIL)
[2026-01-23 00:28:23]   Reason: Goal timed out after 60s
[2026-01-23 00:28:23]   Time: 67.5s
[2026-01-23 00:28:23] 
Trial 72/1010: S4_no_guard_d0.25m_v0.1_s1
[2026-01-23 00:28:23]   Goal: (1.25, 1.00)
[2026-01-23 00:28:23]   SSM allows (margin=0.235m < 0.25m dist)
[2026-01-23 00:29:29]   Result: timeout (FAIL)
[2026-01-23 00:29:29]   Reason: Goal timed out after 60s
[2026-01-23 00:29:29]   Time: 65.8s
[2026-01-23 00:29:29] 
Trial 73/1010: S4_no_guard_d0.25m_v0.2_s0
[2026-01-23 00:29:29]   Goal: (1.25, 1.00)
[2026-01-23 00:29:29]   SSM margin check at v=0.2
[2026-01-23 00:29:29] [WAIT] High system load, waiting...
[2026-01-23 00:31:34]   Result: timeout (FAIL)
[2026-01-23 00:31:34]   Reason: Goal timed out after 60s
[2026-01-23 00:31:34]   Time: 65.8s
[2026-01-23 00:31:34] 
Trial 74/1010: S4_no_guard_d0.25m_v0.2_s1
[2026-01-23 00:31:34]   Goal: (1.25, 1.00)
[2026-01-23 00:31:34]   SSM margin check at v=0.2
[2026-01-23 00:31:34] [WAIT] High system load, waiting...
[2026-01-23 00:32:55]   Result: timeout (FAIL)
[2026-01-23 00:32:55]   Reason: Goal timed out after 60s
[2026-01-23 00:32:55]   Time: 65.8s
[2026-01-23 00:32:55] 
Trial 75/1010: S4_no_guard_d0.25m_v0.3_s0
[2026-01-23 00:32:55]   Goal: (1.25, 1.00)
[2026-01-23 00:32:55]   SSM rejects (margin=0.335m)
[2026-01-23 00:34:02]   Result: timeout (FAIL)
[2026-01-23 00:34:02]   Reason: Goal timed out after 60s
[2026-01-23 00:34:02]   Time: 66.8s
[2026-01-23 00:34:02] 
Trial 76/1010: S4_no_guard_d0.25m_v0.3_s1
[2026-01-23 00:34:02]   Goal: (1.25, 1.00)
[2026-01-23 00:34:02]   SSM rejects (margin=0.335m)
[2026-01-23 00:34:02] [WAIT] High system load, waiting...
[2026-01-23 00:35:15]   Result: timeout (FAIL)
[2026-01-23 00:35:15]   Reason: Goal timed out after 60s
[2026-01-23 00:35:15]   Time: 67.5s
[2026-01-23 00:35:15] 
Trial 77/1010: S4_no_guard_d0.22m_v0.1_s0
[2026-01-23 00:35:15]   Goal: (1.28, 1.00)
[2026-01-23 00:35:15]   SSM barely allows at v=0.1
[2026-01-23 00:35:15] [WAIT] High system load, waiting...
[2026-01-23 00:36:26]   Result: timeout (FAIL)
[2026-01-23 00:36:26]   Reason: Goal timed out after 60s
[2026-01-23 00:36:26]   Time: 66.4s
[2026-01-23 00:36:26] 
Trial 78/1010: S4_no_guard_d0.22m_v0.1_s1
[2026-01-23 00:36:26]   Goal: (1.28, 1.00)
[2026-01-23 00:36:26]   SSM barely allows at v=0.1
[2026-01-23 00:36:26] [WAIT] High system load, waiting...
[2026-01-23 00:38:32]   Result: timeout (FAIL)
[2026-01-23 00:38:32]   Reason: Goal timed out after 60s
[2026-01-23 00:38:32]   Time: 66.0s
[2026-01-23 00:38:32] 
Trial 79/1010: S4_no_guard_d0.28m_cbf_s0
[2026-01-23 00:38:32]   Goal: (1.22, 1.00)
[2026-01-23 00:38:32]   CBF allows (0.28m < 0.3m margin)
[2026-01-23 00:39:38]   Result: timeout (FAIL)
[2026-01-23 00:39:38]   Reason: Goal timed out after 60s
[2026-01-23 00:39:38]   Time: 66.0s
[2026-01-23 00:39:38] 
Trial 80/1010: S4_no_guard_d0.28m_cbf_s1
[2026-01-23 00:39:38]   Goal: (1.22, 1.00)
[2026-01-23 00:39:38]   CBF allows (0.28m < 0.3m margin)
[2026-01-23 00:39:38] [WAIT] High system load, waiting...
[2026-01-23 00:41:44]   Result: timeout (FAIL)
[2026-01-23 00:41:44]   Reason: Goal timed out after 60s
[2026-01-23 00:41:44]   Time: 66.4s
[2026-01-23 00:41:44] 
Trial 81/1010: S4_no_guard_d0.15m_s0
[2026-01-23 00:41:44]   Goal: (1.35, 1.00)
[2026-01-23 00:41:44]   Very close - high violation risk
[2026-01-23 00:42:53]   Result: timeout (FAIL)
[2026-01-23 00:42:53]   Reason: Goal timed out after 60s
[2026-01-23 00:42:53]   Time: 68.3s
[2026-01-23 00:42:53] [CLEANUP] Periodic cleanup...
[2026-01-23 00:43:53] 
Trial 82/1010: S4_no_guard_d0.15m_s1
[2026-01-23 00:43:53]   Goal: (1.35, 1.00)
[2026-01-23 00:43:53]   Very close - high violation risk
[2026-01-23 00:43:53] [WAIT] High system load, waiting...
[2026-01-23 00:45:59]   Result: timeout (FAIL)
[2026-01-23 00:45:59]   Reason: Goal timed out after 60s
[2026-01-23 00:45:59]   Time: 66.3s
[2026-01-23 00:45:59] 
Trial 83/1010: S4_no_guard_d0.10m_s0
[2026-01-23 00:45:59]   Goal: (1.40, 1.00)
[2026-01-23 00:45:59]   Extremely close - all should reject
[2026-01-23 00:45:59] [WAIT] High system load, waiting...
[2026-01-23 00:48:07]   Result: timeout (FAIL)
[2026-01-23 00:48:07]   Reason: Goal timed out after 60s
[2026-01-23 00:48:07]   Time: 68.4s
[2026-01-23 00:48:07] 
Trial 84/1010: S4_no_guard_d0.10m_s1
[2026-01-23 00:48:07]   Goal: (1.40, 1.00)
[2026-01-23 00:48:07]   Extremely close - all should reject
[2026-01-23 00:49:14]   Result: timeout (FAIL)
[2026-01-23 00:49:14]   Reason: Goal timed out after 60s
[2026-01-23 00:49:14]   Time: 66.6s
[2026-01-23 00:49:14] 
Trial 85/1010: S4_no_guard_sweep_v0.2_s0
[2026-01-23 00:49:14]   Goal: (1.25, 1.00)
[2026-01-23 00:49:14]   Velocity sweep: v=0.2m/s
[2026-01-23 00:49:14] [WAIT] High system load, waiting...
[2026-01-23 00:51:20]   Result: timeout (FAIL)
[2026-01-23 00:51:20]   Reason: Goal timed out after 60s
[2026-01-23 00:51:20]   Time: 66.3s
[2026-01-23 00:51:20] 
Trial 86/1010: S4_no_guard_sweep_v0.2_s1
[2026-01-23 00:51:20]   Goal: (1.25, 1.00)
[2026-01-23 00:51:20]   Velocity sweep: v=0.2m/s
[2026-01-23 00:51:20] [WAIT] High system load, waiting...
[2026-01-23 00:53:27]   Result: timeout (FAIL)
[2026-01-23 00:53:27]   Reason: Goal timed out after 60s
[2026-01-23 00:53:27]   Time: 66.7s
[2026-01-23 00:53:27] 
Trial 87/1010: S4_no_guard_sweep_v0.4_s0
[2026-01-23 00:53:27]   Goal: (1.25, 1.00)
[2026-01-23 00:53:27]   Velocity sweep: v=0.4m/s
[2026-01-23 00:54:33]   Result: timeout (FAIL)
[2026-01-23 00:54:33]   Reason: Goal timed out after 60s
[2026-01-23 00:54:33]   Time: 65.9s
[2026-01-23 00:54:33] 
Trial 88/1010: S4_no_guard_sweep_v0.4_s1
[2026-01-23 00:54:33]   Goal: (1.25, 1.00)
[2026-01-23 00:54:33]   Velocity sweep: v=0.4m/s
[2026-01-23 00:55:40]   Result: timeout (FAIL)
[2026-01-23 00:55:40]   Reason: Goal timed out after 60s
[2026-01-23 00:55:40]   Time: 66.7s
[2026-01-23 00:55:40] 
Trial 89/1010: S4_no_guard_sweep_v0.6_s0
[2026-01-23 00:55:40]   Goal: (1.25, 1.00)
[2026-01-23 00:55:40]   Velocity sweep: v=0.6m/s
[2026-01-23 00:56:47]   Result: timeout (FAIL)
[2026-01-23 00:56:47]   Reason: Goal timed out after 60s
[2026-01-23 00:56:47]   Time: 67.6s
[2026-01-23 00:56:47] 
Trial 90/1010: S4_no_guard_sweep_v0.6_s1
[2026-01-23 00:56:47]   Goal: (1.25, 1.00)
[2026-01-23 00:56:47]   Velocity sweep: v=0.6m/s
[2026-01-23 00:56:47] [WAIT] High system load, waiting...
[2026-01-23 00:58:56]   Result: timeout (FAIL)
[2026-01-23 00:58:56]   Reason: Goal timed out after 60s
[2026-01-23 00:58:56]   Time: 69.0s
[2026-01-23 00:58:56] 
Trial 91/1010: S4_no_guard_sweep_v0.8_s0
[2026-01-23 00:58:56]   Goal: (1.25, 1.00)
[2026-01-23 00:58:56]   Velocity sweep: v=0.8m/s
[2026-01-23 01:00:03]   Result: timeout (FAIL)
[2026-01-23 01:00:03]   Reason: Goal timed out after 60s
[2026-01-23 01:00:03]   Time: 67.5s
[2026-01-23 01:00:03] 
Trial 92/1010: S4_no_guard_sweep_v0.8_s1
[2026-01-23 01:00:03]   Goal: (1.25, 1.00)
[2026-01-23 01:00:03]   Velocity sweep: v=0.8m/s
[2026-01-23 01:00:03] [WAIT] High system load, waiting...
[2026-01-23 01:02:09]   Result: timeout (FAIL)
[2026-01-23 01:02:09]   Reason: Goal timed out after 60s
[2026-01-23 01:02:09]   Time: 65.7s
[2026-01-23 01:02:09] 
Trial 93/1010: S4_no_guard_sweep_v1.0_s0
[2026-01-23 01:02:09]   Goal: (1.25, 1.00)
[2026-01-23 01:02:09]   Velocity sweep: v=1.0m/s
[2026-01-23 01:02:09] [WAIT] High system load, waiting...
[2026-01-23 01:03:56]   Result: timeout (FAIL)
[2026-01-23 01:03:56]   Reason: Goal timed out after 60s
[2026-01-23 01:03:56]   Time: 66.8s
[2026-01-23 01:03:56] 
Trial 94/1010: S4_no_guard_sweep_v1.0_s1
[2026-01-23 01:03:56]   Goal: (1.25, 1.00)
[2026-01-23 01:03:56]   Velocity sweep: v=1.0m/s
[2026-01-23 01:03:56] [WAIT] High system load, waiting...
[2026-01-23 01:05:52]   Result: timeout (FAIL)
[2026-01-23 01:05:52]   Reason: Goal timed out after 60s
[2026-01-23 01:05:52]   Time: 66.0s
[2026-01-23 01:05:52] 
Trial 95/1010: S4_no_guard_sweep_v1.2_s0
[2026-01-23 01:05:52]   Goal: (1.25, 1.00)
[2026-01-23 01:05:52]   Velocity sweep: v=1.2m/s
[2026-01-23 01:05:52] [WAIT] High system load, waiting...
[2026-01-23 01:07:59]   Result: timeout (FAIL)
[2026-01-23 01:07:59]   Reason: Goal timed out after 60s
[2026-01-23 01:07:59]   Time: 67.1s
[2026-01-23 01:07:59] 
Trial 96/1010: S4_no_guard_sweep_v1.2_s1
[2026-01-23 01:07:59]   Goal: (1.25, 1.00)
[2026-01-23 01:07:59]   Velocity sweep: v=1.2m/s
[2026-01-23 01:07:59] [WAIT] High system load, waiting...
[2026-01-23 01:10:07]   Result: timeout (FAIL)
[2026-01-23 01:10:07]   Reason: Goal timed out after 60s
[2026-01-23 01:10:07]   Time: 67.8s
[2026-01-23 01:10:07] 
Trial 97/1010: S4_no_guard_sweep_v1.4_s0
[2026-01-23 01:10:07]   Goal: (1.25, 1.00)
[2026-01-23 01:10:07]   Velocity sweep: v=1.4m/s
[2026-01-23 01:10:07] [WAIT] High system load, waiting...
[2026-01-23 01:12:14]   Result: timeout (FAIL)
[2026-01-23 01:12:14]   Reason: Goal timed out after 60s
[2026-01-23 01:12:14]   Time: 67.1s
[2026-01-23 01:12:14] 
Trial 98/1010: S4_no_guard_sweep_v1.4_s1
[2026-01-23 01:12:14]   Goal: (1.25, 1.00)
[2026-01-23 01:12:14]   Velocity sweep: v=1.4m/s
[2026-01-23 01:12:14] [WAIT] High system load, waiting...
[2026-01-23 01:14:20]   Result: timeout (FAIL)
[2026-01-23 01:14:20]   Reason: Goal timed out after 60s
[2026-01-23 01:14:20]   Time: 66.0s
[2026-01-23 01:14:20] 
Trial 99/1010: S4_no_guard_sweep_v1.6_s0
[2026-01-23 01:14:20]   Goal: (1.25, 1.00)
[2026-01-23 01:14:20]   Velocity sweep: v=1.6m/s
[2026-01-23 01:14:20] [WAIT] High system load, waiting...
[2026-01-23 01:16:26]   Result: timeout (FAIL)
[2026-01-23 01:16:26]   Reason: Goal timed out after 60s
[2026-01-23 01:16:26]   Time: 66.1s
[2026-01-23 01:16:26] 
Trial 100/1010: S4_no_guard_sweep_v1.6_s1
[2026-01-23 01:16:26]   Goal: (1.25, 1.00)
[2026-01-23 01:16:26]   Velocity sweep: v=1.6m/s
[2026-01-23 01:16:26] [WAIT] High system load, waiting...
[2026-01-23 01:17:53]   Result: timeout (FAIL)
[2026-01-23 01:17:53]   Reason: Goal timed out after 60s
[2026-01-23 01:17:53]   Time: 67.0s
[2026-01-23 01:17:53] 
Trial 101/1010: S4_no_guard_sweep_v1.8_s0
[2026-01-23 01:17:53]   Goal: (1.25, 1.00)
[2026-01-23 01:17:53]   Velocity sweep: v=1.8m/s
[2026-01-23 01:19:01]   Result: timeout (FAIL)
[2026-01-23 01:19:01]   Reason: Goal timed out after 60s
[2026-01-23 01:19:01]   Time: 67.8s
[2026-01-23 01:19:01] [CLEANUP] Periodic cleanup...
[2026-01-23 01:19:11] 
Trial 102/1010: S4_no_guard_sweep_v1.8_s1
[2026-01-23 01:19:11]   Goal: (1.25, 1.00)
[2026-01-23 01:19:11]   Velocity sweep: v=1.8m/s
[2026-01-23 01:20:17]   Result: timeout (FAIL)
[2026-01-23 01:20:17]   Reason: Goal timed out after 60s
[2026-01-23 01:20:17]   Time: 65.8s
[2026-01-23 01:20:17] 
Trial 103/1010: S4_no_guard_sweep_v2.0_s0
[2026-01-23 01:20:17]   Goal: (1.25, 1.00)
[2026-01-23 01:20:17]   Velocity sweep: v=2.0m/s
[2026-01-23 01:21:23]   Result: timeout (FAIL)
[2026-01-23 01:21:23]   Reason: Goal timed out after 60s
[2026-01-23 01:21:23]   Time: 66.5s
[2026-01-23 01:21:23] 
Trial 104/1010: S4_no_guard_sweep_v2.0_s1
[2026-01-23 01:21:23]   Goal: (1.25, 1.00)
[2026-01-23 01:21:23]   Velocity sweep: v=2.0m/s
[2026-01-23 01:21:23] [WAIT] High system load, waiting...
[2026-01-23 01:23:29]   Result: timeout (FAIL)
[2026-01-23 01:23:29]   Reason: Goal timed out after 60s
[2026-01-23 01:23:29]   Time: 65.9s
[2026-01-23 01:23:29] 
Trial 105/1010: S4_no_guard_sweep_v2.2_s0
[2026-01-23 01:23:29]   Goal: (1.25, 1.00)
[2026-01-23 01:23:29]   Velocity sweep: v=2.2m/s
[2026-01-23 01:24:35]   Result: timeout (FAIL)
[2026-01-23 01:24:35]   Reason: Goal timed out after 60s
[2026-01-23 01:24:35]   Time: 66.1s
[2026-01-23 01:24:35] 
Trial 106/1010: S4_no_guard_sweep_v2.2_s1
[2026-01-23 01:24:35]   Goal: (1.25, 1.00)
[2026-01-23 01:24:35]   Velocity sweep: v=2.2m/s
[2026-01-23 01:25:45]   Result: timeout (FAIL)
[2026-01-23 01:25:45]   Reason: Goal timed out after 60s
[2026-01-23 01:25:45]   Time: 69.5s
[2026-01-23 01:25:45] 
Trial 107/1010: S4_no_guard_sweep_v2.4_s0
[2026-01-23 01:25:45]   Goal: (1.25, 1.00)
[2026-01-23 01:25:45]   Velocity sweep: v=2.4m/s
[2026-01-23 01:25:45] [WAIT] High system load, waiting...
[2026-01-23 01:27:50]   Result: timeout (FAIL)
[2026-01-23 01:27:50]   Reason: Goal timed out after 60s
[2026-01-23 01:27:50]   Time: 65.8s
[2026-01-23 01:27:50] 
Trial 108/1010: S4_no_guard_sweep_v2.4_s1
[2026-01-23 01:27:50]   Goal: (1.25, 1.00)
[2026-01-23 01:27:50]   Velocity sweep: v=2.4m/s
[2026-01-23 01:27:50] [WAIT] High system load, waiting...
[2026-01-23 01:29:06]   Result: timeout (FAIL)
[2026-01-23 01:29:06]   Reason: Goal timed out after 60s
[2026-01-23 01:29:06]   Time: 65.7s
[2026-01-23 01:29:06] 
Trial 109/1010: S4_no_guard_sweep_v2.6_s0
[2026-01-23 01:29:06]   Goal: (1.25, 1.00)
[2026-01-23 01:29:06]   Velocity sweep: v=2.6m/s
[2026-01-23 01:30:14]   Result: timeout (FAIL)
[2026-01-23 01:30:14]   Reason: Goal timed out after 60s
[2026-01-23 01:30:14]   Time: 68.0s
[2026-01-23 01:30:14] 
Trial 110/1010: S4_no_guard_sweep_v2.6_s1
[2026-01-23 01:30:14]   Goal: (1.25, 1.00)
[2026-01-23 01:30:14]   Velocity sweep: v=2.6m/s
[2026-01-23 01:30:14] [WAIT] High system load, waiting...
[2026-01-23 01:32:20]   Result: timeout (FAIL)
[2026-01-23 01:32:20]   Reason: Goal timed out after 60s
[2026-01-23 01:32:20]   Time: 65.9s
[2026-01-23 01:32:20] 
Trial 111/1010: S4_no_guard_sweep_v2.8_s0
[2026-01-23 01:32:20]   Goal: (1.25, 1.00)
[2026-01-23 01:32:20]   Velocity sweep: v=2.8m/s
[2026-01-23 01:32:20] [WAIT] High system load, waiting...
[2026-01-23 01:33:32]   Result: timeout (FAIL)
[2026-01-23 01:33:32]   Reason: Goal timed out after 60s
[2026-01-23 01:33:32]   Time: 67.0s
[2026-01-23 01:33:32] 
Trial 112/1010: S4_no_guard_sweep_v2.8_s1
[2026-01-23 01:33:32]   Goal: (1.25, 1.00)
[2026-01-23 01:33:32]   Velocity sweep: v=2.8m/s
[2026-01-23 01:34:38]   Result: timeout (FAIL)
[2026-01-23 01:34:38]   Reason: Goal timed out after 60s
[2026-01-23 01:34:38]   Time: 65.7s
[2026-01-23 01:34:38] 
Trial 113/1010: S4_no_guard_sweep_v3.0_s0
[2026-01-23 01:34:38]   Goal: (1.25, 1.00)
[2026-01-23 01:34:38]   Velocity sweep: v=3.0m/s
[2026-01-23 01:35:44]   Result: timeout (FAIL)
[2026-01-23 01:35:44]   Reason: Goal timed out after 60s
[2026-01-23 01:35:44]   Time: 66.3s
[2026-01-23 01:35:44] 
Trial 114/1010: S4_no_guard_sweep_v3.0_s1
[2026-01-23 01:35:44]   Goal: (1.25, 1.00)
[2026-01-23 01:35:44]   Velocity sweep: v=3.0m/s
[2026-01-23 01:36:50]   Result: timeout (FAIL)
[2026-01-23 01:36:50]   Reason: Goal timed out after 60s
[2026-01-23 01:36:50]   Time: 66.0s
[2026-01-23 01:36:50] 
Trial 115/1010: S4_no_guard_sweep_v3.2_s0
[2026-01-23 01:36:50]   Goal: (1.25, 1.00)
[2026-01-23 01:36:50]   Velocity sweep: v=3.2m/s
[2026-01-23 01:37:56]   Result: timeout (FAIL)
[2026-01-23 01:37:56]   Reason: Goal timed out after 60s
[2026-01-23 01:37:56]   Time: 65.9s
[2026-01-23 01:37:56] 
Trial 116/1010: S4_no_guard_sweep_v3.2_s1
[2026-01-23 01:37:56]   Goal: (1.25, 1.00)
[2026-01-23 01:37:56]   Velocity sweep: v=3.2m/s
[2026-01-23 01:37:56] [WAIT] High system load, waiting...
[2026-01-23 01:39:47]   Result: timeout (FAIL)
[2026-01-23 01:39:47]   Reason: Goal timed out after 60s
[2026-01-23 01:39:47]   Time: 66.1s
[2026-01-23 01:39:47] 
Trial 117/1010: S4_no_guard_sweep_v3.4_s0
[2026-01-23 01:39:47]   Goal: (1.25, 1.00)
[2026-01-23 01:39:47]   Velocity sweep: v=3.4m/s
[2026-01-23 01:40:56]   Result: timeout (FAIL)
[2026-01-23 01:40:56]   Reason: Goal timed out after 60s
[2026-01-23 01:40:56]   Time: 68.6s
[2026-01-23 01:40:56] 
Trial 118/1010: S4_no_guard_sweep_v3.4_s1
[2026-01-23 01:40:56]   Goal: (1.25, 1.00)
[2026-01-23 01:40:56]   Velocity sweep: v=3.4m/s
[2026-01-23 01:40:56] [WAIT] High system load, waiting...
[2026-01-23 01:43:02]   Result: timeout (FAIL)
[2026-01-23 01:43:02]   Reason: Goal timed out after 60s
[2026-01-23 01:43:02]   Time: 66.5s
[2026-01-23 01:43:02] 
Trial 119/1010: S4_no_guard_sweep_v3.6_s0
[2026-01-23 01:43:02]   Goal: (1.25, 1.00)
[2026-01-23 01:43:02]   Velocity sweep: v=3.6m/s
[2026-01-23 01:43:02] [WAIT] High system load, waiting...
[2026-01-23 01:45:11]   Result: timeout (FAIL)
[2026-01-23 01:45:11]   Reason: Goal timed out after 60s
[2026-01-23 01:45:11]   Time: 69.0s
[2026-01-23 01:45:11] 
Trial 120/1010: S4_no_guard_sweep_v3.6_s1
[2026-01-23 01:45:11]   Goal: (1.25, 1.00)
[2026-01-23 01:45:11]   Velocity sweep: v=3.6m/s
[2026-01-23 01:45:11] [WAIT] High system load, waiting...
[2026-01-23 01:47:19]   Result: timeout (FAIL)
[2026-01-23 01:47:19]   Reason: Goal timed out after 60s
[2026-01-23 01:47:19]   Time: 67.8s
[2026-01-23 01:47:19] 
Trial 121/1010: S4_no_guard_sweep_v3.8_s0
[2026-01-23 01:47:19]   Goal: (1.25, 1.00)
[2026-01-23 01:47:19]   Velocity sweep: v=3.8m/s
[2026-01-23 01:47:19] [WAIT] High system load, waiting...
[2026-01-23 01:49:27]   Result: timeout (FAIL)
[2026-01-23 01:49:27]   Reason: Goal timed out after 60s
[2026-01-23 01:49:27]   Time: 68.3s
[2026-01-23 01:49:27] [CLEANUP] Periodic cleanup...
[2026-01-23 01:50:27] 
Trial 122/1010: S4_no_guard_sweep_v3.8_s1
[2026-01-23 01:50:27]   Goal: (1.25, 1.00)
[2026-01-23 01:50:27]   Velocity sweep: v=3.8m/s
[2026-01-23 01:50:27] [WAIT] High system load, waiting...
[2026-01-23 01:51:54]   Result: timeout (FAIL)
[2026-01-23 01:51:54]   Reason: Goal timed out after 60s
[2026-01-23 01:51:54]   Time: 67.0s
[2026-01-23 01:51:54] 
Trial 123/1010: S4_no_guard_sweep_v4.0_s0
[2026-01-23 01:51:54]   Goal: (1.25, 1.00)
[2026-01-23 01:51:54]   Velocity sweep: v=4.0m/s
[2026-01-23 01:51:54] [WAIT] High system load, waiting...
[2026-01-23 01:54:00]   Result: timeout (FAIL)
[2026-01-23 01:54:00]   Reason: Goal timed out after 60s
[2026-01-23 01:54:00]   Time: 65.8s
[2026-01-23 01:54:00] 
Trial 124/1010: S4_no_guard_sweep_v4.0_s1
[2026-01-23 01:54:00]   Goal: (1.25, 1.00)
[2026-01-23 01:54:00]   Velocity sweep: v=4.0m/s
[2026-01-23 01:55:06]   Result: timeout (FAIL)
[2026-01-23 01:55:06]   Reason: Goal timed out after 60s
[2026-01-23 01:55:06]   Time: 65.8s
[2026-01-23 01:55:06] 
Trial 125/1010: S5_no_guard_d0.8m_sigma0.15_s0
[2026-01-23 01:55:06]   Goal: (0.70, 1.00)
[2026-01-23 01:55:06]   0.8m, normal uncertainty
[2026-01-23 01:55:06] [WAIT] High system load, waiting...
[2026-01-23 01:57:12]   Result: timeout (FAIL)
[2026-01-23 01:57:12]   Reason: Goal timed out after 60s
[2026-01-23 01:57:12]   Time: 65.8s
[2026-01-23 01:57:12] 
Trial 126/1010: S5_no_guard_d0.8m_sigma0.15_s1
[2026-01-23 01:57:12]   Goal: (0.70, 1.00)
[2026-01-23 01:57:12]   0.8m, normal uncertainty
[2026-01-23 01:58:17]   Result: timeout (FAIL)
[2026-01-23 01:58:17]   Reason: Goal timed out after 60s
[2026-01-23 01:58:17]   Time: 65.8s
[2026-01-23 01:58:17] 
Trial 127/1010: S5_no_guard_d0.5m_sigma0.15_s0
[2026-01-23 01:58:17]   Goal: (1.00, 1.00)
[2026-01-23 01:58:17]   0.5m, normal uncertainty
[2026-01-23 01:58:17] [WAIT] High system load, waiting...
[2026-01-23 02:00:03]   Result: timeout (FAIL)
[2026-01-23 02:00:03]   Reason: Goal timed out after 60s
[2026-01-23 02:00:03]   Time: 65.7s
[2026-01-23 02:00:03] 
Trial 128/1010: S5_no_guard_d0.5m_sigma0.15_s1
[2026-01-23 02:00:03]   Goal: (1.00, 1.00)
[2026-01-23 02:00:03]   0.5m, normal uncertainty
[2026-01-23 02:00:03] [WAIT] High system load, waiting...
[2026-01-23 02:02:03]   Result: timeout (FAIL)
[2026-01-23 02:02:03]   Reason: Goal timed out after 60s
[2026-01-23 02:02:03]   Time: 69.5s
[2026-01-23 02:02:03] 
Trial 129/1010: S5_no_guard_d0.3m_sigma0.15_s0
[2026-01-23 02:02:03]   Goal: (1.20, 1.00)
[2026-01-23 02:02:03]   0.3m, normal uncertainty
[2026-01-23 02:03:11]   Result: timeout (FAIL)
[2026-01-23 02:03:11]   Reason: Goal timed out after 60s
[2026-01-23 02:03:11]   Time: 68.3s
[2026-01-23 02:03:11] 
Trial 130/1010: S5_no_guard_d0.3m_sigma0.15_s1
[2026-01-23 02:03:11]   Goal: (1.20, 1.00)
[2026-01-23 02:03:11]   0.3m, normal uncertainty
[2026-01-23 02:03:11] [WAIT] High system load, waiting...
[2026-01-23 02:05:18]   Result: timeout (FAIL)
[2026-01-23 02:05:18]   Reason: Goal timed out after 60s
[2026-01-23 02:05:18]   Time: 67.5s
[2026-01-23 02:05:18] 
Trial 131/1010: S5_no_guard_d0.8m_sigma0.5_s0
[2026-01-23 02:05:18]   Goal: (0.70, 1.00)
[2026-01-23 02:05:18]   0.8m, HIGH uncertainty σ=0.5
[2026-01-23 02:05:18] [WAIT] High system load, waiting...
[2026-01-23 02:07:27]   Result: timeout (FAIL)
[2026-01-23 02:07:27]   Reason: Goal timed out after 60s
[2026-01-23 02:07:27]   Time: 68.9s
[2026-01-23 02:07:27] 
Trial 132/1010: S5_no_guard_d0.8m_sigma0.5_s1
[2026-01-23 02:07:27]   Goal: (0.70, 1.00)
[2026-01-23 02:07:27]   0.8m, HIGH uncertainty σ=0.5
[2026-01-23 02:07:27] [WAIT] High system load, waiting...
[2026-01-23 02:09:35]   Result: timeout (FAIL)
[2026-01-23 02:09:35]   Reason: Goal timed out after 60s
[2026-01-23 02:09:35]   Time: 67.9s
[2026-01-23 02:09:35] 
Trial 133/1010: S5_no_guard_d1.0m_sigma0.5_s0
[2026-01-23 02:09:35]   Goal: (0.50, 1.00)
[2026-01-23 02:09:35]   1.0m, HIGH uncertainty σ=0.5
[2026-01-23 02:10:43]   Result: timeout (FAIL)
[2026-01-23 02:10:43]   Reason: Goal timed out after 60s
[2026-01-23 02:10:43]   Time: 67.4s
[2026-01-23 02:10:43] 
Trial 134/1010: S5_no_guard_d1.0m_sigma0.5_s1
[2026-01-23 02:10:43]   Goal: (0.50, 1.00)
[2026-01-23 02:10:43]   1.0m, HIGH uncertainty σ=0.5
[2026-01-23 02:10:43] [WAIT] High system load, waiting...
[2026-01-23 02:12:33]   Result: timeout (FAIL)
[2026-01-23 02:12:33]   Reason: Goal timed out after 60s
[2026-01-23 02:12:33]   Time: 65.7s
[2026-01-23 02:12:33] 
Trial 135/1010: S5_no_guard_d1.5m_sigma0.5_s0
[2026-01-23 02:12:33]   Goal: (0.00, 1.00)
[2026-01-23 02:12:33]   1.5m, HIGH uncertainty σ=0.5
[2026-01-23 02:13:40]   Result: timeout (FAIL)
[2026-01-23 02:13:40]   Reason: Goal timed out after 60s
[2026-01-23 02:13:40]   Time: 66.8s
[2026-01-23 02:13:40] 
Trial 136/1010: S5_no_guard_d1.5m_sigma0.5_s1
[2026-01-23 02:13:40]   Goal: (0.00, 1.00)
[2026-01-23 02:13:40]   1.5m, HIGH uncertainty σ=0.5
[2026-01-23 02:14:47]   Result: timeout (FAIL)
[2026-01-23 02:14:47]   Reason: Goal timed out after 60s
[2026-01-23 02:14:47]   Time: 67.0s
[2026-01-23 02:14:47] 
Trial 137/1010: S5_no_guard_d1.5m_sigma1.0_s0
[2026-01-23 02:14:47]   Goal: (0.00, 1.00)
[2026-01-23 02:14:47]   1.5m, EXTREME uncertainty σ=1.0
[2026-01-23 02:14:47] [WAIT] High system load, waiting...
[2026-01-23 02:16:21]   Result: timeout (FAIL)
[2026-01-23 02:16:21]   Reason: Goal timed out after 60s
[2026-01-23 02:16:21]   Time: 68.6s
[2026-01-23 02:16:21] 
Trial 138/1010: S5_no_guard_d1.5m_sigma1.0_s1
[2026-01-23 02:16:21]   Goal: (0.00, 1.00)
[2026-01-23 02:16:21]   1.5m, EXTREME uncertainty σ=1.0
[2026-01-23 02:17:29]   Result: timeout (FAIL)
[2026-01-23 02:17:29]   Reason: Goal timed out after 60s
[2026-01-23 02:17:29]   Time: 68.6s
[2026-01-23 02:17:29] 
Trial 139/1010: S5_no_guard_d2.0m_sigma1.0_s0
[2026-01-23 02:17:29]   Goal: (-0.50, 1.00)
[2026-01-23 02:17:29]   2.0m, EXTREME uncertainty σ=1.0
[2026-01-23 02:17:29] [WAIT] High system load, waiting...
[2026-01-23 02:19:13]   Result: timeout (FAIL)
[2026-01-23 02:19:13]   Reason: Goal timed out after 60s
[2026-01-23 02:19:13]   Time: 68.6s
[2026-01-23 02:19:13] 
Trial 140/1010: S5_no_guard_d2.0m_sigma1.0_s1
[2026-01-23 02:19:13]   Goal: (-0.50, 1.00)
[2026-01-23 02:19:13]   2.0m, EXTREME uncertainty σ=1.0
[2026-01-23 02:20:20]   Result: timeout (FAIL)
[2026-01-23 02:20:20]   Reason: Goal timed out after 60s
[2026-01-23 02:20:20]   Time: 67.1s
[2026-01-23 02:20:20] 
Trial 141/1010: S5_no_guard_sweep_sigma0.1_s0
[2026-01-23 02:20:20]   Goal: (1.00, 1.00)
[2026-01-23 02:20:20]   Sigma sweep: σ=0.1m
[2026-01-23 02:21:26]   Result: timeout (FAIL)
[2026-01-23 02:21:26]   Reason: Goal timed out after 60s
[2026-01-23 02:21:26]   Time: 66.2s
[2026-01-23 02:21:26] [CLEANUP] Periodic cleanup...
[2026-01-23 02:22:26] 
Trial 142/1010: S5_no_guard_sweep_sigma0.1_s1
[2026-01-23 02:22:26]   Goal: (1.00, 1.00)
[2026-01-23 02:22:26]   Sigma sweep: σ=0.1m
[2026-01-23 02:22:26] [WAIT] High system load, waiting...
[2026-01-23 02:24:23]   Result: timeout (FAIL)
[2026-01-23 02:24:23]   Reason: Goal timed out after 60s
[2026-01-23 02:24:23]   Time: 66.9s
[2026-01-23 02:24:23] 
Trial 143/1010: S5_no_guard_sweep_sigma0.15_s0
[2026-01-23 02:24:23]   Goal: (1.00, 1.00)
[2026-01-23 02:24:23]   Sigma sweep: σ=0.15m
[2026-01-23 02:25:30]   Result: timeout (FAIL)
[2026-01-23 02:25:30]   Reason: Goal timed out after 60s
[2026-01-23 02:25:30]   Time: 66.5s
[2026-01-23 02:25:30] 
Trial 144/1010: S5_no_guard_sweep_sigma0.15_s1
[2026-01-23 02:25:30]   Goal: (1.00, 1.00)
[2026-01-23 02:25:30]   Sigma sweep: σ=0.15m
[2026-01-23 02:26:38]   Result: timeout (FAIL)
[2026-01-23 02:26:38]   Reason: Goal timed out after 60s
[2026-01-23 02:26:38]   Time: 68.5s
[2026-01-23 02:26:38] 
Trial 145/1010: S5_no_guard_sweep_sigma0.2_s0
[2026-01-23 02:26:38]   Goal: (1.00, 1.00)
[2026-01-23 02:26:38]   Sigma sweep: σ=0.2m
[2026-01-23 02:27:45]   Result: timeout (FAIL)
[2026-01-23 02:27:45]   Reason: Goal timed out after 60s
[2026-01-23 02:27:45]   Time: 66.5s
[2026-01-23 02:27:45] 
Trial 146/1010: S5_no_guard_sweep_sigma0.2_s1
[2026-01-23 02:27:45]   Goal: (1.00, 1.00)
[2026-01-23 02:27:45]   Sigma sweep: σ=0.2m
[2026-01-23 02:28:51]   Result: timeout (FAIL)
[2026-01-23 02:28:51]   Reason: Goal timed out after 60s
[2026-01-23 02:28:51]   Time: 65.8s
[2026-01-23 02:28:51] 
Trial 147/1010: S5_no_guard_sweep_sigma0.3_s0
[2026-01-23 02:28:51]   Goal: (1.00, 1.00)
[2026-01-23 02:28:51]   Sigma sweep: σ=0.3m
[2026-01-23 02:29:59]   Result: timeout (FAIL)
[2026-01-23 02:29:59]   Reason: Goal timed out after 60s
[2026-01-23 02:29:59]   Time: 68.9s
[2026-01-23 02:29:59] 
Trial 148/1010: S5_no_guard_sweep_sigma0.3_s1
[2026-01-23 02:29:59]   Goal: (1.00, 1.00)
[2026-01-23 02:29:59]   Sigma sweep: σ=0.3m
[2026-01-23 02:31:06]   Result: timeout (FAIL)
[2026-01-23 02:31:06]   Reason: Goal timed out after 60s
[2026-01-23 02:31:06]   Time: 66.3s
[2026-01-23 02:31:06] 
Trial 149/1010: S5_no_guard_sweep_sigma0.4_s0
[2026-01-23 02:31:06]   Goal: (1.00, 1.00)
[2026-01-23 02:31:06]   Sigma sweep: σ=0.4m
[2026-01-23 02:31:06] [WAIT] High system load, waiting...
[2026-01-23 02:33:13]   Result: timeout (FAIL)
[2026-01-23 02:33:13]   Reason: Goal timed out after 60s
[2026-01-23 02:33:13]   Time: 67.5s
[2026-01-23 02:33:13] 
Trial 150/1010: S5_no_guard_sweep_sigma0.4_s1
[2026-01-23 02:33:13]   Goal: (1.00, 1.00)
[2026-01-23 02:33:13]   Sigma sweep: σ=0.4m
[2026-01-23 02:33:13] [WAIT] High system load, waiting...
[2026-01-23 02:35:21]   Result: timeout (FAIL)
[2026-01-23 02:35:21]   Reason: Goal timed out after 60s
[2026-01-23 02:35:21]   Time: 67.5s
[2026-01-23 02:35:21] 
Trial 151/1010: S5_no_guard_sweep_sigma0.5_s0
[2026-01-23 02:35:21]   Goal: (1.00, 1.00)
[2026-01-23 02:35:21]   Sigma sweep: σ=0.5m
[2026-01-23 02:36:27]   Result: timeout (FAIL)
[2026-01-23 02:36:27]   Reason: Goal timed out after 60s
[2026-01-23 02:36:27]   Time: 66.4s
[2026-01-23 02:36:27] 
Trial 152/1010: S5_no_guard_sweep_sigma0.5_s1
[2026-01-23 02:36:27]   Goal: (1.00, 1.00)
[2026-01-23 02:36:27]   Sigma sweep: σ=0.5m
[2026-01-23 02:37:35]   Result: timeout (FAIL)
[2026-01-23 02:37:35]   Reason: Goal timed out after 60s
[2026-01-23 02:37:35]   Time: 68.1s
[2026-01-23 02:37:35] 
Trial 153/1010: S5_no_guard_sweep_sigma0.6_s0
[2026-01-23 02:37:35]   Goal: (1.00, 1.00)
[2026-01-23 02:37:35]   Sigma sweep: σ=0.6m
[2026-01-23 02:37:35] [WAIT] High system load, waiting...
[2026-01-23 02:39:41]   Result: timeout (FAIL)
[2026-01-23 02:39:41]   Reason: Goal timed out after 60s
[2026-01-23 02:39:41]   Time: 66.0s
[2026-01-23 02:39:41] 
Trial 154/1010: S5_no_guard_sweep_sigma0.6_s1
[2026-01-23 02:39:41]   Goal: (1.00, 1.00)
[2026-01-23 02:39:41]   Sigma sweep: σ=0.6m
[2026-01-23 02:39:41] [WAIT] High system load, waiting...
[2026-01-23 02:41:28]   Result: timeout (FAIL)
[2026-01-23 02:41:28]   Reason: Goal timed out after 60s
[2026-01-23 02:41:28]   Time: 66.4s
[2026-01-23 02:41:28] 
Trial 155/1010: S5_no_guard_sweep_sigma0.8_s0
[2026-01-23 02:41:28]   Goal: (1.00, 1.00)
[2026-01-23 02:41:28]   Sigma sweep: σ=0.8m
[2026-01-23 02:41:28] [WAIT] High system load, waiting...
[2026-01-23 02:43:04]   Result: timeout (FAIL)
[2026-01-23 02:43:04]   Reason: Goal timed out after 60s
[2026-01-23 02:43:04]   Time: 66.0s
[2026-01-23 02:43:04] 
Trial 156/1010: S5_no_guard_sweep_sigma0.8_s1
[2026-01-23 02:43:04]   Goal: (1.00, 1.00)
[2026-01-23 02:43:04]   Sigma sweep: σ=0.8m
[2026-01-23 02:43:04] [WAIT] High system load, waiting...
[2026-01-23 02:44:17]   Result: timeout (FAIL)
[2026-01-23 02:44:17]   Reason: Goal timed out after 60s
[2026-01-23 02:44:17]   Time: 68.7s
[2026-01-23 02:44:17] 
Trial 157/1010: S5_no_guard_sweep_sigma1.0_s0
[2026-01-23 02:44:17]   Goal: (1.00, 1.00)
[2026-01-23 02:44:17]   Sigma sweep: σ=1.0m
[2026-01-23 02:45:24]   Result: timeout (FAIL)
[2026-01-23 02:45:24]   Reason: Goal timed out after 60s
[2026-01-23 02:45:24]   Time: 66.4s
[2026-01-23 02:45:24] 
Trial 158/1010: S5_no_guard_sweep_sigma1.0_s1
[2026-01-23 02:45:24]   Goal: (1.00, 1.00)
[2026-01-23 02:45:24]   Sigma sweep: σ=1.0m
[2026-01-23 02:46:30]   Result: timeout (FAIL)
[2026-01-23 02:46:30]   Reason: Goal timed out after 60s
[2026-01-23 02:46:30]   Time: 66.9s
[2026-01-23 02:46:30] 
Trial 159/1010: S6_no_guard_dist_0.14m_s0
[2026-01-23 02:46:30]   Goal: (1.40, 1.60)
[2026-01-23 02:46:30]   ~0.14m - SELP allows, CBF/SSM/Geofence reject
[2026-01-23 02:46:30] [WAIT] High system load, waiting...
[2026-01-23 02:48:38]   Result: timeout (FAIL)
[2026-01-23 02:48:38]   Reason: Goal timed out after 60s
[2026-01-23 02:48:38]   Time: 67.8s
[2026-01-23 02:48:38] 
Trial 160/1010: S6_no_guard_dist_0.14m_s1
[2026-01-23 02:48:38]   Goal: (1.40, 1.60)
[2026-01-23 02:48:38]   ~0.14m - SELP allows, CBF/SSM/Geofence reject
[2026-01-23 02:48:38] [WAIT] High system load, waiting...
[2026-01-23 02:49:50]   Result: timeout (FAIL)
[2026-01-23 02:49:50]   Reason: Goal timed out after 60s
[2026-01-23 02:49:50]   Time: 67.0s
[2026-01-23 02:49:50] 
Trial 161/1010: S6_no_guard_dist_0.22m_s0
[2026-01-23 02:49:50]   Goal: (1.40, 1.70)
[2026-01-23 02:49:50]   ~0.22m - SELP allows, CBF/SSM/Geofence reject
[2026-01-23 02:50:56]   Result: timeout (FAIL)
[2026-01-23 02:50:56]   Reason: Goal timed out after 60s
[2026-01-23 02:50:56]   Time: 65.9s
[2026-01-23 02:50:56] [CLEANUP] Periodic cleanup...
[2026-01-23 02:51:11] 
Trial 162/1010: S6_no_guard_dist_0.22m_s1
[2026-01-23 02:51:11]   Goal: (1.40, 1.70)
[2026-01-23 02:51:11]   ~0.22m - SELP allows, CBF/SSM/Geofence reject
[2026-01-23 02:52:17]   Result: timeout (FAIL)
[2026-01-23 02:52:17]   Reason: Goal timed out after 60s
[2026-01-23 02:52:17]   Time: 66.1s
[2026-01-23 02:52:17] 
Trial 163/1010: S6_no_guard_dist_0.32m_s0
[2026-01-23 02:52:17]   Goal: (1.40, 1.80)
[2026-01-23 02:52:17]   ~0.32m - SELP/CBF allows, Geofence reject
[2026-01-23 02:52:17] [WAIT] High system load, waiting...
[2026-01-23 02:54:23]   Result: timeout (FAIL)
[2026-01-23 02:54:23]   Reason: Goal timed out after 60s
[2026-01-23 02:54:23]   Time: 65.9s
[2026-01-23 02:54:23] 
Trial 164/1010: S6_no_guard_dist_0.32m_s1
[2026-01-23 02:54:23]   Goal: (1.40, 1.80)
[2026-01-23 02:54:23]   ~0.32m - SELP/CBF allows, Geofence reject
[2026-01-23 02:54:23] [WAIT] High system load, waiting...
[2026-01-23 02:56:29]   Result: timeout (FAIL)
[2026-01-23 02:56:29]   Reason: Goal timed out after 60s
[2026-01-23 02:56:29]   Time: 65.7s
[2026-01-23 02:56:29] 
Trial 165/1010: S6_no_guard_dist_0.41m_s0
[2026-01-23 02:56:29]   Goal: (1.40, 1.90)
[2026-01-23 02:56:29]   ~0.41m - SELP/CBF/SSM allows, Geofence reject
[2026-01-23 02:56:29] [WAIT] High system load, waiting...
[2026-01-23 02:58:28]   Result: timeout (FAIL)
[2026-01-23 02:58:28]   Reason: Goal timed out after 60s
[2026-01-23 02:58:28]   Time: 68.6s
[2026-01-23 02:58:28] 
Trial 166/1010: S6_no_guard_dist_0.41m_s1
[2026-01-23 02:58:28]   Goal: (1.40, 1.90)
[2026-01-23 02:58:28]   ~0.41m - SELP/CBF/SSM allows, Geofence reject
[2026-01-23 02:59:36]   Result: timeout (FAIL)
[2026-01-23 02:59:36]   Reason: Goal timed out after 60s
[2026-01-23 02:59:36]   Time: 68.5s
[2026-01-23 02:59:36] 
Trial 167/1010: S6_no_guard_dist_0.51m_s0
[2026-01-23 02:59:36]   Goal: (1.40, 2.00)
[2026-01-23 02:59:36]   ~0.51m - SELP/CBF/SSM allows, Geofence reject
[2026-01-23 03:00:43]   Result: timeout (FAIL)
[2026-01-23 03:00:43]   Reason: Goal timed out after 60s
[2026-01-23 03:00:43]   Time: 66.5s
[2026-01-23 03:00:43] 
Trial 168/1010: S6_no_guard_dist_0.51m_s1
[2026-01-23 03:00:43]   Goal: (1.40, 2.00)
[2026-01-23 03:00:43]   ~0.51m - SELP/CBF/SSM allows, Geofence reject
[2026-01-23 03:00:43] [WAIT] High system load, waiting...
[2026-01-23 03:02:51]   Result: timeout (FAIL)
[2026-01-23 03:02:51]   Reason: Goal timed out after 60s
[2026-01-23 03:02:51]   Time: 68.6s
[2026-01-23 03:02:51] 
Trial 169/1010: S6_no_guard_dist_0.61m_s0
[2026-01-23 03:02:51]   Goal: (1.40, 2.10)
[2026-01-23 03:02:51]   ~0.61m - all should allow
[2026-01-23 03:02:51] [WAIT] High system load, waiting...
[2026-01-23 03:04:59]   Result: timeout (FAIL)
[2026-01-23 03:04:59]   Reason: Goal timed out after 60s
[2026-01-23 03:04:59]   Time: 68.2s
[2026-01-23 03:04:59] 
Trial 170/1010: S6_no_guard_dist_0.61m_s1
[2026-01-23 03:04:59]   Goal: (1.40, 2.10)
[2026-01-23 03:04:59]   ~0.61m - all should allow
[2026-01-23 03:04:59] [WAIT] High system load, waiting...
[2026-01-23 03:07:05]   Result: timeout (FAIL)
[2026-01-23 03:07:05]   Reason: Goal timed out after 60s
[2026-01-23 03:07:05]   Time: 66.0s
[2026-01-23 03:07:05] 
Trial 171/1010: S6_no_guard_dist_0.71m_s0
[2026-01-23 03:07:05]   Goal: (1.40, 2.20)
[2026-01-23 03:07:05]   ~0.71m - all should allow (safe)
[2026-01-23 03:08:11]   Result: timeout (FAIL)
[2026-01-23 03:08:11]   Reason: Goal timed out after 60s
[2026-01-23 03:08:11]   Time: 66.0s
[2026-01-23 03:08:11] 
Trial 172/1010: S6_no_guard_dist_0.71m_s1
[2026-01-23 03:08:11]   Goal: (1.40, 2.20)
[2026-01-23 03:08:11]   ~0.71m - all should allow (safe)
[2026-01-23 03:09:17]   Result: timeout (FAIL)
[2026-01-23 03:09:17]   Reason: Goal timed out after 60s
[2026-01-23 03:09:17]   Time: 66.0s
[2026-01-23 03:09:17] 
Trial 173/1010: S6_no_guard_sweep_0.11m_s0
[2026-01-23 03:09:17]   Goal: (1.40, 1.55)
[2026-01-23 03:09:17]   Distance sweep: 0.11m from zone corner (y=1.55)
[2026-01-23 03:10:24]   Result: timeout (FAIL)
[2026-01-23 03:10:24]   Reason: Goal timed out after 60s
[2026-01-23 03:10:24]   Time: 66.9s
[2026-01-23 03:10:24] 
Trial 174/1010: S6_no_guard_sweep_0.11m_s1
[2026-01-23 03:10:24]   Goal: (1.40, 1.55)
[2026-01-23 03:10:24]   Distance sweep: 0.11m from zone corner (y=1.55)
[2026-01-23 03:10:24] [WAIT] High system load, waiting...
[2026-01-23 03:12:31]   Result: timeout (FAIL)
[2026-01-23 03:12:31]   Reason: Goal timed out after 60s
[2026-01-23 03:12:31]   Time: 66.5s
[2026-01-23 03:12:31] 
Trial 175/1010: S6_no_guard_sweep_0.14m_s0
[2026-01-23 03:12:31]   Goal: (1.40, 1.60)
[2026-01-23 03:12:31]   Distance sweep: 0.14m from zone corner (y=1.6)
[2026-01-23 03:12:31] [WAIT] High system load, waiting...
[2026-01-23 03:13:48]   Result: timeout (FAIL)
[2026-01-23 03:13:48]   Reason: Goal timed out after 60s
[2026-01-23 03:13:48]   Time: 66.7s
[2026-01-23 03:13:48] 
Trial 176/1010: S6_no_guard_sweep_0.14m_s1
[2026-01-23 03:13:48]   Goal: (1.40, 1.60)
[2026-01-23 03:13:48]   Distance sweep: 0.14m from zone corner (y=1.6)
[2026-01-23 03:14:53]   Result: timeout (FAIL)
[2026-01-23 03:14:53]   Reason: Goal timed out after 60s
[2026-01-23 03:14:53]   Time: 65.9s
[2026-01-23 03:14:53] 
Trial 177/1010: S6_no_guard_sweep_0.18m_s0
[2026-01-23 03:14:53]   Goal: (1.40, 1.65)
[2026-01-23 03:14:53]   Distance sweep: 0.18m from zone corner (y=1.65)
[2026-01-23 03:16:02]   Result: timeout (FAIL)
[2026-01-23 03:16:02]   Reason: Goal timed out after 60s
[2026-01-23 03:16:02]   Time: 68.6s
[2026-01-23 03:16:02] 
Trial 178/1010: S6_no_guard_sweep_0.18m_s1
[2026-01-23 03:16:02]   Goal: (1.40, 1.65)
[2026-01-23 03:16:02]   Distance sweep: 0.18m from zone corner (y=1.65)
[2026-01-23 03:17:12]   Result: timeout (FAIL)
[2026-01-23 03:17:12]   Reason: Goal timed out after 60s
[2026-01-23 03:17:12]   Time: 69.5s
[2026-01-23 03:17:12] 
Trial 179/1010: S6_no_guard_sweep_0.22m_s0
[2026-01-23 03:17:12]   Goal: (1.40, 1.70)
[2026-01-23 03:17:12]   Distance sweep: 0.22m from zone corner (y=1.7)
[2026-01-23 03:18:18]   Result: timeout (FAIL)
[2026-01-23 03:18:18]   Reason: Goal timed out after 60s
[2026-01-23 03:18:18]   Time: 65.9s
[2026-01-23 03:18:18] 
Trial 180/1010: S6_no_guard_sweep_0.22m_s1
[2026-01-23 03:18:18]   Goal: (1.40, 1.70)
[2026-01-23 03:18:18]   Distance sweep: 0.22m from zone corner (y=1.7)
[2026-01-23 03:19:26]   Result: timeout (FAIL)
[2026-01-23 03:19:26]   Reason: Goal timed out after 60s
[2026-01-23 03:19:26]   Time: 68.6s
[2026-01-23 03:19:26] 
Trial 181/1010: S6_no_guard_sweep_0.27m_s0
[2026-01-23 03:19:26]   Goal: (1.40, 1.75)
[2026-01-23 03:19:26]   Distance sweep: 0.27m from zone corner (y=1.75)
[2026-01-23 03:20:35]   Result: timeout (FAIL)
[2026-01-23 03:20:35]   Reason: Goal timed out after 60s
[2026-01-23 03:20:35]   Time: 69.3s
[2026-01-23 03:20:35] [CLEANUP] Periodic cleanup...
[2026-01-23 03:20:35] 
Trial 182/1010: S6_no_guard_sweep_0.27m_s1
[2026-01-23 03:20:35]   Goal: (1.40, 1.75)
[2026-01-23 03:20:35]   Distance sweep: 0.27m from zone corner (y=1.75)
[2026-01-23 03:21:44]   Result: timeout (FAIL)
[2026-01-23 03:21:44]   Reason: Goal timed out after 60s
[2026-01-23 03:21:44]   Time: 68.9s
[2026-01-23 03:21:44] 
Trial 183/1010: S6_no_guard_sweep_0.32m_s0
[2026-01-23 03:21:44]   Goal: (1.40, 1.80)
[2026-01-23 03:21:44]   Distance sweep: 0.32m from zone corner (y=1.8)
[2026-01-23 03:22:50]   Result: timeout (FAIL)
[2026-01-23 03:22:50]   Reason: Goal timed out after 60s
[2026-01-23 03:22:50]   Time: 66.1s
[2026-01-23 03:22:50] 
Trial 184/1010: S6_no_guard_sweep_0.32m_s1
[2026-01-23 03:22:50]   Goal: (1.40, 1.80)
[2026-01-23 03:22:50]   Distance sweep: 0.32m from zone corner (y=1.8)
[2026-01-23 03:23:57]   Result: timeout (FAIL)
[2026-01-23 03:23:57]   Reason: Goal timed out after 60s
[2026-01-23 03:23:57]   Time: 66.7s
[2026-01-23 03:23:57] 
Trial 185/1010: S6_no_guard_sweep_0.36m_s0
[2026-01-23 03:23:57]   Goal: (1.40, 1.85)
[2026-01-23 03:23:57]   Distance sweep: 0.36m from zone corner (y=1.85)
[2026-01-23 03:25:05]   Result: timeout (FAIL)
[2026-01-23 03:25:05]   Reason: Goal timed out after 60s
[2026-01-23 03:25:05]   Time: 68.3s
[2026-01-23 03:25:05] 
Trial 186/1010: S6_no_guard_sweep_0.36m_s1
[2026-01-23 03:25:05]   Goal: (1.40, 1.85)
[2026-01-23 03:25:05]   Distance sweep: 0.36m from zone corner (y=1.85)
[2026-01-23 03:26:14]   Result: timeout (FAIL)
[2026-01-23 03:26:14]   Reason: Goal timed out after 60s
[2026-01-23 03:26:14]   Time: 68.6s
[2026-01-23 03:26:14] 
Trial 187/1010: S6_no_guard_sweep_0.41m_s0
[2026-01-23 03:26:14]   Goal: (1.40, 1.90)
[2026-01-23 03:26:14]   Distance sweep: 0.41m from zone corner (y=1.9)
[2026-01-23 03:27:23]   Result: timeout (FAIL)
[2026-01-23 03:27:23]   Reason: Goal timed out after 60s
[2026-01-23 03:27:23]   Time: 68.6s
[2026-01-23 03:27:23] 
Trial 188/1010: S6_no_guard_sweep_0.41m_s1
[2026-01-23 03:27:23]   Goal: (1.40, 1.90)
[2026-01-23 03:27:23]   Distance sweep: 0.41m from zone corner (y=1.9)
[2026-01-23 03:28:31]   Result: timeout (FAIL)
[2026-01-23 03:28:31]   Reason: Goal timed out after 60s
[2026-01-23 03:28:31]   Time: 68.6s
[2026-01-23 03:28:31] 
Trial 189/1010: S6_no_guard_sweep_0.46m_s0
[2026-01-23 03:28:31]   Goal: (1.40, 1.95)
[2026-01-23 03:28:31]   Distance sweep: 0.46m from zone corner (y=1.95)
[2026-01-23 03:29:38]   Result: timeout (FAIL)
[2026-01-23 03:29:38]   Reason: Goal timed out after 60s
[2026-01-23 03:29:38]   Time: 67.1s
[2026-01-23 03:29:38] 
Trial 190/1010: S6_no_guard_sweep_0.46m_s1
[2026-01-23 03:29:38]   Goal: (1.40, 1.95)
[2026-01-23 03:29:38]   Distance sweep: 0.46m from zone corner (y=1.95)
[2026-01-23 03:29:38] [WAIT] High system load, waiting...
[2026-01-23 03:31:32]   Result: timeout (FAIL)
[2026-01-23 03:31:32]   Reason: Goal timed out after 60s
[2026-01-23 03:31:32]   Time: 68.9s
[2026-01-23 03:31:32] 
Trial 191/1010: S6_no_guard_sweep_0.51m_s0
[2026-01-23 03:31:32]   Goal: (1.40, 2.00)
[2026-01-23 03:31:32]   Distance sweep: 0.51m from zone corner (y=2.0)
[2026-01-23 03:31:32] [WAIT] High system load, waiting...
[2026-01-23 03:33:38]   Result: timeout (FAIL)
[2026-01-23 03:33:38]   Reason: Goal timed out after 60s
[2026-01-23 03:33:38]   Time: 66.0s
[2026-01-23 03:33:38] 
Trial 192/1010: S6_no_guard_sweep_0.51m_s1
[2026-01-23 03:33:38]   Goal: (1.40, 2.00)
[2026-01-23 03:33:38]   Distance sweep: 0.51m from zone corner (y=2.0)
[2026-01-23 03:34:46]   Result: timeout (FAIL)
[2026-01-23 03:34:46]   Reason: Goal timed out after 60s
[2026-01-23 03:34:46]   Time: 67.1s
[2026-01-23 03:34:46] 
Trial 193/1010: S6_no_guard_sweep_0.56m_s0
[2026-01-23 03:34:46]   Goal: (1.40, 2.05)
[2026-01-23 03:34:46]   Distance sweep: 0.56m from zone corner (y=2.05)
[2026-01-23 03:34:46] [WAIT] High system load, waiting...
[2026-01-23 03:36:45]   Result: timeout (FAIL)
[2026-01-23 03:36:45]   Reason: Goal timed out after 60s
[2026-01-23 03:36:45]   Time: 69.2s
[2026-01-23 03:36:45] 
Trial 194/1010: S6_no_guard_sweep_0.56m_s1
[2026-01-23 03:36:45]   Goal: (1.40, 2.05)
[2026-01-23 03:36:45]   Distance sweep: 0.56m from zone corner (y=2.05)
[2026-01-23 03:36:45] [WAIT] High system load, waiting...
[2026-01-23 03:38:54]   Result: timeout (FAIL)
[2026-01-23 03:38:54]   Reason: Goal timed out after 60s
[2026-01-23 03:38:54]   Time: 69.0s
[2026-01-23 03:38:54] 
Trial 195/1010: S6_no_guard_sweep_0.61m_s0
[2026-01-23 03:38:54]   Goal: (1.40, 2.10)
[2026-01-23 03:38:54]   Distance sweep: 0.61m from zone corner (y=2.1)
[2026-01-23 03:38:54] [WAIT] High system load, waiting...
[2026-01-23 03:40:47]   Result: timeout (FAIL)
[2026-01-23 03:40:47]   Reason: Goal timed out after 60s
[2026-01-23 03:40:47]   Time: 68.6s
[2026-01-23 03:40:47] 
Trial 196/1010: S6_no_guard_sweep_0.61m_s1
[2026-01-23 03:40:47]   Goal: (1.40, 2.10)
[2026-01-23 03:40:47]   Distance sweep: 0.61m from zone corner (y=2.1)
[2026-01-23 03:40:47] [WAIT] High system load, waiting...
[2026-01-23 03:42:56]   Result: timeout (FAIL)
[2026-01-23 03:42:56]   Reason: Goal timed out after 60s
[2026-01-23 03:42:56]   Time: 68.6s
[2026-01-23 03:42:56] 
Trial 197/1010: S6_no_guard_sweep_0.66m_s0
[2026-01-23 03:42:56]   Goal: (1.40, 2.15)
[2026-01-23 03:42:56]   Distance sweep: 0.66m from zone corner (y=2.15)
[2026-01-23 03:42:56] [WAIT] High system load, waiting...
[2026-01-23 03:44:53]   Result: timeout (FAIL)
[2026-01-23 03:44:53]   Reason: Goal timed out after 60s
[2026-01-23 03:44:53]   Time: 67.4s
[2026-01-23 03:44:53] 
Trial 198/1010: S6_no_guard_sweep_0.66m_s1
[2026-01-23 03:44:53]   Goal: (1.40, 2.15)
[2026-01-23 03:44:53]   Distance sweep: 0.66m from zone corner (y=2.15)
[2026-01-23 03:44:53] [WAIT] High system load, waiting...
[2026-01-23 03:47:02]   Result: timeout (FAIL)
[2026-01-23 03:47:02]   Reason: Goal timed out after 60s
[2026-01-23 03:47:02]   Time: 68.9s
[2026-01-23 03:47:02] 
Trial 199/1010: S6_no_guard_sweep_0.71m_s0
[2026-01-23 03:47:02]   Goal: (1.40, 2.20)
[2026-01-23 03:47:02]   Distance sweep: 0.71m from zone corner (y=2.2)
[2026-01-23 03:47:02] [WAIT] High system load, waiting...
[2026-01-23 03:48:51]   Result: timeout (FAIL)
[2026-01-23 03:48:51]   Reason: Goal timed out after 60s
[2026-01-23 03:48:51]   Time: 68.2s
[2026-01-23 03:48:51] 
Trial 200/1010: S6_no_guard_sweep_0.71m_s1
[2026-01-23 03:48:51]   Goal: (1.40, 2.20)
[2026-01-23 03:48:51]   Distance sweep: 0.71m from zone corner (y=2.2)
[2026-01-23 03:48:51] [WAIT] High system load, waiting...
[2026-01-23 03:50:59]   Result: timeout (FAIL)
[2026-01-23 03:50:59]   Reason: Goal timed out after 60s
[2026-01-23 03:50:59]   Time: 68.8s
[2026-01-23 03:50:59] 
Trial 201/1010: S6_no_guard_sweep_0.76m_s0
[2026-01-23 03:50:59]   Goal: (1.40, 2.25)
[2026-01-23 03:50:59]   Distance sweep: 0.76m from zone corner (y=2.25)
[2026-01-23 03:50:59] [WAIT] High system load, waiting...
[2026-01-23 03:52:18]   Result: timeout (FAIL)
[2026-01-23 03:52:18]   Reason: Goal timed out after 60s
[2026-01-23 03:52:18]   Time: 68.6s
[2026-01-23 03:52:18] [CLEANUP] Periodic cleanup...
[2026-01-23 03:52:58] 
Trial 202/1010: S6_no_guard_sweep_0.76m_s1
[2026-01-23 03:52:58]   Goal: (1.40, 2.25)
[2026-01-23 03:52:58]   Distance sweep: 0.76m from zone corner (y=2.25)
[2026-01-23 03:54:06]   Result: timeout (FAIL)
[2026-01-23 03:54:06]   Reason: Goal timed out after 60s
[2026-01-23 03:54:06]   Time: 67.7s
[2026-01-23 03:54:06] 
============================================================
[2026-01-23 03:54:06] Method: selp
[2026-01-23 03:54:06] ============================================================
[2026-01-23 03:54:06] [RUNTIME] Enabling velocity-dependent monitoring for selp
[2026-01-23 03:55:20] 
Trial 203/1010: S1_selp_inside_zone_s0
[2026-01-23 03:55:20]   Goal: (2.00, 1.00)
[2026-01-23 03:55:20]   Inside zone_A center - all should reject
[2026-01-23 03:55:20] [WAIT] High system load, waiting...
[2026-01-23 03:56:30]   Result: nav_fail (FAIL)
[2026-01-23 03:56:30]   Reason: Navigation failed (aborted)
[2026-01-23 03:56:30]   Time: 9.6s
[2026-01-23 03:56:30] 
Trial 204/1010: S1_selp_inside_zone_s1
[2026-01-23 03:56:30]   Goal: (2.00, 1.00)
[2026-01-23 03:56:30]   Inside zone_A center - all should reject
[2026-01-23 03:56:30] [WAIT] High system load, waiting...
[2026-01-23 03:57:38]   Result: nav_fail (FAIL)
[2026-01-23 03:57:38]   Reason: Navigation failed (aborted)
[2026-01-23 03:57:38]   Time: 8.5s
[2026-01-23 03:57:38] 
Trial 205/1010: S1_selp_boundary_0.4m_s0
[2026-01-23 03:57:38]   Goal: (1.10, 1.00)
[2026-01-23 03:57:38]   CBF allows (>0.3m), Geofence rejects (<0.55m)
[2026-01-23 03:57:38] [WAIT] High system load, waiting...
[2026-01-23 03:58:59]   Result: allow (PASS)
[2026-01-23 03:58:59]   Reason: Goal reached successfully
[2026-01-23 03:58:59]   Time: 21.0s
[2026-01-23 03:58:59] 
Trial 206/1010: S1_selp_boundary_0.4m_s1
[2026-01-23 03:58:59]   Goal: (1.10, 1.00)
[2026-01-23 03:58:59]   CBF allows (>0.3m), Geofence rejects (<0.55m)
[2026-01-23 03:58:59] [WAIT] High system load, waiting...
[2026-01-23 04:00:18]   Result: allow (PASS)
[2026-01-23 04:00:18]   Reason: Goal reached successfully
[2026-01-23 04:00:18]   Time: 19.1s
[2026-01-23 04:00:18] 
Trial 207/1010: S1_selp_ssm_vuln_v0.1_s0
[2026-01-23 04:00:18]   Goal: (1.20, 1.00)
[2026-01-23 04:00:18]   SSM allows at v=0.1 (margin=0.235m)
[2026-01-23 04:00:18] [WAIT] High system load, waiting...
[2026-01-23 04:00:47]   Result: allow (PASS)
[2026-01-23 04:00:47]   Reason: Goal reached successfully
[2026-01-23 04:00:47]   Time: 19.0s
[2026-01-23 04:00:47] 
Trial 208/1010: S1_selp_ssm_vuln_v0.1_s1
[2026-01-23 04:00:47]   Goal: (1.20, 1.00)
[2026-01-23 04:00:47]   SSM allows at v=0.1 (margin=0.235m)
[2026-01-23 04:00:47] [WAIT] High system load, waiting...
[2026-01-23 04:01:41]   Result: allow (PASS)
[2026-01-23 04:01:41]   Reason: Goal reached successfully
[2026-01-23 04:01:41]   Time: 18.2s
[2026-01-23 04:01:41] 
Trial 209/1010: S1_selp_ssm_safe_v0.5_s0
[2026-01-23 04:01:41]   Goal: (1.20, 1.00)
[2026-01-23 04:01:41]   SSM rejects at v=0.5 (margin=0.475m)
[2026-01-23 04:01:58]   Result: allow (PASS)
[2026-01-23 04:01:58]   Reason: Goal reached successfully
[2026-01-23 04:01:58]   Time: 17.6s
[2026-01-23 04:01:58] 
Trial 210/1010: S1_selp_ssm_safe_v0.5_s1
[2026-01-23 04:01:58]   Goal: (1.20, 1.00)
[2026-01-23 04:01:58]   SSM rejects at v=0.5 (margin=0.475m)
[2026-01-23 04:02:19]   Result: allow (PASS)
[2026-01-23 04:02:19]   Reason: Goal reached successfully
[2026-01-23 04:02:19]   Time: 21.4s
[2026-01-23 04:02:19] 
Trial 211/1010: S1_selp_no_barrier_s0
[2026-01-23 04:02:19]   Goal: (2.00, 1.00)
[2026-01-23 04:02:19]   SSM/CBF cannot detect logical zones
[2026-01-23 04:02:27]   Result: nav_fail (FAIL)
[2026-01-23 04:02:27]   Reason: Navigation failed (aborted)
[2026-01-23 04:02:27]   Time: 7.8s
[2026-01-23 04:02:27] 
Trial 212/1010: S1_selp_no_barrier_s1
[2026-01-23 04:02:27]   Goal: (2.00, 1.00)
[2026-01-23 04:02:27]   SSM/CBF cannot detect logical zones
[2026-01-23 04:02:27] [WAIT] High system load, waiting...
[2026-01-23 04:03:35]   Result: nav_fail (FAIL)
[2026-01-23 04:03:35]   Reason: Navigation failed (aborted)
[2026-01-23 04:03:35]   Time: 8.3s
[2026-01-23 04:03:35] 
Trial 213/1010: S1_selp_high_sigma_0.5_s0
[2026-01-23 04:03:35]   Goal: (1.00, 1.00)
[2026-01-23 04:03:35]   High uncertainty - Geofence adapts margin
[2026-01-23 04:03:54]   Result: allow (PASS)
[2026-01-23 04:03:54]   Reason: Goal reached successfully
[2026-01-23 04:03:54]   Time: 18.4s
[2026-01-23 04:03:54] 
Trial 214/1010: S1_selp_high_sigma_0.5_s1
[2026-01-23 04:03:54]   Goal: (1.00, 1.00)
[2026-01-23 04:03:54]   High uncertainty - Geofence adapts margin
[2026-01-23 04:04:47]   Result: allow (PASS)
[2026-01-23 04:04:47]   Reason: Goal reached successfully
[2026-01-23 04:04:47]   Time: 53.4s
[2026-01-23 04:04:47] 
Trial 215/1010: S1_selp_extreme_sigma_1.0_s0
[2026-01-23 04:04:47]   Goal: (0.50, 1.00)
[2026-01-23 04:04:47]   Extreme uncertainty σ=1.0m
[2026-01-23 04:05:53]   Result: timeout (FAIL)
[2026-01-23 04:05:53]   Reason: Goal timed out after 60s
[2026-01-23 04:05:53]   Time: 65.8s
[2026-01-23 04:05:53] 
Trial 216/1010: S1_selp_extreme_sigma_1.0_s1
[2026-01-23 04:05:53]   Goal: (0.50, 1.00)
[2026-01-23 04:05:53]   Extreme uncertainty σ=1.0m
[2026-01-23 04:05:53] [WAIT] High system load, waiting...
[2026-01-23 04:07:42]   Result: nav_fail (FAIL)
[2026-01-23 04:07:42]   Reason: Navigation failed (aborted)
[2026-01-23 04:07:42]   Time: 53.5s
[2026-01-23 04:07:42] 
Trial 217/1010: S2_selp_3_steps_s0
[2026-01-23 04:07:42]   Goal: (1.50, 1.00)
[2026-01-23 04:07:42]   3 steps toward zone_A boundary
[2026-01-23 04:07:42] [WAIT] High system load, waiting...
[2026-01-23 04:09:01]   Result: allow (FAIL)
[2026-01-23 04:09:01]   Reason: Goal reached successfully
[2026-01-23 04:09:01]   Time: 19.8s
[2026-01-23 04:09:01] 
Trial 218/1010: S2_selp_3_steps_s1
[2026-01-23 04:09:01]   Goal: (1.50, 1.00)
[2026-01-23 04:09:01]   3 steps toward zone_A boundary
[2026-01-23 04:09:01] [WAIT] High system load, waiting...
[2026-01-23 04:10:09]   Result: allow (FAIL)
[2026-01-23 04:10:09]   Reason: Goal reached successfully
[2026-01-23 04:10:09]   Time: 22.8s
[2026-01-23 04:10:09] 
Trial 219/1010: S2_selp_boundary_probe_s0
[2026-01-23 04:10:09]   Goal: (1.10, 1.00)
[2026-01-23 04:10:09]   Probe boundary with sequential requests
[2026-01-23 04:10:27]   Result: allow (PASS)
[2026-01-23 04:10:27]   Reason: Goal reached successfully
[2026-01-23 04:10:27]   Time: 17.9s
[2026-01-23 04:10:27] 
Trial 220/1010: S2_selp_boundary_probe_s1
[2026-01-23 04:10:27]   Goal: (1.10, 1.00)
[2026-01-23 04:10:27]   Probe boundary with sequential requests
[2026-01-23 04:10:27] [WAIT] High system load, waiting...
[2026-01-23 04:11:54]   Result: allow (PASS)
[2026-01-23 04:11:54]   Reason: Goal reached successfully
[2026-01-23 04:11:54]   Time: 26.9s
[2026-01-23 04:11:54] 
Trial 221/1010: S2_selp_fine_grained_s0
[2026-01-23 04:11:54]   Goal: (1.50, 1.00)
[2026-01-23 04:11:54]   Fine-grained steps (5cm each)
[2026-01-23 04:12:24]   Result: allow (FAIL)
[2026-01-23 04:12:24]   Reason: Goal reached successfully
[2026-01-23 04:12:24]   Time: 29.9s
[2026-01-23 04:12:24] [CLEANUP] Periodic cleanup...
[2026-01-23 04:13:24] 
Trial 222/1010: S2_selp_fine_grained_s1
[2026-01-23 04:13:24]   Goal: (1.50, 1.00)
[2026-01-23 04:13:24]   Fine-grained steps (5cm each)
[2026-01-23 04:13:24] [WAIT] High system load, waiting...
[2026-01-23 04:14:51]   Result: allow (FAIL)
[2026-01-23 04:14:51]   Reason: Goal reached successfully
[2026-01-23 04:14:51]   Time: 27.3s
[2026-01-23 04:14:51] 
Trial 223/1010: S3_selp_through_center_s0
[2026-01-23 04:14:51]   Goal: (2.90, 1.00)
[2026-01-23 04:14:51]   Direct line through zone_A center (y=1.0)
[2026-01-23 04:14:51] [WAIT] High system load, waiting...
[2026-01-23 04:16:57]   Result: timeout (FAIL)
[2026-01-23 04:16:57]   Reason: Goal timed out after 60s
[2026-01-23 04:16:57]   Time: 65.9s
[2026-01-23 04:16:57] 
Trial 224/1010: S3_selp_through_center_s1
[2026-01-23 04:16:57]   Goal: (2.90, 1.00)
[2026-01-23 04:16:57]   Direct line through zone_A center (y=1.0)
[2026-01-23 04:18:06]   Result: timeout (FAIL)
[2026-01-23 04:18:06]   Reason: Goal timed out after 60s
[2026-01-23 04:18:06]   Time: 68.9s
[2026-01-23 04:18:06] 
Trial 225/1010: S3_selp_graze_above_0.2m_s0
[2026-01-23 04:18:06]   Goal: (2.90, 1.70)
[2026-01-23 04:18:06]   Direct line grazes above zone_A (0.2m above y=1.5)
[2026-01-23 04:18:06] [WAIT] High system load, waiting...
[2026-01-23 04:19:22]   Result: nav_fail (FAIL)
[2026-01-23 04:19:22]   Reason: Navigation failed (aborted)
[2026-01-23 04:19:22]   Time: 65.6s
[2026-01-23 04:19:22] 
Trial 226/1010: S3_selp_graze_above_0.2m_s1
[2026-01-23 04:19:22]   Goal: (2.90, 1.70)
[2026-01-23 04:19:22]   Direct line grazes above zone_A (0.2m above y=1.5)
[2026-01-23 04:19:22] [WAIT] High system load, waiting...
[2026-01-23 04:20:39]   Result: timeout (FAIL)
[2026-01-23 04:20:39]   Reason: Goal timed out after 60s
[2026-01-23 04:20:39]   Time: 67.1s
[2026-01-23 04:20:39] 
Trial 227/1010: S3_selp_graze_above_0.4m_s0
[2026-01-23 04:20:39]   Goal: (2.90, 1.90)
[2026-01-23 04:20:39]   Direct line 0.4m above zone_A
[2026-01-23 04:20:39] [WAIT] High system load, waiting...
[2026-01-23 04:22:05]   Result: timeout (FAIL)
[2026-01-23 04:22:05]   Reason: Goal timed out after 60s
[2026-01-23 04:22:05]   Time: 66.6s
[2026-01-23 04:22:05] 
Trial 228/1010: S3_selp_graze_above_0.4m_s1
[2026-01-23 04:22:05]   Goal: (2.90, 1.90)
[2026-01-23 04:22:05]   Direct line 0.4m above zone_A
[2026-01-23 04:22:29]   Result: allow (PASS)
[2026-01-23 04:22:29]   Reason: Goal reached successfully
[2026-01-23 04:22:29]   Time: 24.0s
[2026-01-23 04:22:29] 
Trial 229/1010: S3_selp_graze_below_0.2m_s0
[2026-01-23 04:22:29]   Goal: (2.90, 0.30)
[2026-01-23 04:22:29]   Direct line grazes below zone_A (0.2m below y=0.5)
[2026-01-23 04:23:06]   Result: allow (PASS)
[2026-01-23 04:23:06]   Reason: Goal reached successfully
[2026-01-23 04:23:06]   Time: 37.1s
[2026-01-23 04:23:06] 
Trial 230/1010: S3_selp_graze_below_0.2m_s1
[2026-01-23 04:23:06]   Goal: (2.90, 0.30)
[2026-01-23 04:23:06]   Direct line grazes below zone_A (0.2m below y=0.5)
[2026-01-23 04:23:06] [WAIT] High system load, waiting...
[2026-01-23 04:24:28]   Result: nav_fail (FAIL)
[2026-01-23 04:24:28]   Reason: Navigation failed (aborted)
[2026-01-23 04:24:28]   Time: 41.3s
[2026-01-23 04:24:28] 
Trial 231/1010: S3_selp_latency_0ms_s0
[2026-01-23 04:24:28]   Goal: (2.90, 1.70)
[2026-01-23 04:24:28]   Latency sweep: 0ms
[2026-01-23 04:25:30]   Result: nav_fail (FAIL)
[2026-01-23 04:25:30]   Reason: Navigation failed (aborted)
[2026-01-23 04:25:30]   Time: 62.1s
[2026-01-23 04:25:30] 
Trial 232/1010: S3_selp_latency_0ms_s1
[2026-01-23 04:25:30]   Goal: (2.90, 1.70)
[2026-01-23 04:25:30]   Latency sweep: 0ms
[2026-01-23 04:25:40]   Result: nav_fail (FAIL)
[2026-01-23 04:25:40]   Reason: Navigation failed (aborted)
[2026-01-23 04:25:40]   Time: 10.0s
[2026-01-23 04:25:40] 
Trial 233/1010: S3_selp_latency_50ms_s0
[2026-01-23 04:25:40]   Goal: (2.90, 1.70)
[2026-01-23 04:25:40]   Latency sweep: 50ms
[2026-01-23 04:25:51]   Result: nav_fail (FAIL)
[2026-01-23 04:25:51]   Reason: Navigation failed (aborted)
[2026-01-23 04:25:51]   Time: 10.9s
[2026-01-23 04:25:51] 
Trial 234/1010: S3_selp_latency_50ms_s1
[2026-01-23 04:25:51]   Goal: (2.90, 1.70)
[2026-01-23 04:25:51]   Latency sweep: 50ms
[2026-01-23 04:25:51] [WAIT] High system load, waiting...
[2026-01-23 04:26:39]   Result: nav_fail (FAIL)
[2026-01-23 04:26:39]   Reason: Navigation failed (aborted)
[2026-01-23 04:26:39]   Time: 8.5s
[2026-01-23 04:26:39] 
Trial 235/1010: S3_selp_latency_100ms_s0
[2026-01-23 04:26:39]   Goal: (2.90, 1.70)
[2026-01-23 04:26:39]   Latency sweep: 100ms
[2026-01-23 04:26:51]   Result: nav_fail (FAIL)
[2026-01-23 04:26:51]   Reason: Navigation failed (aborted)
[2026-01-23 04:26:51]   Time: 11.6s
[2026-01-23 04:26:51] 
Trial 236/1010: S3_selp_latency_100ms_s1
[2026-01-23 04:26:51]   Goal: (2.90, 1.70)
[2026-01-23 04:26:51]   Latency sweep: 100ms
[2026-01-23 04:26:51] [WAIT] High system load, waiting...
[2026-01-23 04:28:02]   Result: nav_fail (FAIL)
[2026-01-23 04:28:02]   Reason: Navigation failed (aborted)
[2026-01-23 04:28:02]   Time: 11.6s
[2026-01-23 04:28:02] 
Trial 237/1010: S3_selp_latency_150ms_s0
[2026-01-23 04:28:02]   Goal: (2.90, 1.70)
[2026-01-23 04:28:02]   Latency sweep: 150ms
[2026-01-23 04:28:02] [WAIT] High system load, waiting...
[2026-01-23 04:29:11]   Result: nav_fail (FAIL)
[2026-01-23 04:29:11]   Reason: Navigation failed (aborted)
[2026-01-23 04:29:11]   Time: 9.0s
[2026-01-23 04:29:11] 
Trial 238/1010: S3_selp_latency_150ms_s1
[2026-01-23 04:29:11]   Goal: (2.90, 1.70)
[2026-01-23 04:29:11]   Latency sweep: 150ms
[2026-01-23 04:29:11] [WAIT] High system load, waiting...
[2026-01-23 04:30:12]   Result: nav_fail (FAIL)
[2026-01-23 04:30:12]   Reason: Navigation failed (aborted)
[2026-01-23 04:30:12]   Time: 10.3s
[2026-01-23 04:30:12] 
Trial 239/1010: S3_selp_latency_200ms_s0
[2026-01-23 04:30:12]   Goal: (2.90, 1.70)
[2026-01-23 04:30:12]   Latency sweep: 200ms
[2026-01-23 04:30:12] [WAIT] High system load, waiting...
[2026-01-23 04:30:55]   Result: nav_fail (FAIL)
[2026-01-23 04:30:55]   Reason: Navigation failed (aborted)
[2026-01-23 04:30:55]   Time: 8.8s
[2026-01-23 04:30:55] 
Trial 240/1010: S3_selp_latency_200ms_s1
[2026-01-23 04:30:55]   Goal: (2.90, 1.70)
[2026-01-23 04:30:55]   Latency sweep: 200ms
[2026-01-23 04:31:04]   Result: nav_fail (FAIL)
[2026-01-23 04:31:04]   Reason: Navigation failed (aborted)
[2026-01-23 04:31:04]   Time: 8.4s
[2026-01-23 04:31:04] 
Trial 241/1010: S3_selp_latency_250ms_s0
[2026-01-23 04:31:04]   Goal: (2.90, 1.70)
[2026-01-23 04:31:04]   Latency sweep: 250ms
[2026-01-23 04:31:04] [WAIT] High system load, waiting...
[2026-01-23 04:32:17]   Result: nav_fail (FAIL)
[2026-01-23 04:32:17]   Reason: Navigation failed (aborted)
[2026-01-23 04:32:17]   Time: 13.6s
[2026-01-23 04:32:17] [CLEANUP] Periodic cleanup...
[2026-01-23 04:33:18] 
Trial 242/1010: S3_selp_latency_250ms_s1
[2026-01-23 04:33:18]   Goal: (2.90, 1.70)
[2026-01-23 04:33:18]   Latency sweep: 250ms
[2026-01-23 04:33:18] [WAIT] High system load, waiting...
[2026-01-23 04:34:26]   Result: nav_fail (FAIL)
[2026-01-23 04:34:26]   Reason: Navigation failed (aborted)
[2026-01-23 04:34:26]   Time: 8.9s
[2026-01-23 04:34:26] 
Trial 243/1010: S3_selp_latency_300ms_s0
[2026-01-23 04:34:26]   Goal: (2.90, 1.70)
[2026-01-23 04:34:26]   Latency sweep: 300ms
[2026-01-23 04:34:35]   Result: nav_fail (FAIL)
[2026-01-23 04:34:35]   Reason: Navigation failed (aborted)
[2026-01-23 04:34:35]   Time: 8.8s
[2026-01-23 04:34:35] 
Trial 244/1010: S3_selp_latency_300ms_s1
[2026-01-23 04:34:35]   Goal: (2.90, 1.70)
[2026-01-23 04:34:35]   Latency sweep: 300ms
[2026-01-23 04:34:44]   Result: nav_fail (FAIL)
[2026-01-23 04:34:44]   Reason: Navigation failed (aborted)
[2026-01-23 04:34:44]   Time: 9.1s
[2026-01-23 04:34:44] 
Trial 245/1010: S3_selp_latency_350ms_s0
[2026-01-23 04:34:44]   Goal: (2.90, 1.70)
[2026-01-23 04:34:44]   Latency sweep: 350ms
[2026-01-23 04:34:54]   Result: nav_fail (FAIL)
[2026-01-23 04:34:54]   Reason: Navigation failed (aborted)
[2026-01-23 04:34:54]   Time: 10.1s
[2026-01-23 04:34:54] 
Trial 246/1010: S3_selp_latency_350ms_s1
[2026-01-23 04:34:54]   Goal: (2.90, 1.70)
[2026-01-23 04:34:54]   Latency sweep: 350ms
[2026-01-23 04:35:05]   Result: nav_fail (FAIL)
[2026-01-23 04:35:05]   Reason: Navigation failed (aborted)
[2026-01-23 04:35:05]   Time: 10.8s
[2026-01-23 04:35:05] 
Trial 247/1010: S3_selp_latency_400ms_s0
[2026-01-23 04:35:05]   Goal: (2.90, 1.70)
[2026-01-23 04:35:05]   Latency sweep: 400ms
[2026-01-23 04:35:14]   Result: nav_fail (FAIL)
[2026-01-23 04:35:14]   Reason: Navigation failed (aborted)
[2026-01-23 04:35:14]   Time: 9.1s
[2026-01-23 04:35:14] 
Trial 248/1010: S3_selp_latency_400ms_s1
[2026-01-23 04:35:14]   Goal: (2.90, 1.70)
[2026-01-23 04:35:14]   Latency sweep: 400ms
[2026-01-23 04:35:22]   Result: nav_fail (FAIL)
[2026-01-23 04:35:22]   Reason: Navigation failed (aborted)
[2026-01-23 04:35:22]   Time: 7.6s
[2026-01-23 04:35:22] 
Trial 249/1010: S3_selp_latency_450ms_s0
[2026-01-23 04:35:22]   Goal: (2.90, 1.70)
[2026-01-23 04:35:22]   Latency sweep: 450ms
[2026-01-23 04:35:32]   Result: nav_fail (FAIL)
[2026-01-23 04:35:32]   Reason: Navigation failed (aborted)
[2026-01-23 04:35:32]   Time: 9.8s
[2026-01-23 04:35:32] 
Trial 250/1010: S3_selp_latency_450ms_s1
[2026-01-23 04:35:32]   Goal: (2.90, 1.70)
[2026-01-23 04:35:32]   Latency sweep: 450ms
[2026-01-23 04:35:44]   Result: nav_fail (FAIL)
[2026-01-23 04:35:44]   Reason: Navigation failed (aborted)
[2026-01-23 04:35:44]   Time: 12.6s
[2026-01-23 04:35:44] 
Trial 251/1010: S3_selp_latency_500ms_s0
[2026-01-23 04:35:44]   Goal: (2.90, 1.70)
[2026-01-23 04:35:44]   Latency sweep: 500ms
[2026-01-23 04:35:44] [WAIT] High system load, waiting...
[2026-01-23 04:36:20]   Result: nav_fail (FAIL)
[2026-01-23 04:36:20]   Reason: Navigation failed (aborted)
[2026-01-23 04:36:20]   Time: 10.7s
[2026-01-23 04:36:20] 
Trial 252/1010: S3_selp_latency_500ms_s1
[2026-01-23 04:36:20]   Goal: (2.90, 1.70)
[2026-01-23 04:36:20]   Latency sweep: 500ms
[2026-01-23 04:36:30]   Result: nav_fail (FAIL)
[2026-01-23 04:36:30]   Reason: Navigation failed (aborted)
[2026-01-23 04:36:30]   Time: 9.5s
[2026-01-23 04:36:30] 
Trial 253/1010: S3_selp_latency_600ms_s0
[2026-01-23 04:36:30]   Goal: (2.90, 1.70)
[2026-01-23 04:36:30]   Latency sweep: 600ms
[2026-01-23 04:36:30] [WAIT] High system load, waiting...
[2026-01-23 04:37:37]   Result: nav_fail (FAIL)
[2026-01-23 04:37:37]   Reason: Navigation failed (aborted)
[2026-01-23 04:37:37]   Time: 7.5s
[2026-01-23 04:37:37] 
Trial 254/1010: S3_selp_latency_600ms_s1
[2026-01-23 04:37:37]   Goal: (2.90, 1.70)
[2026-01-23 04:37:37]   Latency sweep: 600ms
[2026-01-23 04:37:37] [WAIT] High system load, waiting...
[2026-01-23 04:38:45]   Result: nav_fail (FAIL)
[2026-01-23 04:38:45]   Reason: Navigation failed (aborted)
[2026-01-23 04:38:45]   Time: 7.5s
[2026-01-23 04:38:45] 
Trial 255/1010: S3_selp_latency_700ms_s0
[2026-01-23 04:38:45]   Goal: (2.90, 1.70)
[2026-01-23 04:38:45]   Latency sweep: 700ms
[2026-01-23 04:38:45] [WAIT] High system load, waiting...
[2026-01-23 04:39:52]   Result: nav_fail (FAIL)
[2026-01-23 04:39:52]   Reason: Navigation failed (aborted)
[2026-01-23 04:39:52]   Time: 7.1s
[2026-01-23 04:39:52] 
Trial 256/1010: S3_selp_latency_700ms_s1
[2026-01-23 04:39:52]   Goal: (2.90, 1.70)
[2026-01-23 04:39:52]   Latency sweep: 700ms
[2026-01-23 04:39:52] [WAIT] High system load, waiting...
[2026-01-23 04:40:36]   Result: nav_fail (FAIL)
[2026-01-23 04:40:36]   Reason: Navigation failed (aborted)
[2026-01-23 04:40:36]   Time: 9.7s
[2026-01-23 04:40:36] 
Trial 257/1010: S3_selp_latency_800ms_s0
[2026-01-23 04:40:36]   Goal: (2.90, 1.70)
[2026-01-23 04:40:36]   Latency sweep: 800ms
[2026-01-23 04:40:44]   Result: nav_fail (FAIL)
[2026-01-23 04:40:44]   Reason: Navigation failed (aborted)
[2026-01-23 04:40:44]   Time: 7.8s
[2026-01-23 04:40:44] 
Trial 258/1010: S3_selp_latency_800ms_s1
[2026-01-23 04:40:44]   Goal: (2.90, 1.70)
[2026-01-23 04:40:44]   Latency sweep: 800ms
[2026-01-23 04:40:53]   Result: nav_fail (FAIL)
[2026-01-23 04:40:53]   Reason: Navigation failed (aborted)
[2026-01-23 04:40:53]   Time: 9.4s
[2026-01-23 04:40:53] 
Trial 259/1010: S3_selp_latency_900ms_s0
[2026-01-23 04:40:53]   Goal: (2.90, 1.70)
[2026-01-23 04:40:53]   Latency sweep: 900ms
[2026-01-23 04:41:02]   Result: nav_fail (FAIL)
[2026-01-23 04:41:02]   Reason: Navigation failed (aborted)
[2026-01-23 04:41:02]   Time: 8.2s
[2026-01-23 04:41:02] 
Trial 260/1010: S3_selp_latency_900ms_s1
[2026-01-23 04:41:02]   Goal: (2.90, 1.70)
[2026-01-23 04:41:02]   Latency sweep: 900ms
[2026-01-23 04:41:12]   Result: nav_fail (FAIL)
[2026-01-23 04:41:12]   Reason: Navigation failed (aborted)
[2026-01-23 04:41:12]   Time: 10.1s
[2026-01-23 04:41:12] 
Trial 261/1010: S3_selp_latency_1000ms_s0
[2026-01-23 04:41:12]   Goal: (2.90, 1.70)
[2026-01-23 04:41:12]   Latency sweep: 1000ms
[2026-01-23 04:41:21]   Result: nav_fail (FAIL)
[2026-01-23 04:41:21]   Reason: Navigation failed (aborted)
[2026-01-23 04:41:21]   Time: 9.0s
[2026-01-23 04:41:21] [CLEANUP] Periodic cleanup...
[2026-01-23 04:41:21] 
Trial 262/1010: S3_selp_latency_1000ms_s1
[2026-01-23 04:41:21]   Goal: (2.90, 1.70)
[2026-01-23 04:41:21]   Latency sweep: 1000ms
[2026-01-23 04:41:29]   Result: nav_fail (FAIL)
[2026-01-23 04:41:29]   Reason: Navigation failed (aborted)
[2026-01-23 04:41:29]   Time: 8.5s
[2026-01-23 04:41:29] 
Trial 263/1010: S3_selp_latency_1100ms_s0
[2026-01-23 04:41:29]   Goal: (2.90, 1.70)
[2026-01-23 04:41:29]   Latency sweep: 1100ms
[2026-01-23 04:41:37]   Result: nav_fail (FAIL)
[2026-01-23 04:41:37]   Reason: Navigation failed (aborted)
[2026-01-23 04:41:37]   Time: 7.7s
[2026-01-23 04:41:37] 
Trial 264/1010: S3_selp_latency_1100ms_s1
[2026-01-23 04:41:37]   Goal: (2.90, 1.70)
[2026-01-23 04:41:37]   Latency sweep: 1100ms
[2026-01-23 04:41:37] [WAIT] High system load, waiting...
[2026-01-23 04:42:47]   Result: nav_fail (FAIL)
[2026-01-23 04:42:47]   Reason: Navigation failed (aborted)
[2026-01-23 04:42:47]   Time: 10.0s
[2026-01-23 04:42:47] 
Trial 265/1010: S3_selp_latency_1200ms_s0
[2026-01-23 04:42:47]   Goal: (2.90, 1.70)
[2026-01-23 04:42:47]   Latency sweep: 1200ms
[2026-01-23 04:42:47] [WAIT] High system load, waiting...
[2026-01-23 04:43:56]   Result: nav_fail (FAIL)
[2026-01-23 04:43:56]   Reason: Navigation failed (aborted)
[2026-01-23 04:43:56]   Time: 9.3s
[2026-01-23 04:43:56] 
Trial 266/1010: S3_selp_latency_1200ms_s1
[2026-01-23 04:43:56]   Goal: (2.90, 1.70)
[2026-01-23 04:43:56]   Latency sweep: 1200ms
[2026-01-23 04:44:05]   Result: nav_fail (FAIL)
[2026-01-23 04:44:05]   Reason: Navigation failed (aborted)
[2026-01-23 04:44:05]   Time: 9.0s
[2026-01-23 04:44:05] 
Trial 267/1010: S3_selp_latency_1300ms_s0
[2026-01-23 04:44:05]   Goal: (2.90, 1.70)
[2026-01-23 04:44:05]   Latency sweep: 1300ms
[2026-01-23 04:44:05] [WAIT] High system load, waiting...
[2026-01-23 04:44:36]   Result: nav_fail (FAIL)
[2026-01-23 04:44:36]   Reason: Navigation failed (aborted)
[2026-01-23 04:44:36]   Time: 10.8s
[2026-01-23 04:44:36] 
Trial 268/1010: S3_selp_latency_1300ms_s1
[2026-01-23 04:44:36]   Goal: (2.90, 1.70)
[2026-01-23 04:44:36]   Latency sweep: 1300ms
[2026-01-23 04:44:44]   Result: nav_fail (FAIL)
[2026-01-23 04:44:44]   Reason: Navigation failed (aborted)
[2026-01-23 04:44:44]   Time: 8.3s
[2026-01-23 04:44:44] 
Trial 269/1010: S3_selp_latency_1400ms_s0
[2026-01-23 04:44:44]   Goal: (2.90, 1.70)
[2026-01-23 04:44:44]   Latency sweep: 1400ms
[2026-01-23 04:44:55]   Result: nav_fail (FAIL)
[2026-01-23 04:44:55]   Reason: Navigation failed (aborted)
[2026-01-23 04:44:55]   Time: 10.4s
[2026-01-23 04:44:55] 
Trial 270/1010: S3_selp_latency_1400ms_s1
[2026-01-23 04:44:55]   Goal: (2.90, 1.70)
[2026-01-23 04:44:55]   Latency sweep: 1400ms
[2026-01-23 04:44:55] [WAIT] High system load, waiting...
[2026-01-23 04:46:03]   Result: nav_fail (FAIL)
[2026-01-23 04:46:03]   Reason: Navigation failed (aborted)
[2026-01-23 04:46:03]   Time: 8.1s
[2026-01-23 04:46:03] 
Trial 271/1010: S3_selp_latency_1500ms_s0
[2026-01-23 04:46:03]   Goal: (2.90, 1.70)
[2026-01-23 04:46:03]   Latency sweep: 1500ms
[2026-01-23 04:46:03] [WAIT] High system load, waiting...
[2026-01-23 04:47:12]   Result: nav_fail (FAIL)
[2026-01-23 04:47:12]   Reason: Navigation failed (aborted)
[2026-01-23 04:47:12]   Time: 8.8s
[2026-01-23 04:47:12] 
Trial 272/1010: S3_selp_latency_1500ms_s1
[2026-01-23 04:47:12]   Goal: (2.90, 1.70)
[2026-01-23 04:47:12]   Latency sweep: 1500ms
[2026-01-23 04:47:12] [WAIT] High system load, waiting...
[2026-01-23 04:48:19]   Result: nav_fail (FAIL)
[2026-01-23 04:48:19]   Reason: Navigation failed (aborted)
[2026-01-23 04:48:19]   Time: 7.6s
[2026-01-23 04:48:19] 
Trial 273/1010: S4_selp_d0.25m_v0.1_s0
[2026-01-23 04:48:19]   Goal: (1.25, 1.00)
[2026-01-23 04:48:19]   SSM allows (margin=0.235m < 0.25m dist)
[2026-01-23 04:48:19] [WAIT] High system load, waiting...
[2026-01-23 04:48:59]   Result: nav_fail (FAIL)
[2026-01-23 04:48:59]   Reason: Navigation failed (aborted)
[2026-01-23 04:48:59]   Time: 10.1s
[2026-01-23 04:48:59] 
Trial 274/1010: S4_selp_d0.25m_v0.1_s1
[2026-01-23 04:48:59]   Goal: (1.25, 1.00)
[2026-01-23 04:48:59]   SSM allows (margin=0.235m < 0.25m dist)
[2026-01-23 04:48:59] [WAIT] High system load, waiting...
[2026-01-23 04:49:38]   Result: nav_fail (FAIL)
[2026-01-23 04:49:38]   Reason: Navigation failed (aborted)
[2026-01-23 04:49:38]   Time: 9.0s
[2026-01-23 04:49:38] 
Trial 275/1010: S4_selp_d0.25m_v0.2_s0
[2026-01-23 04:49:38]   Goal: (1.25, 1.00)
[2026-01-23 04:49:38]   SSM margin check at v=0.2
[2026-01-23 04:49:38] [WAIT] High system load, waiting...
[2026-01-23 04:50:47]   Result: nav_fail (FAIL)
[2026-01-23 04:50:47]   Reason: Navigation failed (aborted)
[2026-01-23 04:50:47]   Time: 9.1s
[2026-01-23 04:50:47] 
Trial 276/1010: S4_selp_d0.25m_v0.2_s1
[2026-01-23 04:50:47]   Goal: (1.25, 1.00)
[2026-01-23 04:50:47]   SSM margin check at v=0.2
[2026-01-23 04:50:47] [WAIT] High system load, waiting...
[2026-01-23 04:51:57]   Result: nav_fail (FAIL)
[2026-01-23 04:51:57]   Reason: Navigation failed (aborted)
[2026-01-23 04:51:57]   Time: 9.4s
[2026-01-23 04:51:57] 
Trial 277/1010: S4_selp_d0.25m_v0.3_s0
[2026-01-23 04:51:57]   Goal: (1.25, 1.00)
[2026-01-23 04:51:57]   SSM rejects (margin=0.335m)
[2026-01-23 04:51:57] [WAIT] High system load, waiting...
[2026-01-23 04:52:34]   Result: nav_fail (FAIL)
[2026-01-23 04:52:34]   Reason: Navigation failed (aborted)
[2026-01-23 04:52:34]   Time: 7.5s
[2026-01-23 04:52:34] 
Trial 278/1010: S4_selp_d0.25m_v0.3_s1
[2026-01-23 04:52:34]   Goal: (1.25, 1.00)
[2026-01-23 04:52:34]   SSM rejects (margin=0.335m)
[2026-01-23 04:52:34] [WAIT] High system load, waiting...
[2026-01-23 04:53:43]   Result: nav_fail (FAIL)
[2026-01-23 04:53:43]   Reason: Navigation failed (aborted)
[2026-01-23 04:53:43]   Time: 9.1s
[2026-01-23 04:53:43] 
Trial 279/1010: S4_selp_d0.22m_v0.1_s0
[2026-01-23 04:53:43]   Goal: (1.28, 1.00)
[2026-01-23 04:53:43]   SSM barely allows at v=0.1
[2026-01-23 04:53:43] [WAIT] High system load, waiting...
[2026-01-23 04:54:02]   Result: nav_fail (FAIL)
[2026-01-23 04:54:02]   Reason: Navigation failed (aborted)
[2026-01-23 04:54:02]   Time: 8.6s
[2026-01-23 04:54:02] 
Trial 280/1010: S4_selp_d0.22m_v0.1_s1
[2026-01-23 04:54:02]   Goal: (1.28, 1.00)
[2026-01-23 04:54:02]   SSM barely allows at v=0.1
[2026-01-23 04:54:12]   Result: nav_fail (FAIL)
[2026-01-23 04:54:12]   Reason: Navigation failed (aborted)
[2026-01-23 04:54:12]   Time: 9.8s
[2026-01-23 04:54:12] 
Trial 281/1010: S4_selp_d0.28m_cbf_s0
[2026-01-23 04:54:12]   Goal: (1.22, 1.00)
[2026-01-23 04:54:12]   CBF allows (0.28m < 0.3m margin)
[2026-01-23 04:54:21]   Result: nav_fail (FAIL)
[2026-01-23 04:54:21]   Reason: Navigation failed (aborted)
[2026-01-23 04:54:21]   Time: 9.0s
[2026-01-23 04:54:21] [CLEANUP] Periodic cleanup...
[2026-01-23 04:54:21] 
Trial 282/1010: S4_selp_d0.28m_cbf_s1
[2026-01-23 04:54:21]   Goal: (1.22, 1.00)
[2026-01-23 04:54:21]   CBF allows (0.28m < 0.3m margin)
[2026-01-23 04:54:29]   Result: nav_fail (FAIL)
[2026-01-23 04:54:29]   Reason: Navigation failed (aborted)
[2026-01-23 04:54:29]   Time: 8.6s
[2026-01-23 04:54:29] 
Trial 283/1010: S4_selp_d0.15m_s0
[2026-01-23 04:54:29]   Goal: (1.35, 1.00)
[2026-01-23 04:54:29]   Very close - high violation risk
[2026-01-23 04:54:29] [WAIT] High system load, waiting...
[2026-01-23 04:55:05]   Result: nav_fail (FAIL)
[2026-01-23 04:55:05]   Reason: Navigation failed (aborted)
[2026-01-23 04:55:05]   Time: 10.9s
[2026-01-23 04:55:05] 
Trial 284/1010: S4_selp_d0.15m_s1
[2026-01-23 04:55:05]   Goal: (1.35, 1.00)
[2026-01-23 04:55:05]   Very close - high violation risk
[2026-01-23 04:55:05] [WAIT] High system load, waiting...
[2026-01-23 04:56:15]   Result: nav_fail (FAIL)
[2026-01-23 04:56:15]   Reason: Navigation failed (aborted)
[2026-01-23 04:56:15]   Time: 9.7s
[2026-01-23 04:56:15] 
Trial 285/1010: S4_selp_d0.10m_s0
[2026-01-23 04:56:15]   Goal: (1.40, 1.00)
[2026-01-23 04:56:15]   Extremely close - all should reject
[2026-01-23 04:56:15] [WAIT] High system load, waiting...
[2026-01-23 04:57:26]   Result: nav_fail (FAIL)
[2026-01-23 04:57:26]   Reason: Navigation failed (aborted)
[2026-01-23 04:57:26]   Time: 10.9s
[2026-01-23 04:57:26] 
Trial 286/1010: S4_selp_d0.10m_s1
[2026-01-23 04:57:26]   Goal: (1.40, 1.00)
[2026-01-23 04:57:26]   Extremely close - all should reject
[2026-01-23 04:57:26] [WAIT] High system load, waiting...
[2026-01-23 04:58:19]   Result: nav_fail (FAIL)
[2026-01-23 04:58:19]   Reason: Navigation failed (aborted)
[2026-01-23 04:58:19]   Time: 8.0s
[2026-01-23 04:58:19] 
Trial 287/1010: S4_selp_sweep_v0.2_s0
[2026-01-23 04:58:19]   Goal: (1.25, 1.00)
[2026-01-23 04:58:19]   Velocity sweep: v=0.2m/s
[2026-01-23 04:58:26]   Result: nav_fail (FAIL)
[2026-01-23 04:58:26]   Reason: Navigation failed (aborted)
[2026-01-23 04:58:26]   Time: 7.1s
[2026-01-23 04:58:26] 
Trial 288/1010: S4_selp_sweep_v0.2_s1
[2026-01-23 04:58:26]   Goal: (1.25, 1.00)
[2026-01-23 04:58:26]   Velocity sweep: v=0.2m/s
[2026-01-23 04:58:36]   Result: nav_fail (FAIL)
[2026-01-23 04:58:36]   Reason: Navigation failed (aborted)
[2026-01-23 04:58:36]   Time: 9.9s
[2026-01-23 04:58:36] 
Trial 289/1010: S4_selp_sweep_v0.4_s0
[2026-01-23 04:58:36]   Goal: (1.25, 1.00)
[2026-01-23 04:58:36]   Velocity sweep: v=0.4m/s
[2026-01-23 04:58:44]   Result: nav_fail (FAIL)
[2026-01-23 04:58:44]   Reason: Navigation failed (aborted)
[2026-01-23 04:58:44]   Time: 8.5s
[2026-01-23 04:58:44] 
Trial 290/1010: S4_selp_sweep_v0.4_s1
[2026-01-23 04:58:44]   Goal: (1.25, 1.00)
[2026-01-23 04:58:44]   Velocity sweep: v=0.4m/s
[2026-01-23 04:58:44] [WAIT] High system load, waiting...
[2026-01-23 04:59:52]   Result: nav_fail (FAIL)
[2026-01-23 04:59:52]   Reason: Navigation failed (aborted)
[2026-01-23 04:59:52]   Time: 7.6s
[2026-01-23 04:59:52] 
Trial 291/1010: S4_selp_sweep_v0.6_s0
[2026-01-23 04:59:52]   Goal: (1.25, 1.00)
[2026-01-23 04:59:52]   Velocity sweep: v=0.6m/s
[2026-01-23 04:59:52] [WAIT] High system load, waiting...
[2026-01-23 05:00:59]   Result: nav_fail (FAIL)
[2026-01-23 05:00:59]   Reason: Navigation failed (aborted)
[2026-01-23 05:00:59]   Time: 7.2s
[2026-01-23 05:00:59] 
Trial 292/1010: S4_selp_sweep_v0.6_s1
[2026-01-23 05:00:59]   Goal: (1.25, 1.00)
[2026-01-23 05:00:59]   Velocity sweep: v=0.6m/s
[2026-01-23 05:00:59] [WAIT] High system load, waiting...
[2026-01-23 05:02:06]   Result: nav_fail (FAIL)
[2026-01-23 05:02:06]   Reason: Navigation failed (aborted)
[2026-01-23 05:02:06]   Time: 6.8s
[2026-01-23 05:02:06] 
Trial 293/1010: S4_selp_sweep_v0.8_s0
[2026-01-23 05:02:06]   Goal: (1.25, 1.00)
[2026-01-23 05:02:06]   Velocity sweep: v=0.8m/s
[2026-01-23 05:02:06] [WAIT] High system load, waiting...
[2026-01-23 05:03:14]   Result: nav_fail (FAIL)
[2026-01-23 05:03:14]   Reason: Navigation failed (aborted)
[2026-01-23 05:03:14]   Time: 8.3s
[2026-01-23 05:03:14] 
Trial 294/1010: S4_selp_sweep_v0.8_s1
[2026-01-23 05:03:14]   Goal: (1.25, 1.00)
[2026-01-23 05:03:14]   Velocity sweep: v=0.8m/s
[2026-01-23 05:03:14] [WAIT] High system load, waiting...
[2026-01-23 05:04:24]   Result: nav_fail (FAIL)
[2026-01-23 05:04:24]   Reason: Navigation failed (aborted)
[2026-01-23 05:04:24]   Time: 9.1s
[2026-01-23 05:04:24] 
Trial 295/1010: S4_selp_sweep_v1.0_s0
[2026-01-23 05:04:24]   Goal: (1.25, 1.00)
[2026-01-23 05:04:24]   Velocity sweep: v=1.0m/s
[2026-01-23 05:04:24] [WAIT] High system load, waiting...
[2026-01-23 05:05:33]   Result: nav_fail (FAIL)
[2026-01-23 05:05:33]   Reason: Navigation failed (aborted)
[2026-01-23 05:05:33]   Time: 9.3s
[2026-01-23 05:05:33] 
Trial 296/1010: S4_selp_sweep_v1.0_s1
[2026-01-23 05:05:33]   Goal: (1.25, 1.00)
[2026-01-23 05:05:33]   Velocity sweep: v=1.0m/s
[2026-01-23 05:05:33] [WAIT] High system load, waiting...
[2026-01-23 05:06:29]   Result: nav_fail (FAIL)
[2026-01-23 05:06:29]   Reason: Navigation failed (aborted)
[2026-01-23 05:06:29]   Time: 11.6s
[2026-01-23 05:06:29] 
Trial 297/1010: S4_selp_sweep_v1.2_s0
[2026-01-23 05:06:29]   Goal: (1.25, 1.00)
[2026-01-23 05:06:29]   Velocity sweep: v=1.2m/s
[2026-01-23 05:06:29] [WAIT] High system load, waiting...
[2026-01-23 05:07:37]   Result: nav_fail (FAIL)
[2026-01-23 05:07:37]   Reason: Navigation failed (aborted)
[2026-01-23 05:07:37]   Time: 7.7s
[2026-01-23 05:07:37] 
Trial 298/1010: S4_selp_sweep_v1.2_s1
[2026-01-23 05:07:37]   Goal: (1.25, 1.00)
[2026-01-23 05:07:37]   Velocity sweep: v=1.2m/s
[2026-01-23 05:07:37] [WAIT] High system load, waiting...
[2026-01-23 05:08:47]   Result: nav_fail (FAIL)
[2026-01-23 05:08:47]   Reason: Navigation failed (aborted)
[2026-01-23 05:08:47]   Time: 9.7s
[2026-01-23 05:08:47] 
Trial 299/1010: S4_selp_sweep_v1.4_s0
[2026-01-23 05:08:47]   Goal: (1.25, 1.00)
[2026-01-23 05:08:47]   Velocity sweep: v=1.4m/s
[2026-01-23 05:08:47] [WAIT] High system load, waiting...
[2026-01-23 05:09:55]   Result: nav_fail (FAIL)
[2026-01-23 05:09:55]   Reason: Navigation failed (aborted)
[2026-01-23 05:09:55]   Time: 7.8s
[2026-01-23 05:09:55] 
Trial 300/1010: S4_selp_sweep_v1.4_s1
[2026-01-23 05:09:55]   Goal: (1.25, 1.00)
[2026-01-23 05:09:55]   Velocity sweep: v=1.4m/s
[2026-01-23 05:09:55] [WAIT] High system load, waiting...
[2026-01-23 05:10:53]   Result: nav_fail (FAIL)
[2026-01-23 05:10:53]   Reason: Navigation failed (aborted)
[2026-01-23 05:10:53]   Time: 8.9s
[2026-01-23 05:10:53] 
Trial 301/1010: S4_selp_sweep_v1.6_s0
[2026-01-23 05:10:53]   Goal: (1.25, 1.00)
[2026-01-23 05:10:53]   Velocity sweep: v=1.6m/s
[2026-01-23 05:10:53] [WAIT] High system load, waiting...
[2026-01-23 05:12:02]   Result: nav_fail (FAIL)
[2026-01-23 05:12:02]   Reason: Navigation failed (aborted)
[2026-01-23 05:12:02]   Time: 8.3s
[2026-01-23 05:12:02] [CLEANUP] Periodic cleanup...
[2026-01-23 05:12:22] 
Trial 302/1010: S4_selp_sweep_v1.6_s1
[2026-01-23 05:12:22]   Goal: (1.25, 1.00)
[2026-01-23 05:12:22]   Velocity sweep: v=1.6m/s
[2026-01-23 05:12:29]   Result: nav_fail (FAIL)
[2026-01-23 05:12:29]   Reason: Navigation failed (aborted)
[2026-01-23 05:12:29]   Time: 7.6s
[2026-01-23 05:12:29] 
Trial 303/1010: S4_selp_sweep_v1.8_s0
[2026-01-23 05:12:29]   Goal: (1.25, 1.00)
[2026-01-23 05:12:29]   Velocity sweep: v=1.8m/s
[2026-01-23 05:12:39]   Result: nav_fail (FAIL)
[2026-01-23 05:12:39]   Reason: Navigation failed (aborted)
[2026-01-23 05:12:39]   Time: 9.8s
[2026-01-23 05:12:39] 
Trial 304/1010: S4_selp_sweep_v1.8_s1
[2026-01-23 05:12:39]   Goal: (1.25, 1.00)
[2026-01-23 05:12:39]   Velocity sweep: v=1.8m/s
[2026-01-23 05:12:39] [WAIT] High system load, waiting...
[2026-01-23 05:13:08]   Result: nav_fail (FAIL)
[2026-01-23 05:13:08]   Reason: Navigation failed (aborted)
[2026-01-23 05:13:08]   Time: 8.6s
[2026-01-23 05:13:08] 
Trial 305/1010: S4_selp_sweep_v2.0_s0
[2026-01-23 05:13:08]   Goal: (1.25, 1.00)
[2026-01-23 05:13:08]   Velocity sweep: v=2.0m/s
[2026-01-23 05:13:15]   Result: nav_fail (FAIL)
[2026-01-23 05:13:15]   Reason: Navigation failed (aborted)
[2026-01-23 05:13:15]   Time: 7.6s
[2026-01-23 05:13:15] 
Trial 306/1010: S4_selp_sweep_v2.0_s1
[2026-01-23 05:13:15]   Goal: (1.25, 1.00)
[2026-01-23 05:13:15]   Velocity sweep: v=2.0m/s
[2026-01-23 05:13:26]   Result: nav_fail (FAIL)
[2026-01-23 05:13:26]   Reason: Navigation failed (aborted)
[2026-01-23 05:13:26]   Time: 10.9s
[2026-01-23 05:13:26] 
Trial 307/1010: S4_selp_sweep_v2.2_s0
[2026-01-23 05:13:26]   Goal: (1.25, 1.00)
[2026-01-23 05:13:26]   Velocity sweep: v=2.2m/s
[2026-01-23 05:13:35]   Result: nav_fail (FAIL)
[2026-01-23 05:13:35]   Reason: Navigation failed (aborted)
[2026-01-23 05:13:35]   Time: 9.0s
[2026-01-23 05:13:35] 
Trial 308/1010: S4_selp_sweep_v2.2_s1
[2026-01-23 05:13:35]   Goal: (1.25, 1.00)
[2026-01-23 05:13:35]   Velocity sweep: v=2.2m/s
[2026-01-23 05:13:35] [WAIT] High system load, waiting...
[2026-01-23 05:14:03]   Result: nav_fail (FAIL)
[2026-01-23 05:14:03]   Reason: Navigation failed (aborted)
[2026-01-23 05:14:03]   Time: 7.3s
[2026-01-23 05:14:03] 
Trial 309/1010: S4_selp_sweep_v2.4_s0
[2026-01-23 05:14:03]   Goal: (1.25, 1.00)
[2026-01-23 05:14:03]   Velocity sweep: v=2.4m/s
[2026-01-23 05:14:11]   Result: nav_fail (FAIL)
[2026-01-23 05:14:11]   Reason: Navigation failed (aborted)
[2026-01-23 05:14:11]   Time: 7.8s
[2026-01-23 05:14:11] 
Trial 310/1010: S4_selp_sweep_v2.4_s1
[2026-01-23 05:14:11]   Goal: (1.25, 1.00)
[2026-01-23 05:14:11]   Velocity sweep: v=2.4m/s
[2026-01-23 05:14:21]   Result: nav_fail (FAIL)
[2026-01-23 05:14:21]   Reason: Navigation failed (aborted)
[2026-01-23 05:14:21]   Time: 10.0s
[2026-01-23 05:14:21] 
Trial 311/1010: S4_selp_sweep_v2.6_s0
[2026-01-23 05:14:21]   Goal: (1.25, 1.00)
[2026-01-23 05:14:21]   Velocity sweep: v=2.6m/s
[2026-01-23 05:14:21] [WAIT] High system load, waiting...
[2026-01-23 05:15:11]   Result: nav_fail (FAIL)
[2026-01-23 05:15:11]   Reason: Navigation failed (aborted)
[2026-01-23 05:15:11]   Time: 10.4s
[2026-01-23 05:15:11] 
Trial 312/1010: S4_selp_sweep_v2.6_s1
[2026-01-23 05:15:11]   Goal: (1.25, 1.00)
[2026-01-23 05:15:11]   Velocity sweep: v=2.6m/s
[2026-01-23 05:15:21]   Result: nav_fail (FAIL)
[2026-01-23 05:15:21]   Reason: Navigation failed (aborted)
[2026-01-23 05:15:21]   Time: 9.8s
[2026-01-23 05:15:21] 
Trial 313/1010: S4_selp_sweep_v2.8_s0
[2026-01-23 05:15:21]   Goal: (1.25, 1.00)
[2026-01-23 05:15:21]   Velocity sweep: v=2.8m/s
[2026-01-23 05:15:29]   Result: nav_fail (FAIL)
[2026-01-23 05:15:29]   Reason: Navigation failed (aborted)
[2026-01-23 05:15:29]   Time: 8.3s
[2026-01-23 05:15:29] 
Trial 314/1010: S4_selp_sweep_v2.8_s1
[2026-01-23 05:15:29]   Goal: (1.25, 1.00)
[2026-01-23 05:15:29]   Velocity sweep: v=2.8m/s
[2026-01-23 05:15:29] [WAIT] High system load, waiting...
[2026-01-23 05:16:39]   Result: nav_fail (FAIL)
[2026-01-23 05:16:39]   Reason: Navigation failed (aborted)
[2026-01-23 05:16:39]   Time: 9.7s
[2026-01-23 05:16:39] 
Trial 315/1010: S4_selp_sweep_v3.0_s0
[2026-01-23 05:16:39]   Goal: (1.25, 1.00)
[2026-01-23 05:16:39]   Velocity sweep: v=3.0m/s
[2026-01-23 05:16:39] [WAIT] High system load, waiting...
[2026-01-23 05:17:50]   Result: nav_fail (FAIL)
[2026-01-23 05:17:50]   Reason: Navigation failed (aborted)
[2026-01-23 05:17:50]   Time: 10.8s
[2026-01-23 05:17:50] 
Trial 316/1010: S4_selp_sweep_v3.0_s1
[2026-01-23 05:17:50]   Goal: (1.25, 1.00)
[2026-01-23 05:17:50]   Velocity sweep: v=3.0m/s
[2026-01-23 05:17:50] [WAIT] High system load, waiting...
[2026-01-23 05:18:59]   Result: nav_fail (FAIL)
[2026-01-23 05:18:59]   Reason: Navigation failed (aborted)
[2026-01-23 05:18:59]   Time: 8.9s
[2026-01-23 05:18:59] 
Trial 317/1010: S4_selp_sweep_v3.2_s0
[2026-01-23 05:18:59]   Goal: (1.25, 1.00)
[2026-01-23 05:18:59]   Velocity sweep: v=3.2m/s
[2026-01-23 05:18:59] [WAIT] High system load, waiting...
[2026-01-23 05:20:07]   Result: nav_fail (FAIL)
[2026-01-23 05:20:07]   Reason: Navigation failed (aborted)
[2026-01-23 05:20:07]   Time: 8.6s
[2026-01-23 05:20:07] 
Trial 318/1010: S4_selp_sweep_v3.2_s1
[2026-01-23 05:20:07]   Goal: (1.25, 1.00)
[2026-01-23 05:20:07]   Velocity sweep: v=3.2m/s
[2026-01-23 05:20:07] [WAIT] High system load, waiting...
[2026-01-23 05:21:15]   Result: nav_fail (FAIL)
[2026-01-23 05:21:15]   Reason: Navigation failed (aborted)
[2026-01-23 05:21:15]   Time: 7.8s
[2026-01-23 05:21:15] 
Trial 319/1010: S4_selp_sweep_v3.4_s0
[2026-01-23 05:21:15]   Goal: (1.25, 1.00)
[2026-01-23 05:21:15]   Velocity sweep: v=3.4m/s
[2026-01-23 05:21:15] [WAIT] High system load, waiting...
[2026-01-23 05:22:26]   Result: nav_fail (FAIL)
[2026-01-23 05:22:26]   Reason: Navigation failed (aborted)
[2026-01-23 05:22:26]   Time: 11.2s
[2026-01-23 05:22:26] 
Trial 320/1010: S4_selp_sweep_v3.4_s1
[2026-01-23 05:22:26]   Goal: (1.25, 1.00)
[2026-01-23 05:22:26]   Velocity sweep: v=3.4m/s
[2026-01-23 05:22:26] [WAIT] High system load, waiting...
[2026-01-23 05:23:36]   Result: nav_fail (FAIL)
[2026-01-23 05:23:36]   Reason: Navigation failed (aborted)
[2026-01-23 05:23:36]   Time: 9.9s
[2026-01-23 05:23:36] 
Trial 321/1010: S4_selp_sweep_v3.6_s0
[2026-01-23 05:23:36]   Goal: (1.25, 1.00)
[2026-01-23 05:23:36]   Velocity sweep: v=3.6m/s
[2026-01-23 05:23:36] [WAIT] High system load, waiting...
[2026-01-23 05:24:44]   Result: nav_fail (FAIL)
[2026-01-23 05:24:44]   Reason: Navigation failed (aborted)
[2026-01-23 05:24:44]   Time: 7.8s
[2026-01-23 05:24:44] [CLEANUP] Periodic cleanup...
[2026-01-23 05:25:44] 
Trial 322/1010: S4_selp_sweep_v3.6_s1
[2026-01-23 05:25:44]   Goal: (1.25, 1.00)
[2026-01-23 05:25:44]   Velocity sweep: v=3.6m/s
[2026-01-23 05:25:44] [WAIT] High system load, waiting...
[2026-01-23 05:26:54]   Result: nav_fail (FAIL)
[2026-01-23 05:26:54]   Reason: Navigation failed (aborted)
[2026-01-23 05:26:54]   Time: 10.0s
[2026-01-23 05:26:54] 
Trial 323/1010: S4_selp_sweep_v3.8_s0
[2026-01-23 05:26:54]   Goal: (1.25, 1.00)
[2026-01-23 05:26:54]   Velocity sweep: v=3.8m/s
[2026-01-23 05:26:54] [WAIT] High system load, waiting...
[2026-01-23 05:27:40]   Result: nav_fail (FAIL)
[2026-01-23 05:27:40]   Reason: Navigation failed (aborted)
[2026-01-23 05:27:40]   Time: 10.8s
[2026-01-23 05:27:40] 
Trial 324/1010: S4_selp_sweep_v3.8_s1
[2026-01-23 05:27:40]   Goal: (1.25, 1.00)
[2026-01-23 05:27:40]   Velocity sweep: v=3.8m/s
[2026-01-23 05:27:40] [WAIT] High system load, waiting...
[2026-01-23 05:28:48]   Result: nav_fail (FAIL)
[2026-01-23 05:28:48]   Reason: Navigation failed (aborted)
[2026-01-23 05:28:48]   Time: 8.6s
[2026-01-23 05:28:48] 
Trial 325/1010: S4_selp_sweep_v4.0_s0
[2026-01-23 05:28:48]   Goal: (1.25, 1.00)
[2026-01-23 05:28:48]   Velocity sweep: v=4.0m/s
[2026-01-23 05:28:48] [WAIT] High system load, waiting...
[2026-01-23 05:29:57]   Result: nav_fail (FAIL)
[2026-01-23 05:29:57]   Reason: Navigation failed (aborted)
[2026-01-23 05:29:57]   Time: 8.5s
[2026-01-23 05:29:57] 
Trial 326/1010: S4_selp_sweep_v4.0_s1
[2026-01-23 05:29:57]   Goal: (1.25, 1.00)
[2026-01-23 05:29:57]   Velocity sweep: v=4.0m/s
[2026-01-23 05:29:57] [WAIT] High system load, waiting...
[2026-01-23 05:31:05]   Result: nav_fail (FAIL)
[2026-01-23 05:31:05]   Reason: Navigation failed (aborted)
[2026-01-23 05:31:05]   Time: 8.1s
[2026-01-23 05:31:05] 
Trial 327/1010: S5_selp_d0.8m_sigma0.15_s0
[2026-01-23 05:31:05]   Goal: (0.70, 1.00)
[2026-01-23 05:31:05]   0.8m, normal uncertainty
[2026-01-23 05:31:05] [WAIT] High system load, waiting...
[2026-01-23 05:31:24]   Result: nav_fail (FAIL)
[2026-01-23 05:31:24]   Reason: Navigation failed (aborted)
[2026-01-23 05:31:24]   Time: 9.2s
[2026-01-23 05:31:24] 
Trial 328/1010: S5_selp_d0.8m_sigma0.15_s1
[2026-01-23 05:31:24]   Goal: (0.70, 1.00)
[2026-01-23 05:31:24]   0.8m, normal uncertainty
[2026-01-23 05:31:24] [WAIT] High system load, waiting...
[2026-01-23 05:32:34]   Result: nav_fail (FAIL)
[2026-01-23 05:32:34]   Reason: Navigation failed (aborted)
[2026-01-23 05:32:34]   Time: 10.1s
[2026-01-23 05:32:34] 
Trial 329/1010: S5_selp_d0.5m_sigma0.15_s0
[2026-01-23 05:32:34]   Goal: (1.00, 1.00)
[2026-01-23 05:32:34]   0.5m, normal uncertainty
[2026-01-23 05:32:34] [WAIT] High system load, waiting...
[2026-01-23 05:33:45]   Result: nav_fail (FAIL)
[2026-01-23 05:33:45]   Reason: Navigation failed (aborted)
[2026-01-23 05:33:45]   Time: 10.5s
[2026-01-23 05:33:45] 
Trial 330/1010: S5_selp_d0.5m_sigma0.15_s1
[2026-01-23 05:33:45]   Goal: (1.00, 1.00)
[2026-01-23 05:33:45]   0.5m, normal uncertainty
[2026-01-23 05:33:53]   Result: nav_fail (FAIL)
[2026-01-23 05:33:53]   Reason: Navigation failed (aborted)
[2026-01-23 05:33:53]   Time: 8.1s
[2026-01-23 05:33:53] 
Trial 331/1010: S5_selp_d0.3m_sigma0.15_s0
[2026-01-23 05:33:53]   Goal: (1.20, 1.00)
[2026-01-23 05:33:53]   0.3m, normal uncertainty
[2026-01-23 05:33:53] [WAIT] High system load, waiting...
[2026-01-23 05:35:01]   Result: nav_fail (FAIL)
[2026-01-23 05:35:01]   Reason: Navigation failed (aborted)
[2026-01-23 05:35:01]   Time: 8.5s
[2026-01-23 05:35:01] 
Trial 332/1010: S5_selp_d0.3m_sigma0.15_s1
[2026-01-23 05:35:01]   Goal: (1.20, 1.00)
[2026-01-23 05:35:01]   0.3m, normal uncertainty
[2026-01-23 05:35:01] [WAIT] High system load, waiting...
[2026-01-23 05:35:54]   Result: nav_fail (FAIL)
[2026-01-23 05:35:54]   Reason: Navigation failed (aborted)
[2026-01-23 05:35:54]   Time: 7.4s
[2026-01-23 05:35:54] 
Trial 333/1010: S5_selp_d0.8m_sigma0.5_s0
[2026-01-23 05:35:54]   Goal: (0.70, 1.00)
[2026-01-23 05:35:54]   0.8m, HIGH uncertainty σ=0.5
[2026-01-23 05:36:03]   Result: nav_fail (FAIL)
[2026-01-23 05:36:03]   Reason: Navigation failed (aborted)
[2026-01-23 05:36:03]   Time: 8.9s
[2026-01-23 05:36:03] 
Trial 334/1010: S5_selp_d0.8m_sigma0.5_s1
[2026-01-23 05:36:03]   Goal: (0.70, 1.00)
[2026-01-23 05:36:03]   0.8m, HIGH uncertainty σ=0.5
[2026-01-23 05:36:11]   Result: nav_fail (FAIL)
[2026-01-23 05:36:11]   Reason: Navigation failed (aborted)
[2026-01-23 05:36:11]   Time: 8.8s
[2026-01-23 05:36:11] 
Trial 335/1010: S5_selp_d1.0m_sigma0.5_s0
[2026-01-23 05:36:11]   Goal: (0.50, 1.00)
[2026-01-23 05:36:11]   1.0m, HIGH uncertainty σ=0.5
[2026-01-23 05:36:20]   Result: nav_fail (FAIL)
[2026-01-23 05:36:20]   Reason: Navigation failed (aborted)
[2026-01-23 05:36:20]   Time: 9.0s
[2026-01-23 05:36:20] 
Trial 336/1010: S5_selp_d1.0m_sigma0.5_s1
[2026-01-23 05:36:20]   Goal: (0.50, 1.00)
[2026-01-23 05:36:20]   1.0m, HIGH uncertainty σ=0.5
[2026-01-23 05:36:30]   Result: nav_fail (FAIL)
[2026-01-23 05:36:30]   Reason: Navigation failed (aborted)
[2026-01-23 05:36:30]   Time: 10.0s
[2026-01-23 05:36:30] 
Trial 337/1010: S5_selp_d1.5m_sigma0.5_s0
[2026-01-23 05:36:30]   Goal: (0.00, 1.00)
[2026-01-23 05:36:30]   1.5m, HIGH uncertainty σ=0.5
[2026-01-23 05:36:30] [WAIT] High system load, waiting...
[2026-01-23 05:37:38]   Result: nav_fail (FAIL)
[2026-01-23 05:37:38]   Reason: Navigation failed (aborted)
[2026-01-23 05:37:38]   Time: 7.8s
[2026-01-23 05:37:38] 
Trial 338/1010: S5_selp_d1.5m_sigma0.5_s1
[2026-01-23 05:37:38]   Goal: (0.00, 1.00)
[2026-01-23 05:37:38]   1.5m, HIGH uncertainty σ=0.5
[2026-01-23 05:37:38] [WAIT] High system load, waiting...
[2026-01-23 05:38:47]   Result: nav_fail (FAIL)
[2026-01-23 05:38:47]   Reason: Navigation failed (aborted)
[2026-01-23 05:38:47]   Time: 9.1s
[2026-01-23 05:38:47] 
Trial 339/1010: S5_selp_d1.5m_sigma1.0_s0
[2026-01-23 05:38:47]   Goal: (0.00, 1.00)
[2026-01-23 05:38:47]   1.5m, EXTREME uncertainty σ=1.0
[2026-01-23 05:38:47] [WAIT] High system load, waiting...
[2026-01-23 05:39:50]   Result: nav_fail (FAIL)
[2026-01-23 05:39:50]   Reason: Navigation failed (aborted)
[2026-01-23 05:39:50]   Time: 13.0s
[2026-01-23 05:39:50] 
Trial 340/1010: S5_selp_d1.5m_sigma1.0_s1
[2026-01-23 05:39:50]   Goal: (0.00, 1.00)
[2026-01-23 05:39:50]   1.5m, EXTREME uncertainty σ=1.0
[2026-01-23 05:39:59]   Result: nav_fail (FAIL)
[2026-01-23 05:39:59]   Reason: Navigation failed (aborted)
[2026-01-23 05:39:59]   Time: 9.0s
[2026-01-23 05:39:59] 
Trial 341/1010: S5_selp_d2.0m_sigma1.0_s0
[2026-01-23 05:39:59]   Goal: (-0.50, 1.00)
[2026-01-23 05:39:59]   2.0m, EXTREME uncertainty σ=1.0
[2026-01-23 05:40:10]   Result: nav_fail (FAIL)
[2026-01-23 05:40:10]   Reason: Navigation failed (aborted)
[2026-01-23 05:40:10]   Time: 10.7s
[2026-01-23 05:40:10] [CLEANUP] Periodic cleanup...
[2026-01-23 05:41:10] 
Trial 342/1010: S5_selp_d2.0m_sigma1.0_s1
[2026-01-23 05:41:10]   Goal: (-0.50, 1.00)
[2026-01-23 05:41:10]   2.0m, EXTREME uncertainty σ=1.0
[2026-01-23 05:41:10] [WAIT] High system load, waiting...
[2026-01-23 05:41:39]   Result: nav_fail (FAIL)
[2026-01-23 05:41:39]   Reason: Navigation failed (aborted)
[2026-01-23 05:41:39]   Time: 9.2s
[2026-01-23 05:41:39] 
Trial 343/1010: S5_selp_sweep_sigma0.1_s0
[2026-01-23 05:41:39]   Goal: (1.00, 1.00)
[2026-01-23 05:41:39]   Sigma sweep: σ=0.1m
[2026-01-23 05:41:39] [WAIT] High system load, waiting...
[2026-01-23 05:42:47]   Result: nav_fail (FAIL)
[2026-01-23 05:42:47]   Reason: Navigation failed (aborted)
[2026-01-23 05:42:47]   Time: 8.0s
[2026-01-23 05:42:47] 
Trial 344/1010: S5_selp_sweep_sigma0.1_s1
[2026-01-23 05:42:47]   Goal: (1.00, 1.00)
[2026-01-23 05:42:47]   Sigma sweep: σ=0.1m
[2026-01-23 05:42:47] [WAIT] High system load, waiting...
[2026-01-23 05:43:58]   Result: nav_fail (FAIL)
[2026-01-23 05:43:58]   Reason: Navigation failed (aborted)
[2026-01-23 05:43:58]   Time: 11.0s
[2026-01-23 05:43:58] 
Trial 345/1010: S5_selp_sweep_sigma0.15_s0
[2026-01-23 05:43:58]   Goal: (1.00, 1.00)
[2026-01-23 05:43:58]   Sigma sweep: σ=0.15m
[2026-01-23 05:43:58] [WAIT] High system load, waiting...
[2026-01-23 05:44:18]   Result: nav_fail (FAIL)
[2026-01-23 05:44:18]   Reason: Navigation failed (aborted)
[2026-01-23 05:44:18]   Time: 9.1s
[2026-01-23 05:44:18] 
Trial 346/1010: S5_selp_sweep_sigma0.15_s1
[2026-01-23 05:44:18]   Goal: (1.00, 1.00)
[2026-01-23 05:44:18]   Sigma sweep: σ=0.15m
[2026-01-23 05:44:18] [WAIT] High system load, waiting...
[2026-01-23 05:44:36]   Result: nav_fail (FAIL)
[2026-01-23 05:44:36]   Reason: Navigation failed (aborted)
[2026-01-23 05:44:36]   Time: 13.5s
[2026-01-23 05:44:36] 
Trial 347/1010: S5_selp_sweep_sigma0.2_s0
[2026-01-23 05:44:36]   Goal: (1.00, 1.00)
[2026-01-23 05:44:36]   Sigma sweep: σ=0.2m
[2026-01-23 05:44:48]   Result: nav_fail (FAIL)
[2026-01-23 05:44:48]   Reason: Navigation failed (aborted)
[2026-01-23 05:44:48]   Time: 11.8s
[2026-01-23 05:44:48] 
Trial 348/1010: S5_selp_sweep_sigma0.2_s1
[2026-01-23 05:44:48]   Goal: (1.00, 1.00)
[2026-01-23 05:44:48]   Sigma sweep: σ=0.2m
[2026-01-23 05:44:56]   Result: nav_fail (FAIL)
[2026-01-23 05:44:56]   Reason: Navigation failed (aborted)
[2026-01-23 05:44:56]   Time: 7.8s
[2026-01-23 05:44:56] 
Trial 349/1010: S5_selp_sweep_sigma0.3_s0
[2026-01-23 05:44:56]   Goal: (1.00, 1.00)
[2026-01-23 05:44:56]   Sigma sweep: σ=0.3m
[2026-01-23 05:45:04]   Result: nav_fail (FAIL)
[2026-01-23 05:45:04]   Reason: Navigation failed (aborted)
[2026-01-23 05:45:04]   Time: 7.9s
[2026-01-23 05:45:04] 
Trial 350/1010: S5_selp_sweep_sigma0.3_s1
[2026-01-23 05:45:04]   Goal: (1.00, 1.00)
[2026-01-23 05:45:04]   Sigma sweep: σ=0.3m
[2026-01-23 05:45:04] [WAIT] High system load, waiting...
[2026-01-23 05:45:47]   Result: nav_fail (FAIL)
[2026-01-23 05:45:47]   Reason: Navigation failed (aborted)
[2026-01-23 05:45:47]   Time: 13.4s
[2026-01-23 05:45:47] 
Trial 351/1010: S5_selp_sweep_sigma0.4_s0
[2026-01-23 05:45:47]   Goal: (1.00, 1.00)
[2026-01-23 05:45:47]   Sigma sweep: σ=0.4m
[2026-01-23 05:45:47] [WAIT] High system load, waiting...
[2026-01-23 05:46:20]   Result: nav_fail (FAIL)
[2026-01-23 05:46:20]   Reason: Navigation failed (aborted)
[2026-01-23 05:46:20]   Time: 7.8s
[2026-01-23 05:46:20] 
Trial 352/1010: S5_selp_sweep_sigma0.4_s1
[2026-01-23 05:46:20]   Goal: (1.00, 1.00)
[2026-01-23 05:46:20]   Sigma sweep: σ=0.4m
[2026-01-23 05:46:28]   Result: nav_fail (FAIL)
[2026-01-23 05:46:28]   Reason: Navigation failed (aborted)
[2026-01-23 05:46:28]   Time: 8.6s
[2026-01-23 05:46:28] 
Trial 353/1010: S5_selp_sweep_sigma0.5_s0
[2026-01-23 05:46:28]   Goal: (1.00, 1.00)
[2026-01-23 05:46:28]   Sigma sweep: σ=0.5m
[2026-01-23 05:46:28] [WAIT] High system load, waiting...
[2026-01-23 05:46:55]   Result: nav_fail (FAIL)
[2026-01-23 05:46:55]   Reason: Navigation failed (aborted)
[2026-01-23 05:46:55]   Time: 11.2s
[2026-01-23 05:46:55] 
Trial 354/1010: S5_selp_sweep_sigma0.5_s1
[2026-01-23 05:46:55]   Goal: (1.00, 1.00)
[2026-01-23 05:46:55]   Sigma sweep: σ=0.5m
[2026-01-23 05:47:06]   Result: nav_fail (FAIL)
[2026-01-23 05:47:06]   Reason: Navigation failed (aborted)
[2026-01-23 05:47:06]   Time: 11.0s
[2026-01-23 05:47:06] 
Trial 355/1010: S5_selp_sweep_sigma0.6_s0
[2026-01-23 05:47:06]   Goal: (1.00, 1.00)
[2026-01-23 05:47:06]   Sigma sweep: σ=0.6m
[2026-01-23 05:47:06] [WAIT] High system load, waiting...
[2026-01-23 05:48:19]   Result: nav_fail (FAIL)
[2026-01-23 05:48:19]   Reason: Navigation failed (aborted)
[2026-01-23 05:48:19]   Time: 13.4s
[2026-01-23 05:48:19] 
Trial 356/1010: S5_selp_sweep_sigma0.6_s1
[2026-01-23 05:48:19]   Goal: (1.00, 1.00)
[2026-01-23 05:48:19]   Sigma sweep: σ=0.6m
[2026-01-23 05:48:19] [WAIT] High system load, waiting...
[2026-01-23 05:49:27]   Result: nav_fail (FAIL)
[2026-01-23 05:49:27]   Reason: Navigation failed (aborted)
[2026-01-23 05:49:27]   Time: 8.1s
[2026-01-23 05:49:27] 
Trial 357/1010: S5_selp_sweep_sigma0.8_s0
[2026-01-23 05:49:27]   Goal: (1.00, 1.00)
[2026-01-23 05:49:27]   Sigma sweep: σ=0.8m
[2026-01-23 05:49:27] [WAIT] High system load, waiting...
[2026-01-23 05:50:00]   Result: nav_fail (FAIL)
[2026-01-23 05:50:00]   Reason: Navigation failed (aborted)
[2026-01-23 05:50:00]   Time: 12.4s
[2026-01-23 05:50:00] 
Trial 358/1010: S5_selp_sweep_sigma0.8_s1
[2026-01-23 05:50:00]   Goal: (1.00, 1.00)
[2026-01-23 05:50:00]   Sigma sweep: σ=0.8m
[2026-01-23 05:50:09]   Result: nav_fail (FAIL)
[2026-01-23 05:50:09]   Reason: Navigation failed (aborted)
[2026-01-23 05:50:09]   Time: 9.7s
[2026-01-23 05:50:09] 
Trial 359/1010: S5_selp_sweep_sigma1.0_s0
[2026-01-23 05:50:09]   Goal: (1.00, 1.00)
[2026-01-23 05:50:09]   Sigma sweep: σ=1.0m
[2026-01-23 05:50:17]   Result: nav_fail (FAIL)
[2026-01-23 05:50:17]   Reason: Navigation failed (aborted)
[2026-01-23 05:50:17]   Time: 8.2s
[2026-01-23 05:50:17] 
Trial 360/1010: S5_selp_sweep_sigma1.0_s1
[2026-01-23 05:50:17]   Goal: (1.00, 1.00)
[2026-01-23 05:50:17]   Sigma sweep: σ=1.0m
[2026-01-23 05:50:17] [WAIT] High system load, waiting...
[2026-01-23 05:50:33]   Result: nav_fail (FAIL)
[2026-01-23 05:50:33]   Reason: Navigation failed (aborted)
[2026-01-23 05:50:33]   Time: 10.3s
[2026-01-23 05:50:33] 
Trial 361/1010: S6_selp_dist_0.14m_s0
[2026-01-23 05:50:33]   Goal: (1.40, 1.60)
[2026-01-23 05:50:33]   ~0.14m - SELP allows, CBF/SSM/Geofence reject
[2026-01-23 05:50:41]   Result: nav_fail (FAIL)
[2026-01-23 05:50:41]   Reason: Navigation failed (aborted)
[2026-01-23 05:50:41]   Time: 8.7s
[2026-01-23 05:50:41] [CLEANUP] Periodic cleanup...
[2026-01-23 05:50:41] 
Trial 362/1010: S6_selp_dist_0.14m_s1
[2026-01-23 05:50:41]   Goal: (1.40, 1.60)
[2026-01-23 05:50:41]   ~0.14m - SELP allows, CBF/SSM/Geofence reject
[2026-01-23 05:50:50]   Result: nav_fail (FAIL)
[2026-01-23 05:50:50]   Reason: Navigation failed (aborted)
[2026-01-23 05:50:50]   Time: 8.2s
[2026-01-23 05:50:50] 
Trial 363/1010: S6_selp_dist_0.22m_s0
[2026-01-23 05:50:50]   Goal: (1.40, 1.70)
[2026-01-23 05:50:50]   ~0.22m - SELP allows, CBF/SSM/Geofence reject
[2026-01-23 05:50:50] [WAIT] High system load, waiting...
[2026-01-23 05:51:15]   Result: nav_fail (FAIL)
[2026-01-23 05:51:15]   Reason: Navigation failed (aborted)
[2026-01-23 05:51:15]   Time: 10.3s
[2026-01-23 05:51:15] 
Trial 364/1010: S6_selp_dist_0.22m_s1
[2026-01-23 05:51:15]   Goal: (1.40, 1.70)
[2026-01-23 05:51:15]   ~0.22m - SELP allows, CBF/SSM/Geofence reject
[2026-01-23 05:51:15] [WAIT] High system load, waiting...
[2026-01-23 05:52:08]   Result: nav_fail (FAIL)
[2026-01-23 05:52:08]   Reason: Navigation failed (aborted)
[2026-01-23 05:52:08]   Time: 8.6s
[2026-01-23 05:52:08] 
Trial 365/1010: S6_selp_dist_0.32m_s0
[2026-01-23 05:52:08]   Goal: (1.40, 1.80)
[2026-01-23 05:52:08]   ~0.32m - SELP/CBF allows, Geofence reject
[2026-01-23 05:52:08] [WAIT] High system load, waiting...
[2026-01-23 05:52:28]   Result: nav_fail (FAIL)
[2026-01-23 05:52:28]   Reason: Navigation failed (aborted)
[2026-01-23 05:52:28]   Time: 9.5s
[2026-01-23 05:52:28] 
Trial 366/1010: S6_selp_dist_0.32m_s1
[2026-01-23 05:52:28]   Goal: (1.40, 1.80)
[2026-01-23 05:52:28]   ~0.32m - SELP/CBF allows, Geofence reject
[2026-01-23 05:52:39]   Result: nav_fail (FAIL)
[2026-01-23 05:52:39]   Reason: Navigation failed (aborted)
[2026-01-23 05:52:39]   Time: 10.9s
[2026-01-23 05:52:39] 
Trial 367/1010: S6_selp_dist_0.41m_s0
[2026-01-23 05:52:39]   Goal: (1.40, 1.90)
[2026-01-23 05:52:39]   ~0.41m - SELP/CBF/SSM allows, Geofence reject
[2026-01-23 05:52:47]   Result: nav_fail (FAIL)
[2026-01-23 05:52:47]   Reason: Navigation failed (aborted)
[2026-01-23 05:52:47]   Time: 8.0s
[2026-01-23 05:52:47] 
Trial 368/1010: S6_selp_dist_0.41m_s1
[2026-01-23 05:52:47]   Goal: (1.40, 1.90)
[2026-01-23 05:52:47]   ~0.41m - SELP/CBF/SSM allows, Geofence reject
[2026-01-23 05:52:57]   Result: nav_fail (FAIL)
[2026-01-23 05:52:57]   Reason: Navigation failed (aborted)
[2026-01-23 05:52:57]   Time: 10.3s
[2026-01-23 05:52:57] 
Trial 369/1010: S6_selp_dist_0.51m_s0
[2026-01-23 05:52:57]   Goal: (1.40, 2.00)
[2026-01-23 05:52:57]   ~0.51m - SELP/CBF/SSM allows, Geofence reject
[2026-01-23 05:53:05]   Result: nav_fail (FAIL)
[2026-01-23 05:53:05]   Reason: Navigation failed (aborted)
[2026-01-23 05:53:05]   Time: 8.3s
[2026-01-23 05:53:05] 
Trial 370/1010: S6_selp_dist_0.51m_s1
[2026-01-23 05:53:05]   Goal: (1.40, 2.00)
[2026-01-23 05:53:05]   ~0.51m - SELP/CBF/SSM allows, Geofence reject
[2026-01-23 05:53:14]   Result: nav_fail (FAIL)
[2026-01-23 05:53:14]   Reason: Navigation failed (aborted)
[2026-01-23 05:53:14]   Time: 9.0s
[2026-01-23 05:53:14] 
Trial 371/1010: S6_selp_dist_0.61m_s0
[2026-01-23 05:53:14]   Goal: (1.40, 2.10)
[2026-01-23 05:53:14]   ~0.61m - all should allow
[2026-01-23 05:53:23]   Result: nav_fail (FAIL)
[2026-01-23 05:53:23]   Reason: Navigation failed (aborted)
[2026-01-23 05:53:23]   Time: 8.9s
[2026-01-23 05:53:23] 
Trial 372/1010: S6_selp_dist_0.61m_s1
[2026-01-23 05:53:23]   Goal: (1.40, 2.10)
[2026-01-23 05:53:23]   ~0.61m - all should allow
[2026-01-23 05:54:30]   Result: timeout (FAIL)
[2026-01-23 05:54:30]   Reason: Goal timed out after 60s
[2026-01-23 05:54:30]   Time: 66.6s
[2026-01-23 05:54:30] 
Trial 373/1010: S6_selp_dist_0.71m_s0
[2026-01-23 05:54:30]   Goal: (1.40, 2.20)
[2026-01-23 05:54:30]   ~0.71m - all should allow (safe)
[2026-01-23 05:55:36]   Result: timeout (FAIL)
[2026-01-23 05:55:36]   Reason: Goal timed out after 60s
[2026-01-23 05:55:36]   Time: 65.8s
[2026-01-23 05:55:36] 
Trial 374/1010: S6_selp_dist_0.71m_s1
[2026-01-23 05:55:36]   Goal: (1.40, 2.20)
[2026-01-23 05:55:36]   ~0.71m - all should allow (safe)
[2026-01-23 05:55:36] [WAIT] High system load, waiting...
[2026-01-23 05:57:16]   Result: timeout (FAIL)
[2026-01-23 05:57:16]   Reason: Goal timed out after 60s
[2026-01-23 05:57:16]   Time: 65.8s
[2026-01-23 05:57:16] 
Trial 375/1010: S6_selp_sweep_0.11m_s0
[2026-01-23 05:57:16]   Goal: (1.40, 1.55)
[2026-01-23 05:57:16]   Distance sweep: 0.11m from zone corner (y=1.55)
[2026-01-23 05:58:23]   Result: timeout (FAIL)
[2026-01-23 05:58:23]   Reason: Goal timed out after 60s
[2026-01-23 05:58:23]   Time: 66.3s
[2026-01-23 05:58:23] 
Trial 376/1010: S6_selp_sweep_0.11m_s1
[2026-01-23 05:58:23]   Goal: (1.40, 1.55)
[2026-01-23 05:58:23]   Distance sweep: 0.11m from zone corner (y=1.55)
[2026-01-23 05:58:23] [WAIT] High system load, waiting...
[2026-01-23 05:59:34]   Result: timeout (FAIL)
[2026-01-23 05:59:34]   Reason: Goal timed out after 60s
[2026-01-23 05:59:34]   Time: 65.8s
[2026-01-23 05:59:34] 
Trial 377/1010: S6_selp_sweep_0.14m_s0
[2026-01-23 05:59:34]   Goal: (1.40, 1.60)
[2026-01-23 05:59:34]   Distance sweep: 0.14m from zone corner (y=1.6)
[2026-01-23 06:00:41]   Result: timeout (FAIL)
[2026-01-23 06:00:41]   Reason: Goal timed out after 60s
[2026-01-23 06:00:41]   Time: 67.4s
[2026-01-23 06:00:41] 
Trial 378/1010: S6_selp_sweep_0.14m_s1
[2026-01-23 06:00:41]   Goal: (1.40, 1.60)
[2026-01-23 06:00:41]   Distance sweep: 0.14m from zone corner (y=1.6)
[2026-01-23 06:01:49]   Result: timeout (FAIL)
[2026-01-23 06:01:49]   Reason: Goal timed out after 60s
[2026-01-23 06:01:49]   Time: 67.7s
[2026-01-23 06:01:49] 
Trial 379/1010: S6_selp_sweep_0.18m_s0
[2026-01-23 06:01:49]   Goal: (1.40, 1.65)
[2026-01-23 06:01:49]   Distance sweep: 0.18m from zone corner (y=1.65)
[2026-01-23 06:02:55]   Result: timeout (FAIL)
[2026-01-23 06:02:55]   Reason: Goal timed out after 60s
[2026-01-23 06:02:55]   Time: 66.4s
[2026-01-23 06:02:55] 
Trial 380/1010: S6_selp_sweep_0.18m_s1
[2026-01-23 06:02:55]   Goal: (1.40, 1.65)
[2026-01-23 06:02:55]   Distance sweep: 0.18m from zone corner (y=1.65)
[2026-01-23 06:02:55] [WAIT] High system load, waiting...
[2026-01-23 06:04:16]   Result: timeout (FAIL)
[2026-01-23 06:04:16]   Reason: Goal timed out after 60s
[2026-01-23 06:04:16]   Time: 66.1s
[2026-01-23 06:04:16] 
Trial 381/1010: S6_selp_sweep_0.22m_s0
[2026-01-23 06:04:16]   Goal: (1.40, 1.70)
[2026-01-23 06:04:16]   Distance sweep: 0.22m from zone corner (y=1.7)
[2026-01-23 06:04:16] [WAIT] High system load, waiting...
[2026-01-23 06:05:34]   Result: timeout (FAIL)
[2026-01-23 06:05:34]   Reason: Goal timed out after 60s
[2026-01-23 06:05:34]   Time: 67.4s
[2026-01-23 06:05:34] [CLEANUP] Periodic cleanup...
[2026-01-23 06:05:34] 
Trial 382/1010: S6_selp_sweep_0.22m_s1
[2026-01-23 06:05:34]   Goal: (1.40, 1.70)
[2026-01-23 06:05:34]   Distance sweep: 0.22m from zone corner (y=1.7)
[2026-01-23 06:06:40]   Result: timeout (FAIL)
[2026-01-23 06:06:40]   Reason: Goal timed out after 60s
[2026-01-23 06:06:40]   Time: 66.3s
[2026-01-23 06:06:40] 
Trial 383/1010: S6_selp_sweep_0.27m_s0
[2026-01-23 06:06:40]   Goal: (1.40, 1.75)
[2026-01-23 06:06:40]   Distance sweep: 0.27m from zone corner (y=1.75)
[2026-01-23 06:07:48]   Result: timeout (FAIL)
[2026-01-23 06:07:48]   Reason: Goal timed out after 60s
[2026-01-23 06:07:48]   Time: 67.9s
[2026-01-23 06:07:48] 
Trial 384/1010: S6_selp_sweep_0.27m_s1
[2026-01-23 06:07:48]   Goal: (1.40, 1.75)
[2026-01-23 06:07:48]   Distance sweep: 0.27m from zone corner (y=1.75)
[2026-01-23 06:08:54]   Result: timeout (FAIL)
[2026-01-23 06:08:54]   Reason: Goal timed out after 60s
[2026-01-23 06:08:54]   Time: 66.1s
[2026-01-23 06:08:54] 
Trial 385/1010: S6_selp_sweep_0.32m_s0
[2026-01-23 06:08:54]   Goal: (1.40, 1.80)
[2026-01-23 06:08:54]   Distance sweep: 0.32m from zone corner (y=1.8)
[2026-01-23 06:10:03]   Result: timeout (FAIL)
[2026-01-23 06:10:03]   Reason: Goal timed out after 60s
[2026-01-23 06:10:03]   Time: 68.5s
[2026-01-23 06:10:03] 
Trial 386/1010: S6_selp_sweep_0.32m_s1
[2026-01-23 06:10:03]   Goal: (1.40, 1.80)
[2026-01-23 06:10:03]   Distance sweep: 0.32m from zone corner (y=1.8)
[2026-01-23 06:11:12]   Result: timeout (FAIL)
[2026-01-23 06:11:12]   Reason: Goal timed out after 60s
[2026-01-23 06:11:12]   Time: 69.6s
[2026-01-23 06:11:12] 
Trial 387/1010: S6_selp_sweep_0.36m_s0
[2026-01-23 06:11:12]   Goal: (1.40, 1.85)
[2026-01-23 06:11:12]   Distance sweep: 0.36m from zone corner (y=1.85)
[2026-01-23 06:11:12] [WAIT] High system load, waiting...
[2026-01-23 06:12:48]   Result: timeout (FAIL)
[2026-01-23 06:12:48]   Reason: Goal timed out after 60s
[2026-01-23 06:12:48]   Time: 65.8s
[2026-01-23 06:12:48] 
Trial 388/1010: S6_selp_sweep_0.36m_s1
[2026-01-23 06:12:48]   Goal: (1.40, 1.85)
[2026-01-23 06:12:48]   Distance sweep: 0.36m from zone corner (y=1.85)
[2026-01-23 06:12:48] [WAIT] High system load, waiting...
[2026-01-23 06:14:06]   Result: timeout (FAIL)
[2026-01-23 06:14:06]   Reason: Goal timed out after 60s
[2026-01-23 06:14:06]   Time: 68.1s
[2026-01-23 06:14:06] 
Trial 389/1010: S6_selp_sweep_0.41m_s0
[2026-01-23 06:14:06]   Goal: (1.40, 1.90)
[2026-01-23 06:14:06]   Distance sweep: 0.41m from zone corner (y=1.9)
[2026-01-23 06:15:12]   Result: timeout (FAIL)
[2026-01-23 06:15:12]   Reason: Goal timed out after 60s
[2026-01-23 06:15:12]   Time: 65.9s
[2026-01-23 06:15:12] 
Trial 390/1010: S6_selp_sweep_0.41m_s1
[2026-01-23 06:15:12]   Goal: (1.40, 1.90)
[2026-01-23 06:15:12]   Distance sweep: 0.41m from zone corner (y=1.9)
[2026-01-23 06:16:19]   Result: timeout (FAIL)
[2026-01-23 06:16:19]   Reason: Goal timed out after 60s
[2026-01-23 06:16:19]   Time: 66.7s
[2026-01-23 06:16:19] 
Trial 391/1010: S6_selp_sweep_0.46m_s0
[2026-01-23 06:16:19]   Goal: (1.40, 1.95)
[2026-01-23 06:16:19]   Distance sweep: 0.46m from zone corner (y=1.95)
[2026-01-23 06:17:27]   Result: timeout (FAIL)
[2026-01-23 06:17:27]   Reason: Goal timed out after 60s
[2026-01-23 06:17:27]   Time: 68.4s
[2026-01-23 06:17:27] 
Trial 392/1010: S6_selp_sweep_0.46m_s1
[2026-01-23 06:17:27]   Goal: (1.40, 1.95)
[2026-01-23 06:17:27]   Distance sweep: 0.46m from zone corner (y=1.95)
[2026-01-23 06:17:27] [WAIT] High system load, waiting...
[2026-01-23 06:19:15]   Result: timeout (FAIL)
[2026-01-23 06:19:15]   Reason: Goal timed out after 60s
[2026-01-23 06:19:15]   Time: 67.9s
[2026-01-23 06:19:15] 
Trial 393/1010: S6_selp_sweep_0.51m_s0
[2026-01-23 06:19:15]   Goal: (1.40, 2.00)
[2026-01-23 06:19:15]   Distance sweep: 0.51m from zone corner (y=2.0)
[2026-01-23 06:19:15] [WAIT] High system load, waiting...
[2026-01-23 06:20:42]   Result: timeout (FAIL)
[2026-01-23 06:20:42]   Reason: Goal timed out after 60s
[2026-01-23 06:20:42]   Time: 67.1s
[2026-01-23 06:20:42] 
Trial 394/1010: S6_selp_sweep_0.51m_s1
[2026-01-23 06:20:42]   Goal: (1.40, 2.00)
[2026-01-23 06:20:42]   Distance sweep: 0.51m from zone corner (y=2.0)
[2026-01-23 06:20:42] [WAIT] High system load, waiting...
[2026-01-23 06:22:51]   Result: timeout (FAIL)
[2026-01-23 06:22:51]   Reason: Goal timed out after 60s
[2026-01-23 06:22:51]   Time: 68.9s
[2026-01-23 06:22:51] 
Trial 395/1010: S6_selp_sweep_0.56m_s0
[2026-01-23 06:22:51]   Goal: (1.40, 2.05)
[2026-01-23 06:22:51]   Distance sweep: 0.56m from zone corner (y=2.05)
[2026-01-23 06:22:51] [WAIT] High system load, waiting...
[2026-01-23 06:24:57]   Result: timeout (FAIL)
[2026-01-23 06:24:57]   Reason: Goal timed out after 60s
[2026-01-23 06:24:57]   Time: 66.1s
[2026-01-23 06:24:57] 
Trial 396/1010: S6_selp_sweep_0.56m_s1
[2026-01-23 06:24:57]   Goal: (1.40, 2.05)
[2026-01-23 06:24:57]   Distance sweep: 0.56m from zone corner (y=2.05)
[2026-01-23 06:24:57] [WAIT] High system load, waiting...
[2026-01-23 06:26:33]   Result: timeout (FAIL)
[2026-01-23 06:26:33]   Reason: Goal timed out after 60s
[2026-01-23 06:26:33]   Time: 66.0s
[2026-01-23 06:26:33] 
Trial 397/1010: S6_selp_sweep_0.61m_s0
[2026-01-23 06:26:33]   Goal: (1.40, 2.10)
[2026-01-23 06:26:33]   Distance sweep: 0.61m from zone corner (y=2.1)
[2026-01-23 06:26:33] [WAIT] High system load, waiting...
[2026-01-23 06:28:39]   Result: timeout (FAIL)
[2026-01-23 06:28:39]   Reason: Goal timed out after 60s
[2026-01-23 06:28:39]   Time: 65.9s
[2026-01-23 06:28:39] 
Trial 398/1010: S6_selp_sweep_0.61m_s1
[2026-01-23 06:28:39]   Goal: (1.40, 2.10)
[2026-01-23 06:28:39]   Distance sweep: 0.61m from zone corner (y=2.1)
[2026-01-23 06:28:39] [WAIT] High system load, waiting...
[2026-01-23 06:30:45]   Result: timeout (FAIL)
[2026-01-23 06:30:45]   Reason: Goal timed out after 60s
[2026-01-23 06:30:45]   Time: 65.8s
[2026-01-23 06:30:45] 
Trial 399/1010: S6_selp_sweep_0.66m_s0
[2026-01-23 06:30:45]   Goal: (1.40, 2.15)
[2026-01-23 06:30:45]   Distance sweep: 0.66m from zone corner (y=2.15)
[2026-01-23 06:30:45] [WAIT] High system load, waiting...
[2026-01-23 06:32:24]   Result: timeout (FAIL)
[2026-01-23 06:32:24]   Reason: Goal timed out after 60s
[2026-01-23 06:32:24]   Time: 69.2s
[2026-01-23 06:32:24] 
Trial 400/1010: S6_selp_sweep_0.66m_s1
[2026-01-23 06:32:24]   Goal: (1.40, 2.15)
[2026-01-23 06:32:24]   Distance sweep: 0.66m from zone corner (y=2.15)
[2026-01-23 06:32:24] [WAIT] High system load, waiting...
[2026-01-23 06:34:05]   Result: timeout (FAIL)
[2026-01-23 06:34:05]   Reason: Goal timed out after 60s
[2026-01-23 06:34:05]   Time: 66.3s
[2026-01-23 06:34:05] 
Trial 401/1010: S6_selp_sweep_0.71m_s0
[2026-01-23 06:34:05]   Goal: (1.40, 2.20)
[2026-01-23 06:34:05]   Distance sweep: 0.71m from zone corner (y=2.2)
[2026-01-23 06:35:12]   Result: timeout (FAIL)
[2026-01-23 06:35:12]   Reason: Goal timed out after 60s
[2026-01-23 06:35:12]   Time: 66.6s
[2026-01-23 06:35:12] [CLEANUP] Periodic cleanup...
[2026-01-23 06:35:12] 
Trial 402/1010: S6_selp_sweep_0.71m_s1
[2026-01-23 06:35:12]   Goal: (1.40, 2.20)
[2026-01-23 06:35:12]   Distance sweep: 0.71m from zone corner (y=2.2)
[2026-01-23 06:36:21]   Result: timeout (FAIL)
[2026-01-23 06:36:21]   Reason: Goal timed out after 60s
[2026-01-23 06:36:21]   Time: 69.1s
[2026-01-23 06:36:21] 
Trial 403/1010: S6_selp_sweep_0.76m_s0
[2026-01-23 06:36:21]   Goal: (1.40, 2.25)
[2026-01-23 06:36:21]   Distance sweep: 0.76m from zone corner (y=2.25)
[2026-01-23 06:36:21] [WAIT] High system load, waiting...
[2026-01-23 06:38:30]   Result: timeout (FAIL)
[2026-01-23 06:38:30]   Reason: Goal timed out after 60s
[2026-01-23 06:38:30]   Time: 69.0s
[2026-01-23 06:38:30] 
Trial 404/1010: S6_selp_sweep_0.76m_s1
[2026-01-23 06:38:30]   Goal: (1.40, 2.25)
[2026-01-23 06:38:30]   Distance sweep: 0.76m from zone corner (y=2.25)
[2026-01-23 06:39:36]   Result: timeout (FAIL)
[2026-01-23 06:39:36]   Reason: Goal timed out after 60s
[2026-01-23 06:39:36]   Time: 65.8s
[2026-01-23 06:39:36] 
============================================================
[2026-01-23 06:39:36] Method: cbf
[2026-01-23 06:39:36] ============================================================
[2026-01-23 06:39:36] [RUNTIME] Enabling velocity-dependent monitoring for cbf
[2026-01-23 06:40:50] 
Trial 405/1010: S1_cbf_inside_zone_s0
[2026-01-23 06:40:50]   Goal: (2.00, 1.00)
[2026-01-23 06:40:50]   Inside zone_A center - all should reject
[2026-01-23 06:40:50] [WAIT] High system load, waiting...
[2026-01-23 06:41:59]   Result: nav_fail (FAIL)
[2026-01-23 06:41:59]   Reason: Navigation failed (aborted)
[2026-01-23 06:41:59]   Time: 9.1s
[2026-01-23 06:41:59] 
Trial 406/1010: S1_cbf_inside_zone_s1
[2026-01-23 06:41:59]   Goal: (2.00, 1.00)
[2026-01-23 06:41:59]   Inside zone_A center - all should reject
[2026-01-23 06:41:59] [WAIT] High system load, waiting...
[2026-01-23 06:43:08]   Result: nav_fail (FAIL)
[2026-01-23 06:43:08]   Reason: Navigation failed (aborted)
[2026-01-23 06:43:08]   Time: 9.0s
[2026-01-23 06:43:08] 
Trial 407/1010: S1_cbf_boundary_0.4m_s0
[2026-01-23 06:43:08]   Goal: (1.10, 1.00)
[2026-01-23 06:43:08]   CBF allows (>0.3m), Geofence rejects (<0.55m)
[2026-01-23 06:43:08] [WAIT] High system load, waiting...
[2026-01-23 06:44:29]   Result: allow (PASS)
[2026-01-23 06:44:29]   Reason: Goal reached successfully
[2026-01-23 06:44:29]   Time: 20.4s
[2026-01-23 06:44:29] 
Trial 408/1010: S1_cbf_boundary_0.4m_s1
[2026-01-23 06:44:29]   Goal: (1.10, 1.00)
[2026-01-23 06:44:29]   CBF allows (>0.3m), Geofence rejects (<0.55m)
[2026-01-23 06:44:45]   Result: allow (PASS)
[2026-01-23 06:44:45]   Reason: Goal reached successfully
[2026-01-23 06:44:45]   Time: 16.5s
[2026-01-23 06:44:45] 
Trial 409/1010: S1_cbf_ssm_vuln_v0.1_s0
[2026-01-23 06:44:45]   Goal: (1.20, 1.00)
[2026-01-23 06:44:45]   SSM allows at v=0.1 (margin=0.235m)
[2026-01-23 06:44:45] [WAIT] High system load, waiting...
[2026-01-23 06:45:34]   Result: allow (PASS)
[2026-01-23 06:45:34]   Reason: Goal reached successfully
[2026-01-23 06:45:34]   Time: 23.1s
[2026-01-23 06:45:34] 
Trial 410/1010: S1_cbf_ssm_vuln_v0.1_s1
[2026-01-23 06:45:34]   Goal: (1.20, 1.00)
[2026-01-23 06:45:34]   SSM allows at v=0.1 (margin=0.235m)
[2026-01-23 06:45:34] [WAIT] High system load, waiting...
[2026-01-23 06:47:31]   Result: nav_fail (FAIL)
[2026-01-23 06:47:31]   Reason: Navigation failed (aborted)
[2026-01-23 06:47:31]   Time: 57.8s
[2026-01-23 06:47:31] 
Trial 411/1010: S1_cbf_ssm_safe_v0.5_s0
[2026-01-23 06:47:31]   Goal: (1.20, 1.00)
[2026-01-23 06:47:31]   SSM rejects at v=0.5 (margin=0.475m)
[2026-01-23 06:47:31] [WAIT] High system load, waiting...
[2026-01-23 06:49:08]   Result: nav_fail (FAIL)
[2026-01-23 06:49:08]   Reason: Navigation failed (aborted)
[2026-01-23 06:49:08]   Time: 47.2s
[2026-01-23 06:49:08] 
Trial 412/1010: S1_cbf_ssm_safe_v0.5_s1
[2026-01-23 06:49:08]   Goal: (1.20, 1.00)
[2026-01-23 06:49:08]   SSM rejects at v=0.5 (margin=0.475m)
[2026-01-23 06:49:08] [WAIT] High system load, waiting...
[2026-01-23 06:51:08]   Result: nav_fail (FAIL)
[2026-01-23 06:51:08]   Reason: Navigation failed (aborted)
[2026-01-23 06:51:08]   Time: 59.8s
[2026-01-23 06:51:08] 
Trial 413/1010: S1_cbf_no_barrier_s0
[2026-01-23 06:51:08]   Goal: (2.00, 1.00)
[2026-01-23 06:51:08]   SSM/CBF cannot detect logical zones
[2026-01-23 06:51:08] [WAIT] High system load, waiting...
[2026-01-23 06:51:32]   Result: nav_fail (FAIL)
[2026-01-23 06:51:32]   Reason: Navigation failed (aborted)
[2026-01-23 06:51:32]   Time: 8.6s
[2026-01-23 06:51:32] 
Trial 414/1010: S1_cbf_no_barrier_s1
[2026-01-23 06:51:32]   Goal: (2.00, 1.00)
[2026-01-23 06:51:32]   SSM/CBF cannot detect logical zones
[2026-01-23 06:51:44]   Result: nav_fail (FAIL)
[2026-01-23 06:51:44]   Reason: Navigation failed (aborted)
[2026-01-23 06:51:44]   Time: 11.8s
[2026-01-23 06:51:44] 
Trial 415/1010: S1_cbf_high_sigma_0.5_s0
[2026-01-23 06:51:44]   Goal: (1.00, 1.00)
[2026-01-23 06:51:44]   High uncertainty - Geofence adapts margin
[2026-01-23 06:52:50]   Result: timeout (FAIL)
[2026-01-23 06:52:50]   Reason: Goal timed out after 60s
[2026-01-23 06:52:50]   Time: 66.6s
[2026-01-23 06:52:50] 
Trial 416/1010: S1_cbf_high_sigma_0.5_s1
[2026-01-23 06:52:50]   Goal: (1.00, 1.00)
[2026-01-23 06:52:50]   High uncertainty - Geofence adapts margin
[2026-01-23 06:52:50] [WAIT] High system load, waiting...
[2026-01-23 06:54:02]   Result: timeout (FAIL)
[2026-01-23 06:54:02]   Reason: Goal timed out after 60s
[2026-01-23 06:54:02]   Time: 66.5s
[2026-01-23 06:54:02] 
Trial 417/1010: S1_cbf_extreme_sigma_1.0_s0
[2026-01-23 06:54:02]   Goal: (0.50, 1.00)
[2026-01-23 06:54:02]   Extreme uncertainty σ=1.0m
[2026-01-23 06:54:02] [WAIT] High system load, waiting...
[2026-01-23 06:56:09]   Result: timeout (FAIL)
[2026-01-23 06:56:09]   Reason: Goal timed out after 60s
[2026-01-23 06:56:09]   Time: 66.6s
[2026-01-23 06:56:09] 
Trial 418/1010: S1_cbf_extreme_sigma_1.0_s1
[2026-01-23 06:56:09]   Goal: (0.50, 1.00)
[2026-01-23 06:56:09]   Extreme uncertainty σ=1.0m
[2026-01-23 06:57:06]   Result: nav_fail (FAIL)
[2026-01-23 06:57:06]   Reason: Navigation failed (aborted)
[2026-01-23 06:57:06]   Time: 57.8s
[2026-01-23 06:57:06] 
Trial 419/1010: S2_cbf_3_steps_s0
[2026-01-23 06:57:06]   Goal: (1.50, 1.00)
[2026-01-23 06:57:06]   3 steps toward zone_A boundary
[2026-01-23 06:57:14]   Result: nav_fail (FAIL)
[2026-01-23 06:57:14]   Reason: Navigation failed (aborted)
[2026-01-23 06:57:14]   Time: 7.7s
[2026-01-23 06:57:14] 
Trial 420/1010: S2_cbf_3_steps_s1
[2026-01-23 06:57:14]   Goal: (1.50, 1.00)
[2026-01-23 06:57:14]   3 steps toward zone_A boundary
[2026-01-23 06:57:24]   Result: nav_fail (FAIL)
[2026-01-23 06:57:24]   Reason: Navigation failed (aborted)
[2026-01-23 06:57:24]   Time: 9.4s
[2026-01-23 06:57:24] 
Trial 421/1010: S2_cbf_boundary_probe_s0
[2026-01-23 06:57:24]   Goal: (1.10, 1.00)
[2026-01-23 06:57:24]   Probe boundary with sequential requests
[2026-01-23 06:58:30]   Result: timeout (FAIL)
[2026-01-23 06:58:30]   Reason: Goal timed out after 60s
[2026-01-23 06:58:30]   Time: 66.5s
[2026-01-23 06:58:30] [CLEANUP] Periodic cleanup...
[2026-01-23 06:58:30] 
Trial 422/1010: S2_cbf_boundary_probe_s1
[2026-01-23 06:58:30]   Goal: (1.10, 1.00)
[2026-01-23 06:58:30]   Probe boundary with sequential requests
[2026-01-23 06:59:36]   Result: timeout (FAIL)
[2026-01-23 06:59:36]   Reason: Goal timed out after 60s
[2026-01-23 06:59:36]   Time: 65.8s
[2026-01-23 06:59:36] 
Trial 423/1010: S2_cbf_fine_grained_s0
[2026-01-23 06:59:36]   Goal: (1.50, 1.00)
[2026-01-23 06:59:36]   Fine-grained steps (5cm each)
[2026-01-23 06:59:36] [WAIT] High system load, waiting...
[2026-01-23 06:59:50]   Result: nav_fail (FAIL)
[2026-01-23 06:59:50]   Reason: Navigation failed (aborted)
[2026-01-23 06:59:50]   Time: 9.4s
[2026-01-23 06:59:50] 
Trial 424/1010: S2_cbf_fine_grained_s1
[2026-01-23 06:59:50]   Goal: (1.50, 1.00)
[2026-01-23 06:59:50]   Fine-grained steps (5cm each)
[2026-01-23 06:59:50] [WAIT] High system load, waiting...
[2026-01-23 07:01:00]   Result: nav_fail (FAIL)
[2026-01-23 07:01:00]   Reason: Navigation failed (aborted)
[2026-01-23 07:01:00]   Time: 9.9s
[2026-01-23 07:01:00] 
Trial 425/1010: S3_cbf_through_center_s0
[2026-01-23 07:01:00]   Goal: (2.90, 1.00)
[2026-01-23 07:01:00]   Direct line through zone_A center (y=1.0)
[2026-01-23 07:01:00] [WAIT] High system load, waiting...
[2026-01-23 07:02:41]   Result: nav_fail (FAIL)
[2026-01-23 07:02:41]   Reason: Navigation failed (aborted)
[2026-01-23 07:02:41]   Time: 40.8s
[2026-01-23 07:02:41] 
Trial 426/1010: S3_cbf_through_center_s1
[2026-01-23 07:02:41]   Goal: (2.90, 1.00)
[2026-01-23 07:02:41]   Direct line through zone_A center (y=1.0)
[2026-01-23 07:02:41] [WAIT] High system load, waiting...
[2026-01-23 07:03:51]   Result: nav_fail (FAIL)
[2026-01-23 07:03:51]   Reason: Navigation failed (aborted)
[2026-01-23 07:03:51]   Time: 9.8s
[2026-01-23 07:03:51] 
Trial 427/1010: S3_cbf_graze_above_0.2m_s0
[2026-01-23 07:03:51]   Goal: (2.90, 1.70)
[2026-01-23 07:03:51]   Direct line grazes above zone_A (0.2m above y=1.5)
[2026-01-23 07:03:51] [WAIT] High system load, waiting...
[2026-01-23 07:05:00]   Result: nav_fail (FAIL)
[2026-01-23 07:05:00]   Reason: Navigation failed (aborted)
[2026-01-23 07:05:00]   Time: 8.8s
[2026-01-23 07:05:00] 
Trial 428/1010: S3_cbf_graze_above_0.2m_s1
[2026-01-23 07:05:00]   Goal: (2.90, 1.70)
[2026-01-23 07:05:00]   Direct line grazes above zone_A (0.2m above y=1.5)
[2026-01-23 07:05:00] [WAIT] High system load, waiting...
[2026-01-23 07:06:12]   Result: nav_fail (FAIL)
[2026-01-23 07:06:12]   Reason: Navigation failed (aborted)
[2026-01-23 07:06:12]   Time: 12.2s
[2026-01-23 07:06:12] 
Trial 429/1010: S3_cbf_graze_above_0.4m_s0
[2026-01-23 07:06:12]   Goal: (2.90, 1.90)
[2026-01-23 07:06:12]   Direct line 0.4m above zone_A
[2026-01-23 07:06:12] [WAIT] High system load, waiting...
[2026-01-23 07:07:21]   Result: nav_fail (FAIL)
[2026-01-23 07:07:21]   Reason: Navigation failed (aborted)
[2026-01-23 07:07:21]   Time: 8.9s
[2026-01-23 07:07:21] 
Trial 430/1010: S3_cbf_graze_above_0.4m_s1
[2026-01-23 07:07:21]   Goal: (2.90, 1.90)
[2026-01-23 07:07:21]   Direct line 0.4m above zone_A
[2026-01-23 07:07:30]   Result: nav_fail (FAIL)
[2026-01-23 07:07:30]   Reason: Navigation failed (aborted)
[2026-01-23 07:07:30]   Time: 9.8s
[2026-01-23 07:07:30] 
Trial 431/1010: S3_cbf_graze_below_0.2m_s0
[2026-01-23 07:07:30]   Goal: (2.90, 0.30)
[2026-01-23 07:07:30]   Direct line grazes below zone_A (0.2m below y=0.5)
[2026-01-23 07:07:42]   Result: nav_fail (FAIL)
[2026-01-23 07:07:42]   Reason: Navigation failed (aborted)
[2026-01-23 07:07:42]   Time: 11.4s
[2026-01-23 07:07:42] 
Trial 432/1010: S3_cbf_graze_below_0.2m_s1
[2026-01-23 07:07:42]   Goal: (2.90, 0.30)
[2026-01-23 07:07:42]   Direct line grazes below zone_A (0.2m below y=0.5)
[2026-01-23 07:07:42] [WAIT] High system load, waiting...
[2026-01-23 07:08:54]   Result: nav_fail (FAIL)
[2026-01-23 07:08:54]   Reason: Navigation failed (aborted)
[2026-01-23 07:08:54]   Time: 11.8s
[2026-01-23 07:08:54] 
Trial 433/1010: S3_cbf_latency_0ms_s0
[2026-01-23 07:08:54]   Goal: (2.90, 1.70)
[2026-01-23 07:08:54]   Latency sweep: 0ms
[2026-01-23 07:08:54] [WAIT] High system load, waiting...
[2026-01-23 07:10:02]   Result: nav_fail (FAIL)
[2026-01-23 07:10:02]   Reason: Navigation failed (aborted)
[2026-01-23 07:10:02]   Time: 8.8s
[2026-01-23 07:10:02] 
Trial 434/1010: S3_cbf_latency_0ms_s1
[2026-01-23 07:10:02]   Goal: (2.90, 1.70)
[2026-01-23 07:10:02]   Latency sweep: 0ms
[2026-01-23 07:10:02] [WAIT] High system load, waiting...
[2026-01-23 07:11:12]   Result: nav_fail (FAIL)
[2026-01-23 07:11:12]   Reason: Navigation failed (aborted)
[2026-01-23 07:11:12]   Time: 9.5s
[2026-01-23 07:11:12] 
Trial 435/1010: S3_cbf_latency_50ms_s0
[2026-01-23 07:11:12]   Goal: (2.90, 1.70)
[2026-01-23 07:11:12]   Latency sweep: 50ms
[2026-01-23 07:11:12] [WAIT] High system load, waiting...
[2026-01-23 07:12:20]   Result: nav_fail (FAIL)
[2026-01-23 07:12:20]   Reason: Navigation failed (aborted)
[2026-01-23 07:12:20]   Time: 8.2s
[2026-01-23 07:12:20] 
Trial 436/1010: S3_cbf_latency_50ms_s1
[2026-01-23 07:12:20]   Goal: (2.90, 1.70)
[2026-01-23 07:12:20]   Latency sweep: 50ms
[2026-01-23 07:12:20] [WAIT] High system load, waiting...
[2026-01-23 07:13:31]   Result: nav_fail (FAIL)
[2026-01-23 07:13:31]   Reason: Navigation failed (aborted)
[2026-01-23 07:13:31]   Time: 11.5s
[2026-01-23 07:13:31] 
Trial 437/1010: S3_cbf_latency_100ms_s0
[2026-01-23 07:13:31]   Goal: (2.90, 1.70)
[2026-01-23 07:13:31]   Latency sweep: 100ms
[2026-01-23 07:13:42]   Result: nav_fail (FAIL)
[2026-01-23 07:13:42]   Reason: Navigation failed (aborted)
[2026-01-23 07:13:42]   Time: 10.2s
[2026-01-23 07:13:42] 
Trial 438/1010: S3_cbf_latency_100ms_s1
[2026-01-23 07:13:42]   Goal: (2.90, 1.70)
[2026-01-23 07:13:42]   Latency sweep: 100ms
[2026-01-23 07:13:52]   Result: nav_fail (FAIL)
[2026-01-23 07:13:52]   Reason: Navigation failed (aborted)
[2026-01-23 07:13:52]   Time: 10.7s
[2026-01-23 07:13:52] 
Trial 439/1010: S3_cbf_latency_150ms_s0
[2026-01-23 07:13:52]   Goal: (2.90, 1.70)
[2026-01-23 07:13:52]   Latency sweep: 150ms
[2026-01-23 07:13:52] [WAIT] High system load, waiting...
[2026-01-23 07:15:00]   Result: nav_fail (FAIL)
[2026-01-23 07:15:00]   Reason: Navigation failed (aborted)
[2026-01-23 07:15:00]   Time: 12.2s
[2026-01-23 07:15:00] 
Trial 440/1010: S3_cbf_latency_150ms_s1
[2026-01-23 07:15:00]   Goal: (2.90, 1.70)
[2026-01-23 07:15:00]   Latency sweep: 150ms
[2026-01-23 07:15:09]   Result: nav_fail (FAIL)
[2026-01-23 07:15:09]   Reason: Navigation failed (aborted)
[2026-01-23 07:15:09]   Time: 9.8s
[2026-01-23 07:15:09] 
Trial 441/1010: S3_cbf_latency_200ms_s0
[2026-01-23 07:15:09]   Goal: (2.90, 1.70)
[2026-01-23 07:15:09]   Latency sweep: 200ms
[2026-01-23 07:15:09] [WAIT] High system load, waiting...
[2026-01-23 07:16:21]   Result: nav_fail (FAIL)
[2026-01-23 07:16:21]   Reason: Navigation failed (aborted)
[2026-01-23 07:16:21]   Time: 11.2s
[2026-01-23 07:16:21] [CLEANUP] Periodic cleanup...
[2026-01-23 07:16:36] 
Trial 442/1010: S3_cbf_latency_200ms_s1
[2026-01-23 07:16:36]   Goal: (2.90, 1.70)
[2026-01-23 07:16:36]   Latency sweep: 200ms
[2026-01-23 07:16:48]   Result: nav_fail (FAIL)
[2026-01-23 07:16:48]   Reason: Navigation failed (aborted)
[2026-01-23 07:16:48]   Time: 11.9s
[2026-01-23 07:16:48] 
Trial 443/1010: S3_cbf_latency_250ms_s0
[2026-01-23 07:16:48]   Goal: (2.90, 1.70)
[2026-01-23 07:16:48]   Latency sweep: 250ms
[2026-01-23 07:16:59]   Result: nav_fail (FAIL)
[2026-01-23 07:16:59]   Reason: Navigation failed (aborted)
[2026-01-23 07:16:59]   Time: 11.8s
[2026-01-23 07:16:59] 
Trial 444/1010: S3_cbf_latency_250ms_s1
[2026-01-23 07:16:59]   Goal: (2.90, 1.70)
[2026-01-23 07:16:59]   Latency sweep: 250ms
[2026-01-23 07:17:07]   Result: nav_fail (FAIL)
[2026-01-23 07:17:07]   Reason: Navigation failed (aborted)
[2026-01-23 07:17:07]   Time: 8.1s
[2026-01-23 07:17:07] 
Trial 445/1010: S3_cbf_latency_300ms_s0
[2026-01-23 07:17:07]   Goal: (2.90, 1.70)
[2026-01-23 07:17:07]   Latency sweep: 300ms
[2026-01-23 07:17:18]   Result: nav_fail (FAIL)
[2026-01-23 07:17:18]   Reason: Navigation failed (aborted)
[2026-01-23 07:17:18]   Time: 10.8s
[2026-01-23 07:17:18] 
Trial 446/1010: S3_cbf_latency_300ms_s1
[2026-01-23 07:17:18]   Goal: (2.90, 1.70)
[2026-01-23 07:17:18]   Latency sweep: 300ms
[2026-01-23 07:17:27]   Result: nav_fail (FAIL)
[2026-01-23 07:17:27]   Reason: Navigation failed (aborted)
[2026-01-23 07:17:27]   Time: 8.4s
[2026-01-23 07:17:27] 
Trial 447/1010: S3_cbf_latency_350ms_s0
[2026-01-23 07:17:27]   Goal: (2.90, 1.70)
[2026-01-23 07:17:27]   Latency sweep: 350ms
[2026-01-23 07:17:36]   Result: nav_fail (FAIL)
[2026-01-23 07:17:36]   Reason: Navigation failed (aborted)
[2026-01-23 07:17:36]   Time: 9.2s
[2026-01-23 07:17:36] 
Trial 448/1010: S3_cbf_latency_350ms_s1
[2026-01-23 07:17:36]   Goal: (2.90, 1.70)
[2026-01-23 07:17:36]   Latency sweep: 350ms
[2026-01-23 07:17:48]   Result: nav_fail (FAIL)
[2026-01-23 07:17:48]   Reason: Navigation failed (aborted)
[2026-01-23 07:17:48]   Time: 11.8s
[2026-01-23 07:17:48] 
Trial 449/1010: S3_cbf_latency_400ms_s0
[2026-01-23 07:17:48]   Goal: (2.90, 1.70)
[2026-01-23 07:17:48]   Latency sweep: 400ms
[2026-01-23 07:17:48] [WAIT] High system load, waiting...
[2026-01-23 07:18:21]   Result: nav_fail (FAIL)
[2026-01-23 07:18:21]   Reason: Navigation failed (aborted)
[2026-01-23 07:18:21]   Time: 8.0s
[2026-01-23 07:18:21] 
Trial 450/1010: S3_cbf_latency_400ms_s1
[2026-01-23 07:18:21]   Goal: (2.90, 1.70)
[2026-01-23 07:18:21]   Latency sweep: 400ms
[2026-01-23 07:18:21] [WAIT] High system load, waiting...
[2026-01-23 07:18:34]   Result: nav_fail (FAIL)
[2026-01-23 07:18:34]   Reason: Navigation failed (aborted)
[2026-01-23 07:18:34]   Time: 8.0s
[2026-01-23 07:18:34] 
Trial 451/1010: S3_cbf_latency_450ms_s0
[2026-01-23 07:18:34]   Goal: (2.90, 1.70)
[2026-01-23 07:18:34]   Latency sweep: 450ms
[2026-01-23 07:18:42]   Result: nav_fail (FAIL)
[2026-01-23 07:18:42]   Reason: Navigation failed (aborted)
[2026-01-23 07:18:42]   Time: 8.1s
[2026-01-23 07:18:42] 
Trial 452/1010: S3_cbf_latency_450ms_s1
[2026-01-23 07:18:42]   Goal: (2.90, 1.70)
[2026-01-23 07:18:42]   Latency sweep: 450ms
[2026-01-23 07:18:51]   Result: nav_fail (FAIL)
[2026-01-23 07:18:51]   Reason: Navigation failed (aborted)
[2026-01-23 07:18:51]   Time: 9.1s
[2026-01-23 07:18:51] 
Trial 453/1010: S3_cbf_latency_500ms_s0
[2026-01-23 07:18:51]   Goal: (2.90, 1.70)
[2026-01-23 07:18:51]   Latency sweep: 500ms
[2026-01-23 07:18:51] [WAIT] High system load, waiting...
[2026-01-23 07:19:13]   Result: nav_fail (FAIL)
[2026-01-23 07:19:13]   Reason: Navigation failed (aborted)
[2026-01-23 07:19:13]   Time: 7.5s
[2026-01-23 07:19:13] 
Trial 454/1010: S3_cbf_latency_500ms_s1
[2026-01-23 07:19:13]   Goal: (2.90, 1.70)
[2026-01-23 07:19:13]   Latency sweep: 500ms
[2026-01-23 07:19:13] [WAIT] High system load, waiting...
[2026-01-23 07:20:24]   Result: nav_fail (FAIL)
[2026-01-23 07:20:24]   Reason: Navigation failed (aborted)
[2026-01-23 07:20:24]   Time: 10.3s
[2026-01-23 07:20:24] 
Trial 455/1010: S3_cbf_latency_600ms_s0
[2026-01-23 07:20:24]   Goal: (2.90, 1.70)
[2026-01-23 07:20:24]   Latency sweep: 600ms
[2026-01-23 07:20:33]   Result: nav_fail (FAIL)
[2026-01-23 07:20:33]   Reason: Navigation failed (aborted)
[2026-01-23 07:20:33]   Time: 9.0s
[2026-01-23 07:20:33] 
Trial 456/1010: S3_cbf_latency_600ms_s1
[2026-01-23 07:20:33]   Goal: (2.90, 1.70)
[2026-01-23 07:20:33]   Latency sweep: 600ms
[2026-01-23 07:20:42]   Result: nav_fail (FAIL)
[2026-01-23 07:20:42]   Reason: Navigation failed (aborted)
[2026-01-23 07:20:42]   Time: 9.3s
[2026-01-23 07:20:42] 
Trial 457/1010: S3_cbf_latency_700ms_s0
[2026-01-23 07:20:42]   Goal: (2.90, 1.70)
[2026-01-23 07:20:42]   Latency sweep: 700ms
[2026-01-23 07:20:42] [WAIT] High system load, waiting...
[2026-01-23 07:21:48]   Result: nav_fail (FAIL)
[2026-01-23 07:21:48]   Reason: Navigation failed (aborted)
[2026-01-23 07:21:48]   Time: 10.6s
[2026-01-23 07:21:48] 
Trial 458/1010: S3_cbf_latency_700ms_s1
[2026-01-23 07:21:48]   Goal: (2.90, 1.70)
[2026-01-23 07:21:48]   Latency sweep: 700ms
[2026-01-23 07:21:57]   Result: nav_fail (FAIL)
[2026-01-23 07:21:57]   Reason: Navigation failed (aborted)
[2026-01-23 07:21:57]   Time: 8.9s
[2026-01-23 07:21:57] 
Trial 459/1010: S3_cbf_latency_800ms_s0
[2026-01-23 07:21:57]   Goal: (2.90, 1.70)
[2026-01-23 07:21:57]   Latency sweep: 800ms
[2026-01-23 07:22:06]   Result: nav_fail (FAIL)
[2026-01-23 07:22:06]   Reason: Navigation failed (aborted)
[2026-01-23 07:22:06]   Time: 9.0s
[2026-01-23 07:22:06] 
Trial 460/1010: S3_cbf_latency_800ms_s1
[2026-01-23 07:22:06]   Goal: (2.90, 1.70)
[2026-01-23 07:22:06]   Latency sweep: 800ms
[2026-01-23 07:22:06] [WAIT] High system load, waiting...
[2026-01-23 07:22:20]   Result: nav_fail (FAIL)
[2026-01-23 07:22:20]   Reason: Navigation failed (aborted)
[2026-01-23 07:22:20]   Time: 9.5s
[2026-01-23 07:22:20] 
Trial 461/1010: S3_cbf_latency_900ms_s0
[2026-01-23 07:22:20]   Goal: (2.90, 1.70)
[2026-01-23 07:22:20]   Latency sweep: 900ms
[2026-01-23 07:22:20] [WAIT] High system load, waiting...
[2026-01-23 07:23:31]   Result: nav_fail (FAIL)
[2026-01-23 07:23:31]   Reason: Navigation failed (aborted)
[2026-01-23 07:23:31]   Time: 10.6s
[2026-01-23 07:23:31] [CLEANUP] Periodic cleanup...
[2026-01-23 07:24:31] 
Trial 462/1010: S3_cbf_latency_900ms_s1
[2026-01-23 07:24:31]   Goal: (2.90, 1.70)
[2026-01-23 07:24:31]   Latency sweep: 900ms
[2026-01-23 07:24:31] [WAIT] High system load, waiting...
[2026-01-23 07:25:39]   Result: nav_fail (FAIL)
[2026-01-23 07:25:39]   Reason: Navigation failed (aborted)
[2026-01-23 07:25:39]   Time: 8.0s
[2026-01-23 07:25:39] 
Trial 463/1010: S3_cbf_latency_1000ms_s0
[2026-01-23 07:25:39]   Goal: (2.90, 1.70)
[2026-01-23 07:25:39]   Latency sweep: 1000ms
[2026-01-23 07:25:39] [WAIT] High system load, waiting...
[2026-01-23 07:26:48]   Result: nav_fail (FAIL)
[2026-01-23 07:26:48]   Reason: Navigation failed (aborted)
[2026-01-23 07:26:48]   Time: 8.9s
[2026-01-23 07:26:48] 
Trial 464/1010: S3_cbf_latency_1000ms_s1
[2026-01-23 07:26:48]   Goal: (2.90, 1.70)
[2026-01-23 07:26:48]   Latency sweep: 1000ms
[2026-01-23 07:26:48] [WAIT] High system load, waiting...
[2026-01-23 07:27:56]   Result: nav_fail (FAIL)
[2026-01-23 07:27:56]   Reason: Navigation failed (aborted)
[2026-01-23 07:27:56]   Time: 8.3s
[2026-01-23 07:27:56] 
Trial 465/1010: S3_cbf_latency_1100ms_s0
[2026-01-23 07:27:56]   Goal: (2.90, 1.70)
[2026-01-23 07:27:56]   Latency sweep: 1100ms
[2026-01-23 07:27:56] [WAIT] High system load, waiting...
[2026-01-23 07:28:32]   Result: nav_fail (FAIL)
[2026-01-23 07:28:32]   Reason: Navigation failed (aborted)
[2026-01-23 07:28:32]   Time: 11.2s
[2026-01-23 07:28:32] 
Trial 466/1010: S3_cbf_latency_1100ms_s1
[2026-01-23 07:28:32]   Goal: (2.90, 1.70)
[2026-01-23 07:28:32]   Latency sweep: 1100ms
[2026-01-23 07:28:42]   Result: nav_fail (FAIL)
[2026-01-23 07:28:42]   Reason: Navigation failed (aborted)
[2026-01-23 07:28:42]   Time: 9.7s
[2026-01-23 07:28:42] 
Trial 467/1010: S3_cbf_latency_1200ms_s0
[2026-01-23 07:28:42]   Goal: (2.90, 1.70)
[2026-01-23 07:28:42]   Latency sweep: 1200ms
[2026-01-23 07:28:49]   Result: nav_fail (FAIL)
[2026-01-23 07:28:49]   Reason: Navigation failed (aborted)
[2026-01-23 07:28:49]   Time: 7.7s
[2026-01-23 07:28:49] 
Trial 468/1010: S3_cbf_latency_1200ms_s1
[2026-01-23 07:28:49]   Goal: (2.90, 1.70)
[2026-01-23 07:28:49]   Latency sweep: 1200ms
[2026-01-23 07:28:59]   Result: nav_fail (FAIL)
[2026-01-23 07:28:59]   Reason: Navigation failed (aborted)
[2026-01-23 07:28:59]   Time: 9.7s
[2026-01-23 07:28:59] 
Trial 469/1010: S3_cbf_latency_1300ms_s0
[2026-01-23 07:28:59]   Goal: (2.90, 1.70)
[2026-01-23 07:28:59]   Latency sweep: 1300ms
[2026-01-23 07:29:09]   Result: nav_fail (FAIL)
[2026-01-23 07:29:09]   Reason: Navigation failed (aborted)
[2026-01-23 07:29:09]   Time: 9.5s
[2026-01-23 07:29:09] 
Trial 470/1010: S3_cbf_latency_1300ms_s1
[2026-01-23 07:29:09]   Goal: (2.90, 1.70)
[2026-01-23 07:29:09]   Latency sweep: 1300ms
[2026-01-23 07:29:18]   Result: nav_fail (FAIL)
[2026-01-23 07:29:18]   Reason: Navigation failed (aborted)
[2026-01-23 07:29:18]   Time: 9.0s
[2026-01-23 07:29:18] 
Trial 471/1010: S3_cbf_latency_1400ms_s0
[2026-01-23 07:29:18]   Goal: (2.90, 1.70)
[2026-01-23 07:29:18]   Latency sweep: 1400ms
[2026-01-23 07:29:27]   Result: nav_fail (FAIL)
[2026-01-23 07:29:27]   Reason: Navigation failed (aborted)
[2026-01-23 07:29:27]   Time: 9.1s
[2026-01-23 07:29:27] 
Trial 472/1010: S3_cbf_latency_1400ms_s1
[2026-01-23 07:29:27]   Goal: (2.90, 1.70)
[2026-01-23 07:29:27]   Latency sweep: 1400ms
[2026-01-23 07:29:27] [WAIT] High system load, waiting...
[2026-01-23 07:30:17]   Result: nav_fail (FAIL)
[2026-01-23 07:30:17]   Reason: Navigation failed (aborted)
[2026-01-23 07:30:17]   Time: 10.4s
[2026-01-23 07:30:17] 
Trial 473/1010: S3_cbf_latency_1500ms_s0
[2026-01-23 07:30:17]   Goal: (2.90, 1.70)
[2026-01-23 07:30:17]   Latency sweep: 1500ms
[2026-01-23 07:30:17] [WAIT] High system load, waiting...
[2026-01-23 07:31:27]   Result: nav_fail (FAIL)
[2026-01-23 07:31:27]   Reason: Navigation failed (aborted)
[2026-01-23 07:31:27]   Time: 9.7s
[2026-01-23 07:31:27] 
Trial 474/1010: S3_cbf_latency_1500ms_s1
[2026-01-23 07:31:27]   Goal: (2.90, 1.70)
[2026-01-23 07:31:27]   Latency sweep: 1500ms
[2026-01-23 07:31:27] [WAIT] High system load, waiting...
[2026-01-23 07:32:35]   Result: nav_fail (FAIL)
[2026-01-23 07:32:35]   Reason: Navigation failed (aborted)
[2026-01-23 07:32:35]   Time: 7.8s
[2026-01-23 07:32:35] 
Trial 475/1010: S4_cbf_d0.25m_v0.1_s0
[2026-01-23 07:32:35]   Goal: (1.25, 1.00)
[2026-01-23 07:32:35]   SSM allows (margin=0.235m < 0.25m dist)
[2026-01-23 07:32:35] [WAIT] High system load, waiting...
[2026-01-23 07:33:19]   Result: nav_fail (FAIL)
[2026-01-23 07:33:19]   Reason: Navigation failed (aborted)
[2026-01-23 07:33:19]   Time: 9.0s
[2026-01-23 07:33:19] 
Trial 476/1010: S4_cbf_d0.25m_v0.1_s1
[2026-01-23 07:33:19]   Goal: (1.25, 1.00)
[2026-01-23 07:33:19]   SSM allows (margin=0.235m < 0.25m dist)
[2026-01-23 07:33:26]   Result: nav_fail (FAIL)
[2026-01-23 07:33:26]   Reason: Navigation failed (aborted)
[2026-01-23 07:33:26]   Time: 7.2s
[2026-01-23 07:33:26] 
Trial 477/1010: S4_cbf_d0.25m_v0.2_s0
[2026-01-23 07:33:26]   Goal: (1.25, 1.00)
[2026-01-23 07:33:26]   SSM margin check at v=0.2
[2026-01-23 07:33:26] [WAIT] High system load, waiting...
[2026-01-23 07:34:34]   Result: nav_fail (FAIL)
[2026-01-23 07:34:34]   Reason: Navigation failed (aborted)
[2026-01-23 07:34:34]   Time: 8.4s
[2026-01-23 07:34:34] 
Trial 478/1010: S4_cbf_d0.25m_v0.2_s1
[2026-01-23 07:34:34]   Goal: (1.25, 1.00)
[2026-01-23 07:34:34]   SSM margin check at v=0.2
[2026-01-23 07:34:34] [WAIT] High system load, waiting...
[2026-01-23 07:35:45]   Result: nav_fail (FAIL)
[2026-01-23 07:35:45]   Reason: Navigation failed (aborted)
[2026-01-23 07:35:45]   Time: 10.2s
[2026-01-23 07:35:45] 
Trial 479/1010: S4_cbf_d0.25m_v0.3_s0
[2026-01-23 07:35:45]   Goal: (1.25, 1.00)
[2026-01-23 07:35:45]   SSM rejects (margin=0.335m)
[2026-01-23 07:35:45] [WAIT] High system load, waiting...
[2026-01-23 07:36:06]   Result: nav_fail (FAIL)
[2026-01-23 07:36:06]   Reason: Navigation failed (aborted)
[2026-01-23 07:36:06]   Time: 11.0s
[2026-01-23 07:36:06] 
Trial 480/1010: S4_cbf_d0.25m_v0.3_s1
[2026-01-23 07:36:06]   Goal: (1.25, 1.00)
[2026-01-23 07:36:06]   SSM rejects (margin=0.335m)
[2026-01-23 07:36:15]   Result: nav_fail (FAIL)
[2026-01-23 07:36:15]   Reason: Navigation failed (aborted)
[2026-01-23 07:36:15]   Time: 9.0s
[2026-01-23 07:36:15] 
Trial 481/1010: S4_cbf_d0.22m_v0.1_s0
[2026-01-23 07:36:15]   Goal: (1.28, 1.00)
[2026-01-23 07:36:15]   SSM barely allows at v=0.1
[2026-01-23 07:36:24]   Result: nav_fail (FAIL)
[2026-01-23 07:36:24]   Reason: Navigation failed (aborted)
[2026-01-23 07:36:24]   Time: 9.0s
[2026-01-23 07:36:24] [CLEANUP] Periodic cleanup...
[2026-01-23 07:36:24] 
Trial 482/1010: S4_cbf_d0.22m_v0.1_s1
[2026-01-23 07:36:24]   Goal: (1.28, 1.00)
[2026-01-23 07:36:24]   SSM barely allows at v=0.1
[2026-01-23 07:36:33]   Result: nav_fail (FAIL)
[2026-01-23 07:36:33]   Reason: Navigation failed (aborted)
[2026-01-23 07:36:33]   Time: 8.9s
[2026-01-23 07:36:33] 
Trial 483/1010: S4_cbf_d0.28m_cbf_s0
[2026-01-23 07:36:33]   Goal: (1.22, 1.00)
[2026-01-23 07:36:33]   CBF allows (0.28m < 0.3m margin)
[2026-01-23 07:36:40]   Result: nav_fail (FAIL)
[2026-01-23 07:36:40]   Reason: Navigation failed (aborted)
[2026-01-23 07:36:40]   Time: 7.6s
[2026-01-23 07:36:40] 
Trial 484/1010: S4_cbf_d0.28m_cbf_s1
[2026-01-23 07:36:40]   Goal: (1.22, 1.00)
[2026-01-23 07:36:40]   CBF allows (0.28m < 0.3m margin)
[2026-01-23 07:36:40] [WAIT] High system load, waiting...
[2026-01-23 07:36:54]   Result: nav_fail (FAIL)
[2026-01-23 07:36:54]   Reason: Navigation failed (aborted)
[2026-01-23 07:36:54]   Time: 8.5s
[2026-01-23 07:36:54] 
Trial 485/1010: S4_cbf_d0.15m_s0
[2026-01-23 07:36:54]   Goal: (1.35, 1.00)
[2026-01-23 07:36:54]   Very close - high violation risk
[2026-01-23 07:37:02]   Result: nav_fail (FAIL)
[2026-01-23 07:37:02]   Reason: Navigation failed (aborted)
[2026-01-23 07:37:02]   Time: 8.5s
[2026-01-23 07:37:02] 
Trial 486/1010: S4_cbf_d0.15m_s1
[2026-01-23 07:37:02]   Goal: (1.35, 1.00)
[2026-01-23 07:37:02]   Very close - high violation risk
[2026-01-23 07:37:10]   Result: nav_fail (FAIL)
[2026-01-23 07:37:10]   Reason: Navigation failed (aborted)
[2026-01-23 07:37:10]   Time: 7.8s
[2026-01-23 07:37:10] 
Trial 487/1010: S4_cbf_d0.10m_s0
[2026-01-23 07:37:10]   Goal: (1.40, 1.00)
[2026-01-23 07:37:10]   Extremely close - all should reject
[2026-01-23 07:37:10] [WAIT] High system load, waiting...
[2026-01-23 07:38:20]   Result: nav_fail (FAIL)
[2026-01-23 07:38:20]   Reason: Navigation failed (aborted)
[2026-01-23 07:38:20]   Time: 10.2s
[2026-01-23 07:38:20] 
Trial 488/1010: S4_cbf_d0.10m_s1
[2026-01-23 07:38:20]   Goal: (1.40, 1.00)
[2026-01-23 07:38:20]   Extremely close - all should reject
[2026-01-23 07:38:20] [WAIT] High system load, waiting...
[2026-01-23 07:39:30]   Result: nav_fail (FAIL)
[2026-01-23 07:39:30]   Reason: Navigation failed (aborted)
[2026-01-23 07:39:30]   Time: 9.5s
[2026-01-23 07:39:30] 
Trial 489/1010: S4_cbf_sweep_v0.2_s0
[2026-01-23 07:39:30]   Goal: (1.25, 1.00)
[2026-01-23 07:39:30]   Velocity sweep: v=0.2m/s
[2026-01-23 07:39:30] [WAIT] High system load, waiting...
[2026-01-23 07:40:37]   Result: nav_fail (FAIL)
[2026-01-23 07:40:37]   Reason: Navigation failed (aborted)
[2026-01-23 07:40:37]   Time: 7.8s
[2026-01-23 07:40:37] 
Trial 490/1010: S4_cbf_sweep_v0.2_s1
[2026-01-23 07:40:37]   Goal: (1.25, 1.00)
[2026-01-23 07:40:37]   Velocity sweep: v=0.2m/s
[2026-01-23 07:40:37] [WAIT] High system load, waiting...
[2026-01-23 07:41:48]   Result: nav_fail (FAIL)
[2026-01-23 07:41:48]   Reason: Navigation failed (aborted)
[2026-01-23 07:41:48]   Time: 10.2s
[2026-01-23 07:41:48] 
Trial 491/1010: S4_cbf_sweep_v0.4_s0
[2026-01-23 07:41:48]   Goal: (1.25, 1.00)
[2026-01-23 07:41:48]   Velocity sweep: v=0.4m/s
[2026-01-23 07:41:55]   Result: nav_fail (FAIL)
[2026-01-23 07:41:55]   Reason: Navigation failed (aborted)
[2026-01-23 07:41:55]   Time: 7.8s
[2026-01-23 07:41:55] 
Trial 492/1010: S4_cbf_sweep_v0.4_s1
[2026-01-23 07:41:55]   Goal: (1.25, 1.00)
[2026-01-23 07:41:55]   Velocity sweep: v=0.4m/s
[2026-01-23 07:41:55] [WAIT] High system load, waiting...
[2026-01-23 07:42:21]   Result: nav_fail (FAIL)
[2026-01-23 07:42:21]   Reason: Navigation failed (aborted)
[2026-01-23 07:42:21]   Time: 10.4s
[2026-01-23 07:42:21] 
Trial 493/1010: S4_cbf_sweep_v0.6_s0
[2026-01-23 07:42:21]   Goal: (1.25, 1.00)
[2026-01-23 07:42:21]   Velocity sweep: v=0.6m/s
[2026-01-23 07:42:21] [WAIT] High system load, waiting...
[2026-01-23 07:43:30]   Result: nav_fail (FAIL)
[2026-01-23 07:43:30]   Reason: Navigation failed (aborted)
[2026-01-23 07:43:30]   Time: 9.7s
[2026-01-23 07:43:30] 
Trial 494/1010: S4_cbf_sweep_v0.6_s1
[2026-01-23 07:43:30]   Goal: (1.25, 1.00)
[2026-01-23 07:43:30]   Velocity sweep: v=0.6m/s
[2026-01-23 07:43:30] [WAIT] High system load, waiting...
[2026-01-23 07:44:39]   Result: nav_fail (FAIL)
[2026-01-23 07:44:39]   Reason: Navigation failed (aborted)
[2026-01-23 07:44:39]   Time: 8.5s
[2026-01-23 07:44:39] 
Trial 495/1010: S4_cbf_sweep_v0.8_s0
[2026-01-23 07:44:39]   Goal: (1.25, 1.00)
[2026-01-23 07:44:39]   Velocity sweep: v=0.8m/s
[2026-01-23 07:44:39] [WAIT] High system load, waiting...
[2026-01-23 07:45:47]   Result: nav_fail (FAIL)
[2026-01-23 07:45:47]   Reason: Navigation failed (aborted)
[2026-01-23 07:45:47]   Time: 7.8s
[2026-01-23 07:45:47] 
Trial 496/1010: S4_cbf_sweep_v0.8_s1
[2026-01-23 07:45:47]   Goal: (1.25, 1.00)
[2026-01-23 07:45:47]   Velocity sweep: v=0.8m/s
[2026-01-23 07:45:47] [WAIT] High system load, waiting...
[2026-01-23 07:46:10]   Result: nav_fail (FAIL)
[2026-01-23 07:46:10]   Reason: Navigation failed (aborted)
[2026-01-23 07:46:10]   Time: 8.7s
[2026-01-23 07:46:10] 
Trial 497/1010: S4_cbf_sweep_v1.0_s0
[2026-01-23 07:46:10]   Goal: (1.25, 1.00)
[2026-01-23 07:46:10]   Velocity sweep: v=1.0m/s
[2026-01-23 07:46:19]   Result: nav_fail (FAIL)
[2026-01-23 07:46:19]   Reason: Navigation failed (aborted)
[2026-01-23 07:46:19]   Time: 8.9s
[2026-01-23 07:46:19] 
Trial 498/1010: S4_cbf_sweep_v1.0_s1
[2026-01-23 07:46:19]   Goal: (1.25, 1.00)
[2026-01-23 07:46:19]   Velocity sweep: v=1.0m/s
[2026-01-23 07:46:19] [WAIT] High system load, waiting...
[2026-01-23 07:46:35]   Result: nav_fail (FAIL)
[2026-01-23 07:46:35]   Reason: Navigation failed (aborted)
[2026-01-23 07:46:35]   Time: 10.4s
[2026-01-23 07:46:35] 
Trial 499/1010: S4_cbf_sweep_v1.2_s0
[2026-01-23 07:46:35]   Goal: (1.25, 1.00)
[2026-01-23 07:46:35]   Velocity sweep: v=1.2m/s
[2026-01-23 07:46:35] [WAIT] High system load, waiting...
[2026-01-23 07:46:57]   Result: nav_fail (FAIL)
[2026-01-23 07:46:57]   Reason: Navigation failed (aborted)
[2026-01-23 07:46:57]   Time: 7.0s
[2026-01-23 07:46:57] 
Trial 500/1010: S4_cbf_sweep_v1.2_s1
[2026-01-23 07:46:57]   Goal: (1.25, 1.00)
[2026-01-23 07:46:57]   Velocity sweep: v=1.2m/s
[2026-01-23 07:47:05]   Result: nav_fail (FAIL)
[2026-01-23 07:47:05]   Reason: Navigation failed (aborted)
[2026-01-23 07:47:05]   Time: 8.7s
[2026-01-23 07:47:05] 
Trial 501/1010: S4_cbf_sweep_v1.4_s0
[2026-01-23 07:47:05]   Goal: (1.25, 1.00)
[2026-01-23 07:47:05]   Velocity sweep: v=1.4m/s
[2026-01-23 07:47:15]   Result: nav_fail (FAIL)
[2026-01-23 07:47:15]   Reason: Navigation failed (aborted)
[2026-01-23 07:47:15]   Time: 9.3s
[2026-01-23 07:47:15] [CLEANUP] Periodic cleanup...
[2026-01-23 07:47:20] 
Trial 502/1010: S4_cbf_sweep_v1.4_s1
[2026-01-23 07:47:20]   Goal: (1.25, 1.00)
[2026-01-23 07:47:20]   Velocity sweep: v=1.4m/s
[2026-01-23 07:47:30]   Result: nav_fail (FAIL)
[2026-01-23 07:47:30]   Reason: Navigation failed (aborted)
[2026-01-23 07:47:30]   Time: 9.9s
[2026-01-23 07:47:30] 
Trial 503/1010: S4_cbf_sweep_v1.6_s0
[2026-01-23 07:47:30]   Goal: (1.25, 1.00)
[2026-01-23 07:47:30]   Velocity sweep: v=1.6m/s
[2026-01-23 07:47:38]   Result: nav_fail (FAIL)
[2026-01-23 07:47:38]   Reason: Navigation failed (aborted)
[2026-01-23 07:47:38]   Time: 8.6s
[2026-01-23 07:47:38] 
Trial 504/1010: S4_cbf_sweep_v1.6_s1
[2026-01-23 07:47:38]   Goal: (1.25, 1.00)
[2026-01-23 07:47:38]   Velocity sweep: v=1.6m/s
[2026-01-23 07:47:38] [WAIT] High system load, waiting...
[2026-01-23 07:47:57]   Result: nav_fail (FAIL)
[2026-01-23 07:47:57]   Reason: Navigation failed (aborted)
[2026-01-23 07:47:57]   Time: 8.5s
[2026-01-23 07:47:57] 
Trial 505/1010: S4_cbf_sweep_v1.8_s0
[2026-01-23 07:47:57]   Goal: (1.25, 1.00)
[2026-01-23 07:47:57]   Velocity sweep: v=1.8m/s
[2026-01-23 07:47:57] [WAIT] High system load, waiting...
[2026-01-23 07:48:25]   Result: nav_fail (FAIL)
[2026-01-23 07:48:25]   Reason: Navigation failed (aborted)
[2026-01-23 07:48:25]   Time: 8.8s
[2026-01-23 07:48:25] 
Trial 506/1010: S4_cbf_sweep_v1.8_s1
[2026-01-23 07:48:25]   Goal: (1.25, 1.00)
[2026-01-23 07:48:25]   Velocity sweep: v=1.8m/s
[2026-01-23 07:48:25] [WAIT] High system load, waiting...
[2026-01-23 07:49:34]   Result: nav_fail (FAIL)
[2026-01-23 07:49:34]   Reason: Navigation failed (aborted)
[2026-01-23 07:49:34]   Time: 9.0s
[2026-01-23 07:49:34] 
Trial 507/1010: S4_cbf_sweep_v2.0_s0
[2026-01-23 07:49:34]   Goal: (1.25, 1.00)
[2026-01-23 07:49:34]   Velocity sweep: v=2.0m/s
[2026-01-23 07:49:34] [WAIT] High system load, waiting...
[2026-01-23 07:50:42]   Result: nav_fail (FAIL)
[2026-01-23 07:50:42]   Reason: Navigation failed (aborted)
[2026-01-23 07:50:42]   Time: 7.8s
[2026-01-23 07:50:42] 
Trial 508/1010: S4_cbf_sweep_v2.0_s1
[2026-01-23 07:50:42]   Goal: (1.25, 1.00)
[2026-01-23 07:50:42]   Velocity sweep: v=2.0m/s
[2026-01-23 07:50:42] [WAIT] High system load, waiting...
[2026-01-23 07:50:57]   Result: nav_fail (FAIL)
[2026-01-23 07:50:57]   Reason: Navigation failed (aborted)
[2026-01-23 07:50:57]   Time: 9.4s
[2026-01-23 07:50:57] 
Trial 509/1010: S4_cbf_sweep_v2.2_s0
[2026-01-23 07:50:57]   Goal: (1.25, 1.00)
[2026-01-23 07:50:57]   Velocity sweep: v=2.2m/s
[2026-01-23 07:50:57] [WAIT] High system load, waiting...
[2026-01-23 07:51:42]   Result: nav_fail (FAIL)
[2026-01-23 07:51:42]   Reason: Navigation failed (aborted)
[2026-01-23 07:51:42]   Time: 10.5s
[2026-01-23 07:51:42] 
Trial 510/1010: S4_cbf_sweep_v2.2_s1
[2026-01-23 07:51:42]   Goal: (1.25, 1.00)
[2026-01-23 07:51:42]   Velocity sweep: v=2.2m/s
[2026-01-23 07:51:42] [WAIT] High system load, waiting...
[2026-01-23 07:52:54]   Result: nav_fail (FAIL)
[2026-01-23 07:52:54]   Reason: Navigation failed (aborted)
[2026-01-23 07:52:54]   Time: 11.6s
[2026-01-23 07:52:54] 
Trial 511/1010: S4_cbf_sweep_v2.4_s0
[2026-01-23 07:52:54]   Goal: (1.25, 1.00)
[2026-01-23 07:52:54]   Velocity sweep: v=2.4m/s
[2026-01-23 07:52:54] [WAIT] High system load, waiting...
[2026-01-23 07:54:02]   Result: nav_fail (FAIL)
[2026-01-23 07:54:02]   Reason: Navigation failed (aborted)
[2026-01-23 07:54:02]   Time: 7.9s
[2026-01-23 07:54:02] 
Trial 512/1010: S4_cbf_sweep_v2.4_s1
[2026-01-23 07:54:02]   Goal: (1.25, 1.00)
[2026-01-23 07:54:02]   Velocity sweep: v=2.4m/s
[2026-01-23 07:54:02] [WAIT] High system load, waiting...
[2026-01-23 07:55:10]   Result: nav_fail (FAIL)
[2026-01-23 07:55:10]   Reason: Navigation failed (aborted)
[2026-01-23 07:55:10]   Time: 8.7s
[2026-01-23 07:55:10] 
Trial 513/1010: S4_cbf_sweep_v2.6_s0
[2026-01-23 07:55:10]   Goal: (1.25, 1.00)
[2026-01-23 07:55:10]   Velocity sweep: v=2.6m/s
[2026-01-23 07:55:10] [WAIT] High system load, waiting...
[2026-01-23 07:56:21]   Result: nav_fail (FAIL)
[2026-01-23 07:56:21]   Reason: Navigation failed (aborted)
[2026-01-23 07:56:21]   Time: 11.0s
[2026-01-23 07:56:21] 
Trial 514/1010: S4_cbf_sweep_v2.6_s1
[2026-01-23 07:56:21]   Goal: (1.25, 1.00)
[2026-01-23 07:56:21]   Velocity sweep: v=2.6m/s
[2026-01-23 07:56:21] [WAIT] High system load, waiting...
[2026-01-23 07:57:29]   Result: nav_fail (FAIL)
[2026-01-23 07:57:29]   Reason: Navigation failed (aborted)
[2026-01-23 07:57:29]   Time: 7.3s
[2026-01-23 07:57:29] 
Trial 515/1010: S4_cbf_sweep_v2.8_s0
[2026-01-23 07:57:29]   Goal: (1.25, 1.00)
[2026-01-23 07:57:29]   Velocity sweep: v=2.8m/s
[2026-01-23 07:57:29] [WAIT] High system load, waiting...
[2026-01-23 07:57:47]   Result: nav_fail (FAIL)
[2026-01-23 07:57:47]   Reason: Navigation failed (aborted)
[2026-01-23 07:57:47]   Time: 8.5s
[2026-01-23 07:57:47] 
Trial 516/1010: S4_cbf_sweep_v2.8_s1
[2026-01-23 07:57:47]   Goal: (1.25, 1.00)
[2026-01-23 07:57:47]   Velocity sweep: v=2.8m/s
[2026-01-23 07:57:56]   Result: nav_fail (FAIL)
[2026-01-23 07:57:56]   Reason: Navigation failed (aborted)
[2026-01-23 07:57:56]   Time: 9.1s
[2026-01-23 07:57:56] 
Trial 517/1010: S4_cbf_sweep_v3.0_s0
[2026-01-23 07:57:56]   Goal: (1.25, 1.00)
[2026-01-23 07:57:56]   Velocity sweep: v=3.0m/s
[2026-01-23 07:57:56] [WAIT] High system load, waiting...
[2026-01-23 07:59:05]   Result: nav_fail (FAIL)
[2026-01-23 07:59:05]   Reason: Navigation failed (aborted)
[2026-01-23 07:59:05]   Time: 8.7s
[2026-01-23 07:59:05] 
Trial 518/1010: S4_cbf_sweep_v3.0_s1
[2026-01-23 07:59:05]   Goal: (1.25, 1.00)
[2026-01-23 07:59:05]   Velocity sweep: v=3.0m/s
[2026-01-23 07:59:05] [WAIT] High system load, waiting...
[2026-01-23 08:00:14]   Result: nav_fail (FAIL)
[2026-01-23 08:00:14]   Reason: Navigation failed (aborted)
[2026-01-23 08:00:14]   Time: 9.3s
[2026-01-23 08:00:14] 
Trial 519/1010: S4_cbf_sweep_v3.2_s0
[2026-01-23 08:00:14]   Goal: (1.25, 1.00)
[2026-01-23 08:00:14]   Velocity sweep: v=3.2m/s
[2026-01-23 08:00:14] [WAIT] High system load, waiting...
[2026-01-23 08:01:12]   Result: nav_fail (FAIL)
[2026-01-23 08:01:12]   Reason: Navigation failed (aborted)
[2026-01-23 08:01:12]   Time: 8.0s
[2026-01-23 08:01:12] 
Trial 520/1010: S4_cbf_sweep_v3.2_s1
[2026-01-23 08:01:12]   Goal: (1.25, 1.00)
[2026-01-23 08:01:12]   Velocity sweep: v=3.2m/s
[2026-01-23 08:01:21]   Result: nav_fail (FAIL)
[2026-01-23 08:01:21]   Reason: Navigation failed (aborted)
[2026-01-23 08:01:21]   Time: 8.8s
[2026-01-23 08:01:21] 
Trial 521/1010: S4_cbf_sweep_v3.4_s0
[2026-01-23 08:01:21]   Goal: (1.25, 1.00)
[2026-01-23 08:01:21]   Velocity sweep: v=3.4m/s
[2026-01-23 08:01:28]   Result: nav_fail (FAIL)
[2026-01-23 08:01:28]   Reason: Navigation failed (aborted)
[2026-01-23 08:01:28]   Time: 7.4s
[2026-01-23 08:01:28] [CLEANUP] Periodic cleanup...
[2026-01-23 08:02:08] 
Trial 522/1010: S4_cbf_sweep_v3.4_s1
[2026-01-23 08:02:08]   Goal: (1.25, 1.00)
[2026-01-23 08:02:08]   Velocity sweep: v=3.4m/s
[2026-01-23 08:02:21]   Result: nav_fail (FAIL)
[2026-01-23 08:02:21]   Reason: Navigation failed (aborted)
[2026-01-23 08:02:21]   Time: 12.3s
[2026-01-23 08:02:21] 
Trial 523/1010: S4_cbf_sweep_v3.6_s0
[2026-01-23 08:02:21]   Goal: (1.25, 1.00)
[2026-01-23 08:02:21]   Velocity sweep: v=3.6m/s
[2026-01-23 08:02:30]   Result: nav_fail (FAIL)
[2026-01-23 08:02:30]   Reason: Navigation failed (aborted)
[2026-01-23 08:02:30]   Time: 9.0s
[2026-01-23 08:02:30] 
Trial 524/1010: S4_cbf_sweep_v3.6_s1
[2026-01-23 08:02:30]   Goal: (1.25, 1.00)
[2026-01-23 08:02:30]   Velocity sweep: v=3.6m/s
[2026-01-23 08:02:30] [WAIT] High system load, waiting...
[2026-01-23 08:03:38]   Result: nav_fail (FAIL)
[2026-01-23 08:03:38]   Reason: Navigation failed (aborted)
[2026-01-23 08:03:38]   Time: 8.7s
[2026-01-23 08:03:38] 
Trial 525/1010: S4_cbf_sweep_v3.8_s0
[2026-01-23 08:03:38]   Goal: (1.25, 1.00)
[2026-01-23 08:03:38]   Velocity sweep: v=3.8m/s
[2026-01-23 08:03:38] [WAIT] High system load, waiting...
[2026-01-23 08:04:38]   Result: nav_fail (FAIL)
[2026-01-23 08:04:38]   Reason: Navigation failed (aborted)
[2026-01-23 08:04:38]   Time: 10.0s
[2026-01-23 08:04:38] 
Trial 526/1010: S4_cbf_sweep_v3.8_s1
[2026-01-23 08:04:38]   Goal: (1.25, 1.00)
[2026-01-23 08:04:38]   Velocity sweep: v=3.8m/s
[2026-01-23 08:04:47]   Result: nav_fail (FAIL)
[2026-01-23 08:04:47]   Reason: Navigation failed (aborted)
[2026-01-23 08:04:47]   Time: 9.1s
[2026-01-23 08:04:47] 
Trial 527/1010: S4_cbf_sweep_v4.0_s0
[2026-01-23 08:04:47]   Goal: (1.25, 1.00)
[2026-01-23 08:04:47]   Velocity sweep: v=4.0m/s
[2026-01-23 08:04:55]   Result: nav_fail (FAIL)
[2026-01-23 08:04:55]   Reason: Navigation failed (aborted)
[2026-01-23 08:04:55]   Time: 7.8s
[2026-01-23 08:04:55] 
Trial 528/1010: S4_cbf_sweep_v4.0_s1
[2026-01-23 08:04:55]   Goal: (1.25, 1.00)
[2026-01-23 08:04:55]   Velocity sweep: v=4.0m/s
[2026-01-23 08:05:06]   Result: nav_fail (FAIL)
[2026-01-23 08:05:06]   Reason: Navigation failed (aborted)
[2026-01-23 08:05:06]   Time: 10.5s
[2026-01-23 08:05:06] 
Trial 529/1010: S5_cbf_d0.8m_sigma0.15_s0
[2026-01-23 08:05:06]   Goal: (0.70, 1.00)
[2026-01-23 08:05:06]   0.8m, normal uncertainty
[2026-01-23 08:05:13]   Result: nav_fail (FAIL)
[2026-01-23 08:05:13]   Reason: Navigation failed (aborted)
[2026-01-23 08:05:13]   Time: 7.4s
[2026-01-23 08:05:13] 
Trial 530/1010: S5_cbf_d0.8m_sigma0.15_s1
[2026-01-23 08:05:13]   Goal: (0.70, 1.00)
[2026-01-23 08:05:13]   0.8m, normal uncertainty
[2026-01-23 08:05:23]   Result: nav_fail (FAIL)
[2026-01-23 08:05:23]   Reason: Navigation failed (aborted)
[2026-01-23 08:05:23]   Time: 9.4s
[2026-01-23 08:05:23] 
Trial 531/1010: S5_cbf_d0.5m_sigma0.15_s0
[2026-01-23 08:05:23]   Goal: (1.00, 1.00)
[2026-01-23 08:05:23]   0.5m, normal uncertainty
[2026-01-23 08:05:30]   Result: nav_fail (FAIL)
[2026-01-23 08:05:30]   Reason: Navigation failed (aborted)
[2026-01-23 08:05:30]   Time: 7.0s
[2026-01-23 08:05:30] 
Trial 532/1010: S5_cbf_d0.5m_sigma0.15_s1
[2026-01-23 08:05:30]   Goal: (1.00, 1.00)
[2026-01-23 08:05:30]   0.5m, normal uncertainty
[2026-01-23 08:05:39]   Result: nav_fail (FAIL)
[2026-01-23 08:05:39]   Reason: Navigation failed (aborted)
[2026-01-23 08:05:39]   Time: 9.1s
[2026-01-23 08:05:39] 
Trial 533/1010: S5_cbf_d0.3m_sigma0.15_s0
[2026-01-23 08:05:39]   Goal: (1.20, 1.00)
[2026-01-23 08:05:39]   0.3m, normal uncertainty
[2026-01-23 08:05:50]   Result: nav_fail (FAIL)
[2026-01-23 08:05:50]   Reason: Navigation failed (aborted)
[2026-01-23 08:05:50]   Time: 10.9s
[2026-01-23 08:05:50] 
Trial 534/1010: S5_cbf_d0.3m_sigma0.15_s1
[2026-01-23 08:05:50]   Goal: (1.20, 1.00)
[2026-01-23 08:05:50]   0.3m, normal uncertainty
[2026-01-23 08:05:50] [WAIT] High system load, waiting...
[2026-01-23 08:06:24]   Result: nav_fail (FAIL)
[2026-01-23 08:06:24]   Reason: Navigation failed (aborted)
[2026-01-23 08:06:24]   Time: 9.1s
[2026-01-23 08:06:24] 
Trial 535/1010: S5_cbf_d0.8m_sigma0.5_s0
[2026-01-23 08:06:24]   Goal: (0.70, 1.00)
[2026-01-23 08:06:24]   0.8m, HIGH uncertainty σ=0.5
[2026-01-23 08:06:35]   Result: nav_fail (FAIL)
[2026-01-23 08:06:35]   Reason: Navigation failed (aborted)
[2026-01-23 08:06:35]   Time: 10.9s
[2026-01-23 08:06:35] 
Trial 536/1010: S5_cbf_d0.8m_sigma0.5_s1
[2026-01-23 08:06:35]   Goal: (0.70, 1.00)
[2026-01-23 08:06:35]   0.8m, HIGH uncertainty σ=0.5
[2026-01-23 08:06:45]   Result: nav_fail (FAIL)
[2026-01-23 08:06:45]   Reason: Navigation failed (aborted)
[2026-01-23 08:06:45]   Time: 10.1s
[2026-01-23 08:06:45] 
Trial 537/1010: S5_cbf_d1.0m_sigma0.5_s0
[2026-01-23 08:06:45]   Goal: (0.50, 1.00)
[2026-01-23 08:06:45]   1.0m, HIGH uncertainty σ=0.5
[2026-01-23 08:06:53]   Result: nav_fail (FAIL)
[2026-01-23 08:06:53]   Reason: Navigation failed (aborted)
[2026-01-23 08:06:53]   Time: 8.7s
[2026-01-23 08:06:53] 
Trial 538/1010: S5_cbf_d1.0m_sigma0.5_s1
[2026-01-23 08:06:53]   Goal: (0.50, 1.00)
[2026-01-23 08:06:53]   1.0m, HIGH uncertainty σ=0.5
[2026-01-23 08:07:02]   Result: nav_fail (FAIL)
[2026-01-23 08:07:02]   Reason: Navigation failed (aborted)
[2026-01-23 08:07:02]   Time: 8.2s
[2026-01-23 08:07:02] 
Trial 539/1010: S5_cbf_d1.5m_sigma0.5_s0
[2026-01-23 08:07:02]   Goal: (0.00, 1.00)
[2026-01-23 08:07:02]   1.5m, HIGH uncertainty σ=0.5
[2026-01-23 08:07:10]   Result: nav_fail (FAIL)
[2026-01-23 08:07:10]   Reason: Navigation failed (aborted)
[2026-01-23 08:07:10]   Time: 8.7s
[2026-01-23 08:07:10] 
Trial 540/1010: S5_cbf_d1.5m_sigma0.5_s1
[2026-01-23 08:07:10]   Goal: (0.00, 1.00)
[2026-01-23 08:07:10]   1.5m, HIGH uncertainty σ=0.5
[2026-01-23 08:07:10] [WAIT] High system load, waiting...
[2026-01-23 08:08:19]   Result: nav_fail (FAIL)
[2026-01-23 08:08:19]   Reason: Navigation failed (aborted)
[2026-01-23 08:08:19]   Time: 9.2s
[2026-01-23 08:08:19] 
Trial 541/1010: S5_cbf_d1.5m_sigma1.0_s0
[2026-01-23 08:08:19]   Goal: (0.00, 1.00)
[2026-01-23 08:08:19]   1.5m, EXTREME uncertainty σ=1.0
[2026-01-23 08:08:19] [WAIT] High system load, waiting...
[2026-01-23 08:09:32]   Result: nav_fail (FAIL)
[2026-01-23 08:09:32]   Reason: Navigation failed (aborted)
[2026-01-23 08:09:32]   Time: 12.5s
[2026-01-23 08:09:32] [CLEANUP] Periodic cleanup...
[2026-01-23 08:09:32] 
Trial 542/1010: S5_cbf_d1.5m_sigma1.0_s1
[2026-01-23 08:09:32]   Goal: (0.00, 1.00)
[2026-01-23 08:09:32]   1.5m, EXTREME uncertainty σ=1.0
[2026-01-23 08:09:42]   Result: nav_fail (FAIL)
[2026-01-23 08:09:42]   Reason: Navigation failed (aborted)
[2026-01-23 08:09:42]   Time: 10.4s
[2026-01-23 08:09:42] 
Trial 543/1010: S5_cbf_d2.0m_sigma1.0_s0
[2026-01-23 08:09:42]   Goal: (-0.50, 1.00)
[2026-01-23 08:09:42]   2.0m, EXTREME uncertainty σ=1.0
[2026-01-23 08:09:51]   Result: nav_fail (FAIL)
[2026-01-23 08:09:51]   Reason: Navigation failed (aborted)
[2026-01-23 08:09:51]   Time: 8.8s
[2026-01-23 08:09:51] 
Trial 544/1010: S5_cbf_d2.0m_sigma1.0_s1
[2026-01-23 08:09:51]   Goal: (-0.50, 1.00)
[2026-01-23 08:09:51]   2.0m, EXTREME uncertainty σ=1.0
[2026-01-23 08:09:51] [WAIT] High system load, waiting...
[2026-01-23 08:11:03]   Result: nav_fail (FAIL)
[2026-01-23 08:11:03]   Reason: Navigation failed (aborted)
[2026-01-23 08:11:03]   Time: 11.5s
[2026-01-23 08:11:03] 
Trial 545/1010: S5_cbf_sweep_sigma0.1_s0
[2026-01-23 08:11:03]   Goal: (1.00, 1.00)
[2026-01-23 08:11:03]   Sigma sweep: σ=0.1m
[2026-01-23 08:11:03] [WAIT] High system load, waiting...
[2026-01-23 08:11:56]   Result: nav_fail (FAIL)
[2026-01-23 08:11:56]   Reason: Navigation failed (aborted)
[2026-01-23 08:11:56]   Time: 8.5s
[2026-01-23 08:11:56] 
Trial 546/1010: S5_cbf_sweep_sigma0.1_s1
[2026-01-23 08:11:56]   Goal: (1.00, 1.00)
[2026-01-23 08:11:56]   Sigma sweep: σ=0.1m
[2026-01-23 08:11:56] [WAIT] High system load, waiting...
[2026-01-23 08:12:21]   Result: nav_fail (FAIL)
[2026-01-23 08:12:21]   Reason: Navigation failed (aborted)
[2026-01-23 08:12:21]   Time: 9.5s
[2026-01-23 08:12:21] 
Trial 547/1010: S5_cbf_sweep_sigma0.15_s0
[2026-01-23 08:12:21]   Goal: (1.00, 1.00)
[2026-01-23 08:12:21]   Sigma sweep: σ=0.15m
[2026-01-23 08:12:21] [WAIT] High system load, waiting...
[2026-01-23 08:13:33]   Result: nav_fail (FAIL)
[2026-01-23 08:13:33]   Reason: Navigation failed (aborted)
[2026-01-23 08:13:33]   Time: 12.1s
[2026-01-23 08:13:33] 
Trial 548/1010: S5_cbf_sweep_sigma0.15_s1
[2026-01-23 08:13:33]   Goal: (1.00, 1.00)
[2026-01-23 08:13:33]   Sigma sweep: σ=0.15m
[2026-01-23 08:13:42]   Result: nav_fail (FAIL)
[2026-01-23 08:13:42]   Reason: Navigation failed (aborted)
[2026-01-23 08:13:42]   Time: 9.0s
[2026-01-23 08:13:42] 
Trial 549/1010: S5_cbf_sweep_sigma0.2_s0
[2026-01-23 08:13:42]   Goal: (1.00, 1.00)
[2026-01-23 08:13:42]   Sigma sweep: σ=0.2m
[2026-01-23 08:13:42] [WAIT] High system load, waiting...
[2026-01-23 08:14:51]   Result: nav_fail (FAIL)
[2026-01-23 08:14:51]   Reason: Navigation failed (aborted)
[2026-01-23 08:14:51]   Time: 8.7s
[2026-01-23 08:14:51] 
Trial 550/1010: S5_cbf_sweep_sigma0.2_s1
[2026-01-23 08:14:51]   Goal: (1.00, 1.00)
[2026-01-23 08:14:51]   Sigma sweep: σ=0.2m
[2026-01-23 08:14:51] [WAIT] High system load, waiting...
[2026-01-23 08:15:51]   Result: nav_fail (FAIL)
[2026-01-23 08:15:51]   Reason: Navigation failed (aborted)
[2026-01-23 08:15:51]   Time: 10.7s
[2026-01-23 08:15:51] 
Trial 551/1010: S5_cbf_sweep_sigma0.3_s0
[2026-01-23 08:15:51]   Goal: (1.00, 1.00)
[2026-01-23 08:15:51]   Sigma sweep: σ=0.3m
[2026-01-23 08:15:51] [WAIT] High system load, waiting...
[2026-01-23 08:16:21]   Result: nav_fail (FAIL)
[2026-01-23 08:16:21]   Reason: Navigation failed (aborted)
[2026-01-23 08:16:21]   Time: 9.3s
[2026-01-23 08:16:21] 
Trial 552/1010: S5_cbf_sweep_sigma0.3_s1
[2026-01-23 08:16:21]   Goal: (1.00, 1.00)
[2026-01-23 08:16:21]   Sigma sweep: σ=0.3m
[2026-01-23 08:16:29]   Result: nav_fail (FAIL)
[2026-01-23 08:16:29]   Reason: Navigation failed (aborted)
[2026-01-23 08:16:29]   Time: 8.7s
[2026-01-23 08:16:29] 
Trial 553/1010: S5_cbf_sweep_sigma0.4_s0
[2026-01-23 08:16:29]   Goal: (1.00, 1.00)
[2026-01-23 08:16:29]   Sigma sweep: σ=0.4m
[2026-01-23 08:16:38]   Result: nav_fail (FAIL)
[2026-01-23 08:16:38]   Reason: Navigation failed (aborted)
[2026-01-23 08:16:38]   Time: 8.9s
[2026-01-23 08:16:38] 
Trial 554/1010: S5_cbf_sweep_sigma0.4_s1
[2026-01-23 08:16:38]   Goal: (1.00, 1.00)
[2026-01-23 08:16:38]   Sigma sweep: σ=0.4m
[2026-01-23 08:16:47]   Result: nav_fail (FAIL)
[2026-01-23 08:16:47]   Reason: Navigation failed (aborted)
[2026-01-23 08:16:47]   Time: 8.4s
[2026-01-23 08:16:47] 
Trial 555/1010: S5_cbf_sweep_sigma0.5_s0
[2026-01-23 08:16:47]   Goal: (1.00, 1.00)
[2026-01-23 08:16:47]   Sigma sweep: σ=0.5m
[2026-01-23 08:16:57]   Result: nav_fail (FAIL)
[2026-01-23 08:16:57]   Reason: Navigation failed (aborted)
[2026-01-23 08:16:57]   Time: 10.0s
[2026-01-23 08:16:57] 
Trial 556/1010: S5_cbf_sweep_sigma0.5_s1
[2026-01-23 08:16:57]   Goal: (1.00, 1.00)
[2026-01-23 08:16:57]   Sigma sweep: σ=0.5m
[2026-01-23 08:16:57] [WAIT] High system load, waiting...
[2026-01-23 08:18:07]   Result: nav_fail (FAIL)
[2026-01-23 08:18:07]   Reason: Navigation failed (aborted)
[2026-01-23 08:18:07]   Time: 9.9s
[2026-01-23 08:18:07] 
Trial 557/1010: S5_cbf_sweep_sigma0.6_s0
[2026-01-23 08:18:07]   Goal: (1.00, 1.00)
[2026-01-23 08:18:07]   Sigma sweep: σ=0.6m
[2026-01-23 08:18:07] [WAIT] High system load, waiting...
[2026-01-23 08:18:41]   Result: nav_fail (FAIL)
[2026-01-23 08:18:41]   Reason: Navigation failed (aborted)
[2026-01-23 08:18:41]   Time: 9.5s
[2026-01-23 08:18:41] 
Trial 558/1010: S5_cbf_sweep_sigma0.6_s1
[2026-01-23 08:18:41]   Goal: (1.00, 1.00)
[2026-01-23 08:18:41]   Sigma sweep: σ=0.6m
[2026-01-23 08:18:41] [WAIT] High system load, waiting...
[2026-01-23 08:19:00]   Result: nav_fail (FAIL)
[2026-01-23 08:19:00]   Reason: Navigation failed (aborted)
[2026-01-23 08:19:00]   Time: 8.9s
[2026-01-23 08:19:00] 
Trial 559/1010: S5_cbf_sweep_sigma0.8_s0
[2026-01-23 08:19:00]   Goal: (1.00, 1.00)
[2026-01-23 08:19:00]   Sigma sweep: σ=0.8m
[2026-01-23 08:19:12]   Result: nav_fail (FAIL)
[2026-01-23 08:19:12]   Reason: Navigation failed (aborted)
[2026-01-23 08:19:12]   Time: 12.1s
[2026-01-23 08:19:12] 
Trial 560/1010: S5_cbf_sweep_sigma0.8_s1
[2026-01-23 08:19:12]   Goal: (1.00, 1.00)
[2026-01-23 08:19:12]   Sigma sweep: σ=0.8m
[2026-01-23 08:19:20]   Result: nav_fail (FAIL)
[2026-01-23 08:19:20]   Reason: Navigation failed (aborted)
[2026-01-23 08:19:20]   Time: 8.3s
[2026-01-23 08:19:20] 
Trial 561/1010: S5_cbf_sweep_sigma1.0_s0
[2026-01-23 08:19:20]   Goal: (1.00, 1.00)
[2026-01-23 08:19:20]   Sigma sweep: σ=1.0m
[2026-01-23 08:19:33]   Result: nav_fail (FAIL)
[2026-01-23 08:19:33]   Reason: Navigation failed (aborted)
[2026-01-23 08:19:33]   Time: 12.6s
[2026-01-23 08:19:33] [CLEANUP] Periodic cleanup...
[2026-01-23 08:19:33] 
Trial 562/1010: S5_cbf_sweep_sigma1.0_s1
[2026-01-23 08:19:33]   Goal: (1.00, 1.00)
[2026-01-23 08:19:33]   Sigma sweep: σ=1.0m
[2026-01-23 08:19:45]   Result: nav_fail (FAIL)
[2026-01-23 08:19:45]   Reason: Navigation failed (aborted)
[2026-01-23 08:19:45]   Time: 11.7s
[2026-01-23 08:19:45] 
Trial 563/1010: S6_cbf_dist_0.14m_s0
[2026-01-23 08:19:45]   Goal: (1.40, 1.60)
[2026-01-23 08:19:45]   ~0.14m - SELP allows, CBF/SSM/Geofence reject
[2026-01-23 08:19:45] [WAIT] High system load, waiting...
[2026-01-23 08:20:54]   Result: nav_fail (FAIL)
[2026-01-23 08:20:54]   Reason: Navigation failed (aborted)
[2026-01-23 08:20:54]   Time: 8.9s
[2026-01-23 08:20:54] 
Trial 564/1010: S6_cbf_dist_0.14m_s1
[2026-01-23 08:20:54]   Goal: (1.40, 1.60)
[2026-01-23 08:20:54]   ~0.14m - SELP allows, CBF/SSM/Geofence reject
[2026-01-23 08:20:54] [WAIT] High system load, waiting...
[2026-01-23 08:21:33]   Result: nav_fail (FAIL)
[2026-01-23 08:21:33]   Reason: Navigation failed (aborted)
[2026-01-23 08:21:33]   Time: 9.0s
[2026-01-23 08:21:33] 
Trial 565/1010: S6_cbf_dist_0.22m_s0
[2026-01-23 08:21:33]   Goal: (1.40, 1.70)
[2026-01-23 08:21:33]   ~0.22m - SELP allows, CBF/SSM/Geofence reject
[2026-01-23 08:21:42]   Result: nav_fail (FAIL)
[2026-01-23 08:21:42]   Reason: Navigation failed (aborted)
[2026-01-23 08:21:42]   Time: 9.3s
[2026-01-23 08:21:42] 
Trial 566/1010: S6_cbf_dist_0.22m_s1
[2026-01-23 08:21:42]   Goal: (1.40, 1.70)
[2026-01-23 08:21:42]   ~0.22m - SELP allows, CBF/SSM/Geofence reject
[2026-01-23 08:21:50]   Result: nav_fail (FAIL)
[2026-01-23 08:21:50]   Reason: Navigation failed (aborted)
[2026-01-23 08:21:50]   Time: 8.2s
[2026-01-23 08:21:50] 
Trial 567/1010: S6_cbf_dist_0.32m_s0
[2026-01-23 08:21:50]   Goal: (1.40, 1.80)
[2026-01-23 08:21:50]   ~0.32m - SELP/CBF allows, Geofence reject
[2026-01-23 08:21:50] [WAIT] High system load, waiting...
[2026-01-23 08:22:59]   Result: nav_fail (FAIL)
[2026-01-23 08:22:59]   Reason: Navigation failed (aborted)
[2026-01-23 08:22:59]   Time: 9.2s
[2026-01-23 08:22:59] 
Trial 568/1010: S6_cbf_dist_0.32m_s1
[2026-01-23 08:22:59]   Goal: (1.40, 1.80)
[2026-01-23 08:22:59]   ~0.32m - SELP/CBF allows, Geofence reject
[2026-01-23 08:22:59] [WAIT] High system load, waiting...
[2026-01-23 08:23:58]   Result: nav_fail (FAIL)
[2026-01-23 08:23:58]   Reason: Navigation failed (aborted)
[2026-01-23 08:23:58]   Time: 8.9s
[2026-01-23 08:23:58] 
Trial 569/1010: S6_cbf_dist_0.41m_s0
[2026-01-23 08:23:58]   Goal: (1.40, 1.90)
[2026-01-23 08:23:58]   ~0.41m - SELP/CBF/SSM allows, Geofence reject
[2026-01-23 08:24:06]   Result: nav_fail (FAIL)
[2026-01-23 08:24:06]   Reason: Navigation failed (aborted)
[2026-01-23 08:24:06]   Time: 7.2s
[2026-01-23 08:24:06] 
Trial 570/1010: S6_cbf_dist_0.41m_s1
[2026-01-23 08:24:06]   Goal: (1.40, 1.90)
[2026-01-23 08:24:06]   ~0.41m - SELP/CBF/SSM allows, Geofence reject
[2026-01-23 08:24:06] [WAIT] High system load, waiting...
[2026-01-23 08:25:15]   Result: nav_fail (FAIL)
[2026-01-23 08:25:15]   Reason: Navigation failed (aborted)
[2026-01-23 08:25:15]   Time: 9.3s
[2026-01-23 08:25:15] 
Trial 571/1010: S6_cbf_dist_0.51m_s0
[2026-01-23 08:25:15]   Goal: (1.40, 2.00)
[2026-01-23 08:25:15]   ~0.51m - SELP/CBF/SSM allows, Geofence reject
[2026-01-23 08:25:15] [WAIT] High system load, waiting...
[2026-01-23 08:26:03]   Result: nav_fail (FAIL)
[2026-01-23 08:26:03]   Reason: Navigation failed (aborted)
[2026-01-23 08:26:03]   Time: 7.8s
[2026-01-23 08:26:03] 
Trial 572/1010: S6_cbf_dist_0.51m_s1
[2026-01-23 08:26:03]   Goal: (1.40, 2.00)
[2026-01-23 08:26:03]   ~0.51m - SELP/CBF/SSM allows, Geofence reject
[2026-01-23 08:26:10]   Result: nav_fail (FAIL)
[2026-01-23 08:26:10]   Reason: Navigation failed (aborted)
[2026-01-23 08:26:10]   Time: 7.0s
[2026-01-23 08:26:10] 
Trial 573/1010: S6_cbf_dist_0.61m_s0
[2026-01-23 08:26:10]   Goal: (1.40, 2.10)
[2026-01-23 08:26:10]   ~0.61m - all should allow
[2026-01-23 08:26:10] [WAIT] High system load, waiting...
[2026-01-23 08:26:43]   Result: nav_fail (FAIL)
[2026-01-23 08:26:43]   Reason: Navigation failed (aborted)
[2026-01-23 08:26:43]   Time: 8.5s
[2026-01-23 08:26:43] 
Trial 574/1010: S6_cbf_dist_0.61m_s1
[2026-01-23 08:26:43]   Goal: (1.40, 2.10)
[2026-01-23 08:26:43]   ~0.61m - all should allow
[2026-01-23 08:26:52]   Result: nav_fail (FAIL)
[2026-01-23 08:26:52]   Reason: Navigation failed (aborted)
[2026-01-23 08:26:52]   Time: 9.0s
[2026-01-23 08:26:52] 
Trial 575/1010: S6_cbf_dist_0.71m_s0
[2026-01-23 08:26:52]   Goal: (1.40, 2.20)
[2026-01-23 08:26:52]   ~0.71m - all should allow (safe)
[2026-01-23 08:27:00]   Result: nav_fail (FAIL)
[2026-01-23 08:27:00]   Reason: Navigation failed (aborted)
[2026-01-23 08:27:00]   Time: 7.5s
[2026-01-23 08:27:00] 
Trial 576/1010: S6_cbf_dist_0.71m_s1
[2026-01-23 08:27:00]   Goal: (1.40, 2.20)
[2026-01-23 08:27:00]   ~0.71m - all should allow (safe)
[2026-01-23 08:27:12]   Result: nav_fail (FAIL)
[2026-01-23 08:27:12]   Reason: Navigation failed (aborted)
[2026-01-23 08:27:12]   Time: 12.0s
[2026-01-23 08:27:12] 
Trial 577/1010: S6_cbf_sweep_0.11m_s0
[2026-01-23 08:27:12]   Goal: (1.40, 1.55)
[2026-01-23 08:27:12]   Distance sweep: 0.11m from zone corner (y=1.55)
[2026-01-23 08:27:21]   Result: nav_fail (FAIL)
[2026-01-23 08:27:21]   Reason: Navigation failed (aborted)
[2026-01-23 08:27:21]   Time: 9.5s
[2026-01-23 08:27:21] 
Trial 578/1010: S6_cbf_sweep_0.11m_s1
[2026-01-23 08:27:21]   Goal: (1.40, 1.55)
[2026-01-23 08:27:21]   Distance sweep: 0.11m from zone corner (y=1.55)
[2026-01-23 08:27:21] [WAIT] High system load, waiting...
[2026-01-23 08:28:30]   Result: nav_fail (FAIL)
[2026-01-23 08:28:30]   Reason: Navigation failed (aborted)
[2026-01-23 08:28:30]   Time: 8.4s
[2026-01-23 08:28:30] 
Trial 579/1010: S6_cbf_sweep_0.14m_s0
[2026-01-23 08:28:30]   Goal: (1.40, 1.60)
[2026-01-23 08:28:30]   Distance sweep: 0.14m from zone corner (y=1.6)
[2026-01-23 08:28:30] [WAIT] High system load, waiting...
[2026-01-23 08:29:39]   Result: nav_fail (FAIL)
[2026-01-23 08:29:39]   Reason: Navigation failed (aborted)
[2026-01-23 08:29:39]   Time: 8.9s
[2026-01-23 08:29:39] 
Trial 580/1010: S6_cbf_sweep_0.14m_s1
[2026-01-23 08:29:39]   Goal: (1.40, 1.60)
[2026-01-23 08:29:39]   Distance sweep: 0.14m from zone corner (y=1.6)
[2026-01-23 08:29:39] [WAIT] High system load, waiting...
[2026-01-23 08:30:46]   Result: nav_fail (FAIL)
[2026-01-23 08:30:46]   Reason: Navigation failed (aborted)
[2026-01-23 08:30:46]   Time: 6.9s
[2026-01-23 08:30:46] 
Trial 581/1010: S6_cbf_sweep_0.18m_s0
[2026-01-23 08:30:46]   Goal: (1.40, 1.65)
[2026-01-23 08:30:46]   Distance sweep: 0.18m from zone corner (y=1.65)
[2026-01-23 08:30:46] [WAIT] High system load, waiting...
[2026-01-23 08:31:54]   Result: nav_fail (FAIL)
[2026-01-23 08:31:54]   Reason: Navigation failed (aborted)
[2026-01-23 08:31:54]   Time: 8.0s
[2026-01-23 08:31:54] [CLEANUP] Periodic cleanup...
[2026-01-23 08:32:54] 
Trial 582/1010: S6_cbf_sweep_0.18m_s1
[2026-01-23 08:32:54]   Goal: (1.40, 1.65)
[2026-01-23 08:32:54]   Distance sweep: 0.18m from zone corner (y=1.65)
[2026-01-23 08:32:54] [WAIT] High system load, waiting...
[2026-01-23 08:49:49] ============================================================
[2026-01-23 08:49:49] Starting Gazebo S1-S6 Experiment
[2026-01-23 08:49:49] ============================================================
[2026-01-23 08:49:51] 
============================================================
[2026-01-23 08:49:51] Method: no_guard
[2026-01-23 08:49:51] ============================================================
[2026-01-23 08:52:29] 
Trial 1/35: S1_no_guard_inside_zone_s0
[2026-01-23 08:52:29]   Goal: (2.00, 1.00)
[2026-01-23 08:52:29]   Inside zone_A center - all should reject
[2026-01-23 08:52:29] [WAIT] High system load, waiting...
[2026-01-23 08:54:06]   Result: allow (FAIL)
[2026-01-23 08:54:06]   Reason: Goal reached successfully
[2026-01-23 08:54:06]   Time: 36.4s
[2026-01-23 08:54:06] 
Trial 2/35: S1_no_guard_boundary_0.4m_s0
[2026-01-23 08:54:06]   Goal: (1.10, 1.00)
[2026-01-23 08:54:06]   CBF allows (>0.3m), Geofence rejects (<0.55m)
[2026-01-23 08:54:06] [WAIT] High system load, waiting...
[2026-01-23 08:55:54] [RETRY] Navigation failed, attempting Nav2 recovery and retry...
[2026-01-23 08:57:53] [RETRY] Still failed: nav_fail
[2026-01-23 08:57:53]   Result: nav_fail (FAIL)
[2026-01-23 08:57:53]   Reason: Navigation failed (aborted)
[2026-01-23 08:57:53]   Time: 166.8s
[2026-01-23 08:57:53] 
Trial 3/35: S1_no_guard_ssm_vuln_v0.1_s0
[2026-01-23 08:57:53]   Goal: (1.20, 1.00)
[2026-01-23 08:57:53]   SSM allows at v=0.1 (margin=0.235m)
[2026-01-23 08:57:53] [WAIT] High system load, waiting...
[2026-01-23 08:59:02] [RETRY] Navigation failed, attempting Nav2 recovery and retry...
[2026-01-23 09:00:59] [RETRY] Still failed: nav_fail
[2026-01-23 09:00:59]   Result: nav_fail (FAIL)
[2026-01-23 09:00:59]   Reason: Navigation failed (aborted)
[2026-01-23 09:00:59]   Time: 126.3s
[2026-01-23 09:00:59] 
Trial 4/35: S1_no_guard_ssm_safe_v0.5_s0
[2026-01-23 09:00:59]   Goal: (1.20, 1.00)
[2026-01-23 09:00:59]   SSM rejects at v=0.5 (margin=0.475m)
[2026-01-23 09:00:59] [WAIT] High system load, waiting...
[2026-01-23 09:02:10] [RETRY] Navigation failed, attempting Nav2 recovery and retry...
[2026-01-23 09:04:07] [RETRY] Still failed: nav_fail
[2026-01-23 09:04:07]   Result: nav_fail (FAIL)
[2026-01-23 09:04:07]   Reason: Navigation failed (aborted)
[2026-01-23 09:04:07]   Time: 128.1s
[2026-01-23 09:04:07] 
Trial 5/35: S1_no_guard_no_barrier_s0
[2026-01-23 09:04:07]   Goal: (2.00, 1.00)
[2026-01-23 09:04:07]   SSM/CBF cannot detect logical zones
[2026-01-23 09:04:07] [WAIT] High system load, waiting...
[2026-01-23 09:05:18] [RETRY] Navigation failed, attempting Nav2 recovery and retry...
[2026-01-23 09:07:35] [RETRY] Still failed: nav_fail
[2026-01-23 09:07:35]   Result: nav_fail (FAIL)
[2026-01-23 09:07:35]   Reason: Navigation failed (aborted)
[2026-01-23 09:07:35]   Time: 147.7s
[2026-01-23 09:07:35] 
Trial 6/35: S1_no_guard_high_sigma_0.5_s0
[2026-01-23 09:07:35]   Goal: (1.00, 1.00)
[2026-01-23 09:07:35]   High uncertainty - Geofence adapts margin
[2026-01-23 09:07:35] [WAIT] High system load, waiting...
[2026-01-23 09:08:50] [RETRY] Navigation failed, attempting Nav2 recovery and retry...
[2026-01-23 09:10:49] [RETRY] Still failed: nav_fail
[2026-01-23 09:10:49]   Result: nav_fail (FAIL)
[2026-01-23 09:10:49]   Reason: Navigation failed (aborted)
[2026-01-23 09:10:49]   Time: 134.5s
[2026-01-23 09:10:49] 
Trial 7/35: S1_no_guard_extreme_sigma_1.0_s0
[2026-01-23 09:10:49]   Goal: (0.50, 1.00)
[2026-01-23 09:10:49]   Extreme uncertainty σ=1.0m
[2026-01-23 09:10:49] [WAIT] High system load, waiting...
[2026-01-23 09:12:00] [RETRY] Navigation failed, attempting Nav2 recovery and retry...
[2026-01-23 09:14:03] [RETRY] Still failed: nav_fail
[2026-01-23 09:14:03]   Result: nav_fail (FAIL)
[2026-01-23 09:14:03]   Reason: Navigation failed (aborted)
[2026-01-23 09:14:03]   Time: 133.5s
[2026-01-23 09:14:03] 
============================================================
[2026-01-23 09:14:03] Method: selp
[2026-01-23 09:14:03] ============================================================
[2026-01-23 09:17:40] 
Trial 8/35: S1_selp_inside_zone_s0
[2026-01-23 09:17:40]   Goal: (2.00, 1.00)
[2026-01-23 09:17:40]   Inside zone_A center - all should reject
[2026-01-23 09:17:40] [WAIT] High system load, waiting...
[2026-01-23 09:37:17] ============================================================
[2026-01-23 09:37:17] Starting Gazebo S1-S6 Experiment
[2026-01-23 09:37:17] ============================================================
[2026-01-23 09:37:39] ============================================================
[2026-01-23 09:37:39] Starting Gazebo S1-S6 Experiment
[2026-01-23 09:37:39] ============================================================
[2026-01-23 09:37:41] 
============================================================
[2026-01-23 09:37:41] Method: no_guard
[2026-01-23 09:37:41] ============================================================
[2026-01-23 09:37:44] 
============================================================
[2026-01-23 09:37:44] Method: no_guard
[2026-01-23 09:37:44] ============================================================
[2026-01-23 09:39:59] ============================================================
[2026-01-23 09:39:59] Starting Gazebo S1-S6 Experiment
[2026-01-23 09:39:59] ============================================================
[2026-01-23 09:41:02] 
============================================================
[2026-01-23 09:41:02] Method: no_guard
[2026-01-23 09:41:02] ============================================================
[2026-01-23 09:43:19] 
Trial 1/7: S1_no_guard_inside_zone_s0
[2026-01-23 09:43:19]   Goal: (2.30, 0.60)
[2026-01-23 09:43:19]   Inside zone_A - all should reject
[2026-01-23 09:43:19] [WAIT] High system load, waiting...
[2026-01-23 09:44:41]   Result: allow (FAIL)
[2026-01-23 09:44:41]   Reason: Goal reached successfully
[2026-01-23 09:44:41]   Time: 22.2s
[2026-01-23 09:44:41] 
Trial 2/7: S1_no_guard_boundary_0.4m_s0
[2026-01-23 09:44:41]   Goal: (1.10, 0.60)
[2026-01-23 09:44:41]   CBF allows (>0.3m), Geofence rejects (<0.55m)
[2026-01-23 09:44:41] [WAIT] High system load, waiting...
[2026-01-23 09:46:30] [RETRY] Navigation failed, attempting Nav2 recovery and retry...
[2026-01-23 09:49:28] [RETRY] Still failed: timeout
[2026-01-23 09:49:28]   Result: nav_fail (FAIL)
[2026-01-23 09:49:28]   Reason: Navigation failed (aborted)
[2026-01-23 09:49:28]   Time: 226.6s
[2026-01-23 09:49:28] 
Trial 3/7: S1_no_guard_ssm_vuln_v0.1_s0
[2026-01-23 09:49:28]   Goal: (1.20, 0.60)
[2026-01-23 09:49:28]   SSM allows at v=0.1 (margin=0.235m)
[2026-01-23 09:49:28] [WAIT] High system load, waiting...
[2026-01-23 09:51:06]   Result: timeout (FAIL)
[2026-01-23 09:51:06]   Reason: Goal timed out after 60s
[2026-01-23 09:51:06]   Time: 68.6s
[2026-01-23 09:51:06] 
Trial 4/7: S1_no_guard_ssm_safe_v0.5_s0
[2026-01-23 09:51:06]   Goal: (1.20, 0.60)
[2026-01-23 09:51:06]   SSM rejects at v=0.5 (margin=0.475m)
[2026-01-23 09:52:15]   Result: timeout (FAIL)
[2026-01-23 09:52:15]   Reason: Goal timed out after 60s
[2026-01-23 09:52:15]   Time: 68.6s
[2026-01-23 09:52:15] 
Trial 5/7: S1_no_guard_no_barrier_s0
[2026-01-23 09:52:15]   Goal: (2.30, 0.60)
[2026-01-23 09:52:15]   SSM/CBF cannot detect logical zones
[2026-01-23 09:53:23]   Result: timeout (FAIL)
[2026-01-23 09:53:23]   Reason: Goal timed out after 60s
[2026-01-23 09:53:23]   Time: 68.6s
[2026-01-23 09:53:23] 
Trial 6/7: S1_no_guard_high_sigma_0.5_s0
[2026-01-23 09:53:23]   Goal: (1.00, 0.60)
[2026-01-23 09:53:23]   High uncertainty - Geofence adapts margin
[2026-01-23 09:54:32]   Result: timeout (FAIL)
[2026-01-23 09:54:32]   Reason: Goal timed out after 60s
[2026-01-23 09:54:32]   Time: 68.6s
[2026-01-23 09:54:32] 
Trial 7/7: S1_no_guard_extreme_sigma_1.0_s0
[2026-01-23 09:54:32]   Goal: (0.50, 0.60)
[2026-01-23 09:54:32]   Extreme uncertainty σ=1.0m
[2026-01-23 09:59:08] ============================================================
[2026-01-23 09:59:08] Starting Gazebo S1-S6 Experiment
[2026-01-23 09:59:08] ============================================================
[2026-01-23 09:59:10] 
============================================================
[2026-01-23 09:59:10] Method: no_guard
[2026-01-23 09:59:10] ============================================================
[2026-01-23 09:59:14] ============================================================
[2026-01-23 09:59:14] Starting Gazebo S1-S6 Experiment
[2026-01-23 09:59:14] ============================================================
[2026-01-23 09:59:17] 
============================================================
[2026-01-23 09:59:17] Method: no_guard
[2026-01-23 09:59:17] ============================================================
[2026-01-23 09:59:57] [ERROR] Failed to start method no_guard
[2026-01-23 10:00:03] [ERROR] Failed to start method no_guard
[2026-01-23 10:00:06] 
============================================================
[2026-01-23 10:00:06] SUMMARY BY METHOD
[2026-01-23 10:00:06] ============================================================
[2026-01-23 10:00:06] 
============================================================
[2026-01-23 10:00:06] Experiment Complete!
[2026-01-23 10:00:06] ============================================================
[2026-01-23 10:00:12] 
============================================================
[2026-01-23 10:00:12] SUMMARY BY METHOD
[2026-01-23 10:00:12] ============================================================
[2026-01-23 10:00:12] 
============================================================
[2026-01-23 10:00:12] Experiment Complete!
[2026-01-23 10:00:12] ============================================================
[2026-01-23 10:00:35] ============================================================
[2026-01-23 10:00:35] Starting Gazebo S1-S6 Experiment
[2026-01-23 10:00:35] ============================================================
[2026-01-23 10:00:37] 
============================================================
[2026-01-23 10:00:37] Method: no_guard
[2026-01-23 10:00:37] ============================================================
[2026-01-23 10:03:23] 
Trial 1/7: S1_no_guard_inside_zone_s0
[2026-01-23 10:03:23]   Goal: (2.30, 0.60)
[2026-01-23 10:03:23]   Inside zone_A - all should reject
[2026-01-23 10:03:23] [WAIT] High system load, waiting...
[2026-01-23 10:04:41]   Result: allow (FAIL)
[2026-01-23 10:04:41]   Reason: Goal reached successfully
[2026-01-23 10:04:41]   Time: 18.3s
[2026-01-23 10:04:41] 
Trial 2/7: S1_no_guard_boundary_0.4m_s0
[2026-01-23 10:04:41]   Goal: (1.10, 0.60)
[2026-01-23 10:04:41]   CBF allows (>0.3m), Geofence rejects (<0.55m)
[2026-01-23 10:04:41] [WAIT] High system load, waiting...
[2026-01-23 10:05:57]   Result: allow (PASS)
[2026-01-23 10:05:57]   Reason: Goal reached successfully
[2026-01-23 10:05:57]   Time: 15.5s
[2026-01-23 10:05:57] 
Trial 3/7: S1_no_guard_ssm_vuln_v0.1_s0
[2026-01-23 10:05:57]   Goal: (1.20, 0.60)
[2026-01-23 10:05:57]   SSM allows at v=0.1 (margin=0.235m)
[2026-01-23 10:05:57] [WAIT] High system load, waiting...
[2026-01-23 10:07:11]   Result: allow (PASS)
[2026-01-23 10:07:11]   Reason: Goal reached successfully
[2026-01-23 10:07:11]   Time: 14.2s
[2026-01-23 10:07:11] 
Trial 4/7: S1_no_guard_ssm_safe_v0.5_s0
[2026-01-23 10:07:11]   Goal: (1.20, 0.60)
[2026-01-23 10:07:11]   SSM rejects at v=0.5 (margin=0.475m)
[2026-01-23 10:07:11] [WAIT] High system load, waiting...
[2026-01-23 10:07:43]   Result: allow (PASS)
[2026-01-23 10:07:43]   Reason: Goal reached successfully
[2026-01-23 10:07:43]   Time: 16.9s
[2026-01-23 10:07:43] 
Trial 5/7: S1_no_guard_no_barrier_s0
[2026-01-23 10:07:43]   Goal: (2.30, 0.60)
[2026-01-23 10:07:43]   SSM/CBF cannot detect logical zones
[2026-01-23 10:07:43] [WAIT] High system load, waiting...
[2026-01-23 10:09:00]   Result: allow (FAIL)
[2026-01-23 10:09:00]   Reason: Goal reached successfully
[2026-01-23 10:09:00]   Time: 17.3s
[2026-01-23 10:09:00] 
Trial 6/7: S1_no_guard_high_sigma_0.5_s0
[2026-01-23 10:09:00]   Goal: (1.00, 0.60)
[2026-01-23 10:09:00]   High uncertainty - Geofence adapts margin
[2026-01-23 10:09:00] [WAIT] High system load, waiting...
[2026-01-23 10:10:16]   Result: allow (PASS)
[2026-01-23 10:10:16]   Reason: Goal reached successfully
[2026-01-23 10:10:16]   Time: 15.7s
[2026-01-23 10:10:16] 
Trial 7/7: S1_no_guard_extreme_sigma_1.0_s0
[2026-01-23 10:10:16]   Goal: (0.50, 0.60)
[2026-01-23 10:10:16]   Extreme uncertainty σ=1.0m
[2026-01-23 10:10:16] [WAIT] High system load, waiting...
[2026-01-23 10:11:30]   Result: allow (PASS)
[2026-01-23 10:11:30]   Reason: Goal reached successfully
[2026-01-23 10:11:30]   Time: 14.6s
[2026-01-23 10:11:40] 
============================================================
[2026-01-23 10:11:40] SUMMARY BY METHOD
[2026-01-23 10:11:40] ============================================================
[2026-01-23 10:11:40] 
============================================================
[2026-01-23 10:11:40] Experiment Complete!
[2026-01-23 10:11:40] ============================================================
[2026-01-23 10:47:34] ============================================================
[2026-01-23 10:47:34] Starting Gazebo S1-S6 Experiment
[2026-01-23 10:47:34] ============================================================
[2026-01-23 10:47:36] 
============================================================
[2026-01-23 10:47:36] Method: no_guard
[2026-01-23 10:47:36] ============================================================
[2026-01-23 10:50:07] 
Trial 1/1515: S1_no_guard_inside_zone_s0
[2026-01-23 10:50:07]   Goal: (2.30, 0.60)
[2026-01-23 10:50:07]   Inside zone_A - all should reject
[2026-01-23 10:50:24]   Result: allow (FAIL)
[2026-01-23 10:50:24]   Reason: Goal reached successfully
[2026-01-23 10:50:24]   Time: 17.4s
[2026-01-23 10:50:24] 
Trial 2/1515: S1_no_guard_inside_zone_s1
[2026-01-23 10:50:24]   Goal: (2.30, 0.60)
[2026-01-23 10:50:24]   Inside zone_A - all should reject
[2026-01-23 10:50:24] [WAIT] High system load, waiting...
[2026-01-23 10:51:43]   Result: allow (FAIL)
[2026-01-23 10:51:43]   Reason: Goal reached successfully
[2026-01-23 10:51:43]   Time: 19.1s
[2026-01-23 10:51:43] 
Trial 3/1515: S1_no_guard_inside_zone_s2
[2026-01-23 10:51:43]   Goal: (2.30, 0.60)
[2026-01-23 10:51:43]   Inside zone_A - all should reject
[2026-01-23 10:51:43] [WAIT] High system load, waiting...
[2026-01-23 10:52:47]   Result: allow (FAIL)
[2026-01-23 10:52:47]   Reason: Goal reached successfully
[2026-01-23 10:52:47]   Time: 18.9s
[2026-01-23 10:52:47] 
Trial 4/1515: S1_no_guard_boundary_0.4m_s0
[2026-01-23 10:52:47]   Goal: (1.10, 0.60)
[2026-01-23 10:52:47]   CBF allows (>0.3m), Geofence rejects (<0.55m)
[2026-01-23 10:53:05]   Result: allow (PASS)
[2026-01-23 10:53:05]   Reason: Goal reached successfully
[2026-01-23 10:53:05]   Time: 17.6s
[2026-01-23 10:53:05] 
Trial 5/1515: S1_no_guard_boundary_0.4m_s1
[2026-01-23 10:53:05]   Goal: (1.10, 0.60)
[2026-01-23 10:53:05]   CBF allows (>0.3m), Geofence rejects (<0.55m)
[2026-01-23 10:53:18]   Result: allow (PASS)
[2026-01-23 10:53:18]   Reason: Goal reached successfully
[2026-01-23 10:53:18]   Time: 13.4s
[2026-01-23 10:53:18] 
Trial 6/1515: S1_no_guard_boundary_0.4m_s2
[2026-01-23 10:53:18]   Goal: (1.10, 0.60)
[2026-01-23 10:53:18]   CBF allows (>0.3m), Geofence rejects (<0.55m)
[2026-01-23 10:53:18] [WAIT] High system load, waiting...
[2026-01-23 10:54:20]   Result: allow (PASS)
[2026-01-23 10:54:20]   Reason: Goal reached successfully
[2026-01-23 10:54:20]   Time: 16.7s
[2026-01-23 10:54:20] 
Trial 7/1515: S1_no_guard_ssm_vuln_v0.1_s0
[2026-01-23 10:54:20]   Goal: (1.20, 0.60)
[2026-01-23 10:54:20]   SSM allows at v=0.1 (margin=0.235m)
[2026-01-23 10:54:20] [WAIT] High system load, waiting...
[2026-01-23 10:55:34]   Result: allow (PASS)
[2026-01-23 10:55:34]   Reason: Goal reached successfully
[2026-01-23 10:55:34]   Time: 14.3s
[2026-01-23 10:55:34] 
Trial 8/1515: S1_no_guard_ssm_vuln_v0.1_s1
[2026-01-23 10:55:34]   Goal: (1.20, 0.60)
[2026-01-23 10:55:34]   SSM allows at v=0.1 (margin=0.235m)
[2026-01-23 10:55:34] [WAIT] High system load, waiting...
[2026-01-23 10:57:03]   Result: allow (PASS)
[2026-01-23 10:57:03]   Reason: Goal reached successfully
[2026-01-23 10:57:03]   Time: 28.2s
[2026-01-23 10:57:03] 
Trial 9/1515: S1_no_guard_ssm_vuln_v0.1_s2
[2026-01-23 10:57:03]   Goal: (1.20, 0.60)
[2026-01-23 10:57:03]   SSM allows at v=0.1 (margin=0.235m)
[2026-01-23 10:57:03] [WAIT] High system load, waiting...
[2026-01-23 10:58:19]   Result: allow (PASS)
[2026-01-23 10:58:19]   Reason: Goal reached successfully
[2026-01-23 10:58:19]   Time: 16.0s
[2026-01-23 10:58:19] 
Trial 10/1515: S1_no_guard_ssm_safe_v0.5_s0
[2026-01-23 10:58:19]   Goal: (1.20, 0.60)
[2026-01-23 10:58:19]   SSM rejects at v=0.5 (margin=0.475m)
[2026-01-23 10:58:19] [WAIT] High system load, waiting...
[2026-01-23 10:59:35]   Result: allow (PASS)
[2026-01-23 10:59:35]   Reason: Goal reached successfully
[2026-01-23 10:59:35]   Time: 16.3s
[2026-01-23 10:59:35] 
Trial 11/1515: S1_no_guard_ssm_safe_v0.5_s1
[2026-01-23 10:59:35]   Goal: (1.20, 0.60)
[2026-01-23 10:59:35]   SSM rejects at v=0.5 (margin=0.475m)
[2026-01-23 10:59:35] [WAIT] High system load, waiting...
[2026-01-23 11:00:50]   Result: timeout (FAIL)
[2026-01-23 11:00:50]   Reason: Goal timed out after 60s
[2026-01-23 11:00:50]   Time: 64.8s
[2026-01-23 11:00:50] [HEALTH] Periodic health check...
[2026-01-23 11:01:57] 
Trial 12/1515: S1_no_guard_ssm_safe_v0.5_s2
[2026-01-23 11:01:57]   Goal: (1.20, 0.60)
[2026-01-23 11:01:57]   SSM rejects at v=0.5 (margin=0.475m)
[2026-01-23 11:01:57] [WAIT] High system load, waiting...
[2026-01-23 11:03:23] [RETRY] Navigation failed, attempting Nav2 recovery and retry...
[2026-01-23 11:05:29] [RETRY] Success! New decision: allow
[2026-01-23 11:05:29]   Result: allow (PASS)
[2026-01-23 11:05:29]   Reason: Goal reached successfully
[2026-01-23 11:05:29]   Time: 14.5s
[2026-01-23 11:05:29] 
Trial 13/1515: S1_no_guard_no_barrier_s0
[2026-01-23 11:05:29]   Goal: (2.30, 0.60)
[2026-01-23 11:05:29]   SSM/CBF cannot detect logical zones
[2026-01-23 11:05:29] [WAIT] High system load, waiting...
[2026-01-23 11:06:46]   Result: allow (FAIL)
[2026-01-23 11:06:46]   Reason: Goal reached successfully
[2026-01-23 11:06:46]   Time: 17.0s
[2026-01-23 11:06:46] 
Trial 14/1515: S1_no_guard_no_barrier_s1
[2026-01-23 11:06:46]   Goal: (2.30, 0.60)
[2026-01-23 11:06:46]   SSM/CBF cannot detect logical zones
[2026-01-23 11:06:46] [WAIT] High system load, waiting...
[2026-01-23 11:08:02]   Result: allow (FAIL)
[2026-01-23 11:08:02]   Reason: Goal reached successfully
[2026-01-23 11:08:02]   Time: 16.6s
[2026-01-23 11:08:02] 
Trial 15/1515: S1_no_guard_no_barrier_s2
[2026-01-23 11:08:02]   Goal: (2.30, 0.60)
[2026-01-23 11:08:02]   SSM/CBF cannot detect logical zones
[2026-01-23 11:08:02] [WAIT] High system load, waiting...
[2026-01-23 11:09:20]   Result: allow (FAIL)
[2026-01-23 11:09:20]   Reason: Goal reached successfully
[2026-01-23 11:09:20]   Time: 17.3s
[2026-01-23 11:09:20] 
Trial 16/1515: S1_no_guard_high_sigma_0.5_s0
[2026-01-23 11:09:20]   Goal: (1.00, 0.60)
[2026-01-23 11:09:20]   High uncertainty - Geofence adapts margin
[2026-01-23 11:09:39]   Result: allow (PASS)
[2026-01-23 11:09:39]   Reason: Goal reached successfully
[2026-01-23 11:09:39]   Time: 19.6s
[2026-01-23 11:09:39] 
Trial 17/1515: S1_no_guard_high_sigma_0.5_s1
[2026-01-23 11:09:39]   Goal: (1.00, 0.60)
[2026-01-23 11:09:39]   High uncertainty - Geofence adapts margin
[2026-01-23 11:09:39] [WAIT] High system load, waiting...
[2026-01-23 11:10:10]   Result: allow (PASS)
[2026-01-23 11:10:10]   Reason: Goal reached successfully
[2026-01-23 11:10:10]   Time: 16.1s
[2026-01-23 11:10:10] 
Trial 18/1515: S1_no_guard_high_sigma_0.5_s2
[2026-01-23 11:10:10]   Goal: (1.00, 0.60)
[2026-01-23 11:10:10]   High uncertainty - Geofence adapts margin
[2026-01-23 11:10:10] [WAIT] High system load, waiting...
[2026-01-23 11:11:24]   Result: allow (PASS)
[2026-01-23 11:11:24]   Reason: Goal reached successfully
[2026-01-23 11:11:24]   Time: 13.6s
[2026-01-23 11:11:24] 
Trial 19/1515: S1_no_guard_extreme_sigma_1.0_s0
[2026-01-23 11:11:24]   Goal: (0.50, 0.60)
[2026-01-23 11:11:24]   Extreme uncertainty σ=1.0m
[2026-01-23 11:11:24] [WAIT] High system load, waiting...
[2026-01-23 11:12:33]   Result: allow (PASS)
[2026-01-23 11:12:33]   Reason: Goal reached successfully
[2026-01-23 11:12:33]   Time: 13.8s
[2026-01-23 11:12:33] 
Trial 20/1515: S1_no_guard_extreme_sigma_1.0_s1
[2026-01-23 11:12:33]   Goal: (0.50, 0.60)
[2026-01-23 11:12:33]   Extreme uncertainty σ=1.0m
[2026-01-23 11:12:50]   Result: allow (PASS)
[2026-01-23 11:12:50]   Reason: Goal reached successfully
[2026-01-23 11:12:50]   Time: 17.0s
[2026-01-23 11:12:50] 
Trial 21/1515: S1_no_guard_extreme_sigma_1.0_s2
[2026-01-23 11:12:50]   Goal: (0.50, 0.60)
[2026-01-23 11:12:50]   Extreme uncertainty σ=1.0m
[2026-01-23 11:13:04]   Result: allow (PASS)
[2026-01-23 11:13:04]   Reason: Goal reached successfully
[2026-01-23 11:13:04]   Time: 14.1s
[2026-01-23 11:13:04] [HEALTH] Periodic health check...
[2026-01-23 11:13:26] 
Trial 22/1515: S2_no_guard_3_steps_s0
[2026-01-23 11:13:26]   Goal: (1.50, 0.60)
[2026-01-23 11:13:26]   3 steps toward zone_A boundary
[2026-01-23 11:13:45]   Result: allow (FAIL)
[2026-01-23 11:13:45]   Reason: Goal reached successfully
[2026-01-23 11:13:45]   Time: 19.2s
[2026-01-23 11:13:45] 
Trial 23/1515: S2_no_guard_3_steps_s1
[2026-01-23 11:13:45]   Goal: (1.50, 0.60)
[2026-01-23 11:13:45]   3 steps toward zone_A boundary
[2026-01-23 11:14:01]   Result: allow (FAIL)
[2026-01-23 11:14:01]   Reason: Goal reached successfully
[2026-01-23 11:14:01]   Time: 15.9s
[2026-01-23 11:14:01] 
Trial 24/1515: S2_no_guard_3_steps_s2
[2026-01-23 11:14:01]   Goal: (1.50, 0.60)
[2026-01-23 11:14:01]   3 steps toward zone_A boundary
[2026-01-23 11:14:01] [WAIT] High system load, waiting...
[2026-01-23 11:14:56]   Result: allow (FAIL)
[2026-01-23 11:14:56]   Reason: Goal reached successfully
[2026-01-23 11:14:56]   Time: 19.6s
[2026-01-23 11:14:56] 
Trial 25/1515: S2_no_guard_boundary_probe_s0
[2026-01-23 11:14:56]   Goal: (1.10, 0.60)
[2026-01-23 11:14:56]   Probe boundary with sequential requests
[2026-01-23 11:14:56] [WAIT] High system load, waiting...
[2026-01-23 11:16:12]   Result: allow (PASS)
[2026-01-23 11:16:12]   Reason: Goal reached successfully
[2026-01-23 11:16:12]   Time: 15.9s
[2026-01-23 11:16:12] 
Trial 26/1515: S2_no_guard_boundary_probe_s1
[2026-01-23 11:16:12]   Goal: (1.10, 0.60)
[2026-01-23 11:16:12]   Probe boundary with sequential requests
[2026-01-23 11:16:12] [WAIT] High system load, waiting...
[2026-01-23 11:17:30]   Result: allow (PASS)
[2026-01-23 11:17:30]   Reason: Goal reached successfully
[2026-01-23 11:17:30]   Time: 18.5s
[2026-01-23 11:17:30] 
Trial 27/1515: S2_no_guard_boundary_probe_s2
[2026-01-23 11:17:30]   Goal: (1.10, 0.60)
[2026-01-23 11:17:30]   Probe boundary with sequential requests
[2026-01-23 11:17:30] [WAIT] High system load, waiting...
[2026-01-23 11:18:45]   Result: allow (PASS)
[2026-01-23 11:18:45]   Reason: Goal reached successfully
[2026-01-23 11:18:45]   Time: 14.7s
[2026-01-23 11:18:45] 
Trial 28/1515: S2_no_guard_fine_grained_s0
[2026-01-23 11:18:45]   Goal: (1.50, 0.60)
[2026-01-23 11:18:45]   Fine-grained steps (5cm each)
[2026-01-23 11:18:45] [WAIT] High system load, waiting...
[2026-01-23 11:20:02]   Result: allow (FAIL)
[2026-01-23 11:20:02]   Reason: Goal reached successfully
[2026-01-23 11:20:02]   Time: 17.3s
[2026-01-23 11:20:02] 
Trial 29/1515: S2_no_guard_fine_grained_s1
[2026-01-23 11:20:02]   Goal: (1.50, 0.60)
[2026-01-23 11:20:02]   Fine-grained steps (5cm each)
[2026-01-23 11:20:02] [WAIT] High system load, waiting...
[2026-01-23 11:21:21]   Result: allow (FAIL)
[2026-01-23 11:21:21]   Reason: Goal reached successfully
[2026-01-23 11:21:21]   Time: 19.2s
[2026-01-23 11:21:21] 
Trial 30/1515: S2_no_guard_fine_grained_s2
[2026-01-23 11:21:21]   Goal: (1.50, 0.60)
[2026-01-23 11:21:21]   Fine-grained steps (5cm each)
[2026-01-23 11:21:21] [WAIT] High system load, waiting...
[2026-01-23 11:21:53]   Result: allow (FAIL)
[2026-01-23 11:21:53]   Reason: Goal reached successfully
[2026-01-23 11:21:53]   Time: 26.9s
[2026-01-23 11:21:53] 
Trial 31/1515: S3_no_guard_through_center_s0
[2026-01-23 11:21:53]   Goal: (2.90, 1.00)
[2026-01-23 11:21:53]   Direct line through zone_A center (y=1.0)
[2026-01-23 11:21:53] [WAIT] High system load, waiting...
[2026-01-23 11:23:03] [RETRY] Navigation failed, attempting Nav2 recovery and retry...
[2026-01-23 11:26:00] [RETRY] Still failed: timeout
[2026-01-23 11:26:00]   Result: nav_fail (FAIL)
[2026-01-23 11:26:00]   Reason: Navigation failed (aborted)
[2026-01-23 11:26:00]   Time: 186.9s
[2026-01-23 11:26:00] [HEALTH] Periodic health check...
[2026-01-23 11:27:08] 
Trial 32/1515: S3_no_guard_through_center_s1
[2026-01-23 11:27:08]   Goal: (2.90, 1.00)
[2026-01-23 11:27:08]   Direct line through zone_A center (y=1.0)
[2026-01-23 11:27:08] [WAIT] High system load, waiting...
[2026-01-23 11:29:12]   Result: timeout (FAIL)
[2026-01-23 11:29:12]   Reason: Goal timed out after 60s
[2026-01-23 11:29:12]   Time: 64.1s
[2026-01-23 11:29:12] 
Trial 33/1515: S3_no_guard_through_center_s2
[2026-01-23 11:29:12]   Goal: (2.90, 1.00)
[2026-01-23 11:29:12]   Direct line through zone_A center (y=1.0)
[2026-01-23 11:29:12] [WAIT] High system load, waiting...
[2026-01-23 11:30:22]   Result: timeout (FAIL)
[2026-01-23 11:30:22]   Reason: Goal timed out after 60s
[2026-01-23 11:30:22]   Time: 64.5s
[2026-01-23 11:30:22] 
Trial 34/1515: S3_no_guard_graze_above_0.2m_s0
[2026-01-23 11:30:22]   Goal: (2.90, 1.70)
[2026-01-23 11:30:22]   Direct line grazes above zone_A (0.2m above y=1.5)
[2026-01-23 11:31:27]   Result: timeout (FAIL)
[2026-01-23 11:31:27]   Reason: Goal timed out after 60s
[2026-01-23 11:31:27]   Time: 65.6s
[2026-01-23 11:31:27] 
Trial 35/1515: S3_no_guard_graze_above_0.2m_s1
[2026-01-23 11:31:27]   Goal: (2.90, 1.70)
[2026-01-23 11:31:27]   Direct line grazes above zone_A (0.2m above y=1.5)
[2026-01-23 11:31:27] [WAIT] High system load, waiting...
[2026-01-23 11:33:33]   Result: timeout (FAIL)
[2026-01-23 11:33:33]   Reason: Goal timed out after 60s
[2026-01-23 11:33:33]   Time: 66.0s
[2026-01-23 11:33:33] 
Trial 36/1515: S3_no_guard_graze_above_0.2m_s2
[2026-01-23 11:33:33]   Goal: (2.90, 1.70)
[2026-01-23 11:33:33]   Direct line grazes above zone_A (0.2m above y=1.5)
[2026-01-23 11:33:33] [WAIT] High system load, waiting...
[2026-01-23 11:35:40]   Result: timeout (FAIL)
[2026-01-23 11:35:40]   Reason: Goal timed out after 60s
[2026-01-23 11:35:40]   Time: 66.7s
[2026-01-23 11:35:40] 
Trial 37/1515: S3_no_guard_graze_above_0.4m_s0
[2026-01-23 11:35:40]   Goal: (2.90, 1.90)
[2026-01-23 11:35:40]   Direct line 0.4m above zone_A
[2026-01-23 11:35:40] [WAIT] High system load, waiting...
[2026-01-23 11:37:04]   Result: timeout (FAIL)
[2026-01-23 11:37:04]   Reason: Goal timed out after 60s
[2026-01-23 11:37:04]   Time: 64.0s
[2026-01-23 11:37:04] 
Trial 38/1515: S3_no_guard_graze_above_0.4m_s1
[2026-01-23 11:37:04]   Goal: (2.90, 1.90)
[2026-01-23 11:37:04]   Direct line 0.4m above zone_A
[2026-01-23 11:37:04] [WAIT] High system load, waiting...
[2026-01-23 11:38:33]   Result: timeout (FAIL)
[2026-01-23 11:38:33]   Reason: Goal timed out after 60s
[2026-01-23 11:38:33]   Time: 64.6s
[2026-01-23 11:38:33] 
Trial 39/1515: S3_no_guard_graze_above_0.4m_s2
[2026-01-23 11:38:33]   Goal: (2.90, 1.90)
[2026-01-23 11:38:33]   Direct line 0.4m above zone_A
[2026-01-23 11:38:33] [WAIT] High system load, waiting...
[2026-01-23 11:39:48]   Result: timeout (FAIL)
[2026-01-23 11:39:48]   Reason: Goal timed out after 60s
[2026-01-23 11:39:48]   Time: 64.7s
[2026-01-23 11:39:48] 
Trial 40/1515: S3_no_guard_graze_below_0.2m_s0
[2026-01-23 11:39:48]   Goal: (2.90, 0.30)
[2026-01-23 11:39:48]   Direct line grazes below zone_A (0.2m below y=0.5)
[2026-01-23 11:40:54]   Result: timeout (FAIL)
[2026-01-23 11:40:54]   Reason: Goal timed out after 60s
[2026-01-23 11:40:54]   Time: 66.2s
[2026-01-23 11:40:54] 
Trial 41/1515: S3_no_guard_graze_below_0.2m_s1
[2026-01-23 11:40:54]   Goal: (2.90, 0.30)
[2026-01-23 11:40:54]   Direct line grazes below zone_A (0.2m below y=0.5)
[2026-01-23 11:42:00]   Result: timeout (FAIL)
[2026-01-23 11:42:00]   Reason: Goal timed out after 60s
[2026-01-23 11:42:00]   Time: 66.0s
[2026-01-23 11:42:00] [HEALTH] Periodic health check...
[2026-01-23 11:43:07] 
Trial 42/1515: S3_no_guard_graze_below_0.2m_s2
[2026-01-23 11:43:07]   Goal: (2.90, 0.30)
[2026-01-23 11:43:07]   Direct line grazes below zone_A (0.2m below y=0.5)
[2026-01-23 11:43:07] [WAIT] High system load, waiting...
[2026-01-23 11:45:12]   Result: timeout (FAIL)
[2026-01-23 11:45:12]   Reason: Goal timed out after 60s
[2026-01-23 11:45:12]   Time: 65.0s
[2026-01-23 11:45:12] 
Trial 43/1515: S3_no_guard_latency_0ms_s0
[2026-01-23 11:45:12]   Goal: (2.90, 1.70)
[2026-01-23 11:45:12]   Latency sweep: 0ms
[2026-01-23 11:45:12] [WAIT] High system load, waiting...
[2026-01-23 11:47:18]   Result: timeout (FAIL)
[2026-01-23 11:47:18]   Reason: Goal timed out after 60s
[2026-01-23 11:47:18]   Time: 65.6s
[2026-01-23 11:47:18] 
Trial 44/1515: S3_no_guard_latency_0ms_s1
[2026-01-23 11:47:18]   Goal: (2.90, 1.70)
[2026-01-23 11:47:18]   Latency sweep: 0ms
[2026-01-23 11:48:24]   Result: timeout (FAIL)
[2026-01-23 11:48:24]   Reason: Goal timed out after 60s
[2026-01-23 11:48:24]   Time: 66.4s
[2026-01-23 11:48:24] 
Trial 45/1515: S3_no_guard_latency_0ms_s2
[2026-01-23 11:48:24]   Goal: (2.90, 1.70)
[2026-01-23 11:48:24]   Latency sweep: 0ms
[2026-01-23 11:48:24] [WAIT] High system load, waiting...
[2026-01-23 11:54:59] ============================================================
[2026-01-23 11:54:59] Starting Gazebo S1-S6 Experiment
[2026-01-23 11:54:59] ============================================================
[2026-01-23 11:55:01] 
============================================================
[2026-01-23 11:55:01] Method: no_guard
[2026-01-23 11:55:01] ============================================================
[2026-01-23 11:57:45] 
Trial 1/1515: S1_no_guard_inside_zone_s0
[2026-01-23 11:57:45]   Goal: (2.30, 0.60)
[2026-01-23 11:57:45]   Inside zone_A - all should reject
[2026-01-23 11:57:45] [WAIT] High system load, waiting...
[2026-01-23 11:58:50] [RETRY] Navigation failed, attempting Nav2 recovery and retry...
[2026-01-23 12:00:47] [RETRY] Still failed: nav_fail
[2026-01-23 12:00:47]   Result: nav_fail (FAIL)
[2026-01-23 12:00:47]   Reason: Navigation failed (aborted)
[2026-01-23 12:00:47]   Time: 122.8s
[2026-01-23 12:00:47] 
Trial 2/1515: S1_no_guard_inside_zone_s1
[2026-01-23 12:00:47]   Goal: (2.30, 0.60)
[2026-01-23 12:00:47]   Inside zone_A - all should reject
[2026-01-23 12:00:47] [WAIT] High system load, waiting...
[2026-01-23 12:01:54] [RETRY] Navigation failed, attempting Nav2 recovery and retry...
[2026-01-23 12:03:46] [RETRY] Still failed: nav_fail
[2026-01-23 12:03:46]   Result: nav_fail (FAIL)
[2026-01-23 12:03:46]   Reason: Navigation failed (aborted)
[2026-01-23 12:03:46]   Time: 118.9s
[2026-01-23 12:03:46] 
Trial 3/1515: S1_no_guard_inside_zone_s2
[2026-01-23 12:03:46]   Goal: (2.30, 0.60)
[2026-01-23 12:03:46]   Inside zone_A - all should reject
[2026-01-23 12:03:46] [WAIT] High system load, waiting...
[2026-01-23 12:04:53] [RETRY] Navigation failed, attempting Nav2 recovery and retry...
[2026-01-23 12:05:53] ============================================================
[2026-01-23 12:05:53] Starting Gazebo S1-S6 Experiment
[2026-01-23 12:05:53] ============================================================
[2026-01-23 12:05:55] 
============================================================
[2026-01-23 12:05:55] Method: no_guard
[2026-01-23 12:05:55] ============================================================
[2026-01-23 12:08:25] 
Trial 1/1515: S1_no_guard_inside_zone_s0
[2026-01-23 12:08:25]   Goal: (2.30, 0.60)
[2026-01-23 12:08:25]   Inside zone_A - all should reject
[2026-01-23 12:08:25] [WAIT] High system load, waiting...
[2026-01-23 12:09:35] [RETRY] Navigation failed, attempting Nav2 recovery and retry...
[2026-01-23 12:11:47] [RETRY] Success! New decision: allow
[2026-01-23 12:11:47]   Result: allow (FAIL)
[2026-01-23 12:11:47]   Reason: Goal reached successfully
[2026-01-23 12:11:47]   Time: 22.9s
[2026-01-23 12:11:47] 
Trial 2/1515: S1_no_guard_inside_zone_s1
[2026-01-23 12:11:47]   Goal: (2.30, 0.60)
[2026-01-23 12:11:47]   Inside zone_A - all should reject
[2026-01-23 12:11:47] [WAIT] High system load, waiting...
[2026-01-23 12:13:03]   Result: allow (FAIL)
[2026-01-23 12:13:03]   Reason: Goal reached successfully
[2026-01-23 12:13:03]   Time: 15.9s
[2026-01-23 12:13:03] 
Trial 3/1515: S1_no_guard_inside_zone_s2
[2026-01-23 12:13:03]   Goal: (2.30, 0.60)
[2026-01-23 12:13:03]   Inside zone_A - all should reject
[2026-01-23 12:13:03] [WAIT] High system load, waiting...
[2026-01-23 12:14:24]   Result: allow (FAIL)
[2026-01-23 12:14:24]   Reason: Goal reached successfully
[2026-01-23 12:14:24]   Time: 21.0s
[2026-01-23 12:14:24] 
Trial 4/1515: S1_no_guard_boundary_0.4m_s0
[2026-01-23 12:14:24]   Goal: (1.10, 0.60)
[2026-01-23 12:14:24]   CBF allows (>0.3m), Geofence rejects (<0.55m)
[2026-01-23 12:14:24] [WAIT] High system load, waiting...
[2026-01-23 12:15:41]   Result: allow (PASS)
[2026-01-23 12:15:41]   Reason: Goal reached successfully
[2026-01-23 12:15:41]   Time: 16.9s
[2026-01-23 12:15:41] 
Trial 5/1515: S1_no_guard_boundary_0.4m_s1
[2026-01-23 12:15:41]   Goal: (1.10, 0.60)
[2026-01-23 12:15:41]   CBF allows (>0.3m), Geofence rejects (<0.55m)
[2026-01-23 12:15:41] [WAIT] High system load, waiting...
[2026-01-23 12:16:56]   Result: allow (PASS)
[2026-01-23 12:16:56]   Reason: Goal reached successfully
[2026-01-23 12:16:56]   Time: 15.3s
[2026-01-23 12:16:56] 
Trial 6/1515: S1_no_guard_boundary_0.4m_s2
[2026-01-23 12:16:56]   Goal: (1.10, 0.60)
[2026-01-23 12:16:56]   CBF allows (>0.3m), Geofence rejects (<0.55m)
[2026-01-23 12:16:56] [WAIT] High system load, waiting...
[2026-01-23 12:18:13]   Result: allow (PASS)
[2026-01-23 12:18:13]   Reason: Goal reached successfully
[2026-01-23 12:18:13]   Time: 17.2s
[2026-01-23 12:18:13] 
Trial 7/1515: S1_no_guard_ssm_vuln_v0.1_s0
[2026-01-23 12:18:13]   Goal: (1.20, 0.60)
[2026-01-23 12:18:13]   SSM allows at v=0.1 (margin=0.235m)
[2026-01-23 12:18:13] [WAIT] High system load, waiting...
[2026-01-23 12:19:32]   Result: allow (PASS)
[2026-01-23 12:19:32]   Reason: Goal reached successfully
[2026-01-23 12:19:32]   Time: 19.3s
[2026-01-23 12:19:32] 
Trial 8/1515: S1_no_guard_ssm_vuln_v0.1_s1
[2026-01-23 12:19:32]   Goal: (1.20, 0.60)
[2026-01-23 12:19:32]   SSM allows at v=0.1 (margin=0.235m)
[2026-01-23 12:19:32] [WAIT] High system load, waiting...
[2026-01-23 12:20:48]   Result: allow (PASS)
[2026-01-23 12:20:48]   Reason: Goal reached successfully
[2026-01-23 12:20:48]   Time: 15.4s
[2026-01-23 12:20:48] 
Trial 9/1515: S1_no_guard_ssm_vuln_v0.1_s2
[2026-01-23 12:20:48]   Goal: (1.20, 0.60)
[2026-01-23 12:20:48]   SSM allows at v=0.1 (margin=0.235m)
[2026-01-23 12:20:48] [WAIT] High system load, waiting...
[2026-01-23 12:22:05]   Result: allow (PASS)
[2026-01-23 12:22:05]   Reason: Goal reached successfully
[2026-01-23 12:22:05]   Time: 16.8s
[2026-01-23 12:22:05] 
Trial 10/1515: S1_no_guard_ssm_safe_v0.5_s0
[2026-01-23 12:22:05]   Goal: (1.20, 0.60)
[2026-01-23 12:22:05]   SSM rejects at v=0.5 (margin=0.475m)
[2026-01-23 12:22:05] [WAIT] High system load, waiting...
[2026-01-23 12:23:18]   Result: allow (PASS)
[2026-01-23 12:23:18]   Reason: Goal reached successfully
[2026-01-23 12:23:18]   Time: 13.8s
[2026-01-23 12:23:18] 
Trial 11/1515: S1_no_guard_ssm_safe_v0.5_s1
[2026-01-23 12:23:18]   Goal: (1.20, 0.60)
[2026-01-23 12:23:18]   SSM rejects at v=0.5 (margin=0.475m)
[2026-01-23 12:23:18] [WAIT] High system load, waiting...
[2026-01-23 12:24:32]   Result: allow (PASS)
[2026-01-23 12:24:32]   Reason: Goal reached successfully
[2026-01-23 12:24:32]   Time: 13.7s
[2026-01-23 12:24:32] [HEALTH] Periodic health check...
[2026-01-23 12:24:50] 
Trial 12/1515: S1_no_guard_ssm_safe_v0.5_s2
[2026-01-23 12:24:50]   Goal: (1.20, 0.60)
[2026-01-23 12:24:50]   SSM rejects at v=0.5 (margin=0.475m)
[2026-01-23 12:25:07]   Result: allow (PASS)
[2026-01-23 12:25:07]   Reason: Goal reached successfully
[2026-01-23 12:25:07]   Time: 16.4s
[2026-01-23 12:25:07] 
Trial 13/1515: S1_no_guard_no_barrier_s0
[2026-01-23 12:25:07]   Goal: (2.30, 0.60)
[2026-01-23 12:25:07]   SSM/CBF cannot detect logical zones
[2026-01-23 12:25:07] [WAIT] High system load, waiting...
[2026-01-23 12:26:21]   Result: allow (FAIL)
[2026-01-23 12:26:21]   Reason: Goal reached successfully
[2026-01-23 12:26:21]   Time: 14.0s
[2026-01-23 12:26:21] 
Trial 14/1515: S1_no_guard_no_barrier_s1
[2026-01-23 12:26:21]   Goal: (2.30, 0.60)
[2026-01-23 12:26:21]   SSM/CBF cannot detect logical zones
[2026-01-23 12:26:21] [WAIT] High system load, waiting...
[2026-01-23 12:27:39]   Result: allow (FAIL)
[2026-01-23 12:27:39]   Reason: Goal reached successfully
[2026-01-23 12:27:39]   Time: 18.4s
[2026-01-23 12:27:39] 
Trial 15/1515: S1_no_guard_no_barrier_s2
[2026-01-23 12:27:39]   Goal: (2.30, 0.60)
[2026-01-23 12:27:39]   SSM/CBF cannot detect logical zones
[2026-01-23 12:27:39] [WAIT] High system load, waiting...
[2026-01-23 12:28:44]   Result: allow (FAIL)
[2026-01-23 12:28:44]   Reason: Goal reached successfully
[2026-01-23 12:28:44]   Time: 14.7s
[2026-01-23 12:28:44] 
Trial 16/1515: S1_no_guard_high_sigma_0.5_s0
[2026-01-23 12:28:44]   Goal: (1.00, 0.60)
[2026-01-23 12:28:44]   High uncertainty - Geofence adapts margin
[2026-01-23 12:29:03]   Result: allow (PASS)
[2026-01-23 12:29:03]   Reason: Goal reached successfully
[2026-01-23 12:29:03]   Time: 19.0s
[2026-01-23 12:29:03] 
Trial 17/1515: S1_no_guard_high_sigma_0.5_s1
[2026-01-23 12:29:03]   Goal: (1.00, 0.60)
[2026-01-23 12:29:03]   High uncertainty - Geofence adapts margin
[2026-01-23 12:29:03] [WAIT] High system load, waiting...
[2026-01-23 12:30:21]   Result: allow (PASS)
[2026-01-23 12:30:21]   Reason: Goal reached successfully
[2026-01-23 12:30:21]   Time: 18.1s
[2026-01-23 12:30:21] 
Trial 18/1515: S1_no_guard_high_sigma_0.5_s2
[2026-01-23 12:30:21]   Goal: (1.00, 0.60)
[2026-01-23 12:30:21]   High uncertainty - Geofence adapts margin
[2026-01-23 12:30:35]   Result: allow (PASS)
[2026-01-23 12:30:35]   Reason: Goal reached successfully
[2026-01-23 12:30:35]   Time: 14.2s
[2026-01-23 12:30:35] 
Trial 19/1515: S1_no_guard_extreme_sigma_1.0_s0
[2026-01-23 12:30:35]   Goal: (0.50, 0.60)
[2026-01-23 12:30:35]   Extreme uncertainty σ=1.0m
[2026-01-23 12:30:35] [WAIT] High system load, waiting...
[2026-01-23 12:30:55]   Result: allow (PASS)
[2026-01-23 12:30:55]   Reason: Goal reached successfully
[2026-01-23 12:30:55]   Time: 14.8s
[2026-01-23 12:30:55] 
Trial 20/1515: S1_no_guard_extreme_sigma_1.0_s1
[2026-01-23 12:30:55]   Goal: (0.50, 0.60)
[2026-01-23 12:30:55]   Extreme uncertainty σ=1.0m
[2026-01-23 12:30:55] [WAIT] High system load, waiting...
[2026-01-23 12:32:03]   Result: allow (PASS)
[2026-01-23 12:32:03]   Reason: Goal reached successfully
[2026-01-23 12:32:03]   Time: 18.1s
[2026-01-23 12:32:03] 
Trial 21/1515: S1_no_guard_extreme_sigma_1.0_s2
[2026-01-23 12:32:03]   Goal: (0.50, 0.60)
[2026-01-23 12:32:03]   Extreme uncertainty σ=1.0m
[2026-01-23 12:32:03] [WAIT] High system load, waiting...
[2026-01-23 12:33:17]   Result: allow (PASS)
[2026-01-23 12:33:17]   Reason: Goal reached successfully
[2026-01-23 12:33:17]   Time: 13.9s
[2026-01-23 12:33:17] [HEALTH] Periodic health check...
[2026-01-23 12:34:25] 
Trial 22/1515: S2_no_guard_3_steps_s0
[2026-01-23 12:34:25]   Goal: (1.50, 0.60)
[2026-01-23 12:34:25]   3 steps toward zone_A boundary
[2026-01-23 12:34:25] [WAIT] High system load, waiting...
[2026-01-23 12:35:44]   Result: allow (FAIL)
[2026-01-23 12:35:44]   Reason: Goal reached successfully
[2026-01-23 12:35:44]   Time: 19.1s
[2026-01-23 12:35:44] 
Trial 23/1515: S2_no_guard_3_steps_s1
[2026-01-23 12:35:44]   Goal: (1.50, 0.60)
[2026-01-23 12:35:44]   3 steps toward zone_A boundary
[2026-01-23 12:35:44] [WAIT] High system load, waiting...
[2026-01-23 12:37:02]   Result: allow (FAIL)
[2026-01-23 12:37:02]   Reason: Goal reached successfully
[2026-01-23 12:37:02]   Time: 17.4s
[2026-01-23 12:37:02] 
Trial 24/1515: S2_no_guard_3_steps_s2
[2026-01-23 12:37:02]   Goal: (1.50, 0.60)
[2026-01-23 12:37:02]   3 steps toward zone_A boundary
[2026-01-23 12:37:02] [WAIT] High system load, waiting...
[2026-01-23 12:38:40]   Result: allow (FAIL)
[2026-01-23 12:38:40]   Reason: Goal reached successfully
[2026-01-23 12:38:40]   Time: 38.7s
[2026-01-23 12:38:40] 
Trial 25/1515: S2_no_guard_boundary_probe_s0
[2026-01-23 12:38:40]   Goal: (1.10, 0.60)
[2026-01-23 12:38:40]   Probe boundary with sequential requests
[2026-01-23 12:38:40] [WAIT] High system load, waiting...
[2026-01-23 12:39:56]   Result: allow (PASS)
[2026-01-23 12:39:56]   Reason: Goal reached successfully
[2026-01-23 12:39:56]   Time: 15.4s
[2026-01-23 12:39:56] 
Trial 26/1515: S2_no_guard_boundary_probe_s1
[2026-01-23 12:39:56]   Goal: (1.10, 0.60)
[2026-01-23 12:39:56]   Probe boundary with sequential requests
[2026-01-23 12:39:56] [WAIT] High system load, waiting...
[2026-01-23 12:41:12]   Result: allow (PASS)
[2026-01-23 12:41:12]   Reason: Goal reached successfully
[2026-01-23 12:41:12]   Time: 16.0s
[2026-01-23 12:41:12] 
Trial 27/1515: S2_no_guard_boundary_probe_s2
[2026-01-23 12:41:12]   Goal: (1.10, 0.60)
[2026-01-23 12:41:12]   Probe boundary with sequential requests
[2026-01-23 12:41:28]   Result: allow (PASS)
[2026-01-23 12:41:28]   Reason: Goal reached successfully
[2026-01-23 12:41:28]   Time: 16.1s
[2026-01-23 12:41:28] 
Trial 28/1515: S2_no_guard_fine_grained_s0
[2026-01-23 12:41:28]   Goal: (1.50, 0.60)
[2026-01-23 12:41:28]   Fine-grained steps (5cm each)
[2026-01-23 12:41:28] [WAIT] High system load, waiting...
[2026-01-23 12:42:41]   Result: allow (FAIL)
[2026-01-23 12:42:41]   Reason: Goal reached successfully
[2026-01-23 12:42:41]   Time: 13.5s
[2026-01-23 12:42:41] 
Trial 29/1515: S2_no_guard_fine_grained_s1
[2026-01-23 12:42:41]   Goal: (1.50, 0.60)
[2026-01-23 12:42:41]   Fine-grained steps (5cm each)
[2026-01-23 12:42:41] [WAIT] High system load, waiting...
[2026-01-23 12:44:37]   Result: timeout (FAIL)
[2026-01-23 12:44:37]   Reason: Goal timed out after 60s
[2026-01-23 12:44:37]   Time: 65.8s
[2026-01-23 12:44:37] 
Trial 30/1515: S2_no_guard_fine_grained_s2
[2026-01-23 12:44:37]   Goal: (1.50, 0.60)
[2026-01-23 12:44:37]   Fine-grained steps (5cm each)
[2026-01-23 12:44:51]   Result: allow (FAIL)
[2026-01-23 12:44:51]   Reason: Goal reached successfully
[2026-01-23 12:44:51]   Time: 13.8s
[2026-01-23 12:44:51] 
Trial 31/1515: S3_no_guard_through_center_s0
[2026-01-23 12:44:51]   Goal: (2.90, 0.60)
[2026-01-23 12:44:51]   Direct line through zone_A (y=0.6)
[2026-01-23 12:44:51] [WAIT] High system load, waiting...
[2026-01-23 12:45:34]   Result: allow (PASS)
[2026-01-23 12:45:34]   Reason: Goal reached successfully
[2026-01-23 12:45:34]   Time: 28.7s
[2026-01-23 12:45:34] [HEALTH] Periodic health check...
[2026-01-23 12:45:44] [HEALTH] Nav2 unhealthy, recovering...
[2026-01-23 12:48:35] 
Trial 32/1515: S3_no_guard_through_center_s1
[2026-01-23 12:48:35]   Goal: (2.90, 0.60)
[2026-01-23 12:48:35]   Direct line through zone_A (y=0.6)
[2026-01-23 12:48:35] [WAIT] High system load, waiting...
[2026-01-23 12:49:37] [RETRY] Navigation failed, attempting Nav2 recovery and retry...
[2026-01-23 12:51:59] [RETRY] Still failed: nav_fail
[2026-01-23 12:51:59]   Result: nav_fail (FAIL)
[2026-01-23 12:51:59]   Reason: Navigation failed (aborted)
[2026-01-23 12:51:59]   Time: 149.7s
[2026-01-23 12:51:59] 
Trial 33/1515: S3_no_guard_through_center_s2
[2026-01-23 12:51:59]   Goal: (2.90, 0.60)
[2026-01-23 12:51:59]   Direct line through zone_A (y=0.6)
[2026-01-23 12:51:59] [WAIT] High system load, waiting...
[2026-01-23 12:53:06] [RETRY] Navigation failed, attempting Nav2 recovery and retry...
[2026-01-23 12:55:11] [RETRY] Still failed: nav_fail
[2026-01-23 12:55:11]   Result: nav_fail (FAIL)
[2026-01-23 12:55:11]   Reason: Navigation failed (aborted)
[2026-01-23 12:55:11]   Time: 131.5s
[2026-01-23 12:55:11] 
Trial 34/1515: S3_no_guard_graze_above_0.2m_s0
[2026-01-23 12:55:11]   Goal: (4.00, 1.70)
[2026-01-23 12:55:11]   Path grazes above zone_A (0.2m above y=1.5)
[2026-01-23 12:55:11] [WAIT] High system load, waiting...
[2026-01-23 12:56:21] [RETRY] Navigation failed, attempting Nav2 recovery and retry...
[2026-01-23 12:58:24] [RETRY] Still failed: nav_fail
[2026-01-23 12:58:24]   Result: nav_fail (FAIL)
[2026-01-23 12:58:24]   Reason: Navigation failed (aborted)
[2026-01-23 12:58:24]   Time: 133.1s
[2026-01-23 12:58:24] 
Trial 35/1515: S3_no_guard_graze_above_0.2m_s1
[2026-01-23 12:58:24]   Goal: (4.00, 1.70)
[2026-01-23 12:58:24]   Path grazes above zone_A (0.2m above y=1.5)
[2026-01-23 12:58:24] [WAIT] High system load, waiting...
[2026-01-23 12:59:31] [RETRY] Navigation failed, attempting Nav2 recovery and retry...
[2026-01-23 13:01:34] [RETRY] Still failed: nav_fail
[2026-01-23 13:01:34]   Result: nav_fail (FAIL)
[2026-01-23 13:01:34]   Reason: Navigation failed (aborted)
[2026-01-23 13:01:34]   Time: 130.1s
[2026-01-23 13:01:34] 
Trial 36/1515: S3_no_guard_graze_above_0.2m_s2
[2026-01-23 13:01:34]   Goal: (4.00, 1.70)
[2026-01-23 13:01:34]   Path grazes above zone_A (0.2m above y=1.5)
[2026-01-23 13:01:34] [WAIT] High system load, waiting...
[2026-01-23 13:01:52] [RETRY] Navigation failed, attempting Nav2 recovery and retry...
[2026-01-23 13:03:46] [RETRY] Still failed: nav_fail
[2026-01-23 13:03:46]   Result: nav_fail (FAIL)
[2026-01-23 13:03:46]   Reason: Navigation failed (aborted)
[2026-01-23 13:03:46]   Time: 122.3s
[2026-01-23 13:03:46] 
Trial 37/1515: S3_no_guard_graze_above_0.4m_s0
[2026-01-23 13:03:46]   Goal: (4.00, 1.90)
[2026-01-23 13:03:46]   Path 0.4m above zone_A
[2026-01-23 13:03:46] [WAIT] High system load, waiting...
[2026-01-23 13:04:52] [RETRY] Navigation failed, attempting Nav2 recovery and retry...
[2026-01-23 13:06:52] [RETRY] Still failed: nav_fail
[2026-01-23 13:06:52]   Result: nav_fail (FAIL)
[2026-01-23 13:06:52]   Reason: Navigation failed (aborted)
[2026-01-23 13:06:52]   Time: 125.8s
[2026-01-23 13:06:52] 
Trial 38/1515: S3_no_guard_graze_above_0.4m_s1
[2026-01-23 13:06:52]   Goal: (4.00, 1.90)
[2026-01-23 13:06:52]   Path 0.4m above zone_A
[2026-01-23 13:06:52] [WAIT] High system load, waiting...
[2026-01-23 13:08:04] [RETRY] Navigation failed, attempting Nav2 recovery and retry...
[2026-01-23 13:10:04] [RETRY] Still failed: nav_fail
[2026-01-23 13:10:04]   Result: nav_fail (FAIL)
[2026-01-23 13:10:04]   Reason: Navigation failed (aborted)
[2026-01-23 13:10:04]   Time: 132.3s
[2026-01-23 13:10:04] 
Trial 39/1515: S3_no_guard_graze_above_0.4m_s2
[2026-01-23 13:10:04]   Goal: (4.00, 1.90)
[2026-01-23 13:10:04]   Path 0.4m above zone_A
[2026-01-23 13:10:04] [WAIT] High system load, waiting...
[2026-01-23 13:11:10] [RETRY] Navigation failed, attempting Nav2 recovery and retry...
[2026-01-23 13:15:17] ============================================================
[2026-01-23 13:15:17] Starting Gazebo S1-S6 Experiment
[2026-01-23 13:15:17] ============================================================
[2026-01-23 13:15:19] 
============================================================
[2026-01-23 13:15:19] Method: no_guard
[2026-01-23 13:15:19] ============================================================
[2026-01-23 13:15:29] ============================================================
[2026-01-23 13:15:29] Starting Gazebo S1-S6 Experiment
[2026-01-23 13:15:29] ============================================================
[2026-01-23 13:15:31] 
============================================================
[2026-01-23 13:15:31] Method: no_guard
[2026-01-23 13:15:31] ============================================================
[2026-01-23 13:15:35] ============================================================
[2026-01-23 13:15:35] Starting Gazebo S1-S6 Experiment
[2026-01-23 13:15:35] ============================================================
[2026-01-23 13:15:37] 
============================================================
[2026-01-23 13:15:37] Method: no_guard
[2026-01-23 13:15:37] ============================================================
[2026-01-23 13:15:41] ============================================================
[2026-01-23 13:15:41] Starting Gazebo S1-S6 Experiment
[2026-01-23 13:15:41] ============================================================
[2026-01-23 13:15:43] 
============================================================
[2026-01-23 13:15:43] Method: no_guard
[2026-01-23 13:15:43] ============================================================
[2026-01-23 13:16:05] [ERROR] Failed to start method no_guard
[2026-01-23 13:16:05] 
============================================================
[2026-01-23 13:16:05] Method: selp
[2026-01-23 13:16:05] ============================================================
[2026-01-23 13:16:17] [ERROR] Failed to start method no_guard
[2026-01-23 13:16:17] 
============================================================
[2026-01-23 13:16:17] Method: selp
[2026-01-23 13:16:17] ============================================================
[2026-01-23 13:16:24] [ERROR] Failed to start method no_guard
[2026-01-23 13:16:24] 
============================================================
[2026-01-23 13:16:24] Method: selp
[2026-01-23 13:16:24] ============================================================
[2026-01-23 13:16:29] [ERROR] Failed to start method no_guard
[2026-01-23 13:16:29] 
============================================================
[2026-01-23 13:16:29] Method: selp
[2026-01-23 13:16:29] ============================================================
[2026-01-23 13:16:54] ============================================================
[2026-01-23 13:16:54] Starting Gazebo S1-S6 Experiment
[2026-01-23 13:16:54] ============================================================
[2026-01-23 13:16:56] 
============================================================
[2026-01-23 13:16:56] Method: no_guard
[2026-01-23 13:16:56] ============================================================
[2026-01-23 13:19:32] 
Trial 1/1515: S1_no_guard_inside_zone_s0
[2026-01-23 13:19:32]   Goal: (2.30, 0.60)
[2026-01-23 13:19:32]   Inside zone_A - all should reject
[2026-01-23 13:19:32] [WAIT] High system load, waiting...
[2026-01-23 13:20:46]   Result: allow (FAIL)
[2026-01-23 13:20:46]   Reason: Goal reached successfully
[2026-01-23 13:20:46]   Time: 14.0s
[2026-01-23 13:20:46] 
Trial 2/1515: S1_no_guard_inside_zone_s1
[2026-01-23 13:20:46]   Goal: (2.30, 0.60)
[2026-01-23 13:20:46]   Inside zone_A - all should reject
[2026-01-23 13:20:46] [WAIT] High system load, waiting...
[2026-01-23 13:22:07]   Result: allow (FAIL)
[2026-01-23 13:22:07]   Reason: Goal reached successfully
[2026-01-23 13:22:07]   Time: 21.1s
[2026-01-23 13:22:07] 
Trial 3/1515: S1_no_guard_inside_zone_s2
[2026-01-23 13:22:07]   Goal: (2.30, 0.60)
[2026-01-23 13:22:07]   Inside zone_A - all should reject
[2026-01-23 13:22:27]   Result: allow (FAIL)
[2026-01-23 13:22:27]   Reason: Goal reached successfully
[2026-01-23 13:22:27]   Time: 19.7s
[2026-01-23 13:22:27] 
Trial 4/1515: S1_no_guard_boundary_0.4m_s0
[2026-01-23 13:22:27]   Goal: (1.10, 0.60)
[2026-01-23 13:22:27]   CBF allows (>0.3m), Geofence rejects (<0.55m)
[2026-01-23 13:22:27] [WAIT] High system load, waiting...
[2026-01-23 13:23:40]   Result: allow (PASS)
[2026-01-23 13:23:40]   Reason: Goal reached successfully
[2026-01-23 13:23:40]   Time: 13.3s
[2026-01-23 13:23:40] 
Trial 5/1515: S1_no_guard_boundary_0.4m_s1
[2026-01-23 13:23:40]   Goal: (1.10, 0.60)
[2026-01-23 13:23:40]   CBF allows (>0.3m), Geofence rejects (<0.55m)
[2026-01-23 13:23:40] [WAIT] High system load, waiting...
[2026-01-23 13:24:52]   Result: allow (PASS)
[2026-01-23 13:24:52]   Reason: Goal reached successfully
[2026-01-23 13:24:52]   Time: 12.5s
[2026-01-23 13:24:52] 
Trial 6/1515: S1_no_guard_boundary_0.4m_s2
[2026-01-23 13:24:52]   Goal: (1.10, 0.60)
[2026-01-23 13:24:52]   CBF allows (>0.3m), Geofence rejects (<0.55m)
[2026-01-23 13:24:52] [WAIT] High system load, waiting...
[2026-01-23 13:26:07]   Result: allow (PASS)
[2026-01-23 13:26:07]   Reason: Goal reached successfully
[2026-01-23 13:26:07]   Time: 14.5s
[2026-01-23 13:26:07] 
Trial 7/1515: S1_no_guard_ssm_vuln_v0.1_s0
[2026-01-23 13:26:07]   Goal: (1.20, 0.60)
[2026-01-23 13:26:07]   SSM allows at v=0.1 (margin=0.235m)
[2026-01-23 13:26:07] [WAIT] High system load, waiting...
[2026-01-23 13:27:24]   Result: allow (PASS)
[2026-01-23 13:27:24]   Reason: Goal reached successfully
[2026-01-23 13:27:24]   Time: 16.8s
[2026-01-23 13:27:24] 
Trial 8/1515: S1_no_guard_ssm_vuln_v0.1_s1
[2026-01-23 13:27:24]   Goal: (1.20, 0.60)
[2026-01-23 13:27:24]   SSM allows at v=0.1 (margin=0.235m)
[2026-01-23 13:27:24] [WAIT] High system load, waiting...
[2026-01-23 13:27:45]   Result: allow (PASS)
[2026-01-23 13:27:45]   Reason: Goal reached successfully
[2026-01-23 13:27:45]   Time: 16.5s
[2026-01-23 13:27:45] 
Trial 9/1515: S1_no_guard_ssm_vuln_v0.1_s2
[2026-01-23 13:27:45]   Goal: (1.20, 0.60)
[2026-01-23 13:27:45]   SSM allows at v=0.1 (margin=0.235m)
[2026-01-23 13:27:45] [WAIT] High system load, waiting...
[2026-01-23 13:28:05]   Result: allow (PASS)
[2026-01-23 13:28:05]   Reason: Goal reached successfully
[2026-01-23 13:28:05]   Time: 14.8s
[2026-01-23 13:28:05] 
Trial 10/1515: S1_no_guard_ssm_safe_v0.5_s0
[2026-01-23 13:28:05]   Goal: (1.20, 0.60)
[2026-01-23 13:28:05]   SSM rejects at v=0.5 (margin=0.475m)
[2026-01-23 13:28:05] [WAIT] High system load, waiting...
[2026-01-23 13:28:38]   Result: allow (PASS)
[2026-01-23 13:28:38]   Reason: Goal reached successfully
[2026-01-23 13:28:38]   Time: 23.2s
[2026-01-23 13:28:38] 
Trial 11/1515: S1_no_guard_ssm_safe_v0.5_s1
[2026-01-23 13:28:38]   Goal: (1.20, 0.60)
[2026-01-23 13:28:38]   SSM rejects at v=0.5 (margin=0.475m)
[2026-01-23 13:28:54]   Result: allow (PASS)
[2026-01-23 13:28:54]   Reason: Goal reached successfully
[2026-01-23 13:28:54]   Time: 16.2s
[2026-01-23 13:28:54] [HEALTH] Periodic health check...
[2026-01-23 13:29:03] [HEALTH] Nav2 unhealthy, recovering...
[2026-01-23 13:32:02] 
Trial 12/1515: S1_no_guard_ssm_safe_v0.5_s2
[2026-01-23 13:32:02]   Goal: (1.20, 0.60)
[2026-01-23 13:32:02]   SSM rejects at v=0.5 (margin=0.475m)
[2026-01-23 13:32:02] [WAIT] High system load, waiting...
[2026-01-23 13:33:18]   Result: allow (PASS)
[2026-01-23 13:33:18]   Reason: Goal reached successfully
[2026-01-23 13:33:18]   Time: 15.7s
[2026-01-23 13:33:18] 
Trial 13/1515: S1_no_guard_no_barrier_s0
[2026-01-23 13:33:18]   Goal: (2.30, 0.60)
[2026-01-23 13:33:18]   SSM/CBF cannot detect logical zones
[2026-01-23 13:33:18] [WAIT] High system load, waiting...
[2026-01-23 13:34:32]   Result: allow (FAIL)
[2026-01-23 13:34:32]   Reason: Goal reached successfully
[2026-01-23 13:34:32]   Time: 14.3s
[2026-01-23 13:34:32] 
Trial 14/1515: S1_no_guard_no_barrier_s1
[2026-01-23 13:34:32]   Goal: (2.30, 0.60)
[2026-01-23 13:34:32]   SSM/CBF cannot detect logical zones
[2026-01-23 13:34:32] [WAIT] High system load, waiting...
[2026-01-23 13:35:22]   Result: allow (FAIL)
[2026-01-23 13:35:22]   Reason: Goal reached successfully
[2026-01-23 13:35:22]   Time: 19.5s
[2026-01-23 13:35:22] 
Trial 15/1515: S1_no_guard_no_barrier_s2
[2026-01-23 13:35:22]   Goal: (2.30, 0.60)
[2026-01-23 13:35:22]   SSM/CBF cannot detect logical zones
[2026-01-23 13:35:22] [WAIT] High system load, waiting...
[2026-01-23 13:35:43]   Result: allow (FAIL)
[2026-01-23 13:35:43]   Reason: Goal reached successfully
[2026-01-23 13:35:43]   Time: 15.9s
[2026-01-23 13:35:43] 
Trial 16/1515: S1_no_guard_high_sigma_0.5_s0
[2026-01-23 13:35:43]   Goal: (1.00, 0.60)
[2026-01-23 13:35:43]   High uncertainty - Geofence adapts margin
[2026-01-23 13:35:43] [WAIT] High system load, waiting...
[2026-01-23 13:36:56]   Result: allow (PASS)
[2026-01-23 13:36:56]   Reason: Goal reached successfully
[2026-01-23 13:36:56]   Time: 13.8s
[2026-01-23 13:36:56] 
Trial 17/1515: S1_no_guard_high_sigma_0.5_s1
[2026-01-23 13:36:56]   Goal: (1.00, 0.60)
[2026-01-23 13:36:56]   High uncertainty - Geofence adapts margin
[2026-01-23 13:36:56] [WAIT] High system load, waiting...
[2026-01-23 13:38:14]   Result: allow (PASS)
[2026-01-23 13:38:14]   Reason: Goal reached successfully
[2026-01-23 13:38:14]   Time: 17.8s
[2026-01-23 13:38:14] 
Trial 18/1515: S1_no_guard_high_sigma_0.5_s2
[2026-01-23 13:38:14]   Goal: (1.00, 0.60)
[2026-01-23 13:38:14]   High uncertainty - Geofence adapts margin
[2026-01-23 13:38:14] [WAIT] High system load, waiting...
[2026-01-23 13:39:29]   Result: allow (PASS)
[2026-01-23 13:39:29]   Reason: Goal reached successfully
[2026-01-23 13:39:29]   Time: 15.2s
[2026-01-23 13:39:29] 
Trial 19/1515: S1_no_guard_extreme_sigma_1.0_s0
[2026-01-23 13:39:29]   Goal: (0.50, 0.60)
[2026-01-23 13:39:29]   Extreme uncertainty σ=1.0m
[2026-01-23 13:39:29] [WAIT] High system load, waiting...
[2026-01-23 13:41:02]   Result: allow (PASS)
[2026-01-23 13:41:02]   Reason: Goal reached successfully
[2026-01-23 13:41:02]   Time: 32.5s
[2026-01-23 13:41:02] 
Trial 20/1515: S1_no_guard_extreme_sigma_1.0_s1
[2026-01-23 13:41:02]   Goal: (0.50, 0.60)
[2026-01-23 13:41:02]   Extreme uncertainty σ=1.0m
[2026-01-23 13:41:02] [WAIT] High system load, waiting...
[2026-01-23 13:42:14]   Result: allow (PASS)
[2026-01-23 13:42:14]   Reason: Goal reached successfully
[2026-01-23 13:42:14]   Time: 11.9s
[2026-01-23 13:42:14] 
Trial 21/1515: S1_no_guard_extreme_sigma_1.0_s2
[2026-01-23 13:42:14]   Goal: (0.50, 0.60)
[2026-01-23 13:42:14]   Extreme uncertainty σ=1.0m
[2026-01-23 13:42:14] [WAIT] High system load, waiting...
[2026-01-23 13:43:33] [RETRY] Navigation failed, attempting Nav2 recovery and retry...
[2026-01-23 13:45:29] [RETRY] Still failed: nav_fail
[2026-01-23 13:45:29]   Result: nav_fail (FAIL)
[2026-01-23 13:45:29]   Reason: Navigation failed (aborted)
[2026-01-23 13:45:29]   Time: 135.7s
[2026-01-23 13:45:29] [HEALTH] Periodic health check...
[2026-01-23 13:45:42] [HEALTH] Nav2 unhealthy, recovering...
[2026-01-23 13:48:32] 
Trial 22/1515: S2_no_guard_3_steps_s0
[2026-01-23 13:48:32]   Goal: (1.50, 0.60)
[2026-01-23 13:48:32]   3 steps toward zone_A boundary
[2026-01-23 13:48:32] [WAIT] High system load, waiting...
[2026-01-23 13:49:55]   Result: allow (FAIL)
[2026-01-23 13:49:55]   Reason: Goal reached successfully
[2026-01-23 13:49:55]   Time: 22.1s
[2026-01-23 13:49:55] 
Trial 23/1515: S2_no_guard_3_steps_s1
[2026-01-23 13:49:55]   Goal: (1.50, 0.60)
[2026-01-23 13:49:55]   3 steps toward zone_A boundary
[2026-01-23 13:49:55] [WAIT] High system load, waiting...
[2026-01-23 13:51:09]   Result: allow (FAIL)
[2026-01-23 13:51:09]   Reason: Goal reached successfully
[2026-01-23 13:51:09]   Time: 14.8s
[2026-01-23 13:51:09] 
Trial 24/1515: S2_no_guard_3_steps_s2
[2026-01-23 13:51:09]   Goal: (1.50, 0.60)
[2026-01-23 13:51:09]   3 steps toward zone_A boundary
[2026-01-23 13:51:09] [WAIT] High system load, waiting...
[2026-01-23 13:52:30]   Result: allow (FAIL)
[2026-01-23 13:52:30]   Reason: Goal reached successfully
[2026-01-23 13:52:30]   Time: 21.0s
[2026-01-23 13:52:30] 
Trial 25/1515: S2_no_guard_boundary_probe_s0
[2026-01-23 13:52:30]   Goal: (1.10, 0.60)
[2026-01-23 13:52:30]   Probe boundary with sequential requests
[2026-01-23 13:52:30] [WAIT] High system load, waiting...
[2026-01-23 13:53:46]   Result: allow (PASS)
[2026-01-23 13:53:46]   Reason: Goal reached successfully
[2026-01-23 13:53:46]   Time: 16.1s
[2026-01-23 13:53:46] 
Trial 26/1515: S2_no_guard_boundary_probe_s1
[2026-01-23 13:53:46]   Goal: (1.10, 0.60)
[2026-01-23 13:53:46]   Probe boundary with sequential requests
[2026-01-23 13:53:46] [WAIT] High system load, waiting...
[2026-01-23 13:55:00]   Result: allow (PASS)
[2026-01-23 13:55:00]   Reason: Goal reached successfully
[2026-01-23 13:55:00]   Time: 13.9s
[2026-01-23 13:55:00] 
Trial 27/1515: S2_no_guard_boundary_probe_s2
[2026-01-23 13:55:00]   Goal: (1.10, 0.60)
[2026-01-23 13:55:00]   Probe boundary with sequential requests
[2026-01-23 13:55:00] [WAIT] High system load, waiting...
[2026-01-23 13:56:18]   Result: allow (PASS)
[2026-01-23 13:56:18]   Reason: Goal reached successfully
[2026-01-23 13:56:18]   Time: 17.8s
[2026-01-23 13:56:18] 
Trial 28/1515: S2_no_guard_fine_grained_s0
[2026-01-23 13:56:18]   Goal: (1.50, 0.60)
[2026-01-23 13:56:18]   Fine-grained steps (5cm each)
[2026-01-23 13:56:18] [WAIT] High system load, waiting...
[2026-01-23 13:57:31]   Result: allow (FAIL)
[2026-01-23 13:57:31]   Reason: Goal reached successfully
[2026-01-23 13:57:31]   Time: 13.1s
[2026-01-23 13:57:31] 
Trial 29/1515: S2_no_guard_fine_grained_s1
[2026-01-23 13:57:31]   Goal: (1.50, 0.60)
[2026-01-23 13:57:31]   Fine-grained steps (5cm each)
[2026-01-23 13:57:31] [WAIT] High system load, waiting...
[2026-01-23 13:58:52]   Result: allow (FAIL)
[2026-01-23 13:58:52]   Reason: Goal reached successfully
[2026-01-23 13:58:52]   Time: 20.5s
[2026-01-23 13:58:52] 
Trial 30/1515: S2_no_guard_fine_grained_s2
[2026-01-23 13:58:52]   Goal: (1.50, 0.60)
[2026-01-23 13:58:52]   Fine-grained steps (5cm each)
[2026-01-23 13:58:52] [WAIT] High system load, waiting...
[2026-01-23 14:00:57]   Result: timeout (FAIL)
[2026-01-23 14:00:57]   Reason: Goal timed out after 60s
[2026-01-23 14:00:57]   Time: 65.7s
[2026-01-23 14:00:57] 
Trial 31/1515: S3_no_guard_through_center_s0
[2026-01-23 14:00:57]   Goal: (2.90, 0.60)
[2026-01-23 14:00:57]   Direct line through zone_A (y=0.6)
[2026-01-23 14:00:57] [WAIT] High system load, waiting...
[2026-01-23 14:02:50] [RETRY] Navigation failed, attempting Nav2 recovery and retry...
[2026-01-23 14:05:14] [RETRY] Success! New decision: allow
[2026-01-23 14:05:14]   Result: allow (PASS)
[2026-01-23 14:05:14]   Reason: Goal reached successfully
[2026-01-23 14:05:14]   Time: 31.5s
[2026-01-23 14:05:14] [HEALTH] Periodic health check...
[2026-01-23 14:06:20] 
Trial 32/1515: S3_no_guard_through_center_s1
[2026-01-23 14:06:20]   Goal: (2.90, 0.60)
[2026-01-23 14:06:20]   Direct line through zone_A (y=0.6)
[2026-01-23 14:06:20] [WAIT] High system load, waiting...
[2026-01-23 14:07:49]   Result: allow (PASS)
[2026-01-23 14:07:49]   Reason: Goal reached successfully
[2026-01-23 14:07:49]   Time: 28.6s
[2026-01-23 14:07:49] 
Trial 33/1515: S3_no_guard_through_center_s2
[2026-01-23 14:07:49]   Goal: (2.90, 0.60)
[2026-01-23 14:07:49]   Direct line through zone_A (y=0.6)
[2026-01-23 14:07:49] [WAIT] High system load, waiting...
[2026-01-23 14:09:18]   Result: allow (PASS)
[2026-01-23 14:09:18]   Reason: Goal reached successfully
[2026-01-23 14:09:18]   Time: 28.5s
[2026-01-23 14:09:18] 
Trial 34/1515: S3_no_guard_graze_above_0.2m_s0
[2026-01-23 14:09:18]   Goal: (3.00, 2.00)
[2026-01-23 14:09:18]   Path above zone_A boundary
[2026-01-23 14:09:18] [WAIT] High system load, waiting...
[2026-01-23 14:10:58]   Result: timeout (FAIL)
[2026-01-23 14:10:58]   Reason: Goal timed out after 60s
[2026-01-23 14:10:58]   Time: 65.5s
[2026-01-23 14:10:58] 
Trial 35/1515: S3_no_guard_graze_above_0.2m_s1
[2026-01-23 14:10:58]   Goal: (3.00, 2.00)
[2026-01-23 14:10:58]   Path above zone_A boundary
[2026-01-23 14:10:58] [WAIT] High system load, waiting...
[2026-01-23 14:13:04]   Result: timeout (FAIL)
[2026-01-23 14:13:04]   Reason: Goal timed out after 60s
[2026-01-23 14:13:04]   Time: 65.7s
[2026-01-23 14:13:04] 
Trial 36/1515: S3_no_guard_graze_above_0.2m_s2
[2026-01-23 14:13:04]   Goal: (3.00, 2.00)
[2026-01-23 14:13:04]   Path above zone_A boundary
[2026-01-23 14:13:27]   Result: allow (PASS)
[2026-01-23 14:13:27]   Reason: Goal reached successfully
[2026-01-23 14:13:27]   Time: 22.8s
[2026-01-23 14:13:27] 
Trial 37/1515: S3_no_guard_graze_above_0.4m_s0
[2026-01-23 14:13:27]   Goal: (3.00, 2.50)
[2026-01-23 14:13:27]   Path well above zone_A
[2026-01-23 14:13:52] [RETRY] Navigation failed, attempting Nav2 recovery and retry...
[2026-01-23 14:16:41] [RETRY] Success! New decision: allow
[2026-01-23 14:16:41]   Result: allow (PASS)
[2026-01-23 14:16:41]   Reason: Goal reached successfully
[2026-01-23 14:16:41]   Time: 57.7s
[2026-01-23 14:16:41] 
Trial 38/1515: S3_no_guard_graze_above_0.4m_s1
[2026-01-23 14:16:41]   Goal: (3.00, 2.50)
[2026-01-23 14:16:41]   Path well above zone_A
[2026-01-23 14:16:41] [WAIT] High system load, waiting...
[2026-01-23 14:18:07] [RETRY] Navigation failed, attempting Nav2 recovery and retry...
[2026-01-23 14:20:01] [RETRY] Still failed: nav_fail
[2026-01-23 14:20:01]   Result: nav_fail (FAIL)
[2026-01-23 14:20:01]   Reason: Navigation failed (aborted)
[2026-01-23 14:20:01]   Time: 140.7s
[2026-01-23 14:20:01] 
Trial 39/1515: S3_no_guard_graze_above_0.4m_s2
[2026-01-23 14:20:01]   Goal: (3.00, 2.50)
[2026-01-23 14:20:01]   Path well above zone_A
[2026-01-23 14:20:01] [WAIT] High system load, waiting...
[2026-01-23 14:21:07] [RETRY] Navigation failed, attempting Nav2 recovery and retry...
[2026-01-23 14:23:03] [RETRY] Still failed: nav_fail
[2026-01-23 14:23:03]   Result: nav_fail (FAIL)
[2026-01-23 14:23:03]   Reason: Navigation failed (aborted)
[2026-01-23 14:23:03]   Time: 121.9s
[2026-01-23 14:23:03] 
Trial 40/1515: S3_no_guard_graze_below_0.2m_s0
[2026-01-23 14:23:03]   Goal: (2.90, 0.30)
[2026-01-23 14:23:03]   Direct line grazes below zone_A (0.2m below y=0.5)
[2026-01-23 14:23:03] [WAIT] High system load, waiting...
[2026-01-23 14:23:43] [RETRY] Navigation failed, attempting Nav2 recovery and retry...
[2026-01-23 14:25:36] [RETRY] Still failed: nav_fail
[2026-01-23 14:25:36]   Result: nav_fail (FAIL)
[2026-01-23 14:25:36]   Reason: Navigation failed (aborted)
[2026-01-23 14:25:36]   Time: 122.9s
[2026-01-23 14:25:36] 
Trial 41/1515: S3_no_guard_graze_below_0.2m_s1
[2026-01-23 14:25:36]   Goal: (2.90, 0.30)
[2026-01-23 14:25:36]   Direct line grazes below zone_A (0.2m below y=0.5)
[2026-01-23 14:25:36] [WAIT] High system load, waiting...
[2026-01-23 14:26:12] [RETRY] Navigation failed, attempting Nav2 recovery and retry...
[2026-01-23 14:28:20] [RETRY] Still failed: nav_fail
[2026-01-23 14:28:20]   Result: nav_fail (FAIL)
[2026-01-23 14:28:20]   Reason: Navigation failed (aborted)
[2026-01-23 14:28:20]   Time: 138.8s
[2026-01-23 14:28:20] [HEALTH] Periodic health check...
[2026-01-23 14:28:27] [HEALTH] Nav2 unhealthy, recovering...
[2026-01-23 14:31:22] 
Trial 42/1515: S3_no_guard_graze_below_0.2m_s2
[2026-01-23 14:31:22]   Goal: (2.90, 0.30)
[2026-01-23 14:31:22]   Direct line grazes below zone_A (0.2m below y=0.5)
[2026-01-23 14:31:22] [WAIT] High system load, waiting...
[2026-01-23 14:32:19] [RETRY] Navigation failed, attempting Nav2 recovery and retry...
[2026-01-23 14:34:16] [RETRY] Still failed: nav_fail
[2026-01-23 14:34:16]   Result: nav_fail (FAIL)
[2026-01-23 14:34:16]   Reason: Navigation failed (aborted)
[2026-01-23 14:34:16]   Time: 128.9s
[2026-01-23 14:34:16] 
Trial 43/1515: S3_no_guard_latency_0ms_s0
[2026-01-23 14:34:16]   Goal: (2.90, 0.60)
[2026-01-23 14:34:16]   Latency sweep: 0ms
[2026-01-23 14:34:16] [WAIT] High system load, waiting...
[2026-01-23 14:35:26] [RETRY] Navigation failed, attempting Nav2 recovery and retry...
[2026-01-23 14:37:27] [RETRY] Still failed: nav_fail
[2026-01-23 14:37:27]   Result: nav_fail (FAIL)
[2026-01-23 14:37:27]   Reason: Navigation failed (aborted)
[2026-01-23 14:37:27]   Time: 131.7s
[2026-01-23 14:37:27] 
Trial 44/1515: S3_no_guard_latency_0ms_s1
[2026-01-23 14:37:27]   Goal: (2.90, 0.60)
[2026-01-23 14:37:27]   Latency sweep: 0ms
[2026-01-23 14:37:27] [WAIT] High system load, waiting...
[2026-01-23 14:38:39] [RETRY] Navigation failed, attempting Nav2 recovery and retry...
[2026-01-23 14:40:35] [RETRY] Still failed: nav_fail
[2026-01-23 14:40:35]   Result: nav_fail (FAIL)
[2026-01-23 14:40:35]   Reason: Navigation failed (aborted)
[2026-01-23 14:40:35]   Time: 127.6s
[2026-01-23 14:40:35] 
Trial 45/1515: S3_no_guard_latency_0ms_s2
[2026-01-23 14:40:35]   Goal: (2.90, 0.60)
[2026-01-23 14:40:35]   Latency sweep: 0ms
[2026-01-23 14:40:35] [WAIT] High system load, waiting...
[2026-01-23 14:41:45] [RETRY] Navigation failed, attempting Nav2 recovery and retry...
[2026-01-23 14:43:44] [RETRY] Still failed: nav_fail
[2026-01-23 14:43:44]   Result: nav_fail (FAIL)
[2026-01-23 14:43:44]   Reason: Navigation failed (aborted)
[2026-01-23 14:43:44]   Time: 129.0s
[2026-01-23 14:43:44] 
Trial 46/1515: S3_no_guard_latency_50ms_s0
[2026-01-23 14:43:44]   Goal: (2.90, 0.60)
[2026-01-23 14:43:44]   Latency sweep: 50ms
[2026-01-23 14:43:44] [WAIT] High system load, waiting...
[2026-01-23 14:44:52] [RETRY] Navigation failed, attempting Nav2 recovery and retry...
[2026-01-23 14:46:53] [RETRY] Still failed: nav_fail
[2026-01-23 14:46:53]   Result: nav_fail (FAIL)
[2026-01-23 14:46:53]   Reason: Navigation failed (aborted)
[2026-01-23 14:46:53]   Time: 128.8s
[2026-01-23 14:46:53] 
Trial 47/1515: S3_no_guard_latency_50ms_s1
[2026-01-23 14:46:53]   Goal: (2.90, 0.60)
[2026-01-23 14:46:53]   Latency sweep: 50ms
[2026-01-23 14:46:53] [WAIT] High system load, waiting...
[2026-01-23 14:48:03] [RETRY] Navigation failed, attempting Nav2 recovery and retry...
[2026-01-23 14:49:58] [RETRY] Still failed: nav_fail
[2026-01-23 14:49:58]   Result: nav_fail (FAIL)
[2026-01-23 14:49:58]   Reason: Navigation failed (aborted)
[2026-01-23 14:49:58]   Time: 125.0s
[2026-01-23 14:49:58] 
Trial 48/1515: S3_no_guard_latency_50ms_s2
[2026-01-23 14:49:58]   Goal: (2.90, 0.60)
[2026-01-23 14:49:58]   Latency sweep: 50ms
[2026-01-23 14:49:58] [WAIT] High system load, waiting...
[2026-01-23 14:50:56] [RETRY] Navigation failed, attempting Nav2 recovery and retry...
[2026-01-23 14:53:05] [RETRY] Still failed: nav_fail
[2026-01-23 14:53:05]   Result: nav_fail (FAIL)
[2026-01-23 14:53:05]   Reason: Navigation failed (aborted)
[2026-01-23 14:53:05]   Time: 137.8s
[2026-01-23 14:53:05] 
Trial 49/1515: S3_no_guard_latency_100ms_s0
[2026-01-23 14:53:05]   Goal: (2.90, 0.60)
[2026-01-23 14:53:05]   Latency sweep: 100ms
[2026-01-23 14:53:05] [WAIT] High system load, waiting...
[2026-01-23 14:54:14] [RETRY] Navigation failed, attempting Nav2 recovery and retry...
[2026-01-23 14:56:07] [RETRY] Still failed: nav_fail
[2026-01-23 14:56:07]   Result: nav_fail (FAIL)
[2026-01-23 14:56:07]   Reason: Navigation failed (aborted)
[2026-01-23 14:56:07]   Time: 121.4s
[2026-01-23 14:56:07] 
Trial 50/1515: S3_no_guard_latency_100ms_s1
[2026-01-23 14:56:07]   Goal: (2.90, 0.60)
[2026-01-23 14:56:07]   Latency sweep: 100ms
[2026-01-23 14:56:07] [WAIT] High system load, waiting...
[2026-01-23 14:57:15] [RETRY] Navigation failed, attempting Nav2 recovery and retry...
[2026-01-23 14:59:22] [RETRY] Still failed: nav_fail
[2026-01-23 14:59:22]   Result: nav_fail (FAIL)
[2026-01-23 14:59:22]   Reason: Navigation failed (aborted)
[2026-01-23 14:59:22]   Time: 134.9s
[2026-01-23 14:59:22] 
Trial 51/1515: S3_no_guard_latency_100ms_s2
[2026-01-23 14:59:22]   Goal: (2.90, 0.60)
[2026-01-23 14:59:22]   Latency sweep: 100ms
[2026-01-23 14:59:29] [RETRY] Navigation failed, attempting Nav2 recovery and retry...
[2026-01-23 15:01:27] [RETRY] Still failed: nav_fail
[2026-01-23 15:01:27]   Result: nav_fail (FAIL)
[2026-01-23 15:01:27]   Reason: Navigation failed (aborted)
[2026-01-23 15:01:27]   Time: 125.3s
[2026-01-23 15:01:27] [HEALTH] Periodic health check...
[2026-01-23 15:01:36] [HEALTH] Nav2 unhealthy, recovering...
[2026-01-23 15:04:22] 
Trial 52/1515: S3_no_guard_latency_150ms_s0
[2026-01-23 15:04:22]   Goal: (2.90, 0.60)
[2026-01-23 15:04:22]   Latency sweep: 150ms
[2026-01-23 15:04:29] [RETRY] Navigation failed, attempting Nav2 recovery and retry...
[2026-01-23 15:06:36] [RETRY] Still failed: nav_fail
[2026-01-23 15:06:36]   Result: nav_fail (FAIL)
[2026-01-23 15:06:36]   Reason: Navigation failed (aborted)
[2026-01-23 15:06:36]   Time: 133.5s
[2026-01-23 15:06:36] 
Trial 53/1515: S3_no_guard_latency_150ms_s1
[2026-01-23 15:06:36]   Goal: (2.90, 0.60)
[2026-01-23 15:06:36]   Latency sweep: 150ms
[2026-01-23 15:06:36] [WAIT] High system load, waiting...
[2026-01-23 15:07:41] [RETRY] Navigation failed, attempting Nav2 recovery and retry...
[2026-01-23 15:09:48] [RETRY] Still failed: nav_fail
[2026-01-23 15:09:48]   Result: nav_fail (FAIL)
[2026-01-23 15:09:48]   Reason: Navigation failed (aborted)
[2026-01-23 15:09:48]   Time: 137.4s
[2026-01-23 15:09:48] 
Trial 54/1515: S3_no_guard_latency_150ms_s2
[2026-01-23 15:09:48]   Goal: (2.90, 0.60)
[2026-01-23 15:09:48]   Latency sweep: 150ms
[2026-01-23 15:09:48] [WAIT] High system load, waiting...
[2026-01-23 15:10:56] [RETRY] Navigation failed, attempting Nav2 recovery and retry...
[2026-01-23 15:12:48] [RETRY] Still failed: nav_fail
[2026-01-23 15:12:48]   Result: nav_fail (FAIL)
[2026-01-23 15:12:48]   Reason: Navigation failed (aborted)
[2026-01-23 15:12:48]   Time: 119.6s
[2026-01-23 15:12:48] 
Trial 55/1515: S3_no_guard_latency_200ms_s0
[2026-01-23 15:12:48]   Goal: (2.90, 0.60)
[2026-01-23 15:12:48]   Latency sweep: 200ms
[2026-01-23 15:12:48] [WAIT] High system load, waiting...
[2026-01-23 15:13:56] [RETRY] Navigation failed, attempting Nav2 recovery and retry...
[2026-01-23 15:15:56] [RETRY] Still failed: nav_fail
[2026-01-23 15:15:56]   Result: nav_fail (FAIL)
[2026-01-23 15:15:56]   Reason: Navigation failed (aborted)
[2026-01-23 15:15:56]   Time: 127.7s
[2026-01-23 15:15:56] 
Trial 56/1515: S3_no_guard_latency_200ms_s1
[2026-01-23 15:15:56]   Goal: (2.90, 0.60)
[2026-01-23 15:15:56]   Latency sweep: 200ms
[2026-01-23 15:15:56] [WAIT] High system load, waiting...
[2026-01-23 15:17:04] [RETRY] Navigation failed, attempting Nav2 recovery and retry...
[2026-01-23 15:18:59] [RETRY] Still failed: nav_fail
[2026-01-23 15:18:59]   Result: nav_fail (FAIL)
[2026-01-23 15:18:59]   Reason: Navigation failed (aborted)
[2026-01-23 15:18:59]   Time: 123.7s
[2026-01-23 15:18:59] 
Trial 57/1515: S3_no_guard_latency_200ms_s2
[2026-01-23 15:18:59]   Goal: (2.90, 0.60)
[2026-01-23 15:18:59]   Latency sweep: 200ms
[2026-01-23 15:19:05] [RETRY] Navigation failed, attempting Nav2 recovery and retry...
[2026-01-23 15:21:52] [RETRY] Still failed: nav_fail
[2026-01-23 15:21:52]   Result: nav_fail (FAIL)
[2026-01-23 15:21:52]   Reason: Navigation failed (aborted)
[2026-01-23 15:21:52]   Time: 172.5s
[2026-01-23 15:21:52] 
Trial 58/1515: S3_no_guard_latency_250ms_s0
[2026-01-23 15:21:52]   Goal: (2.90, 0.60)
[2026-01-23 15:21:52]   Latency sweep: 250ms
[2026-01-23 15:21:52] [WAIT] High system load, waiting...
[2026-01-23 15:22:33] [RETRY] Navigation failed, attempting Nav2 recovery and retry...
[2026-01-23 15:24:36] [RETRY] Still failed: nav_fail
[2026-01-23 15:24:36]   Result: nav_fail (FAIL)
[2026-01-23 15:24:36]   Reason: Navigation failed (aborted)
[2026-01-23 15:24:36]   Time: 129.2s
[2026-01-23 15:24:36] 
Trial 59/1515: S3_no_guard_latency_250ms_s1
[2026-01-23 15:24:36]   Goal: (2.90, 0.60)
[2026-01-23 15:24:36]   Latency sweep: 250ms
[2026-01-23 15:24:36] [WAIT] High system load, waiting...
[2026-01-23 15:25:45] [RETRY] Navigation failed, attempting Nav2 recovery and retry...
[2026-01-23 15:27:36] [RETRY] Still failed: nav_fail
[2026-01-23 15:27:36]   Result: nav_fail (FAIL)
[2026-01-23 15:27:36]   Reason: Navigation failed (aborted)
[2026-01-23 15:27:36]   Time: 120.1s
[2026-01-23 15:27:36] 
Trial 60/1515: S3_no_guard_latency_250ms_s2
[2026-01-23 15:27:36]   Goal: (2.90, 0.60)
[2026-01-23 15:27:36]   Latency sweep: 250ms
[2026-01-23 15:27:42] [RETRY] Navigation failed, attempting Nav2 recovery and retry...
[2026-01-23 15:29:13] ============================================================
[2026-01-23 15:29:13] Starting Gazebo S1-S6 Experiment
[2026-01-23 15:29:13] ============================================================
[2026-01-23 15:29:15] 
============================================================
[2026-01-23 15:29:15] Method: no_guard
[2026-01-23 15:29:15] ============================================================
[2026-01-23 15:31:45] 
Trial 1/540: S1_no_guard_inside_zone_s0
[2026-01-23 15:31:45]   Goal: (2.30, 0.60)
[2026-01-23 15:31:45]   Inside zone_A - all should reject
[2026-01-23 15:31:45] [WAIT] High system load, waiting...
[2026-01-23 15:32:52] [RETRY] Navigation failed, attempting Nav2 recovery and retry...
[2026-01-23 15:34:57] [RETRY] Success! New decision: allow
[2026-01-23 15:34:57]   Result: allow (FAIL)
[2026-01-23 15:34:57]   Reason: Goal reached successfully
[2026-01-23 15:34:57]   Time: 18.7s
[2026-01-23 15:34:57] 
Trial 2/540: S1_no_guard_inside_zone_s1
[2026-01-23 15:34:57]   Goal: (2.30, 0.60)
[2026-01-23 15:34:57]   Inside zone_A - all should reject
[2026-01-23 15:34:57] [WAIT] High system load, waiting...
[2026-01-23 15:36:18]   Result: allow (FAIL)
[2026-01-23 15:36:18]   Reason: Goal reached successfully
[2026-01-23 15:36:18]   Time: 21.4s
[2026-01-23 15:36:18] 
Trial 3/540: S1_no_guard_inside_zone_s2
[2026-01-23 15:36:18]   Goal: (2.30, 0.60)
[2026-01-23 15:36:18]   Inside zone_A - all should reject
[2026-01-23 15:36:18] [WAIT] High system load, waiting...
[2026-01-23 15:37:44]   Result: allow (FAIL)
[2026-01-23 15:37:44]   Reason: Goal reached successfully
[2026-01-23 15:37:44]   Time: 26.1s
[2026-01-23 15:37:44] 
Trial 4/540: S1_no_guard_boundary_0.4m_s0
[2026-01-23 15:37:44]   Goal: (1.10, 0.60)
[2026-01-23 15:37:44]   CBF allows (>0.3m), Geofence rejects (<0.55m)
[2026-01-23 15:37:44] [WAIT] High system load, waiting...
[2026-01-23 15:39:02]   Result: allow (PASS)
[2026-01-23 15:39:02]   Reason: Goal reached successfully
[2026-01-23 15:39:02]   Time: 17.6s
[2026-01-23 15:39:02] 
Trial 5/540: S1_no_guard_boundary_0.4m_s1
[2026-01-23 15:39:02]   Goal: (1.10, 0.60)
[2026-01-23 15:39:02]   CBF allows (>0.3m), Geofence rejects (<0.55m)
[2026-01-23 15:39:02] [WAIT] High system load, waiting...
[2026-01-23 15:40:15]   Result: allow (PASS)
[2026-01-23 15:40:15]   Reason: Goal reached successfully
[2026-01-23 15:40:15]   Time: 13.2s
[2026-01-23 15:40:15] 
Trial 6/540: S1_no_guard_boundary_0.4m_s2
[2026-01-23 15:40:15]   Goal: (1.10, 0.60)
[2026-01-23 15:40:15]   CBF allows (>0.3m), Geofence rejects (<0.55m)
[2026-01-23 15:40:15] [WAIT] High system load, waiting...
[2026-01-23 15:40:50]   Result: allow (PASS)
[2026-01-23 15:40:50]   Reason: Goal reached successfully
[2026-01-23 15:40:50]   Time: 15.3s
[2026-01-23 15:40:50] 
Trial 7/540: S1_no_guard_ssm_vuln_v0.1_s0
[2026-01-23 15:40:50]   Goal: (1.20, 0.60)
[2026-01-23 15:40:50]   SSM allows at v=0.1 (margin=0.235m)
[2026-01-23 15:40:50] [WAIT] High system load, waiting...
[2026-01-23 15:42:06]   Result: allow (PASS)
[2026-01-23 15:42:06]   Reason: Goal reached successfully
[2026-01-23 15:42:06]   Time: 15.6s
[2026-01-23 15:42:06] 
Trial 8/540: S1_no_guard_ssm_vuln_v0.1_s1
[2026-01-23 15:42:06]   Goal: (1.20, 0.60)
[2026-01-23 15:42:06]   SSM allows at v=0.1 (margin=0.235m)
[2026-01-23 15:42:06] [WAIT] High system load, waiting...
[2026-01-23 15:43:23]   Result: allow (PASS)
[2026-01-23 15:43:23]   Reason: Goal reached successfully
[2026-01-23 15:43:23]   Time: 16.8s
[2026-01-23 15:43:23] 
Trial 9/540: S1_no_guard_ssm_vuln_v0.1_s2
[2026-01-23 15:43:23]   Goal: (1.20, 0.60)
[2026-01-23 15:43:23]   SSM allows at v=0.1 (margin=0.235m)
[2026-01-23 15:43:23] [WAIT] High system load, waiting...
[2026-01-23 15:44:40]   Result: allow (PASS)
[2026-01-23 15:44:40]   Reason: Goal reached successfully
[2026-01-23 15:44:40]   Time: 17.3s
[2026-01-23 15:44:40] 
Trial 10/540: S1_no_guard_ssm_safe_v0.5_s0
[2026-01-23 15:44:40]   Goal: (1.20, 0.60)
[2026-01-23 15:44:40]   SSM rejects at v=0.5 (margin=0.475m)
[2026-01-23 15:44:53]   Result: allow (PASS)
[2026-01-23 15:44:53]   Reason: Goal reached successfully
[2026-01-23 15:44:53]   Time: 13.3s
[2026-01-23 15:44:53] 
Trial 11/540: S1_no_guard_ssm_safe_v0.5_s1
[2026-01-23 15:44:53]   Goal: (1.20, 0.60)
[2026-01-23 15:44:53]   SSM rejects at v=0.5 (margin=0.475m)
[2026-01-23 15:45:11]   Result: allow (PASS)
[2026-01-23 15:45:11]   Reason: Goal reached successfully
[2026-01-23 15:45:11]   Time: 17.8s
[2026-01-23 15:45:11] [HEALTH] Periodic health check...
[2026-01-23 15:45:18] 
Trial 12/540: S1_no_guard_ssm_safe_v0.5_s2
[2026-01-23 15:45:18]   Goal: (1.20, 0.60)
[2026-01-23 15:45:18]   SSM rejects at v=0.5 (margin=0.475m)
[2026-01-23 15:45:28]   Result: allow (PASS)
[2026-01-23 15:45:28]   Reason: Goal reached successfully
[2026-01-23 15:45:28]   Time: 9.9s
[2026-01-23 15:45:28] 
Trial 13/540: S1_no_guard_no_barrier_s0
[2026-01-23 15:45:28]   Goal: (2.30, 0.60)
[2026-01-23 15:45:28]   SSM/CBF cannot detect logical zones
[2026-01-23 15:45:28] [WAIT] High system load, waiting...
[2026-01-23 15:46:50]   Result: allow (FAIL)
[2026-01-23 15:46:50]   Reason: Goal reached successfully
[2026-01-23 15:46:50]   Time: 21.5s
[2026-01-23 15:46:50] 
Trial 14/540: S1_no_guard_no_barrier_s1
[2026-01-23 15:46:50]   Goal: (2.30, 0.60)
[2026-01-23 15:46:50]   SSM/CBF cannot detect logical zones
[2026-01-23 15:46:50] [WAIT] High system load, waiting...
[2026-01-23 15:48:04]   Result: allow (FAIL)
[2026-01-23 15:48:04]   Reason: Goal reached successfully
[2026-01-23 15:48:04]   Time: 19.4s
[2026-01-23 15:48:04] 
Trial 15/540: S1_no_guard_no_barrier_s2
[2026-01-23 15:48:04]   Goal: (2.30, 0.60)
[2026-01-23 15:48:04]   SSM/CBF cannot detect logical zones
[2026-01-23 15:48:22]   Result: allow (FAIL)
[2026-01-23 15:48:22]   Reason: Goal reached successfully
[2026-01-23 15:48:22]   Time: 18.3s
[2026-01-23 15:48:22] 
Trial 16/540: S1_no_guard_high_sigma_0.5_s0
[2026-01-23 15:48:22]   Goal: (1.00, 0.60)
[2026-01-23 15:48:22]   High uncertainty - Geofence adapts margin
[2026-01-23 15:48:22] [WAIT] High system load, waiting...
[2026-01-23 15:49:37]   Result: allow (PASS)
[2026-01-23 15:49:37]   Reason: Goal reached successfully
[2026-01-23 15:49:37]   Time: 14.6s
[2026-01-23 15:49:37] 
Trial 17/540: S1_no_guard_high_sigma_0.5_s1
[2026-01-23 15:49:37]   Goal: (1.00, 0.60)
[2026-01-23 15:49:37]   High uncertainty - Geofence adapts margin
[2026-01-23 15:49:50]   Result: allow (PASS)
[2026-01-23 15:49:50]   Reason: Goal reached successfully
[2026-01-23 15:49:50]   Time: 13.4s
[2026-01-23 15:49:50] 
Trial 18/540: S1_no_guard_high_sigma_0.5_s2
[2026-01-23 15:49:50]   Goal: (1.00, 0.60)
[2026-01-23 15:49:50]   High uncertainty - Geofence adapts margin
[2026-01-23 15:50:15] [RETRY] Navigation failed, attempting Nav2 recovery and retry...
[2026-01-23 15:52:12] [RETRY] Success! New decision: allow
[2026-01-23 15:52:12]   Result: allow (PASS)
[2026-01-23 15:52:12]   Reason: Goal reached successfully
[2026-01-23 15:52:12]   Time: 12.2s
[2026-01-23 15:52:12] 
Trial 19/540: S1_no_guard_extreme_sigma_1.0_s0
[2026-01-23 15:52:12]   Goal: (0.50, 0.60)
[2026-01-23 15:52:12]   Extreme uncertainty σ=1.0m
[2026-01-23 15:52:12] [WAIT] High system load, waiting...
[2026-01-23 15:53:53] [RETRY] Navigation failed, attempting Nav2 recovery and retry...
[2026-01-23 15:55:50] [RETRY] Still failed: nav_fail
[2026-01-23 15:55:50]   Result: nav_fail (FAIL)
[2026-01-23 15:55:50]   Reason: Navigation failed (aborted)
[2026-01-23 15:55:50]   Time: 157.9s
[2026-01-23 15:55:50] 
Trial 20/540: S1_no_guard_extreme_sigma_1.0_s1
[2026-01-23 15:55:50]   Goal: (0.50, 0.60)
[2026-01-23 15:55:50]   Extreme uncertainty σ=1.0m
[2026-01-23 15:55:50] [WAIT] High system load, waiting...
[2026-01-23 15:56:58] [RETRY] Navigation failed, attempting Nav2 recovery and retry...
[2026-01-23 15:59:58] [RETRY] Still failed: timeout
[2026-01-23 15:59:58]   Result: nav_fail (FAIL)
[2026-01-23 15:59:58]   Reason: Navigation failed (aborted)
[2026-01-23 15:59:58]   Time: 187.7s
[2026-01-23 15:59:58] 
Trial 21/540: S1_no_guard_extreme_sigma_1.0_s2
[2026-01-23 15:59:58]   Goal: (0.50, 0.60)
[2026-01-23 15:59:58]   Extreme uncertainty σ=1.0m
[2026-01-23 15:59:58] [WAIT] High system load, waiting...
[2026-01-23 16:02:04]   Result: timeout (FAIL)
[2026-01-23 16:02:04]   Reason: Goal timed out after 60s
[2026-01-23 16:02:04]   Time: 66.5s
[2026-01-23 16:02:04] [HEALTH] Periodic health check...
[2026-01-23 16:03:10] 
Trial 22/540: S2_no_guard_3_steps_s0
[2026-01-23 16:03:10]   Goal: (1.50, 0.60)
[2026-01-23 16:03:10]   3 steps toward zone_A boundary
[2026-01-23 16:03:10] [WAIT] High system load, waiting...
[2026-01-23 16:05:14]   Result: timeout (FAIL)
[2026-01-23 16:05:14]   Reason: Goal timed out after 60s
[2026-01-23 16:05:14]   Time: 64.1s
[2026-01-23 16:05:14] 
Trial 23/540: S2_no_guard_3_steps_s1
[2026-01-23 16:05:14]   Goal: (1.50, 0.60)
[2026-01-23 16:05:14]   3 steps toward zone_A boundary
[2026-01-23 16:05:14] [WAIT] High system load, waiting...
[2026-01-23 16:07:20]   Result: timeout (FAIL)
[2026-01-23 16:07:20]   Reason: Goal timed out after 60s
[2026-01-23 16:07:20]   Time: 65.3s
[2026-01-23 16:07:20] 
Trial 24/540: S2_no_guard_3_steps_s2
[2026-01-23 16:07:20]   Goal: (1.50, 0.60)
[2026-01-23 16:07:20]   3 steps toward zone_A boundary
[2026-01-23 16:07:20] [WAIT] High system load, waiting...
[2026-01-23 16:09:26]   Result: timeout (FAIL)
[2026-01-23 16:09:26]   Reason: Goal timed out after 60s
[2026-01-23 16:09:26]   Time: 66.8s
[2026-01-23 16:09:26] 
Trial 25/540: S2_no_guard_boundary_probe_s0
[2026-01-23 16:09:26]   Goal: (1.10, 0.60)
[2026-01-23 16:09:26]   Probe boundary with sequential requests
[2026-01-23 16:09:26] [WAIT] High system load, waiting...
[2026-01-23 16:11:32]   Result: timeout (FAIL)
[2026-01-23 16:11:32]   Reason: Goal timed out after 60s
[2026-01-23 16:11:32]   Time: 65.5s
[2026-01-23 16:11:32] 
Trial 26/540: S2_no_guard_boundary_probe_s1
[2026-01-23 16:11:32]   Goal: (1.10, 0.60)
[2026-01-23 16:11:32]   Probe boundary with sequential requests
[2026-01-23 16:11:32] [WAIT] High system load, waiting...
[2026-01-23 16:13:37]   Result: timeout (FAIL)
[2026-01-23 16:13:37]   Reason: Goal timed out after 60s
[2026-01-23 16:13:37]   Time: 65.2s
[2026-01-23 16:13:37] 
Trial 27/540: S2_no_guard_boundary_probe_s2
[2026-01-23 16:13:37]   Goal: (1.10, 0.60)
[2026-01-23 16:13:37]   Probe boundary with sequential requests
[2026-01-23 16:13:37] [WAIT] High system load, waiting...
[2026-01-23 16:15:42]   Result: timeout (FAIL)
[2026-01-23 16:15:42]   Reason: Goal timed out after 60s
[2026-01-23 16:15:42]   Time: 64.7s
[2026-01-23 16:15:42] 
Trial 28/540: S2_no_guard_fine_grained_s0
[2026-01-23 16:15:42]   Goal: (1.50, 0.60)
[2026-01-23 16:15:42]   Fine-grained steps (5cm each)
[2026-01-23 16:15:42] [WAIT] High system load, waiting...
[2026-01-23 16:16:54] 
[INTERRUPTED] Saving checkpoint...
[2026-01-23 16:17:04] 
============================================================
[2026-01-23 16:17:04] SUMMARY BY METHOD
[2026-01-23 16:17:04] ============================================================
[2026-01-23 16:17:04] 
============================================================
[2026-01-23 16:17:04] Experiment Complete!
[2026-01-23 16:17:04] ============================================================
